symbol,bar_time,high,low,open,close,volume,volume_average,ema_9,ema_20,vwap,macd,histogram,signal_line
LASE,2026-06-02 19:59:00,3.0,2.96,2.985,2.965,97578.0,67347.8,2.985416915810287,2.987051838751271,1.9854510215877639,0.0008809757353933634,-0.005598949478233174,0.0064799252136265376
LASE,2026-06-02 19:58:00,3.0,2.98,2.9901,2.985,74018.0,64083.75,2.990521144762859,2.989373084935615,1.9851052344256,0.0031991184590260957,-0.004343394306254961,0.007542512765281057
LASE,2026-06-02 19:57:00,3.0,2.98,2.98,2.9999,74612.0,61227.05,2.991901430953573,2.9898334096656796,1.9848392404352164,0.004075015266876925,-0.004171006030172425,0.00824602129704935
LASE,2026-06-02 19:56:00,2.99,2.96,2.9797,2.97,113418.0,57967.5,2.9899017886919665,2.988773768577856,1.9845696412569558,0.003616614243197258,-0.0051935794518974555,0.008810193695094714
LASE,2026-06-02 19:55:00,2.99,2.97,2.99,2.9702,78946.0,53050.35,2.9948772358649585,2.9907499547439462,1.9841676636147267,0.006023286183981291,-0.003530670594912088,0.00955395677889338
LASE,2026-06-02 19:54:00,2.9997,2.98,2.99,2.99,24969.0,52177.35,3.0010465448311976,2.9929131078748874,1.9838867067174732,0.008987099662087772,-0.0007414046471813165,0.009728504309269088
LASE,2026-06-02 19:53:00,3.02,3.0,3.01,3.0,66288.0,56449.4,3.003808181038997,2.9932197508090863,1.9837966338333028,0.010623281960877584,0.001307202098750555,0.00931607986212703
LASE,2026-06-02 19:52:00,3.02,3.01,3.01,3.01,46714.0,54184.4,3.0047602262987456,2.9925060403679375,1.9835534426563926,0.011538943266447,0.003178915001717384,0.008360028264729615
LASE,2026-06-02 19:51:00,3.02,3.01,3.0199,3.01,7243.0,52900.45,3.003450282873432,2.9906645709329838,1.9833808760820972,0.011521639067134437,0.004435601919054792,0.007086037148079645
LASE,2026-06-02 19:50:00,3.02,3.0,3.0002,3.0197,27039.0,54524.0,3.0018128535917903,2.98862926261014,1.9833541144767315,0.011331965139035116,0.005703558405027485,0.0056284067340076314
LASE,2026-06-02 19:49:00,3.05,2.98,2.99,3.0,68546.0,57275.75,2.997341066989738,2.985358658674365,1.983254207561944,0.009937407286965794,0.006088651914767398,0.0038487553721983955
LASE,2026-06-02 19:48:00,3.03,2.99,3.02,2.99,40915.0,61168.55,2.996676333737172,2.983817464850614,1.983001644117373,0.010018718431605844,0.007643738350459728,0.0023749800811461164
LASE,2026-06-02 19:47:00,3.05,3.02,3.0387,3.0205,55914.0,61029.0,2.998345417171465,2.9831666716769947,1.9828518091611418,0.010994956024486857,0.01001519025742373,0.000979765767063127
LASE,2026-06-02 19:46:00,3.04,3.0,3.0001,3.04,36207.0,62456.1,2.9928067714643305,2.9792368476429942,1.982641589077011,0.008975609009952201,0.009864430550284216,-0.000888821540332015
LASE,2026-06-02 19:45:00,3.07,2.98,3.0002,3.0,244828.0,61371.45,2.981008464330413,2.9728407263422567,1.9825058714355608,0.00428217905307493,0.0071256146251681765,-0.002843435572093246
LASE,2026-06-02 19:44:00,3.02,2.98,2.99,3.01,116434.0,50717.85,2.9762605804130158,2.9699818554309156,1.9815960337887888,0.0023020967582523255,0.006331900833674217,-0.0040298040754218915
LASE,2026-06-02 19:43:00,2.99,2.97,2.975,2.98,52623.0,46240.45,2.9678257255162697,2.9657694191604858,1.981168357116805,-0.0012768751418050783,0.003959662329697662,-0.00523653747150274
LASE,2026-06-02 19:42:00,2.98,2.97,2.9705,2.98,21270.0,43957.15,2.9647821568953368,2.964271463282642,1.9809793637512536,-0.0027718265467244763,0.003046349490129904,-0.00581817603685438
LASE,2026-06-02 19:41:00,2.9799,2.95,2.95,2.9799,53388.0,44132.35,2.9609776961191705,2.9626158278387096,1.980903208064609,-0.004639610681051565,0.0015648045035277797,-0.0062044151845793444
LASE,2026-06-02 19:40:00,2.96,2.94,2.955,2.95,46006.0,45956.4,2.956247120148963,2.960796441295416,1.980713297801691,-0.006945915366232125,-0.0004304009812413599,-0.006515514384990765
LASE,2026-06-02 19:39:00,2.9597,2.94,2.9597,2.955,32297.0,46073.5,2.9578089001862033,2.961932908800197,1.980552886907453,-0.0067442036681724105,-3.992775609912638e-06,-0.006740210892562498
LASE,2026-06-02 19:38:00,2.96,2.95,2.9597,2.96,16884.0,46970.8,2.9585111252327536,2.962662688673902,1.980440061953287,-0.006897739592929053,0.00045252733005215866,-0.007350266922981212
LASE,2026-06-02 19:37:00,2.96,2.95,2.955,2.95,9421.0,48428.5,2.958138906540942,2.962942971692207,1.980380759869683,-0.0075024674155401705,0.0008023681502149788,-0.00830483556575515
LASE,2026-06-02 19:36:00,2.9687,2.95,2.9687,2.95,15075.0,49245.5,2.9601736331761765,2.9643053897650713,1.9803477801191745,-0.007147011401265058,0.001870756795664067,-0.009017768196929125
LASE,2026-06-02 19:35:00,2.96,2.94,2.95,2.96,61486.0,51485.7,2.9627170414702206,2.9658112202666578,1.9802948456628138,-0.0065893637408440675,0.003026188103272494,-0.009615551844116561
LASE,2026-06-02 19:34:00,2.96,2.94,2.9503,2.95,110410.0,52881.95,2.9633963018377756,2.966422927663148,1.9800795255494357,-0.00679993907258547,0.003642375872572304,-0.010442314945157774
LASE,2026-06-02 19:33:00,2.97,2.95,2.97,2.95,20988.0,51115.2,2.9667453772972188,2.968151656890848,1.9796939624312178,-0.00595161974586178,0.005283641178351988,-0.011235260924213768
LASE,2026-06-02 19:32:00,3.01,2.97,3.01,2.97,21035.0,53461.85,2.9709317216215236,2.9700623576162006,1.9796201316861184,-0.004782286790721457,0.007211134519175547,-0.011993421309897005
LASE,2026-06-02 19:31:00,3.02,2.98,2.99,3.0087,39714.0,56402.8,2.971164652026904,2.9700689215758005,1.9795441045181421,-0.005256595829204347,0.007846831739770207,-0.013103427568974554
LASE,2026-06-02 19:30:00,3.03,2.97,2.98,2.9903,82074.0,57908.5,2.96178081503363,2.9660024922679904,1.9793977355201173,-0.00972589069898877,0.00495102631642739,-0.01467691701541616
LASE,2026-06-02 19:29:00,2.99,2.93,2.94,2.98,146402.0,59490.1,2.954651018792038,2.9634448598751475,1.9790969262375981,-0.01341541410443714,0.0022264338801725285,-0.01564184798460967
LASE,2026-06-02 19:28:00,2.9599,2.93,2.94,2.93,38124.0,57077.1,2.948313773490047,2.9617022135462157,1.9785757902535177,-0.016880727045871957,-0.0006255496050051636,-0.016255177440866794
LASE,2026-06-02 19:27:00,2.97,2.93,2.96,2.93,84456.0,58345.8,2.9528922168625584,2.9650392886563433,1.9784436623884212,-0.015967279534091272,0.00017812876109684836,-0.01614540829518812
LASE,2026-06-02 19:26:00,2.97,2.96,2.96,2.96,14514.0,57780.15,2.958615271078198,2.968727634830695,1.9781498051650235,-0.014569137007649946,0.001563343841143927,-0.016132480848793873
LASE,2026-06-02 19:25:00,2.97,2.94,2.94,2.9603,31756.0,62220.15,2.9582690888477474,2.9696463332339262,1.9780982401443516,-0.015627229462880976,0.0007745010369367283,-0.016401730499817704
LASE,2026-06-02 19:24:00,2.9697,2.94,2.9697,2.94,26886.0,64320.8,2.957761361059684,2.970630157784866,1.9779861513897294,-0.016780980495370024,-0.00027076621793994254,-0.01651021427743008
LASE,2026-06-02 19:23:00,2.97,2.96,2.96,2.96,6957.0,68438.35,2.962201701324605,2.973854384920115,1.9778918980489997,-0.01594259027872358,-3.794669240863441e-05,-0.015904643586314944
LASE,2026-06-02 19:22:00,2.98,2.93,2.93,2.96,24774.0,71995.5,2.962752126655756,2.9753127412274956,1.9778671690516199,-0.016676970907240296,-0.001101428323891122,-0.015575542583349174
LASE,2026-06-02 19:21:00,2.96,2.93,2.95,2.94,89869.0,86544.75,2.963440158319695,2.9769246087251267,1.9777796943705332,-0.01737173351444188,-0.0023522917801308933,-0.015019441734310985
LASE,2026-06-02 19:20:00,2.98,2.95,2.97,2.96,48348.0,94918.85,2.9693001978996185,2.9808114096435614,1.977466568011182,-0.01596945984560527,-0.001922617094949666,-0.014046842750655606
LASE,2026-06-02 19:19:00,2.97,2.94,2.9696,2.97,50243.0,106765.8,2.971625247374523,2.9830020843428837,1.9772945373610562,-0.015983729310536265,-0.002251281116806246,-0.01373244819373002
LASE,2026-06-02 19:18:00,2.97,2.95,2.95,2.97,46038.0,111235.4,2.972031559218154,2.9843707248000295,1.9771163049078992,-0.016787633546712755,-0.002457019914721038,-0.014330613631991717
LASE,2026-06-02 19:17:00,2.97,2.94,2.96,2.95,25761.0,111326.45,2.972539449022692,2.9858834326737167,1.9769523784789205,-0.017569523920207608,-0.0021408486604514894,-0.015428675259756119
LASE,2026-06-02 19:16:00,2.96,2.93,2.93,2.96,59879.0,111637.8,2.9781743112783645,2.9896606361130553,1.9768615582808413,-0.016275580012629298,0.00036369095329110215,-0.0166392709659204
LASE,2026-06-02 19:15:00,2.99,2.92,2.99,2.93,89411.0,111050.3,2.9827178890979553,2.992782808335482,1.976651110910188,-0.015405483170408907,0.0031930839898547878,-0.018598567160263695
LASE,2026-06-02 19:14:00,2.995,2.97,2.98,2.9896,75075.0,111039.25,2.9958973613724442,2.9993915250023746,1.9763377792719354,-0.011016297991132795,0.009563630082327239,-0.020579928073460034
LASE,2026-06-02 19:13:00,2.99,2.95,2.99,2.97,67921.0,108875.55,2.997471701715555,3.00042221184473,1.9760641666744572,-0.011322228209712737,0.012342565202794854,-0.02366479341250759
LASE,2026-06-02 19:12:00,3.04,2.9801,3.04,2.9801,79854.0,110667.4,3.004339627144444,3.003624549933649,1.9758201489154597,-0.009552383096558703,0.01685304750512096,-0.02640543060167966
LASE,2026-06-02 19:11:00,3.08,3.0302,3.07,3.04,69828.0,109304.35,3.010399533930554,3.0061008183477176,1.975524425605114,-0.00818283703436462,0.021077040993146945,-0.029259878027511566
LASE,2026-06-02 19:10:00,3.08,3.02,3.02,3.08,113706.0,108295.05,3.0029994174131924,3.0025324834369513,1.9752530647840718,-0.012414684249028696,0.020196629660993143,-0.03261131391002184
LASE,2026-06-02 19:09:00,3.04,2.99,3.0,3.03,98142.0,107383.25,2.98374927176649,2.994378008009262,1.9748068083496124,-0.021708210195759747,0.013801357715106224,-0.03550956791086597
LASE,2026-06-02 19:08:00,3.0099,2.97,3.0099,2.9987,63498.0,104886.55,2.972186589708113,2.9906283246418157,1.9744355481526956,-0.028163463892193707,0.008243574703066234,-0.03640703859525994
LASE,2026-06-02 19:07:00,3.02,2.9679,2.9699,3.01,73143.0,104273.95,2.9655582371351406,2.9897786746041124,1.974201438973261,-0.032806155499028655,0.003138683703330855,-0.03594483920235951
LASE,2026-06-02 19:06:00,3.0,2.94,2.94,2.97,103314.0,102326.6,2.9544477964189255,2.9876501140361245,1.9739299325303508,-0.03940528325176684,-0.004344913582117374,-0.03506036966964947
LASE,2026-06-02 19:05:00,2.9513,2.9,2.9,2.95,73769.0,106461.65,2.950559745523657,2.989508020776769,1.9735571519177562,-0.04318227491796289,-0.010032294162227964,-0.03314998075573493
LASE,2026-06-02 19:04:00,2.95,2.87,2.9202,2.9199,109237.0,104676.65,2.950699681904571,2.993666759805903,1.9733004907160725,-0.04533862028219282,-0.014611394227977925,-0.030727226054214896
LASE,2026-06-02 19:03:00,2.93,2.9,2.92,2.9287,78100.0,102375.25,2.9583996023807138,3.0014316818907343,1.9729282793363916,-0.04436670297934109,-0.016342693991814546,-0.028024008987526543
LASE,2026-06-02 19:02:00,2.92,2.87,2.8903,2.92,315759.0,103649.45,2.965824502975892,3.0090876484055484,1.9726602080070077,-0.04337684921491025,-0.017752713777775497,-0.025624135437134755
LASE,2026-06-02 19:01:00,2.91,2.88,2.8904,2.89,257351.0,93898.65,2.977280628719865,3.0184652956061324,1.971593450651332,-0.040596681694275105,-0.017137455114281386,-0.02345922657999372
LASE,2026-06-02 19:00:00,2.97,2.88,2.9497,2.89,285287.0,87202.85,2.999100785899831,3.031987958301515,1.9707315585893899,-0.03340313432511133,-0.012120667032628062,-0.021282467292483266
LASE,2026-06-02 18:59:00,3.01,2.93,3.0,2.95,139635.0,84499.35,3.0263759823747884,3.0469340591753586,1.9697534675307087,-0.023735688274649558,-0.004093039734398594,-0.019642648540250964
LASE,2026-06-02 18:58:00,3.04,3.0,3.04,3.0098,47859.0,92669.85,3.045469977968485,3.0571376443517124,1.9692485891761125,-0.017160356213520078,0.0022304447365285064,-0.019390800950048585
LASE,2026-06-02 18:57:00,3.06,3.02,3.06,3.03,31988.0,96502.4,3.054387472460606,3.0621205542834713,1.9690661486288443,-0.014606963565118036,0.005580905921637149,-0.020187869486755185
LASE,2026-06-02 18:56:00,3.1,3.05,3.08,3.05,48129.0,99199.6,3.060484340575757,3.065501665260679,1.968941837000878,-0.01319216838748316,0.008142519768335812,-0.021334688155818973
LASE,2026-06-02 18:55:00,3.08,3.01,3.07,3.08,89190.0,99170.2,3.063105425719696,3.0671334194986453,1.968749486948124,-0.013230852820575123,0.009751427820885464,-0.022982280641460587
LASE,2026-06-02 18:54:00,3.09,3.07,3.09,3.07,31801.0,96769.45,3.0588817821496197,3.0657790426037654,1.9683961044558114,-0.016142324910513484,0.008766978987128603,-0.024909303897642086
LASE,2026-06-02 18:53:00,3.1,3.07,3.07,3.08,103758.0,98361.0,3.0561022276870244,3.0653347312988988,1.968267732574228,-0.018605442742972045,0.008245457730816284,-0.02685090047378833
LASE,2026-06-02 18:52:00,3.06,3.03,3.05,3.06,52593.0,95013.8,3.05012778460878,3.063791018804046,1.967846162762434,-0.022496833972867503,0.006464317477482363,-0.028961151450349866
LASE,2026-06-02 18:51:00,3.06,3.03,3.06,3.05,49642.0,95960.9,3.0476597307609747,3.064190073414998,1.9676387441731618,-0.025100073921237254,0.006088019501938886,-0.03118809342317614
LASE,2026-06-02 18:50:00,3.06,3.02,3.0301,3.05,95470.0,97274.35,3.0470746634512182,3.065683765353419,1.967443494075447,-0.027039480925575177,0.006424223943630812,-0.03346370486920599
LASE,2026-06-02 18:49:00,3.04,3.01,3.0303,3.03,48208.0,97290.6,3.0463433293140225,3.0673346880222,1.9670689566725148,-0.029121567961284622,0.006759899810029071,-0.035881467771313694
LASE,2026-06-02 18:48:00,3.06,3.03,3.06,3.0313,51246.0,101445.35,3.050429161642528,3.071264655182431,1.9668826634993168,-0.02931911806197185,0.00826658412065133,-0.03758570218262318
LASE,2026-06-02 18:47:00,3.07,3.03,3.03,3.0596,34196.0,102571.45,3.05521145205316,3.0754714609911082,1.966681985154986,-0.029277167564129236,0.009227722992939322,-0.03850489055706856
LASE,2026-06-02 18:46:00,3.0701,3.03,3.07,3.03,186015.0,102418.2,3.05411431506645,3.077142141095435,1.9665464398730053,-0.03167922830958636,0.007656700637307799,-0.03933592894689416
LASE,2026-06-02 18:45:00,3.09,3.07,3.07,3.0753,38069.0,94945.05,3.0601428938330626,3.08210447173706,1.9658152028813631,-0.03127052434019406,0.008041694235536821,-0.03931221857573088
LASE,2026-06-02 18:44:00,3.1,3.05,3.1,3.06,63209.0,96569.8,3.056353617291328,3.082820731919908,1.9656605546548032,-0.0349063891015855,0.00458775233021369,-0.03949414143179919
LASE,2026-06-02 18:43:00,3.1,3.06,3.0603,3.1,103584.0,96418.55,3.0554420216141596,3.085222914227267,1.9654056316159723,-0.037481527191919994,0.0015425153351417975,-0.03902404252706179
LASE,2026-06-02 18:42:00,3.07,3.04,3.0502,3.06,120743.0,96620.15,3.044302527017699,3.083667431514348,1.9649813137589336,-0.04429588123170092,-0.005715437884857191,-0.038580443346843726
LASE,2026-06-02 18:41:00,3.06,2.99,2.99,3.05,123435.0,97245.1,3.040378158772123,3.0861587400948056,1.9644995401970489,-0.048276443933650715,-0.011093974635613194,-0.03718246929803752
LASE,2026-06-02 18:40:00,3.0,2.9,2.95,2.98,231217.0,93848.85,3.0379726984651536,3.0899649232626802,1.9640171172111447,-0.05163670477964999,-0.01625899059874708,-0.03537771418090291
LASE,2026-06-02 18:39:00,3.03,2.92,3.03,2.95,303045.0,85039.35,3.0524658730814416,3.101540178342962,1.9631743289645658,-0.048047267462657306,-0.015827055958740663,-0.03222021150391664
LASE,2026-06-02 18:38:00,3.05,3.02,3.0403,3.02,124510.0,74592.55,3.0780823413518013,3.117491776063274,1.9620601628599872,-0.039712425396785545,-0.01124432644670325,-0.028468098950082295
LASE,2026-06-02 18:37:00,3.07,3.04,3.07,3.04,85932.0,74924.75,3.0926029266897515,3.1277540682804608,1.9615727713733497,-0.03562377351784596,-0.01002831097979041,-0.025595462538055547
LASE,2026-06-02 18:36:00,3.08,3.06,3.08,3.06,47541.0,79635.45,3.105753658362189,3.136991338625772,1.9612298314460266,-0.03192336659573991,-0.008963902068578299,-0.022959464527161612
LASE,2026-06-02 18:35:00,3.11,3.08,3.09,3.0803,41175.0,89535.6,3.117192072952736,3.1450956900600637,1.9610371048331976,-0.028772325519223152,-0.008017975513027839,-0.020754350006195313
LASE,2026-06-02 18:34:00,3.1487,3.09,3.13,3.09,63632.0,96791.45,3.12641509119092,3.151916289013755,1.960866592118004,-0.02639885381037166,-0.007535701126178573,-0.018863152684193085
LASE,2026-06-02 18:33:00,3.14,3.12,3.13,3.1201,36814.0,101444.2,3.1355188639886498,3.1584337931204662,1.9605984354372585,-0.02397309386474067,-0.006514581922703596,-0.017458511942037073
LASE,2026-06-02 18:32:00,3.17,3.1097,3.1097,3.13,71535.0,112826.95,3.139373579985812,3.1624689292384103,1.9604409231481206,-0.023592969805193764,-0.006841531210382633,-0.01675143859481113
LASE,2026-06-02 18:31:00,3.12,3.09,3.0998,3.1,75911.0,126907.85,3.1417169749822644,3.165886711263506,1.9601321415575257,-0.02377262280838721,-0.0073321888573336935,-0.016440433951053518
LASE,2026-06-02 18:30:00,3.13,3.09,3.12,3.1,95795.0,135338.35,3.15214621872783,3.1728221545544013,1.959813554993849,-0.02060159630979541,-0.0049103822746482464,-0.015691214035147165
LASE,2026-06-02 18:29:00,3.1597,3.1,3.1597,3.12,131303.0,134540.45,3.1651827734097875,3.1804876445074965,1.9594100922187436,-0.016254553814360584,-0.0012953274235015279,-0.014959226390859056
LASE,2026-06-02 18:28:00,3.1897,3.15,3.1897,3.15,73768.0,132823.1,3.176478466762234,3.1868547649819696,1.958847017447041,-0.01250608061015912,0.0021610726015574584,-0.014667153211716579
LASE,2026-06-02 18:27:00,3.2,3.17,3.1705,3.18,31131.0,137074.9,3.1830980834527924,3.19073421392744,1.9585204943947585,-0.010594304547921762,0.00436914091085233,-0.014963445458774092
LASE,2026-06-02 18:26:00,3.21,3.17,3.2,3.17,36552.0,141736.6,3.18387260431599,3.19186413118296,1.9583803445828623,-0.011054629580514952,0.004954481806315258,-0.01600911138683021
LASE,2026-06-02 18:25:00,3.21,3.17,3.2,3.21,70564.0,147156.45,3.1873407553949877,3.194165618675903,1.9582157488256793,-0.010463195282762516,0.00707670020782657,-0.017539895490589087
LASE,2026-06-02 18:24:00,3.22,3.19,3.21,3.2004,60184.0,152351.1,3.1816759442437346,3.192498841694419,1.9578944103486786,-0.013628845393155231,0.006427022116065474,-0.020055867509220705
LASE,2026-06-02 18:23:00,3.24,3.15,3.1519,3.2,107616.0,155648.2,3.1769949303046676,3.1916671408201474,1.957618703956318,-0.016493673782882468,0.006191245999681686,-0.022684919782564154
LASE,2026-06-02 18:22:00,3.16,3.13,3.15,3.155,133242.0,154762.5,3.1712436628808343,3.1907899977485834,1.9571280969444191,-0.019869601308928786,0.004834566562249364,-0.02470416787117815
LASE,2026-06-02 18:21:00,3.17,3.13,3.17,3.15,55510.0,160393.95,3.1753045786010423,3.1945573659326447,1.9565438324629842,-0.019307681877680505,0.0058391909100912985,-0.025146872787771803
LASE,2026-06-02 18:20:00,3.19,3.16,3.17,3.17,55027.0,164594.45,3.181630723251303,3.1992476149781863,1.9562999120189684,-0.017800538430847723,0.006629250482645056,-0.02442978891349278
LASE,2026-06-02 18:19:00,3.22,3.1405,3.21,3.18,94109.0,168205.65,3.1845384040641287,3.2023263112916798,1.9560532871651877,-0.01765432205425954,0.005459612168431924,-0.023113934222691465
LASE,2026-06-02 18:18:00,3.25,3.2,3.24,3.2103,131154.0,174740.75,3.1856730050801607,3.204676449322383,1.9556289003895975,-0.018229088467352828,0.0028917602602848876,-0.021120848727637715
LASE,2026-06-02 18:17:00,3.25,3.2,3.22,3.2399,180146.0,179138.55,3.1795162563502006,3.2040844966194757,1.9550176637615073,-0.0217826399478116,-0.00280628723353548,-0.01897635271427612
LASE,2026-06-02 18:16:00,3.22,3.155,3.18,3.2103,245544.0,180099.25,3.164420320437751,3.200314443632052,1.9541705830140446,-0.02901524361999286,-0.012813133978008966,-0.016202109641983892
LASE,2026-06-02 18:15:00,3.2,3.06,3.08,3.1899,186292.0,189056.4,3.1529504005471884,3.199263332435426,1.9530457779681198,-0.03481081785437734,-0.02308130207602276,-0.011729515778354582
LASE,2026-06-02 18:14:00,3.1,3.04,3.06,3.0897,156687.0,198962.75,3.1437130006839853,3.2002489463759973,1.9522220965556993,-0.039624647981109984,-0.03373638738789716,-0.005888260593212824
LASE,2026-06-02 18:13:00,3.11,3.02,3.07,3.0601,264469.0,214373.85,3.1572162508549813,3.2118856775734708,1.951570942948053,-0.03499030537223202,-0.037051888217895505,0.002061582845663484
LASE,2026-06-02 18:12:00,3.13,3.05,3.12,3.06,353153.0,212455.25,3.1814953135687265,3.227863117318047,1.9504830765299985,-0.025552430909667745,-0.036071960600166146,0.010519529690498401
LASE,2026-06-02 18:11:00,3.18,3.11,3.16,3.12,244521.0,204109.8,3.2118691419609076,3.245532919140999,1.94900533235762,-0.013124417600582472,-0.03179949921591931,0.01867508161533684
LASE,2026-06-02 18:10:00,3.23,3.16,3.22,3.16,79837.0,197869.15,3.234836427451134,3.2587469106295255,1.9479285052464175,-0.003179943630068127,-0.028417888111026343,0.025237944480958216
LASE,2026-06-02 18:09:00,3.23,3.19,3.1901,3.2202,96956.0,201762.65,3.2535455343139175,3.2691413222747387,1.9475626752702744,0.005486347781461731,-0.025590787726237237,0.03107713550769897
LASE,2026-06-02 18:08:00,3.2501,3.19,3.2,3.1997,158804.0,205109.15,3.2618819178923966,3.2742930404089217,1.9471072946123071,0.010338431033538598,-0.02633541864595712,0.03667384967949572
LASE,2026-06-02 18:07:00,3.27,3.2,3.24,3.2,124365.0,210981.6,3.277427397365495,3.282144939399334,1.9463607981081315,0.018468349205702506,-0.0245062041021748,0.042974553307877306
LASE,2026-06-02 18:06:00,3.29,3.21,3.27,3.24,144949.0,225523.45,3.2967842467068684,3.2907917751255793,1.945770925451011,0.028545905138817496,-0.020576898206624963,0.04912280334544246
LASE,2026-06-02 18:05:00,3.31,3.25,3.3,3.27,174457.0,237309.8,3.310980308383585,3.296138277770377,1.945070164116519,0.036920590636883244,-0.017434495919966195,0.05435508655684944
LASE,2026-06-02 18:04:00,3.38,3.31,3.33,3.31,126126.0,247114.0,3.3212253854794813,3.2988896754304164,1.9442062807304823,0.044018162445151,-0.014980156252622875,0.058998318697773874
LASE,2026-06-02 18:03:00,3.39,3.31,3.3813,3.335,89902.0,261802.7,3.3240317318493515,3.297720167580987,1.943554435620675,0.04836425355395546,-0.013801754380206394,0.062166007934161854
LASE,2026-06-02 18:02:00,3.42,3.3,3.31,3.38,245871.0,270453.6,3.321289664811689,3.293795974694775,1.9430855264862938,0.05066251160840807,-0.01372330804782236,0.06438581965623043
LASE,2026-06-02 18:01:00,3.31,3.22,3.2399,3.3098,139520.0,289426.95,3.306612081014611,3.2847218667679092,1.9417816686911713,0.04827719717451506,-0.017722560147327704,0.06599975732184277
LASE,2026-06-02 18:00:00,3.28,3.23,3.27,3.2399,127251.0,303373.05,3.3058151012682635,3.2820820632697942,1.9410858304783047,0.05167809115635302,-0.017395103669361645,0.06907319482571467
LASE,2026-06-02 17:59:00,3.3396,3.22,3.33,3.28,224811.0,323392.85,3.322293876585329,3.2865222804560883,1.9404647701274547,0.0623842781490791,-0.010848542559870167,0.07323282070894926
LASE,2026-06-02 17:58:00,3.42,3.33,3.36,3.3395,219110.0,362849.6,3.332867345731661,3.287208836293571,1.9393410318556341,0.07105894913762656,-0.005786815660056399,0.07684576479768296
LASE,2026-06-02 17:57:00,3.37,3.32,3.3401,3.36,199360.0,377493.9,3.3312091821645757,3.2817045032718415,1.9381758036633578,0.07503921721191675,-0.005215372977117078,0.08025459018903383
LASE,2026-06-02 17:56:00,3.47,3.32,3.43,3.34,424687.0,407211.75,3.324011477705719,3.2734628720372987,1.9371237591299313,0.07694073439456384,-0.007347033234660613,0.08428776762922445
LASE,2026-06-02 17:55:00,3.4303,3.32,3.38,3.43,384419.0,418599.05,3.3200143471321484,3.2664589638306984,1.9348350057252663,0.08028498746194845,-0.008892981338552791,0.08917796880050124
LASE,2026-06-02 17:54:00,3.52,3.29,3.31,3.3803,464909.0,425107.45,3.2925179339151853,3.2492441179181406,1.9327328182262735,0.07422205246851021,-0.01906238042219137,0.09328443289070158
LASE,2026-06-02 17:53:00,3.34,3.23,3.2403,3.31,226097.0,440686.3,3.270572417393981,3.235448761909524,1.9301765430487108,0.0704643128591611,-0.02844342527472321,0.09890773813388432
LASE,2026-06-02 17:52:00,3.27,3.2,3.26,3.2497,186244.0,455029.45,3.2607155217424766,3.227601263163158,1.929018037602997,0.07180095338891324,-0.03527353330674664,0.10707448669565987
LASE,2026-06-02 17:51:00,3.3,3.23,3.26,3.26,119708.0,462120.35,3.2634694021780954,3.225275080338227,1.928099689171819,0.07860225161577628,-0.03857279151851198,0.11717504313428825
LASE,2026-06-02 17:50:00,3.27,3.18,3.21,3.2595,157707.0,470460.3,3.264336752722619,3.221619825636988,1.9274981863748086,0.08509114860183464,-0.043242777860450776,0.12833392646228542
LASE,2026-06-02 17:49:00,3.2697,3.2,3.21,3.215,163886.0,496508.85,3.265545940903274,3.217632438861934,1.9267208549037935,0.09218656041164897,-0.04753358466902047,0.13972014508066943
LASE,2026-06-02 17:48:00,3.36,3.18,3.28,3.22,276253.0,504075.65,3.2781824261290926,3.217909537689506,1.9259171931316785,0.10443289969746106,-0.046748230996368434,0.1511811306938295
LASE,2026-06-02 17:47:00,3.39,3.23,3.32,3.278,415202.0,504873.1,3.2927280326613655,3.2176894890252434,1.9245341061652523,0.11803556693575246,-0.04284848612049902,0.16088405305625147
LASE,2026-06-02 17:46:00,3.38,3.3,3.305,3.3201,380676.0,496623.25,3.2964100408267063,3.2113410141857957,1.9223777785191523,0.127775181237197,-0.040279662054555854,0.16805484329175285
LASE,2026-06-02 17:45:00,3.3113,3.19,3.195,3.3,370541.0,493972.8,3.290487551033382,3.199892699889564,1.9203457953384893,0.13406137721849998,-0.03930213354616027,0.17336351076466025
LASE,2026-06-02 17:44:00,3.26,3.13,3.24,3.1999,419900.0,498207.8,3.2881094387917273,3.1893550893516234,1.9184553033723015,0.14218141096600245,-0.03494049743881397,0.17712190840481642
LASE,2026-06-02 17:43:00,3.26,3.2,3.25,3.249,262920.0,498053.65,3.310161798489659,3.1882450987570574,1.9164188294905806,0.16066943351694585,-0.01998669284450899,0.18065612636145484
LASE,2026-06-02 17:42:00,3.4,3.2,3.38,3.24,625338.0,490748.9,3.325452248112074,3.181849845994642,1.9151007411346872,0.17693059053990368,-0.004144612175493945,0.18107520271539762
LASE,2026-06-02 17:41:00,3.45,3.342,3.43,3.37,418442.0,469864.4,3.3468153101400917,3.1757287771519724,1.9118511908948073,0.19602856782317168,0.01686901969187468,0.179159548131297
LASE,2026-06-02 17:40:00,3.52,3.42,3.505,3.43,527647.0,459714.85,3.3410191376751146,3.155279174746917,1.9094968492173394,0.20431684329638689,0.030773980645453836,0.17354286265093305
LASE,2026-06-02 17:39:00,3.67,3.45,3.46,3.51,1013946.0,445229.6,3.318773922093893,3.1263611931413293,1.9063775543247201,0.2058147244524342,0.04055046078651264,0.16526426366592156
LASE,2026-06-02 17:38:00,3.48,3.34,3.38,3.465,511996.0,406585.4,3.270967402617366,3.085978160840417,1.900010880633464,0.1965874422268441,0.04130685843390214,0.15528058379294196
LASE,2026-06-02 17:37:00,3.53,3.34,3.3913,3.38,793717.0,413835.9,3.222459253271707,3.046081125139408,1.8970034463601122,0.1865324392083374,0.04103702944985532,0.14549540975848207
LASE,2026-06-02 17:36:00,3.41,3.18,3.27,3.4,652433.0,380096.95,3.1830740665896333,3.0109317698909246,1.89235342994032,0.17963994533077665,0.04283712527983566,0.136802820050941
LASE,2026-06-02 17:35:00,3.35,3.22,3.31,3.28,514587.0,349601.95,3.128842583237041,2.9699772193531273,1.8887283029110657,0.16619330848587888,0.038085758094718175,0.1281075503911607
LASE,2026-06-02 17:34:00,3.34,3.22,3.2397,3.3003,776486.0,330922.2,3.091053229046301,2.93734324244293,1.8859491668733874,0.15883133478950517,0.037893169719285066,0.12093816507022011
LASE,2026-06-02 17:33:00,3.25,3.13,3.1303,3.24,512960.0,295322.65,3.0387415363078762,2.899137267963239,1.8817242044839637,0.14505759622010483,0.03218175929993693,0.11287583692016791
LASE,2026-06-02 17:32:00,3.15,3.09,3.13,3.14,328062.0,272941.25,2.9884269203848453,2.8632569803804215,1.8790790297918925,0.13150700486468692,0.026258361784980103,0.10524864307970681
LASE,2026-06-02 17:31:00,3.14,3.0,3.0,3.1387,286507.0,258881.95,2.950533650481056,2.8341261362099393,1.8774840481070452,0.12248051182755804,0.02311278046214861,0.09936773136540943
LASE,2026-06-02 17:30:00,3.09,2.97,2.99,3.0,678678.0,246203.35,2.90349206310132,2.802065729495196,1.876125503053497,0.10931025326994881,0.015707143494284953,0.09360310977566386
LASE,2026-06-02 17:29:00,3.0,2.89,2.91,2.9899,315222.0,214419.7,2.87936507887665,2.7812305431262696,1.8730887641371496,0.10503242866340123,0.01560453971760814,0.0894278889457931
LASE,2026-06-02 17:28:00,2.95,2.87,2.87,2.9179,292202.0,200765.05,2.8517313485958122,2.7592653371395612,1.871746931273274,0.09907298811230358,0.01421484728918132,0.08485814082312226
LASE,2026-06-02 17:27:00,2.9101,2.85,2.91,2.87,250205.0,188081.15,2.835189185744765,2.7425669515753044,1.8705543583002355,0.09735642234545105,0.017303520871480182,0.08005290147397087
LASE,2026-06-02 17:26:00,2.96,2.89,2.9497,2.91,327667.0,176777.75,2.8264864821809557,2.729152946477968,1.8695663023108533,0.09862645771437073,0.024443251414958345,0.07418320629941239
LASE,2026-06-02 17:25:00,2.97,2.8903,2.9,2.94,455241.0,166334.9,2.805608102726194,2.7101164145282803,1.8682136538141436,0.09474019074576434,0.027679797570880904,0.06706039317488344
LASE,2026-06-02 17:24:00,2.91,2.7513,2.76,2.9,416817.0,145395.55,2.7720101284077425,2.6859181423733625,1.8663044960030448,0.08534731631316816,0.02597788912401515,0.059369427189153015
LASE,2026-06-02 17:23:00,2.79,2.75,2.7897,2.77,116825.0,125174.2,2.740012660509678,2.6633832099916113,1.8646814141252974,0.07618990470919007,0.024151815268615567,0.0520380894405745
LASE,2026-06-02 17:22:00,2.82,2.77,2.81,2.7895,207648.0,120169.05,2.732515825637097,2.652160389990728,1.864264149193987,0.07662986437525232,0.030429781871089884,0.04620008250416244
LASE,2026-06-02 17:21:00,2.83,2.78,2.7897,2.81,215451.0,113496.55,2.718269782046371,2.6377035889371205,1.8635025464805521,0.07409134213993207,0.03424598564881024,0.03984535649112183
LASE,2026-06-02 17:20:00,2.84,2.75,2.83,2.785,237942.0,109920.55,2.695337227557964,2.6195671246147123,1.8626995086791516,0.06768629969208728,0.0347749764570769,0.03291132323501038
LASE,2026-06-02 17:19:00,2.85,2.76,2.8196,2.83,241062.0,99686.25,2.672921534447455,2.60215313773205,1.8618251689028513,0.06107206297222634,0.0345832280978286,0.026488834874397734
LASE,2026-06-02 17:18:00,2.84,2.66,2.66,2.82,657006.0,100186.1,2.6336519180593183,2.578169257493319,1.860917004748991,0.047159752642916164,0.027273842530802818,0.019885910112113346
LASE,2026-06-02 17:17:00,2.68,2.6,2.6,2.66,118938.0,69906.2,2.5870648975741477,2.5527133898610366,1.8585373350909542,0.029734807420518372,0.015556587040967547,0.014178220379550825
LASE,2026-06-02 17:16:00,2.63,2.6,2.62,2.61,42533.0,69398.05,2.5688311219676843,2.5414200624779877,1.858165048401459,0.023352643774178006,0.012140487151729731,0.011212156622448274
LASE,2026-06-02 17:15:00,2.62,2.58,2.59,2.62,140992.0,69681.05,2.558538902459605,2.5342011216861966,1.8580374625508662,0.01995791644704248,0.011042904490087303,0.008915011956955175
LASE,2026-06-02 17:14:00,2.59,2.55,2.5599,2.59,64495.0,68662.75,2.5431736280745056,2.525169660811059,1.857617957411345,0.01431653114663245,0.008098448655836026,0.006218082490796424
LASE,2026-06-02 17:13:00,2.59,2.55,2.57,2.5502,65332.0,71533.7,2.531467035093132,2.5183454145806445,1.857433595269236,0.00996237709197656,0.00603255769340802,0.0039298193985685395
LASE,2026-06-02 17:12:00,2.57,2.52,2.53,2.5698,46876.0,76114.75,2.526783793866415,2.514992300325976,1.8572501906848908,0.008312349522695772,0.006186043904610688,0.002126305618085084
LASE,2026-06-02 17:11:00,2.53,2.5,2.52,2.5201,32935.0,84056.75,2.5160297423330182,2.509223068781342,1.857120427580777,0.004089771068484183,0.004243840009913511,-0.0001540689414293282
LASE,2026-06-02 17:10:00,2.51,2.49,2.51,2.51,43005.0,91887.8,2.5150121779162724,2.508078128653062,1.8570340177973381,0.003701101535021234,0.005750538860941351,-0.0020494373259201163
LASE,2026-06-02 17:09:00,2.53,2.5,2.5198,2.51,42129.0,97318.95,2.51626522239534,2.5078758264060155,1.8569234407476505,0.004179547308164722,0.008598216546356794,-0.004418669238192072
LASE,2026-06-02 17:08:00,2.56,2.51,2.54,2.52,38524.0,99502.5,2.517831527994175,2.507652229185596,1.856813403070105,0.004729424679585037,0.01156479352112751,-0.0068353688415424725
LASE,2026-06-02 17:07:00,2.57,2.5313,2.56,2.54,24137.0,107576.45,2.5172894099927188,2.506352463836711,1.856710193834681,0.004344294711040142,0.014187453762153624,-0.009843159051113482
LASE,2026-06-02 17:06:00,2.58,2.52,2.52,2.5572,118810.0,113903.35,2.5116117624908982,2.5028106179247858,1.8566438697742604,0.0017531754463000482,0.014613407445370975,-0.012860231999070926
LASE,2026-06-02 17:05:00,2.53,2.49,2.51,2.52,36454.0,113282.95,2.5002147031136226,2.4970854198116053,1.8563147083759215,-0.0033308084217309464,0.012483688260422968,-0.015814496682153914
LASE,2026-06-02 17:04:00,2.53,2.51,2.52,2.51,12390.0,123784.55,2.4952683788920282,2.494673358739143,1.8562193223450247,-0.005983736072611379,0.012161395055321125,-0.018145131127932503
LASE,2026-06-02 17:03:00,2.54,2.51,2.52,2.5199,16722.0,132212.45,2.4915854736150354,2.493060028080105,1.8561867317085219,-0.00826461847686133,0.012025663961620324,-0.020290282438481654
LASE,2026-06-02 17:02:00,2.56,2.5199,2.55,2.52,74198.0,140179.65,2.484506842018794,2.490234767878011,1.8561422992790495,-0.01206364120407688,0.010057462576723672,-0.022121103780800552
LASE,2026-06-02 17:01:00,2.56,2.4498,2.45,2.5305,143931.0,139135.85,2.475633552523492,2.487101585549381,1.855942118373159,-0.0167472863402085,0.006854191131208789,-0.02360147747141729
LASE,2026-06-02 17:00:00,2.51,2.45,2.51,2.45,33256.0,136934.15,2.461916940654365,2.482533331396684,1.8555648642075184,-0.023550814694467626,0.0015373566354091248,-0.02508817132987675
LASE,2026-06-02 16:59:00,2.54,2.39,2.42,2.5,251059.0,142542.65,2.464896175817956,2.4859578925963346,1.8554833950208167,-0.023695669943802677,0.0015573869339520902,-0.025253056877754768
LASE,2026-06-02 16:58:00,2.46,2.41,2.4498,2.42,51408.0,134017.95,2.456120219772445,2.4844797760275275,1.8548609832334153,-0.028626802717407696,-0.0029649525474721022,-0.025661850169935593
LASE,2026-06-02 16:57:00,2.462,2.42,2.46,2.4401,108775.0,134091.6,2.465150274715556,2.4912671208725308,1.8547429579873727,-0.026358876872556003,-0.0019033816909510004,-0.024455495181605003
LASE,2026-06-02 16:56:00,2.4798,2.43,2.47,2.47,48193.0,132125.75,2.471412843394445,2.496653133595955,1.8544884186777897,-0.02512732240334481,-0.0017968669125171775,-0.023330455490827632
LASE,2026-06-02 16:55:00,2.52,2.43,2.44,2.47,120626.0,133392.45,2.471766054243056,2.499458726606055,1.8543718713870145,-0.026234286373139515,-0.0042512800866898424,-0.021983006286449672
LASE,2026-06-02 16:54:00,2.52,2.42,2.48,2.43,121914.0,129186.95,2.4722075678038196,2.5025596451961665,1.8540734998281754,-0.027265585310976892,-0.007319451858039252,-0.01994613345293764
LASE,2026-06-02 16:53:00,2.53,2.43,2.5099,2.4607,156953.0,124814.85,2.4827594597547744,2.5101975025852368,1.8537797738831785,-0.024112580168929476,-0.007418382912101031,-0.016694197256828445
LASE,2026-06-02 16:52:00,2.57,2.44,2.51,2.5003,205716.0,121369.35,2.4882743246934678,2.5154077660152616,1.8533905951022844,-0.022863288803350645,-0.009491215807029045,-0.0133720729963216
LASE,2026-06-02 16:51:00,2.57,2.4,2.46,2.48,189556.0,116987.15,2.4852679058668348,2.5169980571747628,1.8528551626343486,-0.024968181805053558,-0.01531495534077594,-0.009653226464277617
LASE,2026-06-02 16:50:00,2.47,2.4,2.451,2.45,151628.0,126751.0,2.4865848823335432,2.5208925895089482,1.8523762767257077,-0.025224708046426514,-0.020150549197276508,-0.005074158849150005
LASE,2026-06-02 16:49:00,2.48,2.42,2.48,2.4503,85800.0,134092.85,2.495731102916929,2.528354967351995,1.8520190309154059,-0.02213067851383066,-0.022228214337309992,9.753582347933349e-05
LASE,2026-06-02 16:48:00,2.4801,2.38,2.45,2.48,200003.0,138864.4,2.5070888786461607,2.5365712797048365,1.8518132120796718,-0.01789021640475319,-0.0232254217963903,0.005335205391637112
LASE,2026-06-02 16:47:00,2.5,2.44,2.48,2.45,150675.0,135204.55,2.5138610983077005,2.5425261512527144,1.8513356199033784,-0.015241623437824536,-0.025493536211971465,0.010251912774146929
LASE,2026-06-02 16:46:00,2.5,2.46,2.48,2.4703,106402.0,136916.95,2.5298263728846253,2.552265746121421,1.8509652462204684,-0.008584813891849397,-0.02385442757972519,0.015269613687875794
LASE,2026-06-02 16:45:00,2.53,2.46,2.51,2.48,246486.0,153115.05,2.5447079661057814,2.56089371939736,1.8506976862753288,-0.002030343323832451,-0.021623517049569174,0.019593173725736723
LASE,2026-06-02 16:44:00,2.59,2.49,2.5,2.51,180948.0,147403.7,2.5608849576322266,2.569408847754977,1.8500638696156595,0.005377440467692285,-0.017984578472378252,0.023362018940070537
LASE,2026-06-02 16:43:00,2.56,2.49,2.56,2.4903,176066.0,143055.2,2.5736061970402826,2.5756624106765535,1.849568643860257,0.01169970355479899,-0.015069486839913104,0.026769190394712095
LASE,2026-06-02 16:42:00,2.61,2.55,2.6,2.5597,53322.0,141183.75,2.594432746300353,2.584647927589875,1.849097835383747,0.02160485093427278,-0.00889410260023852,0.0304989535345113
LASE,2026-06-02 16:41:00,2.62,2.58,2.6001,2.6,99897.0,147876.9,2.603115932875441,2.5872740252309145,1.8489422715051897,0.02686698666684828,-0.006532928254080514,0.033399914920928794
LASE,2026-06-02 16:40:00,2.61,2.56,2.6,2.6001,145426.0,158842.45,2.6038949160943012,2.585934448939432,1.8486398706004157,0.029089320104908722,-0.006804550404924864,0.035893870509833586
LASE,2026-06-02 16:39:00,2.64,2.6,2.6397,2.6,80565.0,172519.8,2.6048436451178762,2.5844433383014773,1.8482050573576103,0.031492526491597506,-0.008056869823082895,0.0395493963146804
LASE,2026-06-02 16:38:00,2.64,2.62,2.62,2.64,52881.0,200803.0,2.6060545563973454,2.5828057949647905,1.8479563814321225,0.03411200043982143,-0.009079233349680318,0.04319123378950175
LASE,2026-06-02 16:37:00,2.64,2.5913,2.62,2.63,69458.0,235618.9,2.597568195496682,2.5767853523295052,1.8477888009062549,0.032886499909156264,-0.013057735967835687,0.04594423587699195
LASE,2026-06-02 16:36:00,2.63,2.57,2.57,2.62,73527.0,235827.55,2.589460244370852,2.5711838104694533,1.8475721954054478,0.031862148324064865,-0.01685976072577952,0.048721909049844386
LASE,2026-06-02 16:35:00,2.5894,2.55,2.56,2.56,36516.0,236179.45,2.581825305463565,2.5660452642030798,1.8473468550111865,0.031109435598017043,-0.020109718230512885,0.05121915382852993
LASE,2026-06-02 16:34:00,2.59,2.55,2.57,2.56,34472.0,236077.9,2.5872816318294563,2.5666816078034036,1.8472408210810267,0.03580529047352643,-0.017989292331989523,0.05379458280551595
LASE,2026-06-02 16:33:00,2.6,2.54,2.59,2.56,88043.0,236480.9,2.59410203978682,2.5673849349406037,1.8471406659092662,0.04127810465319781,-0.014478165084560707,0.05575626973775852
LASE,2026-06-02 16:32:00,2.59,2.49,2.5,2.5892,118072.0,238712.3,2.602627549733525,2.568162296513299,1.8468847385981113,0.04766299686575026,-0.009692878249137539,0.0573558751148878
LASE,2026-06-02 16:31:00,2.67,2.44,2.6413,2.49,384833.0,243508.15,2.605984437166906,2.5659478014094357,1.8465461353029793,0.052146070244451614,-0.005996367247088942,0.058142437491540556
LASE,2026-06-02 16:30:00,2.75,2.63,2.7,2.6498,298465.0,225964.15,2.6349805464586322,2.573942306820955,1.8454762109719511,0.06720997742607437,0.007705591329220475,0.0595043860968539
LASE,2026-06-02 16:29:00,2.7,2.64,2.66,2.69,181231.0,215392.1,2.63127568307329,2.5659572864863187,1.8444708020439045,0.06918885564805777,0.011434030058396473,0.057754825589661295
LASE,2026-06-02 16:28:00,2.69,2.65,2.69,2.66,126806.0,210829.05,2.616594603841612,2.5529001587480367,1.8438590706363827,0.06661514958741765,0.012209057477937865,0.05440609210947979
LASE,2026-06-02 16:27:00,2.72,2.67,2.68,2.68,184923.0,218914.65,2.605743254802015,2.54162649124783,1.8434356575636284,0.06541576258511039,0.015319516285664865,0.05009624629944553
LASE,2026-06-02 16:26:00,2.77,2.61,2.62,2.6803,430364.0,218838.05,2.5871790685025187,2.527060858747601,1.8427998830645587,0.06089704299183696,0.017347167512867474,0.043549875478969484
LASE,2026-06-02 16:25:00,2.64,2.57,2.57,2.62,132259.0,215736.85,2.5638988356281485,2.5109304228262963,1.8413222275141634,0.05421319299472316,0.017393087592168475,0.03682010540255468
LASE,2026-06-02 16:24:00,2.6,2.56,2.57,2.5703,93978.0,223778.5,2.5498735445351857,2.4994494147027484,1.8409084039467034,0.05103325073666598,0.019647774613257236,0.031385476123408744
LASE,2026-06-02 16:23:00,2.62,2.56,2.58,2.57,138637.0,232497.9,2.544766930668982,2.4919914583556695,1.8406268042409606,0.0512925498802117,0.024384759022768654,0.026907790857443048
LASE,2026-06-02 16:22:00,2.61,2.54,2.58,2.5802,187185.0,246564.4,2.538458663336227,2.483780032919424,1.840207283472952,0.050907981879717124,0.028471531719669308,0.022436450160047815
LASE,2026-06-02 16:21:00,2.7,2.57,2.6263,2.58,319208.0,251408.15,2.528023329170284,2.473630562700416,1.8396451394852977,0.04863810807719826,0.030811871035871144,0.017826237041327117
LASE,2026-06-02 16:20:00,2.66,2.57,2.64,2.63,418973.0,265398.0,2.515029161462855,2.462433779826776,1.838632486007705,0.04505382394267832,0.03200953751772555,0.013044286424952773
LASE,2026-06-02 16:19:00,2.79,2.63,2.67,2.644,646229.0,300258.7,2.4862864518285686,2.444795230334858,1.8372936143323972,0.03473273657181597,0.0265680042108732,0.00816473236094277
LASE,2026-06-02 16:18:00,2.7,2.4114,2.43,2.67,749199.0,312129.4,2.4468580647857108,2.4238263072122113,1.8350393074992588,0.01962861797741633,0.015615983254130703,0.004012634723285628
LASE,2026-06-02 16:17:00,2.44,2.34,2.35,2.43,73631.0,290241.1,2.3910725809821383,2.39791328691876,1.8327010885212338,-0.0025825096536533643,-0.0036038994123339463,0.001021389758680582
LASE,2026-06-02 16:16:00,2.36,2.3,2.36,2.3479,80565.0,310212.6,2.3813407262276725,2.3945357381733663,1.832528213707039,-0.006458057871437273,-0.00934849293335043,0.0028904350619131576
LASE,2026-06-02 16:15:00,2.4,2.36,2.39,2.36,34485.0,334099.25,2.3897009077845905,2.399444763244247,1.8323612771318336,-0.0029514585730971987,-0.00947626068579126,0.006524802112694062
LASE,2026-06-02 16:14:00,2.41,2.35,2.35,2.39,42532.0,345962.05,2.397126134730738,2.4035968435857464,1.8322844834637482,0.0003351675651197539,-0.010396597229335846,0.0107317647944556
LASE,2026-06-02 16:13:00,2.43,2.36,2.43,2.4,132671.0,359374.8,2.3989076684134223,2.405028090278983,1.8321879890219621,0.001470677035133594,-0.013501674255921773,0.014972351291055367
LASE,2026-06-02 16:12:00,2.46,2.36,2.3603,2.43,213989.0,371301.6,2.3986345855167777,2.4055573629399287,1.8318794875612288,0.0018804265472578408,-0.01717798862108254,0.019058415168340382
LASE,2026-06-02 16:11:00,2.37,2.35,2.37,2.3613,33953.0,377663.4,2.3907932318959717,2.402984453775711,1.831363539512808,-0.0006784811888631559,-0.023159026798530113,0.022480545609666957
LASE,2026-06-02 16:10:00,2.37,2.32,2.35,2.37,87024.0,405987.55,2.3981665398699645,2.4073722910152595,1.8312894650341378,0.0030601999361437038,-0.02369723069259501,0.026757430628738713
LASE,2026-06-02 16:09:00,2.37,2.31,2.34,2.35,89970.0,413540.55,2.405208174837455,2.411306216385287,1.831102060799758,0.006901786391172671,-0.023028546165894666,0.029930332557067337
LASE,2026-06-02 16:08:00,2.39,2.29,2.38,2.34,288518.0,427495.8,2.419010218546819,2.4177595023205805,1.8309118836298528,0.013741021664446684,-0.018111292799503673,0.03185231446395036
LASE,2026-06-02 16:07:00,2.39,2.35,2.355,2.39,183391.0,427076.6,2.438762773183524,2.4259447130911678,1.8303050385657769,0.02328868527994299,-0.00994256151658976,0.03323124679653275
LASE,2026-06-02 16:06:00,2.43,2.33,2.42,2.37,368340.0,425784.75,2.4509534664794046,2.4297283671007643,1.829890753436445,0.030045322326922808,-0.0033041153196917833,0.03334943764661459
LASE,2026-06-02 16:05:00,2.51,2.39,2.5097,2.43,293092.0,422971.85,2.4711918330992555,2.436015563637687,1.8290567625333598,0.04026858892394891,0.00711762192778672,0.03315096699616219
LASE,2026-06-02 16:04:00,2.56,2.46,2.5297,2.5,268366.0,434834.8,2.481489791374069,2.436648780862707,1.8283103165441843,0.04662237881434983,0.015313805190567895,0.031308573623781935
LASE,2026-06-02 16:03:00,2.6078,2.48,2.4809,2.53,419967.0,437905.35,2.4768622392175867,2.429980231479834,1.827554703672904,0.04692670876443472,0.01858257526744281,0.02834413349699191
LASE,2026-06-02 16:02:00,2.57,2.48,2.55,2.4898,284060.0,437297.55,2.4635777990219836,2.419451834793501,1.8263119327536446,0.04357802868233307,0.018566458888945703,0.025011569793387367
LASE,2026-06-02 16:01:00,2.602,2.49,2.582,2.56,599005.0,441191.6,2.4570222487774793,2.4120467647717647,1.825499620328234,0.04276312386943548,0.020556558218370727,0.022206565651064755
LASE,2026-06-02 16:00:00,2.64,2.42,2.42,2.582,1116187.0,434984.8,2.431277810971849,2.3964727400108976,1.823686871298154,0.033953363561054495,0.015113765364145472,0.018839598196909023
LASE,2026-06-02 15:59:00,2.45,2.39,2.405,2.43,883643.0,410104.8,2.393597263714811,2.3769435547488866,1.8203002995755753,0.019975038752014118,0.004310452968344255,0.015664585783669863
LASE,2026-06-02 15:58:00,2.41,2.38,2.395,2.4055,311433.0,385538.65,2.3844965796435136,2.371358665775085,1.8180578286837061,0.01731943088662824,0.0019031640127096221,0.015416266873918618
LASE,2026-06-02 15:57:00,2.43,2.39,2.415,2.4,473061.0,389808.0,2.3792457245543916,2.367764841119831,1.8172960969981058,0.016172536034638973,0.000522501501474041,0.015650034533164933
LASE,2026-06-02 15:56:00,2.44,2.34,2.36,2.4173,558298.0,392161.2,2.3740571556929893,2.364371666500866,1.8161188960213992,0.015033444263050644,-0.0011160936205649175,0.01614953788361556
LASE,2026-06-02 15:55:00,2.37,2.35,2.37,2.3599,271741.0,411621.35,2.3632464446162365,2.358800262974641,1.8147413994225874,0.011599426121669865,-0.005119060335789526,0.01671848645745939
LASE,2026-06-02 15:54:00,2.38,2.345,2.3789,2.3671,310787.0,422138.65,2.3640830557702954,2.3586845011824984,1.8141136289485915,0.012892014950355968,-0.005794214146418224,0.01868622909677419
LASE,2026-06-02 15:53:00,2.39,2.325,2.3499,2.38,371207.0,440195.25,2.3633288197128692,2.3577986592017086,1.8133885185377414,0.01362121720151066,-0.007539175430662189,0.02116039263217285
LASE,2026-06-02 15:52:00,2.39,2.34,2.37,2.3428,341225.0,472356.85,2.359161024641087,2.3554616759597833,1.8125184048768614,0.013040363097325702,-0.010797988514065718,0.02383835161139142
LASE,2026-06-02 15:51:00,2.4,2.32,2.32,2.3782,600436.0,499734.95,2.363251280801358,2.35679448395555,1.8117268900102568,0.015896940395659698,-0.010905020006576768,0.026801960402236466
LASE,2026-06-02 15:50:00,2.38,2.32,2.375,2.3265,238084.0,509301.45,2.3595141010016976,2.3545412717403447,1.8103068172165866,0.015707379923414422,-0.013554721729649877,0.0292621016530643
LASE,2026-06-02 15:49:00,2.38,2.335,2.37,2.375,369075.0,540199.7,2.367767626252122,2.357492984555118,1.8097660172844423,0.020500960849044958,-0.011773532946182955,0.03227449379522791
LASE,2026-06-02 15:48:00,2.38,2.34,2.354,2.365,280134.0,547695.35,2.365959532815152,2.3556501408240775,1.8088920817960812,0.021382935618135868,-0.012872109692432056,0.03425504531056792
LASE,2026-06-02 15:47:00,2.36,2.33,2.33,2.36,157554.0,574929.85,2.36619941601894,2.354665945121349,1.8082289056191938,0.02321581344169399,-0.013363022012622926,0.036578835454316914
LASE,2026-06-02 15:46:00,2.36,2.32,2.325,2.325,312082.0,603876.2,2.3677492700236753,2.354104465660438,1.8078630974239078,0.025726638395519696,-0.013614223316472933,0.03934086171199263
LASE,2026-06-02 15:45:00,2.38,2.3,2.3764,2.325,530351.0,613770.65,2.3784365875295936,2.357168093624695,1.8071571350688942,0.0321207947781037,-0.010532943671814447,0.04265373844991815
LASE,2026-06-02 15:44:00,2.44,2.37,2.435,2.37,329777.0,640333.2,2.391795734411992,2.3605542087430837,1.8059530782371664,0.03981485190964751,-0.006039631199223988,0.0458544831088715
LASE,2026-06-02 15:43:00,2.44,2.39,2.405,2.4384,407811.0,689224.0,2.3972446680149893,2.3595599149265665,1.8051187535648572,0.04447432334795076,-0.0032802773309063837,0.047754600678857145
LASE,2026-06-02 15:42:00,2.42,2.385,2.4035,2.4016,361941.0,687619.1,2.3869558350187363,2.3512609586030475,1.8040318719268855,0.04281024037141501,-0.005267635369723328,0.04807787574113834
LASE,2026-06-02 15:41:00,2.45,2.4,2.4186,2.4099,474869.0,683109.8,2.3832947937734206,2.3459621121402106,1.8030962536061452,0.04381048005777943,-0.004518297661163004,0.04832877771894244
LASE,2026-06-02 15:40:00,2.42,2.35,2.36,2.42,618587.0,667002.55,2.3766434922167754,2.33923180815497,1.8018277328306609,0.04360481536571692,-0.0041260647168623946,0.047730880082579315
LASE,2026-06-02 15:39:00,2.36,2.31,2.3384,2.355,392320.0,646670.6,2.3658043652709693,2.330729893223914,1.8002300339797201,0.041679696935256416,-0.004704875948840517,0.04638457288409693
LASE,2026-06-02 15:38:00,2.37,2.33,2.365,2.335,396820.0,656703.0,2.3685054565887116,2.3281751451422212,1.7993061375863617,0.0452344774558644,0.00023609813291234488,0.04499837932295205
LASE,2026-06-02 15:37:00,2.38,2.34,2.37,2.364,520125.0,652551.75,2.3768818207358895,2.327456739367718,1.7983626677319773,0.051150077648263625,0.008255119381991666,0.04289495826627196
LASE,2026-06-02 15:36:00,2.45,2.34,2.44,2.37,947501.0,651230.15,2.3801022759198616,2.3236100803537934,1.7970839808657828,0.055003806218951734,0.01588134315091732,0.039122463068034415
LASE,2026-06-02 15:35:00,2.47,2.42,2.445,2.4365,482087.0,626603.05,2.382627844899827,2.3187269309173506,1.7946343774420808,0.0585116007768991,0.024379570436816933,0.034132030340082165
LASE,2026-06-02 15:34:00,2.46,2.42,2.4298,2.44,671919.0,611216.75,2.3691598061247836,2.306329765750756,1.793262620126358,0.05536683527410702,0.027902897895577893,0.027463937378529125
LASE,2026-06-02 15:33:00,2.46,2.4101,2.4199,2.425,1014439.0,586636.6,2.3514497576559794,2.292259214777151,1.7913473963581996,0.05019127151928382,0.030441922993753954,0.019749348525529866
LASE,2026-06-02 15:32:00,2.42,2.3859,2.39,2.415,888787.0,557404.3,2.333062197069974,2.278286500543167,1.7884715490683012,0.04438258801375561,0.032935753724001135,0.01144683428975447
LASE,2026-06-02 15:31:00,2.39,2.35,2.3899,2.385,791766.0,530388.4,2.3125777463374675,2.2638956058635005,1.786028304796512,0.037341212513772426,0.03387396953926872,0.0034672429745037075
LASE,2026-06-02 15:30:00,2.4,2.33,2.34,2.39,856049.0,520841.55,2.2944721829218344,2.2511477749017637,1.7839483437244616,0.030865257420865877,0.03466926685523468,-0.0038040094343688054
LASE,2026-06-02 15:29:00,2.36,2.33,2.335,2.3446,518988.0,520221.55,2.270590228652293,2.2365317512072123,1.7816893082969145,0.02164154372161642,0.032374418618607834,-0.010732874896991412
LASE,2026-06-02 15:28:00,2.38,2.3,2.3125,2.35,824824.0,503733.7,2.252087785815366,2.2251561460711295,1.7803775971790639,0.014176490327714397,0.030639750073244484,-0.016463259745530087
LASE,2026-06-02 15:27:00,2.35,2.2601,2.2601,2.313,736481.0,519643.5,2.227609732269207,2.2120146877628275,1.77828598178374,0.0038923459547310912,0.025413289896501393,-0.0215209439417703
LASE,2026-06-02 15:26:00,2.31,2.26,2.31,2.265,509971.0,491520.5,2.2062621653365087,2.2013846548957567,1.7765238173451536,-0.005523305167945303,0.01968510155928726,-0.02520840672723256
LASE,2026-06-02 15:25:00,2.33,2.245,2.255,2.3,1061602.0,479824.2,2.1915777066706355,2.1946883027795208,1.7753645704461618,-0.01257348816208248,0.01477642656397641,-0.02734991472605889
LASE,2026-06-02 15:24:00,2.29,2.1203,2.1257,2.2564,1307593.0,436455.3,2.164472133338294,2.1836028609668388,1.7728696842550695,-0.024952834628605647,0.004314020234081263,-0.02926685486268691
LASE,2026-06-02 15:23:00,2.15,2.07,2.1269,2.1299,375713.0,380665.4,2.1414901666728676,2.175940004226506,1.770179089691199,-0.03595115925127912,-0.00610684696776348,-0.02984431228351564
LASE,2026-06-02 15:22:00,2.14,2.11,2.1228,2.125,271755.0,371505.3,2.1443877083410845,2.180786320460875,1.7695820163855769,-0.036586094907836486,-0.008335143129294072,-0.028250951778542414
LASE,2026-06-02 15:21:00,2.13,2.11,2.13,2.125,152724.0,380659.35,2.1492346354263554,2.1866585647199144,1.7691384238918662,-0.03636543321991015,-0.010194602693585134,-0.026170830526325014
LASE,2026-06-02 15:20:00,2.13,2.085,2.1159,2.12,211948.0,426804.35,2.155293294282944,2.1931489399535895,1.7688909820270198,-0.035554836909576615,-0.011559866154848525,-0.02399497075472809
LASE,2026-06-02 15:19:00,2.13,2.08,2.125,2.115,592968.0,433687.55,2.16411661785368,2.200848828369757,1.768556760396425,-0.033493969082066144,-0.012138739727598609,-0.021355229354467535
LASE,2026-06-02 15:18:00,2.15,2.11,2.1389,2.125,313795.0,425585.85,2.1763957723171004,2.2098855471455208,1.7676273527569926,-0.02986727641375886,-0.011569716287648486,-0.018297560126110373
LASE,2026-06-02 15:17:00,2.19,2.12,2.17,2.1301,493693.0,422545.0,2.1892447153963754,2.218820867897681,1.767104463136079,-0.025822046478373828,-0.010483277971221127,-0.015338768507152701
LASE,2026-06-02 15:16:00,2.2,2.1401,2.195,2.175,454959.0,414407.35,2.204030894245469,2.2281599066237527,1.7662367416497673,-0.020802541412070052,-0.008274366194026288,-0.012528175218043764
LASE,2026-06-02 15:15:00,2.21,2.19,2.2,2.195,174361.0,428819.5,2.2112886178068365,2.233755686268358,1.7653808044824966,-0.018664881615993778,-0.008331259330533827,-0.010333622285459951
LASE,2026-06-02 15:14:00,2.21,2.17,2.18,2.205,180316.0,456031.95,2.2153607722585456,2.237835232191343,1.765030246991481,-0.017701324834586973,-0.009323501788039736,-0.008377823046547238
LASE,2026-06-02 15:13:00,2.25,2.16,2.22,2.1763,429793.0,478873.5,2.2179509653231815,2.2412915724220106,1.7646699126979826,-0.017232183999633666,-0.010816369609814044,-0.006415814389819622
LASE,2026-06-02 15:12:00,2.23,2.1501,2.18,2.22,348469.0,528252.55,2.2283637066539765,2.248132790571696,1.7638077286884741,-0.013460557930298656,-0.00964931512215013,-0.003811242808148525
LASE,2026-06-02 15:11:00,2.2,2.13,2.19,2.185,600829.0,555930.2,2.2304546333174704,2.2510941369476645,1.7630986695501751,-0.01290025617736168,-0.01138254321470491,-0.0015177129626567697
LASE,2026-06-02 15:10:00,2.24,2.15,2.2365,2.195,843649.0,559971.05,2.2418182916468377,2.2580514145211033,1.7619504068908751,-0.008433830941033449,-0.010079616341432876,0.001645785400399428
LASE,2026-06-02 15:09:00,2.27,2.23,2.26,2.2362,189231.0,561191.8,2.253522864558547,2.2646884055233247,1.7602347016461628,-0.0036285560984321563,-0.00885827808650035,0.005229721988068193
LASE,2026-06-02 15:08:00,2.275,2.18,2.2439,2.25,1143020.0,563680.0,2.257853580698183,2.267687185052096,1.7598031712676936,-0.0016374081197163548,-0.010038663719451318,0.008401255599734963
LASE,2026-06-02 15:07:00,2.26,2.24,2.255,2.248,174021.0,531359.55,2.2598169758727287,2.269548994004948,1.7572363460542986,-0.000477253308778014,-0.011889785465145252,0.011412532156367238
LASE,2026-06-02 15:06:00,2.26,2.23,2.2511,2.26,276045.0,558499.9,2.2627712198409107,2.2718173091633633,1.7568313240672264,0.0012141043344024993,-0.013265002159246503,0.014479106493649002
LASE,2026-06-02 15:05:00,2.27,2.245,2.2478,2.255,194224.0,583340.3,2.2634640248011384,2.2730612364437177,1.7561866072730061,0.0021334138450157525,-0.015488020122452026,0.01762143396746778
LASE,2026-06-02 15:04:00,2.26,2.24,2.2425,2.2401,191795.0,709425.65,2.265580031001423,2.274962419227267,1.7557258386074561,0.0037848465099070694,-0.017556183767445395,0.021341030277352464
LASE,2026-06-02 15:03:00,2.27,2.24,2.245,2.2417,192511.0,788056.85,2.271950038751779,2.2786321475669795,1.7552790684083264,0.007354713707497407,-0.018365762086194972,0.02572047579369238
LASE,2026-06-02 15:02:00,2.28,2.22,2.2201,2.2401,454836.0,839412.2,2.2795125484397234,2.282519742047714,1.754826277047211,0.011641275640312365,-0.018644117833196104,0.03028539347350847
LASE,2026-06-02 15:01:00,2.32,2.21,2.295,2.22,1075624.0,855354.5,2.289365685549654,2.286984978052737,1.753761563835351,0.017106068861610257,-0.017447567353511557,0.034553636215121815
LASE,2026-06-02 15:00:00,2.33,2.29,2.325,2.2901,349612.0,852080.2,2.3067071069370675,2.294036028374078,1.7512082515567167,0.025878862116988532,-0.012400223761572508,0.03827908587856104
LASE,2026-06-02 14:59:00,2.35,2.31,2.3214,2.32,430934.0,886459.35,2.3108588836713344,2.294450347150297,1.7502832765515928,0.02956226205942425,-0.010945449433349491,0.04050771149277374
LASE,2026-06-02 14:58:00,2.32,2.28,2.2999,2.32,252978.0,949297.4,2.308573604589168,2.291760910008223,1.7490906626333749,0.03078925962872381,-0.011410165278820973,0.04219942490754478
LASE,2026-06-02 14:57:00,2.315,2.27,2.275,2.295,330940.0,1026519.15,2.30571700573646,2.288788374219615,1.748412564836554,0.031907510931666216,-0.012335123422581563,0.04424263435424778
LASE,2026-06-02 14:56:00,2.35,2.25,2.285,2.2701,743202.0,1066981.3,2.308396257170575,2.2881345188743114,1.7475442452156342,0.03541615152659716,-0.01140581365810793,0.04682196518470509
LASE,2026-06-02 14:55:00,2.32,2.27,2.305,2.28,718610.0,1061848.8,2.317970321463219,2.2900328892821333,1.7455959633476408,0.0419145815001043,-0.007815583824708053,0.04973016532481235
LASE,2026-06-02 14:54:00,2.37,2.28,2.3699,2.31,637147.0,1048922.4,2.3274629018290236,2.291088982890779,1.7436989113522732,0.04859127457174317,-0.004178372890808926,0.0527696474625521
LASE,2026-06-02 14:53:00,2.43,2.32,2.3929,2.3672,1417374.0,1052282.65,2.331828627286279,2.2890983495108603,1.741912844940371,0.05335183518940978,-0.0024609544002001035,0.05581278958960988
LASE,2026-06-02 14:52:00,2.4,2.33,2.345,2.4,902022.0,1001342.85,2.322985784107849,2.2808771231435827,1.7375358729168326,0.052828014956840086,-0.004550199099092864,0.05737821405593295
LASE,2026-06-02 14:51:00,2.36,2.3,2.3167,2.35,681646.0,975548.75,2.3037322301348113,2.2683378729481705,1.734699633278878,0.04805138600607872,-0.009941826103632367,0.05799321210971109
LASE,2026-06-02 14:50:00,2.33,2.2619,2.265,2.315,868064.0,965917.15,2.2921652876685137,2.2597418595742935,1.7326741601277493,0.04634665034883678,-0.012606167100646222,0.058952817449483004
LASE,2026-06-02 14:49:00,2.29,2.26,2.2801,2.265,238995.0,944433.35,2.2864566095856422,2.2539252132136927,1.7302228331077358,0.04706029101397391,-0.012882058492138651,0.05994234950611256
LASE,2026-06-02 14:48:00,2.3,2.24,2.3,2.2833,496611.0,953684.25,2.2918207619820525,2.252759446183555,1.7295805641779245,0.052377551775454556,-0.008479030936586321,0.06085658271204088
LASE,2026-06-02 14:47:00,2.3,2.23,2.255,2.2933,716828.0,949936.2,2.2939509524775654,2.2495446510449817,1.7282342637708954,0.05653918203064734,-0.004120562588421556,0.060659744619068895
LASE,2026-06-02 14:46:00,2.3,2.2401,2.2528,2.2521,772853.0,942198.45,2.294113690596957,2.2449388248391906,1.7262791855164585,0.06001036563591988,0.0008842138822995338,0.05912615175362035
LASE,2026-06-02 14:45:00,2.42,2.19,2.4053,2.2501,2715931.0,915910.65,2.304617113246196,2.2441850169275264,1.7241957259478613,0.06776288921012785,0.01055093597169221,0.05721195323843564
LASE,2026-06-02 14:44:00,2.44,2.35,2.38,2.405,1764419.0,788972.65,2.3182463915577443,2.243562387130424,1.7164319088514406,0.07687592272906008,0.02235469410721131,0.054521228621848765
LASE,2026-06-02 14:43:00,2.39,2.32,2.35,2.3868,1219618.0,717252.65,2.29655798944718,2.2265689541967846,1.710262183794004,0.07161763572625635,0.022260739748522537,0.04935689597773381
LASE,2026-06-02 14:42:00,2.36,2.32,2.3216,2.35,773682.0,674068.45,2.2739974868089754,2.209702528322762,1.7061378272532723,0.06571752925029584,0.021337350475777186,0.04438017877451865
LASE,2026-06-02 14:41:00,2.35,2.29,2.3158,2.325,1010138.0,675874.05,2.254996858511219,2.1949343734093687,1.7035837168020949,0.060977865650065244,0.02121593983750196,0.039761925812563284
LASE,2026-06-02 14:40:00,2.33,2.26,2.295,2.3197,1037195.0,657934.7,2.237496073139023,2.181243254820881,1.700332014630694,0.056586835154497805,0.021021180225194766,0.03556565492930304
LASE,2026-06-02 14:39:00,2.34,2.22,2.32,2.295,1687695.0,635051.85,2.2169450914237783,2.1666688605915003,1.6970575349777661,0.050698838628816745,0.01886489412281639,0.031833944506000356
LASE,2026-06-02 14:38:00,2.3799,2.24,2.25,2.315,1797413.0,570637.1,2.1974313642797227,2.153160319601132,1.6918152626306442,0.04496108541052868,0.01631163190631785,0.028649453504210828
LASE,2026-06-02 14:37:00,2.26,2.19,2.2,2.245,1140183.0,507013.3,2.168039205349653,2.1361245637696724,1.6858730710983099,0.0349472827877606,0.009528337324279018,0.025418945463481585
LASE,2026-06-02 14:36:00,2.21,2.14,2.16,2.19,640552.0,472311.4,2.148799006687066,2.1246639915349013,1.6825335303549493,0.02878497787233192,0.005483307939092477,0.02330166993323944
LASE,2026-06-02 14:35:00,2.18,2.14,2.175,2.16,460082.0,485583.95,2.138498758358832,2.1177865169596277,1.6808176089249482,0.026100945374860185,0.0039060768628859516,0.022194868511974233
LASE,2026-06-02 14:34:00,2.19,2.15,2.165,2.17,704352.0,490837.25,2.13312344794854,2.1133429924290623,1.6796274838999274,0.02535003923627155,0.003555736767209477,0.021794302469062072
LASE,2026-06-02 14:33:00,2.17,2.12,2.13,2.1699,398578.0,508682.85,2.123904309935675,2.1073790968952792,1.677755824444034,0.023004700285036428,0.0014893081264574434,0.021515392158578985
LASE,2026-06-02 14:32:00,2.13,2.07,2.0958,2.1297,386140.0,587917.75,2.1124053874195936,2.1007979492000453,1.6767264955199097,0.019686762928586177,-0.0018857638608917454,0.021572526789477922
LASE,2026-06-02 14:31:00,2.1315,2.08,2.1231,2.095,489014.0,640074.2,2.1080817342744917,2.097755628063208,1.6758162295077648,0.019258606332846817,-0.003248270894848755,0.022506877227695572
LASE,2026-06-02 14:30:00,2.15,2.11,2.13,2.125,438388.0,687630.75,2.1113521678431146,2.0980456941751244,1.6746785840029164,0.021965088549444012,-0.0024303727001233517,0.024395461249567364
LASE,2026-06-02 14:29:00,2.15,2.11,2.14,2.1318,424013.0,731107.4,2.1079402098038935,2.0952083988251373,1.6735907987029344,0.022045506381544566,-0.004066237825642305,0.02611174420718687
LASE,2026-06-02 14:28:00,2.15,2.1,2.105,2.14,421650.0,755827.6,2.1019752622548666,2.0913566513330464,1.6725284390514852,0.021135123230784814,-0.0068905907023258176,0.02802571393311063
LASE,2026-06-02 14:27:00,2.14,2.07,2.078,2.1,562073.0,753534.7,2.092469077818583,2.086236298841788,1.6714684808234361,0.01883081421682231,-0.011480420792086856,0.030311235008909167
LASE,2026-06-02 14:26:00,2.1,2.07,2.085,2.08,247097.0,767079.3,2.0905863472732285,2.0847874881935553,1.6701304793930565,0.019688502504938032,-0.014001333157759734,0.033689835662697766
LASE,2026-06-02 14:25:00,2.09,2.07,2.0852,2.0868,177171.0,803647.9,2.0932329340915357,2.085291434319193,1.6695669212885718,0.022533210065334153,-0.015385282317145907,0.03791849238248006
LASE,2026-06-02 14:24:00,2.1,2.07,2.0999,2.0899,330019.0,864572.85,2.0948411676144194,2.085132637931739,1.669162941476989,0.025143971932380715,-0.017289033925664263,0.04243300585804498
LASE,2026-06-02 14:23:00,2.1,2.06,2.0627,2.0903,355934.0,897275.95,2.096076459518024,2.084630810345607,1.668400353339526,0.027794886578212274,-0.01944662023272959,0.047241506810941865
LASE,2026-06-02 14:22:00,2.1,2.03,2.0959,2.06,809794.0,967188.8,2.09752057439753,2.0840340535398814,1.6675810702965643,0.03073340110320899,-0.021636154299655097,0.05236955540286409
LASE,2026-06-02 14:21:00,2.13,2.09,2.105,2.095,651351.0,977969.85,2.106900717996912,2.0865639539125005,1.6657956736546642,0.03712207380815791,-0.02074296503203108,0.05786503884018899
LASE,2026-06-02 14:20:00,2.12,2.09,2.1,2.1051,579538.0,973505.55,2.1098758974961402,2.0856759490611845,1.6641961257948186,0.0411727495325378,-0.02105882295624216,0.06223157248877996
LASE,2026-06-02 14:19:00,2.11,2.09,2.1,2.0939,399400.0,961281.9,2.1110698718701753,2.0836313121202568,1.6627629968256576,0.044715644736636584,-0.020890482574891955,0.06560612731152854
LASE,2026-06-02 14:18:00,2.1,2.04,2.09,2.0903,524937.0,958473.6,2.115362339837719,2.0825503976065995,1.661785759996401,0.04972762160097144,-0.01868112312544508,0.06840874472641652
LASE,2026-06-02 14:17:00,2.11,2.08,2.105,2.0801,446145.0,945914.4,2.121627924797149,2.0817346499862417,1.660557421325889,0.05576796121179939,-0.014846405172588922,0.07061436638438831
LASE,2026-06-02 14:16:00,2.1299,2.08,2.125,2.1081,906003.0,932950.8,2.1320099059964357,2.081906718405846,1.6594742638630067,0.0637050061519937,-0.008496948768837012,0.07220195492083072
LASE,2026-06-02 14:15:00,2.15,2.11,2.1254,2.1201,565148.0,893267.45,2.1379873824955444,2.0791495308696195,1.6571755607271632,0.07005803433163127,-0.0024421677849456452,0.07250020211657691
LASE,2026-06-02 14:14:00,2.2,2.11,2.155,2.125,1061264.0,871418.9,2.1424592281194306,2.074838955171685,1.6556629610243911,0.07592596434518128,0.004569359959850694,0.07135660438533059
LASE,2026-06-02 14:13:00,2.27,2.12,2.21,2.16,1983276.0,826811.75,2.146824035149288,2.069558845189757,1.6526846474244208,0.08181229008109137,0.013095565692075567,0.0687167243890158
LASE,2026-06-02 14:12:00,2.26,2.2,2.225,2.2158,1429269.0,737656.75,2.14353004393661,2.060038723630784,1.6465794849543067,0.08457174889192798,0.020303179244877068,0.06426856964705091
LASE,2026-06-02 14:11:00,2.24,2.16,2.175,2.2253,1440145.0,671720.8,2.1254625549207624,2.043642799802446,1.6417413199487634,0.08118223269933145,0.023071153693557667,0.05811107900577378
LASE,2026-06-02 14:10:00,2.2,2.13,2.13,2.1799,1307921.0,623214.75,2.100503193650953,2.024520989255335,1.6369268305323825,0.07470787228333586,0.02372622834018931,0.050981643943146554
LASE,2026-06-02 14:09:00,2.15,2.11,2.125,2.14,918417.0,563235.7,2.0806539920636906,2.008165303913791,1.6327820455360138,0.06998011957370776,0.025834558274921864,0.04414556129878589
LASE,2026-06-02 14:08:00,2.13,2.11,2.115,2.1252,375792.0,524273.6,2.0658174900796133,1.9942879674836638,1.630033979819721,0.06699044073961913,0.02922769369549655,0.03776274704412258
LASE,2026-06-02 14:07:00,2.15,2.07,2.1498,2.12,832965.0,511589.7,2.0509718625995164,1.9805077535345759,1.628926941945719,0.06370702607153356,0.03225734938057047,0.03144967669096309
LASE,2026-06-02 14:06:00,2.17,2.09,2.125,2.145,978469.0,475046.5,2.033714828249395,1.9658243591697944,1.6264973983731768,0.059119001879591515,0.03408754644378216,0.025031455435809355
LASE,2026-06-02 14:05:00,2.15,2.075,2.0999,2.1297,1395670.0,431376.4,2.0058935353117437,1.946963765398194,1.623483736026347,0.04985764733817266,0.03144772456528053,0.018409922772892134
LASE,2026-06-02 14:04:00,2.1,2.03,2.045,2.09,984081.0,371270.2,1.9749419191396793,1.9277283722822145,1.6192657080745363,0.03886940721675214,0.026471516323447672,0.012397890893304469
LASE,2026-06-02 14:03:00,2.09,2.02,2.03,2.04,1754191.0,327388.8,1.9461773989245992,1.9106471483119214,1.6165196404962063,0.0283212257204406,0.02088715413209634,0.007434071588344261
LASE,2026-06-02 14:02:00,2.03,1.94,1.9588,2.0299,1025415.0,247879.7,1.922721748655749,1.8970310586605446,1.6117956017994821,0.019536874418305983,0.015984375258870663,0.0035524991594353215
LASE,2026-06-02 14:01:00,1.97,1.89,1.8966,1.95,562065.0,216420.3,1.8959271858196862,1.883044854309023,1.609306942482416,0.00906903876476961,0.008914914260955756,0.00015412450381385332
LASE,2026-06-02 14:00:00,1.91,1.89,1.8904,1.9,335065.0,194533.85,1.8824089822746077,1.8759969442362885,1.6081524707410542,0.0037116334213136426,0.0054557125616394,-0.0017440791403257566
LASE,2026-06-02 13:59:00,1.91,1.88,1.9,1.8952,343234.0,188324.05,1.8780112278432597,1.8734703067874767,1.6075376187339716,0.00191055775135629,0.004653763543312452,-0.002743205791956162
LASE,2026-06-02 13:58:00,1.9,1.86,1.875,1.9,273753.0,192457.9,1.8737140348040744,1.8711829706598426,1.6069157541700076,7.266760168178621e-05,0.0037706554881793866,-0.0036979878864976004
LASE,2026-06-02 13:57:00,1.88,1.85,1.86,1.875,186873.0,206622.9,1.8671425435050928,1.8681495991503523,1.6064323571433237,-0.0027629328090184035,0.0017903880361630365,-0.00455332084518144
LASE,2026-06-02 13:56:00,1.87,1.85,1.86,1.865,112336.0,224673.65,1.8651781793813658,1.8674285043240735,1.6061230643295743,-0.0037965474014536316,0.0010921581976896634,-0.004888705599143295
LASE,2026-06-02 13:55:00,1.8799,1.85,1.8603,1.86,128177.0,236147.35,1.8652227242267072,1.8676841363581866,1.6059415217325916,-0.004042411155412928,0.000863864963405566,-0.004906276118818494
LASE,2026-06-02 13:54:00,1.88,1.84,1.875,1.8694,169121.0,246076.05,1.8665284052833837,1.8684929928169431,1.6057327386341889,-0.0037883330936607784,0.0011382417449058166,-0.004926574838566595
LASE,2026-06-02 13:53:00,1.88,1.86,1.8602,1.875,200176.0,261814.9,1.8658105066042296,1.8683975183766213,1.6054569229519708,-0.004366024977116689,0.0007116476236704496,-0.005077672600787139
LASE,2026-06-02 13:52:00,1.86,1.84,1.85,1.86,110550.0,268153.15,1.863513133255287,1.8677025203110025,1.6051188588993643,-0.0056100458905150585,-0.00031562920195970547,-0.005294416688555353
LASE,2026-06-02 13:51:00,1.88,1.81,1.8716,1.858,470024.0,271400.85,1.8643914165691085,1.868513311922687,1.60494465672167,-0.005588995552481046,-0.0003098937841392096,-0.005279101768341837
LASE,2026-06-02 13:50:00,1.875,1.85,1.86,1.875,108340.0,261971.0,1.8659892707113854,1.8696199763356014,1.6042132369731354,-0.00527719682208172,1.870191732488563e-05,-0.005295898739406606
LASE,2026-06-02 13:49:00,1.86,1.845,1.855,1.855,139175.0,283685.05,1.8637365883892316,1.8690536580551385,1.6040320586009407,-0.006533378125141764,-0.0010373948293816325,-0.005495983295760132
LASE,2026-06-02 13:48:00,1.87,1.85,1.855,1.855,122114.0,324156.3,1.8659207354865395,1.870532990481995,1.6038107815866676,-0.0060053276701361735,-0.0006054204491746868,-0.005399907220961487
LASE,2026-06-02 13:47:00,1.88,1.85,1.8753,1.85,102101.0,326251.9,1.8686509193581742,1.8721680421116786,1.6036124094586222,-0.005243993050545237,0.00013575215819664616,-0.005379745208741883
LASE,2026-06-02 13:46:00,1.88,1.8601,1.8749,1.8789,105067.0,335388.65,1.8733136491977176,1.8745015202286974,1.603445223797799,-0.0036868860553505023,0.0019404863759706088,-0.005627372431321111
LASE,2026-06-02 13:45:00,1.88,1.85,1.88,1.87,193546.0,352059.05,1.871917061497147,1.874038522358034,1.603264224490465,-0.0045883693297692485,0.0019169299656326983,-0.006505299295401947
LASE,2026-06-02 13:44:00,1.88,1.86,1.88,1.8732,106453.0,350982.75,1.8723963268714334,1.8744636299746693,1.6029380086283365,-0.004766068064322004,0.0027649363579474347,-0.007531004422269439
LASE,2026-06-02 13:43:00,1.8899,1.86,1.8799,1.87,164009.0,359270.6,1.8721954085892916,1.8745966436562136,1.6027552414747237,-0.005249369822761141,0.003607067462769998,-0.008856437285531139
LASE,2026-06-02 13:42:00,1.875,1.83,1.8601,1.875,396227.0,365117.3,1.8727442607366143,1.8750805008831835,1.6024708214683903,-0.0054640659606555175,0.0047244968492248535,-0.010188562809880371
LASE,2026-06-02 13:41:00,1.88,1.86,1.8714,1.865,124336.0,374678.6,1.8721803259207677,1.8750889746603607,1.6018150866201895,-0.00616770988995885,0.005584245352351264,-0.011751955242310114
LASE,2026-06-02 13:40:00,1.88,1.865,1.8755,1.87,210869.0,400526.6,1.8739754074009596,1.8761509719930303,1.6016019643954378,-0.005957921452233839,0.007007644418489318,-0.012965565870723157
LASE,2026-06-02 13:39:00,1.91,1.87,1.9022,1.875,425911.0,410072.85,1.8749692592511993,1.8767984427291386,1.6012352104055956,-0.006112585352413991,0.007953196923889195,-0.014065782276303186
LASE,2026-06-02 13:38:00,1.92,1.88,1.89,1.9001,557053.0,396787.75,1.874961574063999,1.8769877524901006,1.6004547254829076,-0.006730173307154308,0.008467865721989418,-0.015198039029143726
LASE,2026-06-02 13:37:00,1.9,1.86,1.8899,1.885,547888.0,390253.0,1.8686769675799988,1.874554884331164,1.5993731431104068,-0.009976183048554965,0.006367904335002492,-0.016344087383557457
LASE,2026-06-02 13:36:00,1.89,1.8601,1.8736,1.89,341810.0,375936.45,1.8645962094749984,1.8734553984712865,1.5983671618544686,-0.012436709183236472,0.004553414404678515,-0.016990123587914987
LASE,2026-06-02 13:35:00,1.88,1.84,1.855,1.8799,326751.0,371016.6,1.8582452618437477,1.871713861468264,1.5977395614039582,-0.01590542858883759,0.001447193552774572,-0.01735262214161216
LASE,2026-06-02 13:34:00,1.88,1.85,1.865,1.8517,483898.0,377286.2,1.8528315773046846,1.8708521626754497,1.597165593646684,-0.019073060577967205,-0.0016995420589686408,-0.017373518518998564
LASE,2026-06-02 13:33:00,1.8699,1.815,1.82,1.865,326941.0,381354.45,1.8531144716308559,1.8728681797991815,1.5963303056611635,-0.019967411799322043,-0.003316347830028654,-0.01665106396929339
LASE,2026-06-02 13:32:00,1.83,1.82,1.8218,1.82,175504.0,418419.25,1.8501430895385698,1.873696409251727,1.5957857061201601,-0.022172675913860962,-0.006369835065946676,-0.015802840847914286
LASE,2026-06-02 13:31:00,1.86,1.82,1.86,1.83,281427.0,451048.3,1.857678861923212,1.8793486628571718,1.5955231291921266,-0.020083065006761824,-0.005966058143074389,-0.014117006863687435
LASE,2026-06-02 13:30:00,1.88,1.83,1.8318,1.8563,542621.0,477648.5,1.8645985774040148,1.8845432589474003,1.5950760926969747,-0.018142026139783995,-0.005499670509739157,-0.012642355630044838
LASE,2026-06-02 13:29:00,1.86,1.8,1.86,1.835,948600.0,471998.2,1.8666732217550184,1.8875162335734423,1.5941421441437846,-0.018078488878444654,-0.00697841528870629,-0.011100073589738364
LASE,2026-06-02 13:28:00,1.87,1.85,1.85,1.855,164026.0,435591.2,1.874591527193773,1.8930442581601206,1.5926432176867946,-0.015565705117557949,-0.00653156753370185,-0.009034137583856098
LASE,2026-06-02 13:27:00,1.89,1.85,1.8887,1.855,284836.0,450460.15,1.879489408992216,1.8970489169138174,1.5923529818733368,-0.014168432679225296,-0.007006586325915008,-0.007161846353310288
LASE,2026-06-02 13:26:00,1.89,1.85,1.865,1.8817,438475.0,454701.3,1.8856117612402699,1.9014751186942191,1.5918347988741217,-0.012178918655328275,-0.007013191278185005,-0.00516572737714327
LASE,2026-06-02 13:25:00,1.88,1.86,1.87,1.8603,172020.0,479579.65,1.8865897015503372,1.903556710135716,1.591007134309896,-0.012180972848022664,-0.008702561039076804,-0.0034784118089458606
LASE,2026-06-02 13:24:00,1.9,1.87,1.8801,1.87,272210.0,502561.1,1.8931621269379213,1.9081100480447388,1.5906893227232466,-0.009827507867090413,-0.00844788098948103,-0.001379626877609382
LASE,2026-06-02 13:23:00,1.91,1.875,1.9098,1.88,280943.0,519113.85,1.8989526586724015,1.912121632049448,1.5901607295466575,-0.00766832154063346,-0.008334807053200244,0.0006664855125667834
LASE,2026-06-02 13:22:00,1.91,1.85,1.86,1.905,587453.0,571242.35,1.9036908233405017,1.9155028564757057,1.5895974049839503,-0.005819057225182833,-0.008612280338603819,0.0027932231134209845
LASE,2026-06-02 13:21:00,1.9,1.84,1.89,1.855,641296.0,601941.45,1.903363529175627,1.9166084203152536,1.5884125849968824,-0.005919537212004888,-0.010627737314926972,0.004708200102922083
LASE,2026-06-02 13:20:00,1.9,1.88,1.9,1.89,401794.0,636429.85,1.9154544114695335,1.9230935171905434,1.5872098577502425,-0.0008707747630103402,-0.00784247268659052,0.00697169792358018
LASE,2026-06-02 13:19:00,1.91,1.895,1.9081,1.909,160209.0,683819.0,1.921818014336917,1.926577045315864,1.5863826659650375,0.0020223114866224634,-0.006392573705729375,0.008414885192351838
LASE,2026-06-02 13:18:00,1.9265,1.87,1.925,1.91,426358.0,726207.7,1.9250225179211462,1.9284272606122705,1.5860355807717825,0.0037509806781665933,-0.0058518207627206095,0.009602801440887203
LASE,2026-06-02 13:17:00,1.94,1.91,1.93,1.925,261557.0,761111.55,1.9287781474014327,1.9303669722556676,1.5851154741072786,0.005801013272782374,-0.00511180294679223,0.010912816219574604
LASE,2026-06-02 13:16:00,1.93,1.9002,1.93,1.9201,243413.0,829688.35,1.9297226842517907,1.9309319167036325,1.5845075205157335,0.006805949227760566,-0.005224230750185261,0.012030179977945827
LASE,2026-06-02 13:15:00,1.94,1.8901,1.905,1.9203,452143.0,854515.15,1.9321283553147384,1.9320721184619096,1.5839535113603014,0.008488526403347407,-0.0050292760527757,0.013517802456123107
LASE,2026-06-02 13:14:00,1.94,1.89,1.9345,1.91,565263.0,912064.9,1.9350854441434229,1.933311288826321,1.5829194097548787,0.010492273614320258,-0.004635790870142842,0.0151280644844631
LASE,2026-06-02 13:13:00,1.99,1.92,1.975,1.9326,1068237.0,1029222.55,1.9413568051792782,1.935765108702776,1.5816310342421624,0.013945896074663011,-0.003091391612258833,0.017037287686921844
LASE,2026-06-02 13:12:00,1.98,1.95,1.955,1.9799,828085.0,1029996.95,1.9435460064740977,1.9360982780399103,1.5789147298966832,0.015850033890232096,-0.0028844068228868307,0.018734440713118927
LASE,2026-06-02 13:11:00,1.97,1.92,1.9228,1.9598,813431.0,1109779.3,1.934457508092622,1.931487570465164,1.5766513290501358,0.013233860209155512,-0.007061884158138968,0.02029574436729448
LASE,2026-06-02 13:10:00,1.94,1.91,1.91,1.925,429615.0,1113163.2,1.9281218851157773,1.928507314724655,1.5745168782981227,0.011748724198629823,-0.010516341965156745,0.022265066163786568
LASE,2026-06-02 13:09:00,1.94,1.91,1.934,1.9151,220460.0,1126134.7,1.9289023563947216,1.9288765057483028,1.5734552109341735,0.013225532793215145,-0.011078105157731916,0.02430363795094706
LASE,2026-06-02 13:08:00,1.94,1.87,1.905,1.935,461405.0,1182471.9,1.932352945493402,1.930326664248124,1.5729130453339772,0.01592610619513013,-0.009968690264667818,0.025894796459797947
LASE,2026-06-02 13:07:00,1.94,1.9,1.925,1.905,369659.0,1238825.05,1.9316911818667526,1.9298347341689794,1.5717947571426867,0.017115185610735884,-0.010028619760943751,0.027143805371679635
LASE,2026-06-02 13:06:00,1.94,1.87,1.9299,1.93,936042.0,1413577.6,1.9383639773334407,1.9324489167130825,1.5708935408413283,0.02143848063777143,-0.007606109444717905,0.029044590082489333
LASE,2026-06-02 13:05:00,1.96,1.91,1.935,1.925,631649.0,1518040.15,1.9404549716668007,1.9327066974197227,1.5686013500970202,0.024099290208456248,-0.006711349837054535,0.030810640045510783
LASE,2026-06-02 13:04:00,1.96,1.91,1.92,1.9361,603265.0,1541501.35,1.9443187145835008,1.9335179287270619,1.5669539544752,0.027654006566552702,-0.005878964303825285,0.03353297087037799
LASE,2026-06-02 13:03:00,1.98,1.9,1.9703,1.9102,1323513.0,1575175.65,1.946373393229376,1.933246131750963,1.5653504646743164,0.03065869534991883,-0.006763768904063994,0.03742246425398282
LASE,2026-06-02 13:02:00,2.02,1.96,2.02,1.975,1201435.0,1575323.8,1.95541674153672,1.9356720403563275,1.5618342637909228,0.036684917101052816,-0.0065014020562287195,0.043186319157281536
LASE,2026-06-02 13:01:00,2.025,1.98,2.01,2.02,1331064.0,1655205.35,1.9505209269209,1.9315322551306777,1.558098161872743,0.037245150432848595,-0.01180274050215352,0.049047890935002114
LASE,2026-06-02 13:00:00,2.02,1.92,1.9398,2.01,1349577.0,1701194.45,1.933151158651125,1.922219860933907,1.5536506688668978,0.03283664606095371,-0.022786994842597587,0.0556236409035513
LASE,2026-06-02 12:59:00,1.94,1.89,1.8999,1.935,1007983.0,1733755.7,1.9139389483139062,1.912979846295371,1.5493036247938632,0.02775034926539388,-0.03502736964951865,0.06277771891491253
LASE,2026-06-02 12:58:00,1.92,1.89,1.9001,1.895,1124435.0,1768610.7,1.9086736853923827,1.9106619353790943,1.54646856394935,0.02849110718429193,-0.04267438326878355,0.07116549045307548
LASE,2026-06-02 12:57:00,1.92,1.83,1.83,1.9,1633093.0,1824264.45,1.9120921067404781,1.9123105601558412,1.5434259142804665,0.03309489482355055,-0.046792814875078914,0.07988770969862946
LASE,2026-06-02 12:56:00,1.84,1.8,1.815,1.835,739949.0,1785124.7,1.9151151334255978,1.9136064085932982,1.5391438271458744,0.03798053075840668,-0.05034338623216385,0.08832391699057053
LASE,2026-06-02 12:55:00,1.83,1.76,1.82,1.8114,1603138.0,1846495.9,1.9351439167819973,1.9218807673925928,1.537502786391433,0.05028211654059178,-0.04645000967162778,0.09673212621221956
LASE,2026-06-02 12:54:00,1.9299,1.79,1.926,1.82,2908416.0,1842558.9,1.9660798959774965,1.9335103218549712,1.5341909221939574,0.06765494615289946,-0.03598561496338043,0.1036405611162799
LASE,2026-06-02 12:53:00,1.94,1.88,1.9335,1.925,1083725.0,1752020.8,2.0025998699718706,1.9454587767870735,1.5268850811894585,0.08796928582311181,-0.021539253338315745,0.10950853916142755
LASE,2026-06-02 12:52:00,2.07,1.88,2.07,1.94,2423732.0,1800675.8,2.0219998374648385,1.9476123322383443,1.523473751564347,0.10192730793566462,-0.01108826768427204,0.11301557561993666
LASE,2026-06-02 12:51:00,2.12,2.05,2.08,2.08,881109.0,1763284.45,2.042499796831048,1.9484136303686963,1.5146538225197776,0.11673296804389555,0.0010085409289638525,0.1157244271149317
LASE,2026-06-02 12:50:00,2.09,2.03,2.0884,2.085,689045.0,1786005.3,2.0331247460388098,1.9345624335654013,1.5104780096510617,0.11967789468321732,0.003491575650486939,0.11618631903273038
LASE,2026-06-02 12:49:00,2.11,2.04,2.055,2.0898,1347204.0,1814898.55,2.020155932548512,1.9187269002564962,1.5072560948920815,0.12118683167110444,0.005342973614880092,0.11584385805622435
LASE,2026-06-02 12:48:00,2.12,2.03,2.1,2.0583,1588468.0,1802035.55,2.00274491568564,1.9007192055466537,1.5007154555800697,0.12086133914770092,0.00588066214796408,0.11498067699973684
LASE,2026-06-02 12:47:00,2.2799,2.05,2.14,2.1,3864710.0,1757911.9,1.98885614460705,1.884131753498933,1.492952261617046,0.12189518193931748,0.008114122446422886,0.11378105949289459
LASE,2026-06-02 12:46:00,2.14,1.9601,1.9687,2.1315,3025293.0,1608527.65,1.9610701807588122,1.8614087801830312,1.4706116050427396,0.11719590227422683,0.005728745749356057,0.11146715652487077
LASE,2026-06-02 12:45:00,2.0,1.92,1.95,1.96,1100873.0,1494111.45,1.918462725948515,1.8329781254654556,1.45384931818137,0.10628597219588598,-0.0024674723649918545,0.10875344456087783
LASE,2026-06-02 12:44:00,1.97,1.87,1.915,1.9528,1276751.0,1499162.45,1.9080784074356434,1.8196074018302402,1.4487079585651443,0.1082767745730453,-0.0002810578268445385,0.10855783239988984
LASE,2026-06-02 12:43:00,1.94,1.87,1.9101,1.9199,1326476.0,1502446.3,1.896898009294554,1.8055871283386864,1.442959335635919,0.10997591834064813,0.002260276156094476,0.10771564218455365
LASE,2026-06-02 12:42:00,2.01,1.87,2.0,1.91,2799066.0,1476039.95,1.8911475116181924,1.793554194479601,1.4371027686979319,0.11389481211907015,0.00733546973608859,0.10655934238298156
LASE,2026-06-02 12:41:00,2.0,1.9286,1.9301,1.99,2250846.0,1406419.45,1.8864343895227402,1.7812967412669274,1.423704863161328,0.11824809381997858,0.013152673618392424,0.10509542020158616
LASE,2026-06-02 12:40:00,1.98,1.92,1.955,1.9399,2000802.0,1330295.3,1.8605429869034253,1.7593279771897619,1.4114329675359678,0.11393903746266543,0.012286027482608666,0.10165300998005676
LASE,2026-06-02 12:39:00,2.0099,1.9,1.9061,1.9552,1705083.0,1265614.05,1.8407037336292815,1.7403203958413156,1.4005862137653085,0.11188291043987442,0.01349910540894629,0.09838380503092813
LASE,2026-06-02 12:38:00,1.94,1.85,1.855,1.9098,2237510.0,1229379.15,1.8120796670366017,1.7177014901404015,1.3908418995598015,0.10607333870620494,0.0116571601057458,0.09441617860045914
LASE,2026-06-02 12:37:00,1.87,1.81,1.81,1.855,850298.0,1148506.4,1.787649583795752,1.697480594365707,1.3788236915340049,0.10173787313041283,0.010754839711152916,0.09098303341925991
LASE,2026-06-02 12:36:00,1.89,1.78,1.87,1.81,1967373.0,1142782.4,1.77081197974469,1.6808996042989393,1.37460367629621,0.1003040552772323,0.012326587446053888,0.08797746783117841
LASE,2026-06-02 12:35:00,1.87,1.8,1.8297,1.86,1524398.0,1102166.15,1.7610149746808623,1.6673100889619856,1.3649326800983241,0.10159683241332185,0.016235029444637172,0.08536180296868467
LASE,2026-06-02 12:34:00,1.84,1.76,1.76,1.8298,1097654.0,1041631.75,1.7362687183510777,1.6470269404316684,1.3568689691044857,0.09667820494100976,0.014895581854139306,0.08178262308687045
LASE,2026-06-02 12:33:00,1.84,1.73,1.8136,1.7597,2056825.0,990766.75,1.7128858979388468,1.6277876710034231,1.3513025813532493,0.09206892834993474,0.013791987557116234,0.07827694079281851
LASE,2026-06-02 12:32:00,1.82,1.75,1.77,1.815,1675905.0,896815.45,1.7011823724235582,1.6139021626879941,1.341281388766345,0.09198408545223624,0.016673649805054702,0.07531043564718154
LASE,2026-06-02 12:31:00,1.77,1.72,1.74,1.765,1335526.0,821407.15,1.6727279655294476,1.5927339692867304,1.3323992180028572,0.0849072992744142,0.013930393097279337,0.07097690617713487
LASE,2026-06-02 12:30:00,1.74,1.65,1.685,1.74,1266910.0,760061.15,1.6496599569118093,1.57460070289586,1.325754826900944,0.07973064056345702,0.01288631952501075,0.06684432103844627
LASE,2026-06-02 12:29:00,1.7,1.65,1.67,1.68,1089944.0,703743.75,1.6270749461397613,1.5571902505691084,1.319890146100696,0.07450907776418525,0.011772632285537474,0.06273644547864778
LASE,2026-06-02 12:28:00,1.68,1.63,1.635,1.68,705995.0,662171.8,1.6138436826747016,1.5442629085237516,1.3151430164493754,0.07286978738745375,0.013890631173708923,0.05897915621374483
LASE,2026-06-02 12:27:00,1.68,1.63,1.635,1.635,877025.0,629197.95,1.5973046033433769,1.529974793631515,1.3121160462058326,0.06971753258097158,0.01494384158400381,0.054773690996967765
LASE,2026-06-02 12:26:00,1.66,1.61,1.645,1.6369,736969.0,593220.85,1.587880754179221,1.5189195087506218,1.308445442466467,0.06926185415406594,0.018559644973538347,0.05070220918052759
LASE,2026-06-02 12:25:00,1.67,1.62,1.625,1.6489,1201893.0,568102.05,1.5756259427240262,1.5065005096717399,1.3054160572588818,0.06747934308330183,0.021580677574949407,0.04589866550835243
LASE,2026-06-02 12:24:00,1.67,1.61,1.625,1.625,1342428.0,512495.45,1.5573074284050328,1.4915110896371861,1.3001898308074986,0.0630008748717692,0.022832030138649984,0.04016884473311921
LASE,2026-06-02 12:23:00,1.64,1.6,1.61,1.63,798349.0,448459.2,1.540384285506291,1.4774596253884686,1.2943566315184962,0.058801799083642026,0.024233771416928437,0.03456802766671359
LASE,2026-06-02 12:22:00,1.61,1.55,1.5545,1.6089,1406656.0,413165.5,1.5179803568828636,1.4614027438504127,1.2909123520352344,0.052077861636488754,0.02321772492281641,0.028860136713672345
LASE,2026-06-02 12:21:00,1.57,1.53,1.545,1.5599,728363.0,348410.85,1.4952504461035794,1.4458767168872981,1.2852982489681606,0.04488653985286395,0.021323418267413685,0.023563121585450264
LASE,2026-06-02 12:20:00,1.56,1.51,1.52,1.55,707177.0,319286.45,1.4790880576294743,1.4338742660333297,1.2826645917835184,0.04004399401481362,0.021048122193860288,0.018995871820953334
LASE,2026-06-02 12:19:00,1.54,1.49,1.5083,1.52,980385.0,292952.85,1.4613600720368427,1.421650504563154,1.2801856576660762,0.034288686504941435,0.01983941403412951,0.014449272470811922
LASE,2026-06-02 12:18:00,1.51,1.46,1.505,1.505,620055.0,261599.6,1.4467000900460532,1.4112979260961176,1.2769847792063407,0.02949862220681454,0.01922990777884949,0.010268714427965052
LASE,2026-06-02 12:17:00,1.51,1.47,1.5097,1.5077,735818.0,239617.85,1.4321251125575665,1.401434549895709,1.2751310951233314,0.02448296017965168,0.018262753459468446,0.006220206720183235
LASE,2026-06-02 12:16:00,1.51,1.42,1.4299,1.5038,1155048.0,211026.8,1.413231390696958,1.3902487130426258,1.2728455414841289,0.01745012668055046,0.015160733411199325,0.002289393269351134
LASE,2026-06-02 12:15:00,1.43,1.41,1.41,1.425,313710.0,159680.85,1.3905892383711973,1.378295945994481,1.2694575781993716,0.008616944626343992,0.009725603013104076,-0.0011086583867600842
LASE,2026-06-02 12:14:00,1.42,1.39,1.395,1.404,80354.0,150578.65,1.3819865479639966,1.3733797297833739,1.2687715835381588,0.00524052760986482,0.008432019725809484,-0.0031914921159446647
LASE,2026-06-02 12:13:00,1.41,1.38,1.3889,1.3903,177799.0,152045.55,1.3764831849549957,1.3701565434447815,1.2686145238702338,0.002992947670869661,0.007834855154216393,-0.004841907483346732
LASE,2026-06-02 12:12:00,1.405,1.37,1.4,1.3899,167739.0,148820.15,1.3730289811937446,1.3680361795968639,1.26829450556052,0.001475593673521347,0.0076646338745337775,-0.0061890402010124305
LASE,2026-06-02 12:11:00,1.4,1.38,1.39,1.4,108606.0,143982.2,1.3688112264921806,1.3657347248175864,1.268003532755845,-0.00044183770016359425,0.006962098180796102,-0.007403935880959696
LASE,2026-06-02 12:10:00,1.39,1.38,1.385,1.385,140562.0,146903.05,1.3610140331152256,1.3621278537457535,1.2678064685622255,-0.003911114286937023,0.004643671598563595,-0.008554785885500618
LASE,2026-06-02 12:09:00,1.39,1.35,1.3525,1.38,258505.0,143492.3,1.3550175413940322,1.3597202594032012,1.26756749171993,-0.006755011104427222,0.0024342325073226177,-0.00918924361174984
LASE,2026-06-02 12:08:00,1.36,1.33,1.33,1.355,46518.0,141189.95,1.3487719267425402,1.357585549866696,1.267169356704839,-0.009777511971777342,-0.0003759696985332576,-0.009401542273244084
LASE,2026-06-02 12:07:00,1.36,1.33,1.351,1.33,157483.0,143227.95,1.347214908428175,1.3578577130105587,1.2671143399925568,-0.010947649268332915,-0.0020114823688974926,-0.008936166899435423
LASE,2026-06-02 12:06:00,1.365,1.33,1.35,1.355,234593.0,137511.65,1.3515186355352187,1.3607901038537753,1.2669466976136625,-0.009736476882942657,-0.00179353132259457,-0.007942945560348087
LASE,2026-06-02 12:05:00,1.35,1.34,1.345,1.345,89761.0,134815.9,1.3506482944190235,1.3613995884699621,1.2666611552370683,-0.010594413556383575,-0.0032396264810251475,-0.007354787075358428
LASE,2026-06-02 12:04:00,1.35,1.34,1.3402,1.345,61703.0,152494.0,1.3520603680237793,1.3631258609404844,1.2665579658233999,-0.010517170349664484,-0.0037711772091727856,-0.006745993140491699
LASE,2026-06-02 12:03:00,1.35,1.33,1.3483,1.345,92475.0,159436.35,1.3538254600297241,1.3650338463026406,1.2664868741318416,-0.010265602906184057,-0.004032755540763766,-0.006232847365420291
LASE,2026-06-02 12:02:00,1.35,1.33,1.345,1.345,111563.0,161669.6,1.3560318250371552,1.3671426722292344,1.2663846203271485,-0.00979519350877922,-0.003992103722593517,-0.005803089786185704
LASE,2026-06-02 12:01:00,1.35,1.33,1.35,1.3403,145875.0,161366.55,1.3587897812964438,1.3694734798323116,1.2662608892426572,-0.009052304517782161,-0.0037011401558811755,-0.005351164361900986
LASE,2026-06-02 12:00:00,1.36,1.34,1.348,1.34,180505.0,160766.8,1.3634122266205546,1.3725443724462392,1.2661018629718683,-0.007493892685378034,-0.0027147987607877115,-0.004779093924590323
LASE,2026-06-02 11:59:00,1.36,1.33,1.35,1.345,353320.0,159685.75,1.369265283275693,1.3759700958616325,1.2658865872471021,-0.00536524496204982,-0.0013014390749340517,-0.004063805887115768
LASE,2026-06-02 11:58:00,1.3898,1.35,1.3845,1.3565,180420.0,153248.05,1.3753316040946162,1.3792301059523306,1.2654706227412347,-0.003079367395735444,0.00034044175509008543,-0.0034198091508255294
LASE,2026-06-02 11:57:00,1.41,1.38,1.3999,1.3866,163997.0,160282.8,1.3800395051182701,1.3816227486841548,1.2652015137390364,-0.0012878746853381973,0.001535126861701268,-0.0028230015470394653
LASE,2026-06-02 11:56:00,1.4,1.3899,1.3899,1.395,128129.0,165282.05,1.3783993813978377,1.3810988274930132,1.264889980772364,-0.00204727308500785,0.00044468067372710864,-0.002491953758734959
LASE,2026-06-02 11:55:00,1.4,1.37,1.375,1.385,131666.0,197057.65,1.3742492267472972,1.3796355461764882,1.2646402054072423,-0.0038420357975317287,-0.0018640740786223416,-0.001977961718909387
LASE,2026-06-02 11:54:00,1.38,1.36,1.3629,1.3799,109692.0,219931.9,1.3715615334341216,1.3790708668266447,1.264402239035445,-0.005058739684461688,-0.004059730480982518,-0.0009990092034791707
LASE,2026-06-02 11:53:00,1.37,1.355,1.3617,1.365,113291.0,231948.75,1.3694769167926522,1.378983589650502,1.2642225711914288,-0.006018841886550996,-0.006432065138655376,0.00041322325210438
LASE,2026-06-02 11:52:00,1.37,1.35,1.355,1.36,70980.0,236976.5,1.3705961459908154,1.3804555464558181,1.2640533972958445,-0.005639643724322463,-0.007926534164351138,0.0022868904400286747
LASE,2026-06-02 11:51:00,1.375,1.35,1.37,1.35,167023.0,242350.75,1.3732451824885192,1.38260876187222,1.263950679091772,-0.004564526888542364,-0.008904179587484901,0.004339652698942537
LASE,2026-06-02 11:50:00,1.3799,1.36,1.36,1.37,72347.0,244067.35,1.379056478110649,1.3860412631219274,1.2637123123111722,-0.002107711917949562,-0.008664919557799956,0.006557207639850394
LASE,2026-06-02 11:49:00,1.38,1.35,1.378,1.361,212458.0,254707.2,1.3813205976383112,1.387729817134762,1.2635959479780456,-0.0009776286366776077,-0.009455319744525268,0.00847769110784766
LASE,2026-06-02 11:48:00,1.38,1.361,1.38,1.371,87278.0,251111.65,1.386400747047889,1.390543482096316,1.2632730749981953,0.0013953522588612266,-0.009150060220914035,0.010545412479775262
LASE,2026-06-02 11:47:00,1.38,1.37,1.375,1.37,43157.0,251803.3,1.3902509338098612,1.3926006907380335,1.2631305435311457,0.0033856609326745613,-0.008907911936857223,0.012293572869531784
LASE,2026-06-02 11:46:00,1.38,1.36,1.3765,1.375,180678.0,258848.7,1.3953136672623265,1.3949797108157214,1.263058173869101,0.005978590753684676,-0.0077542831453169155,0.013732873899001592
LASE,2026-06-02 11:45:00,1.4,1.35,1.395,1.375,443323.0,262579.45,1.4003920840779078,1.3970828382700078,1.2627587562117548,0.008692059859720658,-0.006169043732909708,0.014861103592630365
LASE,2026-06-02 11:44:00,1.405,1.39,1.4001,1.39,200550.0,264701.55,1.4067401050973845,1.3994073475615876,1.2619943419187145,0.012029003193464893,-0.0038704348932416185,0.015899438086706512
LASE,2026-06-02 11:43:00,1.42,1.4,1.4112,1.405,137140.0,271607.55,1.4109251313717306,1.4003975946733338,1.261583297330974,0.01458591627481165,-0.0017400749010524838,0.016325991175864134
LASE,2026-06-02 11:42:00,1.42,1.41,1.415,1.41,105502.0,286504.35,1.412406414214663,1.3999131309547372,1.261272514314954,0.016110035643733367,-0.00017221635084501558,0.016282251994578383
LASE,2026-06-02 11:41:00,1.43,1.4,1.4018,1.415,133880.0,321055.6,1.4130080177683286,1.3988513552657622,1.261024371865496,0.017311947483430012,0.0012685048405633448,0.016043442642866668
LASE,2026-06-02 11:40:00,1.43,1.4,1.425,1.41,158884.0,355997.85,1.4125100222104106,1.397151497925316,1.2607048570462065,0.018085122995429748,0.0025223763837551472,0.0155627466116746
LASE,2026-06-02 11:39:00,1.44,1.42,1.43,1.43,224566.0,368978.05,1.4131375277630132,1.3957990240227174,1.260328057919527,0.019318010678084363,0.004357598466634529,0.014960412211449834
LASE,2026-06-02 11:38:00,1.45,1.41,1.42,1.44,321115.0,388142.8,1.4089219097037664,1.3921989212882666,1.2597339487964796,0.01857427080135543,0.00460750271512664,0.01396676808622879
LASE,2026-06-02 11:37:00,1.42,1.39,1.39,1.42,263982.0,402983.2,1.401152387129708,1.387167228792295,1.2588603723587843,0.01633663523794726,0.003366119855830598,0.012970515382116663
LASE,2026-06-02 11:36:00,1.45,1.39,1.425,1.3955,763641.0,411699.7,1.396440483912135,1.3837111476125366,1.2582325379349641,0.015279338424463385,0.0028205728791331867,0.012458765545330198
LASE,2026-06-02 11:35:00,1.44,1.4,1.41,1.43,589151.0,386821.85,1.3966756048901685,1.3824702157822772,1.2563643286889359,0.016202143750897013,0.0037575734758861917,0.012444570275010822
LASE,2026-06-02 11:34:00,1.4189,1.39,1.395,1.41,350029.0,373595.55,1.3883445061127107,1.3774670806014644,1.254782717320056,0.013631584094804694,0.0013311622597289314,0.012300421835075763
LASE,2026-06-02 11:33:00,1.4,1.3701,1.39,1.3928,213846.0,360640.75,1.3829306326408881,1.3740425627700394,1.2539251770135862,0.012188701274194802,-0.0007443750627728202,0.012933076336967622
LASE,2026-06-02 11:32:00,1.4,1.39,1.395,1.3974,178465.0,358371.6,1.3804632908011099,1.3720680956932014,1.2534612478831397,0.011921040637355773,-0.00205226391106466,0.013973304548420433
LASE,2026-06-02 11:31:00,1.4,1.38,1.385,1.395,201355.0,352922.85,1.3762291135013873,1.3694015794503807,1.2530478881104437,0.010937647742519596,-0.004314429313471046,0.015252077055990642
LASE,2026-06-02 11:30:00,1.4,1.36,1.365,1.3858,285144.0,344593.1,1.3715363918767343,1.3667070088662103,1.2525922061861907,0.009767751389582857,-0.006806866101720328,0.016574617491303185
LASE,2026-06-02 11:29:00,1.37,1.35,1.36,1.365,140547.0,343494.25,1.3679704898459177,1.3646972203258114,1.2519872768343594,0.00906918911525878,-0.008647383529767814,0.017716572645026595
LASE,2026-06-02 11:28:00,1.37,1.35,1.3608,1.3602,101111.0,347059.55,1.368713112307397,1.36466534878116,1.2517338499325623,0.010163472334354218,-0.008678740599719386,0.018842212934073604
LASE,2026-06-02 11:27:00,1.37,1.3401,1.3402,1.36,184065.0,355052.45,1.3708413903842462,1.3651353854949662,1.2515534704778295,0.011901070590954355,-0.00779608295219918,0.019697153543153535
LASE,2026-06-02 11:26:00,1.36,1.34,1.345,1.3463,255293.0,364774.85,1.3735517379803077,1.365675952389173,1.2512337921648078,0.013966134975328393,-0.005996772045210996,0.019962907020539388
LASE,2026-06-02 11:25:00,1.39,1.33,1.385,1.345,485765.0,359865.55,1.3803646724753844,1.3677155263248755,1.2508207711352748,0.01779367337174298,-0.0023124136820580413,0.02010608705380102
LASE,2026-06-02 11:24:00,1.4,1.36,1.37,1.385,338670.0,340925.95,1.3892058405942307,1.3701066343590729,1.2499745124076476,0.022552550766850477,0.002710703474206374,0.019841847292644103
LASE,2026-06-02 11:23:00,1.42,1.37,1.4111,1.37,435076.0,327764.85,1.3902573007427883,1.3685389116600277,1.249224447271098,0.024225844449087708,0.005598154695041598,0.01862768975404611
LASE,2026-06-02 11:22:00,1.46,1.39,1.44,1.4101,796527.0,313933.15,1.3953216259284853,1.3683851128873992,1.2482113829722175,0.02753647246606583,0.01001671018497995,0.01751976228108588
LASE,2026-06-02 11:21:00,1.46,1.42,1.4299,1.4402,832725.0,281974.6,1.3916270324106066,1.3639940721387045,1.2458610396971608,0.027278598080956673,0.011428013306618506,0.015850584774338167
LASE,2026-06-02 11:20:00,1.43,1.4,1.4094,1.42,418488.0,250007.1,1.3794837905132582,1.355972395521726,1.2430434933828696,0.023487949711876288,0.009650178188322832,0.013837771523553456
LASE,2026-06-02 11:19:00,1.43,1.4,1.41,1.405,607861.0,234548.0,1.3693547381415727,1.3492326476819079,1.2417682989238585,0.02036478834316835,0.008092300388938867,0.012272487954229482
LASE,2026-06-02 11:18:00,1.42,1.36,1.3677,1.42,617923.0,208897.8,1.360443422676966,1.343362400069477,1.2399362493392292,0.01760955636575323,0.00657445845671434,0.011035097909038892
LASE,2026-06-02 11:17:00,1.37,1.35,1.3622,1.3667,438312.0,184716.05,1.3455542783462073,1.335295284287317,1.2381622315147718,0.01230946673107769,0.0025069581866782147,0.009802508544399475
LASE,2026-06-02 11:16:00,1.37,1.35,1.3501,1.365,266084.0,184682.35,1.340267847932759,1.3319895247386135,1.2371790982423583,0.01079248735400351,0.0013651869350562312,0.00942730041894728
LASE,2026-06-02 11:15:00,1.36,1.3205,1.3205,1.36,324625.0,183268.25,1.3340848099159488,1.3285147378689937,1.2365773743020627,0.008872379314843304,-0.00042603816132192295,0.009298417476165227
LASE,2026-06-02 11:14:00,1.33,1.31,1.31,1.325,90933.0,185353.9,1.327606012394936,1.3252004997499403,1.2359233329381385,0.006801661354826516,-0.0027060958201708535,0.00950775717499737
LASE,2026-06-02 11:13:00,1.34,1.31,1.33,1.3199,168463.0,195283.65,1.3282575154936698,1.325221604986776,1.235780619352803,0.0076233753570624785,-0.002771260545333238,0.010394635902395716
LASE,2026-06-02 11:12:00,1.34,1.33,1.33,1.334,69490.0,204839.45,1.330346894367087,1.3257817739327522,1.2355099161295724,0.009080568496540486,-0.0023978019542855045,0.011478370450825991
LASE,2026-06-02 11:11:00,1.34,1.33,1.335,1.3323,34760.0,234958.6,1.3294336179588586,1.3249166975046207,1.2353832432286318,0.009372759470979153,-0.003116219506013136,0.012488978976992289
LASE,2026-06-02 11:10:00,1.35,1.33,1.34,1.335,263167.0,278976.75,1.328717022448573,1.324139507768265,1.2353201202651918,0.009782461267866527,-0.0038882991600298553,0.013670760427896382
LASE,2026-06-02 11:09:00,1.35,1.33,1.3378,1.3302,211853.0,283325.35,1.327146278060716,1.3229962980596612,1.2348189922471375,0.009888190306543088,-0.0050823762740813145,0.014970566580624402
LASE,2026-06-02 11:08:00,1.35,1.31,1.3102,1.3385,260969.0,305071.0,1.3263828475758948,1.3222380136448888,1.2344183116237653,0.010368038056904227,-0.006052850640716263,0.01642088869762049
LASE,2026-06-02 11:07:00,1.32,1.31,1.31,1.315,378513.0,317825.35,1.3233535594698682,1.3205262256075085,1.2339393649656345,0.009984599541083217,-0.007881370196729739,0.017865969737812955
LASE,2026-06-02 11:06:00,1.32,1.31,1.3164,1.315,157107.0,345333.15,1.325441949337335,1.3211079335661937,1.2333631241592165,0.011742689296655673,-0.007960143510008424,0.019702832806664097
LASE,2026-06-02 11:05:00,1.33,1.31,1.32,1.32,106973.0,353352.5,1.3280524366716686,1.3217508739415826,1.233121534445698,0.013815848376725892,-0.007898745421235531,0.021714593797961423
LASE,2026-06-02 11:04:00,1.33,1.31,1.325,1.32,75448.0,361393.05,1.3300655458395856,1.3219351764617493,1.2329461226390739,0.015751904535262984,-0.007931750917155651,0.023683655452418635
LASE,2026-06-02 11:03:00,1.33,1.31,1.325,1.325,158442.0,385227.3,1.3325819322994819,1.3221388792471966,1.2328219782070167,0.017993897602555542,-0.007586991858001806,0.025580889460557348
LASE,2026-06-02 11:02:00,1.35,1.325,1.3361,1.328,157356.0,383824.95,1.3344774153743522,1.3218377086416384,1.2325551106759687,0.020084675697862986,-0.007172355262140918,0.027257030960003904
LASE,2026-06-02 11:01:00,1.35,1.33,1.335,1.33,193375.0,385150.7,1.3360967692179402,1.32118904639339,1.2322505809923754,0.022155673547541,-0.006448297970924145,0.028603971518465145
LASE,2026-06-02 11:00:00,1.34,1.33,1.34,1.34,109306.0,388023.85,1.337620961522425,1.320261577592694,1.2318652277356026,0.024273119187711023,-0.005319927987123524,0.029593047174834547
LASE,2026-06-02 10:59:00,1.34,1.33,1.3349,1.3383,94857.0,388907.65,1.3370262019030312,1.318183848918241,1.2316461443345281,0.02560450443479767,-0.004481124679502301,0.03008562911429997
LASE,2026-06-02 10:58:00,1.35,1.32,1.3201,1.34,134288.0,398973.85,1.336707752378789,1.3160663593306872,1.2314563074191347,0.027104497903845726,-0.0031987084624366495,0.030303206366282375
LASE,2026-06-02 10:57:00,1.35,1.31,1.35,1.3201,437638.0,398369.0,1.335884690473486,1.3135470287339173,1.231184912722961,0.028451696871192977,-0.0018800877212818354,0.030331784592474813
LASE,2026-06-02 10:56:00,1.37,1.34,1.35,1.34,237802.0,392473.45,1.3398308630918574,1.312857242284856,1.230375147682581,0.03178355159866286,0.0014503389774151408,0.03033321262124772
LASE,2026-06-02 10:55:00,1.3599,1.34,1.35,1.35,366338.0,404998.2,1.3397885788648216,1.3100001098937881,1.2298215245671633,0.03354772179119814,0.003878123113979292,0.029669598677218845
LASE,2026-06-02 10:54:00,1.37,1.35,1.37,1.355,289528.0,401711.1,1.3372357235810268,1.3057895951457659,1.228958798585999,0.03429329579270779,0.0055628736817786295,0.02873042211092916
LASE,2026-06-02 10:53:00,1.37,1.36,1.37,1.365,359579.0,391081.6,1.3327946544762832,1.3006095525295307,1.2282203916665768,0.034237016852195046,0.006727263011529573,0.027509753840665473
LASE,2026-06-02 10:52:00,1.37,1.35,1.355,1.3602,671873.0,387500.6,1.3247433180953538,1.293831610690534,1.2272439158416493,0.03264900966845441,0.0067118627789109035,0.025937146889543506
LASE,2026-06-02 10:51:00,1.37,1.33,1.33,1.355,915123.0,360223.25,1.3158791476191922,1.2868454644474323,1.2254481998575097,0.03063596763148424,0.006180971306230826,0.024454996325253414
LASE,2026-06-02 10:50:00,1.34,1.31,1.315,1.3392,350139.0,322914.45,1.3060989345239904,1.27967130281032,1.223080360801963,0.028150434447838713,0.005158231456040517,0.022992202991798195
LASE,2026-06-02 10:49:00,1.34,1.31,1.3289,1.315,646766.0,319432.8,1.297823668154988,1.2734051241587745,1.2223092944131175,0.02617725668328963,0.004461127811931771,0.02171612887135786
LASE,2026-06-02 10:48:00,1.33,1.31,1.32,1.32,516056.0,292436.0,1.293529585193735,1.2690267161754878,1.220964473571,0.0257420042393266,0.004979903160227273,0.020762101079099326
LASE,2026-06-02 10:47:00,1.33,1.29,1.3,1.32,928669.0,272465.9,1.2869119814921686,1.2636611073518549,1.2198832368550587,0.024302943785550868,0.0046147859123474265,0.01968815787320344
LASE,2026-06-02 10:46:00,1.3,1.29,1.2999,1.29,317494.0,229381.4,1.2786399768652106,1.2577306975994187,1.2180104381010854,0.022112681987668914,0.003583861597641423,0.01852882039002749
LASE,2026-06-02 10:45:00,1.3,1.29,1.3,1.3,267784.0,219296.75,1.275799971081513,1.2543339289256734,1.21749080267992,0.0220500179185521,0.004473999404643259,0.01757601851390884
LASE,2026-06-02 10:44:00,1.3,1.27,1.275,1.2999,552133.0,216460.9,1.2697499638518912,1.2495269740757442,1.217027411209379,0.02063112642788223,0.004621911062724731,0.016009215365157498
LASE,2026-06-02 10:43:00,1.28,1.27,1.275,1.2713,130395.0,193223.95,1.2622124548148639,1.2442245502942437,1.2161364714888914,0.01853019763174868,0.004209492529238169,0.01432070510251051
LASE,2026-06-02 10:42:00,1.28,1.26,1.27,1.28,183871.0,198532.6,1.2599405685185796,1.2413745029567955,1.2159697433317829,0.018491118366403603,0.005622934194556627,0.012868184171846975
LASE,2026-06-02 10:41:00,1.28,1.25,1.2598,1.2725,250838.0,198454.0,1.2549257106482243,1.237308661162774,1.2157347676993577,0.01728645910966997,0.006093526756066461,0.01119293235360351
LASE,2026-06-02 10:40:00,1.26,1.25,1.2535,1.26,126982.0,193335.65,1.2505321383102803,1.233604309706224,1.2154438712210793,0.016261072798571252,0.006786550973679164,0.009474521824892088
LASE,2026-06-02 10:39:00,1.28,1.25,1.26,1.2595,296181.0,207076.95,1.2481651728878502,1.2308258159910896,1.2153262667580262,0.01598850957533493,0.008335345991208717,0.0076531635841262146
LASE,2026-06-02 10:38:00,1.27,1.26,1.26,1.265,122191.0,204983.2,1.2453314661098127,1.227807480832257,1.2150057905636273,0.015458968740217571,0.009861491851690513,0.005597476888527058
LASE,2026-06-02 10:37:00,1.29,1.26,1.2805,1.2695,319727.0,205574.95,1.2404143326372656,1.2238924788146,1.2148672411787345,0.013998224347173904,0.010539181171529518,0.0034590431756443855
LASE,2026-06-02 10:36:00,1.29,1.23,1.234,1.288,488297.0,211846.15,1.2331429157965819,1.2190916871108737,1.21444139769599,0.011471990967730106,0.010119548864134032,0.0013524421035960733
LASE,2026-06-02 10:35:00,1.24,1.23,1.24,1.24,300596.0,225076.35,1.2194286447457272,1.2118381804909657,1.2138221405417284,0.006197096858436835,0.006863693422448848,-0.0006665965640120135
LASE,2026-06-02 10:34:00,1.24,1.22,1.225,1.235,76938.0,229885.5,1.214285805932159,1.208873778437383,1.2136623796759682,0.004261546968270524,0.005869099360431878,-0.0016075523921613537
LASE,2026-06-02 10:33:00,1.24,1.2,1.225,1.22,287959.0,247183.15,1.2091072574151986,1.2061236498518446,1.2136300947388272,0.002238186243465279,0.004259042706336105,-0.0020208564628708264
LASE,2026-06-02 10:32:00,1.24,1.22,1.2301,1.225,126326.0,254486.1,1.2063840717689982,1.2046629814151968,1.2135870548333645,0.001150359482081642,0.0030045883597839664,-0.0018542288777023243
LASE,2026-06-02 10:31:00,1.24,1.21,1.2185,1.2318,168947.0,267882.5,1.2017300897112477,1.2025222426167965,1.2135432146782763,-0.0007639264494601061,0.0006809574661636121,-0.0014448839156237182
LASE,2026-06-02 10:30:00,1.22,1.19,1.195,1.2186,280506.0,270263.05,1.1942126121390597,1.1994403734185646,1.2134884322905015,-0.003888503380999442,-0.0032721998921105885,-0.0006163034888888536
LASE,2026-06-02 10:29:00,1.2,1.185,1.185,1.19,106830.0,269400.75,1.1881157651738246,1.1974235706205187,1.2135148207849258,-0.006476039706258874,-0.00731815742692774,0.0008421177206688669
LASE,2026-06-02 10:28:00,1.19,1.171,1.175,1.185,116654.0,275166.45,1.1876447064672808,1.1982049991068893,1.2135704788415658,-0.006772480038407913,-0.010000972047177332,0.0032284920087694187
LASE,2026-06-02 10:27:00,1.18,1.16,1.1619,1.1702,66979.0,284033.55,1.188305883084101,1.1995949990128778,1.213658545324005,-0.006543245989064861,-0.012404566548862128,0.005861320559797268
LASE,2026-06-02 10:26:00,1.17,1.16,1.165,1.1683,115801.0,315369.85,1.1928323538551262,1.2026892094352861,1.2137284764044054,-0.004648576406244276,-0.013274639532726083,0.008626063126481807
LASE,2026-06-02 10:25:00,1.19,1.15,1.185,1.1618,211067.0,320129.05,1.1989654423189076,1.206309126217948,1.2138609444744026,-0.0019692188455353588,-0.013116883384382012,0.011147664538846653
LASE,2026-06-02 10:24:00,1.19,1.18,1.19,1.1803,87394.0,322144.25,1.2082568028986342,1.2109942973987844,1.2140983508203147,0.002141077078795517,-0.011350871475510577,0.013491948554306094
LASE,2026-06-02 10:23:00,1.2,1.18,1.185,1.195,236568.0,327544.1,1.2152460036232928,1.2142252760723407,1.2141631816284242,0.005472530028340472,-0.009625868245917641,0.015098398274258113
LASE,2026-06-02 10:22:00,1.2098,1.18,1.2,1.185,182299.0,320520.65,1.2203075045291158,1.2162489893431134,1.2142926669043745,0.008148347719893145,-0.007722168666468122,0.015870516386361267
LASE,2026-06-02 10:21:00,1.21,1.18,1.1956,1.205,148471.0,315596.0,1.2291343806613946,1.2195383566423885,1.214393766524899,0.012463324515731289,-0.003908437335771373,0.016371761851502662
LASE,2026-06-02 10:20:00,1.24,1.18,1.2317,1.195,401808.0,320119.6,1.235167975826743,1.221068709973166,1.2144522532456496,0.015753155633099203,-0.0002509500558690869,0.01600410568896829
LASE,2026-06-02 10:19:00,1.26,1.23,1.2502,1.2367,254306.0,309827.45,1.2452099697834287,1.2238127847071836,1.214546336799727,0.020741221450058633,0.0054608869215949166,0.015280334528463717
LASE,2026-06-02 10:18:00,1.27,1.25,1.2672,1.2599,134026.0,314991.85,1.2473374622292859,1.2224562357289923,1.2143708126826935,0.02256029859897657,0.009124038874172964,0.013436259724803605
LASE,2026-06-02 10:17:00,1.27,1.225,1.255,1.27,445151.0,316387.5,1.2441968277866073,1.21851478685836,1.2142179602981777,0.022191770907610486,0.011415978922142283,0.010775791985468203
LASE,2026-06-02 10:16:00,1.3,1.25,1.28,1.2551,752901.0,309660.65,1.2377460347332592,1.2130952907381873,1.2137587656516768,0.02037024253197406,0.012717240889955326,0.007653001642018733
LASE,2026-06-02 10:15:00,1.28,1.26,1.2799,1.2701,396779.0,280507.9,1.2334075434165739,1.2086737423948386,1.2126986228865446,0.019266106422969775,0.014862883671484145,0.004403222751485631
LASE,2026-06-02 10:14:00,1.28,1.23,1.24,1.2789,422891.0,268732.6,1.2242344292707172,1.2022078205416638,1.2121059658196314,0.01604932024132455,0.015256637907716749,0.000792682333607801
LASE,2026-06-02 10:13:00,1.25,1.23,1.245,1.2355,434018.0,261032.85,1.2105680365883966,1.1941349595460495,1.211539388550384,0.01081408667506012,0.013563381611790052,-0.002749294936729932
LASE,2026-06-02 10:12:00,1.25,1.21,1.215,1.245,394254.0,252228.4,1.2043350457354955,1.1897807447614233,1.211227585983218,0.00839363820793615,0.014011446914069994,-0.005617808706133845
LASE,2026-06-02 10:11:00,1.22,1.2,1.22,1.2199,216558.0,248859.35,1.1941688071693692,1.1839681915784153,1.210975192444061,0.004214903790509705,0.012610164571038002,-0.008395260780528296
LASE,2026-06-02 10:10:00,1.23,1.21,1.225,1.22,263260.0,255725.25,1.1877360089617115,1.1801858959550906,1.2109615550868753,0.0013756478062234567,0.012037406249342889,-0.010661758443119432
LASE,2026-06-02 10:09:00,1.23,1.19,1.19,1.22,222144.0,251110.55,1.1796700112021392,1.1759949376345737,1.2108966385054947,-0.002278466527265044,0.010353830425823338,-0.012632296953088382
LASE,2026-06-02 10:08:00,1.21,1.19,1.1995,1.1998,293996.0,263031.95,1.169587514002674,1.1713628258066342,1.210881780762322,-0.006909303854339077,0.007266075305893023,-0.0141753791602321
LASE,2026-06-02 10:07:00,1.2,1.16,1.17,1.195,693705.0,267010.0,1.1620343925033423,1.1683694390494377,1.2109708504500143,-0.010662709986650531,0.0043687027261467,-0.015031412712797232
LASE,2026-06-02 10:06:00,1.18,1.14,1.1451,1.1699,210985.0,251625.65,1.1537929906291777,1.1655662221072731,1.2114791441646864,-0.014809599850267974,0.0005907660483444894,-0.015400365898612463
LASE,2026-06-02 10:05:00,1.16,1.14,1.1526,1.14,251371.0,258692.85,1.1497662382864722,1.1651100349606704,1.2117676517942886,-0.017331490551099282,-0.0023754438679857333,-0.014956046683113549
LASE,2026-06-02 10:04:00,1.16,1.13,1.135,1.155,195391.0,257131.4,1.1522077978580902,1.167753196535478,1.2122354504205197,-0.0172538820921444,-0.0033392988766482983,-0.013914583215496103
LASE,2026-06-02 10:03:00,1.15,1.13,1.14,1.135,96099.0,272017.15,1.1515097473226126,1.1690956382760544,1.2125943794258434,-0.01843113264682894,-0.005426007245458643,-0.013005125401370297
LASE,2026-06-02 10:02:00,1.15,1.13,1.14,1.1486,83806.0,285895.0,1.1556371841532656,1.1726846528314288,1.2128000963858188,-0.017629279607218384,-0.00588451854898852,-0.011744761058229865
LASE,2026-06-02 10:01:00,1.14,1.13,1.13,1.135,238943.0,296988.9,1.157396480191582,1.1752198794452633,1.2129694523732384,-0.017734124933282747,-0.007160686039932527,-0.01057343889335022
LASE,2026-06-02 10:00:00,1.15,1.13,1.1443,1.1329,195965.0,295198.2,1.1629956002394772,1.1794535509658173,1.2135115386534672,-0.01622526751406661,-0.007125077315268019,-0.009100190198798591
LASE,2026-06-02 09:59:00,1.16,1.13,1.155,1.145,357594.0,300454.6,1.1705195002993465,1.1843539247516928,1.213946678266704,-0.013849594698789325,-0.00612071741847379,-0.007728877280315535
LASE,2026-06-02 09:58:00,1.16,1.15,1.15,1.15,161939.0,307730.75,1.176899375374183,1.1884964431466079,1.2146758088269634,-0.011847923655307513,-0.005055667422094718,-0.0067922562332127946
LASE,2026-06-02 09:57:00,1.19,1.15,1.17,1.15,310614.0,320857.05,1.1836242192177289,1.1925487003199349,1.2149709972727383,-0.009629820997550054,-0.003441729254112285,-0.0061880917434377685
LASE,2026-06-02 09:56:00,1.19,1.17,1.18,1.1789,169846.0,350713.8,1.1920302740221609,1.197027510879928,1.215452059683872,-0.0066586452998660395,-0.0010149280719689256,-0.005643717227897114
LASE,2026-06-02 09:55:00,1.19,1.1623,1.19,1.19,161273.0,372539.6,1.1953128425277009,1.1989356699199205,1.2156354588155647,-0.005712037114096624,-0.00015535540732971274,-0.0055566817067669114
LASE,2026-06-02 09:54:00,1.195,1.17,1.18,1.1899,268896.0,387732.6,1.1966410531596259,1.1998762667535965,1.215805810709344,-0.005550918489873435,0.00031140129661313444,-0.00586231978648657
LASE,2026-06-02 09:53:00,1.2,1.17,1.1805,1.1852,257929.0,392039.95,1.1983263164495321,1.2009264000960802,1.2160590827268307,-0.005254350086012272,0.0011877140162402907,-0.006442064102252562
LASE,2026-06-02 09:52:00,1.21,1.175,1.205,1.185,326873.0,396893.0,1.2016078955619152,1.2025818106325095,1.2163051710229775,-0.004320848594741911,0.0031677359058232416,-0.007488584500565152
LASE,2026-06-02 09:51:00,1.24,1.205,1.22,1.2085,353876.0,409644.35,1.2057598694523939,1.2044325275411947,1.2165725626724544,-0.0030461488935971115,0.0061177038478767935,-0.009163852741473905
LASE,2026-06-02 09:50:00,1.23,1.2,1.22,1.2201,170966.0,432627.65,1.2050748368154922,1.204004372545531,1.2165585338685798,-0.003767588200228822,0.007712334712694634,-0.011479922912923456
LASE,2026-06-02 09:49:00,1.25,1.17,1.18,1.215,460572.0,495277.1,1.2013185460193654,1.2023100959713762,1.2165577692644365,-0.005814696723235757,0.00832768616817013,-0.014142382891405887
LASE,2026-06-02 09:48:00,1.21,1.15,1.195,1.185,373557.0,488405.45,1.1978981825242065,1.2009743165999422,1.216630037706633,-0.007823701467535304,0.008954861338187826,-0.01677856280572313
LASE,2026-06-02 09:47:00,1.225,1.17,1.2202,1.1901,386018.0,479365.25,1.2011227281552581,1.2026558236104625,1.2170541204321574,-0.007219577319822701,0.011616223501384169,-0.01883580082120687
LASE,2026-06-02 09:46:00,1.25,1.215,1.22,1.22,352329.0,488609.5,1.2038784101940727,1.203977489253669,1.2173336312530258,-0.006862755919363028,0.01397437260339927,-0.0208371285227623
LASE,2026-06-02 09:45:00,1.25,1.22,1.2398,1.2205,220142.0,477029.25,1.1998480127425908,1.202290909175108,1.2172047029276585,-0.00935186379122177,0.013444948603214931,-0.0227968123944367
LASE,2026-06-02 09:44:00,1.25,1.22,1.24,1.24,493106.0,472015.4,1.1946850159282385,1.2003741627724878,1.2171090749391025,-0.01244375254706731,0.011804355243094575,-0.024248107790161885
LASE,2026-06-02 09:43:00,1.24,1.18,1.1806,1.235,373656.0,457565.3,1.1833562699102982,1.196203022011697,1.2167804475023758,-0.018194581431116852,0.007181005257893624,-0.025375586689010476
LASE,2026-06-02 09:42:00,1.21,1.16,1.18,1.19,305684.0,447254.6,1.1704453373878727,1.1921191295918756,1.2167604200878654,-0.024760990931396387,0.0010397208972740095,-0.025800711828670397
LASE,2026-06-02 09:41:00,1.19,1.15,1.165,1.18,203129.0,438956.45,1.1655566717348407,1.1923421958647047,1.2170813195363088,-0.028200139189114903,-0.003042568899695574,-0.02515757028941933
LASE,2026-06-02 09:40:00,1.18,1.13,1.14,1.165,301093.0,439823.7,1.1619458396685507,1.1936413743767789,1.217393523348024,-0.031161377304397497,-0.00705124000605423,-0.024110137298343267
LASE,2026-06-02 09:39:00,1.17,1.12,1.135,1.135,503117.0,435726.25,1.1611822995856882,1.1966562558901241,1.2180249489642943,-0.032960464828930336,-0.010300350060506148,-0.022660114768424187
LASE,2026-06-02 09:38:00,1.19,1.12,1.12,1.1399,424465.0,430795.3,1.16772787448211,1.2031463880890847,1.2194138794773208,-0.0317227843263681,-0.011274704024076241,-0.020448080302291862
LASE,2026-06-02 09:37:00,1.14,1.08,1.135,1.1205,907749.0,419054.65,1.1746848431026373,1.209803902624778,1.2204962313311367,-0.030180540712895887,-0.012209530216420007,-0.01797101049647588
LASE,2026-06-02 09:36:00,1.1852,1.13,1.155,1.14,606362.0,394910.85,1.1882310538782965,1.2192043134273862,1.224185394426053,-0.025797814635876604,-0.011106391975540433,-0.01469142266033617
LASE,2026-06-02 09:35:00,1.18,1.1505,1.175,1.155,465133.0,390748.8,1.2002888173478705,1.2275416095776375,1.2258934257633296,-0.021814076048323194,-0.010583077303194027,-0.011230998745129167
LASE,2026-06-02 09:34:00,1.21,1.17,1.205,1.175,355043.0,384959.55,1.2116110216848381,1.2351775684805466,1.227073212235125,-0.017939354054052004,-0.01003905232022127,-0.007900301733830734
LASE,2026-06-02 09:33:00,1.22,1.2,1.215,1.2017,354990.0,397417.25,1.2207637771060476,1.2415120493732357,1.2276731053826575,-0.01476922737694153,-0.009967948964771267,-0.004801278412170262
LASE,2026-06-02 09:32:00,1.24,1.19,1.2295,1.2179,581900.0,422096.95,1.2255297213825593,1.2457027914125236,1.2279687128380576,-0.013226713292673775,-0.01128889374755953,-0.0019378195451142449
LASE,2026-06-02 09:31:00,1.24,1.18,1.1999,1.225,813542.0,422943.55,1.227437151728199,1.2486294010348944,1.2282601511002025,-0.012714970395405922,-0.013568224815808468,0.000853254420402546
LASE,2026-06-02 09:30:00,1.22,1.12,1.21,1.199,1423955.0,413883.75,1.2280464396602486,1.2511167064069886,1.2287261352791077,-0.012599764437141836,-0.016538968553678972,0.0039392041165371375
LASE,2026-06-02 09:29:00,1.24,1.18,1.18,1.2,323139.0,374650.65,1.2353080495753106,1.256602675502461,1.2319415110401883,-0.009622177713144442,-0.017236526775901338,0.007614349062756896
LASE,2026-06-02 09:28:00,1.2,1.18,1.1998,1.18,192753.0,396968.8,1.2441350619691383,1.262560851871141,1.2323231022177124,-0.0057835535277785954,-0.017236280901181504,0.01145272737340291
LASE,2026-06-02 09:27:00,1.26,1.18,1.255,1.1999,570903.0,415830.45,1.260168827461423,1.2712514678575768,1.2327380108667623,0.0012364148474017789,-0.014632126222117632,0.01586854106951941
LASE,2026-06-02 09:26:00,1.28,1.25,1.2797,1.2593,120724.0,460458.25,1.2752360343267783,1.2787621486846903,1.2332756776230398,0.00815228117576039,-0.011810436858417303,0.019962718034177693
LASE,2026-06-02 09:25:00,1.28,1.265,1.27,1.27,119865.0,484781.3,1.2792200429084728,1.2808107959146575,1.2331002043599462,0.01081286283594518,-0.012504476281919454,0.023317339117864634
LASE,2026-06-02 09:24:00,1.31,1.27,1.28,1.27,204104.0,497853.5,1.2815250536355909,1.28194877443199,1.2328735868830667,0.012961999968240212,-0.013716173006240201,0.026678172974480413
LASE,2026-06-02 09:23:00,1.28,1.25,1.27,1.28,167442.0,503133.1,1.2844063170444886,1.2832065401616732,1.2323636046514468,0.015516542272103973,-0.014878600369434166,0.03039514264153814
LASE,2026-06-02 09:22:00,1.29,1.25,1.28,1.2603,139721.0,520707.4,1.2855078963056106,1.2835440707050072,1.2320489408620001,0.017533190197805304,-0.017050009834900556,0.03458320003270586
LASE,2026-06-02 09:21:00,1.3,1.27,1.28,1.2803,220474.0,535935.8,1.2918098703820133,1.2859908149897448,1.2318050318984803,0.02185795623827813,-0.017971578379284876,0.03982953461756301
LASE,2026-06-02 09:20:00,1.28,1.25,1.26,1.2797,219144.0,539123.65,1.2946873379775168,1.28658984814656,1.2312262679514756,0.025023632802833706,-0.01970731098940861,0.044730943792242316
LASE,2026-06-02 09:19:00,1.3,1.24,1.29,1.26,404498.0,538515.7,1.298434172471896,1.2873150953198822,1.2307904869989685,0.028761298049915895,-0.021131972047898594,0.04989327009781449
LASE,2026-06-02 09:18:00,1.31,1.28,1.3003,1.3,189652.0,523495.9,1.30804271558987,1.2901903685114489,1.2300284549768294,0.035119390084556557,-0.020133278427714965,0.05525266851227152
LASE,2026-06-02 09:17:00,1.34,1.28,1.315,1.3003,424873.0,521319.95,1.3100533944873374,1.2891577757231802,1.2293581411831709,0.0386510727893592,-0.02039393654102469,0.05904500933038389
LASE,2026-06-02 09:16:00,1.32,1.29,1.2997,1.3102,523121.0,510872.3,1.3124917431091716,1.2879849100098306,1.227573528051596,0.04256604129200747,-0.019552998062022126,0.0621190393540296
LASE,2026-06-02 09:15:00,1.3,1.25,1.2701,1.2904,349348.0,500551.35,1.3130646788864644,1.2856464794845495,1.2252608824123636,0.045935822307503926,-0.01863691216893039,0.06457273447643432
LASE,2026-06-02 09:14:00,1.29,1.24,1.268,1.2701,604197.0,492770.95,1.3187308486080802,1.2851461089039755,1.224169010396212,0.0515847308428099,-0.014546583209593997,0.0661313140524039
LASE,2026-06-02 09:13:00,1.38,1.26,1.37,1.26,848584.0,473451.8,1.3308885607601004,1.286729909841236,1.2226531741147861,0.06011137801561417,-0.0072806170770327305,0.0673919950926469
LASE,2026-06-02 09:12:00,1.37,1.3,1.3204,1.3696,598832.0,457947.1,1.3486107009501256,1.2895435845613659,1.2185774203164073,0.07114849672685719,0.003193503822981003,0.06795499290387619
LASE,2026-06-02 09:11:00,1.4,1.32,1.3696,1.33,632346.0,460734.55,1.3433633761876569,1.2811165934625623,1.2136355263691396,0.07304171374772594,0.00668699141308865,0.0663547223346373
LASE,2026-06-02 09:10:00,1.46,1.36,1.4599,1.36,639293.0,449778.9,1.346704220234571,1.2759709717217793,1.2078376711473715,0.07842772218166782,0.013912266405524468,0.06451545577614336
LASE,2026-06-02 09:09:00,1.47,1.39,1.4,1.458,769502.0,422569.25,1.3433802752932136,1.2671258108503876,1.1995061162618794,0.08110691516925672,0.019402287460274392,0.06170462770898233
LASE,2026-06-02 09:08:00,1.41,1.34,1.3501,1.3999,569986.0,389621.1,1.3147253441165168,1.247033790939902,1.1857992406217184,0.07336862090731744,0.01580975984952098,0.05755886105779646
LASE,2026-06-02 09:07:00,1.46,1.32,1.41,1.3505,1463459.0,365884.3,1.2934316801456458,1.230942611038839,1.1770685345374603,0.06834019992706297,0.01383085638408546,0.05450934354297751
LASE,2026-06-02 09:06:00,1.42,1.29,1.2998,1.405,607185.0,296759.2,1.2791646001820571,1.218357622727138,1.1514922571407409,0.06595788514969003,0.013675128352918654,0.05228275679677138
LASE,2026-06-02 09:05:00,1.3,1.26,1.29,1.29,381309.0,270603.25,1.2477057502275715,1.1987110566984156,1.1391404419165494,0.056408706868029235,0.006891415435277673,0.04951729143275156
LASE,2026-06-02 09:04:00,1.31,1.2796,1.28,1.29,309696.0,261248.4,1.2371321877844643,1.1891016942456174,1.1338749336919898,0.055109083579538476,0.006234704298915192,0.048874379280623284
LASE,2026-06-02 09:03:00,1.31,1.25,1.295,1.27,518928.0,257172.3,1.2239152347305802,1.1784808199556824,1.129005094008591,0.05264870500288965,0.0044912700223373805,0.04815743498055227
LASE,2026-06-02 09:02:00,1.3,1.24,1.25,1.29,444289.0,254567.45,1.212394043413225,1.1688472220562807,1.1210342922407581,0.05077893154683388,0.003196241900917683,0.0475826896459162
LASE,2026-06-02 09:01:00,1.25,1.19,1.19,1.24,284231.0,265993.35,1.1929925542665312,1.156094298062205,1.1134930495790547,0.04561745442224163,-0.0011278221572631683,0.0467452765795048
LASE,2026-06-02 09:00:00,1.2,1.18,1.2,1.2,206985.0,263306.05,1.181240692833164,1.1472621189108583,1.1098725386471682,0.043456915191620205,-0.002563198626811515,0.04602011381843172
LASE,2026-06-02 08:59:00,1.2,1.1802,1.185,1.1904,104102.0,259553.2,1.176550866041455,1.141710763006738,1.1078818107483575,0.04413990817083979,-0.001190301300241066,0.04533020947108086
LASE,2026-06-02 08:58:00,1.2,1.18,1.1813,1.19,146133.0,262852.1,1.1730885825518187,1.1365855801653422,1.106882301419244,0.045347075090922395,0.0005431263771103062,0.04480394871381209
LASE,2026-06-02 08:57:00,1.2,1.15,1.155,1.1899,215920.0,263785.1,1.1688607281897732,1.130963009656431,1.1054410496495504,0.046268992503960105,0.001964841723848705,0.0443041507801114
LASE,2026-06-02 08:56:00,1.2,1.15,1.2,1.1502,316702.0,267432.0,1.1636009102372165,1.124759115936055,1.1034814450751746,0.04678287265654313,0.0029906455534598267,0.0437922271030833
LASE,2026-06-02 08:55:00,1.2,1.19,1.2,1.2,193740.0,275978.3,1.1669511377965205,1.1220811281398502,1.1009441237636592,0.05080047426719947,0.006945349011163747,0.04385512525603572
LASE,2026-06-02 08:54:00,1.2,1.18,1.19,1.2,217814.0,284626.35,1.1586889222456507,1.1138791416282554,1.0985360204210597,0.05011893342455065,0.007020983620652524,0.043097949803898125
LASE,2026-06-02 08:53:00,1.24,1.15,1.23,1.18,538490.0,294021.1,1.1483611528070634,1.1048137881154403,1.095776817312377,0.048520036808303635,0.006113967184705686,0.04240606962359795
LASE,2026-06-02 08:52:00,1.24,1.1501,1.18,1.2394,654581.0,296926.1,1.1404514410088293,1.0968994500223286,1.0884709855698342,0.047809880955445916,0.005862909512057174,0.04194697144338874
LASE,2026-06-02 08:51:00,1.19,1.11,1.11,1.19,413233.0,292175.25,1.1157143012610367,1.081899392129942,1.0758418108844046,0.04016004739844625,-0.0007333555102988568,0.04089340290874511
LASE,2026-06-02 08:50:00,1.11,1.09,1.0995,1.1,95100.0,292643.9,1.0971428765762956,1.070520380775199,1.0696900532100793,0.034841750059898535,-0.005299076886966146,0.04014082694686468
LASE,2026-06-02 08:49:00,1.11,1.09,1.11,1.0999,110539.0,288038.9,1.0964285957203694,1.0674172629620622,1.0691915258989044,0.03671051600146291,-0.003536695901495794,0.040247211902958706
LASE,2026-06-02 08:48:00,1.11,1.08,1.09,1.105,95250.0,282516.95,1.0955607446504616,1.0639980274843845,1.0685917044274857,0.038571951570492535,-0.0016792887962214578,0.04025124036671399
LASE,2026-06-02 08:47:00,1.11,1.08,1.108,1.09,80957.0,277761.95,1.0932009308130768,1.0596820303774777,1.0680836714104647,0.039867500946665135,-1.6321748857468787e-05,0.039883822695522604
LASE,2026-06-02 08:46:00,1.11,1.09,1.1095,1.11,84066.0,273719.1,1.094001163516346,1.0564906651540542,1.0677116879541964,0.042468474863937455,0.0031481794574380953,0.03932029540649936
LASE,2026-06-02 08:45:00,1.11,1.06,1.1098,1.1004,194212.0,269530.8,1.0900014543954324,1.0508581035913231,1.067158282823616,0.04313417648396256,0.005335866265607926,0.037798310218354635
LASE,2026-06-02 08:44:00,1.11,1.05,1.09,1.11,228174.0,260115.4,1.0874018179942904,1.045643167127252,1.0663029892771483,0.044333902166482364,0.008104840585384313,0.03622906158109805
LASE,2026-06-02 08:43:00,1.19,1.07,1.17,1.09,466831.0,248711.7,1.081752272492863,1.0388687636669627,1.0652191496631909,0.04424287709702224,0.01035908527835374,0.0338837918186685
LASE,2026-06-02 08:42:00,1.17,1.07,1.11,1.17,672807.0,225380.15,1.0796903406160787,1.033486528263485,1.0599078835332136,0.0455195268869546,0.013900189082422285,0.03161933780453231
LASE,2026-06-02 08:41:00,1.13,1.05,1.05,1.1201,230485.0,191789.8,1.0571129257700982,1.0191166891333256,1.0464909212762172,0.03834143950047619,0.009787195187507258,0.028554244312968935
LASE,2026-06-02 08:40:00,1.07,1.03,1.06,1.05,131928.0,180275.55,1.0413661572126225,1.0084868669368336,1.0430806203823273,0.03370262338900076,0.008083240948805755,0.02561938244019501
LASE,2026-06-02 08:39:00,1.1,1.03,1.075,1.07,170080.0,173689.15,1.0392076965157782,1.0041170634565004,1.0428188108562753,0.034429041757422896,0.011464562922860189,0.022964478834562707
LASE,2026-06-02 08:38:00,1.1,1.06,1.0986,1.0701,164793.0,165210.15,1.0315096206447225,0.9971820175045532,1.0415958781840207,0.03281906604937357,0.012819711145411559,0.01999935490396201
LASE,2026-06-02 08:37:00,1.1,0.9824,1.02,1.0905,288858.0,157470.5,1.021862025805903,0.9895064403997692,1.0397604814511643,0.030276601548563375,0.013265078270181245,0.01701152327838213
LASE,2026-06-02 08:36:00,1.12,1.02,1.068,1.02,487628.0,143050.1,1.0047025322573786,0.9788755393892186,1.0379572286944496,0.024514014472277856,0.010536258847725409,0.013977755624552448
LASE,2026-06-02 08:35:00,1.09,1.0,1.0,1.068,366701.0,118683.7,1.0008781653217231,0.97454664879861,1.034800749271483,0.023980472211676318,0.012009048393561044,0.011971423818115274
LASE,2026-06-02 08:34:00,1.03,0.925,0.961,1.0,405709.0,100398.65,0.9840977066521539,0.9647094539353057,1.0315391682303026,0.01806339867597495,0.008736408568561583,0.009326990107413368
LASE,2026-06-02 08:33:00,1.13,0.94,1.08,0.9585,596590.0,80128.2,0.9801221333151923,0.9609946596127064,1.043318197206342,0.01717195720057474,0.009368400521837777,0.007803556678736961
LASE,2026-06-02 08:32:00,1.14,1.03,1.0494,1.0785,559564.0,50303.7,0.9855276666439903,0.9612572553614123,1.0633660107143734,0.020009834339964616,0.013206461193196656,0.00680337314676796
LASE,2026-06-02 08:31:00,1.14,0.9484,0.9484,1.046,422606.0,22340.5,0.9622845833049878,0.9489159138205082,1.038986044030647,0.011122763571113747,0.006866081822638175,0.004256681748475572
LASE,2026-06-02 08:25:00,0.9413,0.94,0.94,0.9413,3000.0,1215.2,0.9413557291312346,0.9386965363279302,0.9374733735470722,0.0029269348651097538,0.0004112788419476194,0.0025156560231621343
LASE,2026-06-02 08:19:00,0.9497,0.9497,0.9497,0.9497,100.0,1070.2,0.9413696614140431,0.9384224875203439,0.936993281141923,0.0030838671732267287,0.0006623298907106443,0.0024215372825160844
LASE,2026-06-02 08:09:00,0.9311,0.9311,0.9311,0.9311,150.0,1077.7,0.9392870767675539,0.937235380943538,0.9369330711397524,0.0023840408876126817,0.000194784996559822,0.0021892558910528597
LASE,2026-06-02 08:04:00,0.95,0.95,0.95,0.95,100.0,1107.7,0.9413338459594423,0.9378812105165419,0.936974827399701,0.003349949288336318,0.0011111540549441495,0.0022387952333921685
LASE,2026-06-02 07:43:00,0.95,0.95,0.95,0.95,300.0,1107.7,0.9391673074493028,0.9366055484656516,0.9369123685304179,0.0026097094756115657,0.0006309957961394652,0.0019787136794721005
LASE,2026-06-02 07:37:00,0.9334,0.9311,0.9311,0.9334,5904.0,1102.7,0.9364591343116284,0.9351956061988781,0.9367213453991113,0.0016269348859065946,-8.154391627479812e-05,0.0017084788021813927
LASE,2026-06-02 07:33:00,0.935,0.935,0.935,0.935,100.0,812.5,0.9372239178895355,0.9353846173777073,0.9383688282138795,0.002039074447615641,0.0003415116915917436,0.0016975627560238972
LASE,2026-06-02 07:29:00,0.9379,0.9379,0.9379,0.9379,200.0,812.5,0.9377798973619192,0.935425103417466,0.9383919816723941,0.00237254604168613,0.0007108928004212107,0.0016616532412649192
LASE,2026-06-02 07:27:00,0.9455,0.9455,0.9455,0.9455,1000.0,807.5,0.9377498717023991,0.9351645879877256,0.9383988385598142,0.002468394570238841,0.0010000575608160034,0.0014683370094228376
LASE,2026-06-02 07:16:00,0.9377,0.9373,0.9373,0.9377,200.0,783.0,0.9358123396279987,0.9340766498811705,0.9378669163545569,0.001781010043842568,0.0005681017652190866,0.0012129082786234814
LASE,2026-06-02 07:09:00,0.9393,0.9388,0.9388,0.9393,200.0,781.0,0.9353404245349982,0.9336952446055042,0.9378714828897339,0.0016719336476954672,0.0005832128675065599,0.0010887207801889072
LASE,2026-06-02 07:07:00,0.9312,0.9312,0.9312,0.9312,500.0,816.0,0.9343505306687476,0.933105270353452,0.9378519948519949,0.0013454843762830127,0.00033426753776748274,0.00101121683851553
LASE,2026-06-02 07:02:00,0.9396,0.9382,0.9382,0.9396,10000.0,796.0,0.9351381633359345,0.9333058251274996,0.9381191432396252,0.0017339729880253563,0.0007510869607957598,0.0009828860272295965
LASE,2026-06-02 07:00:00,0.9455,0.9311,0.9455,0.94,450.0,311.9,0.9340227041699181,0.9326432804040785,0.9339795918367347,0.001349331572641499,0.0004585348099907232,0.0008907967626507758
LASE,2026-06-02 06:32:00,0.9312,0.9311,0.9312,0.9311,300.0,294.95,0.9325283802123975,0.9318688888676657,0.9328800000000002,0.0007980353432223142,-8.806700720225024e-05,0.0008861023504245644
LASE,2026-06-02 06:30:00,0.9311,0.9311,0.9311,0.9311,1000.0,291.75,0.9328854752654967,0.9319498245379463,0.9331882352941177,0.0009889549144984633,1.3805829867003438e-05,0.0009751490846314599
LASE,2026-06-02 05:47:00,0.945,0.9432,0.945,0.945,300.0,341.75,0.9333318440818708,0.9320392797524669,0.9361714285714284,0.0012182529139890264,0.00022056109549379124,0.0009976918184952351
LASE,2026-06-02 05:03:00,0.927,0.927,0.927,0.927,100.0,400.45,0.9304148051023384,0.9306749934106213,0.93,7.792777277182417e-05,-0.0007315198399900346,0.0008094476127618588
LASE,2026-06-02 05:02:00,0.931,0.931,0.931,0.931,300.0,400.45,0.9312685063779229,0.9310618348222657,0.931,0.0004540520067414233,-0.00038753962219368894,0.0008415916289351123
LASE,2026-06-02 04:52:00,0.925,0.925,0.925,0.925,100.0,390.7,0.9313356329724035,0.9310683437509252,0.0,0.0005202461816374848,-0.0001989881335399446,0.0007192343151774294
