symbol,trade_date,is_positive,movement_id,profile_role,session_type,movement_type,movement_start_time,movement_end_time,movement_duration_minutes,movement_bar_count,movement_start_open,movement_end_close,movement_low,movement_low_time,movement_high,movement_high_time,movement_range_pct,movement_gain_from_start_open_pct,movement_gain_from_low_to_high_pct,movement_total_volume,movement_avg_volume,movement_max_volume,movement_max_volume_time,movement_high_volume_bar_count,movement_volume_after_high_pct,movement_median_volume,movement_volume_per_minute,movement_top_3_volume_pct,movement_bars_volume_over_10k,movement_bars_volume_over_25k,movement_bars_volume_over_50k,movement_meaningful_range_bar_count,movement_large_range_bar_count,movement_zero_range_bar_count,movement_flat_bar_count,movement_green_bar_count,movement_red_bar_count,movement_green_volume_pct,movement_red_volume_pct,movement_range_per_100k_volume,movement_abs_close_change_per_100k_volume,movement_high_from_start_pct,movement_low_from_start_pct,movement_close_near_high_bar_count,movement_close_near_low_bar_count,movement_quality_score,movement_quality_notes,movement_is_valid,movement_invalid_reasons,impulse_cluster_start_time,impulse_cluster_end_time,impulse_cluster_bar_count,impulse_cluster_total_volume,impulse_cluster_avg_volume,high_volume_threshold,frvp_value_area_pct,frvp_val,frvp_poc,frvp_vah,frvp_profile_low,frvp_profile_high,frvp_total_volume,frvp_volume_below_val_pct,frvp_volume_inside_value_pct,frvp_volume_above_vah_pct,upper_fight_zone_low,upper_fight_zone_high,upper_fight_zone_volume,upper_fight_zone_volume_pct,upper_fight_zone_width_pct,first_close_above_vah_time,first_close_above_vah_close,first_close_above_fight_zone_time,first_close_above_fight_zone_close,first_confirmed_breakout_time,first_confirmed_breakout_close,first_confirmed_breakout_volume,first_confirmed_breakout_volume_vs_recent_avg,first_confirmed_breakout_volume_vs_recent_max,profile_quality_score,profile_quality_notes
ABTC,2025-05-15,True,1,premarket_full,premarket,volume_campaign,2025-05-15 04:00:00,2025-05-15 09:29:00,329.0,313,4.115,3.85,3.665,2025-05-15 09:07:00,4.35,2025-05-15 04:19:00,0.16646415552855395,-0.06439854191980561,0.1869031377899044,550810.8,1759.7789137380194,83132.8,2025-05-15 08:00:00,6,0.9416772510633414,703.2,1669.1236363636365,0.2127638020169539,6,1,1,139,27,41,85,118,126,0.3304797218936157,0.580931238094823,0.1243621221660867,0.04811089397666133,0.05710814094775198,-0.10935601458080198,123,155,5.45,,True,,2025-05-15 05:36:00,2025-05-15 09:07:00,200,395493.4,1977.467,10000,0.7,3.7449,3.9447,4.0646,3.665,4.35,550810.7999999999,0.021680533540669917,0.703319823654076,0.2749996428052542,4.0703,4.35,141477.4707594132,0.2568531168223521,0.06871729356558487,2025-05-15 09:50:00,4.142,2025-05-15 09:51:00,4.45,2025-05-15 09:51:00,4.45,109481.6,3.1597661553238456,1.266969247397937,5.0,concentrated_volume_spike
ACRV,2025-09-08,True,1,premarket_full,premarket,volume_campaign,2025-09-08 04:00:00,2025-09-08 09:29:00,329.0,328,1.71,1.51,1.34,2025-09-08 07:50:00,1.85,2025-09-08 04:00:00,0.29824561403508776,-0.11695906432748536,0.3805970149253731,8349733.0,25456.503048780487,192935.0,2025-09-08 06:08:00,67,0.9803919478622849,13656.0,25302.22121212121,0.06684537098371889,220,104,40,193,26,8,9,126,123,0.38683524371378103,0.47001335252276927,0.006107979740190494,0.0023952861726237226,0.08187134502923984,-0.21637426900584789,117,129,7.2,,True,,2025-09-08 04:00:00,2025-09-08 09:25:00,324,8291439.0,25590.86111111111,35281.1375,0.7,1.5355,1.7268,1.816,1.34,1.85,8349733.0,0.27223923654567667,0.7221773393345938,0.0055834241197295405,,,,,,2025-09-08 11:04:00,1.83,2025-09-08 11:04:00,1.83,2025-09-08 11:04:00,1.83,360405.0,4.94593036819498,1.4729105108934197,4.5,concentrated_volume_spike;no_upper_fight_zone_detected
ACXP,2026-03-10,False,3,rth_volume_campaign_1,rth,volume_campaign,2026-03-10 09:30:00,2026-03-10 09:42:00,12.0,13,2.09,2.2435,2.0801,2026-03-10 09:30:00,2.55,2026-03-10 09:39:00,0.22483253588516747,0.07344497607655512,0.22590260083649827,1138820.0,87601.53846153847,290502.0,2026-03-10 09:39:00,6,0.24975676577510053,60100.0,87601.53846153847,0.48278744665530987,13,13,10,13,11,0,0,9,4,0.548214818847579,0.45178518115242094,0.04126200804341336,0.013478864087388718,0.22009569377990432,-0.004736842105263168,7,3,6.45,,True,,2026-03-10 09:30:00,2026-03-10 09:33:00,4,239702.0,59925.5,61577.899999999994,0.7,2.2211,2.3111,2.3934,2.0801,2.55,1138820.0,0.09535035409953382,0.7092920656654503,0.19535758023501587,2.3973,2.4834,160992.3851287882,0.14136771845312535,0.03591540483043427,2026-03-10 09:47:00,2.405,2026-03-10 09:49:00,2.55,2026-03-10 09:49:00,2.55,141633.0,1.7499555199715329,1.5785936402848832,5.0,concentrated_volume_spike
ACXP,2026-03-11,True,1,premarket_full,premarket,volume_campaign,2026-03-11 04:00:00,2026-03-11 09:29:00,329.0,315,3.34,3.49,3.27,2026-03-11 07:34:00,4.07,2026-03-11 04:12:00,0.23952095808383242,0.044910179640718674,0.24464831804281353,3970094.0,12603.473015873016,1035374.0,2026-03-11 08:00:00,71,0.8931342683573739,3795.0,12030.58787878788,0.3275053437021894,77,28,9,130,23,27,32,113,137,0.2860488945601792,0.6520553417626888,0.020150656382443344,0.0037782480717081343,0.21856287425149715,-0.020958083832335283,109,144,6.2,,True,,2026-03-11 04:00:00,2026-03-11 09:29:00,315,3970094.0,12603.473015873016,11322.324999999999,0.7,3.2967,3.3967,3.5633,3.27,4.07,3970094.0,0.020278868872110507,0.7061020850161924,0.27361904611169696,3.57,3.91,607734.2976106338,0.15307806253721795,0.09523809523809533,2026-03-11 09:51:00,3.6632,2026-03-11 10:00:00,3.9191,2026-03-11 10:01:00,4.04,622190.0,2.4939414126789816,1.4091681199465496,5.0,concentrated_volume_spike
ACXP,2026-03-19,True,1,rth_volume_campaign_1,rth,volume_campaign,2026-03-19 09:30:00,2026-03-19 09:37:00,7.0,8,5.01,5.349,5.0053,2026-03-19 09:30:00,5.5,2026-03-19 09:33:00,0.09874251497005987,0.06766467065868272,0.09883523465126963,108907.0,13613.375,34795.0,2026-03-19 09:34:00,3,0.5381472265327297,9593.0,13613.375,0.7347369774211024,4,2,0,8,4,0,0,5,3,0.7367203210078324,0.26327967899216764,0.45424077423857045,0.3112747573617861,0.09780439121756491,-0.000938123752494951,4,4,3.35,,True,,2026-03-19 09:32:00,2026-03-19 09:34:00,3,80018.0,26672.666666666668,14917.512499999999,0.7,5.2444,5.3062,5.3928,5.0053,5.5,108907.0,0.16008694748174165,0.719337263190518,0.12057578932774024,5.3969,5.5,61078.701075329234,0.5608335651090309,0.019103559450795907,2026-03-19 09:42:00,5.4258,2026-03-19 10:12:00,5.725,2026-03-19 10:12:00,5.725,63849.0,10.914918713780194,7.565943832207608,4.0,concentrated_volume_spike
AEHL,2026-02-26,True,1,premarket_full,premarket,volume_campaign,2026-02-26 08:00:00,2026-02-26 09:29:00,89.0,46,2.952,4.3902,2.952,2026-02-26 08:00:00,5.9994,2026-02-26 08:55:00,1.0323170731707316,0.48719512195121956,1.0323170731707316,2647829.462315,57561.51005032609,151212.135757,2026-02-26 08:55:00,4,0.8596675446412132,47749.1788315,29420.32735905556,0.16103788362079682,40,36,23,46,39,0,0,25,21,0.5441479781040345,0.4558520218959655,0.11509049368064869,0.05431618691721106,1.0323170731707316,0.0,13,15,7.2,,True,,2026-02-26 08:55:00,2026-02-26 09:17:00,23,1986087.805501,86351.64371743478,119372.94707875,0.7,4.2218,4.6027,4.7804,2.952,5.9994,2647829.4623149997,0.2327967189502672,0.7126213236398765,0.05458195740985632,4.8058,5.0124,376354.38912874006,0.14213694442378969,0.042989720754088974,2026-02-26 09:59:00,5.0334,2026-02-26 09:59:00,5.0334,2026-02-26 10:06:00,5.748,528414.556827,3.9707852157406105,3.765631532438904,5.0,concentrated_volume_spike
AEMD,2025-08-21,True,1,premarket_full,premarket,volume_campaign,2025-08-21 04:00:00,2025-08-21 09:29:00,329.0,329,14.8,16.4,14.2,2025-08-21 04:03:00,21.3,2025-08-21 05:34:00,0.4797297297297298,0.10810810810810796,0.5000000000000001,3482423.6,10584.874164133738,98167.0,2025-08-21 04:51:00,55,0.584324233272483,6912.9,10552.798787878788,0.06224136546742906,116,27,6,279,71,0,0,118,157,0.40259318251806,0.4946276782640689,0.20388099827947415,0.04594501369678283,0.43918918918918914,-0.04054054054054063,89,124,7.2,,True,,2025-08-21 04:06:00,2025-08-21 09:04:00,298,3352260.3,11249.195637583893,17282.25,0.7,17.04,18.1642,19.4067,14.2,21.3,3482423.5999999996,0.11994868697151201,0.7204477870352092,0.15960352599327873,19.4658,21.3,581285.5708247069,0.16691983445802142,0.09422679776839375,2025-08-21 12:24:00,19.79,2025-08-21 12:33:00,21.798,2025-08-21 12:33:00,21.798,158888.3,2.2573888399207336,3.257443057178588,5.0,concentrated_volume_spike
AFJK,2025-12-09,True,2,rth_volume_campaign_1,rth,volume_campaign,2025-12-09 10:03:00,2025-12-09 12:41:00,158.0,66,13.06,34.19,12.25,2025-12-09 10:03:00,40.87,2025-12-09 12:06:00,2.1914241960183762,1.6179173047473197,2.3363265306122445,2077039.0,31470.28787878788,88895.0,2025-12-09 10:18:00,47,0.3219857691646618,29619.0,13063.138364779874,0.11864534079523784,58,38,9,61,61,5,5,37,23,0.6943798359106401,0.296607815260089,1.37792309147782,1.0173135892007803,2.1294027565084224,-0.06202143950995409,28,23,7.45,,True,,2025-12-09 10:03:00,2025-12-09 12:40:00,65,2065211.0,31772.476923076923,16780.8,0.7,26.083,38.7235,39.916,12.25,40.87,2077039.0,0.28428636846422317,0.7120033215534703,0.003710309982306413,,,,,,2025-12-09 12:57:00,42.51,2025-12-09 12:57:00,42.51,2025-12-09 12:57:00,42.51,92371.0,5.5113304137182135,2.2303216148348466,4.5,concentrated_volume_spike;no_upper_fight_zone_detected
AGIG,2025-01-21,True,1,rth_volume_campaign_1,rth,volume_campaign,2025-01-21 11:16:00,2025-01-21 11:30:00,14.0,15,20.9,22.8,20.643,2025-01-21 11:16:00,24.6,2025-01-21 11:23:00,0.1893301435406699,0.09090909090909102,0.19168725475948267,203790.9,13586.06,29000.7,2025-01-21 11:23:00,12,0.47989826827400045,12761.4,13586.06,0.3376794547744772,12,1,0,15,13,0,0,8,7,0.5441867129494006,0.4558132870505995,1.9416961208768404,0.9323281854096538,0.17703349282296665,-0.01229665071770325,6,5,4.7,,True,,2025-01-21 11:18:00,2025-01-21 11:29:00,12,186936.3,15578.025,10000,0.7,22.2918,22.8523,23.8086,20.643,24.6,203790.9,0.18328212965194382,0.7089635781357584,0.10775429221229779,23.8416,24.6,62675.29693270063,0.3075470834698734,0.031809945641232205,2025-01-21 11:38:00,25.526,2025-01-21 11:38:00,25.526,2025-01-21 11:38:00,25.526,53278.9,4.676204753186433,2.630355362026916,5.0,
AGIG,2025-06-12,True,2,rth_volume_campaign_1,rth,volume_campaign,2025-06-12 09:30:00,2025-06-12 09:44:00,14.0,15,6.73,6.065,5.8901,2025-06-12 09:42:00,6.8999,2025-06-12 09:30:00,0.1500445765230311,-0.0988112927191679,0.1714402132391639,178690.0,11912.666666666666,34341.0,2025-06-12 09:42:00,7,0.8386759191896581,7815.0,11912.666666666666,0.4547764284515082,7,2,0,15,7,0,0,4,11,0.18451508198556157,0.8154849180144385,0.5651127651239574,0.3721528904807208,0.02524517087667151,-0.12479940564635959,2,7,4.45,,True,,2025-06-12 09:30:00,2025-06-12 09:43:00,14,175314.0,12522.42857142857,10000,0.7,6.3109,6.7232,6.8999,5.8901,6.8999,178690.0,0.2848668119594396,0.7151331880405603,0.0,,,,,,2025-06-12 11:20:00,7.09,2025-06-12 11:20:00,7.09,2025-06-12 11:20:00,7.09,62699.0,7.4957559237739995,1.4535864978902953,4.0,concentrated_volume_spike;no_upper_fight_zone_detected
AGIG,2025-06-13,False,2,premarket_core_after_early_spike,premarket,volume_campaign,2025-06-13 05:12:00,2025-06-13 09:29:00,257.0,254,15.4,12.86,10.9976,2025-06-13 08:00:00,16.31,2025-06-13 06:15:00,0.34496103896103886,-0.164935064935065,0.48305084745762694,1807453.0,7115.956692913386,244520.0,2025-06-13 08:00:00,38,0.9048285072972851,2543.0,7005.631782945737,0.25285194137828204,38,11,4,144,38,13,28,98,132,0.37075818845635267,0.6144248287507338,0.29391635633125723,0.14052924197752312,0.059090909090908986,-0.2858701298701299,85,114,7.2,,True,,2025-06-13 05:12:00,2025-06-13 09:29:00,254,1807453.0,7115.956692913386,10000,0.7,11.9715,13.2554,14.0965,10.9976,16.31,1807452.9999999998,0.14798887456719081,0.7018174742949626,0.15019365113784666,14.1408,15.68,253499.45971209765,0.140252310689184,0.10884815569133283,2025-06-13 09:37:00,14.565,2025-06-13 10:13:00,15.99,2025-06-13 10:28:00,16.6498,417082.0,3.8489336766239397,2.426701266058462,5.0,concentrated_volume_spike
AGIG,2025-06-17,True,2,rth_volume_campaign_1,rth,volume_campaign,2025-06-17 09:30:00,2025-06-17 09:51:00,21.0,18,11.88,14.355,11.0,2025-06-17 09:31:00,15.39,2025-06-17 09:42:00,0.36952861952861954,0.2083333333333333,0.39909090909090916,1838373.0,102131.83333333333,339913.0,2025-06-17 09:42:00,13,0.5639867426251365,71631.5,83562.40909090909,0.4026103516533369,17,15,13,17,14,1,1,11,6,0.5870462631903319,0.4124114094364963,0.2387981111558971,0.1346299146038372,0.2954545454545454,-0.07407407407407414,8,4,7.45,,True,,2025-06-17 09:30:00,2025-06-17 09:50:00,17,1803856.0,106109.17647058824,39892.35,0.7,13.7803,14.5486,14.8047,11.0,15.39,1838372.9999999998,0.23832312408127349,0.710257476675052,0.05141939924367452,14.8147,15.0607,376238.20355087635,0.20465825137274993,0.016605128689747374,2025-06-17 10:38:00,14.8722,2025-06-17 10:39:00,15.2972,2025-06-17 10:39:00,15.2972,68326.0,3.403858895736085,2.7255175715026527,5.0,concentrated_volume_spike
AGIG,2026-03-05,False,1,rth_volume_campaign_1,rth,volume_campaign,2026-03-05 09:30:00,2026-03-05 09:40:00,10.0,10,2.15,2.05,2.05,2026-03-05 09:40:00,2.2,2026-03-05 09:32:00,0.06976744186046528,-0.046511627906976785,0.07317073170731725,133679.0,13367.9,36552.0,2026-03-05 09:30:00,6,0.3907045983288325,11786.5,12152.636363636364,0.6092954016711675,6,2,0,7,3,1,1,3,6,0.2971147300623134,0.7021372092849288,0.11220909791365911,0.07480606527577263,0.023255813953488497,-0.046511627906976785,3,6,3.7,,False,range_lt_8pct,2026-03-05 09:30:00,2026-03-05 09:38:00,9,130344.0,14482.666666666666,10000,0.7,2.105,2.1413,2.165,2.05,2.2,133679.0,0.12622411749218407,0.7203121698479513,0.15346371265986453,2.1662,2.2,60573.87549175286,0.4531293284042584,0.01560336072384834,2026-03-05 10:31:00,2.19,2026-03-05 10:34:00,2.2199,2026-03-05 11:20:00,2.2868,63920.0,10.029498525073747,2.2007987880457236,4.0,concentrated_volume_spike
AGPU,2025-01-06,True,1,rth_volume_campaign_1,rth,volume_campaign,2025-01-06 09:50:00,2025-01-06 10:00:00,10.0,11,25.6499,23.3954,20.5499,2025-01-06 09:50:00,28.4999,2025-01-06 09:50:00,0.3099427288215548,-0.08789507951298056,0.38686319641458106,100290.701451,9117.336495545454,22008.843377,2025-01-06 09:50:00,5,0.7805495119828924,9753.515434,9117.336495545454,0.47818696808528316,5,0,0,11,9,0,0,5,6,0.35915971849692196,0.6408402815030781,7.926956223238908,2.247965132741147,0.11111154429451972,-0.19883118452703513,5,3,5.45,,True,,2025-01-06 09:50:00,2025-01-06 09:59:00,10,97854.82260500001,9785.4822605,10000,0.7,24.6574,25.5187,27.0424,20.5499,28.4999,100290.701451,0.254301624072295,0.7041436330762536,0.04155474285145131,27.1087,28.0361,3563.539920710084,0.03553210685689697,0.03421041953321267,2025-01-06 11:23:00,28.4999,2025-01-06 11:23:00,28.4999,2025-01-06 11:23:00,28.4999,17181.752575,8.270224304463627,2.175867687657771,5.0,
AGPU,2026-04-01,False,1,rth_volume_campaign_1,rth,volume_campaign,2026-04-01 09:59:00,2026-04-01 10:02:00,3.0,4,2.4,2.122,2.12,2026-04-01 10:01:00,2.52,2026-04-01 10:01:00,0.16666666666666663,-0.11583333333333334,0.18867924528301883,504604.0,126151.0,197425.0,2026-04-01 10:01:00,1,0.13803497395977837,118763.0,126151.0,0.8619650260402216,4,4,4,4,4,0,0,1,3,0.27152380876885635,0.7284761912311436,0.07927008109329295,0.055092706359838615,0.050000000000000044,-0.11666666666666659,1,3,5.1,,False,less_than_5_meaningful_range_bars,2026-04-01 10:01:00,2026-04-01 10:01:00,1,197425.0,197425.0,189379.69999999998,0.7,2.2467,2.2767,2.48,2.12,2.52,504604.0,0.24735400540014663,0.705696307320323,0.0469496872795303,2.4833,2.51,19742.5,0.03912473939960841,0.010751822172109671,2026-04-01 10:07:00,2.5,2026-04-01 10:12:00,2.5799,2026-04-01 10:12:00,2.5799,115323.0,1.3625407912739165,0.5883706454970307,4.5,short_impulse
AGPU,2026-04-07,False,2,rth_volume_campaign_1,rth,volume_campaign,2026-04-07 09:32:00,2026-04-07 09:40:00,8.0,9,4.285,4.5613,4.17,2026-04-07 09:32:00,4.78,2026-04-07 09:36:00,0.1423570595099184,0.06448074679113185,0.1462829736211032,221855.0,24650.555555555555,65863.0,2026-04-07 09:36:00,7,0.27622546257690833,18380.0,24650.555555555555,0.5988325708232854,7,2,1,9,6,0,0,5,4,0.708368078249307,0.291631921750693,0.27495436208334284,0.12454080367807802,0.11551925320886816,-0.026837806301050225,4,3,4.7,,True,,2026-04-07 09:33:00,2026-04-07 09:39:00,7,203576.0,29082.285714285714,16013.749999999998,0.7,4.4547,4.6326,4.6885,4.17,4.78,221855.0,0.23719869471040475,0.7115236362491986,0.051277669040396684,4.6936,4.7444,8514.638176638136,0.038379293577508446,0.01082324867905227,2026-04-07 09:52:00,4.7221,2026-04-07 10:00:00,4.7945,2026-04-07 10:00:00,4.7945,12538.0,1.4416133928160786,1.3802289740202554,4.5,concentrated_volume_spike
AGRZ,2026-03-12,True,2,rth_volume_campaign_1,rth,volume_campaign,2026-03-12 10:01:00,2026-03-12 11:25:00,84.0,85,0.5562,0.7726,0.5511,2026-03-12 10:01:00,0.826,2026-03-12 11:07:00,0.49424667385832416,0.3890686803308161,0.49882054073670823,100190306.0,1178709.482352941,2762556.0,2026-03-12 10:59:00,68,0.14823930171447924,1049680.0,1178709.482352941,0.07768202644275785,85,85,85,84,54,0,0,40,45,0.5067338051647432,0.4932661948352568,0.0002743778425030461,0.00021598896004968777,0.4850773103200286,-0.009169363538295564,25,22,7.1,low_price_volume_efficiency,True,,2026-03-12 10:03:00,2026-03-12 11:23:00,81,97845088.0,1207964.049382716,729308.1499999999,0.7,0.6794,0.7825,0.8168,0.5511,0.826,100190306.0,0.27535694424998314,0.7154433213984409,0.009199734351575962,,,,,,2026-03-12 12:05:00,0.8383,2026-03-12 12:05:00,0.8383,2026-03-12 12:07:00,0.8462,1413528.0,1.3560836198225086,0.6385032172968382,5.0,no_upper_fight_zone_detected
AHMA,2026-01-15,True,1,rth_volume_campaign_1,rth,volume_campaign,2026-01-15 09:52:00,2026-01-15 10:15:00,23.0,22,15.98,19.31,15.98,2026-01-15 09:52:00,21.18,2026-01-15 10:11:00,0.32540675844806,0.20838548185231529,0.32540675844806,270815.0,12309.772727272728,42576.0,2026-01-15 10:11:00,13,0.18863061499547662,11652.5,11283.958333333334,0.37695474770599857,13,2,0,18,12,1,3,13,6,0.5892841976995365,0.40664660377010137,1.9201299780292818,1.2296216974687513,0.32540675844806,0.0,9,7,6.95,,True,,2026-01-15 09:54:00,2026-01-15 09:54:00,1,11722.0,11722.0,10000,0.7,18.1467,18.6233,20.7467,15.98,21.18,270815.0,0.18278047113359047,0.71830321128673,0.09891631757967942,20.79,20.9633,21253.142545340903,0.07847845409353582,0.00833573833573839,2026-01-15 10:30:00,20.89,2026-01-15 10:31:00,21.8,2026-01-15 10:31:00,21.8,26613.0,7.468429028455969,2.5545210213092724,4.5,concentrated_volume_spike
AIFF,2025-02-11,True,1,premarket_full,premarket,volume_campaign,2025-02-11 05:26:00,2025-02-11 09:29:00,243.0,107,3.1,4.3,3.01,2025-02-11 05:26:00,4.79,2025-02-11 07:45:00,0.5741935483870968,0.38709677419354827,0.5913621262458473,14079292.0,131582.16822429906,1044957.0,2025-02-11 08:00:00,17,0.985993116699334,88988.0,57702.016393442624,0.1431455502165876,105,98,77,97,41,1,1,47,54,0.4483593351142941,0.5214740201424901,0.01264268118027526,0.008523155851870958,0.5451612903225806,-0.029032258064516224,27,34,7.2,,True,,2025-02-11 07:47:00,2025-02-11 08:52:00,66,11641011.0,176378.95454545456,222470.0,0.7,4.078,4.2412,4.5527,3.01,4.79,14079292.0,0.28303017131102054,0.7014502731145756,0.015519555574403892,4.5675,4.78,1231980.1902939524,0.08750299306910833,0.04652435686918453,2025-02-11 09:40:00,4.69,2025-02-11 10:05:00,5.06,2025-02-11 10:11:00,5.1292,1573107.0,1.9592008299571695,1.210741696246879,5.0,concentrated_volume_spike
AIFF,2026-03-04,True,1,premarket_full,premarket,volume_campaign,2026-03-04 07:45:00,2026-03-04 09:29:00,104.0,105,0.7095,1.22,0.68,2026-03-04 08:00:00,1.37,2026-03-04 09:25:00,0.9725158562367865,0.719520789288231,1.0147058823529411,71054211.0,676706.7714285714,2151068.0,2026-03-04 08:03:00,18,0.057572956513442956,506681.0,676706.7714285714,0.08437623774331968,105,102,100,105,80,0,0,56,47,0.5168559538293938,0.4711200578949501,0.0009710895248699617,0.0007184655107914716,0.9309372797744891,-0.04157857646229735,41,33,7.1,low_price_volume_efficiency,True,,2026-03-04 08:00:00,2026-03-04 09:26:00,87,67564992.0,776609.1034482758,1266702.5,0.7,0.956,1.0653,1.232,0.68,1.37,71054211.0,0.15315266359357874,0.7227811382078628,0.12406619819855834,1.2378,1.3413,12523461.72513036,0.17625221009252162,0.08361609306834701,2026-03-04 09:30:00,1.3299,2026-03-04 10:09:00,1.36,2026-03-04 10:09:00,1.36,3611538.0,2.9606485863102985,1.0198135129022066,5.0,concentrated_volume_spike
AIFF,2026-03-26,False,1,premarket_full,premarket,volume_campaign,2026-03-26 04:00:00,2026-03-26 09:29:00,329.0,120,1.62,2.07,1.58,2026-03-26 04:33:00,2.4,2026-03-26 07:45:00,0.5061728395061728,0.27777777777777757,0.5189873417721518,15420853.0,128507.10833333334,915697.0,2026-03-26 08:02:00,28,0.9784523592825897,58360.5,46729.857575757575,0.15290269610896362,100,78,65,70,29,10,10,55,47,0.5164725972032805,0.47519466011380823,0.00531747498014539,0.0029181265134944206,0.48148148148148134,-0.024691358024691377,36,50,7.2,,True,,2026-03-26 07:45:00,2026-03-26 09:28:00,103,15326049.0,148796.5922330097,186172.925,0.7,1.99,2.1062,2.1677,1.58,2.4,15420852.999999998,0.16579062419831095,0.7686771548977979,0.06553222090389119,2.1745,2.25,1247310.4469987445,0.08088465968768035,0.034720625431133544,2026-03-26 09:32:00,2.195,2026-03-26 09:34:00,2.315,2026-03-26 09:34:00,2.315,1719282.0,3.5449464242120334,1.4219589213080208,5.0,concentrated_volume_spike
AIHS,2025-09-03,True,1,premarket_full,premarket,volume_campaign,2025-09-03 07:32:00,2025-09-03 09:29:00,117.0,118,2.49,3.44,2.44,2025-09-03 08:13:00,4.42,2025-09-03 07:51:00,0.7951807228915662,0.38152610441767054,0.8114754098360656,22278195.0,188798.2627118644,1159829.0,2025-09-03 08:00:00,18,0.8220502154685333,139909.0,188798.2627118644,0.12519384986081683,111,105,90,112,78,1,1,52,63,0.5078849071928853,0.4778731849685309,0.008887614099795786,0.004264259290306058,0.7751004016064256,-0.020080321285140666,30,38,7.2,,True,,2025-09-03 07:44:00,2025-09-03 08:37:00,54,16940664.0,313716.0,349772.5,0.7,3.232,3.4465,3.925,2.44,4.42,22278194.999999996,0.17607486936728275,0.7044736020074847,0.1194515286252327,3.9415,4.2501,4027804.621600709,0.1807958239705106,0.0782950653304579,2025-09-03 09:33:00,4.0999,2025-09-03 09:41:00,4.45,2025-09-03 09:41:00,4.45,1991455.0,1.6045239008561494,1.1151412898861708,5.0,concentrated_volume_spike
AIIO,2026-05-13,True,1,premarket_full,premarket,volume_campaign,2026-05-13 04:00:00,2026-05-13 09:29:00,329.0,313,1.31,1.4403,1.27,2026-05-13 04:00:00,1.6,2026-05-13 09:03:00,0.2519083969465649,0.09946564885496172,0.2598425196850394,3249773.0,10382.661341853036,236798.0,2026-05-13 09:04:00,62,0.27630422186411174,1884.0,9847.79696969697,0.17228987993930653,62,31,16,73,15,70,100,92,116,0.4482602323300735,0.43373275610327244,0.010154555410485598,0.004009510818140217,0.22137404580152673,-0.030534351145038195,104,183,5.45,many_zero_range_bars,True,,2026-05-13 04:00:00,2026-05-13 09:29:00,313,3249773.0,10382.661341853036,10000,0.7,1.402,1.4983,1.6,1.27,1.6,3249773.0,0.2961906846074986,0.7038093153925014,0.0,,,,,,2026-05-13 09:44:00,1.6399,2026-05-13 09:44:00,1.6399,2026-05-13 09:44:00,1.6399,492412.0,5.134120949184494,3.3539624697748867,4.5,concentrated_volume_spike;no_upper_fight_zone_detected
AIIO,2026-05-14,True,1,premarket_full,premarket,volume_campaign,2026-05-14 04:00:00,2026-05-14 09:29:00,329.0,330,3.0,4.38,2.7162,2026-05-14 04:00:00,4.89,2026-05-14 08:42:00,0.7245999999999998,0.45999999999999996,0.800309255577645,42524651.0,128862.57878787878,900924.0,2026-05-14 04:00:00,67,0.12709893844866593,74721.5,128862.57878787878,0.05479734566193148,319,267,218,241,88,0,0,162,158,0.493980609035451,0.4938987976644417,0.005111858531184652,0.0032451765447763462,0.6299999999999999,-0.09459999999999995,125,96,7.1,low_price_volume_efficiency,True,,2026-05-14 04:00:00,2026-05-14 09:02:00,303,40742942.0,134465.15511551156,199975.22499999998,0.7,3.9118,4.4009,4.7451,2.7162,4.89,42524650.99999999,0.2767217016083219,0.7052358940343538,0.018042404357324425,4.7632,4.85,1659887.3209579843,0.03903353189090216,0.018223043332213494,2026-05-14 13:00:00,5.375,2026-05-14 13:00:00,5.375,2026-05-14 13:00:00,5.375,2258239.0,14.13600173770539,11.09116582435771,5.0,concentrated_volume_spike
AIIO,2026-05-18,False,1,premarket_full,premarket,volume_campaign,2026-05-18 04:00:00,2026-05-18 09:29:00,329.0,330,4.41,4.5999,4.01,2026-05-18 04:05:00,4.96,2026-05-18 06:09:00,0.21541950113378688,0.04306122448979586,0.23690773067331677,3154348.0,9558.630303030302,168879.0,2026-05-18 04:01:00,60,0.648386607945604,5543.0,9558.630303030302,0.09666815455999148,86,23,7,81,13,2,21,141,153,0.4384316505344369,0.5046459680415731,0.030117158918419915,0.006020261556429403,0.12471655328798181,-0.09070294784580507,124,144,6.2,,True,,2026-05-18 04:00:00,2026-05-18 09:22:00,323,3097860.0,9590.897832817338,13857.5,0.7,4.5167,4.8571,4.9125,4.01,4.96,3154348.0,0.28219293084488717,0.708151533311074,0.009655535844038693,,,,,,2026-05-18 09:55:00,4.94,2026-05-18 09:55:00,4.94,2026-05-18 10:00:00,5.51,667110.0,3.8730814136099814,1.546430467306618,4.5,concentrated_volume_spike;no_upper_fight_zone_detected
AIMD,2026-05-26,False,1,rth_volume_campaign_1,rth,volume_campaign,2026-05-26 11:06:00,2026-05-26 11:28:00,22.0,23,1.737,1.89,1.65,2026-05-26 11:07:00,2.0842,2026-05-26 11:08:00,0.24997121473805417,0.08808290155440403,0.26315151515151525,559195.0,24312.82608695652,60629.0,2026-05-26 11:27:00,10,0.8583803503250208,21034.0,24312.82608695652,0.2906499521633777,18,9,2,21,13,0,0,13,9,0.6455350995627643,0.27366124518280743,0.07764733232593285,0.02736075966344474,0.19988485895221642,-0.050086355785837755,9,9,6.2,,True,,2026-05-26 11:07:00,2026-05-26 11:18:00,12,325532.0,27127.666666666668,24212.387499999997,0.7,1.8309,1.9286,1.9395,1.65,2.0842,559195.0,0.20993461606549899,0.7167207571645794,0.07334462676992165,1.9431,2.0372,84821.21190335843,0.15168449629084385,0.048427770058154414,2026-05-26 11:40:00,1.95,2026-05-26 11:43:00,2.06,2026-05-26 11:47:00,2.12,63579.0,1.891303377805542,0.7204745824173333,5.5,
AIRE,2025-07-21,True,1,premarket_full,premarket,volume_campaign,2025-07-21 04:00:00,2025-07-21 09:29:00,329.0,327,5.2525,6.715,5.06,2025-07-21 04:02:00,6.875,2025-07-21 08:18:00,0.3455497382198953,0.27843883864826263,0.35869565217391314,845706.68,2586.2589602446483,24482.6,2025-07-21 08:17:00,15,0.34073042913649443,1309.16,2562.7475151515155,0.07048836364872983,15,0,0,219,73,16,29,155,148,0.547045412955707,0.4406009894588986,0.2146134165571449,0.1729322984654679,0.3089005235602093,-0.03664921465968601,115,126,7.2,,True,,2025-07-21 04:18:00,2025-07-21 08:23:00,243,567387.56,2334.928230452675,10000,0.7,5.8767,6.6179,6.754,5.06,6.875,845706.68,0.2670583808319554,0.7245101241516039,0.008431495016440702,,,,,,2025-07-21 09:37:00,7.27,2025-07-21 09:37:00,7.27,2025-07-21 09:37:00,7.27,53347.0,3.1519153851898554,1.6640734566761328,4.5,concentrated_volume_spike;no_upper_fight_zone_detected
AIRE,2025-10-23,True,2,rth_volume_campaign_1,rth,volume_campaign,2025-10-23 09:44:00,2025-10-23 09:52:00,8.0,9,16.9925,18.2575,16.8325,2025-10-23 09:44:00,18.7925,2025-10-23 09:49:00,0.11534500514933065,0.07444460791525677,0.11644140799049463,120499.72,13388.857777777777,25396.36,2025-10-23 09:49:00,5,0.24663426603812855,15655.76,13388.857777777777,0.4914321792614954,6,1,0,9,3,0,0,5,4,0.5426070699583369,0.45739293004166315,1.6265597961555436,1.0497949704779401,0.10592908636163018,-0.009415918787700464,2,2,4.45,,True,,2025-10-23 09:46:00,2025-10-23 09:51:00,6,99705.68000000001,16617.613333333335,12784.423499999999,0.7,17.9758,18.5148,18.7925,16.8325,18.7925,120499.72,0.2977851527152683,0.7022148472847317,0.0,,,,,,2025-10-23 09:58:00,18.97,2025-10-23 09:58:00,18.97,2025-10-23 10:03:00,19.195,21999.92,2.6196668152737606,1.2946917445446198,4.5,no_upper_fight_zone_detected
AIRI,2024-08-22,True,1,premarket_full,premarket,volume_campaign,2024-08-22 07:00:00,2024-08-22 09:29:00,149.0,149,4.14,6.13,4.14,2024-08-22 07:00:00,6.78,2024-08-22 07:01:00,0.63768115942029,0.48067632850241554,0.63768115942029,4439348.0,29794.28187919463,227067.0,2024-08-22 08:37:00,28,0.981685148359624,19035.0,29595.653333333332,0.12086707327292207,105,62,25,138,64,0,0,73,68,0.5647543287888221,0.4017626011747671,0.0594681921759682,0.04482640243567299,0.63768115942029,0.0,58,41,7.45,,True,,2024-08-22 07:01:00,2024-08-22 09:29:00,148,4422774.0,29883.608108108107,47587.5,0.7,5.108,5.394,5.988,4.14,6.78,4439348.0,0.05982365126324205,0.719595833833063,0.2205805149036949,6.01,6.28,1026481.4075873418,0.23122346064947868,0.04492512479201339,2024-08-22 09:30:00,6.37,2024-08-22 09:30:00,6.37,2024-08-22 09:30:00,6.37,1098015.0,17.043147444494114,17.301928713245722,5.0,concentrated_volume_spike
AIXC,2024-07-12,False,1,premarket_full,premarket,volume_campaign,2024-07-12 04:17:00,2024-07-12 09:29:00,312.0,313,10.05,14.96,10.05,2024-07-12 04:17:00,22.5,2024-07-12 08:02:00,1.2388059701492535,0.48855721393034823,1.2388059701492535,1139410.96,3640.290607028754,148490.02,2024-07-12 08:00:00,25,0.3722510796280212,1424.1,3640.290607028754,0.19054166373825296,25,2,1,267,144,4,6,143,155,0.5585751079663128,0.43879772755564844,1.0926698475851064,0.4309244137865762,1.2388059701492535,0.0,108,124,7.2,,True,,2024-07-12 04:22:00,2024-07-12 08:23:00,242,953619.94,3940.57826446281,10000,0.7,13.5775,18.6613,18.9725,10.05,22.5,1139410.9599999997,0.08098267948666792,0.7156216760652697,0.2033956444480624,19.0763,22.5,287537.5900417321,0.25235634914529187,0.17947400701393879,2024-07-12 09:38:00,19.5,2024-07-12 10:13:00,25.56,2024-07-12 10:13:00,25.56,157917.5,4.02984099586011,2.6297467163448873,5.0,concentrated_volume_spike
AIXC,2025-09-25,True,1,premarket_full,premarket,volume_campaign,2025-09-25 04:00:00,2025-09-25 09:28:00,328.0,137,4.3,4.28,4.21,2025-09-25 07:53:00,5.05,2025-09-25 04:35:00,0.1953488372093023,-0.0046511627906975755,0.19952494061757717,155515.0,1135.14598540146,23947.0,2025-09-25 04:35:00,3,0.6989293637269717,301.0,472.6899696048632,0.3170498022698775,3,0,0,20,8,90,90,16,28,0.2920682892325499,0.4298299199434138,0.5401408224287045,0.01286049577211174,0.1744186046511628,-0.020930232558139503,15,119,2.95,weak_close_displacement;many_flat_bars;many_zero_range_bars,False,flat_bar_pct_gte_65;zero_range_bar_pct_gte_55;movement_quality_score_lt_3,2025-09-25 04:35:00,2025-09-25 05:30:00,26,70258.0,2702.230769230769,10000,0.7,4.238,4.469,4.7,4.21,5.05,155515.0,0.0013683567501526965,0.724828976016,0.27380266723384716,4.707,4.917,55740.16401709389,0.35842307183933314,0.04461440407903122,2025-09-25 09:48:00,4.77,2025-09-25 09:51:00,4.9307,2025-09-25 10:42:00,4.9798,26219.0,5.178959427961916,1.810829477173838,4.5,concentrated_volume_spike
AIXI,2026-04-07,True,1,premarket_full,premarket,volume_campaign,2026-04-07 04:00:00,2026-04-07 09:29:00,329.0,330,0.92,1.1199,0.866,2026-04-07 04:01:00,1.3,2026-04-07 04:48:00,0.47173913043478266,0.217282608695652,0.5011547344110855,105811882.0,320642.06666666665,8818575.0,2026-04-07 04:01:00,60,0.6701993921627819,189752.0,320642.06666666665,0.12689026738981923,330,330,308,237,68,0,0,134,160,0.48111807518932515,0.45182106296909075,0.0004101618757711918,0.0001889201819508322,0.41304347826086957,-0.05869565217391309,110,121,6.85,low_price_volume_efficiency,True,,2026-04-07 04:00:00,2026-04-07 09:29:00,330,105811882.0,320642.06666666665,474380.0,0.7,0.9528,0.9926,1.1119,0.866,1.3,105811881.99999999,0.060868074015374744,0.7111483594258836,0.22798356655874166,1.1156,1.24,16956829.519763835,0.16025449315572932,0.1115095016134816,2026-04-07 09:30:00,1.115,2026-04-07 10:08:00,1.2523,2026-04-07 10:39:00,1.329,1738824.0,2.679308406514568,1.9816516270790074,5.0,concentrated_volume_spike
AIXI,2026-04-23,False,1,premarket_full,premarket,volume_campaign,2026-04-23 04:00:00,2026-04-23 09:29:00,329.0,328,0.9908,0.9997,0.95,2026-04-23 05:06:00,1.09,2026-04-23 04:04:00,0.14129995962858308,0.008982640290674221,0.1473684210526317,4878906.0,14874.713414634147,304091.0,2026-04-23 04:00:00,61,0.8544194128765752,7342.5,14784.563636363637,0.13528217186393834,130,39,18,103,13,9,41,130,150,0.4166669741126392,0.48226385177332787,0.002869495743512995,0.00018241794369475492,0.10012111425111028,-0.04117884537747281,128,149,5.45,weak_close_displacement,True,,2026-04-23 04:00:00,2026-04-23 09:27:00,326,4855257.0,14893.426380368099,18798.762499999997,0.7,0.9873,1.0095,1.041,0.95,1.09,4878906.0,0.17713146370747562,0.7082505990558099,0.1146179372367144,1.0422,1.08,681281.3006858174,0.13963812803235343,0.036269430051813524,2026-04-23 09:30:00,1.06,2026-04-23 09:32:00,1.0899,2026-04-23 09:37:00,1.13,915822.0,3.6643022788707915,1.188414598540146,5.0,concentrated_volume_spike
AKAN,2026-04-22,True,1,rth_volume_campaign_1,rth,volume_campaign,2026-04-22 12:04:00,2026-04-22 13:20:00,76.0,47,4.0,6.7,3.97,2026-04-22 12:04:00,7.95,2026-04-22 12:54:00,0.995,0.675,1.0025188916876573,9585454.0,203945.82978723405,662432.0,2026-04-22 12:54:00,32,0.42319643910450144,179818.0,124486.41558441559,0.16498196120914044,47,47,45,46,39,1,1,23,21,0.48071369389493707,0.4919124331513145,0.041521246672301594,0.02816767990332018,0.9875,-0.007499999999999951,14,10,7.45,,True,,2026-04-22 12:10:00,2026-04-22 13:12:00,37,8569294.0,231602.54054054053,127298.9625,0.7,6.4243,7.1208,7.4857,3.97,7.95,9585454.0,0.23907285608031498,0.7269284400189376,0.033998703900747336,7.5188,7.5852,236433.76230023417,0.024665890869669208,0.008831196467521504,2026-04-22 14:10:00,7.78,2026-04-22 14:10:00,7.78,2026-04-22 14:15:00,8.67,537724.0,3.4923084316942234,1.4682765927236585,5.0,concentrated_volume_spike
AKAN,2026-04-28,True,1,rth_volume_campaign_1,rth,volume_campaign,2026-04-28 09:41:00,2026-04-28 10:03:00,22.0,14,11.37,12.84,11.37,2026-04-28 09:41:00,14.51,2026-04-28 09:54:00,0.276165347405453,0.1292875989445911,0.276165347405453,402218.0,28729.85714285714,154108.0,2026-04-28 09:54:00,8,0.5245886559030177,14729.0,17487.739130434784,0.6495159341451651,9,4,3,14,8,0,0,8,6,0.3673679447463813,0.6326320552536187,0.7806711783162367,0.3654734497212956,0.276165347405453,0.0,8,5,6.95,,True,,2026-04-28 09:43:00,2026-04-28 10:02:00,11,380804.0,34618.545454545456,12957.624999999998,0.7,13.0447,13.2278,13.8297,11.37,14.51,402218.0,0.1861649837074322,0.7167922916524277,0.09704272464014008,13.8558,14.1175,26386.314874863416,0.06560202396427663,0.01888739733541184,2026-04-28 12:53:00,14.4,2026-04-28 12:53:00,14.4,2026-04-28 12:53:00,14.4,71063.0,41.371019386388774,22.595548489666136,4.5,concentrated_volume_spike
AKAN,2026-04-29,True,1,premarket_full,premarket,volume_campaign,2026-04-29 04:00:00,2026-04-29 09:29:00,329.0,318,18.99,19.86,17.98,2026-04-29 04:01:00,23.85,2026-04-29 04:18:00,0.3091100579252239,0.04581358609794634,0.32647385984427146,1145199.0,3601.254716981132,47509.0,2026-04-29 04:00:00,28,0.7743597400975726,1495.5,3470.3,0.0882527840139574,28,3,0,137,24,21,49,135,143,0.4810762147015497,0.49892027499150804,0.5125746704284584,0.07596932934799987,0.25592417061611394,-0.05318588730910996,113,130,6.2,,True,,2026-04-29 04:00:00,2026-04-29 08:31:00,263,1072104.0,4076.4410646387832,10000,0.7,20.2302,21.6487,22.3825,17.98,23.85,1145198.9999999998,0.13942059097197831,0.7278309184101188,0.13274849061790295,22.4314,23.85,151845.94275328645,0.13259349925496483,0.06324170582308734,2026-04-29 09:43:00,22.5,2026-04-29 11:42:00,24.5,2026-04-29 11:42:00,24.5,66530.0,2.5494230938722646,1.8402345586811606,5.0,concentrated_volume_spike
AKAN,2026-04-30,True,1,premarket_full,premarket,volume_campaign,2026-04-30 04:00:00,2026-04-30 09:29:00,329.0,321,29.0,33.13,27.6,2026-04-30 04:00:00,39.66,2026-04-30 04:35:00,0.4158620689655171,0.14241379310344837,0.43695652173913024,1147864.0,3575.9003115264795,103012.0,2026-04-30 04:00:00,26,0.5508501007087948,1531.0,3478.3757575757577,0.1450433152359513,26,2,1,125,24,21,58,134,156,0.5783960469184503,0.39691200351261124,1.0506471149892318,0.35979872179979533,0.3675862068965516,-0.04827586206896547,108,148,7.2,,True,,2026-04-30 04:00:00,2026-04-30 09:26:00,318,1144432.0,3598.8427672955977,10000,0.7,31.62,33.7305,36.444,27.6,39.66,1147864.0,0.13672219389974632,0.7041031386041081,0.1591746674961455,36.5445,39.02,191294.62824257632,0.16665269425870688,0.06773933149995222,2026-04-30 09:44:00,37.59,2026-04-30 10:23:00,39.1,2026-04-30 10:57:00,40.86,94544.0,7.827915680007949,5.5347149045779185,5.0,concentrated_volume_spike
AKAN,2026-05-01,False,3,rth_volume_campaign_1,rth,volume_campaign,2026-05-01 09:30:00,2026-05-01 09:56:00,26.0,23,57.72,58.99,54.19,2026-05-01 09:40:00,66.77,2026-05-01 09:48:00,0.21794871794871792,0.022002772002772057,0.23214615242664696,552516.0,24022.434782608696,89174.0,2026-05-01 09:48:00,18,0.32948186115877187,19831.0,20463.555555555555,0.4007576251185486,18,8,3,23,17,0,0,10,13,0.29311187368329605,0.706888126316704,2.276857140788683,0.22985759688407273,0.15679140679140674,-0.06115731115731118,7,8,6.2,,True,,2026-05-01 09:30:00,2026-05-01 09:55:00,22,547440.0,24883.636363636364,10000,0.7,57.335,64.9878,65.9313,54.19,66.77,552516.0,0.2437740339202509,0.7422200127203658,0.014005953359383231,66.0362,66.4555,6059.158655654329,0.010966485415181332,0.006349547672337399,2026-05-01 10:07:00,66.34,2026-05-01 10:08:00,66.94,2026-05-01 10:25:00,73.2,36783.0,1.555964467005076,2.1371797106501655,5.0,concentrated_volume_spike
AKAN,2026-05-21,False,2,rth_volume_campaign_2,rth,volume_campaign,2026-05-21 12:13:00,2026-05-21 12:34:00,21.0,22,21.62,24.94,21.62,2026-05-21 12:13:00,28.17,2026-05-21 12:27:00,0.3029602220166513,0.15356151711378355,0.3029602220166513,590310.0,26832.272727272728,81216.0,2026-05-21 12:27:00,17,0.3486710372516136,21857.5,26832.272727272728,0.3135606715115787,17,10,2,22,15,0,0,14,8,0.5746268909555996,0.4253731090444004,1.1095864884552185,0.5624163575070725,0.3029602220166513,0.0,9,5,7.45,,True,,2026-05-21 12:15:00,2026-05-21 12:33:00,19,566216.0,29800.842105263157,12564.9,0.7,24.7858,25.7138,27.7333,21.62,28.17,590310.0,0.2722263478875798,0.7023985668929048,0.025375085219515335,27.7879,28.0063,11654.38655593211,0.019742824204116667,0.007859535985086999,2026-05-21 13:33:00,28.49,2026-05-21 13:33:00,28.49,2026-05-21 13:33:00,28.49,48451.0,2.8865825831550973,0.9790652090447997,5.0,concentrated_volume_spike
AKTX,2026-05-22,False,2,premarket_core_after_early_spike,premarket,volume_campaign,2026-05-22 04:03:00,2026-05-22 09:29:00,326.0,326,13.18,9.92,8.18,2026-05-22 07:10:00,13.18,2026-05-22 04:03:00,0.37936267071320184,-0.2473444613050076,0.6112469437652812,4622899.0,14180.671779141105,223804.0,2026-05-22 07:43:00,69,0.9944846296663631,5959.5,14137.305810397553,0.11554589447011497,115,43,19,230,86,6,21,133,160,0.44595804494106406,0.44867798323086877,0.10815724072708488,0.07051852095405933,0.0,-0.37936267071320184,94,147,7.2,,True,,2026-05-22 04:03:00,2026-05-22 09:22:00,319,4521482.0,14173.924764890282,16787.699999999997,0.7,10.0133,10.305,11.18,8.18,13.18,4622899.0,0.20471097961596568,0.7260685845868977,0.06922043579713649,11.2217,12.0,208477.59613842587,0.04509672310349542,0.06935669283620127,2026-05-22 12:41:00,11.44,2026-05-22 12:43:00,12.05,2026-05-22 13:18:00,12.75,216056.0,7.202610936463434,3.5693446333283774,5.0,concentrated_volume_spike
ALDX,2026-03-23,False,1,premarket_full,premarket,volume_campaign,2026-03-23 04:00:00,2026-03-23 09:29:00,329.0,65,1.85,1.86,1.8,2026-03-23 04:01:00,1.9,2026-03-23 07:41:00,0.05405405405405398,0.00540540540540541,0.05555555555555548,167745.0,2580.6923076923076,74174.0,2026-03-23 08:00:00,4,0.7753673730960684,459.0,508.3181818181818,0.6130436078571642,4,1,1,11,2,43,46,11,10,0.16947151927032103,0.6999672121374706,0.05961429550806275,0.0059614295508062885,0.02702702702702693,-0.02702702702702705,11,52,2.2,weak_close_displacement;many_flat_bars;many_zero_range_bars,False,range_lt_8pct;flat_bar_pct_gte_65;zero_range_bar_pct_gte_55;movement_quality_score_lt_3,2026-03-23 04:00:00,2026-03-23 09:28:00,64,167148.0,2611.6875,10000,0.7,1.805,1.8408,1.85,1.8,1.9,167745.0,0.049526771544205615,0.707767425796546,0.2427058026592485,1.8508,1.89,102608.4666488841,0.6116931452435787,0.02118003025718603,2026-03-23 09:31:00,1.87,2026-03-23 09:36:00,1.92,2026-03-23 09:36:00,1.92,25686.0,1.4375017488877073,0.36675947740415504,4.0,concentrated_volume_spike
ALOY,2025-01-22,True,1,premarket_full,premarket,volume_campaign,2025-01-22 04:05:00,2025-01-22 09:29:00,324.0,90,1.75,3.33,1.75,2025-01-22 04:05:00,3.82,2025-01-22 08:59:00,1.1828571428571428,0.9028571428571429,1.1828571428571428,22154199.0,246157.76666666666,818948.0,2025-01-22 08:58:00,18,0.17699755247300974,155947.0,68166.76615384615,0.10770739217427812,89,88,85,87,63,1,1,43,45,0.4972683056607012,0.5012196107834908,0.009343601183685313,0.007131830855180095,1.1828571428571428,0.0,32,34,7.2,,True,,2025-01-22 08:02:00,2025-01-22 09:00:00,59,18453045.0,312763.4745762712,389867.5,0.7,3.0265,3.4232,3.475,1.75,3.82,22154198.999999996,0.18415418575157375,0.7142941947485754,0.10155161949985095,3.4922,3.75,3534262.162737453,0.1595301262183956,0.07382165969875724,2025-01-22 10:37:00,3.679,2025-01-22 10:41:00,3.9601,2025-01-22 10:41:00,3.9601,2345657.0,2.160077405804183,1.0786831886601218,5.0,concentrated_volume_spike
AMBO,2024-10-07,False,1,premarket_full,premarket,volume_campaign,2024-10-07 07:04:00,2024-10-07 09:29:00,145.0,84,1.4,1.44,1.25,2024-10-07 08:35:00,1.76,2024-10-07 08:32:00,0.3642857142857143,0.0285714285714286,0.40800000000000003,555329.0,6611.059523809524,81098.0,2024-10-07 08:32:00,13,0.8176126224274259,1538.5,3803.623287671233,0.373722604077943,13,6,3,48,26,28,28,30,20,0.3936135155916583,0.465574461265304,0.0918374513126453,0.00720293735785454,0.25714285714285723,-0.10714285714285708,33,46,5.45,many_zero_range_bars,True,,2024-10-07 08:32:00,2024-10-07 08:50:00,19,454280.0,23909.473684210527,10000,0.7,1.3945,1.4583,1.522,1.25,1.76,555329.0,0.2573845991911988,0.7174976637516732,0.02511773705712794,1.5263,1.5518,4403.997032967034,0.007930428688159692,0.016707069383476433,2024-10-07 09:32:00,1.58,2024-10-07 09:32:00,1.58,2024-10-07 09:32:00,1.58,45605.0,11.2682842458984,1.8406183153731284,5.0,concentrated_volume_spike
AMC,2024-05-13,True,1,premarket_full,premarket,volume_campaign,2024-05-13 04:00:00,2024-05-13 09:29:00,329.0,294,3.15,3.52,3.03,2024-05-13 04:37:00,3.55,2024-05-13 09:28:00,0.1650793650793651,0.1174603174603175,0.17161716171617164,11859214.0,40337.462585034016,2001494.0,2024-05-13 08:00:00,69,0.0112351459380023,11088.5,35937.01212121212,0.20667195987862264,150,102,71,37,6,75,75,102,71,0.5455705580487881,0.26566769096164383,0.004384776259202338,0.0031199369536632033,0.12698412698412695,-0.03809523809523813,99,149,5.35,many_zero_range_bars;low_price_volume_efficiency,True,,2024-05-13 07:08:00,2024-05-13 09:29:00,142,11237777.0,79139.27464788733,53752.149999999994,0.7,3.1513,3.3983,3.446,3.03,3.55,11859214.0,0.1354089031822843,0.7091388427728859,0.15545225404482976,3.4503,3.55,1472307.500833336,0.12414882645960651,0.0288960380256789,2024-05-13 09:35:00,3.52,2024-05-13 09:36:00,3.58,2024-05-13 09:36:00,3.58,2890132.0,2.572829790334631,1.2506526680741996,5.0,concentrated_volume_spike
AMCI,2025-12-15,False,2,premarket_core_after_early_spike,premarket,volume_campaign,2025-12-15 04:04:00,2025-12-15 09:29:00,325.0,324,5.09,3.61,3.42,2025-12-15 07:22:00,5.93,2025-12-15 08:08:00,0.4931237721021611,-0.2907662082514735,0.7339181286549707,3995186.0,12330.82098765432,143614.0,2025-12-15 04:04:00,66,0.10984369688920616,6741.0,12255.171779141105,0.07919756426859725,115,39,13,173,36,7,7,129,152,0.40705464025955235,0.5378901007362361,0.06282561062238402,0.03704458315582804,0.16502946954813358,-0.3280943025540275,97,124,7.2,,True,,2025-12-15 04:04:00,2025-12-15 09:28:00,323,3979593.0,12320.721362229102,17682.6875,0.7,3.7965,4.3613,4.7168,3.42,5.93,3995186.0,0.2536000528221398,0.7056882863769499,0.04071166080091027,4.7333984000000004,5.1143,274710.43889018544,0.06876036281919927,0.08047106282031945,2025-12-15 09:51:00,4.8,2025-12-15 10:02:00,6.3,2025-12-15 10:02:00,6.3,890768.0,5.156238242046269,1.137714654286061,5.0,concentrated_volume_spike
AMCI,2025-12-24,True,1,rth_volume_campaign_1,rth,volume_campaign,2025-12-24 09:58:00,2025-12-24 10:19:00,21.0,18,7.81,7.84,7.44,2025-12-24 10:03:00,8.81,2025-12-24 10:01:00,0.17541613316261206,0.0038412291933419013,0.18413978494623656,1143898.0,63549.88888888889,128725.0,2025-12-24 10:12:00,6,0.7695284020078713,58159.5,51995.36363636364,0.287610433797419,18,16,9,18,14,0,0,10,8,0.5687211622015249,0.43127883779847503,0.11976592318545884,0.0026226114566159087,0.12804097311139576,-0.047375160051216295,6,4,5.7,weak_close_displacement,True,,2025-12-24 10:00:00,2025-12-24 10:13:00,10,830215.0,83021.5,81716.7,0.7,7.8053,8.1136,8.3762,7.44,8.81,1143898.0,0.09331758587300938,0.7033951735434467,0.2032872405835438,8.3876,8.81,365389.4187526477,0.31942482524897126,0.05036005531975769,2025-12-24 10:28:00,8.51,2025-12-24 10:29:00,9.04,2025-12-24 10:29:00,9.04,169444.0,6.301165078149113,1.4731186534984004,5.5,
AMPG,2026-05-21,True,1,rth_volume_campaign_1,rth,volume_campaign,2026-05-21 09:30:00,2026-05-21 09:59:00,29.0,30,4.56,4.71,4.35,2026-05-21 09:30:00,4.9,2026-05-21 09:50:00,0.12061403508771947,0.032894736842105345,0.12643678160919558,1869104.0,62303.46666666667,259480.0,2026-05-21 09:30:00,25,0.17685853756666295,49198.5,62303.46666666667,0.3060225648225032,29,26,14,24,3,0,0,16,14,0.5573601040926561,0.4426398959073438,0.029425863943365414,0.008025235620917849,0.0745614035087721,-0.046052631578947366,9,6,5.7,,True,,2026-05-21 09:30:00,2026-05-21 09:53:00,24,1671009.0,69625.375,32525.0,0.7,4.625,4.7763,4.8358,4.35,4.9,1869104.0,0.24402631187076326,0.707747329439125,0.04822635869011173,4.8404,4.9,397610.3688220112,0.21272779300777872,0.012313031980828143,2026-05-21 10:36:00,4.865,2026-05-21 11:17:00,4.98,2026-05-21 11:17:00,4.98,147225.0,11.07088070745353,3.3531863526625063,5.0,concentrated_volume_spike
AMTD,2025-10-31,True,1,premarket_full,premarket,volume_campaign,2025-10-31 08:00:00,2025-10-31 09:29:00,89.0,30,1.04,1.15,1.02,2025-10-31 09:07:00,1.3,2025-10-31 09:02:00,0.2692307692307693,0.10576923076923064,0.27450980392156865,138570.0,4619.0,28803.0,2025-10-31 09:04:00,4,0.8319044526232229,2288.0,1539.6666666666667,0.412737244713863,4,1,0,18,12,5,9,12,9,0.3826658006783575,0.5358014000144331,0.20206393880349285,0.07938226167280066,0.25,-0.019230769230769246,12,14,6.2,,True,,2025-10-31 09:01:00,2025-10-31 09:05:00,5,76887.0,15377.4,10000,0.7,1.0713,1.1063,1.1927,1.02,1.3,138570.0,0.14250889778177234,0.7012089733805914,0.15628212883763629,1.195,1.251,54438.22736943601,0.39285723727672667,0.046861924686192324,2025-10-31 09:30:00,1.2094,2025-10-31 09:48:00,1.26,2025-10-31 09:48:00,1.26,19832.0,3.0957509912272485,1.308870116156283,4.5,concentrated_volume_spike
ANNA,2026-03-20,True,1,premarket_full,premarket,volume_campaign,2026-03-20 04:00:00,2026-03-20 09:29:00,329.0,186,4.41,3.99,3.97,2026-03-20 09:29:00,5.04,2026-03-20 07:09:00,0.2426303854875283,-0.09523809523809522,0.26952141057934503,2945822.0,15837.752688172042,180562.0,2026-03-20 07:10:00,45,0.7954458891270416,5054.0,8926.733333333334,0.16073068909119423,63,35,15,77,19,22,22,64,76,0.380557956319153,0.5259000713552957,0.036322629133735844,0.014257480594550516,0.14285714285714282,-0.09977324263038548,44,85,6.2,,True,,2026-03-20 07:05:00,2026-03-20 08:37:00,92,2668494.0,29005.369565217392,16939.5,0.7,4.2018,4.7458,4.9865,3.97,5.04,2945821.9999999995,0.2791574533650165,0.7061084834934737,0.014734063141509912,4.9954,5.04,539431.7695004588,0.18311757108897242,0.008928213956840288,2026-03-20 10:13:00,5.06,2026-03-20 10:13:00,5.06,2026-03-20 10:13:00,5.06,481783.0,2.123573600642119,1.699908615220682,5.0,concentrated_volume_spike
ANNA,2026-03-24,False,1,premarket_full,premarket,volume_campaign,2026-03-24 04:00:00,2026-03-24 09:29:00,329.0,213,5.51,6.9,5.4,2026-03-24 08:01:00,7.34,2026-03-24 08:42:00,0.352087114337568,0.25226860254083494,0.35925925925925917,5821248.0,27329.802816901407,373086.0,2026-03-24 08:42:00,49,0.5148184719153006,1908.0,17640.145454545454,0.15844660801257737,89,58,36,89,16,63,79,71,60,0.5073070241982475,0.4116321792165529,0.03332618709939861,0.023878041272249535,0.33212341197822143,-0.01996370235934654,69,112,5.7,many_flat_bars;many_zero_range_bars,True,,2026-03-24 07:54:00,2026-03-24 09:26:00,93,5678168.0,61055.56989247312,31838.899999999998,0.7,6.6933,6.9358,7.2107,5.4,7.34,5821248.0,0.2641699825155213,0.7109868334266117,0.024843184057866882,7.2268,7.34,743727.5093286711,0.12776083570544858,0.015663917639895938,2026-03-24 09:31:00,7.35,2026-03-24 09:32:00,7.37,2026-03-24 09:35:00,7.56,810389.0,2.7040539002936663,0.8796184939476563,5.0,concentrated_volume_spike
ANNA,2026-03-30,False,3,rth_volume_campaign_1,rth,volume_campaign,2026-03-30 09:30:00,2026-03-30 10:23:00,53.0,54,8.55,8.7,7.84,2026-03-30 09:42:00,9.37,2026-03-30 09:50:00,0.17894736842105255,0.01754385964912264,0.19515306122448972,1848943.0,34239.68518518518,152926.0,2026-03-30 09:41:00,42,0.46598029252389067,25000.5,34239.68518518518,0.2069366118912265,47,27,10,50,9,0,0,24,26,0.45693782880272676,0.5026233907697533,0.08274998201675225,0.008112743334975636,0.09590643274853783,-0.0830409356725147,16,16,5.45,weak_close_displacement,True,,2026-03-30 09:30:00,2026-03-30 10:22:00,53,1840479.0,34726.018867924526,14139.249999999998,0.7,8.503,9.2297,9.3445,7.84,9.37,1848943.0,0.2831988974240959,0.7131098014084017,0.0036913011675023043,,,,,,2026-03-30 14:51:00,9.43,2026-03-30 14:51:00,9.43,2026-03-30 14:51:00,9.43,84003.0,7.23216130587506,2.4870618190431077,4.5,concentrated_volume_spike;no_upper_fight_zone_detected
ANRO,2025-10-03,False,1,premarket_full,premarket,volume_campaign,2025-10-03 07:34:00,2025-10-03 09:29:00,115.0,113,4.55,4.77,4.4,2025-10-03 08:37:00,5.54,2025-10-03 07:34:00,0.2505494505494505,0.0483516483516483,0.259090909090909,2004260.0,17736.814159292036,238507.0,2025-10-03 07:41:00,27,0.9926895712133157,4261.0,17278.103448275862,0.25089459451368584,36,22,13,45,14,8,11,52,44,0.37609092632692365,0.6003312943430493,0.056878848053645716,0.010976619799826358,0.21758241758241764,-0.03296703296703285,45,44,6.45,,True,,2025-10-03 07:35:00,2025-10-03 08:38:00,63,1847433.0,29324.333333333332,17148.8,0.7,4.818,5.1125,5.198,4.4,5.54,2004259.9999999998,0.24014866686591763,0.7236802572035875,0.03617107593049494,5.2075,5.3903,199905.39396569657,0.09974025024981618,0.035103216514642405,2025-10-03 09:36:00,5.39,2025-10-03 09:37:00,5.66,2025-10-03 09:37:00,5.66,661040.0,9.325422016821422,3.5674812192384078,5.0,concentrated_volume_spike
ANRO,2025-10-20,True,1,rth_volume_campaign_1,rth,volume_campaign,2025-10-20 09:32:00,2025-10-20 10:59:00,87.0,88,6.79,11.1,6.73,2025-10-20 09:33:00,12.19,2025-10-20 10:24:00,0.804123711340206,0.6347569955817378,0.8112927191679047,10160074.0,115455.38636363637,466211.0,2025-10-20 10:24:00,73,0.21046136081292321,80922.5,115455.38636363637,0.11607986319784679,85,76,62,87,51,0,0,48,39,0.5851283169787936,0.40563543139548,0.053739766068632955,0.04242095087102712,0.7952871870397643,-0.008836524300441769,33,16,7.45,,True,,2025-10-20 09:33:00,2025-10-20 09:33:00,1,76757.0,76757.0,32341.449999999997,0.7,9.824,11.0525,12.008,6.73,12.19,10160074.0,0.28228638642772436,0.7119316019683154,0.005782011603960263,,,,,,,,,,,,,,,4.5,concentrated_volume_spike;no_upper_fight_zone_detected
ANTX,2026-03-09,True,1,premarket_full,premarket,volume_campaign,2026-03-09 04:00:00,2026-03-09 09:29:00,329.0,115,2.8,3.0,2.69,2026-03-09 08:02:00,3.43,2026-03-09 08:02:00,0.2642857142857144,0.0714285714285715,0.2750929368029741,530146.0,4609.965217391305,36710.0,2026-03-09 07:07:00,17,0.4839289554198277,1961.0,1606.5030303030303,0.18532442006541594,17,5,0,34,12,42,44,30,35,0.4370682793041917,0.3986920584140973,0.13958419001558067,0.03772545676096777,0.22500000000000014,-0.03928571428571424,30,78,4.7,many_flat_bars;many_zero_range_bars,True,,2026-03-09 07:02:00,2026-03-09 09:25:00,101,508722.0,5036.851485148515,10000,0.7,2.9613,3.0415,3.134,2.69,3.43,530146.0,0.09817966805618358,0.7093766876952468,0.19244364424856966,3.1402,3.17,77564.38897897961,0.14630760013086888,0.009489841411375016,2026-03-09 09:36:00,3.1699,2026-03-09 09:37:00,3.26,2026-03-09 09:37:00,3.26,74782.0,2.7087763019201443,1.4936683577677465,5.0,concentrated_volume_spike
ANTX,2026-03-12,False,1,rth_volume_campaign_1,rth,volume_campaign,2026-03-12 09:48:00,2026-03-12 10:02:00,14.0,14,4.8901,5.17,4.88,2026-03-12 09:48:00,5.3886,2026-03-12 09:59:00,0.10400605304595005,0.05723809329052567,0.10422131147540992,122037.0,8716.92857142857,22207.0,2026-03-12 09:58:00,5,0.24285257749698863,5529.5,8135.8,0.5282660176831616,5,0,0,11,2,2,2,7,4,0.771585666642084,0.18368199808254873,0.4167588518236276,0.22935667051795736,0.10194065561031469,-0.0020653974356353534,7,4,4.7,,True,,2026-03-12 09:48:00,2026-03-12 09:48:00,1,10290.0,10290.0,10000,0.7,4.9648,5.164,5.3123,4.88,5.3886,122037.0,0.13341904504371616,0.7037202961918384,0.16286065876444536,5.3165,5.3886,52105.230450773684,0.42696256422866574,0.013561553653719688,2026-03-12 13:00:00,5.635,2026-03-12 13:00:00,5.635,2026-03-12 13:00:00,5.635,29953.0,13.724798387096774,3.9757101141491904,4.5,concentrated_volume_spike
ANVS,2024-07-02,True,1,premarket_full,premarket,volume_campaign,2024-07-02 07:59:00,2024-07-02 09:29:00,90.0,88,5.3,5.3,4.8,2024-07-02 08:07:00,6.2,2024-07-02 08:06:00,0.26415094339622647,0.0,0.29166666666666674,470036.0,5341.318181818182,84520.0,2024-07-02 08:06:00,8,0.7127943391570007,2178.0,5165.2307692307695,0.360791513841493,8,3,1,47,21,8,16,32,37,0.27414495910951503,0.6627024313031342,0.29784952641925305,0.0,0.16981132075471705,-0.09433962264150944,27,38,5.7,weak_close_displacement,True,,2024-07-02 08:05:00,2024-07-02 08:49:00,44,382695.0,8697.613636363636,10000,0.7,5.1267,5.395,5.57,4.8,6.2,470036.0,0.09086780192349249,0.7025147482625541,0.20661744981395327,5.5817,6.1417,92891.63964075134,0.1976266491093264,0.10032785710446647,2024-07-02 11:45:00,5.63,2024-07-02 11:57:00,6.55,2024-07-02 12:02:00,6.77,60715.0,1.4062536189924726,0.8409512728884456,4.5,concentrated_volume_spike
ANVS,2024-07-08,True,2,rth_volume_campaign_1,rth,volume_campaign,2024-07-08 09:31:00,2024-07-08 10:22:00,51.0,52,11.1,13.33,11.1,2024-07-08 09:31:00,14.45,2024-07-08 10:07:00,0.3018018018018018,0.20090090090090096,0.3018018018018018,5374518.0,103356.11538461539,328464.0,2024-07-08 10:04:00,38,0.19904984967954337,101327.0,103356.11538461539,0.17242215953132914,51,50,37,51,31,1,1,26,25,0.5263087778290072,0.47352543986270024,0.062331170906860855,0.04149209287232828,0.3018018018018018,0.0,22,11,7.45,,True,,2024-07-08 09:32:00,2024-07-08 10:21:00,50,5330167.0,106603.34,47536.975,0.7,12.3283,12.9146,14.0592,11.1,14.45,5374518.0,0.11866875249009125,0.7064830700830224,0.17484817742688635,14.0871,14.45,964361.2674152727,0.17943214022453224,0.025761157370927996,2024-07-08 11:40:00,14.1,2024-07-08 11:43:00,14.74,2024-07-08 11:43:00,14.74,206024.0,4.482865914822415,1.5890415185148048,5.0,concentrated_volume_spike
AQMS,2025-07-09,False,2,premarket_core_after_early_spike,premarket,volume_campaign,2025-07-09 05:20:00,2025-07-09 09:29:00,249.0,249,6.686,5.549,5.3,2025-07-09 07:09:00,6.718,2025-07-09 05:20:00,0.2120849536344601,-0.17005683517798378,0.2675471698113208,947682.3,3805.953012048193,67141.6,2025-07-09 05:21:00,16,0.9414986435855137,1689.7,3790.7292,0.18190990799342774,16,6,2,115,17,1,13,117,124,0.3377981207415186,0.6462600388336895,0.14962820346016803,0.11997691631467627,0.004786120251271318,-0.20729883338318877,92,94,7.2,,True,,2025-07-09 05:20:00,2025-07-09 08:25:00,185,846770.5,4577.137837837838,10000,0.7,5.3236,5.43,5.8199,5.3,6.718,947682.2999999999,0.00526916035343592,0.7061623981344429,0.2885684415121212,5.8317,6.245,216152.08218835318,0.22808496284920926,0.07087127252773642,2025-07-09 10:03:00,5.884,2025-07-09 10:22:00,6.432,2025-07-09 10:22:00,6.432,55071.8,5.031887988187739,1.3556001910135038,5.0,concentrated_volume_spike
AQMS,2025-10-13,True,1,rth_volume_campaign_1,rth,volume_campaign,2025-10-13 10:34:00,2025-10-13 10:38:00,4.0,5,7.7228,8.0794,7.7228,2025-10-13 10:34:00,8.82,2025-10-13 10:36:00,0.1420728233283265,0.04617496244885266,0.1420728233283265,216736.0,43347.2,91444.0,2025-10-13 10:36:00,2,0.3279612062601506,44319.0,43347.2,0.8592804148826222,4,3,2,5,4,0,0,3,2,0.6720387937398494,0.3279612062601506,0.5062380038387716,0.16453196515576524,0.1420728233283265,0.0,0,2,4.1,,True,,2025-10-13 10:36:00,2025-10-13 10:37:00,2,141918.0,70959.0,44775.5375,0.7,8.052,8.116,8.4726,7.7228,8.82,216736.0,0.20225867357578098,0.7092586608914345,0.08848266553278435,8.4817,8.6097,12364.688103086384,0.0570495353936881,0.01509131424124882,2025-10-13 10:57:00,8.84,2025-10-13 10:57:00,8.84,2025-10-13 10:57:00,8.84,110029.0,10.690626791422547,3.5307576292398037,5.0,
AQMS,2025-10-14,False,1,premarket_full,premarket,volume_campaign,2025-10-14 04:00:00,2025-10-14 09:29:00,329.0,311,21.52,16.85,16.2,2025-10-14 09:16:00,22.01,2025-10-14 04:00:00,0.26998141263940534,-0.21700743494423783,0.3586419753086421,1039779.0,3343.340836012862,31355.0,2025-10-14 04:00:00,23,0.9698445535060816,1634.0,3150.8454545454547,0.08025359234991282,23,2,0,213,64,22,31,124,155,0.3885758415971086,0.5864842432863138,0.5587725853282286,0.44913390249274104,0.02276951672862463,-0.2472118959107807,107,146,7.2,,True,,2025-10-14 04:00:00,2025-10-14 09:28:00,310,1032134.0,3329.4645161290323,10000,0.7,17.2652,17.5072,19.686,16.2,22.01,1039779.0,0.1147807047882827,0.7117968864106637,0.1734224088010535,19.7344,21.8,142657.39971183543,0.13719973158895826,0.10467001783687367,2025-10-14 11:12:00,21.14,2025-10-14 11:18:00,21.8763,2025-10-14 11:51:00,22.3737,173430.0,1.8334764057392474,1.5165930654540685,5.0,concentrated_volume_spike
AQMS,2025-10-30,True,1,rth_volume_campaign_1,rth,volume_campaign,2025-10-30 11:52:00,2025-10-30 12:29:00,37.0,38,7.8,9.0899,7.8,2025-10-30 11:52:00,9.64,2025-10-30 12:19:00,0.235897435897436,0.1653717948717949,0.235897435897436,1576898.0,41497.31578947369,167946.0,2025-10-30 11:57:00,29,0.16620478940299246,27860.0,41497.31578947369,0.25453073058625225,36,22,11,38,20,0,0,21,17,0.5911327175251665,0.4088672824748335,0.11668478240190555,0.08179983740229237,0.235897435897436,0.0,15,10,7.45,,True,,2025-10-30 11:54:00,2025-10-30 12:28:00,35,1542614.0,44074.68571428571,16907.875,0.7,8.7813,9.1953,9.3333,7.8,9.64,1576898.0,0.15069927166537125,0.7071933505040648,0.14210737783056396,9.3487,9.575,295619.4724168534,0.18746898811264484,0.024206574176088673,2025-10-30 12:52:00,9.4,2025-10-30 13:32:00,9.625,2025-10-30 13:32:00,9.625,53222.0,6.557098328138283,4.00075171014057,5.0,concentrated_volume_spike
ARAI,2026-04-14,True,1,premarket_full,premarket,volume_campaign,2026-04-14 04:00:00,2026-04-14 09:29:00,329.0,267,0.9475,0.9269,0.86,2026-04-14 04:52:00,0.9758,2026-04-14 04:00:00,0.12221635883905015,-0.021741424802110883,0.1346511627906977,873567.0,3271.7865168539324,107948.0,2026-04-14 04:00:00,14,0.8764284823030174,1343.0,2647.172727272727,0.2510557289824364,14,5,2,39,4,90,155,60,93,0.23133772223538665,0.6129844648435666,0.013255995247073207,0.0023581476864396275,0.02986807387862796,-0.09234828496042219,77,182,3.95,many_flat_bars;many_zero_range_bars,True,,2026-04-14 04:00:00,2026-04-14 08:47:00,231,768351.0,3326.194805194805,10000,0.7,0.8793,0.8996,0.9295,0.86,0.9758,873566.9999999999,0.02980797360784284,0.714420889814522,0.2557711365776353,0.9304,0.9382,239871.98465259932,0.2745891095389356,0.008383490971625138,2026-04-14 09:31:00,0.9475,2026-04-14 09:31:00,0.9475,2026-04-14 09:55:00,0.9416,62429.0,3.777508849423653,3.4937041804241984,5.0,concentrated_volume_spike
ARTL,2026-03-27,False,1,premarket_full,premarket,volume_campaign,2026-03-27 04:14:00,2026-03-27 09:29:00,315.0,148,3.41,7.97,2.76,2026-03-27 07:33:00,9.41,2026-03-27 08:48:00,1.9501466275659824,1.3372434017595307,2.4094202898550727,17370811.0,117370.3445945946,991500.0,2026-03-27 08:19:00,34,0.24813550731741885,26813.5,54970.920886075946,0.15544910367167084,80,75,61,94,63,40,40,53,52,0.6430708387766121,0.3537717381186175,0.0382826109845994,0.02625093324658244,1.7595307917888563,-0.1906158357771262,33,78,6.45,many_zero_range_bars,True,,2026-03-27 08:13:00,2026-03-27 09:02:00,50,15840364.0,316807.28,164109.3125,0.7,7.415,8.4679,8.8558,2.76,9.41,17370811.0,0.23647638458682108,0.7155738562816238,0.04794975913155499,8.9112,9.29,1433332.1017950017,0.0825138274657989,0.04250830415656703,2026-03-27 09:42:00,9.91,2026-03-27 09:42:00,9.91,2026-03-27 09:42:00,9.91,639480.0,5.651882635141226,2.1847252353051707,5.0,concentrated_volume_spike
ARTV,2025-04-07,False,1,rth_volume_campaign_1,rth,volume_campaign,2025-04-07 10:31:00,2025-04-07 10:46:00,15.0,16,3.12,3.38,3.09,2025-04-07 10:31:00,3.58,2025-04-07 10:34:00,0.1570512820512821,0.08333333333333326,0.15857605177993536,188179.0,11761.1875,23570.0,2025-04-07 10:42:00,6,0.767205692452399,12037.5,11761.1875,0.32435075114651474,10,0,0,16,10,0,0,8,8,0.4809888457266751,0.5190111542733249,0.2603903729959242,0.1381663203651841,0.1474358974358974,-0.009615384615384694,8,5,4.7,,True,,2025-04-07 10:33:00,2025-04-07 10:37:00,5,68848.0,13769.6,13026.624999999998,0.7,3.3268,3.4453,3.5228,3.09,3.58,188179.0,0.2716725960490969,0.7069207021946072,0.021406701756295797,3.5269,3.54,49808.198232323215,0.2646852105299912,0.0037143100172956738,2025-04-07 10:50:00,3.54,2025-04-07 10:51:00,3.6,2025-04-07 10:51:00,3.6,25115.0,2.0941906326348527,1.6570994985484298,5.0,
ARTV,2025-12-15,True,1,premarket_full,premarket,volume_campaign,2025-12-15 04:00:00,2025-12-15 09:29:00,329.0,142,3.55,4.09,3.55,2025-12-15 04:00:00,4.18,2025-12-15 09:10:00,0.17746478873239435,0.15211267605633805,0.17746478873239435,223195.0,1571.7957746478874,14043.0,2025-12-15 09:25:00,3,0.25453079146038216,702.5,676.3484848484849,0.17629875221219113,3,0,0,19,4,68,74,35,35,0.4516230202289478,0.3492282533210869,0.2822643876430923,0.2419409036940792,0.17746478873239435,0.0,39,100,3.95,many_flat_bars;many_zero_range_bars,True,,2025-12-15 08:30:00,2025-12-15 09:25:00,48,132408.0,2758.5,10000,0.7,3.844,3.9543,4.0855,3.55,4.18,223194.99999999997,0.28849631619664046,0.7002215422696049,0.011282141533754817,,,,,,2025-12-15 09:30:00,4.495,2025-12-15 09:30:00,4.495,2025-12-15 09:30:00,4.495,158282.0,49.22775479737505,11.271238339386171,4.0,concentrated_volume_spike;no_upper_fight_zone_detected
ASPC,2025-12-26,True,2,rth_volume_campaign_1,rth,volume_campaign,2025-12-26 09:30:00,2025-12-26 10:23:00,53.0,25,22.16,27.26,22.16,2025-12-26 09:30:00,34.1,2025-12-26 09:46:00,0.5388086642599279,0.23014440433213001,0.5388086642599279,539419.0,21576.76,113715.0,2025-12-26 09:46:00,14,0.6474948045953146,15134.0,9989.24074074074,0.4023310265303966,18,7,2,22,22,3,3,12,10,0.4748182767014139,0.520471099460716,2.2134926652565077,0.9454616911899657,0.5388086642599279,0.0,8,11,7.2,,True,,2025-12-26 09:30:00,2025-12-26 10:22:00,24,530797.0,22116.541666666668,13471.675,0.7,25.145,27.2345,30.12,22.16,34.1,539419.0,0.09021073861649345,0.7014497518626175,0.208339509520889,30.2195,31.6125,199851.5580680666,0.3704941021136938,0.04609606379986435,2025-12-26 11:05:00,31.08,2025-12-26 11:06:00,33.28,2025-12-26 12:06:00,31.95,8059.0,1.7774199951478793,1.931687440076702,5.0,concentrated_volume_spike
ASST,2025-02-05,False,1,premarket_full,premarket,volume_campaign,2025-02-05 04:00:00,2025-02-05 09:29:00,329.0,307,10.986,12.798,10.986,2025-02-05 04:00:00,16.888,2025-02-05 04:58:00,0.5372292008010195,0.1649371927908246,0.5372292008010195,572143.3,1863.6589576547233,20296.55,2025-02-05 04:55:00,13,0.7135062142648528,675.15,1733.767575757576,0.094737017806553,13,0,0,196,58,14,25,128,154,0.47074544087119446,0.5193062647067616,1.0315597508526275,0.3167038747111081,0.5372292008010195,0.0,98,130,7.2,,True,,2025-02-05 04:46:00,2025-02-05 08:00:00,195,505190.35,2590.7197435897433,10000,0.7,13.2484,14.9699,15.4125,10.986,16.888,572143.2999999999,0.13792682317494104,0.7008373146433761,0.161235862181683,15.4617,16.888,81837.13031175056,0.1430360721024795,0.09224729492875952,2025-02-05 09:42:00,16.284,2025-02-05 09:43:00,17.242,2025-02-05 09:43:00,17.242,163433.25,4.810182149319588,1.2198850824374528,5.0,concentrated_volume_spike
ASTC,2026-03-30,True,1,premarket_full,premarket,volume_campaign,2026-03-30 04:00:00,2026-03-30 09:29:00,329.0,300,3.09,3.16,2.71,2026-03-30 06:06:00,3.88,2026-03-30 07:09:00,0.3786407766990291,0.022653721682847988,0.4317343173431734,4693324.0,15644.413333333334,348727.0,2026-03-30 07:09:00,67,0.7361185803494495,3487.0,14222.19393939394,0.20098591105152766,95,46,19,145,38,26,26,100,133,0.44032097507012086,0.5208221294758256,0.024929026847496573,0.0014914802387391173,0.255663430420712,-0.12297734627831712,97,144,6.2,,True,,2026-03-30 04:01:00,2026-03-30 09:29:00,299,4688006.0,15678.94983277592,14990.537499999999,0.7,2.983,3.1098,3.334,2.71,3.88,4693324.0,0.05248940339435944,0.7387804320386167,0.20873016456702395,3.3438,3.6168,1029381.137288324,0.2193288034851896,0.08164363897362287,2026-03-30 09:46:00,3.38,2026-03-30 10:16:00,3.81,2026-03-30 10:16:00,3.81,723254.0,4.206151153086772,1.4408856641385315,5.0,concentrated_volume_spike
ASTC,2026-05-27,True,1,premarket_full,premarket,volume_campaign,2026-05-27 05:45:00,2026-05-27 09:29:00,224.0,105,3.42,7.4,2.22,2026-05-27 08:04:00,8.27,2026-05-27 09:15:00,1.769005847953216,1.1637426900584797,2.7252252252252247,22897625.0,218072.61904761905,1045432.0,2026-05-27 08:33:00,22,0.09171409698604113,127459.0,101767.22222222222,0.12461205037640366,65,60,60,84,65,16,16,39,44,0.5816694526179025,0.40470957140751496,0.02642195424197924,0.017381715352574777,1.4181286549707601,-0.35087719298245607,22,50,7.2,,True,,2026-05-27 08:31:00,2026-05-27 09:14:00,44,20212357.0,459371.75,402667.89999999997,0.7,6.0517,7.4129,7.8667,2.22,8.27,22897625.0,0.23307858509914567,0.7412833457128192,0.025638069188035024,7.895599600000001,8.0179,1483423.39404982,0.06478503312242297,0.01548969124523469,2026-05-27 10:47:00,8.88,2026-05-27 10:47:00,8.88,2026-05-27 11:18:00,10.28,534826.0,1.81998661959705,1.4194913117447376,5.0,concentrated_volume_spike
ASTI,2024-06-03,False,1,rth_volume_campaign_1,rth,volume_campaign,2024-06-03 12:11:00,2024-06-03 12:36:00,25.0,26,15.22,15.42,14.52,2024-06-03 12:30:00,20.27,2024-06-03 12:24:00,0.37779237844940866,0.013140604467805472,0.3960055096418733,581464.87,22364.03346153846,47308.91,2024-06-03 12:24:00,21,0.4109626261686282,22216.190000000002,22364.03346153846,0.22995523358100725,21,9,0,26,22,0,0,15,11,0.49306395758698207,0.506936042413018,0.988881753079941,0.03439588706365,0.3318002628120893,-0.045992115637319385,13,7,6.45,weak_close_displacement,True,,2024-06-03 12:13:00,2024-06-03 12:35:00,23,560308.21,24361.22652173913,10000,0.7,16.4367,17.4429,20.0783,14.52,20.27,581464.87,0.29044752597998796,0.7008889707131414,0.008663503306870587,,,,,,,,,,,,,,,5.0,no_upper_fight_zone_detected
ASTI,2025-12-19,True,1,rth_volume_campaign_1,rth,volume_campaign,2025-12-19 09:30:00,2025-12-19 09:42:00,12.0,13,3.24,3.45,3.2,2025-12-19 09:30:00,3.54,2025-12-19 09:41:00,0.10493827160493822,0.0648148148148148,0.10624999999999996,75460.0,5804.615384615385,15728.0,2025-12-19 09:41:00,2,0.1382454280413464,4872.0,5804.615384615385,0.48534322820037107,4,0,0,9,3,1,1,9,2,0.8017625231910946,0.1601113172541744,0.45056983832494013,0.2782931354359925,0.09259259259259253,-0.012345679012345689,6,3,4.2,thin_total_volume,False,volume_lt_100k,2025-12-19 09:30:00,2025-12-19 09:30:00,1,10464.0,10464.0,10450.05,0.7,3.2963,3.3728,3.4663,3.2,3.54,75460.0,0.15189326493257468,0.7358267166645727,0.11228001840285261,3.4692,3.4862,5199.074716981106,0.06889841925498418,0.004900265190822192,2025-12-19 10:07:00,3.51,2025-12-19 10:07:00,3.51,2025-12-19 10:08:00,3.5799,7512.0,3.2006817213464,1.326505385837895,3.5,low_total_volume;concentrated_volume_spike
ASTI,2025-12-23,True,2,rth_volume_campaign_2,rth,volume_campaign,2025-12-23 12:33:00,2025-12-23 12:51:00,18.0,19,4.9339,4.98,4.91,2025-12-23 12:33:00,5.3,2025-12-23 12:39:00,0.07904497456373247,0.009343521352277109,0.07942973523421581,922590.0,48557.36842105263,155558.0,2025-12-23 12:39:00,5,0.5298095578751124,39595.0,48557.36842105263,0.35687900367443826,17,15,8,17,3,0,0,8,11,0.5493762126188231,0.4506237873811769,0.042272298637531264,0.004996802479974857,0.07420093637892933,-0.004844038184803148,6,7,4.7,weak_close_displacement,False,range_lt_8pct,2025-12-23 12:34:00,2025-12-23 12:40:00,7,516809.0,73829.85714285714,68598.65,0.7,5.0725,5.2188,5.2415,4.91,5.3,922590.0,0.24401853137050433,0.7088830156108762,0.047098453018619375,5.2447,5.3,370667.1889696963,0.4017680540323397,0.010543977729898736,2025-12-23 13:55:00,5.2644,2025-12-23 13:56:00,5.32,2025-12-23 13:57:00,5.4913,132407.0,2.3956135811805916,1.0123865521802626,4.5,concentrated_volume_spike
ASTI,2026-01-22,True,1,rth_volume_campaign_1,rth,volume_campaign,2026-01-22 10:47:00,2026-01-22 11:35:00,48.0,49,4.82,5.56,4.8123,2026-01-22 10:47:00,6.36,2026-01-22 11:06:00,0.3210995850622408,0.1535269709543567,0.3216133657502651,8183080.0,167001.6326530612,468253.0,2026-01-22 11:07:00,43,0.5931634543472629,142705.0,167001.6326530612,0.15116716444175055,49,48,45,48,35,0,0,27,22,0.5547775409747919,0.44522245902520813,0.018913416464216418,0.009043049805207811,0.31950207468879666,-0.00159751037344413,17,17,7.2,,True,,2026-01-22 10:48:00,2026-01-22 11:34:00,47,8139666.0,173184.3829787234,65929.5,0.7,5.5088,5.6506,6.1021,4.8123,6.36,8183079.999999999,0.11324217324860635,0.7278540220626121,0.1589038046887817,6.1149,6.36,1950549.1683862624,0.23836369293545495,0.04008242162586482,2026-01-22 12:44:00,6.17,2026-01-22 13:22:00,6.47,2026-01-22 13:22:00,6.47,167948.0,3.1297904813729125,1.5817142426611164,5.0,concentrated_volume_spike
ASTI,2026-04-15,True,1,rth_volume_campaign_1,rth,volume_campaign,2026-04-15 09:52:00,2026-04-15 09:55:00,3.0,4,4.13,4.22,4.11,2026-04-15 09:52:00,4.35,2026-04-15 09:54:00,0.05811138014527829,0.021791767554479386,0.05839416058394144,92281.0,23070.25,31985.0,2026-04-15 09:53:00,1,0.1102935598877342,25059.0,23070.25,0.8897064401122659,4,2,0,3,0,0,0,3,1,0.8897064401122659,0.1102935598877342,0.26007520508013493,0.09752820190505072,0.05326876513317185,-0.0048426150121064345,3,1,2.1,thin_total_volume,False,range_lt_8pct;volume_lt_100k;less_than_5_meaningful_range_bars;movement_quality_score_lt_3,2026-04-15 09:53:00,2026-04-15 09:53:00,1,31985.0,31985.0,30005.8,0.7,4.11,4.132,4.27,4.11,4.35,92281.0,0.0,0.7027154396190258,0.29728456038097406,4.272,4.35,54811.21873873896,0.5939599564237379,0.018258426966291996,2026-04-15 10:59:00,4.28,2026-04-15 11:13:00,4.41,2026-04-15 11:18:00,4.53,25037.0,1.575228699777277,0.49819918416078,2.5,short_impulse;low_total_volume
ASTI,2026-05-27,False,1,premarket_full,premarket,volume_campaign,2026-05-27 04:00:00,2026-05-27 09:29:00,329.0,198,5.94,6.4,5.8,2026-05-27 04:01:00,6.71,2026-05-27 08:31:00,0.15319865319865322,0.07744107744107744,0.15689655172413797,702982.0,3550.4141414141413,62061.0,2026-05-27 07:12:00,18,0.3320113459519589,1149.5,2130.2484848484846,0.1912495625777047,18,5,1,44,5,69,96,59,62,0.50536002344299,0.40770033941125094,0.12944854918049112,0.06543553035497353,0.12962962962962954,-0.023569023569023663,59,131,3.95,many_flat_bars;many_zero_range_bars,True,,2026-05-27 04:01:00,2026-05-27 09:19:00,188,669117.0,3559.1329787234044,10000,0.7,6.2853,6.4446,6.6493,5.8,6.71,702982.0,0.24104445175596767,0.7047668861238253,0.05418866212020703,6.6569,6.71,103277.65407458738,0.14691365365626344,0.007976685844762531,2026-05-27 11:13:00,6.6681,2026-05-27 11:14:00,6.84,2026-05-27 11:14:00,6.84,61417.0,5.785869053226566,1.7281577984749148,5.0,concentrated_volume_spike
ATGL,2024-09-25,False,1,rth_volume_campaign_1,rth,volume_campaign,2024-09-25 11:30:00,2024-09-25 11:52:00,22.0,19,1.78,1.87,1.72,2024-09-25 11:41:00,2.24,2024-09-25 11:34:00,0.29213483146067426,0.050561797752809036,0.302325581395349,427878.0,22519.894736842107,75867.0,2024-09-25 11:39:00,12,0.8665156890515521,17573.0,18603.391304347828,0.4127718648773716,13,6,2,19,14,0,0,10,8,0.3716713642673846,0.6038870893105044,0.12152996882288881,0.021034033065499995,0.2584269662921349,-0.03370786516853935,4,7,5.7,,True,,2024-09-25 11:30:00,2024-09-25 11:51:00,18,421000.0,23388.88888888889,10689.25,0.7,1.7807,1.863,1.9453,1.72,2.24,427878.0,0.02049918470119302,0.7163874531446577,0.26311336215414927,1.9497,1.993,31763.143586085964,0.07423411249488397,0.02220854490434432,2024-09-25 11:58:00,1.95,2024-09-25 12:00:00,2.05,2024-09-25 12:00:00,2.05,26621.0,3.33283255086072,3.7808549921886097,4.5,concentrated_volume_spike
ATGL,2024-09-30,False,1,rth_volume_campaign_1,rth,volume_campaign,2024-09-30 09:42:00,2024-09-30 09:57:00,15.0,7,4.5,4.85,4.5,2024-09-30 09:42:00,5.25,2024-09-30 09:54:00,0.16666666666666666,0.0777777777777777,0.16666666666666666,172363.0,24623.285714285714,77821.0,2024-09-30 09:54:00,4,0.23846765257044725,15243.0,10772.6875,0.771273417148692,4,2,1,5,3,0,0,2,5,0.2579729988454599,0.7420270011545401,0.43512818876441,0.20305982142339113,0.16666666666666666,0.0,2,4,4.1,,True,,2024-09-30 09:43:00,2024-09-30 09:56:00,5,157156.0,31431.2,13523.425,0.7,4.8375,4.8688,5.2125,4.5,5.25,172363.0,0.1693172078580347,0.7261905105908228,0.10449228155114233,5.2188,5.25,100989.48124999947,0.5859116008075949,0.00597838583582435,2024-09-30 10:40:00,5.34,2024-09-30 10:40:00,5.34,2024-09-30 10:40:00,5.34,17888.0,5.980008691873098,1.956897494803632,4.5,concentrated_volume_spike
ATOM,2026-02-13,False,2,rth_volume_campaign_1,rth,volume_campaign,2026-02-13 09:42:00,2026-02-13 09:59:00,17.0,18,2.9337,3.1999,2.88,2026-02-13 09:42:00,3.35,2026-02-13 09:50:00,0.16020724682142012,0.09073865766779153,0.16319444444444453,2197441.0,122080.05555555556,242773.0,2026-02-13 09:49:00,14,0.5281393220568834,106155.5,122080.05555555556,0.308104745474395,18,18,15,18,12,0,0,10,8,0.4646600295525568,0.5353399704474432,0.021388515095513382,0.01211409089026736,0.14190271670586635,-0.018304530115553764,5,4,5.7,,True,,2026-02-13 09:44:00,2026-02-13 09:58:00,15,2079239.0,138615.93333333332,64257.975,0.7,3.1228,3.2912,3.2952,2.88,3.35,2197441.0,0.2522875726054625,0.7126505541400167,0.03506187325452081,3.2991,3.35,495077.2587769082,0.22529717920841025,0.01542845018338333,2026-02-13 10:06:00,3.3101,2026-02-13 10:42:00,3.3599,2026-02-13 10:51:00,3.4386,111847.0,1.8212653289194078,1.2867661439698117,5.5,
ATOM,2026-04-24,True,1,rth_volume_campaign_1,rth,volume_campaign,2026-04-24 09:40:00,2026-04-24 09:44:00,4.0,5,7.03,7.3,7.02,2026-04-24 09:40:00,7.4899,2026-04-24 09:42:00,0.06684210526315788,0.03840682788051203,0.06693732193732194,328924.0,65784.8,108244.0,2026-04-24 09:43:00,2,0.5151706777249456,61208.0,65784.8,0.8268749011929808,5,4,3,5,3,0,0,4,1,0.6709148617917817,0.32908513820821833,0.14285974875655166,0.08208583137746092,0.06541963015647216,-0.001422475106685729,2,1,4.1,,False,range_lt_8pct,2026-04-24 09:42:00,2026-04-24 09:43:00,2,210771.0,105385.5,72545.45,0.7,7.2001,7.2824,7.2941,7.02,7.4899,328923.99999999994,0.14723557348515137,0.7072314827767849,0.1455329437380637,7.298,7.38,245458.55948636396,0.7462470342278581,0.011235955056179754,2026-04-24 11:27:00,7.33,2026-04-24 11:29:00,7.45,2026-04-24 11:32:00,7.69,81110.0,2.6498049644231587,1.100109861791154,4.5,
ATOM,2026-04-30,False,1,rth_volume_campaign_1,rth,volume_campaign,2026-04-30 09:30:00,2026-04-30 09:36:00,6.0,7,7.24,6.99,6.99,2026-04-30 09:36:00,7.33,2026-04-30 09:32:00,0.046961325966850806,-0.034530386740331494,0.04864091559370527,82006.0,11715.142857142857,47058.0,2026-04-30 09:36:00,2,0.7152769309562715,4477.0,11715.142857142857,0.8253298539131283,2,1,0,5,0,0,0,2,5,0.10246811208935931,0.8975318879106406,0.41460380947735515,0.30485574226276124,0.012430939226519317,-0.034530386740331494,1,5,0.85,weak_range;thin_total_volume;few_10k_volume_bars;volume_too_concentrated,False,range_lt_8pct;volume_lt_100k;less_than_3_10k_volume_bars;movement_quality_score_lt_3,2026-04-30 09:30:00,2026-04-30 09:30:00,1,14946.0,14946.0,10000,0.7,6.99,7.0042,7.1997,6.99,7.33,82005.99999999999,0.0,0.7075500371190867,0.29244996288091346,7.2025,7.2875,43940.697906012196,0.5358229630272444,0.011801457827143348,2026-04-30 09:43:00,7.2696,2026-04-30 09:44:00,7.36,2026-04-30 09:44:00,7.36,25002.0,3.338630202838944,5.682272727272728,2.0,small_range;low_total_volume;concentrated_volume_spike
AUST,2026-01-23,True,2,rth_volume_campaign_1,rth,volume_campaign,2026-01-23 09:41:00,2026-01-23 10:03:00,22.0,23,2.05,2.45,2.05,2026-01-23 09:41:00,2.82,2026-01-23 09:54:00,0.37560975609756103,0.1951219512195124,0.37560975609756103,2806061.0,122002.65217391304,493615.0,2026-01-23 09:54:00,11,0.42203252174489436,78199.0,122002.65217391304,0.44084857741866623,23,23,17,23,20,0,0,16,7,0.5426799346129682,0.45732006538703185,0.027440600899267694,0.014254857610009204,0.37560975609756103,0.0,11,4,7.45,,True,,2026-01-23 09:43:00,2026-01-23 10:02:00,20,2712722.0,135636.1,79032.025,0.7,2.2938,2.5826,2.6917,2.05,2.82,2806061.0,0.148334600056131,0.7112428775240612,0.1404225224198077,2.6981,2.7879,347110.2686221197,0.12370018635450893,0.03328268040472921,2026-01-23 12:35:00,2.82,2026-01-23 12:35:00,2.82,2026-01-23 12:35:00,2.82,230033.0,5.16241314924864,5.156072084995741,5.0,concentrated_volume_spike
AUUD,2026-05-18,False,3,rth_volume_campaign_1,rth,volume_campaign,2026-05-18 09:30:00,2026-05-18 09:52:00,22.0,23,2.08,2.1001,2.01,2026-05-18 09:30:00,2.2,2026-05-18 09:33:00,0.09134615384615404,0.009663461538461435,0.09452736318407981,3431015.0,149174.5652173913,441013.0,2026-05-18 09:33:00,20,0.6079340953041593,130038.0,149174.5652173913,0.32316763406746984,23,23,20,22,9,0,0,9,13,0.3898787967991979,0.5683539710552126,0.005537719887555152,0.0005858324723150376,0.057692307692307744,-0.03365384615384629,6,12,4.7,weak_close_displacement,True,,2026-05-18 09:30:00,2026-05-18 09:51:00,22,3390091.0,154095.04545454544,62446.725,0.7,2.0892,2.1193,2.181,2.01,2.2,3431014.9999999995,0.24255195632290716,0.7113392260400223,0.046108817637070525,2.1826,2.2,953934.2216117196,0.2780326584441396,0.007972143315312152,2026-05-18 14:46:00,2.36,2026-05-18 14:46:00,2.36,2026-05-18 14:46:00,2.36,1027361.0,27.522161351246368,6.407430506614111,4.5,concentrated_volume_spike
AWX,2025-10-14,True,1,rth_volume_campaign_1,rth,volume_campaign,2025-10-14 12:25:00,2025-10-14 12:36:00,11.0,12,3.01,3.2899,2.98,2025-10-14 12:25:00,3.35,2025-10-14 12:31:00,0.12292358803986715,0.09299003322259138,0.1241610738255034,331430.0,27619.166666666668,49886.0,2025-10-14 12:29:00,5,0.4099779742328697,22029.0,27619.166666666668,0.42585462993693995,11,5,0,11,9,1,1,8,3,0.6588872461756631,0.33930241679992756,0.11163744983857832,0.08445222218869748,0.11295681063122934,-0.009966777408637809,3,6,4.95,,True,,2025-10-14 12:27:00,2025-10-14 12:35:00,9,294238.0,32693.11111111111,24181.624999999996,0.7,3.0972,3.1002,3.2883,2.98,3.35,331430.0,0.23138264016579568,0.7066338574153054,0.06198350241889888,3.2914,3.32,140315.64725238795,0.42336435220827306,0.008689311539162654,2025-10-14 12:45:00,3.34,2025-10-14 12:45:00,3.34,2025-10-14 12:45:00,3.34,33929.0,3.504012227741689,4.039647577092511,5.0,
AYTU,2025-05-15,False,1,premarket_full,premarket,volume_campaign,2025-05-15 04:00:00,2025-05-15 09:29:00,329.0,329,1.85,1.9499,1.63,2025-05-15 05:27:00,2.23,2025-05-15 07:27:00,0.32432432432432434,0.05399999999999993,0.36809815950920255,14096255.0,42845.759878419456,929008.0,2025-05-15 07:27:00,59,0.5110312632681517,21341.0,42715.92424242424,0.14815303781039715,257,145,65,258,51,4,4,124,140,0.4013418457597426,0.49754051696709517,0.0042564496740446316,0.0007086988707284302,0.20540540540540533,-0.11891891891891902,114,112,6.45,,True,,2025-05-15 04:00:00,2025-05-15 09:29:00,329,14096255.0,42845.759878419456,53352.5,0.7,1.81,1.875,2.1,1.63,2.23,14096255.0,0.24583531554367394,0.7131023171821813,0.041062367274144765,2.105,2.145,454957.86666666594,0.032275087721289515,0.019002375296912132,2025-05-15 11:34:00,2.165,2025-05-15 11:34:00,2.165,2025-05-15 11:35:00,2.3598,940502.0,5.453889650157353,1.7272066142414815,5.0,concentrated_volume_spike
BAOS,2024-12-24,False,2,premarket_core_after_early_spike,premarket,volume_campaign,2024-12-24 07:03:00,2024-12-24 09:29:00,146.0,146,4.33,3.01,2.96,2024-12-24 09:29:00,4.76,2024-12-24 08:01:00,0.4157043879907621,-0.304849884526559,0.608108108108108,1472400.0,10084.931506849314,48547.0,2024-12-24 07:16:00,0,0.4442794077696278,6901.5,10016.326530612245,0.0937972018473241,46,12,0,119,35,4,4,46,85,0.3317142080956262,0.6293323825047541,0.12224938875305622,0.08964955175224126,0.09930715935334866,-0.31639722863741343,38,64,7.2,,True,,2024-12-24 07:16:00,2024-12-24 07:16:00,1,48547.0,48547.0,54458.24999999999,0.7,3.38,3.875,4.22,2.96,4.76,1472400.0,0.244236466206847,0.7334833090475725,0.022280224745580345,4.235,4.325,28543.63161788266,0.019385786211547584,0.02125147579693031,2024-12-24 09:44:00,4.9099,2024-12-24 09:44:00,4.9099,2024-12-24 09:44:00,4.9099,1083240.0,3.019778933136334,2.398512056329296,5.0,concentrated_volume_spike
BAOS,2025-05-12,True,1,premarket_full,premarket,volume_campaign,2025-05-12 05:53:00,2025-05-12 09:29:00,216.0,122,2.02,2.2,1.86,2025-05-12 07:32:00,3.0,2025-05-12 07:22:00,0.5643564356435643,0.08910891089108919,0.6129032258064515,921880.0,7556.393442622951,144894.0,2025-05-12 07:23:00,20,0.8808554258688767,1472.5,4248.294930875576,0.3191619299691934,20,10,5,85,54,22,22,39,55,0.41506486744478677,0.5648793769254132,0.12366034624896949,0.019525317828784677,0.48514851485148514,-0.07920792079207917,32,73,6.2,,True,,2025-05-12 07:16:00,2025-05-12 08:30:00,70,863730.0,12339.0,10000,0.7,2.05,2.0975,2.734,1.86,3.0,921879.9999999999,0.07371580529346841,0.7100937064230428,0.2161904882834889,2.7435,3.0,480889.89333321253,0.5216404448878516,0.09349371241115362,2025-05-12 12:12:00,2.85,2025-05-12 12:13:00,3.41,2025-05-12 12:13:00,3.41,221671.0,18.19719905431142,4.878645157030614,5.0,concentrated_volume_spike
BAOS,2025-09-03,True,2,premarket_core_after_early_spike,premarket,volume_campaign,2025-09-03 08:00:00,2025-09-03 09:29:00,89.0,69,3.05,2.67,2.53,2025-09-03 08:16:00,3.7399,2025-09-03 08:00:00,0.396688524590164,-0.1245901639344262,0.4782213438735179,1143570.0,16573.478260869564,512650.0,2025-09-03 08:00:00,10,0.5517108703446225,1791.0,12706.333333333334,0.6654109499199874,13,8,3,38,12,14,15,21,26,0.2326635011411632,0.7245459394702555,0.10580025708964035,0.03322927324081603,0.22619672131147547,-0.17049180327868854,21,35,6.1,many_zero_range_bars,True,,2025-09-03 08:00:00,2025-09-03 08:18:00,19,1048012.0,55158.52631578947,13501.574999999999,0.7,2.5905,2.7619,2.9333,2.53,3.7399,1143570.0,0.046121826217018325,0.7093223932264684,0.24455578055651317,2.9434,3.0442,151125.02260867693,0.13215196499442702,0.03424610994088469,2025-09-03 10:29:00,3.35,2025-09-03 10:29:00,3.35,2025-09-03 10:29:00,3.35,125366.0,16.229448774046553,2.309276451517831,5.0,concentrated_volume_spike
BATL,2026-03-05,True,1,premarket_full,premarket,volume_campaign,2026-03-05 04:00:00,2026-03-05 09:29:00,329.0,309,18.82,16.93,15.22,2026-03-05 08:15:00,19.09,2026-03-05 04:00:00,0.20563230605738572,-0.10042507970244424,0.2542706964520367,1550692.0,5018.42071197411,395048.0,2026-03-05 08:01:00,23,0.9948094141196318,1434.0,4699.066666666667,0.3795021835412835,23,9,2,64,10,37,92,116,142,0.5379417705127775,0.436151086095756,0.24956600021151842,0.12188106987074163,0.014346439957492007,-0.1912858660998937,104,163,7.2,,True,,2026-03-05 04:01:00,2026-03-05 09:29:00,308,1542643.0,5008.581168831169,10000,0.7,15.349,15.7683,17.155,15.22,19.09,1550692.0,0.005741391224098191,0.7051050333485461,0.2891535754273557,17.1872,18.85,828856.9615906156,0.5345077949654835,0.09674641593744185,2026-03-05 09:30:00,17.37,2026-03-05 09:40:00,18.91,2026-03-05 09:41:00,19.595,279380.0,2.4238480691982685,1.2259584794218188,5.0,concentrated_volume_spike
BATL,2026-04-21,True,1,premarket_full,premarket,volume_campaign,2026-04-21 04:00:00,2026-04-21 09:29:00,329.0,229,3.39,3.3,3.23,2026-04-21 08:34:00,3.4,2026-04-21 04:00:00,0.05014749262536871,-0.02654867256637177,0.0526315789473684,556985.0,2432.2489082969432,32016.0,2026-04-21 04:00:00,11,0.9425190983599199,1000.0,1687.8333333333333,0.12636067398583445,11,1,0,17,0,104,122,54,53,0.3603957018591165,0.3607583687172904,0.03052146826216145,0.016158424374085534,0.0029498525073745683,-0.04719764011799414,58,165,3.2,many_flat_bars;many_zero_range_bars,False,range_lt_8pct,2026-04-21 04:00:00,2026-04-21 09:21:00,221,539920.0,2443.076923076923,10000,0.7,3.2555,3.2796,3.315,3.23,3.4,556985.0,0.03863736818235437,0.7029431278358679,0.25841950398177777,3.3164,3.4,114557.77798443667,0.20567479911386605,0.025208056929200376,2026-04-21 09:55:00,3.34,2026-04-21 10:05:00,3.4292,2026-04-21 10:12:00,3.44,66909.0,1.5003296244971545,0.9811710879415776,4.5,concentrated_volume_spike
BBGI,2025-12-10,True,1,premarket_full,premarket,volume_campaign,2025-12-10 08:55:00,2025-12-10 09:29:00,34.0,34,4.56,5.96,4.56,2025-12-10 08:55:00,7.42,2025-12-10 09:15:00,0.6271929824561405,0.30701754385964924,0.6271929824561405,4395717.0,129285.79411764706,609556.0,2025-12-10 09:15:00,7,0.42408826591884785,79715.0,125591.91428571429,0.3190796859761445,29,26,24,31,30,2,2,18,14,0.5498438593749324,0.4495357640175653,0.06506333324006074,0.03184918410352624,0.6271929824561405,0.0,8,9,7.2,,True,,2025-12-10 09:12:00,2025-12-10 09:19:00,8,2526673.0,315834.125,202292.47499999998,0.7,5.9423,6.5382,7.134,4.56,7.42,4395717.0,0.273403572365339,0.7107032551110084,0.015893172523652636,7.1578,7.2055,43447.79531281942,0.009884120227216497,0.006664058789013364,2025-12-10 09:45:00,8.14,2025-12-10 09:45:00,8.14,2025-12-10 09:45:00,8.14,773544.0,4.4424484395172215,1.6033395653093119,5.0,concentrated_volume_spike
BBGI,2026-04-09,True,3,rth_volume_campaign_2,rth,volume_campaign,2026-04-09 13:04:00,2026-04-09 13:14:00,10.0,6,6.16,6.88,6.16,2026-04-09 13:04:00,7.21,2026-04-09 13:12:00,0.17045454545454541,0.11688311688311684,0.17045454545454541,232649.0,38774.833333333336,63343.0,2026-04-09 13:12:00,4,0.3303216433339494,39554.5,21149.909090909092,0.7612454813904208,6,4,3,5,4,0,0,5,1,0.7293132573103689,0.27068674268963117,0.4513236678429736,0.3094790865208962,0.17045454545454541,0.0,2,0,5.35,,True,,2026-04-09 13:06:00,2026-04-09 13:13:00,4,205427.0,51356.75,23924.024999999998,0.7,6.4925,6.9912,7.105,6.16,7.21,232648.99999999997,0.27564482197430457,0.7029140317065625,0.021441146319133002,7.1138,7.1837,4156.8843749999705,0.017867621932610805,0.00982597205431691,2026-04-09 13:39:00,7.13,2026-04-09 13:42:00,7.2,2026-04-09 14:12:00,7.2,19937.0,7.183986739694437,2.629517277763123,5.0,
BBLG,2025-05-20,False,1,rth_volume_campaign_1,rth,volume_campaign,2025-05-20 09:59:00,2025-05-20 10:23:00,24.0,25,5.7606,5.2968,5.1702,2025-05-20 10:22:00,6.6,2025-05-20 10:12:00,0.24820331215498373,-0.08051244662014373,0.27654636184286857,551635.436602,22065.41746408,66025.632051,2025-05-20 10:13:00,19,0.45268635080122516,19158.538317,22065.41746408,0.27748514565506255,19,10,1,25,21,0,0,11,13,0.42683800802826505,0.562410002278079,0.2591929207462404,0.08407726719968273,0.14571398812623676,-0.10248932402874697,9,10,6.2,,True,,2025-05-20 10:01:00,2025-05-20 10:22:00,22,537469.241603,24430.420072863635,10000,0.7,5.8613,6.1591,6.457,5.1702,6.6,551635.436602,0.20018424333315019,0.712253132766704,0.08756262390014571,6.4689,6.6,164189.54470517358,0.2976414019312448,0.020266196725873025,,,,,,,,,,5.0,concentrated_volume_spike
BCDA,2026-06-05,False,2,premarket_core_after_early_spike,premarket,volume_campaign,2026-06-05 08:04:00,2026-06-05 09:29:00,85.0,86,1.5899,1.2,1.04,2026-06-05 08:33:00,1.64,2026-06-05 08:04:00,0.3773822252971884,-0.24523554940562306,0.5769230769230768,35285383.0,410295.1511627907,2197766.0,2026-06-05 08:04:00,17,0.9377145488260678,261934.5,410295.1511627907,0.15573780225086406,86,86,84,73,45,0,0,36,44,0.33111586177199775,0.6508805076595031,0.0017004208229793052,0.0011049901314660524,0.03151141581231512,-0.34587080948487325,28,23,7.1,low_price_volume_efficiency,True,,2026-06-05 08:04:00,2026-06-05 08:33:00,30,24496951.0,816565.0333333333,679300.0,0.7,1.17,1.355,1.43,1.04,1.64,35285383.0,0.18007898845981435,0.7145762176228193,0.10534479391736634,1.435,1.5,4218234.347051267,0.11954622533220814,0.04529616724738672,2026-06-05 09:44:00,1.4689,2026-06-05 09:48:00,1.5797,2026-06-05 09:48:00,1.5797,3230219.0,2.0566198071403416,1.2315218481182821,5.0,concentrated_volume_spike
BCG,2024-05-23,True,1,rth_volume_campaign_1,rth,volume_campaign,2024-05-23 09:53:00,2024-05-23 10:55:00,62.0,46,5.25,6.2,5.16,2024-05-23 09:53:00,7.75,2024-05-23 10:24:00,0.4933333333333333,0.18095238095238098,0.501937984496124,5194638.0,112926.91304347826,380583.0,2024-05-23 10:24:00,36,0.5407063976354078,85598.0,82454.57142857143,0.18886628866150057,46,43,36,44,39,1,1,24,21,0.6156696578279371,0.3796726547643936,0.04985910471528526,0.018288088602131665,0.47619047619047616,-0.017142857142857116,15,12,7.45,,True,,2024-05-23 10:04:00,2024-05-23 10:54:00,43,5123463.0,119150.30232558139,50575.56249999999,0.7,6.0665,6.4334,7.3183,5.16,7.75,5194638.0,0.12152694843779396,0.7063082969942922,0.17216475456791383,7.3399,7.75,1334268.0279646497,0.2568548622569368,0.055872695813294446,2024-05-23 15:27:00,7.45,2024-05-23 15:41:00,7.89,2024-05-23 15:41:00,7.89,176378.0,3.6636423307327366,1.8685891663400112,5.0,concentrated_volume_spike
BCG,2024-12-26,True,1,rth_volume_campaign_1,rth,volume_campaign,2024-12-26 12:18:00,2024-12-26 13:30:00,72.0,64,2.8668,3.69,2.7324,2024-12-26 12:19:00,6.0,2024-12-26 12:41:00,1.139807450816241,0.28714943491000416,1.1958717610891523,7029369.0,109833.890625,475569.0,2024-12-26 12:41:00,52,0.6140582461953555,51462.5,96292.72602739726,0.18333665511086414,57,45,33,63,56,1,1,37,26,0.613337413358155,0.38628673498289817,0.04648496899223813,0.011710866224265648,1.092925910422771,-0.04688154039347002,26,19,7.45,,True,,2024-12-26 12:20:00,2024-12-26 13:29:00,61,7008809.0,114898.5081967213,18911.75,0.7,4.0394,4.9925,5.4554,2.7324,6.0,7029369.0,0.15743811578149813,0.7007974128570253,0.1417644713614765,5.4826,6.0,1712499.2942080828,0.24362062856681485,0.09437128369751584,,,,,,,,,,5.0,concentrated_volume_spike
BCG,2025-02-27,False,1,rth_volume_campaign_1,rth,volume_campaign,2025-02-27 11:11:00,2025-02-27 11:33:00,22.0,19,3.01,2.62,2.53,2025-02-27 11:33:00,3.9,2025-02-27 11:15:00,0.45514950166112966,-0.12956810631229226,0.5415019762845851,5860600.0,308452.63157894736,665850.0,2025-02-27 11:15:00,12,0.6922552298399481,318288.0,254808.69565217392,0.2575226086066273,18,18,18,18,18,1,1,10,8,0.5765583728628468,0.4225371122410675,0.02337644609766918,0.006654608743132097,0.29568106312292364,-0.159468438538206,4,6,7.2,,True,,2025-02-27 11:13:00,2025-02-27 11:32:00,16,5234973.0,327185.8125,227647.9625,0.7,2.8497,3.0437,3.3748,2.53,3.9,5860600.0,0.132579816068482,0.7137667221197627,0.15365346181175524,3.3848,3.6831,1574834.5751492353,0.26871558801986745,0.08812928385724422,2025-02-27 11:40:00,3.4699,2025-02-27 11:54:00,3.83,2025-02-27 11:54:00,3.83,792936.0,2.6715821456523985,1.9218451202280225,5.5,
BDMD,2024-12-31,False,2,rth_volume_campaign_1,rth,volume_campaign,2024-12-31 09:33:00,2024-12-31 10:01:00,28.0,10,1.8395,3.0783,1.7,2024-12-31 09:33:00,3.92,2024-12-31 09:57:00,1.2068496874150583,0.6734438706170156,1.3058823529411763,2877692.0,287769.2,642961.0,2024-12-31 09:56:00,6,0.3905629928428755,245893.0,99230.75862068965,0.566429277351433,10,9,8,10,10,0,0,6,4,0.6343503752312617,0.3656496247687383,0.07714515660466789,0.0430483873882264,1.1310138624626256,-0.07583582495243271,3,2,7.45,,True,,2024-12-31 09:44:00,2024-12-31 10:00:00,7,2652713.0,378959.0,232311.49999999997,0.7,3.106,3.1245,3.661,1.7,3.92,2877692.0,0.17544402657109437,0.7010300170697339,0.12352595635917175,3.6795,3.7535,276901.83760279004,0.09622358390084486,0.02011142818317702,2024-12-31 10:43:00,3.7701,2024-12-31 10:43:00,3.7701,2024-12-31 10:43:00,3.7701,698319.0,7.15123691629604,1.9790368930277902,5.5,
BDMD,2025-01-17,True,1,rth_volume_campaign_1,rth,volume_campaign,2025-01-17 10:40:00,2025-01-17 12:39:00,119.0,104,7.36,9.82,6.66,2025-01-17 10:46:00,11.8599,2025-01-17 11:34:00,0.7065081521739129,0.3342391304347826,0.7807657657657657,11674818.0,112257.86538461539,408422.0,2025-01-17 11:31:00,84,0.5247297216967323,92273.5,97290.15,0.09835031261301033,102,99,79,102,68,1,1,57,45,0.5982990056033421,0.3867767360484763,0.04453945234949272,0.021070992284419335,0.611399456521739,-0.09510869565217393,37,27,7.45,,True,,2025-01-17 10:46:00,2025-01-17 12:38:00,101,11589123.0,114743.79207920792,46262.2,0.7,9.2599,9.6499,10.9066,6.66,11.8599,11674817.999999998,0.13429624379473587,0.7489391357367942,0.11676462046847003,10.9499,11.57,1250662.016766523,0.10712475490123471,0.056630654161225286,,,,,,,,,,5.0,concentrated_volume_spike
BENF,2024-07-05,True,2,rth_volume_campaign_2,rth,volume_campaign,2024-07-05 12:27:00,2024-07-05 12:46:00,19.0,20,36.0,34.32,32.4,2024-07-05 12:45:00,38.8,2024-07-05 12:34:00,0.17777777777777773,-0.04666666666666666,0.19753086419753083,346249.625,17312.48125,39053.25,2024-07-05 12:30:00,12,0.5566738880944636,16107.625,17312.48125,0.2903855130529022,14,3,0,20,10,0,0,10,10,0.5640767841986832,0.43592321580131677,1.8483774531163748,0.4851990814430484,0.0777777777777777,-0.10000000000000003,7,7,4.95,,True,,2024-07-05 12:29:00,2024-07-05 12:45:00,17,321551.5,18914.79411764706,13069.4625,0.7,36.1333,37.36,38.16,32.4,38.8,346249.625,0.2807866318769515,0.7042519142720225,0.014961453851025971,38.2133,38.5333,3854.0077853725575,0.011130720460340015,0.008374047779176368,2024-07-05 13:40:00,38.7464,2024-07-05 13:40:00,38.7464,2024-07-05 13:40:00,38.7464,42876.0,3.1607843354076075,2.1693440259050316,5.0,
BENF,2025-05-30,False,1,rth_volume_campaign_1,rth,volume_campaign,2025-05-30 10:30:00,2025-05-30 10:34:00,4.0,5,2.936,3.356,2.936,2025-05-30 10:30:00,3.5768,2025-05-30 10:33:00,0.21825613079019074,0.1430517711171662,0.21825613079019074,51701.5,10340.3,24854.625,2025-05-30 10:31:00,2,0.06928474028799939,4817.625,10340.3,0.87993094977902,2,0,0,4,3,0,0,5,0,1.0,0.0,1.2394224538939878,0.812355540941752,0.21825613079019074,0.0,2,1,3.6,thin_total_volume;few_10k_volume_bars,False,volume_lt_100k;less_than_3_10k_volume_bars;less_than_5_meaningful_range_bars,2025-05-30 10:31:00,2025-05-30 10:33:00,3,45493.75,15164.583333333334,10000,0.7,3.0642,3.3045,3.3632,2.936,3.5768,51701.5,0.23693486891095955,0.7038157896999423,0.05924934138909809,3.3685,3.4433,1886.2190033950196,0.036482868067561285,0.022205729553213524,2025-05-30 10:35:00,3.4232,2025-05-30 10:56:00,3.58,2025-05-30 10:56:00,3.58,12608.125,12.662733036218693,4.304767188767018,4.0,low_total_volume
BENF,2025-07-21,False,1,rth_volume_campaign_1,rth,volume_campaign,2025-07-21 10:10:00,2025-07-21 10:15:00,5.0,6,2.8336,3.1736,2.7936,2025-07-21 10:10:00,3.4656,2025-07-21 10:12:00,0.23715415019762834,0.11998870694522863,0.24054982817869405,69932.375,11655.395833333334,19838.5,2025-07-21 10:12:00,3,0.46561410219515637,9987.8125,11655.395833333334,0.6250949578074533,3,0,0,6,6,0,0,5,1,0.8126851118670001,0.18731488813299993,0.9609283254000736,0.4861839741607515,0.2230378317334838,-0.014116318464144562,3,2,5.95,thin_total_volume,False,volume_lt_100k,2025-07-21 10:12:00,2025-07-21 10:14:00,3,43714.375,14571.458333333334,10000,0.7,3.1632,3.1688,3.4432,2.7936,3.4656,69932.375,0.2618412676274221,0.7009255749830285,0.03723315738954936,3.4488,3.46,2603.803124999987,0.03723315738954936,0.0032475063790304163,2025-07-21 11:11:00,3.5064,2025-07-21 11:11:00,3.5064,2025-07-21 11:11:00,3.5064,6481.25,5.285907983403166,2.4530444244689407,4.0,low_total_volume
BENF,2025-09-30,True,1,premarket_full,premarket,volume_campaign,2025-09-30 04:00:00,2025-09-30 09:29:00,329.0,327,4.2416,5.08,3.452,2025-09-30 08:03:00,5.7168,2025-09-30 07:43:00,0.53394945303659,0.19766125990192382,0.6560834298957127,9894036.875,30256.99350152905,222419.75,2025-09-30 07:36:00,65,0.4669538008973713,18290.75,29981.929924242424,0.06026547935217798,203,137,66,293,104,1,7,161,161,0.526095307786085,0.46622216070930095,0.022890555479155722,0.008473790936826278,0.3477932855526217,-0.18615616748396832,110,119,7.2,,True,,2025-09-30 05:24:00,2025-09-30 09:21:00,237,9430472.375,39791.022679324895,50353.971874999996,0.7,4.4334,5.0185,5.4526,3.452,5.7168,9894036.875,0.2325237793893136,0.7064099005913432,0.061066320019343076,5.4714,5.7168,1199472.8544100258,0.12123189650129798,0.04485140914573967,2025-09-30 11:45:00,5.5888,2025-09-30 11:55:00,6.1168,2025-09-30 11:55:00,6.1168,578497.875,2.239306919382187,1.7286027661480965,5.0,concentrated_volume_spike
BGDE,2025-12-10,False,1,premarket_full,premarket,volume_campaign,2025-12-10 04:00:00,2025-12-10 09:29:00,329.0,137,5.09,5.05,4.78,2025-12-10 05:18:00,5.97,2025-12-10 07:09:00,0.2337917485265225,-0.007858546168958749,0.24895397489539736,339480.0,2477.956204379562,70031.0,2025-12-10 07:09:00,8,0.6898167786025686,641.0,1028.7272727272727,0.32399257688229055,8,1,1,32,14,56,72,32,31,0.38953988452928007,0.4773977848474137,0.3505361140567926,0.011782726522917413,0.1728880157170923,-0.06090373280943018,39,89,4.2,weak_close_displacement;many_flat_bars;many_zero_range_bars,True,,2025-12-10 07:08:00,2025-12-10 08:02:00,43,242196.0,5632.46511627907,10000,0.7,4.899,5.1073,5.3353,4.78,5.97,339480.0,0.02502401164491076,0.7021746770949512,0.27280131126013796,5.3453,5.5039,69844.26604810834,0.20573897150968642,0.02967092586010137,2025-12-10 09:49:00,5.36,2025-12-10 09:58:00,5.55,2025-12-10 10:06:00,5.7,57225.0,1.9537117963564854,1.806458741082139,4.5,concentrated_volume_spike
BGDE,2026-04-08,True,1,rth_volume_campaign_1,rth,volume_campaign,2026-04-08 11:39:00,2026-04-08 11:46:00,7.0,8,3.331,3.42,3.315,2026-04-08 11:39:00,3.5,2026-04-08 11:45:00,0.055538877214049855,0.026718703092164505,0.05580693815987935,118443.0,14805.375,27351.0,2026-04-08 11:40:00,1,0.15211536350818536,13425.5,14805.375,0.5311837761623734,6,1,0,6,0,0,0,4,3,0.48218974527831954,0.42303893011828475,0.15619327440203307,0.07514162930692397,0.05073551486040229,-0.004803362353647558,4,1,3.95,,False,range_lt_8pct,2026-04-08 11:40:00,2026-04-08 11:40:00,1,27351.0,27351.0,19321.149999999998,0.7,3.3952,3.4707,3.4846,3.315,3.5,118442.99999999999,0.2589562778865532,0.7152246304117937,0.025819091701653158,3.4861,3.4923,2246.5419284189074,0.018967283236821997,0.001778491724276471,2026-04-08 11:50:00,3.52,2026-04-08 11:50:00,3.52,2026-04-08 12:15:00,3.76,29640.0,3.4066224556644866,1.0816728705933873,4.5,
BGL,2026-01-22,True,1,rth_volume_campaign_1,rth,volume_campaign,2026-01-22 11:39:00,2026-01-22 12:05:00,26.0,27,2.64,2.7391,2.56,2026-01-22 12:02:00,3.06,2026-01-22 11:48:00,0.1893939393939394,0.03753787878787877,0.1953125,2265649.0,83912.92592592593,222560.0,2026-01-22 11:51:00,16,0.5751137974152218,70823.0,83912.92592592593,0.2686987260603915,27,26,19,27,20,0,0,12,14,0.4583353379097998,0.5294346123340377,0.022068731740883075,0.004374022631043024,0.15909090909090906,-0.030303030303030328,9,6,5.7,,True,,2026-01-22 11:41:00,2026-01-22 12:03:00,23,2102386.0,91408.08695652174,53556.649999999994,0.7,2.76,2.9142,2.96,2.56,3.06,2265649.0,0.24874638163281776,0.7067695382500586,0.04448408011712354,2.9642,3.0,456431.53005433345,0.20145729989699793,0.012077457661426374,2026-01-22 14:04:00,3.03,2026-01-22 14:04:00,3.03,2026-01-22 14:04:00,3.03,75339.0,3.6664525359885536,2.041486017775851,5.0,concentrated_volume_spike
BGLC,2024-09-12,False,1,rth_volume_campaign_1,rth,volume_campaign,2024-09-12 13:22:00,2024-09-12 13:54:00,32.0,33,3.451,4.58,3.451,2024-09-12 13:22:00,5.8,2024-09-12 13:42:00,0.6806722689075629,0.32715155027528253,0.6806722689075629,764238.9,23158.754545454547,86288.2,2024-09-12 13:43:00,24,0.37937364873732543,19346.1,23158.754545454547,0.2604620099814338,24,11,3,32,28,1,1,19,13,0.558591560832614,0.4411074861538715,0.30736462119371305,0.14772867489472205,0.6806722689075629,0.0,14,14,7.2,,True,,2024-09-12 13:23:00,2024-09-12 13:53:00,31,755950.9,24385.51290322581,10000,0.7,4.5472,5.2715,5.3693,3.451,5.8,764238.9,0.12563780508583597,0.7465539486709036,0.12780824624326037,5.3889,5.8,188107.50977371878,0.24613705187437956,0.07628644064651419,,,,,,,,,,5.0,concentrated_volume_spike
BIAF,2025-04-01,True,1,premarket_full,premarket,volume_campaign,2025-04-01 04:00:00,2025-04-01 09:29:00,329.0,330,18.6002,20.6972,15.3752,2025-04-01 05:09:00,24.3812,2025-04-01 07:54:00,0.48418834206083805,0.11274072321802979,0.585748478068578,2882731.439064,8735.549815345454,137498.525001,2025-04-01 08:00:00,48,0.3386122707764068,5912.774205,8735.549815345454,0.07782653171946037,100,16,1,287,97,0,0,154,174,0.4985310259583617,0.4999734398078286,0.31241203665243883,0.07274350886743987,0.3108031096439822,-0.1733852324168558,112,112,7.2,,True,,2025-04-01 04:00:00,2025-04-01 09:18:00,319,2784318.623202,8728.271546087773,14781.9355125,0.7,18.8275,21.3041,24.081,15.3752,24.3812,2882731.439064,0.27543900180075676,0.7168780972580923,0.007682900941151005,,,,,,2025-04-01 10:05:00,25.9713,2025-04-01 10:05:00,25.9713,2025-04-01 10:25:00,25.0323,89039.842926,1.4503695311536666,1.0486010328116935,4.5,concentrated_volume_spike;no_upper_fight_zone_detected
BIAF,2026-03-23,True,2,rth_volume_campaign_1,rth,volume_campaign,2026-03-23 10:42:00,2026-03-23 11:13:00,31.0,32,3.37,4.005,3.3614,2026-03-23 10:42:00,4.25,2026-03-23 11:03:00,0.2636795252225519,0.18842729970326402,0.2643541381567204,9664167.0,302005.21875,715791.0,2026-03-23 10:57:00,26,0.24607242403820215,286103.5,302005.21875,0.18811119468444615,32,32,31,31,17,0,0,20,12,0.633898193191405,0.3661018068085951,0.009194791439344952,0.006570664600477204,0.2611275964391691,-0.0025519287833827716,11,7,7.45,,True,,2026-03-23 10:44:00,2026-03-23 11:12:00,29,9486267.0,327112.6551724138,141591.44999999998,0.7,3.8649,4.0501,4.2204,3.3614,4.25,9664167.0,0.29499883851404474,0.7026282559124588,0.002372905573496362,,,,,,2026-03-23 11:17:00,4.3397,2026-03-23 11:17:00,4.3397,2026-03-23 11:17:00,4.3397,574081.0,3.1544853309654224,2.917419210578472,5.0,no_upper_fight_zone_detected
BIRD,2026-04-15,False,1,premarket_full,premarket,volume_campaign,2026-04-15 06:55:00,2026-04-15 09:29:00,154.0,103,2.42,6.84,2.17,2026-04-15 07:00:00,7.76,2026-04-15 09:09:00,2.309917355371901,1.8264462809917357,2.576036866359447,47333848.0,459551.92233009706,2678854.0,2026-04-15 08:48:00,18,0.1479085114736499,308169.0,305379.664516129,0.13925696469891904,89,84,81,100,85,0,0,51,48,0.6039680103759999,0.38149560542806493,0.011809730744899506,0.009337926635501936,2.206611570247934,-0.10330578512396695,34,38,7.2,,True,,2026-04-15 08:22:00,2026-04-15 09:22:00,61,42520246.0,697053.2131147541,770422.5,0.7,4.2197,6.7817,7.3873,2.17,7.76,47333848.0,0.2803671210306123,0.7150729791230405,0.004559899846347214,,,,,,2026-04-15 09:34:00,7.41,2026-04-15 09:34:00,7.41,2026-04-15 09:42:00,10.17,3424326.0,2.3670203702665567,1.638662435134478,4.5,concentrated_volume_spike;no_upper_fight_zone_detected
BIVI,2024-10-18,True,1,rth_volume_campaign_1,rth,volume_campaign,2024-10-18 14:02:00,2024-10-18 16:04:00,122.0,123,13.691,21.396,13.4,2024-10-18 14:03:00,28.8,2024-10-18 15:41:00,1.1248265283763055,0.5627784676064568,1.1492537313432836,4551841.8,37006.843902439025,123922.0,2024-10-18 14:41:00,114,0.19263903240222455,30586.5,37006.843902439025,0.07508773701230126,114,82,29,123,109,0,0,68,53,0.5294606460180582,0.4620486590724661,0.3383245876427428,0.16927213946670994,1.103571689431013,-0.021254838945292554,38,34,7.45,,True,,2024-10-18 14:04:00,2024-10-18 16:03:00,120,4534024.5,37783.5375,10000,0.7,17.25,19.175,24.6933,13.4,28.8,4551841.8,0.15437658727557338,0.7173125196564151,0.12831089306801158,24.8217,26.5,677481.3565355908,0.14883675362698037,0.06761422465020527,2024-10-18 16:15:00,25.091,2024-10-18 18:39:00,27.2,2024-10-18 18:39:00,27.2,4203.5,3.3798887173549472,2.639394700489765,5.0,concentrated_volume_spike
BIYA,2026-02-20,False,1,rth_volume_campaign_1,rth,volume_campaign,2026-02-20 10:19:00,2026-02-20 10:31:00,12.0,13,2.455,2.46,2.36,2026-02-20 10:30:00,2.94,2026-02-20 10:26:00,0.23625254582484728,0.0020366598778003638,0.24576271186440682,164597.0,12661.307692307691,34720.0,2026-02-20 10:28:00,7,0.5979209827639629,10261.0,12661.307692307691,0.5643237726082493,7,3,0,12,9,0,0,8,5,0.5456964586231827,0.45430354137681733,0.3523758027181541,0.0030377224372254014,0.19755600814663946,-0.03869653767820782,3,5,5.2,weak_close_displacement,True,,2026-02-20 10:21:00,2026-02-20 10:30:00,10,152671.0,15267.1,10000,0.7,2.563,2.8288,2.8627,2.36,2.94,164597.0,0.2681274760897602,0.7125165210669316,0.019356002843308167,2.8675,2.9158,2389.454999999991,0.014517002132481095,0.01684394071490838,2026-02-20 10:49:00,3.24,2026-02-20 10:49:00,3.24,2026-02-20 10:49:00,3.24,78185.0,11.936276754908247,3.4661080817484593,4.5,concentrated_volume_spike
BIYA,2026-04-28,False,1,premarket_full,premarket,volume_campaign,2026-04-28 04:00:00,2026-04-28 09:29:00,329.0,74,0.782,1.34,0.7816,2026-04-28 04:00:00,1.45,2026-04-28 08:55:00,0.8547314578005115,0.7135549872122763,0.8551688843398157,20696005.0,279675.74324324325,1199143.0,2026-04-28 08:50:00,7,0.4730540024511977,247095.0,62715.166666666664,0.15207988208352288,60,59,57,58,41,9,10,32,28,0.5188610072330384,0.43572467246698093,0.0032296088061439876,0.0026961725221848376,0.8542199488491047,-0.0005115089514067352,26,28,7.2,,True,,2026-04-28 08:46:00,2026-04-28 09:02:00,17,10137749.0,596338.1764705882,617737.5,0.7,1.1604,1.255,1.3497,0.7816,1.45,20696005.0,0.09998674041487973,0.7066062250507279,0.1934070345343923,1.3553,1.3887,5781627.544708952,0.27935959354034523,0.02464399026045901,2026-04-28 09:32:00,1.41,2026-04-28 09:32:00,1.41,2026-04-28 09:32:00,1.41,2495898.0,5.660112671686896,1.4432837434851522,5.0,concentrated_volume_spike
BIYA,2026-05-26,False,1,premarket_full,premarket,volume_campaign,2026-05-26 04:00:00,2026-05-26 09:29:00,329.0,281,1.32,1.65,1.2,2026-05-26 04:28:00,1.66,2026-05-26 09:25:00,0.34848484848484845,0.24999999999999986,0.3833333333333333,3318297.0,11808.886120996442,164586.0,2026-05-26 08:25:00,62,0.08655132436909656,3654.0,10055.445454545454,0.13647512564426872,75,33,12,125,32,60,72,94,99,0.48524649842976686,0.4602770638071276,0.013862532497844526,0.009944860270192809,0.25757575757575746,-0.09090909090909098,83,154,6.45,many_zero_range_bars,True,,2026-05-26 04:00:00,2026-05-26 09:29:00,281,3318297.0,11808.886120996442,13352.65,0.7,1.3993,1.4262,1.591,1.2,1.66,3318297.0,0.14386521457316442,0.717693871346531,0.1384409140803046,1.5948,1.66,298203.69978698116,0.08986648867988042,0.0408828693253072,2026-05-26 09:30:00,1.745,2026-05-26 09:30:00,1.745,2026-05-26 09:30:00,1.745,322319.0,6.576247740376965,3.0760619566150997,5.0,concentrated_volume_spike
BJDX,2024-11-05,True,2,rth_volume_campaign_2,rth,volume_campaign,2024-11-05 11:47:00,2024-11-05 11:52:00,5.0,6,30.82,28.2,28.04,2024-11-05 11:52:00,31.12,2024-11-05 11:47:00,0.09993510707332906,-0.08500973393900069,0.10984308131241091,58730.9,9788.483333333334,17451.97,2024-11-05 11:48:00,3,0.9364075810178287,10055.5725,9788.483333333334,0.6582912912964044,3,0,0,6,2,0,0,1,5,0.17431735253503694,0.825682647464963,5.244258133282483,4.4610247757143195,0.009733939000648952,-0.09020116807268011,1,2,2.85,thin_total_volume,False,volume_lt_100k;movement_quality_score_lt_3,2024-11-05 11:48:00,2024-11-05 11:51:00,4,48535.37,12133.8425,10000,0.7,28.194,28.425,29.3233,28.04,31.12,58730.9,0.024113832832248206,0.7151308353596928,0.260755331808059,29.349,30.735,14305.692101012906,0.24358033166549306,0.04722477767555962,2024-11-05 11:53:00,29.4,2024-11-05 12:14:00,31.2,2024-11-05 12:16:00,33.02,11564.78,1.8184399768166115,1.4425186243112358,3.5,low_total_volume
BJDX,2026-06-02,False,1,premarket_full,premarket,volume_campaign,2026-06-02 05:11:00,2026-06-02 09:29:00,258.0,182,2.07,6.13,2.07,2026-06-02 05:11:00,8.48,2026-06-02 07:18:00,3.096618357487923,1.9613526570048314,3.096618357487923,25365185.0,139369.14835164836,1415363.0,2026-06-02 07:18:00,38,0.390898982207305,76219.0,97935.07722007722,0.12411618523578677,177,147,113,164,79,2,3,93,87,0.5381218784724022,0.461859828737697,0.025270858462100712,0.016006191163202635,3.096618357487923,0.0,52,57,7.2,,True,,2026-06-02 06:33:00,2026-06-02 08:58:00,146,23206444.0,158948.24657534246,202966.0875,0.7,5.8092,6.1831,7.0912,2.07,8.48,25365185.0,0.25008169026947225,0.7004894251672253,0.04942888456330236,7.1446,7.3099,2903697.6063978164,0.11447571174418071,0.023136354729446047,,,,,,,,,,5.0,concentrated_volume_spike
BKYI,2025-01-15,True,2,premarket_core_after_early_spike,premarket,volume_campaign,2025-01-15 08:30:00,2025-01-15 09:29:00,59.0,60,20.8,15.1,14.7,2025-01-15 09:06:00,20.8,2025-01-15 08:30:00,0.29326923076923084,-0.27403846153846156,0.41496598639455795,297263.0,4954.383333333333,43678.3,2025-01-15 08:31:00,3,0.9034033835357916,1533.6,4954.383333333333,0.350814934922947,9,3,0,47,17,0,0,22,30,0.282364438224737,0.6941936937997663,2.052054914335118,1.9174939363459296,0.0,-0.29326923076923084,19,24,6.7,,True,,2025-01-15 08:30:00,2025-01-15 08:32:00,3,104284.3,34761.433333333334,28068.76875,0.7,15.8183,16.8858,17.75,14.7,20.8,297263.0,0.09620308420551257,0.7042137156498757,0.1995832001446117,17.8008,19.9358,43759.00660236551,0.14720636810624096,0.11993842973349522,2025-01-15 09:43:00,18.1,2025-01-15 09:48:00,20.302,2025-01-15 09:48:00,20.302,89592.7,2.7213799735676583,1.092500640189252,4.5,concentrated_volume_spike
BKYI,2025-11-07,False,1,premarket_full,premarket,volume_campaign,2025-11-07 04:00:00,2025-11-07 09:29:00,329.0,329,6.329,9.415,6.2,2025-11-07 08:01:00,10.3,2025-11-07 08:18:00,0.647811660609891,0.48759677674198126,0.6612903225806452,8672091.8,26358.941641337387,196662.5,2025-11-07 08:07:00,76,0.3990276947944669,11810.6,26279.066060606063,0.061495232326761115,181,113,59,257,98,1,9,157,166,0.4917332286542446,0.49791676559512454,0.047278097309809385,0.03558541665806627,0.6274292937272873,-0.02038236688260382,117,114,7.45,,True,,2025-11-07 04:15:00,2025-11-07 09:27:00,312,8486682.4,27200.90512820513,38659.77999999999,0.7,8.5233,9.3092,9.6167,6.2,10.3,8672091.8,0.1514435503565736,0.7098044639872539,0.13875198565617244,9.6508,10.2,1395067.077782775,0.16086857818811084,0.056907199403158186,2025-11-07 09:35:00,9.728,2025-11-07 09:39:00,10.25,2025-11-07 10:33:00,12.1,195523.9,1.358217891399058,1.3704443551953818,5.0,concentrated_volume_spike
BLNE,2025-07-22,True,3,rth_volume_campaign_2,rth,volume_campaign,2025-07-22 10:17:00,2025-07-22 10:55:00,38.0,39,1.785,2.04,1.785,2025-07-22 10:17:00,2.2,2025-07-22 10:34:00,0.2324929971988797,0.14285714285714293,0.2324929971988797,2651344.0,67983.17948717948,178974.0,2025-07-22 10:28:00,35,0.49720179652282015,57472.0,67983.17948717948,0.188814804868776,39,35,23,37,19,0,0,21,15,0.5377284124579835,0.38620412892480194,0.015652438913999853,0.009617763670048102,0.2324929971988797,0.0,11,15,7.2,,True,,2025-07-22 10:17:00,2025-07-22 10:54:00,38,2629070.0,69186.05263157895,22308.85,0.7,1.9648,1.9821,2.1239,1.785,2.2,2651343.9999999995,0.1816541249694237,0.7073488963485818,0.11099697868199461,2.1274,2.2,576261.7254466345,0.21734702303685774,0.03412616339193381,2025-07-22 15:27:00,2.1447,2025-07-22 15:29:00,2.2765,2025-07-22 15:29:00,2.2765,372224.0,10.773456516768404,2.6428667788499087,5.0,concentrated_volume_spike
BMEA,2025-03-06,False,1,rth_volume_campaign_1,rth,volume_campaign,2025-03-06 15:57:00,2025-03-06 19:53:00,236.0,7,2.79,2.9,2.78,2025-03-06 15:59:00,2.98,2025-03-06 18:28:00,0.07168458781362014,0.039426523297490995,0.07194244604316553,57067.0,8152.428571428572,25686.0,2025-03-06 16:00:00,2,0.007009304852191284,4800.0,240.78902953586498,0.9029211277971507,2,1,0,0,0,3,3,0,1,0.0,0.33514991150752627,0.3504652426095645,0.1927558834352601,0.06810035842293904,-0.0035842293906810864,1,6,0.0,thin_total_volume;few_10k_volume_bars;few_meaningful_range_bars;many_flat_bars;many_zero_range_bars;volume_too_concentrated,False,range_lt_8pct;volume_lt_100k;less_than_3_10k_volume_bars;less_than_5_meaningful_range_bars;movement_quality_score_lt_3,2025-03-06 15:59:00,2025-03-06 15:59:00,1,19126.0,19126.0,10000,0.7,2.79,2.8017,2.8033,2.78,2.98,57067.0,0.28487742478139727,0.7021553612420488,0.012967213976553876,2.9017,2.9717,549.9999999999991,0.009637794171763,0.024123789502705256,,,,,,,,,,3.0,low_total_volume;concentrated_volume_spike
BMNR,2025-06-30,True,1,premarket_full,premarket,volume_campaign,2025-06-30 04:01:00,2025-06-30 09:29:00,328.0,265,4.5,14.63,4.5,2025-06-30 04:01:00,15.5,2025-06-30 09:11:00,2.4444444444444446,2.2511111111111113,2.4444444444444446,14708495.0,55503.75471698113,753647.0,2025-06-30 08:52:00,58,0.1470408767178423,10140.0,44706.671732522795,0.13977670727018637,133,87,56,232,142,8,9,117,133,0.5800991875783348,0.40026977607158315,0.07478671339249869,0.06887176424236471,2.4444444444444446,0.0,82,110,7.2,,True,,2025-06-30 04:31:00,2025-06-30 09:29:00,236,14286124.0,60534.42372881356,42147.5,0.7,10.9167,12.1083,15.3167,4.5,15.5,14708495.0,0.2743223162084428,0.714414507822909,0.011263175968648141,,,,,,2025-06-30 09:37:00,15.82,2025-06-30 09:37:00,15.82,2025-06-30 09:37:00,15.82,661275.0,1.6770396151868994,1.0471131647036842,4.5,concentrated_volume_spike;no_upper_fight_zone_detected
BMNR,2025-07-02,False,1,premarket_full,premarket,volume_campaign,2025-07-02 04:00:00,2025-07-02 09:29:00,329.0,194,45.0,51.46,41.45,2025-07-02 04:09:00,54.98,2025-07-02 07:46:00,0.3006666666666665,0.14355555555555558,0.32641737032569346,707307.0,3645.9123711340208,27978.0,2025-07-02 07:44:00,18,0.5650035981546909,2035.0,2143.3545454545456,0.11557074933515432,18,3,0,92,7,41,52,74,78,0.48883016851239985,0.49837340786956724,1.912889311147775,0.9133233518118724,0.2217777777777777,-0.07888888888888883,63,101,6.45,many_zero_range_bars,True,,2025-07-02 07:20:00,2025-07-02 09:28:00,128,656753.0,5130.8828125,10000,0.7,49.117,51.7103,52.725,41.45,54.98,707307.0,0.13458786348607518,0.7190082686407697,0.14640386787315512,52.8377,54.98,135262.0341042367,0.19123525442875117,0.040544913953483946,2025-07-02 10:18:00,52.85,2025-07-02 11:05:00,57.37,2025-07-02 11:05:00,57.37,251087.0,4.893767967646055,1.6763048616025529,5.0,concentrated_volume_spike
BMNR,2025-07-03,True,2,rth_volume_campaign_1,rth,volume_campaign,2025-07-03 09:31:00,2025-07-03 11:47:00,136.0,124,56.59,103.82,56.53,2025-07-03 09:31:00,129.86,2025-07-03 11:01:00,1.2958119809153563,0.8345997526064673,1.297187334158854,19238017.0,155145.2983870968,451280.0,2025-07-03 10:34:00,63,0.22658390415186763,143035.0,140423.48175182482,0.060597773668668656,124,124,118,124,78,0,0,71,53,0.6235123401751854,0.3764876598248146,0.3811723422429662,0.24550347366882974,1.2947517229192438,-0.0010602579961124276,47,34,7.45,,True,,2025-07-03 09:33:00,2025-07-03 09:36:00,4,472791.0,118197.75,139995.25,0.7,60.1965,80.3623,104.1945,56.53,129.86,19238017.0,0.00742973068248491,0.7237286047332004,0.2688416645843145,104.8056,112.63,2933090.658967219,0.1524632533055366,0.07465631607471354,2025-07-03 11:48:00,105.0,2025-07-03 12:05:00,114.53,2025-07-03 12:05:00,114.53,155746.0,1.4290341316249935,0.9956147079881355,5.0,concentrated_volume_spike
BMR,2024-12-30,False,1,rth_volume_campaign_1,rth,volume_campaign,2024-12-30 09:34:00,2024-12-30 09:37:00,3.0,4,4.02,4.11,3.95,2024-12-30 09:34:00,4.25,2024-12-30 09:36:00,0.07462686567164176,0.022388059701492727,0.07594936708860754,61750.0,15437.5,53399.0,2024-12-30 09:36:00,1,0.009538461538461539,3881.0,15437.5,0.9904615384615385,1,1,1,4,1,0,0,2,2,0.9238704453441295,0.07612955465587044,0.48582995951416974,0.14574898785425222,0.05721393034825882,-0.017412935323382936,2,1,1.1,thin_total_volume;few_10k_volume_bars,False,range_lt_8pct;volume_lt_100k;less_than_3_10k_volume_bars;less_than_5_meaningful_range_bars;movement_quality_score_lt_3,2024-12-30 09:36:00,2024-12-30 09:36:00,1,53399.0,53399.0,10475.349999999999,0.7,4.035,4.1425,4.2,3.95,4.25,61749.99999999999,0.14719300613206393,0.7187943035726997,0.13401269029523644,4.2025,4.2375,6640.620360424773,0.10754041069513803,0.00832837596668653,2024-12-30 09:52:00,4.26,2024-12-30 09:52:00,4.26,2024-12-30 10:03:00,4.32,8527.0,2.06524898275528,1.804274227676682,2.0,short_impulse;low_total_volume;concentrated_volume_spike
BNAI,2024-05-31,True,1,rth_volume_campaign_1,rth,volume_campaign,2024-05-31 09:56:00,2024-05-31 10:03:00,7.0,8,28.9,33.2,28.9,2024-05-31 09:56:00,38.699,2024-05-31 10:02:00,0.3390657439446367,0.14878892733564028,0.3390657439446367,163759.5,20469.9375,43053.3,2024-05-31 10:01:00,4,0.08731646102974179,17815.0,20469.9375,0.6359802026752647,6,2,0,8,8,0,0,5,3,0.5600145335079797,0.43998546649202025,5.983774987099985,2.6258018618767185,0.3390657439446367,0.0,4,1,6.45,,True,,2024-05-31 09:58:00,2024-05-31 10:02:00,5,139160.4,27832.079999999998,16974.46,0.7,33.7995,35.841,38.0457,28.9,38.699,163759.49999999997,0.27506344796630416,0.7029062133551948,0.022030338678501203,38.1274,38.454,2851.5374118220143,0.01741295870970548,0.008566018139185968,2024-05-31 10:13:00,38.879,2024-05-31 10:13:00,38.879,2024-05-31 10:32:00,39.1,30708.6,2.765125593390049,1.1009349949091534,5.0,
BNAI,2025-02-10,True,1,premarket_full,premarket,volume_campaign,2025-02-10 04:00:00,2025-02-10 09:29:00,329.0,313,4.202,5.47,4.202,2025-02-10 04:00:00,5.8,2025-02-10 04:31:00,0.38029509757258445,0.30176106615897186,0.38029509757258445,457802.7,1462.6284345047923,25998.9,2025-02-10 04:32:00,9,0.7547773309331727,522.3,1387.280909090909,0.15560021817258834,9,2,0,149,42,30,78,124,138,0.40605177732678294,0.5184506338647633,0.3490586665391007,0.27697521224754673,0.38029509757258445,0.0,111,159,6.7,,True,,2025-02-10 04:08:00,2025-02-10 09:27:00,303,432748.7,1428.2135313531353,10000,0.7,4.495,4.9078,5.2141,4.202,5.8,457802.69999999995,0.058151059214443364,0.7071915792541164,0.23465736153144032,5.2274,5.5,109339.95937406874,0.23883642314488043,0.052148295519761204,2025-02-10 09:38:00,5.24,2025-02-10 09:44:00,5.596,2025-02-10 09:44:00,5.596,27576.7,2.9801887750801335,1.6687059022861224,4.5,concentrated_volume_spike
BNAI,2026-01-02,True,1,premarket_full,premarket,volume_campaign,2026-01-02 04:00:00,2026-01-02 09:29:00,329.0,65,2.4,2.5,2.32,2026-01-02 06:03:00,2.51,2026-01-02 04:04:00,0.07916666666666665,0.041666666666666706,0.08189655172413791,68248.0,1049.9692307692308,14373.0,2026-01-02 08:15:00,1,0.9601893095768375,535.0,206.8121212121212,0.3668239362325636,1,0,0,10,1,39,42,14,8,0.2137938108076427,0.21487809166568983,0.2783964365256124,0.14652444027663827,0.04583333333333328,-0.03333333333333337,13,51,0.7,thin_total_volume;few_10k_volume_bars;many_flat_bars;many_zero_range_bars,False,range_lt_8pct;volume_lt_100k;less_than_3_10k_volume_bars;zero_range_bar_pct_gte_55;movement_quality_score_lt_3,2026-01-02 08:15:00,2026-01-02 08:15:00,1,14373.0,14373.0,10000,0.7,2.4182,2.4292,2.453,2.32,2.51,68248.0,0.17489189897767793,0.7105967715427857,0.11451132947953639,2.4546,2.51,5859.328432956088,0.08585348190358821,0.022569868817729842,2026-01-02 09:30:00,2.5975,2026-01-02 09:30:00,2.5975,2026-01-02 09:34:00,2.7,96929.0,2.891495461203206,0.6733799255265936,3.0,low_total_volume;concentrated_volume_spike
BNAI,2026-01-14,True,1,premarket_full,premarket,volume_campaign,2026-01-14 04:02:00,2026-01-14 09:29:00,327.0,91,3.9,3.9108,3.76,2026-01-14 08:01:00,4.2852,2026-01-14 08:19:00,0.13466666666666663,0.002769230769230806,0.13968085106382977,180787.0,1986.6703296703297,19583.0,2026-01-14 08:01:00,6,0.4434279013424638,500.0,551.1798780487804,0.2827858197768645,6,0,0,18,6,43,44,25,17,0.5288765232013364,0.33829866085503935,0.29050761393241764,0.005973880865327785,0.0987692307692307,-0.03589743589743593,29,57,2.95,weak_close_displacement;many_flat_bars;many_zero_range_bars,False,movement_quality_score_lt_3,2026-01-14 08:01:00,2026-01-14 08:20:00,17,109630.0,6448.823529411765,10000,0.7,3.9526,4.027,4.1627,3.76,4.2852,180786.99999999997,0.0752673766903045,0.7183556601571229,0.2063769631525726,4.167,4.2852,54712.1079964385,0.3026329769089509,0.028365730741540644,2026-01-14 09:33:00,4.1995,2026-01-14 09:35:00,4.31,2026-01-14 09:41:00,4.5492,99202.0,2.2024332844900316,1.177681486318039,4.5,concentrated_volume_spike
BNAI,2026-01-23,True,1,premarket_full,premarket,volume_campaign,2026-01-23 04:00:00,2026-01-23 09:29:00,329.0,259,10.26,10.55,9.91,2026-01-23 08:01:00,13.34,2026-01-23 05:44:00,0.334307992202729,0.028265107212475726,0.3461150353178607,870082.0,3359.389961389961,107975.0,2026-01-23 08:01:00,20,0.7062207929827303,1105.0,2636.612121212121,0.21873225741941565,20,5,1,79,26,51,90,88,113,0.41881914578166196,0.5483827961042752,0.39421571759903085,0.033330191866973564,0.3001949317738792,-0.034113060428849866,79,154,6.2,,True,,2026-01-23 04:08:00,2026-01-23 08:29:00,196,788217.0,4021.515306122449,10000,0.7,10.4245,10.5102,11.282,9.91,13.34,870082.0,0.06433572598310347,0.7186517388898165,0.21701253512708005,11.3106,12.16,125813.21732290433,0.14459926457840103,0.07509769596661532,2026-01-23 09:37:00,11.4615,2026-01-23 10:00:00,12.51,2026-01-23 10:00:00,12.51,234876.0,5.394264821390021,1.627951787187147,5.0,concentrated_volume_spike
BNAI,2026-01-28,True,1,premarket_full,premarket,volume_campaign,2026-01-28 04:00:00,2026-01-28 09:29:00,329.0,215,54.02,52.76,40.56,2026-01-28 06:13:00,61.37,2026-01-28 06:18:00,0.3852276934468714,-0.023324694557571364,0.513067061143984,324959.0,1511.4372093023255,28236.0,2026-01-28 08:01:00,5,0.6643791986065934,612.0,984.7242424242424,0.22990284928252488,5,2,0,62,14,72,98,66,74,0.5106213399228826,0.41630790345859015,6.403884797774487,0.3877412227388702,0.13606071825249896,-0.24916697519437245,66,139,4.2,many_flat_bars;many_zero_range_bars,True,,2026-01-28 06:13:00,2026-01-28 08:02:00,78,185742.0,2381.3076923076924,10000,0.7,50.2713,52.5258,55.127,40.56,61.37,324959.0,0.16423754860509396,0.7278571640379845,0.10790528735692155,55.3004,56.3,40362.125071110946,0.1242068232334262,0.018075818619756705,2026-01-28 09:31:00,56.43,2026-01-28 09:31:00,56.43,2026-01-28 09:31:00,56.43,36221.0,9.300074460163813,1.358015896820636,4.5,concentrated_volume_spike
BNAI,2026-06-05,True,1,rth_volume_campaign_1,rth,volume_campaign,2026-06-05 10:28:00,2026-06-05 10:33:00,5.0,6,18.57,19.195,18.56,2026-06-05 10:28:00,20.5,2026-06-05 10:31:00,0.10446957458266028,0.03365643511039311,0.1045258620689656,109800.0,18300.0,31811.0,2026-06-05 10:30:00,3,0.27166666666666667,17298.5,18300.0,0.7025409836065574,4,1,0,6,3,0,0,4,2,0.5871766848816029,0.4128233151183971,1.766848816029145,0.5692167577413478,0.10393107162089389,-0.0005385029617663738,3,2,4.35,,True,,2026-06-05 10:30:00,2026-06-05 10:32:00,3,77139.0,25713.0,14631.449999999999,0.7,19.336,20.4838,20.5,18.56,20.5,109800.0,0.29577188335089355,0.7042281166491065,0.0,,,,,,2026-06-05 10:45:00,20.6499,2026-06-05 10:45:00,20.6499,2026-06-05 10:45:00,20.6499,17826.0,2.5400037047064017,1.6142352621570226,4.5,no_upper_fight_zone_detected
BOXL,2025-01-06,True,1,rth_volume_campaign_1,rth,volume_campaign,2025-01-06 09:57:00,2025-01-06 11:20:00,83.0,64,19.491,45.2999,17.331,2025-01-06 09:57:00,55.4999,2025-01-06 11:02:00,1.9582833102457542,1.3241444769380741,2.202348393052911,3632142.8976046,56752.232775071876,133656.0006448,2025-01-06 10:52:00,58,0.12770467483184755,53541.190415499994,43239.796400054765,0.10009012236868652,64,56,36,64,64,0,0,36,27,0.5742987810045898,0.4038162983799733,1.050864491734959,0.7105695102750771,1.8474629316094606,-0.11082037863629368,28,16,7.45,,True,,2025-01-06 10:03:00,2025-01-06 11:19:00,61,3586754.0401604,58799.246560006555,20361.327389239996,0.7,31.3263,50.0926,55.4999,17.331,55.4999,3632142.8976045996,0.29006757735310146,0.7099324226468986,0.0,,,,,,2025-01-06 12:21:00,58.3499,2025-01-06 12:21:00,58.3499,2025-01-06 13:42:00,59.4239,34315.5019642,2.705681214880073,1.6831384179728692,5.0,no_upper_fight_zone_detected
BRLS,2024-05-21,True,1,rth_volume_campaign_1,rth,volume_campaign,2024-05-21 09:54:00,2024-05-21 10:44:00,50.0,20,5.63,5.99,4.76,2024-05-21 10:18:00,6.75,2024-05-21 10:05:00,0.3534635879218473,0.06394316163410307,0.41806722689075637,214964.0,10748.2,36599.0,2024-05-21 10:06:00,10,0.8534173163878603,9785.5,4214.980392156863,0.3666846541746525,10,1,0,17,16,2,2,8,10,0.37019687017361047,0.6259466701401165,0.9257364023743511,0.16746990193706868,0.19893428063943164,-0.15452930728241565,4,12,5.2,,True,,2024-05-21 10:05:00,2024-05-21 10:43:00,17,198465.0,11674.411764705883,10436.25,0.7,5.7218,6.3354,6.5178,4.76,6.75,214964.0,0.23200926708376837,0.7262007101972002,0.04179002271903127,6.5344,6.75,43024.31511730325,0.20014660648900864,0.032994613124387895,2024-05-21 11:17:00,6.67,2024-05-21 11:19:00,6.88,2024-05-21 11:19:00,6.88,50849.0,8.763291684618698,3.561602577572319,4.5,concentrated_volume_spike
BRLS,2026-04-29,False,1,rth_volume_campaign_1,rth,volume_campaign,2026-04-29 10:37:00,2026-04-29 11:03:00,26.0,27,1.3894,1.39,1.31,2026-04-29 10:43:00,1.65,2026-04-29 10:57:00,0.24470994673959973,0.0004318410824815992,0.2595419847328243,876167.0,32450.62962962963,89586.0,2026-04-29 10:57:00,16,0.1785002174243038,29521.0,32450.62962962963,0.2710134026960614,22,15,6,26,23,0,0,10,16,0.3614276730349351,0.6111163739332799,0.03880538755739486,6.848009568951283e-05,0.18756297682452855,-0.05714696991507119,9,8,6.45,weak_close_displacement,True,,2026-04-29 10:39:00,2026-04-29 10:43:00,5,184212.0,36842.4,21330.199999999997,0.7,1.4743,1.5112,1.6047,1.31,1.65,876167.0,0.26679914030306023,0.7124105080858883,0.020790351611051392,1.6075,1.6358,14408.41500000002,0.016444827298905368,0.017604976671850694,2026-04-29 11:48:00,1.64,2026-04-29 11:48:00,1.64,2026-04-29 11:48:00,1.64,79743.0,11.541567764719504,1.935603670081072,5.0,concentrated_volume_spike
BTAI,2025-08-04,True,1,premarket_full,premarket,volume_campaign,2025-08-04 04:00:00,2025-08-04 09:29:00,329.0,329,1.35,1.71,1.35,2025-08-04 04:00:00,1.99,2025-08-04 07:01:00,0.474074074074074,0.26666666666666655,0.474074074074074,17739280.0,53918.784194528875,865237.0,2025-08-04 07:01:00,67,0.5167001140970772,27267.0,53755.393939393936,0.1143577416896289,261,175,94,249,61,0,0,128,154,0.39028167997799235,0.48340936047009797,0.0036078127184417854,0.002029394654123504,0.474074074074074,0.0,116,115,7.45,,True,,2025-08-04 04:44:00,2025-08-04 09:29:00,285,17267519.0,60587.785964912284,68167.5,0.7,1.6273,1.7073,1.83,1.35,1.99,17739280.0,0.08294985654029222,0.7077781675971004,0.20927197586260735,1.8353,1.99,3821236.798630921,0.21541104253560014,0.08429139650193432,2025-08-04 13:00:00,1.8399,2025-08-04 13:31:00,2.0301,2025-08-04 13:31:00,2.0301,586130.0,8.572322803610108,8.937224585639571,5.0,concentrated_volume_spike
BTAI,2025-08-05,False,1,premarket_full,premarket,volume_campaign,2025-08-05 04:00:00,2025-08-05 09:29:00,329.0,315,2.31,2.32,2.11,2025-08-05 04:04:00,2.5,2025-08-05 05:58:00,0.1688311688311689,0.004329004329004236,0.1848341232227489,1888137.0,5994.085714285714,92147.0,2025-08-05 04:04:00,55,0.7083336643474494,2391.0,5721.627272727273,0.10454696878457442,55,14,3,74,12,61,63,102,98,0.3654883093758557,0.4852280316523642,0.020655280840320384,0.0005296225856492292,0.08225108225108223,-0.08658008658008666,106,167,5.45,weak_close_displacement,True,,2025-08-05 04:00:00,2025-08-05 09:26:00,312,1863949.0,5974.195512820513,10000,0.7,2.1555,2.2822,2.3505,2.11,2.5,1888137.0,0.026664035634510214,0.7021609567607022,0.2711750076047875,2.3537,2.48,488734.79343266477,0.2588449849945554,0.05366019458724565,2025-08-05 09:33:00,2.3597,2025-08-05 09:54:00,2.54,2025-08-05 09:54:00,2.54,239154.0,6.276381883171757,2.1622545296734295,5.0,concentrated_volume_spike
BTAI,2025-08-11,True,1,premarket_full,premarket,volume_campaign,2025-08-11 04:00:00,2025-08-11 09:29:00,329.0,241,4.21,4.33,3.93,2025-08-11 05:38:00,4.38,2025-08-11 08:07:00,0.10688836104513058,0.028503562945368197,0.11450381679389306,594112.0,2465.195020746888,24808.0,2025-08-11 09:28:00,12,0.4848058951847463,1071.0,1800.3393939393939,0.11600337983410536,12,0,0,29,1,71,85,70,73,0.3536050441667564,0.4542493671226974,0.07574329419368735,0.020198211784983322,0.040380047505938224,-0.06650831353919236,74,148,3.95,many_flat_bars;many_zero_range_bars,True,,2025-08-11 04:00:00,2025-08-11 09:28:00,240,592682.0,2469.508333333333,10000,0.7,4.185,4.3688,4.38,3.93,4.38,594112.0,0.2999279288529207,0.7000720711470793,0.0,,,,,,2025-08-11 09:30:00,4.42,2025-08-11 09:30:00,4.42,2025-08-11 09:30:00,4.42,294812.0,45.340346344314234,11.883747178329571,4.5,concentrated_volume_spike;no_upper_fight_zone_detected
BTCS,2024-11-12,True,2,rth_volume_campaign_2,rth,volume_campaign,2024-11-12 11:59:00,2024-11-12 12:16:00,17.0,18,2.825,2.6,2.46,2024-11-12 12:05:00,2.8476,2024-11-12 11:59:00,0.1372035398230088,-0.07964601769911507,0.15756097560975607,1852960.0,102942.22222222222,275529.0,2024-11-12 12:05:00,13,0.974321625939038,94001.5,102942.22222222222,0.33838021328037304,18,18,13,17,6,0,0,6,11,0.35733097314566964,0.5871200673516968,0.020917882738969,0.012142733788101207,0.007999999999999905,-0.12920353982300892,4,7,5.45,,True,,2024-11-12 12:01:00,2024-11-12 12:15:00,15,1720814.0,114720.93333333333,57410.87499999999,0.7,2.4988,2.5537,2.6603,2.46,2.8476,1852959.9999999998,0.01668552261940724,0.7048877313377171,0.27842674604287576,2.6635,2.7604,762015.5291051827,0.41124229832548076,0.0363807020837245,2024-11-12 12:29:00,2.68,2024-11-12 12:41:00,2.77,2024-11-12 12:41:00,2.77,102167.0,2.744499155162641,1.3260691803491467,5.0,concentrated_volume_spike
BTCS,2025-07-08,True,1,premarket_full,premarket,volume_campaign,2025-07-08 04:00:00,2025-07-08 09:29:00,329.0,128,2.95,3.015,2.8,2025-07-08 06:12:00,3.5,2025-07-08 08:35:00,0.23728813559322037,0.022033898305084728,0.25000000000000006,2330586.0,18207.703125,251351.0,2025-07-08 08:35:00,28,0.8426481580169107,1875.0,7062.381818181818,0.272208792123526,42,27,11,47,14,53,55,35,34,0.494703907086029,0.424285136871156,0.030035364496311237,0.0027889981318003263,0.18644067796610161,-0.05084745762711876,27,79,4.7,many_flat_bars;many_zero_range_bars,True,,2025-07-08 08:00:00,2025-07-08 09:28:00,75,2287739.0,30503.18666666667,22190.975,0.7,2.9167,2.9925,3.2083,2.8,3.5,2330586.0,0.06291173337562718,0.7006235561729749,0.23646471045139783,3.2142,3.4,835515.6030635496,0.3585002240052715,0.057805985937402764,2025-07-08 09:40:00,3.25,2025-07-08 09:52:00,3.4688,2025-07-08 09:52:00,3.4688,262456.0,3.1942088109222526,2.292552541010814,5.0,concentrated_volume_spike
BTCT,2024-11-12,True,1,premarket_full,premarket,volume_campaign,2024-11-12 04:00:00,2024-11-12 09:29:00,329.0,329,3.02,4.73,2.91,2024-11-12 04:08:00,5.07,2024-11-12 08:55:00,0.7152317880794702,0.566225165562914,0.7422680412371134,20111125.0,61128.03951367781,563435.0,2024-11-12 08:55:00,55,0.15164482344970756,41319.0,60942.80303030303,0.07743256530900186,271,206,142,286,82,1,1,149,154,0.5135896674104506,0.4446393724866212,0.010740324074361826,0.00850275655886978,0.6788079470198677,-0.036423841059602606,99,115,7.2,,True,,2024-11-12 04:36:00,2024-11-12 09:18:00,282,18321132.0,64968.55319148936,103297.5,0.7,4.242,4.548,4.962,2.91,5.07,20111125.0,0.27715309942892713,0.7159611852766773,0.006885715294395544,,,,,,2024-11-12 09:57:00,5.35,2024-11-12 09:57:00,5.35,2024-11-12 09:57:00,5.35,1143868.0,7.166895148254058,3.1964834624369853,4.5,concentrated_volume_spike;no_upper_fight_zone_detected
BTCT,2025-01-17,True,1,premarket_full,premarket,volume_campaign,2025-01-17 07:09:00,2025-01-17 09:29:00,140.0,91,4.93,6.02,4.93,2025-01-17 07:09:00,7.43,2025-01-17 08:25:00,0.5070993914807302,0.22109533468559836,0.5070993914807302,2791639.0,30677.351648351647,266644.0,2025-01-17 08:27:00,18,0.9025823181292424,12061.0,19798.858156028367,0.2378108344237919,49,33,16,60,20,10,15,41,36,0.45141689165397103,0.5437873593254715,0.08955312631755037,0.03904516307445196,0.5070993914807302,0.0,31,41,7.2,,True,,2025-01-17 08:25:00,2025-01-17 09:09:00,45,2361330.0,52474.0,42527.575,0.7,5.7217,6.0758,6.3467,4.93,7.43,2791638.9999999995,0.10032250795147603,0.7213999153488714,0.17827757669965266,6.3567,7.0758,738323.8867949422,0.2644768491896489,0.11312473453206853,2025-01-17 11:21:00,6.3784,2025-01-17 12:52:00,7.1894,2025-01-17 13:07:00,7.4301,410193.0,2.6211470493700384,2.0397666809217396,5.0,concentrated_volume_spike
BTOG,2025-03-07,True,1,premarket_full,premarket,volume_campaign,2025-03-07 04:00:00,2025-03-07 09:29:00,329.0,325,18.9416,26.4055,17.1057,2025-03-07 04:01:00,34.1993,2025-03-07 08:39:00,0.9024369641424167,0.3940480212864805,0.999292633449669,1004488.75604,3090.734633969231,32719.571045,2025-03-07 08:27:00,38,0.47791945393352236,168.070028,3043.905321333333,0.09564288715161516,38,8,0,217,67,21,55,131,150,0.49823346074176533,0.4976114569361048,1.7017213878419277,0.7430546091351945,0.8055127338767579,-0.09692423026565877,113,155,7.2,,True,,2025-03-07 08:18:00,2025-03-07 09:06:00,49,825684.113352,16850.696190857143,10000,0.7,25.3676,28.9288,31.3504,17.1057,34.1993,1004488.7560399999,0.11711669689869181,0.7462734301623083,0.13660987293899998,31.4928,32.8853,218225.84798463614,0.2172506627599783,0.04421645582482351,2025-03-07 10:05:00,31.8414,2025-03-07 11:09:00,33.0533,2025-03-07 11:10:00,35.7413,77928.658542,3.592446867909469,1.6230613955764917,5.0,concentrated_volume_spike
BTOG,2025-07-17,True,1,premarket_full,premarket,volume_campaign,2025-07-17 04:00:00,2025-07-17 09:29:00,329.0,224,20.4236,25.3855,19.6796,2025-07-17 06:05:00,29.6634,2025-07-17 09:15:00,0.48883644411367233,0.24294933312442468,0.5073172218947539,609902.447805,2722.77878484375,63021.460404,2025-07-17 09:15:00,18,0.31576664817973393,107.1438095,1848.1892357727272,0.21192629876167612,18,3,1,89,41,60,92,77,76,0.5856689789679373,0.3917307799777638,1.636950308353583,0.8135563347642826,0.4524079985898666,-0.03642844552380578,70,117,5.7,many_flat_bars;many_zero_range_bars,True,,2025-07-17 08:22:00,2025-07-17 09:25:00,64,520841.683292,8138.1513014375,10000,0.7,23.0075,25.4203,26.0027,19.6796,29.6634,609902.4478049999,0.20922775119539302,0.7330516143829627,0.05772063442164434,26.0859,26.6455,96745.33142598876,0.15862427142925734,0.021452202147520295,2025-07-17 09:31:00,26.1235,2025-07-17 09:33:00,27.0595,2025-07-17 12:10:00,27.4795,41059.937849,7.71538704134097,3.9240389991223448,5.0,concentrated_volume_spike
BW,2025-06-05,True,1,premarket_full,premarket,volume_campaign,2025-06-05 06:30:00,2025-06-05 09:29:00,179.0,178,0.8155,1.0404,0.7697,2025-06-05 06:32:00,1.1296,2025-06-05 08:01:00,0.4413243408951562,0.2757817290006131,0.46758477328829395,3940838.0,22139.539325842696,329658.0,2025-06-05 07:16:00,36,0.34811631434735457,10951.0,21893.544444444444,0.17739577216825456,97,39,20,120,43,7,15,91,66,0.4756523866243677,0.4562801109814715,0.009132575355799956,0.005706908023115896,0.3851624770079705,-0.05616186388718571,80,70,7.45,,True,,2025-06-05 07:14:00,2025-06-05 09:24:00,130,3584265.0,27571.26923076923,27377.5,0.7,0.9676,1.0426,1.0516,0.7697,1.1296,3940837.9999999995,0.18162090329601802,0.7483132132239283,0.07006588348005373,1.0546,1.12,392979.3696984926,0.09971974734777035,0.06201403375687476,2025-06-05 09:33:00,1.085,2025-06-05 09:35:00,1.145,2025-06-05 09:35:00,1.145,491476.0,4.593061941609659,1.3601558651456531,5.0,concentrated_volume_spike
BWEN,2026-05-12,True,2,rth_volume_campaign_1,rth,volume_campaign,2026-05-12 10:41:00,2026-05-12 11:03:00,22.0,23,2.6992,2.77,2.6701,2026-05-12 10:41:00,2.9,2026-05-12 10:48:00,0.08517338470657965,0.026229994072317797,0.08610164413317845,1067567.0,46415.95652173913,108223.0,2026-05-12 10:48:00,8,0.5593953353747353,40243.0,46415.95652173913,0.2808769847700425,22,18,8,23,2,0,0,12,10,0.5810145873748439,0.3731306793859308,0.02153494815782052,0.006631902259998688,0.07439241256668647,-0.010780972139893185,7,5,4.95,,True,,2026-05-12 10:43:00,2026-05-12 10:52:00,10,623123.0,62312.3,49209.649999999994,0.7,2.7467,2.7716,2.8425,2.6701,2.9,1067567.0,0.06493586332242729,0.7003562775838561,0.23470785909371653,2.8444,2.9,459995.40265952796,0.4308819986563166,0.01954718042469417,2026-05-12 11:19:00,2.8552,2026-05-12 11:24:00,2.915,2026-05-12 11:29:00,3.14,270079.0,2.921336282659369,1.1832699519820546,5.0,
CAMP,2026-03-09,False,1,rth_volume_campaign_1,rth,volume_campaign,2026-03-09 12:32:00,2026-03-09 13:01:00,29.0,22,5.99,5.69,5.5001,2026-03-09 13:00:00,7.04,2026-03-09 12:38:00,0.25707846410684476,-0.05008347245409012,0.27997672769586013,736813.0,33491.5,93065.0,2026-03-09 12:44:00,15,0.7348621699128545,31747.5,24560.433333333334,0.28945200478276034,19,12,5,20,15,0,0,14,8,0.621648912274892,0.378351087725108,0.20899468386144113,0.04071589399209838,0.1752921535893155,-0.08178631051752928,11,5,6.45,,True,,2026-03-09 12:34:00,2026-03-09 13:00:00,19,711594.0,37452.31578947369,18776.05,0.7,5.8851,6.3599,6.6037,5.5001,7.04,736813.0,0.2080881933323526,0.7019119978689803,0.08999980879866706,6.6165,6.8732,146183.91039878136,0.19840028663823978,0.03879694702637338,2026-03-09 13:33:00,6.745,2026-03-09 13:41:00,6.9694,2026-03-09 13:41:00,6.9694,67158.0,2.1293703965579014,1.6652532916759653,5.0,concentrated_volume_spike
CAPR,2024-09-30,True,1,rth_volume_campaign_1,rth,volume_campaign,2024-09-30 09:30:00,2024-09-30 09:51:00,21.0,22,9.87,11.1,9.87,2024-09-30 09:30:00,11.22,2024-09-30 09:48:00,0.13677811550151991,0.12462006079027362,0.13677811550151991,734426.0,33383.0,62452.0,2024-09-30 09:49:00,5,0.14836893029386214,34297.0,33383.0,0.22414919951091056,22,13,2,19,0,0,0,14,8,0.6388989496559218,0.36110105034407824,0.18381702172853376,0.16747773090821955,0.13677811550151991,0.0,10,5,6.7,,True,,2024-09-30 09:30:00,2024-09-30 09:30:00,1,45385.0,45385.0,44355.5,0.7,10.4325,10.6687,11.1975,9.87,11.22,734426.0,0.2902032633308183,0.7064237709108889,0.003372965758292704,,,,,,2024-09-30 09:58:00,11.24,2024-09-30 09:58:00,11.24,2024-09-30 10:02:00,11.59,61194.0,3.7496323529411764,1.3294662060874667,5.0,no_upper_fight_zone_detected
CAST,2026-04-27,False,3,rth_volume_campaign_2,rth,volume_campaign,2026-04-27 09:50:00,2026-04-27 10:04:00,14.0,15,2.21,2.3654,2.2003,2026-04-27 09:52:00,2.43,2026-04-27 10:00:00,0.10393665158371052,0.07031674208144806,0.10439485524701188,201894.0,13459.6,37885.0,2026-04-27 09:55:00,7,0.18647409036425056,9630.0,13459.6,0.4631242136962961,7,2,0,15,4,0,0,8,7,0.6744182590864513,0.3255817409135487,0.11377257372680724,0.07697108383607248,0.09954751131221728,-0.004389140271493232,6,4,4.7,,True,,2026-04-27 09:50:00,2026-04-27 10:03:00,14,192787.0,13770.5,12082.474999999999,0.7,2.3075,2.3936,2.4109,2.2003,2.43,201894.0,0.27699189293010773,0.7037377926763659,0.01927031439352633,2.4128,2.43,47498.74624583328,0.23526576443992037,0.007128647214854247,2026-04-27 10:10:00,2.4592,2026-04-27 10:10:00,2.4592,2026-04-27 10:12:00,2.5,29876.0,3.666081749352705,1.3211869278733472,4.5,concentrated_volume_spike
CAST,2026-06-12,True,1,premarket_full,premarket,volume_campaign,2026-06-12 04:00:00,2026-06-12 09:27:00,327.0,83,0.5792,0.5713,0.5425,2026-06-12 04:04:00,0.5972,2026-06-12 04:04:00,0.09444060773480657,-0.013639502762430969,0.10082949308755755,98187.0,1182.9759036144578,11946.0,2026-06-12 07:05:00,1,0.8954647763960606,499.0,299.3506097560976,0.24995162292360495,1,0,0,10,5,62,67,9,10,0.20044405063806817,0.1747991078248648,0.05571002271176426,0.00804587165307018,0.031077348066298176,-0.06336325966850839,10,73,0.7,weak_close_displacement;thin_total_volume;few_10k_volume_bars;many_flat_bars;many_zero_range_bars,False,volume_lt_100k;less_than_3_10k_volume_bars;flat_bar_pct_gte_65;zero_range_bar_pct_gte_55;movement_quality_score_lt_3,2026-06-12 07:05:00,2026-06-12 07:05:00,1,11946.0,11946.0,10000,0.7,0.5607,0.5803,0.5872,0.5425,0.5972,98187.0,0.2796884972467502,0.7055690361126165,0.014742466640633252,0.5876,0.5972,5964.518572043857,0.06074652013040277,0.01633764465622863,2026-06-12 09:31:00,0.6,2026-06-12 09:31:00,0.6,2026-06-12 09:31:00,0.6,19350.0,22.126929674099486,9.733400402414487,3.0,low_total_volume;concentrated_volume_spike
CATX,2026-01-29,True,1,rth_volume_campaign_1,rth,volume_campaign,2026-01-29 11:49:00,2026-01-29 14:18:00,149.0,150,3.3783,4.89,3.34,2026-01-29 11:55:00,6.16,2026-01-29 13:08:00,0.8347393659532902,0.44747358138708815,0.8443113772455091,56933004.0,379553.36,1369007.0,2026-01-29 13:04:00,110,0.4667546261918658,303583.0,379553.36,0.0685907948928885,150,150,149,135,57,0,0,80,68,0.5381197521212827,0.447208599778083,0.004953190244449423,0.0026552261321043233,0.8234023029334282,-0.011337063019862061,52,34,7.1,low_price_volume_efficiency,True,,2026-01-29 11:51:00,2026-01-29 11:51:00,1,281416.0,281416.0,190574.55,0.7,4.703,5.1965,5.831,3.34,6.16,56933004.0,0.25716200992235205,0.7064126820369564,0.03642530804069151,5.8545,6.16,4156559.819066584,0.07300791328464917,0.05218208215902303,,,,,,,,,,5.0,concentrated_volume_spike
CATX,2026-02-02,True,1,premarket_full,premarket,volume_campaign,2026-02-02 04:02:00,2026-02-02 09:28:00,326.0,64,3.65,4.15,3.61,2026-02-02 08:03:00,4.26,2026-02-02 08:51:00,0.1780821917808219,0.13698630136986314,0.18005540166204984,514555.0,8039.921875,91696.0,2026-02-02 08:35:00,14,0.39218353723119975,1734.5,1573.5626911314985,0.4245377073393515,14,3,3,15,6,19,25,21,22,0.5293311696514464,0.27879235455879353,0.12632274489607523,0.09717134222775027,0.16712328767123286,-0.010958904109589052,18,39,4.95,many_flat_bars;many_zero_range_bars,True,,2026-02-02 08:35:00,2026-02-02 09:03:00,27,428851.0,15883.37037037037,10000,0.7,4.0975,4.1463,4.2275,3.61,4.26,514555.0,0.2734255297244118,0.7041897484563188,0.02238472181926939,4.2329,4.2546,11518.170535714162,0.02238472181926939,0.005126509012733599,2026-02-02 10:20:00,4.2683,2026-02-02 10:20:00,4.2683,2026-02-02 10:22:00,4.33,65056.0,2.7001137222023925,0.7933271547729379,5.0,concentrated_volume_spike
CBIO,2024-10-29,False,1,premarket_full,premarket,volume_campaign,2024-10-29 04:24:00,2024-10-29 09:29:00,305.0,138,17.0,38.0,15.15,2024-10-29 06:38:00,50.0,2024-10-29 07:34:00,2.0500000000000003,1.2352941176470589,2.3003300330033003,596788.93,4324.557463768117,15352.01,2024-10-29 07:32:00,11,0.8794953016303436,3431.21,1950.2906209150328,0.07631309448048909,11,0,0,118,82,11,14,59,66,0.4744067890133282,0.49645543860875585,5.839585529845535,3.5188320265927184,1.9411764705882353,-0.10882352941176468,39,62,7.2,,True,,2024-10-29 07:30:00,2024-10-29 08:30:00,60,402561.83,6709.363833333334,10000,0.7,37.2217,38.0929,43.6108,15.15,50.0,596788.9299999999,0.06377208392374167,0.7138413846217985,0.2223865314544599,43.9012,50.0,142942.18828546113,0.23951883337625104,0.13892103177134102,2024-10-29 09:52:00,44.82,2024-10-29 10:15:00,51.11,2024-10-29 10:15:00,51.11,140802.83,3.340403157680372,1.2237591718167669,5.0,concentrated_volume_spike
CD,2024-11-13,False,1,rth_volume_campaign_1,rth,volume_campaign,2024-11-13 09:38:00,2024-11-13 09:56:00,18.0,18,3.36,4.09,3.35,2024-11-13 09:38:00,4.25,2024-11-13 09:55:00,0.26785714285714285,0.21726190476190477,0.2686567164179104,119119.0,6617.722222222223,14924.0,2024-11-13 09:45:00,6,0.03458726147801778,5894.5,6269.421052631579,0.3669104005238459,6,0,0,13,5,2,2,9,5,0.6631519740763439,0.23683039649426205,0.755546974034369,0.6128325456056548,0.26488095238095244,-0.0029761904761904127,9,6,6.45,,True,,2024-11-13 09:38:00,2024-11-13 09:38:00,1,10150.0,10150.0,10000,0.7,3.41,3.8525,3.935,3.35,4.25,119119.0,0.11699225144603295,0.7168825772067067,0.1661251713472603,3.9425,4.1375,11534.955952380915,0.09683556739379037,0.0494610019023463,2024-11-13 09:57:00,4.05,2024-11-13 10:18:00,4.17,2024-11-13 10:19:00,4.18,3896.0,1.6948710140514205,0.5583261679564345,5.0,
CDIO,2024-11-06,True,2,rth_volume_campaign_2,rth,volume_campaign,2024-11-06 13:07:00,2024-11-06 13:13:00,6.0,7,10.6801,9.1351,8.7871,2024-11-06 13:11:00,10.6801,2024-11-06 13:07:00,0.17724553140888186,-0.14466156683926182,0.2154294363328059,89121.608775,12731.658396428571,27884.421153,2024-11-06 13:10:00,4,0.8993796927450045,10388.862777,12731.658396428571,0.6208439694428082,4,1,0,7,6,0,0,1,6,0.07532029883961214,0.9246797011603879,2.124063990787176,1.7335862999293123,0.0,-0.17724553140888186,1,6,4.95,thin_total_volume,False,volume_lt_100k,2024-11-06 13:08:00,2024-11-06 13:12:00,5,73441.498911,14688.2997822,10000,0.7,9.1026,10.3488,10.6801,8.7871,10.6801,89121.608775,0.2952367841811564,0.7047632158188435,0.0,,,,,,2024-11-06 15:02:00,10.7401,2024-11-06 15:02:00,10.7401,2024-11-06 15:38:00,10.9951,3670.029966,2.1476654072200043,1.7034687625707832,3.5,low_total_volume;no_upper_fight_zone_detected
CDIO,2026-02-18,False,1,rth_volume_campaign_1,rth,volume_campaign,2026-02-18 12:57:00,2026-02-18 13:13:00,16.0,17,1.6183,1.8875,1.6183,2026-02-18 12:57:00,2.0499,2026-02-18 13:03:00,0.26669962306123707,0.1663474015942655,0.26669962306123707,3378789.0,198752.29411764705,342539.0,2026-02-18 13:04:00,13,0.6302530285259008,201894.0,198752.29411764705,0.27763438320652756,17,17,16,17,15,0,0,11,5,0.6278326347102468,0.28752342925231494,0.012773807420350902,0.007967351616215156,0.26669962306123707,0.0,4,4,7.2,,True,,2026-02-18 12:59:00,2026-02-18 13:12:00,14,3127261.0,223375.7857142857,152525.07499999998,0.7,1.8053,1.9312,1.9564,1.6183,2.0499,3378789.0,0.2753476580596397,0.7089002740988973,0.01575206784146293,1.96,1.9744,32923.446538877586,0.00974415583183134,0.007346938775510188,2026-02-18 13:19:00,2.0181,2026-02-18 13:19:00,2.0181,2026-02-18 13:27:00,2.22,461130.0,1.3305464176408992,1.0300069690146885,5.5,
CDIO,2026-02-25,True,3,rth_volume_campaign_2,rth,volume_campaign,2026-02-25 09:42:00,2026-02-25 09:55:00,13.0,14,3.6002,3.94,3.59,2026-02-25 09:42:00,4.0999,2026-02-25 09:53:00,0.14163102049886117,0.09438364535303591,0.142033426183844,838895.0,59921.07142857143,182464.0,2026-02-25 09:54:00,9,0.2498357958981756,50637.5,59921.07142857143,0.45631098051603597,14,10,7,14,5,0,0,12,2,0.7231441360360951,0.2768558639639049,0.060782338671705044,0.040505665190518465,0.13879784456419084,-0.002833175934670354,5,0,5.7,,True,,2026-02-25 09:44:00,2026-02-25 09:54:00,11,767529.0,69775.36363636363,36866.4125,0.7,3.7855,3.9937,3.9979,3.59,4.0999,838895.0,0.2505108056939368,0.723087057092917,0.026402137213146118,4.0022,4.0107,8435.500816237805,0.01005549063498746,0.00212383189245908,2026-02-25 10:11:00,4.0395,2026-02-25 10:11:00,4.0395,2026-02-25 10:12:00,4.12,89573.0,3.4295242398021304,1.3169594942292142,5.0,concentrated_volume_spike
CGTL,2026-02-03,False,1,rth_volume_campaign_1,rth,volume_campaign,2026-02-03 10:14:00,2026-02-03 10:21:00,7.0,8,5.0848,5.2751,4.8201,2026-02-03 10:17:00,5.45,2026-02-03 10:20:00,0.1238790119572058,0.03742526746381365,0.13068193605941789,73853.0,9231.625,21026.0,2026-02-03 10:15:00,3,0.028786914546463923,7859.5,9231.625,0.6478139005862998,3,0,0,7,6,0,0,4,4,0.5774173019376329,0.42258269806236715,0.8529105114213371,0.2576740281369744,0.0718219005663939,-0.0520571113908119,4,3,4.2,thin_total_volume,False,volume_lt_100k,2026-02-03 10:15:00,2026-02-03 10:19:00,5,63562.0,12712.4,10000,0.7,5.2085,5.2558,5.3765,4.8201,5.45,73853.0,0.18775637037209697,0.7051846054128372,0.10705902421506573,5.3818,5.45,42923.904221188735,0.5812073202332841,0.012672340109257132,2026-02-03 10:27:00,5.52,2026-02-03 10:27:00,5.52,2026-02-03 10:27:00,5.52,43321.0,5.051010295335035,2.6114292603532463,4.0,low_total_volume
CHAI,2025-05-16,True,2,rth_volume_campaign_1,rth,volume_campaign,2025-05-16 09:39:00,2025-05-16 09:46:00,7.0,8,5.84,6.44,5.84,2025-05-16 09:39:00,6.68,2025-05-16 09:45:00,0.14383561643835616,0.10273972602739735,0.14383561643835616,144334.75,18041.84375,31027.5,2025-05-16 09:42:00,4,0.055613772844030976,19672.25,18041.84375,0.5703442864590821,6,3,0,8,6,0,0,5,3,0.6458718361309387,0.3541281638690613,0.5819804309080107,0.4157003077914366,0.14383561643835616,0.0,3,3,5.45,,True,,2025-05-16 09:40:00,2025-05-16 09:45:00,6,135485.75,22580.958333333332,17890.334375,0.7,6.358,6.393,6.568,5.84,6.68,144334.75,0.2568742005553871,0.7047691699647883,0.03835662947982447,6.575,6.603,4380.095224782632,0.030346782218299,0.004258555133079784,2025-05-16 10:01:00,6.72,2025-05-16 10:01:00,6.72,2025-05-16 10:01:00,6.72,10222.75,1.6428026194206742,1.1334682337287947,5.0,
CHAI,2025-05-19,False,1,premarket_full,premarket,volume_campaign,2025-05-19 04:00:00,2025-05-19 09:29:00,329.0,212,9.04,10.28,8.2,2025-05-19 04:14:00,11.7956,2025-05-19 08:01:00,0.39774336283185857,0.1371681415929204,0.43848780487804895,345350.25,1629.010613207547,41593.75,2025-05-19 07:40:00,6,0.4151661972157252,445.0,1046.5159090909092,0.21070565317384307,6,1,0,92,34,56,61,83,64,0.4945182463310798,0.4638081194381646,1.0411459091169042,0.3590557701927247,0.30482300884955765,-0.09292035398230088,72,116,5.95,many_zero_range_bars,True,,2025-05-19 07:27:00,2025-05-19 09:28:00,120,292870.25,2440.585416666667,10000,0.7,9.6382,9.9678,10.5971,8.2,11.7956,345350.25,0.16766876931861852,0.7130947719092519,0.11923645877212963,10.627,11.12,45101.26675407115,0.13059572637943986,0.04639126752611259,2025-05-19 09:30:00,10.924,2025-05-19 09:31:00,11.1604,2025-05-19 09:42:00,13.9632,320909.0,2.0532988545773794,1.0107592923308546,4.5,concentrated_volume_spike
CHAI,2025-05-22,True,1,premarket_full,premarket,volume_campaign,2025-05-22 04:00:00,2025-05-22 09:29:00,329.0,142,20.2,21.16,19.2,2025-05-22 07:14:00,22.04,2025-05-22 09:19:00,0.14059405940594058,0.04752475247524757,0.14791666666666667,78872.75,555.4419014084507,6503.75,2025-05-22 08:00:00,0,0.2806958043177143,155.25,239.00833333333333,0.2068426674611954,0,0,0,22,4,56,78,37,39,0.42451924143636427,0.4226047652706416,3.6007366295710495,1.2171504099958488,0.09108910891089109,-0.04950495049504951,41,94,1.45,thin_total_volume;few_10k_volume_bars;many_flat_bars;many_zero_range_bars,False,volume_lt_100k;less_than_3_10k_volume_bars;movement_quality_score_lt_3,2025-05-22 08:00:00,2025-05-22 08:00:00,1,6503.75,6503.75,10000,0.7,19.342,20.2177,21.3773,19.2,22.04,78872.75,0.009984064521650333,0.7157561542603821,0.27425978121796757,21.401,21.92,25983.32869876922,0.32943353311212326,0.024251203214803136,2025-05-22 09:36:00,22.48,2025-05-22 09:36:00,22.48,2025-05-22 09:36:00,22.48,26229.75,2.744006255933591,1.35828025477707,3.5,low_total_volume;concentrated_volume_spike
CHAI,2025-10-03,True,2,rth_volume_campaign_2,rth,volume_campaign,2025-10-03 13:56:00,2025-10-03 14:01:00,5.0,6,11.88,12.0,11.8,2025-10-03 13:56:00,12.28,2025-10-03 14:00:00,0.04040404040404029,0.010101010101010034,0.0406779661016948,53533.0,8922.166666666666,13959.25,2025-10-03 13:58:00,2,0.10620551809164441,7834.0,8922.166666666666,0.694468832309043,2,0,0,6,0,0,0,4,2,0.8097622027534418,0.1902377972465582,0.8966431920497612,0.2241607980124395,0.03367003367003355,-0.00673400673400674,2,1,1.6,weak_range;weak_close_displacement;thin_total_volume;few_10k_volume_bars,False,range_lt_8pct;volume_lt_100k;less_than_3_10k_volume_bars;movement_quality_score_lt_3,2025-10-03 13:58:00,2025-10-03 14:00:00,3,37177.0,12392.333333333334,11918.671874999998,0.7,12.0,12.108,12.192,11.8,12.28,53532.99999999999,0.23843960734500216,0.7084048432818995,0.05315554937309843,12.196,12.204,993.1397745901006,0.018551917034167725,0.0006559527714005325,2025-10-03 14:10:00,12.24,2025-10-03 14:10:00,12.24,2025-10-03 14:47:00,12.4396,14528.25,7.621776880098627,5.318780889621087,2.5,small_range;low_total_volume
CING,2024-08-16,True,1,premarket_full,premarket,volume_campaign,2024-08-16 04:00:00,2024-08-16 09:29:00,329.0,329,5.2,10.5,5.2,2024-08-16 04:00:00,10.84,2024-08-16 09:24:00,1.0846153846153845,1.0192307692307692,1.0846153846153845,15022826.0,45662.085106382976,399695.0,2024-08-16 09:05:00,68,0.02805131338138377,23671.0,45523.71515151515,0.07078142288275188,256,160,98,265,87,0,1,172,147,0.5110641632939102,0.4646020662157706,0.037542869763651655,0.03527964711832514,1.0846153846153845,0.0,131,85,7.45,,True,,2024-08-16 04:12:00,2024-08-16 09:29:00,317,14758354.0,46556.321766561516,68917.2,0.7,8.678,9.101,10.37,5.2,10.84,15022825.999999998,0.20281687978638108,0.7151191153213428,0.08206400489227626,10.417,10.75,1612242.9584191137,0.10731955215477526,0.0319669770567342,2024-08-16 09:33:00,10.58,2024-08-16 11:25:00,10.89,2024-08-16 11:25:00,10.89,386096.0,1.876957615125878,0.6590682136693632,5.0,concentrated_volume_spike
CING,2024-08-30,True,1,rth_volume_campaign_1,rth,volume_campaign,2024-08-30 11:55:00,2024-08-30 12:02:00,7.0,8,6.91,7.4881,6.8643,2024-08-30 11:55:00,7.55,2024-08-30 12:00:00,0.09923299565846595,0.08366136034732273,0.09989365266669577,78426.0,9803.25,20867.0,2024-08-30 11:57:00,2,0.29001861627521486,8677.0,9803.25,0.639826078086349,3,0,0,7,1,0,0,5,3,0.6925509397393721,0.30744906026062785,0.8743273914263124,0.737127993267539,0.09261939218523874,-0.006613603473227218,5,2,3.45,thin_total_volume,False,volume_lt_100k,2024-08-30 11:57:00,2024-08-30 12:01:00,5,67533.0,13506.6,14919.812499999998,0.7,7.2072,7.4871,7.55,6.8643,7.55,78426.0,0.28065828851607494,0.7193417114839251,0.0,,,,,,2024-08-30 12:48:00,7.5987,2024-08-30 12:48:00,7.5987,2024-08-30 12:48:00,7.5987,16014.0,5.712756849315069,3.68391994478951,3.0,low_total_volume;no_upper_fight_zone_detected
CING,2026-06-02,False,1,premarket_full,premarket,volume_campaign,2026-06-02 04:00:00,2026-06-02 09:29:00,329.0,97,3.72,3.58,2.555,2026-06-02 08:30:00,4.0,2026-06-02 04:30:00,0.3884408602150537,-0.03763440860215057,0.5655577299412915,868858.0,8957.298969072164,160928.0,2026-06-02 08:32:00,14,0.9979755034769778,1556.0,2632.9030303030304,0.4279341388351146,14,6,6,36,16,37,40,32,26,0.6152823591426908,0.3603477208013277,0.16631026013456743,0.016113104788124197,0.07526881720430102,-0.3131720430107527,26,63,4.7,many_flat_bars;many_zero_range_bars,True,,2026-06-02 08:30:00,2026-06-02 09:28:00,53,827496.0,15613.132075471698,10000,0.7,3.3738,3.5063,3.711,2.555,4.0,868858.0,0.10056836032823757,0.700138177663837,0.19929346200792547,3.723,3.97,211047.058593754,0.24290166931046728,0.0663443459575612,2026-06-02 09:32:00,3.8339,2026-06-02 09:34:00,4.1,2026-06-02 09:55:00,4.305,39211.0,2.0533081978373002,1.6308696918021877,5.0,concentrated_volume_spike
CJMB,2026-01-15,False,2,premarket_core_after_early_spike,premarket,volume_campaign,2026-01-15 08:51:00,2026-01-15 09:29:00,38.0,39,3.94,2.63,2.31,2026-01-15 09:05:00,4.08,2026-01-15 08:51:00,0.44923857868020306,-0.33248730964467005,0.7662337662337663,18811555.0,482347.5641025641,1371966.0,2026-01-15 08:52:00,2,0.949495987971223,430660.0,482347.5641025641,0.18739774569406942,39,39,39,39,37,0,0,18,20,0.40942213442748354,0.5677469512754262,0.00940911051744526,0.006963804959239149,0.0355329949238579,-0.41370558375634514,13,13,7.2,,True,,2026-01-15 08:52:00,2026-01-15 09:14:00,23,13357190.0,580747.3913043478,1105130.0,0.7,2.664,3.0918,3.2245,2.31,4.08,18811555.0,0.16256947929160598,0.7010289072238615,0.1364016134845325,3.2393,3.2983,554727.6157213642,0.029488663522040798,0.018213811625968485,2026-01-15 09:32:00,3.41,2026-01-15 09:32:00,3.41,2026-01-15 09:32:00,3.41,2253759.0,5.897758978296333,1.7735436736582502,5.0,concentrated_volume_spike
CLYM,2025-12-15,True,1,premarket_full,premarket,volume_campaign,2025-12-15 04:00:00,2025-12-15 09:29:00,329.0,43,3.0,3.19,3.0,2025-12-15 04:00:00,3.25,2025-12-15 09:13:00,0.08333333333333333,0.06333333333333331,0.08333333333333333,60669.0,1410.906976744186,18000.0,2025-12-15 09:11:00,1,0.05769008884273682,565.0,183.84545454545454,0.5109528754388567,1,0,0,5,1,20,23,13,6,0.40181971023092516,0.38616097183075376,0.41207206316240585,0.31317476800342836,0.08333333333333333,0.0,14,29,0.7,thin_total_volume;few_10k_volume_bars;many_flat_bars;many_zero_range_bars,False,volume_lt_100k;less_than_3_10k_volume_bars;movement_quality_score_lt_3,2025-12-15 09:11:00,2025-12-15 09:11:00,1,18000.0,18000.0,10000,0.7,3.1875,3.1979,3.25,3.0,3.25,60669.0,0.27889037234831626,0.7211096276516837,0.0,,,,,,2025-12-15 09:56:00,3.3,2025-12-15 09:56:00,3.3,2025-12-15 09:56:00,3.3,32162.0,7.044419134396355,2.210446735395189,2.5,low_total_volume;concentrated_volume_spike;no_upper_fight_zone_detected
CMPX,2025-01-08,False,1,premarket_full,premarket,volume_campaign,2025-01-08 08:01:00,2025-01-08 09:29:00,88.0,52,1.38,1.6,1.38,2025-01-08 08:01:00,1.95,2025-01-08 08:11:00,0.4130434782608696,0.15942028985507262,0.4130434782608696,190387.0,3661.2884615384614,44288.0,2025-01-08 08:12:00,4,0.7995346320914768,1178.0,2139.179775280899,0.49725033747052055,4,2,0,27,15,15,16,23,13,0.49521763565789684,0.4709197581767663,0.29939018945621293,0.11555410821116999,0.4130434782608696,0.0,20,27,5.45,many_zero_range_bars,True,,2025-01-08 08:11:00,2025-01-08 09:15:00,36,166152.0,4615.333333333333,10000,0.7,1.551,1.6982,1.8265,1.38,1.95,190386.99999999997,0.18115153704877182,0.7038604308604877,0.11498803209074061,1.8312,1.9167,19670.137042161095,0.10331659746811021,0.046690694626474516,2025-01-08 11:28:00,1.84,2025-01-08 11:36:00,1.9266,2025-01-08 11:43:00,2.052,186005.0,1.7527881303624688,0.9528456533989037,4.5,concentrated_volume_spike
CNCK,2025-12-01,True,1,rth_volume_campaign_1,rth,volume_campaign,2025-12-01 12:41:00,2025-12-01 13:20:00,39.0,28,4.92,6.03,4.92,2025-12-01 12:41:00,7.22,2025-12-01 13:01:00,0.46747967479674796,0.22560975609756104,0.46747967479674796,4097734.0,146347.64285714287,416509.0,2025-12-01 13:01:00,21,0.625814413527086,141927.5,102443.35,0.21612237397547035,28,28,26,28,27,0,0,15,13,0.5144338309904938,0.4855661690095062,0.05612858228474567,0.02708814188524683,0.46747967479674796,0.0,9,7,7.45,,True,,2025-12-01 12:51:00,2025-12-01 13:19:00,25,3920908.0,156836.32,87828.95,0.7,6.0317,6.6642,6.875,4.92,7.22,4097733.9999999995,0.2673880525848756,0.710085854305302,0.02252609310982241,6.885,6.94,604299.0030892654,0.14747150573689397,0.007988380537400233,2025-12-01 13:30:00,7.09,2025-12-01 13:30:00,7.09,2025-12-01 13:30:00,7.09,356055.0,4.313669190257944,2.0887891587469203,5.0,concentrated_volume_spike
CNTN,2025-08-20,False,1,premarket_full,premarket,volume_campaign,2025-08-20 08:01:00,2025-08-20 09:29:00,88.0,89,1.63,1.42,1.4,2025-08-20 09:15:00,1.82,2025-08-20 08:04:00,0.25766871165644184,-0.12883435582822084,0.3000000000000001,24406439.0,274229.65168539324,1300185.0,2025-08-20 08:26:00,21,0.8548439204916375,139596.0,274229.65168539324,0.14388879098667365,88,76,64,69,27,0,0,35,40,0.43794238069715946,0.45160463597331835,0.0017208573524388386,0.0008604286762194188,0.11656441717791423,-0.1411042944785276,28,40,6.85,low_price_volume_efficiency,True,,2025-08-20 08:01:00,2025-08-20 08:30:00,30,18391909.0,613063.6333333333,425856.49999999994,0.7,1.568,1.6765,1.743,1.4,1.82,24406438.999999996,0.14884687958537052,0.7007440751211684,0.15040904529346114,1.7465,1.82,6375704.131122688,0.2612304126432655,0.042084168336673416,2025-08-20 09:58:00,1.76,2025-08-20 09:59:00,1.845,2025-08-20 09:59:00,1.845,2546909.0,3.311084012495986,1.3930491637577682,5.0,concentrated_volume_spike
CNTN,2025-08-25,True,1,premarket_full,premarket,volume_campaign,2025-08-25 04:00:00,2025-08-25 09:29:00,329.0,266,5.21,4.9788,4.865,2025-08-25 08:57:00,5.7,2025-08-25 04:01:00,0.16026871401151632,-0.0443761996161229,0.17163412127440902,596823.0,2243.6954887218044,17156.0,2025-08-25 07:15:00,11,0.9817651129396823,1057.5,1808.5545454545454,0.07853417177287068,11,0,0,44,6,74,129,73,90,0.3887517739765391,0.41140338090187545,0.13990747675609017,0.03873845344432106,0.09404990403071022,-0.06621880998080609,74,171,3.95,many_flat_bars;many_zero_range_bars,True,,2025-08-25 04:01:00,2025-08-25 08:34:00,214,494284.0,2309.7383177570096,10000,0.7,4.9068,4.9972,5.2129,4.865,5.7,596823.0,0.016735290969852348,0.7007256200683143,0.2825390889618333,5.2199,5.58,143637.95065304887,0.24067093703333967,0.06898599590030462,2025-08-25 09:31:00,5.52,2025-08-25 10:11:00,5.6094,2025-08-25 10:11:00,5.6094,350744.0,7.772496304815595,3.7319940840364745,5.0,concentrated_volume_spike
CODX,2025-09-16,False,1,rth_volume_campaign_1,rth,volume_campaign,2025-09-16 11:13:00,2025-09-16 12:58:00,105.0,106,13.0921,16.3112,12.9001,2025-09-16 11:15:00,21.4712,2025-09-16 12:08:00,0.6546772481114564,0.24588110387180048,0.6644212060371625,5928185.017557,55926.27375053774,163910.194215,2025-09-16 12:10:00,91,0.2431945098258968,47154.795114,55926.27375053774,0.08182449003774468,99,73,50,103,67,0,0,46,59,0.45349098832965895,0.5348178268114446,0.1445821946281316,0.05430161154664143,0.6400119155826796,-0.014665332528776909,35,26,7.45,,True,,2025-09-16 11:15:00,2025-09-16 12:57:00,103,5910431.361762,57382.82875497088,12966.369501674999,0.7,17.1856,18.8284,19.6141,12.9001,21.4712,5928185.017557,0.2266612739600404,0.7009956699352586,0.0723430561047009,19.6638308,20.1092,578801.1943813296,0.09763548078663933,0.022649157457152336,2025-09-16 16:00:00,21.1502,2025-09-16 16:00:00,21.1502,2025-09-16 16:00:00,21.1502,56343.903222,5.424166207254625,2.38106399852375,5.0,concentrated_volume_spike
CODX,2025-10-27,False,1,premarket_full,premarket,volume_campaign,2025-10-27 04:00:00,2025-10-27 09:29:00,329.0,71,10.8541,17.9042,10.6561,2025-10-27 08:24:00,20.7962,2025-10-27 09:06:00,0.9342184059479826,0.6495333560590005,0.9515770309963306,3556417.802133,50090.39157933803,133509.99822,2025-10-27 09:05:00,6,0.2967475996990672,41572.984266,10777.023642827273,0.10963699688044086,58,50,30,61,53,9,10,32,30,0.5128126381262547,0.48711065624263633,0.28512116866354575,0.1982359889147902,0.9159764512949021,-0.018241954653080438,30,26,7.45,,True,,2025-10-27 08:47:00,2025-10-27 09:06:00,20,1729126.975224,86456.3487612,103932.46066499999,0.7,16.0642,18.1767,19.2752,10.6561,20.7962,3556417.802133,0.16847205435422244,0.7109643668229502,0.12056357882282734,19.3597,20.2047,498709.46870094375,0.1402280318138767,0.04364737056875875,2025-10-27 09:31:00,19.4252,2025-10-27 09:32:00,20.8502,2025-10-27 09:32:00,20.8502,287960.387034,4.834909860523041,1.4856736308476197,5.0,concentrated_volume_spike
CODX,2026-05-19,False,1,premarket_full,premarket,volume_campaign,2026-05-19 04:01:00,2026-05-19 09:29:00,328.0,40,1.38,1.9495,1.33,2026-05-19 07:27:00,2.5,2026-05-19 09:09:00,0.8478260869565217,0.41268115942029,0.8796992481203006,15452690.0,386317.25,1409524.0,2026-05-19 09:09:00,9,0.6158602806372224,201072.5,46968.66261398176,0.26624005270279805,30,29,28,30,27,10,10,14,15,0.506142360974044,0.46665007840058914,0.00757149726034755,0.0036854424698871202,0.8115942028985509,-0.03623188405797089,8,19,6.45,many_zero_range_bars,True,,2026-05-19 09:06:00,2026-05-19 09:16:00,11,10986427.0,998766.0909090909,593854.25,0.7,1.993,2.1783,2.305,1.33,2.5,15452689.999999998,0.16933198451775477,0.7016622095135856,0.12900580596865965,2.3148,2.4123,5133137.842833848,0.3321840949914771,0.04212026956972531,2026-05-19 09:40:00,2.3102,2026-05-19 09:41:00,2.4499,2026-05-19 09:41:00,2.4499,3016950.0,2.3331163867757048,1.263975392081861,5.0,concentrated_volume_spike
CODX,2026-05-21,True,1,premarket_full,premarket,volume_campaign,2026-05-21 04:00:00,2026-05-21 09:29:00,329.0,253,2.42,3.11,2.35,2026-05-21 04:11:00,3.6,2026-05-21 06:50:00,0.5165289256198348,0.28512396694214875,0.5319148936170213,13082778.0,51710.58498023715,510964.0,2026-05-21 07:07:00,60,0.9056323511718994,17564.0,39644.781818181815,0.10781142965202038,142,112,75,153,59,52,54,91,93,0.4730953930426703,0.4596442743276696,0.009554545678295542,0.0052741092144191395,0.48760330578512406,-0.02892561983471068,62,128,6.45,many_zero_range_bars,True,,2026-05-21 06:47:00,2026-05-21 09:29:00,163,12918625.0,79255.36809815951,73598.84999999999,0.7,2.8917,3.1521,3.225,2.35,3.6,13082778.0,0.15386036774612138,0.7110472584450602,0.1350923738088183,3.2354,3.3813,2041367.3004555758,0.15603469694705327,0.04509488780367193,2026-05-21 09:30:00,3.2599,2026-05-21 10:07:00,3.4166,2026-05-21 10:07:00,3.4166,504897.0,3.461971230292737,1.3815383352487276,5.0,concentrated_volume_spike
CODX,2026-05-22,True,1,premarket_full,premarket,volume_campaign,2026-05-22 04:00:00,2026-05-22 09:29:00,329.0,251,3.72,3.34,3.33,2026-05-22 09:28:00,3.82,2026-05-22 04:00:00,0.13172043010752682,-0.10215053763440869,0.14714714714714708,481121.0,1916.816733067729,37919.0,2026-05-22 09:27:00,8,0.9457267506510836,765.0,1457.9424242424243,0.17850187374901533,8,2,0,39,4,91,113,67,82,0.2914921610156281,0.450543626239553,0.1018454816979512,0.07898221029637043,0.02688172043010743,-0.10483870967741939,70,174,4.45,many_flat_bars;many_zero_range_bars,True,,2026-05-22 04:00:00,2026-05-22 09:28:00,250,473794.0,1895.176,10000,0.7,3.4362,3.5382,3.6158,3.33,3.82,481120.99999999994,0.16400302626574192,0.7156899196384877,0.12030705409577039,3.6199,3.73,64773.65817361112,0.1346307024087727,0.03041520483991273,2026-05-22 10:13:00,3.6385,2026-05-22 10:20:00,3.76,2026-05-22 12:56:00,3.88,281063.0,111.01749812379035,36.09851014641664,4.5,concentrated_volume_spike
CODX,2026-05-26,False,1,premarket_full,premarket,volume_campaign,2026-05-26 04:00:00,2026-05-26 09:29:00,329.0,330,5.37,6.85,5.05,2026-05-26 04:02:00,8.2142,2026-05-26 04:37:00,0.5892364990689013,0.2756052141527001,0.6265742574257426,6108055.0,18509.257575757576,282365.0,2026-05-26 09:03:00,71,0.8747101982545998,5622.0,18509.257575757576,0.11931817902753004,116,58,34,174,61,10,47,149,154,0.5299446386779425,0.42895095083459467,0.05180372475362452,0.02423029917052154,0.5296461824953445,-0.05959031657355685,114,140,7.2,,True,,2026-05-26 04:32:00,2026-05-26 09:28:00,297,5959744.0,20066.478114478115,19211.324999999997,0.7,6.3684,7.0804,7.6341,5.05,8.2142,6108055.0,0.2902944287797505,0.7010661287687514,0.008639442451497968,,,,,,2026-05-26 10:55:00,7.7401,2026-05-26 10:55:00,7.7401,2026-05-26 10:55:00,7.7401,524645.0,4.057711078008721,3.425380637747774,4.5,concentrated_volume_spike;no_upper_fight_zone_detected
CODX,2026-05-28,True,1,premarket_full,premarket,volume_campaign,2026-05-28 04:00:00,2026-05-28 09:29:00,329.0,211,7.2951,8.11,7.18,2026-05-28 04:09:00,8.76,2026-05-28 06:35:00,0.2165837342873984,0.1117051171334183,0.2200557103064067,332950.0,1577.9620853080569,11770.0,2026-05-28 07:13:00,4,0.7742243580117135,615.0,1008.939393939394,0.1029824297942634,4,0,0,43,9,86,119,50,65,0.3822075386694699,0.45966060970115635,0.47454572758672475,0.2447514641838113,0.20080602047949997,-0.015777713807898452,54,150,5.2,many_flat_bars;many_zero_range_bars,True,,2026-05-28 06:35:00,2026-05-28 09:02:00,124,241905.0,1950.8467741935483,10000,0.7,7.9173,8.1148,8.444,7.18,8.76,332950.0,0.263256959011612,0.7110192979516438,0.025723743036744247,8.4572,8.76,24613.292244083983,0.07392489035616154,0.03580381213640443,2026-05-28 09:30:00,8.6499,2026-05-28 09:31:00,9.11,2026-05-28 09:31:00,9.11,89053.0,17.719521658674413,2.0294667274384683,4.5,concentrated_volume_spike
CODX,2026-06-02,False,1,premarket_full,premarket,volume_campaign,2026-06-02 04:00:00,2026-06-02 09:29:00,329.0,112,6.2,7.1704,5.54,2026-06-02 05:08:00,7.8,2026-06-02 09:01:00,0.364516129032258,0.156516129032258,0.407942238267148,574893.0,5132.973214285715,99866.0,2026-06-02 09:01:00,14,0.7032317318179209,692.0,1742.1,0.35772395906716553,14,6,2,37,18,50,65,35,23,0.6058866606481554,0.35553050741616266,0.3931166321385023,0.16879662824212502,0.2580645161290322,-0.10645161290322583,28,77,5.7,many_flat_bars;many_zero_range_bars,True,,2026-06-02 09:00:00,2026-06-02 09:24:00,25,488387.0,19535.48,10000,0.7,6.6323,6.9525,7.122,5.54,7.8,574893.0,0.12345033488495412,0.7097251547406033,0.1668245103744426,7.1408,7.5552,133709.13012077523,0.23258089787277847,0.05803271342146546,2026-06-02 09:31:00,7.435,2026-06-02 09:34:00,7.695,2026-06-02 09:34:00,7.695,44735.0,1.622373412442246,0.46009935307367145,5.0,concentrated_volume_spike
CPIX,2025-01-14,False,1,rth_volume_campaign_1,rth,volume_campaign,2025-01-14 09:52:00,2025-01-14 10:09:00,17.0,16,2.5495,2.739,2.495,2025-01-14 09:52:00,2.74,2025-01-14 10:08:00,0.0960972739752893,0.0743282996666012,0.09819639278557118,105212.0,6575.75,21001.0,2025-01-14 10:00:00,3,0.013211420750484735,3400.0,5845.111111111111,0.4712390221647721,5,0,0,12,0,0,1,11,5,0.5462970003421663,0.4537029996578337,0.23286317150134977,0.18011253469186003,0.07472053343792905,-0.021376740537360262,10,5,3.95,,True,,2025-01-14 09:52:00,2025-01-14 09:52:00,1,15200.0,15200.0,12930.599999999999,0.7,2.5603,2.6685,2.7237,2.495,2.74,105212.0,0.262401259135152,0.700748235365329,0.0368505054995189,2.7257,2.738,3530.3614672364647,0.03355474154313638,0.004512602267307555,2025-01-14 10:26:00,2.87,2025-01-14 10:26:00,2.87,2025-01-14 10:26:00,2.87,14142.0,3.5158114558472553,1.5713333333333332,4.0,concentrated_volume_spike
CPIX,2025-02-05,True,1,premarket_full,premarket,volume_campaign,2025-02-05 04:00:00,2025-02-05 09:29:00,329.0,254,3.92,3.9,3.33,2025-02-05 04:50:00,4.8397,2025-02-05 08:15:00,0.3851275510204081,-0.005102040816326535,0.45336336336336325,4466613.0,17585.090551181103,649167.0,2025-02-05 08:15:00,52,0.752903150552779,1825.5,13535.190909090908,0.3526240128706024,52,20,14,117,31,62,63,78,101,0.3593637953411231,0.6237677184031838,0.03379965983173379,0.0004477665739118213,0.23461734693877545,-0.15051020408163263,69,146,5.45,weak_close_displacement;many_zero_range_bars,True,,2025-02-05 04:06:00,2025-02-05 09:27:00,246,4430432.0,18009.886178861787,10000,0.7,3.9339,4.2736,4.6384,3.33,4.8397,4466613.0,0.2531326884394814,0.7095169860761383,0.03735032548438029,4.651,4.7516,127246.31628087044,0.028488323541992655,0.02162975704149646,2025-02-05 09:45:00,4.98,2025-02-05 09:45:00,4.98,2025-02-05 09:45:00,4.98,1739241.0,3.5729075143713076,1.8848473420182519,5.0,concentrated_volume_spike
CRML,2025-06-16,True,1,premarket_full,premarket,volume_campaign,2025-06-16 04:00:00,2025-06-16 09:29:00,329.0,281,2.08,2.2999,2.08,2025-06-16 04:00:00,2.6,2025-06-16 05:00:00,0.25,0.10572115384615384,0.25,2454359.0,8734.373665480427,198062.0,2025-06-16 08:01:00,62,0.8256412366732007,2804.0,7437.451515151515,0.14674707326841754,69,26,6,104,21,74,75,84,90,0.4534291845650942,0.42824378992641254,0.021186794596878455,0.00895956948433379,0.25,0.0,82,160,6.45,many_zero_range_bars,True,,2025-06-16 04:00:00,2025-06-16 09:28:00,280,2448988.0,8746.385714285714,11314.849999999999,0.7,2.262,2.353,2.444,2.08,2.6,2454359.0,0.1547734294687345,0.7204746600387306,0.1247519104925348,2.4483,2.56,354416.00545121386,0.14440267517963504,0.045623493852877464,2025-06-16 10:03:00,2.46,2025-06-16 13:03:00,2.6154,2025-06-16 13:03:00,2.6154,274383.0,14.24108579436342,5.072524587739407,5.0,concentrated_volume_spike
CRNC,2024-11-21,True,2,rth_volume_campaign_1,rth,volume_campaign,2024-11-21 09:30:00,2024-11-21 11:14:00,104.0,105,3.4,5.06,3.39,2024-11-21 09:30:00,5.6,2024-11-21 10:18:00,0.6499999999999999,0.488235294117647,0.6519174041297934,30682343.0,292212.79047619045,1046491.0,2024-11-21 10:19:00,51,0.5415615424154537,238316.0,292212.79047619045,0.09101302987193645,105,105,105,105,58,0,0,54,41,0.5382973523241038,0.3942655878659593,0.007202839757055058,0.005410277826566243,0.6470588235294117,-0.002941176470588173,39,30,7.45,,True,,2024-11-21 09:32:00,2024-11-21 09:40:00,9,2416212.0,268468.0,243167.5,0.7,4.7528,5.1028,5.4158,3.39,5.6,30682342.999999996,0.2638607254618895,0.7175811493918907,0.018558125146219885,5.4258,5.48,4920025.6866732435,0.16035364987195547,0.00998931033211705,2024-11-21 12:39:00,5.54,2024-11-21 12:39:00,5.54,2024-11-21 12:39:00,5.54,756592.0,4.399703892028753,2.3881192494042263,5.0,concentrated_volume_spike
CRNC,2025-01-03,False,1,premarket_full,premarket,volume_campaign,2025-01-03 05:39:00,2025-01-03 09:29:00,230.0,92,8.01,10.76,8.0,2025-01-03 06:12:00,11.25,2025-01-03 08:56:00,0.40574282147315854,0.3433208489388265,0.40625,8140780.0,88486.73913043478,339983.0,2025-01-03 08:56:00,13,0.3273923383263029,66997.5,35241.47186147186,0.10614941074442498,89,81,58,76,28,3,3,48,37,0.5288014170632298,0.4255496402064667,0.03992246443215515,0.033780546827208206,0.40449438202247195,-0.001248439450686615,33,21,7.45,,True,,2025-01-03 08:01:00,2025-01-03 09:21:00,81,7525258.0,92904.41975308642,167493.75,0.7,10.2208,10.7354,11.1958,8.0,11.25,8140779.999999999,0.28423654840881496,0.7079458920109538,0.007817559580231188,,,,,,2025-01-03 09:34:00,11.66,2025-01-03 09:34:00,11.66,2025-01-03 09:34:00,11.66,818919.0,2.2334006328867093,0.7548440618130032,4.5,concentrated_volume_spike;no_upper_fight_zone_detected
CRVO,2025-03-12,False,1,rth_volume_campaign_1,rth,volume_campaign,2025-03-12 09:58:00,2025-03-12 11:54:00,116.0,117,3.13,5.17,3.1,2025-03-12 09:58:00,6.54,2025-03-12 10:56:00,1.099041533546326,0.6517571884984026,1.1096774193548387,81999418.0,700849.7264957265,1884201.0,2025-03-12 10:33:00,96,0.41072684198807363,645587.0,700849.7264957265,0.06691415785414477,117,117,117,117,94,0,0,63,54,0.5758293308862266,0.4241706691137735,0.004195151726564693,0.002487822535520923,1.0894568690095847,-0.009584664536741151,37,34,7.1,low_price_volume_efficiency,True,,2025-03-12 10:00:00,2025-03-12 11:31:00,92,68974733.0,749725.3586956522,393544.37499999994,0.7,4.3613,5.4793,6.2533,3.1,6.54,81999418.0,0.2917121991613634,0.7038995080332735,0.004388292805363097,,,,,,2025-03-12 12:35:00,6.44,2025-03-12 12:35:00,6.44,2025-03-12 12:35:00,6.44,1096587.0,2.5006835571607713,1.5540362055331487,4.5,concentrated_volume_spike;no_upper_fight_zone_detected
CUE,2026-04-10,True,1,rth_volume_campaign_1,rth,volume_campaign,2026-04-10 11:01:00,2026-04-10 11:05:00,4.0,5,11.4991,11.7871,11.4361,2026-04-10 11:01:00,12.3001,2026-04-10 11:04:00,0.07513631501595784,0.025045438338652613,0.07555023128514098,68425.24907399999,13685.049814799999,23120.068797,2026-04-10 11:04:00,2,0.10353822965756648,12972.703605,13685.049814799999,0.8340804509791123,3,0,0,5,2,0,0,3,1,0.558573796094853,0.33788797424758066,1.262691786573709,0.4208972621912363,0.06965762537937753,-0.005478689636580307,2,2,2.85,thin_total_volume,False,range_lt_8pct;volume_lt_100k;movement_quality_score_lt_3,2026-04-10 11:03:00,2026-04-10 11:04:00,2,44099.459000999996,22049.729500499998,13650.86182335,0.7,11.6377,11.7889,12.0121,11.4361,12.3001,68425.24907399999,0.04742157277638176,0.7089494991484854,0.24362892807513292,12.0193,12.1777,14374.308080505034,0.21007315683951142,0.013178804090088468,2026-04-10 11:14:00,12.1051,2026-04-10 11:15:00,12.3991,2026-04-10 11:15:00,12.3991,31846.548198,5.799217468682359,4.49505518805341,3.5,low_total_volume
CURR,2025-01-08,False,1,premarket_full,premarket,volume_campaign,2025-01-08 04:17:00,2025-01-08 09:29:00,312.0,174,1.43,2.7097,1.42,2025-01-08 04:17:00,4.56,2025-01-08 07:40:00,2.195804195804196,0.8948951048951052,2.2112676056338025,25485071.0,146465.9252873563,1302770.0,2025-01-08 07:40:00,33,0.4733861247630034,81716.5,81421.95207667732,0.11470299611878657,145,130,114,147,101,19,19,69,81,0.54310517714469,0.45001608981195307,0.012320938795893485,0.005021371139205382,2.1888111888111887,-0.006993006993007,49,68,7.2,,True,,2025-01-08 07:04:00,2025-01-08 08:14:00,70,20072828.0,286754.6857142857,216439.4875,0.7,2.8853,3.3825,3.775,1.42,4.56,25485071.0,0.06650821434083687,0.7247952244389774,0.2086965612201859,3.8012,4.41,5509784.598160308,0.21619655672767432,0.16015994948963486,2025-01-08 09:43:00,3.8901,2025-01-08 10:29:00,4.6,2025-01-08 10:29:00,4.6,3579670.0,2.1507720872061062,1.5768512751207195,5.0,concentrated_volume_spike
CWD,2025-08-05,True,1,rth_volume_campaign_1,rth,volume_campaign,2025-08-05 09:42:00,2025-08-05 09:54:00,12.0,4,2.75,3.14,2.73,2025-08-05 09:42:00,3.7,2025-08-05 09:53:00,0.3527272727272728,0.14181818181818187,0.3553113553113554,469270.0,117317.5,244706.0,2025-08-05 09:53:00,1,0.22553753702559295,100576.0,36097.692307692305,0.9501097449229654,4,3,3,3,3,1,1,1,2,0.20311121529183626,0.7469985296311292,0.20670402966309376,0.08310780574083153,0.3454545454545455,-0.007272727272727279,1,3,4.6,many_zero_range_bars,False,less_than_5_meaningful_range_bars,2025-08-05 09:53:00,2025-08-05 09:53:00,1,244706.0,244706.0,172763.34999999998,0.7,3.2473,3.2877,3.7,2.73,3.7,469269.99999999994,0.2967884438056801,0.70321155619432,0.0,,,,,,2025-08-05 10:04:00,4.17,2025-08-05 10:04:00,4.17,2025-08-05 10:04:00,4.17,285895.0,5.415180575470072,2.901809729707784,3.5,short_impulse;no_upper_fight_zone_detected
CYCN,2025-02-03,False,1,premarket_full,premarket,volume_campaign,2025-02-03 04:00:00,2025-02-03 09:29:00,329.0,173,4.09,3.94,3.54,2025-02-03 04:59:00,4.99,2025-02-03 08:27:00,0.35452322738386316,-0.03667481662591685,0.40960451977401136,2796841.0,16166.71098265896,313451.0,2025-02-03 08:25:00,39,0.6082583886606353,1436.0,8475.275757575757,0.28138996818195955,39,27,14,71,20,52,56,62,54,0.5180197944752669,0.46862084759197964,0.05184420565917048,0.005363193688879701,0.22004889975550132,-0.1344743276283618,53,100,5.45,many_zero_range_bars,True,,2025-02-03 08:00:00,2025-02-03 09:28:00,82,2711785.0,33070.54878048781,10000,0.7,4.2892,4.6396,4.7,3.54,4.99,2796841.0,0.2575667413126842,0.7046212310978754,0.037812027589440335,4.7121,4.86,550015.6040552779,0.1966560144303083,0.031387279556885445,2025-02-03 10:23:00,4.72,2025-02-03 12:10:00,4.875,2025-02-03 12:10:00,4.875,234420.0,7.134118506345294,2.110009991089029,5.0,concentrated_volume_spike
CYCN,2026-04-01,False,1,premarket_full,premarket,volume_campaign,2026-04-01 06:54:00,2026-04-01 09:29:00,155.0,146,1.55,5.41,1.55,2026-04-01 06:54:00,5.6403,2026-04-01 09:27:00,2.6389032258064518,2.490322580645161,2.6389032258064518,89783709.0,614956.9109589041,2342823.0,2026-04-01 07:23:00,17,0.014732583613804593,469003.0,575536.5961538461,0.0752663938176134,145,145,145,145,90,1,1,76,66,0.5755396226725273,0.4070403573993585,0.00455572625096163,0.004299220919910984,2.6389032258064518,0.0,42,40,7.45,,True,,2026-04-01 07:12:00,2026-04-01 09:27:00,136,84683686.0,622674.1617647059,1172507.5,0.7,3.3906,3.7656,4.9586,1.55,5.6403,89783709.0,0.17875200038371228,0.7102828220462168,0.11096517757007086,4.9927,5.56,10037141.249816103,0.11179245501894004,0.11362589380495512,2026-04-01 09:30:00,5.67,2026-04-01 09:30:00,5.67,2026-04-01 09:39:00,6.2842,2514291.0,1.51658340397136,1.2898727975559894,5.0,concentrated_volume_spike
CYCU,2025-11-14,True,2,rth_volume_campaign_1,rth,volume_campaign,2025-11-14 10:10:00,2025-11-14 10:19:00,9.0,10,4.7619,4.9603,4.7024,2025-11-14 10:10:00,5.1587,2025-11-14 10:14:00,0.09582309582309577,0.04166404166404174,0.09703555631167057,878126.2559999999,87812.6256,147288.96,2025-11-14 10:14:00,2,0.41602259982988143,78028.272,87812.6256,0.4234965683567945,10,10,10,10,10,0,0,6,4,0.6768056733746041,0.3231943266253959,0.05196291500023201,0.022593561990019845,0.0833280833280833,-0.012495012495012472,1,2,4.7,,True,,2025-11-14 10:12:00,2025-11-14 10:14:00,3,361330.70399999997,120443.56799999998,89246.22839999999,0.7,4.8469,4.8659,5.037,4.7024,5.1587,878126.2559999999,0.10399931163878005,0.7201484197700194,0.17585226859120054,5.0408,5.1587,544166.9527452972,0.619691017125557,0.023389144580225295,2025-11-14 12:39:00,5.0595,2025-11-14 12:42:00,5.3472,2025-11-14 12:42:00,5.3472,81678.24,6.0727106487900295,3.039954980303883,5.0,
CYCU,2026-04-15,True,1,premarket_full,premarket,volume_campaign,2026-04-15 04:00:00,2026-04-15 09:20:00,320.0,53,1.07,1.12,1.05,2026-04-15 04:28:00,1.12,2026-04-15 09:15:00,0.0654205607476636,0.04672897196261686,0.06666666666666672,68066.0,1284.2641509433963,9648.0,2026-04-15 09:05:00,0,0.0532571327828872,570.0,212.04361370716512,0.2790379925366556,0,0,0,3,0,36,39,5,10,0.12928628096259512,0.2551494138042488,0.10284135985660985,0.07345811418329275,0.04672897196261686,-0.018691588785046745,7,45,0.0,thin_total_volume;few_10k_volume_bars;many_flat_bars;many_zero_range_bars,False,range_lt_8pct;volume_lt_100k;less_than_3_10k_volume_bars;less_than_5_meaningful_range_bars;flat_bar_pct_gte_65;zero_range_bar_pct_gte_55;movement_quality_score_lt_3,2026-04-15 09:05:00,2026-04-15 09:05:00,1,9648.0,9648.0,10000,0.7,1.0698,1.0903,1.1107,1.05,1.12,68066.0,0.10215330218709293,0.8400957092447704,0.05775098856813664,1.1113,1.1194,3930.8787878787884,0.05775098856813664,0.007288760910645187,2026-04-15 10:03:00,1.115,2026-04-15 10:06:00,1.13,2026-04-15 10:06:00,1.13,6712.0,6.127442030308562,4.014354066985646,3.0,low_total_volume;concentrated_volume_spike
DDC,2024-06-12,False,1,rth_volume_campaign_1,rth,volume_campaign,2024-06-12 09:41:00,2024-06-12 11:54:00,133.0,100,24.425,51.25,21.0,2024-06-12 09:41:00,63.25,2024-06-12 11:19:00,1.7297850562947799,1.0982599795291708,2.011904761904762,2467895.16,24678.9516,67918.8,2024-06-12 10:32:00,86,0.2365935836593642,21576.5,18417.128059701492,0.08028590647262342,86,40,8,98,90,1,1,56,41,0.5955536458039815,0.3987720774978139,1.711985204428214,1.0869586534624103,1.5895598771750257,-0.14022517911975438,38,23,7.45,,True,,2024-06-12 09:47:00,2024-06-12 11:53:00,97,2450352.88,25261.369896907214,10000,0.7,26.6333,34.0271,50.575,21.0,63.25,2467895.1599999997,0.04625219821358166,0.7089049493997306,0.2448428523866878,50.9271,55.5,687470.0458693677,0.27856533657182087,0.08979305713461,2024-06-12 12:11:00,52.5025,2024-06-12 12:17:00,57.75,,,,,,5.0,concentrated_volume_spike
DFDV,2025-04-07,False,1,premarket_full,premarket,volume_campaign,2025-04-07 08:15:00,2025-04-07 09:29:00,74.0,62,0.6457,2.04,0.6357,2025-04-07 08:19:00,2.3829,2025-04-07 09:15:00,2.7059005730215264,2.159361932786123,2.7484662576687113,42809256.0,690471.8709677419,2819327.0,2025-04-07 09:04:00,10,0.12381140190803597,582942.5,570790.08,0.1756414080169952,52,50,49,51,47,8,9,28,22,0.6550583359822931,0.30666403078810806,0.004081360348799334,0.0032570059147956224,2.690413504723555,-0.015487068297971206,16,24,7.2,,True,,2025-04-07 08:44:00,2025-04-07 09:15:00,32,35160755.0,1098773.59375,1457356.25,0.7,1.3637,1.9898,2.2664,0.6357,2.3829,42809256.0,0.26089476900801006,0.7328326336203684,0.006272597371621392,,,,,,2025-04-07 09:30:00,2.3272,2025-04-07 09:30:00,2.3272,2025-04-07 09:30:00,2.3272,2562868.0,8.315330456506928,3.3130395439326756,4.5,concentrated_volume_spike;no_upper_fight_zone_detected
DFDV,2025-04-10,True,2,rth_volume_campaign_1,rth,volume_campaign,2025-04-10 09:56:00,2025-04-10 10:00:00,4.0,5,4.7071,4.679,4.4548,2025-04-10 09:56:00,4.8571,2025-04-10 09:57:00,0.08546663550806237,-0.005969705338743462,0.09030708449313109,224469.0,44893.8,67543.0,2025-04-10 09:57:00,1,0.6267190569744597,49931.0,44893.8,0.7551688651885116,5,4,2,5,5,0,0,3,2,0.7051797798359685,0.29482022016403153,0.1792229662002327,0.012518432389327412,0.03186675447727908,-0.05359988103078328,1,0,3.6,weak_close_displacement,True,,2025-04-10 09:57:00,2025-04-10 09:57:00,1,67543.0,67543.0,56207.112499999996,0.7,4.6425,4.6526,4.7766,4.4548,4.8571,224469.0,0.13638834044370948,0.7282713604010391,0.1353402991552513,4.78,4.8263,165356.6377244522,0.7366569001708574,0.009686192468619155,2025-04-10 10:19:00,5.066,2025-04-10 10:19:00,5.066,2025-04-10 10:19:00,5.066,113050.0,7.245726591592265,2.1948899157379724,4.5,
DFDV,2025-05-16,False,1,rth_volume_campaign_1,rth,volume_campaign,2025-05-16 10:44:00,2025-05-16 11:00:00,16.0,8,14.84,15.5074,14.84,2025-05-16 10:44:00,15.7143,2025-05-16 10:59:00,0.05891509433962263,0.04497304582210247,0.05891509433962263,98483.0,12310.375,52213.0,2025-05-16 10:48:00,2,0.10100220342597199,4252.5,5793.117647058823,0.8553557466770915,2,1,1,4,0,1,3,6,1,0.8854929277134125,0.10100220342597199,0.8877674319425687,0.6776804118477308,0.05891509433962263,0.0,6,1,0.0,thin_total_volume;few_10k_volume_bars;many_flat_bars;volume_too_concentrated,False,range_lt_8pct;volume_lt_100k;less_than_3_10k_volume_bars;less_than_5_meaningful_range_bars;movement_quality_score_lt_3,2025-05-16 10:48:00,2025-05-16 10:48:00,1,52213.0,52213.0,10000,0.7,15.0149,15.2844,15.2917,14.84,15.7143,98483.0,0.130256549206928,0.7235389825438062,0.14620446824926586,15.299,15.5904,9222.251365364695,0.09364307916457353,0.01904699653572137,2025-05-16 11:04:00,15.5893,2025-05-16 11:06:00,15.7143,2025-05-16 11:32:00,15.8257,13496.0,3.0956968529222864,1.0299145299145298,3.0,low_total_volume;concentrated_volume_spike
DFDV,2025-05-22,True,3,rth_volume_campaign_1,rth,volume_campaign,2025-05-22 09:30:00,2025-05-22 09:38:00,8.0,9,33.925,35.6374,33.25,2025-05-22 09:30:00,38.912,2025-05-22 09:34:00,0.16689756816506998,0.050476050110538025,0.17028571428571426,184074.0,20452.666666666668,46306.0,2025-05-22 09:30:00,6,0.29384921281658466,18889.0,20452.666666666668,0.543629192607321,8,2,0,9,8,0,0,6,3,0.5610515336223475,0.43894846637765245,3.075936851483642,0.9302780403533374,0.14700073691967583,-0.01989683124539417,2,4,4.45,,True,,2025-05-22 09:30:00,2025-05-22 09:35:00,6,151634.0,25272.333333333332,12994.137499999999,0.7,33.25,33.769,36.9303,33.25,38.912,184073.99999999997,0.0,0.7205922769078801,0.27940772309212003,36.9775,37.9211,69385.51155700407,0.37694357463305017,0.02551822053951737,2025-05-22 09:43:00,37.2554,2025-05-22 09:46:00,38.2068,2025-05-22 09:47:00,41.56,34777.0,3.8543040485874833,2.7863953208877494,5.0,
DFLI,2025-10-02,False,1,premarket_full,premarket,volume_campaign,2025-10-02 04:00:00,2025-10-02 09:29:00,329.0,237,6.309,7.192,6.0,2025-10-02 08:00:00,7.99,2025-10-02 08:16:00,0.31542241242669206,0.13995878903154224,0.3316666666666667,2999169.2,12654.722362869199,126464.4,2025-10-02 08:16:00,55,0.5564915110491265,706.0,9088.391515151516,0.1219210973492259,66,42,18,98,24,59,89,79,93,0.5111824634635485,0.4832116507464802,0.06635170833309438,0.029441486662373034,0.2664447614518941,-0.048977650974797934,60,139,5.7,many_flat_bars;many_zero_range_bars,True,,2025-10-02 07:58:00,2025-10-02 09:19:00,82,2834642.8,34568.814634146336,13972.615,0.7,7.0282,7.3433,7.7247,6.0,7.99,2999169.1999999997,0.15511480492402357,0.720815534486308,0.12406966058966842,7.7413,7.99,556026.9276851839,0.18539365091012003,0.03212638704093632,2025-10-02 10:32:00,7.812,2025-10-02 10:35:00,8.021,2025-10-02 10:35:00,8.021,399727.3,3.7980327590970777,1.8346365079204803,5.0,concentrated_volume_spike
DFLI,2025-10-03,False,1,premarket_full,premarket,volume_campaign,2025-10-03 04:00:00,2025-10-03 09:29:00,329.0,329,14.3,14.5,12.4,2025-10-03 04:49:00,15.7,2025-10-03 09:03:00,0.23076923076923067,0.013986013986013936,0.26612903225806445,2421240.0,7359.392097264437,83084.0,2025-10-03 08:44:00,62,0.19449178933108655,2690.4,7337.090909090909,0.08789343476896136,62,23,10,164,26,10,10,126,112,0.49233235862615854,0.3890350398969124,0.13629379987114038,0.008260230295220602,0.09790209790209779,-0.1328671328671329,128,117,6.45,weak_close_displacement,True,,2025-10-03 04:01:00,2025-10-03 09:29:00,328,2415078.7,7363.0448170731715,10000,0.7,12.675,13.9125,14.93,12.4,15.7,2421240.0,0.006243267482089105,0.7025394926841891,0.2912172398337218,14.9575,15.6,995618.7365250004,0.4112020024966548,0.04295503927795421,2025-10-03 09:30:00,14.998,2025-10-03 09:34:00,16.0,2025-10-03 09:34:00,16.0,249491.4,3.074449214078382,0.6755126220973616,5.0,concentrated_volume_spike
DFSC,2025-02-18,False,1,premarket_full,premarket,volume_campaign,2025-02-18 04:00:00,2025-02-18 09:29:00,329.0,170,9.8616,16.422,9.8616,2025-02-18 04:00:00,17.64,2025-02-18 09:23:00,0.7887563884156731,0.6652470187393529,0.7887563884156731,2653547.108355,15609.100637382353,295160.514363,2025-02-18 08:00:00,31,0.04761070727450533,10450.084788,8041.0518435,0.1643402202745666,90,31,7,127,84,27,37,73,67,0.5639625411028479,0.43019829053785896,0.29313216168308487,0.24723133722947005,0.7887563884156731,0.0,58,76,7.2,,True,,2025-02-18 07:51:00,2025-02-18 09:26:00,96,2338611.042339,24360.53169103125,26125.21197,0.7,12.973,14.7231,16.0843,9.8616,17.64,2653547.1083549997,0.15546126730115445,0.7060110597469944,0.13852767295185117,16.1491,17.64,462319.11307985627,0.17422683457331176,0.09232093429355195,2025-02-18 09:30:00,16.6047,2025-02-18 09:34:00,19.3746,2025-02-18 09:34:00,19.3746,315029.970684,5.717881194110708,2.4126183673960595,5.0,concentrated_volume_spike
DLTH,2025-09-04,True,1,premarket_full,premarket,volume_campaign,2025-09-04 05:51:00,2025-09-04 09:29:00,218.0,89,2.66,2.75,2.15,2025-09-04 07:06:00,3.16,2025-09-04 05:54:00,0.3796992481203008,0.033834586466165356,0.46976744186046526,167405.0,1880.9550561797753,25374.0,2025-09-04 05:55:00,2,0.9084973567097757,600.0,764.4063926940639,0.27135390221319555,2,1,0,32,16,29,30,26,30,0.3790627520086019,0.4916878229443565,0.6033272602371496,0.05376183507063699,0.18796992481203006,-0.19172932330827075,22,61,3.45,few_10k_volume_bars;many_zero_range_bars,False,less_than_3_10k_volume_bars,2025-09-04 05:54:00,2025-09-04 05:55:00,2,36891.0,18445.5,10000,0.7,2.4362,2.5119,2.756,2.15,3.16,167405.0,0.12595492172890474,0.7459297575628853,0.12811532070820994,2.7644,2.9832,48890.596578947356,0.29204979886471344,0.07914918246274051,2025-09-04 09:30:00,2.85,2025-09-04 09:32:00,3.1194,2025-09-04 09:32:00,3.1194,56992.0,6.520599979405742,1.2463261021693492,4.5,concentrated_volume_spike
DMRA,2025-03-21,True,1,rth_volume_campaign_1,rth,volume_campaign,2025-03-21 10:05:00,2025-03-21 10:46:00,41.0,29,4.15,5.5,4.14,2025-03-21 10:05:00,6.0,2025-03-21 10:25:00,0.4481927710843374,0.325301204819277,0.4492753623188407,1093998.0,37724.06896551724,130768.0,2025-03-21 10:33:00,18,0.543104283554449,25451.0,26047.571428571428,0.321998760509617,27,16,6,28,14,1,1,15,13,0.5192541485450614,0.4669396104928894,0.17001859235574474,0.1234005912259437,0.44578313253012036,-0.00240963855421703,10,13,7.2,,True,,2025-03-21 10:05:00,2025-03-21 10:44:00,27,1063060.0,39372.59259259259,23200.387499999997,0.7,5.504,5.6435,5.752,4.14,6.0,1093997.9999999998,0.1754935877589004,0.7531907712226906,0.07131564101840912,5.7675,5.91,246440.21640683257,0.22526569189964937,0.02470741222366711,2025-03-21 11:18:00,6.15,2025-03-21 11:18:00,6.15,2025-03-21 11:18:00,6.15,125767.0,10.739586357658872,2.179708487148824,5.0,concentrated_volume_spike
DMRA,2025-11-11,True,1,premarket_full,premarket,volume_campaign,2025-11-11 04:00:00,2025-11-11 09:29:00,329.0,235,22.8,18.04,17.11,2025-11-11 09:21:00,24.13,2025-11-11 08:13:00,0.3078947368421052,-0.20877192982456147,0.4102863822326125,473381.0,2014.3872340425532,96290.0,2025-11-11 08:00:00,3,0.18846130284062942,651.0,1434.4878787878788,0.2595182316147036,3,1,1,73,21,58,89,61,107,0.41995770848428643,0.5091099980776583,1.482949252293607,1.0055325414412495,0.05833333333333326,-0.24956140350877198,54,162,5.2,many_flat_bars;many_zero_range_bars,True,,2025-11-11 07:21:00,2025-11-11 08:01:00,32,158906.0,4965.8125,10000,0.7,18.982,21.0295,23.194,17.11,24.13,473380.99999999994,0.2016836135323673,0.7076821922982279,0.09063419416940484,23.2525,24.13,59711.1850342536,0.1261376883192473,0.03773787764756468,2025-11-11 13:46:00,23.36,2025-11-11 14:09:00,26.16,2025-11-11 14:09:00,26.16,180305.0,7.263304611244719,2.2363688231792023,4.5,concentrated_volume_spike
DOMH,2025-02-10,False,1,premarket_full,premarket,volume_campaign,2025-02-10 04:00:00,2025-02-10 09:29:00,329.0,230,4.34,3.85,3.56,2025-02-10 08:11:00,4.4,2025-02-10 04:00:00,0.19354838709677427,-0.11290322580645157,0.23595505617977536,468391.0,2036.482608695652,19499.0,2025-02-10 04:00:00,8,0.9583702504958465,878.0,1419.3666666666666,0.11490613611277757,8,0,0,60,9,81,82,68,69,0.4057592908488848,0.4630234141988211,0.17933734849730254,0.10461345329009306,0.013824884792626843,-0.17972350230414744,64,149,4.45,many_flat_bars;many_zero_range_bars,True,,2025-02-10 04:00:00,2025-02-10 08:18:00,180,405081.0,2250.45,10000,0.7,3.784,4.043,4.134,3.56,4.4,468390.99999999994,0.23228543324623344,0.7095476573233982,0.05816690943036844,4.141,4.323,46876.05687499972,0.10007890176156187,0.043950736537068436,2025-02-10 09:34:00,4.38,2025-02-10 09:34:00,4.38,2025-02-10 09:34:00,4.38,61001.0,4.7452392806024015,1.040759571418822,4.5,concentrated_volume_spike
DOMH,2025-02-13,False,1,premarket_full,premarket,volume_campaign,2025-02-13 04:00:00,2025-02-13 09:29:00,329.0,199,7.98,8.22,7.58,2025-02-13 04:22:00,8.98,2025-02-13 07:11:00,0.17543859649122812,0.030075187969924838,0.18469656992084438,458803.0,2305.542713567839,36561.0,2025-02-13 07:11:00,8,0.7357100977979656,760.0,1390.3121212121212,0.21429894747854744,8,3,0,54,6,64,85,66,63,0.5072285926639538,0.40164733011771936,0.30514185827032525,0.0523100328463415,0.12531328320802004,-0.05012531328320806,59,123,3.45,many_flat_bars;many_zero_range_bars,True,,2025-02-13 07:11:00,2025-02-13 08:06:00,48,271264.0,5651.333333333333,10000,0.7,8.0,8.595,8.7933,7.58,8.98,458803.0,0.26900541924177795,0.7162343643686242,0.014760216389597703,8.8033,8.9,66836.61509828012,0.14567606379705478,0.010984517169697753,2025-02-13 10:17:00,8.8499,2025-02-13 10:27:00,8.9363,2025-02-13 10:31:00,9.3266,85571.0,3.9297457658253423,0.8262699999034404,4.5,concentrated_volume_spike
DPRO,2024-11-29,False,1,rth_volume_campaign_1,rth,volume_campaign,2024-11-29 10:08:00,2024-11-29 10:17:00,9.0,9,3.43,3.61,3.43,2024-11-29 10:08:00,3.95,2024-11-29 10:13:00,0.15160349854227406,0.052478134110787084,0.15160349854227406,228110.0,25345.555555555555,73864.0,2024-11-29 10:12:00,5,0.3240673359344176,26224.0,22811.0,0.6603656130814081,6,5,1,8,6,1,1,4,4,0.652658804962518,0.34690281004778395,0.22796019464293543,0.07890929814563137,0.15160349854227406,0.0,4,3,4.35,,True,,2024-11-29 10:11:00,2024-11-29 10:16:00,6,218091.0,36348.5,14801.3625,0.7,3.7073,3.7983,3.9327,3.43,3.95,228109.99999999997,0.2761289383555937,0.7026095357723862,0.02126152587202022,3.937,3.937,3779.156666666541,0.01656725556383561,0.0,2024-11-29 10:25:00,4.44,2024-11-29 10:25:00,4.44,2024-11-29 10:25:00,4.44,116888.0,12.5484975684119,13.599534613147178,4.5,concentrated_volume_spike
DRMA,2026-01-26,True,2,rth_volume_campaign_1,rth,volume_campaign,2026-01-26 09:32:00,2026-01-26 09:39:00,7.0,8,2.57,2.5894,2.51,2026-01-26 09:39:00,3.0,2026-01-26 09:36:00,0.1906614785992219,0.007548638132295753,0.1952191235059762,409997.0,51249.625,109342.0,2026-01-26 09:37:00,5,0.4035419771364181,39563.5,51249.625,0.7079905462722897,7,5,3,8,7,0,0,3,5,0.3289804559545558,0.6710195440454443,0.11951306960782646,0.004731741939575188,0.16731517509727634,-0.023346303501945546,3,4,4.6,weak_close_displacement,True,,2026-01-26 09:34:00,2026-01-26 09:38:00,5,369401.0,73880.2,28373.949999999997,0.7,2.5917,2.6937,2.7795,2.51,3.0,409996.99999999994,0.027099858746015306,0.706830410448447,0.2660697308055378,2.7836,2.8898,92586.23809369709,0.22582174526569,0.0381520333381234,2026-01-26 12:12:00,2.79,2026-01-26 12:14:00,2.9,2026-01-26 12:15:00,2.965,122665.0,7.660721200084935,2.6061230560040793,5.0,
DRMA,2026-02-19,False,1,premarket_full,premarket,volume_campaign,2026-02-19 04:00:00,2026-02-19 09:29:00,329.0,92,1.34,1.54,1.22,2026-02-19 05:32:00,1.64,2026-02-19 08:26:00,0.31343283582089543,0.14925373134328354,0.34426229508196715,567803.0,6171.771739130435,86418.0,2026-02-19 08:26:00,11,0.6170538021109434,1462.0,1720.6151515151514,0.3888373256217385,11,5,3,42,19,26,32,29,30,0.2694895941021798,0.6472685068588929,0.07396931682291216,0.03522348420138674,0.22388059701492521,-0.08955223880597023,28,53,6.45,many_zero_range_bars,True,,2026-02-19 08:01:00,2026-02-19 09:19:00,67,526186.0,7853.522388059701,10000,0.7,1.43,1.4615,1.549,1.22,1.64,567803.0,0.2558927487177448,0.7040579403785924,0.040049310903662705,1.5525,1.57,129242.50408481655,0.2276185650389599,0.011272141706924362,2026-02-19 10:37:00,1.5699,2026-02-19 10:38:00,1.585,2026-02-19 10:41:00,1.6112,45785.0,7.017933782955242,2.46169148878972,5.0,concentrated_volume_spike
DRUG,2024-10-15,True,1,premarket_full,premarket,volume_campaign,2024-10-15 04:00:00,2024-10-15 09:29:00,329.0,306,2.8,2.69,2.46,2024-10-15 08:35:00,3.39,2024-10-15 04:01:00,0.33214285714285724,-0.03928571428571424,0.37804878048780494,1695644.0,5541.320261437909,137661.0,2024-10-15 04:01:00,43,0.891510836000953,1810.0,5138.315151515151,0.16819096461285507,43,12,2,131,21,72,76,96,101,0.29305443831370265,0.563144740287466,0.05484641823401611,0.006487210758862112,0.21071428571428583,-0.12142857142857139,86,172,5.45,many_zero_range_bars,True,,2024-10-15 04:00:00,2024-10-15 09:28:00,305,1689781.0,5540.265573770492,10000,0.7,2.5065,2.6073,3.0025,2.46,3.39,1695644.0,0.009046959444317326,0.7343707097655408,0.2565823307901419,3.0103,3.22,489811.4206388912,0.28886453798019585,0.06966083114639744,2024-10-15 09:38:00,3.09,2024-10-15 09:39:00,3.25,2024-10-15 09:39:00,3.25,758126.0,6.15187243883637,2.3202374940702994,5.0,concentrated_volume_spike
DRUG,2024-10-18,True,1,premarket_full,premarket,volume_campaign,2024-10-18 04:01:00,2024-10-18 09:29:00,328.0,177,24.33,34.66,21.21,2024-10-18 05:07:00,40.44,2024-10-18 09:01:00,0.7903822441430333,0.42457870941224823,0.9066478076379064,2229736.0,12597.378531073446,114044.0,2024-10-18 08:55:00,43,0.3171483081405153,4011.0,6777.313069908814,0.1294677934966292,59,29,12,117,61,28,38,74,74,0.5085297093467568,0.48749089578317795,0.8624339383675913,0.46328354567536234,0.6621454993834772,-0.12823674475955602,51,92,7.2,,True,,2024-10-18 07:23:00,2024-10-18 09:23:00,119,2093363.0,17591.285714285714,16009.15,0.7,31.466,36.1133,39.799,21.21,40.44,2229736.0,0.2594278015804943,0.7301010413058285,0.010471157113677115,,,,,,2024-10-18 10:03:00,42.53,2024-10-18 10:03:00,42.53,2024-10-18 10:03:00,42.53,224727.0,3.501173149368556,1.3959412619730909,4.5,concentrated_volume_spike;no_upper_fight_zone_detected
DUO,2024-09-26,True,1,premarket_full,premarket,volume_campaign,2024-09-26 04:00:00,2024-09-26 09:29:00,329.0,328,9.12,11.84,8.912,2024-09-26 04:00:00,13.6,2024-09-26 09:22:00,0.5140350877192982,0.2982456140350878,0.5260323159784558,932024.3125,2841.537538109756,38114.125,2024-09-26 09:18:00,17,0.1074775476954095,978.5,2824.3160984848487,0.12023941972007302,17,7,0,172,37,11,40,158,143,0.47533839145424656,0.5124492125306013,0.5029911706300043,0.2918378805703098,0.4912280701754387,-0.022807017543859477,109,146,7.2,,True,,2024-09-26 04:02:00,2024-09-26 09:24:00,321,886971.875,2763.152258566978,10000,0.7,9.4589,10.9044,11.7248,8.912,13.6,932024.3125,0.002027968140911176,0.7111274280081341,0.2868446038509546,11.7639,12.8688,322860.8693252989,0.3464082052315549,0.09392293372095994,2024-09-26 09:32:00,11.8016,2024-09-26 09:33:00,13.04,2024-09-26 09:33:00,13.04,162208.4375,5.629920935309603,1.9906295253172324,5.0,concentrated_volume_spike
DUO,2024-09-30,True,2,premarket_core_after_early_spike,premarket,volume_campaign,2024-09-30 04:02:00,2024-09-30 09:29:00,327.0,328,36.0,28.32,26.4,2024-09-30 08:39:00,37.92,2024-09-30 04:02:00,0.32000000000000006,-0.21333333333333332,0.4363636363636365,520778.1875,1587.7383765243903,22740.0625,2024-09-30 08:00:00,8,0.9697264346348992,734.96875,1587.7383765243903,0.10011688037529413,8,0,0,183,23,24,24,102,119,0.3155950152002094,0.5014327717018678,2.212074214417823,1.474716142945215,0.05333333333333338,-0.2666666666666667,113,143,7.2,,True,,2024-09-30 04:02:00,2024-09-30 08:28:00,267,435254.0,1630.1647940074906,10000,0.7,27.936,30.144,31.392,26.4,37.92,520778.1875,0.1536058292652026,0.7151704329301446,0.13122373780465285,31.488,33.984,86440.28499921212,0.16598292147021254,0.0792682926829269,2024-09-30 10:06:00,32.32,2024-09-30 10:15:00,34.08,2024-09-30 10:21:00,37.12,120878.4375,2.916569337352877,2.7837822666309706,5.0,concentrated_volume_spike
DUO,2025-05-12,True,2,rth_volume_campaign_2,rth,volume_campaign,2025-05-12 10:46:00,2025-05-12 10:59:00,13.0,14,3.9296,4.104,3.88,2025-05-12 10:46:00,4.3632,2025-05-12 10:50:00,0.1229641693811075,0.04438110749185665,0.12453608247422683,330409.625,23600.6875,92964.0,2025-05-12 10:50:00,10,0.4853110362629418,20449.0625,23600.6875,0.48688654272707704,10,5,1,13,7,0,0,5,8,0.34168231328006865,0.5877352241176388,0.14624271311708914,0.05278296599259173,0.11034201954397388,-0.012622149837133629,5,4,5.2,,True,,2025-05-12 10:48:00,2025-05-12 10:58:00,11,314960.1875,28632.74431818182,10000,0.7,4.0491,4.1578,4.2263,3.88,4.3632,330409.625,0.2031403576574825,0.7077695724281212,0.08909006991439629,4.2303,4.2464,11814.911824739707,0.03575837666575151,0.0038058766517742645,2025-05-12 11:18:00,4.3776,2025-05-12 11:18:00,4.3776,2025-05-12 11:19:00,4.6928,60123.25,4.003775811995195,1.6761897460202404,4.5,concentrated_volume_spike
DUO,2025-08-29,False,3,rth_volume_campaign_2,rth,volume_campaign,2025-08-29 11:15:00,2025-08-29 11:24:00,9.0,10,2.0801,1.9599,1.91,2025-08-29 11:19:00,2.085,2025-08-29 11:15:00,0.08413057064564207,-0.05778568338060664,0.09162303664921469,1004889.0,100488.9,314441.0,2025-08-29 11:18:00,5,0.9423329342842841,60874.0,100488.9,0.637136041891194,10,10,7,9,1,0,0,3,7,0.1910290589308869,0.8089709410691132,0.01741485875554415,0.011961520128093735,0.002355655978078038,-0.08177491466756402,2,5,4.7,,True,,2025-08-29 11:17:00,2025-08-29 11:23:00,7,879516.0,125645.14285714286,59651.649999999994,0.7,1.9275,1.9377,2.0033,1.91,2.085,1004888.9999999999,0.04501191448625198,0.7208010597905553,0.23418702572319275,2.0048,2.085,141022.59294380574,0.1403364878546842,0.040003990422984866,2025-08-29 11:29:00,2.0298,2025-08-29 13:10:00,2.1199,2025-08-29 13:10:00,2.1199,46496.0,3.4032586259899573,1.3682537814136897,4.5,concentrated_volume_spike
DWTX,2025-01-23,True,1,rth_volume_campaign_1,rth,volume_campaign,2025-01-23 10:39:00,2025-01-23 12:02:00,83.0,76,3.92,7.67,3.9,2025-01-23 10:39:00,9.62,2025-01-23 11:34:00,1.4591836734693875,0.9566326530612245,1.4666666666666663,33164101.0,436369.75,1541818.0,2025-01-23 10:54:00,56,0.24002872865451713,363355.0,394810.7261904762,0.11729333474168349,76,76,76,75,68,1,1,39,36,0.5539788037673627,0.44205618599460905,0.01724756537196651,0.011307407367985038,1.454081632653061,-0.005102040816326535,24,21,7.45,,True,,2025-01-23 10:41:00,2025-01-23 12:01:00,73,32679736.0,447667.61643835617,233182.91249999998,0.7,5.5207,6.5217,8.2853,3.9,9.62,33164100.999999996,0.1075423715166159,0.7221567450758252,0.170300883407559,8.333,9.0,6388675.4861880075,0.19263828337116717,0.0800432017280691,2025-01-23 12:17:00,8.7049,2025-01-23 12:18:00,9.3,2025-01-23 12:18:00,9.3,874576.0,3.0800156928042015,1.2695087449866382,5.0,concentrated_volume_spike
DWTX,2025-01-27,True,2,rth_volume_campaign_1,rth,volume_campaign,2025-01-27 09:37:00,2025-01-27 10:15:00,38.0,30,10.1138,14.0958,10.1138,2025-01-27 09:37:00,15.55,2025-01-27 09:54:00,0.5375032134311536,0.39371947240404215,0.5375032134311536,1759578.0,58652.6,200343.0,2025-01-27 10:10:00,21,0.7176703732372194,40997.0,45117.38461538462,0.2744800173678007,28,23,10,30,25,0,0,18,12,0.5739285214977682,0.42607147850223176,0.3089490775629157,0.22630426158999492,0.5375032134311536,0.0,12,6,7.45,,True,,2025-01-27 09:44:00,2025-01-27 10:14:00,27,1712232.0,63416.0,33525.95,0.7,13.8285,14.7799,15.097,10.1138,15.55,1759578.0,0.1979649221336755,0.711181833009958,0.09085324485636646,15.1423,15.55,703947.7238272415,0.4000662225983966,0.026924575526835432,2025-01-27 10:23:00,15.7599,2025-01-27 10:23:00,15.7599,2025-01-27 10:23:00,15.7599,152049.0,8.589465478086975,3.8883234451718494,5.0,concentrated_volume_spike
DWTX,2025-03-11,False,1,rth_volume_campaign_1,rth,volume_campaign,2025-03-11 09:30:00,2025-03-11 09:56:00,26.0,27,8.37,9.555,8.229,2025-03-11 09:30:00,10.08,2025-03-11 09:37:00,0.22114695340501805,0.1415770609318997,0.2249362012395189,1371840.0,50808.88888888889,118936.0,2025-03-11 09:37:00,20,0.7229735246092839,45367.0,50808.88888888889,0.2269674306041521,27,24,10,27,17,0,0,15,11,0.5667118614415675,0.40460986703988805,0.1349282715185445,0.08638033589923026,0.20430107526881733,-0.01684587813620072,8,8,7.2,,True,,2025-03-11 09:30:00,2025-03-11 09:54:00,25,1316826.0,52673.04,29071.999999999996,0.7,9.2162,9.6944,9.7407,8.229,10.08,1371840.0,0.23715259098833563,0.7056166107797747,0.0572307982318897,9.7561,9.95,221219.7838037255,0.16125771504237046,0.01987474503131367,2025-03-11 10:06:00,9.81,2025-03-11 10:11:00,10.1,2025-03-11 10:11:00,10.1,158390.0,5.516720130682075,2.7479181124219294,5.5,
DXF,2026-05-14,False,1,premarket_full,premarket,volume_campaign,2026-05-14 04:00:00,2026-05-14 09:29:00,329.0,330,1.54,1.3297,1.26,2026-05-14 04:06:00,1.81,2026-05-14 04:45:00,0.35714285714285715,-0.13655844155844152,0.43650793650793657,31636920.0,95869.45454545454,1544908.0,2026-05-14 04:00:00,57,0.6194664967386205,55553.0,95869.45454545454,0.09583249570438589,318,265,181,247,68,0,1,138,150,0.5008326031737603,0.42807131667684467,0.0017384751739423436,0.0006647296892364994,0.17532467532467533,-0.18181818181818182,107,118,6.85,low_price_volume_efficiency,True,,2026-05-14 04:00:00,2026-05-14 09:15:00,316,30478545.0,96451.09177215189,138882.5,0.7,1.4433,1.5579,1.7458,1.26,1.81,31636920.0,0.2647574116546203,0.7064246475549617,0.028817940790417957,1.7504,1.81,1709896.053697342,0.054047487988632965,0.034049360146252344,2026-05-14 11:07:00,1.7898,2026-05-14 11:11:00,1.9,2026-05-14 11:11:00,1.9,1836422.0,2.7751924582887404,1.34214492126577,5.0,concentrated_volume_spike
DXST,2026-02-11,True,1,rth_volume_campaign_1,rth,volume_campaign,2026-02-11 12:00:00,2026-02-11 12:58:00,58.0,59,5.435,7.095,5.4175,2026-02-11 12:03:00,8.0625,2026-02-11 12:49:00,0.4866605335786568,0.3054277828886845,0.4882325796031379,3144506.08,53296.713220338985,129636.0,2026-02-11 12:05:00,47,0.14911351674028245,50302.0,53296.713220338985,0.11186419458282619,59,52,30,59,56,0,0,33,26,0.6088661911571182,0.3911338088428819,0.08411495900176474,0.05279048466651399,0.4834406623735052,-0.003219871205151644,18,17,7.45,,True,,2026-02-11 12:02:00,2026-02-11 12:37:00,36,2028401.48,56344.485555555555,33511.666999999994,0.7,6.2551,6.5416,7.269,5.4175,8.0625,3144506.0799999996,0.12327802659390263,0.7012931500388648,0.1754288233672326,7.291,8.0625,598112.3549845003,0.19020868135338456,0.10581538883555063,2026-02-11 13:08:00,7.31,2026-02-11 13:52:00,8.165,2026-02-11 14:12:00,10.0475,97710.68,1.5637371697946525,1.7410492764655108,5.5,
DXST,2026-03-04,False,2,premarket_core_after_early_spike,premarket,volume_campaign,2026-03-04 06:50:00,2026-03-04 09:29:00,159.0,159,3.4625,2.93,2.1375,2026-03-04 08:03:00,4.095,2026-03-04 08:05:00,0.5653429602888086,-0.1537906137184115,0.9157894736842103,1447263.16,9102.284025157232,422721.28,2026-03-04 08:05:00,16,0.29593940607180247,4188.44,9045.39475,0.40921119003678647,25,4,3,121,46,0,8,61,86,0.2406590657638242,0.7342374416550481,0.13525529109716297,0.03679358493447728,0.1826714801444043,-0.3826714801444043,46,86,7.2,,True,,2026-03-04 06:50:00,2026-03-04 08:34:00,104,1236497.52,11889.399230769232,13987.507499999998,0.7,2.6269,2.6432,3.051,2.1375,4.095,1447263.16,0.054608031441697194,0.700493327142564,0.24489864141573894,3.0673,3.5125,380853.3639349255,0.26315418954969155,0.14514393766504752,2026-03-04 09:57:00,3.205,2026-03-04 09:58:00,3.6175,2026-03-04 09:58:00,3.6175,183444.72,11.195923870653056,1.9070850169599785,5.0,concentrated_volume_spike
DXST,2026-03-06,True,3,rth_volume_campaign_2,rth,volume_campaign,2026-03-06 11:51:00,2026-03-06 12:12:00,21.0,22,7.4275,7.175,7.025,2026-03-06 12:08:00,7.85,2026-03-06 11:53:00,0.1110737125546953,-0.03399528778189167,0.11743772241992873,1056544.12,48024.732727272734,106952.76,2026-03-06 11:53:00,6,0.777846929856559,41742.28,48024.732727272734,0.270449926880479,22,17,9,21,6,0,0,12,10,0.6656783627739085,0.3343216372260914,0.07808476564140068,0.02389867069630754,0.056883204308313624,-0.05419050824638167,8,7,5.7,,True,,2026-03-06 11:52:00,2026-03-06 11:57:00,6,479113.16,79852.19333333333,58095.147999999994,0.7,7.025,7.4306,7.4787,7.025,7.85,1056544.12,0.0,0.7036693039995502,0.29633069600044976,7.4856,7.85,519671.06328362465,0.49185931135902267,0.04868013252110717,2026-03-06 12:55:00,7.71,2026-03-06 13:05:00,7.875,2026-03-06 13:10:00,8.0125,90242.32,1.532672045826803,0.825515531441234,5.5,
DXST,2026-03-10,True,1,premarket_full,premarket,volume_campaign,2026-03-10 04:00:00,2026-03-10 09:29:00,329.0,323,6.7475,7.4175,6.7475,2026-03-10 04:00:00,8.4975,2026-03-10 08:00:00,0.2593553167839942,0.09929603556872929,0.2593553167839942,695288.3200000001,2152.5954179566565,322514.32,2026-03-10 08:00:00,6,0.11626348045081498,404.04,2106.9343030303035,0.5323956542229847,6,2,1,133,26,18,65,122,149,0.28846047636755934,0.6867892732614866,0.25169414610617946,0.09636290165208021,0.2593553167839942,0.0,100,166,6.2,,True,,2026-03-10 05:23:00,2026-03-10 08:00:00,153,572049.2,3738.8836601307185,10000,0.7,6.9225,7.2287,7.5933,6.7475,8.4975,695288.32,0.00674532690856668,0.7079626262250469,0.28529204686638643,7.6079,8.4975,552208.163958078,0.7942146417159404,0.11693108479343849,2026-03-10 09:31:00,7.805,2026-03-10 10:15:00,8.555,2026-03-10 10:15:00,8.555,119887.76,4.901968609151123,1.3041121472554937,5.0,concentrated_volume_spike
DXYZ,2024-11-08,False,1,premarket_full,premarket,volume_campaign,2024-11-08 04:00:00,2024-11-08 09:29:00,329.0,252,25.2,25.2,23.0,2024-11-08 04:02:00,26.7,2024-11-08 04:22:00,0.1468253968253968,0.0,0.16086956521739126,354373.0,1406.2420634920634,30949.0,2024-11-08 08:00:00,4,0.8090006857181558,641.0,1073.8575757575757,0.1532311998938971,4,1,0,43,6,81,117,80,76,0.4386536220310238,0.43910512369734717,1.0440976033727172,0.0,0.05952380952380953,-0.08730158730158727,79,157,3.45,weak_close_displacement;many_flat_bars;many_zero_range_bars,True,,2024-11-08 04:20:00,2024-11-08 09:08:00,212,267890.0,1263.632075471698,10000,0.7,24.295,25.1892,25.775,23.0,26.7,354373.0,0.1621365780419152,0.7160533203115326,0.12181010164655232,25.8058,26.7,60832.874149481475,0.1716634002858047,0.03465112494090467,2024-11-08 09:45:00,25.85,2024-11-08 09:55:00,26.77,2024-11-08 10:01:00,27.34,79559.0,1.6036467498332032,0.83663532925316,4.5,concentrated_volume_spike
EDHL,2025-10-14,True,1,premarket_full,premarket,volume_campaign,2025-10-14 06:15:00,2025-10-14 09:29:00,194.0,34,7.5136,13.1984,7.5008,2025-10-14 06:15:00,14.4048,2025-10-14 09:18:00,0.9188671209540034,0.7566013628620101,0.9204351535836177,240962.8125,7087.141544117647,24605.25,2025-10-14 09:18:00,4,0.48620469185468196,6499.125,1235.7067307692307,0.24581567954598804,11,0,0,30,24,2,4,17,15,0.4789597979978757,0.5208256979487239,2.8651724008242976,2.359202210922069,0.9171635434412265,-0.0017035775127768802,16,10,6.45,,True,,2025-10-14 09:17:00,2025-10-14 09:20:00,4,76241.8125,19060.453125,16247.8125,0.7,11.298,12.5062,13.3692,7.5008,14.4048,240962.81249999997,0.2702354398485545,0.7141259271841307,0.015638632967314894,13.4267,14.1171,3050.9529446080674,0.012661509520719375,0.051419931926683426,2025-10-14 09:33:00,13.6608,2025-10-14 09:34:00,14.576,2025-10-14 09:34:00,14.576,81468.875,4.017809642111882,1.89947307371722,4.5,concentrated_volume_spike
EDHL,2026-06-04,True,2,premarket_core_after_early_spike,premarket,volume_campaign,2026-06-04 07:35:00,2026-06-04 09:29:00,114.0,115,4.34,3.6,3.24,2026-06-04 08:51:00,4.4,2026-06-04 07:39:00,0.2672811059907835,-0.17050691244239627,0.3580246913580247,3330972.0,28964.97391304348,314409.0,2026-06-04 07:35:00,9,0.6886740567017675,13997.0,28964.97391304348,0.229259507435067,71,36,15,102,27,0,0,50,51,0.33187129762723916,0.6282478507774908,0.03482466979608355,0.02221573762853605,0.013824884792626843,-0.2534562211981566,35,42,7.2,,True,,2026-06-04 07:35:00,2026-06-04 07:56:00,22,1993880.0,90630.90909090909,81044.23749999999,0.7,3.53,3.9457,4.1873,3.24,4.4,3330972.0,0.17225870469140367,0.7091185641514632,0.11862273115713313,4.197,4.36,949913.5012653293,0.28517606910695414,0.03883726471289022,2026-06-04 10:01:00,4.26,2026-06-04 10:04:00,4.57,2026-06-04 10:04:00,4.57,429787.0,3.061357209507732,1.481891278712943,5.0,concentrated_volume_spike
EDSA,2025-02-13,False,1,premarket_full,premarket,volume_campaign,2025-02-13 04:00:00,2025-02-13 09:29:00,329.0,137,2.03,3.02,1.86,2025-02-13 07:00:00,3.35,2025-02-13 08:21:00,0.7339901477832513,0.48768472906403953,0.8010752688172043,20242193.0,147753.23357664235,1421140.0,2025-02-13 08:00:00,21,0.37966765755074067,103805.0,61339.97878787879,0.14337680704852482,122,112,99,119,66,4,4,64,61,0.47704836131144485,0.4807516655927547,0.00736086253105086,0.004890774433382787,0.6502463054187194,-0.08374384236453189,48,41,7.45,,True,,2025-02-13 07:40:00,2025-02-13 08:50:00,71,16294283.0,229496.94366197183,259512.5,0.7,2.9527,3.1638,3.2507,1.86,3.35,20242192.999999996,0.23392467461685265,0.7223957818403496,0.04367954354279786,3.2631,3.35,2221826.707302795,0.10976215409579364,0.026631117648861505,2025-02-13 09:42:00,3.47,2025-02-13 09:42:00,3.47,2025-02-13 09:42:00,3.47,1781469.0,2.7768163056119164,1.0900481734415222,5.0,concentrated_volume_spike
EDSA,2026-02-27,False,2,rth_volume_campaign_1,rth,volume_campaign,2026-02-27 09:41:00,2026-02-27 09:54:00,13.0,14,1.54,1.88,1.54,2026-02-27 09:41:00,2.0,2026-02-27 09:47:00,0.2987012987012987,0.2207792207792207,0.2987012987012987,1723440.0,123102.85714285714,270716.0,2026-02-27 09:47:00,10,0.4437003899178387,115125.0,123102.85714285714,0.421498862739637,13,13,12,14,11,0,0,9,5,0.6505877779325071,0.3494122220674929,0.026690804437636353,0.01972798588868773,0.2987012987012987,0.0,7,3,7.45,,True,,2026-02-27 09:43:00,2026-02-27 09:53:00,11,1591148.0,144649.81818181818,88731.125,0.7,1.8313,1.8582,1.954,1.54,2.0,1723440.0,0.17006063391736134,0.706569930535129,0.12336943554750963,1.9578,2.0,632036.7153571432,0.3667297471087727,0.021554806415364194,2026-02-27 10:07:00,1.96,2026-02-27 10:10:00,2.0498,2026-02-27 10:10:00,2.0498,308245.0,3.8170061060705316,1.3249984955166396,5.5,
EDSA,2026-03-03,False,2,rth_volume_campaign_1,rth,volume_campaign,2026-03-03 09:30:00,2026-03-03 10:09:00,39.0,40,2.5,2.9902,2.42,2026-03-03 09:30:00,3.35,2026-03-03 09:47:00,0.37200000000000005,0.1960800000000001,0.3842975206611571,6929351.0,173233.775,549963.0,2026-03-03 09:46:00,36,0.45180306207608767,146203.5,173233.775,0.23220053364304968,40,40,36,40,22,0,0,20,19,0.49058721372319,0.4994213743826803,0.01342117032316591,0.0070742555832429355,0.34,-0.03200000000000003,8,11,7.2,,True,,2026-03-03 09:30:00,2026-03-03 10:08:00,39,6888449.0,176626.89743589744,53439.924999999996,0.7,2.9625,3.1718,3.2415,2.42,3.35,6929350.999999999,0.2777426862603376,0.7005386565045523,0.02171865723511019,3.2492,3.27,1566142.3569230756,0.22601573465149563,0.006401575772497824,2026-03-03 11:15:00,3.25,2026-03-03 11:40:00,3.2999,2026-03-03 11:42:00,3.515,223324.0,4.983509102350678,1.1779499649237553,5.0,concentrated_volume_spike
EDSA,2026-03-06,True,2,rth_volume_campaign_1,rth,volume_campaign,2026-03-06 09:37:00,2026-03-06 09:48:00,11.0,8,3.96,4.08,3.9101,2026-03-06 09:47:00,4.5,2026-03-06 09:45:00,0.1489646464646465,0.03030303030303033,0.15086570675941793,501458.0,62682.25,118548.0,2026-03-06 09:46:00,4,0.47263180565471086,64314.5,41788.166666666664,0.6096502598422998,8,6,5,8,7,0,0,4,4,0.3602195996474281,0.6397804003525719,0.11763697059374865,0.023930219479996354,0.13636363636363638,-0.012601010101010114,4,2,5.7,,True,,2026-03-06 09:39:00,2026-03-06 09:47:00,5,434343.0,86868.6,61248.424999999996,0.7,4.0379,4.2886,4.3722,3.9101,4.5,501458.0,0.15888206953829276,0.7026537014327213,0.1384642290289858,4.3771,4.4361,52489.98447291723,0.1046747374115424,0.013479244248474851,2026-03-06 10:55:00,4.475,2026-03-06 10:55:00,4.475,2026-03-06 10:55:00,4.475,54264.0,25.235548528112353,22.166666666666668,5.5,
EDSA,2026-03-09,True,2,rth_volume_campaign_1,rth,volume_campaign,2026-03-09 09:30:00,2026-03-09 09:58:00,28.0,29,6.3,6.8499,6.3,2026-03-09 09:30:00,7.6,2026-03-09 09:35:00,0.20634920634920634,0.0872857142857143,0.20634920634920634,880848.0,30374.068965517243,135820.0,2026-03-09 09:35:00,19,0.558884166167148,18662.0,30374.068965517243,0.3585022614571413,21,11,7,26,14,0,0,15,13,0.45663383466841045,0.541608767914555,0.14758505440212158,0.062428478012097444,0.20634920634920634,0.0,8,13,6.2,,True,,2026-03-09 09:30:00,2026-03-09 09:52:00,23,829578.0,36068.608695652176,13640.15,0.7,6.625,6.8525,7.1883,6.3,7.6,880848.0,0.053456276835081966,0.708844489526242,0.237699233638676,7.1992,7.4375,184042.436899422,0.20893779278538635,0.03310090010001107,2026-03-09 10:51:00,7.2859,2026-03-09 11:04:00,7.46,2026-03-09 11:04:00,7.46,67523.0,3.4982204008890228,1.4791132724365292,5.0,concentrated_volume_spike
EDSA,2026-03-17,False,1,rth_volume_campaign_1,rth,volume_campaign,2026-03-17 09:39:00,2026-03-17 10:08:00,29.0,30,5.3884,6.6286,5.3854,2026-03-17 09:39:00,6.98,2026-03-17 10:02:00,0.2959320020785392,0.2301610867790067,0.2960968544583505,1329102.0,44303.4,132604.0,2026-03-17 10:02:00,25,0.1482181202044689,40780.0,44303.4,0.21989207750797155,29,21,13,30,12,0,0,20,10,0.7318595563019241,0.2681404436980758,0.11997574302047553,0.09331112284835925,0.29537525053819325,-0.0005567515403459494,12,7,7.45,,True,,2026-03-17 09:41:00,2026-03-17 10:07:00,27,1298050.0,48075.92592592593,18889.324999999997,0.7,6.3422,6.7807,6.9003,5.3854,6.98,1329102.0,0.23520791376612304,0.7493175189056237,0.015474567328253263,6.910299999999999,6.98,203939.27838511608,0.15344140508788345,0.010086392776001185,2026-03-17 10:43:00,7.115,2026-03-17 10:43:00,7.115,2026-03-17 10:43:00,7.115,109979.0,5.740720441389102,2.2562571803709175,5.0,concentrated_volume_spike
EDSA,2026-04-27,False,2,rth_volume_campaign_2,rth,volume_campaign,2026-04-27 09:54:00,2026-04-27 10:14:00,20.0,21,8.9,9.34,8.8,2026-04-27 09:54:00,9.6341,2026-04-27 10:11:00,0.09371910112359544,0.049438202247190956,0.09478409090909083,208399.0,9923.761904761905,26185.0,2026-04-27 10:11:00,2,0.2157064093397761,7729.0,9923.761904761905,0.3303518730896022,6,1,0,19,2,0,0,12,9,0.5104151171550727,0.4895848828449273,0.40024184377084315,0.21113345073632767,0.0824831460674157,-0.011235955056179735,11,4,3.95,,True,,2026-04-27 09:55:00,2026-04-27 09:55:00,1,21994.0,21994.0,21542.949999999997,0.7,9.1197,9.4047,9.4951,8.8,9.6341,208398.99999999997,0.2745642196195713,0.7065287841810104,0.01890699619941829,9.502,9.5854,2877.2087456737872,0.013806250249155647,0.008777099557987713,2026-04-27 12:51:00,9.69,2026-04-27 12:51:00,9.69,2026-04-27 12:51:00,9.69,20242.0,9.986679165227686,2.4494191674733785,4.0,concentrated_volume_spike
EEIQ,2026-03-26,True,2,premarket_core_after_early_spike,premarket,volume_campaign,2026-03-26 04:24:00,2026-03-26 09:29:00,305.0,305,6.62,4.8,3.4,2026-03-26 08:05:00,6.89,2026-03-26 04:24:00,0.527190332326284,-0.2749244712990937,1.026470588235294,8920038.0,29246.026229508196,157416.0,2026-03-26 04:25:00,39,0.9865515146908567,20837.0,29150.450980392157,0.04786078265585864,230,136,49,282,117,0,0,133,166,0.4692473283185565,0.5187352340875678,0.03912539386042974,0.020403500523204054,0.04078549848942592,-0.486404833836858,100,110,7.2,,True,,2026-03-26 04:24:00,2026-03-26 09:24:00,300,8766746.0,29222.486666666668,58047.5,0.7,4.447,4.7088,5.6103,3.4,6.89,8920038.0,0.12858533861484575,0.7053240488540591,0.16609061253109525,5.6394,6.68,1465921.0394739865,0.16434022360375444,0.18452317622442094,2026-03-26 09:36:00,6.2899,2026-03-26 09:43:00,7.33,2026-03-26 09:58:00,8.35,1360294.0,1.8597725579593845,1.817972116196769,5.0,concentrated_volume_spike
EGG,2025-07-03,False,1,rth_volume_campaign_1,rth,volume_campaign,2025-07-03 11:24:00,2025-07-03 12:51:00,87.0,84,4.58,5.6,4.58,2025-07-03 11:24:00,6.98,2025-07-03 11:54:00,0.5240174672489084,0.22270742358078593,0.5240174672489084,7274518.0,86601.40476190476,418939.0,2025-07-03 11:53:00,66,0.5674461180795759,55155.5,82664.97727272728,0.15985141558519753,80,69,47,81,53,0,0,34,45,0.4397943616333068,0.5184652783868292,0.032991876575190274,0.01402154754445586,0.5240174672489084,0.0,24,20,7.45,,True,,2025-07-03 11:26:00,2025-07-03 12:50:00,81,7232521.0,89290.38271604938,28374.812499999996,0.7,5.3,6.0,6.42,4.58,6.98,7274517.999999999,0.12783149205751854,0.708576723487671,0.16359178445481046,6.43,6.84,1559450.1522886858,0.21437161228945836,0.06376360808709178,,,,,,,,,,5.0,concentrated_volume_spike
EGG,2025-07-09,False,1,rth_volume_campaign_1,rth,volume_campaign,2025-07-09 09:56:00,2025-07-09 10:01:00,5.0,6,7.11,7.62,7.06,2025-07-09 09:56:00,7.75,2025-07-09 10:00:00,0.09704641350210975,0.07172995780590714,0.0977337110481587,56915.0,9485.833333333334,17510.0,2025-07-09 09:58:00,3,0.14096459632785732,9357.0,9485.833333333334,0.7081788632170781,3,0,0,6,3,0,0,4,2,0.5994728981814987,0.40052710181850126,1.2123341825529304,0.8960730914521651,0.09001406469760895,-0.007032348804500803,4,1,3.1,thin_total_volume,False,volume_lt_100k,2025-07-09 09:58:00,2025-07-09 10:00:00,3,40306.0,13435.333333333334,10000,0.7,7.3245,7.6522,7.6925,7.06,7.75,56915.0,0.27565445001716987,0.7031171831199643,0.02122836686286588,7.6982,7.7328,999.4012500000138,0.017559540542915114,0.004494557169208411,2025-07-09 10:06:00,7.99,2025-07-09 10:06:00,7.99,2025-07-09 10:06:00,7.99,35970.0,4.774799888495082,4.483360339025302,3.5,low_total_volume
ELAB,2026-03-31,True,1,premarket_full,premarket,volume_campaign,2026-03-31 04:00:00,2026-03-31 09:29:00,329.0,281,3.47,3.94,3.19,2026-03-31 06:43:00,4.3,2026-03-31 07:56:00,0.3198847262247838,0.13544668587896247,0.34796238244514105,7777496.0,27677.921708185055,466985.0,2026-03-31 07:55:00,65,0.7498718096415607,2746.0,23568.169696969697,0.14473642930835323,105,67,39,128,25,70,82,98,96,0.4988450010131796,0.46609615742650334,0.014271945623630022,0.0060430760748703665,0.2391930835734869,-0.0806916426512969,83,151,6.45,many_zero_range_bars,True,,2026-03-31 04:00:00,2026-03-31 09:29:00,281,7777496.0,27677.921708185055,26829.499999999996,0.7,3.8745,4.1058,4.2075,3.19,4.3,7777495.999999999,0.2671679249340338,0.7136253027535888,0.019206772312377506,4.2167,4.2538,1392448.5234687903,0.17903558207793235,0.008798349420162612,2026-03-31 12:09:00,4.34,2026-03-31 12:09:00,4.34,2026-03-31 12:09:00,4.34,585110.0,14.624093976505874,5.981007482520342,5.0,concentrated_volume_spike
ELAB,2026-04-01,True,3,rth_volume_campaign_1,rth,volume_campaign,2026-04-01 09:30:00,2026-04-01 09:58:00,28.0,29,7.0,6.7497,6.5589,2026-04-01 09:34:00,7.5899,2026-04-01 09:39:00,0.14728571428571424,-0.03575714285714288,0.1571909923920169,3256168.0,112281.6551724138,306457.0,2026-04-01 09:40:00,24,0.5210087440205788,82887.0,112281.6551724138,0.24480708612086355,29,29,25,29,11,0,0,11,18,0.38397066736114355,0.6160293326388565,0.03166298544792528,0.007686949813400297,0.08427142857142858,-0.06301428571428566,5,6,5.45,,True,,2026-04-01 09:30:00,2026-04-01 09:57:00,28,3225924.0,115211.57142857143,55203.45,0.7,6.8854,7.2033,7.315,6.5589,7.5899,3256168.0,0.20104136154264426,0.7000500824421019,0.09890855601525379,7.3236,7.47,728267.1852569409,0.22365774286122242,0.019990168769457625,2026-04-01 10:08:00,7.53,2026-04-01 10:08:00,7.53,2026-04-01 10:08:00,7.53,398194.0,8.850309276517434,4.943193385803312,5.0,concentrated_volume_spike
ELPW,2026-04-22,False,1,premarket_full,premarket,volume_campaign,2026-04-22 04:00:00,2026-04-22 09:29:00,329.0,330,2.48,2.03,1.9,2026-04-22 08:44:00,2.67,2026-04-22 04:06:00,0.31048387096774194,-0.18145161290322587,0.4052631578947369,8474916.0,25681.563636363637,409642.0,2026-04-22 04:00:00,64,0.8556599263048743,14129.0,25681.563636363637,0.10026730648421767,201,91,42,127,19,0,3,131,128,0.41279594983596296,0.4782049757189334,0.00908563577503305,0.005309787141253084,0.07661290322580643,-0.23387096774193553,112,128,7.2,,True,,2026-04-22 04:00:00,2026-04-22 09:29:00,330,8474916.0,25681.563636363637,35322.5,0.7,2.0027,2.0091,2.3235,1.9,2.67,8474916.0,0.046323042022702016,0.7134217562084966,0.2402552017688013,2.3299,2.43,1729659.3714721939,0.2040916242086876,0.04296321730546389,2026-04-22 09:36:00,2.475,2026-04-22 09:36:00,2.475,2026-04-22 09:36:00,2.475,1401409.0,4.344060123340261,1.0874113583864142,5.0,concentrated_volume_spike
ENTA,2025-09-29,True,1,premarket_full,premarket,volume_campaign,2025-09-29 04:00:00,2025-09-29 09:29:00,329.0,217,9.61,7.1,5.4,2025-09-29 06:39:00,10.87,2025-09-29 04:04:00,0.5691987513007283,-0.2611862643080125,1.0129629629629626,794821.0,3662.769585253456,49227.0,2025-09-29 06:48:00,20,0.9912634417057425,1008.0,2408.548484848485,0.1577625654078088,20,6,0,89,38,53,73,83,64,0.42805361207114556,0.5111981188217222,0.6882052688592776,0.31579437382756614,0.1311134235171696,-0.43808532778355874,74,119,6.45,many_zero_range_bars,True,,2025-09-29 04:05:00,2025-09-29 09:12:00,203,777548.0,3830.285714285714,10000,0.7,5.8558,6.7219,8.135,5.4,10.87,794821.0,0.006454268504938191,0.7035510654879389,0.2899946660071228,8.1806,9.58,67121.57628875456,0.08444866993795402,0.1710632471945823,2025-09-29 09:52:00,8.2,2025-09-29 10:27:00,9.66,2025-09-29 10:27:00,9.66,27299.0,2.7037279137944696,2.3621181967638663,5.0,concentrated_volume_spike
ENVB,2026-04-27,False,2,rth_volume_campaign_1,rth,volume_campaign,2026-04-27 09:30:00,2026-04-27 10:04:00,34.0,35,4.79,5.63,4.69,2026-04-27 09:30:00,6.11,2026-04-27 09:50:00,0.29645093945720247,0.17536534446764088,0.30277185501066095,1663571.0,47530.6,134369.0,2026-04-27 09:48:00,29,0.26549753512173513,32152.0,47530.6,0.21737875930753783,29,20,14,33,15,0,0,16,18,0.5462243571209164,0.44983412189801336,0.08535854496141132,0.05049378716027148,0.2755741127348644,-0.02087682672233813,11,11,7.2,,True,,2026-04-27 09:30:00,2026-04-27 10:03:00,34,1655816.0,48700.470588235294,10000,0.7,5.5893,5.8142,5.897,4.69,6.11,1663571.0,0.13236103577858443,0.7021903498777669,0.16544861434364866,5.9088,6.11,505592.68782982184,0.3039201139174834,0.034050907121581375,2026-04-27 10:26:00,6.0,2026-04-27 10:46:00,6.2198,2026-04-27 10:46:00,6.2198,143765.0,20.154631226255063,9.830757658643327,5.0,concentrated_volume_spike
EONR,2026-03-12,False,1,premarket_full,premarket,volume_campaign,2026-03-12 04:00:00,2026-03-12 09:29:00,329.0,315,0.9244,1.0202,0.8559,2026-03-12 08:00:00,1.09,2026-03-12 08:18:00,0.2532453483340546,0.10363479013414106,0.27351326089496447,12483832.0,39631.212698412695,2294267.0,2026-03-12 08:00:00,70,0.4227363841487133,7529.0,37829.79393939394,0.254690386733817,149,89,55,51,10,34,100,121,137,0.6515743723561804,0.31492749982537416,0.0018752254916599334,0.0007673925762538298,0.1791432280398097,-0.07410212029424493,123,161,6.85,low_price_volume_efficiency,True,,2026-03-12 04:00:00,2026-03-12 09:29:00,315,12483832.0,39631.212698412695,36233.049999999996,0.7,0.969,1.0217,1.09,0.8559,1.09,12483832.0,0.2715950254369917,0.7284049745630081,0.0,,,,,,2026-03-12 10:05:00,1.0996,2026-03-12 10:05:00,1.0996,2026-03-12 10:05:00,1.0996,591532.0,2.2141421945135664,1.4728795665511334,4.5,concentrated_volume_spike;no_upper_fight_zone_detected
EPSM,2025-11-20,True,2,rth_volume_campaign_1,rth,volume_campaign,2025-11-20 10:38:00,2025-11-20 10:46:00,8.0,9,2.7,2.8855,2.67,2025-11-20 10:39:00,3.14,2025-11-20 10:42:00,0.17407407407407413,0.06870370370370361,0.17602996254681655,335398.0,37266.444444444445,66499.0,2025-11-20 10:40:00,1,0.39971615811662564,36690.0,37266.444444444445,0.49155033721131314,9,7,2,9,9,0,0,4,5,0.5084377366591333,0.49156226334086667,0.1401320222541578,0.05530742580456645,0.16296296296296292,-0.011111111111111202,3,2,5.2,,True,,2025-11-20 10:40:00,2025-11-20 10:40:00,1,66499.0,66499.0,54048.85,0.7,2.8893,3.0734,3.1243,2.67,3.14,335398.0,0.26871486202018796,0.7203964127439232,0.010888725235888849,,,,,,2025-11-20 11:06:00,3.53,2025-11-20 11:06:00,3.53,2025-11-20 11:06:00,3.53,115889.0,9.204333357160444,5.541216410060247,4.5,no_upper_fight_zone_detected
EPSM,2026-03-09,False,1,rth_volume_campaign_1,rth,volume_campaign,2026-03-09 13:22:00,2026-03-09 14:37:00,75.0,72,2.0943,2.2,2.07,2026-03-09 14:36:00,3.15,2026-03-09 13:45:00,0.5156854318865493,0.05047032421334103,0.5217391304347827,2341034.0,32514.36111111111,182356.0,2026-03-09 13:45:00,54,0.6093909785163308,18525.5,30803.07894736842,0.1984469255892909,54,25,15,69,47,0,0,38,32,0.4462549454642692,0.5510090840201382,0.046133460684466776,0.004515098883655689,0.5040825096691017,-0.011602922217447457,25,22,6.45,,True,,2026-03-09 13:23:00,2026-03-09 14:36:00,70,2338499.0,33407.12857142857,10000,0.7,2.286,2.547,2.844,2.07,3.15,2341034.0,0.08289549515412017,0.712844783318518,0.20425972152736188,2.853,3.15,627346.8494645474,0.2679785297712666,0.10410094637223964,,,,,,,,,,5.0,concentrated_volume_spike
ERNA,2026-05-12,True,1,rth_volume_campaign_1,rth,volume_campaign,2026-05-12 09:36:00,2026-05-12 11:32:00,116.0,79,7.41,13.37,7.4,2026-05-12 09:36:00,15.88,2026-05-12 10:49:00,1.144399460188934,0.8043184885290147,1.145945945945946,10522469.0,133195.81012658228,402208.0,2026-05-12 10:19:00,72,0.3668809097940797,115208.0,89935.63247863248,0.11219011431632633,77,74,65,79,65,0,0,46,32,0.581964556037181,0.40383601985427564,0.08058945101192506,0.05664069906026807,1.1430499325236168,-0.00134952766531711,29,19,7.45,,True,,2026-05-12 09:38:00,2026-05-12 11:31:00,76,10480098.0,137896.02631578947,36401.8125,0.7,12.6293,13.8307,14.8907,7.4,15.88,10522469.0,0.18171825115078427,0.7286980856341032,0.08958366321511249,14.9613,15.6,1293019.6894757214,0.1228817770312007,0.04269014056265164,,,,,,,,,,5.0,concentrated_volume_spike
EVTV,2025-09-12,False,1,rth_volume_campaign_1,rth,volume_campaign,2025-09-12 14:45:00,2025-09-12 15:05:00,20.0,21,3.66,3.8799,3.66,2025-09-12 14:45:00,4.44,2025-09-12 15:00:00,0.21311475409836073,0.06008196721311475,0.21311475409836073,270169.0,12865.190476190477,51130.0,2025-09-12 15:00:00,11,0.330618982932905,11224.0,12865.190476190477,0.43158171366811143,11,3,1,17,8,1,1,12,8,0.5213440476146413,0.47828581369439127,0.2887081789546544,0.08139349814375446,0.21311475409836073,0.0,9,8,5.95,,True,,2025-09-12 14:47:00,2025-09-12 14:52:00,6,53839.0,8973.166666666666,10000,0.7,3.816,4.1605,4.18,3.66,4.44,270169.0,0.21783871326663645,0.7328613165682702,0.049299970165093236,4.1865,4.2775,8888.056972866425,0.03289813773181388,0.02173653409769502,2025-09-12 15:51:00,4.21,2025-09-12 16:40:00,4.29,,,,,,4.5,concentrated_volume_spike
EVTV,2026-01-12,True,1,premarket_full,premarket,volume_campaign,2026-01-12 04:00:00,2026-01-12 09:29:00,329.0,207,0.4898,1.1599,0.4562,2026-01-12 08:11:00,1.27,2026-01-12 09:01:00,1.6614944875459372,1.3681094324213963,1.7838667251205613,153583400.0,741948.7922705314,6488734.0,2026-01-12 08:00:00,37,0.1354844599090787,524096.0,465404.24242424243,0.09581518575575225,151,150,150,159,76,33,37,82,87,0.49665493145743617,0.48390369011234285,0.0005298749734671846,0.00043631017414642463,1.59289505920784,-0.06859942833809722,58,95,6.85,low_price_volume_efficiency,True,,2026-01-12 07:03:00,2026-01-12 09:09:00,127,138823068.0,1093095.0236220472,1310240.0,0.7,0.8088,0.897,1.2022,0.4562,1.27,153583400.0,0.2947473899689025,0.7023334402137946,0.0029191698173028427,,,,,,2026-01-12 09:35:00,1.2102,2026-01-12 09:35:00,1.2102,2026-01-12 10:04:00,1.215,7008732.0,5.362295477680667,2.589588635376116,4.5,concentrated_volume_spike;no_upper_fight_zone_detected
EVTV,2026-01-13,False,1,premarket_full,premarket,volume_campaign,2026-01-13 04:00:00,2026-01-13 09:29:00,329.0,329,3.33,3.34,2.88,2026-01-13 05:27:00,3.97,2026-01-13 04:01:00,0.3273273273273274,0.003003003003002939,0.3784722222222223,33433051.0,101620.21580547112,1915696.0,2026-01-13 08:01:00,59,0.9736887608612208,62652.0,101312.27575757576,0.08709632871974503,325,271,193,221,40,0,0,138,164,0.4627541470863667,0.48798621459943936,0.003260246873670011,2.9910521776788446e-05,0.19219219219219222,-0.1351351351351352,90,126,5.85,weak_close_displacement;low_price_volume_efficiency,True,,2026-01-13 04:00:00,2026-01-13 09:29:00,329,33433051.0,101620.21580547112,156630.0,0.7,3.0798,3.1616,3.4432,2.88,3.97,33433050.999999996,0.18436163242952355,0.7087722727179255,0.10686609485255097,3.4522,3.69,4087061.1769092563,0.12224613233501354,0.06888361045130642,2026-01-13 10:20:00,3.75,2026-01-13 10:20:00,3.75,2026-01-13 10:20:00,3.75,3779336.0,3.3827138194801036,2.093529635296242,5.0,concentrated_volume_spike
EVTV,2026-03-18,True,1,rth_volume_campaign_1,rth,volume_campaign,2026-03-18 10:56:00,2026-03-18 11:02:00,6.0,7,1.62,1.6696,1.62,2026-03-18 10:56:00,1.69,2026-03-18 11:01:00,0.04320987654320978,0.030617283950617198,0.04320987654320978,93617.0,13373.857142857143,44208.0,2026-03-18 10:58:00,2,0.16813185639360373,7239.0,13373.857142857143,0.8663597423544869,3,1,0,4,0,2,2,4,1,0.8072572289220975,0.16813185639360373,0.07477274426653262,0.052981830223143095,0.04320987654320978,0.0,3,2,0.35,weak_range;thin_total_volume;many_zero_range_bars;volume_too_concentrated,False,range_lt_8pct;volume_lt_100k;less_than_5_meaningful_range_bars;movement_quality_score_lt_3,2026-03-18 10:58:00,2026-03-18 11:01:00,4,74309.0,18577.25,20444.125,0.7,1.6433,1.6696,1.6807,1.62,1.69,93616.99999999999,0.252186675496972,0.7161724900392018,0.03164083446382627,1.6812,1.6871,2221.590000000035,0.02373062584786989,0.00350939804901262,2026-03-18 11:11:00,1.6863,2026-03-18 11:12:00,1.717,2026-03-18 11:24:00,1.7199,7107.0,1.5599209833187007,0.7167204517950787,2.0,small_range;low_total_volume;concentrated_volume_spike
FATN,2025-04-17,False,1,rth_volume_campaign_1,rth,volume_campaign,2025-04-17 10:22:00,2025-04-17 10:32:00,10.0,11,9.5,9.5,9.27,2025-04-17 10:23:00,9.88,2025-04-17 10:29:00,0.0642105263157896,0.0,0.06580366774541545,83249.0,7568.090909090909,15798.0,2025-04-17 10:32:00,2,0.2833667671683744,5642.0,7568.090909090909,0.45780730098860045,3,0,0,11,4,0,0,4,7,0.42748861848190367,0.5725113815180963,0.7327415344328475,0.0,0.040000000000000084,-0.02421052631578952,1,5,3.2,weak_close_displacement;thin_total_volume,False,range_lt_8pct;volume_lt_100k,2025-04-17 10:23:00,2025-04-17 10:23:00,1,12112.0,12112.0,12049.699999999999,0.7,9.4733,9.4987,9.6767,9.27,9.88,83249.0,0.10643054694130323,0.7036039685827706,0.189965484475926,9.6818,9.88,26095.44000999356,0.31346250417414695,0.02047139994629097,2025-04-17 10:36:00,9.74,2025-04-17 10:38:00,9.94,2025-04-17 10:44:00,10.3,25249.0,3.5183869124757883,3.0058333333333334,3.5,low_total_volume
FBRX,2024-11-20,True,1,premarket_full,premarket,volume_campaign,2024-11-20 09:00:00,2024-11-20 09:29:00,29.0,28,6.2,10.47,6.1,2024-11-20 09:02:00,11.0,2024-11-20 09:25:00,0.7903225806451614,0.6887096774193548,0.8032786885245903,1263574.0,45127.642857142855,221443.0,2024-11-20 09:25:00,6,0.41807444597625465,9083.0,42119.13333333333,0.4382260160465473,13,10,8,24,19,2,3,18,7,0.8697116274947094,0.12942415719221825,0.3877889225324358,0.3379303467782655,0.7741935483870968,-0.016129032258064602,11,6,7.45,,True,,2024-11-20 09:23:00,2024-11-20 09:28:00,6,897363.0,149560.5,101776.15,0.7,8.8767,10.4692,10.755,6.1,11.0,1263574.0,0.28108020463825245,0.7025857900686766,0.016334005293070823,10.790939999999999,11.0,423317.8684796026,0.3350162859314948,0.01937365975531334,2024-11-20 09:30:00,10.9,2024-11-20 10:01:00,12.1,2024-11-20 10:01:00,12.1,210056.0,1.4671317398477104,0.6105143229166666,5.0,concentrated_volume_spike
FCUV,2025-01-03,False,1,premarket_full,premarket,volume_campaign,2025-01-03 04:00:00,2025-01-03 09:29:00,329.0,266,51.0,45.0,34.94,2025-01-03 05:55:00,64.51,2025-01-03 08:34:00,0.5798039215686276,-0.11764705882352941,0.846307956496852,223016.79,838.4089849624061,12453.31,2025-01-03 08:34:00,3,0.7105095091719327,80.31,675.8084545454545,0.15210850268269038,3,0,0,156,85,44,85,105,106,0.48398822348756787,0.5085621131933612,13.259091389486866,2.690380396919891,0.26490196078431383,-0.31490196078431376,95,135,6.2,,True,,2025-01-03 08:34:00,2025-01-03 08:37:00,4,42599.93,10649.9825,10000,0.7,44.7967,53.4213,54.6533,34.94,64.51,223016.78999999998,0.1555431833802015,0.7068983674932738,0.1375584491265247,54.6633,55.8854,22684.983460120187,0.1017187246759322,0.022356864660567466,2025-01-03 10:10:00,56.73,2025-01-03 10:10:00,56.73,2025-01-03 10:11:00,59.0,22037.79,2.743946898555922,1.121588519970502,4.5,concentrated_volume_spike
FEED,2025-09-15,False,1,premarket_full,premarket,volume_campaign,2025-09-15 08:01:00,2025-09-15 09:29:00,88.0,89,8.77,9.4,8.5313,2025-09-15 08:01:00,15.3997,2025-09-15 08:30:00,0.783169897377423,0.071835803876853,0.8050824610551732,7630915.0,85740.61797752809,476925.0,2025-09-15 08:25:00,16,0.27359287844249347,40591.0,85740.61797752809,0.1629061521455815,70,50,40,89,64,0,0,40,48,0.4958634711564734,0.490538159578504,0.0900075547951982,0.00825589067628195,0.7559521094640821,-0.0272177879133409,22,32,6.2,,True,,2025-09-15 08:01:00,2025-09-15 08:31:00,31,5802431.0,187175.1935483871,158989.8,0.7,9.676,10.878,12.8813,8.5313,15.3997,7630914.999999999,0.0471884041888098,0.7061106451722732,0.24670095063891714,12.9385,14.7701,2421186.284893821,0.3172864964285176,0.14156200486918885,2025-09-15 09:50:00,13.17,2025-09-15 10:25:00,15.1357,2025-09-15 10:36:00,16.8799,824094.0,2.067459219377309,1.9561112007823553,5.0,concentrated_volume_spike
FEED,2026-01-28,True,1,premarket_full,premarket,volume_campaign,2026-01-28 04:00:00,2026-01-28 09:29:00,329.0,328,1.22,1.7903,1.16,2026-01-28 04:09:00,1.87,2026-01-28 09:28:00,0.5819672131147543,0.4674590163934427,0.6120689655172415,33115849.0,100962.95426829268,1193156.0,2026-01-28 09:19:00,75,0.022170743682277328,36145.5,100351.05757575757,0.10302970037096135,263,201,122,256,128,8,8,131,141,0.48923698136200583,0.45433278790466763,0.002143988517401442,0.001722136128836679,0.5327868852459018,-0.04918032786885251,120,117,7.1,low_price_volume_efficiency,True,,2026-01-28 04:21:00,2026-01-28 09:29:00,308,32855501.0,106673.70454545454,103361.1375,0.7,1.1837,1.5328,1.6333,1.16,1.87,33115848.999999996,0.0021878412861064496,0.7001713473106689,0.2976408114032247,1.6393,1.87,5750715.19209881,0.17365446955923766,0.14073079973159283,2026-01-28 09:30:00,1.7899,2026-01-28 09:31:00,1.918,2026-01-28 10:45:00,1.8999,1877444.0,2.8377911033237684,2.1106876493826827,5.0,concentrated_volume_spike
FEED,2026-01-29,True,1,premarket_full,premarket,volume_campaign,2026-01-29 04:00:00,2026-01-29 09:29:00,329.0,268,2.48,2.18,1.99,2026-01-29 04:14:00,2.48,2026-01-29 04:00:00,0.1975806451612903,-0.1209677419354838,0.24623115577889446,981969.0,3664.063432835821,48142.0,2026-01-29 09:14:00,24,0.9895566968000008,1229.5,2975.663636363636,0.13582200660102306,24,6,0,44,10,95,103,72,78,0.44375738948989224,0.417270809974653,0.049899742252555834,0.030550862603605598,0.0,-0.1975806451612903,69,174,4.95,many_flat_bars;many_zero_range_bars,True,,2026-01-29 04:00:00,2026-01-29 09:29:00,268,981969.0,3664.063432835821,10000,0.7,1.99,2.0186,2.1942,1.99,2.48,981969.0,0.0,0.7089368065678955,0.29106319343210446,2.1982,2.295,335238.6789288303,0.3413943606456317,0.04403602947866436,2026-01-29 09:30:00,2.2597,2026-01-29 09:31:00,2.3803,2026-01-29 09:39:00,2.9001,1009556.0,2.2282684147505614,1.2648557492930605,5.0,concentrated_volume_spike
FGI,2026-04-20,False,1,rth_volume_campaign_1,rth,volume_campaign,2026-04-20 09:30:00,2026-04-20 09:37:00,7.0,8,7.4674,7.81,7.1,2026-04-20 09:30:00,8.64,2026-04-20 09:36:00,0.20622974529287316,0.045879422556713186,0.21690140845070435,94852.0,11856.5,42068.0,2026-04-20 09:30:00,3,0.05015181545987433,8147.5,11856.5,0.721112891662801,3,1,0,8,8,0,0,3,5,0.25903512841057647,0.7409648715894235,1.6235820014338136,0.3611942816176781,0.1570292203444306,-0.049200524948442556,3,2,4.6,thin_total_volume,False,volume_lt_100k,2026-04-20 09:30:00,2026-04-20 09:36:00,7,90095.0,12870.714285714286,10000,0.7,7.1,7.4722,7.9983,7.1,8.64,94852.0,0.0,0.7173137841080531,0.2826862158919468,8.0112,8.3448,22718.275169900775,0.23951287447708824,0.04164170161773502,2026-04-20 09:38:00,8.07,2026-04-20 10:02:00,8.5,2026-04-20 10:04:00,8.89,4234.0,1.6843696542944664,0.8815323755985842,3.5,low_total_volume;concentrated_volume_spike
FJET,2025-12-22,True,2,rth_volume_campaign_1,rth,volume_campaign,2025-12-22 09:36:00,2025-12-22 09:52:00,16.0,9,8.95,8.85,8.43,2025-12-22 09:51:00,10.35,2025-12-22 09:44:00,0.21452513966480447,-0.01117318435754186,0.2277580071174377,1070591.0,118954.55555555556,196641.0,2025-12-22 09:45:00,5,0.4067958725601093,125859.0,62975.94117647059,0.49194697134573334,9,8,8,9,8,0,0,5,4,0.5990345519437394,0.4009654480562605,0.1793401962093834,0.009340635219238686,0.15642458100558665,-0.05810055865921784,3,2,6.45,weak_close_displacement,True,,2025-12-22 09:38:00,2025-12-22 09:51:00,6,811053.0,135175.5,125451.25,0.7,8.654,8.83,9.742,8.43,10.35,1070591.0,0.013532587814251842,0.7051958007863683,0.28127161139937973,9.758,10.174,285021.39485010813,0.26622808789734653,0.042631686821069936,2025-12-22 10:15:00,9.78,2025-12-22 10:25:00,10.39,2025-12-22 10:25:00,10.39,191963.0,2.8689303701932416,1.6872604858840488,5.5,
FJET,2025-12-26,False,2,rth_volume_campaign_1,rth,volume_campaign,2025-12-26 09:33:00,2025-12-26 10:50:00,77.0,78,12.2,16.63,12.09,2025-12-26 09:33:00,17.48,2025-12-26 10:38:00,0.44180327868852465,0.36311475409836064,0.44582299421009103,9454747.0,121214.70512820513,339069.0,2025-12-26 10:20:00,57,0.13044378659735686,98767.0,121214.70512820513,0.09980372822244742,78,76,66,77,26,0,0,48,28,0.6182207731206345,0.3611229364466336,0.057008400119009005,0.046854770413211476,0.43278688524590175,-0.009016393442622905,31,25,7.45,,True,,2025-12-26 09:35:00,2025-12-26 10:49:00,75,9303174.0,124042.32,64188.68749999999,0.7,15.0545,16.8062,17.3003,12.09,17.48,9454747.0,0.2747342447539837,0.7183809230882041,0.006884832157812115,,,,,,2025-12-26 11:23:00,17.35,2025-12-26 11:23:00,17.35,2025-12-26 11:24:00,18.07,346423.0,4.6207846809282564,2.0128233434819998,4.5,concentrated_volume_spike;no_upper_fight_zone_detected
FLNA,2024-08-05,True,2,rth_volume_campaign_1,rth,volume_campaign,2024-08-05 09:30:00,2024-08-05 09:44:00,14.0,15,26.0,27.67,25.74,2024-08-05 09:30:00,28.85,2024-08-05 09:37:00,0.11961538461538473,0.0642307692307693,0.12082362082362094,457751.0,30516.733333333334,78054.0,2024-08-05 09:30:00,3,0.35834547603391365,30305.0,30516.733333333334,0.36264038745955773,14,8,1,12,5,0,0,8,6,0.6331105775847568,0.3216770689741803,0.6794086741481729,0.364827165860916,0.10961538461538467,-0.010000000000000061,5,5,4.95,,True,,2024-08-05 09:30:00,2024-08-05 09:32:00,3,165999.0,55333.0,42016.6875,0.7,27.6578,27.6837,28.6945,25.74,28.85,457751.0,0.2565899493901015,0.7290307503210067,0.01437930028889182,28.704500000000003,28.85,60768.234715722705,0.13275390925573666,0.005068891637199686,2024-08-05 11:33:00,28.92,2024-08-05 11:33:00,28.92,2024-08-05 11:33:00,28.92,28140.0,2.9069347024369083,1.9453854130660215,4.5,concentrated_volume_spike
FLWS,2026-04-20,False,1,rth_volume_campaign_1,rth,volume_campaign,2026-04-20 09:52:00,2026-04-20 10:08:00,16.0,16,3.97,4.1,3.96,2026-04-20 09:54:00,4.2,2026-04-20 10:04:00,0.06045340050377839,0.03274559193954646,0.06060606060606066,288675.0,18042.1875,73977.0,2026-04-20 09:59:00,8,0.1889702953148004,17500.0,16980.882352941175,0.43464103230276263,10,3,1,8,0,1,1,9,6,0.6439144366502122,0.3535914090239889,0.08313847752663037,0.045033341993591214,0.0579345088161209,-0.0025188916876574888,6,5,4.45,,False,range_lt_8pct,2026-04-20 09:55:00,2026-04-20 10:07:00,13,274482.0,21114.0,18914.337499999998,0.7,4.076,4.166,4.172,3.96,4.2,288675.0,0.2655994399699819,0.7077399209029737,0.026660639127044375,4.174,4.182,5791.379999999549,0.02006193816575578,0.001916626736942982,2026-04-20 10:14:00,4.27,2026-04-20 10:14:00,4.27,2026-04-20 10:14:00,4.27,38561.0,3.56234872420228,2.3607811926043833,4.0,concentrated_volume_spike
FNUC,2024-12-18,False,1,premarket_full,premarket,volume_campaign,2024-12-18 04:05:00,2024-12-18 09:29:00,324.0,218,2.4596,7.4256,2.4596,2024-12-18 04:05:00,10.1179,2024-12-18 08:57:00,3.1136363636363638,2.019027484143763,3.1136363636363638,10562781.7449,48453.12727018348,307971.461259,2024-12-18 08:57:00,45,0.2639792653894695,28747.5481755,32500.866907384614,0.07820336697100054,154,118,75,171,149,32,42,105,81,0.5827618935261146,0.41656300089647036,0.07250268144277087,0.04701413055701659,3.1136363636363638,0.0,74,93,7.2,,True,,2024-12-18 06:55:00,2024-12-18 09:28:00,153,10283378.870457,67211.62660429411,80794.14228269999,0.7,5.5229,9.1606,9.6073,2.4596,10.1179,10562781.7449,0.258737799848055,0.734837763412356,0.006424436739589068,,,,,,2024-12-18 10:47:00,9.6707,2024-12-18 10:47:00,9.6707,2024-12-18 11:31:00,10.01,635200.90326,2.2550183772793138,1.4767315554751206,4.5,concentrated_volume_spike;no_upper_fight_zone_detected
FNUC,2024-12-27,True,1,premarket_full,premarket,volume_campaign,2024-12-27 04:00:00,2024-12-27 09:29:00,329.0,325,13.0,15.0748,11.7611,2024-12-27 04:00:00,16.51,2024-12-27 08:43:00,0.36530000000000007,0.1596,0.403780258649276,766648.925658,2358.9197712553846,83756.83932,2024-12-27 08:00:00,13,0.21599695618678916,898.691409,2323.1785626,0.1702289863407678,13,2,1,108,28,54,54,116,96,0.5166339134331336,0.3489466556082278,0.61943607315749,0.2706323495098149,0.27000000000000013,-0.09529999999999994,117,161,7.2,,True,,2024-12-27 04:10:00,2024-12-27 09:25:00,311,722960.04627,2324.630373858521,10000,0.7,13.1066,14.5709,15.3228,11.7611,16.51,766648.9256579999,0.04173420038492137,0.7067976433273275,0.2514681562877511,15.3623,16.25,172524.7895780312,0.2250375417013159,0.05778431615057645,2024-12-27 09:30:00,15.86,2024-12-27 09:44:00,17.16,2024-12-27 09:44:00,17.16,63012.552372,2.3080731166132495,1.225583382082536,5.0,concentrated_volume_spike
FNUC,2025-10-13,True,3,rth_volume_campaign_2,rth,volume_campaign,2025-10-13 10:02:00,2025-10-13 10:29:00,27.0,28,5.0001,5.1192,4.98,2025-10-13 10:02:00,5.6,2025-10-13 10:12:00,0.12399752004959885,0.023819523609527896,0.12449799196787131,1873451.0,66908.96428571429,329254.0,2025-10-13 10:12:00,17,0.549458192394677,56911.5,66908.96428571429,0.3144992850093224,27,21,16,23,4,0,0,13,15,0.5590186239191738,0.4409813760808262,0.03309400672875881,0.006357251937734183,0.11997760044799102,-0.004019919601607836,11,9,5.7,,True,,2025-10-13 10:04:00,2025-10-13 10:28:00,25,1822490.0,72899.6,37322.1,0.7,5.166,5.4915,5.6,4.98,5.6,1873451.0,0.29213458226088246,0.7078654177391175,0.0,,,,,,2025-10-13 11:40:00,5.62,2025-10-13 11:40:00,5.62,2025-10-13 11:45:00,5.68,43731.0,1.7700773505709209,0.8119835861633585,4.5,concentrated_volume_spike;no_upper_fight_zone_detected
FRMM,2025-08-12,False,1,premarket_full,premarket,volume_campaign,2025-08-12 04:00:00,2025-08-12 09:29:00,329.0,330,50.0,59.8,39.5,2025-08-12 07:51:00,66.2,2025-08-12 04:00:00,0.534,0.19599999999999995,0.6759493670886076,2894135.9,8770.108787878788,139921.3,2025-08-12 08:00:00,78,0.9933940213381134,2975.1,8770.108787878788,0.10219416441363378,78,39,9,240,65,0,6,143,172,0.4875216467892886,0.4964127980306661,0.9225551571368851,0.33861575055960563,0.32400000000000007,-0.21,89,114,7.2,,True,,2025-08-12 04:00:00,2025-08-12 09:29:00,330,2894135.9,8770.108787878788,10220.653750000001,0.7,50.625,59.3025,62.64,39.5,66.2,2894135.9,0.26916192364178626,0.7221477968560711,0.008690279502142711,,,,,,2025-08-12 10:55:00,63.0,2025-08-12 10:55:00,63.0,2025-08-12 10:56:00,65.0,105892.3,1.8906277144041137,0.7581253825804627,4.5,concentrated_volume_spike;no_upper_fight_zone_detected
FRMM,2026-04-17,False,1,premarket_full,premarket,volume_campaign,2026-04-17 04:00:00,2026-04-17 09:29:00,329.0,65,2.31,2.98,2.31,2026-04-17 04:00:00,3.0,2026-04-17 09:29:00,0.2987012987012987,0.29004329004329,0.2987012987012987,217591.0,3347.5538461538463,16732.0,2026-04-17 09:19:00,5,0.0,1704.0,659.3666666666667,0.21756874135419205,5,0,0,31,7,20,22,24,18,0.41596849134385155,0.4344802864089048,0.3171087039445565,0.3079171473084824,0.2987012987012987,0.0,27,30,5.45,many_zero_range_bars,True,,2026-04-17 08:56:00,2026-04-17 09:29:00,34,168522.0,4956.529411764706,10000,0.7,2.586,2.7412,2.8275,2.31,3.0,217591.0,0.05577832424969823,0.7046549200087091,0.23956675574159267,2.8333,3.0,43498.12619856886,0.1999077452586222,0.05883598630572127,2026-04-17 09:30:00,3.0103,2026-04-17 09:30:00,3.0103,2026-04-17 13:30:00,3.185,56238.0,2.2406648923454506,0.45045535735740544,4.5,concentrated_volume_spike
FUSE,2026-02-02,False,1,premarket_full,premarket,volume_campaign,2026-02-02 07:45:00,2026-02-02 09:29:00,104.0,104,1.62,2.28,1.6,2026-02-02 07:53:00,2.77,2026-02-02 08:56:00,0.7222222222222221,0.4074074074074072,0.73125,36563491.0,351572.0288461539,1579491.0,2026-02-02 08:56:00,19,0.1975031322911699,251114.5,348223.7238095238,0.11251045475936639,104,99,92,103,79,0,0,45,55,0.4831004238626995,0.4999357419126089,0.0031999132686755757,0.0018050792797657087,0.7098765432098765,-0.012345679012345689,27,40,6.85,low_price_volume_efficiency,True,,2026-02-02 08:07:00,2026-02-02 08:58:00,52,29796047.0,573000.9038461539,627786.25,0.7,2.224,2.3117,2.6335,1.6,2.77,36563491.0,0.2269546676238935,0.7016451757849766,0.07140015659112985,2.6433,2.6823,6213050.948288741,0.1699249928921924,0.014754284417205821,2026-02-02 09:32:00,2.6701,2026-02-02 09:40:00,2.9309,2026-02-02 09:40:00,2.9309,2516978.0,1.7503436044236165,1.6290550362641047,5.0,concentrated_volume_spike
FUSE,2026-04-10,True,1,premarket_full,premarket,volume_campaign,2026-04-10 08:41:00,2026-04-10 09:29:00,48.0,48,0.866,0.9884,0.8611,2026-04-10 08:52:00,1.06,2026-04-10 08:49:00,0.22967667436489617,0.14133949191685907,0.23098362559516908,1277353.0,26611.520833333332,125535.0,2026-04-10 09:05:00,10,0.8992236288637518,14253.0,26068.428571428572,0.2793613041970387,29,17,7,42,29,1,1,23,21,0.42277115253183734,0.5176940125399948,0.01557126338608044,0.009582315929895648,0.22401847575057743,-0.005658198614318725,23,17,7.45,,True,,2026-04-10 08:49:00,2026-04-10 09:24:00,35,1154634.0,32989.54285714286,40388.2875,0.7,0.9838,1.0385,1.0501,0.8611,1.06,1277353.0,0.28357138571027785,0.7089848975959029,0.007443716693819235,,,,,,2026-04-10 09:31:00,1.1099,2026-04-10 09:31:00,1.1099,2026-04-10 09:31:00,1.1099,185377.0,6.897902836900545,2.3341643687278864,4.5,concentrated_volume_spike;no_upper_fight_zone_detected
FUSE,2026-04-13,False,1,premarket_full,premarket,volume_campaign,2026-04-13 04:00:00,2026-04-13 09:29:00,329.0,275,1.66,1.8004,1.56,2026-04-13 04:01:00,1.99,2026-04-13 09:05:00,0.25903614457831325,0.0845783132530121,0.2756410256410256,2075271.0,7546.44,148746.0,2026-04-13 07:28:00,55,0.1376586479548936,2270.0,6288.7,0.1491414856180229,55,26,7,96,16,79,90,79,82,0.43234594421644207,0.42016295703067214,0.02072018546011581,0.006765381485116888,0.19879518072289162,-0.06024096385542161,78,165,5.45,many_zero_range_bars,True,,2026-04-13 04:00:00,2026-04-13 09:29:00,275,2075271.0,7546.44,10000,0.7,1.8323,1.9649,1.9828,1.56,1.99,2075270.9999999998,0.28959362566385977,0.7071747440703906,0.0032316302657495856,,,,,,2026-04-13 09:38:00,2.02,2026-04-13 09:38:00,2.02,2026-04-13 09:40:00,2.065,322007.0,1.9395149511066139,0.8943371911201469,4.5,concentrated_volume_spike;no_upper_fight_zone_detected
FWDI,2024-07-11,True,2,rth_volume_campaign_2,rth,volume_campaign,2024-07-11 13:20:00,2024-07-11 13:26:00,6.0,7,4.75,4.66,4.5,2024-07-11 13:25:00,4.86,2024-07-11 13:23:00,0.07578947368421059,-0.0189473684210526,0.08000000000000007,71401.0,10200.142857142857,25700.0,2024-07-11 13:22:00,3,0.2590860071987787,5248.0,10200.142857142857,0.7792607946667414,3,1,0,7,4,0,0,2,5,0.43041413985798516,0.5695858601420148,0.5041946191229819,0.12604865478074517,0.023157894736842172,-0.05263157894736842,4,2,3.1,weak_close_displacement;thin_total_volume,False,range_lt_8pct;volume_lt_100k,2024-07-11 13:22:00,2024-07-11 13:25:00,4,58502.0,14625.5,10000,0.7,4.68,4.767,4.788,4.5,4.86,71401.0,0.2560525908455196,0.7092355500132164,0.03471185914126394,4.791,4.797,955.4814545454049,0.013381905779266465,0.0012523481527863367,2024-07-11 13:28:00,4.84,2024-07-11 13:28:00,4.84,2024-07-11 15:49:00,5.09,15679.0,4.925082456415894,1.530554470909801,3.0,low_total_volume;concentrated_volume_spike
GCTS,2026-01-29,True,1,premarket_full,premarket,volume_campaign,2026-01-29 04:06:00,2026-01-29 09:29:00,323.0,163,0.9704,1.15,0.97,2026-01-29 04:06:00,1.52,2026-01-29 08:13:00,0.5667765869744436,0.18507831821929088,0.5670103092783506,36388465.0,223242.11656441717,4076336.0,2026-01-29 08:00:00,37,0.21586755583122288,118371.0,112310.07716049382,0.1789913094712844,155,149,134,130,65,6,7,64,68,0.38550265860348876,0.5336369918324392,0.0015114679885507673,0.0004935630013522138,0.5663643858202803,-0.0004122011541633007,54,71,6.85,low_price_volume_efficiency,True,,2026-01-29 06:58:00,2026-01-29 09:16:00,139,34148534.0,245672.90647482013,295927.5,0.7,1.0617,1.1671,1.2908,0.97,1.52,36388465.0,0.05157729595685047,0.7122539588913352,0.23616874515181416,1.2954,1.51,6516326.688698499,0.17907671259830552,0.16566311563995667,2026-01-29 10:08:00,1.3,2026-01-29 11:07:00,1.525,2026-01-29 11:07:00,1.525,1333001.0,2.1295401666439817,3.030174422437368,5.0,concentrated_volume_spike
GDC,2024-08-21,False,1,premarket_full,premarket,volume_campaign,2024-08-21 04:56:00,2024-08-21 09:29:00,273.0,130,1.76,2.17,1.64,2024-08-21 05:19:00,2.7,2024-08-21 09:17:00,0.6022727272727274,0.23295454545454541,0.6463414634146344,3864124.0,29724.03076923077,271033.0,2024-08-21 09:17:00,30,0.2860462034862235,4310.5,14102.642335766423,0.16128856113313134,52,42,29,90,58,27,27,56,39,0.4701223356186292,0.45376312975463523,0.027431831897734134,0.01061042554534999,0.5340909090909092,-0.06818181818181825,47,59,6.45,many_zero_range_bars,True,,2024-08-21 08:44:00,2024-08-21 09:29:00,46,3625076.0,78806.0,45736.075,0.7,2.17,2.4438,2.5057,1.64,2.7,3864123.9999999995,0.2265830784525307,0.7015291594672743,0.07188776208019487,2.5145,2.5675,213092.4878867447,0.05514638968282196,0.0210777490554782,2024-08-21 09:48:00,2.5351,2024-08-21 09:58:00,2.6,2024-08-21 10:26:00,2.7003,211259.0,1.9601964845083806,1.7413369601055062,5.0,concentrated_volume_spike
GITS,2026-01-21,True,1,rth_volume_campaign_1,rth,volume_campaign,2026-01-21 09:37:00,2026-01-21 11:09:00,92.0,80,1.23,2.01,1.23,2026-01-21 09:37:00,2.99,2026-01-21 10:15:00,1.4308943089430897,0.6341463414634145,1.4308943089430897,40264151.0,503301.8875,1875881.0,2026-01-21 10:14:00,68,0.5962265788244238,429945.0,432947.8602150538,0.11514314557383813,80,79,79,80,71,0,0,41,38,0.5518937677339825,0.441087333494254,0.00437113401447357,0.0019372071200507862,1.4308943089430897,0.0,25,19,7.45,,True,,2026-01-21 09:52:00,2026-01-21 11:08:00,77,40049863.0,520128.0909090909,153326.91249999998,0.7,2.198,2.33,2.7847,1.23,2.99,40264151.0,0.21731577457879955,0.705872798527174,0.07681142689402634,2.7993,2.99,4699579.820177823,0.11671871139609583,0.06812417390061803,,,,,,,,,,5.0,concentrated_volume_spike
GITS,2026-01-27,True,1,rth_volume_campaign_1,rth,volume_campaign,2026-01-27 09:38:00,2026-01-27 11:41:00,123.0,102,2.24,4.68,2.24,2026-01-27 09:38:00,7.09,2026-01-27 10:14:00,2.165178571428571,1.089285714285714,2.165178571428571,31324514.0,307103.07843137253,1312581.0,2026-01-27 10:13:00,89,0.7216746283757188,210406.5,252617.0483870968,0.11195653346768604,100,100,98,100,88,2,2,47,53,0.5304044940649358,0.46949647806187833,0.015483081397527828,0.007789426517519153,2.165178571428571,0.0,28,27,7.45,,True,,2026-01-27 09:40:00,2026-01-27 11:40:00,99,31220577.0,315359.36363636365,76801.59999999999,0.7,4.4225,5.1096,5.635,2.24,7.09,31324514.0,0.08740525368705636,0.7051528031517107,0.20744194316123296,5.6754,6.7263,7139136.822965601,0.22790894131559716,0.18516756528174233,,,,,,,,,,5.0,concentrated_volume_spike
GLUE,2024-10-28,False,1,premarket_full,premarket,volume_campaign,2024-10-28 07:00:00,2024-10-28 09:29:00,149.0,149,6.47,6.4,5.8,2024-10-28 07:01:00,8.01,2024-10-28 07:00:00,0.34157650695517777,-0.010819165378670696,0.3810344827586207,3729903.0,25032.906040268455,162403.0,2024-10-28 07:46:00,28,0.9981364126627422,15318.0,24866.02,0.12004843021386884,102,44,18,102,39,0,1,71,60,0.4963314059373662,0.4629340226810188,0.059250870599047746,0.0018767244081146182,0.23802163833075735,-0.1035548686244204,54,45,6.45,weak_close_displacement,True,,2024-10-28 07:03:00,2024-10-28 08:47:00,104,3216676.0,30929.576923076922,38295.0,0.7,6.242,6.3341,6.7945,5.8,8.01,3729903.0,0.07166970347421643,0.7133614488307186,0.21496884769506505,6.8129,8.01,687527.9037778535,0.18432862832568392,0.17571078395396966,2024-10-28 09:36:00,6.81,2024-10-28 10:01:00,8.11,2024-10-28 10:01:00,8.11,774280.0,1.5195657733058603,1.0033055645181146,5.0,concentrated_volume_spike
GLXG,2025-01-14,False,1,rth_volume_campaign_1,rth,volume_campaign,2025-01-14 12:05:00,2025-01-14 12:14:00,9.0,10,13.4,13.942,12.7,2025-01-14 12:08:00,14.3,2025-01-14 12:13:00,0.11940298507462697,0.04044776119402983,0.12598425196850405,82449.4,8244.939999999999,14197.1,2025-01-14 12:08:00,4,0.06020541083379624,7606.25,8244.939999999999,0.4853170550665014,4,0,0,10,6,0,0,8,2,0.7011391229044723,0.2988608770955277,1.9405841643480748,0.6573728856729095,0.06716417910447764,-0.052238805970149335,6,2,4.2,thin_total_volume,False,volume_lt_100k,2025-01-14 12:07:00,2025-01-14 12:13:00,7,62309.4,8901.342857142858,10000,0.7,13.5,13.9133,14.0867,12.7,14.3,82449.4,0.23515332623582258,0.7094398316287944,0.055406842135383064,14.1,14.18,3606.4776446740466,0.0437417087895612,0.0056737588652482325,2025-01-14 12:21:00,14.792,2025-01-14 12:21:00,14.792,2025-01-14 12:21:00,14.792,18413.3,3.9264116342545203,5.336569673081382,4.0,low_total_volume
GME,2024-06-06,False,1,premarket_full,premarket,volume_campaign,2024-06-06 04:00:00,2024-06-06 09:29:00,329.0,314,32.0,31.57,29.95,2024-06-06 04:57:00,32.94,2024-06-06 07:48:00,0.09343749999999995,-0.013437499999999991,0.09983305509181965,2087313.0,6647.493630573248,44184.0,2024-06-06 08:06:00,68,0.6505205496252838,3224.0,6325.190909090909,0.059360048061790446,68,18,0,21,3,41,134,126,127,0.3877204808287018,0.5625500344222453,0.14324636506360083,0.020600647818511154,0.02937499999999993,-0.06406250000000002,114,147,3.95,weak_close_displacement;many_flat_bars,True,,2024-06-06 04:00:00,2024-06-06 09:29:00,314,2087313.0,6647.493630573248,10000,0.7,31.2457,31.6194,32.3918,29.95,32.94,2087313.0,0.18449861701629972,0.7162369066890851,0.09926447629461511,32.4167,32.94,221924.46175954145,0.10632064369816192,0.016142913991862188,2024-06-06 09:31:00,32.87,2024-06-06 09:35:00,33.25,2024-06-06 09:35:00,33.25,724243.0,3.0063876756216446,1.3139839725970235,4.5,concentrated_volume_spike
GOAI,2026-03-19,True,2,rth_volume_campaign_2,rth,volume_campaign,2026-03-19 14:26:00,2026-03-19 14:31:00,5.0,6,4.99,5.34,4.97,2026-03-19 14:26:00,5.4,2026-03-19 14:30:00,0.08617234468937887,0.07014028056112218,0.0865191146881289,116538.0,19423.0,45282.0,2026-03-19 14:30:00,3,0.07497983490363658,11426.5,19423.0,0.8451148981448111,3,2,0,6,2,0,0,6,0,1.0,0.0,0.3689783589902011,0.3003312224338839,0.08216432865731466,-0.004008016032064221,3,0,3.6,,True,,2026-03-19 14:27:00,2026-03-19 14:30:00,4,105844.0,26461.0,11930.9625,0.7,5.1133,5.2172,5.3427,4.97,5.4,116538.0,0.2301585701182821,0.7036506594892286,0.06619077039248927,5.3463,5.4,60111.13499999996,0.5158071616125208,0.010044329723360095,2026-03-19 14:37:00,5.36,2026-03-19 14:59:00,5.43,2026-03-19 14:59:00,5.43,12043.0,9.184015862121559,3.5884982121573303,4.5,
GOVX,2024-08-16,True,1,rth_volume_campaign_1,rth,volume_campaign,2024-08-16 09:36:00,2024-08-16 09:48:00,12.0,13,94.75,103.2525,94.25,2024-08-16 09:36:00,110.0,2024-08-16 09:45:00,0.1662269129287599,0.08973614775725591,0.16710875331564987,146791.44,11291.649230769232,19844.48,2024-08-16 09:45:00,7,0.25203812974380524,11617.96,11291.649230769232,0.36074746592853096,7,0,0,13,10,0,0,8,5,0.49441629566410694,0.5055837043358932,10.729508478151043,5.792231481617728,0.16094986807387862,-0.005277044854881266,4,5,4.45,,True,,2024-08-16 09:38:00,2024-08-16 09:47:00,10,128005.36,12800.536,11058.077999999998,0.7,101.6,103.3063,107.9,94.25,110.0,146791.44,0.2610251522351404,0.700551350697064,0.03842349706779561,108.0312,110.0,51258.02139379337,0.34918944451933553,0.018224364813128075,2024-08-16 10:11:00,108.98,2024-08-16 10:12:00,110.8925,2024-08-16 10:12:00,110.8925,18945.8,2.853247037236276,1.5119868479856988,5.0,
GOVX,2026-05-21,False,3,rth_volume_campaign_2,rth,volume_campaign,2026-05-21 10:10:00,2026-05-21 10:25:00,15.0,16,2.58,2.8899,2.55,2026-05-21 10:10:00,2.98,2026-05-21 10:20:00,0.1666666666666667,0.12011627906976738,0.16862745098039222,1696599.0,106037.4375,307704.0,2026-05-21 10:20:00,8,0.30205369683702515,91262.0,106037.4375,0.38437839465896184,15,15,13,16,9,0,0,12,4,0.6694581335955049,0.3305418664044951,0.025344822200178127,0.018265954418221386,0.15503875968992245,-0.011627906976744281,5,2,6.7,,True,,2026-05-21 10:12:00,2026-05-21 10:23:00,12,1508528.0,125710.66666666667,94156.25,0.7,2.8008,2.8331,2.9442,2.55,2.98,1696598.9999999998,0.25176515458447557,0.7058255556536466,0.04240928976187796,2.9478,2.9692,61614.627350712566,0.036316552910094,0.007259651265350385,2026-05-21 10:52:00,2.96,2026-05-21 10:58:00,3.05,2026-05-21 10:58:00,3.05,259373.0,9.129894541204962,5.489143316685008,5.0,concentrated_volume_spike
GPCR,2025-12-08,False,1,premarket_full,premarket,volume_campaign,2025-12-08 06:25:00,2025-12-08 09:29:00,184.0,111,34.5,45.15,23.26,2025-12-08 08:11:00,49.0,2025-12-08 08:06:00,0.7460869565217391,0.308695652173913,1.1066208082545141,1161789.0,10466.567567567568,55899.0,2025-12-08 08:29:00,26,0.9061912274948377,4209.0,6279.9405405405405,0.13557539277786243,36,17,2,64,38,19,28,55,30,0.5812311874187137,0.30941160572186516,2.2155486065025576,0.9166896915016409,0.42028985507246375,-0.3257971014492753,42,47,7.2,,True,,2025-12-08 08:06:00,2025-12-08 09:09:00,64,1041732.0,16277.0625,17252.875,0.7,36.13,42.3505,46.426,23.26,49.0,1161789.0,0.2622831196572145,0.7102049870153445,0.02751189332744091,46.6405,49.0,89684.7081999039,0.0771953497579198,0.050589080305742794,2025-12-08 09:30:00,47.3449,2025-12-08 09:32:00,51.9,2025-12-08 09:32:00,51.9,129802.0,3.2582622534376897,0.41739930155830957,5.0,concentrated_volume_spike
GSIT,2025-01-17,True,1,premarket_full,premarket,volume_campaign,2025-01-17 08:00:00,2025-01-17 09:29:00,89.0,88,2.8,3.0,2.8,2025-01-17 08:00:00,3.42,2025-01-17 08:00:00,0.22142857142857147,0.0714285714285715,0.22142857142857147,543529.0,6176.465909090909,37000.0,2025-01-17 08:07:00,18,0.9444611051112268,3502.0,6039.211111111111,0.1793464562148478,18,4,0,45,11,9,11,28,43,0.371533073672242,0.546327794837074,0.11406935048543869,0.03679656467272219,0.22142857142857147,0.0,23,48,6.2,,True,,2025-01-17 08:00:00,2025-01-17 09:28:00,87,536153.0,6162.6781609195405,10000,0.7,3.079,3.1978,3.2547,2.8,3.42,543529.0,0.2146723014993619,0.7009027905974988,0.08442490790313921,3.2598,3.378,73587.79152526105,0.13538889649910318,0.03625989324498445,2025-01-17 09:44:00,3.2634,2025-01-17 10:09:00,3.6,2025-01-17 10:09:00,3.6,249095.0,23.53349646187421,13.935384615384615,5.0,concentrated_volume_spike
GSIT,2026-05-11,False,2,rth_volume_campaign_1,rth,volume_campaign,2026-05-11 09:30:00,2026-05-11 09:46:00,16.0,17,9.28,10.67,9.28,2026-05-11 09:30:00,11.3,2026-05-11 09:45:00,0.21767241379310362,0.14978448275862077,0.21767241379310362,1418104.0,83417.88235294117,189104.0,2026-05-11 09:45:00,6,0.03131928264781709,62266.0,83417.88235294117,0.3399496792900944,17,17,12,16,9,0,0,10,7,0.6032195099936253,0.3967804900063747,0.14244371357812977,0.0980181989473269,0.21767241379310362,0.0,6,7,7.2,,True,,2026-05-11 09:30:00,2026-05-11 09:36:00,7,686428.0,98061.14285714286,87155.0,0.7,10.4247,11.0475,11.1317,9.28,11.3,1418104.0,0.24700974719060093,0.7176573247354912,0.03533292807390782,11.1417,11.27,320250.68959628395,0.2258301856537207,0.011515298383550034,2026-05-11 09:50:00,11.16,2026-05-11 09:52:00,11.41,2026-05-11 10:01:00,11.575,102478.0,1.5608322164006336,1.0665348389446845,5.5,
GVH,2025-12-29,False,2,rth_volume_campaign_2,rth,volume_campaign,2025-12-29 09:44:00,2025-12-29 10:03:00,19.0,20,3.41,3.15,3.12,2025-12-29 10:03:00,3.99,2025-12-29 09:46:00,0.25513196480938416,-0.07624633431085051,0.27884615384615385,1059022.0,52951.1,153529.0,2025-12-29 09:47:00,14,0.7797260113576489,42087.0,52951.1,0.3654201706857837,19,15,7,20,19,0,0,12,8,0.5478347003178404,0.45216529968215957,0.08215126786790077,0.024550953615694503,0.17008797653958946,-0.08504398826979473,3,7,6.2,,True,,2025-12-29 09:45:00,2025-12-29 10:02:00,18,1032761.0,57375.61111111111,27184.85,0.7,3.555,3.7508,3.8305,3.12,3.99,1059022.0,0.16366566631187973,0.7097158393055594,0.12661849438256084,3.8378,3.99,329404.05237012974,0.31104552348310965,0.039658137474594846,2025-12-29 10:37:00,4.0,2025-12-29 10:37:00,4.0,2025-12-29 10:37:00,4.0,163061.0,13.287672349163923,2.5711695233289706,5.0,concentrated_volume_spike
GWAV,2024-12-03,False,1,rth_volume_campaign_1,rth,volume_campaign,2024-12-03 10:16:00,2024-12-03 10:32:00,16.0,17,53.8995,55.2084,53.3825,2024-12-03 10:21:00,63.7994,2024-12-03 10:28:00,0.1932652436479002,0.024284084267943006,0.19513698309371044,184160.877954,10832.992820823529,20131.055854,2024-12-03 10:28:00,10,0.23827621521200995,10534.778074,10832.992820823529,0.3058086553055378,10,0,0,17,16,0,0,10,7,0.5677668224904818,0.4322331775095182,5.656413086063777,0.7107372719665972,0.18367331793430355,-0.009591925713596657,8,6,4.7,,True,,2024-12-03 10:18:00,2024-12-03 10:31:00,14,167314.000396,11951.000028285713,10094.0299165625,0.7,55.1187,56.9416,59.8063,53.3825,63.7994,184160.87795399997,0.09253678019103194,0.7050536277064472,0.202409592102521,59.8931,62.4973,84441.30842304534,0.45851925425842743,0.0434808016282344,2024-12-03 10:37:00,62.6664,2024-12-03 10:37:00,62.6664,2024-12-03 10:37:00,62.6664,28908.916359,2.8772319715905885,3.6771811063867186,5.0,
GWH,2025-10-10,False,1,premarket_full,premarket,volume_campaign,2025-10-10 04:00:00,2025-10-10 09:29:00,329.0,330,2.39,3.63,2.08,2025-10-10 04:25:00,4.89,2025-10-10 07:58:00,1.1757322175732214,0.5188284518828451,1.3509615384615383,110763092.0,335645.73333333334,2578324.0,2025-10-10 08:00:00,61,0.3696712619759658,169740.0,335645.73333333334,0.06796438113157766,281,237,219,274,132,0,0,149,150,0.5305839692521405,0.44032813746297367,0.0025369461517018676,0.0011195064868719986,1.0460251046025102,-0.1297071129707113,99,113,6.85,low_price_volume_efficiency,True,,2025-10-10 06:03:00,2025-10-10 09:16:00,194,105752073.0,545113.7783505154,557741.0874999999,0.7,3.1572,3.7894,4.7495,2.08,4.89,110763092.0,0.275000651618636,0.7155786781272744,0.009420670254089498,,,,,,2025-10-10 13:26:00,4.82,2025-10-10 13:26:00,4.82,2025-10-10 13:30:00,5.2602,1799696.0,1.8939824223475479,1.091514046216446,4.5,concentrated_volume_spike;no_upper_fight_zone_detected
GXAI,2024-09-20,True,1,rth_volume_campaign_1,rth,volume_campaign,2024-09-20 11:09:00,2024-09-20 12:56:00,107.0,108,2.59,3.6699,2.59,2024-09-20 11:09:00,4.45,2024-09-20 12:13:00,0.7181467181467183,0.4169498069498071,0.7181467181467183,28297859.0,262017.21296296295,968524.0,2024-09-20 12:12:00,85,0.3440663832553551,219512.5,262017.21296296295,0.0810492412164468,108,108,106,108,73,0,0,49,53,0.49096247882216104,0.47940178089091473,0.006572935429496629,0.0038161897689857043,0.7181467181467183,0.0,35,32,7.45,,True,,2024-09-20 11:11:00,2024-09-20 12:55:00,105,28056209.0,267201.99047619046,133272.34999999998,0.7,3.706,4.0935,4.295,2.59,4.45,28297859.0,0.2773368544592704,0.7057137777934535,0.016949367747276144,4.3105,4.45,1519963.6042043935,0.05371302486892713,0.032362834937942224,,,,,,,,,,5.0,concentrated_volume_spike
GXAI,2024-12-06,False,1,premarket_full,premarket,volume_campaign,2024-12-06 04:00:00,2024-12-06 09:29:00,329.0,329,1.9,1.99,1.77,2024-12-06 04:08:00,2.7,2024-12-06 05:41:00,0.48947368421052645,0.04736842105263162,0.5254237288135594,15113967.0,45939.1094224924,421661.0,2024-12-06 05:41:00,69,0.510708075517169,24908.0,45799.9,0.07129524631091229,264,163,98,265,109,1,4,138,146,0.4472099879535267,0.49213300518652714,0.006153248845918482,0.0005954756947663051,0.4210526315789475,-0.0684210526315789,118,110,6.45,,True,,2024-12-06 04:00:00,2024-12-06 09:29:00,329,15113967.0,45939.1094224924,65124.49999999999,0.7,1.925,1.9948,2.297,1.77,2.7,15113966.999999998,0.05666778539365475,0.7070388328362307,0.2362933817701146,2.3048,2.57,2442189.6255015633,0.1615849515551783,0.11506421381464753,2024-12-06 09:44:00,2.35,2024-12-06 09:57:00,2.9,2024-12-06 09:57:00,2.9,2086529.0,1.9999357805727607,1.5799281867689194,5.0,concentrated_volume_spike
GXAI,2024-12-10,True,1,premarket_full,premarket,volume_campaign,2024-12-10 04:00:00,2024-12-10 09:29:00,329.0,256,4.46,3.73,3.45,2024-12-10 07:46:00,4.85,2024-12-10 04:00:00,0.3139013452914797,-0.16367713004484305,0.40579710144927517,515115.0,2012.16796875,26359.0,2024-12-10 06:18:00,9,0.9777583646370228,875.5,1560.9545454545455,0.123046310047271,9,1,0,43,5,95,107,63,78,0.33956689282975644,0.476095629131359,0.2717839705696785,0.1417159275113324,0.08744394618834074,-0.22645739910313897,65,182,5.7,many_flat_bars;many_zero_range_bars,True,,2024-12-10 04:00:00,2024-12-10 09:17:00,246,479549.0,1949.3861788617887,10000,0.7,3.45,3.555,3.8,3.45,4.85,515115.0,0.0,0.7526663519384755,0.24733364806152444,3.8117,3.94,73525.44977272734,0.14273599055109507,0.03365952199805857,2024-12-10 09:31:00,3.9,2024-12-10 09:46:00,4.0068,2024-12-10 09:46:00,4.0068,51189.0,1.9919371471042608,0.989044748434964,5.0,concentrated_volume_spike
GXAI,2025-08-19,False,1,premarket_full,premarket,volume_campaign,2025-08-19 05:36:00,2025-08-19 09:29:00,233.0,90,1.12,1.7,1.12,2025-08-19 05:36:00,1.85,2025-08-19 08:51:00,0.6517857142857142,0.5178571428571427,0.6517857142857142,47971320.0,533014.6666666666,1819240.0,2025-08-19 08:21:00,17,0.22790369329007415,388898.5,205005.64102564103,0.10454000431924741,88,87,87,86,52,1,1,46,36,0.5252913824343378,0.4065639844807272,0.00152174257452161,0.001209055744140457,0.6517857142857142,0.0,30,31,6.85,low_price_volume_efficiency,True,,2025-08-19 08:12:00,2025-08-19 08:51:00,40,34070886.0,851772.15,972246.25,0.7,1.558,1.6736,1.7405,1.12,1.85,47971319.99999999,0.16014752097988813,0.7000728555287095,0.13977962349140247,1.7466,1.82,8617390.104414158,0.1796362931938116,0.04202450475208985,2025-08-19 09:30:00,1.77,2025-08-19 09:40:00,1.91,2025-08-19 09:40:00,1.91,2417267.0,2.0309126721674207,1.7159180851418758,5.0,concentrated_volume_spike
HBIO,2025-10-30,False,1,premarket_full,premarket,volume_campaign,2025-10-30 04:00:00,2025-10-30 09:29:00,329.0,328,5.0,5.745,4.8,2025-10-30 04:01:00,7.15,2025-10-30 04:37:00,0.4700000000000001,0.14900000000000002,0.4895833333333335,4457328.0,13589.414634146342,170767.8,2025-10-30 04:40:00,57,0.7517114962147726,7332.299999999999,13507.054545454546,0.08968123952287109,121,37,19,257,80,1,4,160,162,0.47055668777348203,0.5276290189997237,0.052722168976570734,0.016714049313849018,0.43000000000000005,-0.040000000000000036,114,105,7.45,,True,,2025-10-30 04:21:00,2025-10-30 09:22:00,301,4356730.5,14474.187707641197,18330.75,0.7,5.2308,5.3679,6.1708,4.8,7.15,4457327.999999999,0.06557635076966857,0.7104095225017018,0.22401412672862986,6.1904,6.983,763884.8784785469,0.1713773091140134,0.1280369604548978,2025-10-30 09:53:00,6.33,2025-10-30 10:33:00,7.1,2025-10-30 10:33:00,7.1,323262.1,5.542545610913974,2.224683600927691,5.0,concentrated_volume_spike
HCWB,2026-05-18,False,1,premarket_full,premarket,volume_campaign,2026-05-18 04:00:00,2026-05-18 09:29:00,329.0,330,1.13,1.15,0.92,2026-05-18 04:16:00,1.1899,2026-05-18 09:25:00,0.23884955752212383,0.017699115044247805,0.2933695652173912,6689225.0,20270.378787878788,530838.0,2026-05-18 04:00:00,57,0.051391603661111715,12242.0,20270.378787878788,0.1277979138091483,184,76,24,147,29,8,61,131,153,0.36937717000100906,0.5544199813879784,0.004034847086172163,0.00029898829834547374,0.053008849557522185,-0.18584070796460167,104,157,6.2,weak_close_displacement,True,,2026-05-18 04:00:00,2026-05-18 09:29:00,330,6689225.0,20270.378787878788,30605.0,0.7,0.938,0.9447,1.0594,0.92,1.1899,6689225.0,0.010093222359742977,0.7051204820203794,0.28478629561987756,1.0617,1.16,1180345.886056908,0.17645480396561752,0.09258735989450864,2026-05-18 09:30:00,1.1317,2026-05-18 11:15:00,1.1685,2026-05-18 11:15:00,1.1685,517166.0,33.586787808727166,9.820104815433693,5.0,concentrated_volume_spike
HCWB,2026-05-20,True,1,premarket_full,premarket,volume_campaign,2026-05-20 04:00:00,2026-05-20 09:29:00,329.0,261,1.05,1.06,0.9117,2026-05-20 05:23:00,1.1,2026-05-20 09:28:00,0.17933333333333346,0.009523809523809532,0.20653723812657687,863631.0,3308.9310344827586,51859.0,2026-05-20 08:36:00,22,0.028336175982566627,1099.0,2617.0636363636363,0.15158441510320958,22,4,1,57,11,88,141,75,80,0.3528601914475048,0.43863409256962754,0.0218032933046637,0.0011579019280225013,0.04761904761904766,-0.13171428571428578,74,175,3.95,weak_close_displacement;many_flat_bars;many_zero_range_bars,True,,2026-05-20 04:00:00,2026-05-20 09:29:00,261,863631.0,3308.9310344827586,10000,0.7,0.9305,0.9509,1.0121,0.9117,1.1,863631.0,0.005389308800791265,0.7488398681353874,0.24577082306382128,1.0137,1.0576,184755.2034944396,0.21392840633840102,0.04330669823419162,2026-05-20 09:30:00,1.125,2026-05-20 09:30:00,1.125,2026-05-20 09:30:00,1.125,113946.0,12.596285651116515,3.6448723690103,5.0,concentrated_volume_spike
HCWB,2026-05-21,False,1,premarket_full,premarket,volume_campaign,2026-05-21 04:00:00,2026-05-21 09:29:00,329.0,319,2.1,2.155,1.95,2026-05-21 07:09:00,2.29,2026-05-21 04:00:00,0.16190476190476194,0.026190476190476052,0.1743589743589744,1792590.0,5619.404388714734,122223.0,2026-05-21 04:00:00,43,0.9318176493230466,2825.0,5432.090909090909,0.13555358447832466,43,9,3,76,6,45,69,101,130,0.42514852810737536,0.4426634088107152,0.01896696958032791,0.003068186255641263,0.09047619047619045,-0.0714285714285715,85,180,5.45,,True,,2026-05-21 04:00:00,2026-05-21 09:29:00,319,1792590.0,5619.404388714734,10000,0.7,2.035,2.1058,2.1597,1.95,2.29,1792589.9999999998,0.20536006307994006,0.7219117858547134,0.0727281510653466,2.1625,2.29,211626.74475670984,0.11805641265248042,0.058959537572254306,2026-05-21 09:30:00,2.215,2026-05-21 09:35:00,2.335,2026-05-21 09:35:00,2.335,153654.0,1.652810242101085,0.5087577561602289,5.0,concentrated_volume_spike
HERE,2024-10-07,True,1,premarket_full,premarket,volume_campaign,2024-10-07 04:09:00,2024-10-07 09:29:00,320.0,71,3.96,4.2,3.96,2024-10-07 04:09:00,4.96,2024-10-07 09:14:00,0.25252525252525254,0.06060606060606066,0.25252525252525254,152866.0,2153.042253521127,21577.0,2024-10-07 09:16:00,4,0.5535174597359779,900.0,476.2180685358255,0.32435597189695553,4,0,0,16,6,28,28,18,23,0.3979890884827234,0.47600512867478706,0.6541677024321956,0.15700024858372708,0.25252525252525254,0.0,18,50,3.7,many_flat_bars;many_zero_range_bars,True,,2024-10-07 09:15:00,2024-10-07 09:24:00,10,73444.0,7344.4,10000,0.7,4.0767,4.1017,4.51,3.96,4.96,152866.0,0.024106079834626405,0.7140450005372976,0.261848919628076,4.5183,4.57,67097.23514230984,0.438928441525976,0.011442356638558816,2024-10-07 10:03:00,4.5899,2024-10-07 10:03:00,4.5899,2024-10-07 10:06:00,4.9,45090.0,2.902272771158785,1.8309916348574677,4.5,concentrated_volume_spike
HERE,2025-04-01,True,2,rth_volume_campaign_1,rth,volume_campaign,2025-04-01 09:30:00,2025-04-01 10:22:00,52.0,53,4.36,5.3701,4.25,2025-04-01 09:30:00,5.65,2025-04-01 09:54:00,0.32110091743119273,0.2316743119266054,0.32941176470588246,4924722.0,92919.28301886792,322831.0,2025-04-01 09:53:00,51,0.4705829080301386,69977.0,92919.28301886792,0.18674353598030508,53,49,40,52,21,0,0,27,25,0.5913635328044913,0.39489295030257543,0.028428000605922536,0.020510802437173094,0.2958715596330275,-0.02522935779816521,19,15,7.45,,True,,2025-04-01 09:30:00,2025-04-01 10:21:00,52,4905432.0,94335.23076923077,19873.725,0.7,5.02,5.405,5.58,4.25,5.65,4924722.0,0.27293854933404266,0.7118886034027193,0.015172847263237917,5.59,5.65,1106477.6656087034,0.22467819820259974,0.0107334525939178,2025-04-01 11:19:00,5.5978,2025-04-01 11:41:00,5.73,2025-04-01 11:41:00,5.73,118815.0,15.784334564391424,11.196287222012815,5.0,concentrated_volume_spike
HIND,2025-08-13,True,1,rth_volume_campaign_1,rth,volume_campaign,2025-08-13 11:46:00,2025-08-13 11:55:00,9.0,7,8.64,9.48,8.64,2025-08-13 11:46:00,9.88,2025-08-13 11:50:00,0.14351851851851855,0.0972222222222222,0.14351851851851855,96237.0,13748.142857142857,37019.25,2025-08-13 11:50:00,2,0.6150726851418893,11741.5,9623.7,0.7527692051913505,4,1,0,6,4,1,1,3,3,0.6170547710340097,0.3826854536197097,1.2884857175514617,0.8728451635026029,0.14351851851851855,0.0,1,1,3.6,thin_total_volume,False,volume_lt_100k,2025-08-13 11:50:00,2025-08-13 11:54:00,5,91624.75,18324.95,20124.137499999997,0.7,9.074,9.2497,9.6527,8.64,9.88,96237.0,0.19745801787812317,0.7091620353848574,0.09337994673701934,9.6627,9.76,46031.44015636346,0.4783133322564446,0.010069649269872874,2025-08-13 12:00:00,9.6724,2025-08-13 12:01:00,9.9,2025-08-13 12:01:00,9.9,11375.75,1.3386069991292273,1.452099821291805,3.5,low_total_volume;concentrated_volume_spike
HIND,2025-08-14,True,3,rth_volume_campaign_2,rth,volume_campaign,2025-08-14 10:38:00,2025-08-14 10:43:00,5.0,6,16.24,16.8,16.2004,2025-08-14 10:38:00,18.2,2025-08-14 10:39:00,0.12312807881773406,0.0344827586206898,0.12342905113453996,117798.5,19633.083333333332,43556.0,2025-08-14 10:39:00,5,0.39356188746036663,12882.625,19633.083333333332,0.7162760985920873,5,2,0,6,5,0,0,4,2,0.825161186262983,0.174838813737017,1.6974749254022767,0.475388056723984,0.12068965517241385,-0.002438423645320202,0,2,4.1,,True,,2025-08-14 10:38:00,2025-08-14 10:42:00,5,108555.25,21711.05,10000,0.7,16.8003,17.2169,17.4335,16.2004,18.2,117798.5,0.17278329988657765,0.7043009664752856,0.12291573363813671,17.4502,17.7168,9509.044520315252,0.08072296778240175,0.015277761859462953,2025-08-14 12:48:00,17.5,2025-08-14 12:53:00,17.7984,2025-08-14 12:54:00,18.152,46583.75,4.561891005239191,1.8130381902213573,5.0,
HKD,2025-05-29,True,1,premarket_full,premarket,volume_campaign,2025-05-29 05:18:00,2025-05-29 09:29:00,251.0,140,2.04,2.1,2.04,2025-05-29 05:18:00,2.4,2025-05-29 07:15:00,0.17647058823529405,0.029411764705882377,0.17647058823529405,295022.0,2107.3,29420.0,2025-05-29 07:15:00,6,0.3431133949332592,764.5,1170.7222222222222,0.22778301279226634,6,1,0,37,13,66,67,34,34,0.28870389326897655,0.5240185477693189,0.12202479815064636,0.020337466358441084,0.17647058823529405,0.0,33,101,3.45,many_flat_bars;many_zero_range_bars,True,,2025-05-29 06:29:00,2025-05-29 09:00:00,88,216486.0,2460.068181818182,10000,0.7,2.1,2.139,2.268,2.04,2.4,295022.0,0.020499759339981584,0.7063118819916846,0.27318835866833374,2.271,2.35,155355.7509510491,0.5265903930928849,0.03478643769264649,2025-05-29 09:41:00,2.3092,2025-05-29 09:55:00,2.3608,2025-05-29 09:55:00,2.3608,48736.0,2.3647920811296035,1.5839833593343733,4.5,concentrated_volume_spike
HKD,2025-10-31,True,1,premarket_full,premarket,volume_campaign,2025-10-31 04:42:00,2025-10-31 09:29:00,287.0,33,1.69,2.79,1.68,2025-10-31 05:46:00,2.97,2025-10-31 09:20:00,0.7633136094674557,0.6508875739644971,0.767857142857143,19157649.0,580534.8181818182,1191081.0,2025-10-31 09:14:00,0,0.23376631443659918,579468.0,66519.61458333333,0.16976227093418406,30,29,29,30,27,3,3,15,14,0.4881737837455943,0.48777749294811695,0.006733602854922335,0.0057418318917942385,0.7573964497041422,-0.0059171597633136145,9,14,7.2,,True,,2025-10-31 09:14:00,2025-10-31 09:14:00,1,1191081.0,1191081.0,1448670.0,0.7,2.454,2.7873,2.841,1.68,2.97,19157649.0,0.21624576237664703,0.7245352377286409,0.05921899989471201,2.8518,2.97,2743592.464113933,0.14321133371396108,0.04144750683778677,2025-10-31 09:30:00,2.88,2025-10-31 09:48:00,3.0599,2025-10-31 10:04:00,3.3001,3032892.0,2.925552597530815,1.7442613598131567,5.5,
HKIT,2026-06-01,True,2,premarket_core_after_early_spike,premarket,volume_campaign,2026-06-01 04:50:00,2026-06-01 09:29:00,279.0,280,3.72,3.1998,2.85,2026-06-01 06:10:00,3.99,2026-06-01 08:58:00,0.3064516129032258,-0.13983870967741935,0.4,6872674.0,24545.264285714286,581328.0,2026-06-01 08:59:00,42,0.3473697428395411,9998.0,24545.264285714286,0.21298929645142486,140,50,21,172,57,1,8,112,129,0.534741790458852,0.4321041562570842,0.016587430161826386,0.007569106289633408,0.07258064516129033,-0.2338709677419355,85,126,7.2,,True,,2026-06-01 04:53:00,2026-06-01 09:29:00,277,6831918.0,24663.96389891697,28360.0,0.7,3.192,3.5055,3.838,2.85,3.99,6872674.0,0.24145281536741245,0.7212031041888634,0.03734408044372411,3.8475,3.8665,1090011.9076425685,0.15860084555772155,0.004938271604938189,2026-06-01 09:54:00,4.0896,2026-06-01 09:54:00,4.0896,2026-06-01 09:54:00,4.0896,928459.0,2.8860131441401085,1.4358649593269617,5.0,concentrated_volume_spike
HOUR,2024-12-24,False,2,premarket_core_after_early_spike,premarket,volume_campaign,2024-12-24 09:16:00,2024-12-24 09:29:00,13.0,14,2.53,2.1,1.96,2024-12-24 09:20:00,2.7,2024-12-24 09:17:00,0.2924901185770752,-0.1699604743083003,0.3775510204081634,1557095.0,111221.07142857143,199148.0,2024-12-24 09:19:00,0,0.7889878266900864,110747.0,111221.07142857143,0.3592677389626195,14,14,12,14,12,0,0,5,9,0.36284427090190385,0.6371557290980961,0.047524396391999214,0.027615527633188707,0.06719367588932822,-0.22529644268774698,4,6,7.2,,True,,2024-12-24 09:19:00,2024-12-24 09:19:00,1,199148.0,199148.0,301045.0,0.7,2.0093,2.1388,2.3053,1.96,2.7,1557095.0,0.01260283626453959,0.7026496841875416,0.2847474795479188,2.3115,2.4348,81023.13656921676,0.052034806205926265,0.05334198572355611,2024-12-24 09:48:00,2.3501,2024-12-24 09:56:00,2.4873,2024-12-24 09:56:00,2.4873,665429.0,4.096573716952268,1.8796101970199846,5.5,
HSAI,2024-11-26,True,3,rth_volume_campaign_2,rth,volume_campaign,2024-11-26 10:01:00,2024-11-26 10:21:00,20.0,21,5.17,5.71,5.11,2024-11-26 10:04:00,5.88,2024-11-26 10:20:00,0.14893617021276587,0.1044487427466151,0.15068493150684922,1264453.0,60212.04761904762,127087.0,2024-11-26 10:19:00,5,0.04427052646480336,52031.0,60212.04761904762,0.279314454550703,21,18,11,10,1,0,0,14,4,0.6314089966175097,0.1986764237183984,0.06089589727732068,0.042706213675004136,0.13733075435203093,-0.011605415860734934,8,1,6.7,,True,,2024-11-26 10:03:00,2024-11-26 10:04:00,2,204175.0,102087.5,88391.29999999999,0.7,5.11,5.1549,5.6875,5.11,5.88,1264453.0,0.0,0.7036843925792415,0.29631560742075835,5.6939,5.88,694283.7405357144,0.5490783291555434,0.03268410052863586,2024-11-26 10:22:00,5.8,2024-11-26 10:26:00,6.0,2024-11-26 10:26:00,6.0,133906.0,1.918481788134027,1.9151589696648978,5.5,
HTCO,2026-04-27,False,2,rth_volume_campaign_1,rth,volume_campaign,2026-04-27 09:36:00,2026-04-27 11:26:00,110.0,65,12.85,26.7875,12.85,2026-04-27 09:36:00,31.84,2026-04-27 11:06:00,1.477821011673152,1.0846303501945527,1.477821011673152,2368498.0,36438.43076923077,120901.0,2026-04-27 10:15:00,36,0.20582706846279794,27135.0,21337.81981981982,0.1398903440070458,58,38,17,64,56,1,1,33,31,0.5194600122102699,0.48020222098562043,0.8017739512551838,0.588453104034709,1.477821011673152,0.0,25,18,7.45,,True,,2026-04-27 09:38:00,2026-04-27 09:38:00,1,27338.0,27338.0,25993.449999999997,0.7,22.0285,26.9343,28.042,12.85,31.84,2368498.0,0.14173816412606036,0.7227219148567569,0.1355399210171828,28.2003,29.95,328201.99894438975,0.13856967535728962,0.06204543923291599,2026-04-27 11:39:00,28.3225,2026-04-27 12:43:00,31.11,2026-04-27 12:43:00,31.11,58503.0,2.083098922541179,1.151022094556043,5.0,concentrated_volume_spike
HTCR,2025-08-25,False,1,rth_volume_campaign_1,rth,volume_campaign,2025-08-25 11:39:00,2025-08-25 11:48:00,9.0,10,21.982,22.2,21.6,2025-08-25 11:46:00,25.8,2025-08-25 11:42:00,0.1910654171594941,0.009917204985897552,0.1944444444444444,120915.55,12091.555,22721.75,2025-08-25 11:42:00,5,0.5386387441482918,10714.599999999999,12091.555,0.5112080290748378,5,0,0,10,7,0,0,6,4,0.4858370160000099,0.51416298399999,3.47349865257198,0.18029112053825994,0.17368756255117831,-0.0173778546083158,4,2,4.7,weak_close_displacement,True,,2025-08-25 11:41:00,2025-08-25 11:47:00,7,103057.4,14722.485714285713,10000,0.7,21.81,21.985,24.33,21.6,25.8,120915.54999999999,0.017097747890759712,0.7041156715635686,0.2787865805456717,24.365,25.8,68531.38278340182,0.5667706327548593,0.05889595731582197,2025-08-25 12:19:00,25.5,2025-08-25 12:20:00,26.002,2025-08-25 12:20:00,26.002,18921.05,5.196163510785835,1.340734599591141,5.0,
HURA,2024-05-29,True,1,premarket_full,premarket,volume_campaign,2024-05-29 04:00:00,2024-05-29 09:29:00,329.0,246,7.9101,7.1751,6.8601,2024-05-29 05:17:00,8.2251,2024-05-29 04:07:00,0.1725641900860924,-0.09291917927712676,0.19897669130187595,101119.140333,411.0534159878049,22474.691446,2024-05-29 08:00:00,1,0.9336077438466014,125.912397,306.4216373727273,0.2917970978375762,1,0,0,92,28,66,98,70,86,0.5303830812582312,0.3434883871403413,1.349892805165131,0.7268653566273791,0.039822505404482816,-0.13274168468160957,72,156,1.95,few_10k_volume_bars;many_flat_bars;many_zero_range_bars,False,less_than_3_10k_volume_bars;movement_quality_score_lt_3,2024-05-29 08:00:00,2024-05-29 08:00:00,1,22474.691446,22474.691446,10000,0.7,7.0876,7.3492,7.6108,6.8601,8.2251,101119.140333,0.06369252584857504,0.7018781731078474,0.23442930104357754,7.6222,8.2251,16983.07247671374,0.16795111608728097,0.07909789824460117,2024-05-29 09:48:00,7.7211,2024-05-29 14:01:00,8.2951,2024-05-29 14:01:00,8.2951,8474.872875,2.8138597950779625,3.655132897120254,4.5,concentrated_volume_spike
HWH,2025-01-27,True,2,premarket_core_after_early_spike,premarket,volume_campaign,2025-01-27 05:55:00,2025-01-27 09:29:00,214.0,214,2.132,1.736,1.6305,2025-01-27 06:18:00,2.1465,2025-01-27 05:55:00,0.24202626641651032,-0.18574108818011262,0.31646734130634774,1604964.2,7499.832710280373,72259.6,2025-01-27 06:10:00,19,0.995041509337093,4388.1,7464.94976744186,0.10201685495539403,47,10,2,166,47,1,12,88,113,0.40810442999289326,0.5520305063502349,0.03215024983111773,0.02467344754481129,0.006801125703564707,-0.23522514071294562,72,98,7.2,,True,,2025-01-27 05:57:00,2025-01-27 08:23:00,146,1395495.4,9558.187671232876,20934.6,0.7,1.6907,1.7466,1.8627,1.6305,2.1465,1604964.2,0.055522124955737745,0.7169935686518958,0.2274843063923665,1.867,2.0155,157320.23186339557,0.09802102243987472,0.07953936797000528,2025-01-27 09:31:00,1.953,2025-01-27 09:40:00,2.124,2025-01-27 09:40:00,2.124,321474.6,5.5248773174094294,4.625746796974824,5.0,concentrated_volume_spike
HWH,2025-07-29,True,1,premarket_full,premarket,volume_campaign,2025-07-29 04:00:00,2025-07-29 09:29:00,329.0,156,1.63,1.5,1.39,2025-07-29 06:53:00,1.88,2025-07-29 04:09:00,0.3006134969325154,-0.07975460122699381,0.3525179856115108,300177.0,1924.2115384615386,43596.0,2025-07-29 04:10:00,6,0.8567345266292887,713.5,909.6272727272727,0.271303264407333,6,1,0,49,16,80,80,34,34,0.38307731771588094,0.38351372690112834,0.16323702348947453,0.04330778174210546,0.15337423312883436,-0.147239263803681,36,114,4.2,many_flat_bars;many_zero_range_bars,True,,2025-07-29 04:08:00,2025-07-29 08:17:00,122,268820.0,2203.44262295082,10000,0.7,1.4308,1.5492,1.6023,1.39,1.88,300177.0,0.033044778878080786,0.7201558462715989,0.24679937485032022,1.6064,1.64,49312.88677777791,0.16427936443424349,0.02091633466135449,2025-07-29 10:31:00,1.615,2025-07-29 10:33:00,1.65,2025-07-29 10:37:00,1.675,34985.0,2.0805580665112515,0.841106890416887,4.5,concentrated_volume_spike
HWH,2025-09-02,True,1,premarket_full,premarket,volume_campaign,2025-09-02 04:00:00,2025-09-02 09:29:00,329.0,329,1.9,2.43,1.78,2025-09-02 04:03:00,3.38,2025-09-02 06:44:00,0.8421052631578947,0.2789473684210528,0.8988764044943819,39387451.0,119718.69604863222,1224939.0,2025-09-02 06:44:00,68,0.38849426940575565,66907.0,119355.91212121212,0.07137608371762874,314,276,202,285,77,1,1,141,150,0.520612364582821,0.40938909705022547,0.004062207528991912,0.0013456062439785713,0.7789473684210526,-0.06315789473684205,99,110,7.2,,True,,2025-09-02 04:15:00,2025-09-02 08:40:00,265,37266452.0,140628.12075471698,177929.15,0.7,2.5,2.6467,3.06,1.78,3.38,39387451.0,0.17976447373364196,0.7028617963541057,0.11737372991225228,3.0733,3.35,5631199.51188313,0.1429693815901702,0.09003351446328049,2025-09-02 09:56:00,3.2199,2025-09-02 10:03:00,3.5,2025-09-02 10:03:00,3.5,3070759.0,1.9438296132228767,1.5580672969444567,5.0,concentrated_volume_spike
HYPD,2025-06-17,True,2,rth_volume_campaign_1,rth,volume_campaign,2025-06-17 09:51:00,2025-06-17 10:54:00,63.0,64,3.3508,4.215,3.3508,2025-06-17 09:51:00,4.9,2025-06-17 10:26:00,0.4623373522740839,0.2579085591500537,0.4623373522740839,4957242.0,77456.90625,338471.0,2025-06-17 10:26:00,39,0.5824908285695958,54595.0,77456.90625,0.1708700119945728,61,57,39,59,28,0,0,37,27,0.5950691937169902,0.40493080628300976,0.03125124817388379,0.017433080733198013,0.4623373522740839,0.0,25,21,7.45,,True,,2025-06-17 09:52:00,2025-06-17 09:53:00,2,115399.0,57699.5,49581.3875,0.7,4.177,4.6289,4.8484,3.3508,4.9,4957242.0,0.2774734664448886,0.7002097110359745,0.022316822519136834,4.8584,4.9,1139430.889898411,0.22985177844826035,0.008562489708546178,2025-06-17 12:18:00,4.8812,2025-06-17 12:19:00,4.992,2025-06-17 12:19:00,4.992,235692.0,4.902100258320542,2.637260825780463,5.0,concentrated_volume_spike
HYPD,2025-06-24,False,2,rth_volume_campaign_1,rth,volume_campaign,2025-06-24 09:39:00,2025-06-24 09:45:00,6.0,7,6.22,6.84,6.1172,2025-06-24 09:39:00,7.0,2025-06-24 09:44:00,0.14192926045016072,0.09967845659163989,0.14431439220558417,656191.0,93741.57142857143,142675.0,2025-06-24 09:41:00,1,0.06458180621191086,103647.0,93741.57142857143,0.5442775045680297,7,7,6,7,4,0,0,5,1,0.7989518295740112,0.1364663642140779,0.13453400000914362,0.09448468509930799,0.1254019292604502,-0.016527331189710504,3,1,5.7,,True,,2025-06-24 09:41:00,2025-06-24 09:41:00,1,142675.0,142675.0,112450.45,0.7,6.6322,6.8455,6.9706,6.1172,7.0,656191.0,0.2755510586652695,0.7091605522067876,0.015288389127942795,6.9779,6.9926,10032.10335025391,0.015288389127942795,0.0021066509981513605,2025-06-24 09:50:00,7.1326,2025-06-24 09:50:00,7.1326,2025-06-24 09:50:00,7.1326,109245.0,1.5446818799462128,2.5778705932323374,5.5,
HYPD,2025-07-02,False,1,rth_volume_campaign_1,rth,volume_campaign,2025-07-02 09:30:00,2025-07-02 09:53:00,23.0,24,10.7,12.0966,10.7,2025-07-02 09:30:00,12.232,2025-07-02 09:51:00,0.14317757009345797,0.13052336448598142,0.14317757009345797,365604.0,15233.5,37888.0,2025-07-02 09:35:00,14,0.052275139221671534,14596.0,15233.5,0.2960525596000044,14,4,0,19,4,0,0,15,8,0.6119161715954967,0.29117296309668383,0.41903261452281704,0.3819980087745214,0.14317757009345797,0.0,14,5,6.2,,True,,2025-07-02 09:31:00,2025-07-02 09:52:00,22,351719.0,15987.227272727272,13183.025,0.7,11.5426,11.632,12.0533,10.7,12.232,365604.0,0.22421213488799124,0.7286134682488105,0.04717439686319821,12.0633,12.1984,79007.6787134807,0.21610178967812357,0.011199257251332518,2025-07-02 10:14:00,12.3378,2025-07-02 10:14:00,12.3378,2025-07-02 10:14:00,12.3378,54187.0,10.857812687853164,4.830361918345516,5.0,
IBG,2025-07-14,True,1,rth_volume_campaign_1,rth,volume_campaign,2025-07-14 12:38:00,2025-07-14 14:15:00,97.0,94,19.3725,27.5075,18.75,2025-07-14 12:38:00,35.25,2025-07-14 13:39:00,0.8517228029423152,0.4199251516324688,0.88,2191306.56,23311.77191489362,64235.96,2025-07-14 13:38:00,82,0.2561921413679335,20499.42,22360.271020408163,0.08559151121237915,82,38,4,93,81,0,0,48,46,0.5409478626304117,0.4590521373695884,0.7529754303295656,0.37123970458975863,0.8195896244676734,-0.032133178474641824,26,27,7.2,,True,,2025-07-14 12:40:00,2025-07-14 14:14:00,91,2173495.56,23884.566593406595,10000,0.7,23.7,29.8875,31.125,18.75,35.25,2191306.56,0.13966179105316892,0.703880839261573,0.15645736968525795,31.2625,35.25,372898.11302912235,0.1701715861376887,0.12754898040783688,2025-07-14 16:36:00,32.25,2025-07-14 17:19:00,35.75,2025-07-14 17:19:00,35.75,10558.68,3.1124697115299584,2.328038734940822,5.0,concentrated_volume_spike
IBIO,2025-12-10,True,1,premarket_full,premarket,volume_campaign,2025-12-10 04:00:00,2025-12-10 09:29:00,329.0,174,2.44,2.21,2.15,2025-12-10 08:00:00,2.47,2025-12-10 08:01:00,0.13114754098360668,-0.0942622950819672,0.14883720930232572,569295.0,3271.810344827586,130874.0,2025-12-10 08:00:00,12,0.5483835269939136,749.5,1725.1363636363637,0.34216179660808543,12,4,1,16,4,86,96,34,48,0.31261648178887924,0.5367533528311332,0.056209873615612346,0.04040084666122133,0.012295081967213217,-0.11885245901639346,31,135,3.95,many_flat_bars;many_zero_range_bars,True,,2025-12-10 07:39:00,2025-12-10 09:25:00,92,497450.0,5407.065217391304,10000,0.7,2.1607,2.222,2.2727,2.15,2.47,569295.0,0.0061293646820482816,0.700798016259877,0.2930726190580746,2.2753,2.366,177398.84398032207,0.31161145624030084,0.03986287522524502,2025-12-10 09:45:00,2.32,2025-12-10 10:30:00,2.393,2025-12-10 10:32:00,2.445,259662.0,5.994071994792219,2.682153887471465,5.0,concentrated_volume_spike
IBRX,2024-10-25,True,1,premarket_full,premarket,volume_campaign,2024-10-25 04:00:00,2024-10-25 09:29:00,329.0,299,4.37,4.9788,4.27,2024-10-25 07:12:00,5.5,2024-10-25 06:08:00,0.2814645308924486,0.13931350114416466,0.2880562060889931,1317861.0,4407.561872909699,26898.0,2024-10-25 08:09:00,37,0.6971820245078958,2199.0,3993.518181818182,0.0603121269997367,37,3,0,119,20,47,53,123,101,0.4845784191200741,0.40712487887569326,0.09333306016340118,0.04619607075404762,0.25858123569794045,-0.02288329519450813,115,136,7.2,,True,,2024-10-25 04:20:00,2024-10-25 09:29:00,281,1285838.0,4575.935943060498,10000,0.7,4.6185,4.8133,4.9875,4.27,5.5,1317860.9999999998,0.1775585142036605,0.7121990178519817,0.1102424679443578,4.9977,5.29,86544.21611011917,0.06567021568292801,0.05848690397582888,2024-10-25 09:32:00,5.025,2024-10-25 09:35:00,5.375,2024-10-25 09:35:00,5.375,556384.0,3.398555633402337,1.01455131618296,5.0,concentrated_volume_spike
IMRX,2024-09-16,False,1,premarket_full,premarket,volume_campaign,2024-09-16 04:00:00,2024-09-16 09:29:00,329.0,271,2.02,2.04,1.95,2024-09-16 04:00:00,2.19,2024-09-16 04:00:00,0.1188118811881188,0.00990099009900991,0.12307692307692307,804243.0,2967.6863468634688,138935.0,2024-09-16 08:00:00,12,0.9769534829647258,1300.0,2437.1,0.2273019472970234,12,1,1,48,6,102,110,64,73,0.4426672038177516,0.366429051915901,0.029841726940738063,0.0024868105783948406,0.08415841584158412,-0.034653465346534684,66,188,3.95,weak_close_displacement;many_flat_bars;many_zero_range_bars,True,,2024-09-16 04:00:00,2024-09-16 09:12:00,255,752695.0,2951.7450980392155,10000,0.7,1.978,2.02,2.09,1.95,2.19,804243.0,0.02709756876963801,0.7311690788218808,0.24173335240848118,2.092,2.19,221970.89448401303,0.27599978424930405,0.04684512428298272,2024-09-16 10:50:00,2.0994,2024-09-16 11:07:00,2.2,2024-09-16 11:23:00,2.205,28590.0,1.6378416466638785,1.5503497641125752,5.0,concentrated_volume_spike
INAB,2024-10-21,False,1,rth_volume_campaign_1,rth,volume_campaign,2024-10-21 14:58:00,2024-10-21 15:33:00,35.0,36,11.1001,13.0621,10.8001,2024-10-21 14:58:00,16.6982,2024-10-21 15:19:00,0.5313555733732128,0.17675516436788857,0.5461153137470949,624315.856779,17342.10713275,43437.098958,2024-10-21 15:20:00,26,0.32854136243668663,16508.268249,17342.10713275,0.18161266436027174,26,8,0,36,32,0,0,21,15,0.6006178007580809,0.3993821992419191,0.9447301291416427,0.3142640025391063,0.5043287898307223,-0.027026783542490513,12,11,7.45,,True,,2024-10-21 15:00:00,2024-10-21 15:32:00,33,610733.859267,18507.086644454546,10000,0.7,13.1593,13.7,15.322,10.8001,16.6982,624315.856779,0.1907287519017304,0.7094703529577489,0.09980089514052069,15.3711,15.9609,116887.4103837423,0.18722479833652372,0.03837070866756448,,,,,,,,,,5.0,concentrated_volume_spike
INBS,2025-12-31,False,1,premarket_full,premarket,volume_campaign,2025-12-31 08:02:00,2025-12-31 09:29:00,87.0,58,4.49,5.73,4.3301,2025-12-31 08:54:00,5.93,2025-12-31 09:29:00,0.3563251670378619,0.2761692650334076,0.36948338375557144,3579735.0,61719.56896551724,304637.0,2025-12-31 09:24:00,11,0.0,37580.5,40678.806818181816,0.22859261928606447,40,33,24,43,20,6,6,27,24,0.6393685566110341,0.35490224835078577,0.044693252433490184,0.034639435600679946,0.3207126948775054,-0.03561247216035643,16,22,7.2,,True,,2025-12-31 08:51:00,2025-12-31 09:29:00,39,3258776.0,83558.35897435897,106677.16249999999,0.7,4.6234,5.0634,5.5567,4.3301,5.93,3579734.9999999995,0.017400371629625145,0.713453934850114,0.2691456935202609,5.57,5.75,1181420.1189919517,0.33003004942878506,0.03231597845601431,2025-12-31 09:30:00,6.19,2025-12-31 09:30:00,6.19,2025-12-31 09:30:00,6.19,1065312.0,6.222889437329322,4.106562021764186,5.0,concentrated_volume_spike
INBS,2026-01-05,False,1,rth_volume_campaign_1,rth,volume_campaign,2026-01-05 09:30:00,2026-01-05 09:47:00,17.0,14,8.13,10.81,8.13,2026-01-05 09:30:00,11.2,2026-01-05 09:44:00,0.37761377613776115,0.32964329643296425,0.37761377613776115,1157565.0,82683.21428571429,170142.0,2026-01-05 09:39:00,12,0.13695300047945472,70647.0,64309.166666666664,0.3896247726909504,14,13,12,14,12,0,0,9,5,0.6190304648119113,0.3809695351880888,0.2652118887492278,0.23152047617196442,0.37761377613776115,0.0,5,3,7.45,,True,,2026-01-05 09:30:00,2026-01-05 09:46:00,13,1126238.0,86633.69230769231,46300.4375,0.7,10.1767,10.6116,11.0977,8.13,11.2,1157565.0,0.28280339600271465,0.7028793148216348,0.014317289175650536,11.1077,11.2,198850.1928446119,0.17178317662041606,0.00830955103216686,2026-01-05 10:00:00,11.4279,2026-01-05 10:00:00,11.4279,2026-01-05 10:00:00,11.4279,154353.0,4.267679351026739,1.551723097957214,5.5,
INDO,2024-08-05,False,1,premarket_full,premarket,volume_campaign,2024-08-05 04:00:00,2024-08-05 09:29:00,329.0,318,2.67,2.54,2.31,2024-08-05 04:04:00,3.13,2024-08-05 04:53:00,0.30711610486891383,-0.048689138576778986,0.3549783549783549,2988532.0,9397.899371069183,135669.0,2024-08-05 08:09:00,66,0.9525174901925092,4700.5,9056.157575757576,0.11581271339908691,93,23,7,208,43,14,15,133,133,0.42259979146952414,0.4966204143037451,0.027438220504247567,0.004349961787258758,0.17228464419475656,-0.13483146067415727,117,124,6.2,,True,,2024-08-05 04:44:00,2024-08-05 09:28:00,281,2915777.0,10376.430604982206,13385.7125,0.7,2.5423,2.6312,2.8157,2.31,3.13,2988532.0,0.15820917261198897,0.7282671246500803,0.11352370273793073,2.8225,3.05,292358.1197540847,0.09782666531731454,0.08060230292294067,2024-08-05 11:54:00,2.8901,2024-08-05 12:01:00,3.11,2024-08-05 12:41:00,3.1002,626396.0,3.439151231382126,1.353983295578343,5.0,concentrated_volume_spike
INDO,2024-08-12,False,2,rth_volume_campaign_1,rth,volume_campaign,2024-08-12 11:10:00,2024-08-12 11:22:00,12.0,13,3.591,3.7297,3.59,2024-08-12 11:10:00,3.89,2024-08-12 11:15:00,0.08354218880534676,0.03862433862433851,0.08356545961002794,1399591.0,107660.84615384616,394391.0,2024-08-12 11:11:00,8,0.37753886671177506,94515.0,107660.84615384616,0.4970359197794213,12,12,10,10,3,0,0,9,4,0.7771556118894735,0.22284438811052656,0.021434833462061435,0.0099100380039597,0.08326371484266219,-0.000278473962684582,4,4,4.7,,True,,2024-08-12 11:11:00,2024-08-12 11:21:00,11,1311522.0,119229.27272727272,85100.0,0.7,3.69,3.8275,3.89,3.59,3.89,1399591.0,0.2941211172366712,0.7058788827633287,0.0,,,,,,2024-08-12 11:29:00,3.917,2024-08-12 11:29:00,3.917,2024-08-12 11:29:00,3.917,166937.0,3.2218636733843105,2.2976038096811044,4.0,concentrated_volume_spike;no_upper_fight_zone_detected
INFQ,2026-04-17,True,1,premarket_full,premarket,volume_campaign,2026-04-17 04:00:00,2026-04-17 09:29:00,329.0,242,15.6,16.3,15.45,2026-04-17 04:01:00,16.43,2026-04-17 09:26:00,0.06282051282051285,0.04487179487179494,0.06343042071197413,658691.0,2721.8636363636365,71523.0,2026-04-17 04:01:00,9,0.03220630007089819,1244.0,1996.0333333333333,0.15916719675841934,9,1,1,4,2,60,150,73,66,0.38718154643072394,0.4164699381045133,0.14877992867672407,0.1062713776262316,0.05320512820512821,-0.009615384615384638,90,131,2.2,many_flat_bars;many_zero_range_bars,False,range_lt_8pct;less_than_5_meaningful_range_bars;movement_quality_score_lt_3,2026-04-17 04:01:00,2026-04-17 09:29:00,241,652722.0,2708.390041493776,10000,0.7,15.842,16.2422,16.2993,15.45,16.43,658691.0,0.24835306481593863,0.7327095263265272,0.018937408857534137,16.3075,16.43,85025.76765277787,0.12908293517412242,0.0075118810363328965,2026-04-17 09:30:00,16.36,2026-04-17 09:31:00,16.55,2026-04-17 10:02:00,16.62,115594.0,2.269512736239874,2.20086820760824,4.5,concentrated_volume_spike
INHD,2026-06-08,True,2,rth_volume_campaign_1,rth,volume_campaign,2026-06-08 09:52:00,2026-06-08 10:42:00,50.0,47,1.9599,3.8101,1.67,2026-06-08 09:53:00,4.6,2026-06-08 10:28:00,1.494974233379254,0.9440277565181896,1.7544910179640718,78143957.0,1662637.3829787234,3519364.0,2026-06-08 10:00:00,24,0.22065298024260532,1648767.0,1532234.450980392,0.12976775670574245,46,46,46,46,46,0,1,24,22,0.6400718484220091,0.359873675196663,0.003749490187705749,0.0023676814830352138,1.3470585233940504,-0.14791570998520334,13,12,7.1,low_price_volume_efficiency,True,,2026-06-08 09:54:00,2026-06-08 10:02:00,5,9490090.0,1898018.0,1592588.75,0.7,2.6955,4.2337,4.5023,1.67,4.6,78143957.0,0.28813608915468714,0.7004917591219735,0.011372151723339304,,,,,,2026-06-08 11:03:00,4.91,2026-06-08 11:03:00,4.91,2026-06-08 11:03:00,4.91,2850167.0,2.3481737180937934,1.3099391902108695,5.0,no_upper_fight_zone_detected
INLF,2026-03-17,False,1,rth_volume_campaign_1,rth,volume_campaign,2026-03-17 10:52:00,2026-03-17 10:59:00,7.0,8,6.4624,5.3424,5.3344,2026-03-17 10:57:00,8.0224,2026-03-17 10:55:00,0.41594454072790293,-0.17331022530329293,0.5038992201559688,218994.5,27374.3125,50422.4375,2026-03-17 10:55:00,5,0.559552865482923,30467.1875,27374.3125,0.6537675603725208,5,4,1,8,8,0,0,4,4,0.5285072798631929,0.4714927201368071,1.2274280860934863,0.5114283692056194,0.2413963852438722,-0.17454815548403071,1,3,5.85,,True,,2026-03-17 10:54:00,2026-03-17 10:58:00,5,204105.875,40821.175,10000,0.7,6.0512,7.3728,7.5296,5.3344,8.0224,218994.5,0.2426765957477619,0.7066109789803711,0.05071242527186694,7.552,7.9104,9863.664576903664,0.04504069543711675,0.04745762711864414,2026-03-17 11:10:00,7.776,2026-03-17 11:13:00,8.4256,2026-03-17 11:13:00,8.4256,92297.9375,3.0966922234759595,1.3047431406243788,5.0,
INTS,2025-10-30,True,1,premarket_full,premarket,volume_campaign,2025-10-30 04:10:00,2025-10-30 09:29:00,319.0,129,6.6725,19.2825,6.405,2025-10-30 04:20:00,22.22,2025-10-30 08:46:00,2.370176095916073,1.889846384413638,2.469164715066354,11746353.12,91057.00093023255,597913.08,2025-10-30 08:00:00,18,0.2263612214647945,68498.52,36707.3535,0.10473755619565436,116,109,83,120,101,8,9,63,58,0.5492087913665581,0.45077013656132986,0.13463753250421606,0.10735246821866361,2.3300861745972274,-0.04008992131884602,46,38,7.45,,True,,2025-10-30 08:00:00,2025-10-30 08:45:00,46,7092766.56,154190.57739130434,171246.30000000002,0.7,17.2119,18.9252,21.4292,6.405,22.22,11746353.12,0.25043719143140364,0.7152767981341543,0.034286010434442016,21.561,22.22,706587.356058147,0.060153764222792845,0.030564445062844902,2025-10-30 11:58:00,22.2475,2025-10-30 11:59:00,22.6375,2025-10-30 12:14:00,23.0,174926.4,1.4350935968059586,1.3016558075298612,5.0,concentrated_volume_spike
IPHA,2024-12-13,False,3,rth_volume_campaign_2,rth,volume_campaign,2024-12-13 11:22:00,2024-12-13 11:46:00,24.0,25,1.87,1.9,1.8,2024-12-13 11:22:00,2.22,2024-12-13 11:30:00,0.2245989304812835,0.016042780748662996,0.23333333333333342,1058061.0,42322.44,116346.0,2024-12-13 11:31:00,11,0.7166335400321909,32386.0,42322.44,0.28618198761697106,25,14,10,21,11,0,0,9,14,0.3618846172385146,0.6027157224394435,0.03969525386532536,0.002835375276094649,0.18716577540106955,-0.037433155080213935,9,7,6.45,weak_close_displacement,True,,2024-12-13 11:24:00,2024-12-13 11:24:00,1,50019.0,50019.0,36502.149999999994,0.7,2.01,2.1465,2.171,1.8,2.22,1058061.0,0.2557688245598482,0.7107016672170913,0.033529508223060556,2.1745,2.2,228409.35499999978,0.2158754126652431,0.011726833754886217,2024-12-13 12:11:00,2.179,2024-12-13 13:09:00,2.3798,2024-12-13 13:09:00,2.3798,240893.0,14.57528361821207,4.000016604951597,5.0,concentrated_volume_spike
IPWR,2026-05-14,False,2,rth_volume_campaign_2,rth,volume_campaign,2026-05-14 11:12:00,2026-05-14 11:16:00,4.0,5,7.1702,7.3412,6.9601,2026-05-14 11:14:00,7.39,2026-05-14 11:15:00,0.05995648656941228,0.02384870714903341,0.061766353931696376,83941.0,16788.2,47522.0,2026-05-14 11:14:00,3,0.07868622008315364,13397.0,16788.2,0.8949857638102954,3,1,0,4,1,0,0,2,2,0.7257359335723901,0.24793605032105884,0.5121454354844474,0.20371451376562036,0.03065465398454706,-0.029301832584865222,2,1,2.1,thin_total_volume,False,range_lt_8pct;volume_lt_100k;less_than_5_meaningful_range_bars;movement_quality_score_lt_3,2026-05-14 11:12:00,2026-05-14 11:15:00,4,77336.0,19334.0,10000,0.7,7.0962,7.1571,7.2682,6.9601,7.39,83941.0,0.07087884854730135,0.7040240722005672,0.2250970792521315,7.2718,7.3864,5718.286159556004,0.06812268330799019,0.01575950933744056,2026-05-14 11:17:00,7.33,2026-05-14 11:22:00,7.46,2026-05-14 11:22:00,7.46,27304.0,2.2089185166008676,1.914055380301437,3.0,low_total_volume;concentrated_volume_spike
IPWR,2026-05-26,False,2,rth_volume_campaign_1,rth,volume_campaign,2026-05-26 09:30:00,2026-05-26 09:51:00,21.0,22,6.5,6.78,6.4001,2026-05-26 09:30:00,7.053,2026-05-26 09:34:00,0.10044615384615382,0.04307692307692312,0.10201403103076512,224193.0,10190.59090909091,28487.0,2026-05-26 09:30:00,12,0.6555244811390186,10524.0,10190.59090909091,0.2849687545998314,12,1,0,19,6,0,0,12,10,0.48867716654846494,0.5113228334515351,0.29122229507611735,0.1248923918231168,0.08507692307692306,-0.01536923076923075,10,8,4.7,,True,,2026-05-26 09:30:00,2026-05-26 09:50:00,21,220389.0,10494.714285714286,10000,0.7,6.4436,6.4926,6.6721,6.4001,7.053,224193.0,0.019647670245258157,0.7097726203672013,0.2705797093875405,6.6776,7.0,72429.59979088831,0.3230680698812555,0.048280819456092014,2026-05-26 09:53:00,6.75,2026-05-26 10:02:00,7.08,2026-05-26 12:07:00,7.1,49949.0,7.681861523791947,1.5074392636185303,4.5,concentrated_volume_spike
ISPC,2025-09-09,True,1,rth_volume_campaign_1,rth,volume_campaign,2025-09-09 10:28:00,2025-09-09 12:52:00,144.0,60,34.524,55.24,33.128,2025-09-09 10:28:00,110.4,2025-09-09 11:32:00,2.2382110995249684,0.600046344571892,2.3325283747886987,1536481.625,25608.027083333334,96692.775,2025-09-09 10:53:00,48,0.3967655486931059,19436.2875,10596.425,0.16128315234489055,48,25,7,56,55,4,4,30,24,0.5696646876593789,0.4046280410284764,5.029152236037968,1.3482751542830849,2.1977754605491833,-0.040435638975784984,25,23,7.45,,True,,2025-09-09 10:30:00,2025-09-09 12:51:00,57,1521175.075,26687.282017543857,10000,0.7,39.5673,77.5594,88.5063,33.128,110.4,1536481.6249999998,0.1953659748556347,0.724452480786362,0.08018154435800325,89.1502,104.6046,117151.23177952775,0.0762464255174726,0.17335238731937794,2025-09-09 14:31:00,104.0,2025-09-09 14:41:00,127.2,2025-09-09 14:41:00,127.2,36391.175,2.829727665973837,0.697291877837028,5.0,concentrated_volume_spike
IVF,2025-10-16,True,2,rth_volume_campaign_2,rth,volume_campaign,2025-10-16 14:45:00,2025-10-16 15:10:00,25.0,26,58.8,59.6,50.8,2025-10-16 14:47:00,67.2,2025-10-16 14:58:00,0.2789115646258504,0.01360544217687082,0.3228346456692915,452151.175,17390.429807692308,36307.25,2025-10-16 14:58:00,6,0.436527174788388,16064.5625,17390.429807692308,0.22136235740181368,20,5,0,26,20,0,0,12,12,0.4721475068598462,0.4602383262633344,3.6271054697579865,0.1769319741345368,0.14285714285714296,-0.1360544217687075,10,9,5.95,weak_close_displacement,True,,2025-10-16 14:47:00,2025-10-16 14:48:00,2,63782.0,31891.0,23474.7846875,0.7,57.6333,60.5033,65.56,50.8,67.2,452151.175,0.253988959438767,0.7096067527461427,0.03640428781509032,65.6967,67.2,75540.71330365456,0.16706959415433248,0.02288242788450555,2025-10-16 15:17:00,66.4,2025-10-16 15:19:00,67.6,2025-10-16 15:20:00,74.0,41698.85,2.7304999195397044,1.505826209501592,5.0,
IVVD,2025-02-21,True,2,rth_volume_campaign_1,rth,volume_campaign,2025-02-21 09:30:00,2025-02-21 10:08:00,38.0,39,1.26,1.555,1.25,2025-02-21 09:30:00,1.57,2025-02-21 09:57:00,0.253968253968254,0.23412698412698407,0.25600000000000006,3593773.0,92148.02564102564,312982.0,2025-02-21 09:43:00,18,0.2816939188980495,87869.0,92148.02564102564,0.23874073292887446,35,31,27,31,8,0,0,25,11,0.6096411765573396,0.3160185687855076,0.008904290838625591,0.008208643116857962,0.24603174603174607,-0.007936507936507943,18,9,7.45,,True,,2025-02-21 09:30:00,2025-02-21 09:30:00,1,151552.0,151552.0,89665.5,0.7,1.4313,1.546,1.5647,1.25,1.57,3593773.0,0.2774257358366391,0.7203022096958137,0.002272054467547077,,,,,,2025-02-21 11:16:00,1.5699,2025-02-21 11:16:00,1.5699,2025-02-21 11:25:00,1.6199,90123.0,2.7368884569832064,2.552914849017053,4.5,concentrated_volume_spike;no_upper_fight_zone_detected
IXHL,2025-05-14,True,1,premarket_full,premarket,volume_campaign,2025-05-14 04:04:00,2025-05-14 09:29:00,325.0,97,2.559,10.6951,2.43,2025-05-14 04:59:00,13.7281,2025-05-14 08:52:00,4.415044939429464,3.1794060179757713,4.6494238683127564,10054249.389834,103652.05556529897,324443.388867,2025-05-14 08:52:00,7,0.292554050684888,88857.811413,30841.25579703681,0.0913962751870005,89,87,72,89,75,6,7,48,43,0.5368867209177238,0.46309324463602497,0.11237139205462394,0.08092200307092572,4.36463462289957,-0.050410316529894486,34,35,7.2,,True,,2025-05-14 08:13:00,2025-05-14 08:52:00,40,5832752.771889,145818.819297225,222144.5285325,0.7,3.1832,8.3615,11.2802,2.43,13.7281,10054249.389834,0.0008177547254346714,0.7037186496479985,0.2954635956265667,11.3743,13.0501,3261125.463222567,0.3243529513520859,0.14733214351652416,2025-05-14 09:30:00,11.4181,2025-05-14 09:42:00,14.4361,2025-05-14 09:48:00,15.8762,390052.299438,1.4475609749157994,1.447302764766298,5.0,concentrated_volume_spike
IXHL,2025-07-15,True,1,premarket_full,premarket,volume_campaign,2025-07-15 04:00:00,2025-07-15 09:29:00,329.0,327,7.4011,7.3501,7.0321,2025-07-15 04:01:00,7.4791,2025-07-15 08:00:00,0.06039642755806571,-0.00689086757373894,0.06356564895265995,303685.596447,928.7021298073394,56882.197839,2025-07-15 08:00:00,1,0.3904467283870464,429.195708,920.2593831727272,0.23438864301693216,1,1,1,52,2,24,84,137,128,0.344591538328896,0.559729652926314,0.147191702612742,0.016793684190715287,0.010538973936306805,-0.0498574536217589,136,151,3.2,weak_close_displacement;few_10k_volume_bars,False,range_lt_8pct;less_than_3_10k_volume_bars,2025-07-15 08:00:00,2025-07-15 08:00:00,1,56882.197839,56882.197839,10000,0.7,7.0917,7.1103,7.2854,7.0321,7.4791,303685.596447,0.02656748061463547,0.7015531228058804,0.27187939657948407,7.2891,7.4401,89318.80272863114,0.29411603241518663,0.020715863412492597,2025-07-15 09:30:00,7.4191,2025-07-15 09:31:00,7.4881,2025-07-15 09:32:00,7.6051,43586.2308,6.700813003963811,1.719675528948836,4.0,concentrated_volume_spike
IXHL,2025-07-18,True,1,premarket_full,premarket,volume_campaign,2025-07-18 04:00:00,2025-07-18 09:29:00,329.0,329,11.8231,12.6841,11.4001,2025-07-18 04:01:00,13.1431,2025-07-18 07:24:00,0.14742326462602873,0.07282354035743592,0.15289339567196783,651592.784007,1980.5251793525838,24646.08687,2025-07-18 07:24:00,13,0.7596359193960665,659.493405,1974.5235879000002,0.1061260092411599,13,0,0,77,15,20,97,134,136,0.5019222191716083,0.45763186056215827,0.26749835829693214,0.13213774325511116,0.11164584584415257,-0.03577741878187616,119,154,5.45,,True,,2025-07-18 07:23:00,2025-07-18 08:28:00,65,389930.033994,5998.923599907692,10000,0.7,12.2716,12.6057,12.9107,11.4001,13.1431,651592.7840069999,0.2556510756209679,0.7095260833596317,0.034822841019400454,12.9252,13.1431,64271.777769423315,0.09863795202608146,0.01685853990653918,2025-07-18 09:31:00,13.0711,2025-07-18 09:32:00,13.5061,2025-07-18 09:32:00,13.5061,72845.404872,9.228770800147972,1.856649374967079,5.0,concentrated_volume_spike
JCSE,2025-09-10,False,2,rth_volume_campaign_2,rth,volume_campaign,2025-09-10 12:08:00,2025-09-10 12:14:00,6.0,7,1.37,1.35,1.285,2025-09-10 12:10:00,1.38,2025-09-10 12:12:00,0.06934306569343063,-0.014598540145985413,0.07392996108949415,50278.0,7182.571428571428,15824.0,2025-09-10 12:10:00,2,0.28135566251640876,6372.0,7182.571428571428,0.7000477345956482,2,0,0,6,4,1,1,3,3,0.2670551732368034,0.7000477345956482,0.18894944110744255,0.03977882970683006,0.007299270072992544,-0.06204379562043809,2,4,1.85,weak_close_displacement;thin_total_volume;few_10k_volume_bars,False,range_lt_8pct;volume_lt_100k;less_than_3_10k_volume_bars;movement_quality_score_lt_3,2025-09-10 12:10:00,2025-09-10 12:13:00,4,35371.0,8842.75,10000,0.7,1.3293,1.3491,1.3626,1.285,1.38,50278.0,0.24710283544785291,0.7080468189432989,0.0448503456088481,1.3634,1.38,13001.33849342307,0.2585890149453652,0.012175443743582183,2025-09-10 12:30:00,1.37,2025-09-10 12:31:00,1.395,2025-09-10 12:33:00,1.4387,15333.0,3.4812914358368907,0.926857281025207,3.5,low_total_volume
JEM,2026-04-08,True,1,premarket_full,premarket,volume_campaign,2026-04-08 04:00:00,2026-04-08 09:29:00,329.0,330,3.48,2.988,2.6,2026-04-08 05:53:00,3.512,2026-04-08 04:13:00,0.26206896551724135,-0.1413793103448276,0.3507692307692307,3250619.65,9850.362575757576,90156.75,2026-04-08 04:13:00,72,0.8877426800763971,4106.525,9850.362575757576,0.07359858296555859,96,35,11,258,92,0,4,162,159,0.44073475344923857,0.5537472678478392,0.028056189225337386,0.015135575766300433,0.009195402298850583,-0.2528735632183908,112,100,7.45,,True,,2026-04-08 04:00:00,2026-04-08 08:43:00,284,3128163.55,11014.660387323944,14144.9425,0.7,2.9496,3.1548,3.2992,2.6,3.512,3250619.65,0.20953245347995722,0.7008269124806873,0.08964063403935535,3.3068,3.512,383494.91298491845,0.11797594129012247,0.062053949437522696,2026-04-08 10:58:00,3.37,2026-04-08 10:59:00,3.716,2026-04-08 10:59:00,3.716,204844.75,24.45599390166373,5.621865321519383,5.0,concentrated_volume_spike
JXG,2025-12-09,False,1,rth_volume_campaign_1,rth,volume_campaign,2025-12-09 14:52:00,2025-12-09 15:29:00,37.0,15,4.87,5.965,4.86,2025-12-09 14:52:00,6.51,2025-12-09 15:19:00,0.3388090349075974,0.22484599589322377,0.339506172839506,154907.0,10327.133333333333,22497.0,2025-12-09 15:18:00,9,0.45103836495445654,11505.0,4076.5,0.3715325969775414,9,0,0,13,11,0,0,10,5,0.6570006520041057,0.3429993479958943,1.0651552221655571,0.7068757383462334,0.3367556468172484,-0.0020533880903490323,7,2,6.45,,True,,2025-12-09 15:08:00,2025-12-09 15:28:00,13,144389.0,11106.846153846154,10000,0.7,5.74,6.2762,6.51,4.86,6.51,154907.0,0.28838570423360027,0.7116142957663997,0.0,,,,,,2025-12-09 15:36:00,6.83,2025-12-09 15:36:00,6.83,2025-12-09 15:36:00,6.83,21449.0,3.5931584413843938,5.443908629441625,4.5,no_upper_fight_zone_detected
KITT,2025-01-03,False,1,rth_volume_campaign_1,rth,volume_campaign,2025-01-03 10:49:00,2025-01-03 11:04:00,15.0,16,149.1121,197.2802,147.6001,2025-01-03 10:49:00,226.0802,2025-01-03 11:01:00,0.5263161071435517,0.3230328055201423,0.5317076343444211,228097.105236,14256.06907725,30355.927977375,2025-01-03 10:58:00,11,0.17054689372373197,13969.4235305625,14256.06907725,0.33470543276846726,11,2,0,16,16,0,0,9,7,0.5062079979501929,0.4937920020498071,34.4064427818147,21.11736575971143,0.5161760849723127,-0.010140022171238957,8,2,6.45,,True,,2025-01-03 10:51:00,2025-01-03 11:03:00,13,214246.39686449998,16480.4920665,10000,0.7,192.0722,209.7302,223.4642,147.6001,226.0802,228097.105236,0.287130219558259,0.7052559266474214,0.007613853794319508,,,,,,2025-01-03 11:44:00,237.6362,2025-01-03 11:44:00,237.6362,2025-01-03 11:44:00,237.6362,27939.416505,4.608440407493859,2.221387887073228,4.5,no_upper_fight_zone_detected
KITT,2026-03-10,True,1,rth_volume_campaign_1,rth,volume_campaign,2026-03-10 14:42:00,2026-03-10 16:26:00,104.0,104,5.6792,7.1912,5.6192,2026-03-10 14:44:00,9.84,2026-03-10 15:21:00,0.7432032680659247,0.2662346809409777,0.751138952164009,7587041.625,72952.32331730769,329793.5,2026-03-10 15:16:00,96,0.41637136464240765,51524.5625,72257.53928571429,0.11264370781674735,96,78,53,102,57,1,1,51,50,0.5409380003236769,0.45391990979092595,0.05563169689345153,0.019928716286698907,0.7326383997746162,-0.010564868291308567,28,35,7.2,,True,,2026-03-10 14:44:00,2026-03-10 16:25:00,102,7582098.625,74334.30024509804,10000,0.7,7.7999,8.5386,9.2772,5.6192,9.84,7587041.625,0.16794483432195162,0.7006346300020762,0.13142053567597217,9.3124,9.68,1296448.110451037,0.17087663077781481,0.03947424938791284,,,,,,,,,,5.0,concentrated_volume_spike
KOD,2025-09-22,True,1,rth_volume_campaign_1,rth,volume_campaign,2025-09-22 09:30:00,2025-09-22 10:15:00,45.0,46,10.0,12.71,9.8,2025-09-22 09:30:00,12.88,2025-09-22 10:14:00,0.308,0.2710000000000001,0.3142857142857143,730067.0,15871.021739130434,63925.0,2025-09-22 10:01:00,17,0.010640119331513409,12900.0,15871.021739130434,0.21469947278811397,27,7,1,39,7,0,1,26,19,0.5700079581737019,0.3974292770389567,0.421879087809749,0.37119880778065584,0.2880000000000001,-0.019999999999999928,21,11,7.45,,True,,2025-09-22 09:30:00,2025-09-22 09:30:00,1,18583.0,18583.0,17859.5,0.7,11.6993,12.341,12.5207,9.8,12.88,730067.0,0.24377085422712866,0.7129555914278591,0.04327355434501216,12.5463,12.7517,28964.914000000022,0.03967432304158389,0.016371360480779126,2025-09-22 10:16:00,12.78,2025-09-22 10:16:00,12.78,2025-09-22 10:25:00,13.4968,12592.0,1.2581431597458135,0.41412879037032163,5.0,concentrated_volume_spike
KOSS,2024-07-03,True,2,rth_volume_campaign_1,rth,volume_campaign,2024-07-03 09:32:00,2024-07-03 09:44:00,12.0,13,6.0097,6.15,5.6,2024-07-03 09:32:00,6.45,2024-07-03 09:36:00,0.14143800855283967,0.023345591294074708,0.15178571428571438,2732719.0,210209.15384615384,433066.0,2024-07-03 09:36:00,4,0.5244190858994283,209111.0,210209.15384615384,0.3819232786100583,13,13,12,13,12,0,0,6,7,0.5593293712233127,0.4406706287766872,0.031104551913314193,0.005134080745221179,0.073264888430371,-0.06817312012246868,4,3,5.7,,True,,2024-07-03 09:34:00,2024-07-03 09:37:00,4,1307232.0,326808.0,246967.09999999998,0.7,5.9683,6.1596,6.3367,5.6,6.45,2732719.0,0.22366654786147272,0.7162671706932655,0.0600662814452617,6.3438,6.42,884771.1731102688,0.32376953982837925,0.01201172798638041,2024-07-03 10:00:00,6.46,2024-07-03 10:00:00,6.46,2024-07-03 10:00:00,6.46,358218.0,5.838952757715197,2.988736483780537,5.5,
KPLT,2025-01-16,False,1,rth_volume_campaign_1,rth,volume_campaign,2025-01-16 13:17:00,2025-01-16 14:21:00,64.0,65,9.69,11.24,9.44,2025-01-16 13:18:00,12.14,2025-01-16 13:38:00,0.2786377708978329,0.15995872033023745,0.2860169491525425,1361768.0,20950.276923076923,114005.0,2025-01-16 13:38:00,44,0.49258537430751786,13861.0,20950.276923076923,0.1957227662861809,44,16,6,63,32,0,0,31,31,0.5912923493575998,0.3849466282068605,0.1982716586085149,0.11382261883081411,0.25283797729618174,-0.02579979360165119,24,17,7.45,,True,,2025-01-16 13:19:00,2025-01-16 14:20:00,62,1352722.0,21818.09677419355,10000,0.7,11.015,11.2175,12.005,9.44,12.14,1361768.0,0.22911282452243698,0.7169596756124146,0.053927499865148346,12.015,12.14,286207.0098295454,0.21017310571958323,0.010403662089055347,,,,,,,,,,5.0,concentrated_volume_spike
KRKR,2025-01-29,False,1,rth_volume_campaign_1,rth,volume_campaign,2025-01-29 10:10:00,2025-01-29 10:30:00,20.0,8,5.53,5.39,5.25,2025-01-29 10:28:00,7.34,2025-01-29 10:17:00,0.3779385171790235,-0.025316455696202632,0.39809523809523806,605504.0,75688.0,193731.0,2025-01-29 10:17:00,5,0.4671975742521932,68470.5,28833.52380952381,0.6496009935524786,8,6,5,8,8,0,0,6,2,0.8115041353979495,0.18849586460205053,0.3451670013740619,0.023121234541803287,0.3273056057866184,-0.050632911392405104,3,2,6.45,,True,,2025-01-29 10:16:00,2025-01-29 10:29:00,5,530277.0,106055.4,52942.549999999996,0.7,5.668,6.5563,6.7827,5.25,7.34,605504.0,0.2197284612864781,0.7384780709990229,0.041793467714499,6.8001,7.1833,18979.583906250016,0.031345100785874276,0.056352112468934346,2025-01-29 10:43:00,6.81,2025-01-29 10:53:00,7.4086,2025-01-29 10:54:00,8.0,377841.0,8.973460154607958,1.8906135070627617,5.0,concentrated_volume_spike
KRKR,2025-09-08,False,1,rth_volume_campaign_1,rth,volume_campaign,2025-09-08 10:20:00,2025-09-08 10:36:00,16.0,13,7.35,8.0473,7.2,2025-09-08 10:21:00,9.12,2025-09-08 10:29:00,0.2612244897959182,0.09487074829931977,0.26666666666666655,140599.0,10815.307692307691,27134.0,2025-09-08 10:34:00,5,0.4435237803967311,9149.0,8270.529411764706,0.5047546568610018,6,2,0,13,11,0,0,9,4,0.5924579833426981,0.407542016657302,1.365585814977346,0.495949473324846,0.2408163265306122,-0.02040816326530605,4,5,5.2,,True,,2025-09-08 10:22:00,2025-09-08 10:35:00,10,120700.0,12070.0,11718.2125,0.7,7.712,7.824,8.672,7.2,9.12,140599.0,0.08823773641683391,0.7073206565225812,0.20444160706058484,8.688,9.12,55802.21706666669,0.3968891462006607,0.049723756906077186,2025-09-08 10:49:00,8.93,2025-09-08 10:51:00,9.326,2025-09-08 10:57:00,11.11,52501.0,4.75638702663526,1.4862699581021401,4.5,concentrated_volume_spike
KULR,2024-11-29,True,2,rth_volume_campaign_1,rth,volume_campaign,2024-11-29 09:36:00,2024-11-29 09:50:00,14.0,15,5.8416,6.4784,5.8408,2024-11-29 09:36:00,6.6888,2024-11-29 09:48:00,0.14516570802519857,0.10901122980005479,0.14518559101492945,512688.5,34179.23333333333,57029.375,2024-11-29 09:44:00,8,0.11979276890353499,33261.625,34179.23333333333,0.29236466197310845,15,12,1,12,3,0,2,10,4,0.690047172893482,0.28436321470054426,0.165402578758837,0.12420797423776817,0.14502875924404274,-0.00013694878115583264,10,2,6.7,,True,,2024-11-29 09:38:00,2024-11-29 09:49:00,12,458597.625,38216.46875,31785.6046875,0.7,5.8408,5.8479,6.4485,5.8408,6.6888,512688.5,0.0,0.7025917806609389,0.2974082193390611,6.4556,6.6,276422.5087444254,0.5391626860060746,0.022368176466943442,2024-11-29 09:57:00,6.4704,2024-11-29 10:08:00,6.6488,2024-11-29 10:19:00,6.6816,26400.625,1.286834930161003,0.9048475890581154,5.5,
KULR,2024-12-18,True,2,rth_volume_campaign_1,rth,volume_campaign,2024-12-18 09:30:00,2024-12-18 10:16:00,46.0,47,12.0,14.08,11.76,2024-12-18 09:30:00,15.36,2024-12-18 10:03:00,0.3,0.17333333333333334,0.3061224489795918,2889571.375,61480.242021276594,123211.375,2024-12-18 10:09:00,33,0.2843864689101165,56703.0,61480.242021276594,0.12388290633589212,46,44,31,45,15,0,0,27,18,0.6155236864498632,0.3285577692297011,0.12458595178324673,0.07198299436365369,0.27999999999999997,-0.020000000000000018,22,12,7.45,,True,,2024-12-18 09:30:00,2024-12-18 10:09:00,40,2597889.75,64947.24375,43591.1453125,0.7,12.54,13.17,14.52,11.76,15.36,2889571.375,0.07333423671458833,0.7017056712645403,0.22496009202087125,14.55,15.36,769777.2019465236,0.2663984037932005,0.05567010309278341,2024-12-18 10:22:00,14.6512,2024-12-18 10:50:00,15.44,2024-12-18 10:50:00,15.44,85469.875,4.206792426827385,2.6177102275990123,5.5,
KZIA,2024-07-10,False,1,premarket_full,premarket,volume_campaign,2024-07-10 07:30:00,2024-07-10 09:29:00,119.0,120,10.74,15.26,10.425,2024-07-10 08:24:00,21.0,2024-07-10 09:02:00,0.9846368715083798,0.4208566108007448,1.014388489208633,394656.36,3288.803,24039.18,2024-07-10 09:02:00,17,0.6646171874691188,541.83,3288.803,0.17793935970017055,17,0,0,105,76,2,7,52,58,0.5030055514625433,0.4898857324888925,2.679546327341589,1.1453001796296909,0.9553072625698323,-0.029329608938547438,44,50,6.7,,True,,2024-07-10 08:00:00,2024-07-10 09:16:00,77,308616.6,4008.0077922077917,10000,0.7,15.8888,18.9731,20.1187,10.425,21.0,394656.36,0.23939288261358957,0.7339084862923887,0.026698631094021746,20.2069,20.85,54123.24827237842,0.13714019019579063,0.031825762487071266,2024-07-10 10:22:00,22.455,2024-07-10 10:22:00,22.455,2024-07-10 10:22:00,22.455,92536.88,4.191475445478181,1.5238684310805866,4.5,concentrated_volume_spike
KZIA,2024-07-11,False,1,premarket_full,premarket,volume_campaign,2024-07-11 04:00:00,2024-07-11 09:29:00,329.0,330,46.06,51.5,36.31,2024-07-11 05:51:00,59.5,2024-07-11 08:18:00,0.5034737299174988,0.11810681719496303,0.6386670338749655,885236.78,2682.5356969696973,102386.54,2024-07-11 08:00:00,15,0.3289734527297883,951.01,2682.5356969696973,0.1734129031556958,15,2,1,247,83,0,5,145,161,0.4039253994846441,0.513004102698941,2.6196381040561825,0.6145248506280995,0.29179331306990874,-0.2116804168475901,107,125,7.2,,True,,2024-07-11 07:57:00,2024-07-11 08:33:00,37,437866.26,11834.223243243243,10000,0.7,47.132,52.3498,58.3405,36.31,59.5,885236.78,0.28320592071145717,0.7004427402997923,0.016351338988750488,58.5337,59.5,53258.679873089946,0.06016320274569923,0.016508438728458936,2024-07-11 09:31:00,60.505,2024-07-11 09:31:00,60.505,2024-07-11 09:35:00,63.0,56442.42,2.269201287455192,1.0011969857528895,5.0,concentrated_volume_spike
KZIA,2025-11-25,False,1,rth_volume_campaign_1,rth,volume_campaign,2025-11-25 10:50:00,2025-11-25 10:55:00,5.0,6,8.55,9.2,8.55,2025-11-25 10:50:00,9.6,2025-11-25 10:54:00,0.12280701754385952,0.07602339181286533,0.12280701754385952,82396.0,13732.666666666666,54414.0,2025-11-25 10:52:00,2,0.043958444584688575,4780.5,13732.666666666666,0.9015364823535124,2,1,1,4,4,1,1,2,2,0.8339361134035633,0.1115588135346376,1.2743337055196842,0.7888732462740893,0.12280701754385952,0.0,2,3,1.6,thin_total_volume;few_10k_volume_bars,False,volume_lt_100k;less_than_3_10k_volume_bars;less_than_5_meaningful_range_bars;movement_quality_score_lt_3,2025-11-25 10:52:00,2025-11-25 10:53:00,2,68713.0,34356.5,10000,0.7,8.6725,8.6813,9.355,8.55,9.6,82396.0,0.006068255740569931,0.720607769470356,0.27332397478907405,9.3637,9.53,88863.88948001001,1.0784976149328853,0.017760073475228774,2025-11-25 13:21:00,9.38,2025-11-25 13:23:00,9.65,2025-11-25 13:23:00,9.65,11728.0,9.719068534018398,1.2539292205709398,3.5,low_total_volume;concentrated_volume_spike
LAES,2024-12-26,True,1,premarket_full,premarket,volume_campaign,2024-12-26 04:00:00,2024-12-26 09:29:00,329.0,330,5.69,5.18,5.16,2024-12-26 09:28:00,6.18,2024-12-26 04:01:00,0.17926186291739885,-0.08963093145869959,0.19767441860465107,8661753.0,26247.736363636363,571962.0,2024-12-26 08:00:00,56,0.9374049340820502,14014.0,26247.736363636363,0.1340705513075702,197,100,33,45,8,7,80,121,138,0.3465086109012806,0.562135747809941,0.01177590725572525,0.005887953627862636,0.0861159929701229,-0.09314586994727596,87,132,5.45,,True,,2024-12-26 04:00:00,2024-12-26 09:29:00,330,8661753.0,26247.736363636363,35035.0,0.7,5.381,5.5085,5.602,5.16,6.18,8661753.0,0.14416649349703367,0.7114261568851916,0.14440734961777468,5.6105,5.88,975568.1473959764,0.11262941201347768,0.04803493449781657,2024-12-26 09:38:00,5.79,2024-12-26 09:40:00,6.04,2024-12-26 09:40:00,6.04,1263260.0,2.546341229397879,1.3758739030943712,5.0,concentrated_volume_spike
LASE,2026-06-02,True,1,premarket_full,premarket,volume_campaign,2026-06-02 04:52:00,2026-06-02 09:29:00,277.0,79,0.925,1.2,0.925,2026-06-02 04:52:00,1.47,2026-06-02 09:09:00,0.589189189189189,0.2972972972972972,0.589189189189189,21726480.0,275018.7341772152,1463459.0,2026-06-02 09:07:00,17,0.3448792901565279,206985.0,78152.80575539569,0.14183360581189405,60,59,59,59,40,12,18,36,26,0.5160059521836947,0.44228692360658517,0.002508459722881939,0.0012657365574174919,0.589189189189189,0.0,31,26,7.45,,True,,2026-06-02 08:32:00,2026-06-02 09:27:00,56,20763678.0,370779.96428571426,517462.5,0.7,1.143,1.2838,1.4246,0.925,1.47,21726480.0,0.25820926635377656,0.7017815836604799,0.040009149985743425,1.4291,1.46,2884639.4573989217,0.13277067695268271,0.02162199986005173,2026-06-02 11:21:00,1.4402,2026-06-02 12:16:00,1.5038,2026-06-02 12:16:00,1.5038,1155048.0,6.851350846358763,3.681897293678875,5.0,concentrated_volume_spike
LASE,2026-06-03,True,1,premarket_full,premarket,volume_campaign,2026-06-03 04:00:00,2026-06-03 09:29:00,329.0,330,2.97,3.51,2.82,2026-06-03 04:00:00,3.85,2026-06-03 07:54:00,0.3468013468013469,0.18181818181818166,0.3652482269503547,50529585.0,153119.95454545456,2026694.0,2026-06-03 07:55:00,69,0.4846763138862114,86377.0,153119.95454545456,0.08724593720688582,309,272,209,233,40,0,0,153,157,0.4977433121605887,0.4643188539941502,0.002038409775184182,0.001068680853009182,0.2962962962962962,-0.05050505050505062,110,106,7.1,low_price_volume_efficiency,True,,2026-06-03 04:00:00,2026-06-03 09:29:00,330,50529585.0,153119.95454545456,219122.15,0.7,3.129,3.4809,3.6612,2.82,3.85,50529585.0,0.19717713093355957,0.7235008934949646,0.07932197557147587,3.6697,3.7213,4504571.868768592,0.08914721679919976,0.014061094912390562,2026-06-03 09:30:00,3.785,2026-06-03 09:30:00,3.785,2026-06-03 09:30:00,3.785,3097551.0,12.895764388792465,3.311794284028059,5.0,concentrated_volume_spike
LESL,2026-05-14,True,1,premarket_full,premarket,volume_campaign,2026-05-14 04:00:00,2026-05-14 09:28:00,328.0,191,1.69,1.84,1.56,2026-05-14 05:53:00,1.99,2026-05-14 08:09:00,0.2544378698224852,0.08875739644970422,0.2756410256410256,462012.0,2418.910994764398,25200.0,2026-05-14 08:33:00,11,0.29596417409071624,829.0,1404.29179331307,0.14861302303836263,11,1,0,49,4,95,105,43,42,0.3840159995844264,0.3264049418629819,0.09307117564045954,0.032466689176904526,0.1775147928994083,-0.07692307692307686,46,140,4.2,many_flat_bars;many_zero_range_bars,True,,2026-05-14 04:00:00,2026-05-14 08:33:00,152,381102.0,2507.25,10000,0.7,1.7893,1.8431,1.9327,1.56,1.99,462011.99999999994,0.28136244659508136,0.7150486613503212,0.0035888920545975892,,,,,,2026-05-14 09:46:00,1.94,2026-05-14 09:46:00,1.94,2026-05-14 09:51:00,1.97,33014.0,1.51445229892703,1.324321071844037,4.0,concentrated_volume_spike;no_upper_fight_zone_detected
LFS,2025-11-11,True,1,rth_volume_campaign_1,rth,volume_campaign,2025-11-11 10:26:00,2025-11-11 10:42:00,16.0,17,2.2528,2.56,2.217,2025-11-11 10:26:00,3.2499,2025-11-11 10:28:00,0.45849609374999983,0.13636363636363633,0.46589986468200256,1559593.0,91740.76470588235,173868.0,2025-11-11 10:33:00,10,0.8725641882209012,79011.0,91740.76470588235,0.311883292628269,16,16,13,17,17,0,0,9,8,0.45628699282440993,0.54371300717559,0.06622881739017807,0.019697446705646916,0.44260475852272707,-0.01589133522727275,5,6,7.2,,True,,2025-11-11 10:28:00,2025-11-11 10:39:00,12,1334810.0,111234.16666666667,69416.29999999999,0.7,2.5785,2.9314,2.94,2.217,3.2499,1559593.0,0.1280502114205703,0.7259557581301647,0.14599403044926498,2.9486,3.0003,637614.8613041295,0.40883413897352033,0.017533744828054094,2025-11-11 13:59:00,3.1201,2025-11-11 13:59:00,3.1201,2025-11-11 13:59:00,3.1201,183941.0,4.083358307526667,1.2583787703611473,5.5,
LFS,2025-11-18,True,1,rth_volume_campaign_1,rth,volume_campaign,2025-11-18 10:01:00,2025-11-18 11:19:00,78.0,44,4.49,5.91,4.475,2025-11-18 10:01:00,7.19,2025-11-18 10:24:00,0.6046770601336304,0.31625835189309576,0.6067039106145253,6770836.0,153882.63636363635,351738.0,2025-11-18 10:51:00,30,0.8619396482206924,132115.0,85706.78481012658,0.1418044979969977,44,43,43,44,40,0,0,23,21,0.49858983440154214,0.5014101655984579,0.04009844574584292,0.020972299432448223,0.6013363028953229,-0.003340757238307476,15,11,7.45,,True,,2025-11-18 10:22:00,2025-11-18 11:17:00,40,6525041.0,163126.025,93094.22499999999,0.7,5.6967,6.4434,6.5565,4.475,7.19,6770836.0,0.0976258866145564,0.7284557117156047,0.1739184016698388,6.5791,6.99,1590483.02042769,0.2349020151171421,0.062455351035855936,2025-11-18 11:28:00,6.9437,2025-11-18 11:30:00,7.0844,2025-11-18 11:36:00,7.185,364422.0,1.5599155025436988,1.6344578896852378,5.5,
LIDR,2024-05-10,True,1,premarket_full,premarket,volume_campaign,2024-05-10 04:00:00,2024-05-10 09:29:00,329.0,329,1.93,1.47,1.44,2024-05-10 09:29:00,2.04,2024-05-10 08:02:00,0.3108808290155441,-0.23834196891191708,0.41666666666666674,7802342.0,23715.325227963527,501217.0,2024-05-10 08:00:00,69,0.5459499211903298,11408.0,23643.460606060606,0.12907137369779484,174,77,41,178,29,5,5,120,136,0.41454309488099855,0.506873833523319,0.00768999872089688,0.00589566568602094,0.05699481865284979,-0.2538860103626943,114,126,7.2,,True,,2024-05-10 04:00:00,2024-05-10 09:29:00,329,7802342.0,23715.325227963527,28520.0,0.7,1.56,1.645,1.78,1.44,2.04,7802341.999999999,0.1233654800913196,0.7005305603101745,0.17610395959850603,1.785,1.89,1497426.290882081,0.19192010435867604,0.0588235294117647,2024-05-10 10:23:00,1.8,2024-05-10 10:24:00,1.9712,2024-05-10 10:24:00,1.9712,1462730.0,2.4681690010608506,1.1847699396814058,5.0,concentrated_volume_spike
LIDR,2024-05-21,True,1,rth_volume_campaign_1,rth,volume_campaign,2024-05-21 09:55:00,2024-05-21 11:01:00,66.0,67,2.725,2.99,2.65,2024-05-21 09:55:00,3.47,2024-05-21 10:28:00,0.3009174311926606,0.0972477064220184,0.30943396226415104,2478105.0,36986.64179104478,171940.0,2024-05-21 10:28:00,34,0.5035981122672365,25809.0,36986.64179104478,0.15512417754695623,57,34,15,61,19,0,0,43,24,0.5586244327823074,0.44137556721769255,0.033089800472538504,0.010693655030759395,0.27339449541284405,-0.027522935779816578,31,12,6.45,,True,,2024-05-21 09:55:00,2024-05-21 09:55:00,1,31827.0,31827.0,24887.149999999998,0.7,2.9917,3.2992,3.388,2.65,3.47,2478105.0,0.2656829298165502,0.7143911377877484,0.0199259323957013,3.3948,3.4085,29237.009842306514,0.011798131976775202,0.004035583834099224,2024-05-21 12:31:00,3.41,2024-05-21 12:33:00,3.51,2024-05-21 12:33:00,3.51,118452.0,3.7387673165604554,0.9654576575107996,5.0,concentrated_volume_spike
LIDR,2025-01-07,False,1,premarket_full,premarket,volume_campaign,2025-01-07 04:00:00,2025-01-07 09:29:00,329.0,172,2.64,2.48,2.14,2025-01-07 04:59:00,2.64,2025-01-07 04:00:00,0.1893939393939394,-0.060606060606060656,0.2336448598130841,342965.0,1993.9825581395348,22319.0,2025-01-07 09:11:00,6,0.9921362238129255,876.0,1039.2878787878788,0.1670636945460907,6,0,0,26,3,76,83,37,52,0.2964296648346041,0.4880089805082151,0.14578747102474013,0.046651990727916884,0.0,-0.1893939393939394,42,126,3.45,many_flat_bars;many_zero_range_bars,True,,2025-01-07 04:58:00,2025-01-07 09:11:00,117,239349.0,2045.7179487179487,10000,0.7,2.315,2.4275,2.4983,2.14,2.64,342965.0,0.2853557891830929,0.7052061138130034,0.009438097003903603,,,,,,2025-01-07 09:31:00,2.5254,2025-01-07 09:31:00,2.5254,2025-01-07 09:32:00,2.76,207762.0,12.475950279228968,1.9988454988887927,4.0,concentrated_volume_spike;no_upper_fight_zone_detected
LIDR,2025-07-25,True,1,premarket_full,premarket,volume_campaign,2025-07-25 04:00:00,2025-07-25 09:29:00,329.0,329,3.13,3.4612,3.05,2025-07-25 04:01:00,4.09,2025-07-25 04:59:00,0.3322683706070288,0.10581469648562299,0.3409836065573771,33707318.0,102453.85410334346,971989.0,2025-07-25 09:01:00,59,0.6966543882251326,66985.0,102143.38787878788,0.06304117699307907,327,288,217,221,28,0,0,134,160,0.4464694283894079,0.46400321734289274,0.003085383417333886,0.0009825759498278681,0.30670926517571884,-0.025559105431309927,109,102,7.1,low_price_volume_efficiency,True,,2025-07-25 04:07:00,2025-07-25 09:29:00,322,33368318.0,103628.31677018634,167462.5,0.7,3.2407,3.4227,3.7433,3.05,4.09,33707318.0,0.012247520194344486,0.7199672841797757,0.26778519562587966,3.752,4.01,5778381.560442191,0.1714281023616946,0.0687633262260128,2025-07-25 09:47:00,3.765,2025-07-25 10:17:00,4.1511,2025-07-25 10:17:00,4.1511,3331267.0,2.072882068250659,0.7416600543766235,5.0,concentrated_volume_spike
LOBO,2026-06-02,False,2,premarket_core_after_early_spike,premarket,volume_campaign,2026-06-02 08:08:00,2026-06-02 09:29:00,81.0,82,1.3013,1.19,0.9301,2026-06-02 08:31:00,1.35,2026-06-02 08:10:00,0.32267732267732274,-0.08552985476062397,0.45145683259864533,21586373.0,263248.4512195122,1730392.0,2026-06-02 08:13:00,17,0.864177043545018,141169.5,263248.4512195122,0.1945734005430185,82,80,68,79,45,0,0,45,37,0.4412036704822992,0.5587963295177009,0.001945208674009293,0.0005156030612460924,0.037424114347191416,-0.28525320833013135,31,28,6.1,low_price_volume_efficiency,True,,2026-06-02 08:08:00,2026-06-02 09:27:00,80,21076623.0,263457.7875,372169.89999999997,0.7,1.0001,1.0596,1.238,0.9301,1.35,21586373.0,0.0804499244124503,0.7065990350635606,0.21295104052398903,1.2415,1.2835,4746618.236393747,0.21988956812678753,0.033830044301248516,2026-06-02 09:39:00,1.245,2026-06-02 09:44:00,1.2998,2026-06-02 10:00:00,1.33,725260.0,1.7679350608195403,0.8984140315409895,5.0,concentrated_volume_spike
LPA,2024-07-16,False,1,rth_volume_campaign_1,rth,volume_campaign,2024-07-16 09:33:00,2024-07-16 10:21:00,48.0,37,15.56,21.0,15.34,2024-07-16 09:33:00,24.62,2024-07-16 09:56:00,0.596401028277635,0.3496143958868894,0.6049543676662321,1027457.0,27769.108108108107,113353.0,2024-07-16 09:53:00,24,0.4294972928307462,19930.0,20968.51020408163,0.28886756331408514,27,15,6,37,31,0,0,19,18,0.5758031722982081,0.4241968277017919,0.9032008152165979,0.529462546851109,0.5822622107969152,-0.014138817480719835,16,9,7.45,,True,,2024-07-16 09:35:00,2024-07-16 10:20:00,34,1006947.0,29616.08823529412,12503.949999999999,0.7,20.2893,21.604,23.8467,15.34,24.62,1027457.0,0.2238292532375908,0.700227820789047,0.0759429259733622,23.924,24.62,314316.5723978091,0.3059170090795129,0.02909212506269861,2024-07-16 10:39:00,25.0,2024-07-16 10:39:00,25.0,2024-07-16 10:39:00,25.0,47210.0,1.4073254853797335,0.7065461402616061,5.0,concentrated_volume_spike
LRMR,2026-02-25,True,2,rth_volume_campaign_1,rth,volume_campaign,2026-02-25 09:30:00,2026-02-25 11:53:00,143.0,144,3.66,5.7885,3.6498,2026-02-25 09:30:00,6.1,2026-02-25 11:34:00,0.6694535519125682,0.5815573770491803,0.6713244561345827,44542625.0,309323.78472222225,876238.0,2026-02-25 10:21:00,93,0.09377476069270727,264913.0,309323.78472222225,0.05745413522440584,144,144,144,121,12,0,0,87,56,0.6280376830058848,0.3666758975251234,0.005500798392550955,0.004778568842765778,0.6666666666666665,-0.0027868852459016964,49,34,7.1,low_price_volume_efficiency,True,,2026-02-25 09:32:00,2026-02-25 09:39:00,8,1881914.0,235239.25,225382.175,0.7,5.1608,5.9979,6.0183,3.6498,6.1,44542625.0,0.2835153052763008,0.7020772266641345,0.01440746805956457,6.0283,6.1,2924160.7233863184,0.06564859442806342,0.011893900436275546,2026-02-25 13:20:00,6.1381,2026-02-25 13:20:00,6.1381,2026-02-25 13:20:00,6.1381,328110.0,3.9738732759414193,2.067785501364407,5.0,concentrated_volume_spike
LTBR,2024-10-18,False,2,rth_volume_campaign_2,rth,volume_campaign,2024-10-18 09:55:00,2024-10-18 10:08:00,13.0,14,4.7439,4.995,4.54,2024-10-18 09:59:00,5.11,2024-10-18 10:07:00,0.12015430342123576,0.05293113261240753,0.1255506607929516,196014.0,14001.0,36506.0,2024-10-18 09:59:00,5,0.05502158009121797,10337.0,14001.0,0.46714520391400616,7,2,0,11,0,0,0,8,6,0.6534890364973931,0.34651096350260696,0.290795555419511,0.1281030946769109,0.07717279032020075,-0.042981513101035006,8,4,4.7,,True,,2024-10-18 09:57:00,2024-10-18 09:59:00,3,76213.0,25404.333333333332,14041.499999999998,0.7,4.54,4.6303,4.901,4.54,5.11,196014.0,0.0,0.7069215156804695,0.29307848431953054,4.9057,5.11,74635.61888747019,0.38076677628878647,0.04164543286381146,2024-10-18 10:09:00,4.98,2024-10-18 10:31:00,5.1386,2024-10-18 10:32:00,5.25,34799.0,4.552876375387594,1.964935064935065,4.5,concentrated_volume_spike
LTBR,2024-10-29,True,1,premarket_full,premarket,volume_campaign,2024-10-29 04:01:00,2024-10-29 09:29:00,328.0,183,9.77,9.83,9.5,2024-10-29 08:11:00,11.0,2024-10-29 04:54:00,0.1535312180143296,0.006141248720573234,0.15789473684210525,318195.0,1738.7704918032787,23993.0,2024-10-29 04:54:00,8,0.8751363157812033,586.0,967.1580547112462,0.18349125536227784,8,0,0,39,5,75,101,56,48,0.40486179858263016,0.4805166643096215,0.47140904162541836,0.01885636166501689,0.1258955987717503,-0.027635619242579283,55,122,3.45,weak_close_displacement;many_flat_bars;many_zero_range_bars,True,,2024-10-29 04:54:00,2024-10-29 09:09:00,139,281774.0,2027.1510791366907,10000,0.7,9.75,10.1125,10.325,9.5,11.0,318195.0,0.12478373762321456,0.722661427835315,0.15255483454147048,10.3375,10.81,53652.764743589854,0.16861598938886485,0.04570737605804112,2024-10-29 09:41:00,10.39,2024-10-29 09:55:00,11.1201,2024-10-29 09:55:00,11.1201,148024.0,3.9291070428442127,2.603901701057224,4.5,concentrated_volume_spike
LTBR,2025-01-23,True,2,rth_volume_campaign_1,rth,volume_campaign,2025-01-23 09:30:00,2025-01-23 09:53:00,23.0,24,6.8,7.05,6.5,2025-01-23 09:32:00,7.17,2025-01-23 09:52:00,0.09852941176470588,0.03676470588235294,0.10307692307692307,463109.0,19296.208333333332,55097.0,2025-01-23 09:30:00,3,0.026950458747292756,16933.0,19296.208333333332,0.2707289212690749,21,5,1,24,3,0,0,12,12,0.4539730387446584,0.5460269612553417,0.14467436391864547,0.053982971611434886,0.05441176470588237,-0.044117647058823505,7,7,4.2,,True,,2025-01-23 09:30:00,2025-01-23 09:34:00,5,158367.0,31673.4,32132.437499999996,0.7,6.5782,6.5838,6.8573,6.5,7.17,463109.0,0.02065005270454806,0.7098204973693949,0.269529449926057,6.8629,7.17,105877.65378771097,0.2286236151482933,0.04474784712002217,2025-01-23 09:54:00,7.07,2025-01-23 10:38:00,7.26,2025-01-23 10:38:00,7.26,53077.0,4.900697105396796,2.605389750638131,4.0,concentrated_volume_spike
LUCY,2024-05-24,False,2,premarket_core_after_early_spike,premarket,volume_campaign,2024-05-24 06:19:00,2024-05-24 09:29:00,190.0,191,5.478,4.672,3.64,2024-05-24 08:05:00,5.6,2024-05-24 06:19:00,0.35779481562614085,-0.1471339905074845,0.5384615384615383,938489.3,4913.556544502618,127734.45,2024-05-24 08:00:00,19,0.9816389488937167,2695.35,4913.556544502618,0.19247896592960623,19,3,1,158,60,0,2,91,94,0.5049737913900563,0.47617154505650755,0.20884628093255828,0.08588270532226633,0.02227090178897406,-0.3355239138371668,74,71,7.45,,True,,2024-05-24 06:19:00,2024-05-24 09:07:00,169,860468.3,5091.528402366865,10000,0.7,4.522,4.7997,5.0773,3.64,5.6,938489.3,0.21583677565662598,0.7071243580744184,0.07703886626895552,5.0937,5.238,88995.83451958542,0.09482882172400411,0.028329112433005538,2024-05-24 09:42:00,5.118,2024-05-24 09:44:00,5.378,2024-05-24 09:44:00,5.378,71847.25,2.7311673859142775,1.851198880735458,5.0,concentrated_volume_spike
LUCY,2024-05-29,True,1,premarket_full,premarket,volume_campaign,2024-05-29 04:00:00,2024-05-29 09:29:00,329.0,298,8.0,10.196,6.22,2024-05-29 06:13:00,11.31,2024-05-29 09:14:00,0.6362500000000001,0.27449999999999997,0.8183279742765275,958466.1,3216.3291946308723,79184.85,2024-05-29 09:12:00,30,0.3577818766881792,182.275,2904.442727272727,0.2130949127986895,30,15,3,140,56,55,89,105,117,0.5611588140676025,0.4291760553659644,0.531056862626649,0.22911608454383517,0.41375000000000006,-0.22250000000000003,106,161,7.2,,True,,2024-05-29 08:00:00,2024-05-29 09:27:00,88,895074.0,10171.295454545454,10000,0.7,8.6802,10.3344,10.9707,6.22,11.31,958466.0999999999,0.25023343259570185,0.729265688470342,0.020500878933956274,11.0131,11.224,156849.48029479125,0.16364635149306928,0.01914992145717378,2024-05-29 09:31:00,11.198,2024-05-29 09:33:00,11.448,2024-05-29 09:34:00,12.328,228556.55,4.333795047991778,1.8936445212025355,5.0,concentrated_volume_spike
LUCY,2025-04-10,True,1,premarket_full,premarket,volume_campaign,2025-04-10 05:27:00,2025-04-10 09:29:00,242.0,52,2.01,2.38,2.01,2025-04-10 05:27:00,3.43,2025-04-10 08:35:00,0.7064676616915425,0.18407960199004983,0.7064676616915425,219771.0,4226.365384615385,80411.0,2025-04-10 08:35:00,4,0.5178708746831929,835.5,904.4074074074074,0.587365940001183,4,2,1,26,11,17,17,16,17,0.24849957455715269,0.7089470403283418,0.6461271050320563,0.16835706257877525,0.7064676616915425,0.0,16,32,5.45,many_zero_range_bars,True,,2025-04-10 08:34:00,2025-04-10 08:37:00,4,141604.0,35401.0,10000,0.7,2.1047,2.2348,2.72,2.01,3.43,219771.0,0.01138366387347945,0.706521306249305,0.28209502987721563,2.7318,2.9922,50318.43658387281,0.22895849126532988,0.0953217658686581,2025-04-10 12:57:00,2.7298,2025-04-10 14:37:00,3.0562,2025-04-10 14:41:00,3.585,18505.0,8.602575426525965,2.9377678996666137,4.5,concentrated_volume_spike
LUMN,2024-07-30,True,1,premarket_full,premarket,volume_campaign,2024-07-30 04:09:00,2024-07-30 09:29:00,320.0,72,1.94,2.02,1.92,2024-07-30 06:09:00,2.1,2024-07-30 09:25:00,0.09278350515463926,0.041237113402061897,0.09375000000000008,614665.0,8537.013888888889,108743.0,2024-07-30 09:25:00,13,0.05003538512848462,700.0,1914.8442367601247,0.471250193194667,13,8,4,11,1,38,46,17,14,0.6878006719107156,0.06675180789535763,0.02928424426313523,0.013015219672504547,0.08247422680412379,-0.010309278350515474,15,53,3.2,many_flat_bars;many_zero_range_bars,True,,2024-07-30 08:36:00,2024-07-30 09:29:00,43,594215.0,13818.953488372093,10000,0.7,1.998,2.0415,2.1,1.92,2.1,614665.0,0.28098777382802015,0.7190122261719798,0.0,,,,,,2024-07-30 09:49:00,2.106,2024-07-30 09:49:00,2.106,2024-07-30 10:07:00,2.185,387697.0,2.1675942983498313,1.856013059692561,4.0,concentrated_volume_spike;no_upper_fight_zone_detected
LVWR,2025-05-30,True,1,premarket_full,premarket,volume_campaign,2025-05-30 04:02:00,2025-05-30 09:29:00,327.0,160,2.9,3.31,2.72,2025-05-30 04:31:00,3.85,2025-05-30 07:47:00,0.3896551724137931,0.14137931034482765,0.41544117647058815,2750716.0,17191.975,651430.0,2025-05-30 08:00:00,35,0.8301173221808431,4006.5,8386.329268292682,0.3337531028284999,52,28,12,71,25,38,39,61,51,0.34719178570234077,0.6186698299642711,0.041080213297192435,0.014905210134379563,0.32758620689655177,-0.06206896551724128,50,78,6.45,many_zero_range_bars,True,,2025-05-30 07:40:00,2025-05-30 09:18:00,98,2668686.0,27231.48979591837,19220.524999999998,0.7,3.285,3.4828,3.624,2.72,3.85,2750716.0,0.11889127054132811,0.7214434459584308,0.159665283500241,3.6334,3.85,1124559.9787783301,0.40882445835132747,0.05961358507183358,2025-05-30 09:40:00,3.64,2025-05-30 09:47:00,3.9289,2025-05-30 09:51:00,4.0892,633120.0,1.7884882172830132,0.878724328555626,5.0,concentrated_volume_spike
LVWR,2025-06-04,True,1,rth_volume_campaign_1,rth,volume_campaign,2025-06-04 09:30:00,2025-06-04 09:42:00,12.0,13,4.19,4.31,4.05,2025-06-04 09:31:00,4.3799,2025-06-04 09:37:00,0.07873508353221964,0.02863961813842463,0.08145679012345687,218337.0,16795.153846153848,42330.0,2025-06-04 09:41:00,7,0.4137457233542643,14449.0,16795.153846153848,0.47185314445100923,9,2,0,9,2,0,0,7,6,0.6355313116878953,0.36446868831210466,0.1510966991394039,0.05496090905343538,0.04532219570405721,-0.03341288782816242,4,6,3.7,,False,range_lt_8pct,2025-06-04 09:30:00,2025-06-04 09:41:00,12,211204.0,17600.333333333332,13101.949999999999,0.7,4.138,4.3112,4.3634,4.05,4.3799,218337.0,0.27970416754633365,0.7114705983135385,0.008825234140127721,,,,,,2025-06-04 12:01:00,4.375,2025-06-04 12:01:00,4.375,2025-06-04 12:11:00,4.44,18011.0,4.000932980873892,2.419857584307403,3.5,concentrated_volume_spike;no_upper_fight_zone_detected
LWLG,2026-03-12,False,1,premarket_full,premarket,volume_campaign,2026-03-12 04:00:00,2026-03-12 09:29:00,329.0,261,6.26,6.0,5.68,2026-03-12 07:16:00,6.54,2026-03-12 07:00:00,0.1373801916932908,-0.041533546325878565,0.15140845070422543,1414809.0,5420.724137931034,90551.0,2026-03-12 09:28:00,42,0.8605981443431587,1741.0,4287.3,0.18362549291105726,42,11,3,61,5,58,94,92,95,0.37928158500546716,0.5761880225528676,0.06078559013972913,0.01837703887945297,0.04472843450479237,-0.09265175718849841,84,141,3.95,many_flat_bars;many_zero_range_bars,True,,2026-03-12 04:00:00,2026-03-12 09:29:00,261,1414809.0,5420.724137931034,10000,0.7,6.0527,6.2462,6.3823,5.68,6.54,1414808.9999999998,0.18842617083832972,0.7113737221125741,0.10020010704909631,6.3895,6.54,214862.50532667447,0.15186679285096044,0.023554268722122244,2026-03-12 09:33:00,6.445,2026-03-12 09:34:00,6.58,2026-03-12 09:45:00,7.22,699805.0,3.17804846148676,3.143933437860811,5.0,concentrated_volume_spike
LWLG,2026-03-13,False,2,rth_volume_campaign_1,rth,volume_campaign,2026-03-13 09:30:00,2026-03-13 10:10:00,40.0,41,7.04,7.2836,6.68,2026-03-13 09:38:00,7.4698,2026-03-13 09:31:00,0.11218750000000006,0.034602272727272704,0.11823353293413182,3203888.0,78143.60975609756,351666.0,2026-03-13 09:30:00,33,0.8455489080766868,53557.0,78143.60975609756,0.27274642559290463,41,34,24,29,4,0,0,19,21,0.537458550361311,0.4486130601319397,0.024651298672113398,0.007603262036625495,0.06105113636363639,-0.05113636363636368,13,13,5.45,,True,,2026-03-13 09:30:00,2026-03-13 10:09:00,40,3187358.0,79683.95,27219.35,0.7,6.9038,6.9762,7.246,6.68,7.4698,3203888.0,0.19206449595931444,0.7014488774384025,0.10648662660228304,7.2526,7.31,592800.2077993804,0.18502525924732088,0.007914403110608533,2026-03-13 10:11:00,7.2867,2026-03-13 10:21:00,7.3388,2026-03-13 11:17:00,7.335,39745.0,3.40728865723079,2.5061479286209725,5.0,concentrated_volume_spike
MAAS,2026-04-20,False,1,rth_volume_campaign_1,rth,volume_campaign,2026-04-20 12:21:00,2026-04-20 12:39:00,18.0,19,13.59,13.08,13.03,2026-04-20 12:38:00,15.65,2026-04-20 12:30:00,0.19278881530537167,-0.03752759381898453,0.20107444359171153,222316.0,11700.842105263158,43463.0,2026-04-20 12:30:00,11,0.40642149013116463,11208.0,11700.842105263158,0.36137749869555047,11,1,0,18,11,0,0,10,9,0.4507637776858166,0.5492362223141835,1.1785026718724703,0.22940319185303792,0.15158204562178076,-0.04120676968359091,6,4,4.7,,True,,2026-04-20 12:23:00,2026-04-20 12:38:00,16,210600.0,13162.5,10000,0.7,13.161,13.3138,14.5583,13.03,15.65,222315.99999999997,0.010790263176922697,0.7000019712661001,0.28920776555697725,14.5802,15.2352,54542.51436141112,0.24533778208231136,0.04492393794323817,2026-04-20 13:37:00,14.84,2026-04-20 14:00:00,15.52,2026-04-20 14:01:00,15.66,22293.0,3.276984815299358,1.838446313706086,4.5,concentrated_volume_spike
MAAS,2026-04-22,True,1,rth_volume_campaign_1,rth,volume_campaign,2026-04-22 09:52:00,2026-04-22 10:04:00,12.0,9,10.9,10.57,10.12,2026-04-22 09:52:00,11.65,2026-04-22 09:57:00,0.1403669724770643,-0.03027522935779817,0.15118577075098827,122290.0,13587.777777777777,33649.0,2026-04-22 10:02:00,6,0.5220132471992804,12708.0,9406.923076923076,0.5746831302641262,6,1,0,8,7,1,1,4,4,0.33066481314907187,0.6679450486548368,1.2511243764821334,0.2698503557118326,0.06880733944954129,-0.07155963302752304,4,4,4.45,,True,,2026-04-22 09:52:00,2026-04-22 10:03:00,8,112993.0,14124.125,10000,0.7,10.528,10.5407,11.599,10.12,11.65,122290.0,0.21348465744867484,0.7190777080642161,0.06743763448710902,11.609,11.65,57633.94832142856,0.4712891350186324,0.0035317426134895656,2026-04-22 10:11:00,12.0,2026-04-22 10:11:00,12.0,2026-04-22 10:11:00,12.0,31662.0,3.4593070897112326,3.6123217341699942,5.0,
MASK,2026-03-31,True,1,premarket_full,premarket,volume_campaign,2026-03-31 04:14:00,2026-03-31 09:29:00,315.0,316,1.37,1.63,1.36,2026-03-31 04:15:00,2.27,2026-03-31 06:04:00,0.6642335766423356,0.18978102189781004,0.6691176470588234,20258819.0,64110.18670886076,663112.0,2026-03-31 06:04:00,55,0.4668814110042644,45858.0,64110.18670886076,0.06849698395548132,244,198,147,229,85,1,2,139,144,0.5133853064188983,0.4513123889403425,0.004491870922979271,0.0012833916922797908,0.6569343065693429,-0.0072992700729927066,111,133,7.2,,True,,2026-03-31 04:43:00,2026-03-31 07:32:00,170,17663855.0,103905.0294117647,114645.0,0.7,1.6027,1.6558,1.997,1.36,2.27,20258819.0,0.06062106959035947,0.7025672963107352,0.23681163409890527,2.0046,2.19,3972453.3126756176,0.19608513767143176,0.09248727925770728,2026-03-31 09:54:00,2.16,2026-03-31 09:55:00,2.3101,2026-03-31 10:01:00,2.705,1829672.0,3.5639346190990238,1.0798723515514292,5.0,concentrated_volume_spike
MASK,2026-05-28,True,1,premarket_full,premarket,volume_campaign,2026-05-28 04:00:00,2026-05-28 09:29:00,329.0,329,1.65,1.86,1.5,2026-05-28 06:11:00,2.4,2026-05-28 04:33:00,0.5454545454545454,0.1272727272727274,0.6,8970472.0,27265.872340425532,544800.0,2026-05-28 04:32:00,71,0.8553860933962003,11204.0,27183.248484848486,0.15524110659951895,177,92,41,199,61,6,14,132,146,0.4289056361805711,0.5029381954483555,0.01003291688553289,0.0023410139399576767,0.4545454545454546,-0.09090909090909086,117,135,7.2,,True,,2026-05-28 04:31:00,2026-05-28 09:22:00,292,8715701.0,29848.29109589041,32563.399999999998,0.7,1.695,1.9725,2.1,1.5,2.4,8970472.0,0.1445247503942046,0.7114739548002839,0.14400129480551155,2.1075,2.3025,1759145.8914964884,0.19610405021012142,0.09252669039145921,2026-05-28 09:40:00,2.1289,2026-05-28 09:49:00,2.425,2026-05-28 09:49:00,2.425,599136.0,1.8006466430521937,1.072189006025444,5.0,concentrated_volume_spike
MASK,2026-06-01,True,1,premarket_full,premarket,volume_campaign,2026-06-01 04:00:00,2026-06-01 09:29:00,329.0,328,4.0,5.4,3.7,2026-06-01 04:04:00,6.1,2026-06-01 09:13:00,0.5999999999999999,0.3500000000000001,0.6486486486486485,7343951.0,22390.094512195123,552266.0,2026-06-01 09:12:00,73,0.19169381712922648,4515.5,22254.39696969697,0.20969135006483566,101,52,31,167,48,13,19,143,153,0.5818929075098677,0.3997342847194923,0.03267995660646428,0.019063308020437507,0.5249999999999999,-0.07499999999999996,108,135,7.2,,True,,2026-06-01 04:04:00,2026-06-01 09:29:00,324,7321435.0,22597.021604938273,15110.999999999998,0.7,4.7,5.72,6.02,3.7,6.1,7343951.0,0.27285978123182414,0.7240412100410828,0.00309900872709303,,,,,,2026-06-01 09:31:00,6.07,2026-06-01 09:31:00,6.07,2026-06-01 09:31:00,6.07,489629.0,6.433826572915668,1.8015306216310687,4.5,concentrated_volume_spike;no_upper_fight_zone_detected
MBAI,2026-01-26,False,2,rth_volume_campaign_2,rth,volume_campaign,2026-01-26 12:15:00,2026-01-26 12:53:00,38.0,39,3.485,2.94,2.74,2026-01-26 12:48:00,3.51,2026-01-26 12:16:00,0.22094691535150635,-0.1563845050215208,0.2810218978102188,10827120.0,277618.46153846156,926147.0,2026-01-26 12:34:00,12,0.9333847782235719,226329.0,277618.46153846156,0.17514842358817487,39,39,39,39,24,0,0,16,22,0.38913977124110566,0.5994405714539046,0.007111771181994839,0.005033656226217128,0.007173601147776158,-0.2137733142037302,8,13,7.2,,True,,2026-01-26 12:15:00,2026-01-26 12:27:00,13,4314501.0,331884.6923076923,317667.94999999995,0.7,2.9582,3.3111,3.4972,2.74,3.51,10827120.0,0.29727709549820786,0.7021596033307512,0.0005633011710408569,,,,,,2026-01-26 15:38:00,3.63,2026-01-26 15:38:00,3.63,2026-01-26 15:38:00,3.63,712346.0,2.2661337476562315,1.6216512775683403,4.5,concentrated_volume_spike;no_upper_fight_zone_detected
MBOT,2024-06-03,True,1,premarket_full,premarket,volume_campaign,2024-06-03 08:20:00,2024-06-03 09:29:00,69.0,70,1.01,1.2,1.01,2024-06-03 08:20:00,1.33,2024-06-03 08:23:00,0.3168316831683169,0.18811881188118806,0.3168316831683169,4132169.0,59030.985714285714,326756.0,2024-06-03 08:25:00,14,0.8666475161107883,31808.5,59030.985714285714,0.2118449172819408,60,39,23,61,24,0,0,33,28,0.4178253599985867,0.5136140365991807,0.007744116951654206,0.004598069440044683,0.3168316831683169,0.0,21,21,7.2,,True,,2024-06-03 08:21:00,2024-06-03 09:16:00,56,3748737.0,66941.73214285714,79521.25,0.7,1.1487,1.178,1.2447,1.01,1.33,4132169.0,0.0949820461665903,0.7016230497420352,0.20339490409137453,1.2473,1.33,1469006.2272665729,0.3555048758331455,0.06630321494427964,2024-06-03 09:31:00,1.26,2024-06-03 09:32:00,1.3373,2024-06-03 09:32:00,1.3373,910035.0,15.947508429073117,3.796589875593455,5.0,concentrated_volume_spike
MBRX,2025-02-13,True,1,premarket_full,premarket,volume_campaign,2025-02-13 04:01:00,2025-02-13 09:29:00,328.0,43,10.75,17.2525,10.5,2025-02-13 04:04:00,20.5,2025-02-13 09:27:00,0.9302325581395349,0.6048837209302327,0.9523809523809523,79569.4,1850.4511627906975,21091.4,2025-02-13 09:27:00,5,0.31333502577624067,28.0,241.85227963525833,0.6622621258926171,5,0,0,10,6,26,31,8,7,0.6643574037255529,0.3175713276711902,12.56764535110231,8.172111389554278,0.9069767441860465,-0.023255813953488372,8,33,3.85,thin_total_volume;many_flat_bars;many_zero_range_bars,False,volume_lt_100k;flat_bar_pct_gte_65;zero_range_bar_pct_gte_55,2025-02-13 09:25:00,2025-02-13 09:29:00,5,77627.68,15525.535999999998,10000,0.7,16.1667,17.25,19.0,10.5,20.5,79569.4,0.2487375232963782,0.7110416588379587,0.0402208178656631,19.0833,20.0833,2496.12597780129,0.03137042604068009,0.05240183825648603,2025-02-13 09:30:00,19.75,2025-02-13 09:44:00,21.0,2025-02-13 09:44:00,21.0,58798.08,1.7408155951853392,1.2684728468911908,3.5,low_total_volume;concentrated_volume_spike
MGIH,2025-09-08,True,1,rth_volume_campaign_1,rth,volume_campaign,2025-09-08 13:15:00,2025-09-08 15:13:00,118.0,98,1.745,3.24,1.72,2025-09-08 13:20:00,4.84,2025-09-08 14:25:00,1.7879656160458453,0.8567335243553009,1.8139534883720931,34012611.0,347067.4591836735,1351437.0,2025-09-08 14:22:00,86,0.3686035453144129,248567.0,285820.2605042017,0.1114409299538927,98,97,92,98,93,0,0,54,44,0.5534777086063755,0.44652229139362454,0.009173068189325425,0.0043954285073851,1.7736389684813751,-0.01432664756446999,39,26,7.45,,True,,2025-09-08 13:17:00,2025-09-08 15:12:00,95,33885345.0,356687.84210526315,79629.45,0.7,2.916,3.618,4.424,1.72,4.84,34012610.99999999,0.21627720739205075,0.7038910055378059,0.07983178707014345,4.45,4.71,2285767.8519928,0.06720353965159571,0.05842696629213478,,,,,,,,,,5.0,concentrated_volume_spike
MGX,2024-12-09,False,1,premarket_full,premarket,volume_campaign,2024-12-09 04:00:00,2024-12-09 09:29:00,329.0,185,2.01,2.41,2.01,2024-12-09 04:00:00,2.55,2024-12-09 09:28:00,0.2686567164179105,0.1990049751243783,0.2686567164179105,943884.0,5102.0756756756755,80673.0,2024-12-09 09:27:00,23,0.040101326010399584,1461.0,2860.2545454545457,0.23664454530429588,23,8,3,60,13,72,78,57,45,0.5649105186654292,0.29349157311703555,0.057210419924482246,0.04237808883294984,0.2686567164179105,0.0,59,118,5.7,many_flat_bars;many_zero_range_bars,True,,2024-12-09 04:00:00,2024-12-09 09:29:00,185,943884.0,5102.0756756756755,10000,0.7,2.091,2.2035,2.325,2.01,2.55,943884.0,0.015396562414183064,0.7061076347849372,0.2784958028008797,2.3295,2.4915,352293.2601822468,0.3732378768813189,0.06954282034771407,2024-12-09 09:30:00,2.59,2024-12-09 09:30:00,2.59,2024-12-09 09:34:00,2.79,329829.0,2.1213296441650553,0.5287678611793789,5.0,concentrated_volume_spike
MKDW,2025-04-07,True,1,rth_volume_campaign_1,rth,volume_campaign,2025-04-07 09:55:00,2025-04-07 10:08:00,13.0,14,7.1311,10.4221,6.8551,2025-04-07 09:55:00,13.8001,2025-04-07 09:57:00,0.9739030444111008,0.46149962838832725,1.0131143236422517,214071.125934,15290.79470957143,23465.398677,2025-04-07 09:57:00,5,0.8086367003944755,13950.8438235,15290.79470957143,0.31451179175727684,13,0,0,14,14,0,0,7,7,0.48782644197516173,0.5121735580248383,3.244248830709287,1.5373395107075973,0.93519933811053,-0.03870370630057071,3,6,6.2,,True,,2025-04-07 09:57:00,2025-04-07 10:05:00,9,159052.176129,17672.464014333334,18450.856322925,0.7,10.7906,12.469,13.1056,6.8551,13.8001,214071.12593399998,0.1882915858726868,0.7365847217266402,0.07512369240067299,13.1635,13.5107,13448.983258664282,0.06282483543722156,0.02637596383940434,2025-04-07 10:38:00,13.1911,2025-04-07 10:39:00,14.0641,2025-04-07 10:39:00,14.0641,37018.929807,3.5182514726185143,1.2632159041275388,5.0,
MLEC,2026-01-15,True,1,rth_volume_campaign_1,rth,volume_campaign,2026-01-15 10:50:00,2026-01-15 10:58:00,8.0,5,4.05,4.51,4.05,2026-01-15 10:50:00,4.9,2026-01-15 10:57:00,0.20987654320987667,0.11358024691358025,0.20987654320987667,86396.0,17279.2,32160.0,2026-01-15 10:57:00,2,0.13354784943747397,11538.0,9599.555555555555,0.854449280059262,4,2,0,4,4,1,1,2,2,0.49648131857956385,0.48220982452891337,0.98384184452984,0.5324320570396778,0.20987654320987667,0.0,1,1,3.6,thin_total_volume;many_zero_range_bars,False,volume_lt_100k;less_than_5_meaningful_range_bars,2026-01-15 10:56:00,2026-01-15 10:57:00,2,62283.0,31141.5,19804.149999999998,0.7,4.5175,4.5813,4.73,4.05,4.9,86396.0,0.21191586715737554,0.7202413060492971,0.06784282679332727,4.7371,4.7513,2754.9852272726775,0.031887879384145994,0.002997614574317572,2026-01-15 11:21:00,4.9,2026-01-15 11:21:00,4.9,2026-01-15 11:21:00,4.9,6897.0,1.8391019145645566,0.5264885496183206,4.0,low_total_volume
MLEC,2026-02-18,True,1,rth_volume_campaign_1,rth,volume_campaign,2026-02-18 09:32:00,2026-02-18 11:22:00,110.0,81,9.4,14.73,9.4,2026-02-18 09:32:00,19.5,2026-02-18 10:40:00,1.0744680851063828,0.5670212765957446,1.0744680851063828,3715755.0,45873.51851851852,166196.0,2026-02-18 10:40:00,70,0.2931022093760218,38297.0,33475.27027027027,0.12759721779288463,76,63,27,80,70,1,1,38,42,0.5395248072060725,0.46044828036294105,0.27181555296299137,0.14344325715769743,1.0744680851063828,0.0,26,26,7.2,,True,,2026-02-18 09:34:00,2026-02-18 11:21:00,78,3698810.0,47420.64102564102,17145.925,0.7,14.955,16.7225,18.49,9.4,19.5,3715755.0,0.24281335226455147,0.7130686159746403,0.04411803176080818,18.5742,19.0792,141934.93443871534,0.03819814127646073,0.027188250368791064,,,,,,,,,,5.0,concentrated_volume_spike
MLGO,2025-02-21,True,1,premarket_full,premarket,volume_campaign,2025-02-21 04:00:00,2025-02-21 09:29:00,329.0,329,87.6009,94.1919,71.4007,2025-02-21 04:26:00,130.5013,2025-02-21 06:26:00,0.674657452149464,0.07523895302445532,0.827731380784782,1716694.099554,5217.915196212766,24788.618778,2025-02-21 06:16:00,40,0.6235288100670316,3747.929187,5202.103331981818,0.04095433404079715,40,0,0,301,92,0,0,158,146,0.523830837171648,0.425816179766048,3.442698382627075,0.3839356121578306,0.48972556218029717,-0.18493188996916693,117,96,6.45,,True,,2025-02-21 06:15:00,2025-02-21 09:25:00,190,1202931.037236,6331.215985452632,10000,0.7,87.1609,97.5035,106.8611,71.4007,130.5013,1716694.099554,0.17939639842426053,0.7062063140980771,0.11439728747766227,107.3536,122.1012,111681.70905385775,0.06505626662483016,0.1373740610468583,2025-02-21 10:03:00,110.4011,2025-02-21 10:23:00,123.9042,2025-02-21 10:23:00,123.9042,116811.198543,3.0160865015671834,1.6601854909275067,5.0,concentrated_volume_spike
MLGO,2025-03-24,True,1,premarket_full,premarket,volume_campaign,2025-03-24 04:01:00,2025-03-24 09:29:00,328.0,327,75.0008,120.5982,69.0007,2025-03-24 04:01:00,146.1015,2025-03-24 09:13:00,1.027999701336519,0.6079588484389501,1.1173915626942914,794355.856362,2429.222802330275,52788.872106,2025-03-24 09:15:00,12,0.2773419013639175,1253.220801,2414.455490462006,0.16224136430520458,12,4,1,251,53,1,1,149,136,0.5102706929327174,0.44636214960114423,9.706078123865936,5.740172950801609,0.9479992213416389,-0.0800004799948801,98,101,7.2,,True,,2025-03-24 06:53:00,2025-03-24 09:22:00,149,554323.590042,3720.29255061745,10000,0.7,99.841,104.3386,120.4012,69.0007,146.1015,794355.8563619999,0.0779514390536056,0.7008026081114562,0.22124595283493828,121.0437,127.4688,108076.58291279737,0.13605562550739886,0.05308082948554944,2025-03-24 09:30:00,122.7012,2025-03-24 09:33:00,128.7013,2025-03-24 09:47:00,141.9014,79878.967869,2.3471835918419557,1.8240540793576971,5.0,concentrated_volume_spike
MLGO,2025-03-25,True,1,premarket_full,premarket,volume_campaign,2025-03-25 04:00:00,2025-03-25 09:29:00,329.0,322,396.004,340.5034,339.0034,2025-03-25 09:29:00,448.8045,2025-03-25 06:06:00,0.27727270431611806,-0.1401516146301553,0.3238938016550867,68045.386206,211.32107517391302,5297.847021,2025-03-25 08:00:00,0,0.706507650209515,108.532248,206.19814001818182,0.12106994183352258,0,0,0,173,22,14,33,130,166,0.40400718728782764,0.5740973516960567,161.36450407907034,81.5640899325312,0.1333332491590994,-0.14393945515701867,100,152,4.7,thin_total_volume;few_10k_volume_bars,False,volume_lt_100k;less_than_3_10k_volume_bars,2025-03-25 08:00:00,2025-03-25 08:00:00,1,5297.847021,5297.847021,10000,0.7,362.7936,405.7991,414.0342,339.0034,448.8045,68045.386206,0.13123362021339416,0.7096716986376789,0.15909468114892694,414.9492,448.8045,12306.646072052738,0.18085937575246772,0.08158902342744605,2025-03-25 11:12:00,416.7042,2025-03-25 11:16:00,466.2047,2025-03-25 11:22:00,496.805,25808.975241,1.9438127778795917,0.9799101690689501,3.5,low_total_volume;concentrated_volume_spike
MLGO,2025-03-27,True,1,rth_volume_campaign_1,rth,volume_campaign,2025-03-27 09:42:00,2025-03-27 09:58:00,16.0,17,372.3037,409.8071,366.7537,2025-03-27 09:42:00,443.4044,2025-03-27 09:53:00,0.2058821870424603,0.10073335290516855,0.20899775516920494,194114.625501,11418.507382411764,21215.654508,2025-03-27 09:55:00,11,0.3610983228805647,11430.519027,11418.507382411764,0.2878852689372039,11,0,0,17,13,0,0,11,6,0.7542172684213626,0.24578273157863734,39.48733888658233,19.32023406438625,0.1909750023972365,-0.014907184645223809,10,3,6.45,,True,,2025-03-27 09:44:00,2025-03-27 09:57:00,14,181332.586656,12952.327618285713,10000,0.7,398.6915,427.4355,440.8494,366.7537,443.4044,194114.625501,0.27428129454100786,0.7123283960466839,0.013390309412308206,441.4881,442.7656,2599.254896912723,0.013390309412308206,0.0028936227273170714,2025-03-27 10:13:00,454.5045,2025-03-27 10:13:00,454.5045,2025-03-27 10:13:00,454.5045,33288.400446,4.120081406368031,2.352150626274807,5.0,
MNPR,2024-10-24,True,1,rth_volume_campaign_1,rth,volume_campaign,2024-10-24 10:36:00,2024-10-24 13:09:00,153.0,49,6.13,23.58,6.04,2024-10-24 10:36:00,36.35,2024-10-24 12:30:00,4.944535073409462,2.8466557911908645,5.018211920529802,6081823.0,124118.83673469388,421029.0,2024-10-24 12:30:00,41,0.385883476056439,99947.0,39492.357142857145,0.16510740282971076,49,47,41,48,47,1,1,27,19,0.5418949219666538,0.3984609548814558,0.4983703077185903,0.2869205499732564,4.929853181076672,-0.014681892332789537,22,12,7.45,,True,,2024-10-24 10:38:00,2024-10-24 13:08:00,46,6010510.0,130663.26086956522,50287.774999999994,0.7,11.0917,23.9734,28.2673,6.04,36.35,6081822.999999999,0.16983559041425575,0.7061185437326934,0.12404586585305098,29.0251,33.6,746301.3589167426,0.12271014117259622,0.15761875066752581,2024-10-24 15:16:00,28.85,2024-10-24 15:31:00,38.5,2024-10-24 15:31:00,38.5,188999.0,1.4952357896469008,0.8886292468709741,5.0,concentrated_volume_spike
MNPR,2024-10-28,False,2,rth_volume_campaign_1,rth,volume_campaign,2024-10-28 09:30:00,2024-10-28 09:58:00,28.0,29,14.67,16.18,14.6,2024-10-28 09:30:00,19.5,2024-10-28 09:43:00,0.3340149965916837,0.10293115201090659,0.3356164383561644,571961.0,19722.793103448275,91540.0,2024-10-28 09:43:00,18,0.42427018625395785,12284.0,19722.793103448275,0.33281989506277526,18,8,2,28,14,0,0,15,14,0.5838579903175216,0.41614200968247833,0.8567017681275472,0.2640040142597135,0.3292433537832311,-0.004771642808452644,11,8,7.45,,True,,2024-10-28 09:30:00,2024-10-28 09:57:00,28,565861.0,20209.321428571428,10000,0.7,16.805,17.3358,18.6833,14.6,19.5,571961.0,0.22278411623037628,0.7012684830059139,0.07594740076370982,18.7242,19.5,163723.73178243797,0.28624981735194877,0.04143301182427021,2024-10-28 12:42:00,18.83,2024-10-28 12:52:00,19.79,2024-10-28 12:52:00,19.79,12393.0,2.3710945721009433,2.213035714285714,5.0,concentrated_volume_spike
MNTS,2024-10-09,False,2,rth_volume_campaign_1,rth,volume_campaign,2024-10-09 09:32:00,2024-10-09 09:56:00,24.0,25,152.4642,204.6684,152.4642,2024-10-09 09:32:00,217.1884,2024-10-09 09:55:00,0.42452064156700386,0.34240300345917263,0.42452064156700386,361014.9008122656,14440.596032490623,21594.41370299054,2024-10-09 09:42:00,22,0.02305811447883626,13260.342905008632,14440.596032490623,0.17530762602446454,22,0,0,25,24,0,0,19,6,0.7312832960426265,0.2687167039573735,17.92840125279421,14.460400355371242,0.42452064156700386,0.0,11,5,6.95,,True,,2024-10-09 09:34:00,2024-10-09 09:55:00,22,336437.63784585823,15292.619902084465,10000,0.7,169.724,184.2869,206.401,152.4642,217.1884,361014.9008122655,0.07543373267410257,0.7249802062325353,0.1995860610933622,206.9404,212.4153,119857.61601334576,0.3320018529530834,0.02645640967157689,2024-10-09 10:42:00,212.6652,2024-10-09 10:43:00,214.5394,2024-10-09 10:50:00,231.1578,18948.87492542454,1.4897382122493374,1.0828190206144312,5.0,
MNTS,2025-08-13,False,1,premarket_full,premarket,volume_campaign,2025-08-13 04:06:00,2025-08-13 09:29:00,323.0,91,19.6351,33.7332,19.6351,2025-08-13 04:06:00,34.8078,2025-08-13 09:12:00,0.7727335231294976,0.7180050012477652,0.7727335231294976,3528159.902508,38770.98793964835,164014.48896,2025-08-13 09:12:00,4,0.14912837815371863,32464.46889,10889.382415148148,0.11707902208694278,88,56,25,89,37,2,2,40,41,0.4910341074996307,0.46281150940785565,0.43004570142114174,0.3995878982122758,0.7727335231294976,0.0,34,19,7.45,,True,,2025-08-13 08:12:00,2025-08-13 09:13:00,62,2455912.771986,39611.49632235483,81161.172225,0.7,26.4628,30.3824,31.5204,19.6351,34.8078,3528159.9025079994,0.09580538303319266,0.7151470913346925,0.1890475256321149,31.6468,34.2723,747689.4095115924,0.2119204996859966,0.08296257441510682,2025-08-13 09:30:00,31.9517,2025-08-13 09:32:00,34.9845,2025-08-13 09:32:00,34.9845,240909.333786,5.635568009544758,1.6722539866235642,5.0,concentrated_volume_spike
MNTS,2026-04-16,False,2,rth_volume_campaign_1,rth,volume_campaign,2026-04-16 09:30:00,2026-04-16 09:58:00,28.0,29,6.41,5.98,5.81,2026-04-16 09:30:00,6.45,2026-04-16 09:46:00,0.09984399375975048,-0.06708268330733225,0.11015490533562833,848115.0,29245.344827586207,174597.0,2026-04-16 09:30:00,22,0.3009014107756613,24756.0,29245.344827586207,0.3370498104620246,25,14,3,26,4,0,0,11,16,0.2819051661626077,0.6346238422855391,0.07546146454195488,0.050700671489125854,0.006240249609984405,-0.09360374414976608,8,11,4.7,,True,,2026-04-16 09:30:00,2026-04-16 09:57:00,28,837284.0,29903.0,13102.525,0.7,5.9913,5.9967,6.29,5.81,6.45,848115.0,0.06723589019785232,0.7086686430666992,0.2240954667354485,6.2953,6.45,326319.5051446035,0.3847585588565271,0.024573888456467533,2026-04-16 14:28:00,6.35,2026-04-16 14:33:00,6.52,2026-04-16 14:38:00,6.58,30156.0,1.602806346169178,1.0248776508972268,4.5,concentrated_volume_spike
MNTS,2026-05-11,False,1,premarket_full,premarket,volume_campaign,2026-05-11 04:00:00,2026-05-11 09:29:00,329.0,265,5.77,5.89,5.42,2026-05-11 04:01:00,6.51,2026-05-11 07:24:00,0.18890814558058924,0.020797227036395166,0.20110701107011067,657619.0,2481.5811320754715,50701.0,2026-05-11 07:24:00,15,0.4252158164529918,867.0,1992.7848484848485,0.1746421560204313,15,4,1,55,11,88,128,68,86,0.39546302646365145,0.44940915636561596,0.16574946891741263,0.018247647954210584,0.1282495667244368,-0.06065857885615246,68,176,3.95,many_flat_bars;many_zero_range_bars,True,,2026-05-11 04:02:00,2026-05-11 09:29:00,263,652896.0,2482.494296577947,10000,0.7,6.0377,6.1921,6.3283,5.42,6.51,657619.0,0.2017584166672761,0.7102969798127184,0.08794460352000542,6.3374,6.51,106060.39444949498,0.16127939498325775,0.027235143749802772,2026-05-11 10:22:00,6.38,2026-05-11 10:35:00,6.53,2026-05-11 10:35:00,6.53,80198.0,3.3798887390424817,3.6618419250262546,5.0,concentrated_volume_spike
MNTS,2026-05-21,False,2,rth_volume_campaign_1,rth,volume_campaign,2026-05-21 09:31:00,2026-05-21 09:39:00,8.0,9,6.14,6.09,5.9,2026-05-21 09:36:00,6.43,2026-05-21 09:33:00,0.08631921824104224,-0.008143322475570003,0.08983050847457616,168204.0,18689.333333333332,60000.0,2026-05-21 09:37:00,2,0.6378504672897196,15915.0,18689.333333333332,0.6632779244251028,5,2,1,9,7,0,0,3,6,0.2588761266081663,0.7411238733918337,0.3150935768471614,0.029725809136524593,0.047231270358306196,-0.03908794788273605,2,6,3.35,weak_close_displacement,True,,2026-05-21 09:33:00,2026-05-21 09:37:00,5,121461.0,24292.2,19222.5,0.7,5.953,6.0723,6.2268,5.9,6.43,168204.0,0.00717145337124651,0.7060044378332828,0.28682410879547077,6.2313,6.38,68828.99997916658,0.4091995432877136,0.02386339929067768,2026-05-21 09:46:00,6.36,2026-05-21 09:48:00,6.5,2026-05-21 09:48:00,6.5,36017.0,6.192531205942024,1.44623353678124,4.0,concentrated_volume_spike
MNTS,2026-05-26,False,1,premarket_full,premarket,volume_campaign,2026-05-26 04:00:00,2026-05-26 09:29:00,329.0,330,8.7,12.96,8.7,2026-05-26 04:00:00,13.84,2026-05-26 08:13:00,0.5908045977011496,0.4896551724137933,0.5908045977011496,15411682.0,46702.066666666666,374874.0,2026-05-26 07:01:00,73,0.26190892077840694,18608.5,46702.066666666666,0.06478734767561387,213,139,92,205,57,1,10,150,153,0.5093909282581875,0.44688386381187983,0.03335132401512048,0.027641369709029823,0.5908045977011496,0.0,125,118,7.45,,True,,2026-05-26 04:01:00,2026-05-26 09:29:00,329,15366045.0,46705.30395136778,68310.86249999999,0.7,11.6983,12.9405,13.2403,8.7,13.84,15411682.0,0.201660766676864,0.7098713919889234,0.08846784133421268,13.2832,13.84,1704259.6109583143,0.1105823239123617,0.0419176102144061,2026-05-26 09:39:00,13.29,2026-05-26 09:50:00,13.97,2026-05-26 09:50:00,13.97,651043.0,1.7559943962933975,1.303773082368585,5.0,concentrated_volume_spike
MOBX,2026-03-03,True,1,premarket_full,premarket,volume_campaign,2026-03-03 04:00:00,2026-03-03 09:29:00,329.0,136,1.692,4.585,1.689,2026-03-03 04:00:00,5.5,2026-03-03 07:34:00,2.2523640661938535,1.7098108747044916,2.256364712847839,15706349.0,115487.86029411765,489511.6,2026-03-03 08:35:00,11,0.919412379032199,96871.6,47594.99696969697,0.0827337021480931,119,116,105,119,69,8,14,62,65,0.48080090414392296,0.5191239606352819,0.024264073082802373,0.018419302920112113,2.2505910165484635,-0.001773049645390007,43,50,7.2,,True,,2026-03-03 07:33:00,2026-03-03 08:35:00,62,10320771.3,166464.05322580648,242179.0,0.7,4.5473,4.706,4.9919,1.689,5.5,15706349.0,0.21556178597979084,0.7050424582406224,0.07939575577958673,5.0236,5.4,2108826.835690992,0.13426588417785648,0.0749263476391433,2026-03-03 09:31:00,5.092,2026-03-03 11:15:00,5.426,2026-03-03 11:19:00,5.577,635410.5,1.626440072548165,0.635916307831249,5.0,concentrated_volume_spike
MOBX,2026-03-06,False,1,premarket_full,premarket,volume_campaign,2026-03-06 04:00:00,2026-03-06 09:29:00,329.0,329,10.2,10.3,9.51,2026-03-06 05:19:00,11.5,2026-03-06 08:53:00,0.1950980392156863,0.009803921568627591,0.20925341745531023,3153012.8,9583.625531914893,378024.2,2026-03-06 08:00:00,57,0.3304034794911077,2713.3,9554.584242424242,0.2599993568056559,57,24,11,123,20,4,29,138,161,0.48012713427614395,0.47303724869115665,0.06311423791238654,0.003171569744341077,0.12745098039215694,-0.06764705882352937,103,144,5.45,weak_close_displacement,True,,2026-03-06 04:00:00,2026-03-06 09:23:00,323,3113676.4,9639.865015479876,10000,0.7,9.6427,9.9246,10.6708,9.51,11.5,3153012.8,0.027482569579046986,0.7106844894335766,0.2618329409873763,10.6874,11.3,964935.6392878974,0.30603606788018667,0.05731983457155159,2026-03-06 09:31:00,10.95,2026-03-06 12:30:00,11.5,2026-03-06 12:30:00,11.5,321460.7,2.968231058731715,1.8962883654532479,5.0,concentrated_volume_spike
MOBX,2026-05-14,False,1,premarket_full,premarket,volume_campaign,2026-05-14 04:00:00,2026-05-14 09:29:00,329.0,125,1.86,2.9199,1.71,2026-05-14 06:24:00,3.22,2026-05-14 09:25:00,0.8118279569892474,0.5698387096774193,0.8830409356725147,25448700.0,203589.6,1593410.0,2026-05-14 09:25:00,29,0.09650606907229053,45410.0,77117.27272727272,0.1362725011493711,79,70,61,87,58,31,32,48,39,0.5603446148526251,0.418264115652273,0.0059335054442859565,0.004164849285032242,0.7311827956989247,-0.08064516129032265,33,65,6.45,many_zero_range_bars,True,,2026-05-14 08:53:00,2026-05-14 09:29:00,37,21337169.0,576680.2432432432,382140.39999999997,0.7,2.5153,2.9809,3.22,1.71,3.22,25448700.0,0.27421769426760767,0.7257823057323922,0.0,,,,,,2026-05-14 09:36:00,3.77,2026-05-14 09:36:00,3.77,2026-05-14 09:36:00,3.77,3729667.0,2.818935261868834,1.640520966894146,4.5,concentrated_volume_spike;no_upper_fight_zone_detected
MOVE,2026-01-27,True,1,rth_volume_campaign_1,rth,volume_campaign,2026-01-27 09:30:00,2026-01-27 09:43:00,13.0,14,14.03,15.29,13.62,2026-01-27 09:31:00,15.83,2026-01-27 09:41:00,0.1575196008553101,0.08980755523877404,0.1622613803230544,207788.938,14842.067,44031.792,2026-01-27 09:40:00,7,0.12655952839991896,14335.726999999999,14842.067,0.4562678500238545,8,2,0,12,8,0,0,9,4,0.6117337969165616,0.3768029749495134,1.0635792363499164,0.6063845419913547,0.12829650748396298,-0.029223093371347125,7,2,4.7,,True,,2026-01-27 09:30:00,2026-01-27 09:42:00,13,205282.07,15790.928461538462,12038.36445,0.7,14.8355,15.2959,15.5722,13.62,15.83,207788.938,0.24646052666237134,0.7048078195418119,0.048731653795816676,15.5906,15.83,50564.98750804076,0.2433478316735069,0.015355406462868641,2026-01-27 09:50:00,15.69,2026-01-27 09:51:00,16.52,2026-01-27 09:51:00,16.52,38184.244,2.951432260231555,1.3194744251525106,4.5,concentrated_volume_spike
MRKR,2025-07-17,True,2,rth_volume_campaign_2,rth,volume_campaign,2025-07-17 12:06:00,2025-07-17 12:17:00,11.0,12,2.14,2.158,2.11,2025-07-17 12:16:00,2.2,2025-07-17 12:12:00,0.04205607476635528,0.008411214953270931,0.042654028436019106,537093.0,44757.75,93538.0,2025-07-17 12:16:00,3,0.3688951447887051,35041.0,44757.75,0.46934888371287653,12,10,5,10,1,0,0,5,7,0.5913147257551299,0.40868527424487006,0.016756874507766865,0.0033513749015533236,0.028037383177570117,-0.014018691588785163,5,1,4.45,weak_range;weak_close_displacement,False,range_lt_8pct,2025-07-17 12:07:00,2025-07-17 12:09:00,3,183903.0,61301.0,54802.1,0.7,2.1565,2.1692,2.185,2.11,2.2,537093.0,0.2559047554682919,0.7058358300790466,0.03825941445266145,2.1858,2.2,288876.0263079826,0.537851035682801,0.006496477262329679,2025-07-17 12:32:00,2.19,2025-07-17 12:38:00,2.2048,2025-07-17 12:44:00,2.2493,64285.0,2.1424905348477576,1.176712855338544,4.0,small_range
MRM,2025-05-21,False,1,rth_volume_campaign_1,rth,volume_campaign,2025-05-21 09:33:00,2025-05-21 09:37:00,4.0,5,1.2524,1.3592,1.2524,2025-05-21 09:33:00,1.3899,2025-05-21 09:36:00,0.10978920472692427,0.08527626956244012,0.10978920472692427,91022.0,18204.4,77612.0,2025-05-21 09:34:00,1,0.02065434730065259,3426.0,18204.4,0.9683592977521918,1,1,1,4,3,1,1,3,1,0.9683592977521918,0.02065434730065259,0.15106238052338988,0.11733427083562216,0.10978920472692427,0.0,1,2,0.85,thin_total_volume;few_10k_volume_bars;many_zero_range_bars,False,volume_lt_100k;less_than_3_10k_volume_bars;less_than_5_meaningful_range_bars;movement_quality_score_lt_3,2025-05-21 09:34:00,2025-05-21 09:34:00,1,77612.0,77612.0,16775.05,0.7,1.2707,1.2925,1.3005,1.2524,1.3899,91022.0,0.02870300464600547,0.715359450721927,0.2559375446320675,1.3017,1.3681,17308.962683642018,0.19016240780956273,0.051010217408004925,2025-05-21 09:38:00,1.33,2025-05-21 10:08:00,1.43,2025-05-21 10:08:00,1.43,6122.0,2.684734464763408,1.064140448461672,3.5,low_total_volume;concentrated_volume_spike
MRM,2025-08-08,True,3,rth_volume_campaign_1,rth,volume_campaign,2025-08-08 09:30:00,2025-08-08 10:07:00,37.0,38,2.03,1.8395,1.76,2025-08-08 09:59:00,2.24,2025-08-08 09:38:00,0.23645320197044348,-0.09384236453201966,0.2727272727272728,24206792.0,637020.8421052631,2149368.0,2025-08-08 09:35:00,35,0.5919975269750738,507019.0,637020.8421052631,0.23634403930929798,38,38,38,33,18,0,0,16,22,0.4442015695429613,0.5557984304570387,0.0019829145472890428,0.000786969210955338,0.10344827586206917,-0.1330049261083743,13,18,5.85,low_price_volume_efficiency,True,,2025-08-08 09:30:00,2025-08-08 10:06:00,37,24054630.0,650125.1351351351,173691.6875,0.7,1.952,2.132,2.192,1.76,2.24,24206792.0,0.2724241170619195,0.7034392804715203,0.024136602466560242,2.196,2.24,3844016.989885363,0.15879910852645665,0.020036429872495463,2025-08-08 13:37:00,2.2,2025-08-08 13:38:00,2.27,2025-08-08 14:47:00,2.28,487264.0,5.244913468141767,2.3582615429290485,5.0,concentrated_volume_spike
MSAI,2025-10-23,False,1,rth_volume_campaign_1,rth,volume_campaign,2025-10-23 11:12:00,2025-10-23 11:52:00,40.0,41,34.908,38.268,34.816,2025-10-23 11:12:00,47.6,2025-10-23 11:38:00,0.3662197777013865,0.09625300790649706,0.36718749999999994,975282.175,23787.370121951222,61953.525,2025-10-23 11:46:00,36,0.3344941426823473,22555.5,23787.370121951222,0.16828550157804328,36,17,2,40,31,0,0,25,16,0.5644074752007028,0.4355925247992972,1.3108001281782884,0.3445156782446064,0.36358427867537524,-0.0026354990260111935,14,12,6.45,,True,,2025-10-23 11:14:00,2025-10-23 11:51:00,38,955953.1,25156.660526315787,10000,0.7,36.5205,38.3316,42.9125,34.816,47.6,975282.1749999999,0.016723992984542847,0.7055419044049696,0.27773410261048764,43.0191,47.6,313140.0792229701,0.3210763892234267,0.10648525887338414,2025-10-23 13:49:00,43.196,2025-10-23 14:07:00,48.404,2025-10-23 14:07:00,48.404,13250.875,1.9652317837824211,0.7200887416804675,5.0,concentrated_volume_spike
MSGM,2025-04-17,True,1,rth_volume_campaign_1,rth,volume_campaign,2025-04-17 11:58:00,2025-04-17 12:18:00,20.0,21,1.5899,1.6697,1.56,2025-04-17 12:13:00,2.0,2025-04-17 12:02:00,0.2767469652179382,0.050191835964525984,0.282051282051282,2644156.0,125912.19047619047,306671.0,2025-04-17 12:06:00,13,0.759232813797673,109129.0,125912.19047619047,0.2950313824146533,20,19,17,20,17,0,0,8,11,0.3900968777938972,0.5102376713022984,0.01664047053199584,0.003017976246484696,0.25794075099062824,-0.018806214227309916,6,7,6.2,,True,,2025-04-17 12:00:00,2025-04-17 12:17:00,18,2563523.0,142417.94444444444,79965.25,0.7,1.6187,1.6517,1.8387,1.56,2.0,2644156.0,0.02254298950203462,0.7518465425029869,0.22561046799497847,1.8423,1.9597,797880.1865216636,0.30175231208811565,0.0637246919611355,2025-04-17 13:06:00,1.8549,2025-04-17 13:38:00,1.9877,2025-04-17 13:41:00,2.0598,238044.0,1.7591451248170975,0.358657182590563,5.5,
MTC,2025-11-11,True,2,rth_volume_campaign_1,rth,volume_campaign,2025-11-11 09:33:00,2025-11-11 09:51:00,18.0,19,2.23,2.3757,2.22,2025-11-11 09:37:00,2.42,2025-11-11 09:43:00,0.0896860986547084,0.06533632286995524,0.09009009009008996,422942.0,22260.105263157893,80933.0,2025-11-11 09:34:00,4,0.24698894883932077,14888.0,22260.105263157893,0.48623688354431577,11,6,3,15,4,0,0,12,6,0.7906757900610486,0.19244246255987818,0.047287807784518854,0.03444916797102207,0.08520179372197308,-0.0044843049327353305,10,5,4.45,,True,,2025-11-11 09:34:00,2025-11-11 09:43:00,10,311340.0,31134.0,38948.774999999994,0.7,2.2733,2.3783,2.39,2.22,2.42,422942.0,0.283506391620043,0.7054070271505608,0.011086581229396292,,,,,,2025-11-11 09:56:00,2.43,2025-11-11 09:56:00,2.43,2025-11-11 09:56:00,2.43,32025.0,2.6686165691715416,2.0781959766385465,3.5,concentrated_volume_spike;no_upper_fight_zone_detected
MTVA,2025-09-15,False,1,rth_volume_campaign_1,rth,volume_campaign,2025-09-15 13:31:00,2025-09-15 14:30:00,59.0,60,9.2477,12.6511,8.745,2025-09-15 13:31:00,15.84,2025-09-15 14:10:00,0.7672177946948971,0.36802664446294747,0.8113207547169813,3755322.335583,62588.70559305,143859.037959,2025-09-15 14:10:00,50,0.3115630655679411,58114.48734000001,62588.70559305,0.1092107072071964,60,53,33,60,57,0,0,33,26,0.569326130666246,0.4089920819610703,0.18893185100976234,0.09062870496499295,0.7128583323420958,-0.05435946235280133,18,18,7.2,,True,,2025-09-15 13:33:00,2025-09-15 14:29:00,57,3707364.110814,65041.47562831579,29019.698252999995,0.7,9.5727,11.1691,14.1845,8.745,15.84,3755322.335583,0.01267088930919914,0.706631679863122,0.2806974308276788,14.2436,15.73,914985.7469591019,0.24365038875339412,0.10435564042798166,2025-09-15 15:05:00,14.52,2025-09-15 15:11:00,16.06,2025-09-15 15:11:00,16.06,174199.189437,9.620877209101959,2.0346676265592945,5.5,
MTVA,2026-05-20,True,1,premarket_full,premarket,volume_campaign,2026-05-20 04:00:00,2026-05-20 09:29:00,329.0,328,2.13,1.98,1.75,2026-05-20 06:18:00,2.31,2026-05-20 04:00:00,0.26291079812206575,-0.07042253521126757,0.32,3311875.0,10097.17987804878,474114.0,2026-05-20 04:01:00,73,0.9656116248348745,4961.5,10035.984848484848,0.1945049254576335,85,24,4,109,11,15,41,130,140,0.3369517267408945,0.5756651443668617,0.016908850726552183,0.0045291564446121885,0.08450704225352121,-0.17840375586854457,117,161,6.2,,True,,2026-05-20 04:00:00,2026-05-20 09:29:00,328,3311875.0,10097.17987804878,12403.75,0.7,1.8433,2.1373,2.142,1.75,2.31,3311875.0,0.2520628210205134,0.7215620939445743,0.026375085034912274,2.1467,2.2867,81727.18627777787,0.024677014162001246,0.06521637862766112,2026-05-20 10:03:00,2.28,2026-05-20 10:07:00,2.301,2026-05-20 10:41:00,2.34,131297.0,3.1534186433024947,1.9353065165160739,5.0,concentrated_volume_spike
MTVA,2026-05-27,False,1,premarket_full,premarket,volume_campaign,2026-05-27 04:00:00,2026-05-27 09:29:00,329.0,282,2.96,2.73,2.52,2026-05-27 08:35:00,3.09,2026-05-27 04:03:00,0.19256756756756752,-0.0777027027027027,0.22619047619047614,517693.0,1835.790780141844,27411.0,2026-05-27 04:00:00,7,0.886610404235715,779.5,1568.7666666666667,0.1398203182194853,7,1,0,48,7,93,128,82,84,0.35068080889639225,0.43766865690669954,0.11010386464564904,0.04442787520789348,0.04391891891891889,-0.14864864864864863,80,183,3.95,many_flat_bars;many_zero_range_bars,True,,2026-05-27 04:00:00,2026-05-27 08:35:00,233,435281.0,1868.1587982832618,10000,0.7,2.539,2.6482,2.7195,2.52,3.09,517693.0,0.015857952195345023,0.7063520252684877,0.27779002253616714,2.7243,3.01,87129.28919875057,0.16830300815106747,0.1048709760305399,2026-05-27 09:30:00,2.9112,2026-05-27 09:31:00,3.0756,2026-05-27 09:31:00,3.0756,41708.0,17.03201568114995,2.203740885554264,5.0,concentrated_volume_spike
MWG,2024-06-04,False,1,rth_volume_campaign_1,rth,volume_campaign,2024-06-04 10:02:00,2024-06-04 10:07:00,5.0,5,3.33,4.8,3.33,2024-06-04 10:02:00,5.128,2024-06-04 10:06:00,0.5399399399399399,0.4414414414414414,0.5399399399399399,116121.2,23224.239999999998,48920.6,2024-06-04 10:04:00,3,0.044754962918054586,27525.9,19353.533333333333,0.9549005694050698,3,3,0,4,4,1,1,3,1,0.9549005694050697,0.044754962918054586,1.5483822075555542,1.2659187125176108,0.5399399399399399,0.0,3,2,4.35,many_zero_range_bars,False,less_than_5_meaningful_range_bars,2024-06-04 10:04:00,2024-06-04 10:06:00,3,110884.2,36961.4,10000,0.7,4.4388,4.8433,5.128,3.33,5.128,116121.19999999998,0.2932680804559585,0.7067319195440416,0.0,,,,,,2024-06-04 10:35:00,5.3,2024-06-04 10:35:00,5.3,2024-06-04 10:35:00,5.3,43423.2,7.403797789936555,2.796949475691134,4.5,no_upper_fight_zone_detected
MYSE,2025-01-07,False,1,premarket_full,premarket,volume_campaign,2025-01-07 04:00:00,2025-01-07 09:29:00,329.0,325,2.26,2.39,2.21,2025-01-07 04:00:00,3.15,2025-01-07 04:03:00,0.41592920353982304,0.05752212389380546,0.4253393665158371,3561857.0,10959.56,137710.0,2025-01-07 04:03:00,74,0.9297518120463567,4475.0,10793.506060606062,0.10819889737291531,81,36,17,177,40,33,41,124,129,0.4334741681095002,0.5027416878330602,0.02639072820722449,0.003649781560573609,0.3938053097345134,-0.022123893805309658,106,133,6.2,,True,,2025-01-07 04:00:00,2025-01-07 09:27:00,323,3550949.0,10993.650154798761,11420.65,0.7,2.5233,2.6565,2.8053,2.21,3.15,3561856.9999999995,0.20430217379811086,0.7042811129462059,0.09141671325568332,2.8132,2.91,389225.9218701827,0.10927612250300411,0.03440921370681075,2025-01-07 10:19:00,2.855,2025-01-07 10:23:00,2.9813,2025-01-07 10:23:00,2.9813,765181.0,4.560033992524505,1.6378298429767633,5.0,concentrated_volume_spike
MYSE,2025-01-10,False,1,premarket_full,premarket,volume_campaign,2025-01-10 04:00:00,2025-01-10 09:29:00,329.0,184,3.5,3.6,3.16,2025-01-10 05:57:00,4.51,2025-01-10 08:20:00,0.3857142857142856,0.0285714285714286,0.4272151898734176,2987760.0,16237.826086956522,279124.0,2025-01-10 08:20:00,42,0.6073044688997777,1485.0,9053.818181818182,0.22295298149784454,42,25,19,92,42,46,48,50,74,0.42813612873858675,0.5400862184378933,0.04518435215679973,0.0033469890486518355,0.28857142857142853,-0.0971428571428571,47,115,5.45,many_zero_range_bars,True,,2025-01-10 08:00:00,2025-01-10 09:08:00,68,2843855.0,41821.39705882353,10000,0.7,3.655,4.0262,4.2625,3.16,4.51,2987760.0,0.24639867448188624,0.7283225804151419,0.025278745102971914,4.2737,4.37,401277.8194704547,0.1343072467234499,0.02253316798090654,2025-01-10 10:19:00,4.3984,2025-01-10 10:19:00,4.3984,2025-01-10 10:19:00,4.3984,797242.0,3.909101027678527,1.8470495563329703,5.0,concentrated_volume_spike
MYSE,2025-01-16,False,1,premarket_full,premarket,volume_campaign,2025-01-16 04:00:00,2025-01-16 09:29:00,329.0,87,4.31,4.3,4.05,2025-01-16 05:54:00,4.39,2025-01-16 04:18:00,0.07888631090487236,-0.002320185614849139,0.08395061728395059,61438.0,706.183908045977,9898.0,2025-01-16 08:00:00,0,0.9563136820860054,300.0,186.1757575757576,0.31662814544744294,0,0,0,11,2,58,60,15,12,0.4343891402714932,0.22311924216283083,0.5534034311012725,0.016276571502978263,0.01856148491879352,-0.06032482598607884,16,70,0.7,weak_close_displacement;thin_total_volume;few_10k_volume_bars;many_flat_bars;many_zero_range_bars,False,range_lt_8pct;volume_lt_100k;less_than_3_10k_volume_bars;flat_bar_pct_gte_65;zero_range_bar_pct_gte_55;movement_quality_score_lt_3,2025-01-16 08:00:00,2025-01-16 08:00:00,1,9898.0,9898.0,10000,0.7,4.1747,4.3305,4.3617,4.05,4.39,61438.0,0.2650821098777067,0.7237891718945481,0.01112871822774514,,,,,,2025-01-16 09:31:00,4.417,2025-01-16 09:31:00,4.417,2025-01-16 09:32:00,4.52,42078.0,3.9576749435665914,0.5774551243344129,2.5,low_total_volume;concentrated_volume_spike;no_upper_fight_zone_detected
MYSE,2025-02-18,False,1,rth_volume_campaign_1,rth,volume_campaign,2025-02-18 09:31:00,2025-02-18 09:35:00,4.0,5,2.685,2.77,2.685,2025-02-18 09:31:00,2.87,2025-02-18 09:34:00,0.06890130353817507,0.031657355679702036,0.06890130353817507,75903.0,15180.6,42184.0,2025-02-18 09:33:00,1,0.21068995955364084,10247.0,15180.6,0.9014531704939198,3,1,0,5,1,0,0,4,1,0.7893100404463592,0.21068995955364084,0.2437321317997972,0.11198503352963647,0.06890130353817507,0.0,3,2,3.1,thin_total_volume,False,range_lt_8pct;volume_lt_100k,2025-02-18 09:33:00,2025-02-18 09:33:00,1,42184.0,42184.0,22114.5,0.7,2.7929,2.8315,2.8577,2.685,2.87,75903.0,0.24685261970246117,0.7260302747591947,0.027117105538344035,2.8592,2.8623,1884.1872673107318,0.024823620506577236,0.0010842193620592756,2025-02-18 09:55:00,2.875,2025-02-18 09:55:00,2.875,2025-02-18 09:56:00,3.05,47495.0,12.022833130822194,3.6250190810563274,3.0,low_total_volume;concentrated_volume_spike
NA,2025-06-09,True,1,rth_volume_campaign_1,rth,volume_campaign,2025-06-09 09:36:00,2025-06-09 09:54:00,18.0,19,7.44,8.86,7.43,2025-06-09 09:36:00,9.0,2025-06-09 09:53:00,0.21102150537634412,0.1908602150537633,0.21130551816958282,188987.0,9946.684210526315,19516.0,2025-06-09 09:44:00,11,0.049828824204839486,10168.0,9946.684210526315,0.2866334721435866,11,0,0,14,4,0,0,13,5,0.671908649801309,0.2438686258843201,0.8307449718763726,0.7513744331620689,0.20967741935483863,-0.001344086021505467,11,5,6.45,,True,,2025-06-09 09:38:00,2025-06-09 09:48:00,11,137529.0,12502.636363636364,10000,0.7,8.4243,8.4636,8.9477,7.43,9.0,188987.0,0.2557617589216895,0.7081352860249646,0.0361029550533459,8.957699999999999,9.0,30945.98916666668,0.16374665541368813,0.00472219431327248,2025-06-09 09:58:00,8.99,2025-06-09 09:59:00,9.09,2025-06-09 09:59:00,9.09,22606.0,2.82218698892648,1.592869222096956,5.0,
NAAS,2024-07-18,False,1,rth_volume_campaign_1,rth,volume_campaign,2024-07-18 09:37:00,2024-07-18 09:47:00,10.0,7,91.04,93.76,89.6,2024-07-18 09:46:00,104.0,2024-07-18 09:43:00,0.1581722319859403,0.02987697715289981,0.16071428571428578,101952.1875,14564.598214285714,26159.3125,2024-07-18 09:45:00,4,0.67172724959923,16087.875,9268.380681818182,0.6803011215428801,4,2,0,7,7,0,0,5,2,0.5856176455262424,0.4143823544737576,14.124267809359173,2.667917252878953,0.14235500878734614,-0.015817223198594153,4,1,4.35,,True,,2024-07-18 09:43:00,2024-07-18 09:46:00,4,85446.0625,21361.515625,10000,0.7,95.12,101.72,102.8,89.6,104.0,101952.1875,0.272439600114524,0.7016900770725822,0.02587032281289371,102.92,103.64,2198.6481766845436,0.02156548310142481,0.0069957248348231525,2024-07-18 10:49:00,105.36,2024-07-18 10:49:00,105.36,2024-07-18 10:49:00,105.36,26016.5,11.8344567989333,6.8088196807118555,5.0,
NAGE,2024-11-01,False,1,rth_volume_campaign_1,rth,volume_campaign,2024-11-01 09:30:00,2024-11-01 09:39:00,9.0,10,4.11,4.0927,3.83,2024-11-01 09:37:00,4.7499,2024-11-01 09:32:00,0.22381995133819954,-0.004209245742092587,0.24018276762402094,1177966.0,117796.6,226166.0,2024-11-01 09:30:00,6,0.5181049368148147,115417.0,117796.6,0.4929293375190795,10,10,9,10,9,0,0,4,6,0.4036686967195997,0.5963313032804003,0.0780922369576032,0.001468633220313705,0.15569343065693428,-0.06812652068126526,3,3,6.2,weak_close_displacement,True,,2024-11-01 09:30:00,2024-11-01 09:37:00,8,1048053.0,131006.625,77819.92499999999,0.7,4.1213,4.4816,4.6272,3.83,4.7499,1177966.0,0.25905155216109305,0.7145136304135377,0.026434817425369204,4.6349,4.7116,23354.487107469402,0.01982611306902695,0.016548361345444296,2024-11-01 09:49:00,4.6819,2024-11-01 09:50:00,4.7795,2024-11-01 09:53:00,4.85,219087.0,2.2987093518220267,0.8890399340992002,5.5,
NAMM,2026-01-22,True,1,premarket_full,premarket,volume_campaign,2026-01-22 04:00:00,2026-01-22 09:29:00,329.0,308,2.4,2.13,1.82,2026-01-22 08:58:00,2.5,2026-01-22 04:00:00,0.2833333333333333,-0.11250000000000002,0.3736263736263736,3031372.0,9842.116883116883,1048987.0,2026-01-22 08:01:00,56,0.9827263034691882,2762.5,9185.975757575758,0.4071839417926932,56,12,4,104,17,69,71,86,112,0.24047526994377463,0.6653475719905046,0.022432086857040307,0.008906858016766005,0.041666666666666706,-0.2416666666666666,95,180,6.45,many_zero_range_bars,True,,2026-01-22 04:00:00,2026-01-22 09:29:00,308,3031372.0,9842.116883116883,10000,0.7,1.854,1.9957,2.1033,1.82,2.5,3031371.9999999995,0.04234681918516493,0.7005766621568161,0.257076518658019,2.109,2.28,439536.1504886019,0.14499578094955087,0.081081081081081,2026-01-22 09:30:00,2.1866,2026-01-22 09:47:00,2.3388,2026-01-22 09:47:00,2.3388,211225.0,1.6784616558225873,1.0212937757771212,5.0,concentrated_volume_spike
NAMM,2026-01-28,True,1,premarket_full,premarket,volume_campaign,2026-01-28 04:00:00,2026-01-28 09:29:00,329.0,247,4.79,4.68,4.2,2026-01-28 08:05:00,4.93,2026-01-28 04:00:00,0.15240083507306879,-0.02296450939457209,0.1738095238095237,1149222.0,4652.72064777328,231886.0,2026-01-28 08:00:00,21,0.9981526632800277,1104.0,3482.490909090909,0.30247680604791766,21,8,3,36,6,68,81,80,86,0.36055348748979743,0.5497336458926125,0.06352123436550984,0.009571692849597408,0.02922755741127342,-0.12317327766179538,67,148,4.7,many_zero_range_bars,True,,2026-01-28 05:16:00,2026-01-28 09:25:00,186,1058328.0,5689.935483870968,10000,0.7,4.2243,4.2669,4.6258,4.2,4.93,1149222.0,0.015259600294900992,0.7127217295101337,0.27201867019496534,4.6319,4.8,611626.4691040679,0.5322091546316272,0.036291802500053955,2026-01-28 09:30:00,4.8592,2026-01-28 09:30:00,4.8592,2026-01-28 09:30:00,4.8592,240498.0,26.890513887025357,13.943529684601113,5.0,concentrated_volume_spike
NAMM,2026-02-19,False,1,rth_volume_campaign_1,rth,volume_campaign,2026-02-19 09:30:00,2026-02-19 09:35:00,5.0,6,2.66,2.5202,2.52,2026-02-19 09:34:00,2.68,2026-02-19 09:30:00,0.060150375939849676,-0.05255639097744366,0.06349206349206354,116908.0,19484.666666666668,51336.0,2026-02-19 09:30:00,2,0.5608854826017039,10574.5,19484.666666666668,0.9002720087590242,3,2,1,3,1,0,0,1,5,0.03248708386081363,0.9675129161391863,0.13685975296814604,0.1195812091559176,0.0075187969924812095,-0.05263157894736847,0,4,2.35,,False,range_lt_8pct;less_than_5_meaningful_range_bars;movement_quality_score_lt_3,2026-02-19 09:30:00,2026-02-19 09:34:00,5,111985.0,22397.0,22568.75,0.7,2.584,2.612,2.68,2.52,2.68,116908.0,0.2881112134131536,0.7118887865868464,0.0,,,,,,2026-02-19 09:45:00,2.69,2026-02-19 09:45:00,2.69,2026-02-19 09:45:00,2.69,19077.0,2.5995421470035156,2.8502913491707753,3.5,concentrated_volume_spike;no_upper_fight_zone_detected
NAMM,2026-02-25,True,1,premarket_full,premarket,volume_campaign,2026-02-25 04:00:00,2026-02-25 09:29:00,329.0,68,3.53,3.63,3.51,2026-02-25 06:57:00,3.65,2026-02-25 04:53:00,0.03966005665722383,0.028328611898017025,0.03988603988603993,51852.0,762.5294117647059,3408.0,2026-02-25 09:20:00,0,0.9595386870323228,500.0,157.12727272727273,0.17902877420350227,0,0,0,4,0,47,52,11,7,0.24504358558975545,0.2017665663812389,0.2699992285736329,0.19285659183830922,0.03399433427762043,-0.005665722379603405,11,55,0.0,weak_range;thin_total_volume;few_10k_volume_bars;many_flat_bars;many_zero_range_bars,False,range_lt_8pct;volume_lt_100k;less_than_3_10k_volume_bars;less_than_5_meaningful_range_bars;flat_bar_pct_gte_65;zero_range_bar_pct_gte_55;movement_quality_score_lt_3,2026-02-25 09:20:00,2026-02-25 09:20:00,1,3408.0,3408.0,10000,0.7,3.538,3.5508,3.5823,3.51,3.65,51852.0,0.07980328627632483,0.7214924046645573,0.1987043090591178,3.5835,3.65,16831.432666666704,0.32460527398493216,0.01855727640574857,2026-02-25 09:30:00,3.7999,2026-02-25 09:30:00,3.7999,2026-02-25 09:30:00,3.7999,125435.0,86.32234533067236,36.80604460093897,2.0,small_range;low_total_volume;concentrated_volume_spike
NBP,2025-08-01,False,1,premarket_full,premarket,volume_campaign,2025-08-01 04:19:00,2025-08-01 09:29:00,310.0,67,1.98,2.32,1.98,2025-08-01 04:19:00,2.47,2025-08-01 08:59:00,0.2474747474747476,0.17171717171717166,0.2474747474747476,360494.0,5380.507462686567,46600.0,2025-08-01 08:59:00,12,0.5715102054403125,1969.0,1159.144694533762,0.2817189745182999,12,2,0,24,7,25,26,25,14,0.5923510516125094,0.3213007706092196,0.13592459236492152,0.09431502327361894,0.2474747474747476,0.0,23,36,5.2,many_flat_bars;many_zero_range_bars,True,,2025-08-01 08:00:00,2025-08-01 09:18:00,51,326923.0,6410.254901960784,10000,0.7,2.2903,2.3679,2.4047,1.98,2.47,360494.0,0.2758937159548233,0.706008895461733,0.01809738858344373,2.4088,2.4496,4892.999999999974,0.013573041437582799,0.016937894387246924,2025-08-01 09:34:00,2.54,2025-08-01 09:34:00,2.54,2025-08-01 09:34:00,2.54,210282.0,10.74945941386661,3.4698282263254296,4.5,concentrated_volume_spike
NCI,2024-09-19,True,1,rth_volume_campaign_1,rth,volume_campaign,2024-09-19 13:58:00,2024-09-19 15:11:00,73.0,74,3.139,3.9325,2.968,2024-09-19 14:08:00,4.3175,2024-09-19 15:01:00,0.4299139853456515,0.2527875119464799,0.45468328840970346,1273967.0,17215.77027027027,68439.6,2024-09-19 14:46:00,46,0.10989845105877939,11619.0,17215.77027027027,0.1557724807628455,46,18,3,72,52,1,1,39,34,0.5526220066924811,0.44722414316854364,0.10592896048327781,0.0622857577943542,0.3754380375915897,-0.05447594775406175,30,25,7.45,,True,,2024-09-19 13:59:00,2024-09-19 15:10:00,72,1263868.0,17553.722222222223,10000,0.7,3.4628,3.744,4.0476,2.968,4.3175,1273967.0,0.17298131310759107,0.7243116793819675,0.10270700751044137,4.0576,4.2388,220847.54961940736,0.17335421531280432,0.0446569400630916,2024-09-19 15:16:00,4.129,2024-09-19 15:27:00,4.45,2024-09-19 15:27:00,4.45,37758.0,2.293983200057353,0.7177726578004882,5.0,concentrated_volume_spike
NCI,2024-10-21,True,1,rth_volume_campaign_1,rth,volume_campaign,2024-10-21 12:12:00,2024-10-21 12:17:00,5.0,6,6.2,6.35,6.1,2024-10-21 12:17:00,6.95,2024-10-21 12:14:00,0.13709677419354846,0.024193548387096687,0.13934426229508207,82616.6,13769.433333333334,29574.2,2024-10-21 12:14:00,3,0.519224949949526,10865.7,13769.433333333334,0.7665384438478465,3,1,0,6,5,0,0,2,4,0.4724764756719594,0.5275235243280405,1.0288489238240262,0.18156157479247445,0.12096774193548386,-0.016129032258064602,1,2,3.6,thin_total_volume,False,volume_lt_100k,2024-10-21 12:14:00,2024-10-21 12:16:00,3,63328.8,21109.600000000002,10000,0.7,6.44,6.4754,6.8933,6.1,6.95,82616.59999999999,0.21190229655309206,0.7093713303110147,0.07872637313589324,6.9004,6.95,56215.658533219714,0.6804402327524943,0.0071879891020810195,2024-10-21 13:13:00,7.15,2024-10-21 13:13:00,7.15,2024-10-21 13:13:00,7.15,24830.2,14.967328928967548,5.860049089021052,4.0,low_total_volume
NCI,2026-02-11,True,1,rth_volume_campaign_1,rth,volume_campaign,2026-02-11 10:40:00,2026-02-11 12:07:00,87.0,84,1.1287,1.535,1.06,2026-02-11 10:40:00,2.09,2026-02-11 11:21:00,0.9125542659696995,0.3599716487995037,0.971698113207547,40445134.0,481489.6904761905,1270466.0,2026-02-11 11:07:00,68,0.44047029242133307,396783.0,459603.79545454547,0.09235377981440239,84,84,84,83,77,1,1,39,42,0.5191190366682924,0.4630065263227957,0.0025466598775516474,0.0010045707847079945,0.851687782404536,-0.06086648356516344,25,36,7.2,,True,,2026-02-11 10:42:00,2026-02-11 10:54:00,9,2873209.0,319245.44444444444,183230.65,0.7,1.472,1.6351,1.9183,1.06,2.09,40445134.0,0.17414153780389116,0.7103775046669566,0.11548095752915215,1.9269,2.05,6056940.6565330485,0.1497569684534374,0.06388499662670598,2026-02-11 15:01:00,2.22,2026-02-11 15:01:00,2.22,2026-02-11 15:01:00,2.22,711494.0,2.459375883602617,1.6972783679272514,5.0,concentrated_volume_spike
NDRA,2024-10-22,True,1,rth_volume_campaign_1,rth,volume_campaign,2024-10-22 09:58:00,2024-10-22 10:06:00,8.0,9,10.1992,9.3101,9.2751,2024-10-22 10:06:00,11.3857,2024-10-22 10:00:00,0.2069377990430622,-0.08717350380421986,0.2275554980539293,145916.782644,16212.975849333332,29274.960869,2024-10-22 10:00:00,3,0.5672563089808748,14972.06113,16212.975849333332,0.47905393286763465,8,1,0,9,9,0,0,4,5,0.3988187964984089,0.6011812035015911,1.4464408834652895,0.6093199040505012,0.11633265354145429,-0.0906051455016079,4,4,5.2,,True,,2024-10-22 10:00:00,2024-10-22 10:01:00,2,50536.499083999995,25268.249541999998,19200.834840299998,0.7,10.2249,10.7701,11.0691,9.2751,11.3857,145916.782644,0.2085980821150021,0.7184976961804478,0.07290422170455017,11.0867,11.1922,8010.920033087425,0.05490060764725084,0.009515906446462812,2024-10-22 10:23:00,11.8967,2024-10-22 10:23:00,11.8967,2024-10-22 10:23:00,11.8967,30824.251915,6.038946281916942,2.1899974220159835,5.0,
NEGG,2025-06-05,True,1,rth_volume_campaign_1,rth,volume_campaign,2025-06-05 10:55:00,2025-06-05 11:03:00,8.0,9,7.83,8.33,7.49,2025-06-05 10:55:00,9.15,2025-06-05 11:01:00,0.21200510855683272,0.06385696040868455,0.22162883845126838,605121.0,67235.66666666667,161692.0,2025-06-05 11:01:00,6,0.1331750178889842,51622.0,67235.66666666667,0.6343045440498677,8,6,5,9,8,0,0,4,5,0.337368889858392,0.662631110141608,0.27432530022921037,0.08262810247867781,0.16858237547892724,-0.04342273307790547,5,1,6.45,,True,,2025-06-05 10:56:00,2025-06-05 11:02:00,7,573243.0,81891.85714285714,30435.899999999998,0.7,8.1263,8.1678,8.8733,7.49,9.15,605121.0,0.15702860426078233,0.7099548272351139,0.1330165685041037,8.8872,9.0532,64670.47669977177,0.10687197552187375,0.018678548924295657,2025-06-05 11:18:00,9.0,2025-06-05 11:37:00,9.18,2025-06-05 11:37:00,9.18,21676.0,2.2939993650121706,0.766857708908229,5.5,
NEGG,2025-06-09,True,1,rth_volume_campaign_1,rth,volume_campaign,2025-06-09 09:32:00,2025-06-09 09:37:00,5.0,6,10.77,11.02,10.76,2025-06-09 09:32:00,11.57,2025-06-09 09:35:00,0.07520891364902511,0.023212627669452184,0.07527881040892198,59416.0,9902.666666666666,18122.0,2025-06-09 09:34:00,3,0.33251985997037836,9639.5,9902.666666666666,0.7537868587585835,3,0,0,5,3,0,0,2,3,0.32447488891880977,0.6375218796283829,1.3632691530900776,0.4207620842870607,0.07428040854224705,-0.0009285051067780675,1,5,2.85,thin_total_volume,False,range_lt_8pct;volume_lt_100k;movement_quality_score_lt_3,2025-06-09 09:34:00,2025-06-09 09:36:00,3,44787.0,14929.0,11402.25,0.7,11.219,11.2662,11.3945,10.76,11.57,59416.0,0.19572319067084953,0.7198714260990453,0.08440538323010517,11.4013,11.4283,2693.8064999999415,0.0453380655042403,0.002368151000324458,2025-06-09 09:43:00,11.49,2025-06-09 09:43:00,11.49,2025-06-09 09:47:00,11.92,29179.0,6.303929829109686,3.0240439423774483,3.5,low_total_volume
NEON,2024-08-21,False,1,rth_volume_campaign_1,rth,volume_campaign,2024-08-21 09:30:00,2024-08-21 09:56:00,26.0,23,3.41,4.005,3.41,2024-08-21 09:30:00,4.24,2024-08-21 09:36:00,0.2434017595307918,0.1744868035190615,0.2434017595307918,651680.0,28333.91304347826,122576.0,2024-08-21 09:36:00,11,0.7212911244782716,14234.0,24136.296296296296,0.39748803093542845,19,8,4,22,10,1,1,12,9,0.5924011784925116,0.3558771176037319,0.12736312300515593,0.09130247974465992,0.2434017595307918,0.0,10,4,7.45,,True,,2024-08-21 09:30:00,2024-08-21 09:53:00,20,613624.0,30681.2,14465.275,0.7,3.7835,3.9564,4.0602,3.41,4.24,651680.0,0.13407259522482537,0.7003025392169997,0.1656248655581748,4.0671,4.24,276415.0237443183,0.42415759842916506,0.04251186348995606,2024-08-21 10:03:00,4.15,2024-08-21 10:09:00,4.38,2024-08-21 10:09:00,4.38,34840.0,2.047845765003233,0.7863672271752624,5.0,concentrated_volume_spike
NEON,2025-06-13,True,2,rth_volume_campaign_2,rth,volume_campaign,2025-06-13 14:24:00,2025-06-13 14:32:00,8.0,9,16.4,15.9,15.81,2025-06-13 14:31:00,16.46,2025-06-13 14:24:00,0.03963414634146344,-0.030487804878048676,0.041113219481340946,120523.0,13391.444444444445,25174.0,2025-06-13 14:31:00,2,0.9022925084838579,12362.0,13391.444444444445,0.5020701442878123,6,1,0,8,0,0,0,2,7,0.17261435576611933,0.8273856442338807,0.5393161471254452,0.41485857471187926,0.0036585365853659927,-0.03597560975609745,1,4,3.2,weak_range,False,range_lt_8pct,2025-06-13 14:26:00,2025-06-13 14:26:00,1,19134.0,19134.0,18150.7375,0.7,15.9942,16.1187,16.265,15.81,16.46,120522.99999999999,0.19535307585341508,0.7006618023353706,0.10398512181121444,16.2704,16.46,47298.157901987106,0.392440927474317,0.011653063231389654,2025-06-13 14:45:00,16.44,2025-06-13 15:02:00,16.545,2025-06-13 15:21:00,16.88,33814.0,13.282790588050439,7.598651685393259,3.5,small_range
NEUP,2025-01-24,False,1,rth_volume_campaign_1,rth,volume_campaign,2025-01-24 10:44:00,2025-01-24 14:08:00,204.0,103,4.55,5.72,4.28,2025-01-24 10:52:00,12.55,2025-01-24 11:57:00,1.8175824175824176,0.2571428571428571,1.9322429906542054,20051620.0,194675.9223300971,749456.0,2025-01-24 11:42:00,89,0.40521668573412023,126706.0,97812.78048780488,0.10809969468801024,102,95,82,100,93,2,2,55,43,0.608708922271617,0.37522265033947383,0.04124355039642682,0.005834940019808873,1.7582417582417582,-0.05934065934065925,37,32,7.45,,True,,2025-01-24 10:46:00,2025-01-24 14:07:00,100,19982926.0,199829.26,36992.625,0.7,5.7962,6.2786,9.1042,4.28,12.55,20051620.0,0.04915446471344369,0.7190915863106071,0.23175394897594923,9.1731,10.4,4324182.209353772,0.21565251133593055,0.13374976834439836,,,,,,,,,,5.0,concentrated_volume_spike
NEXR,2026-05-29,True,1,premarket_full,premarket,volume_campaign,2026-05-29 04:00:00,2026-05-29 09:29:00,329.0,330,1.84,1.58,1.47,2026-05-29 08:37:00,2.09,2026-05-29 04:00:00,0.3369565217391304,-0.14130434782608695,0.4217687074829931,7685784.0,23290.254545454547,467125.0,2026-05-29 04:00:00,59,0.9392222055680982,12622.5,23290.254545454547,0.15628867529974821,197,78,34,223,44,4,12,126,149,0.43178132510619605,0.4892069566357837,0.008066841326792425,0.003382868943493598,0.13586956521739119,-0.2010869565217392,126,129,7.2,,True,,2026-05-29 04:00:00,2026-05-29 08:55:00,296,7367092.0,24888.824324324323,31556.25,0.7,1.6353,1.7852,1.935,1.47,2.09,7685784.0,0.22502857799118955,0.7086689002742025,0.06630252173460802,1.9402,2.09,1324139.3141053056,0.1722842216363751,0.07720853520255641,2026-05-29 10:13:00,1.99,2026-05-29 10:17:00,2.1718,2026-05-29 10:17:00,2.1718,976335.0,3.0015799002501584,1.5958923142306058,5.0,concentrated_volume_spike
NEXR,2026-06-04,True,1,premarket_full,premarket,volume_campaign,2026-06-04 04:00:00,2026-06-04 09:29:00,329.0,104,0.9601,1.25,0.9271,2026-06-04 07:08:00,1.45,2026-06-04 08:43:00,0.544630767628372,0.30194771377981466,0.5640168266637902,3886085.0,37366.20192307692,352607.0,2026-06-04 08:44:00,24,0.5930179087693656,12384.0,11776.015151515152,0.24112828206279585,57,41,23,65,44,25,31,38,37,0.46361183556201163,0.4691397640555984,0.013455701560825354,0.007459950052559325,0.5102593479845849,-0.034371419643787024,27,56,6.45,many_zero_range_bars,True,,2026-06-04 08:23:00,2026-06-04 09:26:00,64,3775574.0,58993.34375,49309.987499999996,0.7,1.1014,1.2801,1.3367,0.9271,1.45,3886085.0,0.1371835088433464,0.7096491151042024,0.15316737605245115,1.3411,1.4108,518530.8862096477,0.13343271858686767,0.05197226157631802,2026-06-04 09:49:00,1.4101,2026-06-04 09:50:00,1.5014,2026-06-04 09:50:00,1.5014,677178.0,8.759220957621428,2.482187563000568,5.0,concentrated_volume_spike
NIVF,2026-05-21,False,2,premarket_first_volume_campaign,premarket,volume_campaign,2026-05-21 08:36:00,2026-05-21 09:06:00,30.0,31,0.8961,0.953,0.819,2026-05-21 08:36:00,1.39,2026-05-21 08:49:00,0.6372056690101551,0.06349737752482976,0.6971916971916972,20939590.0,675470.6451612903,1437865.0,2026-05-21 08:49:00,15,0.45971095900158504,646602.0,675470.6451612903,0.18542211189426344,31,31,31,31,28,0,0,15,16,0.4684074521038855,0.5315925478961145,0.00272689197830521,0.00027173406929170983,0.5511661644905701,-0.08603950451958493,9,11,6.2,,True,,2026-05-21 08:38:00,2026-05-21 08:54:00,17,15207444.0,894555.5294117647,654968.7,0.7,1.0759,1.0997,1.2663,0.819,1.39,20939589.999999996,0.11511863222354389,0.7074717951093346,0.17740957266712162,1.271,1.31,4021004.22246084,0.1920287943775805,0.030684500393391146,2026-05-21 09:54:00,1.315,2026-05-21 09:54:00,1.315,2026-05-21 09:54:00,1.315,3278437.0,7.619946444355658,2.5297225932450442,5.5,
NMAX,2025-04-03,True,2,rth_volume_campaign_1,rth,volume_campaign,2025-04-03 09:40:00,2025-04-03 09:45:00,5.0,6,43.75,45.05,42.5,2025-04-03 09:40:00,47.26,2025-04-03 09:44:00,0.10879999999999995,0.029714285714285648,0.11199999999999995,323452.0,53908.666666666664,164269.0,2025-04-03 09:41:00,3,0.057034737766345545,40226.5,53908.666666666664,0.8489791375536401,5,4,3,6,5,0,0,2,4,0.6824103731001818,0.31758962689981823,1.471624846963382,0.4019143489605868,0.08022857142857139,-0.02857142857142857,3,2,4.85,,True,,2025-04-03 09:41:00,2025-04-03 09:43:00,3,274604.0,91534.66666666667,27972.6,0.7,44.0073,46.903,47.022,42.5,47.26,323451.99999999994,0.28716580802065766,0.7077768770742262,0.0050573149051162366,,,,,,2025-04-03 11:15:00,47.99,2025-04-03 11:15:00,47.99,2025-04-03 11:15:00,47.99,53624.0,3.759684215692461,2.9483175720255113,4.0,concentrated_volume_spike;no_upper_fight_zone_detected
NMAX,2026-04-22,True,2,rth_volume_campaign_1,rth,volume_campaign,2026-04-22 09:49:00,2026-04-22 09:56:00,7.0,8,7.76,8.15,7.74,2026-04-22 09:49:00,8.5,2026-04-22 09:55:00,0.09793814432989688,0.05025773195876296,0.09819121447028421,404037.0,50504.625,94355.0,2026-04-22 09:55:00,3,0.10496563433546928,51112.5,50504.625,0.5872754227954371,7,6,4,6,2,0,0,5,2,0.6967480701024906,0.11756596549325928,0.1881015847558515,0.0965258132299766,0.09536082474226808,-0.0025773195876288113,4,1,4.45,,True,,2026-04-22 09:51:00,2026-04-22 09:55:00,5,302187.0,60437.4,67319.84999999999,0.7,7.8287,7.9363,8.2087,7.74,8.5,404037.0,0.05162100065693066,0.7226222300922869,0.22575676925078242,8.215,8.3417,72438.43777777886,0.1792866439899783,0.015423006695069944,2026-04-22 09:58:00,8.28,2026-04-22 10:07:00,8.45,2026-04-22 10:07:00,8.45,38312.0,2.564099131959549,1.5077528532073987,4.5,
NMG,2025-10-13,False,3,rth_volume_campaign_2,rth,volume_campaign,2025-10-13 12:18:00,2025-10-13 12:49:00,31.0,32,3.73,4.2399,3.73,2025-10-13 12:18:00,4.27,2025-10-13 12:47:00,0.1447721179624664,0.1367024128686326,0.1447721179624664,410457.0,12826.78125,33949.0,2025-10-13 12:23:00,9,0.06138767276474759,9350.0,12826.78125,0.23247014912646147,15,6,0,18,1,0,1,21,7,0.7249504820236955,0.2141685974413885,0.13156067505244146,0.12422738557266647,0.1447721179624664,0.0,16,7,6.2,,True,,2025-10-13 12:20:00,2025-10-13 12:37:00,18,270330.0,15018.333333333334,15434.15,0.7,4.027,4.1575,4.252,3.73,4.27,410456.99999999994,0.2958884042480072,0.7020704318785541,0.002041163873438651,,,,,,2025-10-13 13:24:00,4.2695,2025-10-13 13:24:00,4.2695,2025-10-13 13:29:00,4.35,33222.0,4.56615858267933,1.3642411300919843,4.0,concentrated_volume_spike;no_upper_fight_zone_detected
NNE,2024-06-25,True,1,premarket_full,premarket,volume_campaign,2024-06-25 04:00:00,2024-06-25 09:29:00,329.0,161,21.5,24.09,21.4,2024-06-25 04:50:00,25.82,2024-06-25 08:49:00,0.2055813953488373,0.12046511627906976,0.20654205607476644,292229.0,1815.0869565217392,14418.0,2024-06-25 08:33:00,3,0.4480253499823768,873.0,885.5424242424242,0.12449825308234296,3,0,0,43,6,40,61,59,54,0.409805323906936,0.5034407947192099,1.5125124474299272,0.8862912305075814,0.20093023255813955,-0.00465116279069774,54,93,5.2,many_flat_bars;many_zero_range_bars,True,,2024-06-25 08:02:00,2024-06-25 09:02:00,57,171096.0,3001.684210526316,10000,0.7,23.3153,23.4995,25.0833,21.4,25.82,292229.0,0.13709056722852977,0.7216181778966785,0.14129125487479174,25.1202,25.82,39392.27602324455,0.1347993389541919,0.027858058454948598,2024-06-25 09:41:00,25.46,2024-06-25 09:55:00,26.68,2024-06-25 09:55:00,26.68,91379.0,3.3833548081337654,1.3582502192428318,4.5,concentrated_volume_spike
NRXP,2024-12-31,True,4,rth_volume_campaign_2,rth,volume_campaign,2024-12-31 12:36:00,2024-12-31 12:55:00,19.0,20,1.69,1.74,1.6719,2024-12-31 12:36:00,1.83,2024-12-31 12:46:00,0.09355029585798824,0.029585798816568074,0.09456307195406431,550650.0,27532.5,81554.0,2024-12-31 12:51:00,10,0.43782075728684283,24181.5,27532.5,0.3304204122400799,18,10,2,19,2,0,0,9,10,0.45346408789612275,0.504801598111323,0.028711522745845843,0.00908017797148825,0.08284023668639061,-0.010710059171597636,11,3,4.95,,True,,2024-12-31 12:38:00,2024-12-31 12:51:00,14,456043.0,32574.5,24706.024999999998,0.7,1.7457,1.7997,1.801,1.6719,1.83,550650.0,0.11864078198018115,0.7407677814119726,0.14059143660784618,1.8023,1.83,119533.7774570376,0.21707759458283413,0.015369250402263807,2024-12-31 12:59:00,1.8295,2024-12-31 13:00:00,1.8393,2024-12-31 13:06:00,1.87,17514.0,1.60403711064504,1.2174336160155708,4.5,concentrated_volume_spike
NRXP,2025-01-02,False,1,premarket_full,premarket,volume_campaign,2025-01-02 04:00:00,2025-01-02 09:29:00,329.0,165,2.25,2.18,1.82,2025-01-02 05:57:00,2.25,2025-01-02 04:00:00,0.1911111111111111,-0.03111111111111104,0.23626373626373623,250191.0,1516.3090909090909,14824.0,2025-01-02 07:00:00,3,0.9574285246072001,600.0,758.1545454545454,0.1501532828918706,3,0,0,40,12,82,86,36,40,0.3806531809697391,0.3542893229572607,0.1718686923190682,0.027978624331011042,0.0,-0.1911111111111111,40,121,3.45,many_flat_bars;many_zero_range_bars,True,,2025-01-02 04:00:00,2025-01-02 08:03:00,118,194811.0,1650.9406779661017,10000,0.7,1.9418,2.1318,2.164,1.82,2.25,250191.0,0.23081726272239123,0.7162303653897312,0.05295237188787752,2.1676,2.2464,29239.06703124997,0.11686698175094216,0.03635357076951456,2025-01-02 09:30:00,2.3016,2025-01-02 09:30:00,2.3016,2025-01-02 09:30:00,2.3016,118327.0,78.14489499405626,23.357086458744572,4.5,concentrated_volume_spike
NUAI,2025-09-26,True,1,premarket_full,premarket,volume_campaign,2025-09-26 04:00:00,2025-09-26 09:29:00,329.0,329,1.5,1.72,1.44,2025-09-26 04:00:00,1.98,2025-09-26 06:06:00,0.36000000000000004,0.14666666666666664,0.37500000000000006,16228469.0,49326.65349544073,368638.0,2025-09-26 05:27:00,48,0.5973108122522217,35596.0,49177.17878787879,0.054589129757095387,300,218,108,272,55,2,2,148,143,0.446473416561969,0.48673211256095694,0.0033274857905573225,0.001355642359115946,0.32,-0.040000000000000036,118,111,7.45,,True,,2025-09-26 04:02:00,2025-09-26 09:04:00,302,15317831.0,50721.29470198676,88990.0,0.7,1.692,1.7955,1.863,1.44,1.98,16228469.0,0.1253420286991398,0.7065815044227836,0.16807646687807662,1.8675,1.95,3514705.3443603935,0.21657652021027946,0.044176706827309245,2025-09-26 10:20:00,1.8989,2025-09-26 10:24:00,2.0355,2025-09-26 10:24:00,2.0355,1763388.0,3.614741456287036,1.0437490936533538,5.0,concentrated_volume_spike
NUAI,2025-10-09,True,2,rth_volume_campaign_1,rth,volume_campaign,2025-10-09 10:06:00,2025-10-09 10:15:00,9.0,10,1.7499,1.8496,1.725,2025-10-09 10:07:00,1.87,2025-10-09 10:11:00,0.08286187782158981,0.05697468426767238,0.08405797101449276,2552092.0,255209.2,534857.0,2025-10-09 10:08:00,2,0.27842609122241674,227811.0,255209.2,0.5039136520156797,10,10,10,9,2,0,0,6,4,0.6023364361472863,0.3976635638527138,0.005681613358766064,0.0039065989784067305,0.06863249328533065,-0.01422938453625917,3,1,4.95,,True,,2025-10-09 10:08:00,2025-10-09 10:11:00,4,1467091.0,366772.75,411020.925,0.7,1.812,1.8398,1.8507,1.725,1.87,2552092.0,0.25106057613501614,0.7025670287609055,0.0463723951040783,1.8519,1.87,1147700.331490035,0.449709623120967,0.009773745882607054,2025-10-09 10:16:00,1.855,2025-10-09 10:19:00,1.8899,2025-10-09 10:19:00,1.8899,306750.0,1.4845181812946353,1.1172217871906471,5.0,
NUAI,2025-10-24,False,1,premarket_full,premarket,volume_campaign,2025-10-24 04:00:00,2025-10-24 09:29:00,329.0,179,3.99,4.2298,3.83,2025-10-24 04:00:00,4.42,2025-10-24 09:06:00,0.14786967418546362,0.06010025062656636,0.1540469973890339,978956.0,5469.027932960894,69591.0,2025-10-24 08:52:00,31,0.28778208622246554,1055.0,2966.5333333333333,0.17947282615357585,31,9,2,21,3,61,74,43,57,0.5155563682126674,0.3380621805270104,0.06026828580651223,0.0244954829430536,0.10776942355889717,-0.04010025062656645,51,118,3.95,many_flat_bars;many_zero_range_bars,True,,2025-10-24 04:00:00,2025-10-24 09:29:00,179,978956.0,5469.027932960894,10000,0.7,4.0857,4.3167,4.361,3.83,4.42,978955.9999999999,0.20616628173450438,0.7111816089574781,0.0826521093080176,4.3659,4.42,167474.5599598334,0.17107465499964597,0.012391488581964781,2025-10-24 09:33:00,4.44,2025-10-24 09:33:00,4.44,2025-10-24 09:34:00,4.58,427748.0,6.495438366315584,1.9786842324380833,5.0,concentrated_volume_spike
NUWE,2024-11-04,False,1,premarket_full,premarket,volume_campaign,2024-11-04 04:00:00,2024-11-04 09:29:00,329.0,328,100.378,93.2381,89.8782,2024-11-04 05:08:00,128.9374,2024-11-04 04:05:00,0.38912112215824174,-0.07113012811572254,0.4345792416848578,179897.81217,548.4689395426828,7430.55337,2024-11-04 07:00:00,0,0.9592857283718461,268.88633000000004,545.1448853636364,0.10489802406361304,0,0,0,188,44,9,10,133,132,0.45412508965255666,0.46147544118851846,21.711881611483854,3.968864275710551,0.28451851999442107,-0.1046026021638207,110,133,4.2,few_10k_volume_bars,False,less_than_3_10k_volume_bars,2024-11-04 07:00:00,2024-11-04 07:00:00,1,7430.55337,7430.55337,10000,0.7,93.1331,102.5724,105.5019,89.8782,128.9374,179897.81217,0.040814097541706375,0.7158325577481919,0.24335334471010178,105.8274,115.4977,50674.09348576151,0.28168265569497564,0.091378036311957,2024-11-04 09:36:00,107.585,2024-11-04 09:40:00,121.8606,2024-11-04 09:40:00,121.8606,59152.70684,2.950700005641615,1.5615747972104455,4.5,concentrated_volume_spike
NVA,2025-10-14,False,1,premarket_full,premarket,volume_campaign,2025-10-14 04:00:00,2025-10-14 09:29:00,329.0,206,7.0,11.53,7.0,2025-10-14 04:00:00,15.0,2025-10-14 07:46:00,1.1428571428571428,0.647142857142857,1.1428571428571428,5838380.0,28341.650485436894,145300.0,2025-10-14 07:46:00,47,0.5911845409171722,17257.5,17692.060606060608,0.06811478526577577,142,79,41,163,85,20,24,91,94,0.439248558675523,0.5430872947632733,0.13702431153847472,0.0775900164086613,1.1428571428571428,0.0,82,78,7.45,,True,,2025-10-14 06:41:00,2025-10-14 09:27:00,166,5580425.0,33617.01807228916,44128.375,0.7,10.7333,11.6,13.9333,7.0,15.0,5838380.0,0.15480135727029293,0.7118772475668563,0.13332139516285074,14.0,14.9,973376.2289956469,0.16672025955755654,0.06428571428571431,2025-10-14 14:13:00,14.31,2025-10-14 14:29:00,15.43,2025-10-14 14:29:00,15.43,382705.0,4.996801148975062,3.72172517747739,5.0,concentrated_volume_spike
NVNI,2024-12-20,True,2,premarket_core_after_early_spike,premarket,volume_campaign,2024-12-20 04:04:00,2024-12-20 09:29:00,325.0,325,68.5,57.9,36.6,2024-12-20 05:03:00,68.9,2024-12-20 04:04:00,0.4715328467153285,-0.15474452554744528,0.8825136612021859,848222.0,2609.913846153846,34533.8,2024-12-20 09:12:00,15,0.9918803096359208,1390.3,2601.9079754601225,0.099775530462544,15,2,0,307,182,1,1,154,152,0.5509814647580468,0.42623593823315126,3.807965367557079,1.2496728450806514,0.0058394160583942435,-0.4656934306569343,100,116,7.2,,True,,2024-12-20 05:36:00,2024-12-20 09:29:00,233,685699.7,2942.917167381974,10000,0.7,48.4433,54.6342,60.2867,36.6,68.9,848222.0,0.16526335487682084,0.7151743590306979,0.11956228609248129,60.5558,66.1,96295.69722751525,0.11352652634276787,0.09155522674954335,2024-12-20 09:30:00,66.5,2024-12-20 09:30:00,66.5,2024-12-20 09:30:00,66.5,112910.2,18.807489668475068,7.765061069542254,5.0,concentrated_volume_spike
NVNI,2025-01-24,True,1,premarket_full,premarket,volume_campaign,2025-01-24 04:00:00,2025-01-24 09:29:00,329.0,323,19.1,21.7,16.8,2025-01-24 07:56:00,24.4,2025-01-24 09:17:00,0.39790575916230353,0.13612565445026165,0.4523809523809522,848298.2,2626.310216718266,45429.8,2025-01-24 09:18:00,24,0.3232694587823009,523.6,2570.600606060606,0.13981510275513964,24,10,0,197,60,28,30,137,112,0.5726269370841528,0.3879450646011038,0.8959113670169285,0.30649599397947536,0.27748691099476425,-0.1204188481675393,118,127,7.2,,True,,2025-01-24 04:19:00,2025-01-24 09:26:00,301,803247.6,2668.596677740864,10000,0.7,19.7133,22.69,23.7667,16.8,24.4,848298.2,0.2493658054598021,0.7024405712168585,0.04819362332333927,23.83,24.4,111631.6370833334,0.13159480602850906,0.023919429290809917,2025-01-24 09:31:00,26.0,2025-01-24 09:31:00,26.0,2025-01-24 09:31:00,26.0,218245.3,8.032264451762684,2.0511776315789474,5.0,concentrated_volume_spike
NVNI,2025-04-30,True,1,premarket_full,premarket,volume_campaign,2025-04-30 04:00:00,2025-04-30 09:29:00,329.0,328,2.55,2.26,2.13,2025-04-30 09:17:00,2.756,2025-04-30 04:00:00,0.24549019607843134,-0.11372549019607846,0.29389671361502345,1734162.4,5287.0804878048775,37456.0,2025-04-30 05:36:00,46,0.9823585149810652,3210.9,5255.037575757576,0.0575150285809449,46,7,0,231,47,5,16,149,160,0.40532270795399555,0.5652297616417011,0.03609811860757677,0.0167227706009541,0.08078431372549019,-0.16470588235294115,101,138,7.2,,True,,2025-04-30 04:00:00,2025-04-30 09:17:00,316,1693718.3,5359.868037974684,10000,0.7,2.3908,2.5943,2.6517,2.13,2.756,1734162.4,0.242543943481073,0.7124890795633395,0.04496697695558751,2.6569,2.712,177216.00888131364,0.10219112632202938,0.02073845458993578,2025-04-30 09:45:00,2.658,2025-04-30 09:46:00,2.719,2025-04-30 09:46:00,2.719,199059.5,2.2371625254443317,2.0705363374527117,5.0,concentrated_volume_spike
NVNI,2025-07-31,False,2,rth_volume_campaign_1,rth,volume_campaign,2025-07-31 09:37:00,2025-07-31 09:56:00,19.0,20,5.249,5.669,5.21,2025-07-31 09:38:00,5.899,2025-07-31 09:55:00,0.1312630977329015,0.08001524099828537,0.13224568138195777,245454.7,12272.735,37086.9,2025-07-31 09:54:00,8,0.04860978420865438,10492.6,12272.735,0.37975520533931517,11,2,0,13,6,0,1,15,4,0.67401724228544,0.30217184678068904,0.280703526964446,0.17111100337455337,0.12383311106877508,-0.0074299866641264435,10,4,4.7,,True,,2025-07-31 09:39:00,2025-07-31 09:39:00,1,12124.7,12124.7,11040.172499999999,0.7,5.4971,5.6406,5.876,5.21,5.899,245454.69999999998,0.2593444481486673,0.7168717052905914,0.02378384656074134,5.8818,5.8818,4742.36771120588,0.019320745177036254,0.0,2025-07-31 10:06:00,5.905,2025-07-31 10:06:00,5.905,2025-07-31 10:09:00,5.955,21894.5,2.6553110465645107,1.8178006559010336,4.5,concentrated_volume_spike
NVNI,2025-09-22,True,1,premarket_full,premarket,volume_campaign,2025-09-22 04:00:00,2025-09-22 09:29:00,329.0,237,9.5,9.8,9.478,2025-09-22 09:21:00,10.8,2025-09-22 08:00:00,0.1391578947368422,0.03157894736842113,0.13948090314412334,103245.8,435.63628691983126,27719.8,2025-09-22 08:00:00,1,0.28585375870011176,140.5,312.8660606060606,0.33193117782999404,1,1,0,50,5,103,120,66,54,0.5260339887917957,0.26826757117480815,1.280439494875337,0.29056872047095444,0.13684210526315796,-0.002315789473684236,64,164,1.95,few_10k_volume_bars;many_flat_bars;many_zero_range_bars,False,less_than_3_10k_volume_bars;movement_quality_score_lt_3,2025-09-22 08:00:00,2025-09-22 08:00:00,1,27719.8,27719.8,10000,0.7,9.8305,10.1059,10.7119,9.478,10.8,103245.79999999999,0.28026862881464093,0.7114072895084289,0.008324081676930167,,,,,,2025-09-22 10:02:00,10.75,2025-09-22 10:02:00,10.75,2025-09-22 10:04:00,10.95,16364.2,3.1465863685483657,1.5500805152979067,4.0,concentrated_volume_spike;no_upper_fight_zone_detected
NVTS,2025-05-27,True,2,rth_volume_campaign_1,rth,volume_campaign,2025-05-27 09:30:00,2025-05-27 09:45:00,15.0,16,4.535,4.892,4.535,2025-05-27 09:30:00,5.14,2025-05-27 09:42:00,0.13340683572216086,0.07872105843439917,0.13340683572216086,10695944.0,668496.5,1658276.0,2025-05-27 09:42:00,6,0.1571421839904921,568594.0,668496.5,0.3571632387005766,16,16,16,15,4,0,0,8,8,0.6293341662970562,0.37066583370294387,0.005656349734067414,0.0033377138100199495,0.13340683572216086,0.0,4,4,5.1,low_price_volume_efficiency,True,,2025-05-27 09:30:00,2025-05-27 09:30:00,1,1065978.0,1065978.0,737688.75,0.7,4.6762,4.903,5.0593,4.535,5.14,10695944.0,0.2545227518613048,0.7310468035054485,0.014430444633246754,5.0644,5.1148,115760.42076923128,0.010822833474935104,0.009951820551299222,2025-05-27 09:49:00,5.105,2025-05-27 09:50:00,5.1699,2025-05-27 10:16:00,5.1893,1380351.0,3.5827170074789665,2.277310882778009,5.5,
NWTG,2025-02-14,False,1,rth_volume_campaign_1,rth,volume_campaign,2025-02-14 10:34:00,2025-02-14 12:07:00,93.0,86,21.9002,26.9043,21.0122,2025-02-14 10:34:00,40.2004,2025-02-14 11:30:00,0.8761655144701875,0.22849563017689323,0.9131932877090453,2649567.704058,30808.92679137209,75362.179704,2025-02-14 11:04:00,77,0.2347293785591771,30089.932431,28186.890468702128,0.08440428349367612,77,51,12,86,79,0,0,43,43,0.5524912582211018,0.4475087417788983,0.7242011581969361,0.18886477187715814,0.8356179395621958,-0.04054757490799178,26,23,7.45,,True,,2025-02-14 10:36:00,2025-02-14 12:06:00,83,2630759.592141,31695.898700493977,10000,0.7,24.8498,27.2484,33.4845,21.0122,40.2004,2649567.704058,0.037458368938062835,0.703845072528457,0.2586965585334803,33.6444,37.8004,370542.3006334732,0.1398500970803507,0.12352724376122048,2025-02-14 12:30:00,33.6033,,,,,,,,5.5,
NXTS,2025-01-02,True,2,rth_volume_campaign_1,rth,volume_campaign,2025-01-02 09:49:00,2025-01-02 10:06:00,17.0,18,91.803,143.9643,90.7985,2025-01-02 09:49:00,169.4692,2025-01-02 10:01:00,0.8569512978878686,0.568187314140061,0.8664317141803003,255458.34933953805,14192.130518863225,27676.108196006986,2025-01-02 09:56:00,13,0.2518610468024078,12884.571394772864,14192.130518863225,0.3096767595386083,13,2,0,18,17,0,0,10,8,0.6115313858116318,0.3884686141883682,30.795900859531585,20.41871018694743,0.8460093896713615,-0.01094190821650701,6,6,6.7,,True,,2025-01-02 09:51:00,2025-01-02 10:05:00,15,243537.44619931027,16235.829746620684,10000,0.7,135.3786,162.2577,164.2245,90.7985,169.4692,255458.34933953802,0.27762446338584806,0.7060872902873907,0.016288246326761235,164.8801,167.5024,3631.8891974591334,0.014217148145085174,0.015904284386047775,2025-01-02 10:11:00,180.8619,2025-01-02 10:11:00,180.8619,2025-01-02 10:11:00,180.8619,22071.09175517189,1.9885660935812812,3.1271600954426484,5.0,
NXTS,2025-01-03,False,1,premarket_full,premarket,volume_campaign,2025-01-03 04:00:00,2025-01-03 09:29:00,329.0,330,365.0558,539.0086,294.0047,2025-01-03 05:54:00,607.6097,2025-01-03 09:09:00,0.859060450484556,0.47651016639100113,1.0666666213159175,308273.74509680376,934.1628639297084,13214.159998826786,2025-01-03 08:00:00,2,0.12939259993171298,111.675764181267,934.1628639297084,0.10543569139589523,2,0,0,241,115,9,9,119,143,0.5324263591029138,0.41838119011216407,101.72938986468735,56.42802955709887,0.6644296570551681,-0.19463079342938797,118,123,5.7,few_10k_volume_bars,False,less_than_3_10k_volume_bars,2025-01-03 08:00:00,2025-01-03 08:19:00,20,102889.03130172295,5144.451565086148,10000,0.7,419.4467,526.5951,597.1562,294.0047,607.6097,308273.74509680376,0.2749807266489515,0.7215141110105644,0.003505162340484024,,,,,,2025-01-03 09:54:00,649.2604,2025-01-03 09:54:00,649.2604,2025-01-03 09:54:00,649.2604,29402.91730133901,5.223742280404398,1.7277169854128702,4.0,concentrated_volume_spike;no_upper_fight_zone_detected
NXTT,2026-03-25,True,4,rth_volume_campaign_2,rth,volume_campaign,2026-03-25 09:39:00,2026-03-25 10:35:00,56.0,37,1.11,1.055,0.451,2026-03-25 09:56:00,1.16,2026-03-25 10:31:00,0.6387387387387385,-0.04954954954954969,1.572062084257206,8847531.0,239122.45945945947,539405.0,2026-03-25 10:15:00,32,0.05464507555836764,205978.0,155219.84210526315,0.16340434410458693,36,36,36,36,32,1,1,15,20,0.4831194148966531,0.5039128995422565,0.008013535075491681,0.0006216423542341944,0.04504504504504488,-0.5936936936936936,10,19,6.2,,True,,2026-03-25 09:39:00,2026-03-25 10:34:00,36,8767332.0,243537.0,97478.59999999999,0.7,0.7228,1.0359,1.1127,0.451,1.16,8847531.0,0.2881955071159119,0.7065588983460119,0.005245594538076181,,,,,,2026-03-25 10:46:00,1.12,2026-03-25 10:46:00,1.12,2026-03-25 10:47:00,1.19,153340.0,2.4874564646453177,1.2606776121611734,5.0,no_upper_fight_zone_detected
NXTT,2026-03-27,False,1,rth_volume_campaign_1,rth,volume_campaign,2026-03-27 09:51:00,2026-03-27 10:26:00,35.0,35,1.42,1.77,1.41,2026-03-27 09:51:00,2.08,2026-03-27 10:13:00,0.4718309859154931,0.2464788732394367,0.47517730496453914,1995779.0,57022.25714285715,267820.0,2026-03-27 10:13:00,20,0.35273544816334873,33012.0,55438.305555555555,0.34740569972927865,30,24,12,34,21,0,0,21,13,0.5428857603973185,0.4453804754935291,0.03357085128162989,0.017537011863538003,0.4647887323943663,-0.007042253521126767,13,11,7.45,,True,,2026-03-27 09:54:00,2026-03-27 10:25:00,32,1956822.0,61150.6875,28528.05,0.7,1.7003,1.9516,2.013,1.41,2.08,1995778.9999999998,0.22149820794017877,0.7521542020149683,0.02634759004485287,2.0186,2.0521,369950.15093495086,0.18536629102468305,0.016595660358664242,2026-03-27 11:54:00,2.085,2026-03-27 11:54:00,2.085,2026-03-27 11:54:00,2.085,139521.0,4.667362484068123,7.948555802426935,5.0,concentrated_volume_spike
OCC,2024-12-23,True,1,rth_volume_campaign_1,rth,volume_campaign,2024-12-23 11:19:00,2024-12-23 13:07:00,108.0,109,2.95,4.24,2.95,2024-12-23 11:19:00,7.0,2024-12-23 11:55:00,1.3728813559322033,0.43728813559322033,1.3728813559322033,29081244.0,266800.40366972476,1231804.0,2024-12-23 11:55:00,96,0.4116796723001258,196869.0,266800.40366972476,0.10817910678098915,109,105,97,107,87,0,0,53,53,0.5048966612294852,0.4755429306944366,0.013926501906177054,0.004435848755300839,1.3728813559322033,0.0,28,33,7.2,,True,,2024-12-23 11:21:00,2024-12-23 13:06:00,106,29006729.0,273648.38679245283,58060.9125,0.7,4.7725,5.1437,6.325,2.95,7.0,29081244.0,0.1834305331515654,0.7477759359053745,0.06879353094306001,6.3587,6.85,2948225.136063206,0.10137892093141566,0.07726422067403713,,,,,,,,,,5.0,concentrated_volume_spike
OIO,2025-02-27,True,1,rth_volume_campaign_1,rth,volume_campaign,2025-02-27 10:37:00,2025-02-27 12:03:00,86.0,83,3.9,5.31,3.87,2025-02-27 10:37:00,9.0,2025-02-27 11:03:00,1.3153846153846154,0.3615384615384615,1.3255813953488371,12175693.490961,146695.10230073496,496307.503692,2025-02-27 10:58:00,76,0.5532790337655173,114615.552051,139950.49989610346,0.11052054833673296,80,71,62,80,63,0,0,38,40,0.513385001066468,0.4665032830266896,0.042133123700990115,0.011580449204365701,1.3076923076923077,-0.007692307692307642,27,36,7.2,,True,,2025-02-27 10:43:00,2025-02-27 12:02:00,80,12149958.516696,151874.4814587,15812.86752045,0.7,6.1785,8.4443,9.0,3.87,9.0,12175693.490961,0.28525070968150046,0.7147492903184994,0.0,,,,,,,,,,,,,,,4.5,concentrated_volume_spike;no_upper_fight_zone_detected
OIO,2025-02-28,False,1,rth_volume_campaign_1,rth,volume_campaign,2025-02-28 09:33:00,2025-02-28 09:41:00,8.0,9,3.9357,4.9086,3.9357,2025-02-28 09:33:00,5.1,2025-02-28 09:38:00,0.29583047488375624,0.24719871941458943,0.29583047488375624,117354.215979,13039.357331,27316.63935,2025-02-28 09:38:00,5,0.356322589990996,11241.988758,13039.357331,0.5953991189076955,5,1,0,9,9,0,0,7,1,0.6373717204023144,0.1943629407236773,0.9921245609176458,0.829028588264861,0.29583047488375624,0.0,7,2,6.45,,True,,2025-02-28 09:35:00,2025-02-28 09:40:00,6,101702.231631,16950.3719385,10000,0.7,4.6149,4.6246,5.003,3.9357,5.1,117354.215979,0.22135031044045003,0.7031543463018559,0.07549534325769405,5.0127,5.1,57217.833554887075,0.48756521508461137,0.017415763959542748,2025-02-28 12:23:00,5.193,2025-02-28 12:23:00,5.193,2025-02-28 12:23:00,5.193,20334.646332,6.343020535482193,1.6578525423268202,5.0,
OMER,2024-11-14,True,1,rth_volume_campaign_1,rth,volume_campaign,2024-11-14 09:30:00,2024-11-14 09:46:00,16.0,17,4.41,5.31,4.41,2024-11-14 09:30:00,5.4699,2024-11-14 09:43:00,0.24034013605442173,0.2040816326530611,0.24034013605442173,346778.0,20398.70588235294,49343.0,2024-11-14 09:45:00,4,0.2454653986123687,17706.0,20398.70588235294,0.3350443223041831,15,5,0,17,7,0,0,11,6,0.6557682436602091,0.34423175633979086,0.3056422264388167,0.25953203490417487,0.24034013605442173,0.0,9,5,6.95,,True,,2024-11-14 09:30:00,2024-11-14 09:32:00,3,72451.0,24150.333333333332,26777.749999999996,0.7,4.9223,5.2138,5.3816,4.41,5.4699,346778.0,0.1841569772055307,0.7140441076631716,0.10179891513129768,5.3904,5.45,68251.62927302648,0.19681649145282135,0.011056693380825272,2024-11-14 09:50:00,5.42,2024-11-14 10:00:00,5.5,2024-11-14 10:00:00,5.5,27665.0,3.132111358927621,4.222374847374847,5.0,
ONCO,2026-04-09,False,1,premarket_full,premarket,volume_campaign,2026-04-09 04:00:00,2026-04-09 09:29:00,329.0,120,1.16,1.6195,1.08,2026-04-09 05:22:00,2.24,2026-04-09 08:44:00,1.0000000000000002,0.39612068965517244,1.0740740740740742,38849876.0,323748.9666666667,2631722.0,2026-04-09 08:40:00,26,0.560238030103365,29240.0,117726.89696969697,0.15975132069919606,60,60,60,59,44,49,53,30,39,0.4817288992119306,0.4793184668079764,0.0029858525159771427,0.0011827579578374975,0.931034482758621,-0.06896551724137918,22,79,5.7,many_flat_bars;many_zero_range_bars,True,,2026-04-09 08:32:00,2026-04-09 08:58:00,27,29762801.0,1102325.962962963,606171.325,0.7,1.6987,2.1143,2.2013,1.08,2.24,38849876.0,0.27915410971281646,0.7137742798827298,0.007071610404453624,,,,,,2026-04-09 10:44:00,2.21,2026-04-09 10:44:00,2.21,2026-04-09 10:52:00,2.2614,1693343.0,1.6596468579143926,1.8572163410707156,4.5,concentrated_volume_spike;no_upper_fight_zone_detected
OPEN,2025-07-21,True,1,premarket_full,premarket,volume_campaign,2025-07-21 04:00:00,2025-07-21 09:29:00,329.0,330,3.0,2.78,2.51,2025-07-21 05:45:00,3.24,2025-07-21 04:03:00,0.24333333333333348,-0.0733333333333334,0.29083665338645437,92914669.0,281559.603030303,7758848.0,2025-07-21 08:00:00,73,0.9525068964083594,148290.0,281559.603030303,0.12308462294581278,319,307,272,173,16,1,1,149,122,0.4906344013344115,0.41791774558223954,0.0007856671157059177,0.00023677639103466018,0.08000000000000007,-0.1633333333333334,141,90,6.1,low_price_volume_efficiency,True,,2025-07-21 04:00:00,2025-07-21 09:29:00,330,92914669.0,281559.603030303,377344.32499999995,0.7,2.7533,2.8689,2.9967,2.51,3.24,92914669.0,0.20234809078377228,0.7250772722475525,0.07257463696867525,3.0027,3.24,13500624.802706048,0.14530132806807985,0.07902887401338805,2025-07-21 09:53:00,3.025,2025-07-21 10:07:00,3.3098,2025-07-21 10:40:00,3.265,6053389.0,2.4643209369631145,1.568826037365879,5.0,concentrated_volume_spike
OPTX,2024-12-20,True,2,rth_volume_campaign_1,rth,volume_campaign,2024-12-20 10:33:00,2024-12-20 11:42:00,69.0,70,2.5398,3.02,2.5398,2024-12-20 10:33:00,3.8499,2024-12-20 11:00:00,0.5158280179541695,0.18907000551224504,0.5158280179541695,20695342.0,295647.7428571429,983234.0,2024-12-20 10:57:00,62,0.47029109255599644,211508.5,295647.7428571429,0.13335522553819115,70,69,65,68,50,0,0,36,34,0.5696368293889514,0.4303631706110486,0.006330410002405372,0.0023203288933326153,0.5158280179541695,0.0,18,21,7.2,,True,,2024-12-20 10:35:00,2024-12-20 11:41:00,67,20574278.0,307078.77611940296,78028.65,0.7,3.1293,3.6425,3.6971,2.5398,3.8499,20695342.0,0.21780159745626912,0.720037327032371,0.06216107551135973,3.708,3.81,3427458.829731702,0.165614988615878,0.027508090614886696,2024-12-20 15:17:00,3.81,2024-12-20 15:21:00,3.87,2024-12-20 15:21:00,3.87,313021.0,2.049219875706459,1.0723312561877585,5.0,concentrated_volume_spike
ORIO,2025-05-13,False,3,rth_volume_campaign_2,rth,volume_campaign,2025-05-13 12:02:00,2025-05-13 12:19:00,17.0,18,1.69,1.78,1.57,2025-05-13 12:05:00,1.8,2025-05-13 12:12:00,0.13609467455621302,0.053254437869822535,0.1464968152866242,4815583.0,267532.3888888889,480394.0,2025-05-13 12:03:00,8,0.28741442105763726,215320.5,267532.3888888889,0.29091368584032296,18,18,18,18,7,0,0,8,9,0.5282238931402491,0.420343912668518,0.004776161058795996,0.0018689325882245218,0.06508875739644976,-0.07100591715976325,5,7,5.45,,True,,2025-05-13 12:02:00,2025-05-13 12:05:00,4,1556048.0,389012.0,237486.2125,0.7,1.6543,1.7674,1.8,1.57,1.8,4815583.0,0.2952913683821778,0.7047086316178222,0.0,,,,,,2025-05-13 12:33:00,1.8301,2025-05-13 12:33:00,1.8301,2025-05-13 12:33:00,1.8301,541826.0,3.8972184919826023,1.8594912555253549,5.0,no_upper_fight_zone_detected
PAPL,2025-07-31,False,1,premarket_full,premarket,volume_campaign,2025-07-31 04:01:00,2025-07-31 09:29:00,328.0,135,2.97,3.79,2.97,2025-07-31 04:01:00,5.06,2025-07-31 07:31:00,0.7037037037037035,0.276094276094276,0.7037037037037035,4701387.0,34825.08888888889,984614.0,2025-07-31 08:00:00,32,0.8582407702237659,11662.0,14289.93009118541,0.29880416141023913,73,43,27,99,45,3,3,62,59,0.6119175043449944,0.3600414090565189,0.044454966162113425,0.017441661365039718,0.7037037037037035,0.0,50,50,7.2,,True,,2025-07-31 07:25:00,2025-07-31 08:22:00,58,4110785.0,70875.60344827586,37176.625,0.7,3.7363,3.9279,4.3982,2.97,5.06,4701387.0,0.10368063562822165,0.7044040813831899,0.1919152829885885,4.4156,4.61,744577.0788071144,0.15837391791127053,0.04402572696802244,2025-07-31 12:58:00,4.59,2025-07-31 13:00:00,4.89,2025-07-31 13:00:00,4.89,188891.0,4.075247892161515,1.0024837732123997,5.0,concentrated_volume_spike
PAPL,2025-08-08,False,2,rth_volume_campaign_2,rth,volume_campaign,2025-08-08 12:01:00,2025-08-08 12:07:00,6.0,7,4.16,4.0,3.94,2025-08-08 12:03:00,4.17,2025-08-08 12:01:00,0.05528846153846153,-0.03846153846153849,0.05837563451776649,724375.0,103482.14285714286,218149.0,2025-08-08 12:03:00,2,0.887099913718723,81782.0,103482.14285714286,0.6512648835202761,7,7,7,7,1,0,0,3,4,0.4568034512510785,0.5431965487489215,0.03175150992234685,0.022088006902502174,0.0024038461538461024,-0.05288461538461543,2,3,4.35,,False,range_lt_8pct,2025-08-08 12:02:00,2025-08-08 12:03:00,2,384536.0,192268.0,131634.175,0.7,3.9937,4.0262,4.0627,3.94,4.17,724375.0,0.07819775438596431,0.7084863075064723,0.21331593810756333,4.0646,4.1221,107904.99266666602,0.14896288892723522,0.014146533484229496,2025-08-08 12:09:00,4.1,2025-08-08 12:38:00,4.17,2025-08-08 12:38:00,4.17,119036.0,3.812006430415095,2.239834415278954,5.0,
PAPL,2025-09-05,False,1,premarket_full,premarket,volume_campaign,2025-09-05 04:52:00,2025-09-05 09:29:00,277.0,29,3.92,5.3,3.91,2025-09-05 04:52:00,5.62,2025-09-05 09:25:00,0.4362244897959184,0.3520408163265306,0.4373401534526854,644113.0,22210.793103448275,177606.0,2025-09-05 09:25:00,7,0.4321213824282385,6143.0,2316.953237410072,0.5731385641960339,12,7,3,23,15,0,0,15,10,0.5857046822529587,0.37451968831555954,0.2654813673998196,0.2142481210595035,0.43367346938775514,-0.002551020408163211,15,9,7.45,,True,,2025-09-05 09:08:00,2025-09-05 09:29:00,22,594193.0,27008.772727272728,18728.899999999998,0.7,4.993,5.3492,5.506,3.91,5.62,644113.0,0.2692858270847382,0.7029782413044309,0.02773593161083078,5.5203,5.5773,13398.80558823525,0.02080194870812303,0.0103255257866421,2025-09-05 09:31:00,5.65,2025-09-05 09:31:00,5.65,2025-09-05 09:31:00,5.65,401010.0,5.489730626594001,1.7281710717410135,5.0,concentrated_volume_spike
PAPL,2026-01-08,False,1,premarket_full,premarket,volume_campaign,2026-01-08 04:03:00,2026-01-08 09:29:00,326.0,61,1.47,1.86,1.47,2026-01-08 04:03:00,1.88,2026-01-08 09:29:00,0.2789115646258503,0.26530612244897966,0.2789115646258503,151416.0,2482.2295081967213,33395.0,2026-01-08 09:28:00,3,0.0,700.0,463.04587155963304,0.45939662915411844,3,1,0,24,11,31,33,19,7,0.6065607333439003,0.21214402705130236,0.2707771965974533,0.25756855286099234,0.2789115646258503,0.0,17,38,4.7,many_flat_bars;many_zero_range_bars,True,,2026-01-08 09:27:00,2026-01-08 09:29:00,3,69560.0,23186.666666666668,10000,0.7,1.6682,1.8629,1.88,1.47,1.88,151416.0,0.2467894868735433,0.7532105131264567,0.0,,,,,,2026-01-08 10:23:00,1.9,2026-01-08 10:23:00,1.9,2026-01-08 10:23:00,1.9,12924.0,5.12633374320733,2.014339152119701,4.0,concentrated_volume_spike;no_upper_fight_zone_detected
PAVS,2026-06-09,True,1,premarket_full,premarket,volume_campaign,2026-06-09 04:00:00,2026-06-09 09:29:00,329.0,185,0.91,1.56,0.769,2026-06-09 04:14:00,5.2788,2026-06-09 08:30:00,4.955824175824176,0.7142857142857143,5.864499349804942,29589969.0,159945.77837837837,2696127.0,2026-06-09 08:29:00,44,0.5471803637239363,2018.0,89666.57272727272,0.22574629936246302,74,70,58,104,89,57,73,55,68,0.5518502232969558,0.4445562616169013,0.015240975750937759,0.002196690371659396,4.800879120879121,-0.15494505494505495,42,118,5.7,many_flat_bars;many_zero_range_bars,True,,2026-06-09 08:22:00,2026-06-09 09:08:00,47,28144422.0,598817.4893617021,100976.9,0.7,1.5206,2.2347,3.55,0.769,5.2788,29589968.999999996,0.09146774203499607,0.7070106187659524,0.20152163919905158,3.5876,3.8883,5083707.321695539,0.17180509116773796,0.08381647898316422,2026-06-09 09:52:00,4.0812,2026-06-09 09:52:00,4.0812,2026-06-09 09:52:00,4.0812,1793728.0,1.3472494106016666,1.10035819207168,5.0,concentrated_volume_spike
PBM,2024-12-19,False,1,rth_volume_campaign_1,rth,volume_campaign,2024-12-19 11:16:00,2024-12-19 11:37:00,21.0,22,135.4895,206.7211,134.4932,2024-12-19 11:16:00,223.6573,2024-12-19 11:36:00,0.658088634174604,0.5257352045730482,0.6629636293879541,241632.89496512,10983.313407505455,19865.7732416,2024-12-19 11:32:00,14,0.024349276338593316,10771.595010879999,10983.313407505455,0.227194388437901,14,0,0,22,22,0,0,15,7,0.7096126448245024,0.2903873551754975,36.90064633495822,29.47926440656285,0.6507352968311197,-0.007353337343484114,8,7,6.45,,True,,2024-12-19 11:18:00,2024-12-19 11:36:00,19,227808.9619184,11989.945364126315,10000,0.7,174.617,197.6511,216.227,134.4932,223.6573,241632.89496511998,0.26736206822976843,0.707435160639003,0.025202771131228673,216.97,221.6648,50446.12964766216,0.2087717802451695,0.021638014472046895,2024-12-19 11:41:00,240.5934,2024-12-19 11:41:00,240.5934,2024-12-19 11:41:00,240.5934,24633.0689808,2.360816256795117,2.0786056234478596,5.0,
PBM,2026-04-16,True,2,rth_volume_campaign_2,rth,volume_campaign,2026-04-16 13:46:00,2026-04-16 13:50:00,4.0,5,6.83,6.43,6.12,2026-04-16 13:48:00,7.05,2026-04-16 13:46:00,0.13616398243045383,-0.0585651537335286,0.15196078431372545,698754.0,139750.8,235454.0,2026-04-16 13:48:00,2,0.8546627282276739,106644.0,139750.8,0.7229253786024838,5,5,5,5,5,0,0,2,3,0.2979575072199944,0.7020424927800055,0.1330940502666174,0.05724475280284626,0.03221083455344067,-0.10395314787701317,0,2,5.1,,True,,2026-04-16 13:48:00,2026-04-16 13:49:00,2,398503.0,199251.5,124241.4,0.7,6.368,6.6702,6.9415,6.12,7.05,698754.0,0.27014255467168596,0.7101460778441921,0.019711367484121767,6.9492,7.0267,11805.768749999985,0.016895457843532895,0.011152362861912115,2026-04-16 14:17:00,7.44,2026-04-16 14:17:00,7.44,2026-04-16 14:17:00,7.44,314185.0,2.227968509118655,0.7087076858529147,5.5,
PCLA,2025-12-23,False,1,premarket_full,premarket,volume_campaign,2025-12-23 04:00:00,2025-12-23 09:29:00,329.0,64,4.389,5.7091,3.582,2025-12-23 04:10:00,7.1011,2025-12-23 08:59:00,0.8017999544315333,0.30077466393255864,0.9824399776661084,1339420.205664,20928.4407135,109338.773268,2025-12-23 09:14:00,15,0.9299346380440211,7902.987636,4058.849108072727,0.18964282116460768,31,24,11,43,36,15,16,24,23,0.48226645949452057,0.5053137883555158,0.2627330829502794,0.09855756949295669,0.617931191615402,-0.18386876281613132,23,28,6.45,many_zero_range_bars,True,,2025-12-23 08:59:00,2025-12-23 09:19:00,21,1091914.114083,51995.91019442857,39398.059765462494,0.7,5.6348,6.016,6.6905,3.582,7.1011,1339420.2056639998,0.25687404154831467,0.7040256021806885,0.03910035627099689,6.7199,7.1011,166433.93230418183,0.12425819141773692,0.05672703462849146,2025-12-23 09:37:00,6.7831,2025-12-23 09:39:00,7.8241,2025-12-23 09:39:00,7.8241,273745.395852,3.8467343777723606,1.5784273778149533,5.0,concentrated_volume_spike
PCLA,2025-12-26,False,2,rth_volume_campaign_1,rth,volume_campaign,2025-12-26 10:25:00,2025-12-26 11:48:00,83.0,84,9.3841,11.9341,9.3841,2025-12-26 10:25:00,14.4001,2025-12-26 11:00:00,0.5345211581291759,0.27173623469485625,0.5345211581291759,4617751.622022,54973.2335955,138524.348076,2025-12-26 10:58:00,72,0.4407293017463865,51665.183343,54973.2335955,0.08261636459410732,84,73,44,81,42,0,0,45,39,0.560626553779957,0.43937344622004315,0.10862429187569896,0.05522167948226324,0.5345211581291759,0.0,29,28,7.45,,True,,2025-12-26 10:27:00,2025-12-26 11:47:00,81,4560316.529712,56300.20407051852,27450.417159749995,0.7,11.7249,12.8535,13.3133,9.3841,14.4001,4617751.622022,0.1127741264909478,0.7005474557711996,0.18667841773785257,13.3551,14.0671,929276.9667503249,0.20124013650249498,0.053312966582054776,2025-12-26 12:51:00,13.8211,2025-12-26 12:57:00,14.2471,2025-12-26 12:57:00,14.2471,107295.493701,1.8267884655416604,1.327325471114593,5.0,concentrated_volume_spike
PDC,2024-08-13,False,1,rth_volume_campaign_1,rth,volume_campaign,2024-08-13 09:49:00,2024-08-13 10:42:00,53.0,18,1.19,2.65,1.19,2024-08-13 09:49:00,3.19,2024-08-13 10:29:00,1.680672268907563,1.226890756302521,1.680672268907563,1901607.0,105644.83333333333,407828.0,2024-08-13 10:29:00,11,0.6943180162883288,93764.5,35214.944444444445,0.3835808345257459,16,16,15,17,15,0,0,7,10,0.46705865091998505,0.5317949502710076,0.10517420266122285,0.07677716794269268,1.680672268907563,0.0,6,4,7.45,,True,,2024-08-13 10:23:00,2024-08-13 10:41:00,15,1834071.0,122271.4,72534.525,0.7,2.6233,2.64,2.9567,1.19,3.19,1901607.0,0.1390461148493214,0.7203085598870023,0.1406453252636763,2.9733,3.0733,209013.79527417803,0.10991429631578871,0.033632664043318904,2024-08-13 10:51:00,3.4,2024-08-13 10:51:00,3.4,2024-08-13 10:54:00,3.97,597517.0,3.458073141230055,1.442114332881202,5.0,concentrated_volume_spike
PDC,2025-07-31,False,1,rth_volume_campaign_1,rth,volume_campaign,2025-07-31 09:32:00,2025-07-31 10:02:00,30.0,22,4.1,4.5,4.079,2025-07-31 09:32:00,5.3799,2025-07-31 09:45:00,0.3172926829268294,0.0975609756097562,0.31892620740377553,648431.0,29474.136363636364,116911.0,2025-07-31 09:46:00,15,0.7086351516198331,17561.0,20917.129032258064,0.46186564183390366,15,8,3,22,17,0,0,12,10,0.4808190848370914,0.5191809151629087,0.2006227339531886,0.06168736534804788,0.31217073170731724,-0.005121951219512173,5,4,6.45,,True,,2025-07-31 09:34:00,2025-07-31 10:01:00,19,622840.0,32781.05263157895,10000,0.7,4.556,4.6102,5.0764,4.079,5.3799,648431.0,0.17214581164305232,0.7007668985024017,0.1270872898545459,5.0872,5.1522,56987.7246341647,0.08788556474654156,0.012777166221103848,2025-07-31 11:04:00,5.0892,2025-07-31 11:07:00,5.2,2025-07-31 11:08:00,5.3677,23895.0,1.545491588567437,0.6706238949229604,5.0,concentrated_volume_spike
PDYN,2024-10-08,False,2,rth_volume_campaign_2,rth,volume_campaign,2024-10-08 11:31:00,2024-10-08 11:40:00,9.0,10,2.37,2.28,2.26,2024-10-08 11:40:00,2.53,2024-10-08 11:36:00,0.11392405063291139,-0.037974683544303924,0.11946902654867259,482971.0,48297.1,108611.0,2024-10-08 11:36:00,2,0.32046023467247514,41451.5,48297.1,0.5214329638839599,9,9,2,10,7,0,0,4,6,0.25460741949309584,0.7453925805069042,0.055903977671537215,0.0186346592238458,0.06751054852320662,-0.046413502109704775,3,4,4.95,,True,,2024-10-08 11:33:00,2024-10-08 11:36:00,4,289129.0,72282.25,57819.7,0.7,2.404,2.4512,2.4625,2.26,2.53,482971.0,0.21919128190019568,0.708418469668244,0.07239024843156032,2.4647,2.4917,151668.23024970712,0.3140317539763404,0.010954680082768568,2024-10-08 12:09:00,2.5,2024-10-08 12:09:00,2.5,2024-10-08 12:09:00,2.5,59904.0,4.089205627572649,2.280319756376094,5.0,
PDYN,2024-11-22,True,2,rth_volume_campaign_1,rth,volume_campaign,2024-11-22 10:07:00,2024-11-22 10:51:00,44.0,45,2.64,3.17,2.61,2024-11-22 10:07:00,3.5,2024-11-22 10:37:00,0.33712121212121215,0.20075757575757566,0.3409961685823755,23576663.0,523925.84444444446,1557058.0,2024-11-22 10:36:00,40,0.2587365735346007,432126.0,523925.84444444446,0.17101847704231934,45,45,45,45,32,0,0,26,18,0.6147251203446391,0.3670793869344445,0.003774919292013463,0.002247985645805769,0.3257575757575757,-0.011363636363636458,17,13,7.1,low_price_volume_efficiency,True,,2024-11-22 10:09:00,2024-11-22 10:50:00,42,23201873.0,552425.5476190476,194871.525,0.7,3.0995,3.1217,3.3962,2.61,3.5,23576663.0,0.17833046203881994,0.7120218378690699,0.10964770009211011,3.4036,3.48,5111561.343120068,0.21680597220735048,0.02244682101304502,2024-11-22 13:07:00,3.55,2024-11-22 13:07:00,3.55,2024-11-22 13:07:00,3.55,762964.0,9.704822112265795,2.6244577985848587,5.0,concentrated_volume_spike
PDYN,2024-12-27,True,1,premarket_full,premarket,volume_campaign,2024-12-27 04:00:00,2024-12-27 09:29:00,329.0,321,8.48,8.5331,7.73,2024-12-27 04:01:00,8.84,2024-12-27 04:07:00,0.13089622641509427,0.006261792452830049,0.14359637774902967,2554329.0,7957.411214953271,372928.0,2024-12-27 08:00:00,71,0.9042085025069206,3554.0,7740.390909090909,0.21186190189282586,71,16,3,35,6,41,103,120,118,0.5531401788884673,0.3684846392144473,0.0434556394262446,0.0020788238320121966,0.04245283018867917,-0.08844339622641509,116,158,5.45,weak_close_displacement,True,,2024-12-27 04:00:00,2024-12-27 09:28:00,320,2550062.0,7968.94375,10000,0.7,8.1925,8.4053,8.5995,7.73,8.84,2554329.0,0.05849190144128026,0.7129887287280093,0.22851936983071028,8.6088,8.84,951132.6833751332,0.3723610714888854,0.026856240126382235,2024-12-27 09:30:00,9.025,2024-12-27 09:30:00,9.025,2024-12-27 09:30:00,9.025,631242.0,53.02772177419355,27.126858616244093,5.0,concentrated_volume_spike
PEPG,2025-02-27,False,1,rth_volume_campaign_1,rth,volume_campaign,2025-02-27 12:29:00,2025-02-27 12:40:00,11.0,12,2.04,1.985,1.96,2025-02-27 12:38:00,2.19,2025-02-27 12:35:00,0.11274509803921567,-0.02696078431372546,0.1173469387755102,866108.0,72175.66666666667,134455.0,2025-02-27 12:36:00,6,0.44358555745934686,63205.5,72175.66666666667,0.42757138832570535,12,12,9,12,5,0,0,6,6,0.4431225667006886,0.5568774332993114,0.026555579673666563,0.006350247313268084,0.07352941176470584,-0.03921568627450984,4,6,5.45,,True,,2025-02-27 12:31:00,2025-02-27 12:38:00,8,664338.0,83042.25,62656.8875,0.7,1.9792,2.0194,2.1018,1.96,2.19,866107.9999999999,0.040225618514088,0.7078205703256534,0.25195381116025867,2.1037,2.1421,383928.3012967486,0.4432799388722292,0.0182535532632981,2025-02-27 12:48:00,2.2,2025-02-27 12:48:00,2.2,2025-02-27 12:48:00,2.2,253714.0,7.063621987616375,5.351374153677416,5.5,
PFAI,2025-09-05,False,2,rth_volume_campaign_2,rth,volume_campaign,2025-09-05 13:42:00,2025-09-05 13:44:00,2.0,3,2.03,1.9708,1.94,2025-09-05 13:43:00,2.03,2025-09-05 13:42:00,0.04433497536945806,-0.029162561576354534,0.04639175257731951,56711.0,18903.666666666668,26283.0,2025-09-05 13:42:00,2,0.5365449383717444,23402.0,18903.666666666668,1.0,2,1,0,3,0,0,0,1,2,0.41265362980726844,0.5873463701927316,0.1586993704924968,0.10438891925728641,0.0,-0.04433497536945806,1,2,0.35,weak_range;thin_total_volume;few_10k_volume_bars,False,range_lt_8pct;volume_lt_100k;less_than_3_10k_volume_bars;less_than_5_meaningful_range_bars;movement_quality_score_lt_3,2025-09-05 13:42:00,2025-09-05 13:43:00,2,49685.0,24842.5,11896.175,0.7,1.9685,1.9707,2.0105,1.94,2.03,56710.99999999999,0.05899980827511935,0.7150658491811067,0.22593434254377393,2.0112,2.0248,9856.124999999836,0.17379564811059298,0.0067621320604613335,2025-09-05 13:55:00,2.12,2025-09-05 13:55:00,2.12,2025-09-05 13:55:00,2.12,9875.0,3.2423824533753614,2.263350905340362,1.5,short_impulse;small_range;low_total_volume
PHAT,2025-06-06,True,1,rth_volume_campaign_1,rth,volume_campaign,2025-06-06 11:29:00,2025-06-06 13:28:00,119.0,88,4.79,9.61,4.78,2025-06-06 11:31:00,12.32,2025-06-06 12:21:00,1.5741127348643007,1.0062630480167014,1.5774058577405856,29567888.0,335998.7272727273,1693769.0,2025-06-06 12:21:00,69,0.7842088011155887,292825.5,246399.06666666668,0.13250009605014737,85,83,81,85,59,2,2,51,32,0.5729930051141968,0.3915683798585817,0.02550063771886582,0.016301468674394328,1.572025052192067,-0.002087682672233776,38,24,7.45,,True,,2025-06-06 11:32:00,2025-06-06 11:32:00,1,307671.0,307671.0,133753.05,0.7,8.6757,9.7438,10.812,4.78,12.32,29567887.999999996,0.16732524785491507,0.7259810133640582,0.1066937387810268,10.8748,11.7545,2903403.9265231024,0.09819449825172169,0.08089344171846835,,,,,,,,,,5.0,concentrated_volume_spike
PHIO,2025-01-13,False,1,premarket_full,premarket,volume_campaign,2025-01-13 06:58:00,2025-01-13 09:29:00,151.0,106,1.58,4.17,1.58,2025-01-13 06:58:00,4.3,2025-01-13 08:37:00,1.721518987341772,1.6392405063291138,1.721518987341772,36222243.0,341719.27358490566,1743071.0,2025-01-13 08:00:00,11,0.3336697012385456,262450.5,238304.2302631579,0.10483817912656596,104,104,102,105,81,1,1,52,51,0.5084916193621692,0.4740502679527604,0.007509198146564253,0.007150302646912286,1.721518987341772,0.0,35,31,7.45,,True,,2025-01-13 08:00:00,2025-01-13 08:37:00,38,19339685.0,508939.0789473684,656126.25,0.7,3.3027,3.7787,4.2547,1.58,4.3,36222243.0,0.27644810162588446,0.7196699665876951,0.0038819317864204213,,,,,,2025-01-13 09:30:00,4.5401,2025-01-13 09:30:00,4.5401,2025-01-13 09:30:00,4.5401,2855781.0,11.609403850422336,5.135179214595385,4.5,concentrated_volume_spike;no_upper_fight_zone_detected
PHIO,2025-01-16,True,1,premarket_full,premarket,volume_campaign,2025-01-16 04:00:00,2025-01-16 09:29:00,329.0,131,2.77,2.73,2.64,2025-01-16 09:20:00,2.87,2025-01-16 04:05:00,0.08303249097472923,-0.014440433212996403,0.08712121212121211,146993.0,1122.0839694656488,32334.0,2025-01-16 08:00:00,2,0.9789921969073357,416.0,445.43333333333334,0.3671739470587035,2,1,0,8,2,76,88,21,28,0.5040648194131694,0.21409182750198988,0.15647003598810827,0.027212180171844944,0.03610108303249101,-0.046931407942238226,23,103,1.2,weak_close_displacement;few_10k_volume_bars;many_flat_bars;many_zero_range_bars,False,less_than_3_10k_volume_bars;flat_bar_pct_gte_65;zero_range_bar_pct_gte_55;movement_quality_score_lt_3,2025-01-16 08:00:00,2025-01-16 08:00:00,1,32334.0,32334.0,10000,0.7,2.6898,2.7186,2.732,2.64,2.87,146993.0,0.09674731931580384,0.7026566018149655,0.2005960788692306,2.7339,2.81,23974.558209103598,0.16309999938162767,0.027835692600314505,2025-01-16 10:50:00,2.78,2025-01-16 10:52:00,2.8377,2025-01-16 11:05:00,2.935,61918.0,7.398317640873679,4.219859606079193,4.0,concentrated_volume_spike
PHIO,2026-02-13,True,1,rth_volume_campaign_1,rth,volume_campaign,2026-02-13 09:30:00,2026-02-13 09:35:00,5.0,6,1.22,1.325,1.2172,2026-02-13 09:30:00,1.35,2026-02-13 09:34:00,0.10885245901639347,0.08606557377049179,0.10910285902070327,291069.0,48511.5,112677.0,2026-02-13 09:31:00,2,0.13800164222229094,38222.0,48511.5,0.6956048222242835,6,5,1,6,2,0,0,3,2,0.6773033198313801,0.26263188453596914,0.045624920551484364,0.036073920616760964,0.10655737704918042,-0.002295081967213044,2,2,4.6,,True,,2026-02-13 09:31:00,2026-02-13 09:34:00,4,233418.0,58354.5,49035.99999999999,0.7,1.2814,1.3201,1.3301,1.2172,1.35,291069.0,0.24830418862117828,0.7056901426198678,0.046005668758953795,1.3312,1.34,10095.790399999907,0.03468521347171945,0.00661057692307703,2026-02-13 09:43:00,1.345,2026-02-13 09:43:00,1.345,2026-02-13 09:44:00,1.3675,60564.0,2.048697322932664,0.6753721773069418,5.0,
PHUN,2024-10-15,False,1,premarket_full,premarket,volume_campaign,2024-10-15 04:00:00,2024-10-15 09:29:00,329.0,233,5.17,5.38,4.85,2024-10-15 04:25:00,5.9,2024-10-15 08:42:00,0.20309477756286282,0.040618955512572524,0.21649484536082492,906718.0,3891.49356223176,71376.0,2024-10-15 08:42:00,21,0.4014919743514522,1217.0,2747.630303030303,0.19251630606208325,21,8,2,58,7,63,102,74,63,0.4560216076001579,0.42781989549121113,0.11580226707752583,0.023160453415505145,0.14119922630560938,-0.06189555125725344,85,123,4.7,many_flat_bars;many_zero_range_bars,True,,2024-10-15 08:33:00,2024-10-15 09:29:00,56,679641.0,12136.44642857143,10000,0.7,5.3925,5.5237,5.725,4.85,5.9,906718.0,0.28007610276844613,0.7050919548363034,0.014831942395250467,5.7338,5.7513,5559.462828947223,0.00613141332690784,0.003052077156510529,2024-10-15 09:40:00,5.77,2024-10-15 09:40:00,5.77,2024-10-15 10:08:00,6.09,328377.0,3.946260283948748,2.528524898166614,5.0,concentrated_volume_spike
PIII,2026-05-15,True,2,rth_volume_campaign_1,rth,volume_campaign,2026-05-15 09:40:00,2026-05-15 10:42:00,62.0,43,6.16,9.48,6.04,2026-05-15 09:40:00,10.45,2026-05-15 10:36:00,0.7159090909090907,0.538961038961039,0.7301324503311257,17254361.0,401264.20930232556,1049543.0,2026-05-15 10:33:00,27,0.08942203075500739,378070.0,273878.74603174604,0.15865954120236617,43,43,43,42,40,0,0,26,16,0.6296139277484689,0.35903989721786855,0.025558755841494214,0.019241512334186125,0.6964285714285713,-0.019480519480519497,18,7,7.45,,True,,2026-05-15 09:46:00,2026-05-15 10:20:00,23,10653387.0,463190.73913043475,291898.75,0.7,7.951,8.9432,10.009,6.04,10.45,17254361.0,0.2737705028165304,0.7144754667013348,0.011754030482134714,,,,,,2026-05-15 10:51:00,10.31,2026-05-15 10:51:00,10.31,2026-05-15 11:21:00,11.81,1020483.0,4.015548557467373,2.2859770166438924,4.5,concentrated_volume_spike;no_upper_fight_zone_detected
PIII,2026-05-21,False,1,rth_volume_campaign_1,rth,volume_campaign,2026-05-21 11:23:00,2026-05-21 11:39:00,16.0,15,10.89,12.88,10.7001,2026-05-21 11:23:00,13.6399,2026-05-21 11:34:00,0.26995408631772266,0.18273645546372821,0.2747450958402258,288751.0,19250.066666666666,45462.0,2026-05-21 11:31:00,9,0.24889610771910747,12896.0,16985.352941176472,0.4565213626965794,9,5,0,13,9,2,2,9,4,0.8627918171711959,0.13490516050160864,1.0181090281938419,0.6891751024238878,0.2525160697887971,-0.017438016528925595,2,3,6.7,,True,,2026-05-21 11:24:00,2026-05-21 11:38:00,13,275282.0,21175.53846153846,10000,0.7,11.974,12.9294,13.4439,10.7001,13.6399,288751.0,0.2846004481369761,0.705543947681184,0.009855604181839941,,,,,,2026-05-21 11:47:00,13.5664,2026-05-21 11:47:00,13.5664,2026-05-21 12:00:00,13.7999,21719.0,3.7851827323585288,3.7183701420989554,4.5,no_upper_fight_zone_detected
PLCE,2024-09-11,True,1,premarket_full,premarket,volume_campaign,2024-09-11 08:00:00,2024-09-11 09:29:00,89.0,90,4.51,6.14,4.51,2024-09-11 08:00:00,7.54,2024-09-11 08:31:00,0.6718403547671841,0.3614190687361419,0.6718403547671841,3816472.0,42405.24444444444,184705.0,2024-09-11 08:30:00,16,0.7035107292808647,28594.5,42405.24444444444,0.1375595052184321,76,48,28,86,40,1,1,40,46,0.4541196686363741,0.5106784485776392,0.07939269566238139,0.04270960195699064,0.6718403547671841,0.0,30,31,7.2,,True,,2024-09-11 08:28:00,2024-09-11 09:11:00,44,2809046.0,63841.954545454544,71486.25,0.7,6.1765,6.5552,7.3885,4.51,7.54,3816472.0,0.2649417943088994,0.7205977085782219,0.014460497112878615,7.411338,7.54,412589.662488244,0.1081076089352271,0.017360158179265374,2024-09-11 10:23:00,7.5,2024-09-11 10:34:00,7.61,2024-09-11 11:58:00,7.69,322022.0,5.397665082677528,3.7201312354150784,5.0,concentrated_volume_spike
PLYX,2026-03-10,True,1,rth_volume_campaign_1,rth,volume_campaign,2026-03-10 12:59:00,2026-03-10 13:03:00,4.0,5,4.7,4.47,4.44,2026-03-10 13:03:00,4.83,2026-03-10 13:00:00,0.08297872340425524,-0.04893617021276605,0.08783783783783776,113673.0,22734.6,36015.0,2026-03-10 13:02:00,2,0.7352581527715465,16159.0,22734.6,0.7652300898190424,5,2,0,5,2,0,0,1,4,0.12258847747486211,0.8774115225251379,0.34308938798131455,0.2023347672710322,0.027659574468085084,-0.05531914893617017,1,3,3.35,,True,,2026-03-10 13:01:00,2026-03-10 13:02:00,2,70827.0,35413.5,29579.725,0.7,4.635,4.7033,4.791,4.44,4.83,113673.0,0.2613554889903489,0.7002231180667373,0.0384213929429139,4.7942,4.8072,3008.8124999998727,0.02646901638911503,0.0027116098619164616,2026-03-10 13:27:00,4.83,2026-03-10 13:27:00,4.83,2026-03-10 13:27:00,4.83,13834.0,2.879383910916849,1.6858396295393614,4.5,
PLYX,2026-03-13,False,2,rth_volume_campaign_2,rth,volume_campaign,2026-03-13 10:34:00,2026-03-13 10:54:00,20.0,21,5.43,5.59,5.4,2026-03-13 10:34:00,6.0,2026-03-13 10:50:00,0.11049723756906071,0.029465930018416235,0.11111111111111104,720652.0,34316.76190476191,87742.0,2026-03-13 10:50:00,16,0.26977376042805684,32296.0,34316.76190476191,0.3413755876622836,18,13,3,20,10,0,0,12,8,0.5099618123588084,0.4443295793253887,0.08325793864444969,0.022202116971853286,0.10497237569060779,-0.005524861878452921,8,2,5.7,,True,,2026-03-13 10:34:00,2026-03-13 10:35:00,2,54229.0,27114.5,18059.024999999998,0.7,5.71,5.865,5.99,5.4,6.0,720652.0,0.27754391705855785,0.7119703733076002,0.010485709633841938,,,,,,2026-03-13 12:06:00,6.09,2026-03-13 12:06:00,6.09,2026-03-13 12:06:00,6.09,94832.0,27.337772780996858,24.689403801093466,4.5,concentrated_volume_spike;no_upper_fight_zone_detected
PMAX,2026-05-06,False,1,premarket_full,premarket,volume_campaign,2026-05-06 04:00:00,2026-05-06 09:29:00,329.0,157,2.1721,2.83,2.08,2026-05-06 04:00:00,3.14,2026-05-06 09:18:00,0.48800699783619544,0.3028866074305972,0.5096153846153846,5148613.0,32793.71337579618,265082.0,2026-05-06 09:14:00,36,0.22774483147208774,7976.0,15601.857575757576,0.13714625667145694,72,51,33,120,65,19,20,70,63,0.5438289885062249,0.4372936944377058,0.02058806905859889,0.012778198710992653,0.4456056350996732,-0.04240136273652219,49,67,7.2,,True,,2026-05-06 07:26:00,2026-05-06 09:29:00,124,5112557.0,41230.29838709677,41943.95,0.7,2.5923,3.0075,3.14,2.08,3.14,5148613.0,0.2960765314017475,0.7039234685982525,0.0,,,,,,2026-05-06 10:18:00,3.1899,2026-05-06 10:18:00,3.1899,2026-05-06 10:18:00,3.1899,630255.0,7.898714283744882,2.7734481575033225,4.5,concentrated_volume_spike;no_upper_fight_zone_detected
PNBK,2025-04-17,False,1,rth_volume_campaign_1,rth,volume_campaign,2025-04-17 14:51:00,2025-04-17 14:57:00,6.0,7,2.4,2.5185,2.4,2025-04-17 14:51:00,2.55,2025-04-17 14:53:00,0.062499999999999965,0.04937500000000002,0.062499999999999965,97616.0,13945.142857142857,70151.0,2025-04-17 14:53:00,2,0.23537125061465333,4089.0,13945.142857142857,0.9213551057203737,2,1,1,5,2,0,0,5,2,0.943984592689723,0.056015407310277,0.15366333387969175,0.12139403376495661,0.062499999999999965,0.0,4,0,1.6,thin_total_volume;few_10k_volume_bars;volume_too_concentrated,False,range_lt_8pct;volume_lt_100k;less_than_3_10k_volume_bars;movement_quality_score_lt_3,2025-04-17 14:53:00,2025-04-17 14:56:00,4,91870.0,22967.5,10000,0.7,2.4775,2.5488,2.55,2.4,2.55,97616.0,0.29544801626183076,0.7045519837381692,0.0,,,,,,2025-04-17 15:03:00,2.58,2025-04-17 15:03:00,2.58,2025-04-17 15:04:00,2.6,8355.0,3.0243249113154276,4.095588235294118,2.5,low_total_volume;concentrated_volume_spike;no_upper_fight_zone_detected
POLA,2025-07-01,False,1,rth_volume_campaign_1,rth,volume_campaign,2025-07-01 09:53:00,2025-07-01 09:58:00,5.0,6,1.81,1.93,1.78,2025-07-01 09:54:00,2.02,2025-07-01 09:54:00,0.13259668508287292,0.06629834254143639,0.1348314606741573,107924.0,17987.333333333332,55664.0,2025-07-01 09:54:00,4,0.4806159890293169,12203.5,17987.333333333332,0.8537396686557207,4,1,1,5,4,0,0,3,2,0.6584170342092583,0.13226900411400616,0.22237871094473888,0.11118935547236934,0.1160220994475138,-0.01657458563535913,1,4,4.1,,True,,2025-07-01 09:54:00,2025-07-01 09:57:00,4,102661.0,25665.25,10000,0.7,1.824,1.93,1.968,1.78,2.02,107924.0,0.2283919514933934,0.7047395493314622,0.06686849917514441,1.97,1.994,5535.408046244591,0.051289871078208656,0.01218274111675128,2025-07-01 10:25:00,1.985,2025-07-01 10:29:00,2.06,2025-07-01 10:29:00,2.06,4854.0,3.5657092485124515,2.0082747207281755,4.5,concentrated_volume_spike
POLA,2025-09-04,False,1,rth_volume_campaign_1,rth,volume_campaign,2025-09-04 09:49:00,2025-09-04 10:07:00,18.0,19,2.4,2.4,2.3,2025-09-04 09:50:00,3.31,2025-09-04 10:00:00,0.42083333333333345,0.0,0.4391304347826088,1616400.0,85073.68421052632,317148.0,2025-09-04 10:01:00,17,0.449790274684484,64688.0,85073.68421052632,0.42236698836921555,18,16,13,18,16,0,1,8,10,0.43697785201682754,0.5126806483543678,0.06248453353130414,0.0,0.37916666666666676,-0.041666666666666706,4,8,6.2,weak_close_displacement,True,,2025-09-04 09:50:00,2025-09-04 10:06:00,17,1602814.0,94283.17647058824,16364.499999999998,0.7,2.6535,2.8134,3.1585,2.3,3.31,1616400.0,0.21656026142737567,0.7006391124464105,0.08280062612621365,3.1669,3.2342,114053.30752495714,0.07056007641979531,0.02125106571094759,2025-09-04 11:45:00,3.17,2025-09-04 11:52:00,3.3,2025-09-04 11:52:00,3.3,309911.0,2.3948235319572797,0.8710356496419297,5.0,concentrated_volume_spike
POLA,2026-01-20,True,1,premarket_full,premarket,volume_campaign,2026-01-20 04:00:00,2026-01-20 09:29:00,329.0,320,2.3,2.1102,1.95,2026-01-20 06:53:00,2.86,2026-01-20 04:08:00,0.39565217391304347,-0.08252173913043477,0.4666666666666666,5030060.0,15718.9375,173274.0,2026-01-20 04:10:00,72,0.9459078022926168,7545.5,15242.60606060606,0.09954473704091005,127,54,21,171,65,19,23,128,136,0.4637487425597309,0.4603831763438209,0.018091235492220765,0.0037733148312346166,0.24347826086956526,-0.15217391304347822,114,136,6.2,,True,,2026-01-20 04:07:00,2026-01-20 09:29:00,313,4972894.0,15887.840255591054,20918.5,0.7,2.0865,2.1851,2.314,1.95,2.86,5030060.0,0.10551508581088098,0.7274683343020346,0.1670165798870843,2.3216,2.42,512125.3921335425,0.10181297879817389,0.04238456237077869,2026-01-20 09:33:00,2.3597,2026-01-20 09:42:00,2.5299,2026-01-20 09:42:00,2.5299,325373.0,2.4594411752478353,1.5813613277927632,5.0,concentrated_volume_spike
PONY,2025-04-28,True,1,premarket_full,premarket,volume_campaign,2025-04-28 04:00:00,2025-04-28 09:29:00,329.0,272,7.64,7.4,7.25,2025-04-28 04:07:00,7.92,2025-04-28 04:38:00,0.08769633507853403,-0.03141361256544494,0.09241379310344827,629860.0,2315.6617647058824,23948.0,2025-04-28 07:02:00,5,0.8509113136252501,1335.5,1908.6666666666667,0.09671831835646016,5,0,0,13,1,60,146,82,94,0.3452021084050424,0.44470199726923443,0.1063728447591528,0.03810370558536807,0.036649214659685896,-0.05104712041884813,87,163,3.2,many_flat_bars;many_zero_range_bars,True,,2025-04-28 04:36:00,2025-04-28 07:02:00,118,323869.0,2744.6525423728813,10000,0.7,7.3282,7.4454,7.6967,7.25,7.92,629860.0,0.00895669011102988,0.7099577532934582,0.28108555659551177,7.7022,7.92,174756.04945502695,0.2774522107373495,0.028277634961439528,2025-04-28 09:50:00,7.79,2025-04-28 10:02:00,8.09,2025-04-28 10:02:00,8.09,266666.0,3.731781281618179,3.0066522346998603,4.5,concentrated_volume_spike
PRFX,2024-12-19,True,1,premarket_full,premarket,volume_campaign,2024-12-19 05:50:00,2024-12-19 09:29:00,219.0,211,11.45,26.8,11.45,2024-12-19 05:50:00,41.35,2024-12-19 07:13:00,2.6113537117903936,1.3406113537117905,2.6113537117903936,2865045.4,13578.414218009479,115484.2,2024-12-19 07:10:00,35,0.4685434304112598,8461.0,13022.933636363636,0.1054344199920881,91,29,8,200,131,4,4,90,108,0.5396715877521523,0.4359956041185246,1.0436134799120462,0.5357681243026725,2.6113537117903936,0.0,70,80,7.2,,True,,2024-12-19 06:07:00,2024-12-19 08:14:00,127,2416969.2,19031.253543307088,21152.5,0.7,25.9017,30.6358,36.865,11.45,41.35,2865045.4,0.15602445463934425,0.707729736555137,0.1362458088055188,37.1142,41.35,503092.9006355527,0.17559683369609178,0.11412882400806174,2024-12-19 09:44:00,39.9,2024-12-19 09:45:00,43.575,2024-12-19 09:45:00,43.575,270751.2,1.8572224471381613,1.256601829548461,5.0,concentrated_volume_spike
PROK,2025-07-08,True,1,premarket_full,premarket,volume_campaign,2025-07-08 07:00:00,2025-07-08 09:29:00,149.0,149,0.607,1.28,0.607,2025-07-08 07:00:00,1.63,2025-07-08 09:18:00,1.6853377265238878,1.1087314662273478,1.6853377265238878,76592523.0,514043.77852348995,2372756.0,2025-07-08 08:14:00,28,0.14490577624659262,352965.0,510616.82,0.08339103805210855,149,148,142,145,95,0,0,67,78,0.4938014119211088,0.48602941307991643,0.0013356395114442173,0.0008786758467272322,1.6853377265238878,0.0,43,56,6.85,low_price_volume_efficiency,True,,2025-07-08 07:03:00,2025-07-08 09:26:00,143,73235293.0,512134.9160839161,882412.5,0.7,1.0333,1.2975,1.63,0.607,1.63,76592523.0,0.289572090581342,0.710427909418658,0.0,,,,,,2025-07-08 10:20:00,1.65,2025-07-08 10:20:00,1.65,2025-07-08 10:20:00,1.65,3962712.0,1.778570824578969,1.0363233814998518,4.5,concentrated_volume_spike;no_upper_fight_zone_detected
PSIG,2024-08-12,False,1,premarket_full,premarket,volume_campaign,2024-08-12 04:00:00,2024-08-12 09:29:00,329.0,328,9.12,11.44,8.48,2024-08-12 04:22:00,17.52,2024-08-12 07:05:00,0.9912280701754386,0.25438596491228077,1.0660377358490565,3328246.25,10147.092225609756,251721.875,2024-08-12 08:00:00,44,0.6063236381622904,7203.25,10085.594696969696,0.11025254666778338,117,19,3,300,135,7,7,136,143,0.41205845270613617,0.5154458222554896,0.2716145177058338,0.06970638065016975,0.9210526315789475,-0.0701754385964911,113,104,7.45,,True,,2024-08-12 06:06:00,2024-08-12 08:59:00,174,2717110.0,15615.574712643678,18008.125,0.7,12.096,14.582,16.0133,8.48,17.52,3328246.25,0.20129262368993314,0.7040104986453306,0.09469687766473624,16.0887,17.52,584676.2240650532,0.17567096306802815,0.08896306103041267,2024-08-12 10:02:00,18.8,2024-08-12 10:02:00,18.8,2024-08-12 10:02:00,18.8,350479.375,2.1050106255237497,1.1356009156624944,5.0,concentrated_volume_spike
PSNL,2024-07-19,False,1,rth_volume_campaign_1,rth,volume_campaign,2024-07-19 12:38:00,2024-07-19 14:56:00,138.0,139,3.205,3.595,3.16,2024-07-19 12:39:00,4.52,2024-07-19 13:56:00,0.42433697347893895,0.12168486739469582,0.43037974683544283,15132661.0,108868.06474820143,716021.0,2024-07-19 13:58:00,80,0.44290776090206474,76998.0,108868.06474820143,0.11562645855874258,136,123,92,114,32,0,0,71,66,0.5192248078510449,0.4724920488207593,0.008987183417377814,0.00257720700939511,0.4102964118564741,-0.014040561622464877,51,43,7.45,,True,,2024-07-19 12:40:00,2024-07-19 12:44:00,5,292595.0,58519.0,61720.49999999999,0.7,3.4547,3.7607,4.112,3.16,4.52,15132661.0,0.10049935430261915,0.7019584530015243,0.19754219269585663,4.1233,4.52,2936959.649329096,0.19408084601439865,0.0962093468823513,,,,,,,,,,5.0,concentrated_volume_spike
PSTV,2025-03-06,False,1,premarket_full,premarket,volume_campaign,2025-03-06 05:02:00,2025-03-06 09:29:00,267.0,122,7.6175,14.25,7.6175,2025-03-06 05:02:00,16.7725,2025-03-06 08:19:00,1.201837873318018,0.8706924844108961,1.201837873318018,2048274.96,16789.13901639344,173792.28,2025-03-06 08:00:00,14,0.4238043900121691,12133.279999999999,7642.817014925373,0.14854329908910277,76,18,3,118,67,1,1,66,54,0.5243641703260387,0.47253610911691246,0.4469614763049196,0.3238090651657432,1.201837873318018,0.0,34,36,7.2,,True,,2025-03-06 07:37:00,2025-03-06 08:40:00,64,1432853.28,22388.3325,30333.199999999997,0.7,13.2631,15.1704,15.857,7.6175,16.7725,2048274.96,0.23431049808771284,0.7291874329698677,0.036502068942419474,15.866999999999999,16.0859,186006.54635918257,0.09081131683569602,0.013795928656960967,2025-03-06 11:59:00,16.5875,2025-03-06 11:59:00,16.5875,2025-03-06 11:59:00,16.5875,67396.48,1.7805509090319223,1.5357548788968967,5.0,concentrated_volume_spike
PSTV,2025-03-20,True,1,premarket_full,premarket,volume_campaign,2025-03-20 04:00:00,2025-03-20 09:29:00,329.0,155,13.0075,14.3125,12.625,2025-03-20 04:07:00,17.0,2025-03-20 07:50:00,0.33634441668268306,0.10032673457620601,0.3465346534653465,526702.6,3398.0812903225806,137966.76,2025-03-20 08:00:00,12,0.7895448399153526,626.08,1596.0684848484848,0.353789254125573,12,2,1,75,27,21,39,62,66,0.5953538866145714,0.3992042568234901,0.8306395297839806,0.24776790545556446,0.3069383048241399,-0.02940611185854317,57,65,7.2,,True,,2025-03-20 07:45:00,2025-03-20 08:10:00,26,395072.8,15195.107692307693,10000,0.7,13.4271,13.974,15.6146,12.625,17.0,526702.6,0.054433204993042494,0.717852433106834,0.22771436190012348,15.651,17.0,263582.53602060245,0.5004390257815368,0.0861925755542777,2025-03-20 09:45:00,15.6725,2025-03-20 10:04:00,17.95,2025-03-20 10:07:00,18.3,70036.84,2.6609490913611453,1.5898602112947822,5.0,concentrated_volume_spike
PTHS,2025-01-21,False,1,rth_volume_campaign_1,rth,volume_campaign,2025-01-21 09:37:00,2025-01-21 10:24:00,47.0,48,21.595,28.3,21.1,2025-01-21 09:38:00,37.1,2025-01-21 09:50:00,0.7409122482056032,0.3104885390136607,0.7582938388625592,1326891.7,27643.577083333334,107550.9,2025-01-21 09:49:00,36,0.55011241686115,17687.2,27643.577083333334,0.21340920287616544,36,18,8,48,43,0,0,23,25,0.4196475869130842,0.5803524130869158,1.2058256148561333,0.5053162967256485,0.7179902755267424,-0.02292197267886073,16,9,7.45,,True,,2025-01-21 09:39:00,2025-01-21 10:23:00,45,1311547.2,29145.493333333332,10000,0.7,28.8333,34.0333,36.0333,21.1,37.1,1326891.7,0.2726896384125511,0.7042926969835238,0.02301766460392505,36.1667,37.1,228951.7556101131,0.17254743217559737,0.02580550617004047,2025-01-21 10:38:00,37.15,,,,,,,,5.0,concentrated_volume_spike
PTHS,2025-07-07,False,2,rth_volume_campaign_2,rth,volume_campaign,2025-07-07 10:48:00,2025-07-07 11:24:00,36.0,13,25.86,35.01,25.86,2025-07-07 10:48:00,40.28,2025-07-07 11:13:00,0.5576179427687549,0.3538283062645011,0.5576179427687549,101676.0,7821.2307692307695,20439.0,2025-07-07 11:06:00,5,0.1711318305204768,6611.0,2748.0,0.4986525827137181,5,0,0,11,11,2,2,7,4,0.6264113458436602,0.34422085841299815,14.182304575317676,8.999173846335417,0.5576179427687549,0.0,7,5,6.45,,True,,2025-07-07 10:54:00,2025-07-07 11:19:00,10,93216.0,9321.6,10000,0.7,33.5507,36.3145,40.28,25.86,40.28,101676.0,0.294167085142271,0.7058329148577288,0.0,,,,,,2025-07-07 11:38:00,43.89,2025-07-07 11:38:00,43.89,2025-07-07 11:38:00,43.89,16167.0,3.9917532900422215,2.246977067407922,4.0,concentrated_volume_spike;no_upper_fight_zone_detected
PULM,2024-11-13,False,1,rth_volume_campaign_1,rth,volume_campaign,2024-11-13 09:50:00,2024-11-13 10:07:00,17.0,18,2.55,2.7,2.34,2024-11-13 10:00:00,2.9,2024-11-13 09:59:00,0.21960784313725493,0.05882352941176485,0.23931623931623935,337567.0,18753.722222222223,52101.0,2024-11-13 09:59:00,13,0.32732761199998817,13351.0,18753.722222222223,0.3815568464926963,13,4,1,18,16,0,0,12,5,0.5019122129829041,0.4664259243350209,0.16589299309470418,0.044435623150367295,0.13725490196078435,-0.08235294117647057,8,3,5.95,,True,,2024-11-13 09:50:00,2024-11-13 10:06:00,17,329435.0,19378.529411764706,10000,0.7,2.4427,2.5127,2.6947,2.34,2.9,337567.0,0.03575771856839381,0.7017060593236699,0.2625362221079362,2.6993,2.83,152359.67072164308,0.451346460766731,0.04841996073055979,2024-11-13 11:04:00,2.73,2024-11-13 11:20:00,2.87,2024-11-13 11:21:00,2.96,36467.0,13.049094682602162,4.626030698972472,4.5,concentrated_volume_spike
PULM,2024-11-14,True,1,rth_volume_campaign_1,rth,volume_campaign,2024-11-14 09:30:00,2024-11-14 11:38:00,128.0,91,3.88,5.48,3.85,2024-11-14 09:30:00,7.87,2024-11-14 10:34:00,1.036082474226804,0.4123711340206187,1.044155844155844,11383812.0,125096.83516483517,943991.0,2024-11-14 10:25:00,79,0.5331296757184676,77033.0,88246.6046511628,0.19735594719940913,86,77,54,87,53,2,2,45,43,0.4947824155915435,0.5041983300497233,0.0353133027846911,0.014055045884454175,1.0283505154639176,-0.007731958762886548,30,26,7.45,,True,,2024-11-14 09:30:00,2024-11-14 11:37:00,90,11364880.0,126276.44444444444,23026.449999999997,0.7,5.726,7.0995,7.602,3.85,7.87,11383811.999999998,0.27475091784627576,0.709637884220067,0.015611197933657221,7.6355,7.7695,150208.82937154215,0.013194949931669829,0.017549603824241956,,,,,,,,,,5.0,concentrated_volume_spike
QBTS,2024-12-16,True,1,premarket_full,premarket,volume_campaign,2024-12-16 04:00:00,2024-12-16 09:29:00,329.0,323,4.97,5.12,4.82,2024-12-16 04:02:00,5.31,2024-12-16 08:57:00,0.09859154929577452,0.03018108651911476,0.10165975103734426,4461643.0,13813.136222910216,133041.0,2024-12-16 08:15:00,63,0.18438499001376846,7148.0,13520.130303030302,0.08152333120332576,132,55,17,30,3,41,100,113,102,0.39370899912879626,0.44011342906637757,0.010982501289323222,0.0033619901906091626,0.06841046277665994,-0.030181086519114584,121,132,4.7,,True,,2024-12-16 04:00:00,2024-12-16 09:29:00,323,4461643.0,13813.136222910216,21449.8,0.7,5.0813,5.2079,5.31,4.82,5.31,4461643.0,0.29389395530849144,0.7061060446915085,0.0,,,,,,2024-12-16 09:57:00,5.4088,2024-12-16 09:57:00,5.4088,2024-12-16 09:57:00,5.4088,837237.0,2.0286685791006454,1.5015064616444105,4.0,concentrated_volume_spike;no_upper_fight_zone_detected
QCLS,2025-12-04,True,1,premarket_full,premarket,volume_campaign,2025-12-04 04:00:00,2025-12-04 09:29:00,329.0,159,4.8,5.5,4.45,2025-12-04 05:30:00,5.9,2025-12-04 09:02:00,0.30208333333333337,0.14583333333333337,0.3258426966292135,5410762.0,34029.94968553459,437512.0,2025-12-04 09:01:00,38,0.5878075953072783,1100.0,16396.248484848486,0.2152674614037727,38,35,30,62,21,49,51,57,47,0.5590573009864415,0.4076448012313238,0.02679844354639883,0.012937179643089092,0.2291666666666668,-0.0729166666666666,46,87,6.45,many_zero_range_bars,True,,2025-12-04 04:37:00,2025-12-04 09:29:00,133,5376319.0,40423.45112781955,10000,0.7,5.3683,5.4771,5.61,4.45,5.9,5410761.999999999,0.13969071781675005,0.7144938830372864,0.14581539914596356,5.6221,5.75,1606567.5495471472,0.29692075710355537,0.022749506412194795,2025-12-04 09:30:00,5.661,2025-12-04 09:39:00,5.9595,2025-12-04 09:43:00,6.1608,910042.0,2.070908738808791,1.2701675148016536,5.0,concentrated_volume_spike
QCLS,2026-01-23,False,1,rth_volume_campaign_1,rth,volume_campaign,2026-01-23 10:44:00,2026-01-23 11:04:00,20.0,12,3.9499,4.598,3.945,2026-01-23 10:45:00,5.08,2026-01-23 10:58:00,0.28734904681131174,0.16408010329375425,0.2877059569074779,1517500.0,126458.33333333333,400149.0,2026-01-23 10:58:00,8,0.2795947281713344,71274.0,72261.90476190476,0.6088362438220758,10,9,8,10,8,1,2,7,4,0.6060434925864909,0.3884197693574959,0.07479406919275125,0.04270840197693574,0.2861085090761792,-0.0012405377351325671,4,3,7.45,,True,,2026-01-23 10:45:00,2026-01-23 11:03:00,10,1495149.0,149514.9,51624.649999999994,0.7,4.3612,4.6355,4.7773,3.945,5.08,1517500.0,0.15646207936379797,0.7037395450987727,0.1397983755374293,4.7868,4.9949,155372.89550304893,0.10238741054566651,0.04347371939500291,2026-01-23 11:20:00,4.7981,2026-01-23 11:23:00,5.107,2026-01-23 11:27:00,5.1993,207857.0,2.637113216332424,1.2698054883561811,5.0,concentrated_volume_spike
QMCO,2024-11-22,False,1,rth_volume_campaign_1,rth,volume_campaign,2024-11-22 10:30:00,2024-11-22 12:14:00,104.0,83,5.31,7.31,5.31,2024-11-22 10:30:00,9.38,2024-11-22 11:26:00,0.7664783427495294,0.37664783427495296,0.7664783427495294,17111699.0,206165.0481927711,712221.0,2024-11-22 11:26:00,73,0.5875328335310246,172358.0,162968.5619047619,0.11681890851399385,82,82,78,82,67,1,1,42,37,0.5212932392043595,0.4543789602657223,0.023784897104606628,0.01168791012511382,0.7664783427495294,0.0,24,27,7.2,,True,,2024-11-22 10:32:00,2024-11-22 12:13:00,80,17000364.0,212504.55,76667.04999999999,0.7,7.2772,8.6678,9.2443,5.31,9.38,17111699.0,0.25899684780180976,0.7307010664851402,0.010302085713049866,,,,,,2024-11-22 13:59:00,9.73,2024-11-22 13:59:00,9.73,2024-11-22 14:04:00,9.8,357180.0,1.872647590666227,0.9636610378012621,4.5,concentrated_volume_spike;no_upper_fight_zone_detected
QMCO,2024-11-25,True,1,premarket_full,premarket,volume_campaign,2024-11-25 04:00:00,2024-11-25 09:29:00,329.0,307,10.0,13.65,9.89,2024-11-25 04:01:00,14.5,2024-11-25 04:33:00,0.46099999999999997,0.36500000000000005,0.4661274014155712,2169489.0,7066.739413680782,87903.0,2024-11-25 08:58:00,62,0.9133021647033011,2381.0,6574.209090909091,0.10737413280270147,62,20,7,172,52,26,49,150,117,0.5637484218633974,0.40579601924692865,0.21249243485447492,0.16824238334464936,0.45,-0.010999999999999944,136,118,7.45,,True,,2024-11-25 04:00:00,2024-11-25 09:29:00,307,2169489.0,7066.739413680782,10000,0.7,12.195,13.0786,13.9622,9.89,14.5,2169489.0,0.29145879359494775,0.7017185656973436,0.006822640707708639,,,,,,2024-11-25 09:30:00,14.88,2024-11-25 09:30:00,14.88,2024-11-25 09:30:00,14.88,509759.0,32.070803029921734,16.2976852739945,4.5,concentrated_volume_spike;no_upper_fight_zone_detected
QMCO,2024-11-26,True,1,premarket_full,premarket,volume_campaign,2024-11-26 04:00:00,2024-11-26 09:29:00,329.0,218,20.05,15.18,15.18,2024-11-26 09:29:00,20.98,2024-11-26 04:01:00,0.2892768079800499,-0.24289276807980054,0.38208168642951257,346196.0,1588.0550458715597,44771.0,2024-11-26 08:00:00,6,0.9975071924574519,662.5,1049.0787878787878,0.1939854879894626,6,1,0,56,7,52,97,58,82,0.37925337092282985,0.4595922540988342,1.6753515349686308,1.4067175819477986,0.04638403990024936,-0.24289276807980054,62,142,5.2,many_flat_bars;many_zero_range_bars,True,,2024-11-26 04:06:00,2024-11-26 09:29:00,212,340025.0,1603.8915094339623,10000,0.7,16.2433,16.485,18.1767,15.18,20.98,346196.0,0.08443003533370502,0.7201367340075296,0.19543323065876533,18.225,19.5,40726.407146916295,0.1176397391850752,0.06995884773662543,2024-11-26 10:16:00,18.33,2024-11-26 11:00:00,19.66,2024-11-26 11:00:00,19.66,44617.0,5.326957746815191,4.534247967479675,4.5,concentrated_volume_spike
QMCO,2024-12-18,False,3,rth_volume_campaign_2,rth,volume_campaign,2024-12-18 11:20:00,2024-12-18 11:28:00,8.0,9,28.2,31.51,28.2,2024-12-18 11:20:00,31.75,2024-12-18 11:26:00,0.12588652482269505,0.11737588652482278,0.12588652482269505,343793.0,38199.22222222222,73092.0,2024-12-18 11:21:00,2,0.20075452379775038,35600.0,38199.22222222222,0.5212555229454934,9,5,2,9,1,0,0,7,2,0.8238678507124927,0.1761321492875073,1.0325981040917065,0.9627886548010001,0.12588652482269505,0.0,5,2,6.2,,True,,2024-12-18 11:21:00,2024-12-18 11:22:00,2,133339.0,66669.5,47833.1,0.7,29.975,31.1879,31.5133,28.2,31.75,343793.0,0.23712810271931645,0.7363310186501205,0.02654087863056299,31.523300000000003,31.75,88308.4262152779,0.2568651084090656,0.007191505965428665,2024-12-18 11:33:00,33.2,2024-12-18 11:33:00,33.2,2024-12-18 11:33:00,33.2,69616.0,2.7593423493412392,1.5178458519568299,5.0,
QMCO,2024-12-26,True,1,rth_volume_campaign_1,rth,volume_campaign,2024-12-26 09:37:00,2024-12-26 10:07:00,30.0,31,44.99,51.2,44.99,2024-12-26 09:37:00,53.45,2024-12-26 09:58:00,0.18804178706379196,0.13803067348299625,0.18804178706379196,485501.0,15661.322580645161,57830.0,2024-12-26 09:57:00,13,0.2541807328924142,9742.0,15661.322580645161,0.28426923940424426,15,6,1,27,3,0,0,18,13,0.640217012941271,0.359782987058729,1.7425298815038488,1.2790910832315485,0.18804178706379196,0.0,11,6,6.2,,True,,2024-12-26 09:39:00,2024-12-26 09:39:00,1,15145.0,15145.0,10913.75,0.7,46.964,48.1625,51.617,44.99,53.45,485501.0,0.07474883039179728,0.7155275576729233,0.20972361193527925,51.6875,53.45,155298.17442076298,0.3198719970108465,0.03409915356711009,2024-12-26 10:52:00,51.8,2024-12-26 11:15:00,53.67,2024-12-26 11:15:00,53.67,20056.0,3.960270916019983,1.3540372670807452,4.5,concentrated_volume_spike
QMCO,2025-02-12,True,1,rth_volume_campaign_1,rth,volume_campaign,2025-02-12 12:40:00,2025-02-12 12:51:00,11.0,12,19.6,20.84,19.56,2025-02-12 12:40:00,21.3,2025-02-12 12:49:00,0.08877551020408173,0.06326530612244889,0.08895705521472404,190220.0,15851.666666666666,35478.0,2025-02-12 12:47:00,8,0.09056355798549048,15877.5,15851.666666666666,0.43273052255283356,8,1,0,9,2,0,0,7,3,0.7414782882977605,0.1622647460834823,0.9147303122700042,0.6518767742613808,0.08673469387755098,-0.00204081632653075,6,2,3.95,,True,,2025-02-12 12:41:00,2025-02-12 12:50:00,10,178871.0,17887.1,10000,0.7,20.024,20.8795,21.039,19.56,21.3,190220.0,0.24902432004568928,0.7113431449523102,0.03963253500200052,21.049000000000003,21.3,53037.02229352324,0.27881937910589444,0.011924556986079986,2025-02-12 12:54:00,21.24,2025-02-12 13:00:00,21.4,2025-02-12 13:03:00,21.91,31757.0,3.682227169426279,2.5497390606182257,4.5,
QNCX,2024-10-24,False,1,rth_volume_campaign_1,rth,volume_campaign,2024-10-24 12:31:00,2024-10-24 12:36:00,5.0,6,11.4,11.302,10.9,2024-10-24 12:35:00,12.9,2024-10-24 12:33:00,0.17543859649122806,-0.008596491228070241,0.18348623853211007,70130.6,11688.433333333334,27868.7,2024-10-24 12:33:00,3,0.41373095339267024,8778.8,11688.433333333334,0.7634028512518073,3,1,0,6,5,0,0,3,3,0.23659714874819265,0.7634028512518072,2.8518221717766563,0.13973928641705724,0.13157894736842105,-0.043859649122807015,2,1,3.85,weak_close_displacement;thin_total_volume,False,volume_lt_100k,2024-10-24 12:33:00,2024-10-24 12:35:00,3,53537.9,17845.966666666667,10000,0.7,11.4667,11.7167,11.8,10.9,12.9,70130.6,0.21414285427381835,0.7302908951661489,0.055566250560032615,11.8167,12.5833,2834.10508474576,0.04041181858911459,0.06487428808381346,2024-10-24 13:41:00,12.2,2024-10-24 14:15:00,13.0,2024-10-24 14:15:00,13.0,7926.4,7.636002813020818,3.1794624949859607,4.0,low_total_volume
QNRX,2024-10-16,True,2,rth_volume_campaign_1,rth,volume_campaign,2024-10-16 10:05:00,2024-10-16 10:21:00,16.0,17,21.7003,22.4038,21.3608,2024-10-16 10:05:00,28.2104,2024-10-16 10:16:00,0.31564540582388256,0.03241890665106021,0.32066214748511285,226858.397073,13344.611592529413,21691.817475,2024-10-16 10:16:00,12,0.3194566660659234,12230.359399,13344.611592529413,0.2800431175027515,12,0,0,17,16,0,0,10,7,0.5931698127607709,0.40683018723922926,3.019328395323136,0.3101053384299568,0.3000004608231223,-0.015644945000760243,6,5,5.45,,True,,2024-10-16 10:07:00,2024-10-16 10:20:00,14,208152.30624,14868.021874285714,10000,0.7,22.2741,24.9568,25.813,21.3608,28.2104,226858.39707299997,0.04013110687944029,0.7004572153602922,0.2594116777602676,25.8701,27.9899,48985.63387698606,0.21593044167204947,0.08194015485058032,2024-10-16 11:23:00,26.0159,2024-10-16 11:29:00,30.1005,2024-10-16 11:29:00,30.1005,30320.230904,3.7806502913443163,1.9238455737324516,5.0,
QNRX,2024-10-18,False,1,rth_volume_campaign_1,rth,volume_campaign,2024-10-18 11:25:00,2024-10-18 12:05:00,40.0,37,32.8585,32.785,31.623,2024-10-18 12:04:00,45.5007,2024-10-18 11:47:00,0.4223473378273506,-0.0022368641295251695,0.43884830661227586,781789.815834,21129.454482,49144.862816,2024-10-18 11:37:00,30,0.35763255812015715,18569.750021,19068.044288634148,0.18149348387793265,30,12,0,37,33,0,0,14,21,0.38997595078385616,0.5320289175323777,1.7751190561615986,0.009401503896746754,0.38474671698342905,-0.037600620843921614,12,16,6.2,weak_close_displacement,True,,2024-10-18 11:27:00,2024-10-18 12:04:00,34,765715.142672,22521.033607999998,10000,0.7,37.868,40.2966,43.419,31.623,45.5007,781789.815834,0.2500614843980959,0.7119018907377875,0.038036624864116526,43.5347,44.4507,139323.26327135958,0.17821063980314442,0.021040687084096062,,,,,,,,,,5.5,
QNRX,2024-12-02,False,1,rth_volume_campaign_1,rth,volume_campaign,2024-12-02 11:09:00,2024-12-02 11:56:00,47.0,31,25.7254,31.371,25.1234,2024-12-02 11:09:00,48.3007,2024-12-02 11:31:00,0.9009500338187161,0.21945625723992623,0.9225383507009401,704787.113749,22735.06818545161,52057.847692,2024-12-02 11:25:00,20,0.37536984777678245,17162.485416,14683.064869770833,0.22107564079483152,20,12,3,31,30,0,0,17,14,0.5434340853802868,0.45656591461971313,3.2885533160094447,0.8010362121930905,0.8775490371383924,-0.02340099668032374,12,8,7.45,,True,,2024-12-02 11:10:00,2024-12-02 11:55:00,29,694171.415844,23936.945373931034,10000,0.7,36.3258,42.6995,46.7555,25.1234,48.3007,704787.113749,0.2692994700581383,0.7070660403887701,0.02363448955309143,46.9487,47.335,12753.375603900484,0.018095358662363992,0.008228129852370748,,,,,,,,,,5.5,
QNRX,2025-10-10,True,1,premarket_full,premarket,volume_campaign,2025-10-10 09:24:00,2025-10-10 09:29:00,5.0,6,8.36,12.1,8.36,2025-10-10 09:24:00,15.51,2025-10-10 09:26:00,0.855263157894737,0.44736842105263164,0.855263157894737,498198.0,83033.0,183230.0,2025-10-10 09:26:00,0,0.4359451463072915,81674.0,83033.0,0.7315966744145902,6,5,4,6,6,0,0,3,3,0.5640548536927085,0.4359451463072915,1.4351723611897278,0.7507055427761653,0.855263157894737,0.0,1,2,6.35,,True,,2025-10-10 09:26:00,2025-10-10 09:26:00,1,183230.0,183230.0,204185.0,0.7,12.2925,14.3779,14.795,8.36,15.51,498198.0,0.20764549707271915,0.7254651855860111,0.06688931734126961,14.8546,15.51,306856.97392271,0.6159337731639027,0.044121013019536054,2025-10-10 09:35:00,15.78,2025-10-10 09:35:00,15.78,2025-10-10 10:00:00,19.25,356752.0,2.818039776991022,1.9792066574202496,5.0,
QNTM,2024-08-09,False,1,premarket_full,premarket,volume_campaign,2024-08-09 04:00:00,2024-08-09 09:29:00,329.0,330,6.8183,12.3172,6.4998,2024-08-09 04:00:00,13.6497,2024-08-09 08:55:00,1.0486338236803896,0.8064913541498614,1.1000184621065263,2628901.96706,7966.369597151515,213965.210535,2024-08-09 08:00:00,71,0.1338896340888038,4037.20862,7966.369597151515,0.12542842297530005,79,18,3,297,138,0,0,167,152,0.5829233439802984,0.40471117269346135,0.27197286508161433,0.20917097970563073,1.0019213000307994,-0.04671252364959011,119,115,7.45,,True,,2024-08-09 04:01:00,2024-08-09 09:24:00,324,2591369.351845,7998.05355507716,10943.452425624997,0.7,9.4789,10.8493,13.0539,6.4998,13.6497,2628901.9670599997,0.2774564987599286,0.7001854692464775,0.022358031993593885,13.0639,13.3518,99119.5679169297,0.03770379008380402,0.022037829438376018,2024-08-09 09:47:00,13.6107,2024-08-09 09:47:00,13.6107,2024-08-09 10:04:00,13.7472,125295.34769,2.7046192599652783,1.7213135508945065,5.0,concentrated_volume_spike
QNTM,2025-02-05,False,1,premarket_full,premarket,volume_campaign,2025-02-05 04:00:00,2025-02-05 09:29:00,329.0,209,6.6,6.45,5.64,2025-02-05 09:19:00,6.88,2025-02-05 07:02:00,0.18787878787878792,-0.022727272727272648,0.21985815602836883,418574.0,2002.7464114832535,47716.0,2025-02-05 09:28:00,7,0.753176260350619,647.0,1268.4060606060607,0.25940216066932015,7,2,0,45,9,70,103,60,61,0.3959156564908475,0.46229340570604005,0.2962439138599149,0.03583595732176376,0.04242424242424246,-0.14545454545454545,63,133,3.45,many_flat_bars;many_zero_range_bars,True,,2025-02-05 04:04:00,2025-02-05 09:29:00,205,399923.0,1950.8439024390243,10000,0.7,6.0947,6.2083,6.5907,5.64,6.88,418574.0,0.20435318609668787,0.7101193616334551,0.08552745226985699,6.601,6.75,75601.69666764712,0.18061727834898278,0.022572337524617486,2025-02-05 11:01:00,6.77,2025-02-05 11:01:00,6.77,2025-02-05 11:01:00,6.77,30198.0,3.0985973301045586,1.3131277992781667,4.5,concentrated_volume_spike
QNTM,2025-02-06,False,1,premarket_full,premarket,volume_campaign,2025-02-06 04:00:00,2025-02-06 09:29:00,329.0,173,8.86,11.53,8.86,2025-02-06 04:00:00,13.07,2025-02-06 08:39:00,0.4751693002257338,0.3013544018058691,0.4751693002257338,2591971.0,14982.491329479768,162054.0,2025-02-06 08:06:00,41,0.29344348374268076,3231.0,7854.457575757576,0.15581655813278775,58,33,16,97,41,43,51,64,61,0.5157688878463532,0.4585174756970661,0.16242465675734802,0.10301041176772426,0.4751693002257338,0.0,46,94,6.45,many_zero_range_bars,True,,2025-02-06 07:04:00,2025-02-06 09:22:00,122,2516676.0,20628.491803278688,17536.35,0.7,11.4562,11.9824,12.649,8.86,13.07,2591971.0,0.24215133795010454,0.7015834973058922,0.05626516474400323,12.6841,13.07,403655.52232233214,0.1557330395758024,0.030423916556949208,2025-02-06 09:41:00,12.8,2025-02-06 09:52:00,14.29,2025-02-06 09:52:00,14.29,972208.0,7.938011839150847,2.860116674854892,5.0,concentrated_volume_spike
QNTM,2026-03-24,False,2,rth_volume_campaign_2,rth,volume_campaign,2026-03-24 09:39:00,2026-03-24 09:54:00,15.0,16,3.46,3.63,3.46,2026-03-24 09:39:00,3.86,2026-03-24 09:47:00,0.11560693641618494,0.049132947976878595,0.11560693641618494,251775.0,15735.9375,31607.0,2026-03-24 09:47:00,11,0.26323503127792675,13989.0,15735.9375,0.3599483665971602,11,3,0,15,8,0,0,8,8,0.5168384470261146,0.4831615529738854,0.15887200873796045,0.06752060371363318,0.11560693641618494,0.0,4,7,4.95,,True,,2026-03-24 09:39:00,2026-03-24 09:53:00,15,246723.0,16448.2,10000,0.7,3.54,3.6767,3.7333,3.46,3.86,251775.0,0.0860336941051865,0.7095821696259587,0.2043841362688548,3.7367,3.86,85780.09188311687,0.3407013876799399,0.032997029464500754,2026-03-24 09:58:00,3.75,2026-03-24 10:04:00,3.87,2026-03-24 12:23:00,3.96,6485.0,1.4325793054696474,0.43989960656627325,5.0,
QTTB,2025-07-10,False,1,rth_volume_campaign_1,rth,volume_campaign,2025-07-10 10:21:00,2025-07-10 10:25:00,4.0,5,1.8052,1.7308,1.7164,2025-07-10 10:25:00,1.9498,2025-07-10 10:23:00,0.12929315311322848,-0.04121426988699314,0.13598228851083666,381234.0,76246.8,120127.0,2025-07-10 10:23:00,2,0.43799346333223166,70006.0,76246.8,0.753093900334178,5,5,4,5,5,0,0,2,3,0.24690609966582205,0.753093900334178,0.06122224145800219,0.019515573112576533,0.08010192776423669,-0.0491912253489918,1,2,4.6,,True,,2025-07-10 10:23:00,2025-07-10 10:24:00,2,217099.0,108549.5,81899.54999999999,0.7,1.8059,1.8701,1.9109,1.7164,1.9498,381234.0,0.15765579318813072,0.7594277148287536,0.08291649198311558,1.9128,1.9245,173626.63547755545,0.4554332391065735,0.006116687578419094,2025-07-10 10:33:00,1.93,2025-07-10 10:33:00,1.93,2025-07-10 10:37:00,2.04,147467.0,3.368464572954428,1.3594059679753685,5.0,
QUBT,2024-11-13,False,1,premarket_full,premarket,volume_campaign,2024-11-13 04:01:00,2024-11-13 09:29:00,328.0,67,1.37,1.42,1.37,2024-11-13 04:01:00,1.45,2024-11-13 08:33:00,0.05839416058394149,0.03649635036496337,0.05839416058394149,146828.0,2191.4626865671644,23389.0,2024-11-13 08:31:00,3,0.4509562208843,800.0,446.2857142857143,0.3366455989320838,3,0,0,11,1,45,45,12,9,0.45437518729397663,0.12651537853815348,0.054485520472934215,0.03405345029558383,0.05839416058394149,0.0,11,53,2.2,many_flat_bars;many_zero_range_bars,False,range_lt_8pct;flat_bar_pct_gte_65;zero_range_bar_pct_gte_55;movement_quality_score_lt_3,2024-11-13 08:31:00,2024-11-13 08:33:00,3,40429.0,13476.333333333334,10000,0.7,1.3793,1.4,1.43,1.37,1.45,146828.0,0.015650965755850735,0.715171690207357,0.2691773440367921,1.4307,1.45,100550.96604510848,0.6848214648780102,0.013489900048927009,2024-11-13 09:32:00,1.435,2024-11-13 09:34:00,1.47,2024-11-13 09:34:00,1.47,88070.0,6.383549331709721,1.7141911750394145,4.0,concentrated_volume_spike
QUBT,2024-12-16,False,2,rth_volume_campaign_1,rth,volume_campaign,2024-12-16 09:30:00,2024-12-16 10:13:00,43.0,44,7.1,7.6502,6.83,2024-12-16 09:33:00,8.06,2024-12-16 10:03:00,0.17323943661971838,0.07749295774647891,0.18008784773060035,11924393.0,271008.9318181818,887347.0,2024-12-16 09:30:00,10,0.1587918143925649,223303.5,271008.9318181818,0.16019993638250601,44,44,44,38,4,0,0,23,21,0.5797354213333962,0.4202645786666038,0.010314990456956595,0.0046140713409898535,0.13521126760563393,-0.03802816901408445,15,12,5.35,low_price_volume_efficiency,True,,2024-12-16 09:30:00,2024-12-16 09:39:00,10,3644600.0,364460.0,329590.0,0.7,7.3015,7.8038,8.06,6.83,8.06,11924393.0,0.29325376569380546,0.7067462343061945,0.0,,,,,,2024-12-16 10:25:00,8.1337,2024-12-16 10:25:00,8.1337,2024-12-16 10:31:00,8.3399,424805.0,1.7081447145043425,1.335390254406453,4.5,concentrated_volume_spike;no_upper_fight_zone_detected
QUBT,2024-12-18,False,1,premarket_full,premarket,volume_campaign,2024-12-18 04:00:00,2024-12-18 09:29:00,329.0,330,19.0,19.14,17.5,2024-12-18 06:06:00,21.0,2024-12-18 04:09:00,0.18421052631578946,0.007368421052631609,0.2,13889793.0,42090.281818181815,1265588.0,2024-12-18 08:00:00,53,0.9484641707763392,27239.0,42090.281818181815,0.12907413379018678,265,171,91,117,11,1,3,169,147,0.560952060264685,0.42191363111026925,0.025198359687577776,0.0010079343875031151,0.10526315789473684,-0.07894736842105263,135,112,5.35,weak_close_displacement;low_price_volume_efficiency,True,,2024-12-18 04:01:00,2024-12-18 09:28:00,328,13787768.0,42035.87804878049,68097.5,0.7,18.725,19.3958,19.95,17.5,21.0,13889792.999999998,0.23861904388270846,0.7054698105541137,0.0559111455631778,19.9792,21.0,1684648.5206132191,0.12128679819873625,0.051093136862336894,2024-12-18 09:37:00,20.1406,2024-12-18 09:40:00,22.2301,2024-12-18 09:40:00,22.2301,2619644.0,1.5376175850347644,1.2179977580216284,5.0,concentrated_volume_spike
QUCY,2026-05-13,True,1,premarket_full,premarket,volume_campaign,2026-05-13 04:00:00,2026-05-13 09:29:00,329.0,92,0.3229,0.5853,0.3157,2026-05-13 07:40:00,0.6496,2026-05-13 08:01:00,1.0340662743883553,0.8126354908640446,1.057649667405765,107422536.0,1167636.2608695652,3325966.0,2026-05-13 08:15:00,9,0.9723911005042741,962938.0,325522.83636363636,0.08764548250843752,89,89,89,85,44,3,4,42,47,0.49907672073576814,0.5009056944997091,0.00031082863282989333,0.0002442690423916263,1.011768349334159,-0.022297925054196466,26,37,6.85,low_price_volume_efficiency,True,,2026-05-13 08:01:00,2026-05-13 08:28:00,28,59015717.0,2107704.1785714286,2407345.0,0.7,0.5606,0.58,0.6218,0.3157,0.6496,107422536.0,0.23628953292882993,0.7216774682280656,0.042032998843104484,0.6246,0.64,8542920.815749433,0.07952633715284317,0.024655779699007313,2026-05-13 11:59:00,0.6622,2026-05-13 11:59:00,0.6622,2026-05-13 11:59:00,0.6622,4252209.0,4.392173061292283,1.5523135343989205,5.0,concentrated_volume_spike
QUCY,2026-05-14,True,1,premarket_full,premarket,volume_campaign,2026-05-14 04:00:00,2026-05-14 09:29:00,329.0,330,1.48,1.9,1.36,2026-05-14 04:03:00,2.11,2026-05-14 04:38:00,0.5067567567567566,0.2837837837837837,0.5514705882352939,35694288.0,108164.5090909091,859950.0,2026-05-14 08:30:00,61,0.9178073813939082,65027.5,108164.5090909091,0.06763802096290589,319,272,200,303,94,0,0,153,137,0.49536741004611157,0.4320859404731648,0.002101176524378354,0.0011766588536518783,0.4256756756756756,-0.081081081081081,110,103,7.1,low_price_volume_efficiency,True,,2026-05-14 04:00:00,2026-05-14 09:29:00,330,35694288.0,108164.5090909091,162568.75,0.7,1.685,1.8787,1.96,1.36,2.11,35694288.0,0.26476982472879135,0.7102476208403009,0.02498255443090778,1.9663,2.08,1738736.1815579874,0.048711888623692044,0.057824340131210974,2026-05-14 09:30:00,2.0278,2026-05-14 10:15:00,2.235,2026-05-14 10:15:00,2.235,2504961.0,5.45564729268272,1.442746271407549,5.0,concentrated_volume_spike
QUCY,2026-05-26,False,1,premarket_full,premarket,volume_campaign,2026-05-26 04:00:00,2026-05-26 09:29:00,329.0,238,3.35,3.4005,3.12,2026-05-26 04:35:00,3.59,2026-05-26 08:01:00,0.1402985074626865,0.015074626865671637,0.15064102564102555,1099772.0,4620.890756302521,69961.0,2026-05-26 08:01:00,29,0.32212585881437245,1395.0,3332.642424242424,0.17022710161742616,29,11,3,38,4,76,94,90,56,0.5855868307249139,0.32631945530528145,0.042736130761648755,0.004591860858432474,0.07164179104477605,-0.06865671641791044,83,139,3.95,weak_close_displacement;many_flat_bars;many_zero_range_bars,True,,2026-05-26 04:38:00,2026-05-26 09:28:00,203,1055459.0,5199.305418719212,10000,0.7,3.1278,3.2336,3.5117,3.12,3.59,1099772.0,0.00032137570332759754,0.7251275782390814,0.274551046057591,3.5156,3.59,442823.7973432116,0.40265054697083724,0.02116281715781084,2026-05-26 09:31:00,3.61,2026-05-26 09:31:00,3.61,2026-05-26 09:31:00,3.61,112871.0,10.131319115323855,1.3624194288197378,5.0,concentrated_volume_spike
QURE,2024-07-10,True,2,rth_volume_campaign_1,rth,volume_campaign,2024-07-10 09:30:00,2024-07-10 09:37:00,7.0,8,6.65,7.05,6.62,2024-07-10 09:30:00,7.25,2024-07-10 09:32:00,0.09473684210526313,0.06015037593984954,0.09516616314199394,1247125.0,155890.625,246369.0,2024-07-10 09:30:00,3,0.47559386589155056,146941.5,155890.625,0.5244061341084494,8,8,8,8,5,0,0,3,5,0.4475381377167485,0.5524618622832514,0.05051618723063044,0.03207376967024152,0.09022556390977438,-0.004511278195488759,3,2,4.95,,True,,2024-07-10 09:30:00,2024-07-10 09:32:00,3,654000.0,218000.0,189475.0,0.7,6.8615,7.0557,7.145,6.62,7.25,1247124.9999999998,0.22358832368681808,0.7006980456393233,0.07571363067385883,7.1502,7.2027,385369.23165413615,0.30900609935181816,0.007342451959385782,2024-07-10 09:51:00,7.16,2024-07-10 09:52:00,7.22,2024-07-10 09:59:00,7.41,156228.0,2.0418037318319224,1.232295824196627,5.0,
RADX,2025-03-03,True,1,rth_volume_campaign_1,rth,volume_campaign,2025-03-03 11:00:00,2025-03-03 11:14:00,14.0,11,6.5,6.87,6.43,2025-03-03 11:00:00,7.77,2025-03-03 11:06:00,0.20615384615384613,0.05692307692307694,0.20839813374805596,278318.0,25301.636363636364,57413.0,2025-03-03 11:07:00,9,0.7863846391537738,24708.0,18554.533333333333,0.4821822519563952,9,5,1,11,10,0,0,6,5,0.5962819508619637,0.40371804913803633,0.4814636494944631,0.13294145545742642,0.19538461538461532,-0.010769230769230812,3,6,5.7,,True,,2025-03-03 11:01:00,2025-03-03 11:13:00,9,268351.0,29816.777777777777,11139.762499999999,0.7,6.899,7.1782,7.301,6.43,7.77,278318.0,0.20429760959868482,0.7164661982436125,0.07923619215770275,7.3122,7.4015,18176.66673070189,0.06530898731200242,0.012212466836246355,2025-03-03 11:20:00,7.64,2025-03-03 11:20:00,7.64,2025-03-03 11:20:00,7.64,25353.0,1.7952458168995136,1.835046323103648,5.0,
RAY,2025-03-11,False,1,rth_volume_campaign_1,rth,volume_campaign,2025-03-11 10:04:00,2025-03-11 10:33:00,29.0,26,21.568,21.12,19.68,2025-03-11 10:04:00,28.64,2025-03-11 10:26:00,0.41543026706231456,-0.020771513353115743,0.4552845528455285,851853.625,32763.60096153846,83587.0,2025-03-11 10:27:00,22,0.24586867843639218,28870.9375,28395.120833333334,0.2535034261314554,25,16,5,26,26,0,0,13,13,0.5028939097371335,0.49710609026286645,1.0518238975622132,0.0525911948781107,0.3278931750741839,-0.08753709198813063,8,6,6.45,,True,,2025-03-11 10:10:00,2025-03-11 10:32:00,23,819495.75,35630.25,16773.48671875,0.7,23.712,26.624,27.5947,19.68,28.64,851853.625,0.2468451712174845,0.7072389020723847,0.04591592671013075,27.6693,28.64,161295.9543900449,0.18934703058878796,0.03508220301923073,2025-03-11 11:00:00,27.6784,2025-03-11 11:02:00,28.8,2025-03-11 11:15:00,29.76,75431.125,3.123114683890534,2.652867075071273,5.0,concentrated_volume_spike
RAYA,2026-04-10,False,1,premarket_full,premarket,volume_campaign,2026-04-10 04:00:00,2026-04-10 09:29:00,329.0,330,6.458,8.789,5.579,2026-04-10 04:00:00,9.804,2026-04-10 09:05:00,0.6542273149581914,0.36094766181480326,0.7573041763756947,10219136.5,30967.080303030303,304454.9,2026-04-10 08:37:00,77,0.1442474028994524,6527.45,30967.080303030303,0.08165677207658396,133,96,69,257,92,0,3,158,166,0.5235924777010269,0.4756330733032092,0.041344002010345986,0.02281014643458378,0.5181170641065346,-0.13611025085165693,105,106,7.2,,True,,2026-04-10 04:00:00,2026-04-10 09:26:00,327,10132478.2,30986.171865443423,45907.91374999999,0.7,8.0436,8.6421,9.5927,5.579,9.804,10219136.5,0.25011583999818077,0.7189059207305186,0.030978239271300605,9.6027,9.723,1083646.091790264,0.1060408667395982,0.012527726576900277,2026-04-10 10:55:00,9.642,2026-04-10 12:56:00,10.3,2026-04-10 12:56:00,10.3,390109.1,7.2487891404114,1.9872449460410122,5.0,concentrated_volume_spike
RBNE,2025-06-17,True,2,rth_volume_campaign_1,rth,volume_campaign,2025-06-17 09:30:00,2025-06-17 10:02:00,32.0,24,34.85,41.1,33.5,2025-06-17 09:30:00,44.95,2025-06-17 09:49:00,0.32855093256814927,0.17934002869440457,0.3417910447761195,917819.2,38242.46666666667,126613.4,2025-06-17 09:50:00,15,0.634285270998907,26199.2,27812.70303030303,0.3780866645631296,22,12,6,24,16,0,0,12,12,0.35794195632429576,0.6420580436757043,1.2475223878515511,0.6809620021023749,0.28981348637015786,-0.03873744619799143,10,4,7.45,,True,,2025-06-17 09:31:00,2025-06-17 10:01:00,22,893082.2,40594.645454545454,18355.61,0.7,39.6067,42.7554,43.2325,33.5,44.95,917819.2,0.2515170414513147,0.7010945258272869,0.04738843272139837,43.3279,44.0913,33105.73729260043,0.036069998636551116,0.017619132245042968,2025-06-17 11:12:00,44.15,2025-06-17 11:13:00,47.2,2025-06-17 11:13:00,47.2,63041.8,2.3055109793899637,1.7499458709229703,5.0,concentrated_volume_spike
RBNE,2026-03-24,False,2,premarket_first_volume_campaign,premarket,volume_campaign,2026-03-24 09:19:00,2026-03-24 09:29:00,10.0,11,1.09,1.52,1.09,2026-03-24 09:19:00,1.63,2026-03-24 09:27:00,0.49541284403669705,0.3944954128440366,0.49541284403669705,5699526.0,518138.7272727273,1016138.0,2026-03-24 09:27:00,10,0.13153146419544362,507937.0,518138.7272727273,0.42754362380310224,10,10,10,10,8,1,1,6,4,0.6556043432383676,0.3443763569110835,0.009474472087678867,0.007544487032781321,0.49541284403669705,0.0,3,5,7.2,,True,,2026-03-24 09:20:00,2026-03-24 09:29:00,10,5699416.0,569941.6,10000,0.7,1.45,1.4725,1.603,1.09,1.63,5699526.0,0.2777090890996395,0.7078498542230158,0.01444105667734475,1.6075,1.6255,82307.17800000001,0.01444105667734475,0.01119751166407466,2026-03-24 10:00:00,1.71,2026-03-24 10:00:00,1.71,2026-03-24 10:00:00,1.71,2153844.0,6.462189850926824,3.22501257756163,5.5,
RDAC,2026-04-29,False,1,premarket_full,premarket,volume_campaign,2026-04-29 04:00:00,2026-04-29 09:28:00,328.0,160,6.13,6.9,5.6,2026-04-29 04:47:00,8.8,2026-04-29 08:17:00,0.5220228384991845,0.1256117455138663,0.5714285714285716,740895.0,4630.59375,75231.0,2026-04-29 08:16:00,14,0.6510936097557684,1017.0,2251.9604863221884,0.2659999055196755,14,8,4,67,20,49,58,50,49,0.4288299961533011,0.5188265543700524,0.4319100547311024,0.10392835691967155,0.4355628058727571,-0.08646003262642744,43,97,5.7,many_flat_bars;many_zero_range_bars,True,,2026-04-29 08:15:00,2026-04-29 09:03:00,49,622969.0,12713.65306122449,10000,0.7,6.7733,7.0133,8.0533,5.6,8.8,740895.0,0.07859044341653215,0.7110923804116669,0.21031717617180087,8.08,8.6133,136502.0510194675,0.1842394010210185,0.06600247524752482,2026-04-29 09:56:00,10.18,2026-04-29 09:56:00,10.18,2026-04-29 09:56:00,10.18,167575.0,16.781665598461785,7.328245943936677,5.0,concentrated_volume_spike
RDHL,2024-08-01,False,1,premarket_full,premarket,volume_campaign,2024-08-01 04:49:00,2024-08-01 09:29:00,280.0,151,9.6025,14.25,9.42,2024-08-01 06:58:00,16.75,2024-08-01 07:10:00,0.7633428794584745,0.48398854464983093,0.778131634819533,1661724.36,11004.797086092716,58683.44,2024-08-01 08:31:00,27,0.8979964643474324,7528.28,5913.609822064057,0.09324538035899045,57,19,2,139,62,2,2,67,80,0.499133995965492,0.4922747115532448,0.44110805476787973,0.2796793566894572,0.7443374121322573,-0.01900546732621705,48,49,7.2,,True,,2024-08-01 07:04:00,2024-08-01 08:42:00,98,1354274.0,13819.122448979591,18820.7,0.7,13.818,15.5894,15.7727,9.42,16.75,1661724.3599999999,0.2259389166401561,0.7344092340325584,0.0396518493272855,15.8338,16.75,96688.62538910568,0.05818571823133512,0.05786355770566762,2024-08-01 09:55:00,15.9375,2024-08-01 12:12:00,16.8975,2024-08-01 12:13:00,17.3775,109316.08,2.0162332888437806,1.5057601661740032,5.0,concentrated_volume_spike
RDNW,2025-08-12,False,2,rth_volume_campaign_2,rth,volume_campaign,2025-08-12 11:49:00,2025-08-12 12:04:00,15.0,16,2.985,3.0106,2.95,2025-08-12 11:49:00,3.12,2025-08-12 11:57:00,0.05695142378559462,0.008576214405360232,0.05762711864406777,981301.0,61331.3125,169857.0,2025-08-12 11:57:00,8,0.4516972875804672,37714.5,61331.3125,0.4466702877098872,15,11,7,9,1,0,0,8,6,0.5478543280807826,0.36959098176808136,0.017323940360806717,0.002608781607274454,0.04522613065326641,-0.011725293132328207,7,3,4.95,weak_close_displacement,False,range_lt_8pct,2025-08-12 11:49:00,2025-08-12 11:49:00,1,60827.0,60827.0,40247.7,0.7,3.0095,3.0704,3.0888,2.95,3.12,981300.9999999999,0.2664147574040501,0.7022637263344162,0.031321516261533705,3.0903,3.12,280475.45147895935,0.28581999965246074,0.009610717406077099,2025-08-12 14:31:00,3.1002,2025-08-12 15:32:00,3.13,2025-08-12 15:36:00,3.175,68786.0,3.8182413641889306,3.1746896201596897,4.5,concentrated_volume_spike
RDZN,2024-12-10,False,1,rth_volume_campaign_1,rth,volume_campaign,2024-12-10 10:22:00,2024-12-10 10:32:00,10.0,11,1.6982,1.6436,1.6142,2024-12-10 10:31:00,1.95,2024-12-10 10:26:00,0.19773878224001878,-0.03215169002473206,0.20802874488910908,173064.0,15733.09090909091,60137.0,2024-12-10 10:26:00,6,0.375086673138261,12666.0,15733.09090909091,0.6362732861831462,6,2,1,10,6,1,1,4,5,0.6249595525354782,0.28272777700734986,0.1940322655202699,0.03154902232700041,0.14827464374043106,-0.049464138499587716,4,3,4.7,,True,,2024-12-10 10:23:00,2024-12-10 10:31:00,9,170111.0,18901.222222222223,10000,0.7,1.7541,1.8409,1.8884,1.6142,1.95,173063.99999999997,0.24690782404994366,0.7042020636409304,0.04889011230912598,1.8912,1.9304,6297.475046666568,0.03638812836099113,0.020727580372250372,2024-12-10 11:15:00,1.91,2024-12-10 11:17:00,1.9429,2024-12-10 11:20:00,1.9499,12064.0,1.85132895463753,0.4897892899192075,4.5,concentrated_volume_spike
RDZN,2024-12-19,True,1,rth_volume_campaign_1,rth,volume_campaign,2024-12-19 09:30:00,2024-12-19 09:38:00,8.0,9,1.56,1.69,1.56,2024-12-19 09:30:00,1.6995,2024-12-19 09:37:00,0.0894230769230769,0.08333333333333326,0.0894230769230769,133853.0,14872.555555555555,49642.0,2024-12-19 09:31:00,4,0.07402897208131308,9909.0,14872.555555555555,0.7143433468058243,4,2,0,7,5,1,2,4,3,0.7144404682748986,0.21078347142014,0.1042188071989421,0.0971214690742829,0.0894230769230769,0.0,4,4,3.35,,True,,2024-12-19 09:30:00,2024-12-19 09:34:00,5,115782.0,23156.4,10934.199999999999,0.7,1.6204,1.689,1.6902,1.56,1.6995,133853.0,0.29496124721544636,0.7040144523127158,0.0010243004718378495,,,,,,2024-12-19 09:44:00,1.695,2024-12-19 09:44:00,1.695,2024-12-19 09:45:00,1.71,17108.0,2.9419958384206635,0.5789509306260575,3.5,concentrated_volume_spike;no_upper_fight_zone_detected
REBN,2024-08-14,True,1,rth_volume_campaign_1,rth,volume_campaign,2024-08-14 09:31:00,2024-08-14 09:35:00,4.0,5,3.7763,3.5,3.5,2024-08-14 09:35:00,4.0,2024-08-14 09:34:00,0.13240473479331621,-0.07316685644678654,0.14285714285714285,70651.0,14130.2,30676.0,2024-08-14 09:34:00,2,0.15017480290441748,10610.0,14130.2,0.766245346845763,3,1,0,5,5,0,0,2,3,0.30145362415252436,0.6985463758474756,0.707704066467566,0.3910772671299769,0.059237878346529674,-0.07316685644678654,2,3,3.6,thin_total_volume,False,volume_lt_100k,2024-08-14 09:33:00,2024-08-14 09:34:00,2,43526.0,21763.0,12784.8375,0.7,3.6333,3.8958,3.9167,3.5,4.0,70651.0,0.21179720671771354,0.7174079923178001,0.07079480096448632,3.9208,4.0,42413.173683960995,0.600319509758687,0.020199959192001675,2024-08-14 10:34:00,4.17,2024-08-14 10:34:00,4.17,2024-08-14 10:36:00,4.33,58645.0,3.826603852377721,1.2448524729356825,4.0,low_total_volume
REBN,2025-01-31,False,1,premarket_full,premarket,volume_campaign,2025-01-31 04:54:00,2025-01-31 09:29:00,275.0,40,2.03,2.53,2.02,2025-01-31 05:07:00,2.62,2025-01-31 09:23:00,0.29556650246305427,0.24630541871921185,0.29702970297029707,123515.0,3087.875,19315.0,2025-01-31 09:23:00,5,0.24908715540622597,1711.5,447.518115942029,0.33456665182366513,5,0,0,24,18,11,11,17,8,0.6650609237744404,0.11522487147310043,0.48577095899283496,0.40480913249402906,0.29064039408867015,-0.0049261083743841316,19,19,5.45,many_zero_range_bars,True,,2025-01-31 08:41:00,2025-01-31 09:26:00,30,111460.0,3715.3333333333335,10000,0.7,2.36,2.555,2.59,2.02,2.62,123515.0,0.2701206100946784,0.7037594854402769,0.02611990446504473,2.595,2.62,24734.2,0.20025260089867628,0.009633911368015379,2025-01-31 09:40:00,2.78,2025-01-31 09:40:00,2.78,2025-01-31 09:40:00,2.78,136218.0,14.515211252597368,7.459095389333041,4.5,concentrated_volume_spike
RECT,2026-04-13,False,1,premarket_full,premarket,volume_campaign,2026-04-13 08:01:00,2026-04-13 09:29:00,88.0,89,1.77,1.99,1.41,2026-04-13 08:22:00,2.3,2026-04-13 08:01:00,0.5028248587570621,0.12429378531073444,0.6312056737588652,22065243.0,247924.07865168538,1193191.0,2026-04-13 08:46:00,16,0.9809415196560491,160330.0,247924.07865168538,0.10930117560907895,89,89,87,89,75,0,0,40,45,0.4740370636298907,0.5074380554068677,0.004033492855709769,0.0009970431778158978,0.2994350282485875,-0.20338983050847462,30,23,7.45,,True,,2026-04-13 08:02:00,2026-04-13 09:14:00,73,19152375.0,262361.30136986304,425107.85,0.7,1.7363,1.9811,2.0478,1.41,2.3,22065243.0,0.17094692233135655,0.7189226463945426,0.11013043127410077,2.0553,2.1601,3932588.529792788,0.17822548021758872,0.05099012309638496,2026-04-13 09:37:00,2.11,2026-04-13 09:51:00,2.36,2026-04-13 09:51:00,2.36,1787488.0,4.715369173017619,2.383727334434856,5.0,concentrated_volume_spike
RFIL,2026-03-17,False,1,rth_volume_campaign_1,rth,volume_campaign,2026-03-17 09:30:00,2026-03-17 09:31:00,1.0,2,11.17,10.75,10.5,2026-03-17 09:30:00,11.25,2026-03-17 09:30:00,0.06714413607878246,-0.037600716204118166,0.07142857142857142,107213.0,53606.5,103368.0,2026-03-17 09:30:00,1,0.03586318823277028,53606.5,53606.5,1.0,1,1,1,2,1,0,0,1,1,0.03586318823277028,0.9641368117672298,0.6995420331489651,0.3917435385634204,0.007162041181736801,-0.05998209489704565,1,0,1.6,few_10k_volume_bars,False,range_lt_8pct;less_than_3_10k_volume_bars;less_than_5_meaningful_range_bars;movement_quality_score_lt_3,2026-03-17 09:30:00,2026-03-17 09:30:00,1,103368.0,103368.0,10000,0.7,10.8125,11.2063,11.25,10.5,11.25,107212.99999999999,0.28091462789027455,0.7190853721097255,0.0,,,,,,2026-03-17 10:47:00,11.79,2026-03-17 10:47:00,11.79,2026-03-17 10:47:00,11.79,16758.0,3.7258215127395613,2.1977704918032788,3.0,short_impulse;no_upper_fight_zone_detected
RGC,2025-07-03,True,2,rth_volume_campaign_1,rth,volume_campaign,2025-07-03 09:34:00,2025-07-03 10:13:00,39.0,28,11.6,16.46,11.59,2025-07-03 09:34:00,18.73,2025-07-03 09:48:00,0.6155172413793104,0.4189655172413794,0.6160483175150993,2119064.0,75680.85714285714,283020.0,2025-07-03 09:47:00,12,0.6016316637911833,59616.5,52976.6,0.3119476334834625,26,23,17,26,25,2,2,14,12,0.5511338968525726,0.4459015867382958,0.33694121555554724,0.22934654168066662,0.6146551724137932,-0.000862068965517223,8,10,7.2,,True,,2025-07-03 09:40:00,2025-07-03 09:57:00,10,1251553.0,125155.3,67975.6375,0.7,14.446,15.4575,16.707,11.59,18.73,2119064.0,0.09875366223397211,0.7041896220876989,0.19705671567832883,16.7665,18.73,836562.8125059216,0.39477939906766457,0.11710851996540719,2025-07-03 10:15:00,16.77,2025-07-03 10:25:00,19.06,2025-07-03 10:25:00,19.06,176024.0,2.1259245303072025,1.3642733134920635,5.0,concentrated_volume_spike
RGS,2024-06-25,False,1,premarket_full,premarket,volume_campaign,2024-06-25 06:17:00,2024-06-25 09:29:00,192.0,178,5.3,14.19,5.23,2024-06-25 06:38:00,15.9,2024-06-25 09:01:00,2.013207547169811,1.677358490566038,2.0401529636711278,9418156.0,52910.988764044945,304774.0,2024-06-25 08:32:00,22,0.10510688079492418,40407.0,48798.73575129534,0.08674373200019198,144,119,71,163,106,5,7,93,77,0.5800583468780938,0.40553936460598017,0.11329181635980545,0.09439215065029716,2.0000000000000004,-0.013207547169811207,57,51,7.45,,True,,2024-06-25 07:40:00,2024-06-25 09:01:00,81,6762484.0,83487.45679012345,101017.5,0.7,5.9413,9.5869,13.4103,5.23,15.9,9418156.0,0.003958572216693608,0.7262561296176663,0.2697852981656401,13.4992,15.0,2474272.2560505304,0.2627130253576741,0.11117695863458575,2024-06-25 09:30:00,13.46,2024-06-25 09:35:00,15.46,2024-06-25 09:35:00,15.46,508003.0,3.4280425722583923,0.9215323468641782,5.0,concentrated_volume_spike
RGTI,2024-12-10,False,1,premarket_full,premarket,volume_campaign,2024-12-10 04:00:00,2024-12-10 09:29:00,329.0,327,4.69,4.33,4.12,2024-12-10 07:51:00,4.8,2024-12-10 04:00:00,0.1449893390191897,-0.07675906183368876,0.16504854368932032,9923866.0,30348.214067278288,2401154.0,2024-12-10 08:00:00,65,0.9937203908234956,13389.0,30072.321212121213,0.27082701439136725,190,99,45,30,3,38,40,109,126,0.2739612767846724,0.6195797081500294,0.006852168298120911,0.003627618510769899,0.023454157782515868,-0.12153518123667383,117,158,5.1,low_price_volume_efficiency,True,,2024-12-10 04:00:00,2024-12-10 09:29:00,327,9923866.0,30348.214067278288,36035.825,0.7,4.2447,4.3297,4.562,4.12,4.8,9923866.0,0.08263895853931658,0.7017374966608764,0.21562354479980697,4.5677,4.8,4207275.534129186,0.42395529465323145,0.05085710532653184,2024-12-10 09:32:00,4.7,2024-12-10 09:34:00,4.855,2024-12-10 09:34:00,4.855,1472219.0,3.035620136281543,0.8755594093469905,5.0,concentrated_volume_spike
RILY,2025-02-24,True,1,premarket_full,premarket,volume_campaign,2025-02-24 04:00:00,2025-02-24 09:29:00,329.0,51,3.4,3.68,3.18,2025-02-24 04:45:00,3.75,2025-02-24 09:27:00,0.16764705882352937,0.08235294117647067,0.17924528301886786,92285.0,1809.5098039215686,9979.0,2025-02-24 08:10:00,0,0.07449748063065503,890.0,279.6515151515151,0.2592729045890448,0,0,0,8,1,28,28,11,9,0.3716421953730292,0.3439453865741995,0.6176518394105216,0.30340792111394077,0.10294117647058826,-0.0647058823529411,13,38,1.45,thin_total_volume;few_10k_volume_bars;many_flat_bars;many_zero_range_bars,False,volume_lt_100k;less_than_3_10k_volume_bars;movement_quality_score_lt_3,2025-02-24 08:10:00,2025-02-24 08:10:00,1,9979.0,9979.0,10000,0.7,3.313,3.4983,3.6835,3.18,3.75,92285.0,0.06205856856477223,0.7001897924906533,0.23775163894457438,3.6883,3.75,22901.485000000044,0.24816042693828946,0.01672857413984765,2025-02-24 09:41:00,3.71,2025-02-24 09:58:00,3.83,2025-02-24 09:58:00,3.83,81859.0,5.864959555214834,2.107541000489174,3.5,low_total_volume;concentrated_volume_spike
RILY,2025-02-26,False,1,rth_volume_campaign_1,rth,volume_campaign,2025-02-26 09:45:00,2025-02-26 09:49:00,4.0,5,4.32,4.61,4.32,2025-02-26 09:45:00,4.7,2025-02-26 09:48:00,0.08796296296296294,0.06712962962962964,0.08796296296296294,184790.0,36958.0,83216.0,2025-02-26 09:47:00,2,0.03449320850695384,28601.0,36958.0,0.8526002489312192,4,3,1,5,0,0,0,4,1,0.9655067914930462,0.03449320850695384,0.20563883327019852,0.15693489907462527,0.08796296296296294,0.0,3,0,3.6,,True,,2025-02-26 09:47:00,2025-02-26 09:48:00,2,128951.0,64475.5,42970.899999999994,0.7,4.4593,4.5765,4.6303,4.32,4.7,184789.99999999997,0.22692463517145642,0.7043985811435903,0.06867678368495342,4.6335,4.6398,6173.54535714255,0.033408438536406466,0.0013596633214633467,2025-02-26 10:04:00,4.64,2025-02-26 10:05:00,4.65,2025-02-26 10:22:00,4.78,11027.0,1.5106928061594946,0.5923399226471853,4.5,
RIME,2026-02-13,True,1,premarket_full,premarket,volume_campaign,2026-02-13 04:00:00,2026-02-13 09:29:00,329.0,324,1.35,1.28,1.12,2026-02-13 08:03:00,1.47,2026-02-13 08:11:00,0.25925925925925913,-0.05185185185185189,0.31249999999999983,8370955.0,25836.28086419753,336724.0,2026-02-13 07:04:00,71,0.348584599964998,12390.0,25366.530303030304,0.0965625785827304,179,104,43,179,46,32,33,109,123,0.3519038150366356,0.4682458572528463,0.004181123898049863,0.0008362247796099736,0.0888888888888888,-0.17037037037037034,116,137,6.2,,True,,2026-02-13 04:05:00,2026-02-13 09:29:00,319,8289626.0,25986.288401253918,38983.274999999994,0.7,1.2075,1.2804,1.3183,1.12,1.47,8370955.0,0.1345023376816718,0.7023888249721935,0.16310883734613474,1.3213,1.43,1512124.5675863335,0.18063943332467244,0.08226746386134869,2026-02-13 09:30:00,1.325,2026-02-13 14:09:00,1.455,2026-02-13 14:09:00,1.455,761913.0,4.077386064985543,1.1404124813090197,5.0,concentrated_volume_spike
RKDA,2025-10-08,False,1,rth_volume_campaign_1,rth,volume_campaign,2025-10-08 13:19:00,2025-10-08 13:22:00,3.0,4,3.885,4.0598,3.885,2025-10-08 13:19:00,4.18,2025-10-08 13:20:00,0.07593307593307592,0.04499356499356507,0.07593307593307592,73344.0,18336.0,54028.0,2025-10-08 13:20:00,2,0.2597894851657941,9527.0,18336.0,0.9964277923211169,2,1,1,3,2,1,1,1,2,0.7366383071553229,0.2597894851657941,0.40221422338568924,0.23832897033158854,0.07593307593307592,0.0,1,2,0.1,thin_total_volume;few_10k_volume_bars;many_zero_range_bars,False,range_lt_8pct;volume_lt_100k;less_than_3_10k_volume_bars;less_than_5_meaningful_range_bars;movement_quality_score_lt_3,2025-10-08 13:20:00,2025-10-08 13:21:00,2,68139.0,34069.5,12980.05,0.7,3.9735,4.0792,4.1308,3.885,4.18,73344.0,0.17459917613938078,0.7048165407227865,0.12058428313783269,4.1333,4.1677,7096.517434391078,0.09675661859717329,0.008322647763288357,2025-10-08 13:31:00,4.19,2025-10-08 13:31:00,4.19,2025-10-08 13:31:00,4.19,9231.0,1.9578773224739119,1.8103549715630516,2.0,short_impulse;low_total_volume;concentrated_volume_spike
RKTO,2026-05-27,False,1,premarket_full,premarket,volume_campaign,2026-05-27 04:00:00,2026-05-27 09:29:00,329.0,83,0.6777,0.8604,0.675,2026-05-27 07:49:00,0.9962,2026-05-27 09:02:00,0.47395602774088824,0.26958831341301476,0.4758518518518517,28018071.0,337567.1204819277,1236469.0,2026-05-27 08:19:00,13,0.23346178971421694,247052.0,84903.24545454545,0.12663337886466203,79,78,75,80,65,3,3,43,37,0.5416475673860631,0.4582917574875158,0.0011464029768501905,0.0006520791527725092,0.4699719639958684,-0.003984063745019809,28,27,7.1,low_price_volume_efficiency,True,,2026-05-27 08:13:00,2026-05-27 09:03:00,51,21922834.0,429859.49019607843,617630.0,0.7,0.7767,0.8169,0.8838,0.675,0.9962,28018070.999999996,0.0663686926571285,0.7016155804620516,0.23201572688081987,0.8865,0.9664,9861588.261180203,0.35197242027048203,0.09012972363226181,2026-05-27 09:31:00,0.9145,2026-05-27 11:30:00,0.9801,2026-05-27 11:30:00,0.9801,885494.0,3.6361598114358102,1.0923313012091591,5.0,concentrated_volume_spike
RKTO,2026-06-02,False,1,premarket_full,premarket,volume_campaign,2026-06-02 04:00:00,2026-06-02 09:29:00,329.0,307,1.54,1.4995,1.33,2026-06-02 04:36:00,1.62,2026-06-02 04:01:00,0.18831168831168832,-0.026298701298701287,0.2180451127819549,1704214.0,5551.185667752443,152848.0,2026-06-02 04:01:00,43,0.8980609242735947,2532.0,5164.284848484848,0.16396943106910283,43,9,3,120,19,67,74,99,101,0.3730364848546016,0.3480566407739873,0.017016642276146073,0.002376462110979019,0.05194805194805199,-0.13636363636363633,97,163,4.7,many_zero_range_bars,True,,2026-06-02 04:00:00,2026-06-02 08:57:00,278,1632980.0,5874.028776978417,10000,0.7,1.4653,1.5499,1.5813,1.33,1.62,1704214.0,0.2834266083575585,0.7082641034673091,0.008309288175132473,,,,,,2026-06-02 10:58:00,1.595,2026-06-02 10:58:00,1.595,2026-06-02 10:58:00,1.595,279822.0,17.155942491033382,6.812465003043213,4.5,concentrated_volume_spike;no_upper_fight_zone_detected
RMSG,2025-08-06,False,1,rth_volume_campaign_1,rth,volume_campaign,2025-08-06 09:47:00,2025-08-06 11:45:00,118.0,107,2.08,2.51,2.08,2025-08-06 09:47:00,3.88,2025-08-06 10:09:00,0.8653846153846153,0.20673076923076908,0.8653846153846153,34125592.0,318930.7663551402,2424456.0,2025-08-06 10:09:00,93,0.7303537181127876,171453.0,286769.6806722689,0.1574214448792566,106,104,92,106,63,0,0,50,55,0.4975702106501185,0.49143868332013113,0.005274633770455908,0.001260051400720022,0.8653846153846153,0.0,32,25,7.45,,True,,2025-08-06 09:49:00,2025-08-06 11:44:00,104,34063195.0,327530.7211538461,47683.8875,0.7,2.44,2.665,2.98,2.08,3.88,34125592.0,0.007821215634101503,0.7355111600177465,0.25666762434815193,2.995,3.655,9127631.260021534,0.26747173382432554,0.22036727879799656,,,,,,,,,,5.0,concentrated_volume_spike
RMSG,2026-04-13,True,1,premarket_full,premarket,volume_campaign,2026-04-13 04:00:00,2026-04-13 09:29:00,329.0,328,0.632,0.95,0.5225,2026-04-13 04:00:00,1.1,2026-04-13 08:20:00,0.9137658227848103,0.5031645569620252,1.1052631578947372,106700580.0,325306.64634146343,2168459.0,2026-04-13 07:38:00,69,0.1588992768361709,193326.0,323335.0909090909,0.0552467943473222,292,284,267,273,115,7,12,151,158,0.5471234833025275,0.42984618265430236,0.0005412341713606432,0.0002980302450089774,0.7405063291139242,-0.17325949367088614,114,122,6.85,low_price_volume_efficiency,True,,2026-04-13 04:47:00,2026-04-13 09:01:00,255,102497544.0,401951.1529411765,504829.87499999994,0.7,0.7824,0.9893,1.0711,0.5225,1.1,106700579.99999999,0.2711651249783794,0.7259489490157613,0.002885926005859326,,,,,,2026-04-13 09:32:00,1.17,2026-04-13 09:32:00,1.17,2026-04-13 09:32:00,1.17,4311004.0,6.470126682891746,1.273251436947531,4.5,concentrated_volume_spike;no_upper_fight_zone_detected
RMSG,2026-04-16,False,3,rth_volume_campaign_2,rth,volume_campaign,2026-04-16 10:45:00,2026-04-16 10:58:00,13.0,14,1.87,2.04,1.8602,2026-04-16 10:45:00,2.28,2026-04-16 10:54:00,0.2244919786096255,0.09090909090909087,0.22567465863885589,1139572.0,81398.0,199775.0,2026-04-16 10:56:00,7,0.42201984604746345,68229.5,81398.0,0.4081348085070535,14,13,9,14,9,0,0,10,2,0.6590053107657963,0.26733896585735695,0.036838391957682334,0.014917881450228675,0.21925133689839554,-0.005240641711229963,4,1,6.45,,True,,2026-04-16 10:47:00,2026-04-16 10:47:00,1,74630.0,74630.0,64416.674999999996,0.7,2.0071,2.1296,2.175,1.8602,2.28,1139572.0,0.2404621651025209,0.7084335324381429,0.05110430245933605,2.1785,2.1925,29521.213528857195,0.025905527275904634,0.006426440211154368,2026-04-16 11:04:00,2.22,2026-04-16 11:04:00,2.22,2026-04-16 11:04:00,2.22,171836.0,2.1582475385683946,2.3754268098812537,5.5,
RMSG,2026-06-05,True,4,rth_volume_campaign_2,rth,volume_campaign,2026-06-05 10:57:00,2026-06-05 11:14:00,17.0,18,2.355,2.115,1.99,2026-06-05 11:01:00,2.36,2026-06-05 10:57:00,0.1571125265392781,-0.10191082802547761,0.18592964824120597,4218546.0,234363.66666666666,649629.0,2026-06-05 11:01:00,8,0.9704478746942667,165639.5,234363.66666666666,0.409802808835082,18,18,17,18,5,0,0,7,10,0.2984464315430008,0.6662736402542487,0.008770794487010451,0.005689163991574343,0.0021231422505307404,-0.15498938428874734,3,5,6.45,,True,,2026-06-05 10:59:00,2026-06-05 11:10:00,12,3535173.0,294597.75,195145.51249999998,0.7,2.0332,2.1719,2.1812,1.99,2.36,4218546.0,0.11538825875520627,0.7086152220614262,0.17599651918336742,2.1842,2.36,714291.0631179931,0.16932162482476026,0.08048713487775833,2026-06-05 11:15:00,2.1898,2026-06-05 12:10:00,2.4093,2026-06-05 12:10:00,2.4093,477284.0,5.811266905959761,1.2038945642577878,5.0,concentrated_volume_spike
RNAZ,2025-05-01,False,2,rth_volume_campaign_1,rth,volume_campaign,2025-05-01 09:30:00,2025-05-01 10:24:00,54.0,55,13.3897,15.7501,12.9809,2025-05-01 09:30:00,17.3601,2025-05-01 09:43:00,0.3270573649895068,0.1762847561931933,0.33735719403123043,1375629.566304,25011.44666007273,77680.128554,2025-05-01 10:17:00,44,0.6807214176792857,21939.788766,25011.44666007273,0.16476968028608802,44,23,3,52,30,0,0,24,31,0.4363653597638254,0.5636346402361746,0.31834151484297485,0.17158689067303573,0.296526434498159,-0.030530930491347783,20,19,7.45,,True,,2025-05-01 09:30:00,2025-05-01 10:23:00,54,1370108.217618,25372.374400333334,10018.832795125,0.7,15.7544,16.0828,16.8492,12.9809,17.3601,1375629.5663039999,0.17281864047590012,0.713375216553923,0.1138061429701769,16.8857,17.1893,270419.39977381023,0.19657864762267718,0.017979710642733165,2025-05-01 10:35:00,17.1669,2025-05-01 11:02:00,17.2369,2025-05-01 11:17:00,17.6373,34467.188546,5.616121962772909,2.5846121296846793,5.0,concentrated_volume_spike
ROLR,2026-01-14,False,1,premarket_full,premarket,volume_campaign,2026-01-14 04:29:00,2026-01-14 09:29:00,300.0,94,3.56,15.61,3.56,2026-01-14 04:29:00,20.84,2026-01-14 08:34:00,4.853932584269663,3.3848314606741567,4.853932584269663,17800618.0,189368.27659574468,977055.0,2026-01-14 08:24:00,19,0.41958863450695927,100973.5,59138.2657807309,0.16003764588397998,72,72,66,78,67,10,10,40,42,0.5679897181097869,0.42641322902384626,0.09707528131888456,0.06769427892896751,4.853932584269663,0.0,35,34,7.45,,True,,2026-01-14 08:19:00,2026-01-14 08:54:00,36,14166843.0,393523.4166666667,305632.33749999997,0.7,9.32,16.376,18.248,3.56,20.84,17800618.0,0.29250564771786974,0.7009626145374842,0.006531737744645987,,,,,,2026-01-14 11:28:00,18.63,2026-01-14 11:28:00,18.63,2026-01-14 11:28:00,18.63,596948.0,4.280565686233735,1.8495849690314705,4.5,concentrated_volume_spike;no_upper_fight_zone_detected
ROMA,2026-01-21,False,1,rth_volume_campaign_1,rth,volume_campaign,2026-01-21 09:32:00,2026-01-21 09:52:00,20.0,10,1.7591,1.96,1.7,2026-01-21 09:34:00,2.7,2026-01-21 09:46:00,0.5684725143539311,0.11420612813370465,0.5882352941176472,308993.0,30899.3,100622.0,2026-01-21 09:46:00,7,0.5879841938166884,18774.5,14713.952380952382,0.6823779179463613,7,4,2,9,9,1,1,3,6,0.13618755117429845,0.8622169434259028,0.3236319269368563,0.06501765412161437,0.5348757887556137,-0.0335967255983174,2,6,6.35,,True,,2026-01-21 09:35:00,2026-01-21 09:51:00,7,294833.0,42119.0,10000,0.7,2.0167,2.3417,2.3833,1.7,2.7,308993.0,0.23484313086445696,0.7149193536416645,0.05023751549387853,2.3917,2.6083,11592.493750000005,0.037517010903159634,0.0905631977254671,2026-01-21 11:30:00,2.47,2026-01-21 13:17:00,2.79,2026-01-21 13:17:00,2.79,42562.0,7.041093170989941,1.66811679404272,4.5,concentrated_volume_spike
ROMA,2026-02-02,True,2,rth_volume_campaign_2,rth,volume_campaign,2026-02-02 12:20:00,2026-02-02 12:33:00,13.0,14,2.9401,3.0999,2.91,2026-02-02 12:20:00,3.17,2026-02-02 12:31:00,0.08843236624604597,0.054351892792762056,0.0893470790378006,121589.0,8684.92857142857,17276.0,2026-02-02 12:32:00,6,0.21575142488218507,10106.0,8684.92857142857,0.39148278215957033,7,0,0,12,6,0,1,10,4,0.7713691205618929,0.22863087943810706,0.2138351331123702,0.13142636258214124,0.07819461923063833,-0.010237747015407644,9,3,3.95,,True,,2026-02-02 12:22:00,2026-02-02 12:32:00,11,99595.0,9054.09090909091,10979.05,0.7,2.9663,2.9815,3.0963,2.91,3.17,121589.0,0.08320870713064889,0.7041507367072461,0.21264055616210492,3.0985,3.17,44550.503598862444,0.3664024179725341,0.023075681781507148,2026-02-02 13:08:00,3.16,2026-02-02 13:10:00,3.25,2026-02-02 13:10:00,3.25,21196.0,5.515913290134541,1.262342921803347,4.5,
RPGL,2025-12-29,False,1,premarket_full,premarket,volume_campaign,2025-12-29 04:00:00,2025-12-29 09:29:00,329.0,329,10.374,9.36,8.7,2025-12-29 04:05:00,11.59,2025-12-29 05:00:00,0.2785810680547523,-0.09774436090225574,0.3321839080459771,1885104.05,5729.799544072948,39789.05,2025-12-29 08:02:00,52,0.7573929407238821,3735.45,5712.436515151515,0.05940929361432331,52,7,0,226,42,0,1,152,173,0.47050726457247766,0.5235546016677437,0.15330718747328564,0.05379013428993488,0.11721611721611715,-0.16136495083863517,104,108,6.2,,True,,2025-12-29 04:01:00,2025-12-29 09:29:00,328,1875700.45,5718.59893292683,10000,0.7,9.0372,9.4947,10.2413,8.7,11.59,1885104.05,0.04966617081533816,0.7082895687102209,0.24204426047444097,10.2654,11.59,485143.86737261433,0.2573565461135232,0.12903540047148676,2025-12-29 10:35:00,10.402,2025-12-29 11:01:00,12.172,2025-12-29 11:01:00,12.172,235206.6,2.1314417439488964,0.9352459743204249,5.0,concentrated_volume_spike
RPGL,2026-01-29,False,1,rth_volume_campaign_1,rth,volume_campaign,2026-01-29 11:28:00,2026-01-29 11:41:00,13.0,14,9.29,9.2,8.7,2026-01-29 11:41:00,11.84,2026-01-29 11:30:00,0.3379978471474705,-0.009687836383207736,0.36091954022988515,345941.6,24710.114285714284,49818.45,2026-01-29 11:30:00,9,0.6948591901060758,23034.075,24710.114285714284,0.40613039888813607,11,7,0,14,13,0,0,5,9,0.37203042363219685,0.6279695763678033,0.9076676525748857,0.02601595182539477,0.27448869752421967,-0.0635091496232508,5,5,5.7,weak_close_displacement,True,,2026-01-29 11:29:00,2026-01-29 11:39:00,11,314730.15,28611.83181818182,16596.25375,0.7,9.5373,10.7672,11.369,8.7,11.84,345941.6,0.23096075625448945,0.7002821138573639,0.06875712988814661,11.3952,11.7092,19571.308824913245,0.05657402528320747,0.02755546194889061,2026-01-29 11:58:00,11.902,2026-01-29 11:58:00,11.902,2026-01-29 11:58:00,11.902,41541.85,5.101372053241511,1.4407219936151876,5.0,
RPGL,2026-02-02,False,1,premarket_full,premarket,volume_campaign,2026-02-02 04:00:00,2026-02-02 09:29:00,329.0,311,15.5,15.662,11.39,2026-02-02 04:00:00,17.378,2026-02-02 07:13:00,0.3863225806451613,0.01045161290322586,0.5257243195785777,356454.5,1146.1559485530547,90129.45,2026-02-02 08:00:00,6,0.8504942426031934,192.7,1080.1651515151516,0.3874176086990065,6,2,1,182,63,38,83,112,144,0.28864792000100997,0.6936031106354389,1.6798777964649063,0.045447595695944594,0.12116129032258065,-0.2651612903225806,113,157,5.7,weak_close_displacement,True,,2026-02-02 07:13:00,2026-02-02 09:18:00,124,283566.4,2286.825806451613,10000,0.7,13.2862,13.5357,16.0806,11.39,17.378,356454.5,0.13081019094289523,0.7054536842099514,0.16373612484715339,16.1305,17.256,149496.48671555286,0.4193985114946027,0.0697746505068038,2026-02-02 09:35:00,16.946,2026-02-02 09:37:00,17.48,2026-02-02 09:51:00,18.998,46911.35,4.236872373198919,3.020031029909743,4.5,concentrated_volume_spike
RPGL,2026-04-30,False,2,rth_volume_campaign_1,rth,volume_campaign,2026-04-30 09:30:00,2026-04-30 09:48:00,18.0,19,1.48,1.7,1.48,2026-04-30 09:30:00,1.9699,2026-04-30 09:41:00,0.33101351351351355,0.14864864864864863,0.33101351351351355,1440894.0,75836.52631578948,259031.0,2026-04-30 09:42:00,13,0.3936521354103772,49198.0,75836.52631578948,0.44481342832991183,18,11,9,19,11,0,0,11,7,0.5537728660123507,0.38773983374210735,0.03399972517062324,0.015268298708995941,0.33101351351351355,0.0,8,6,7.45,,True,,2026-04-30 09:31:00,2026-04-30 09:47:00,17,1414339.0,83196.41176470589,18610.449999999997,0.7,1.6515,1.6637,1.8229,1.48,1.9699,1440894.0,0.0474459816562228,0.7063089012899665,0.24624511705381064,1.827,1.9005,323265.6542672407,0.22435075325960183,0.04022988505747133,2026-04-30 10:11:00,1.83,2026-04-30 10:12:00,1.92,2026-04-30 10:12:00,1.92,138481.0,6.635346091556381,2.669255975327679,5.0,concentrated_volume_spike
RVSN,2024-12-30,False,2,rth_volume_campaign_1,rth,volume_campaign,2024-12-30 09:30:00,2024-12-30 09:44:00,14.0,15,42.6004,44.8504,41.1004,2024-12-30 09:31:00,52.5005,2024-12-30 09:36:00,0.2676054684932536,0.052816405479760756,0.2773719963795973,235834.574964,15722.3049976,30058.732743,2024-12-30 09:36:00,10,0.3668536225878107,16392.036078,15722.3049976,0.3498943055003542,10,2,0,15,15,0,0,8,7,0.5565054271963057,0.4434945728036943,4.833939214273488,0.9540585812506334,0.23239453150674647,-0.035210936986507166,7,5,5.45,,True,,2024-12-30 09:30:00,2024-12-30 09:43:00,14,227290.693737,16235.049552642857,10000,0.7,44.9004,46.7054,52.1205,41.1004,52.5005,235834.574964,0.277510833198506,0.7086869941589775,0.013802172642516475,52.2155,52.4055,3255.0295187276215,0.013802172642516475,0.00363876626672166,2024-12-30 09:57:00,53.4005,2024-12-30 09:57:00,53.4005,2024-12-30 09:58:00,54.9335,26588.934108,2.9492686133583668,1.681190209728308,5.0,
RVSN,2025-10-07,True,1,rth_volume_campaign_1,rth,volume_campaign,2025-10-07 12:48:00,2025-10-07 14:02:00,74.0,75,20.1302,20.7212,19.8302,2025-10-07 13:55:00,29.5713,2025-10-07 13:14:00,0.48390477988296193,0.029358873732004704,0.4912255045334893,2399909.700663,31998.79600884,110201.697972,2025-10-07 13:29:00,64,0.5326873682663261,26345.336544,31998.79600884,0.13012502525937836,64,40,15,73,44,0,0,42,33,0.492565968245984,0.507434031754016,0.4058944383327806,0.02462592654368334,0.469001798293112,-0.014902981589849935,29,27,6.45,,True,,2025-10-07 12:50:00,2025-10-07 14:01:00,72,2385911.1739829998,33137.65519420833,10000,0.7,22.9149,26.4054,28.2725,19.8302,29.5713,2399909.700663,0.29271523427252083,0.7003730338142286,0.006911731913250598,,,,,,2025-10-07 16:12:00,28.4703,2025-10-07 16:12:00,28.4703,2025-10-07 16:12:00,28.4703,16976.663565,7.983612827578855,1.4897229721626657,4.5,concentrated_volume_spike;no_upper_fight_zone_detected
RXT,2026-02-20,True,1,premarket_full,premarket,volume_campaign,2026-02-20 04:00:00,2026-02-20 09:29:00,329.0,308,1.32,1.3597,1.2,2026-02-20 08:00:00,1.48,2026-02-20 08:02:00,0.21212121212121213,0.030075757575757457,0.23333333333333336,5357145.0,17393.327922077922,2885751.0,2026-02-20 08:00:00,66,0.2524292323616404,4044.0,16233.772727272728,0.5718648645873875,69,21,7,40,6,91,96,93,91,0.19906592037363185,0.7279280288287885,0.005226664576000837,0.0007410663702401158,0.12121212121212115,-0.09090909090909098,99,187,5.45,many_zero_range_bars,True,,2026-02-20 04:00:00,2026-02-20 09:29:00,308,5357145.0,17393.327922077922,10550.9625,0.7,1.3493,1.3797,1.41,1.2,1.48,5357145.0,0.19069504429674403,0.7019948185280408,0.1073101371752152,1.4123,1.4543,633409.6048175176,0.1182364122713717,0.029738724067124415,2026-02-20 09:36:00,1.5199,2026-02-20 09:36:00,1.5199,2026-02-20 09:36:00,1.5199,1085127.0,3.1474961625345026,0.802402192335109,5.0,concentrated_volume_spike
RXT,2026-02-26,True,1,premarket_full,premarket,volume_campaign,2026-02-26 04:00:00,2026-02-26 09:29:00,329.0,234,1.45,1.6997,1.36,2026-02-26 05:04:00,1.89,2026-02-26 08:34:00,0.36551724137931024,0.17220689655172416,0.389705882352941,17756771.0,75883.63675213675,766561.0,2026-02-26 08:34:00,51,0.42245800207706685,2635.5,53808.39696969697,0.11769042918895559,92,88,79,71,15,83,83,67,64,0.5585440618680052,0.36941823488065484,0.002984776905666012,0.0014062241383864219,0.30344827586206896,-0.06206896551724128,59,160,5.7,many_flat_bars;many_zero_range_bars,True,,2026-02-26 08:00:00,2026-02-26 09:19:00,80,17052138.0,213151.725,109285.93749999999,0.7,1.6957,1.7266,1.8547,1.36,1.89,17756771.0,0.21321384349738992,0.7179660193855085,0.06882013711710144,1.8591,1.89,2200909.2647285042,0.12394760650618877,0.01662094561884779,2026-02-26 13:07:00,1.8595,2026-02-26 14:06:00,1.9286,2026-02-26 14:06:00,1.9286,894139.0,6.831824936868928,1.962785316960307,5.0,concentrated_volume_spike
RYOJ,2026-05-22,True,1,premarket_full,premarket,volume_campaign,2026-05-22 04:00:00,2026-05-22 09:29:00,329.0,308,2.6,2.4398,2.21,2026-05-22 04:56:00,3.02,2026-05-22 04:00:00,0.31153846153846154,-0.06161538461538466,0.36651583710407243,1738053.0,5643.029220779221,136449.0,2026-05-22 07:14:00,35,0.9458313411616331,1355.5,5266.827272727272,0.203814268034404,35,11,7,150,39,56,69,113,122,0.5272054419514249,0.4352669337471297,0.046603872263964334,0.009217210292206285,0.1615384615384615,-0.15000000000000005,98,160,6.2,,True,,2026-05-22 04:00:00,2026-05-22 09:29:00,308,1738053.0,5643.029220779221,10000,0.7,2.399,2.5408,2.723,2.21,3.02,1738053.0,0.08693283028384975,0.7074009825817081,0.20566618713444207,2.7298,3.02,482071.1381054022,0.2773627375605935,0.10630815444354898,2026-05-22 09:35:00,2.79,2026-05-22 09:47:00,3.075,2026-05-22 09:47:00,3.075,211901.0,6.407553559819174,1.2331942431807998,5.0,concentrated_volume_spike
RZLV,2024-09-25,True,2,rth_volume_campaign_2,rth,volume_campaign,2024-09-25 10:58:00,2024-09-25 11:35:00,37.0,34,6.24,6.95,6.21,2024-09-25 10:59:00,7.5,2024-09-25 11:18:00,0.20673076923076922,0.11378205128205127,0.20772946859903382,549028.0,16147.882352941177,60377.0,2024-09-25 11:15:00,21,0.31051057505263846,11809.0,14448.105263157895,0.2799693276117065,21,6,2,33,15,0,0,19,14,0.6590264977378203,0.3229252424284372,0.23496069417224622,0.12931945183123628,0.20192307692307687,-0.004807692307692347,13,7,7.45,,True,,2024-09-25 11:00:00,2024-09-25 11:34:00,31,532305.0,17171.129032258064,10000,0.7,6.7475,6.8012,7.414,6.21,7.5,549028.0,0.15712916708075067,0.7213038543641168,0.12156697855513247,7.4239999999999995,7.5,197157.48962190433,0.359102795525737,0.01023706896551731,2024-09-25 13:51:00,7.43,2024-09-25 13:55:00,7.62,2024-09-25 13:55:00,7.62,31078.0,2.7292047210903467,1.3368606701940036,5.0,concentrated_volume_spike
RZLV,2024-12-17,True,1,rth_volume_campaign_1,rth,volume_campaign,2024-12-17 09:30:00,2024-12-17 09:32:00,2.0,3,2.17,2.27,2.17,2024-12-17 09:30:00,2.282,2024-12-17 09:32:00,0.0516129032258065,0.046082949308755804,0.0516129032258065,610396.0,203465.33333333334,283782.0,2024-12-17 09:30:00,1,0.0,177793.0,203465.33333333334,1.0,3,3,3,3,2,0,0,3,0,1.0,0.0,0.01834874409399801,0.016382807226783938,0.0516129032258065,0.0,2,0,3.6,,False,range_lt_8pct;less_than_5_meaningful_range_bars,2024-12-17 09:30:00,2024-12-17 09:30:00,1,283782.0,283782.0,179838.15,0.7,2.2073,2.2699,2.2801,2.17,2.282,610395.9999999999,0.29041908149674994,0.7038920050765572,0.00568891342669286,,,,,,2024-12-17 09:36:00,2.3208,2024-12-17 09:36:00,2.3208,2024-12-17 09:36:00,2.3208,164827.0,1.6944383620507981,0.9270724944176655,3.5,short_impulse;no_upper_fight_zone_detected
SAIH,2024-10-16,False,2,rth_volume_campaign_2,rth,volume_campaign,2024-10-16 12:38:00,2024-10-16 12:43:00,5.0,6,13.0499,12.3749,11.8229,2024-10-16 12:42:00,13.1339,2024-10-16 12:38:00,0.10046053992750903,-0.05172453428761899,0.11088649992810562,69655.68161,11609.280268333334,16471.215689,2024-10-16 12:42:00,4,0.8768153670932113,11670.791687,11609.280268333334,0.6284553468028292,4,0,0,6,2,0,0,1,5,0.08837322818066097,0.911626771819339,1.8821149541544195,0.9690523219330521,0.006436830933570481,-0.09402370899393854,1,3,3.95,thin_total_volume,False,volume_lt_100k,2024-10-16 12:39:00,2024-10-16 12:42:00,4,54919.474596,13729.868649,10000,0.7,11.8229,12.3145,12.7188,11.8229,13.1339,69655.68161,0.0,0.7358430052257304,0.26415699477426946,12.7297,12.8608,9560.60909928798,0.1372552658779155,0.01029875016693245,2024-10-16 12:48:00,12.8459,2024-10-16 12:49:00,13.1369,2024-10-16 13:07:00,13.2584,13626.134797,4.105135461376084,1.7696650129440592,4.0,low_total_volume
SBET,2024-12-06,False,1,rth_volume_campaign_1,rth,volume_campaign,2024-12-06 10:07:00,2024-12-06 10:27:00,20.0,21,7.8648,8.8176,7.8636,2024-12-06 10:07:00,10.08,2024-12-06 10:10:00,0.28181263350625574,0.12114739090631685,0.28185563863879143,276247.728338,13154.653730380953,38591.428967,2024-12-06 10:10:00,13,0.8180094878228746,13638.945444,13154.653730380953,0.2971677708442811,13,1,0,20,17,0,0,13,8,0.5994022297530064,0.40059777024699345,0.8023233397554486,0.3449078136252445,0.2816600549282881,-0.00015257857796763653,11,5,6.95,,True,,2024-12-06 10:09:00,2024-12-06 10:26:00,18,268088.260976,14893.792276444445,10000,0.7,8.861,9.3597,9.5998,7.8636,10.08,276247.72833799996,0.14569983524775207,0.702542975210046,0.151757189542202,9.6182,9.9876,97595.09012489006,0.3532882992814284,0.03840635461936751,2024-12-06 10:39:00,10.416,2024-12-06 10:39:00,10.416,2024-12-06 10:39:00,10.416,33627.782155,6.835266577683223,2.443105107977696,4.5,concentrated_volume_spike
SBET,2025-05-27,False,1,premarket_full,premarket,volume_campaign,2025-05-27 04:00:00,2025-05-27 09:29:00,329.0,294,6.85,33.97,6.71,2025-05-27 04:00:00,38.99,2025-05-27 09:21:00,4.712408759124088,3.9591240875912406,4.810730253353205,12292558.0,41811.421768707485,660991.0,2025-05-27 08:01:00,62,0.03297474781082994,18591.5,37250.17575757576,0.11208529583508982,171,126,77,240,141,31,35,133,127,0.5840124569678663,0.41351523417664576,0.2625979067985687,0.22062128972667852,4.691970802919708,-0.020437956204379517,84,123,7.2,,True,,2025-05-27 06:49:00,2025-05-27 09:25:00,156,11595719.0,74331.53205128205,61441.049999999996,0.7,6.71,11.821,26.078,6.71,38.99,12292558.0,0.0,0.7334306330795425,0.2665693669204575,26.347,36.63,2177411.7023262116,0.17713251402403077,0.39029111473792083,2025-05-27 09:30:00,31.4,2025-05-27 10:25:00,37.48,2025-05-27 10:30:00,39.68,307924.0,2.4747401685167505,1.1612061423356563,5.0,concentrated_volume_spike
SBET,2025-05-29,False,2,rth_volume_campaign_1,rth,volume_campaign,2025-05-29 09:37:00,2025-05-29 09:45:00,8.0,9,31.35,35.55,30.0,2025-05-29 09:39:00,37.24,2025-05-29 09:44:00,0.23094098883572572,0.13397129186602857,0.2413333333333334,456560.0,50728.88888888889,70588.0,2025-05-29 09:39:00,5,0.08602155247941125,48355.0,50728.88888888889,0.4484711757490801,9,9,4,9,7,0,0,7,2,0.8080668477308568,0.19193315226914315,1.5857718591203789,0.9199229016996662,0.1878787878787879,-0.04306220095693784,7,1,6.95,,True,,2025-05-29 09:39:00,2025-05-29 09:43:00,5,315702.0,63140.4,44312.95,0.7,32.534,36.4557,37.24,30.0,37.24,456560.0,0.25181477375032446,0.7481852262496754,0.0,,,,,,2025-05-29 09:52:00,37.98,2025-05-29 09:52:00,37.98,2025-05-29 09:52:00,37.98,58208.0,1.871098395962583,2.022515635858235,4.5,no_upper_fight_zone_detected
SBET,2025-06-11,False,3,rth_volume_campaign_2,rth,volume_campaign,2025-06-11 09:40:00,2025-06-11 10:09:00,29.0,30,34.36,37.69,34.35,2025-06-11 09:40:00,40.0,2025-06-11 09:58:00,0.16443538998835852,0.09691501746216526,0.1644832605531295,641747.0,21391.566666666666,71415.0,2025-06-11 09:58:00,14,0.26233702689689237,18434.5,21391.566666666666,0.28209715043467287,23,9,2,29,5,0,0,19,11,0.6709014611677188,0.32909853883228124,0.8804092578539516,0.5188960758679041,0.1641443538998836,-0.000291036088474913,11,2,5.7,,True,,2025-06-11 09:41:00,2025-06-11 10:00:00,20,516035.0,25801.75,19600.0,0.7,36.8925,38.2579,38.9642,34.35,40.0,641747.0,0.19540154366484688,0.7199067792838877,0.0846916770512654,38.974199999999996,39.5,88150.23565476135,0.13735979389815822,0.013490976081613064,2025-06-11 10:16:00,39.15,2025-06-11 10:18:00,40.6,2025-06-11 10:18:00,40.6,50581.0,4.174693176847335,2.037174272020621,5.0,concentrated_volume_spike
SBLX,2026-04-28,True,1,premarket_full,premarket,volume_campaign,2026-04-28 05:15:00,2026-04-28 09:29:00,254.0,59,2.51,2.62,2.41,2026-04-28 09:05:00,3.3,2026-04-28 08:42:00,0.3545816733067728,0.04382470119521926,0.3692946058091285,1441987.0,24440.457627118645,279745.0,2026-04-28 08:42:00,10,0.5298792568865045,8355.0,5654.850980392157,0.46643138946467616,26,10,7,46,29,2,3,27,27,0.4360309767008995,0.5529550543798245,0.06172038998964621,0.007628362807709108,0.31474103585657376,-0.039840637450199064,17,25,6.2,,True,,2026-04-28 08:39:00,2026-04-28 09:25:00,45,1341935.0,29820.777777777777,23230.0,0.7,2.499,2.6102,2.9588,2.41,3.3,1441987.0,0.011484281070174514,0.7125893731347345,0.275926345795091,2.9662,3.2629,428451.117969026,0.29712550665784504,0.10002697053469083,2026-04-28 09:36:00,3.0299,2026-04-28 09:37:00,3.27,2026-04-28 09:37:00,3.27,370192.0,12.260611520322188,1.941746350623397,5.0,concentrated_volume_spike
SCWO,2025-10-08,False,1,premarket_full,premarket,volume_campaign,2025-10-08 04:00:00,2025-10-08 09:29:00,329.0,309,5.275,4.851,4.45,2025-10-08 08:48:00,5.776,2025-10-08 06:00:00,0.2513744075829383,-0.08037914691943135,0.29797752808988753,942702.2,3050.8161812297735,36465.8,2025-10-08 06:07:00,23,0.7884287317882572,1084.2,2856.673333333333,0.10707220159240109,23,5,0,158,52,20,63,143,131,0.4426412710185676,0.5179839402093258,0.1406594786773596,0.04497708820452529,0.09497630331753544,-0.15639810426540288,120,126,6.2,,True,,2025-10-08 04:00:00,2025-10-08 09:25:00,305,934940.3,3065.3780327868853,10000,0.7,4.5826,4.7926,5.113,4.45,5.776,942702.2,0.08764465423293274,0.7164943609762691,0.1958609847907982,5.124,5.4,276098.9063197348,0.2928803033659355,0.053864168618267115,2025-10-08 10:21:00,5.161,2025-10-08 14:25:00,5.665,2025-10-08 14:25:00,5.665,42750.3,2.8450601118716374,1.2851126382050033,5.0,concentrated_volume_spike
SCWO,2025-10-23,False,1,rth_volume_campaign_1,rth,volume_campaign,2025-10-23 09:51:00,2025-10-23 09:53:00,2.0,3,3.851,3.941,3.718,2025-10-23 09:51:00,3.943,2025-10-23 09:52:00,0.05842638275772529,0.02337055310309007,0.06051640667025285,55036.399999999994,18345.466666666664,54608.2,2025-10-23 09:51:00,1,0.005632635855542877,310.0,18345.466666666664,1.0,1,1,1,2,1,0,0,3,0,1.0,0.0,0.4088203443539187,0.16352813774156716,0.02388989872760324,-0.03453648403012205,3,0,1.1,thin_total_volume;few_10k_volume_bars,False,range_lt_8pct;volume_lt_100k;less_than_3_10k_volume_bars;less_than_5_meaningful_range_bars;movement_quality_score_lt_3,2025-10-23 09:51:00,2025-10-23 09:51:00,1,54608.2,54608.2,10000,0.7,3.8567,3.9036,3.9093,3.718,3.943,55036.4,0.23102742465417822,0.7506008125609137,0.018371762784908152,3.9111,3.9149,595.8277505527103,0.01082606694029243,0.0009715936693002035,2025-10-23 09:54:00,3.934,2025-10-23 09:54:00,3.934,2025-10-23 10:25:00,3.967,1588.8,2.7829742511823437,0.7079267477609944,2.0,short_impulse;low_total_volume;concentrated_volume_spike
SDEV,2025-09-04,False,2,rth_volume_campaign_1,rth,volume_campaign,2025-09-04 09:30:00,2025-09-04 09:48:00,18.0,19,13.85,15.35,13.85,2025-09-04 09:30:00,15.5,2025-09-04 09:47:00,0.11913357400722024,0.10830324909747292,0.11913357400722024,157824.6,8306.557894736843,29065.8,2025-09-04 09:39:00,4,0.03359425590180491,5676.6,8306.557894736843,0.40307277826143706,4,1,0,15,3,0,0,11,7,0.6613443024724915,0.2818901489374913,1.0454643952843856,0.9504221775312593,0.11913357400722024,0.0,7,6,5.7,,True,,2025-09-04 09:30:00,2025-09-04 09:39:00,10,108120.4,10812.039999999999,10000,0.7,14.4825,15.1013,15.445,13.85,15.5,157824.6,0.28466431398042946,0.7117582315078016,0.003577454511768833,,,,,,2025-09-04 10:03:00,15.8485,2025-09-04 10:03:00,15.8485,2025-09-04 10:03:00,15.8485,16763.8,4.000028633331106,3.9014615527834664,4.0,concentrated_volume_spike;no_upper_fight_zone_detected
SDOT,2026-06-03,True,2,premarket_core_after_early_spike,premarket,volume_campaign,2026-06-03 06:31:00,2026-06-03 09:29:00,178.0,179,7.16,6.15,4.8,2026-06-03 06:44:00,7.35,2026-06-03 06:31:00,0.356145251396648,-0.14106145251396646,0.53125,12325295.0,68856.3966480447,358763.0,2026-06-03 07:04:00,22,0.9908798937469651,51907.0,68856.3966480447,0.079653022503721,169,135,93,173,84,0,0,79,91,0.4212765698508636,0.5288974422113223,0.020689159975481316,0.008194530029504363,0.02653631284916194,-0.3296089385474861,54,67,7.2,,True,,2026-06-03 06:32:00,2026-06-03 09:10:00,159,11193498.0,70399.35849056604,132802.5,0.7,5.3525,5.9688,6.1175,4.8,7.35,12325295.0,0.1416111001657545,0.7173541671149495,0.14103473271929606,6.1387,6.57,1864811.9792431828,0.15129958181473002,0.07025917539544208,2026-06-03 09:35:00,6.16,2026-06-03 09:41:00,7.18,2026-06-03 09:41:00,7.18,822030.0,3.638988345037876,2.311520908377692,5.0,concentrated_volume_spike
SDOT,2026-06-04,True,2,rth_volume_campaign_1,rth,volume_campaign,2026-06-04 10:27:00,2026-06-04 10:53:00,26.0,27,6.63,7.79,6.6,2026-06-04 10:27:00,8.09,2026-06-04 10:51:00,0.22473604826546006,0.17496229260935145,0.2257575757575758,613388.0,22718.074074074073,57950.0,2026-06-04 10:41:00,18,0.035287615669038194,17687.0,22718.074074074073,0.24740620944654934,22,10,1,24,12,0,1,15,12,0.5667782871526669,0.4332217128473332,0.24291313165565678,0.1891135790070885,0.22021116138763197,-0.004524886877828092,13,7,7.45,,True,,2026-06-04 10:28:00,2026-06-04 10:51:00,24,584378.0,24349.083333333332,12370.55,0.7,6.6745,6.9601,7.792,6.6,8.09,613388.0,0.012045594231620887,0.7070963276483123,0.2808580781200668,7.8044,8.05,336470.9920340326,0.5485451166863919,0.03146942750243459,2026-06-04 11:03:00,7.9,2026-06-04 11:04:00,8.13,2026-06-04 11:04:00,8.13,36191.0,5.437431451794649,2.608548363846043,5.0,concentrated_volume_spike
SEGG,2026-05-18,False,3,rth_volume_campaign_2,rth,volume_campaign,2026-05-18 10:02:00,2026-05-18 10:11:00,9.0,10,2.11,2.305,2.08,2026-05-18 10:02:00,2.3499,2026-05-18 10:09:00,0.12791469194312788,0.09241706161137454,0.12975961538461528,589274.0,58927.4,110774.0,2026-05-18 10:02:00,6,0.2529604224859743,69725.5,58927.4,0.5202893730251122,9,7,6,9,2,0,0,9,1,0.8687554516235232,0.1312445483764768,0.04580212261189189,0.03309156691114834,0.11369668246445498,-0.014218009478672893,6,1,5.7,,True,,2026-05-18 10:02:00,2026-05-18 10:02:00,1,110774.0,110774.0,51722.5,0.7,2.17,2.3027,2.3319,2.08,2.3499,589274.0,0.26711319380571236,0.7095489811066885,0.023337825087599087,2.3342,2.3432,10314.280155502398,0.017503368815699315,0.003855710736012294,2026-05-18 10:16:00,2.4399,2026-05-18 10:16:00,2.4399,2026-05-18 10:16:00,2.4399,100074.0,1.7808060730409156,1.3952651832022753,5.5,
SER,2026-03-19,False,1,premarket_full,premarket,volume_campaign,2026-03-19 04:00:00,2026-03-19 09:29:00,329.0,309,1.66,2.11,1.42,2026-03-19 04:18:00,2.18,2026-03-19 09:23:00,0.45783132530120496,0.2710843373493976,0.535211267605634,29337990.0,94944.95145631068,1195629.0,2026-03-19 08:17:00,75,0.09687681398759765,5952.0,88903.0,0.10536233054820729,131,98,84,179,59,53,53,109,103,0.48222056112228545,0.4371551016276166,0.0025904978493755033,0.001533847410814442,0.31325301204819295,-0.14457831325301204,91,152,6.85,low_price_volume_efficiency,True,,2026-03-19 08:02:00,2026-03-19 09:29:00,88,27955526.0,317676.4318181818,94593.24999999999,0.7,1.8,1.9837,2.028,1.42,2.18,29337990.0,0.11905861052512459,0.7155842774675432,0.1653571120073323,2.0343,2.18,5854426.560404754,0.19955104492178075,0.07162168804994355,2026-03-19 09:30:00,2.25,2026-03-19 09:30:00,2.25,2026-03-19 09:30:00,2.25,4097642.0,9.591791256147546,7.000949943447611,5.0,concentrated_volume_spike
SGMT,2026-04-27,False,1,premarket_full,premarket,volume_campaign,2026-04-27 07:00:00,2026-04-27 09:29:00,149.0,138,5.89,7.21,5.73,2026-04-27 07:15:00,9.0,2026-04-27 07:49:00,0.5551782682512733,0.22410865874363334,0.5706806282722512,8310805.0,60223.22463768116,471443.0,2026-04-27 07:48:00,32,0.3939818104263065,20813.5,55405.36666666667,0.1582733561911271,92,66,43,82,24,3,4,54,73,0.46791050927076255,0.5250533492242929,0.03934636897388399,0.01588293793441189,0.5280135823429543,-0.02716468590831906,28,61,7.2,,True,,2026-04-27 07:16:00,2026-04-27 08:15:00,60,7360473.0,122674.55,82674.65,0.7,7.038,7.5013,8.346,5.73,9.0,8310805.0,0.1058213367791224,0.7356946906147855,0.15848397260609215,8.3733,8.7003,1563488.1079267925,0.18812715590448728,0.03905270323528357,2026-04-27 09:44:00,8.3801,2026-04-27 10:21:00,8.76,2026-04-27 10:24:00,9.08,680048.0,2.4622951460725906,1.2876526612765797,5.0,concentrated_volume_spike
SKK,2026-05-15,False,1,premarket_full,premarket,volume_campaign,2026-05-15 04:00:00,2026-05-15 09:29:00,329.0,213,3.32,3.48,3.14,2026-05-15 08:25:00,4.9,2026-05-15 05:35:00,0.5301204819277109,0.048192771084337394,0.5605095541401275,1010742.0,4745.267605633803,57739.0,2026-05-15 05:31:00,27,0.5858458439443498,1200.0,3062.8545454545456,0.17013342673006562,27,9,4,100,41,56,60,70,80,0.4184143925947472,0.5310336366748388,0.17412950090131807,0.015829954627392565,0.4759036144578315,-0.054216867469879436,55,131,5.45,many_zero_range_bars,True,,2026-05-15 05:10:00,2026-05-15 06:14:00,65,840022.0,12923.415384615384,10000,0.7,3.5507,4.2107,4.5187,3.14,4.9,1010742.0,0.1478183962702757,0.7126914413657139,0.1394901623640104,4.5333,4.85,213478.86735479144,0.2112100490083438,0.06986080780005735,2026-05-15 11:00:00,4.55,2026-05-15 12:10:00,4.89,2026-05-15 12:10:00,4.89,71692.0,7.964184940789621,1.2136170500905659,5.0,concentrated_volume_spike
SKLZ,2026-04-23,True,1,rth_volume_campaign_1,rth,volume_campaign,2026-04-23 12:13:00,2026-04-23 15:14:00,181.0,93,4.0,10.42,3.92,2026-04-23 12:13:00,20.0,2026-04-23 13:20:00,4.02,1.605,4.1020408163265305,16769881.0,180321.30107526883,594389.0,2026-04-23 13:31:00,70,0.7245635195622437,163337.0,92142.2032967033,0.09361115919665738,92,89,87,88,75,5,5,44,43,0.5646815263626498,0.4183417282448218,0.09588619024786162,0.038282919240750723,4.0,-0.020000000000000018,35,29,7.45,,True,,2026-04-23 12:20:00,2026-04-23 15:12:00,89,16473456.0,185095.01123595505,88713.29999999999,0.7,10.084,12.898,14.372,3.92,20.0,16769881.0,0.20051982167783455,0.7138966177837377,0.08558356053842774,14.407536,14.774,1421819.8498662654,0.08478413471546194,0.025435577603276423,,,,,,,,,,5.0,concentrated_volume_spike
SKYQ,2026-04-06,False,1,premarket_full,premarket,volume_campaign,2026-04-06 04:00:00,2026-04-06 09:29:00,329.0,328,5.41,4.67,4.51,2026-04-06 07:47:00,5.94,2026-04-06 04:01:00,0.26432532347504634,-0.13678373382624773,0.3170731707317075,2264270.0,6903.262195121952,365143.0,2026-04-06 04:02:00,48,0.9182968462241694,2786.5,6861.424242424242,0.2537705308995835,48,10,5,63,5,22,40,118,156,0.4254607445225172,0.5186342618150662,0.06315501243226296,0.03268161482508712,0.09796672828096123,-0.16635859519408508,104,173,7.2,,True,,2026-04-06 04:00:00,2026-04-06 09:25:00,324,2242138.0,6920.179012345679,10000,0.7,4.51,4.6649,5.1058,4.51,5.94,2264270.0,0.0,0.7051395317911775,0.2948604682088225,5.1158,5.4276,435670.1601349981,0.19241086978805447,0.060948434262480915,2026-04-06 13:23:00,5.12,2026-04-06 13:32:00,5.4848,2026-04-06 13:41:00,5.5998,146411.0,1.7322543051685686,0.8657430402800445,5.0,concentrated_volume_spike
SKYQ,2026-04-07,False,1,premarket_full,premarket,volume_campaign,2026-04-07 04:00:00,2026-04-07 09:29:00,329.0,288,5.6,6.3499,4.9,2026-04-07 05:37:00,7.34,2026-04-07 07:50:00,0.43571428571428567,0.13391071428571433,0.49795918367346925,15798874.0,54857.20138888889,903790.0,2026-04-07 07:49:00,66,0.7895632941942571,5930.5,47875.375757575755,0.14693407897296984,128,99,70,124,35,38,82,115,124,0.5011307767882699,0.49437048488392277,0.015444138613929065,0.004746540797780906,0.3107142857142858,-0.12499999999999988,96,147,7.2,,True,,2026-04-07 07:46:00,2026-04-07 09:19:00,94,14697680.0,156358.29787234042,53491.962499999994,0.7,6.608,6.9943,7.1773,4.9,7.34,15798873.999999998,0.25567804296550567,0.7170484572702034,0.027273499764291,7.1977,7.34,2274968.1285222773,0.1439955865539707,0.019770204370840636,2026-04-07 09:51:00,7.39,2026-04-07 09:51:00,7.39,2026-04-07 09:51:00,7.39,1802961.0,4.858377784095272,3.058079321814262,5.0,concentrated_volume_spike
SKYQ,2026-04-08,False,1,premarket_full,premarket,volume_campaign,2026-04-08 04:00:00,2026-04-08 09:29:00,329.0,261,5.67,5.1,4.59,2026-04-08 07:30:00,5.67,2026-04-08 04:00:00,0.1904761904761905,-0.10052910052910058,0.23529411764705885,830805.0,3183.1609195402298,66482.0,2026-04-08 07:08:00,22,0.9948158713536871,900.0,2517.590909090909,0.17679118445363232,22,4,1,69,12,81,112,74,100,0.4084388033293011,0.5214893988360686,0.12999440301875892,0.06860815714878947,0.0,-0.1904761904761905,65,172,4.95,many_flat_bars;many_zero_range_bars,True,,2026-04-08 04:04:00,2026-04-08 09:13:00,243,777283.0,3198.695473251029,10000,0.7,4.77,4.995,5.22,4.59,5.67,830805.0,0.07449782032871297,0.7369761916303988,0.1885259880408881,5.229,5.6534,80761.17257958958,0.0972083371905436,0.08116274622298725,2026-04-08 09:31:00,5.38,2026-04-08 09:42:00,5.75,2026-04-08 09:42:00,5.75,54335.0,1.7234543309184567,0.7120205474964291,5.0,concentrated_volume_spike
SKYQ,2026-04-09,False,1,premarket_full,premarket,volume_campaign,2026-04-09 04:00:00,2026-04-09 09:29:00,329.0,259,7.2141,7.15,6.7,2026-04-09 06:00:00,8.58,2026-04-09 06:59:00,0.2606007679405608,-0.008885377247335055,0.2805970149253731,2005242.0,7742.247104247104,128625.0,2026-04-09 07:00:00,46,0.730395633045787,2000.0,6076.490909090909,0.16595303708978767,46,19,11,71,20,50,88,81,115,0.45525028899255054,0.521619834414001,0.0937542700581775,0.003196621654643171,0.18933754730319788,-0.07126322063736294,68,147,6.2,weak_close_displacement,True,,2026-04-09 04:01:00,2026-04-09 08:44:00,213,1915981.0,8995.215962441314,10000,0.7,7.358,7.8437,8.0473,6.7,8.58,2005242.0,0.10481060227671851,0.7144849132615126,0.18070448446176887,8.063,8.345,508487.1433707047,0.2535789412802568,0.034974575220141385,2026-04-09 09:42:00,8.1613,2026-04-09 09:47:00,8.87,2026-04-09 09:47:00,8.87,505074.0,2.627953477990082,2.4809973621774564,5.0,concentrated_volume_spike
SKYQ,2026-04-10,True,1,premarket_full,premarket,volume_campaign,2026-04-10 04:00:00,2026-04-10 09:29:00,329.0,207,8.12,7.82,7.5,2026-04-10 04:01:00,8.38,2026-04-10 04:01:00,0.1083743842364533,-0.036945812807881645,0.11733333333333344,266449.0,1287.193236714976,20600.0,2026-04-10 08:32:00,3,0.9347229676223218,469.0,807.4212121212121,0.20028223037053997,3,0,0,14,2,90,124,48,61,0.2873683143866181,0.5590450705388273,0.3302695825467541,0.11259190314093839,0.032019704433497734,-0.07635467980295557,49,144,3.45,many_flat_bars;many_zero_range_bars,True,,2026-04-10 04:01:00,2026-04-10 08:38:00,171,203153.0,1188.029239766082,10000,0.7,7.72,7.8007,7.9253,7.5,8.38,266449.0,0.13447633627752476,0.70346139799634,0.16206226572613527,7.9327,8.38,55122.9840627479,0.20688005608108082,0.056386854412747385,2026-04-10 09:30:00,7.9782,2026-04-10 09:31:00,8.4299,2026-04-10 09:31:00,8.4299,118419.0,11.22061457119304,1.5632045832563297,4.5,concentrated_volume_spike
SMX,2026-02-06,True,1,rth_volume_campaign_1,rth,volume_campaign,2026-02-06 09:40:00,2026-02-06 10:03:00,23.0,15,48.8276,54.7368,47.8516,2026-02-06 09:40:00,64.4531,2026-02-06 09:51:00,0.34000237570554376,0.12102171722550373,0.3469371975022781,239754.6496,15983.643306666667,45258.9568,2026-02-06 09:51:00,6,0.7779404566759234,11487.6416,9989.777066666667,0.4269837025926024,12,3,0,15,14,0,0,6,9,0.273230788680396,0.7267692113196039,6.924370404368587,2.4646862990389344,0.320013680787096,-0.019988694918447746,4,6,6.2,,True,,2026-02-06 09:51:00,2026-02-06 09:58:00,8,180304.2816,22538.0352,16880.66048,0.7,53.1087,54.9072,56.9824,47.8516,64.4531,239754.6496,0.0856444546355303,0.7324902480016356,0.18186529736283408,57.1208,58.5042,32421.9560165179,0.13522972785140888,0.02421884847551145,2026-02-06 10:09:00,58.4473,2026-02-06 10:10:00,59.8145,2026-02-06 10:10:00,59.8145,28853.248,3.0009436192805063,1.908002546079985,4.5,concentrated_volume_spike
SMX,2026-04-06,True,1,rth_volume_campaign_1,rth,volume_campaign,2026-04-06 09:51:00,2026-04-06 09:54:00,3.0,4,10.69,10.5,10.31,2026-04-06 09:53:00,11.0,2026-04-06 09:53:00,0.06454630495790455,-0.017773620205799767,0.06692531522793399,88959.0,22239.75,37682.0,2026-04-06 09:53:00,1,0.14146966580109938,19346.0,22239.75,0.8585303341989006,4,1,0,4,3,0,0,2,2,0.3303881563416855,0.6696118436583145,0.7756382153576361,0.2135815375622472,0.028999064546305006,-0.03554724041159953,1,1,1.85,weak_close_displacement;thin_total_volume,False,range_lt_8pct;volume_lt_100k;less_than_5_meaningful_range_bars;movement_quality_score_lt_3,2026-04-06 09:53:00,2026-04-06 09:53:00,1,37682.0,37682.0,35558.862499999996,0.7,10.4135,10.6837,10.701,10.31,11.0,88959.0,0.16921136267250325,0.7032399807834716,0.12754865654402509,10.7067,10.85,47348.10140624994,0.5322463315263204,0.013384142639655542,2026-04-06 09:58:00,10.75,2026-04-06 09:59:00,10.99,2026-04-06 09:59:00,10.99,53980.0,2.959835503769705,3.469151670951157,2.5,short_impulse;low_total_volume
SNBR,2026-04-28,False,1,premarket_full,premarket,volume_campaign,2026-04-28 07:33:00,2026-04-28 09:29:00,116.0,87,2.29,2.8003,2.21,2026-04-28 07:54:00,3.26,2026-04-28 08:33:00,0.45851528384279466,0.22283842794759823,0.4751131221719456,5211490.0,59902.183908045976,516701.0,2026-04-28 08:30:00,18,0.5174318668941128,19052.0,44542.64957264957,0.22981450602418885,66,39,24,55,25,5,6,42,36,0.567693308439621,0.42336740548288493,0.020147788828147033,0.00979182537047946,0.42358078602620075,-0.03493449781659392,29,39,7.2,,True,,2026-04-28 08:27:00,2026-04-28 08:45:00,19,3831415.0,201653.42105263157,84382.97499999999,0.7,2.7875,2.8137,3.1375,2.21,3.26,5211489.999999999,0.22375405766697498,0.7131821394224745,0.06306380291055048,3.1462,3.1987,274522.45256541093,0.05267638478926583,0.01668679677070759,2026-04-28 09:30:00,3.175,2026-04-28 09:31:00,3.33,2026-04-28 09:55:00,3.7,1272208.0,7.166597847780887,2.8917301402214357,5.0,concentrated_volume_spike
SORA,2026-02-02,False,1,rth_volume_campaign_1,rth,volume_campaign,2026-02-02 10:30:00,2026-02-02 10:48:00,18.0,11,2.4,2.19,2.09,2026-02-02 10:46:00,3.24,2026-02-02 10:37:00,0.47916666666666685,-0.0875,0.550239234449761,305211.0,27746.454545454544,79434.0,2026-02-02 10:37:00,9,0.5786554219867567,19198.0,16063.736842105263,0.5942479137383646,9,5,2,10,9,0,0,6,5,0.4290998686154824,0.5709001313845176,0.37678851679657693,0.0688048595889401,0.35000000000000014,-0.1291666666666667,5,3,5.95,,True,,2026-02-02 10:31:00,2026-02-02 10:47:00,9,294390.0,32710.0,10000,0.7,2.5883,2.7896,3.0292,2.09,3.24,305211.0,0.25322840902865806,0.701005898307123,0.04576569266421891,3.0388,3.1729,10542.601573738915,0.034542010523011674,0.04412926155061197,2026-02-02 14:53:00,3.32,2026-02-02 14:53:00,3.32,2026-02-02 14:53:00,3.32,41212.0,11.023082889774521,1.9307566174748185,4.5,concentrated_volume_spike
SST,2026-03-27,False,1,rth_volume_campaign_1,rth,volume_campaign,2026-03-27 10:05:00,2026-03-27 10:10:00,5.0,6,2.025,1.9199,1.82,2026-03-27 10:06:00,2.26,2026-03-27 10:07:00,0.2172839506172838,-0.051901234567901224,0.2417582417582416,879255.0,146542.5,273102.0,2026-03-27 10:07:00,1,0.40031276478382266,129359.0,146542.5,0.679649248511524,6,6,6,6,6,0,0,2,4,0.36904311036047566,0.6309568896395243,0.050042365411626856,0.011953301374459055,0.11604938271604932,-0.1012345679012345,2,4,5.85,,True,,2026-03-27 10:07:00,2026-03-27 10:07:00,1,273102.0,273102.0,243750.26249999998,0.7,1.9153,2.117,2.1427,1.82,2.26,879255.0,0.20998856666844215,0.7444558664027372,0.045555566928820526,2.1463,2.227,30041.22000000011,0.03416667519661544,0.03759958999207928,2026-03-27 10:50:00,2.1599,2026-03-27 11:21:00,2.2575,2026-03-27 11:29:00,2.42,407023.0,1.492916201150104,1.1838361686594903,5.5,
SST,2026-04-01,False,1,rth_volume_campaign_1,rth,volume_campaign,2026-04-01 09:30:00,2026-04-01 09:49:00,19.0,20,3.19,3.3432,3.12,2026-04-01 09:39:00,3.455,2026-04-01 09:49:00,0.10501567398119122,0.04802507836990596,0.10737179487179485,422231.0,21111.55,58361.0,2026-04-01 09:49:00,4,0.0,20431.0,21111.55,0.3370193093354112,14,7,1,18,11,0,0,11,9,0.4225814779113803,0.5774185220886198,0.07934045581683959,0.03628345621235769,0.08307210031347967,-0.02194357366771155,9,5,5.2,,True,,2026-04-01 09:32:00,2026-04-01 09:32:00,1,38924.0,38924.0,34868.0,0.7,3.321,3.4299,3.4494,3.12,3.455,422231.0,0.2824356972801292,0.7129923908498685,0.004571911870002298,,,,,,2026-04-01 10:07:00,3.49,2026-04-01 10:07:00,3.49,2026-04-01 10:07:00,3.49,16472.0,1.4913940623104294,0.8444148254472753,4.0,concentrated_volume_spike;no_upper_fight_zone_detected
SST,2026-04-20,True,1,rth_volume_campaign_1,rth,volume_campaign,2026-04-20 09:34:00,2026-04-20 10:04:00,30.0,31,2.45,2.8,2.425,2026-04-20 09:35:00,2.97,2026-04-20 09:57:00,0.22244897959183688,0.1428571428571427,0.2247422680412373,1083454.0,34950.12903225807,115762.0,2026-04-20 09:57:00,18,0.2559942554090898,26015.0,34950.12903225807,0.2627421191854938,28,17,6,29,22,1,1,15,15,0.5729527972576594,0.4269549053305447,0.05030208942880827,0.03230409412859241,0.21224489795918366,-0.010204081632653206,10,10,7.2,,True,,2026-04-20 09:36:00,2026-04-20 10:02:00,27,980136.0,36301.333333333336,23891.249999999996,0.7,2.6612,2.9019,2.9155,2.425,2.97,1083454.0,0.2661923950165454,0.7096708342201691,0.024136770763285496,2.92,2.97,230573.56735880394,0.21281343495783295,0.01712328767123297,2026-04-20 10:08:00,2.94,2026-04-20 10:09:00,3.04,2026-04-20 10:09:00,3.04,102227.0,3.844117459040127,2.1598774561588843,5.0,concentrated_volume_spike
STAK,2026-05-12,False,1,rth_volume_campaign_1,rth,volume_campaign,2026-05-12 11:50:00,2026-05-12 12:38:00,48.0,11,1.12,1.42,1.12,2026-05-12 11:50:00,1.53,2026-05-12 12:33:00,0.3660714285714285,0.2678571428571427,0.3660714285714285,906246.0,82386.0,217393.0,2026-05-12 12:33:00,8,0.3711144656086758,76928.0,18494.816326530614,0.48440600013682816,10,10,8,10,8,1,1,7,3,0.7929061204132212,0.20663153271848925,0.04524157899731419,0.03310359438827866,0.3660714285714285,0.0,5,1,7.45,,True,,2026-05-12 12:30:00,2026-05-12 12:37:00,8,818781.0,102347.625,50533.299999999996,0.7,1.3797,1.4309,1.4548,1.12,1.53,906246.0,0.24262052227638217,0.7086362741662343,0.04874320355738349,1.4583,1.4924,31794.009639953463,0.035083199969934725,0.023383391620379907,2026-05-12 12:43:00,1.4674,2026-05-12 12:50:00,1.5,2026-05-12 13:03:00,1.6,221866.0,5.152891775012426,7.0366634950840465,5.0,concentrated_volume_spike
SUNE,2026-03-20,False,4,rth_volume_campaign_2,rth,volume_campaign,2026-03-20 09:41:00,2026-03-20 09:51:00,10.0,11,1.85,2.0,1.81,2026-03-20 09:41:00,2.05,2026-03-20 09:44:00,0.1297297297297296,0.08108108108108103,0.13259668508287278,471992.0,42908.36363636364,147960.0,2026-03-20 09:44:00,9,0.4028606417057916,23907.0,42908.36363636364,0.6043259207783183,10,5,4,11,4,0,0,7,4,0.6547907591654096,0.3452092408345904,0.0508483194630417,0.03178019966440107,0.10810810810810796,-0.02162162162162164,4,3,5.2,,True,,2026-03-20 09:41:00,2026-03-20 09:50:00,10,464809.0,46480.9,14220.9,0.7,1.81,1.812,1.962,1.81,2.05,471992.0,0.0,0.7123876353647309,0.287612364635269,1.964,2.05,222849.41707265537,0.4721465979776254,0.04378818737270868,2026-03-20 09:52:00,1.9914,2026-03-20 10:32:00,2.1291,2026-03-20 10:32:00,2.1291,198994.0,12.706097194996584,2.7426641857900904,4.5,concentrated_volume_spike
SUNE,2026-06-08,True,1,premarket_full,premarket,volume_campaign,2026-06-08 06:18:00,2026-06-08 09:29:00,191.0,162,1.2,2.99,1.17,2026-06-08 06:50:00,3.47,2026-06-08 07:52:00,1.916666666666667,1.491666666666667,1.9658119658119662,94637160.0,584180.0,3818477.0,2026-06-08 07:40:00,21,0.38581907994703135,426884.0,492901.875,0.09083701370582127,161,160,160,160,101,2,2,79,77,0.5470301940590778,0.4348589813980048,0.0024303349762397775,0.0018914346119431314,1.891666666666667,-0.025000000000000022,49,54,6.85,low_price_volume_efficiency,True,,2026-06-08 07:00:00,2026-06-08 07:55:00,56,55281568.0,987170.8571428572,1067210.0,0.7,2.3583,2.9142,3.2783,1.17,3.47,94637159.99999999,0.273996762715535,0.7176821165773125,0.008321120707152407,,,,,,2026-06-08 14:06:00,3.54,2026-06-08 14:06:00,3.54,2026-06-08 14:06:00,3.54,3087814.0,4.669289872852477,1.3272694214037666,4.5,concentrated_volume_spike;no_upper_fight_zone_detected
SVCO,2026-03-13,True,3,rth_volume_campaign_1,rth,volume_campaign,2026-03-13 09:30:00,2026-03-13 10:04:00,34.0,35,4.32,4.49,3.81,2026-03-13 09:38:00,4.7,2026-03-13 09:53:00,0.20601851851851855,0.03935185185185183,0.23359580052493442,2121780.0,60622.28571428572,203525.0,2026-03-13 09:52:00,28,0.3170969657551678,54486.0,60622.28571428572,0.2174084966396139,34,31,20,33,21,0,0,18,16,0.5323883720272601,0.4401610911593096,0.04194591333691523,0.00801214074974785,0.08796296296296294,-0.11805555555555561,12,10,6.45,,True,,2026-03-13 09:30:00,2026-03-13 09:39:00,10,627379.0,62737.9,33275.25,0.7,4.2698,4.3959,4.6258,3.81,4.7,2121780.0,0.25012324266937175,0.7163867956802084,0.03348996165041975,4.6333,4.65,354958.38583062746,0.16729273809284068,0.0036043424772840434,2026-03-13 12:58:00,4.67,2026-03-13 12:58:00,4.67,2026-03-13 13:09:00,4.7,14882.0,1.269946921987268,1.0334004583015068,5.0,concentrated_volume_spike
SWMR,2026-04-02,True,2,rth_volume_campaign_1,rth,volume_campaign,2026-04-02 09:30:00,2026-04-02 10:03:00,33.0,34,46.95,53.95,45.3,2026-04-02 09:32:00,55.85,2026-04-02 10:01:00,0.2247071352502663,0.1490947816826411,0.23289183222958068,903603.0,26576.558823529413,56603.0,2026-04-02 09:41:00,28,0.09338946417840578,23309.0,26576.558823529413,0.17904987035235606,29,16,3,31,4,0,0,21,12,0.5935194991605827,0.3881151346332405,1.1675481378437216,0.7746764895645544,0.18956336528221507,-0.035143769968051235,13,7,7.45,,True,,2026-04-02 09:30:00,2026-04-02 09:30:00,1,31434.0,31434.0,14458.949999999999,0.7,50.0475,51.1904,55.1467,45.3,55.85,903603.0,0.22370659765136372,0.7251473333947749,0.05114606895386138,55.1567,55.85,143857.27547190015,0.15920407022984667,0.012569642491302066,2026-04-02 10:22:00,56.77,2026-04-02 10:22:00,56.77,2026-04-02 10:22:00,56.77,73219.0,6.096655203710334,3.787254952671598,5.5,
SXTP,2026-01-26,False,1,premarket_full,premarket,volume_campaign,2026-01-26 04:00:00,2026-01-26 09:29:00,329.0,159,3.49,3.42,2.51,2026-01-26 04:39:00,3.6,2026-01-26 04:13:00,0.31232091690544417,-0.02005730659025796,0.4342629482071715,162670.0,1023.0817610062893,9894.0,2026-01-26 04:47:00,0,0.9664228192045246,400.0,492.93939393939394,0.1775988196963177,0,0,0,37,12,87,90,31,37,0.28988750230528065,0.34815884920390977,0.6700682363066333,0.043031905083912386,0.031518624641833776,-0.2808022922636104,29,127,2.7,few_10k_volume_bars;many_flat_bars;many_zero_range_bars,False,less_than_3_10k_volume_bars;movement_quality_score_lt_3,2026-01-26 04:47:00,2026-01-26 04:47:00,1,9894.0,9894.0,10000,0.7,2.8552,3.4093,3.6,2.51,3.6,162670.0,0.2948914605562567,0.7051085394437433,0.0,,,,,,2026-01-26 09:33:00,3.6213,2026-01-26 09:33:00,3.6213,2026-01-26 10:08:00,3.72,7834.0,2.8655034931782435,1.8692436172751132,4.0,concentrated_volume_spike;no_upper_fight_zone_detected
SXTP,2026-03-11,True,1,premarket_full,premarket,volume_campaign,2026-03-11 07:24:00,2026-03-11 09:29:00,125.0,125,1.98,2.17,1.85,2026-03-11 07:37:00,2.53,2026-03-11 07:27:00,0.3434343434343433,0.09595959595959594,0.3675675675675674,7458137.0,59665.096,388910.0,2026-03-11 07:30:00,20,0.876997566550467,31833.0,59191.56349206349,0.14711663247805717,105,73,43,91,29,0,0,62,55,0.4704274003011744,0.48762257920443136,0.009117558446566478,0.002547553095364163,0.2777777777777777,-0.06565656565656561,38,43,6.2,,True,,2026-03-11 07:25:00,2026-03-11 08:18:00,53,5749882.0,108488.3396226415,79582.5,0.7,1.9293,2.207,2.258,1.85,2.53,7458137.0,0.031148937473872804,0.7075342075571996,0.2613168549689275,2.2637,2.53,2805329.610652745,0.3761434806913234,0.11763926315324458,2026-03-11 12:02:00,2.29,2026-03-11 12:23:00,2.59,2026-03-11 12:23:00,2.59,278431.0,3.6502854745563837,1.4180196789439374,5.0,concentrated_volume_spike
SYNX,2026-03-06,False,1,premarket_full,premarket,volume_campaign,2026-03-06 05:09:00,2026-03-06 09:29:00,260.0,21,1.02,1.38,0.9999,2026-03-06 09:16:00,1.78,2026-03-06 09:17:00,0.7648039215686274,0.3529411764705881,0.7801780178017802,7975801.0,379800.04761904763,1313341.0,2026-03-06 09:18:00,2,0.8895749781119163,304340.0,30558.624521072798,0.3663317326999508,14,14,14,14,14,6,6,8,7,0.6147796315379483,0.38455861674582903,0.00978083580570779,0.004513653236834769,0.7450980392156863,-0.019705882352941184,1,12,6.45,many_zero_range_bars,True,,2026-03-06 09:18:00,2026-03-06 09:23:00,6,4941563.0,823593.8333333334,779918.4999999999,0.7,1.429,1.5135,1.546,0.9999,1.78,7975801.0,0.13344183379818828,0.7205114073551104,0.14604675884670124,1.5525,1.6045,919926.1495522454,0.11533965673820666,0.033494363929146564,2026-03-06 11:08:00,1.58,2026-03-06 11:09:00,1.61,2026-03-06 11:09:00,1.61,1002582.0,3.933824553611191,1.544479687709412,5.0,concentrated_volume_spike
TMDE,2026-03-03,False,1,premarket_full,premarket,volume_campaign,2026-03-03 04:00:00,2026-03-03 09:29:00,329.0,330,3.58,3.44,3.04,2026-03-03 04:00:00,4.31,2026-03-03 05:59:00,0.3547486033519552,-0.03910614525139668,0.41776315789473667,18189316.0,55119.1393939394,4213823.0,2026-03-03 08:00:00,52,0.6508575693555492,25657.0,55119.1393939394,0.29805348370439,274,170,78,253,47,0,0,144,156,0.3958884985009882,0.5597168139802509,0.006982120713060346,0.0007696825982901178,0.20391061452513953,-0.15083798882681565,81,113,5.85,low_price_volume_efficiency,True,,2026-03-03 04:27:00,2026-03-03 09:28:00,302,17811757.0,58979.32781456954,64142.5,0.7,3.3998,3.5162,3.9925,3.04,4.31,18189316.0,0.12735499038931838,0.715754413864156,0.15689059574652559,4.0031,4.31,2249789.892561494,0.1236874378652553,0.07666558417226643,2026-03-03 10:13:00,4.09,2026-03-03 10:21:00,4.38,2026-03-03 10:21:00,4.38,617106.0,3.150898541134374,1.9035318794534068,5.0,concentrated_volume_spike
TMDE,2026-03-05,False,1,premarket_full,premarket,volume_campaign,2026-03-05 04:00:00,2026-03-05 09:29:00,329.0,304,2.55,2.5,2.22,2026-03-05 04:27:00,3.29,2026-03-05 04:08:00,0.41960784313725485,-0.019607843137254832,0.4819819819819819,2368777.0,7792.0296052631575,122979.0,2026-03-05 04:09:00,53,0.8922139990383223,2053.5,7178.112121212122,0.13493376539876906,53,28,12,102,30,52,59,115,111,0.44422965944029347,0.4992842297945311,0.045170989080018924,0.0021107938822438675,0.29019607843137263,-0.12941176470588223,100,159,6.2,weak_close_displacement,True,,2026-03-05 04:00:00,2026-03-05 09:29:00,304,2368777.0,7792.0296052631575,10000,0.7,2.3448,2.4964,2.7728,2.22,3.29,2368777.0,0.009474735777451867,0.7206505024929865,0.2698747617295617,2.7817,3.24,673220.2682737993,0.2842058447349832,0.16475536542402142,2026-03-05 09:38:00,2.8,2026-03-05 11:25:00,3.2558,2026-03-05 11:30:00,3.3962,127031.0,1.433595041648751,0.809878101649963,5.0,concentrated_volume_spike
TORO,2026-04-22,True,1,premarket_full,premarket,volume_campaign,2026-04-22 09:08:00,2026-04-22 09:29:00,21.0,21,4.08,4.27,4.08,2026-04-22 09:08:00,4.75,2026-04-22 09:10:00,0.16421568627450978,0.04656862745098027,0.16421568627450978,223080.0,10622.857142857143,57348.0,2026-04-22 09:10:00,3,0.7418414918414918,4860.0,10140.0,0.49833243679397526,8,2,1,16,5,1,2,10,10,0.4784516765285996,0.5204635108481263,0.3003406849560696,0.08517123901739264,0.16421568627450978,0.0,8,6,4.7,,True,,2026-04-22 09:10:00,2026-04-22 09:16:00,7,153539.0,21934.14285714286,15500.849999999999,0.7,4.1805,4.2419,4.3145,4.08,4.75,223079.99999999997,0.10361377149682958,0.7262614649753667,0.17012476352780384,4.3201,4.37,81650.34564440693,0.3660137423543435,0.011550658549570625,2026-04-22 09:32:00,4.42,2026-04-22 09:32:00,4.42,2026-04-22 09:45:00,4.55,14069.0,2.644648295048686,1.1686186560345544,4.5,concentrated_volume_spike
TPET,2026-03-05,False,1,premarket_full,premarket,volume_campaign,2026-03-05 04:00:00,2026-03-05 09:29:00,329.0,330,1.18,0.995,0.8681,2026-03-05 06:37:00,1.22,2026-03-05 08:01:00,0.29822033898305084,-0.15677966101694912,0.405368045156088,17216119.0,52170.05757575758,3814002.0,2026-03-05 08:00:00,71,0.22360097534177129,20368.0,52170.05757575758,0.3897266277027941,232,143,74,171,30,7,13,140,148,0.598754690299248,0.3331019610168819,0.0020440146818223085,0.001074574356740912,0.0338983050847458,-0.26432203389830505,113,140,6.85,low_price_volume_efficiency,True,,2026-03-05 04:00:00,2026-03-05 09:22:00,323,17006816.0,52652.68111455108,52650.45,0.7,0.9209,1.0118,1.0851,0.8681,1.22,17216119.0,0.059363953146504625,0.712247407288676,0.22838863956481928,1.088,1.22,5800438.36178904,0.3369190444018794,0.1213235294117646,2026-03-05 09:35:00,1.0898,2026-03-05 09:45:00,1.24,2026-03-05 09:46:00,1.29,2374956.0,2.754077966318684,1.5259878946759706,5.0,concentrated_volume_spike
TRAW,2026-05-11,False,1,premarket_full,premarket,volume_campaign,2026-05-11 04:00:00,2026-05-11 09:29:00,329.0,244,2.27,2.25,2.03,2026-05-11 04:06:00,2.27,2026-05-11 04:00:00,0.10572687224669612,-0.008810572687224677,0.1182266009852218,514442.0,2108.3688524590166,43959.0,2026-05-11 04:45:00,7,0.9776379067027964,963.5,1558.9151515151516,0.1628385707232302,7,1,0,25,3,85,115,60,83,0.33392296896443135,0.3677285291636375,0.04665248949347064,0.0038877074577892195,0.0,-0.10572687224669612,67,167,3.95,weak_close_displacement;many_flat_bars;many_zero_range_bars,True,,2026-05-11 04:00:00,2026-05-11 07:18:00,137,313738.0,2290.058394160584,10000,0.7,2.126,2.18,2.202,2.03,2.27,514442.0,0.23021919584684444,0.7035225181821129,0.0662582859710427,2.204,2.27,48481.93909090909,0.0942417980859049,0.029945553539019888,2026-05-11 09:30:00,2.38,2026-05-11 09:30:00,2.38,2026-05-11 09:30:00,2.38,175667.0,65.20675575352635,28.563739837398373,5.0,concentrated_volume_spike
TRT,2026-04-23,False,1,premarket_full,premarket,volume_campaign,2026-04-23 04:00:00,2026-04-23 09:29:00,329.0,268,9.49,11.16,9.1458,2026-04-23 05:49:00,14.0,2026-04-23 08:31:00,0.5115068493150685,0.17597471022128555,0.5307572874980866,2755776.0,10282.746268656716,335130.0,2026-04-23 08:31:00,50,0.6227911847697345,2344.5,8350.836363636363,0.24448032060660954,50,16,14,144,36,43,54,101,114,0.43784835922803594,0.5481671950114958,0.17614639215959502,0.06059999071042059,0.4752370916754478,-0.03626975763962073,95,127,7.2,,True,,2026-04-23 05:34:00,2026-04-23 09:26:00,211,2668439.0,12646.630331753555,10000,0.7,10.0357,10.3189,12.3819,9.1458,14.0,2755776.0,0.09071529741563565,0.7226296881177797,0.1866550144665845,12.3919,13.2314,646305.6295906662,0.23452763562447243,0.06774586625134169,2026-04-23 09:48:00,12.4484,2026-04-23 09:59:00,13.305,2026-04-23 10:08:00,13.5,233060.0,1.4935033310007355,1.3512682997535874,5.0,concentrated_volume_spike
TRT,2026-05-14,False,1,premarket_full,premarket,volume_campaign,2026-05-14 04:13:00,2026-05-14 09:29:00,316.0,67,10.98,12.52,10.78,2026-05-14 07:28:00,12.9,2026-05-14 09:15:00,0.1930783242258653,0.14025500910746805,0.1966604823747682,213670.0,3189.10447761194,31716.0,2026-05-14 09:11:00,6,0.161730706229232,1087.0,674.0378548895899,0.3752047549960219,6,1,0,30,8,17,20,28,20,0.45656854027238264,0.4958908597369776,0.9921842092947073,0.720737585997098,0.17486338797814208,-0.01821493624772323,25,38,4.7,many_zero_range_bars,True,,2026-05-14 08:30:00,2026-05-14 09:13:00,37,152135.0,4111.756756756757,10000,0.7,11.4867,12.317,12.7587,10.78,12.9,213670.0,0.2876717398400761,0.7066886851142927,0.005639575045631117,,,,,,2026-05-14 09:45:00,13.05,2026-05-14 09:45:00,13.05,2026-05-14 09:45:00,13.05,40838.0,3.72864642775622,1.687939158469042,4.0,concentrated_volume_spike;no_upper_fight_zone_detected
TURB,2026-03-03,False,1,premarket_full,premarket,volume_campaign,2026-03-03 04:00:00,2026-03-03 09:29:00,329.0,274,1.76,1.28,1.23,2026-03-03 09:06:00,1.76,2026-03-03 04:00:00,0.30113636363636365,-0.2727272727272727,0.43089430894308944,1432221.0,5227.08394160584,494299.0,2026-03-03 08:00:00,13,0.9894373843142923,1282.0,4340.063636363637,0.5540066791368092,13,3,2,90,21,102,106,63,75,0.6440367792400754,0.19348131328894075,0.03700546214585598,0.03351438081134127,0.0,-0.30113636363636365,68,186,5.7,many_flat_bars;many_zero_range_bars,True,,2026-03-03 04:00:00,2026-03-03 09:28:00,273,1428083.0,5231.07326007326,10000,0.7,1.3978,1.5877,1.76,1.23,1.76,1432221.0,0.29644373216925224,0.7035562678307478,0.0,,,,,,2026-03-03 10:27:00,1.795,2026-03-03 10:27:00,1.795,2026-03-03 10:27:00,1.795,301479.0,9.26271061460753,3.8842878309605102,4.5,concentrated_volume_spike;no_upper_fight_zone_detected
TURB,2026-03-09,True,1,premarket_full,premarket,volume_campaign,2026-03-09 04:00:00,2026-03-09 09:29:00,329.0,231,4.59,4.35,4.0,2026-03-09 07:05:00,5.03,2026-03-09 08:03:00,0.22440087145969506,-0.052287581699346455,0.25750000000000006,534893.0,2315.5541125541126,139892.0,2026-03-09 08:03:00,5,0.39793753143151994,732.0,1620.887878787879,0.32113525508840085,5,1,1,33,5,82,91,54,79,0.2468587175379001,0.5637968715238375,0.19256187686135362,0.04486878684148048,0.09586056644880184,-0.12854030501089322,58,156,4.7,many_flat_bars;many_zero_range_bars,True,,2026-03-09 08:03:00,2026-03-09 09:28:00,79,345866.0,4378.050632911392,10000,0.7,4.0172,4.2661,4.6008,4.0,5.03,534893.0,0.0012028885527884216,0.7143744016798598,0.2844227097673518,4.6094,5.0214,69167.34878309685,0.12931062620579603,0.08938256606065864,2026-03-09 09:37:00,4.64,2026-03-09 09:47:00,5.1197,2026-03-09 09:47:00,5.1197,390026.0,5.654943831302522,1.495435391912151,5.0,concentrated_volume_spike
TZOO,2026-04-23,False,1,premarket_full,premarket,volume_campaign,2026-04-23 06:54:00,2026-04-23 09:29:00,155.0,137,7.94,9.8,7.87,2026-04-23 07:00:00,10.2,2026-04-23 07:44:00,0.29345088161209054,0.2342569269521411,0.2960609911054637,411023.0,3000.167883211679,33079.0,2026-04-23 07:44:00,8,0.6307505905995529,1250.0,2634.7628205128203,0.19912754274091718,8,2,0,66,18,25,38,61,43,0.4975147376180895,0.46359692766584837,0.5668782525552096,0.45252942049471695,0.28463476070528954,-0.008816120906801042,50,65,6.7,,True,,2026-04-23 07:44:00,2026-04-23 09:20:00,80,277313.0,3466.4125,10000,0.7,8.6467,8.8991,9.4622,7.87,10.2,411023.0,0.055314343666950205,0.7214508703341462,0.2232347859989036,9.4816,9.89,121646.1684539089,0.29595951675188226,0.04307289908876142,2026-04-23 09:30:00,9.94,2026-04-23 09:30:00,9.94,2026-04-23 09:30:00,9.94,72906.0,23.72701532853842,15.465846414934239,4.5,concentrated_volume_spike
UCAR,2026-04-08,True,1,premarket_full,premarket,volume_campaign,2026-04-08 04:00:00,2026-04-08 09:29:00,329.0,330,0.899,0.878,0.8555,2026-04-08 04:05:00,1.01,2026-04-08 06:03:00,0.17185761957730808,-0.023359288097886562,0.18059614260666274,24047700.0,72871.81818181818,1116733.0,2026-04-08 07:00:00,63,0.6624810688756098,39584.0,72871.81818181818,0.12176852671981105,306,216,142,165,30,0,6,151,174,0.5002816069728082,0.49039438283079045,0.000642473084744071,8.732643870307771e-05,0.12347052280311456,-0.048387096774193526,121,121,5.1,low_price_volume_efficiency,True,,2026-04-08 04:00:00,2026-04-08 09:01:00,302,23146224.0,76643.12582781457,98960.0,0.7,0.8787,0.9006,0.9405,0.8555,1.01,24047700.0,0.07095092865049864,0.7056487914713873,0.22340027987811414,0.9418,1.01,5402725.416235086,0.22466703328114895,0.07241452537693782,2026-04-08 09:32:00,0.977,2026-04-08 09:33:00,1.1,2026-04-08 09:33:00,1.1,2868960.0,10.551211971986124,2.234401224303833,5.0,concentrated_volume_spike
UCAR,2026-04-10,False,1,premarket_full,premarket,volume_campaign,2026-04-10 04:00:00,2026-04-10 09:29:00,329.0,327,2.04,1.81,1.75,2026-04-10 07:51:00,2.19,2026-04-10 04:00:00,0.2156862745098039,-0.11274509803921567,0.2514285714285714,2615675.0,7999.006116207951,472152.0,2026-04-10 04:00:00,60,0.8194913358884418,3955.0,7926.287878787879,0.22828944727460407,60,12,4,68,7,15,33,124,129,0.5230038135471723,0.3433515249409808,0.016821661712559853,0.008793141349747197,0.07352941176470584,-0.14215686274509806,129,168,7.2,,True,,2026-04-10 04:00:00,2026-04-10 09:28:00,326,2609105.0,8003.389570552147,10000,0.7,1.86,1.9003,2.0873,1.75,2.19,2615674.9999999995,0.21811666119116238,0.7108637716175611,0.0710195671912766,2.091,2.19,644352.4613043468,0.2463427074481145,0.04734576757532269,2026-04-10 10:51:00,2.12,2026-04-10 11:07:00,2.1991,2026-04-10 11:10:00,2.27,312852.0,2.577917968595499,2.42143636659159,5.0,concentrated_volume_spike
UCAR,2026-04-23,False,1,premarket_full,premarket,volume_campaign,2026-04-23 04:00:00,2026-04-23 09:29:00,329.0,103,1.54,1.56,1.51,2026-04-23 04:00:00,1.58,2026-04-23 08:31:00,0.04545454545454549,0.012987012987012998,0.04635761589403978,103280.0,1002.7184466019418,10967.0,2026-04-23 08:33:00,2,0.4398431448489543,336.0,312.969696969697,0.30284663051897753,2,0,0,5,1,81,84,9,8,0.26226762199845083,0.20743609604957397,0.06777691711851284,0.01936483346243224,0.025974025974025997,-0.019480519480519497,11,92,0.7,weak_range;weak_close_displacement;few_10k_volume_bars;many_flat_bars;many_zero_range_bars,False,range_lt_8pct;less_than_3_10k_volume_bars;flat_bar_pct_gte_65;zero_range_bar_pct_gte_55;movement_quality_score_lt_3,2026-04-23 08:33:00,2026-04-23 08:34:00,2,21831.0,10915.5,10000,0.7,1.5147,1.5304,1.5613,1.51,1.58,103280.0,0.0021342951200619335,0.7198849099292646,0.2779807949506734,1.5619,1.5701,60649.85650250555,0.587237185345716,0.0052500160061463505,2026-04-23 09:30:00,1.5706,2026-04-23 09:41:00,1.575,2026-04-23 09:48:00,1.62,9820.0,4.428011002389864,1.964,3.0,small_range;concentrated_volume_spike
UGRO,2026-03-23,True,1,premarket_full,premarket,volume_campaign,2026-03-23 04:39:00,2026-03-23 09:29:00,290.0,146,2.15,3.57,2.15,2026-03-23 04:39:00,4.34,2026-03-23 08:04:00,1.0186046511627906,0.6604651162790698,1.0186046511627906,26519631.0,181641.30821917808,1144864.0,2026-03-23 08:02:00,15,0.5108889712681145,150530.0,91132.75257731958,0.10126735926303047,144,138,126,133,66,2,2,61,74,0.5198111919430554,0.45550731833335084,0.008258033454537886,0.005354523975088492,1.0186046511627906,0.0,44,56,7.2,,True,,2026-03-23 07:35:00,2026-03-23 08:21:00,46,14146444.0,307531.39130434784,376325.0,0.7,3.464,3.5553,4.1575,2.15,4.34,26519630.999999996,0.23576702706927768,0.7028524682558129,0.06138050467490941,4.1757,4.34,3217723.4530193405,0.12133364348166613,0.039346696362286535,2026-03-23 09:42:00,4.25,2026-03-23 14:27:00,4.58,2026-03-23 14:27:00,4.58,833425.0,3.7174426866839343,1.729775783450357,5.0,concentrated_volume_spike
UGRO,2026-03-25,True,1,premarket_full,premarket,volume_campaign,2026-03-25 04:00:00,2026-03-25 09:29:00,329.0,193,6.49,8.08,6.01,2026-03-25 08:00:00,8.57,2026-03-25 08:52:00,0.3944530046224962,0.24499229583975343,0.4259567387687189,3612497.0,18717.60103626943,297566.0,2026-03-25 08:52:00,46,0.2442916907612657,2802.0,10946.960606060606,0.2067885454299339,63,40,27,91,21,49,61,73,62,0.46196495111276215,0.4838863534004319,0.07086511075303317,0.04401387738176668,0.3204930662557781,-0.07395993836671809,54,99,6.45,many_zero_range_bars,True,,2026-03-25 07:49:00,2026-03-25 09:29:00,101,3501993.0,34673.19801980198,20816.149999999998,0.7,7.802,8.1647,8.3567,6.01,8.57,3612497.0,0.17883192188238414,0.7076495676889181,0.11351851042869775,8.378,8.57,1092243.6651377652,0.30235143866908826,0.022917164000954903,2026-03-25 09:34:00,8.43,2026-03-25 10:28:00,8.65,2026-03-25 10:28:00,8.65,327993.0,4.228506673576812,1.5815199309516808,5.0,concentrated_volume_spike
UGRO,2026-03-30,False,1,premarket_full,premarket,volume_campaign,2026-03-30 04:00:00,2026-03-30 09:29:00,329.0,207,14.96,18.3,14.6,2026-03-30 04:01:00,20.98,2026-03-30 07:13:00,0.42647058823529416,0.22326203208556147,0.43698630136986305,690488.0,3335.690821256039,80919.0,2026-03-30 07:13:00,15,0.7187612239459629,966.0,2092.387878787879,0.2556916267914866,15,4,2,90,20,43,66,72,77,0.5713727103150236,0.38705524208965253,0.9239841966840844,0.483715864721762,0.4024064171122994,-0.02406417112299473,64,115,6.45,many_zero_range_bars,True,,2026-03-30 07:10:00,2026-03-30 07:34:00,25,414409.0,16576.36,10000,0.7,18.428,20.0762,20.98,14.6,20.98,690488.0,0.2642736761805582,0.7357263238194418,0.0,,,,,,2026-03-30 09:35:00,21.54,2026-03-30 09:35:00,21.54,2026-03-30 09:36:00,22.66,131305.0,5.132168835280461,1.8632751525471831,4.5,concentrated_volume_spike;no_upper_fight_zone_detected
VCIG,2026-05-26,True,1,premarket_full,premarket,volume_campaign,2026-05-26 04:00:00,2026-05-26 09:29:00,329.0,330,1.62,1.65,1.45,2026-05-26 04:03:00,2.1,2026-05-26 06:33:00,0.40123456790123463,0.018518518518518396,0.44827586206896564,12697824.0,38478.25454545455,609615.0,2026-05-26 06:33:00,74,0.6094883658806423,14606.0,38478.25454545455,0.12831568621521294,201,101,55,224,80,3,8,127,144,0.39146793970368465,0.47282510767199165,0.005118987316251982,0.0002362609530577822,0.2962962962962963,-0.10493827160493836,103,152,6.2,weak_close_displacement,True,,2026-05-26 04:00:00,2026-05-26 08:38:00,279,12225997.0,43820.77777777778,36515.0,0.7,1.5583,1.6179,1.8292,1.45,2.1,12697824.0,0.03895145848309681,0.7126809535717828,0.24836758794512032,1.8346,2.05,3335357.0774515853,0.2626715473022453,0.11740978959991269,2026-05-26 12:26:00,1.8395,2026-05-26 12:44:00,2.3,2026-05-26 12:44:00,2.3,601658.0,4.708118530482442,1.7101836507877854,5.0,concentrated_volume_spike
VCIG,2026-05-27,True,1,premarket_full,premarket,volume_campaign,2026-05-27 04:00:00,2026-05-27 09:29:00,329.0,330,3.1,3.42,2.83,2026-05-27 04:01:00,3.86,2026-05-27 06:13:00,0.33225806451612894,0.10322580645161285,0.3639575971731448,4139867.0,12545.051515151516,184172.0,2026-05-27 04:00:00,59,0.4749188802442204,7141.5,12545.051515151516,0.1079831791697656,116,35,12,150,31,3,7,131,164,0.37727733765360094,0.5838156153325699,0.024880026339010403,0.007729716920857598,0.24516129032258058,-0.08709677419354839,104,136,7.2,,True,,2026-05-27 04:00:00,2026-05-27 09:28:00,329,4122598.0,12530.69300911854,17853.75,0.7,3.3793,3.4566,3.654,2.83,3.86,4139866.9999999995,0.14951176136744337,0.7036618460082824,0.1468263926242741,3.6626,3.79,815599.6788947845,0.19701108245622012,0.03478403320045874,2026-05-27 09:38:00,3.73,2026-05-27 10:22:00,3.98,2026-05-27 10:22:00,3.98,190967.0,4.238568314889046,2.751091262695383,5.0,concentrated_volume_spike
VELO,2026-04-21,True,2,rth_volume_campaign_1,rth,volume_campaign,2026-04-21 09:30:00,2026-04-21 09:47:00,17.0,18,12.19,13.36,12.05,2026-04-21 09:34:00,13.87,2026-04-21 09:46:00,0.14930270713699742,0.09598031173092698,0.15103734439834013,1017208.0,56511.555555555555,181458.0,2026-04-21 09:37:00,11,0.0362836312730533,40698.5,56511.555555555555,0.44088426359210703,18,15,6,18,6,0,0,8,10,0.5223838192385432,0.47761618076145684,0.1789211252762462,0.11502072339187265,0.13781788351107463,-0.01148482362592279,8,5,5.7,,True,,2026-04-21 09:30:00,2026-04-21 09:30:00,1,67569.0,67569.0,32966.1875,0.7,13.1117,13.5212,13.8093,12.05,13.87,1017207.9999999999,0.2959347193037102,0.7010715861913313,0.0029936945049586715,,,,,,2026-04-21 10:01:00,13.97,2026-04-21 10:01:00,13.97,2026-04-21 10:01:00,13.97,104366.0,2.353819436613365,1.7307507338186763,4.5,concentrated_volume_spike;no_upper_fight_zone_detected
VIVO,2026-05-13,False,1,premarket_full,premarket,volume_campaign,2026-05-13 04:00:00,2026-05-13 09:28:00,328.0,62,3.2,3.29,3.14,2026-05-13 06:56:00,3.34,2026-05-13 06:42:00,0.06249999999999992,0.028124999999999956,0.06369426751592348,105191.0,1696.6290322580646,11747.0,2026-05-13 04:52:00,2,0.691104752307707,550.0,319.7294832826748,0.28090806247682787,2,0,0,7,0,41,45,13,8,0.3033719614795943,0.2139251456873687,0.19013033434419271,0.0855586504548867,0.0437499999999999,-0.018750000000000017,14,47,1.2,few_10k_volume_bars;many_flat_bars;many_zero_range_bars,False,range_lt_8pct;less_than_3_10k_volume_bars;flat_bar_pct_gte_65;zero_range_bar_pct_gte_55;movement_quality_score_lt_3,2026-05-13 04:52:00,2026-05-13 04:52:00,1,11747.0,11747.0,10000,0.7,3.2433,3.2983,3.3133,3.14,3.34,105191.0,0.2760906351303809,0.7020843037902491,0.021825061079369948,3.315,3.34,4917.9000000000015,0.04675209856356534,0.007541478129713397,2026-05-13 09:35:00,3.3913,2026-05-13 09:35:00,3.3913,2026-05-13 09:35:00,3.3913,69615.0,15.128433588317106,3.9825514874141876,4.0,concentrated_volume_spike
VIVO,2026-05-14,False,1,premarket_full,premarket,volume_campaign,2026-05-14 04:00:00,2026-05-14 09:29:00,329.0,134,4.37,4.45,4.12,2026-05-14 05:31:00,4.66,2026-05-14 08:40:00,0.12356979405034325,0.018306636155606425,0.13106796116504854,244261.0,1822.8432835820895,24695.0,2026-05-14 08:20:00,5,0.1844829915541163,500.0,740.1848484848484,0.22796516840592645,5,0,0,15,1,79,83,28,20,0.48788386193457,0.2039785311613397,0.22107499764596067,0.03275185150310531,0.06636155606407323,-0.05720823798627002,30,101,2.95,weak_close_displacement;many_flat_bars;many_zero_range_bars,False,zero_range_bar_pct_gte_55;movement_quality_score_lt_3,2026-05-14 04:00:00,2026-05-14 08:40:00,100,199199.0,1991.99,10000,0.7,4.318,4.4215,4.516,4.12,4.66,244261.0,0.15377652826865015,0.7125677510063877,0.13365572072496215,4.5205,4.66,39567.0773825821,0.1619868803557756,0.03085941820595066,2026-05-14 10:14:00,4.55,2026-05-14 10:15:00,4.7044,2026-05-14 11:14:00,4.69,98129.0,17.98024772793902,7.686746044179853,4.5,concentrated_volume_spike
VIVO,2026-05-21,False,2,rth_volume_campaign_1,rth,volume_campaign,2026-05-21 09:30:00,2026-05-21 09:36:00,6.0,7,4.51,4.79,4.47,2026-05-21 09:30:00,4.95,2026-05-21 09:34:00,0.10643015521064311,0.062084257206208485,0.10738255033557056,162779.0,23254.14285714286,64344.0,2026-05-21 09:34:00,4,0.2184004079150259,16954.0,23254.14285714286,0.718600065118965,6,2,1,7,4,0,0,6,1,0.9583238624146849,0.04167613758531506,0.29487833197156904,0.17201236031674863,0.09756097560975618,-0.008869179600886927,5,0,4.35,,True,,2026-05-21 09:32:00,2026-05-21 09:35:00,4,133927.0,33481.75,15592.5,0.7,4.766,4.818,4.886,4.47,4.95,162779.0,0.16676730263584774,0.7256676051953966,0.10756509216875566,4.89,4.906,9803.46987466489,0.06022564258697308,0.0032719836400818027,2026-05-21 09:59:00,5.2163,2026-05-21 09:59:00,5.2163,2026-05-21 09:59:00,5.2163,148459.0,8.782165801024574,2.5300192573152236,4.5,concentrated_volume_spike
VLN,2026-01-09,False,2,rth_volume_campaign_1,rth,volume_campaign,2026-01-09 09:43:00,2026-01-09 09:50:00,7.0,8,1.76,1.89,1.76,2026-01-09 09:43:00,1.9699,2026-01-09 09:46:00,0.11926136363636362,0.0738636363636363,0.11926136363636362,1525056.0,190632.0,612510.0,2026-01-09 09:45:00,5,0.38681136954970835,144643.0,190632.0,0.704928868185824,8,7,6,8,4,0,0,5,3,0.640133870493936,0.35986612950606406,0.013763429015065675,0.00852427714129841,0.11926136363636362,0.0,3,2,5.35,,True,,2026-01-09 09:45:00,2026-01-09 09:49:00,5,1364342.0,272868.4,108764.7,0.7,1.8684,1.9227,1.9594,1.76,1.9699,1525056.0,0.28092058945783954,0.7041317547897428,0.014947655752417664,1.9612,1.9682,22796.01209115907,0.014947655752417664,0.003569243320416018,2026-01-09 10:28:00,1.97,2026-01-09 10:30:00,1.9865,2026-01-09 10:41:00,1.98,179813.0,3.770288999645644,2.729899192324042,5.0,concentrated_volume_spike
VMAR,2025-12-16,False,1,rth_volume_campaign_1,rth,volume_campaign,2025-12-16 10:09:00,2025-12-16 11:01:00,52.0,41,21.736,27.652,20.576,2025-12-16 10:09:00,39.92,2025-12-16 10:28:00,0.8899521531100478,0.2721751932278248,0.9401244167962676,1191159.35,29052.667073170735,73338.7,2025-12-16 10:23:00,33,0.6210269222165783,24503.725,22474.704716981134,0.17520667994588632,38,19,7,41,38,0,0,22,19,0.5434881781350245,0.4565118218649754,1.6239640817158512,0.49665899025180804,0.8365844681634156,-0.05336768494663232,11,11,7.2,,True,,2025-12-16 10:11:00,2025-12-16 11:00:00,38,1161079.925,30554.734868421056,14576.379374999999,0.7,24.4448,29.7644,34.4392,20.576,39.92,1191159.3499999999,0.02774087220023901,0.7171408156345545,0.25511831216520653,34.6004,38.7916,337952.5002390569,0.2837172879002771,0.1211315476121664,2025-12-16 11:14:00,35.196,2025-12-16 11:21:00,41.0,2025-12-16 11:21:00,41.0,75178.95,2.039437958531527,1.3915025170203696,5.0,concentrated_volume_spike
VSME,2026-06-10,True,2,premarket_first_volume_campaign,premarket,volume_campaign,2026-06-10 06:34:00,2026-06-10 06:46:00,12.0,13,0.98,1.58,0.97,2026-06-10 06:34:00,1.93,2026-06-10 06:37:00,0.9795918367346939,0.6122448979591838,0.9896907216494846,6892479.0,530190.6923076923,771745.0,2026-06-10 06:37:00,5,0.6984090919972336,483766.0,530190.6923076923,0.3327801216369321,13,13,13,13,13,0,0,7,5,0.49494166032279535,0.42780921059026805,0.013928225243776585,0.008705140777360367,0.9693877551020408,-0.01020408163265307,5,2,7.45,,True,,2026-06-10 06:36:00,2026-06-10 06:40:00,5,3754300.0,750860.0,548396.1875,0.7,1.354,1.586,1.674,0.97,1.93,6892478.999999999,0.14816139183802204,0.702447173912426,0.14939143424955204,1.682,1.842,2872793.8677085545,0.41680125071234236,0.09512485136741983,2026-06-10 06:52:00,1.74,2026-06-10 06:53:00,1.99,2026-06-10 06:53:00,1.99,1379582.0,3.625942702208868,2.2040198805314897,5.5,
WOK,2026-05-11,True,1,premarket_full,premarket,volume_campaign,2026-05-11 06:48:00,2026-05-11 09:29:00,161.0,18,1.22,1.59,1.22,2026-05-11 06:48:00,2.56,2026-05-11 09:20:00,1.098360655737705,0.3032786885245903,1.098360655737705,3829199.0,212733.27777777778,658181.0,2026-05-11 09:22:00,4,0.7190660501060404,135911.5,23637.03086419753,0.4896702939700966,12,12,12,15,15,2,2,10,6,0.5187325077646787,0.4808930013822734,0.034994263813398055,0.009662595232057673,1.098360655737705,0.0,5,7,7.2,,True,,2026-05-11 09:19:00,2026-05-11 09:22:00,4,2289181.0,572295.25,399200.93749999994,0.7,1.488,1.5885,2.0687,1.22,2.56,3829199.0,0.009082572365455743,0.7286229661014646,0.26229446153307956,2.0798,2.1245,403823.77528688684,0.10545907258590813,0.021492451197230377,2026-05-11 15:33:00,2.3103,2026-05-11 15:33:00,2.3103,2026-05-11 15:33:00,2.3103,1356792.0,3.1767042809901413,2.1330625065833226,5.0,concentrated_volume_spike
XHLD,2026-01-27,True,1,premarket_full,premarket,volume_campaign,2026-01-27 04:53:00,2026-01-27 09:26:00,273.0,147,1.34,1.36,1.23,2026-01-27 05:07:00,1.68,2026-01-27 06:23:00,0.33582089552238803,0.01492537313432837,0.36585365853658536,272190.0,1851.6326530612246,39273.0,2026-01-27 06:24:00,5,0.6936514934420809,600.0,993.3941605839416,0.26486277967596167,5,1,0,47,24,72,77,27,35,0.16006466071494177,0.5892060692898343,0.16532569161247654,0.0073478085161100765,0.253731343283582,-0.08208955223880604,26,114,4.2,weak_close_displacement;many_flat_bars;many_zero_range_bars,True,,2026-01-27 06:23:00,2026-01-27 08:05:00,56,166981.0,2981.8035714285716,10000,0.7,1.32,1.3762,1.4775,1.23,1.68,272190.0,0.10341878627571041,0.7233250328784326,0.17325618084585687,1.4812,1.6,81217.93066005441,0.2983869012823925,0.08020523899540913,2026-01-27 09:44:00,1.4882,2026-01-27 09:45:00,1.6438,2026-01-27 09:45:00,1.6438,80390.0,6.701400466822274,1.6603672263874258,4.5,concentrated_volume_spike
XWEL,2026-02-25,False,1,premarket_full,premarket,volume_campaign,2026-02-25 04:00:00,2026-02-25 09:29:00,329.0,330,0.8,0.8109,0.7524,2026-02-25 07:31:00,0.9344,2026-02-25 08:00:00,0.22750000000000006,0.013624999999999887,0.24189261031366302,35604306.0,107891.83636363636,6392947.0,2026-02-25 08:00:00,72,0.4262212553728754,46750.0,107891.83636363636,0.22494557259450584,298,228,160,188,25,0,12,152,176,0.4067062843466181,0.5906789757396198,0.0005111741259610566,3.0614274576788297e-05,0.16799999999999995,-0.05950000000000011,99,116,5.85,weak_close_displacement;low_price_volume_efficiency,True,,2026-02-25 04:00:00,2026-02-25 09:29:00,330,35604306.0,107891.83636363636,125000.97499999999,0.7,0.7949,0.8358,0.8555,0.7524,0.9344,35604306.0,0.15127961625723668,0.7062542818813358,0.14246610186142752,0.857,0.9,5256956.571105324,0.1476494604642855,0.050175029171528635,2026-02-25 09:35:00,0.884,2026-02-25 09:39:00,0.9053,2026-02-25 09:42:00,1.0325,5997012.0,2.379176309941823,1.7508445465111493,5.0,concentrated_volume_spike
ZCMD,2026-02-04,False,1,rth_volume_campaign_1,rth,volume_campaign,2026-02-04 10:49:00,2026-02-04 13:20:00,151.0,127,4.8,3.5696,3.24,2026-02-04 13:12:00,7.76,2026-02-04 11:23:00,0.9416666666666667,-0.25633333333333336,1.3950617283950615,8909429.5,70152.98818897638,198484.0,2026-02-04 12:21:00,109,0.7889247145398031,60891.5,58614.66776315789,0.06173487314760165,123,105,77,126,112,1,1,54,71,0.4452584337751368,0.5545952886208931,0.05073276577361097,0.013810087391117467,0.6166666666666667,-0.32499999999999996,36,53,7.2,,True,,2026-02-04 10:59:00,2026-02-04 13:19:00,125,8898869.125,71190.953,21135.921875,0.7,4.7467,4.8597,6.7807,3.24,7.76,8909429.5,0.15330621050927717,0.713721401228454,0.13297238826226887,6.8183,7.44,1467696.3338021357,0.1647351644459542,0.09118108619450604,,,,,,,,,,5.0,concentrated_volume_spike
ZJYL,2026-06-02,False,2,premarket_core_after_early_spike,premarket,volume_campaign,2026-06-02 04:39:00,2026-06-02 09:29:00,290.0,273,3.5,2.92,2.73,2026-06-02 09:17:00,3.71,2026-06-02 04:42:00,0.27999999999999997,-0.16571428571428573,0.358974358974359,1394326.0,5107.421245421246,72939.0,2026-06-02 04:39:00,33,0.8372683289273815,1954.0,4791.498281786941,0.14345927709875597,33,10,4,184,46,25,30,95,131,0.3670547633767139,0.5566122987020252,0.07028485447449162,0.041597158770617496,0.05999999999999999,-0.22,87,136,7.2,,True,,2026-06-02 04:39:00,2026-06-02 08:01:00,198,1294637.0,6538.570707070707,10000,0.7,2.7953,3.2282,3.3507,2.73,3.71,1394326.0,0.018737538907241023,0.7108593652312281,0.2704030958615309,3.3588,3.66,392284.67516522476,0.28134358476082694,0.08967488388710258,2026-06-02 10:09:00,3.78,2026-06-02 10:09:00,3.78,2026-06-02 10:09:00,3.78,61513.0,5.227407923585499,8.66136299633906,5.0,concentrated_volume_spike
