time,open,high,low,close,Strong Reclaim Entry,EMA,VWAP,EMA.1,EMA.2,Volume,Volume MA,Histogram,MACD,Signal line
2026-09-24T04:00:00-04:00,2.4045,2.4045,2.4045,2.4045,0,2.5613460501884857,2.4045,2.3320122985382725,2.3694990778887397,500,498.95000000000584,0.0105874949072505,0.0375886259776274,0.0270011310703769
2026-09-24T04:17:00-04:00,2.38,2.38,2.38,2.38,0,2.5613460501884857,2.384606995110944,2.3365825558203417,2.371599262310992,2159,581.9000000000058,0.0077343693950429,0.0366690928141806,0.0289347234191376
2026-09-24T04:45:00-04:00,2.25,2.25,2.25,2.25,0,2.5613460501884857,2.379728162377673,2.3283365981231663,2.3472794098487935,100,581.9000000000058,-0.003019451472466,0.0251604090785551,0.0281798605510211
2026-09-24T06:58:00-04:00,2.25,2.25,2.25,2.25,0,2.5613460501884857,2.3480871471636067,2.320875969730484,2.3278235278790347,890,601.4000000000058,-0.0098583638300779,0.0158569057634236,0.0257152695935016
2026-09-24T07:00:00-04:00,2.25,2.25,2.25,2.25,0,2.5613460501884857,2.3406356039503673,2.3141258773752,2.3122588223032277,300,611.4000000000058,-0.0138625110862044,0.0083871307357461,0.0222496418219505
2026-09-24T07:03:00-04:00,2.2508,2.2508,2.2508,2.2508,0,2.5613460501884857,2.338416893060015,2.3080948414347047,2.299967057842582,100,597.8000000000059,-0.0157973288816232,0.0025029807199214,0.0183003096015447
2026-09-24T07:04:00-04:00,2.2525,2.2525,2.2525,2.2525,0,2.5613460501884857,2.3315810411457147,2.3028000946313996,2.290473646274066,350,610.3000000000059,-0.0162402635092451,-0.0020000197850116,0.0142402437242334
2026-09-24T07:06:00-04:00,2.27,2.28,2.27,2.28,0,2.5613460501884857,2.3214098289806757,2.300628657047457,2.2883789170192523,1000,560.3000000000059,-0.014041384732676,-0.0033114871916115,0.0107298975410644
2026-09-24T07:07:00-04:00,2.25,2.25,2.25,2.25,0,2.5613460501884857,2.3190563615738253,2.295806880185794,2.280703133615402,184,509.5000000000058,-0.013939449867163,-0.0066944147928893,0.0072450350742737
2026-09-24T07:14:00-04:00,2.05,2.05,2.05,2.05,0,2.5613460501884857,2.2969409282700424,2.27239670112048,2.2345625068923214,500,529.5000000000058,-0.0259744144377299,-0.0252229829728887,0.0007514314648412
2026-09-24T07:52:00-04:00,2.1221,2.1221,2.1221,2.1221,0,2.5613460501884857,2.274406654255573,2.258082729585196,2.212070005513857,900,568.1000000000058,-0.0275616724450176,-0.0337006590914308,-0.0061389866464131
2026-09-24T08:30:00-04:00,2.26,2.35,2.26,2.35,0,2.5613460501884857,2.2973154019712623,2.266836755338987,2.239656004411086,7052,911.7500000000058,-0.012511693047144,-0.0217786029553432,-0.0092669099081992
2026-09-24T08:31:00-04:00,2.34,3.18,2.26,2.33,0,2.5613460501884857,2.559304935974554,2.2728523024495595,2.257724803528869,119792,6893.850000000006,-0.0036146425306032,-0.0137852130714533,-0.01017057054085
2026-09-24T08:32:00-04:00,2.33,2.37,1.8647,2.1641,0,2.5613460501884857,2.451151582446141,2.262494940311506,2.238999842823095,45484,9163.050000000008,-0.0083432853740995,-0.0205996772584744,-0.0122563918843749
2026-09-24T08:33:00-04:00,2.1465,3.05,1.9501,2.93,0,2.5613460501884857,2.564076059565246,2.3260668507580293,2.377199874258476,255372,21906.650000000005,0.038119949609787,0.0353935451278588,-0.0027264044819281
2026-09-24T08:34:00-04:00,2.89,3.85,2.89,3.39,0,2.5613460501884857,3.01290966728491,2.427393817352503,2.5797598994067807,536348,48719.05,0.0946248758718302,0.1155546903578597,0.0209298144860294
2026-09-24T08:35:00-04:00,3.38,5.0,3.29,3.765,0,2.5613460501884857,3.4939735861595462,2.55478488236655,2.8168079195254245,890854,93186.75,0.1488214874252563,0.2069566737675998,0.0581351863423435
2026-09-24T08:36:00-04:00,3.78,4.2,3.7403,4.08,0,2.5613460501884857,3.6111671030949406,2.7000434649983074,3.0694463356203396,551570,120740.25,0.1945619620031293,0.3013376388462552,0.1067756768431258
2026-09-24T08:37:00-04:00,4.0,5.31,3.95,4.4,0,2.5613460501884857,3.8722428343458897,2.861944087379421,3.335557068496272,925126,166991.55,0.2324801447392449,0.397375857767182,0.1648957130279371
2026-09-24T08:38:00-04:00,4.3666,5.2,4.2,5.17,0,2.5613460501884857,4.0403930712909055,3.0817589362004285,3.7024456547970175,687739,201316.0,0.2916958121382589,0.5295154782007607,0.2378196660625018
2026-09-24T08:39:00-04:00,5.18,5.4997,4.66,4.93,0,2.5613460501884857,4.273865871061302,3.2577818946575303,3.9479565238376138,1243378,263459.9,0.296035472973128,0.6078640072789119,0.3118285343057838
2026-09-24T08:40:00-04:00,4.93,5.09,4.66,5.0286,0,2.5613460501884857,4.332595631860025,3.4264312380234796,4.164085219070091,521371,289420.5,0.2866863600705276,0.6701864843939433,0.3835001243234157
2026-09-24T08:41:00-04:00,5.01,5.28,4.63,5.05,0,2.5613460501884857,4.395282153906685,3.5810568344021956,4.341268175256073,613851,320108.05,0.2636673450799154,0.71308430567331,0.4494169605933946
2026-09-24T08:42:00-04:00,5.0711,5.21,4.8,4.9854,0,2.5613460501884857,4.441179119763219,3.7148038025543673,4.470094540204858,527495,346438.3,0.2271977247913006,0.7334141165825203,0.5062163917912197
2026-09-24T08:43:00-04:00,4.96,5.15,4.82,4.9672,0,2.5613460501884857,4.47079758517894,3.8340796308825222,4.569515632163887,403974,366622.0,0.1866526334711092,0.7395321836301063,0.552879550158997
2026-09-24T08:44:00-04:00,4.95,5.49,4.86,4.94,0,2.5613460501884857,4.535738135053528,3.9394053803222824,4.6436125057311095,849358,409084.9,0.1446787784659255,0.7337280232414041,0.5890492447754785
2026-09-24T08:45:00-04:00,4.95,5.09,4.9,4.97,0,2.5613460501884857,4.554081912606756,4.037557248863017,4.708890004584887,347117,426423.25,0.1073303590693592,0.7232121936121776,0.6158818345428183
2026-09-24T08:46:00-04:00,4.94,5.13,4.9,5.026,0,2.5613460501884857,4.568628508489514,4.131694653733206,4.77231200366791,275808,440163.65,0.0762535706230405,0.711198797821619,0.6349452271985785
2026-09-24T08:47:00-04:00,5.0,5.06,4.56,4.7406,0,2.5613460501884857,4.580438672903929,4.189685639091948,4.7659696029343275,503962,465352.55,0.0287756678176569,0.6709148119706496,0.6421391441529927
2026-09-24T08:48:00-04:00,4.7478,4.7897,4.3015,4.6636,0,2.5613460501884857,4.580663050620061,4.23482034013081,4.745495682347462,489323,489793.7,-0.0132592500351028,0.6255650816091141,0.6388243316442169
2026-09-24T08:49:00-04:00,4.6695,4.98,4.56,4.5989,0,2.5613460501884857,4.585476558200377,4.269494593451685,4.716176545877969,370082,508252.8,-0.0488638927365928,0.5777444657234758,0.6266083584600687
2026-09-24T08:50:00-04:00,4.6,5.0,4.6,4.91,0,2.5613460501884857,4.593902347499203,4.330495108361048,4.754941236702376,353048,525552.6,-0.0544776605857285,0.558511282727908,0.6129889433136365
2026-09-24T08:51:00-04:00,4.89,4.95,4.8,4.8002,0,2.5613460501884857,4.5982663635582535,4.3752289075647575,4.763992989361901,182413,528683.65,-0.0677361352029251,0.5283187743099802,0.5960549095129053
2026-09-24T08:52:00-04:00,4.8,5.08,4.74,4.9978,0,2.5613460501884857,4.609201351167339,4.43452139255859,4.810754391489521,354737,544146.3,-0.0653191985604484,0.5144059113123447,0.5797251098727931
2026-09-24T08:53:00-04:00,4.98,5.38,4.76,4.8479,0,2.5613460501884857,4.636717156679378,4.473890783743486,4.818183513191617,847284,573741.9,-0.0752316801465907,0.4856855096895547,0.5609171898361455
2026-09-24T08:54:00-04:00,4.86,5.1,4.8515,5.1,0,2.5613460501884857,4.644432378233058,4.533520232910773,4.874546810553293,246515,559250.25,-0.0665262044820023,0.4777594342336426,0.544285638715645
2026-09-24T08:55:00-04:00,5.1,5.5,5.06,5.2707,0,2.5613460501884857,4.674732518031753,4.603727829776413,4.953777448442635,611673,545291.2,-0.0516508404797575,0.4797220881159481,0.5313729285957056
2026-09-24T08:56:00-04:00,5.27,6.02,5.16,5.59,0,2.5613460501884857,4.720934011974942,4.69765851265485,5.081021958754108,678760,551650.7,-0.0240870736027909,0.5012640865922169,0.5253511601950078
2026-09-24T08:57:00-04:00,5.57,6.66,5.5484,5.98,0,2.5613460501884857,4.81138943182644,4.819786273354388,5.260817567003286,971948,553991.8,0.0145514083191459,0.5435404205939403,0.5289890122747943
2026-09-24T08:58:00-04:00,6.0,6.97,5.9585,6.46,0,2.5613460501884857,4.9244911232247,4.975997104463493,5.500654053602629,1060068,572608.25,0.0638162381495578,0.6087593099617417,0.5449430718121838
2026-09-24T08:59:00-04:00,6.5,6.7,6.22,6.33,0,2.5613460501884857,4.973495315668953,5.104949761181256,5.6665232428821035,525586,536718.65,0.0780846881522356,0.6425489320024784,0.5644642438502427
2026-09-24T09:00:00-04:00,6.32,6.98,6.1693,6.72,0,2.5613460501884857,5.058005821259957,5.2587640696401845,5.877218594305683,864173,553858.75,0.1026773239307747,0.6928108987637112,0.5901335748329364
2026-09-24T09:01:00-04:00,6.7371,6.81,6.54,6.73,0,2.5613460501884857,5.098059311649216,5.3988817772935,6.047774875444547,423521,544342.25,0.1079670380945552,0.7250923724511305,0.6171253343565752
2026-09-24T09:02:00-04:00,6.7222,6.81,6.4,6.56,0,2.5613460501884857,5.1380720901405414,5.50946446517031,6.150219900355637,476533,541794.15,0.0891475011861528,0.7285597108392663,0.6394122096531134
2026-09-24T09:03:00-04:00,6.55,6.7,6.31,6.57,0,2.5613460501884857,5.163908833578106,5.610467849439804,6.2341759202845095,336872,538439.05,0.0674872983013565,0.7237713325298092,0.6562840342284526
2026-09-24T09:04:00-04:00,6.6,6.92,6.35,6.8497,0,2.5613460501884857,5.205290756838633,5.728489959016965,6.357280736227608,499060,520924.15,0.0622398913699283,0.7340838984408631,0.6718440070709347
2026-09-24T09:05:00-04:00,6.8496,6.86,6.39,6.5898,0,2.5613460501884857,5.23020372136222,5.8105194867296355,6.403784588982086,335116,520324.1,0.0329769160173699,0.7130651520926472,0.6800882360752772
2026-09-24T09:06:00-04:00,6.57,6.64,6.25,6.3935,0,2.5613460501884857,5.246372391753948,5.866041440374432,6.401727671185669,259191,519493.25,-0.005820896483266,0.6728121154711948,0.6786330119544608
2026-09-24T09:07:00-04:00,6.3985,6.46,6.12,6.2,0,2.5613460501884857,5.261398433464518,5.897847017481629,6.361382136948535,288882,508739.25,-0.0483691582869758,0.618171564095741,0.6665407223827169
2026-09-24T09:08:00-04:00,6.2005,6.37,6.07,6.28,0,2.5613460501884857,5.274392162396921,5.9342425396262355,6.345105709558828,262233,497384.75,-0.0734733047142137,0.5746990914899497,0.6481723962041634
2026-09-24T09:09:00-04:00,6.2884,6.37,6.14,6.34,0,2.5613460501884857,5.280914042597335,5.97288610728088,6.344084567647062,128494,485305.35,-0.0874367094865903,0.5388765093459256,0.6263132188325159
2026-09-24T09:10:00-04:00,6.2993,6.51,6.2993,6.39,0,2.5613460501884857,5.296751718283114,6.012611239920796,6.35326765411765,285421,481924.0,-0.0941242191607597,0.5086579448815662,0.602782164042326
2026-09-24T09:11:00-04:00,6.4,6.41,6.2,6.24,0,2.5613460501884857,5.302504555339644,6.034267312309291,6.3306141232941195,118265,478716.6,-0.1084497730658733,0.4672199477099843,0.5756697207758577
2026-09-24T09:12:00-04:00,6.269,6.4,6.2,6.28,0,2.5613460501884857,5.306760202634496,6.057670425422692,6.320491298635296,87487,465354.1,-0.1144392008185672,0.4326207197526486,0.5470599205712159
2026-09-24T09:13:00-04:00,6.26,6.48,6.05,6.1844,0,2.5613460501884857,5.321758259551487,6.069739908715769,6.293273038908237,333379,439658.85,-0.1232825756230087,0.392956701042455,0.5162392766654638
2026-09-24T09:14:00-04:00,6.1646,6.2,5.8294,5.98,0,2.5613460501884857,5.331334717666326,6.061193250742838,6.230618431126589,295116,442088.9,-0.1401135407251262,0.341097350759056,0.4812108914841822
2026-09-24T09:15:00-04:00,5.98,6.04,5.9388,5.9877,0,2.5613460501884857,5.334286904692597,6.054193893529234,6.182034744901271,94706,416240.55,-0.1472135920808894,0.2971939013830704,0.4444074934639598
2026-09-24T09:16:00-04:00,5.98,6.0538,5.83,5.89,0,2.5613460501884857,5.338640268147493,6.038556379859783,6.123627795921017,156706,390137.85,-0.1542331510069988,0.2516160547052113,0.4058492057122101
2026-09-24T09:17:00-04:00,5.88,6.02,5.76,5.9563,0,2.5613460501884857,5.344120150235424,6.0307224389207565,6.090162236736814,205013,351791.1,-0.1500166565440192,0.2183283850321862,0.3683450415762054
2026-09-24T09:18:00-04:00,5.9556,6.31,5.9556,6.25,0,2.5613460501884857,5.3561318203994785,6.0516060161663985,6.122129789389451,315913,314583.35,-0.1241246020448124,0.2131892890201898,0.3373138910650023
2026-09-24T09:19:00-04:00,6.25,6.38,6.17,6.37,0,2.5613460501884857,5.3657936158986805,6.08192925272198,6.171703831511561,223557,299481.9,-0.0968062538509607,0.2163060737513014,0.3131123276022621
2026-09-24T09:20:00-04:00,6.3565,6.4207,6.26,6.33,0,2.5613460501884857,5.374240914512326,6.105555038177029,6.203363065209249,192994,265922.95,-0.0800161905313658,0.2130920894380548,0.2931082799694207
2026-09-24T09:21:00-04:00,6.3399,6.43,6.28,6.3999,0,2.5613460501884857,5.381814650837358,6.1335878916839786,6.242670452167399,170051,253249.45,-0.0635092807302665,0.2137216790565874,0.277230959786854
2026-09-24T09:22:00-04:00,6.381,6.97,6.33,6.9,1,2.5613460501884857,5.423295100321209,6.206579521047409,6.374136361733919,707894,264817.5,-0.0204460560853641,0.2516733896801488,0.272119445765513
2026-09-24T09:23:00-04:00,6.9,6.96,6.8,6.83,0,2.5613460501884857,5.4425399525840055,6.265952899995275,6.465309089387135,312414,263594.6,0.0006688573830107,0.2729555174942764,0.2722866601112657
2026-09-24T09:24:00-04:00,6.8572,7.24,6.45,7.12,0,2.5613460501884857,5.48884353840977,6.347290719043344,6.596247271509708,747634,276023.3,0.02989295047372,0.3096528482034157,0.2797598977296957
2026-09-24T09:25:00-04:00,7.12,7.28,6.95,7.03,0,2.5613460501884857,5.515365098342064,6.412310650563025,6.682997817207767,407194,279627.2,0.0383489006688901,0.3276960235658084,0.2893471228969182
2026-09-24T09:26:00-04:00,7.01,7.14,6.73,6.9,0,2.5613460501884857,5.532472558476819,6.458757255271308,6.726398253766213,301740,281754.65,0.0307043949063821,0.3277276165298959,0.2970232216235137
2026-09-24T09:27:00-04:00,6.93,6.93,6.68,6.89,0,2.5613460501884857,5.542291464443335,6.4998279928645175,6.75911860301297,188870,276754.05,0.0209573110225518,0.3232198604017036,0.3022625493791517
2026-09-24T09:28:00-04:00,6.8526,6.98,6.72,6.7803,0,2.5613460501884857,5.5496822983545755,6.526539612591707,6.763354882410376,144812,270883.0,0.0039929431157972,0.3072537282738983,0.303260785158101
2026-09-24T09:29:00-04:00,6.7964,7.06,6.7935,6.99,0,2.5613460501884857,5.561735641676047,6.570678697106782,6.8086839059283015,218852,275400.9,0.0037684827017728,0.307971388535317,0.3042029058335442
2026-09-24T09:30:00-04:00,6.99,8.48,6.85,8.1,0,2.5613460501884857,5.737284361282701,6.716328345001374,7.066947124742641,2150082,368633.95,0.0714944921847774,0.393571021064516,0.3220765288797386
2026-09-24T09:31:00-04:00,8.12,8.37,7.5,7.923883,0,2.5613460501884857,5.84380033800958,6.831333550239338,7.238334299794113,1405058,432973.6,0.0960202977051364,0.4421019010111591,0.3460816033060226
2026-09-24T09:32:00-04:00,7.9482,8.74,7.65,8.2699,0,2.5613460501884857,5.944242607733805,6.9683398787879725,7.444647439835291,1277365,492467.5,0.1252858914547808,0.5026889676244988,0.3774030761697179
2026-09-24T09:33:00-04:00,8.23,8.438,7.9301,8.2599,0,2.5613460501884857,5.988110385473543,7.09134560461769,7.607697951868232,596800,505638.55,0.1329824167493981,0.5436310971064655,0.4106486803570674
2026-09-24T09:34:00-04:00,8.2595,8.28,7.23,7.705,0,2.5613460501884857,6.026812495182187,7.149788880368386,7.627158361494586,696821,525723.8,0.0916790643832565,0.5252475108361381,0.4335684464528815
2026-09-24T09:35:00-04:00,7.73,7.9,7.2701,7.4,0,2.5613460501884857,6.046273413439214,7.173618510809493,7.581726689195669,415179,541747.45,0.0375678070218536,0.4805282052301987,0.442960398208345
2026-09-24T09:36:00-04:00,7.4499,8.03,7.2601,7.7762,0,2.5613460501884857,6.07967566028946,7.231007224065731,7.620621351356536,662765,567050.4,0.0216523724264766,0.4700258637414407,0.4483734913149641
2026-09-24T09:37:00-04:00,7.755,8.05,7.51,7.6459,0,2.5613460501884857,6.104009741186591,7.270520821773757,7.625677081085229,486151,581107.3,-0.0018613439149427,0.4460468114212856,0.4479081553362284
2026-09-24T09:38:00-04:00,7.6501,7.7042,7.14,7.52,0,2.5613460501884857,6.119354868232465,7.294280743509589,7.604541664868183,380088,584316.05,-0.0286198480863192,0.4121333452283293,0.4407531933146486
2026-09-24T09:39:00-04:00,7.5376,7.62,7.25,7.3969,0,2.5613460501884857,6.127927950040542,7.304054006032485,7.563013331894546,221594,584217.9,-0.0557654775208532,0.371046346413582,0.4268118239344353
2026-09-24T09:40:00-04:00,7.37,8.26,7.26,7.95,0,2.5613460501884857,6.170839467003256,7.36557267212463,7.640410665515637,874543,618295.35,-0.0384501257425164,0.3787491667562896,0.4171992924988061
2026-09-24T09:41:00-04:00,7.9,8.21,7.6,8.09,0,2.5613460501884857,6.206655060689111,7.434565750969903,7.73032853241251,703133,644949.45,-0.0204506329536275,0.3916360013067717,0.4120866342603992
2026-09-24T09:42:00-04:00,8.09,8.1199,7.78,7.8059,0,2.5613460501884857,6.223106313996705,7.469930917544199,7.745442825930008,345480,626828.75,-0.0299843570839151,0.3746061879055054,0.4045905449894205
2026-09-24T09:43:00-04:00,7.8392,8.0,7.5,7.6606,0,2.5613460501884857,6.239550359715959,7.488089877778084,7.728474260744006,395386,630977.35,-0.0473493624465511,0.3454038419312315,0.3927532043777827
2026-09-24T09:44:00-04:00,7.66,7.73,7.51,7.71,0,2.5613460501884857,6.248390094834348,7.509224175132553,7.724779408595205,227025,604946.9,-0.056179342972968,0.3225290256615727,0.3787083686345407
2026-09-24T09:45:00-04:00,7.71,7.79,7.28,7.28,0,2.5613460501884857,6.261328026125598,7.487393301310405,7.635823526876163,394271,604300.75,-0.0896629970605456,0.2666296223088586,0.3562926193694043
2026-09-24T09:46:00-04:00,7.28,7.3582,6.45,6.82,0,2.5613460501884857,6.274686861295059,7.423832034518938,7.47265882150093,813417,629884.6,-0.1385539974461159,0.1831001225617594,0.3216541200078753
2026-09-24T09:47:00-04:00,6.83,7.37,6.8,7.2753,0,2.5613460501884857,6.2831930311566815,7.4096861264695155,7.433187057200744,367987,638840.45,-0.1358109766935293,0.1518903991409637,0.287701375834493
2026-09-24T09:48:00-04:00,7.304,7.55,7.1601,7.1979,0,2.5613460501884857,6.291451492880889,7.389516019186704,7.386129645760595,308702,647034.95,-0.1345346743172913,0.1195330329378787,0.2540677072551701
2026-09-24T09:49:00-04:00,7.23,7.39,6.9,6.9833,0,2.5613460501884857,6.2965405666030705,7.350828779264161,7.305563716608476,244078,648296.25,-0.1426937402232909,0.0757005319760564,0.2183942721993474
2026-09-24T09:50:00-04:00,6.9,7.07,6.4901,7.02,0,2.5613460501884857,6.300953470862013,7.319321276477098,7.248450973286781,302719,555928.1,-0.1399763936428051,0.043423780145841,0.1834001737886461
2026-09-24T09:51:00-04:00,7.015,7.2782,6.98,7.22,0,2.5613460501884857,6.306377116817476,7.309862107288803,7.242760778629425,245773,497963.85,-0.1198439112080156,0.0335952847786265,0.1534391959866421
2026-09-24T09:52:00-04:00,7.22,7.24,6.9301,7.06,0,2.5613460501884857,6.310778578993625,7.286065716118441,7.20620862290354,223547,445272.95,-0.1125525474623632,0.012748511658688,0.1253010591210513
2026-09-24T09:53:00-04:00,7.08,7.0999,6.8,6.88,0,2.5613460501884857,6.313826485831631,7.247392790773827,7.140966898322832,194591,425162.5,-0.1147117967268541,-0.0180886867875162,0.0966231099393378
2026-09-24T09:54:00-04:00,6.87,6.8899,6.67,6.85,0,2.5613460501884857,6.316057761183009,7.209545858319177,7.082773518658265,180056,399324.25,-0.1128472147616684,-0.0444359085127477,0.0684113062489207
2026-09-24T09:55:00-04:00,6.835,7.1199,6.7,7.1,0,2.5613460501884857,6.320701367503833,7.199112919431636,7.086218814926612,281056,392618.1,-0.0904321703059452,-0.0446289066335108,0.0458032636724344
2026-09-24T09:56:00-04:00,7.1,7.15,6.97,7.0623,0,2.5613460501884857,6.32394189143734,7.1860831175810045,7.081435051941289,174950,368227.35,-0.0744657564309115,-0.047278931866205,0.0271868245647065
2026-09-24T09:57:00-04:00,7.0768,7.28,6.85,6.88,0,2.5613460501884857,6.3287301231184125,7.156932344478052,7.041148041553032,283593,358099.45,-0.0724365167379508,-0.063358821357732,0.0090776953802188
2026-09-24T09:58:00-04:00,6.86,7.06,6.85,6.954,0,2.5613460501884857,6.330358587322753,7.137605454527761,7.023718433242426,104959,344343.0,-0.0627276392017322,-0.0693318536219465,-0.0066042144202142
2026-09-24T09:59:00-04:00,6.954,7.0,6.55,6.8,0,2.5613460501884857,6.333475629559689,7.105452554096545,6.9789747465939405,279537,347240.15,-0.0631217272204651,-0.0855063734457957,-0.0223846462253305
2026-09-24T10:00:00-04:00,6.78,6.86,6.62,6.625,0,2.5613460501884857,6.3352681765247185,7.059695167992112,6.908179797275152,198741,313450.05,-0.0710238033325554,-0.1111644003910248,-0.0401405970584694
2026-09-24T10:01:00-04:00,6.66,6.72,5.99,6.14,0,2.5613460501884857,6.334450397138783,6.972105151992864,6.754543837820122,653071,310946.95,-0.102839099209347,-0.1686894710701532,-0.0658503718608061
2026-09-24T10:02:00-04:00,6.15,6.26,5.81,5.99,0,2.5613460501884857,6.331207979070526,6.878571327993543,6.601635070256098,432117,315278.8,-0.126361619088229,-0.2238023957210924,-0.0974407766328634
2026-09-24T10:03:00-04:00,5.9844,6.09,5.94,5.9579,0,2.5613460501884857,6.329736634794575,6.7908883443751105,6.472888056204878,184736,304746.3,-0.1356411920138854,-0.2669922666502202,-0.1313510746363347
2026-09-24T10:04:00-04:00,5.9424,6.0699,5.94,6.05,0,2.5613460501884857,6.32879989683774,6.720327549672719,6.388310444963903,127670,299778.55,-0.1272718036143204,-0.2904408291542353,-0.1631690255399148
2026-09-24T10:05:00-04:00,6.04,6.15,5.84,6.055,0,2.5613460501884857,6.3272036130392015,6.65696302113246,6.3216483559711225,215865,290858.25,-0.1135475656766126,-0.3051034826356806,-0.191555916959068
2026-09-24T10:06:00-04:00,6.05,6.05,5.84,5.91,0,2.5613460501884857,6.325978840513813,6.585823685786512,6.239318684776898,132367,256805.75,-0.1065003107221556,-0.3246813053617625,-0.2181809946396069
2026-09-24T10:07:00-04:00,5.9158,5.96,5.53,5.72,0,2.5613460501884857,6.322571044657444,6.503364287140177,6.135454947821518,247585,250785.65,-0.1066365472175544,-0.3514766786615499,-0.2448401314439955
2026-09-24T10:08:00-04:00,5.7623,5.82,5.69,5.7479,0,2.5613460501884857,6.320015368576215,6.431415307412541,6.057943958257215,192853,244993.2,-0.0971192000368245,-0.3662391314900262,-0.2691199314532017
2026-09-24T10:09:00-04:00,5.7302,6.0,5.69,5.94,0,2.5613460501884857,6.3177246049450195,6.384613849563728,6.0343551666057715,223374,243958.0,-0.0713498739938379,-0.3583072739454991,-0.2869573999516611
2026-09-24T10:10:00-04:00,5.91,6.03,5.81,5.865,0,2.5613460501884857,6.316480257696595,6.335126816271944,6.000484133284617,129684,235306.25,-0.0536280703163762,-0.3539924878471314,-0.3003644175307552
2026-09-24T10:11:00-04:00,5.8529,5.8979,5.76,5.81,0,2.5613460501884857,6.31587351480111,6.2851147385317585,5.962387306627694,53339,225684.55,-0.0404807214874272,-0.3509653193900393,-0.310484597902612
2026-09-24T10:12:00-04:00,5.8,5.92,5.77,5.81,0,2.5613460501884857,6.3151059171917785,6.239865715814448,5.931909845302155,69171,217965.75,-0.0272875228235353,-0.3445940014320312,-0.3173064786084958
2026-09-24T10:13:00-04:00,5.8,5.8567,5.6,5.78,0,2.5613460501884857,6.312935875705806,6.196068980974976,5.901527876241723,166313,216551.85,-0.0166095317763665,-0.3380683933289541,-0.3214588615525875
2026-09-24T10:14:00-04:00,5.73,5.93,5.68,5.9039,0,2.5613460501884857,6.311468554037496,6.168243363739264,5.902002300993379,135265,214312.3,0.0017916128732936,-0.3192193454609704,-0.3210109583342641
2026-09-24T10:15:00-04:00,5.91,6.29,5.89,6.129,0,2.5613460501884857,6.309613871599872,6.164505900526001,5.947401840794703,393039,219911.45,0.0305231262998641,-0.2828570504594339,-0.313380176759298
2026-09-24T10:16:00-04:00,6.088412,6.15,5.93,6.05,0,2.5613460501884857,6.308423422022069,6.153600576666381,5.967921472635763,198392,221083.55,0.0447468413869235,-0.2574466250256435,-0.3021934664125671
2026-09-24T10:17:00-04:00,6.05,6.0697,5.83,5.905,0,2.5613460501884857,6.307064059173786,6.129924331269583,5.955337178108611,162089,215008.35,0.0448177659742561,-0.2461712589447469,-0.2909890249190031
2026-09-24T10:18:00-04:00,5.89,6.06,5.87,5.9615,0,2.5613460501884857,6.30617973270021,6.113883918767718,5.956569742486889,115049,215512.85,0.0487713881823123,-0.2300247896911127,-0.278796177873425
2026-09-24T10:19:00-04:00,5.97,6.14,5.9301,6.123,0,2.5613460501884857,6.305382318396658,6.114752116980316,5.989855793989511,147739,208922.95,0.0615410494712377,-0.2018698660343778,-0.2634109155056156
2026-09-24T10:20:00-04:00,6.1394,6.33,6.015,6.205,0,2.5613460501884857,6.30437596254566,6.123347153458381,6.032884635191609,372481,217609.95,0.073953257741639,-0.1709693433285668,-0.2449226010702058
2026-09-24T10:21:00-04:00,6.2084,6.2299,5.9348,6.004,0,2.5613460501884857,6.303398045400368,6.111980757890916,6.027107708153287,178732,193893.0,0.0672617996233106,-0.1608453515410675,-0.2281071511643781
2026-09-24T10:22:00-04:00,6.015,6.06,5.75,5.8105,0,2.5613460501884857,6.301834480783358,6.083268304758448,5.98378616652263,165552,180564.75,0.0492726400353466,-0.1665163511201948,-0.2157889911555414
2026-09-24T10:23:00-04:00,5.86,5.89,5.7025,5.805,0,2.5613460501884857,6.300917633591252,6.05676656144812,5.948028933218104,83175,175486.7,0.0370307399945928,-0.1695005661623003,-0.2065313061568932
2026-09-24T10:24:00-04:00,5.82,5.92,5.81,5.89,0,2.5613460501884857,6.300525854616141,6.040884031786394,5.936423146574483,41821,171194.25,0.0347239495525297,-0.163126369216231,-0.1978503187687608
2026-09-24T10:25:00-04:00,5.8642,5.9319,5.75,5.792,0,2.5613460501884857,6.2996774420610056,6.017180790663881,5.907538517259586,81517,164476.85,0.027007443715035,-0.1640910141249669,-0.191098457840002
2026-09-24T10:26:00-04:00,5.81,6.04,5.76,5.9297,0,2.5613460501884857,6.298514503694591,6.00884928679113,5.9119708138076685,136832,164700.1,0.0312850129927635,-0.1519921915990476,-0.1832772045918111
2026-09-24T10:27:00-04:00,5.92,6.0979,5.9014,6.075,0,2.5613460501884857,6.297666126003769,6.015149354715784,5.944576651046135,142572,159449.45,0.0432697083110744,-0.1291900692029681,-0.1724597775140425
2026-09-24T10:28:00-04:00,6.08,6.08,5.9,5.93,0,2.5613460501884857,6.297000801364826,6.0070398923619,5.941661320836908,93601,154486.85,0.0408319351633531,-0.1214198585598511,-0.1622517937232042
2026-09-24T10:29:00-04:00,5.92,5.99,5.84,5.94,0,2.5613460501884857,6.29647330305522,6.0006551407083855,5.9413290566695265,65167,146576.5,0.0392809039394488,-0.1131506637988932,-0.152431567738342
2026-09-24T10:30:00-04:00,5.94,6.1,5.89,6.0607,0,2.5613460501884857,6.295821243056203,6.006373698736159,5.965203245335621,107919,145488.25,0.0453420592528903,-0.0957539936722291,-0.1410960529251194
2026-09-24T10:31:00-04:00,6.07,6.09,5.97,6.01,0,2.5613460501884857,6.295314596689372,6.006719060761286,5.9741625962684966,86193,147130.95,0.0448149585351252,-0.0850773547562129,-0.1298923132913381
2026-09-24T10:32:00-04:00,6.0,6.03,5.3,5.48,0,2.5613460501884857,6.290788713313652,5.956555340688783,5.875330077014797,305192,158932.0,0.0094961494399047,-0.1180221264914571,-0.1275182759313619
2026-09-24T10:33:00-04:00,5.495,5.55,5.27,5.4,0,2.5613460501884857,6.284567802765052,5.903550070146994,5.780264061611838,330653,167149.0,-0.0170816530320682,-0.1488703422214472,-0.131788689189379
2026-09-24T10:34:00-04:00,5.38,5.42,5.21,5.3501,0,2.5613460501884857,6.28023928271911,5.850840539656804,5.69423124928947,213320,171051.75,-0.0348276653472756,-0.1753232708734735,-0.1404956055261979
2026-09-24T10:35:00-04:00,5.35,5.3561,5.26,5.2601,0,2.5613460501884857,6.278244221527984,5.794579535879966,5.607404999431576,95499,156174.75,-0.0485875164278224,-0.201230001060976,-0.1526424846331535
2026-09-24T10:36:00-04:00,5.26,5.36,5.1101,5.27,0,2.5613460501884857,6.274876478237531,5.744619580081874,5.539923999545261,154934,154001.85,-0.0526414793469746,-0.2184443338168717,-0.1658028544698971
2026-09-24T10:37:00-04:00,5.2599,5.29,5.11,5.1812,0,2.5613460501884857,6.271931593249226,5.690960572455029,5.468179199636208,129618,152378.3,-0.0565782870048818,-0.2365257132259994,-0.1799474262211176
2026-09-24T10:38:00-04:00,5.198,5.26,5.1,5.24,0,2.5613460501884857,6.26874331537,5.648011946506931,5.422543359708967,141959,153723.8,-0.0506868495118394,-0.2433059881109169,-0.1926191385990775
2026-09-24T10:39:00-04:00,5.24,5.36,5.21,5.32,0,2.5613460501884857,6.26565234304238,5.616772713506271,5.402034687767173,152248,153949.25,-0.0374756371955876,-0.239463685093562,-0.2019880478979744
2026-09-24T10:40:00-04:00,5.31,5.33,5.23,5.2319,0,2.5613460501884857,6.2643404788116905,5.580118169362817,5.368007750213739,62789,138464.65,-0.0310114201379023,-0.2407523230703523,-0.20974090293245
2026-09-24T10:41:00-04:00,5.24,5.3999,5.22,5.385,0,2.5613460501884857,6.262664925028947,5.561535486566358,5.371406200170991,86592,133857.65,-0.0136514521247631,-0.2268052180884039,-0.2131537659636408
2026-09-24T10:42:00-04:00,5.392,5.3944,5.28,5.31,0,2.5613460501884857,6.261397034617141,5.537579725940991,5.359124960136793,65251,128842.6,-0.0048979714037659,-0.2192762302183482,-0.2143782588145822
2026-09-24T10:43:00-04:00,5.3,5.39,5.3,5.35,0,2.5613460501884857,6.260303385825879,5.5197149901370866,5.357299968109434,57571,127562.4,0.0053524527006652,-0.2076876929387507,-0.2130401456394159
2026-09-24T10:44:00-04:00,5.345,5.35,5.26,5.335,0,2.5613460501884857,6.259115509434306,5.502123086314507,5.352839974487547,60585,128500.6,0.0124816169152769,-0.1974381244953198,-0.2099197414105967
2026-09-24T10:45:00-04:00,5.3465,5.44,5.32,5.4231,0,2.5613460501884857,6.257623465791732,5.494597078094078,5.366891979590037,83331,128591.3,0.0238318663411672,-0.1801299084841376,-0.2039617748253049
2026-09-24T10:46:00-04:00,5.4272,5.51,5.4,5.48,0,2.5613460501884857,6.255641450065245,5.493206880180356,5.38951358367203,120817,127790.55,0.0351873826159803,-0.1599775465553294,-0.1951649291713098
2026-09-24T10:47:00-04:00,5.485,5.505,5.29,5.33,0,2.5613460501884857,6.253650726743051,5.477663367782227,5.377610866937624,109697,126146.8,0.0326668513159035,-0.1543313650264304,-0.1869982163423339
2026-09-24T10:48:00-04:00,5.35,5.42,4.96,5.0394,0,2.5613460501884857,6.249440436214821,5.435923999422014,5.309968693550099,184125,130673.0,0.0125339947405924,-0.1713307229165934,-0.1838647176571858
2026-09-24T10:49:00-04:00,5.0221,5.2,4.98,5.15,0,2.5613460501884857,6.24696887293274,5.4086931423342035,5.277974954840079,105889,132709.1,0.007992550714119,-0.1738740292645371,-0.1818665799786561
2026-09-24T10:50:00-04:00,5.1456,5.1799,4.95,5.03,0,2.5613460501884857,6.244429233172995,5.372627128778565,5.228379963872063,104084,132517.35,-0.0012729978985088,-0.1834578273517921,-0.1821848294532833
2026-09-24T10:51:00-04:00,5.065,5.18,5.03,5.145,0,2.5613460501884857,6.242788625426701,5.350948354609178,5.21170397109765,71377,131776.55,0.001986244041106,-0.1797020244019007,-0.1816882684430068
2026-09-24T10:52:00-04:00,5.145,5.22,5.12,5.1821,0,2.5613460501884857,6.24162431365478,5.334867558932114,5.20578317687812,53431,119188.5,0.0079490041418943,-0.1717520132656389,-0.1797010174075332
2026-09-24T10:53:00-04:00,5.1815,5.26,5.17,5.23,0,2.5613460501884857,6.240155726798098,5.324880172367151,5.210626541502497,70605,106186.1,0.0159648126936512,-0.1597450015404691,-0.1757098142341204
2026-09-24T10:54:00-04:00,5.22,5.24,4.98,5.13,0,2.5613460501884857,6.238423934811558,5.306320155951232,5.194501233201997,75827,99311.45,0.0153722107944275,-0.1564945507410859,-0.1718667615355135
2026-09-24T10:55:00-04:00,5.08,5.1399,5.01,5.0575,0,2.5613460501884857,6.237161696479169,5.282622998241591,5.167100986561597,53160,97194.5,0.0111350385450458,-0.1579479633542062,-0.169083001899252
2026-09-24T10:56:00-04:00,5.0507,5.2,5.0507,5.067,0,2.5613460501884857,6.235486405034891,5.262087474599534,5.147080789249278,73036,93099.6,0.010043309205971,-0.1565288653917882,-0.1665721745977593
2026-09-24T10:57:00-04:00,5.1,5.26,5.0601,5.245,0,2.5613460501884857,6.234225038088279,5.260460096066245,5.1666646313994224,59481,89592.75,0.0217106984217164,-0.1394338015706138,-0.1611444999923302
2026-09-24T10:58:00-04:00,5.2324,5.74,5.2324,5.6912,0,2.5613460501884857,6.229455677045918,5.301482944059936,5.271571705119538,348931,99941.35,0.0578300465028553,-0.088856941863761,-0.1466869883666163
2026-09-24T10:59:00-04:00,5.67,5.7129,5.44,5.58,0,2.5613460501884857,6.22697257296119,5.32800837795899,5.33325736409563,190158,101836.85,0.0716782005910924,-0.0570892376277507,-0.1287674382188432
2026-09-24T11:00:00-04:00,5.59,5.7,5.52,5.5765,0,2.5613460501884857,6.224430445769232,5.351674246724801,5.381905891276504,202839,108839.35,0.077551051904016,-0.0318286233388231,-0.1093796752428392
2026-09-24T11:01:00-04:00,5.52,5.63,5.3917,5.4055,0,2.5613460501884857,6.222433272319313,5.356800508941486,5.386624713021203,134054,111212.45,0.0672510601507007,-0.0253158500544632,-0.092566910205164
2026-09-24T11:02:00-04:00,5.41,5.62,5.4,5.5781,0,2.5613460501884857,6.220848354824431,5.377876650947059,5.424919770416962,115743,113737.05,0.0691286567893177,-0.0061560892185168,-0.0752847460078346
2026-09-24T11:03:00-04:00,5.565,5.58,5.45,5.51,0,2.5613460501884857,6.220200073863726,5.390459827047339,5.44193581633357,46195,113168.25,0.0630220333215032,0.0034927956440444,-0.0595292376774587
2026-09-24T11:04:00-04:00,5.51,5.59,5.4504,5.4504,0,2.5613460501884857,6.219600477755278,5.396168414947592,5.443628653066856,41830,112230.5,0.05262998484439,0.0062582433780287,-0.0463717414663612
2026-09-24T11:05:00-04:00,5.4523,5.47,5.31,5.3902,0,2.5613460501884857,6.218310207528014,5.395599994476393,5.432942922453485,78605,111994.2,0.0399384383674404,0.0035513064929393,-0.0363871318745011
2026-09-24T11:06:00-04:00,5.3899,5.45,5.3701,5.39,0,2.5613460501884857,6.217803041311092,5.395066661669117,5.424354337962788,31470,107526.85,0.0302089549802851,0.0013740618508553,-0.0288348931294298
2026-09-24T11:07:00-04:00,5.37,5.53,5.37,5.52,0,2.5613460501884857,6.216673913855484,5.4069650748434865,5.44348347037023,76812,105882.6,0.0310862784594953,0.0100229549449393,-0.021063323514556
2026-09-24T11:08:00-04:00,5.5115,5.575,5.435,5.44,0,2.5613460501884857,6.215427443113399,5.410111258191726,5.442786776296185,86228,100987.75,0.0250931909296324,0.0103031651474845,-0.0147900257821479
2026-09-24T11:09:00-04:00,5.431858,5.5016,5.36,5.365,0,2.5613460501884857,6.21465065967602,5.405814947887753,5.427229421036948,48905,98138.55,0.0153699262938142,0.0044223820851199,-0.0109475442086943
2026-09-24T11:10:00-04:00,5.365,5.37,5.1,5.19,0,2.5613460501884857,6.21172698310316,5.385261143327014,5.379783536829558,149702,100419.45,-0.0025984290401414,-0.0141955805088711,-0.0115971514687297
2026-09-24T11:11:00-04:00,5.182,5.28,5.182,5.22,0,2.5613460501884857,6.210817737515022,5.369521986819679,5.347826829463647,47085,99204.85,-0.0117041731838216,-0.0262273679485067,-0.0145231947646851
2026-09-24T11:12:00-04:00,5.2368,5.2368,5.0943,5.14,0,2.5613460501884857,6.209615403527381,5.34766274997971,5.306261463570917,58229,99444.75,-0.0217709330179536,-0.0417368610371271,-0.0199659280191735
2026-09-24T11:13:00-04:00,5.1498,5.32,5.14,5.27,0,2.5613460501884857,6.208336869163331,5.34026629760069,5.299009170856733,67616,99295.3,-0.0184609929219909,-0.0430421691716622,-0.0245811762496712
2026-09-24T11:14:00-04:00,5.27,5.360372,5.27,5.325,0,2.5613460501884857,6.20749284641094,5.338812364495862,5.304207336685386,48515,97929.7,-0.0116845574380164,-0.0391868730471918,-0.0275023156091753
2026-09-24T11:15:00-04:00,5.34,5.5,5.3306,5.45,0,2.5613460501884857,6.205949253684385,5.349401663115303,5.333365869348309,101345,100338.95,0.0014032461895716,-0.0257482578722108,-0.0271515040617824
2026-09-24T11:16:00-04:00,5.45,5.56,5.41,5.4573,0,2.5613460501884857,6.204326122085295,5.359677695199561,5.358152695478647,114183,102396.3,0.0102462714920754,-0.0143436646966881,-0.0245899361887636
2026-09-24T11:17:00-04:00,5.4699,5.47,5.35,5.41,0,2.5613460501884857,6.203475127294815,5.364470295656745,5.368522156382918,55090,102176.75,0.0124573882068922,-0.0090182009301482,-0.0214755891370405
2026-09-24T11:18:00-04:00,5.3915,5.46,5.3801,5.385,0,2.5613460501884857,6.202922832579664,5.366425505594198,5.371817725106334,35743,86517.35,0.0117905837040186,-0.0067373595070172,-0.0185279432110358
2026-09-24T11:19:00-04:00,5.405,5.4388,5.3,5.4,0,2.5613460501884857,6.202384028838543,5.369623076489988,5.377454180085067,33697,78694.3,0.0118807423578344,-0.0036770152637428,-0.0155577576215772
2026-09-24T11:20:00-04:00,5.38,5.43,5.38,5.42,0,2.5613460501884857,6.201906663454282,5.374420878729037,5.385963344068053,31039,70104.3,0.0127326342918635,0.0003580352432521,-0.0123745990486113
2026-09-24T11:21:00-04:00,5.415,5.43,5.38,5.41,0,2.5613460501884857,6.201553513956785,5.377809366469129,5.390770675254442,22890,64546.1,0.0120737581422107,0.0027175986291521,-0.0093561595130586
2026-09-24T11:22:00-04:00,5.4,5.46,5.4,5.4491,0,2.5613460501884857,6.2009825834318235,5.384598950614926,5.402436540203554,38488,60683.35,0.013608429959024,0.0076543779357214,-0.0059540520233026
2026-09-24T11:23:00-04:00,5.45,5.45,5.35,5.4,0,2.5613460501884857,6.20037374621996,5.386065717223028,5.401949232162843,39239,60335.55,0.0107777907992731,0.0075181864757887,-0.0032596043234843
2026-09-24T11:24:00-04:00,5.3616,5.4599,5.33,5.4453,0,2.5613460501884857,6.200047090416797,5.391707077487501,5.410619385730274,21391,59313.6,0.0113592687707352,0.0109394816399346,-0.0004197871308005
2026-09-24T11:25:00-04:00,5.44,5.48,5.3825,5.4499,0,2.5613460501884857,6.199501371644812,5.39724926058393,5.418475508584219,36984,57232.55,0.0114256446315864,0.0138622686586824,0.002436624027096
2026-09-24T11:26:00-04:00,5.42,5.4796,5.4112,5.4224,0,2.5613460501884857,6.198926996387791,5.399644569099746,5.419260406867375,38997,57608.9,0.0090910965725534,0.0138004947427878,0.0047093981702343
2026-09-24T11:27:00-04:00,5.4214,5.4446,5.3676,5.3676,0,2.5613460501884857,6.198563351438053,5.396592705375961,5.4089283254939,23355,54936.05,0.003611134110824,0.0092233158087644,0.0056121816979404
2026-09-24T11:28:00-04:00,5.37,5.3801,5.32,5.35,0,2.5613460501884857,6.198152775852342,5.392155304863965,5.39714266039512,25049,51877.1,-0.0011872578853385,0.0041281093412672,0.0053153672266057
2026-09-24T11:29:00-04:00,5.35,5.38,5.28,5.32,0,2.5613460501884857,6.197468190243579,5.385283371067397,5.381714128316096,40698,51466.75,-0.0060955481109529,-0.0023040679120853,0.0037914801988675
2026-09-24T11:30:00-04:00,5.3221,5.5,5.3,5.46,0,2.5613460501884857,6.196635282247233,5.392399240489549,5.397371302652877,55563,46759.8,4.74761026363e-05,0.0038508253271629,0.0038033492245266
2026-09-24T11:31:00-04:00,5.47,5.7765,5.27,5.75,0,2.5613460501884857,6.19361174735623,5.426456455681021,5.467897042122301,263652,57588.15,0.0223677639920463,0.0317630542145845,0.0093952902225382
2026-09-24T11:32:00-04:00,5.74,5.77,5.651,5.6999,0,2.5613460501884857,6.192044669507962,5.452498697997114,5.514297633697841,168404,63096.9,0.0319022128510331,0.0492730562863297,0.0173708434352965
2026-09-24T11:33:00-04:00,5.6714,5.87,5.62,5.7951,0,2.5613460501884857,6.190314212320386,5.48512739342596,5.570458106958273,211139,70273.05,0.0421229289009622,0.0700245045614993,0.027901575660537
2026-09-24T11:34:00-04:00,5.7601,5.9,5.72,5.79,0,2.5613460501884857,6.188894406179828,5.514162879766345,5.614366485566618,193357,77515.15,0.0457410787502303,0.085077924098325,0.0393368453480946
2026-09-24T11:35:00-04:00,5.805,5.9,5.65,5.6789,0,2.5613460501884857,6.187255035728211,5.529852129312407,5.6272731884532945,194461,82170.95,0.0381622730884661,0.0870396867086773,0.0488774136202112
2026-09-24T11:36:00-04:00,5.6622,5.75,5.65,5.68,0,2.5613460501884857,6.186491547149622,5.544151926520749,5.637818550762636,81891,80556.35,0.0310360884901739,0.0876725242329286,0.0566364357427546
2026-09-24T11:37:00-04:00,5.69,5.81,5.56,5.6072,0,2.5613460501884857,6.185258722489403,5.550156504947345,5.631694840610108,124122,84007.95,0.0197803014980928,0.0813618126153707,0.0615815111172779
2026-09-24T11:38:00-04:00,5.598,5.64,5.42,5.475,0,2.5613460501884857,6.183527374990051,5.542998742571407,5.600355872488087,136840,89062.8,0.0026903541436828,0.0649444537968815,0.0622540996531986
2026-09-24T11:39:00-04:00,5.48,5.53,5.37,5.445,0,2.5613460501884857,6.182215736799292,5.533665528993177,5.5692846979904695,95151,92135.5,-0.0106444152383806,0.0489485806052227,0.0595929958436034
2026-09-24T11:40:00-04:00,5.43,5.67,5.42,5.59,0,2.5613460501884857,6.181011094918212,5.539030716708113,5.573427758392375,103457,95756.4,-0.0097341292280312,0.0474253343085644,0.0571594635365956
2026-09-24T11:41:00-04:00,5.6031,5.6031,5.5051,5.525,0,2.5613460501884857,6.180505171059105,5.537694457974006,5.563742206713901,42501,96736.95,-0.0133225605193256,0.0405062628874386,0.0538288234067642
2026-09-24T11:42:00-04:00,5.525,5.6,5.44,5.5397,0,2.5613460501884857,6.179581955938289,5.537885461976482,5.558933765371121,75608,98592.95,-0.0144259565461943,0.0357963777240213,0.0502223342702156
2026-09-24T11:43:00-04:00,5.5799,5.6,5.46,5.5733,0,2.5613460501884857,6.179056271486575,5.541258275121579,5.561807012296897,44362,98849.1,-0.0126749052502567,0.0343787027073947,0.0470536079576514
2026-09-24T11:44:00-04:00,5.58,5.61,5.51,5.57,0,2.5613460501884857,6.178706768750388,5.543995582252857,5.563445609837517,30442,99301.65,-0.0115525177965623,0.0326129607119485,0.0441654785085108
2026-09-24T11:45:00-04:00,5.5636,5.5636,5.44,5.47,0,2.5613460501884857,6.178229678480474,5.536948383943061,5.544756487870013,37242,99314.55,-0.0170278396312002,0.0228806789695106,0.0399085186007108
2026-09-24T11:46:00-04:00,5.48,5.5404,5.47,5.5022,0,2.5613460501884857,6.1780223736652315,5.533639014043722,5.536245190296011,16511,98190.25,-0.0178759473631902,0.017563584396723,0.0354395317599132
2026-09-24T11:47:00-04:00,5.5068,5.64,5.5068,5.59,0,2.5613460501884857,6.177466684287512,5.539006726991938,5.546996152236809,49841,99514.55,-0.0121903427226965,0.0202016033565426,0.0323919460792391
2026-09-24T11:48:00-04:00,5.5892,5.69,5.56,5.68,0,2.5613460501884857,6.176723898748144,5.552434657754611,5.573596921789447,74828,102003.5,-0.002539399419128,0.029217696805329,0.0317570962244571
2026-09-24T11:49:00-04:00,5.6629,5.75,5.59,5.73,0,2.5613460501884857,6.175765889347209,5.5693456427303625,5.604877537431557,106119,105274.55,0.006544104193917,0.0399372264668533,0.0333931222729363
2026-09-24T11:50:00-04:00,5.7476,5.7476,5.61,5.6399,0,2.5613460501884857,6.175014818070012,5.576065105327471,5.611882029945246,79527,106472.75,0.0058400052948524,0.040693128891502,0.0348531235966495
2026-09-24T11:51:00-04:00,5.62,6.14,5.62,6.03,0,2.5613460501884857,6.173030696156764,5.619297000058188,5.695505623956197,440812,115330.75,0.0296700683981895,0.0719407090943864,0.0422706406961968
2026-09-24T11:52:00-04:00,6.07,6.2296,6.01,6.1901,0,2.5613460501884857,6.172830543387705,5.673659190528836,5.794424499164958,368119,125316.5,0.0528827708881606,0.1083741043063977,0.055491333418237
2026-09-24T11:53:00-04:00,6.2,6.23,6.06,6.1277,0,2.5613460501884857,6.172698916082871,5.716901172383233,5.861079599331966,215552,125537.15,0.0601717147528695,0.1307059768593239,0.0705342621064544
2026-09-24T11:54:00-04:00,6.16,6.56,6.1218,6.3506,0,2.5613460501884857,6.174054306855605,5.777253441680068,5.9589836794655735,438453,137791.95,0.0751678927017087,0.1644941279835903,0.0893262352818816
2026-09-24T11:55:00-04:00,6.3522,6.46,6.26,6.31,0,2.5613460501884857,6.174852244074979,5.827991209139109,6.0291869435724585,262648,141201.3,0.0772214139841339,0.185853002762049,0.1086315887779151
2026-09-24T11:56:00-04:00,6.2942,6.36,6.09,6.14,0,2.5613460501884857,6.174938563494107,5.857706332078241,6.051349554857967,221358,148174.65,0.062621070909308,0.1869079274145502,0.1242868565052421
2026-09-24T11:57:00-04:00,6.17,6.33,6.13,6.27,0,2.5613460501884857,6.1751486681108325,5.896972395689837,6.095079643886374,172377,150587.4,0.0573503554619871,0.195974800832726,0.1386244453707389
2026-09-24T11:58:00-04:00,6.2934,6.2999,6.0001,6.17,0,2.5613460501884857,6.175077165820549,5.922975024671757,6.110063715109099,217932,154642.0,0.0433947937409113,0.192867937546878,0.1494731438059667
2026-09-24T11:59:00-04:00,6.18,6.23,6.1,6.22,0,2.5613460501884857,6.175096271607161,5.951263117560162,6.13205097208728,130660,156417.45,0.0342010562946192,0.1922244641742407,0.1580234078796215
2026-09-24T12:00:00-04:00,6.22,6.31,6.08,6.1258,0,2.5613460501884857,6.175086275414165,5.967885677792527,6.1308007776698235,179009,160195.05,0.0191934307127952,0.1820151962706155,0.1628217655578203
2026-09-24T12:01:00-04:00,6.1224,6.18,6.05,6.18,0,2.5613460501884857,6.1750029806911675,5.988087041812286,6.140640622135859,123066,164223.3,0.0107552928127912,0.1762658815738094,0.1655105887610181
2026-09-24T12:02:00-04:00,6.18,6.18,6.1,6.1673,0,2.5613460501884857,6.174963946975465,6.0051549425920685,6.145972497708687,85668,164726.3,0.0025832084544104,0.1687395993290312,0.1661563908746207
2026-09-24T12:03:00-04:00,6.15,6.17,6.05,6.06,0,2.5613460501884857,6.174863576117092,6.010378281392824,6.1287779981669495,69987,166007.55,-0.0110367631843467,0.1523604368941873,0.1633972000785341
2026-09-24T12:04:00-04:00,6.065,6.1,5.85,5.976,0,2.5613460501884857,6.17406865196489,6.007104159355412,6.09822239853356,227674,175869.15,-0.0258452770253321,0.1310906037968688,0.156935880822201
2026-09-24T12:05:00-04:00,5.965,6.0,5.91,5.91,0,2.5613460501884857,6.173635974431319,5.997856144178707,6.060577918826848,105833,179298.7,-0.0394148347643119,0.1076673373668111,0.147082172131123
2026-09-24T12:06:00-04:00,5.91,5.95,5.83,5.9,0,2.5613460501884857,6.172966528848337,5.988536511399783,6.028462335061478,137065,185326.4,-0.0478328766267951,0.0872910763476291,0.1351239529744242
2026-09-24T12:07:00-04:00,5.9059,5.91,5.72,5.8052,0,2.5613460501884857,6.1718619769238625,5.97107589126647,5.983809868049183,176022,191635.45,-0.0578834775650615,0.0627696060180973,0.1206530835831588
2026-09-24T12:08:00-04:00,5.8188,5.8799,5.79,5.8799,0,2.5613460501884857,6.171444493936326,5.962392473050616,5.963027894439346,74750,191631.55,-0.057481443624001,0.0488012790531575,0.1062827226771586
2026-09-24T12:09:00-04:00,5.8766,6.0,5.8695,5.9599,0,2.5613460501884857,6.1708741686139135,5.962155094664843,5.9624023155514765,144349,193543.05,-0.0500797304697324,0.043683059589993,0.0937627900597255
2026-09-24T12:10:00-04:00,5.948139,5.98,5.81,5.8418,0,2.5613460501884857,6.17026535334672,5.950692704696763,5.938281852441182,120071,195570.25,-0.051206901391696,0.0297541633201054,0.0809610647118015
2026-09-24T12:11:00-04:00,5.8599,5.87,5.771,5.84,0,2.5613460501884857,6.169959982064735,5.940150542344691,5.918625481952946,51559,176107.6,-0.0500820182700507,0.018358541874238,0.0684405601442888
2026-09-24T12:12:00-04:00,5.825,5.95,5.8,5.915,0,2.5613460501884857,6.169623188744969,5.937755252597578,5.917900385562357,69393,161171.3,-0.0425892159040414,0.015204040264237,0.0577932561682784
2026-09-24T12:13:00-04:00,5.91,5.97,5.87,5.885,0,2.5613460501884857,6.169424377523912,5.93273094282638,5.911320308449885,44185,152602.95,-0.038101695466953,0.0101661368345871,0.0482678323015401
2026-09-24T12:14:00-04:00,5.8876,6.15,5.85,6.1431,0,2.5613460501884857,6.168989375900296,5.9527660911286295,5.957676246759908,208269,141093.75,-0.0172603603404962,0.0266923818759199,0.0439527422164161
2026-09-24T12:15:00-04:00,6.15,6.19,6.04,6.09,0,2.5613460501884857,6.168838963670944,5.965835987211618,5.984140997407926,140993,135011.0,-0.0070820253462136,0.035100210533649,0.0421822358798627
2026-09-24T12:16:00-04:00,6.075,6.075,5.81,5.835,0,2.5613460501884857,6.168187747188393,5.953375417000987,5.954312797926341,145472,131216.7,-0.0169892623539148,0.0209456579374691,0.037934920291384
2026-09-24T12:17:00-04:00,5.81,5.8951,5.7,5.72,0,2.5613460501884857,6.16714185331616,5.9311491868104165,5.907450238341073,154898,130342.75,-0.029993198135438,0.0004434226220864,0.0304366207575244
2026-09-24T12:18:00-04:00,5.71,5.79,5.68,5.71,0,2.5613460501884857,6.166362108705942,5.910087359495138,5.867960190672858,104133,124652.8,-0.0374871816473103,-0.0164223563016134,0.0210648253456968
2026-09-24T12:19:00-04:00,5.72,5.78,5.72,5.7301,0,2.5613460501884857,6.165963896949251,5.892945706209887,5.840388152538287,55430,120891.3,-0.0391284342724029,-0.0278457174948068,0.0112827167775961
2026-09-24T12:20:00-04:00,5.73,5.75,5.44,5.61,0,2.5613460501884857,6.164352611696943,5.86599849609466,5.79431052203063,168108,120346.25,-0.0458733262399144,-0.0460589410222969,-0.0001856147823824
2026-09-24T12:21:00-04:00,5.6099,5.7,5.5,5.6211,0,2.5613460501884857,6.163533194649772,5.842674829799931,5.759668417624503,86945,118540.2,-0.0469860700083884,-0.058918202292868,-0.0119321322844795
2026-09-24T12:22:00-04:00,5.6355,5.65,5.53,5.5993,0,2.5613460501884857,6.162845471343609,5.81949627458089,5.727594734099603,71380,117825.8,-0.0465028709132309,-0.0700607209260182,-0.0235578500127873
2026-09-24T12:23:00-04:00,5.592153,5.63,5.57,5.6133,0,2.5613460501884857,6.162583658620715,5.799858534144614,5.704735787279683,27772,115715.05,-0.0426540340306696,-0.0768753925511243,-0.0342213585204547
2026-09-24T12:24:00-04:00,5.6001,5.65,5.562721,5.562721,0,2.5613460501884857,6.162241858526951,5.777274007083222,5.676332829823746,35493,106106.0,-0.0409215067155891,-0.0853732419149411,-0.0444517351993519
2026-09-24T12:25:00-04:00,5.5601,5.66,5.56,5.6424,0,2.5613460501884857,6.161890908886741,5.764428863551487,5.669546263858997,38442,102736.45,-0.0322002335374624,-0.08470202712118,-0.0525017935837175
2026-09-24T12:26:00-04:00,5.6578,5.67,5.58,5.6,0,2.5613460501884857,6.161657623422991,5.748768971784679,5.655637011087197,25387,97152.55,-0.0272731391336298,-0.0865932175007548,-0.059320078367125
2026-09-24T12:27:00-04:00,5.6001,5.73,5.57,5.71,0,2.5613460501884857,6.161178368673734,5.745076688757567,5.666509608869758,57893,91246.1,-0.0151944759436679,-0.0783131732967099,-0.063118697353042
2026-09-24T12:28:00-04:00,5.71,5.74,5.66,5.7243,0,2.5613460501884857,6.160870446991873,5.743097956494942,5.6780676870958064,40391,89528.15,-0.0053392506140811,-0.0697927606206434,-0.0644535100065623
2026-09-24T12:29:00-04:00,5.7,5.7241,5.61,5.67,0,2.5613460501884857,6.160580520947534,5.736136246352566,5.676454149676645,34983,84059.85,-0.0017599827627161,-0.0666534884599574,-0.0648935056972413
2026-09-24T12:30:00-04:00,5.6778,5.72,5.63,5.63,0,2.5613460501884857,6.160276989403421,5.726028032414226,5.667163319741316,36080,79860.3,-0.0013853906591113,-0.0666252440211305,-0.0652398533620191
2026-09-24T12:31:00-04:00,5.62,5.65,5.6,5.63,0,2.5613460501884857,6.160019315556212,5.716882505517633,5.6597306557930525,28747,78719.7,-0.0004831998281163,-0.0658438531471645,-0.0653606533190482
2026-09-24T12:32:00-04:00,5.6398,5.69,5.63,5.64,0,2.5613460501884857,6.159846553895731,5.709560362135002,5.655784524634442,20305,76265.3,0.0013416632780863,-0.0636835742214403,-0.0650252374995266
2026-09-24T12:33:00-04:00,5.67,5.67,5.4001,5.5118,0,2.5613460501884857,6.15870746676458,5.6907260419316685,5.6269876197075535,107434,79427.75,-0.005173481909816,-0.0714920898867967,-0.0663186079769806
2026-09-24T12:34:00-04:00,5.539,5.57,5.45,5.5199,0,2.5613460501884857,6.158129166181991,5.6744568950810335,5.605570095766042,53504,71689.5,-0.0078643090570288,-0.0761489942982667,-0.0682846852412379
2026-09-24T12:35:00-04:00,5.515,5.5399,5.457,5.5,0,2.5613460501884857,6.157745699231368,5.657841952692364,5.584456076612834,34758,66377.75,-0.0097860403760182,-0.0805172357112606,-0.0707311953352424
2026-09-24T12:36:00-04:00,5.495,5.6,5.4901,5.59,0,2.5613460501884857,6.1573491845070025,5.65138081434071,5.585564861290267,39662,61087.25,-0.0040891113793975,-0.0758425845594894,-0.0717534731800918
2026-09-24T12:37:00-04:00,5.6,5.6085,5.54,5.55,0,2.5613460501884857,6.157008635923491,5.641725498689214,5.5784518890322135,34460,55065.35,-0.0022025725109819,-0.0745066888188192,-0.0723041163078373
2026-09-24T12:38:00-04:00,5.55,5.58,5.54,5.569,0,2.5613460501884857,6.156797725128151,5.634799260718812,5.576561511225771,21248,50921.1,0.0009670544332872,-0.0710952982662282,-0.0720623526995155
2026-09-24T12:39:00-04:00,5.5527,5.58,5.55,5.5699,0,2.5613460501884857,6.156631825432549,5.628618378745592,5.575229208980617,16827,48990.95,0.0036174352162084,-0.067540558679255,-0.0711579938954634
2026-09-24T12:40:00-04:00,5.565,5.5999,5.53,5.5592,0,2.5613460501884857,6.156341939016585,5.622007104579345,5.572023367184493,29247,42047.9,0.0050548954576038,-0.0648393745734585,-0.0698942700310624
2026-09-24T12:41:00-04:00,5.5509,5.565,5.5106,5.5426,0,2.5613460501884857,6.156126744859242,5.614444523190836,5.566138693747595,20897,38745.5,0.0052687212148302,-0.0633083685125246,-0.0685770897273548
2026-09-24T12:42:00-04:00,5.531,5.63,5.52,5.5801,0,2.5613460501884857,6.155837619684328,5.61117361622028,5.568930954998076,29909,36671.95,0.0081449146147286,-0.058395946458944,-0.0665408610736727
2026-09-24T12:43:00-04:00,5.595,5.66,5.5601,5.6123,0,2.5613460501884857,6.155334181908609,5.6112808908659675,5.577604763998461,55416,38054.15,0.0121822561375282,-0.0513130409017623,-0.0634952970392906
2026-09-24T12:44:00-04:00,5.6123,5.79,5.6,5.6901,0,2.5613460501884857,6.154220805824495,5.618787472688257,5.600103811198768,144942,43526.6,0.019618058338699,-0.0389727241159167,-0.0585907824546158
2026-09-24T12:45:00-04:00,5.68,5.7025,5.64,5.6975,0,2.5613460501884857,6.153895540722796,5.626283903860804,5.619583048959015,41278,43668.4,0.0242566757594406,-0.028269937755315,-0.0525266135147557
2026-09-24T12:46:00-04:00,5.697,5.697,5.64,5.6635,0,2.5613460501884857,6.15363515037761,5.6298282939692985,5.628366439167212,32191,44008.6,0.0242015708074084,-0.0222746500054951,-0.0464762208129036
2026-09-24T12:47:00-04:00,5.65,5.69,5.61,5.6201,0,2.5613460501884857,6.153396046982473,5.628901789781747,5.626713151333769,28045,42516.2,0.0205523739820466,-0.0207857533353452,-0.0413381273173919
2026-09-24T12:48:00-04:00,5.65,5.85,5.61,5.835,0,2.5613460501884857,6.152614365463724,5.648530190754913,5.668370521067016,121486,46570.95,0.0312790264736883,-0.0022393442252814,-0.0335183706989698
2026-09-24T12:49:00-04:00,5.82,5.9772,5.7801,5.9377,0,2.5613460501884857,6.151899802888753,5.676070172587779,5.722236416853613,170106,53327.1,0.0432222408534092,0.0205094303677917,-0.0227128104856175
2026-09-24T12:50:00-04:00,5.93,5.93,5.76,5.8078,0,2.5613460501884857,6.15145262132687,5.6886158704365615,5.73934913348289,84896,55767.9,0.0403593887889932,0.027736425500624,-0.0126229632883692
2026-09-24T12:51:00-04:00,5.78,5.8,5.6857,5.7899,0,2.5613460501884857,6.150990126383229,5.698261978014032,5.749459306786313,71436,57902.35,0.035422047691083,0.0316545963254846,-0.0037674513655984
2026-09-24T12:52:00-04:00,5.7784,5.93,5.7647,5.835,0,2.5613460501884857,6.150482490214107,5.7112846467746,5.76656744542905,100271,61900.65,0.0333830594441141,0.0379613729395442,0.00457831349543
2026-09-24T12:53:00-04:00,5.82,5.87,5.78,5.7947,0,2.5613460501884857,6.150214485789463,5.7192289661294,5.77219395634324,48587,58958.3,0.0277414745116629,0.0392551566350087,0.0115136821233458
2026-09-24T12:54:00-04:00,5.775,5.795,5.75,5.78,0,2.5613460501884857,6.150052796902757,5.725016683640885,5.773755165074592,26228,57594.5,0.021708096736881,0.0386488030444471,0.0169407063075661
2026-09-24T12:55:00-04:00,5.7781,5.8766,5.75,5.84,0,2.5613460501884857,6.1497337580191545,5.7359674756750865,5.787004132059673,59286,58820.9,0.0204631327750725,0.0425196222764068,0.0220564895013342
2026-09-24T12:56:00-04:00,5.8393,5.95,5.8393,5.9485,0,2.5613460501884857,6.149310329045303,5.756208668467935,5.819303305647739,108981,62286.85,0.0253332339686241,0.0537230319621144,0.0283897979934902
2026-09-24T12:57:00-04:00,5.945,5.95,5.79,5.83,0,2.5613460501884857,6.148900478604608,5.763236414328132,5.821442644518191,85597,64843.7,0.0192364915298194,0.0524354124057646,0.0331989208759451
2026-09-24T12:58:00-04:00,5.8128,5.8599,5.72,5.78,0,2.5613460501884857,6.148566445846613,5.764832946296881,5.8131541156145525,56407,66601.65,0.0109132113945233,0.0468404351190994,0.035927223724576
2026-09-24T12:59:00-04:00,5.7714,5.8,5.7052,5.725,0,2.5613460501884857,6.1482743663987005,5.761039332363845,5.795523292491642,44132,67966.9,0.001286738929159,0.0375356473860248,0.0362489084568657
2026-09-24T13:00:00-04:00,5.7399,5.75,5.65,5.7249,0,2.5613460501884857,6.147957343892796,5.757597491186336,5.781398633993313,44143,68711.7,-0.0051512566427461,0.029809837653433,0.0349610942961792
2026-09-24T13:01:00-04:00,5.69,6.15,5.6801,6.08,0,2.5613460501884857,6.147474555161544,5.788302492025732,5.841118907194651,166687,76001.2,0.0134264886411845,0.0517442050976599,0.0383177164564753
2026-09-24T13:02:00-04:00,6.07,6.0799,5.9,6.0707,0,2.5613460501884857,6.147176712097296,5.815197492785186,5.8870351257557205,140407,81526.1,0.0234239811733959,0.0675976929232202,0.0441737117498243
2026-09-24T13:03:00-04:00,6.09,6.09,5.97,6.0,0,2.5613460501884857,6.147051775881857,5.83279773156755,5.909628100604577,60545,81782.55,0.0235476598796536,0.0736082865993914,0.0500606267197377
2026-09-24T13:04:00-04:00,6.0199,6.22,6.01,6.165,0,2.5613460501884857,6.146991631298048,5.8644360428468305,5.960702480483661,241877,86629.3,0.0324642934069699,0.0906409934784502,0.0581767000714802
2026-09-24T13:05:00-04:00,6.16,6.2,6.05,6.14,0,2.5613460501884857,6.1469516988313515,5.890680229242371,5.996561984386929,145751,91852.95,0.0342254071878607,0.1009584590563061,0.0667330518684454
2026-09-24T13:06:00-04:00,6.13,6.14,6.05,6.065,0,2.5613460501884857,6.146893158278622,5.907282112171669,6.010249587509543,58659,93176.35,0.028140369505696,0.1019085137505655,0.0737681442448694
2026-09-24T13:07:00-04:00,6.0524,6.23,6.05,6.19,0,2.5613460501884857,6.14691597845582,5.934207625298177,6.046199670007635,145283,99038.25,0.0301558989912672,0.1114630179839535,0.0813071189926862
2026-09-24T13:08:00-04:00,6.18,6.2,6.1,6.1304,0,2.5613460501884857,6.146912954675699,5.952892613365017,6.0630397360061075,54594,95693.65,0.0252935775229185,0.1129240908963344,0.0876305133734159
2026-09-24T13:09:00-04:00,6.13,6.21,6.07,6.1901,0,2.5613460501884857,6.146920839787722,5.975483793044539,6.088451788804886,50215,89699.1,0.0239310413626531,0.1175443150767323,0.0936132737140792
2026-09-24T13:10:00-04:00,6.2075,6.27,6.03,6.04,0,2.5613460501884857,6.146830327112069,5.981628193706964,6.078761431043909,168415,93875.05,0.0113900396754275,0.1078508233083637,0.0964607836329361
2026-09-24T13:11:00-04:00,6.045,6.0733,5.7801,5.88,0,2.5613460501884857,6.146103477048519,5.971949318115825,6.039009144835127,193322,99969.35,-0.0081577426859491,0.0862636052754997,0.0944213479614488
2026-09-24T13:12:00-04:00,5.885,6.09,5.86,5.975,0,2.5613460501884857,6.14578897614245,5.972239859247651,6.026207315868102,115439,100727.75,-0.0147804149581938,0.0759458292637065,0.0907262442219003
2026-09-24T13:13:00-04:00,5.955,5.955,5.8,5.86,0,2.5613460501884857,6.14537936360488,5.9615503488431125,5.992965852694481,93987,102997.75,-0.0263227290498554,0.0578228329095811,0.0841455619594365
2026-09-24T13:14:00-04:00,5.8609,5.88,5.81,5.8602,0,2.5613460501884857,6.145098222373543,5.951897934667578,5.9664126821555845,59937,104683.2,-0.0329317224513316,0.0429809088952719,0.0759126313466036
2026-09-24T13:15:00-04:00,5.8463,5.87,5.72,5.7899,0,2.5613460501884857,6.14474110000459,5.936469559937333,5.9311101457244675,63976,104917.7,-0.0405262389058318,0.0252548327143138,0.0657810716201456
2026-09-24T13:16:00-04:00,5.77,5.85,5.52,5.6602,0,2.5613460501884857,6.143622634963243,5.910158173276634,5.876928116579574,150974,107017.35,-0.0520387467500114,0.0007326381826313,0.0527713849326427
2026-09-24T13:17:00-04:00,5.665,5.7,5.56,5.59,0,2.5613460501884857,6.142878953044693,5.8796669186788595,5.8195424932636595,89281,107201.55,-0.061487713181077,-0.0240882565437035,0.0373994566373735
2026-09-24T13:18:00-04:00,5.6,5.64,5.5713,5.64,0,2.5613460501884857,6.142469967752735,5.856841497852302,5.783633994610928,49248,106843.6,-0.0613369352709409,-0.0392717124513026,0.0220652228196382
2026-09-24T13:19:00-04:00,5.648,5.79,5.6401,5.74,0,2.5613460501884857,6.1417260668298725,5.845713736152082,5.774907195688742,112577,110265.85,-0.0518464451393381,-0.0427428336045343,0.0091036115348037
2026-09-24T13:20:00-04:00,5.74,5.8,5.72,5.7376,0,2.5613460501884857,6.14129512335658,5.835417189851884,5.767445756550994,70306,111574.0,-0.0434162717416036,-0.0451667281422007,-0.0017504564005971
2026-09-24T13:21:00-04:00,5.735,5.75,5.66,5.74,0,2.5613460501884857,6.14102768635142,5.826329838437419,5.761956605240795,40015,105240.4,-0.035687328698786,-0.0463596172740796,-0.0106722885752936
2026-09-24T13:22:00-04:00,5.7392,5.75,5.65,5.65,0,2.5613460501884857,6.140714928608555,5.809536520490998,5.739565284192636,43445,100392.3,-0.0346184807189603,-0.053945389473994,-0.0193269087550337
2026-09-24T13:23:00-04:00,5.66,5.71,5.65,5.71,0,2.5613460501884857,6.140398364990463,5.800056851872808,5.733652227354109,44686,99599.35,-0.0281285299816201,-0.0544875712320589,-0.0263590412504387
2026-09-24T13:24:00-04:00,5.7263,5.74,5.68,5.7,0,2.5613460501884857,6.140193174486432,5.790527627884922,5.726921781883287,30113,89011.15,-0.0229840768594599,-0.0550891373247637,-0.0321050604653037
2026-09-24T13:25:00-04:00,5.7101,5.72,5.6653,5.6875,0,2.5613460501884857,6.140115543199903,5.780715472848263,5.719037425506629,11001,82273.65,-0.0190597951085249,-0.0559298043509599,-0.036870009242435
2026-09-24T13:26:00-04:00,5.6801,5.72,5.64,5.6699,0,2.5613460501884857,6.139929595541057,5.770161618291286,5.709209940405303,25552,80618.3,-0.0163880394253956,-0.0573550585241795,-0.0409670190987839
2026-09-24T13:27:00-04:00,5.67,5.7688,5.663,5.7026,0,2.5613460501884857,6.13965675882882,5.763727178454021,5.707887952324243,40582,75383.25,-0.011394020517043,-0.0552095447450877,-0.0438155242280446
2026-09-24T13:28:00-04:00,5.69,5.7,5.6401,5.67,0,2.5613460501884857,6.139408291316245,5.754800780506018,5.700310361859394,33736,74340.35,-0.0093475709019974,-0.0554999878555415,-0.046152416953544
2026-09-24T13:29:00-04:00,5.66,5.7,5.63,5.68,0,2.5613460501884857,6.1392334870521,5.7476768966483025,5.6962482894875155,23754,73017.3,-0.006515941402972,-0.0542973437072591,-0.047781402304287
2026-09-24T13:30:00-04:00,5.69,5.7,5.65,5.67,0,2.5613460501884857,6.139073928651735,5.7402790969675115,5.690998631590013,21853,65689.2,-0.0046021171893707,-0.0535340487910005,-0.0489319316016297
2026-09-24T13:31:00-04:00,5.66,5.78,5.65,5.6999,0,2.5613460501884857,6.138780523121037,5.736433468684892,5.69277890527201,43660,58206.1,-0.0008070674332397,-0.0499407658931794,-0.0491336984599397
2026-09-24T13:32:00-04:00,5.7,5.71,5.63,5.68,0,2.5613460501884857,6.138480591898121,5.731058852619664,5.690223124217608,41173,54492.8,0.0007918750801278,-0.0481438546097798,-0.0489357296899077
2026-09-24T13:33:00-04:00,5.67,5.686,5.63,5.67,0,2.5613460501884857,6.138379655809922,5.7252437237987435,5.686178499374087,13538,50470.35,0.0015605109390292,-0.0469850910161211,-0.0485456019551504
2026-09-24T13:34:00-04:00,5.65,5.665,5.6,5.65,0,2.5613460501884857,6.1381905933370415,5.71807765486553,5.67894279949927,24172,48682.1,0.0011267001525247,-0.0471372267644945,-0.0482639269170192
2026-09-24T13:35:00-04:00,5.64,5.71,5.64,5.6409,0,2.5613460501884857,6.138064393788995,5.7107274020211936,5.671334239599416,17006,46333.6,0.0006550047402649,-0.0474451709916881,-0.048100175731953
2026-09-24T13:36:00-04:00,5.66,5.6878,5.6001,5.6265,0,2.5613460501884857,6.137942124130089,5.702705744685842,5.662367391679533,15644,39567.1,-0.0001554354750505,-0.0482944700757661,-0.0481390346007156
2026-09-24T13:37:00-04:00,5.62,5.7046,5.29,5.41,0,2.5613460501884857,6.136762283103829,5.674829007096714,5.611893913343627,112881,40747.1,-0.0140329053437294,-0.0656801662803774,-0.0516472609366479
2026-09-24T13:38:00-04:00,5.43,5.4839,5.37,5.3838,0,2.5613460501884857,6.135742370075863,5.647111958801789,5.566275130674901,90370,42803.2,-0.0231965710924117,-0.0806429748021626,-0.0574464037097509
2026-09-24T13:39:00-04:00,5.405,5.4925,5.4,5.465,0,2.5613460501884857,6.135294851060737,5.629767962725428,5.546020104539921,42057,39277.2,-0.0220184544677356,-0.0849694717944204,-0.0629510173266848
2026-09-24T13:40:00-04:00,5.465,5.4894,5.4053,5.4347,0,2.5613460501884857,6.13490916433462,5.611190061513482,5.523756083631937,35799,37551.85,-0.0214855528293285,-0.0898079583633455,-0.0683224055340169
2026-09-24T13:41:00-04:00,5.43,5.45,5.2,5.3299,0,2.5613460501884857,6.133527680002868,5.584400531845532,5.484984866905549,109995,41050.85,-0.0260904410623263,-0.1009354568619249,-0.0748450157995985
2026-09-24T13:42:00-04:00,5.315,5.35,5.276,5.28,0,2.5613460501884857,6.1328886295896785,5.5554100050031,5.443987893524439,49497,41353.45,-0.0301111454644741,-0.1124839476301913,-0.0823728021657171
2026-09-24T13:43:00-04:00,5.2957,5.3599,5.28,5.29,0,2.5613460501884857,6.132398172559502,5.530132861669472,5.413190314819551,38408,41039.55,-0.0296636153362571,-0.1194523213360385,-0.0897887059997814
2026-09-24T13:44:00-04:00,5.2899,5.3264,5.28,5.294,0,2.5613460501884857,6.131935969194359,5.507644017700951,5.389352251855641,35809,41324.35,-0.0267542392405476,-0.1232315050504659,-0.0964772658099183
2026-09-24T13:45:00-04:00,5.294,5.31,5.23,5.23,0,2.5613460501884857,6.131269552493254,5.48120173030086,5.3574818014845125,49131,43230.85,-0.0267329629052937,-0.1298934694415354,-0.1031605065362417
2026-09-24T13:46:00-04:00,5.237,5.2694,5.15,5.215,0,2.5613460501884857,6.129578169977031,5.455849184557922,5.32898544118761,118877,47897.1,-0.0253350115317065,-0.1348292709508749,-0.1094942594191683
2026-09-24T13:47:00-04:00,5.22,5.27,5.21,5.2586,0,2.5613460501884857,6.128874677477163,5.4370635479333576,5.314908352950089,51524,48444.2,-0.0193500111199854,-0.1336817733191502,-0.1143317621991647
2026-09-24T13:48:00-04:00,5.2599,5.3,5.21,5.3,0,2.5613460501884857,6.128518538714628,5.424009876701609,5.311926682360071,26839,48099.35,-0.0108999771193483,-0.1279567335983502,-0.1170567564790018
2026-09-24T13:49:00-04:00,5.3,5.3188,5.24,5.255,0,2.5613460501884857,6.128199362137812,5.407913697968122,5.300541345888057,24108,48117.05,-0.0068368754673003,-0.1256028508131272,-0.1187659753458269
2026-09-24T13:50:00-04:00,5.2505,5.32,5.247,5.32,0,2.5613460501884857,6.127966330463379,5.399540964828301,5.3044330767104455,18129,47930.85,0.0012991131171886,-0.1171420839493411,-0.1184411970665297
2026-09-24T13:51:00-04:00,5.3079,5.35,5.2601,5.3299,0,2.5613460501884857,6.127554580731521,5.3929084919875105,5.309526461368357,32753,47385.5,0.0080420921423856,-0.1083885818885477,-0.1164306740309333
2026-09-24T13:52:00-04:00,5.33,5.33,5.2799,5.285,0,2.5613460501884857,6.127214678264854,5.382631492750605,5.304621169094686,26572,46655.45,0.0100429441282044,-0.1038769938706778,-0.1139199379988822
2026-09-24T13:53:00-04:00,5.27,5.33,5.2301,5.32,0,2.5613460501884857,6.126918480440638,5.376666588679119,5.307696935275748,23036,47130.35,0.0140427762265453,-0.0963664677157005,-0.1104092439422459
2026-09-24T13:54:00-04:00,5.33,5.34,5.26,5.32,0,2.5613460501884857,6.126569824174631,5.371269770709679,5.310157548220599,27577,47300.6,0.0168202279635304,-0.0893839589878329,-0.1062041869513633
2026-09-24T13:55:00-04:00,5.3293,5.36,5.27,5.31,0,2.5613460501884857,6.126025836151224,5.365434554451614,5.310126038576479,43427,48621.65,0.0180094034217984,-0.0836924326741153,-0.1017018360959137
2026-09-24T13:56:00-04:00,5.31,5.42,5.3,5.395,0,2.5613460501884857,6.1254920731350655,5.368250311170508,5.327100830861183,45969,50137.9,0.0241623705254021,-0.071498872939161,-0.0956612434645631
2026-09-24T13:57:00-04:00,5.4013,5.41,5.33,5.3706,0,2.5613460501884857,6.125130047173697,5.3684740910590305,5.335800664688946,31155,46051.6,0.0260672740131854,-0.0630771509480814,-0.0891444249612668
2026-09-24T13:58:00-04:00,5.375,5.38,5.31,5.33,0,2.5613460501884857,6.124788800765787,5.364809891910552,5.334640531751157,28263,42946.25,0.0241164565925185,-0.0589988542206185,-0.0831153108131371
2026-09-24T13:59:00-04:00,5.33,5.34,5.31,5.34,0,2.5613460501884857,6.124608620890849,5.362447045061928,5.335712425400926,14745,41580.65,0.0230254205832671,-0.0543335350840532,-0.0773589556673203
2026-09-24T14:00:00-04:00,5.34,5.34,5.21,5.2224,0,2.5613460501884857,6.123799568749819,5.349109231246506,5.313049940320741,60741,42827.75,0.0143348593222076,-0.0594403815145607,-0.0737752408367684
2026-09-24T14:01:00-04:00,5.2201,5.29,5.21,5.24,0,2.5613460501884857,6.123277040397502,5.338717875889696,5.298439952256593,38806,39268.3,0.0099321125464696,-0.0613601001536814,-0.071292212700151
2026-09-24T14:02:00-04:00,5.24,5.29,5.15,5.21,0,2.5613460501884857,6.122560166170733,5.326459030566868,5.280751961805274,51549,39370.9,0.0053873259912646,-0.0645580552110702,-0.0699453812023349
2026-09-24T14:03:00-04:00,5.2199,5.2394,5.0601,5.14,0,2.5613460501884857,6.1213804857786975,5.308701027655737,5.252601569444219,78888,41394.9,-0.0015732284832,-0.0719119168063349,-0.0703386883231349
2026-09-24T14:04:00-04:00,5.1238,5.1599,5.06,5.0999,0,2.5613460501884857,6.120518045292292,5.288815215498048,5.222061255555375,55520,42380.45,-0.0077713218668386,-0.0800528406566831,-0.0722815187898445
2026-09-24T14:05:00-04:00,5.08,5.14,5.08,5.12,0,2.5613460501884857,6.119944837084545,5.272737575926806,5.2016490044443,37200,41783.9,-0.009307069336705,-0.0839153554607259,-0.0746082861240208
2026-09-24T14:06:00-04:00,5.12,5.17,5.12,5.155,0,2.5613460501884857,6.11965949102126,5.261524473457587,5.1923192035554395,19202,36800.15,-0.0068679464078685,-0.0831932191338564,-0.0763252727259879
2026-09-24T14:07:00-04:00,5.16,5.176,5.15,5.15,0,2.5613460501884857,6.1195241725541525,5.250903095033054,5.183855362844351,9208,34684.35,-0.0046023676871508,-0.0820782323349265,-0.0774758646477756
2026-09-24T14:08:00-04:00,5.15,5.155,5.12,5.14,0,2.5613460501884857,6.1194289024470185,5.240340895506097,5.175084290275481,6350,33659.9,-0.0028729270863697,-0.0810670235057378,-0.0781940964193681
2026-09-24T14:09:00-04:00,5.15,5.15,5.13,5.14,0,2.5613460501884857,6.119266557128481,5.230784619743611,5.168067432220385,10842,32996.6,-0.0009254629863607,-0.079350925152319,-0.0784254621659582
2026-09-24T14:10:00-04:00,5.16,5.19,5.16,5.161,0,2.5613460501884857,6.119108596561518,5.224138465482315,5.166653945776307,10890,32634.65,0.0023988449905112,-0.0754269059278192,-0.0778257509183304
2026-09-24T14:11:00-04:00,5.16,5.1893,5.16,5.1893,0,2.5613460501884857,6.119016358108364,5.220820516388761,5.171183156621046,6423,31318.15,0.0068722678110962,-0.0692354161544601,-0.0761076839655564
2026-09-24T14:12:00-04:00,5.18,5.2198,5.18,5.19,0,2.5613460501884857,6.118783736963482,5.217885229113641,5.1749465252968365,16504,30814.75,0.0100543985276039,-0.0635396858060515,-0.0735940843336554
2026-09-24T14:13:00-04:00,5.19,5.2,5.1101,5.18,0,2.5613460501884857,6.118510374125842,5.214277112055199,5.1759572202374695,18730,30599.45,0.0115545948084913,-0.0591508408230412,-0.0707054356315325
2026-09-24T14:14:00-04:00,5.2,5.214588,5.1805,5.214588,0,2.5613460501884857,6.118409338351082,5.214306720430894,5.183683376189975,7227,29581.95,0.0147411111370947,-0.0522790467101641,-0.0670201578472589
2026-09-24T14:15:00-04:00,5.19,5.23,5.17,5.19,0,2.5613460501884857,6.118020092953262,5.211991794675571,5.18494670095198,27659,28793.55,0.0150074657025689,-0.0482608257190477,-0.0632682914216166
2026-09-24T14:16:00-04:00,5.2,5.66,5.2,5.5244,0,2.5613460501884857,6.116375611085476,5.2417449570874215,5.252837360761584,164464,34718.3,0.0363051271499374,-0.0178868824841949,-0.0541920096341323
2026-09-24T14:17:00-04:00,5.51,5.5599,5.4301,5.5262,0,2.5613460501884857,6.115763431817119,5.268835913555286,5.307509888609267,65857,36453.4,0.0483598439866648,0.0062577953491986,-0.0421020486374661
2026-09-24T14:18:00-04:00,5.52,5.54,5.45,5.48,0,2.5613460501884857,6.114968333240583,5.288946778930973,5.342007910887413,83620,39221.25,0.0508158643010963,0.0214177817389042,-0.029398082562192
2026-09-24T14:19:00-04:00,5.4616,5.4799,5.42,5.44,0,2.5613460501884857,6.114726591394956,5.303332799985166,5.3616063287099305,23813,39674.65,0.0474067088316763,0.0298603034774034,-0.0175464053542729
2026-09-24T14:20:00-04:00,5.43,5.4419,5.4101,5.435,0,2.5613460501884857,6.114481812703486,5.315872533319912,5.376285062967944,23509,37813.05,0.0426256571261446,0.0357356660534078,-0.0068899910727367
2026-09-24T14:21:00-04:00,5.446,5.5051,5.4101,5.4273,0,2.5613460501884857,6.113848200461027,5.32648467300373,5.386488050374355,62623,39003.9,0.0369658978814007,0.0393173812790141,0.0023514833976134
2026-09-24T14:22:00-04:00,5.469,5.469,5.33,5.41,0,2.5613460501884857,6.113426499394165,5.334438513670041,5.391190440299484,39130,38382.95,0.0303551733750361,0.0402954501164085,0.0099402767413724
2026-09-24T14:23:00-04:00,5.42,5.423,5.35,5.385,0,2.5613460501884857,6.113179814672778,5.339253893320514,5.389952352239587,22376,35557.35,0.0229343657765375,0.0386082339620443,0.0156738681855068
2026-09-24T14:24:00-04:00,5.385,5.4599,5.38,5.42,0,2.5613460501884857,6.112976320640993,5.34694399871856,5.39596188179167,19375,33750.1,0.019171612556732,0.0396383838814218,0.0204667713246898
2026-09-24T14:25:00-04:00,5.43,5.43,5.3821,5.4,0,2.5613460501884857,6.112778382614738,5.351996951221555,5.396769505433336,18433,32811.75,0.0143452392016324,0.0383983203267304,0.0240530811250979
2026-09-24T14:26:00-04:00,5.39,5.45,5.38,5.42,0,2.5613460501884857,6.1124534451627675,5.358473432057597,5.401415604346669,30832,33393.25,0.0116252266687767,0.0385846144610688,0.0269593877922921
2026-09-24T14:27:00-04:00,5.41,5.5,5.4,5.465,0,2.5613460501884857,6.112086975496689,5.368618819480683,5.414132483477335,36838,34774.75,0.0119369731962145,0.0418806042875603,0.0299436310913457
2026-09-24T14:28:00-04:00,5.45,5.4569,5.41,5.42,0,2.5613460501884857,6.111799338392909,5.373512265244427,5.415305986781868,27839,35849.2,0.0083618287795018,0.0403959170657231,0.0320340882862212
2026-09-24T14:29:00-04:00,5.44,5.44,5.38,5.382,0,2.5613460501884857,6.1115936170126,5.374320620935434,5.4086447894254945,19132,36263.7,0.002965536746067,0.035741009218805,0.032775472472738
2026-09-24T14:30:00-04:00,5.39,5.44,5.38,5.41,0,2.5613460501884857,6.111379835993787,5.377718657036821,5.408915831540396,20158,36727.1,0.0009158739671607,0.0339203149316889,0.0330044409645281
2026-09-24T14:31:00-04:00,5.4263,5.4275,5.38,5.4,0,2.5613460501884857,6.111248243075105,5.379840689699981,5.407132665232317,12283,37020.1,-0.0013558984073165,0.0313095679553825,0.032665466362699
2026-09-24T14:32:00-04:00,5.3809,5.4118,5.3501,5.3773,0,2.5613460501884857,6.111054126746971,5.379598719252364,5.401166132185853,17563,37073.05,-0.0044551886752683,0.0270964805186135,0.0315516691938819
2026-09-24T14:33:00-04:00,5.3619,5.42,5.33,5.36,0,2.5613460501884857,6.110636322376291,5.377732174561663,5.392932905748682,37336,38003.35,-0.0075559115491856,0.0221067797573999,0.0296626913065855
2026-09-24T14:34:00-04:00,5.38,5.45,5.38,5.44,0,2.5613460501884857,6.110501778329405,5.383662443651028,5.402346324598946,12966,38290.3,-0.0042683071957314,0.0243273073119212,0.0285956145076526
2026-09-24T14:35:00-04:00,5.4392,5.4392,5.33,5.33,0,2.5613460501884857,6.110194469877905,5.378551734731882,5.387877059679156,27366,38275.65,-0.0092645925412105,0.0170148738311395,0.02627946637235
2026-09-24T14:36:00-04:00,5.345,5.4,5.3304,5.3714,0,2.5613460501884857,6.109948439964009,5.3778706171383694,5.3845816477433255,21951,31150.0,-0.0095080357481583,0.0143944216871521,0.0239024574353104
2026-09-24T14:37:00-04:00,5.385,5.3867,5.327,5.35,0,2.5613460501884857,6.109822739907574,5.375216272649001,5.37766531819466,11032,28408.75,-0.0107458064363504,0.0104701993898723,0.0212160058262228
2026-09-24T14:38:00-04:00,5.355,5.3699,5.25,5.3,0,2.5613460501884857,6.109446434632291,5.368052818111001,5.362132254555728,31075,25781.5,-0.0143426096603312,0.0032877437508087,0.01763035341114
2026-09-24T14:39:00-04:00,5.323,5.39,5.2988,5.3499,0,2.5613460501884857,6.109206419399817,5.366323978290906,5.359685803644583,20865,25634.1,-0.0128213840832409,0.0016036233070888,0.0144250073903297
2026-09-24T14:40:00-04:00,5.33,5.37,5.32,5.3506,0,2.5613460501884857,6.109057100553637,5.364826456548915,5.357868642915666,12998,25108.55,-0.0112826288967955,0.0003217212693353,0.0116043501661309
2026-09-24T14:41:00-04:00,5.35,5.48,5.35,5.46,0,2.5613460501884857,6.108468466210832,5.373890603544257,5.378294914332533,57574,24856.1,-0.0028508551298798,0.008040781253781,0.0108916363836609
2026-09-24T14:42:00-04:00,5.43,5.5141,5.39,5.4899,0,2.5613460501884857,6.107837285887355,5.384939117492423,5.400615931466026,65180,26158.6,0.0043923150316113,0.0163820301731751,0.0119897151415637
2026-09-24T14:43:00-04:00,5.4899,5.4899,5.4,5.423119,0,2.5613460501884857,6.107541200656062,5.388575296778859,5.405116545172821,29386,26509.1,0.0043308260016784,0.0174032476436618,0.0130724216419834
2026-09-24T14:44:00-04:00,5.4299,5.43,5.31,5.3682,0,2.5613460501884857,6.107175168024527,5.386634792323729,5.397733236138257,32999,27190.3,0.0004412757615919,0.0136240163439733,0.0131827405823813
2026-09-24T14:45:00-04:00,5.358168,5.47,5.358168,5.45,0,2.5613460501884857,6.106902740377839,5.392669574007184,5.408186588910605,26627,27600.0,0.0030803489903784,0.0170331768203544,0.013952827829976
2026-09-24T14:46:00-04:00,5.4113,5.45,5.39,5.4199,0,2.5613460501884857,6.106677383160341,5.395262947911261,5.4105292711284845,21847,27150.75,0.0025248750298486,0.0171089216172868,0.0145840465874381
2026-09-24T14:47:00-04:00,5.42,5.43,5.31,5.4,0,2.5613460501884857,6.106341622877554,5.395714095729236,5.408423416902788,30784,26848.05,0.000641425112625,0.0153858279782195,0.0147444028655944
2026-09-24T14:48:00-04:00,5.4,5.4,5.15,5.24,0,2.5613460501884857,6.105623909379839,5.380884181850261,5.37473873352223,56771,28294.65,-0.0109179574886041,0.0010969560048392,0.0120149134934434
2026-09-24T14:49:00-04:00,5.2201,5.28,5.2,5.2799,0,2.5613460501884857,6.105174081376121,5.3712666407216645,5.3557709868177845,35211,29098.6,-0.0151540300745275,-0.006927624099716,0.0082264059748115
2026-09-24T14:50:00-04:00,5.25,5.28,5.21,5.23,0,2.5613460501884857,6.104953904943327,5.357812674938649,5.330616789454227,16983,28939.85,-0.0202742190051572,-0.017116367781635,0.0031578512235222
2026-09-24T14:51:00-04:00,5.249,5.2699,5.2,5.23,0,2.5613460501884857,6.104727840845662,5.345640039230206,5.310493431563382,17312,29191.3,-0.0224494356973483,-0.0249039433981632,-0.0024545077008148
2026-09-24T14:52:00-04:00,5.23,5.29,5.22,5.2499,0,2.5613460501884857,6.104488046396528,5.336521940255901,5.2983747452507055,18805,29253.4,-0.0213436340757198,-0.0291340502954646,-0.0077904162197448
2026-09-24T14:53:00-04:00,5.24,5.3,5.15,5.1553,0,2.5613460501884857,6.103929954498906,5.319262707850577,5.269759796200565,41305,29451.85,-0.0254977977348225,-0.039662663388273,-0.0141648656534504
2026-09-24T14:54:00-04:00,5.18,5.2263,5.15,5.15,0,2.5613460501884857,6.103646675489428,5.303142449960046,5.245807836960452,20390,29823.05,-0.0269740055883579,-0.0478823726388979,-0.0209083670505399
2026-09-24T14:55:00-04:00,5.17,5.22,5.15,5.1952,0,2.5613460501884857,6.103269498766678,5.292862216630518,5.235686269568362,27553,29832.4,-0.0234100661307803,-0.0501709497140154,-0.026760883583235
2026-09-24T14:56:00-04:00,5.2143,5.2563,5.1805,5.2451,0,2.5613460501884857,6.103039192586131,5.288313434094278,5.23756901565469,17583,29614.0,-0.0165205882819494,-0.0474116189356719,-0.0308910306537224
2026-09-24T14:57:00-04:00,5.2366,5.2384,5.2,5.21,0,2.5613460501884857,6.102885396108731,5.280855011799585,5.232055212523751,11599,29642.35,-0.0132947328710587,-0.0475094467425458,-0.0342147138714871
2026-09-24T14:58:00-04:00,5.2,5.209,5.07,5.12,0,2.5613460501884857,6.102069586517195,5.265535486866291,5.2096441700190015,56310,30904.1,-0.016007558057348,-0.0542241614431722,-0.0382166033858241
2026-09-24T14:59:00-04:00,5.1299,5.2299,5.08,5.2127,0,2.5613460501884857,6.101359545056109,5.260503535736168,5.2102553360152015,51268,32424.25,-0.0106044507692971,-0.0514721668474456,-0.0408677160781484
2026-09-24T15:00:00-04:00,5.21,5.45,5.19,5.33,0,2.5613460501884857,6.100585948211577,5.267122246618438,5.234204268812161,66681,35108.4,0.0011964101679582,-0.0393722033682006,-0.0405686135361588
2026-09-24T15:01:00-04:00,5.3335,5.43,5.31,5.395,0,2.5613460501884857,6.099889996747646,5.279301080273825,5.266363415049729,64683,35463.85,0.0130482478386743,-0.0242583037378159,-0.0373065515764902
2026-09-24T15:02:00-04:00,5.37,5.43,5.33,5.36,0,2.5613460501884857,6.099408722523054,5.286986691676318,5.285090732039783,44495,34429.6,0.0178992378454281,-0.014932504269705,-0.0328317421151332
2026-09-24T15:03:00-04:00,5.3335,5.4,5.33,5.35,0,2.5613460501884857,6.098914356359602,5.292987959135716,5.298072585631826,44941,35207.35,0.0196625808650818,-0.0082535160337808,-0.0279160968988627
2026-09-24T15:04:00-04:00,5.3503,5.4494,5.35,5.4,0,2.5613460501884857,6.098355662837356,5.303179582075171,5.3184580685054605,53759,36245.35,0.0231824540459444,0.0010619706585677,-0.0221204833873766
2026-09-24T15:05:00-04:00,5.409,5.55,5.4,5.4533,0,2.5613460501884857,6.097292059102244,5.317476764734678,5.345426454804368,113656,40596.8,0.0277765295222516,0.0126001785154379,-0.0151763510068137
2026-09-24T15:06:00-04:00,5.45,5.5,5.4,5.405,0,2.5613460501884857,6.096859412754372,5.325812310950424,5.357341163843494,44048,41706.85,0.0262558821854991,0.0176435017250602,-0.0086123804604389
2026-09-24T15:07:00-04:00,5.41,5.4369,5.3607,5.38,0,2.5613460501884857,6.09650923294804,5.330973043240859,5.361872931074795,33541,41844.7,0.0224094689979633,0.0193994557870151,-0.0030100132109481
2026-09-24T15:08:00-04:00,5.3654,5.3819,5.31,5.345,0,2.5613460501884857,6.096182520805554,5.332308943884587,5.358498344859836,29366,40474.45,0.0166176938169226,0.0177621040602051,0.0011444102432825
2026-09-24T15:09:00-04:00,5.35,5.37,5.33,5.33,0,2.5613460501884857,6.095913530629454,5.332089044467007,5.352798675887868,24123,39920.05,0.0111486960424524,0.0150802802963481,0.0039315842538956
2026-09-24T15:10:00-04:00,5.32,5.35,5.231,5.25,0,2.5613460501884857,6.095555994213701,5.324271040232054,5.332238940710295,29490,40545.4,0.0019951445120333,0.0064255148939373,0.0044303703819039
2026-09-24T15:11:00-04:00,5.28,5.3198,5.25,5.28,0,2.5613460501884857,6.095177798947031,5.320054750686144,5.3217911525682355,31463,41252.95,-0.0019725739521703,0.001964652941691,0.0039372268938614
2026-09-24T15:12:00-04:00,5.25,5.28,5.15,5.24,0,2.5613460501884857,6.0946718718633255,5.312430488716036,5.305432922054589,39237,42274.55,-0.0069446589307047,-0.0047435967695195,0.0022010621611852
2026-09-24T15:13:00-04:00,5.2676,5.28,5.2278,5.2278,0,2.5613460501884857,6.094595519272037,5.304370442171651,5.2899063376436715,6078,40513.2,-0.0104956571354572,-0.0109185092581363,-0.000422852122679
2026-09-24T15:14:00-04:00,5.23,5.24,5.15,5.1906,0,2.5613460501884857,6.094161385210538,5.293535161964827,5.2700450701149375,32596,41123.5,-0.0145413163575671,-0.0185994975696379,-0.0040581812120708
2026-09-24T15:15:00-04:00,5.2,5.29,5.2,5.25,0,2.5613460501884857,6.0939484447402235,5.289388956063415,5.26603605609195,17003,40596.0,-0.0124870104544519,-0.0196669442801358,-0.0071799338256838
2026-09-24T15:16:00-04:00,5.26,5.2699,5.24,5.2671,0,2.5613460501884857,6.0937952311783725,5.287266198343089,5.2662488448735605,12420,40337.85,-0.0093880814536272,-0.0189150356427179,-0.0095269541890906
2026-09-24T15:17:00-04:00,5.27,5.27,5.2046,5.2499,0,2.5613460501884857,6.093687605554986,5.283707512786605,5.262979075898849,8548,40185.3,-0.0079644024441306,-0.019482457244254,-0.0115180548001233
2026-09-24T15:18:00-04:00,5.25,5.25,5.2135,5.22,0,2.5613460501884857,6.09361278442757,5.277640130616452,5.254383260719079,5850,37662.3,-0.00845770112669,-0.0220901812084859,-0.0136324800817958
2026-09-24T15:19:00-04:00,5.2,5.31,5.18,5.265,0,2.5613460501884857,6.093324275458098,5.27643630865298,5.256506608575263,23206,36259.2,-0.0053274449248953,-0.020291786237915,-0.0149643413130196
2026-09-24T15:20:00-04:00,5.2415,5.2572,5.2,5.2,0,2.5613460501884857,6.093142945534044,5.269156660209839,5.245205286860211,14049,33627.6,-0.0070979086194404,-0.0238367270873203,-0.0167388184678798
2026-09-24T15:21:00-04:00,5.2,5.2,5.15,5.18,0,2.5613460501884857,6.092787778817909,5.260665549713664,5.232164229488168,26260,31706.45,-0.0089592655285717,-0.0279379003785944,-0.0189786348500227
2026-09-24T15:22:00-04:00,5.19,5.22,5.19,5.2109,0,2.5613460501884857,6.092637613051428,5.255925973550458,5.227911383590534,11489,30056.15,-0.007511278072056,-0.0283677324400928,-0.0208564543680367
2026-09-24T15:23:00-04:00,5.21,5.21,5.1769,5.185,0,2.5613460501884857,6.0924969436571095,5.249171118926605,5.2193291068724275,10571,28337.65,-0.0076726871577058,-0.030447313315169,-0.0227746261574632
2026-09-24T15:24:00-04:00,5.17,5.21,5.16,5.2,0,2.5613460501884857,6.092346942249024,5.244488155219309,5.215463285497942,11268,26213.1,-0.0062067434296072,-0.0305330554444722,-0.024326312014865
2026-09-24T15:25:00-04:00,5.2,5.23,5.17,5.1799,0,2.5613460501884857,6.09204420985347,5.238336902341279,5.208350628398354,22836,21672.1,-0.0060235072537266,-0.0318556960820233,-0.0258321888282966
2026-09-24T15:26:00-04:00,5.17,5.22,5.17,5.199,0,2.5613460501884857,6.092007018758893,5.234590530689729,5.206480502718684,2816,19610.5,-0.0041384716514107,-0.03100527839256,-0.0268668067411493
2026-09-24T15:27:00-04:00,5.2,5.21,5.17,5.1739,0,2.5613460501884857,6.091862855855844,5.2288104801478505,5.199964402174947,10777,18472.3,-0.0040969061458065,-0.0319879394234074,-0.0278910332776009
2026-09-24T15:28:00-04:00,5.1793,5.1797,4.86,4.96,0,2.5613460501884857,6.089654969575955,5.203209482038531,5.1519715217399575,137429,23875.45,-0.0172524081663073,-0.0494565434854852,-0.0322041353191778
2026-09-24T15:29:00-04:00,4.96,5.0396,4.7601,4.89,0,2.5613460501884857,6.08827936467852,5.173380007558671,5.099577217391966,78457,26592.15,-0.0287672597367606,-0.0681632099901285,-0.0393959502533679
2026-09-24T15:30:00-04:00,4.88,4.9899,4.8401,4.985,0,2.5613460501884857,6.087491758251971,5.155439054457845,5.076661773913573,46638,27449.55,-0.0280546749092169,-0.0744642938898891,-0.0464096189806722
2026-09-24T15:31:00-04:00,4.9894,5.08,4.97,5.03,0,2.5613460501884857,6.086710742310334,5.143492477842812,5.067329419130858,50170,28384.9,-0.0228424656182557,-0.0749627010034919,-0.0521202353852361
2026-09-24T15:32:00-04:00,5.01,5.08,5.01,5.0514,0,2.5613460501884857,6.086232242420504,5.134721765667305,5.064143535304686,31380,27992.05,-0.0165372457760333,-0.0727917926052779,-0.0562545468292445
2026-09-24T15:33:00-04:00,5.0788,5.15,5.0001,5.0305,0,2.5613460501884857,6.085480059380592,5.1247958832228,5.057414828243749,50016,30188.95,-0.0125392735896472,-0.0719286388163036,-0.0593893652266563
2026-09-24T15:34:00-04:00,5.0,5.05,5.0,5.0213,0,2.5613460501884857,6.0851899726447325,5.114939132439677,5.050191862594999,18646,29491.45,-0.0094217736358587,-0.0711665822714797,-0.061744808635621
2026-09-24T15:35:00-04:00,5.0213,5.05,4.9201,4.9635,0,2.5613460501884857,6.084504041382742,5.100516357921612,5.032853490075999,42300,30756.3,-0.010099625452477,-0.0743693404512173,-0.0642697149987402
2026-09-24T15:36:00-04:00,4.966,4.99,4.95,4.95,0,2.5613460501884857,6.0843794376540865,5.086181466690983,5.016282792060799,7590,30514.8,-0.010270654521805,-0.0771080331509965,-0.0668373786291915
2026-09-24T15:37:00-04:00,4.9594,4.9594,4.83,4.855,0,2.5613460501884857,6.083870105433354,5.064164184148984,4.984026233648639,28929,31533.85,-0.0152927819874392,-0.0859533561134906,-0.0706605741260513
2026-09-24T15:38:00-04:00,4.86,4.95,4.855,4.91,0,2.5613460501884857,6.08359753189366,5.0494818808967,4.969220986918911,15801,32031.4,-0.0134847108098529,-0.0875164626383675,-0.0740317518285146
2026-09-24T15:39:00-04:00,4.91,4.9499,4.8801,4.93,0,2.5613460501884857,6.083298394845267,5.038102654144633,4.961376789535128,17573,31749.75,-0.0096932693744642,-0.0861483385465948,-0.0764550691721306
2026-09-24T15:40:00-04:00,4.92,4.95,4.9,4.9101,0,2.5613460501884857,6.082869945582453,5.025911925178478,4.951121431628103,25186,32306.6,-0.0073816753755286,-0.0856821633915414,-0.0783004880160128
2026-09-24T15:41:00-04:00,4.9391,4.94,4.907,4.9123,0,2.5613460501884857,6.082774311615788,5.015091741828146,4.943357145302482,5623,31274.75,-0.0046916039557936,-0.0841649929607548,-0.0794733890049612
2026-09-24T15:42:00-04:00,4.9122,4.94,4.88,4.91,0,2.5613460501884857,6.082353281974464,5.00508300451118,4.9366857162419855,24560,31928.3,-0.0021818145827335,-0.0822006572333782,-0.0800188426506446
2026-09-24T15:43:00-04:00,4.895,4.9099,4.61,4.6508,0,2.5613460501884857,6.079885084263545,4.971341765986305,4.879508572993588,124494,37624.45,-0.0163063748480394,-0.1004018112106939,-0.0840954363626544
2026-09-24T15:44:00-04:00,4.675,4.75,4.61,4.64,0,2.5613460501884857,6.078616915346599,4.939785407320943,4.831606858394871,61557,40138.9,-0.0242271171979052,-0.1143793328600359,-0.0901522156621307
2026-09-24T15:45:00-04:00,4.635,4.77,4.61,4.74,0,2.5613460501884857,6.077520914792175,4.920758225671329,4.8132854867158965,54844,41739.3,-0.0207179926121794,-0.1160497064273551,-0.0953317138151756
2026-09-24T15:46:00-04:00,4.769,4.77,4.64,4.68,0,2.5613460501884857,6.076704561808033,4.897828870845488,4.7866283893727175,40611,43629.05,-0.0203924086887255,-0.1208222246760826,-0.100429815987357
2026-09-24T15:47:00-04:00,4.68,4.72,4.65,4.71,0,2.5613460501884857,6.076281965558554,4.879940406955441,4.771302711498174,20991,44139.75,-0.0162892058562695,-0.120791323307694,-0.1045021174514244
2026-09-24T15:48:00-04:00,4.7,4.74,4.6782,4.6896,0,2.5613460501884857,6.075639607338039,4.861812749150161,4.754962169198539,32147,38875.65,-0.0132126452102861,-0.1210179239642821,-0.1078052787539959
2026-09-24T15:49:00-04:00,4.7148,4.79,4.6961,4.75,0,2.5613460501884857,6.075027949614588,4.851163915897764,4.753969735358831,31624,36534.0,-0.0057542608627129,-0.1149981048323871,-0.1092438439696742
2026-09-24T15:50:00-04:00,4.75,4.84,4.735,4.84,0,2.5613460501884857,6.074333394055175,4.850100685812263,4.771175788287065,37634,36083.8,0.0059617028325663,-0.1017917154289662,-0.1077534182615326
2026-09-24T15:51:00-04:00,4.84,4.87,4.77,4.81,0,2.5613460501884857,6.073790632962563,4.846281572877762,4.778940630629652,29711,35060.85,0.0120603570185472,-0.0926779719883486,-0.1047383290068958
2026-09-24T15:52:00-04:00,4.839,4.839,4.79,4.7916,0,2.5613460501884857,6.073435251918378,4.841073804032261,4.781472504503721,19317,34457.7,0.0150312858065718,-0.085949221748681,-0.1009805075552528
2026-09-24T15:53:00-04:00,4.81,4.8649,4.77,4.8301,0,2.5613460501884857,6.072638813994927,4.840028679838713,4.791198003602977,43843,34149.05,0.0194830416433277,-0.0766267055010931,-0.0961097471444209
2026-09-24T15:54:00-04:00,4.86,5.14,4.84,5.0985,0,2.5613460501884857,6.071412188754986,4.864644996044549,4.852658402882382,80866,37260.05,0.0392568579074617,-0.0470386747600937,-0.0862955326675554
2026-09-24T15:55:00-04:00,5.15,5.26,5.0,5.15,0,2.5613460501884857,6.069248317830196,4.891821663087925,4.9121267223059055,160076,43148.85,0.053666143084523,-0.0192128538119016,-0.0728789968964247
2026-09-24T15:56:00-04:00,5.15,5.29,4.98,5.02,0,2.5613460501884857,6.0676958086668265,4.904029123746218,4.9337013778447245,110558,48297.25,0.0522524635867075,-0.0075634174130403,-0.0598158809997478
2026-09-24T15:57:00-04:00,5.05,5.15,4.96,5.13,0,2.5613460501884857,6.066474009733218,4.925550159579911,4.97296110227578,85782,51139.9,0.0561925091698537,0.0104247554625693,-0.0457677537072844
2026-09-24T15:58:00-04:00,5.0931,5.13,5.03,5.04,0,2.5613460501884857,6.065645619905546,4.9364501443818245,4.986368881820623,57504,53225.05,0.0503900153562651,0.017219765488047,-0.0331702498682181
2026-09-24T15:59:00-04:00,5.05,5.13,5.0,5.04,0,2.5613460501884857,6.063445257964956,4.946312035393079,4.9970951054564985,151684,59930.6,0.0444140036127708,0.0223472546477454,-0.0220667489650253
2026-09-24T16:00:00-04:00,4.92,5.48,4.92,5.31,0,2.5613460501884857,6.0624856657679,4.980948984403263,5.059676084365199,80822,62712.4,0.0557720473354043,0.0476483102042299,-0.0081237371311743
2026-09-24T16:01:00-04:00,5.3398,5.37,5.11,5.16,0,2.5613460501884857,6.061524266867802,4.998001462079142,5.079740867492159,78930,66377.75,0.0504687992067077,0.0549622618772103,0.0044934626705026
2026-09-24T16:02:00-04:00,5.2,5.25,5.03,5.05,0,2.5613460501884857,6.060804916627838,5.002953703785891,5.0737926939937275,52744,67786.95,0.0374382591090944,0.0512912865568706,0.0138530274477762
2026-09-24T16:03:00-04:00,5.07,5.1,4.95,4.98,0,2.5613460501884857,6.060280945853502,5.000767636758663,5.055034155194982,34806,63302.55,0.0227148617389662,0.0422466046214839,0.0195317428825177
2026-09-24T16:04:00-04:00,5.0,5.0424,4.91,4.97,0,2.5613460501884857,6.059946812093836,4.997837385638791,5.038027324155986,21480,61298.7,0.0114795271103355,0.0338811517704371,0.0224016246601016
2026-09-24T16:05:00-04:00,5.0195,5.02,4.92,4.9246,0,2.5613460501884857,6.0597440140335355,4.990862396530335,5.0153418593247885,12816,59197.3,0.0007341079763151,0.0233192596304956,0.0225851516541804
2026-09-24T16:06:00-04:00,4.92,5.0,4.92,4.9319,0,2.5613460501884857,6.0596293929782234,4.985246930194112,4.998653487459831,7218,57527.65,-0.0057794312873378,0.0153608625450081,0.0211402938323459
2026-09-24T16:07:00-04:00,4.95,4.98,4.91,4.93,0,2.5613460501884857,6.0594992565183725,4.9799853177946725,4.9849227899678645,8119,56884.05,-0.0098730097562267,0.0087990316370625,0.0186720413932892
2026-09-24T16:08:00-04:00,4.91,4.9477,4.67,4.71,0,2.5613460501884857,6.058715556735349,4.9542724303856565,4.929938231974291,42674,57410.4,-0.0261313414260264,-0.0139921353892438,0.0121392060367826
2026-09-24T16:09:00-04:00,4.792,4.85,4.69,4.7831,0,2.5613460501884857,6.0584173176122365,4.937970294158451,4.900570585579433,16234,56640.9,-0.0303975002420792,-0.0258576692658163,0.0045398309762628
2026-09-24T16:10:00-04:00,4.85,4.88,4.82,4.82,0,2.5613460501884857,6.058031214031708,4.926735028048123,4.884456468463546,22161,55867.25,-0.0291644757241347,-0.0319157636789055,-0.0027512879547708
2026-09-24T16:11:00-04:00,4.8,4.86,4.8,4.82,0,2.5613460501884857,6.05788207643634,4.9165697872816345,4.871565174770837,8471,54805.25,-0.0268377068673624,-0.0362984215389738,-0.0094607146716114
2026-09-24T16:12:00-04:00,4.81,4.96,4.81,4.92,0,2.5613460501884857,6.057466377592891,4.916896474207193,4.88125213981667,25047,55091.75,-0.0175044383722102,-0.0313412626368743,-0.013836824264664
2026-09-24T16:13:00-04:00,4.96,4.96,4.9,4.9,0,2.5613460501884857,6.057320844455034,4.915287286187461,4.885001711853336,8953,53347.25,-0.011887120501472,-0.028695724891504,-0.016808604390032
2026-09-24T16:14:00-04:00,4.89,4.89,4.84,4.84,0,2.5613460501884857,6.057271053314495,4.908117068455321,4.876001369482669,2902,49449.05,-0.0114189709777181,-0.0310823181121797,-0.0196633471344615
2026-09-24T16:15:00-04:00,4.88,4.92,4.87,4.87,0,2.5613460501884857,6.057123931351037,4.904486871459576,4.874801095586135,8796,41885.05,-0.0084331457012336,-0.0302047792610036,-0.0217716335597699
2026-09-24T16:16:00-04:00,4.87,4.8978,4.86,4.86,0,2.5613460501884857,6.057054001813396,4.900250026558664,4.871840876468908,4132,36563.75,-0.0065592976410607,-0.0299707556110959,-0.0234114579700351
2026-09-24T16:17:00-04:00,4.86,4.88,4.86,4.87,0,2.5613460501884857,6.056997357968657,4.897369071648315,4.871472701175127,3340,32441.65,-0.0041893423267086,-0.0286481358784209,-0.0244587935517123
2026-09-24T16:18:00-04:00,4.83,4.87,4.8,4.8,0,2.5613460501884857,6.0568882855950426,4.888095826729428,4.8571781609401015,6189,29875.9,-0.0067285383172085,-0.0328694664482229,-0.0261409281310144
2026-09-24T16:19:00-04:00,4.8,4.86,4.795,4.855,0,2.5613460501884857,6.056800402031676,4.884943843231387,4.856742528752081,5042,22543.8,-0.0042190427128041,-0.0314147315220196,-0.0271956888092155
2026-09-24T16:20:00-04:00,4.866,4.98,4.8589,4.96,0,2.5613460501884857,6.056578458874088,4.892092048637921,4.877394023001664,13828,19194.1,0.004523822310198,-0.0215409109214679,-0.0260647332316659
2026-09-24T16:21:00-04:00,4.97,4.9804,4.91,4.94,0,2.5613460501884857,6.056394765899931,4.896654710672405,4.889915218401332,11557,15825.45,0.0087278084096123,-0.0151549727196504,-0.0238827811292628
2026-09-24T16:22:00-04:00,4.94,4.941,4.8,4.8,0,2.5613460501884857,6.05607674757637,4.887449500132176,4.871932174721065,18420,14109.25,0.0021885211353896,-0.0211471297100258,-0.0233356508454154
2026-09-24T16:23:00-04:00,4.79,4.8896,4.77,4.82,0,2.5613460501884857,6.05578974389755,4.881025738214825,4.861545739776853,16355,13186.7,-0.0005358033845956,-0.02400540507616,-0.0234696016915643
2026-09-24T16:24:00-04:00,4.85,5.25,4.84,5.16,0,2.5613460501884857,6.0550786658053815,4.907594715527699,4.921236591821482,51271,14676.25,0.0196967040606834,0.0011512783842899,-0.0185454256763935
2026-09-24T16:25:00-04:00,5.13,5.1759,5.03,5.1,0,2.5613460501884857,6.054920712689948,4.925919028334585,4.956989273457186,11622,14616.55,0.0276855292612788,0.016061485900205,-0.0116240433610738
2026-09-24T16:26:00-04:00,5.08,5.45,5.0503,5.28,0,2.5613460501884857,6.054322482085267,4.959641025636053,5.021591418765749,52823,16896.8,0.042834602607373,0.0419192098981424,-0.0009153927092305
2026-09-24T16:27:00-04:00,5.28,5.36,5.2277,5.27,0,2.5613460501884857,6.053975455440348,4.989199023194524,5.071273135012599,31709,18076.3,0.0494544564673,0.0609026778748944,0.0114482214075944
2026-09-24T16:28:00-04:00,5.29,5.2997,5.1739,5.24,0,2.5613460501884857,6.053719149905422,5.013084830509331,5.10501850801008,22058,17045.5,0.0489922671273608,0.0726885553167955,0.0236962881894346
2026-09-24T16:29:00-04:00,5.22,5.25,5.18,5.2,0,2.5613460501884857,6.0536749453763345,5.030886275222728,5.124014806408064,3680,16417.8,0.0433655791155768,0.0779032620839057,0.0345376829683288
2026-09-24T16:30:00-04:00,5.22,5.25,5.128,5.25,0,2.5613460501884857,6.053500833605908,5.051754249011039,5.149211845126451,14487,16034.1,0.0404415944893155,0.0850896760799733,0.0446480815906577
2026-09-24T16:31:00-04:00,5.24,5.2469,5.17,5.1989,0,2.5613460501884857,6.053451164528155,5.065768130057607,5.1591494761011605,4114,15816.25,0.0328207517044976,0.0856740212212798,0.0528532695167821
2026-09-24T16:32:00-04:00,5.19,5.19,5.11,5.13,0,2.5613460501884857,6.053348852437435,5.071885451004501,5.153319580880928,7899,14958.85,0.0214447468427421,0.0796592030702099,0.0582144562274677
2026-09-24T16:33:00-04:00,5.13,5.23,5.12,5.19,0,2.5613460501884857,6.053290898683581,5.08313445567074,5.160655664704742,4663,14744.35,0.0164886480637662,0.0788252663071755,0.0623366182434092
2026-09-24T16:34:00-04:00,5.19,5.2199,5.1316,5.142,0,2.5613460501884857,6.0531930252057435,5.088740697987812,5.156924531763794,7739,14986.2,0.0088863402742307,0.0734445435861976,0.0645582033119669
2026-09-24T16:35:00-04:00,5.1789,5.1789,5.09,5.1,0,2.5613460501884857,6.053086815386704,5.0898130124651635,5.145539625411035,8025,14947.65,0.0003866176949083,0.0650414754306023,0.064654857735694
2026-09-24T16:36:00-04:00,5.095,5.11,5.05,5.09,0,2.5613460501884857,6.052977498352243,5.089830820801814,5.134431700328828,7924,15137.25,-0.0061887335238701,0.0569189408308563,0.0631076743547265
2026-09-24T16:37:00-04:00,5.12,5.122,5.0824,5.1016,0,2.5613460501884857,6.052943705156096,5.0909516950111655,5.127865360263063,2498,15095.15,-0.0098206683649729,0.0508318388985102,0.0606525072634832
2026-09-24T16:38:00-04:00,5.11,5.15,5.03,5.05,0,2.5613460501884857,6.052802248611842,5.087051533581531,5.11229228821045,10187,15295.05,-0.0154282278816974,0.0413672224113614,0.0567954502930589
2026-09-24T16:39:00-04:00,5.05,5.2,5.02,5.1496,0,2.5613460501884857,6.052687613817546,5.0930085303832895,5.11975383056836,8671,15476.5,-0.0122957183135894,0.041425802401072,0.0537215207146615
2026-09-24T16:40:00-04:00,5.15,5.2,5.06,5.075,0,2.5613460501884857,6.052573070358723,5.091293432251548,5.1108030644546885,8560,15213.1,-0.0149383267020031,0.0350486123371576,0.0499869390391607
2026-09-24T16:41:00-04:00,5.075,5.11,5.07,5.1046,0,2.5613460501884857,6.052557314000619,5.092560724418067,5.10956245156375,1157,14693.1,-0.0143782892064457,0.0320140775311035,0.0463923667375493
2026-09-24T16:42:00-04:00,5.11,5.15,5.06,5.06,0,2.5613460501884857,6.052500337287277,5.089459703044917,5.099649961251,4163,13980.25,-0.0165427530330522,0.0257139254462339,0.0422566784792862
2026-09-24T16:43:00-04:00,5.08,5.0925,5.08,5.0925,0,2.5613460501884857,6.052483790393993,5.089749255135877,5.0982199690008,1207,13222.85,-0.0153433705748725,0.0230774652606955,0.038420835835568
2026-09-24T16:44:00-04:00,5.1169,5.1169,5.09,5.09,0,2.5613460501884857,6.052463345848626,5.089773135599127,5.09657597520064,1508,10734.7,-0.0142971156326978,0.0205494412946958,0.0348465569273936
2026-09-24T16:45:00-04:00,5.09,5.1,5.0631,5.0631,0,2.5613460501884857,6.052408738748874,5.087232836970639,5.089880780160512,3931,10350.15,-0.0149262494425199,0.0161887451242437,0.0311149945667636
2026-09-24T16:46:00-04:00,5.07,5.09,5.06,5.09,0,2.5613460501884857,6.052350510389297,5.087496376306769,5.08990462412841,4212,7919.6,-0.0131050939753748,0.0147336270975451,0.0278387210729199
2026-09-24T16:47:00-04:00,5.09,5.12,5.09,5.1185,0,2.5613460501884857,6.05227541276301,5.090449102372791,5.095623699302728,5603,6614.3,-0.0097116352161573,0.0156991770527232,0.0254108122688806
2026-09-24T16:48:00-04:00,5.12,5.12,5.03,5.03,0,2.5613460501884857,6.0522143246903415,5.084692045003954,5.082498959442183,4331,5727.95,-0.0129551098151751,0.0092169249999116,0.0221720348150868
2026-09-24T16:49:00-04:00,5.036,5.04,5.02,5.02,0,2.5613460501884857,6.052199790834102,5.07853089786072,5.069999167553746,997,5593.8,-0.015149243440796,0.0032354805140917,0.0183847239548878
2026-09-24T16:50:00-04:00,5.02,5.12,5.02,5.1004,0,2.5613460501884857,6.05212345578514,5.080613669493032,5.076079334042997,5525,5145.7,-0.0107670053638205,0.004925967250112,0.0156929726139326
2026-09-24T16:51:00-04:00,5.1,5.1,5.08,5.09,0,2.5613460501884857,6.052110259614953,5.081507605731791,5.078863467234397,965,4988.25,-0.008262652761928,0.0053646566615226,0.0136273094234506
2026-09-24T16:52:00-04:00,5.09,5.1,5.04,5.04,0,2.5613460501884857,6.05200593732999,5.077554500424002,5.0710907737875175,7399,4963.25,-0.0095749519269401,0.0016586195147754,0.0112335714417156
2026-09-24T16:53:00-04:00,5.09,5.29,5.04,5.2491,0,2.5613460501884857,6.051831809555598,5.093892167050288,5.106692619030014,14267,5443.45,0.0033463183594978,0.0154164693910878,0.01207015103159
2026-09-24T16:54:00-04:00,5.21,5.23,5.2,5.2,0,2.5613460501884857,6.051682988415528,5.103997674950261,5.125354095224011,12444,5678.7,0.0080262121540864,0.0221029162241981,0.0140767040701116
2026-09-24T16:55:00-04:00,5.19,5.2,5.15,5.1604,0,2.5613460501884857,6.051661010203149,5.109369324954998,5.132363276179208,1755,5365.2,0.0078832175049406,0.0239307259512875,0.0160475084463468
2026-09-24T16:56:00-04:00,5.14,5.17,5.12,5.17,0,2.5613460501884857,6.051649946080184,5.115143674959284,5.139890620943366,867,5012.35,0.0078466874424583,0.0258558677494198,0.0180091803069614
2026-09-24T16:57:00-04:00,5.17,5.2399,5.17,5.2161,0,2.5613460501884857,6.051619673910431,5.1247585630584,5.155132496754693,2528,5013.85,0.0101902628280151,0.0307470088419803,0.0205567460139652
2026-09-24T16:58:00-04:00,5.1996,5.1996,5.12,5.12,0,2.5613460501884857,6.051595053544984,5.124305366576648,5.148105997403754,1915,4600.25,0.0048046906386766,0.026562609312311,0.0217579186736343
2026-09-24T16:59:00-04:00,5.17,5.17,5.1,5.15,0,2.5613460501884857,6.051573739918888,5.126752474521729,5.148484797923004,1646,4249.0,0.0028934156268204,0.0253746882071599,0.0224812725803394
2026-09-24T17:00:00-04:00,5.15,5.15,5.13,5.13,0,2.5613460501884857,6.051568372690932,5.127061762662517,5.144787838338403,413,3841.65,6.24771014671e-05,0.0225593689571734,0.0224968918557062
2026-09-24T17:01:00-04:00,5.149,5.17,5.14,5.1699,0,2.5613460501884857,6.051542018290654,5.131141594789896,5.149810270670723,2081,3887.85,0.0006260494428259,0.0232794536592386,0.0226534042164127
2026-09-24T17:02:00-04:00,5.17,5.17,5.14,5.14,0,2.5613460501884857,6.051517086694656,5.1319852524289535,5.147848216536578,1947,3777.05,-0.0011682077883466,0.0211931444809794,0.022361352269326
2026-09-24T17:03:00-04:00,5.14,5.15,5.13,5.15,0,2.5613460501884857,6.051501052935854,5.133700942673815,5.148278573229263,1243,3778.85,-0.0017972616197264,0.0201147752446679,0.0219120368643944
2026-09-24T17:04:00-04:00,5.13,5.1916,5.13,5.14,0,2.5613460501884857,6.051451715444425,5.134300852895356,5.14662285858341,3870,3896.95,-0.0029352694461272,0.0182429500567353,0.0211782195028626
2026-09-24T17:05:00-04:00,5.1,5.2,5.1,5.14,0,2.5613460501884857,6.051386530754192,5.134843628810084,5.145298286866728,5073,3954.05,-0.0036877568148126,0.0165685234843468,0.0202562802991595
2026-09-24T17:06:00-04:00,5.12,5.2,5.1,5.11,0,2.5613460501884857,6.051347366292642,5.1324775689234095,5.138238629493382,3015,3894.2,-0.0060652855688735,0.0126746733380675,0.0187399589069411
2026-09-24T17:07:00-04:00,5.1,5.11,5.07,5.07,0,2.5613460501884857,6.051282390013718,5.126527324264037,5.124590903594706,4727,3850.4,-0.0099610774205214,0.0062886121312892,0.0162496895518107
2026-09-24T17:08:00-04:00,5.1093,5.1093,5.06,5.06,0,2.5613460501884857,6.051179811578696,5.120191388619843,5.111672722875765,7411,4004.4,-0.0126670300968486,0.0004159019307499,0.0130829320275985
2026-09-24T17:09:00-04:00,5.06,5.06,5.02,5.0203,0,2.5613460501884857,6.051087842751285,5.1106779230370005,5.093398178300612,6365,4272.8,-0.0163518780099491,-0.0073569154848378,0.0089949625251112
2026-09-24T17:10:00-04:00,5.05,5.066,5.05,5.066,0,2.5613460501884857,6.051082021446489,5.106422882747762,5.08791854264049,414,4017.25,-0.0149698149489216,-0.0097173061610407,0.0052525087878808
2026-09-24T17:11:00-04:00,5.056,5.065,5.04,5.065,0,2.5613460501884857,6.051057555851627,5.102477846295595,5.083334834112392,1733,4055.65,-0.0134305259450323,-0.0115356486434095,0.0018948773016228
2026-09-24T17:12:00-04:00,5.06,5.06,5.058,5.058,0,2.5613460501884857,6.051053667374539,5.09824186093411,5.078267867289914,276,3699.5,-0.0122256779368302,-0.0133872201194149,-0.0011615421825847
2026-09-24T17:13:00-04:00,5.05,5.08,5.05,5.06,0,2.5613460501884857,6.051038467350068,5.094599778940385,5.074614293831931,1084,3040.35,-0.0106913874216552,-0.0145257764596538,-0.0038343890379985
2026-09-24T17:14:00-04:00,5.06,5.06,5.04,5.05,0,2.5613460501884857,6.051016227263674,5.090352180946063,5.069691435065544,1565,2496.4,-0.0097724829008051,-0.0160499926640049,-0.0062775097631998
2026-09-24T17:15:00-04:00,5.05,5.05,5.02,5.05,0,2.5613460501884857,6.050982815599231,5.0865091160940565,5.065753148052435,2328,2525.05,-0.0086270107891121,-0.01706127324959,-0.0084342624604778
2026-09-24T17:16:00-04:00,5.07,5.07,5.0315,5.0315,0,2.5613460501884857,6.050953578902756,5.081270152656527,5.058902518441948,2046,2584.0,-0.0085605421196942,-0.0191349401100957,-0.0105743979904014
2026-09-24T17:17:00-04:00,5.0585,5.06,5.0585,5.06,0,2.5613460501884857,6.050933481673625,5.079244423832096,5.059122014753558,1428,2529.0,-0.006154914895069,-0.0182680416092377,-0.0121131267141687
2026-09-24T17:18:00-04:00,5.05,5.05,5.04,5.04,0,2.5613460501884857,6.050929004888781,5.075506859657611,5.055297611802846,313,2448.9,-0.0054903837583961,-0.0189761064121638,-0.0134857226537677
2026-09-24T17:19:00-04:00,5.05,5.08,5.05,5.08,0,2.5613460501884857,6.050901017981769,5.0759347777854575,5.060238089442277,2010,2467.1,-0.0021104002150497,-0.0161237229225799,-0.0140133227075301
2026-09-24T17:20:00-04:00,5.08,5.09,5.07,5.09,0,2.5613460501884857,6.0508322970434625,5.077274322758271,5.0661904715538215,5004,2696.65,0.0008846720816939,-0.0129074826054127,-0.0137921546871066
2026-09-24T17:21:00-04:00,5.08,5.09,5.08,5.09,0,2.5613460501884857,6.050813740657302,5.078486292019388,5.070952377243057,1356,2660.4,0.0028412898423194,-0.0102405423842073,-0.0130818322265268
2026-09-24T17:22:00-04:00,5.0708,5.08,5.07,5.07,0,2.5613460501884857,6.0507954971735485,5.0776780737318274,5.070761901794446,1315,2628.8,0.0027616261311048,-0.0096297995626457,-0.0123914256937506
2026-09-24T17:23:00-04:00,5.08,5.13,5.08,5.13,0,2.5613460501884857,6.050771148936643,5.082661114328796,5.082609521435557,1830,2658.15,0.0065089555468895,-0.0042552312601387,-0.0107641868070282
2026-09-24T17:24:00-04:00,5.1309,5.2,5.1309,5.2,0,2.5613460501884857,6.050729196412612,5.093836246297482,5.106087617148446,3383,2633.8,0.0130818703252157,0.0055881510994915,-0.0074937192257242
2026-09-24T17:25:00-04:00,5.2,5.2,5.15,5.1891,0,2.5613460501884857,6.050615163260005,5.1029089847453415,5.122690093718757,9226,2841.45,0.0158885789826795,0.0123670045026251,-0.0035215744800543
2026-09-24T17:26:00-04:00,5.19,5.24,5.19,5.23,0,2.5613460501884857,6.050555186097781,5.115012890960071,5.144152074975006,5089,2945.15,0.0194571120017596,0.0207998155221451,0.0013427035203855
2026-09-24T17:27:00-04:00,5.18,5.21,5.18,5.21,0,2.5613460501884857,6.050545108954475,5.124059282297207,5.1573216599800045,835,2750.55,0.0193852309536109,0.0255742422123992,0.0061890112587882
2026-09-24T17:28:00-04:00,5.2,5.2,5.19,5.2,0,2.5613460501884857,6.050522889543522,5.131291731602235,5.165857327984003,1834,2471.7,0.0176293707935907,0.0282257247507766,0.0105963539571859
2026-09-24T17:29:00-04:00,5.19,5.2,5.19,5.19,0,2.5613460501884857,6.050458616856197,5.136882995259165,5.170685862387203,5285,2417.7,0.0148698893392618,0.0291837156312633,0.0143138262920014
2026-09-24T17:30:00-04:00,5.17,5.17,5.04,5.07,0,2.5613460501884857,6.050384629651473,5.130513186186864,5.150548689909763,5449,2669.45,0.0045721795730813,0.0200290507583531,0.0154568711852717
2026-09-24T17:31:00-04:00,5.1077,5.1423,5.1,5.11,0,2.5613460501884857,6.050367344820927,5.1285595494071625,5.142438951927811,1306,2648.1,0.0002898825916084,0.0158192244247823,0.0155293418331738
2026-09-24T17:32:00-04:00,5.07,5.11,5.01,5.1,0,2.5613460501884857,6.0503118651869014,5.125839592320766,5.133951161542249,4003,2834.45,-0.00318912900234,0.0115429305802488,0.0147320595825888
2026-09-24T17:33:00-04:00,5.11,5.13,5.1,5.115,0,2.5613460501884857,6.050289151482342,5.124807250194978,5.130160929233799,1712,2865.85,-0.0043795710755303,0.0092575957381759,0.0136371668137062
2026-09-24T17:34:00-04:00,5.14,5.15,5.14,5.14,0,2.5613460501884857,6.050220379756761,5.126254178747837,5.13212874338704,5346,3054.9,-0.0034250186029263,0.0093558935600484,0.0127809121629747
2026-09-24T17:35:00-04:00,5.15,5.15,5.14,5.14,0,2.5613460501884857,6.050203902334418,5.127563304581376,5.1337029947096315,1281,3002.55,-0.0027636996076409,0.0093262876534234,0.0120899872610644
2026-09-24T17:36:00-04:00,5.1415,5.1415,5.1,5.12,0,2.5613460501884857,6.050165702432359,5.12684298985934,5.130962395767705,2897,3045.1,-0.0035908953554816,0.0076013680667124,0.011192263422194
2026-09-24T17:37:00-04:00,5.1,5.1,5.08,5.0991,0,2.5613460501884857,6.050121707751429,5.124200800348927,5.124589916614164,3241,3135.75,-0.0053569518595703,0.004496073597731,0.0098530254573014
2026-09-24T17:38:00-04:00,5.09,5.1,5.09,5.1,0,2.5613460501884857,6.050106197968843,5.121895962220457,5.119671933291332,1147,3177.45,-0.0062154538485918,0.0020837081465616,0.0082991619951534
2026-09-24T17:39:00-04:00,5.07,5.07,5.06,5.06,0,2.5613460501884857,6.050088369220605,5.116001108675652,5.107737546633065,1274,3140.65,-0.0090560903305154,-0.0030209509179908,0.0060351394125246
2026-09-24T17:40:00-04:00,5.06,5.06,5.035,5.0354,0,2.5613460501884857,6.050027443785432,5.108324812611304,5.093270037306453,4268,3103.85,-0.0119867467694381,-0.0089482940492731,0.003038452720165
2026-09-24T17:41:00-04:00,5.0395,5.0395,5.0,5.0299,0,2.5613460501884857,6.050006037471795,5.100855782838799,5.080596029845162,1470,3109.55,-0.0135739585207485,-0.0139289954307706,-0.000355036910022
2026-09-24T17:42:00-04:00,5.0199,5.02,4.94,4.94,0,2.5613460501884857,6.049957693672836,5.0855361844732,5.0524768238761295,3147,3201.15,-0.0195911939349773,-0.0248440293287437,-0.0052528353937663
2026-09-24T17:43:00-04:00,4.9484,4.95,4.93,4.948,0,2.5613460501884857,6.049870714167158,5.0724375002376565,5.031581459100904,5540,3386.65,-0.021777247352262,-0.0324743945840939,-0.0106971472318319
2026-09-24T17:44:00-04:00,4.9444,4.9687,4.94,4.95,0,2.5613460501884857,6.049845688448411,5.060776785929308,5.015265167280723,1609,3297.95,-0.0217806648148798,-0.0379229782504317,-0.0161423134355518
2026-09-24T17:45:00-04:00,4.98,4.99,4.97,4.97,0,2.5613460501884857,6.049823229732307,5.052131377745565,5.006212133824579,1476,2910.45,-0.0192175087071544,-0.040164199319495,-0.0209466906123405
2026-09-24T17:46:00-04:00,4.97,4.97,4.94,4.96,0,2.5613460501884857,6.049795564393764,5.043356960817416,4.996969707059663,1785,2745.25,-0.0170507682117968,-0.0422601508770865,-0.0252093826652897
2026-09-24T17:47:00-04:00,4.96,4.98,4.94,4.95,0,2.5613460501884857,6.049659505406362,5.034465821691948,4.987575765647731,8780,3142.5,-0.0152072153097892,-0.0442184018025262,-0.029011186492737
2026-09-24T17:48:00-04:00,4.9502,4.9502,4.94,4.94,0,2.5613460501884857,6.049630148338429,5.025469076768905,4.978060612518185,1872,3144.4,-0.0136282118997644,-0.0460464513674425,-0.0324182394676781
2026-09-24T17:49:00-04:00,4.93,4.93,4.92,4.92,0,2.5613460501884857,6.049607333042548,5.015424402790914,4.966448490014548,1429,2951.6,-0.0129049121406256,-0.0485493796434601,-0.0356444675028345
2026-09-24T17:50:00-04:00,4.9,4.9,4.83,4.83,0,2.5613460501884857,6.049425928144281,4.997764935858446,4.939158792011638,10699,3214.1,-0.0171936909827704,-0.0571365812312976,-0.0399428902485271
2026-09-24T17:51:00-04:00,4.82,4.9,4.82,4.9,0,2.5613460501884857,6.04940730886049,4.988453989586213,4.9313270336093105,1117,3204.65,-0.0141491046078237,-0.0576292710083068,-0.043480166400483
2026-09-24T17:52:00-04:00,4.89,4.98,4.88,4.98,0,2.5613460501884857,6.0492855069520015,4.987648847720859,4.941061626887448,7794,3394.2,-0.0059972839247651,-0.0509767713064395,-0.0449794873816743
2026-09-24T17:53:00-04:00,4.99,5.0,4.95,4.955,0,2.5613460501884857,6.049257382234628,4.9845394336522055,4.9438493015099585,1836,3400.4,-0.0017588653090668,-0.0471780690180079,-0.045419203708941
2026-09-24T17:54:00-04:00,4.9558,4.97,4.95,4.95,0,2.5613460501884857,6.0492444227770825,4.9812499637805665,4.945079441207967,837,3174.95,0.0010848858846912,-0.044063096353077,-0.0451479822377682
2026-09-24T17:55:00-04:00,4.93,4.93,4.93,4.93,0,2.5613460501884857,6.049239283857582,4.976369014849084,4.942063552966373,324,3127.1,0.0019456747892759,-0.0427158887511733,-0.0446615635404493
2026-09-24T17:56:00-04:00,4.8996,4.8996,4.8996,4.8996,0,2.5613460501884857,6.049236025548899,4.969057680101552,4.933570842373099,200,2992.25,0.0008503190804886,-0.0435986646898385,-0.0444489837703271
2026-09-24T17:57:00-04:00,4.8901,4.9194,4.89,4.9,0,2.5613460501884857,6.049205459999665,4.962480758187119,4.926856673898479,1882,2924.3,0.0005499561774994,-0.0437615385484528,-0.0443114947259522
2026-09-24T17:58:00-04:00,4.9,4.94,4.9,4.94,0,2.5613460501884857,6.049193927486591,4.960339733597869,4.929485339118783,725,2903.2,0.0032895509091212,-0.0401995560895507,-0.0434891069986719
2026-09-24T17:59:00-04:00,4.99,5.0,4.98,5.0,0,2.5613460501884857,6.04915644887563,4.964116901826643,4.9435882712950265,2505,2964.75,0.0090597738339778,-0.0321643897061996,-0.0412241635401775
2026-09-24T18:00:00-04:00,4.99,5.01,4.96,4.976,0,2.5613460501884857,6.049101348671008,4.965248625462201,4.950070617036022,3644,2933.55,0.0110457183589126,-0.0274170155915367,-0.0384627339504493
2026-09-24T18:01:00-04:00,4.961,4.9754,4.95,4.9669,0,2.5613460501884857,6.049045037908691,4.965405899227705,4.953436493628817,3663,3043.2,0.0114813517672399,-0.0241110442413994,-0.0355923960086393
2026-09-24T18:02:00-04:00,4.94,4.97,4.94,4.96,0,2.5613460501884857,6.049029313122143,4.964891051682209,4.954749194903053,1016,2936.65,0.0110366741163644,-0.0217965533631838,-0.0328332274795482
2026-09-24T18:03:00-04:00,4.95,4.96,4.95,4.96,0,2.5613460501884857,6.048984385444229,4.964425237236284,4.9557993559224425,2903,2804.8,0.0104787323528335,-0.0197348120385063,-0.0302135443913398
2026-09-24T18:04:00-04:00,4.96,4.96,4.88,4.88,0,2.5613460501884857,6.0489339420115,4.956384738451876,4.940639484737954,3117,2880.2,0.004749750810906,-0.0242763558777072,-0.0290261066886133
2026-09-24T18:05:00-04:00,4.9,4.9,4.88,4.88,0,2.5613460501884857,6.048920538878591,4.94911000145646,4.928511587790363,814,2847.1,0.001174571857227,-0.0275578918670795,-0.0287324637243066
2026-09-24T18:06:00-04:00,4.8835,4.9,4.86,4.88,0,2.5613460501884857,6.048862813494122,4.9425280965558445,4.91880927023229,3486,2932.15,-0.0008659056586261,-0.0298148457975893,-0.0289489401389631
2026-09-24T18:07:00-04:00,4.8831,4.8831,4.8805,4.8805,0,2.5613460501884857,6.048818077144337,4.936620658788621,4.911147416185832,2705,2628.4,-0.0018036144361884,-0.0312034581841986,-0.0293998437480102
2026-09-24T18:08:00-04:00,4.9,4.91,4.88,4.91,0,2.5613460501884857,6.0487925929326165,4.93408535795161,4.910917932948665,1566,2613.1,-0.0001461498363145,-0.0295825310434034,-0.0294363812070888
2026-09-24T18:09:00-04:00,4.88,4.88,4.87,4.8746,0,2.5613460501884857,6.048784843820758,4.928420085765743,4.903654346358932,466,2564.95,-0.0010904011502082,-0.0307993826448491,-0.0297089814946409
2026-09-24T18:10:00-04:00,4.8746,4.8746,4.87,4.87,0,2.5613460501884857,6.048781508609555,4.922856268073767,4.896923477087146,200,2040.0,-0.0016477890906923,-0.0317687178580063,-0.030120928767314
2026-09-24T18:11:00-04:00,4.87,4.9,4.87,4.9,0,2.5613460501884857,6.048753670415394,4.92067948063817,4.8975387816697165,1696,2068.95,0.00027836744611,-0.0297729694596764,-0.0300513369057865
2026-09-24T18:12:00-04:00,4.87,4.87,4.87,4.87,0,2.5613460501884857,6.048736973718557,4.915852863434535,4.892031025335773,1000,1729.25,-0.0001695050462356,-0.0302632182135811,-0.0300937131673454
2026-09-24T18:13:00-04:00,4.9,4.94,4.9,4.9399,0,2.5613460501884857,6.048701832597143,4.91814306691696,4.901604820268618,2211,1748.0,0.0042938762263282,-0.0247263678844351,-0.0290202441107633
2026-09-24T18:14:00-04:00,4.93,4.93,4.93,4.93,0,2.5613460501884857,6.048698663489306,4.919272298639154,4.907283856214894,200,1716.15,0.0064991222051153,-0.0208963413543692,-0.0273954635594845
2026-09-24T18:15:00-04:00,4.91,4.91,4.91,4.91,0,2.5613460501884857,6.048696905455142,4.918389222578282,4.907827084971915,109,1705.4,0.0065140388722072,-0.0192529149692255,-0.0257669538414327
2026-09-24T18:16:00-04:00,4.9,4.91,4.9,4.91,0,2.5613460501884857,6.048676394727925,4.917590248999399,4.908261667977532,1268,1758.8,0.0064168240682308,-0.0177459237561441,-0.024162747824375
2026-09-24T18:19:00-04:00,4.91,4.91,4.9,4.9,0,2.5613460501884857,6.048668283497863,4.915914987189932,4.906609334382026,500,1689.7,0.005601621712982,-0.0171607206831474,-0.0227623423961295
2026-09-24T18:20:00-04:00,4.91,4.91,4.9,4.9,0,2.5613460501884857,6.048653667351328,4.914399274124224,4.90528746750562,901,1698.5,0.0050045423340479,-0.0165066644785696,-0.0215112068126175
2026-09-24T18:21:00-04:00,4.9,4.91,4.9,4.91,0,2.5613460501884857,6.0486263489044765,4.913980295636203,4.906229974004496,1689,1657.7,0.0052022483724766,-0.0150083963470217,-0.0202106447194983
2026-09-24T18:22:00-04:00,4.91,4.91,4.9,4.9,0,2.5613460501884857,6.048616535189055,4.912648838908946,4.904983979203597,605,1505.75,0.0045995361830269,-0.0144612244907147,-0.0190607606737416
2026-09-24T18:23:00-04:00,4.91,4.92,4.91,4.91,0,2.5613460501884857,6.048603462912413,4.912396568536665,4.905987183362877,813,1363.25,0.0047926025269278,-0.0130700075150818,-0.0178626100420096
2026-09-24T18:24:00-04:00,4.94,4.94,4.94,4.94,0,2.5613460501884857,6.048599584730851,4.915025466771269,4.912789746690302,247,1324.8,0.0067397565477178,-0.0094379143573624,-0.0161776709050802
2026-09-24T18:25:00-04:00,4.97,4.98,4.9362,4.98,0,2.5613460501884857,6.048587618613899,4.921213517554958,4.926231797352242,780,1218.65,0.0103070810804584,-0.0032938195545071,-0.0136009006349656
2026-09-24T18:26:00-04:00,4.98,5.06,4.9601,5.0,0,2.5613460501884857,6.048543175193596,4.928716992073533,4.9409854378817935,3012,1213.4,0.0134030468563967,0.0031529079355303,-0.0102501389208664
2026-09-24T18:27:00-04:00,5.04,5.04,5.02,5.03,0,2.5613460501884857,6.0484651283529915,4.938362992828435,4.958788350305435,5411,1443.25,0.0166489068367258,0.0105609946250408,-0.0060879122116849
2026-09-24T18:28:00-04:00,5.0315,5.126,5.03,5.12,0,2.5613460501884857,6.048395568137272,4.9556617554162035,4.991030680244347,5136,1525.75,0.0236096778593869,0.0234241851125487,-0.0001854927468382
2026-09-24T18:29:00-04:00,5.12,5.15,5.12,5.15,0,2.5613460501884857,6.048294617786074,4.974170159662279,5.022824544195478,7849,1782.95,0.0286511169738106,0.035628403470425,0.0069772864966144
2026-09-24T18:30:00-04:00,5.1469,5.15,5.13,5.1497,0,2.5613460501884857,6.0481192489888125,4.99088728731349,5.048199635356382,13688,2389.05,0.0302262985580437,0.0447601596941691,0.0145338611361253
2026-09-24T18:31:00-04:00,5.14,5.15,5.0414,5.0414,0,2.5613460501884857,6.04807402404028,4.995698021855063,5.0468397082851055,3292,2530.35,0.0225851239125388,0.0427652660267989,0.02018014211426
2026-09-24T18:32:00-04:00,5.08,5.1,5.05,5.05,0,2.5613460501884857,6.048054589578176,5.000869638821247,5.047471766628084,1399,2590.3,0.0169766875684719,0.04140100157485,0.024424314006378
2026-09-24T18:33:00-04:00,5.05,5.05,4.9908,4.9908,0,2.5613460501884857,6.048047246647387,4.999910625600176,5.036137413302468,500,2530.5,0.008570804799882,0.0351378200062306,0.0265670152063486
2026-09-24T18:34:00-04:00,5.05,5.09,5.0185,5.09,0,2.5613460501884857,6.04803444649717,5.008490566019207,5.0469099306419745,921,2526.55,0.0089413704236204,0.0377437282358741,0.0288023578122537
2026-09-24T18:35:00-04:00,5.0864,5.1,5.03,5.0916,0,2.5613460501884857,6.047943558359442,5.016405750207854,5.055847944513579,6592,2745.6,0.0085444350288296,0.0394829015982907,0.0309384665694611
2026-09-24T18:36:00-04:00,5.14,5.1549,5.0909,5.14,0,2.5613460501884857,6.047848322573107,5.028176631140439,5.072678355610863,7320,3101.6,0.0106544450447651,0.0442565228754174,0.0336020778306523
2026-09-24T18:37:00-04:00,5.17,5.17,5.09,5.09,0,2.5613460501884857,6.0478262106096,5.034064571031825,5.0761426844886905,1678,3180.05,0.0079212079097913,0.0435035877178915,0.0355823798081002
2026-09-24T18:38:00-04:00,5.1385,5.14,5.13,5.1301,0,2.5613460501884857,6.047794053533142,5.043210802362127,5.086934147590952,2485,3240.9,0.0080275155718411,0.0456167742729016,0.0375892587010605
2026-09-24T18:39:00-04:00,5.095,5.11,5.09,5.09,0,2.5613460501884857,6.047726142460289,5.047666916422877,5.087547318072762,5046,3468.2,0.0047715491082674,0.0435536950863948,0.0387821459781273
2026-09-24T18:40:00-04:00,5.1,5.1099,5.09,5.09,0,2.5613460501884857,6.047702403303044,5.051698638668317,5.088037854458209,1764,3511.35,0.0021270704965632,0.0414409840988314,0.0393139136022681
2026-09-24T18:41:00-04:00,5.0883,5.09,5.05,5.05,0,2.5613460501884857,6.047687820465917,5.0515368635570495,5.080430283566567,1047,3479.25,-0.0025530660140892,0.0361225810846566,0.0386756470987458
2026-09-24T18:42:00-04:00,5.0416,5.0416,5.03,5.03,0,2.5613460501884857,6.047601758132882,5.049485733694473,5.070344226853254,6000,3749.0,-0.006981600738876,0.0299486461751508,0.0369302469140268
2026-09-24T18:43:00-04:00,5.0,5.0001,4.9506,4.9506,0,2.5613460501884857,6.0475273913581615,5.04006804477119,5.046395381482603,4865,3951.6,-0.014795141980992,0.0184363194377867,0.0332314614187788
2026-09-24T18:44:00-04:00,4.96,5.0,4.9596,4.9596,0,2.5613460501884857,6.047514258187032,5.032404421459648,5.029036305186082,864,3982.45,-0.0186455383837137,0.0099245384391366,0.0285700768228504
2026-09-24T18:45:00-04:00,4.96,5.0,4.95,4.9961,0,2.5613460501884857,6.047469175579062,5.0289468575111105,5.022449044148866,2991,4093.0,-0.0180125855295016,0.0060543449109733,0.0240669304404749
2026-09-24T18:47:00-04:00,4.96,4.96,4.95,4.95,0,2.5613460501884857,6.0474502925996365,5.0214281091767194,5.007959235319093,1220,4003.4,-0.0198330213578207,-0.0007243462568009,0.0191086751010198
2026-09-24T18:50:00-04:00,5.0,5.0,4.97,4.97,0,2.5613460501884857,6.047433229473312,5.016530194017032,5.000367388255274,1130,3789.35,-0.018832212382236,-0.0044315903767753,0.0144006220054607
2026-09-24T18:51:00-04:00,4.98,5.0,4.98,5.0,0,2.5613460501884857,6.04742279169636,5.014955889824934,5.000293910604219,700,3567.55,-0.0154344668208559,-0.0048924615206091,0.0105420053002467
2026-09-24T18:52:00-04:00,5.0304,5.07,5.03,5.07,0,2.5613460501884857,6.04740165743642,5.020198186032084,5.014235128483375,1508,3250.5,-0.0081245984560512,0.0003862572301827,0.0085108556862339
2026-09-24T18:53:00-04:00,5.03,5.03,5.03,5.03,0,2.5613460501884857,6.047400002396354,5.021131692124266,5.0173881027867,115,2571.85,-0.0057473081037648,0.0013267205565279,0.0070740286602927
2026-09-24T18:54:00-04:00,5.05,5.05,5.05,5.05,0,2.5613460501884857,6.047380250580371,5.023881054779098,5.02391048222936,1400,2477.25,-0.0027441244715729,0.0036438730708265,0.0063879975423995
2026-09-24T18:55:00-04:00,5.0397,5.0397,5.0397,5.0397,0,2.5613460501884857,6.047365996925659,5.025387620990612,5.027068385783489,1000,2457.3,-0.0014334957045545,0.0045961279117063,0.0060296236162608
2026-09-24T18:56:00-04:00,5.0003,5.0003,5.0003,5.0003,0,2.5613460501884857,6.047364515851075,5.022998323753411,5.021714708626791,100,2437.3,-0.0031062596528856,0.0021467990501538,0.0052530587030394
2026-09-24T18:57:00-04:00,5.0,5.02,5.0,5.02,0,2.5613460501884857,6.0473557108522655,5.022712769110229,5.021371766901433,602,2421.35,-0.0027825635812881,0.0017748542264293,0.0045574178077174
2026-09-24T18:58:00-04:00,5.01,5.01,5.01,5.01,0,2.5613460501884857,6.0473524827431495,5.021502029194969,5.019097413521147,220,2102.75,-0.0031135363201421,0.0006654974075397,0.0037790337276819
2026-09-24T18:59:00-04:00,5.01,5.06,5.0,5.06,0,2.5613460501884857,6.047306318641185,5.025168502604972,5.0272779308169175,3240,1898.75,-1.3364403295e-06,0.0037773631772699,0.0037786996175995
2026-09-24T19:01:00-04:00,5.01,5.01,5.0,5.0005,0,2.5613460501884857,6.047128740470338,5.022819121404498,5.021922344653534,12030,2416.35,-0.0018822004708578,0.0014259490290271,0.003308149499885
2026-09-24T19:02:00-04:00,4.99,4.99,4.95,4.95,0,2.5613460501884857,6.0470862409357045,5.015883966985022,5.007537875722828,2773,2430.75,-0.0062153733382423,-0.0044610671729179,0.0017543061653244
2026-09-24T19:03:00-04:00,4.9509,4.98,4.9507,4.98,0,2.5613460501884857,6.047061983249355,5.012466446319782,5.002030300578262,1593,2258.1,-0.0067069657631145,-0.0066294010385687,7.75647245457e-05
2026-09-24T19:04:00-04:00,4.9869,4.9869,4.9869,4.9869,0,2.5613460501884857,6.047060394136809,5.0100315466702785,4.99900424046261,106,2175.2,-0.0062238614057046,-0.007702262032585,-0.0014784006268803
2026-09-24T19:05:00-04:00,4.9891,4.99,4.9801,4.9801,0,2.5613460501884857,6.047050015880164,5.007180923177871,4.995223392370088,690,2157.35,-0.0060152776720836,-0.0089974977169848,-0.0029822200449012
2026-09-24T19:06:00-04:00,4.98,5.0,4.98,5.0,0,2.5613460501884857,6.047043817375122,5.00649702573236,4.99617871389607,416,1878.15,-0.0042720507925767,-0.0083222835356222,-0.0040502327430454
2026-09-24T19:07:00-04:00,4.99,5.0,4.99,5.0,0,2.5613460501884857,6.047028979408449,5.005878261376897,4.996942971116856,999,1684.85,-0.0029185567958458,-0.0076984287378527,-0.0047798719420069
2026-09-24T19:08:00-04:00,4.96,5.0,4.96,5.0,0,2.5613460501884857,6.047018708608131,5.0053184269600495,4.9975543768934845,685,1675.9,-0.001873640230208,-0.0071219222297669,-0.0052482819995589
2026-09-24T19:09:00-04:00,5.0,5.0,4.97,5.0,0,2.5613460501884857,6.047005241902633,5.004811910106711,4.998043501514788,901,1571.4,-0.0010726398681717,-0.0065890818347735,-0.0055164419666018
2026-09-24T19:10:00-04:00,5.0,5.18,4.98,5.18,0,2.5613460501884857,6.046860343215755,5.021496490096548,5.03443480121183,10977,2059.25,0.0110231130307324,0.0082624493218137,-0.0027606637089187
2026-09-24T19:11:00-04:00,5.18,5.1805,5.18,5.18,0,2.5613460501884857,6.04682304585688,5.036592062468306,5.0635478409694645,3044,2154.95,0.0180518152582595,0.0198041053639057,0.0017522901056461
2026-09-24T19:12:00-04:00,5.14,5.23,5.14,5.1519,0,2.5613460501884857,6.046709262407813,5.047573770804657,5.081218272775572,9222,2581.05,0.0197017120131482,0.0263794301220814,0.0066777181089332
2026-09-24T19:13:00-04:00,5.17,5.18,5.1,5.18,0,2.5613460501884857,6.046660797561209,5.060185792632785,5.100974618220457,3838,2697.55,0.0214354359079776,0.0334720129939052,0.0120365770859276
2026-09-24T19:14:00-04:00,5.2,5.2197,5.2,5.2,0,2.5613460501884857,6.046627087189505,5.073501431429663,5.120779694576366,2839,2833.75,0.0225650375874096,0.0402428740701896,0.01767783648278
2026-09-24T19:15:00-04:00,5.22,5.32,5.22,5.2791,0,2.5613460501884857,6.046443612733408,5.093082247483981,5.152443755661093,16784,3602.95,0.0269769652259333,0.0513990430151967,0.0244220777892633
2026-09-24T19:16:00-04:00,5.3,5.3,5.2724,5.2724,0,2.5613460501884857,6.046426342158448,5.110160128675982,5.176435004528874,1598,3632.85,0.0276778691330342,0.0590194142055562,0.0313415450725219
2026-09-24T19:17:00-04:00,5.2668,5.27,5.15,5.18,0,2.5613460501884857,6.046410506854355,5.116811544992555,5.177148003623099,1324,3694.05,0.0204837754671719,0.0569462644064868,0.0364624889393149
2026-09-24T19:18:00-04:00,5.2483,5.27,5.1316,5.24,0,2.5613460501884857,6.04636659402238,5.128543778802788,5.189718402898479,3733,3850.6,0.0183975018498174,0.0594593662515867,0.0410618644017692
2026-09-24T19:19:00-04:00,5.2282,5.2666,5.16,5.16,0,2.5613460501884857,6.046355894722787,5.131539609392998,5.183774722318783,890,3884.1,0.0106456722317535,0.0543689546914611,0.0437232824597076
2026-09-24T19:20:00-04:00,5.184,5.184,5.16,5.16,0,2.5613460501884857,6.046272888327268,5.134250122784142,5.179019777855027,6689,4056.55,0.0048302950553735,0.0497611512789246,0.044930856223551
2026-09-24T19:21:00-04:00,5.16,5.2943,5.16,5.2943,0,2.5613460501884857,6.046200494291062,5.149492968233271,5.202075822284021,6432,3776.65,0.0090932034663769,0.0562973605565222,0.0472041570901453
2026-09-24T19:22:00-04:00,5.3,5.3,5.24,5.24,0,2.5613460501884857,6.04614230101209,5.1581126855443875,5.209660657827217,5240,3900.0,0.0073927806856103,0.0564451329471582,0.0490523522615478
2026-09-24T19:23:00-04:00,5.25,5.31,5.25,5.29,0,2.5613460501884857,6.046125923109544,5.170673382159208,5.225728526261774,1520,3896.35,0.0086831291083432,0.0599062636469769,0.0512231345386337
2026-09-24T19:24:00-04:00,5.27,5.27,5.27,5.27,0,2.5613460501884857,6.046124421175642,5.180133060048807,5.234582821009419,137,3897.9,0.0072933657091525,0.0603398416750744,0.0530464759659218
2026-09-24T19:25:00-04:00,5.24,5.24,5.19,5.2,0,2.5613460501884857,6.04610034022153,5.182025149567969,5.227666256807535,2039,3965.35,0.0010891075896048,0.0544078604529278,0.053318752863323
2026-09-24T19:26:00-04:00,5.2,5.28,5.2,5.22,0,2.5613460501884857,6.046046857222376,5.185641801990067,5.226133005446028,4659,4177.5,-0.0020664376386344,0.0507357058150299,0.0528021434536644
2026-09-24T19:27:00-04:00,5.2676,5.2685,5.238,5.26,0,2.5613460501884857,6.046016655252448,5.19272353513387,5.2329064043568225,2705,4262.8,-0.0018646266891001,0.0504713600922892,0.0523359867813894
2026-09-24T19:28:00-04:00,5.26,5.28,5.22,5.23,0,2.5613460501884857,6.045966550400486,5.19627367464493,5.232325123485458,4420,4449.55,-0.0040320557994229,0.0472959170321107,0.0513279728315336
2026-09-24T19:29:00-04:00,5.2227,5.28,5.2227,5.28,0,2.5613460501884857,6.045957558828443,5.204247610393032,5.241860098788366,811,4445.05,-0.002456255487807,0.0482576534717749,0.0507139089595819
2026-09-24T19:30:00-04:00,5.28,5.3,5.27,5.27,0,2.5613460501884857,6.045888940952026,5.210509742736552,5.247488079030693,6344,4213.4,-0.0024403390750987,0.0476634851157085,0.0501038241908072
2026-09-24T19:31:00-04:00,5.2954,5.2954,5.27,5.27,0,2.5613460501884857,6.045880314901867,5.216175481523547,5.251990463224554,796,4101.0,-0.0027592233703494,0.0466547949778703,0.0494140183482198
2026-09-24T19:32:00-04:00,5.29,5.3,5.29,5.3,0,2.5613460501884857,6.045867154082067,5.224158768997495,5.261592370579643,1244,3702.1,-0.0013504190787681,0.0477259944997596,0.0490764135785278
2026-09-24T19:33:00-04:00,5.3031,5.32,5.3006,5.32,0,2.5613460501884857,6.0458302279409715,5.233286505283448,5.2732738964637145,3571,3688.75,0.0004323163393113,0.0496168090026669,0.0491844926633556
2026-09-24T19:34:00-04:00,5.31,5.3132,5.21,5.22,0,2.5613460501884857,6.045758010586296,5.232021123827881,5.2626191171709715,6409,3867.25,-0.0053031343877214,0.0425555746787038,0.0478587090664252
2026-09-24T19:35:00-04:00,5.31,5.32,5.23,5.3,0,2.5613460501884857,6.045719734054771,5.23849530251094,5.2700952937367775,3556,3205.85,-0.003950910331385,0.0429200711521939,0.046870981483579
2026-09-24T19:36:00-04:00,5.32,5.34,5.3197,5.32,0,2.5613460501884857,6.045668627387148,5.246257654652755,5.280076234989422,5034,3377.65,-0.0020472097566148,0.0443119692878104,0.0463591790444253
2026-09-24T19:37:00-04:00,5.34,5.35,5.34,5.3415,0,2.5613460501884857,6.0456397968078885,5.255328354209635,5.292360987991538,2910,3456.95,0.0002027429870565,0.046612607778246,0.0464098647911894
2026-09-24T19:38:00-04:00,5.2873,5.3,5.28,5.3,0,2.5613460501884857,6.0455665373299645,5.25958279666586,5.29388879039323,6899,3615.25,-0.0014692012713076,0.0445733632020548,0.0460425644733625
2026-09-24T19:39:00-04:00,5.29,5.3,5.29,5.2999,0,2.5613460501884857,6.045536706476589,5.263422530316731,5.295091032314584,2822,3711.85,-0.0028662686210597,0.0424597286970378,0.0453259973180976
2026-09-24T19:40:00-04:00,5.29,5.3467,5.29,5.3467,0,2.5613460501884857,6.045526373518701,5.271353717905614,5.3054128258516675,1020,3428.4,-0.0010182306317027,0.0440532090284691,0.0450714396601718
2026-09-24T19:41:00-04:00,5.2933,5.35,5.29,5.35,0,2.5613460501884857,6.045498369661897,5.2788438400098405,5.314330260681334,2773,3245.45,-6.8483115622e-06,0.045062879270719,0.0450697275822813
2026-09-24T19:42:00-04:00,5.32,5.36,5.32,5.3231,0,2.5613460501884857,6.0454582651384845,5.283058712389856,5.3160842085450675,3996,3183.25,-0.0015001617272311,0.0431945254232424,0.0446946871504735
2026-09-24T19:43:00-04:00,5.36,5.39,5.34,5.3802,0,2.5613460501884857,6.0454084271979855,5.292310263590823,5.328907366836054,5229,3368.7,0.00087901498346,0.0457934558797985,0.0449144408963385
2026-09-24T19:44:00-04:00,5.39,5.4,5.36,5.3894,0,2.5613460501884857,6.045358495464472,5.301556905153602,5.341005893468843,5343,3629.0,0.0025018035583548,0.0480416953442821,0.0455398917859272
2026-09-24T19:45:00-04:00,5.4,5.4,5.3346,5.3346,0,2.5613460501884857,6.045316762360498,5.304703866567544,5.339724714775074,4293,3741.7,-0.0005245991559239,0.0448841428410222,0.0454087419969462
2026-09-24T19:46:00-04:00,5.34,5.36,5.3126,5.35,0,2.5613460501884857,6.045292619451245,5.309017784037302,5.341779771820059,2429,3630.2,-0.0018251802016859,0.0431272667448388,0.0449524469465247
2026-09-24T19:47:00-04:00,5.35,5.39,5.3477,5.3697,0,2.5613460501884857,6.045277078701249,5.314797042700416,5.347363817456047,1629,3576.4,-0.0016972951435251,0.0428308280171183,0.0445281231606434
2026-09-24T19:48:00-04:00,5.36,5.362,5.34,5.349,0,2.5613460501884857,6.045262194895495,5.318054467205139,5.347691053964838,1518,3431.3,-0.0032551442907556,0.0404591927971988,0.0437143370879545
2026-09-24T19:49:00-04:00,5.3398,5.34,5.28,5.28,0,2.5613460501884857,6.04523499406025,5.314430232233221,5.3341528431718706,2587,3520.1,-0.0088628879834112,0.0326357271086905,0.0414986150921017
2026-09-24T19:50:00-04:00,5.23,5.26,5.23,5.25,0,2.5613460501884857,6.045208293361544,5.308294019639581,5.317322274537497,2370,3321.4,-0.014205970723537,0.0237411516876804,0.0379471224112175
2026-09-24T19:51:00-04:00,5.2211,5.2806,5.2,5.2806,0,2.5613460501884857,6.045084805006507,5.305656493959621,5.309977819629998,11061,3834.65,-0.0152033471714875,0.018942938446858,0.0341462856183456
2026-09-24T19:52:00-04:00,5.36,5.36,5.28,5.3,0,2.5613460501884857,6.045012517828471,5.305117780249181,5.307982255703998,7004,4122.65,-0.0141047413155689,0.0165153589738844,0.0306201002894533
2026-09-24T19:53:00-04:00,5.32,5.35,5.32,5.3492,0,2.5613460501884857,6.044973704940412,5.309316086892116,5.3162258045631985,3902,4139.2,-0.0098160911515161,0.0183499863500582,0.0281660775015743
2026-09-24T19:54:00-04:00,5.33,5.47,5.33,5.445,0,2.5613460501884857,6.044931398130895,5.322238364330961,5.341980643650559,4762,4056.85,-0.0007565251535834,0.0272204210595949,0.0279769462131784
2026-09-24T19:55:00-04:00,5.4498,5.4498,5.42,5.4477,0,2.5613460501884857,6.044909102130248,5.334187091537537,5.363124514920448,2610,4009.55,0.0048787408136215,0.0340753722302054,0.0291966314165838
2026-09-24T19:56:00-04:00,5.42,5.42,5.41,5.41,0,2.5613460501884857,6.044900195738133,5.341407368533962,5.372499611936358,1000,3807.85,0.0054829586520304,0.0360503297316219,0.0305673710795914
2026-09-24T19:57:00-04:00,5.4485,5.5,5.4,5.5,0,2.5613460501884857,6.044755438435838,5.356511428673585,5.397999689549087,17757,4550.2,0.0110391577910562,0.0443663183184117,0.0333271605273555
2026-09-24T19:58:00-04:00,5.5,5.79,5.4742,5.79,0,2.5613460501884857,6.044662084815747,5.397796054514195,5.47639975163927,18397,5125.1,0.0321462700233711,0.0735099980565694,0.0413637280331983
2026-09-24T19:59:00-04:00,5.75,5.78,5.69,5.718,0,2.785979759694344,6.044604086452481,5.428291668369987,5.524719801311416,13052,5636.6,0.0387186614563428,0.0897620548536268,0.051043393397284
