time,open,high,low,close,Nested Reclaim Evidence Marker,Reclaim Entry Marker,Extended Resistance Entry Marker,Long Resistance Entry Marker,High Quality Reclaim Entry Marker,Strong Reclaim Entry,Support Zone Low,Support Zone High,Highest Resistance Rejection,Former Support / Resistance Line,Prior Advance Percent,Entry Body Expansion,Entry Volume vs Resistance,Entry Volume vs Prior 3 Bars,Resistance Stage Bull / Bear Relative Volume,Distinct Resistance Attempts,Breakout Behavior Quality Score,Resistance Stage Bars,Resistance Stage Quiet Bars (%),Breakdown Volume vs Average,Breakdown Body / Range (%),Breakdown Close From Low (%),Entry Body / Range (%),Entry Candle Range (%),Gap To Recent High (%),Entry Volume vs Participation Average,Entry Distance From Support (%),Bullish Resistance Bars (%),Entry Gap Above EMA20 (%),Expansion Start Bar Index,Full Expansion Bars,Full Expansion Gain (%),Expansion Directional Efficiency (%),Expansion Maximum Drawdown (%),Expansion Bull Volume / Average,Expansion Bull Volume Share (%),Expansion Strength Score (0-5),Support To Entry Bars,Entry Is Close To Expansion,Entry Volume vs Previous Bar,Entry Range vs Prior 3 Bars,Entry Confirmation Score (0-5),Combined Confidence Score (0-11),Entry Has Recent Expansion Evidence,Entry Has Nested Reclaim Evidence,Entry Has Either Context Evidence,Nested Evidence Age (Bars),Nested Reclaim Cleared Resistance,Nested Reclaim Higher Resistance,EMA,VWAP,EMA.1,EMA.2,Volume,Volume MA
2026-10-01T08:30:00-04:00,5.0,5.17,5.0,5.17,0,0,0,0,0,0,,,,,,,,,,,,,,,,,,,,,,,,,,,,,,,,,,,,,,,,,,,,5.257380179796407,5.113333333333333,4.4404964608056865,4.482530803175454,390,412.6499999999923
2026-10-01T08:31:00-04:00,5.08,5.21,5.08,5.18,0,0,0,0,0,0,,,,,,,,,,,,,,,,,,,,,,,,,,,,,,,,,,,,,,,,,,,,5.257380179796407,5.132173913043478,4.510925369300383,4.622024642540363,300,417.4999999999924
2026-10-01T08:32:00-04:00,5.47,5.56,4.9,5.07,0,0,0,0,0,0,,,,,,,,,,,,,,,,,,,,,,,,,,,,,,,,,,,,,,,,,,,,5.257380179796407,5.175981521156936,4.564170572224156,4.71161971403229,44118,2580.8999999999924
2026-10-01T08:33:00-04:00,5.12,6.33,4.9358,6.0107,0,0,0,0,0,0,,,,,,,,,,,,,,,,,,,,,,,,,,,,,,,,,,,,,,,,,,,,5.257380179796407,5.670512358287763,4.701935279631379,4.971435771225832,250891,15109.599999999991
2026-10-01T08:34:00-04:00,5.97,6.98,5.91,6.91,0,0,0,0,0,0,,,,,,,,,,,,,,,,,,,,,,,,,,,,,,,,,,,,,,,,,,,,5.257380179796407,6.225210930007192,4.912227157761724,5.359148616980666,437643,36982.59999999999
2026-10-01T08:35:00-04:00,6.9,7.01,6.66,6.8493,0,0,0,0,0,0,,,,,,,,,,,,,,,,,,,,,,,,,,,,,,,,,,,,,,,,,,,,5.257380179796407,6.443372867970918,5.096710285593941,5.657178893584533,403607,57137.94999999999
2026-10-01T08:36:00-04:00,6.85,6.9207,6.41,6.7,0,0,0,0,0,0,,,,,,,,,,,,,,,,,,,,,,,,,,,,,,,,,,,,,,,,,,,,5.257380179796407,6.50326883760847,5.249404544108804,5.865743114867626,392203,76723.09999999999
2026-10-01T08:37:00-04:00,6.73,6.79,6.0,6.316,0,0,0,0,0,0,,,,,,,,,,,,,,,,,,,,,,,,,,,,,,,,,,,,,,,,,,,,5.257380179796407,6.47171024559148,5.35098506371749,5.955794491894101,468325,100134.35
2026-10-01T08:38:00-04:00,6.3146,6.33,5.72,6.03,0,0,0,0,0,0,,,,,,,,,,,,,,,,,,,,,,,,,,,,,,,,,,,,,,,,,,,,5.257380179796407,6.402619564897757,5.415653152887253,5.97063559351528,367086,118475.45
2026-10-01T08:39:00-04:00,6.03,6.57,6.0028,6.38,0,0,0,0,0,0,,,,,,,,,,,,,,,,,,,,,,,,,,,,,,,,,,,,,,,,,,,,5.257380179796407,6.389355358406564,5.507495709755133,6.052508474812224,437097,140301.8
2026-10-01T08:40:00-04:00,6.4192,6.75,6.36,6.51,0,0,0,0,0,0,,,,,,,,,,,,,,,,,,,,,,,,,,,,,,,,,,,,,,,,,,,,5.257380179796407,6.407961476509074,5.6029723088260734,6.144006779849779,394794,159990.65
2026-10-01T08:41:00-04:00,6.5366,6.69,6.47,6.53,0,0,0,0,0,0,,,,,,,,,,,,,,,,,,,,,,,,,,,,,,,,,,,,,,,,,,,,5.257380179796407,6.417251569490898,5.6912606603664475,6.221205423879823,203279,170076.2
2026-10-01T08:42:00-04:00,6.53,7.21,6.45,6.84,0,0,0,0,0,0,,,,,,,,,,,,,,,,,,,,,,,,,,,,,,,,,,,,,,,,,,,,5.257380179796407,6.481099924750866,5.800664406998214,6.344964339103859,616260,200844.2
2026-10-01T08:43:00-04:00,6.8415,6.92,6.45,6.63,0,0,0,0,0,0,,,,,,,,,,,,,,,,,,,,,,,,,,,,,,,,,,,,,,,,,,,,5.257380179796407,6.491530529679868,5.879648749188861,6.401971471283087,239181,212788.95
2026-10-01T08:44:00-04:00,6.66,6.75,6.49,6.6697,0,0,0,0,0,0,,,,,,,,,,,,,,,,,,,,,,,,,,,,,,,,,,,,,,,,,,,,5.257380179796407,6.496807938473798,5.954891725456588,6.455517177026469,160679,220817.9
2026-10-01T08:45:00-04:00,6.62,7.16,6.6,7.0143,0,0,0,0,0,0,,,,,,,,,,,,,,,,,,,,,,,,,,,,,,,,,,,,,,,,,,,,5.257380179796407,6.538412793838464,6.05578775160358,6.567273741621175,475525,244589.15
2026-10-01T08:46:00-04:00,7.0112,7.25,6.98,7.076,0,0,0,0,0,0,,,,,,,,,,,,,,,,,,,,,,,,,,,,,,,,,,,,,,,,,,,,5.257380179796407,6.572911338299381,6.152950822879429,6.66901899329694,318936,260530.95
2026-10-01T08:47:00-04:00,7.0904,7.57,7.06,7.5531,0,0,0,0,0,0,,,,,,,,,,,,,,,,,,,,,,,,,,,,,,,,,,,,,,,,,,,,5.257380179796407,6.649953850195633,6.286298363557579,6.845835194637552,539238,287487.85
2026-10-01T08:48:00-04:00,7.55,7.85,7.38,7.6,0,0,0,0,0,0,,,,,,,,,,,,,,,,,,,,,,,,,,,,,,,,,,,,,,,,,,,,5.257380179796407,6.703506411876341,6.411412805123524,6.996668155710042,339664,304466.05
2026-10-01T08:49:00-04:00,7.58,7.779,7.38,7.47,0,0,0,0,0,0,,,,,,,,,,,,,,,,,,,,,,,,,,,,,,,,,,,,,,,,,,,,5.257380179796407,6.747695880483874,6.512230633206998,7.091334524568033,338335,321377.55
2026-10-01T08:50:00-04:00,7.48,7.7,7.38,7.58,0,0,0,0,0,0,,,,,,,,,,,,,,,,,,,,,,,,,,,,,,,,,,,,,,,,,,,,5.257380179796407,6.778250251232489,6.61392295385395,7.189067619654427,253379,334027.0
2026-10-01T08:51:00-04:00,7.61,7.91,7.38,7.88,0,0,0,0,0,0,,,,,,,,,,,,,,,,,,,,,,,,,,,,,,,,,,,,,,,,,,,,5.257380179796407,6.819674663773944,6.734501720153574,7.327254095723542,306259,349324.95
2026-10-01T08:52:00-04:00,7.88,7.93,7.42,7.5108,0,0,0,0,0,0,,,,,,,,,,,,,,,,,,,,,,,,,,,,,,,,,,,,,,,,,,,,5.257380179796407,6.8542104010591896,6.808434889662758,7.363963276578834,315000,362869.05
2026-10-01T08:53:00-04:00,7.54,7.54,7.08,7.18,0,0,0,0,0,0,,,,,,,,,,,,,,,,,,,,,,,,,,,,,,,,,,,,,,,,,,,,5.257380179796407,6.869417963012767,6.84382204302821,7.327170621263067,279544,364301.7
2026-10-01T08:54:00-04:00,7.18,7.3138,7.16,7.2047,0,0,0,0,0,0,,,,,,,,,,,,,,,,,,,,,,,,,,,,,,,,,,,,,,,,,,,,5.257380179796407,6.875221127311608,6.878191372263618,7.302676497010453,125370,348688.05
2026-10-01T08:55:00-04:00,7.23,7.44,7.201,7.39,0,0,0,0,0,0,,,,,,,,,,,,,,,,,,,,,,,,,,,,,,,,,,,,,,,,,,,,5.257380179796407,6.883897681911656,6.926935051095654,7.320141197608362,145445,335779.95
2026-10-01T08:56:00-04:00,7.37,7.4,6.89,7.02,0,0,0,0,0,0,,,,,,,,,,,,,,,,,,,,,,,,,,,,,,,,,,,,,,,,,,,,5.257380179796407,6.891085860502796,6.935798379562735,7.260112958086689,265942,329466.9
2026-10-01T08:57:00-04:00,7.01,7.02,6.77,6.85,0,0,0,0,0,0,,,,,,,,,,,,,,,,,,,,,,,,,,,,,,,,,,,,,,,,,,,,5.257380179796407,6.890788375515274,6.927627105318665,7.178090366469352,223864,317243.85
2026-10-01T08:58:00-04:00,6.879,6.91,6.54,6.59,0,0,0,0,0,0,,,,,,,,,,,,,,,,,,,,,,,,,,,,,,,,,,,,,,,,,,,,5.257380179796407,6.884108355467198,6.895472142907364,7.060472293175481,273027,312540.9
2026-10-01T08:59:00-04:00,6.59,6.68,6.5,6.57,0,0,0,0,0,0,,,,,,,,,,,,,,,,,,,,,,,,,,,,,,,,,,,,,,,,,,,,5.257380179796407,6.8789864897138315,6.8644747959638055,6.962377834540385,149252,298148.65
2026-10-01T09:00:00-04:00,6.57,6.71,6.5,6.5271,0,0,0,0,0,0,,,,,,,,,,,,,,,,,,,,,,,,,,,,,,,,,,,,,,,,,,,,5.257380179796407,6.875684035147009,6.832343863014872,6.875322267632308,97572,283287.55
2026-10-01T09:01:00-04:00,6.51,6.63,6.41,6.61,0,0,0,0,0,0,,,,,,,,,,,,,,,,,,,,,,,,,,,,,,,,,,,,,,,,,,,,5.257380179796407,6.870917745549254,6.811168257013455,6.822257814105846,131622,279704.7
2026-10-01T09:02:00-04:00,6.62,6.75,6.58,6.701,0,0,0,0,0,0,,,,,,,,,,,,,,,,,,,,,,,,,,,,,,,,,,,,,,,,,,,,5.257380179796407,6.867916244166537,6.800676042059793,6.798006251284677,141397,255961.55
2026-10-01T09:03:00-04:00,6.7,6.82,6.66,6.6701,0,0,0,0,0,0,,,,,,,,,,,,,,,,,,,,,,,,,,,,,,,,,,,,,,,,,,,,5.257380179796407,6.865948564057331,6.788240228530289,6.772425001027742,120438,250024.4
2026-10-01T09:04:00-04:00,6.67,6.8,6.5612,6.67,0,0,0,0,0,0,,,,,,,,,,,,,,,,,,,,,,,,,,,,,,,,,,,,,,,,,,,,5.257380179796407,6.864088901896254,6.776979254384547,6.751940000822193,92034,246592.15
2026-10-01T09:05:00-04:00,6.67,6.6797,6.28,6.31,0,0,0,0,0,0,,,,,,,,,,,,,,,,,,,,,,,,,,,,,,,,,,,,,,,,,,,,5.257380179796407,6.855363635531423,6.732505039681257,6.663552000657755,188742,232253.0
2026-10-01T09:06:00-04:00,6.2819,6.42,6.27,6.3959,0,0,0,0,0,0,,,,,,,,,,,,,,,,,,,,,,,,,,,,,,,,,,,,,,,,,,,,5.257380179796407,6.850752672127345,6.7004474168544705,6.610021600526204,89962,220804.3
2026-10-01T09:07:00-04:00,6.39,6.4,6.24,6.3,0,0,0,0,0,0,,,,,,,,,,,,,,,,,,,,,,,,,,,,,,,,,,,,,,,,,,,,5.257380179796407,6.847346799653916,6.662309567630235,6.548017280420963,61396,196912.2
2026-10-01T09:08:00-04:00,6.32,6.41,6.32,6.4,0,0,0,0,0,0,,,,,,,,,,,,,,,,,,,,,,,,,,,,,,,,,,,,,,,,,,,,5.257380179796407,6.844898919977934,6.637327704046403,6.51841382433677,50647,182461.35
2026-10-01T09:09:00-04:00,6.4,6.58,6.34,6.5335,0,0,0,0,0,0,,,,,,,,,,,,,,,,,,,,,,,,,,,,,,,,,,,,,,,,,,,,5.257380179796407,6.841833433598179,6.6274393512800795,6.521431059469416,83544,169721.8
2026-10-01T09:10:00-04:00,6.54,6.6,6.24,6.3001,0,0,0,0,0,0,,,,,,,,,,,,,,,,,,,,,,,,,,,,,,,,,,,,,,,,,,,,5.257380179796407,6.836063268329034,6.596264174967691,6.477164847575533,124278,163266.75
2026-10-01T09:11:00-04:00,6.34,6.6,6.31,6.5965,0,0,0,0,0,0,,,,,,,,,,,,,,,,,,,,,,,,,,,,,,,,,,,,,,,,,,,,5.257380179796407,6.833161401061349,6.596286634494577,6.501031878060426,87200,152313.8
2026-10-01T09:12:00-04:00,6.57,6.85,6.5455,6.79,0,0,0,0,0,0,,,,,,,,,,,,,,,,,,,,,,,,,,,,,,,,,,,,,,,,,,,,5.257380179796407,6.831351058259152,6.6147355264474745,6.558825502448341,176605,145394.05
2026-10-01T09:13:00-04:00,6.7995,6.88,6.71,6.8001,0,0,0,0,0,0,,,,,,,,,,,,,,,,,,,,,,,,,,,,,,,,,,,,,,,,,,,,5.257380179796407,6.8308242088196005,6.63238928583343,6.607080401958673,157635,139298.6
2026-10-01T09:14:00-04:00,6.8,6.82,6.68,6.7504,0,0,0,0,0,0,,,,,,,,,,,,,,,,,,,,,,,,,,,,,,,,,,,,,,,,,,,,5.257380179796407,6.830174083109102,6.643628401468341,6.635744321566938,84211,137240.65
2026-10-01T09:15:00-04:00,6.76,6.95,6.76,6.9103,0,0,0,0,0,0,,,,,,,,,,,,,,,,,,,,,,,,,,,,,,,,,,,,,,,,,,,,5.257380179796407,6.830796716518864,6.669025696566594,6.690655457253551,152632,137600.0
2026-10-01T09:16:00-04:00,6.9365,7.16,6.9,7.1328,0,0,0,0,0,0,,,,,,,,,,,,,,,,,,,,,,,,,,,,,,,,,,,,,,,,,,,,5.257380179796407,6.836793428354443,6.713194677845966,6.779084365802841,279560,138280.9
2026-10-01T09:17:00-04:00,7.14,7.25,7.06,7.19,0,0,0,0,0,0,,,,,,,,,,,,,,,,,,,,,,,,,,,,,,,,,,,,,,,,,,,,5.257380179796407,6.842242179528979,6.758604708527303,6.8612674926422725,182800,136227.7
2026-10-01T09:18:00-04:00,7.18,7.3,7.06,7.1,0,0,0,0,0,0,,,,,,,,,,,,,,,,,,,,,,,,,,,,,,,,,,,,,,,,,,,,5.257380179796407,6.84764843060395,6.791118545810416,6.909013994113818,195726,132362.65
2026-10-01T09:19:00-04:00,7.11,7.32,7.09,7.21,0,0,0,0,0,0,,,,,,,,,,,,,,,,,,,,,,,,,,,,,,,,,,,,,,,,,,,,5.257380179796407,6.853532662681446,6.831012017637995,6.969211195291054,187668,134283.45
2026-10-01T09:20:00-04:00,7.21,7.45,7.2,7.42,0,0,0,0,0,0,,,,,,,,,,,,,,,,,,,,,,,,,,,,,,,,,,,,,,,,,,,,5.257380179796407,6.862208681632489,6.887106111196282,7.059368956232843,200913,139450.5
2026-10-01T09:21:00-04:00,7.4454,7.45,7.3102,7.45,0,0,0,0,0,0,,,,,,,,,,,,,,,,,,,,,,,,,,,,,,,,,,,,,,,,,,,,5.257380179796407,6.870320617457721,6.940715052987112,7.137495164986275,177298,141734.3
2026-10-01T09:22:00-04:00,7.4334,7.57,7.29,7.3395,0,0,0,0,0,0,,,,,,,,,,,,,,,,,,,,,,,,,,,,,,,,,,,,,,,,,,,,5.257380179796407,6.880154760822579,6.978694571750244,7.17789613198902,223837,145856.3
2026-10-01T09:23:00-04:00,7.32,7.39,7.2,7.2603,0,0,0,0,0,0,,,,,,,,,,,,,,,,,,,,,,,,,,,,,,,,,,,,,,,,,,,,5.257380179796407,6.884201617963858,7.005514136345459,7.194376905591216,122170,145942.9
2026-10-01T09:24:00-04:00,7.26,8.4,7.26,8.25,0,1,0,0,0,1,7.38,7.524159999999999,7.39,7.38,51.42857142857142,14.593567839195908,4.474453630187444,3.133797689683836,,1.0,0.0,1.0,100.0,1.5346406017429486,33.53571428571413,17.67857142857145,86.84210526315786,13.818181818181824,-8.24242424242424,2.578171150341987,11.788617886178866,0.0,15.805132170718572,18835.0,1.0,0.6622516556291425,100.0,5.987261146496814,366.3317287467571,100.0,4.0,32.0,0.0,4.474453630187444,5.60839619547393,5.0,9.0,0.0,0.0,0.0,,,,5.257380179796407,6.930859704499788,7.124036599550654,7.405501524472973,546644,168673.4
2026-10-01T09:25:00-04:00,8.24,8.8,8.22,8.3655,0,0,0,0,0,0,,,,,,,,,,,,,,,,,,,,,,,,,,,,,,,,,,,,,,,,,,,,5.257380179796407,6.97909837994521,7.242271209117258,7.597501219578378,413865,179929.55
2026-10-01T09:26:00-04:00,8.3938,8.68,8.27,8.6111,0,0,0,0,0,0,,,,,,,,,,,,,,,,,,,,,,,,,,,,,,,,,,,,,,,,,,,,5.257380179796407,7.0024324500375315,7.372635855867996,7.800220975662702,201915,185527.2
2026-10-01T09:27:00-04:00,8.62,9.09,8.56,8.8,0,0,0,0,0,0,,,,,,,,,,,,,,,,,,,,,,,,,,,,,,,,,,,,,,,,,,,,5.257380179796407,7.057071045808766,7.508575298166282,8.000176780530161,414136,203164.2
2026-10-01T09:28:00-04:00,8.81,8.9299,8.65,8.68,0,0,0,0,0,0,,,,,,,,,,,,,,,,,,,,,,,,,,,,,,,,,,,,,,,,,,,,5.257380179796407,7.081972238236888,7.620139555483779,8.136141424424128,204878,210875.75
2026-10-01T09:29:00-04:00,8.68,8.86,8.59,8.77,0,0,0,0,0,0,,,,,,,,,,,,,,,,,,,,,,,,,,,,,,,,,,,,,,,,,,,,5.257380179796407,7.0980440656567625,7.729650074009133,8.262913139539302,136604,213528.75
2026-10-01T09:30:00-04:00,8.8,9.08,8.26,8.445,0,0,0,0,0,0,,,,,,,,,,,,,,,,,,,,,,,,,,,,,,,,,,,,,,,,,,,,5.257380179796407,7.202935572374839,7.797778638389216,8.299330511631442,1061869,260408.3
2026-10-01T09:31:00-04:00,8.41,9.12,7.85,8.16,0,0,0,0,0,0,,,,,,,,,,,,,,,,,,,,,,,,,,,,,,,,,,,,,,,,,,,,5.257380179796407,7.288657408215618,7.832275910923577,8.271464409305153,1193984,315747.5
2026-10-01T09:32:00-04:00,8.1226,8.21,7.69,7.99,0,0,0,0,0,0,,,,,,,,,,,,,,,,,,,,,,,,,,,,,,,,,,,,,,,,,,,,5.257380179796407,7.308819742457521,7.847297252740379,8.215171527444122,503614,332097.95
2026-10-01T09:33:00-04:00,7.99,8.17,7.74,8.0228,0,0,0,0,0,0,,,,,,,,,,,,,,,,,,,,,,,,,,,,,,,,,,,,,,,,,,,,5.257380179796407,7.321272036895623,7.864011800098438,8.176697221955298,319728,340202.6
2026-10-01T09:34:00-04:00,8.07,8.11,7.81,8.0199,0,0,0,0,0,0,,,,,,,,,,,,,,,,,,,,,,,,,,,,,,,,,,,,,,,,,,,,5.257380179796407,7.33012267253182,7.878858295327158,8.145337777564238,233873,347685.7
2026-10-01T09:35:00-04:00,7.95,7.9999,7.54,7.54,0,0,0,0,0,0,,,,,,,,,,,,,,,,,,,,,,,,,,,,,,,,,,,,,,,,,,,,5.257380179796407,7.3324449359768336,7.846586076724572,8.02427022205139,112013,345654.75
2026-10-01T09:40:00-04:00,7.29,7.7,7.2601,7.5,0,0,0,0,0,0,,,,,,,,,,,,,,,,,,,,,,,,,,,,,,,,,,,,,,,,,,,,5.257380179796407,7.33610612327254,7.813577878941279,7.919416177641112,425883,352970.9
2026-10-01T09:41:00-04:00,7.51,7.65,6.8,7.3494,0,0,0,0,0,0,,,,,,,,,,,,,,,,,,,,,,,,,,,,,,,,,,,,,,,,,,,,5.257380179796407,7.333903419294803,7.7693704618992525,7.80541294211289,586094,373135.6
2026-10-01T09:42:00-04:00,7.31,7.47,7.0201,7.325,0,0,0,0,0,0,,,,,,,,,,,,,,,,,,,,,,,,,,,,,,,,,,,,,,,,,,,,5.257380179796407,7.332777176571479,7.727049465527895,7.709330353690312,341680,380433.3
2026-10-01T09:43:00-04:00,7.3087,7.7,7.25,7.54,0,0,0,0,0,0,,,,,,,,,,,,,,,,,,,,,,,,,,,,,,,,,,,,,,,,,,,,5.257380179796407,7.336057830749967,7.709235230715715,7.67546428295225,385472,390323.5
2026-10-01T09:44:00-04:00,7.5,8.07,7.4,7.891,0,1,0,0,0,1,7.69,8.046666666666667,7.7,7.69,57.95918367346937,2.4002103031947133,1.4730914153004175,1.4631089681598115,0.6562294809575204,1.0,2.0,4.0,50.0,0.3240603521288221,89.14981517721243,0.0,58.35820895522389,8.490685591179824,15.574705360537312,2.3009950665812737,2.61378413524056,75.0,2.1284262780142393,18871.0,8.0,12.396694214876035,38.13559322033898,13.925438596491224,2.336705135486686,37.77191328483347,3.0,7.0,1.0,1.6615318362942055,1.1486370649751412,1.0,5.0,0.0,0.0,0.0,,,,5.257380179796407,7.350573243330594,7.726546161123742,7.7185714263618,640474,412301.55
2026-10-01T09:45:00-04:00,7.9001,8.25,7.75,8.25,0,0,0,0,0,0,,,,,,,,,,,,,,,,,,,,,,,,,,,,,,,,,,,,,,,,,,,,5.257380179796407,7.367257879437016,7.776398907683386,7.82485714108944,463608,426617.05
2026-10-01T09:55:00-04:00,9.0,9.9,9.0,9.9,0,0,0,0,0,0,,,,,,,,,,,,,,,,,,,,,,,,,,,,,,,,,,,,,,,,,,,,5.257380179796407,7.407376468804905,7.978646630761158,8.239885712871553,372544,434052.4
2026-10-01T09:56:00-04:00,9.9,9.9,9.9,9.9,0,0,0,0,0,0,,,,,,,,,,,,,,,,,,,,,,,,,,,,,,,,,,,,,,,,,,,,5.257380179796407,7.418496045364876,8.161632665926762,8.571908570297243,92906,432589.2
2026-10-01T10:06:00-04:00,10.47,10.98,9.42,9.42,0,0,0,0,0,0,,,,,,,,,,,,,,,,,,,,,,,,,,,,,,,,,,,,,,,,,,,,5.257380179796407,7.493588824203388,8.281477173933737,8.741526856237794,639265,437220.25
2026-10-01T10:16:00-04:00,8.34,8.65,7.81,7.905,0,0,0,0,0,0,,,,,,,,,,,,,,,,,,,,,,,,,,,,,,,,,,,,,,,,,,,,5.257380179796407,7.511511669895895,8.245622204987667,8.574221484990236,630535,448053.75
2026-10-01T10:17:00-04:00,7.8501,8.22,7.715,7.84,0,0,0,0,0,0,,,,,,,,,,,,,,,,,,,,,,,,,,,,,,,,,,,,,,,,,,,,5.257380179796407,7.52060332312082,8.206991518798365,8.427377187992189,496765,462796.25
2026-10-01T10:18:00-04:00,7.8806,8.18,7.71,7.8894,0,0,0,0,0,0,,,,,,,,,,,,,,,,,,,,,,,,,,,,,,,,,,,,,,,,,,,,5.257380179796407,7.527472671597024,8.176744707484234,8.319781750393751,388974,461538.15
2026-10-01T10:19:00-04:00,7.8771,8.2592,7.76,7.8601,0,0,0,0,0,0,,,,,,,,,,,,,,,,,,,,,,,,,,,,,,,,,,,,,,,,,,,,5.257380179796407,7.534422038181456,8.146588068676213,8.227845400315001,375482,470068.35
2026-10-01T10:20:00-04:00,7.92,8.2,7.77,8.0794,0,0,0,0,0,0,,,,,,,,,,,,,,,,,,,,,,,,,,,,,,,,,,,,,,,,,,,,5.257380179796407,7.539668015982454,8.140189204992764,8.198156320252,256989,476087.6
2026-10-01T10:21:00-04:00,8.0798,8.15,7.64,7.878,0,0,0,0,0,0,,,,,,,,,,,,,,,,,,,,,,,,,,,,,,,,,,,,,,,,,,,,5.257380179796407,7.5442674403127725,8.115218804517262,8.1341250562016,314758,438732.05
2026-10-01T10:22:00-04:00,7.8369,8.09,7.7701,7.83,0,0,0,0,0,0,,,,,,,,,,,,,,,,,,,,,,,,,,,,,,,,,,,,,,,,,,,,5.257380179796407,7.546583318607072,8.088055108848952,8.07330004496128,158281,386946.9
2026-10-01T10:23:00-04:00,7.8793,8.05,7.76,7.8,0,0,0,0,0,0,,,,,,,,,,,,,,,,,,,,,,,,,,,,,,,,,,,,,,,,,,,,5.257380179796407,7.548800055134107,8.060621288958576,8.018640035969025,166237,370078.05
2026-10-01T10:24:00-04:00,7.86,7.86,7.15,7.15,0,0,0,0,0,0,,,,,,,,,,,,,,,,,,,,,,,,,,,,,,,,,,,,,,,,,,,,5.257380179796407,7.54685945975299,7.973895451914902,7.844912028775219,293811,368782.2
2026-10-01T10:29:00-04:00,7.41,7.64,7.2,7.2401,0,0,0,0,0,0,,,,,,,,,,,,,,,,,,,,,,,,,,,,,,,,,,,,,,,,,,,,5.257380179796407,7.545595222392382,7.90401017078015,7.723949623020175,167242,365450.65
2026-10-01T10:30:00-04:00,7.24,8.05,7.24,7.86,0,0,0,0,0,0,,,,,,,,,,,,,,,,,,,,,,,,,,,,,,,,,,,,,,,,,,,,5.257380179796407,7.548515234766881,7.899818725943945,7.75115969841614,429179,381308.95
2026-10-01T10:31:00-04:00,7.8699,7.989,7.5101,7.73,0,0,0,0,0,0,,,,,,,,,,,,,,,,,,,,,,,,,,,,,,,,,,,,,,,,,,,,5.257380179796407,7.550567796575131,7.883645513949284,7.746927758732912,268148,373422.2
2026-10-01T10:32:00-04:00,7.7284,7.95,7.7,7.835,0,0,0,0,0,0,,,,,,,,,,,,,,,,,,,,,,,,,,,,,,,,,,,,,,,,,,,,5.257380179796407,7.552513224999508,7.879012607858876,7.76454220698633,179237,353079.35
2026-10-01T10:33:00-04:00,7.81,7.8495,7.0,7.3651,0,0,0,0,0,0,,,,,,,,,,,,,,,,,,,,,,,,,,,,,,,,,,,,,,,,,,,,5.257380179796407,7.550646145121724,7.830068549967554,7.684653765589064,327761,352383.4
2026-10-01T10:34:00-04:00,7.36,7.3993,7.05,7.23,0,0,0,0,0,0,,,,,,,,,,,,,,,,,,,,,,,,,,,,,,,,,,,,,,,,,,,,5.257380179796407,7.548559894884898,7.772919164256359,7.593723012471251,167864,341503.0
2026-10-01T10:35:00-04:00,7.23,7.4,7.13,7.27,0,0,0,0,0,0,,,,,,,,,,,,,,,,,,,,,,,,,,,,,,,,,,,,,,,,,,,,5.257380179796407,7.547523204920971,7.725022100993848,7.528978409977001,96291,314293.85
2026-10-01T10:36:00-04:00,7.2458,7.45,7.13,7.4165,0,0,0,0,0,0,,,,,,,,,,,,,,,,,,,,,,,,,,,,,,,,,,,,,,,,,,,,5.257380179796407,7.546419858943722,7.695639043756339,7.506482727981601,134836,297855.25
2026-10-01T10:37:00-04:00,7.381,7.55,7.3,7.39,0,0,0,0,0,0,,,,,,,,,,,,,,,,,,,,,,,,,,,,,,,,,,,,,,,,,,,,5.257380179796407,7.545784607190675,7.666530563398592,7.483186182385281,126224,285539.25
2026-10-01T10:38:00-04:00,7.37,7.5,7.35,7.37,0,0,0,0,0,0,,,,,,,,,,,,,,,,,,,,,,,,,,,,,,,,,,,,,,,,,,,,5.257380179796407,7.545415208282646,7.638289557360632,7.460548945908225,70404,284414.15
2026-10-01T10:39:00-04:00,7.41,7.5493,7.2,7.525,0,0,0,0,0,0,,,,,,,,,,,,,,,,,,,,,,,,,,,,,,,,,,,,,,,,,,,,5.257380179796407,7.5448140834948125,7.627500075707238,7.47343915672658,132769,259089.35
2026-10-01T10:40:00-04:00,7.5186,7.67,7.41,7.4161,0,0,0,0,0,0,,,,,,,,,,,,,,,,,,,,,,,,,,,,,,,,,,,,,,,,,,,,5.257380179796407,7.544592782556731,7.6073667351636916,7.461971325381264,128497,233987.45
2026-10-01T10:41:00-04:00,7.4101,7.5199,7.28,7.41,0,0,0,0,0,0,,,,,,,,,,,,,,,,,,,,,,,,,,,,,,,,,,,,,,,,,,,,5.257380179796407,7.544238318843938,7.58856990324334,7.451577060305011,67342,212516.3
2026-10-01T10:42:00-04:00,7.41,7.67,7.41,7.5701,0,0,0,0,0,0,,,,,,,,,,,,,,,,,,,,,,,,,,,,,,,,,,,,,,,,,,,,5.257380179796407,7.544270083581242,7.5868108648392125,7.475281648244008,147949,200465.05
2026-10-01T10:43:00-04:00,7.6082,7.6082,7.4,7.47,0,0,0,0,0,0,,,,,,,,,,,,,,,,,,,,,,,,,,,,,,,,,,,,,,,,,,,,5.257380179796407,7.544138456619241,7.575686020568812,7.474225318595207,69113,185146.6
2026-10-01T10:44:00-04:00,7.485,7.4999,7.3,7.3218,0,0,0,0,0,0,,,,,,,,,,,,,,,,,,,,,,,,,,,,,,,,,,,,,,,,,,,,5.257380179796407,7.543737847712179,7.551506399562258,7.443740254876165,63829,175488.6
2026-10-01T10:45:00-04:00,7.38,7.57,7.23,7.5599,0,0,0,0,0,0,,,,,,,,,,,,,,,,,,,,,,,,,,,,,,,,,,,,,,,,,,,,5.257380179796407,7.543349154246923,7.552305790080138,7.466972203900933,117080,165604.7
2026-10-01T10:46:00-04:00,7.55,7.85,7.45,7.8394,0,0,0,0,0,0,,,,,,,,,,,,,,,,,,,,,,,,,,,,,,,,,,,,,,,,,,,,5.257380179796407,7.545014862962438,7.579648095786792,7.541457763120746,269904,171185.85
2026-10-01T10:47:00-04:00,7.82,7.84,7.61,7.68,0,0,0,0,0,0,,,,,,,,,,,,,,,,,,,,,,,,,,,,,,,,,,,,,,,,,,,,5.257380179796407,7.5460714311743775,7.589205419997573,7.569166210496597,177317,171739.85
2026-10-01T10:48:00-04:00,7.706,7.7596,7.41,7.51,0,0,0,0,0,0,,,,,,,,,,,,,,,,,,,,,,,,,,,,,,,,,,,,,,,,,,,,5.257380179796407,7.546131499862505,7.581662046664471,7.557332968397278,121091,163103.85
2026-10-01T10:49:00-04:00,7.5,7.71,7.47,7.6692,0,0,0,0,0,0,,,,,,,,,,,,,,,,,,,,,,,,,,,,,,,,,,,,,,,,,,,,5.257380179796407,7.5462965598845555,7.5899989946011885,7.579706374717822,65478,158015.65
2026-10-01T10:50:00-04:00,7.6625,8.1,7.6625,7.9491,0,0,0,0,0,0,,,,,,,,,,,,,,,,,,,,,,,,,,,,,,,,,,,,,,,,,,,,5.257380179796407,7.550757210257789,7.624199090353456,7.653585099774258,352130,154163.2
2026-10-01T10:51:00-04:00,7.93,8.33,7.8292,8.32,0,1,0,0,0,1,7.69,8.046666666666667,8.1,7.86,57.95918367346937,1.669829071473775,2.098739741488289,2.098739741488289,1.8173857201044583,1.0,3.0,3.0,66.66666666666666,1.0324744082401376,60.869565217391674,30.43478260869545,77.87539936102249,6.019230769230767,-0.7307692307692348,1.2760712694882532,8.192457737321202,66.66666666666666,8.185904068040584,18871.0,8.0,12.396694214876035,38.13559322033898,13.925438596491224,2.336705135486686,37.77191328483347,3.0,43.0,0.0,1.0702382642773975,1.462759225002434,4.0,7.0,0.0,0.0,0.0,,,,5.257380179796407,7.558780597821186,7.690465843653128,7.786868079819406,376863,159598.95
2026-10-01T10:52:00-04:00,8.31,8.32,8.01,8.0101,0,0,0,0,0,0,,,,,,,,,,,,,,,,,,,,,,,,,,,,,,,,,,,,,,,,,,,,5.257380179796407,7.565416469673675,7.720907191876639,7.831514463855525,346404,167957.3
2026-10-01T10:53:00-04:00,8.02,8.26,8.02,8.11,0,0,0,0,0,0,,,,,,,,,,,,,,,,,,,,,,,,,,,,,,,,,,,,,,,,,,,,5.257380179796407,7.569626324778766,7.75796364979315,7.8872115710844195,217492,162443.85
2026-10-01T10:54:00-04:00,8.1192,8.5799,8.06,8.13,0,0,0,0,0,0,,,,,,,,,,,,,,,,,,,,,,,,,,,,,,,,,,,,,,,,,,,,5.257380179796407,7.582318800510531,7.793395683146184,7.935769256867536,549020,181501.65
2026-10-01T10:55:00-04:00,8.12,8.22,7.76,7.88,0,0,0,0,0,0,,,,,,,,,,,,,,,,,,,,,,,,,,,,,,,,,,,,,,,,,,,,5.257380179796407,7.585909192497867,7.801643713322737,7.924615405494029,290387,191206.45
2026-10-01T10:56:00-04:00,7.88,8.25,7.87,8.235,0,0,0,0,0,0,,,,,,,,,,,,,,,,,,,,,,,,,,,,,,,,,,,,,,,,,,,,5.257380179796407,7.589802222003296,7.842915740625334,7.986692324395223,221026,195515.95
2026-10-01T10:57:00-04:00,8.22,8.29,8.1,8.1601,0,0,0,0,0,0,,,,,,,,,,,,,,,,,,,,,,,,,,,,,,,,,,,,,,,,,,,,5.257380179796407,7.5931300146867,7.8731237653276835,8.021373859516178,170429,197726.2
2026-10-01T10:58:00-04:00,8.18,8.35,7.9601,8.08,0,0,0,0,0,0,,,,,,,,,,,,,,,,,,,,,,,,,,,,,,,,,,,,,,,,,,,,5.257380179796407,7.5971880495122415,7.892826263867904,8.033099087612943,231510,205781.5
2026-10-01T10:59:00-04:00,8.08,8.17,8.01,8.1498,0,0,0,0,0,0,,,,,,,,,,,,,,,,,,,,,,,,,,,,,,,,,,,,,,,,,,,,5.257380179796407,7.598721557147244,7.917299953023342,8.056439270090355,91883,203737.2
2026-10-01T11:00:00-04:00,8.13,8.14,7.8601,7.93,0,0,0,0,0,0,,,,,,,,,,,,,,,,,,,,,,,,,,,,,,,,,,,,,,,,,,,,5.257380179796407,7.600699135104235,7.918509481306833,8.031151416072284,161583,205391.5
2026-10-01T11:01:00-04:00,7.93,8.11,7.89,7.9453,0,0,0,0,0,0,,,,,,,,,,,,,,,,,,,,,,,,,,,,,,,,,,,,,,,,,,,,5.257380179796407,7.601910041994956,7.921060959277611,8.013981132857827,98451,206946.95
2026-10-01T11:02:00-04:00,7.95,8.0598,7.92,7.9799,0,0,0,0,0,0,,,,,,,,,,,,,,,,,,,,,,,,,,,,,,,,,,,,,,,,,,,,5.257380179796407,7.602898779411241,7.926664677441648,8.007164906286262,79843,203541.65
2026-10-01T11:03:00-04:00,7.99,8.21,7.9714,8.185,0,0,0,0,0,0,,,,,,,,,,,,,,,,,,,,,,,,,,,,,,,,,,,,,,,,,,,,5.257380179796407,7.606999257650244,7.951268041494824,8.04273192502901,247254,212448.7
2026-10-01T11:04:00-04:00,8.18,8.3,7.95,8.0199,0,0,0,0,0,0,,,,,,,,,,,,,,,,,,,,,,,,,,,,,,,,,,,,,,,,,,,,5.257380179796407,7.611283523497021,7.957804418495317,8.038165540023208,280221,223268.3
2026-10-01T11:05:00-04:00,8.02,8.3,7.9,8.0091,0,0,0,0,0,0,,,,,,,,,,,,,,,,,,,,,,,,,,,,,,,,,,,,,,,,,,,,5.257380179796407,7.614963955158849,7.9626897119719535,8.032352432018566,255671,230197.85
2026-10-01T11:06:00-04:00,7.9901,8.09,7.94,8.0197,0,0,0,0,0,0,,,,,,,,,,,,,,,,,,,,,,,,,,,,,,,,,,,,,,,,,,,,5.257380179796407,7.61590095194083,7.96811926321272,8.029821945614852,74473,220426.3
2026-10-01T11:07:00-04:00,8.0189,8.0189,7.74,7.7688,0,0,0,0,0,0,,,,,,,,,,,,,,,,,,,,,,,,,,,,,,,,,,,,,,,,,,,,5.257380179796407,7.617290146500916,7.94913647624008,7.977617556491881,196836,221402.25
2026-10-01T11:08:00-04:00,7.79,7.83,7.36,7.4504,0,0,0,0,0,0,,,,,,,,,,,,,,,,,,,,,,,,,,,,,,,,,,,,,,,,,,,,5.257380179796407,7.616770667686978,7.901637764217215,7.872174045193505,238440,227269.7
2026-10-01T11:09:00-04:00,7.44,7.72,7.43,7.71,0,0,0,0,0,0,,,,,,,,,,,,,,,,,,,,,,,,,,,,,,,,,,,,,,,,,,,,5.257380179796407,7.616784913394113,7.88338654857748,7.839739236154804,143361,231163.85
2026-10-01T11:10:00-04:00,7.685,7.685,7.5401,7.58,0,0,0,0,0,0,,,,,,,,,,,,,,,,,,,,,,,,,,,,,,,,,,,,,,,,,,,,5.257380179796407,7.616763657186391,7.854492591570101,7.787791388923843,45858,215850.25
2026-10-01T11:11:00-04:00,7.58,7.64,7.42,7.465,0,0,0,0,0,0,,,,,,,,,,,,,,,,,,,,,,,,,,,,,,,,,,,,,,,,,,,,5.257380179796407,7.61647493811862,7.817398059039615,7.723233111139074,86887,201351.45
2026-10-01T11:12:00-04:00,7.44,7.5499,7.34,7.46,0,0,0,0,0,0,,,,,,,,,,,,,,,,,,,,,,,,,,,,,,,,,,,,,,,,,,,,5.257380179796407,7.615993819790746,7.783360148654889,7.670586488911259,94559,188759.2
2026-10-01T11:13:00-04:00,7.47,7.5423,7.44,7.48,0,0,0,0,0,0,,,,,,,,,,,,,,,,,,,,,,,,,,,,,,,,,,,,,,,,,,,,5.257380179796407,7.615754129495433,7.754468705925852,7.632469191129007,61128,180941.0
2026-10-01T11:14:00-04:00,7.465,7.7,7.4501,7.66,0,0,0,0,0,0,,,,,,,,,,,,,,,,,,,,,,,,,,,,,,,,,,,,,,,,,,,,5.257380179796407,7.615725556409352,7.745471686313866,7.637975352903206,75801,157280.05
2026-10-01T11:15:00-04:00,7.65,7.79,7.6,7.75,0,0,0,0,0,0,,,,,,,,,,,,,,,,,,,,,,,,,,,,,,,,,,,,,,,,,,,,5.257380179796407,7.615938528578563,7.745902954283975,7.660380282322565,71860,146353.7
2026-10-01T11:16:00-04:00,7.75,7.76,7.55,7.55,0,0,0,0,0,0,,,,,,,,,,,,,,,,,,,,,,,,,,,,,,,,,,,,,,,,,,,,5.257380179796407,7.615948259475145,7.727245530066453,7.638304225858052,79097,139257.25
2026-10-01T11:17:00-04:00,7.5523,7.6382,7.52,7.6199,0,0,0,0,0,0,,,,,,,,,,,,,,,,,,,,,,,,,,,,,,,,,,,,,,,,,,,,5.257380179796407,7.615922381268438,7.7170221462506,7.634623380686442,36789,132575.25
2026-10-01T11:18:00-04:00,7.595,7.64,7.56,7.59,0,0,0,0,0,0,,,,,,,,,,,,,,,,,,,,,,,,,,,,,,,,,,,,,,,,,,,,5.257380179796407,7.615906351599269,7.704924798988638,7.625698704549153,27536,122376.55
2026-10-01T11:19:00-04:00,7.56,7.61,7.42,7.5698,0,0,0,0,0,0,,,,,,,,,,,,,,,,,,,,,,,,,,,,,,,,,,,,,,,,,,,,5.257380179796407,7.615765286314918,7.692055770513529,7.614518963639323,56560,120610.4
2026-10-01T11:20:00-04:00,7.56,7.5999,7.52,7.54,0,0,0,0,0,0,,,,,,,,,,,,,,,,,,,,,,,,,,,,,,,,,,,,,,,,,,,,5.257380179796407,7.615702650712045,7.67757426855986,7.599615170911458,33258,114194.15
2026-10-01T11:21:00-04:00,7.5799,7.5848,7.46,7.48,0,0,0,0,0,0,,,,,,,,,,,,,,,,,,,,,,,,,,,,,,,,,,,,,,,,,,,,5.257380179796407,7.61557657092497,7.6587576715541585,7.575692136729167,38969,111220.05
2026-10-01T11:22:00-04:00,7.4601,7.6426,7.45,7.55,0,0,0,0,0,0,,,,,,,,,,,,,,,,,,,,,,,,,,,,,,,,,,,,,,,,,,,,5.257380179796407,7.615474437894304,7.64839979807281,7.570553709383334,49918,109723.8
2026-10-01T11:23:00-04:00,7.55,7.56,7.43,7.46,0,0,0,0,0,0,,,,,,,,,,,,,,,,,,,,,,,,,,,,,,,,,,,,,,,,,,,,5.257380179796407,7.6153496560635805,7.630456960161114,7.548442967506667,31434,98932.8
2026-10-01T11:24:00-04:00,7.46,7.46,6.9,7.2,0,0,0,0,0,0,,,,,,,,,,,,,,,,,,,,,,,,,,,,,,,,,,,,,,,,,,,,5.257380179796407,7.611991446914774,7.589461059193389,7.478754374005334,262829,98063.2
2026-10-01T11:25:00-04:00,7.2127,7.27,7.11,7.245,0,0,0,0,0,0,,,,,,,,,,,,,,,,,,,,,,,,,,,,,,,,,,,,,,,,,,,,5.257380179796407,7.611035460868105,7.556655244032114,7.432003499204267,79647,89262.0
2026-10-01T11:26:00-04:00,7.26,7.28,7.15,7.234,0,0,0,0,0,0,,,,,,,,,,,,,,,,,,,,,,,,,,,,,,,,,,,,,,,,,,,,5.257380179796407,7.610323476633179,7.525926173171912,7.392402799363413,61555,88616.1
2026-10-01T11:27:00-04:00,7.215,7.28,7.1938,7.24,0,0,0,0,0,0,,,,,,,,,,,,,,,,,,,,,,,,,,,,,,,,,,,,,,,,,,,,5.257380179796407,7.609912423943258,7.498695109060302,7.361922239490731,37231,80635.85
2026-10-01T11:28:00-04:00,7.22,7.26,7.16,7.1725,0,0,0,0,0,0,,,,,,,,,,,,,,,,,,,,,,,,,,,,,,,,,,,,,,,,,,,,5.257380179796407,7.609416060505119,7.467628908197416,7.324037791592585,40644,70746.05
2026-10-01T11:29:00-04:00,7.18,7.24,7.1607,7.2078,0,0,0,0,0,0,,,,,,,,,,,,,,,,,,,,,,,,,,,,,,,,,,,,,,,,,,,,5.257380179796407,7.609068695263315,7.442883297892901,7.300790233274068,28876,65021.8
2026-10-01T11:30:00-04:00,7.21,7.22,7.15,7.1701,0,0,0,0,0,0,,,,,,,,,,,,,,,,,,,,,,,,,,,,,,,,,,,,,,,,,,,,5.257380179796407,7.60852875708994,7.416903936188815,7.274652186619254,42589,64858.35
2026-10-01T11:31:00-04:00,7.1735,7.55,7.1508,7.465,0,0,0,0,0,0,,,,,,,,,,,,,,,,,,,,,,,,,,,,,,,,,,,,,,,,,,,,5.257380179796407,7.60760202596416,7.421484513694642,7.312721749295403,143203,67674.15
2026-10-01T11:32:00-04:00,7.4692,7.47,7.34,7.39,0,0,0,0,0,0,,,,,,,,,,,,,,,,,,,,,,,,,,,,,,,,,,,,,,,,,,,,5.257380179796407,7.607173018307091,7.418485988580867,7.328177399436322,70374,66464.9
2026-10-01T11:33:00-04:00,7.39,7.44,7.25,7.32,0,0,0,0,0,0,,,,,,,,,,,,,,,,,,,,,,,,,,,,,,,,,,,,,,,,,,,,5.257380179796407,7.6067452286052895,7.409106370620784,7.326541919549058,53941,66105.55
2026-10-01T11:34:00-04:00,7.2949,7.36,7.2,7.2699,0,0,0,0,0,0,,,,,,,,,,,,,,,,,,,,,,,,,,,,,,,,,,,,,,,,,,,,5.257380179796407,7.606369155803213,7.395848621037852,7.315213535639247,38902,64260.6
2026-10-01T11:35:00-04:00,7.24,7.29,7.2,7.225,0,0,0,0,0,0,,,,,,,,,,,,,,,,,,,,,,,,,,,,,,,,,,,,,,,,,,,,5.257380179796407,7.606068034370875,7.379577323796152,7.297170828511398,27962,62065.7
2026-10-01T11:36:00-04:00,7.23,7.28,7.19,7.25,0,0,0,0,0,0,,,,,,,,,,,,,,,,,,,,,,,,,,,,,,,,,,,,,,,,,,,,5.257380179796407,7.605739811109899,7.367236626291756,7.2877366628091185,30670,59644.35
2026-10-01T11:37:00-04:00,7.25,7.265,7.16,7.17,0,0,0,0,0,0,,,,,,,,,,,,,,,,,,,,,,,,,,,,,,,,,,,,,,,,,,,,5.257380179796407,7.605460064282947,7.348452185692541,7.264189330247294,23504,58980.1
2026-10-01T11:38:00-04:00,7.1724,7.28,7.17,7.22,0,0,0,0,0,0,,,,,,,,,,,,,,,,,,,,,,,,,,,,,,,,,,,,,,,,,,,,5.257380179796407,7.605220410152861,7.336218644198014,7.255351464197836,21481,58677.35
2026-10-01T11:39:00-04:00,7.24,7.39,7.24,7.35,0,0,0,0,0,0,,,,,,,,,,,,,,,,,,,,,,,,,,,,,,,,,,,,,,,,,,,,5.257380179796407,7.604754028594698,7.3375311542743935,7.274281171358268,57443,58721.5
2026-10-01T11:40:00-04:00,7.3625,7.4,7.34,7.35,0,0,0,0,0,0,,,,,,,,,,,,,,,,,,,,,,,,,,,,,,,,,,,,,,,,,,,,5.257380179796407,7.6045393747401535,7.338718663391118,7.289424937086615,30532,58585.2
2026-10-01T11:41:00-04:00,7.3693,7.54,7.35,7.48,0,0,0,0,0,0,,,,,,,,,,,,,,,,,,,,,,,,,,,,,,,,,,,,,,,,,,,,5.257380179796407,7.604029789609283,7.35217402878244,7.327539949669292,118746,62574.05
2026-10-01T11:42:00-04:00,7.4892,7.75,7.465,7.7479,0,1,0,0,0,1,7.38,7.524159999999999,7.54,7.35,51.42857142857142,4.646321393323092,4.746856030237086,3.007299693790181,1.9013388289694968,1.0,1.0,8.0,87.5,0.8159829242779161,36.8421052631575,36.84210526315797,90.7719298245611,3.678416086939689,0.543373043018125,1.620183015693314,4.985094850948513,50.0,4.844985914382627,18835.0,1.0,0.6622516556291425,100.0,5.987261146496814,366.3317287467571,100.0,4.0,135.0,0.0,1.7451029929429205,2.1374999999999993,5.0,9.0,0.0,0.0,0.0,,,,5.257380179796407,7.604330297959377,7.389862216517446,7.411611959735434,207224,70439.35
2026-10-01T11:43:00-04:00,7.7499,8.07,7.63,7.92,0,0,1,0,0,1,7.69,8.046666666666667,7.75,7.55,57.95918367346937,1.526093399316781,4.2034008447958415,2.873992291768349,1.4296252641180371,3.0,2.0,26.0,80.76923076923077,0.5679919716926767,95.23809523809534,0.0,38.65909090909081,5.555555555555561,-1.6414141414141437,2.5787015207051245,2.990897269180759,46.666666666666664,6.446583456246513,18871.0,8.0,12.396694214876035,38.13559322033898,13.925438596491224,2.336705135486686,37.77191328483347,3.0,95.0,0.0,1.648110257499131,2.467289719626166,4.0,7.0,0.0,0.0,0.0,,,,5.257380179796407,7.606954706721282,7.44035152923007,7.513289567788347,341528,85944.05
2026-10-01T11:44:00-04:00,7.9242,8.06,7.78,8.0205,0,0,0,0,0,0,,,,,,,,,,,,,,,,,,,,,,,,,,,,,,,,,,,,,,,,,,,,5.257380179796407,7.608471121010252,7.495603764541492,7.614731654230677,153856,80495.4
2026-10-01T11:45:00-04:00,8.008,8.13,7.8087,7.85,0,0,0,0,0,0,,,,,,,,,,,,,,,,,,,,,,,,,,,,,,,,,,,,,,,,,,,,5.257380179796407,7.61084429149959,7.529355786966112,7.661785323384542,261802,89603.15
2026-10-01T11:46:00-04:00,7.8471,7.86,7.7,7.7699,0,0,0,0,0,0,,,,,,,,,,,,,,,,,,,,,,,,,,,,,,,,,,,,,,,,,,,,5.257380179796407,7.611411924833068,7.552264759636007,7.683408258707634,121697,92610.25
2026-10-01T11:47:00-04:00,7.7,7.88,7.7,7.7901,0,0,0,0,0,0,,,,,,,,,,,,,,,,,,,,,,,,,,,,,,,,,,,,,,,,,,,,5.257380179796407,7.611832223110601,7.574915734908768,7.704746606966107,83833,94940.35
2026-10-01T11:48:00-04:00,7.7628,7.8388,7.67,7.7002,0,0,0,0,0,0,,,,,,,,,,,,,,,,,,,,,,,,,,,,,,,,,,,,,,,,,,,,5.257380179796407,7.61206890758196,7.586847569679361,7.703837285572885,67860,96301.15
2026-10-01T11:49:00-04:00,7.71,7.74,7.51,7.65,0,0,0,0,0,0,,,,,,,,,,,,,,,,,,,,,,,,,,,,,,,,,,,,,,,,,,,,5.257380179796407,7.612144440888076,7.592862086852755,7.693069828458309,127247,101219.7
2026-10-01T11:50:00-04:00,7.62,7.8,7.62,7.7685,0,0,0,0,0,0,,,,,,,,,,,,,,,,,,,,,,,,,,,,,,,,,,,,,,,,,,,,5.257380179796407,7.612416726104584,7.609589507152493,7.708155862766647,83309,103255.7
2026-10-01T11:51:00-04:00,7.7499,7.77,7.68,7.77,0,0,0,0,0,0,,,,,,,,,,,,,,,,,,,,,,,,,,,,,,,,,,,,,,,,,,,,5.257380179796407,7.612504888064645,7.624866696947493,7.720524690213318,24829,97337.0
2026-10-01T11:52:00-04:00,7.775,7.83,7.67,7.82,0,0,0,0,0,0,,,,,,,,,,,,,,,,,,,,,,,,,,,,,,,,,,,,,,,,,,,,5.257380179796407,7.612791722056616,7.6434508210477325,7.740419752170654,64197,97028.15
2026-10-01T11:53:00-04:00,7.83,7.88,7.6,7.63,0,0,0,0,0,0,,,,,,,,,,,,,,,,,,,,,,,,,,,,,,,,,,,,,,,,,,,,5.257380179796407,7.613143444951349,7.642169790471758,7.718335801736523,140375,101349.85
2026-10-01T11:54:00-04:00,7.615,7.7679,7.6039,7.74,0,0,0,0,0,0,,,,,,,,,,,,,,,,,,,,,,,,,,,,,,,,,,,,,,,,,,,,5.257380179796407,7.613243995403781,7.651486953283972,7.722668641389219,40065,101408.0
2026-10-01T11:55:00-04:00,7.7226,7.99,7.7226,7.92,0,1,0,0,0,1,7.69,8.046666666666667,7.7679,7.77,57.95918367346937,1.5433090909090912,4.226107575190316,2.076370295580799,,1.0,1.0,1.0,100.0,1.3850538505977068,71.42857142857143,10.714285714285792,73.82198952879574,3.37626262626263,2.6515151515151603,1.60291768336698,2.990897269180759,100.0,3.164497704669178,18871.0,8.0,12.396694214876035,38.13559322033898,13.925438596491224,2.336705135486686,37.77191328483347,3.0,107.0,0.0,4.226107575190316,1.3281456953642397,4.0,7.0,0.0,0.0,0.0,,,,5.257380179796407,7.61447522426899,7.677059624399784,7.762134913111375,169319,108475.85
2026-10-01T11:56:00-04:00,7.8863,7.99,7.8,7.92,0,0,0,0,0,0,,,,,,,,,,,,,,,,,,,,,,,,,,,,,,,,,,,,,,,,,,,,5.257380179796407,7.615291636079856,7.700196803028376,7.7937079304890995,103015,112093.1
2026-10-01T11:57:00-04:00,7.905,7.95,7.85,7.901,0,0,0,0,0,0,,,,,,,,,,,,,,,,,,,,,,,,,,,,,,,,,,,,,,,,,,,,5.257380179796407,7.61593802218588,7.719320917025674,7.81516634439128,82841,115059.95
2026-10-01T11:58:00-04:00,7.9,8.04,7.52,7.71,0,0,0,0,0,0,,,,,,,,,,,,,,,,,,,,,,,,,,,,,,,,,,,,,,,,,,,,5.257380179796407,7.616877195411071,7.718433210642276,7.794133075513024,245433,126257.55
2026-10-01T11:59:00-04:00,7.7393,7.79,7.62,7.675,0,0,0,0,0,0,,,,,,,,,,,,,,,,,,,,,,,,,,,,,,,,,,,,,,,,,,,,5.257380179796407,7.617046310641829,7.714296714390631,7.770306460410419,79784,127374.6
2026-10-01T12:00:00-04:00,7.6646,7.69,7.4,7.47,0,0,0,0,0,0,,,,,,,,,,,,,,,,,,,,,,,,,,,,,,,,,,,,,,,,,,,,5.257380179796407,7.61681444967749,7.691030360639142,7.710245168328335,88267,130261.35
2026-10-01T12:01:00-04:00,7.47,7.6,7.4201,7.6,0,0,0,0,0,0,,,,,,,,,,,,,,,,,,,,,,,,,,,,,,,,,,,,,,,,,,,,5.257380179796407,7.616676463196318,7.682360802483033,7.688196134662668,66514,127649.75
2026-10-01T12:02:00-04:00,7.6,7.66,7.54,7.66,0,0,0,0,0,0,,,,,,,,,,,,,,,,,,,,,,,,,,,,,,,,,,,,,,,,,,,,5.257380179796407,7.616679198722492,7.680231202246554,7.6825569077301346,30488,118812.95
2026-10-01T12:03:00-04:00,7.6442,7.69,7.54,7.56,0,0,0,0,0,0,,,,,,,,,,,,,,,,,,,,,,,,,,,,,,,,,,,,,,,,,,,,5.257380179796407,7.61665642190103,7.668780611556405,7.658045526184107,42206,103846.85
2026-10-01T12:04:00-04:00,7.56,7.6,7.5,7.53,0,0,0,0,0,0,,,,,,,,,,,,,,,,,,,,,,,,,,,,,,,,,,,,,,,,,,,,5.257380179796407,7.616587453755576,7.6555634104557955,7.632436420947286,34914,97899.75
2026-10-01T12:05:00-04:00,7.54,7.79,7.5,7.745,0,0,0,0,0,0,,,,,,,,,,,,,,,,,,,,,,,,,,,,,,,,,,,,,,,,,,,,5.257380179796407,7.616685792880687,7.664081180888576,7.654949136757829,59211,87770.2
2026-10-01T12:06:00-04:00,7.76,7.94,7.7,7.8622,0,1,0,0,0,1,7.69,8.046666666666667,7.79,7.67,57.95918367346937,0.8424495986009746,2.741492537313433,3.2335418943600502,1.0080623510580111,1.0,2.0,6.0,100.0,0.6263729189336021,37.823529411764866,32.35294117647044,42.58333333333323,3.0525807026023277,3.406171300653771,1.6311470223552305,2.2392717815344465,50.0,2.3330929987964044,18871.0,8.0,12.396694214876035,38.13559322033898,13.925438596491224,2.336705135486686,37.77191328483347,3.0,118.0,0.0,2.4817010352806066,1.3333333333333344,4.0,7.0,0.0,0.0,0.0,,,,5.257380179796407,7.61754160020902,7.682949639851569,7.696399309406264,146944,89032.55
2026-10-01T12:07:00-04:00,7.86,7.95,7.82,7.895,0,0,0,0,0,0,,,,,,,,,,,,,,,,,,,,,,,,,,,,,,,,,,,,,,,,,,,,5.257380179796407,7.618252346237289,7.703144912246658,7.736119447525011,98224,89752.1
2026-10-01T12:08:00-04:00,7.88,7.94,7.75,7.81,0,0,0,0,0,0,,,,,,,,,,,,,,,,,,,,,,,,,,,,,,,,,,,,,,,,,,,,5.257380179796407,7.618734987536426,7.713321587270785,7.750895558020009,84166,90567.4
2026-10-01T12:09:00-04:00,7.8257,7.8257,7.62,7.81,0,0,0,0,0,0,,,,,,,,,,,,,,,,,,,,,,,,,,,,,,,,,,,,,,,,,,,,5.257380179796407,7.619002542287548,7.722529055149758,7.7627164464160066,75511,87980.6
2026-10-01T12:10:00-04:00,7.785,7.95,7.7701,7.92,0,0,0,0,0,0,,,,,,,,,,,,,,,,,,,,,,,,,,,,,,,,,,,,,,,,,,,,5.257380179796407,7.619997065244371,7.741335811802163,7.794173157132805,143737,91002.0
2026-10-01T12:11:00-04:00,7.89,7.96,7.85,7.9109,0,0,0,0,0,0,,,,,,,,,,,,,,,,,,,,,,,,,,,,,,,,,,,,,,,,,,,,5.257380179796407,7.620559025729908,7.757484782106719,7.8175185257062445,74023,93461.7
2026-10-01T12:12:00-04:00,7.91,7.915,7.7,7.75,0,0,0,0,0,0,,,,,,,,,,,,,,,,,,,,,,,,,,,,,,,,,,,,,,,,,,,,5.257380179796407,7.620820037689166,7.756771945715602,7.804014820564996,58899,93196.8
2026-10-01T12:13:00-04:00,7.77,7.86,7.7401,7.785,0,0,0,0,0,0,,,,,,,,,,,,,,,,,,,,,,,,,,,,,,,,,,,,,,,,,,,,5.257380179796407,7.621053581812051,7.759460331837926,7.800211856451996,50821,88719.1
2026-10-01T12:14:00-04:00,7.7998,7.98,7.7842,7.9188,0,0,0,0,0,0,,,,,,,,,,,,,,,,,,,,,,,,,,,,,,,,,,,,,,,,,,,,5.257380179796407,7.621942566508247,7.774635538329552,7.823929485161597,123725,92902.1
2026-10-01T12:15:00-04:00,7.92,8.04,7.75,7.8078,0,0,0,0,0,0,,,,,,,,,,,,,,,,,,,,,,,,,,,,,,,,,,,,,,,,,,,,5.257380179796407,7.622885697068187,7.777794058488642,7.820703588129278,147588,91815.55
2026-10-01T12:16:00-04:00,7.79,7.8453,7.611,7.74,0,0,0,0,0,0,,,,,,,,,,,,,,,,,,,,,,,,,,,,,,,,,,,,,,,,,,,,5.257380179796407,7.623159811771255,7.774194624346866,7.804562870503422,96072,91468.4
2026-10-01T12:17:00-04:00,7.7147,7.79,7.7,7.73,0,0,0,0,0,0,,,,,,,,,,,,,,,,,,,,,,,,,,,,,,,,,,,,,,,,,,,,5.257380179796407,7.623295335692815,7.769985612504308,7.789650296402738,44450,89548.85
2026-10-01T12:18:00-04:00,7.75,7.87,7.7301,7.7401,0,0,0,0,0,0,,,,,,,,,,,,,,,,,,,,,,,,,,,,,,,,,,,,,,,,,,,,5.257380179796407,7.623458396811914,7.767139363694373,7.779740237122191,39901,79272.25
2026-10-01T12:19:00-04:00,7.74,7.8099,7.67,7.75,0,0,0,0,0,0,,,,,,,,,,,,,,,,,,,,,,,,,,,,,,,,,,,,,,,,,,,,5.257380179796407,7.6235994218549665,7.765507043342528,7.773792189697753,45196,77542.85
2026-10-01T12:20:00-04:00,7.74,7.8087,7.67,7.69,0,0,0,0,0,0,,,,,,,,,,,,,,,,,,,,,,,,,,,,,,,,,,,,,,,,,,,,5.257380179796407,7.623668116919171,7.758315896357526,7.757033751758202,26588,74458.9
2026-10-01T12:21:00-04:00,7.69,7.72,7.6,7.7,0,0,0,0,0,0,,,,,,,,,,,,,,,,,,,,,,,,,,,,,,,,,,,,,,,,,,,,5.257380179796407,7.6237348626181936,7.7527620014663325,7.745627001406562,51721,73719.25
2026-10-01T12:22:00-04:00,7.7005,7.72,7.62,7.6301,0,0,0,0,0,0,,,,,,,,,,,,,,,,,,,,,,,,,,,,,,,,,,,,,,,,,,,,5.257380179796407,7.623752878263136,7.741079906088586,7.7225216011252495,21044,73247.05
2026-10-01T12:23:00-04:00,7.6323,7.69,7.63,7.65,0,0,0,0,0,0,,,,,,,,,,,,,,,,,,,,,,,,,,,,,,,,,,,,,,,,,,,,5.257380179796407,7.62376430842511,7.732405629318245,7.7080172809002,13377,71805.6
2026-10-01T12:24:00-04:00,7.64,7.71,7.58,7.66,0,0,0,0,0,0,,,,,,,,,,,,,,,,,,,,,,,,,,,,,,,,,,,,,,,,,,,,5.257380179796407,7.62378366654336,7.725509855097459,7.69841382472016,28443,71482.05
2026-10-01T12:25:00-04:00,7.64,7.77,7.63,7.77,0,0,0,0,0,0,,,,,,,,,,,,,,,,,,,,,,,,,,,,,,,,,,,,,,,,,,,,5.257380179796407,7.623886371127495,7.729747011754844,7.712731059776128,39811,70512.05
2026-10-01T12:26:00-04:00,7.7684,7.84,7.68,7.7204,0,0,0,0,0,0,,,,,,,,,,,,,,,,,,,,,,,,,,,,,,,,,,,,,,,,,,,,5.257380179796407,7.624100474854683,7.728856820159144,7.714264847820902,67334,66531.55
2026-10-01T12:27:00-04:00,7.7399,7.78,7.7001,7.7001,0,0,0,0,0,0,,,,,,,,,,,,,,,,,,,,,,,,,,,,,,,,,,,,,,,,,,,,5.257380179796407,7.624161149824925,7.726118075382083,7.711431878256722,22866,62763.65
2026-10-01T12:28:00-04:00,7.725,7.75,7.64,7.72,0,0,0,0,0,0,,,,,,,,,,,,,,,,,,,,,,,,,,,,,,,,,,,,,,,,,,,,5.257380179796407,7.624195529658377,7.72553540153617,7.713145502605378,16803,59395.5
2026-10-01T12:29:00-04:00,7.7,7.749,7.6129,7.655,0,0,0,0,0,0,,,,,,,,,,,,,,,,,,,,,,,,,,,,,,,,,,,,,,,,,,,,5.257380179796407,7.624236441052965,7.718817744247011,7.7015164020843025,32937,57266.8
2026-10-01T12:30:00-04:00,7.66,7.72,7.65,7.6726,0,0,0,0,0,0,,,,,,,,,,,,,,,,,,,,,,,,,,,,,,,,,,,,,,,,,,,,5.257380179796407,7.624265792298498,7.714416054318725,7.695733121667442,20083,51084.1
2026-10-01T12:31:00-04:00,7.7,7.78,7.68,7.765,0,0,0,0,0,0,,,,,,,,,,,,,,,,,,,,,,,,,,,,,,,,,,,,,,,,,,,,5.257380179796407,7.624351147699739,7.719233572955036,7.709586497333953,28192,48792.55
2026-10-01T12:32:00-04:00,7.75,7.76,7.66,7.6601,0,0,0,0,0,0,,,,,,,,,,,,,,,,,,,,,,,,,,,,,,,,,,,,,,,,,,,,5.257380179796407,7.624391348615009,7.713601804102176,7.699689197867163,22600,46977.6
2026-10-01T12:33:00-04:00,7.67,7.675,7.42,7.595,0,0,0,0,0,0,,,,,,,,,,,,,,,,,,,,,,,,,,,,,,,,,,,,,,,,,,,,5.257380179796407,7.624239552772023,7.702306394187683,7.67875135829373,96698,49271.45
2026-10-01T12:34:00-04:00,7.6,8.03,7.6,7.93,0,0,0,0,0,0,,,,,,,,,,,,,,,,,,,,,,,,,,,,,,,,,,,,,,,,,,,,5.257380179796407,7.625975570840253,7.723991499503142,7.729001086634984,296992,57934.8
2026-10-01T12:35:00-04:00,7.93,8.38,7.88,8.045,0,0,0,0,0,0,,,,,,,,,,,,,,,,,,,,,,,,,,,,,,,,,,,,,,,,,,,,5.257380179796407,7.630321081875257,7.754563737645699,7.792200869307987,361331,68621.95
2026-10-01T12:36:00-04:00,8.0134,8.08,7.85,7.851,0,0,0,0,0,0,,,,,,,,,,,,,,,,,,,,,,,,,,,,,,,,,,,,,,,,,,,,5.257380179796407,7.6312467094522445,7.763748143584204,7.803960695446389,123793,70008.0
2026-10-01T12:37:00-04:00,7.8507,8.15,7.85,8.1099,0,0,0,0,0,0,,,,,,,,,,,,,,,,,,,,,,,,,,,,,,,,,,,,,,,,,,,,5.257380179796407,7.632888544078402,7.796714987052375,7.865148556357111,161350,75853.0
2026-10-01T12:38:00-04:00,8.0845,8.18,8.01,8.02,0,0,0,0,0,0,,,,,,,,,,,,,,,,,,,,,,,,,,,,,,,,,,,,,,,,,,,,5.257380179796407,7.634513274049079,7.81798022638072,7.896118845085689,148633,81289.6
2026-10-01T12:39:00-04:00,8.01,8.0599,7.9,7.95,0,0,0,0,0,0,,,,,,,,,,,,,,,,,,,,,,,,,,,,,,,,,,,,,,,,,,,,5.257380179796407,7.635214519557773,7.830553538153985,7.906895076068551,83767,83218.15
2026-10-01T12:40:00-04:00,7.94,8.15,7.93,8.1,0,0,0,0,0,0,,,,,,,,,,,,,,,,,,,,,,,,,,,,,,,,,,,,,,,,,,,,5.257380179796407,7.636177419769873,7.856215105948843,7.945516060854841,91040,86440.75
2026-10-01T12:41:00-04:00,8.1199,8.19,8.04,8.13,0,0,0,0,0,0,,,,,,,,,,,,,,,,,,,,,,,,,,,,,,,,,,,,,,,,,,,,5.257380179796407,7.638227775691831,7.882289857763239,7.982412848683873,170926,92401.0
2026-10-01T12:42:00-04:00,8.115,8.18,7.9301,7.97,0,0,0,0,0,0,,,,,,,,,,,,,,,,,,,,,,,,,,,,,,,,,,,,,,,,,,,,5.257380179796407,7.639552250223148,7.890643204642931,7.979930278947098,137985,98248.05
2026-10-01T12:43:00-04:00,7.97,8.0,7.77,7.85,0,0,0,0,0,0,,,,,,,,,,,,,,,,,,,,,,,,,,,,,,,,,,,,,,,,,,,,5.257380179796407,7.640284546278295,7.886772423248366,7.953944223157678,127171,103937.75
2026-10-01T12:44:00-04:00,7.86,7.889,7.7,7.79,0,0,0,0,0,0,,,,,,,,,,,,,,,,,,,,,,,,,,,,,,,,,,,,,,,,,,,,5.257380179796407,7.640571576092528,7.877556001986616,7.921155378526143,76449,106338.05
2026-10-01T12:45:00-04:00,7.7721,7.8799,7.73,7.74,0,0,0,0,0,0,,,,,,,,,,,,,,,,,,,,,,,,,,,,,,,,,,,,,,,,,,,,5.257380179796407,7.640828298232576,7.864455430368843,7.884924302820914,73293,108012.15
2026-10-01T12:46:00-04:00,7.74,7.7999,7.62,7.7299,0,0,0,0,0,0,,,,,,,,,,,,,,,,,,,,,,,,,,,,,,,,,,,,,,,,,,,,5.257380179796407,7.6410026801733135,7.851640627476573,7.853919442256731,93995,109345.2
2026-10-01T12:47:00-04:00,7.7336,7.79,7.7,7.7696,0,0,0,0,0,0,,,,,,,,,,,,,,,,,,,,,,,,,,,,,,,,,,,,,,,,,,,,5.257380179796407,7.641104680049731,7.843827234383566,7.837055553805385,37164,110060.1
2026-10-01T12:48:00-04:00,7.7528,7.78,7.7,7.73,0,0,0,0,0,0,,,,,,,,,,,,,,,,,,,,,,,,,,,,,,,,,,,,,,,,,,,,5.257380179796407,7.641183064968964,7.832986545394655,7.815644443044308,33559,110897.9
2026-10-01T12:49:00-04:00,7.73,7.85,7.71,7.77,0,0,0,0,0,0,,,,,,,,,,,,,,,,,,,,,,,,,,,,,,,,,,,,,,,,,,,,5.257380179796407,7.641293671498505,7.82698782678564,7.806515554435446,33428,110922.45
2026-10-01T12:50:00-04:00,7.78,7.9048,7.7601,7.8396,0,0,0,0,0,0,,,,,,,,,,,,,,,,,,,,,,,,,,,,,,,,,,,,,,,,,,,,5.257380179796407,7.641685025217064,7.828188986139389,7.813132443548357,82965,114066.55
2026-10-01T12:51:00-04:00,7.82,7.85,7.77,7.82,0,0,0,0,0,0,,,,,,,,,,,,,,,,,,,,,,,,,,,,,,,,,,,,,,,,,,,,5.257380179796407,7.641855485697407,7.827409082697542,7.814505954838685,40786,114696.25
2026-10-01T12:52:00-04:00,7.82,7.92,7.82,7.88,0,0,0,0,0,0,,,,,,,,,,,,,,,,,,,,,,,,,,,,,,,,,,,,,,,,,,,,5.257380179796407,7.64207481697207,7.8324177414882525,7.827604763870948,38952,115513.85
2026-10-01T12:53:00-04:00,7.8813,7.9,7.7601,7.7801,0,0,0,0,0,0,,,,,,,,,,,,,,,,,,,,,,,,,,,,,,,,,,,,,,,,,,,,5.257380179796407,7.642242114616891,7.827435099441752,7.8181038110967584,40182,112688.05
2026-10-01T12:54:00-04:00,7.8,7.8399,7.7789,7.815,0,0,0,0,0,0,,,,,,,,,,,,,,,,,,,,,,,,,,,,,,,,,,,,,,,,,,,,5.257380179796407,7.642341250578182,7.826250804256824,7.817483048877407,24149,99045.9
2026-10-01T12:55:00-04:00,7.815,7.8671,7.78,7.8,0,0,0,0,0,0,,,,,,,,,,,,,,,,,,,,,,,,,,,,,,,,,,,,,,,,,,,,5.257380179796407,7.642435664684188,7.823750727660936,7.813986439101925,22436,82101.15
2026-10-01T12:56:00-04:00,7.82,7.85,7.75,7.836,0,0,0,0,0,0,,,,,,,,,,,,,,,,,,,,,,,,,,,,,,,,,,,,,,,,,,,,5.257380179796407,7.642565430661002,7.82491732502656,7.81838915128154,31551,77489.05
2026-10-01T12:57:00-04:00,7.81,7.81,7.7,7.722,0,0,0,0,0,0,,,,,,,,,,,,,,,,,,,,,,,,,,,,,,,,,,,,,,,,,,,,5.257380179796407,7.642659771568399,7.815115675024031,7.799111321025232,38380,71340.55
2026-10-01T12:58:00-04:00,7.7216,7.7399,7.67,7.7009,0,0,0,0,0,0,,,,,,,,,,,,,,,,,,,,,,,,,,,,,,,,,,,,,,,,,,,,5.257380179796407,7.642713842777619,7.804237991688409,7.779469056820186,36647,65741.25
2026-10-01T12:59:00-04:00,7.705,7.76,7.6443,7.7,0,0,0,0,0,0,,,,,,,,,,,,,,,,,,,,,,,,,,,,,,,,,,,,,,,,,,,,5.257380179796407,7.642767248399559,7.794310563908561,7.763575245456148,37599,63432.85
2026-10-01T13:00:00-04:00,7.74,7.78,7.67,7.67,0,0,0,0,0,0,,,,,,,,,,,,,,,,,,,,,,,,,,,,,,,,,,,,,,,,,,,,5.257380179796407,7.642797691914074,7.782471462583936,7.744860196364918,19705,59866.1
2026-10-01T13:01:00-04:00,7.685,7.84,7.67,7.83,0,0,0,0,0,0,,,,,,,,,,,,,,,,,,,,,,,,,,,,,,,,,,,,,,,,,,,,5.257380179796407,7.643004481230049,7.786997989956895,7.761888157091935,62431,54441.35
2026-10-01T13:02:00-04:00,7.7993,7.835997,7.7,7.72,0,0,0,0,0,0,,,,,,,,,,,,,,,,,,,,,,,,,,,,,,,,,,,,,,,,,,,,5.257380179796407,7.643068176802225,7.780617229008619,7.753510525673548,24221,48753.15
2026-10-01T13:03:00-04:00,7.72,7.73,7.61,7.61,0,0,0,0,0,0,,,,,,,,,,,,,,,,,,,,,,,,,,,,,,,,,,,,,,,,,,,,5.257380179796407,7.643078356744426,7.764367969103036,7.724808420538838,60957,45442.45
2026-10-01T13:04:00-04:00,7.61,7.74,7.52,7.71,0,0,0,0,0,0,,,,,,,,,,,,,,,,,,,,,,,,,,,,,,,,,,,,,,,,,,,,5.257380179796407,7.643099797390519,7.759190067283699,7.72184673643107,65597,44899.85
2026-10-01T13:05:00-04:00,7.715,7.7199,7.62,7.62,0,0,0,0,0,0,,,,,,,,,,,,,,,,,,,,,,,,,,,,,,,,,,,,,,,,,,,,5.257380179796407,7.643106890612728,7.745933870399537,7.701477389144856,28930,42681.7
2026-10-01T13:06:00-04:00,7.65,7.66,7.61,7.64,0,0,0,0,0,0,,,,,,,,,,,,,,,,,,,,,,,,,,,,,,,,,,,,,,,,,,,,5.257380179796407,7.643104482734665,7.735844930361486,7.689181911315885,15560,38759.95
2026-10-01T13:07:00-04:00,7.66,7.6999,7.635,7.635,0,0,0,0,0,0,,,,,,,,,,,,,,,,,,,,,,,,,,,,,,,,,,,,,,,,,,,,5.257380179796407,7.643106940512351,7.72624065127944,7.6783455290527085,7562,37279.85
2026-10-01T13:08:00-04:00,7.635,7.65,7.56,7.58,0,0,0,0,0,0,,,,,,,,,,,,,,,,,,,,,,,,,,,,,,,,,,,,,,,,,,,,5.257380179796407,7.643077558704057,7.712312970205208,7.6586764232421665,26352,36919.5
2026-10-01T13:09:00-04:00,7.6,7.63,7.5,7.54,0,0,0,0,0,0,,,,,,,,,,,,,,,,,,,,,,,,,,,,,,,,,,,,,,,,,,,,5.257380179796407,7.643003233024134,7.695902211138045,7.634941138593733,35857,37040.95
2026-10-01T13:10:00-04:00,7.52,7.6,7.52,7.5999,0,0,0,0,0,0,,,,,,,,,,,,,,,,,,,,,,,,,,,,,,,,,,,,,,,,,,,,5.257380179796407,7.64296338243372,7.686759143410613,7.627932910874987,23847,34085.05
2026-10-01T13:11:00-04:00,7.5613,7.59,7.42,7.51,0,0,0,0,0,0,,,,,,,,,,,,,,,,,,,,,,,,,,,,,,,,,,,,,,,,,,,,5.257380179796407,7.642794576633197,7.669924939276268,7.604346328699989,51724,34631.95
2026-10-01T13:12:00-04:00,7.5181,7.84,7.5181,7.72,0,0,0,0,0,0,,,,,,,,,,,,,,,,,,,,,,,,,,,,,,,,,,,,,,,,,,,,5.257380179796407,7.64292344691502,7.674693992678528,7.627477062959992,108123,38090.5
2026-10-01T13:13:00-04:00,7.73,7.8079,7.67,7.72,0,0,0,0,0,0,,,,,,,,,,,,,,,,,,,,,,,,,,,,,,,,,,,,,,,,,,,,5.257380179796407,7.643039327980261,7.679008850518668,7.645981650367993,54156,38789.2
2026-10-01T13:14:00-04:00,7.72,7.72,7.67,7.67,0,0,0,0,0,0,,,,,,,,,,,,,,,,,,,,,,,,,,,,,,,,,,,,,,,,,,,,5.257380179796407,7.643070021795578,7.678150864754985,7.650785320294395,29517,39057.6
2026-10-01T13:15:00-04:00,7.65,7.7,7.6401,7.67,0,0,0,0,0,0,,,,,,,,,,,,,,,,,,,,,,,,,,,,,,,,,,,,,,,,,,,,5.257380179796407,7.6430745197883585,7.677374591921177,7.654628256235515,7000,38285.8
2026-10-01T13:16:00-04:00,7.671,7.79,7.64,7.74,0,0,0,0,0,0,,,,,,,,,,,,,,,,,,,,,,,,,,,,,,,,,,,,,,,,,,,,5.257380179796407,7.6431704669254765,7.683338916500113,7.671702604988412,50224,39219.45
2026-10-01T13:17:00-04:00,7.721,7.77,7.56,7.5812,0,0,0,0,0,0,,,,,,,,,,,,,,,,,,,,,,,,,,,,,,,,,,,,,,,,,,,,5.257380179796407,7.643165214075828,7.67361140064296,7.653602083990729,36186,39109.75
2026-10-01T13:18:00-04:00,7.609,7.6699,7.58,7.63,0,0,0,0,0,0,,,,,,,,,,,,,,,,,,,,,,,,,,,,,,,,,,,,,,,,,,,,5.257380179796407,7.64315544730647,7.669457933915059,7.648881667192583,24856,38520.2
2026-10-01T13:19:00-04:00,7.63,7.63,7.4501,7.6,0,0,0,0,0,0,,,,,,,,,,,,,,,,,,,,,,,,,,,,,,,,,,,,,,,,,,,,5.257380179796407,7.643095039743221,7.662842892589815,7.639105333754067,30598,38170.15
2026-10-01T13:20:00-04:00,7.6,7.6299,7.57,7.61,0,0,0,0,0,0,,,,,,,,,,,,,,,,,,,,,,,,,,,,,,,,,,,,,,,,,,,,5.257380179796407,7.643084050433623,7.65781023615269,7.633284267003254,11630,37766.4
2026-10-01T13:21:00-04:00,7.62,7.69,7.51,7.69,0,0,0,0,0,0,,,,,,,,,,,,,,,,,,,,,,,,,,,,,,,,,,,,,,,,,,,,5.257380179796407,7.643073597488478,7.660875927947672,7.644627413602604,33673,36328.5
2026-10-01T13:22:00-04:00,7.675,7.75,7.66,7.68,0,0,0,0,0,0,,,,,,,,,,,,,,,,,,,,,,,,,,,,,,,,,,,,,,,,,,,,5.257380179796407,7.643161600884572,7.662697268143131,7.651701930882083,69325,38583.7
2026-10-01T13:23:00-04:00,7.676,7.69,7.6105,7.6501,0,0,0,0,0,0,,,,,,,,,,,,,,,,,,,,,,,,,,,,,,,,,,,,,,,,,,,,5.257380179796407,7.643165562304098,7.661497528319976,7.651381544705666,23775,36724.6
2026-10-01T13:24:00-04:00,7.65,7.69,7.63,7.6403,0,0,0,0,0,0,,,,,,,,,,,,,,,,,,,,,,,,,,,,,,,,,,,,,,,,,,,,5.257380179796407,7.643168724165978,7.659478716099026,7.649165235764533,13012,34095.35
2026-10-01T13:25:00-04:00,7.64,7.66,7.55,7.606,0,0,0,0,0,0,,,,,,,,,,,,,,,,,,,,,,,,,,,,,,,,,,,,,,,,,,,,5.257380179796407,7.643138330701416,7.654385505041976,7.640532188611626,33971,34347.4
2026-10-01T13:26:00-04:00,7.6,7.64,7.5,7.55,0,0,0,0,0,0,,,,,,,,,,,,,,,,,,,,,,,,,,,,,,,,,,,,,,,,,,,,5.257380179796407,7.643038337795435,7.644444028371312,7.622425750889301,53053,36222.05
2026-10-01T13:27:00-04:00,7.525,7.55,7.42,7.43,0,0,0,0,0,0,,,,,,,,,,,,,,,,,,,,,,,,,,,,,,,,,,,,,,,,,,,,5.257380179796407,7.642784658867564,7.624020787574044,7.583940600711441,60989,38893.4
2026-10-01T13:28:00-04:00,7.45,7.56,7.4484,7.495,0,0,0,0,0,0,,,,,,,,,,,,,,,,,,,,,,,,,,,,,,,,,,,,,,,,,,,,5.257380179796407,7.642688661627456,7.611733093519373,7.566152480569152,28756,39013.6
2026-10-01T13:29:00-04:00,7.489,7.6203,7.48,7.6,0,0,0,0,0,0,,,,,,,,,,,,,,,,,,,,,,,,,,,,,,,,,,,,,,,,,,,,5.257380179796407,7.642568484010781,7.610615656041337,7.572921984455322,67272,40584.35
2026-10-01T13:30:00-04:00,7.58,7.62,7.48,7.52,0,0,0,0,0,0,,,,,,,,,,,,,,,,,,,,,,,,,,,,,,,,,,,,,,,,,,,,5.257380179796407,7.64247466075107,7.60198559356121,7.562337587564257,38911,41337.55
2026-10-01T13:31:00-04:00,7.51,7.525,7.03,7.0925,0,0,0,0,0,0,,,,,,,,,,,,,,,,,,,,,,,,,,,,,,,,,,,,,,,,,,,,5.257380179796407,7.640980972791115,7.55346315607919,7.468370070051406,149450,46223.85
2026-10-01T13:32:00-04:00,7.14,7.27,7.09,7.23,0,0,0,0,0,0,,,,,,,,,,,,,,,,,,,,,,,,,,,,,,,,,,,,,,,,,,,,5.257380179796407,7.640008322693577,7.522657141214506,7.420696056041125,93652,45500.3
2026-10-01T13:33:00-04:00,7.225,7.3,7.08,7.0801,0,0,0,0,0,0,,,,,,,,,,,,,,,,,,,,,,,,,,,,,,,,,,,,,,,,,,,,5.257380179796407,7.639455877563159,7.480508842051219,7.3525768448329,48621,45223.55
2026-10-01T13:34:00-04:00,7.0801,7.18,7.08,7.1001,0,0,0,0,0,0,,,,,,,,,,,,,,,,,,,,,,,,,,,,,,,,,,,,,,,,,,,,5.257380179796407,7.638718098210536,7.444279428522532,7.30208147586632,60921,46793.75
2026-10-01T13:35:00-04:00,7.15,7.23,7.1,7.1972,0,0,0,0,0,0,,,,,,,,,,,,,,,,,,,,,,,,,,,,,,,,,,,,,,,,,,,,5.257380179796407,7.638270481139298,7.420748054377529,7.281105180693056,41507,48519.1
2026-10-01T13:36:00-04:00,7.2,7.36,7.1601,7.21,0,0,0,0,0,0,,,,,,,,,,,,,,,,,,,,,,,,,,,,,,,,,,,,,,,,,,,,5.257380179796407,7.637691733338795,7.400676811103478,7.266884144554445,63011,49158.45
2026-10-01T13:37:00-04:00,7.22,7.3,7.2101,7.24,0,0,0,0,0,0,,,,,,,,,,,,,,,,,,,,,,,,,,,,,,,,,,,,,,,,,,,,5.257380179796407,7.637505734138277,7.385374257665052,7.261507315643556,20639,48381.1
2026-10-01T13:38:00-04:00,7.24,7.3,7.1901,7.26,0,0,0,0,0,0,,,,,,,,,,,,,,,,,,,,,,,,,,,,,,,,,,,,,,,,,,,,5.257380179796407,7.637263011617072,7.373433852173142,7.261205852514845,26963,48486.45
2026-10-01T13:39:00-04:00,7.28,7.28,7.2,7.23,0,0,0,0,0,0,,,,,,,,,,,,,,,,,,,,,,,,,,,,,,,,,,,,,,,,,,,,5.257380179796407,7.637008274553963,7.35977348529951,7.254964682011876,27388,48325.95
2026-10-01T13:40:00-04:00,7.225,7.225,7.03,7.0302,0,0,0,0,0,0,,,,,,,,,,,,,,,,,,,,,,,,,,,,,,,,,,,,,,,,,,,,5.257380179796407,7.636287045792775,7.3283855343186035,7.2100117456095,57395,50614.2
2026-10-01T13:41:00-04:00,7.05,7.19,7.03,7.13,0,0,0,0,0,0,,,,,,,,,,,,,,,,,,,,,,,,,,,,,,,,,,,,,,,,,,,,5.257380179796407,7.635721972264315,7.309491673907308,7.1940093964876,46951,51278.1
2026-10-01T13:42:00-04:00,7.15,7.24,7.07,7.21,0,0,0,0,0,0,,,,,,,,,,,,,,,,,,,,,,,,,,,,,,,,,,,,,,,,,,,,5.257380179796407,7.635377940694827,7.300016276392326,7.197207517190081,32147,49419.2
2026-10-01T13:43:00-04:00,7.2249,7.25,7.171,7.195,0,0,0,0,0,0,,,,,,,,,,,,,,,,,,,,,,,,,,,,,,,,,,,,,,,,,,,,5.257380179796407,7.635122394067624,7.290014726259724,7.196766013752065,25690,49514.95
2026-10-01T13:44:00-04:00,7.2,7.2026,7.09,7.095,0,0,0,0,0,0,,,,,,,,,,,,,,,,,,,,,,,,,,,,,,,,,,,,,,,,,,,,5.257380179796407,7.634691246010584,7.271441895187369,7.176412811001652,36874,50708.05
2026-10-01T13:45:00-04:00,7.09,7.27,7.09,7.255,0,0,0,0,0,0,,,,,,,,,,,,,,,,,,,,,,,,,,,,,,,,,,,,,,,,,,,,5.257380179796407,7.634205183439404,7.26987600040762,7.1921302488013215,49001,51459.55
2026-10-01T13:46:00-04:00,7.2692,7.71,7.2629,7.5899,0,0,0,0,0,0,,,,,,,,,,,,,,,,,,,,,,,,,,,,,,,,,,,,,,,,,,,,5.257380179796407,7.633745757211253,7.300354476559275,7.271684199041057,176412,57627.5
2026-10-01T13:47:00-04:00,7.5378,7.61,7.4501,7.475,0,0,0,0,0,0,,,,,,,,,,,,,,,,,,,,,,,,,,,,,,,,,,,,,,,,,,,,5.257380179796407,7.633630396467701,7.31698738355363,7.312347359232845,41151,56635.6
2026-10-01T13:48:00-04:00,7.4899,7.6,7.46,7.53,0,0,0,0,0,0,,,,,,,,,,,,,,,,,,,,,,,,,,,,,,,,,,,,,,,,,,,,5.257380179796407,7.633508824452107,7.3372742994056654,7.355877887386276,51133,57754.45
2026-10-01T13:49:00-04:00,7.55,7.59,7.35,7.3707,0,0,0,0,0,0,,,,,,,,,,,,,,,,,,,,,,,,,,,,,,,,,,,,,,,,,,,,5.257380179796407,7.633336570350322,7.340457699462268,7.358842309909021,38221,56301.9
2026-10-01T13:50:00-04:00,7.41,7.45,7.35,7.424599,0,0,0,0,0,0,,,,,,,,,,,,,,,,,,,,,,,,,,,,,,,,,,,,,,,,,,,,5.257380179796407,7.633216188456442,7.348471156656338,7.371993647927217,23339,55523.3
2026-10-01T13:51:00-04:00,7.43,7.51,7.36,7.395,0,0,0,0,0,0,,,,,,,,,,,,,,,,,,,,,,,,,,,,,,,,,,,,,,,,,,,,5.257380179796407,7.63310308868582,7.35290247507002,7.376594918341773,23348,49218.2
2026-10-01T13:52:00-04:00,7.36,7.48,7.36,7.4414,0,0,0,0,0,0,,,,,,,,,,,,,,,,,,,,,,,,,,,,,,,,,,,,,,,,,,,,5.257380179796407,7.633070282460042,7.361330810777637,7.389555934673418,6957,44883.45
2026-10-01T13:53:00-04:00,7.46,7.46,7.2606,7.375,0,0,0,0,0,0,,,,,,,,,,,,,,,,,,,,,,,,,,,,,,,,,,,,,,,,,,,,5.257380179796407,7.632894822929206,7.362632638322624,7.3866447477387345,28629,43883.85
2026-10-01T13:54:00-04:00,7.39,7.45,7.37,7.42,0,0,0,0,0,0,,,,,,,,,,,,,,,,,,,,,,,,,,,,,,,,,,,,,,,,,,,,5.257380179796407,7.632811620863196,7.3680961965776115,7.393315798190987,16569,41666.25
2026-10-01T13:55:00-04:00,7.435,7.435,7.21,7.33,0,0,0,0,0,0,,,,,,,,,,,,,,,,,,,,,,,,,,,,,,,,,,,,,,,,,,,,5.257380179796407,7.63263071023488,7.364467987379744,7.38065263855279,25713,40876.55
2026-10-01T13:56:00-04:00,7.3405,7.5253,7.3405,7.48,0,0,0,0,0,0,,,,,,,,,,,,,,,,,,,,,,,,,,,,,,,,,,,,,,,,,,,,5.257380179796407,7.632520886288234,7.375471036200721,7.400522110842232,26124,39032.2
2026-10-01T13:57:00-04:00,7.47,7.5,7.4301,7.47,0,0,0,0,0,0,,,,,,,,,,,,,,,,,,,,,,,,,,,,,,,,,,,,,,,,,,,,5.257380179796407,7.632465289988627,7.384473794657795,7.414417688673786,14682,38734.35
2026-10-01T13:58:00-04:00,7.4816,7.4816,7.4161,7.4161,0,0,0,0,0,0,,,,,,,,,,,,,,,,,,,,,,,,,,,,,,,,,,,,,,,,,,,,5.257380179796407,7.632362153441072,7.3874858142141955,7.414754150939029,23229,38547.65
2026-10-01T13:59:00-04:00,7.41,7.4222,7.31,7.31,0,0,0,0,0,0,,,,,,,,,,,,,,,,,,,,,,,,,,,,,,,,,,,,,,,,,,,,5.257380179796407,7.632278328968305,7.380106212860462,7.393803320751223,12892,37822.85
2026-10-01T14:00:00-04:00,7.33,7.4,7.31,7.32,0,0,0,0,0,0,,,,,,,,,,,,,,,,,,,,,,,,,,,,,,,,,,,,,,,,,,,,5.257380179796407,7.632230775391982,7.374381811635656,7.379042656600978,7214,35313.8
2026-10-01T14:01:00-04:00,7.35,7.3599,7.15,7.2135,0,0,0,0,0,0,,,,,,,,,,,,,,,,,,,,,,,,,,,,,,,,,,,,,,,,,,,,5.257380179796407,7.631519998547285,7.3590597343370225,7.345934125280783,79808,36956.65
2026-10-01T14:02:00-04:00,7.24,7.28,7.17,7.2401,0,0,0,0,0,0,,,,,,,,,,,,,,,,,,,,,,,,,,,,,,,,,,,,,,,,,,,,5.257380179796407,7.631305799584146,7.347730235828735,7.324767300224626,23441,36521.35
2026-10-01T14:03:00-04:00,7.255,7.255,7.16,7.21,0,0,0,0,0,0,,,,,,,,,,,,,,,,,,,,,,,,,,,,,,,,,,,,,,,,,,,,5.257380179796407,7.631152355854721,7.334613070511712,7.301813840179701,15945,36034.1
2026-10-01T14:04:00-04:00,7.1912,7.26,7.18,7.245,0,0,0,0,0,0,,,,,,,,,,,,,,,,,,,,,,,,,,,,,,,,,,,,,,,,,,,,5.257380179796407,7.630921700274764,7.326078492367739,7.290451072143761,25182,35449.5
2026-10-01T14:05:00-04:00,7.2493,7.29,7.20518,7.2127,0,0,0,0,0,0,,,,,,,,,,,,,,,,,,,,,,,,,,,,,,,,,,,,,,,,,,,,5.257380179796407,7.630718666238631,7.315280540713669,7.274900857715009,22619,34130.4
2026-10-01T14:06:00-04:00,7.27,7.27,7.19,7.25,0,0,0,0,0,0,,,,,,,,,,,,,,,,,,,,,,,,,,,,,,,,,,,,,,,,,,,,5.257380179796407,7.630595135803096,7.309063346359986,7.269920686172007,13798,25999.7
2026-10-01T14:07:00-04:00,7.245,7.2875,7.16,7.1617,0,0,0,0,0,0,,,,,,,,,,,,,,,,,,,,,,,,,,,,,,,,,,,,,,,,,,,,5.257380179796407,7.630461677102949,7.295028741944749,7.248276548937605,13744,24629.35
2026-10-01T14:08:00-04:00,7.2,7.215,7.16,7.21,0,0,0,0,0,0,,,,,,,,,,,,,,,,,,,,,,,,,,,,,,,,,,,,,,,,,,,,5.257380179796407,7.630289986242353,7.28693076652144,7.240621239150085,17366,22941.0
2026-10-01T14:09:00-04:00,7.19,7.1999,7.1,7.1948,0,0,0,0,0,0,,,,,,,,,,,,,,,,,,,,,,,,,,,,,,,,,,,,,,,,,,,,5.257380179796407,7.62999957885214,7.278156407805112,7.2314569913200675,27502,22405.05
2026-10-01T14:10:00-04:00,7.1976,7.2499,7.1801,7.2101,0,0,0,0,0,0,,,,,,,,,,,,,,,,,,,,,,,,,,,,,,,,,,,,,,,,,,,,5.257380179796407,7.629895335885335,7.271674845157007,7.227185593056054,11030,21789.6
2026-10-01T14:11:00-04:00,7.2,7.24,7.1936,7.23,0,0,0,0,0,0,,,,,,,,,,,,,,,,,,,,,,,,,,,,,,,,,,,,,,,,,,,,5.257380179796407,7.629814890422722,7.267705812284911,7.227748474444843,8679,21056.15
2026-10-01T14:12:00-04:00,7.225,7.27,7.2,7.25,0,0,0,0,0,0,,,,,,,,,,,,,,,,,,,,,,,,,,,,,,,,,,,,,,,,,,,,5.257380179796407,7.6296487634183645,7.266019544448253,7.232198779555874,18799,21648.25
2026-10-01T14:13:00-04:00,7.27,7.44,7.23,7.2499,0,0,0,0,0,0,,,,,,,,,,,,,,,,,,,,,,,,,,,,,,,,,,,,,,,,,,,,5.257380179796407,7.629373336006526,7.264484349738895,7.235739023644699,37645,22099.05
2026-10-01T14:14:00-04:00,7.25,7.29,7.19,7.1906,0,0,0,0,0,0,,,,,,,,,,,,,,,,,,,,,,,,,,,,,,,,,,,,,,,,,,,,5.257380179796407,7.629200233239377,7.2574477450018575,7.226711218915759,18839,22212.55
2026-10-01T14:15:00-04:00,7.22,7.2299,7.16,7.1801,0,0,0,0,0,0,,,,,,,,,,,,,,,,,,,,,,,,,,,,,,,,,,,,,,,,,,,,5.257380179796407,7.629047698097841,7.250081293096919,7.217388975132607,15345,21694.15
2026-10-01T14:16:00-04:00,7.2,7.27,7.13,7.1325,0,0,0,0,0,0,,,,,,,,,,,,,,,,,,,,,,,,,,,,,,,,,,,,,,,,,,,,5.257380179796407,7.628729645808944,7.238883074706736,7.2004111801060855,31143,21945.1
2026-10-01T14:17:00-04:00,7.1496,7.2498,7.1452,7.21,0,0,0,0,0,0,,,,,,,,,,,,,,,,,,,,,,,,,,,,,,,,,,,,,,,,,,,,5.257380179796407,7.628597582279842,7.236132305687047,7.202328944084869,13677,21894.85
2026-10-01T14:18:00-04:00,7.19,7.25,7.1779,7.23,0,0,0,0,0,0,,,,,,,,,,,,,,,,,,,,,,,,,,,,,,,,,,,,,,,,,,,,5.257380179796407,7.628444519398512,7.235548276573995,7.207863155267895,16546,21560.7
2026-10-01T14:19:00-04:00,7.25,7.26,7.23,7.2369,0,0,0,0,0,0,,,,,,,,,,,,,,,,,,,,,,,,,,,,,,,,,,,,,,,,,,,,5.257380179796407,7.628357840333572,7.235677012138376,7.213670524214316,9934,21412.8
2026-10-01T14:20:00-04:00,7.24,7.24,7.21,7.2341,0,0,0,0,0,0,,,,,,,,,,,,,,,,,,,,,,,,,,,,,,,,,,,,,,,,,,,,5.257380179796407,7.628340834741207,7.235526820506149,7.217756419371453,1880,21146.1
2026-10-01T14:21:00-04:00,7.21,7.2299,7.16,7.2,0,0,0,0,0,0,,,,,,,,,,,,,,,,,,,,,,,,,,,,,,,,,,,,,,,,,,,,5.257380179796407,7.628243622365597,7.232143313791278,7.214205135497163,9968,17654.1
2026-10-01T14:22:00-04:00,7.215,7.2237,7.1793,7.2,0,0,0,0,0,0,,,,,,,,,,,,,,,,,,,,,,,,,,,,,,,,,,,,,,,,,,,,5.257380179796407,7.628202886827005,7.229082045811157,7.211364108397731,4221,16693.1
2026-10-01T14:23:00-04:00,7.19,7.27,7.17,7.24,0,0,0,0,0,0,,,,,,,,,,,,,,,,,,,,,,,,,,,,,,,,,,,,,,,,,,,,5.257380179796407,7.628053251343854,7.230121850971999,7.217091286718184,16504,16721.05
2026-10-01T14:24:00-04:00,7.2328,7.24,7.2,7.23,0,0,0,0,0,0,,,,,,,,,,,,,,,,,,,,,,,,,,,,,,,,,,,,,,,,,,,,5.257380179796407,7.627954588669533,7.230110246117523,7.2196730293745475,10799,16001.9
2026-10-01T14:25:00-04:00,7.2361,7.2361,7.16,7.16,0,0,0,0,0,0,,,,,,,,,,,,,,,,,,,,,,,,,,,,,,,,,,,,,,,,,,,,5.257380179796407,7.627744445285201,7.223433079820616,7.207738423499638,21043,15923.1
2026-10-01T14:26:00-04:00,7.16,7.2099,7.11,7.13,0,0,0,0,0,0,,,,,,,,,,,,,,,,,,,,,,,,,,,,,,,,,,,,,,,,,,,,5.257380179796407,7.627523150969559,7.214534691266271,7.19219073879971,20537,16260.05
2026-10-01T14:27:00-04:00,7.13,7.16,7.11,7.11,0,0,0,0,0,0,,,,,,,,,,,,,,,,,,,,,,,,,,,,,,,,,,,,,,,,,,,,5.257380179796407,7.627436131227734,7.204579006383769,7.175752591039768,7705,15958.1
2026-10-01T14:28:00-04:00,7.12,7.2099,7.01,7.14,0,0,0,0,0,0,,,,,,,,,,,,,,,,,,,,,,,,,,,,,,,,,,,,,,,,,,,,5.257380179796407,7.62645783213399,7.19842862482341,7.168602072831814,85658,19372.7
2026-10-01T14:29:00-04:00,7.1001,7.33,7.1001,7.22,0,0,0,0,0,0,,,,,,,,,,,,,,,,,,,,,,,,,,,,,,,,,,,,,,,,,,,,5.257380179796407,7.625718969903122,7.200483041506894,7.1788816582654515,80265,22010.85
2026-10-01T14:30:00-04:00,7.2301,7.25,7.15,7.1901,0,0,0,0,0,0,,,,,,,,,,,,,,,,,,,,,,,,,,,,,,,,,,,,,,,,,,,,5.257380179796407,7.625489246182593,7.1994941804109995,7.181125326612361,23848,22651.75
2026-10-01T14:31:00-04:00,7.215,7.38,7.215,7.26,0,0,0,0,0,0,,,,,,,,,,,,,,,,,,,,,,,,,,,,,,,,,,,,,,,,,,,,5.257380179796407,7.624841918359516,7.205256639419476,7.196900261289889,84834,26459.5
2026-10-01T14:32:00-04:00,7.275,7.29,7.2014,7.2063,0,0,0,0,0,0,,,,,,,,,,,,,,,,,,,,,,,,,,,,,,,,,,,,,,,,,,,,5.257380179796407,7.62473036501415,7.205356007093812,7.198780209031911,12693,26154.2
2026-10-01T14:33:00-04:00,7.24,7.27,7.1501,7.1539,0,0,0,0,0,0,,,,,,,,,,,,,,,,,,,,,,,,,,,,,,,,,,,,,,,,,,,,5.257380179796407,7.624560091717071,7.20045543498964,7.189804167225529,17543,25149.1
2026-10-01T14:34:00-04:00,7.1799,7.19,7.14,7.175,0,0,0,0,0,0,,,,,,,,,,,,,,,,,,,,,,,,,,,,,,,,,,,,,,,,,,,,5.257380179796407,7.624442152898532,7.198031107847769,7.186843333780423,11546,24784.45
2026-10-01T14:35:00-04:00,7.175,7.22,7.15,7.185,0,0,0,0,0,0,,,,,,,,,,,,,,,,,,,,,,,,,,,,,,,,,,,,,,,,,,,,5.257380179796407,7.624349460578024,7.196790049957506,7.1864746670243385,9423,24488.35
2026-10-01T14:36:00-04:00,7.18,7.2499,7.1622,7.205,0,0,0,0,0,0,,,,,,,,,,,,,,,,,,,,,,,,,,,,,,,,,,,,,,,,,,,,5.257380179796407,7.624274053324849,7.197571949961553,7.190179733619471,8048,23333.6
2026-10-01T14:37:00-04:00,7.1901,7.3899,7.19,7.3601,0,0,0,0,0,0,,,,,,,,,,,,,,,,,,,,,,,,,,,,,,,,,,,,,,,,,,,,5.257380179796407,7.623756630873918,7.213050811869976,7.224163786895576,74476,26373.55
2026-10-01T14:38:00-04:00,7.37,7.38,7.286,7.31,0,0,0,0,0,0,,,,,,,,,,,,,,,,,,,,,,,,,,,,,,,,,,,,,,,,,,,,5.257380179796407,7.623561005254463,7.222284067882359,7.241331029516461,29358,27014.15
2026-10-01T14:39:00-04:00,7.31,7.3392,7.2571,7.325,0,0,0,0,0,0,,,,,,,,,,,,,,,,,,,,,,,,,,,,,,,,,,,,,,,,,,,,5.257380179796407,7.623498057817443,7.2320665376078495,7.258064823613169,8910,26962.95
2026-10-01T14:40:00-04:00,7.3299,7.375,7.3,7.36,0,0,0,0,0,0,,,,,,,,,,,,,,,,,,,,,,,,,,,,,,,,,,,,,,,,,,,,5.257380179796407,7.623374195782967,7.244250676883293,7.278451858890535,19931,27865.5
2026-10-01T14:41:00-04:00,7.39,7.5,7.25,7.3,0,0,0,0,0,0,,,,,,,,,,,,,,,,,,,,,,,,,,,,,,,,,,,,,,,,,,,,5.257380179796407,7.622776763001008,7.249560136227741,7.282761487112428,98151,32274.65
2026-10-01T14:42:00-04:00,7.305,7.34,7.27,7.3199,0,0,0,0,0,0,,,,,,,,,,,,,,,,,,,,,,,,,,,,,,,,,,,,,,,,,,,,5.257380179796407,7.622620610354717,7.256259170872718,7.290189189689943,22431,33185.15
2026-10-01T14:43:00-04:00,7.29,7.31,7.26,7.28,0,0,0,0,0,0,,,,,,,,,,,,,,,,,,,,,,,,,,,,,,,,,,,,,,,,,,,,5.257380179796407,7.6225343730210415,7.258520202218174,7.288151351751954,11424,32931.15
2026-10-01T14:44:00-04:00,7.27,7.292,7.2,7.22,0,0,0,0,0,0,,,,,,,,,,,,,,,,,,,,,,,,,,,,,,,,,,,,,,,,,,,,5.257380179796407,7.622302094681695,7.254851611530729,7.274521081401563,27119,33747.15
2026-10-01T14:45:00-04:00,7.24,7.2786,7.2215,7.25,0,0,0,0,0,0,,,,,,,,,,,,,,,,,,,,,,,,,,,,,,,,,,,,,,,,,,,,5.257380179796407,7.622189379695309,7.254389553289707,7.26961686512125,13621,33376.05
2026-10-01T14:46:00-04:00,7.26,7.26,7.18,7.2533,0,0,0,0,0,0,,,,,,,,,,,,,,,,,,,,,,,,,,,,,,,,,,,,,,,,,,,,5.257380179796407,7.622048996133679,7.254285786309735,7.266353492097,16154,33156.9
2026-10-01T14:47:00-04:00,7.23,7.2372,7.14,7.185,0,0,0,0,0,0,,,,,,,,,,,,,,,,,,,,,,,,,,,,,,,,,,,,,,,,,,,,5.257380179796407,7.621905164664628,7.247687139994522,7.2500827936776,14897,33516.5
2026-10-01T14:48:00-04:00,7.2,7.24,7.16,7.22,0,0,0,0,0,0,,,,,,,,,,,,,,,,,,,,,,,,,,,,,,,,,,,,,,,,,,,,5.257380179796407,7.621803745119701,7.245050269518853,7.24406623494208,10998,29783.5
2026-10-01T14:49:00-04:00,7.2399,7.273,7.22,7.26,0,0,0,0,0,0,,,,,,,,,,,,,,,,,,,,,,,,,,,,,,,,,,,,,,,,,,,,5.257380179796407,7.621736865690487,7.2464740533742,7.247252987953664,8123,26176.4
2026-10-01T14:50:00-04:00,7.2741,7.277,7.2,7.2009,0,0,0,0,0,0,,,,,,,,,,,,,,,,,,,,,,,,,,,,,,,,,,,,,,,,,,,,5.257380179796407,7.621620260951103,7.242133667338562,7.237982390362931,13273,25647.65
2026-10-01T14:51:00-04:00,7.215,7.2199,7.17,7.17,0,0,0,0,0,0,,,,,,,,,,,,,,,,,,,,,,,,,,,,,,,,,,,,,,,,,,,,5.257380179796407,7.621566978104672,7.2352637942586995,7.224385912290344,5519,21681.9
2026-10-01T14:52:00-04:00,7.17,7.21,7.1652,7.185,0,0,0,0,0,0,,,,,,,,,,,,,,,,,,,,,,,,,,,,,,,,,,,,,,,,,,,,5.257380179796407,7.621365104628362,7.230476766234061,7.216508729832276,20927,22093.6
2026-10-01T14:53:00-04:00,7.185,7.26,7.1601,7.2101,0,0,0,0,0,0,,,,,,,,,,,,,,,,,,,,,,,,,,,,,,,,,,,,,,,,,,,,5.257380179796407,7.621238578459335,7.2285361218308175,7.21522698386582,13871,21910.0
2026-10-01T14:54:00-04:00,7.2485,7.33,7.22,7.32,0,0,0,0,0,0,,,,,,,,,,,,,,,,,,,,,,,,,,,,,,,,,,,,,,,,,,,,5.257380179796407,7.620925717630811,7.23724696737074,7.236181587092656,42629,23464.15
2026-10-01T14:55:00-04:00,7.3491,7.35,7.27,7.295,0,0,0,0,0,0,,,,,,,,,,,,,,,,,,,,,,,,,,,,,,,,,,,,,,,,,,,,5.257380179796407,7.6207045086679965,7.242747256192574,7.247945269674125,31624,24574.2
2026-10-01T14:56:00-04:00,7.3,7.38,7.26,7.33,0,0,0,0,0,0,,,,,,,,,,,,,,,,,,,,,,,,,,,,,,,,,,,,,,,,,,,,5.257380179796407,7.6205685817655135,7.251057041317091,7.2643562157393005,20654,25204.5
2026-10-01T14:57:00-04:00,7.32,7.35,7.28,7.29,0,0,0,0,0,0,,,,,,,,,,,,,,,,,,,,,,,,,,,,,,,,,,,,,,,,,,,,5.257380179796407,7.620449631956133,7.254765894524987,7.26948497259144,17129,22337.15
2026-10-01T14:58:00-04:00,7.295,7.295,7.2,7.27,0,0,0,0,0,0,,,,,,,,,,,,,,,,,,,,,,,,,,,,,,,,,,,,,,,,,,,,5.257380179796407,7.620322947807085,7.256216761713084,7.269587978073153,15675,21653.0
2026-10-01T14:59:00-04:00,7.28,7.349,7.24,7.349,0,0,0,0,0,0,,,,,,,,,,,,,,,,,,,,,,,,,,,,,,,,,,,,,,,,,,,,5.257380179796407,7.620246920273483,7.265053260597552,7.285470382458522,11177,21766.35
2026-10-01T15:00:00-04:00,7.315,7.4184,7.3,7.3999,0,0,0,0,0,0,,,,,,,,,,,,,,,,,,,,,,,,,,,,,,,,,,,,,,,,,,,,5.257380179796407,7.619920222461684,7.277895807207309,7.308356305966817,59786,23759.1
2026-10-01T15:01:00-04:00,7.4,7.45,7.3736,7.4297,0,0,0,0,0,0,,,,,,,,,,,,,,,,,,,,,,,,,,,,,,,,,,,,,,,,,,,,5.257380179796407,7.619816857647021,7.2923533493780415,7.332625044773454,23169,20010.0
2026-10-01T15:02:00-04:00,7.43,7.47,7.34,7.3908,0,0,0,0,0,0,,,,,,,,,,,,,,,,,,,,,,,,,,,,,,,,,,,,,,,,,,,,5.257380179796407,7.619584134381176,7.301729220865847,7.344260035818762,48082,21292.55
2026-10-01T15:03:00-04:00,7.3908,7.4,7.3528,7.37,0,0,0,0,0,0,,,,,,,,,,,,,,,,,,,,,,,,,,,,,,,,,,,,,,,,,,,,5.257380179796407,7.619516318207755,7.308231199831004,7.34940802865501,12543,21348.5
2026-10-01T15:04:00-04:00,7.35,7.53,7.3101,7.45,0,0,0,0,0,0,,,,,,,,,,,,,,,,,,,,,,,,,,,,,,,,,,,,,,,,,,,,5.257380179796407,7.618999071708831,7.32173299032329,7.369526422924008,124197,26202.4
2026-10-01T15:05:00-04:00,7.42,7.44,7.22,7.27,0,0,0,0,0,0,,,,,,,,,,,,,,,,,,,,,,,,,,,,,,,,,,,,,,,,,,,,5.257380179796407,7.618628056829088,7.316806038863929,7.349621138339207,54694,28256.05
2026-10-01T15:06:00-04:00,7.3,7.33,7.25,7.29,0,0,0,0,0,0,,,,,,,,,,,,,,,,,,,,,,,,,,,,,,,,,,,,,,,,,,,,5.257380179796407,7.618477713000991,7.31425308278165,7.337696910671365,20849,28490.8
2026-10-01T15:07:00-04:00,7.3,7.3799,7.28,7.31,0,0,0,0,0,0,,,,,,,,,,,,,,,,,,,,,,,,,,,,,,,,,,,,,,,,,,,,5.257380179796407,7.618398092300809,7.3138480272786355,7.332157528537092,12296,28360.75
2026-10-01T15:08:00-04:00,7.32,7.36,7.27,7.31,0,0,0,0,0,0,,,,,,,,,,,,,,,,,,,,,,,,,,,,,,,,,,,,,,,,,,,,5.257380179796407,7.618213986563146,7.313481548490194,7.3277260228296734,27527,29187.2
2026-10-01T15:09:00-04:00,7.305,7.3155,7.25,7.29,0,0,0,0,0,0,,,,,,,,,,,,,,,,,,,,,,,,,,,,,,,,,,,,,,,,,,,,5.257380179796407,7.618109926445214,7.311245210538747,7.320180818263739,14256,29493.85
2026-10-01T15:10:00-04:00,7.29,7.33,7.2552,7.2552,0,0,0,0,0,0,,,,,,,,,,,,,,,,,,,,,,,,,,,,,,,,,,,,,,,,,,,,5.257380179796407,7.618052410166419,7.305907571439819,7.307184654610992,7766,29218.5
2026-10-01T15:11:00-04:00,7.26,7.3,7.17,7.1807,0,0,0,0,0,0,,,,,,,,,,,,,,,,,,,,,,,,,,,,,,,,,,,,,,,,,,,,5.257380179796407,7.617788094290684,7.293983040826502,7.281887723688794,30088,30446.95
2026-10-01T15:12:00-04:00,7.2136,7.25,7.1901,7.244,0,0,0,0,0,0,,,,,,,,,,,,,,,,,,,,,,,,,,,,,,,,,,,,,,,,,,,,5.257380179796407,7.617677151656045,7.289222751223978,7.274310178951035,13002,30050.7
2026-10-01T15:13:00-04:00,7.24,7.29,7.2377,7.25,0,0,0,0,0,0,,,,,,,,,,,,,,,,,,,,,,,,,,,,,,,,,,,,,,,,,,,,5.257380179796407,7.617623319698771,7.285487251107408,7.269448143160828,6861,29700.2
2026-10-01T15:14:00-04:00,7.25,7.299,7.22,7.25,0,0,0,0,0,0,,,,,,,,,,,,,,,,,,,,,,,,,,,,,,,,,,,,,,,,,,,,5.257380179796407,7.617428878229713,7.282107512906703,7.265558514528662,24600,28798.75
2026-10-01T15:15:00-04:00,7.245,7.25,7.16,7.1918,0,0,0,0,0,0,,,,,,,,,,,,,,,,,,,,,,,,,,,,,,,,,,,,,,,,,,,,5.257380179796407,7.617186731558022,7.273506797391779,7.25080681162293,26569,28546.0
2026-10-01T15:16:00-04:00,7.2,7.36,7.1833,7.3,0,0,0,0,0,0,,,,,,,,,,,,,,,,,,,,,,,,,,,,,,,,,,,,,,,,,,,,5.257380179796407,7.616791423230738,7.2760299595449425,7.260645449298344,53858,30206.2
2026-10-01T15:17:00-04:00,7.32,7.4,7.27,7.32,0,0,0,0,0,0,,,,,,,,,,,,,,,,,,,,,,,,,,,,,,,,,,,,,,,,,,,,5.257380179796407,7.616590532150113,7.280217582445424,7.272516359438675,32097,30954.6
2026-10-01T15:18:00-04:00,7.3322,7.34,7.26,7.28,0,0,0,0,0,0,,,,,,,,,,,,,,,,,,,,,,,,,,,,,,,,,,,,,,,,,,,,5.257380179796407,7.616491810684144,7.280196860307765,7.27401308755094,13998,30870.75
2026-10-01T15:19:00-04:00,7.3,7.31,7.275,7.29,0,0,0,0,0,0,,,,,,,,,,,,,,,,,,,,,,,,,,,,,,,,,,,,,,,,,,,,5.257380179796407,7.616424783873811,7.281130492659406,7.277210470040752,9460,30784.9
2026-10-01T15:20:00-04:00,7.3,7.4,7.2999,7.3695,0,0,0,0,0,0,,,,,,,,,,,,,,,,,,,,,,,,,,,,,,,,,,,,,,,,,,,,5.257380179796407,7.61624376447235,7.289546636215653,7.2956683760326015,31946,29392.9
2026-10-01T15:21:00-04:00,7.3692,7.43,7.3201,7.4,0,0,0,0,0,0,,,,,,,,,,,,,,,,,,,,,,,,,,,,,,,,,,,,,,,,,,,,5.257380179796407,7.6160979832763855,7.300066004195115,7.3165347008260815,28737,29671.3
2026-10-01T15:22:00-04:00,7.39,7.42,7.3101,7.36,0,0,0,0,0,0,,,,,,,,,,,,,,,,,,,,,,,,,,,,,,,,,,,,,,,,,,,,5.257380179796407,7.615960966534938,7.30577400379558,7.325227760660865,24901,28512.25
2026-10-01T15:23:00-04:00,7.38,7.42,7.3424,7.3628,0,0,0,0,0,0,,,,,,,,,,,,,,,,,,,,,,,,,,,,,,,,,,,,,,,,,,,,5.257380179796407,7.615918004009361,7.311205051053144,7.332742208528692,8193,28294.75
2026-10-01T15:24:00-04:00,7.37,7.385,7.3259,7.345,0,0,0,0,0,0,,,,,,,,,,,,,,,,,,,,,,,,,,,,,,,,,,,,,,,,,,,,5.257380179796407,7.615898205755503,7.314423617619512,7.335193766822953,3446,22257.2
2026-10-01T15:25:00-04:00,7.36,7.61,7.35,7.6062,0,0,0,0,0,0,,,,,,,,,,,,,,,,,,,,,,,,,,,,,,,,,,,,,,,,,,,,5.257380179796407,7.61578109089783,7.342211844512891,7.389395013458363,57414,22393.2
2026-10-01T15:26:00-04:00,7.59,7.69,7.4,7.4534,0,0,0,0,0,0,,,,,,,,,,,,,,,,,,,,,,,,,,,,,,,,,,,,,,,,,,,,5.257380179796407,7.615568011658656,7.352801192654521,7.402196010766691,96948,26198.15
2026-10-01T15:27:00-04:00,7.47,7.49,7.25,7.301,0,0,0,0,0,0,,,,,,,,,,,,,,,,,,,,,,,,,,,,,,,,,,,,,,,,,,,,5.257380179796407,7.615121565156687,7.347867745735043,7.381956808613353,76755,29421.1
2026-10-01T15:28:00-04:00,7.37,7.37,7.2131,7.31,0,0,0,0,0,0,,,,,,,,,,,,,,,,,,,,,,,,,,,,,,,,,,,,,,,,,,,,5.257380179796407,7.614919101101771,7.344261293760277,7.367565446890683,29470,29518.25
2026-10-01T15:29:00-04:00,7.305,7.305,7.18,7.1806,0,0,0,0,0,0,,,,,,,,,,,,,,,,,,,,,,,,,,,,,,,,,,,,,,,,,,,,5.257380179796407,7.614583340456082,7.328674503878346,7.330172357512546,39502,30780.55
2026-10-01T15:30:00-04:00,7.1801,7.31,7.1801,7.3,0,0,0,0,0,0,,,,,,,,,,,,,,,,,,,,,,,,,,,,,,,,,,,,,,,,,,,,5.257380179796407,7.61435723471654,7.325943598747075,7.324137886010036,29789,31881.7
2026-10-01T15:31:00-04:00,7.3,7.34,7.26,7.33,0,0,0,0,0,0,,,,,,,,,,,,,,,,,,,,,,,,,,,,,,,,,,,,,,,,,,,,5.257380179796407,7.614197622125841,7.326329922675924,7.325310308808029,24279,31591.25
2026-10-01T15:32:00-04:00,7.33,7.4,7.3182,7.355,0,0,0,0,0,0,,,,,,,,,,,,,,,,,,,,,,,,,,,,,,,,,,,,,,,,,,,,5.257380179796407,7.614123689577905,7.329060406230599,7.331248247046423,13350,31608.65
2026-10-01T15:33:00-04:00,7.38,7.45,7.34,7.41,0,0,0,0,0,0,,,,,,,,,,,,,,,,,,,,,,,,,,,,,,,,,,,,,,,,,,,,5.257380179796407,7.614032765613678,7.336768938970541,7.346998597637138,19673,32249.25
2026-10-01T15:34:00-04:00,7.43,7.47,7.31,7.35,0,0,0,0,0,0,,,,,,,,,,,,,,,,,,,,,,,,,,,,,,,,,,,,,,,,,,,,5.257380179796407,7.613899758803509,7.338029040020966,7.347598878109711,25975,32318.0
2026-10-01T15:35:00-04:00,7.35,7.47,7.35,7.42,0,0,0,0,0,0,,,,,,,,,,,,,,,,,,,,,,,,,,,,,,,,,,,,,,,,,,,,5.257380179796407,7.61381512080573,7.345835798114207,7.362079102487769,19570,31968.05
2026-10-01T15:36:00-04:00,7.45,7.4699,7.4,7.425,0,0,0,0,0,0,,,,,,,,,,,,,,,,,,,,,,,,,,,,,,,,,,,,,,,,,,,,5.257380179796407,7.613764363657361,7.353375245912853,7.374663281990215,12924,29921.35
2026-10-01T15:37:00-04:00,7.44,7.469,7.4,7.425,0,0,0,0,0,0,,,,,,,,,,,,,,,,,,,,,,,,,,,,,,,,,,,,,,,,,,,,5.257380179796407,7.613676827738468,7.36019665106401,7.384730625592172,22269,29429.95
2026-10-01T15:38:00-04:00,7.43,7.69,7.425,7.61,0,0,0,0,0,0,,,,,,,,,,,,,,,,,,,,,,,,,,,,,,,,,,,,,,,,,,,,5.257380179796407,7.613584805677517,7.383987446200771,7.429784500473738,110685,34264.3
2026-10-01T15:39:00-04:00,7.65,7.75,7.48,7.54,0,0,0,0,0,0,,,,,,,,,,,,,,,,,,,,,,,,,,,,,,,,,,,,,,,,,,,,5.257380179796407,7.613519494773639,7.398845784657841,7.45182760037899,129183,40250.45
2026-10-01T15:40:00-04:00,7.54,7.645763,7.54,7.61,0,0,0,0,0,0,,,,,,,,,,,,,,,,,,,,,,,,,,,,,,,,,,,,,,,,,,,,5.257380179796407,7.613503909310195,7.418955709928523,7.483462080303192,48743,41090.3
2026-10-01T15:41:00-04:00,7.6,7.76,7.59,7.705,0,0,0,0,0,0,,,,,,,,,,,,,,,,,,,,,,,,,,,,,,,,,,,,,,,,,,,,5.257380179796407,7.613639981298744,7.446198023268663,7.527769664242554,89047,44105.8
2026-10-01T15:42:00-04:00,7.7077,7.7077,7.55,7.57,0,0,0,0,0,0,,,,,,,,,,,,,,,,,,,,,,,,,,,,,,,,,,,,,,,,,,,,5.257380179796407,7.613634534148003,7.457988687719267,7.536215731394043,57907,45756.1
2026-10-01T15:43:00-04:00,7.63,7.63,7.31,7.3699,0,0,0,0,0,0,,,,,,,,,,,,,,,,,,,,,,,,,,,,,,,,,,,,,,,,,,,,5.257380179796407,7.6133089913760195,7.4495992888888605,7.502952585115234,86318,49662.35
2026-10-01T15:44:00-04:00,7.37,7.5,7.33,7.4,0,0,0,0,0,0,,,,,,,,,,,,,,,,,,,,,,,,,,,,,,,,,,,,,,,,,,,,5.257380179796407,7.613160997240377,7.4448755470899215,7.482362068092187,34188,51199.45
2026-10-01T15:45:00-04:00,7.36,7.44,7.35,7.42,0,0,0,0,0,0,,,,,,,,,,,,,,,,,,,,,,,,,,,,,,,,,,,,,,,,,,,,5.257380179796407,7.613106952869261,7.442506447367072,7.46988965447375,12100,48933.75
2026-10-01T15:46:00-04:00,7.42,7.42,7.26,7.27,0,0,0,0,0,0,,,,,,,,,,,,,,,,,,,,,,,,,,,,,,,,,,,,,,,,,,,,5.257380179796407,7.612787354350734,7.426077261903542,7.429911723579,50703,46621.5
2026-10-01T15:47:00-04:00,7.28,7.3569,7.27,7.325,0,0,0,0,0,0,,,,,,,,,,,,,,,,,,,,,,,,,,,,,,,,,,,,,,,,,,,,5.257380179796407,7.612667615919379,7.416450856007966,7.4089293788632,19065,43737.0
2026-10-01T15:48:00-04:00,7.33,7.3999,7.32,7.39,0,0,0,0,0,0,,,,,,,,,,,,,,,,,,,,,,,,,,,,,,,,,,,,,,,,,,,,5.257380179796407,7.612592272607944,7.41393172686435,7.40514350309056,14610,42994.0
2026-10-01T15:49:00-04:00,7.38,7.5441,7.37,7.4899,0,0,0,0,0,0,,,,,,,,,,,,,,,,,,,,,,,,,,,,,,,,,,,,,,,,,,,,5.257380179796407,7.612452049254276,7.421166800496317,7.422094802472448,45685,43303.15
2026-10-01T15:50:00-04:00,7.49,7.49,7.4,7.42,0,0,0,0,0,0,,,,,,,,,,,,,,,,,,,,,,,,,,,,,,,,,,,,,,,,,,,,5.257380179796407,7.612342903284891,7.421055676639525,7.421675841977958,29268,43277.1
2026-10-01T15:51:00-04:00,7.39,7.47,7.37,7.39,0,0,0,0,0,0,,,,,,,,,,,,,,,,,,,,,,,,,,,,,,,,,,,,,,,,,,,,5.257380179796407,7.612262359065744,7.418097993150046,7.415340673582366,18771,43001.7
2026-10-01T15:52:00-04:00,7.4,7.42,7.35,7.39,0,0,0,0,0,0,,,,,,,,,,,,,,,,,,,,,,,,,,,,,,,,,,,,,,,,,,,,5.257380179796407,7.612193509838908,7.415421993802423,7.410272538865893,14396,43054.0
2026-10-01T15:53:00-04:00,7.37,7.41,7.34,7.34,0,0,0,0,0,0,,,,,,,,,,,,,,,,,,,,,,,,,,,,,,,,,,,,,,,,,,,,5.257380179796407,7.612125118363368,7.40823894677362,7.396218031092714,12967,42718.7
2026-10-01T15:54:00-04:00,7.3308,7.41,7.32,7.38,0,0,0,0,0,0,,,,,,,,,,,,,,,,,,,,,,,,,,,,,,,,,,,,,,,,,,,,5.257380179796407,7.612052744372708,7.405549523271371,7.392974424874171,14108,42125.35
2026-10-01T15:55:00-04:00,7.4,7.5,7.35,7.415,0,0,0,0,0,0,,,,,,,,,,,,,,,,,,,,,,,,,,,,,,,,,,,,,,,,,,,,5.257380179796407,7.611904364492716,7.406449568674097,7.397379539899337,36813,42987.5
2026-10-01T15:56:00-04:00,7.45,7.5,7.4,7.43,0,0,0,0,0,0,,,,,,,,,,,,,,,,,,,,,,,,,,,,,,,,,,,,,,,,,,,,5.257380179796407,7.611840496569122,7.408692466895612,7.403903631919469,17903,43236.45
2026-10-01T15:57:00-04:00,7.41,7.46,7.4,7.44,0,0,0,0,0,0,,,,,,,,,,,,,,,,,,,,,,,,,,,,,,,,,,,,,,,,,,,,5.257380179796407,7.61170604310949,7.411674136715078,7.411122905535575,35618,43903.9
2026-10-01T15:58:00-04:00,7.45,7.53,7.41,7.46,0,0,0,0,0,0,,,,,,,,,,,,,,,,,,,,,,,,,,,,,,,,,,,,,,,,,,,,5.257380179796407,7.611596846471377,7.41627659988507,7.42089832442846,35629,40151.1
2026-10-01T15:59:00-04:00,7.45,7.59,7.38,7.5299,0,0,0,0,0,0,,,,,,,,,,,,,,,,,,,,,,,,,,,,,,,,,,,,,,,,,,,,5.257380179796407,7.611337603121646,7.427097876086492,7.442698659542768,110158,39199.85
2026-10-01T16:00:00-04:00,7.55,7.59,7.4,7.4418,0,0,0,0,0,0,,,,,,,,,,,,,,,,,,,,,,,,,,,,,,,,,,,,,,,,,,,,5.257380179796407,7.611210165713163,7.428498078363969,7.4425189276342145,45130,39019.2
2026-10-01T16:01:00-04:00,7.46,7.4969,7.35,7.35,0,0,0,0,0,0,,,,,,,,,,,,,,,,,,,,,,,,,,,,,,,,,,,,,,,,,,,,5.257380179796407,7.611080433607145,7.421022070900734,7.424015142107372,29039,36018.8
2026-10-01T16:02:00-04:00,7.36,7.48,7.36,7.44,0,0,0,0,0,0,,,,,,,,,,,,,,,,,,,,,,,,,,,,,,,,,,,,,,,,,,,,5.257380179796407,7.61104695204631,7.422829492719711,7.427212113685898,8627,33554.8
2026-10-01T16:03:00-04:00,7.4,7.46,7.38,7.38,0,0,0,0,0,0,,,,,,,,,,,,,,,,,,,,,,,,,,,,,,,,,,,,,,,,,,,,5.257380179796407,7.610999593697277,7.418750493413072,7.4177696909487185,11013,29789.55
2026-10-01T16:04:00-04:00,7.39,7.42,7.35,7.35,0,0,0,0,0,0,,,,,,,,,,,,,,,,,,,,,,,,,,,,,,,,,,,,,,,,,,,,5.257380179796407,7.610956696557126,7.412202827373732,7.404215752758975,8580,28509.15
2026-10-01T16:05:00-04:00,7.35,7.4,7.29,7.32,0,0,0,0,0,0,,,,,,,,,,,,,,,,,,,,,,,,,,,,,,,,,,,,,,,,,,,,5.257380179796407,7.610846243586802,7.403421605719091,7.38737260220718,19150,28861.65
2026-10-01T16:06:00-04:00,7.32,7.35,7.26,7.33,0,0,0,0,0,0,,,,,,,,,,,,,,,,,,,,,,,,,,,,,,,,,,,,,,,,,,,,5.257380179796407,7.61074522919793,7.396429071841082,7.375898081765744,16152,27134.1
2026-10-01T16:07:00-04:00,7.36,7.48,7.3216,7.4244,0,0,0,0,0,0,,,,,,,,,,,,,,,,,,,,,,,,,,,,,,,,,,,,,,,,,,,,5.257380179796407,7.6107017233715615,7.399092969760979,7.3855984654125955,10244,26693.05
2026-10-01T16:08:00-04:00,7.3682,7.55,7.3682,7.4923,0,0,0,0,0,0,,,,,,,,,,,,,,,,,,,,,,,,,,,,,,,,,,,,,,,,,,,,5.257380179796407,7.610635745782843,7.407969829783743,7.406938772330077,22349,27080.0
2026-10-01T16:09:00-04:00,7.5,7.97,7.5,7.7899,0,0,0,0,0,0,,,,,,,,,,,,,,,,,,,,,,,,,,,,,,,,,,,,,,,,,,,,5.257380179796407,7.610873982561974,7.444344131709101,7.483531017864061,79628,28777.15
2026-10-01T16:10:00-04:00,7.78,7.79,7.62,7.6994,0,0,0,0,0,0,,,,,,,,,,,,,,,,,,,,,,,,,,,,,,,,,,,,,,,,,,,,5.257380179796407,7.610914599542966,7.468635166784424,7.526704814291249,21002,28363.85
2026-10-01T16:11:00-04:00,7.6991,7.7,7.5,7.55,0,0,0,0,0,0,,,,,,,,,,,,,,,,,,,,,,,,,,,,,,,,,,,,,,,,,,,,5.257380179796407,7.610901229632668,7.476384198519241,7.531363851433,23136,28582.1
2026-10-01T16:12:00-04:00,7.5308,7.62,7.5308,7.62,0,0,0,0,0,0,,,,,,,,,,,,,,,,,,,,,,,,,,,,,,,,,,,,,,,,,,,,5.257380179796407,7.610897787084044,7.490061893898361,7.5490910811464,7964,28260.5
2026-10-01T16:13:00-04:00,7.5408,7.5997,7.53,7.5411,0,0,0,0,0,0,,,,,,,,,,,,,,,,,,,,,,,,,,,,,,,,,,,,,,,,,,,,5.257380179796407,7.61089284283511,7.4949226659080415,7.547492864917119,4374,27830.85
2026-10-01T16:14:00-04:00,7.55,7.55,7.52,7.55,0,0,0,0,0,0,,,,,,,,,,,,,,,,,,,,,,,,,,,,,,,,,,,,,,,,,,,,5.257380179796407,7.610890409061372,7.500168126297752,7.547994291933695,1639,27207.4
2026-10-01T16:15:00-04:00,7.5408,7.64,7.53,7.58,0,0,0,0,0,0,,,,,,,,,,,,,,,,,,,,,,,,,,,,,,,,,,,,,,,,,,,,5.257380179796407,7.610885212864799,7.507771161888442,7.554395433546956,9004,25816.95
2026-10-01T16:16:00-04:00,7.59,7.6176,7.52,7.5804,0,0,0,0,0,0,,,,,,,,,,,,,,,,,,,,,,,,,,,,,,,,,,,,,,,,,,,,5.257380179796407,7.610875606031,7.514688194089543,7.559596346837565,12006,25522.1
2026-10-01T16:17:00-04:00,7.61,7.69,7.6,7.63,0,0,0,0,0,0,,,,,,,,,,,,,,,,,,,,,,,,,,,,,,,,,,,,,,,,,,,,5.257380179796407,7.610881560418047,7.52567027084292,7.573677077470052,9767,24229.55
2026-10-01T16:18:00-04:00,7.6009,7.86,7.6001,7.71,0,0,0,0,0,0,,,,,,,,,,,,,,,,,,,,,,,,,,,,,,,,,,,,,,,,,,,,5.257380179796407,7.610951191752435,7.543225483143595,7.600941661976042,29591,23927.65
2026-10-01T16:19:00-04:00,7.74,7.7608,7.65,7.7,0,0,0,0,0,0,,,,,,,,,,,,,,,,,,,,,,,,,,,,,,,,,,,,,,,,,,,,5.257380179796407,7.610972334203247,7.558156389510872,7.620753329580833,10911,18965.3
2026-10-01T16:20:00-04:00,7.74,7.8423,7.7162,7.8397,0,0,0,0,0,0,,,,,,,,,,,,,,,,,,,,,,,,,,,,,,,,,,,,,,,,,,,,5.257380179796407,7.611075887509679,7.584970066700313,7.664542663664666,26291,18023.35
2026-10-01T16:21:00-04:00,7.82,7.82,7.55,7.56,0,0,0,0,0,0,,,,,,,,,,,,,,,,,,,,,,,,,,,,,,,,,,,,,,,,,,,,5.257380179796407,7.611094949680049,7.582591965109807,7.643634130931733,28287,17985.75
2026-10-01T16:22:00-04:00,7.5508,7.68,7.53,7.59,0,0,0,0,0,0,,,,,,,,,,,,,,,,,,,,,,,,,,,,,,,,,,,,,,,,,,,,5.257380179796407,7.611089431133158,7.583297492242206,7.632907304745386,23821,18745.45
2026-10-01T16:23:00-04:00,7.5516,7.5838,7.51,7.5705,0,0,0,0,0,0,,,,,,,,,,,,,,,,,,,,,,,,,,,,,,,,,,,,,,,,,,,,5.257380179796407,7.611082225260816,7.582078683457234,7.620425843796308,6128,18501.2
2026-10-01T16:24:00-04:00,7.57,7.61,7.53,7.54,0,0,0,0,0,0,,,,,,,,,,,,,,,,,,,,,,,,,,,,,,,,,,,,,,,,,,,,5.257380179796407,7.611076058538218,7.57807118979464,7.604340675037046,5783,18361.35
2026-10-01T16:25:00-04:00,7.55,7.59,7.54,7.57,0,0,0,0,0,0,,,,,,,,,,,,,,,,,,,,,,,,,,,,,,,,,,,,,,,,,,,,5.257380179796407,7.611071639699251,7.577302505052294,7.597472540029637,4767,17642.2
2026-10-01T16:26:00-04:00,7.5669,7.57,7.51,7.52,0,0,0,0,0,0,,,,,,,,,,,,,,,,,,,,,,,,,,,,,,,,,,,,,,,,,,,,5.257380179796407,7.611046321718626,7.571845123618742,7.581978032023709,15608,17615.0
2026-10-01T16:27:00-04:00,7.53,7.5397,7.51,7.5397,0,0,0,0,0,0,,,,,,,,,,,,,,,,,,,,,,,,,,,,,,,,,,,,,,,,,,,,5.257380179796407,7.611041251347493,7.568783683274099,7.573522425618967,2991,17252.35
2026-10-01T16:28:00-04:00,7.5209,7.5375,7.5106,7.5106,0,0,0,0,0,0,,,,,,,,,,,,,,,,,,,,,,,,,,,,,,,,,,,,,,,,,,,,5.257380179796407,7.611035667058534,7.563242380105137,7.560937940495174,2926,16281.2
2026-10-01T16:29:00-04:00,7.51,7.52,7.43,7.4418,0,0,0,0,0,0,,,,,,,,,,,,,,,,,,,,,,,,,,,,,,,,,,,,,,,,,,,,5.257380179796407,7.610987832100045,7.551676439142743,7.537110352396139,15591,13079.35
2026-10-01T16:30:00-04:00,7.49,7.8,7.49,7.64,0,0,0,0,0,0,,,,,,,,,,,,,,,,,,,,,,,,,,,,,,,,,,,,,,,,,,,,5.257380179796407,7.61100322455431,7.560088206843434,7.557688281916911,22827,13170.6
2026-10-01T16:31:00-04:00,7.63,7.67,7.5433,7.562,0,0,0,0,0,0,,,,,,,,,,,,,,,,,,,,,,,,,,,,,,,,,,,,,,,,,,,,5.257380179796407,7.610999732252129,7.560270282382155,7.558550625533528,8710,12449.3
2026-10-01T16:32:00-04:00,7.6059,7.6059,7.56,7.5638,0,0,0,0,0,0,,,,,,,,,,,,,,,,,,,,,,,,,,,,,,,,,,,,,,,,,,,,5.257380179796407,7.610995788950988,7.560606445964807,7.559600500426822,5495,12325.85
2026-10-01T16:33:00-04:00,7.58,7.6345,7.52,7.6,0,0,0,0,0,0,,,,,,,,,,,,,,,,,,,,,,,,,,,,,,,,,,,,,,,,,,,,5.257380179796407,7.610989516817356,7.564358213015778,7.567680400341458,11506,12682.45
2026-10-01T16:34:00-04:00,7.55,7.57,7.54,7.55,0,0,0,0,0,0,,,,,,,,,,,,,,,,,,,,,,,,,,,,,,,,,,,,,,,,,,,,5.257380179796407,7.610985026636922,7.562990764157132,7.564144320273166,3738,12787.4
2026-10-01T16:35:00-04:00,7.54,7.5577,7.51,7.51,0,0,0,0,0,0,,,,,,,,,,,,,,,,,,,,,,,,,,,,,,,,,,,,,,,,,,,,5.257380179796407,7.61096656634862,7.557944024713596,7.553315456218533,10416,12858.0
2026-10-01T16:36:00-04:00,7.53,7.53,7.44,7.46,0,0,0,0,0,0,,,,,,,,,,,,,,,,,,,,,,,,,,,,,,,,,,,,,,,,,,,,5.257380179796407,7.610948844137231,7.54861602235992,7.534652364974826,6336,12574.5
2026-10-01T16:37:00-04:00,7.45,7.4624,7.37,7.4,0,0,0,0,0,0,,,,,,,,,,,,,,,,,,,,,,,,,,,,,,,,,,,,,,,,,,,,5.257380179796407,7.610912013852766,7.534462115468499,7.507721891979861,8837,12528.0
2026-10-01T16:38:00-04:00,7.42,7.482,7.4,7.45,0,0,0,0,0,0,,,,,,,,,,,,,,,,,,,,,,,,,,,,,,,,,,,,,,,,,,,,5.257380179796407,7.610899669294182,7.5264181044714995,7.496177513583889,3552,11226.05
2026-10-01T16:39:00-04:00,7.5,7.5,7.41,7.41,0,0,0,0,0,0,,,,,,,,,,,,,,,,,,,,,,,,,,,,,,,,,,,,,,,,,,,,5.257380179796407,7.610885753477964,7.515330665950405,7.478942010867111,3911,10876.05
2026-10-01T16:40:00-04:00,7.42,7.49,7.42,7.46,0,0,0,0,0,0,,,,,,,,,,,,,,,,,,,,,,,,,,,,,,,,,,,,,,,,,,,,5.257380179796407,7.610872814904923,7.510061078717033,7.475153608693689,4030,9763.0
2026-10-01T16:41:00-04:00,7.4482,7.4482,7.3804,7.42,0,0,0,0,0,0,,,,,,,,,,,,,,,,,,,,,,,,,,,,,,,,,,,,,,,,,,,,5.257380179796407,7.610866719777971,7.501483833124935,7.464122886954951,1504,8423.85
2026-10-01T16:42:00-04:00,7.45,7.46,7.39,7.39,0,0,0,0,0,0,,,,,,,,,,,,,,,,,,,,,,,,,,,,,,,,,,,,,,,,,,,,5.257380179796407,7.610855411982312,7.490866325208274,7.449298309563961,2750,7370.3
2026-10-01T16:43:00-04:00,7.42,7.42,7.39,7.4,0,0,0,0,0,0,,,,,,,,,,,,,,,,,,,,,,,,,,,,,,,,,,,,,,,,,,,,5.257380179796407,7.610848954001725,7.482212389474153,7.439438647651169,1495,7138.65
2026-10-01T16:44:00-04:00,7.41,7.44,7.4,7.41,0,0,0,0,0,0,,,,,,,,,,,,,,,,,,,,,,,,,,,,,,,,,,,,,,,,,,,,5.257380179796407,7.61083497358428,7.475335019048043,7.433550918120935,3459,7022.45
2026-10-01T16:45:00-04:00,7.43,7.49,7.4198,7.49,0,0,0,0,0,0,,,,,,,,,,,,,,,,,,,,,,,,,,,,,,,,,,,,,,,,,,,,5.257380179796407,7.610828990572918,7.476731683900611,7.444840734496748,1993,6883.75
2026-10-01T16:46:00-04:00,7.47,7.47,7.46,7.46,0,0,0,0,0,0,,,,,,,,,,,,,,,,,,,,,,,,,,,,,,,,,,,,,,,,,,,,5.257380179796407,7.610827148668837,7.475138190195791,7.447872587597399,600,6133.35
2026-10-01T16:47:00-04:00,7.45,7.45,7.4,7.4,0,0,0,0,0,0,,,,,,,,,,,,,,,,,,,,,,,,,,,,,,,,,,,,,,,,,,,,5.257380179796407,7.610818828443217,7.467982172081906,7.438298070077919,2059,6086.75
2026-10-01T16:48:00-04:00,7.41,7.59,7.41,7.54,0,0,0,0,0,0,,,,,,,,,,,,,,,,,,,,,,,,,,,,,,,,,,,,,,,,,,,,5.257380179796407,7.61079188415401,7.47484101283601,7.458638456062335,13284,6604.65
2026-10-01T16:49:00-04:00,7.5,7.549,7.5,7.5485,0,0,0,0,0,0,,,,,,,,,,,,,,,,,,,,,,,,,,,,,,,,,,,,,,,,,,,,5.257380179796407,7.610787898253392,7.481856154470676,7.476610764849868,2447,5947.45
2026-10-01T16:50:00-04:00,7.52,7.71,7.52,7.6206,0,0,0,0,0,0,,,,,,,,,,,,,,,,,,,,,,,,,,,,,,,,,,,,,,,,,,,,5.257380179796407,7.610790375571368,7.495069854044897,7.505408611879894,19596,5785.9
2026-10-01T16:51:00-04:00,7.62,7.76,7.61,7.662,0,0,0,0,0,0,,,,,,,,,,,,,,,,,,,,,,,,,,,,,,,,,,,,,,,,,,,,5.257380179796407,7.610809319749852,7.510967963183478,7.536726889503916,13693,6035.05
2026-10-01T16:52:00-04:00,7.67,7.69,7.6002,7.67,0,0,0,0,0,0,,,,,,,,,,,,,,,,,,,,,,,,,,,,,,,,,,,,,,,,,,,,5.257380179796407,7.610812007964847,7.526113871451718,7.563381511603133,3036,5912.1
2026-10-01T16:53:00-04:00,7.64,7.69,7.64,7.67,0,0,0,0,0,0,,,,,,,,,,,,,,,,,,,,,,,,,,,,,,,,,,,,,,,,,,,,5.257380179796407,7.610814931713599,7.53981731226584,7.584705209282507,2518,5462.7
2026-10-01T16:54:00-04:00,7.62,7.6614,7.53,7.59,0,0,0,0,0,0,,,,,,,,,,,,,,,,,,,,,,,,,,,,,,,,,,,,,,,,,,,,5.257380179796407,7.610812676717063,7.54459661585957,7.585764167426005,6376,5594.6
2026-10-01T16:55:00-04:00,7.52,7.64,7.52,7.64,0,0,0,0,0,0,,,,,,,,,,,,,,,,,,,,,,,,,,,,,,,,,,,,,,,,,,,,5.257380179796407,7.610810671865309,7.5536826524443725,7.596611333940804,8922,5519.9
2026-10-01T16:56:00-04:00,7.62,7.65,7.5602,7.63,0,0,0,0,0,0,,,,,,,,,,,,,,,,,,,,,,,,,,,,,,,,,,,,,,,,,,,,5.257380179796407,7.610811135151969,7.560950971259194,7.603289067152644,8611,5633.65
2026-10-01T16:57:00-04:00,7.63,7.67,7.63,7.64,0,0,0,0,0,0,,,,,,,,,,,,,,,,,,,,,,,,,,,,,,,,,,,,,,,,,,,,5.257380179796407,7.610815017752035,7.5684794501868895,7.610631253722115,5212,5452.4
2026-10-01T16:58:00-04:00,7.661,8.09,7.66,8.07,0,0,0,0,0,0,,,,,,,,,,,,,,,,,,,,,,,,,,,,,,,,,,,,,,,,,,,,5.257380179796407,7.611318456101071,7.616243312073853,7.702505002977692,73724,8961.0
2026-10-01T16:59:00-04:00,8.016,8.07,7.57,7.5708,0,0,0,0,0,0,,,,,,,,,,,,,,,,,,,,,,,,,,,,,,,,,,,,,,,,,,,,5.257380179796407,7.611416815132462,7.611915377590629,7.676164002382154,37776,10654.25
2026-10-01T17:00:00-04:00,7.56,7.72,7.54,7.6376,0,0,0,0,0,0,,,,,,,,,,,,,,,,,,,,,,,,,,,,,,,,,,,,,,,,,,,,5.257380179796407,7.611423516863752,7.614361532105807,7.668451201905723,15316,11218.55
2026-10-01T17:01:00-04:00,7.6,7.62,7.5,7.5604,0,0,0,0,0,0,,,,,,,,,,,,,,,,,,,,,,,,,,,,,,,,,,,,,,,,,,,,5.257380179796407,7.61141382697581,7.609222338571921,7.646840961524578,9119,11599.3
2026-10-01T17:02:00-04:00,7.56,7.66,7.56,7.6,0,0,0,0,0,0,,,,,,,,,,,,,,,,,,,,,,,,,,,,,,,,,,,,,,,,,,,,5.257380179796407,7.611413398998332,7.60834402061269,7.637472769219663,4352,11679.4
2026-10-01T17:03:00-04:00,7.5831,7.6599,7.556,7.556,0,0,0,0,0,0,,,,,,,,,,,,,,,,,,,,,,,,,,,,,,,,,,,,,,,,,,,,5.257380179796407,7.611410612925781,7.603358875792434,7.62117821537573,6473,11928.3
2026-10-01T17:04:00-04:00,7.51,7.55,7.51,7.53,0,0,0,0,0,0,,,,,,,,,,,,,,,,,,,,,,,,,,,,,,,,,,,,,,,,,,,,5.257380179796407,7.611401294111152,7.596372316193155,7.602942572300584,5527,12031.7
2026-10-01T17:05:00-04:00,7.53,7.5846,7.51,7.54,0,0,0,0,0,0,,,,,,,,,,,,,,,,,,,,,,,,,,,,,,,,,,,,,,,,,,,,5.257380179796407,7.611395978350266,7.591003524174759,7.590354057840467,3858,12124.95
2026-10-01T17:06:00-04:00,7.57,7.59,7.52,7.52,0,0,0,0,0,0,,,,,,,,,,,,,,,,,,,,,,,,,,,,,,,,,,,,,,,,,,,,5.257380179796407,7.6113904648427475,7.584241283777163,7.576283246272373,3912,12290.55
2026-10-01T17:07:00-04:00,7.51,7.55,7.5,7.5,0,0,0,0,0,0,,,,,,,,,,,,,,,,,,,,,,,,,,,,,,,,,,,,,,,,,,,,5.257380179796407,7.61138336096824,7.576218304369815,7.561026597017898,3622,12368.7
2026-10-01T17:08:00-04:00,7.5,7.6305,7.5,7.6305,0,0,0,0,0,0,,,,,,,,,,,,,,,,,,,,,,,,,,,,,,,,,,,,,,,,,,,,5.257380179796407,7.61138157031871,7.581387989667928,7.574921277614319,3547,11881.85
2026-10-01T17:09:00-04:00,7.6,7.614,7.59,7.614,0,0,0,0,0,0,,,,,,,,,,,,,,,,,,,,,,,,,,,,,,,,,,,,,,,,,,,,5.257380179796407,7.611381323979401,7.584493895413839,7.582737022091455,2211,11870.05
2026-10-01T17:10:00-04:00,7.5998,7.5998,7.57,7.57,0,0,0,0,0,0,,,,,,,,,,,,,,,,,,,,,,,,,,,,,,,,,,,,,,,,,,,,5.257380179796407,7.611380851959461,7.583113524422045,7.580189617673164,725,10926.5
2026-10-01T17:11:00-04:00,7.55,7.55,7.51,7.51,0,0,0,0,0,0,,,,,,,,,,,,,,,,,,,,,,,,,,,,,,,,,,,,,,,,,,,,5.257380179796407,7.6113772228512495,7.576150331619946,7.566151694138531,1991,10341.4
2026-10-01T17:12:00-04:00,7.5206,7.537,7.45,7.53,0,0,0,0,0,0,,,,,,,,,,,,,,,,,,,,,,,,,,,,,,,,,,,,,,,,,,,,5.257380179796407,7.611351694578946,7.571755061941856,7.558921355310825,11668,10773.0
2026-10-01T17:13:00-04:00,7.4639,7.5001,7.41,7.49,0,0,0,0,0,0,,,,,,,,,,,,,,,,,,,,,,,,,,,,,,,,,,,,,,,,,,,,5.257380179796407,7.611335858841369,7.563968865566441,7.54513708424866,5290,10911.6
2026-10-01T17:14:00-04:00,7.5,7.5206,7.47,7.49,0,0,0,0,0,0,,,,,,,,,,,,,,,,,,,,,,,,,,,,,,,,,,,,,,,,,,,,5.257380179796407,7.611330944264765,7.55692421170297,7.534109667398928,2016,10693.6
2026-10-01T17:15:00-04:00,7.49,7.4971,7.46,7.46,0,0,0,0,0,0,,,,,,,,,,,,,,,,,,,,,,,,,,,,,,,,,,,,,,,,,,,,5.257380179796407,7.611322714487854,7.547693334397925,7.519287733919143,2862,10390.6
2026-10-01T17:16:00-04:00,7.43,7.45,7.42,7.44,0,0,0,0,0,0,,,,,,,,,,,,,,,,,,,,,,,,,,,,,,,,,,,,,,,,,,,,5.257380179796407,7.611316487633877,7.537436826360027,7.503430187135314,1723,10046.2
2026-10-01T17:17:00-04:00,7.4454,7.47,7.4201,7.47,0,0,0,0,0,0,,,,,,,,,,,,,,,,,,,,,,,,,,,,,,,,,,,,,,,,,,,,5.257380179796407,7.611310866396775,7.531014271468596,7.496744149708252,1720,9871.6
2026-10-01T17:18:00-04:00,7.45,7.45,7.45,7.45,0,0,0,0,0,0,,,,,,,,,,,,,,,,,,,,,,,,,,,,,,,,,,,,,,,,,,,,5.257380179796407,7.611309260976672,7.523298626566825,7.487395319766601,481,6209.45
2026-10-01T17:19:00-04:00,7.42,7.4486,7.4,7.4,0,0,0,0,0,0,,,,,,,,,,,,,,,,,,,,,,,,,,,,,,,,,,,,,,,,,,,,5.257380179796407,7.611299144799444,7.511555900227127,7.469916255813281,2506,4445.95
2026-10-01T17:20:00-04:00,7.4025,7.45,7.38,7.44,0,0,0,0,0,0,,,,,,,,,,,,,,,,,,,,,,,,,,,,,,,,,,,,,,,,,,,,5.257380179796407,7.611290589420397,7.504741052586448,7.463933004650625,2200,3790.15
2026-10-01T17:21:00-04:00,7.4416,7.63,7.44,7.63,0,0,0,0,0,0,,,,,,,,,,,,,,,,,,,,,,,,,,,,,,,,,,,,,,,,,,,,5.257380179796407,7.611281904528995,7.516670476149644,7.4971464037205,9409,3804.65
2026-10-01T17:22:00-04:00,7.5116,7.6,7.5102,7.5615,0,0,0,0,0,0,,,,,,,,,,,,,,,,,,,,,,,,,,,,,,,,,,,,,,,,,,,,5.257380179796407,7.611277484363373,7.520939954611582,7.510017122976399,3954,3784.75
2026-10-01T17:23:00-04:00,7.56,7.57,7.5587,7.5587,0,0,0,0,0,0,,,,,,,,,,,,,,,,,,,,,,,,,,,,,,,,,,,,,,,,,,,,5.257380179796407,7.611274598191313,7.524536149410479,7.51975369838112,2859,3604.05
2026-10-01T17:24:00-04:00,7.5,7.53,7.5,7.51,0,0,0,0,0,0,,,,,,,,,,,,,,,,,,,,,,,,,,,,,,,,,,,,,,,,,,,,5.257380179796407,7.611270117727824,7.523151754228529,7.517802958704896,2212,3438.3
2026-10-01T17:25:00-04:00,7.52,7.594,7.52,7.58,0,0,0,0,0,0,,,,,,,,,,,,,,,,,,,,,,,,,,,,,,,,,,,,,,,,,,,,5.257380179796407,7.611268552557415,7.528565872873431,7.5302423669639165,1624,3326.6
2026-10-01T17:26:00-04:00,7.55,7.56,7.55,7.56,0,0,0,0,0,0,,,,,,,,,,,,,,,,,,,,,,,,,,,,,,,,,,,,,,,,,,,,5.257380179796407,7.611267145628938,7.531559599266437,7.536193893571133,1246,3193.3
2026-10-01T17:27:00-04:00,7.56,7.58,7.55,7.56,0,0,0,0,0,0,,,,,,,,,,,,,,,,,,,,,,,,,,,,,,,,,,,,,,,,,,,,5.257380179796407,7.611264922332177,7.53426820886011,7.540955114856907,2243,3124.35
2026-10-01T17:28:00-04:00,7.55,7.569,7.55,7.55,0,0,0,0,0,0,,,,,,,,,,,,,,,,,,,,,,,,,,,,,,,,,,,,,,,,,,,,5.257380179796407,7.611262780067614,7.535766474682957,7.542764091885525,1886,3041.3
2026-10-01T17:29:00-04:00,7.5515,7.555,7.51,7.51,0,0,0,0,0,0,,,,,,,,,,,,,,,,,,,,,,,,,,,,,,,,,,,,,,,,,,,,5.257380179796407,7.6112595159382685,7.533312524713152,7.53621127350842,1830,3022.25
2026-10-01T17:30:00-04:00,7.51,7.55,7.44,7.5,0,0,0,0,0,0,,,,,,,,,,,,,,,,,,,,,,,,,,,,,,,,,,,,,,,,,,,,5.257380179796407,7.611250157315028,7.530139903311899,7.528969018806736,3950,3183.5
2026-10-01T17:31:00-04:00,7.5,7.51,7.5,7.51,0,0,0,0,0,0,,,,,,,,,,,,,,,,,,,,,,,,,,,,,,,,,,,,,,,,,,,,5.257380179796407,7.61124620906306,7.528221817282194,7.5251752150453886,1826,3175.25
2026-10-01T17:32:00-04:00,7.51,7.52,7.51,7.52,0,0,0,0,0,0,,,,,,,,,,,,,,,,,,,,,,,,,,,,,,,,,,,,,,,,,,,,5.257380179796407,7.611245192260017,7.527438787064843,7.524140172036311,520,2617.85
2026-10-01T17:33:00-04:00,7.52,7.52,7.5,7.5,0,0,0,0,0,0,,,,,,,,,,,,,,,,,,,,,,,,,,,,,,,,,,,,,,,,,,,,5.257380179796407,7.611242580490265,7.524825569249144,7.519312137629049,1208,2413.75
2026-10-01T17:34:00-04:00,7.51,7.52,7.51,7.51,0,0,0,0,0,0,,,,,,,,,,,,,,,,,,,,,,,,,,,,,,,,,,,,,,,,,,,,5.257380179796407,7.611238340016627,7.523413610273035,7.517449710103239,2095,2417.7
2026-10-01T17:35:00-04:00,7.52,7.52,7.51,7.51,0,0,0,0,0,0,,,,,,,,,,,,,,,,,,,,,,,,,,,,,,,,,,,,,,,,,,,,5.257380179796407,7.611233624312672,7.522136123580364,7.515959768082592,2330,2391.1
2026-10-01T17:36:00-04:00,7.51,7.5197,7.48,7.49,0,0,0,0,0,0,,,,,,,,,,,,,,,,,,,,,,,,,,,,,,,,,,,,,,,,,,,,5.257380179796407,7.611227027833095,7.519075540382234,7.510767814466074,2783,2444.1
2026-10-01T17:37:00-04:00,7.48,7.48,7.41,7.424,0,0,0,0,0,0,,,,,,,,,,,,,,,,,,,,,,,,,,,,,,,,,,,,,,,,,,,,5.257380179796407,7.611212766801857,7.510020727012497,7.493414251572859,3983,2557.25
2026-10-01T17:38:00-04:00,7.4,7.4185,7.4,7.4002,0,0,0,0,0,0,,,,,,,,,,,,,,,,,,,,,,,,,,,,,,,,,,,,,,,,,,,,5.257380179796407,7.611182279277339,7.4995616101541644,7.474771401258288,7197,2893.05
2026-10-01T17:39:00-04:00,7.4,7.4,7.37,7.3701,0,0,0,0,0,0,,,,,,,,,,,,,,,,,,,,,,,,,,,,,,,,,,,,,,,,,,,,5.257380179796407,7.611152527376583,7.487231932996625,7.45383712100663,6229,3079.2
2026-10-01T17:40:00-04:00,7.38,7.4,7.37,7.37,0,0,0,0,0,0,,,,,,,,,,,,,,,,,,,,,,,,,,,,,,,,,,,,,,,,,,,,5.257380179796407,7.611145821468086,7.476066986996947,7.437069696805303,1404,3039.4
2026-10-01T17:41:00-04:00,7.37,7.3754,7.35,7.3754,0,0,0,0,0,0,,,,,,,,,,,,,,,,,,,,,,,,,,,,,,,,,,,,,,,,,,,,5.257380179796407,7.611118514784256,7.466479654902,7.424735757444243,5412,2839.55
2026-10-01T17:42:00-04:00,7.35,7.35,7.27,7.2797,0,0,0,0,0,0,,,,,,,,,,,,,,,,,,,,,,,,,,,,,,,,,,,,,,,,,,,,5.257380179796407,7.611052499461122,7.448691116339905,7.395728605955394,10269,3155.3
2026-10-01T17:43:00-04:00,7.27,7.28,7.1,7.1,0,0,0,0,0,0,,,,,,,,,,,,,,,,,,,,,,,,,,,,,,,,,,,,,,,,,,,,5.257380179796407,7.610953173670506,7.415482438593247,7.336582884764315,10663,3545.5
2026-10-01T17:44:00-04:00,7.101,7.22,7.101,7.2099,0,0,0,0,0,0,,,,,,,,,,,,,,,,,,,,,,,,,,,,,,,,,,,,,,,,,,,,5.257380179796407,7.610896304759806,7.395903158727223,7.3112463078114525,6346,3752.2
2026-10-01T17:45:00-04:00,7.249,7.32,7.24,7.3188,0,0,0,0,0,0,,,,,,,,,,,,,,,,,,,,,,,,,,,,,,,,,,,,,,,,,,,,5.257380179796407,7.61086443847698,7.388560000753202,7.312757046249162,4854,3913.7
2026-10-01T17:46:00-04:00,7.2777,7.3,7.25,7.25,0,0,0,0,0,0,,,,,,,,,,,,,,,,,,,,,,,,,,,,,,,,,,,,,,,,,,,,5.257380179796407,7.610835943286848,7.375363810205278,7.30020563699933,4010,4051.9
2026-10-01T17:47:00-04:00,7.2402,7.2402,7.19,7.21,0,0,0,0,0,0,,,,,,,,,,,,,,,,,,,,,,,,,,,,,,,,,,,,,,,,,,,,5.257380179796407,7.610820854597609,7.359614875900013,7.282164509599464,1839,4031.7
2026-10-01T17:48:00-04:00,7.2095,7.21,7.2,7.21,0,0,0,0,0,0,,,,,,,,,,,,,,,,,,,,,,,,,,,,,,,,,,,,,,,,,,,,5.257380179796407,7.610810350368894,7.345365840100012,7.267731607679571,1259,4000.35
2026-10-01T17:49:00-04:00,7.26,7.29,7.26,7.29,0,0,0,0,0,0,,,,,,,,,,,,,,,,,,,,,,,,,,,,,,,,,,,,,,,,,,,,5.257380179796407,7.610787706259811,7.34009290294763,7.272185286143657,3316,4074.65
2026-10-01T17:50:00-04:00,7.37,7.37,7.2,7.203,0,0,0,0,0,0,,,,,,,,,,,,,,,,,,,,,,,,,,,,,,,,,,,,,,,,,,,,5.257380179796407,7.610742336260324,7.3270364360002365,7.258348228914925,6225,4188.4
2026-10-01T17:51:00-04:00,7.22,7.23,7.2046,7.23,0,0,0,0,0,0,,,,,,,,,,,,,,,,,,,,,,,,,,,,,,,,,,,,,,,,,,,,5.257380179796407,7.610730680432918,7.317794870666881,7.2526785831319405,1451,4169.65
2026-10-01T17:52:00-04:00,7.22,7.23,7.2046,7.23,0,0,0,0,0,0,,,,,,,,,,,,,,,,,,,,,,,,,,,,,,,,,,,,,,,,,,,,5.257380179796407,7.610712736161314,7.3094334544128925,7.248142866505552,2234,4255.35
2026-10-01T17:53:00-04:00,7.23,7.25,7.2,7.2307,0,0,0,0,0,0,,,,,,,,,,,,,,,,,,,,,,,,,,,,,,,,,,,,,,,,,,,,5.257380179796407,7.610663662546089,7.301935030183093,7.244654293204442,6196,4504.75
2026-10-01T17:54:00-04:00,7.2292,7.2292,7.21,7.21,0,0,0,0,0,0,,,,,,,,,,,,,,,,,,,,,,,,,,,,,,,,,,,,,,,,,,,,5.257380179796407,7.610644959067681,7.293179313022798,7.237723434563553,2299,4514.95
2026-10-01T17:55:00-04:00,7.2,7.2086,7.1805,7.1805,0,0,0,0,0,0,,,,,,,,,,,,,,,,,,,,,,,,,,,,,,,,,,,,,,,,,,,,5.257380179796407,7.610613868960645,7.28244794987777,7.226278747650842,3581,4577.5
2026-10-01T17:56:00-04:00,7.1997,7.1997,7.16,7.162,0,0,0,0,0,0,,,,,,,,,,,,,,,,,,,,,,,,,,,,,,,,,,,,,,,,,,,,5.257380179796407,7.610590739557791,7.270976716556078,7.213422998120674,2567,4566.7
2026-10-01T17:57:00-04:00,7.17,7.17,7.12,7.1203,0,0,0,0,0,0,,,,,,,,,,,,,,,,,,,,,,,,,,,,,,,,,,,,,,,,,,,,5.257380179796407,7.61056078795992,7.256626553074547,7.194798398496539,3064,4520.75
2026-10-01T17:58:00-04:00,7.13,7.13,7.06,7.06,0,0,0,0,0,0,,,,,,,,,,,,,,,,,,,,,,,,,,,,,,,,,,,,,,,,,,,,5.257380179796407,7.610518642662767,7.237900214686495,7.167838718797231,3875,4354.65
2026-10-01T17:59:00-04:00,7.06,7.1023,7.03,7.0992,0,0,0,0,0,0,,,,,,,,,,,,,,,,,,,,,,,,,,,,,,,,,,,,,,,,,,,,5.257380179796407,7.610461468546125,7.224690670430638,7.154110975037785,5197,4303.05
2026-10-01T18:00:00-04:00,7.06,7.18,7.06,7.16,0,0,0,0,0,0,,,,,,,,,,,,,,,,,,,,,,,,,,,,,,,,,,,,,,,,,,,,5.257380179796407,7.610422764481129,7.218529654199148,7.155288780030228,3933,4429.5
2026-10-01T18:01:00-04:00,7.1,7.1194,7.09,7.0996,0,0,0,0,0,0,,,,,,,,,,,,,,,,,,,,,,,,,,,,,,,,,,,,,,,,,,,,5.257380179796407,7.610399720094917,7.207203020465896,7.144151024024182,2202,4269.0
2026-10-01T18:02:00-04:00,7.1,7.17,7.1,7.1131,0,0,0,0,0,0,,,,,,,,,,,,,,,,,,,,,,,,,,,,,,,,,,,,,,,,,,,,5.257380179796407,7.610379043794973,7.198240828040573,7.137940819219345,2077,3859.4
2026-10-01T18:03:00-04:00,7.11,7.13,7.11,7.1254,0,0,0,0,0,0,,,,,,,,,,,,,,,,,,,,,,,,,,,,,,,,,,,,,,,,,,,,5.257380179796407,7.610363265072146,7.191303606322423,7.135432655375476,1566,3404.55
2026-10-01T18:04:00-04:00,7.1,7.12,7.1,7.1185,0,0,0,0,0,0,,,,,,,,,,,,,,,,,,,,,,,,,,,,,,,,,,,,,,,,,,,,5.257380179796407,7.610354667002058,7.184369929529812,7.132046124300381,838,3129.15
2026-10-01T18:05:00-04:00,7.1,7.17,7.1,7.15,0,0,0,0,0,0,,,,,,,,,,,,,,,,,,,,,,,,,,,,,,,,,,,,,,,,,,,,5.257380179796407,7.610311322547917,7.181096602907925,7.135636899440305,4469,3109.9
2026-10-01T18:06:00-04:00,7.15,7.18,7.15,7.15,0,0,0,0,0,0,,,,,,,,,,,,,,,,,,,,,,,,,,,,,,,,,,,,,,,,,,,,5.257380179796407,7.610291972161378,7.178135021678599,7.138509519552244,2084,3013.6
2026-10-01T18:07:00-04:00,7.15,7.19,7.15,7.184,0,0,0,0,0,0,,,,,,,,,,,,,,,,,,,,,,,,,,,,,,,,,,,,,,,,,,,,5.257380179796407,7.6102803133243295,7.178693591042542,7.147607615641795,1298,2986.55
2026-10-01T18:08:00-04:00,7.18,7.18,7.18,7.18,0,0,0,0,0,0,,,,,,,,,,,,,,,,,,,,,,,,,,,,,,,,,,,,,,,,,,,,5.257380179796407,7.610279337412424,7.178818010943252,7.154086092513436,110,2929.1
2026-10-01T18:09:00-04:00,7.17,7.17,7.16,7.16,0,0,0,0,0,0,,,,,,,,,,,,,,,,,,,,,,,,,,,,,,,,,,,,,,,,,,,,5.257380179796407,7.61027051829994,7.1770258194248475,7.1552688740107495,957,2811.15
2026-10-01T18:10:00-04:00,7.17,7.17,7.17,7.17,0,0,0,0,0,0,,,,,,,,,,,,,,,,,,,,,,,,,,,,,,,,,,,,,,,,,,,,5.257380179796407,7.610256048866246,7.176356693765338,7.1582150992086,1594,2579.6
2026-10-01T18:11:00-04:00,7.18,7.18,7.1799,7.18,0,0,0,0,0,0,,,,,,,,,,,,,,,,,,,,,,,,,,,,,,,,,,,,,,,,,,,,5.257380179796407,7.610252606694837,7.176703675311496,7.16257207936688,388,2526.45
2026-10-01T18:12:00-04:00,7.18,7.19,7.17,7.1801,0,0,0,0,0,0,,,,,,,,,,,,,,,,,,,,,,,,,,,,,,,,,,,,,,,,,,,,5.257380179796407,7.610243115864778,7.177027134805639,7.166077663493504,1070,2468.25
2026-10-01T18:13:00-04:00,7.19,7.19,7.19,7.19,0,0,0,0,0,0,,,,,,,,,,,,,,,,,,,,,,,,,,,,,,,,,,,,,,,,,,,,5.257380179796407,7.610239650191844,7.178262645776531,7.170862130794803,400,2178.45
2026-10-01T18:14:00-04:00,7.19,7.19,7.18,7.19,0,0,0,0,0,0,,,,,,,,,,,,,,,,,,,,,,,,,,,,,,,,,,,,,,,,,,,,5.257380179796407,7.610233519830784,7.179380489035909,7.174689704635843,702,2098.6
2026-10-01T18:15:00-04:00,7.18,7.248,7.17,7.17,0,0,0,0,0,0,,,,,,,,,,,,,,,,,,,,,,,,,,,,,,,,,,,,,,,,,,,,5.257380179796407,7.610219847488378,7.178487109127727,7.173751763708674,1601,1999.6
2026-10-01T18:16:00-04:00,7.18,7.18,7.17,7.17,0,0,0,0,0,0,,,,,,,,,,,,,,,,,,,,,,,,,,,,,,,,,,,,,,,,,,,,5.257380179796407,7.610209859072622,7.177678813020324,7.17300141096694,1109,1926.7
2026-10-01T18:17:00-04:00,7.16,7.1719,7.15,7.15,0,0,0,0,0,0,,,,,,,,,,,,,,,,,,,,,,,,,,,,,,,,,,,,,,,,,,,,5.257380179796407,7.610188590344231,7.175042735589817,7.168401128773552,2278,1887.4
2026-10-01T18:18:00-04:00,7.1154,7.1293,7.1,7.1,0,0,0,0,0,0,,,,,,,,,,,,,,,,,,,,,,,,,,,,,,,,,,,,,,,,,,,,5.257380179796407,7.610178955362994,7.167895808390787,7.154720903018841,934,1740.35
2026-10-01T18:19:00-04:00,7.1,7.12,7.1,7.1009,0,0,0,0,0,0,,,,,,,,,,,,,,,,,,,,,,,,,,,,,,,,,,,,,,,,,,,,5.257380179796407,7.610155357105189,7.161515255210712,7.143956722415073,2275,1594.25
2026-10-01T18:20:00-04:00,7.1,7.1,7.06,7.07,0,0,0,0,0,0,,,,,,,,,,,,,,,,,,,,,,,,,,,,,,,,,,,,,,,,,,,,5.257380179796407,7.610116045881545,7.152799516619216,7.1291653779320585,3575,1576.35
2026-10-01T18:21:00-04:00,7.08,7.15,7.08,7.15,0,0,0,0,0,0,,,,,,,,,,,,,,,,,,,,,,,,,,,,,,,,,,,,,,,,,,,,5.257380179796407,7.610102185314928,7.152532895988815,7.1333323023456465,1391,1535.8
2026-10-01T18:23:00-04:00,7.11,7.11,7.08,7.08,0,0,0,0,0,0,,,,,,,,,,,,,,,,,,,,,,,,,,,,,,,,,,,,,,,,,,,,5.257380179796407,7.610093566642432,7.145625001132737,7.122665841876517,804,1472.15
2026-10-01T18:24:00-04:00,7.09,7.09,7.09,7.09,0,0,0,0,0,0,,,,,,,,,,,,,,,,,,,,,,,,,,,,,,,,,,,,,,,,,,,,5.257380179796407,7.610092494688215,7.140327381977238,7.116132673501214,100,1398.85
2026-10-01T18:25:00-04:00,7.09,7.1,7.09,7.1,0,0,0,0,0,0,,,,,,,,,,,,,,,,,,,,,,,,,,,,,,,,,,,,,,,,,,,,5.257380179796407,7.6100647287206895,7.136486678931787,7.112906138800971,2624,1488.15
2026-10-01T18:26:00-04:00,7.11,7.11,7.1099,7.11,0,0,0,0,0,0,,,,,,,,,,,,,,,,,,,,,,,,,,,,,,,,,,,,,,,,,,,,5.257380179796407,7.6100441467653805,7.133964138081141,7.112324911040777,1997,1364.55
2026-10-01T18:27:00-04:00,7.1197,7.12,7.11,7.12,0,0,0,0,0,0,,,,,,,,,,,,,,,,,,,,,,,,,,,,,,,,,,,,,,,,,,,,5.257380179796407,7.610033287650922,7.132634220168652,7.113859928832622,1068,1313.75
2026-10-01T18:28:00-04:00,7.1,7.1,7.09,7.09,0,0,0,0,0,0,,,,,,,,,,,,,,,,,,,,,,,,,,,,,,,,,,,,,,,,,,,,5.257380179796407,7.610025567713563,7.128573818247828,7.109087943066098,725,1285.1
2026-10-01T18:29:00-04:00,7.09,7.09,7.08,7.08,0,0,0,0,0,0,,,,,,,,,,,,,,,,,,,,,,,,,,,,,,,,,,,,,,,,,,,,5.257380179796407,7.610019793389773,7.123947740319464,7.103270354452878,532,1306.2
2026-10-01T18:30:00-04:00,7.09,7.09,7.09,7.09,0,0,0,0,0,0,,,,,,,,,,,,,,,,,,,,,,,,,,,,,,,,,,,,,,,,,,,,5.257380179796407,7.610011263205688,7.120714622193801,7.100616283562302,796,1298.15
2026-10-01T18:31:00-04:00,7.07,7.08,7.0553,7.0553,0,0,0,0,0,0,,,,,,,,,,,,,,,,,,,,,,,,,,,,,,,,,,,,,,,,,,,,5.257380179796407,7.609997344287007,7.114484658175344,7.091553026849842,1236,1280.25
2026-10-01T18:32:00-04:00,7.08,7.08,7.05,7.05,0,0,0,0,0,0,,,,,,,,,,,,,,,,,,,,,,,,,,,,,,,,,,,,,,,,,,,,5.257380179796407,7.609978938835177,7.108343262158644,7.0832424214798735,1624,1342.05
2026-10-01T18:33:00-04:00,7.08,7.08,7.05,7.06,0,0,0,0,0,0,,,,,,,,,,,,,,,,,,,,,,,,,,,,,,,,,,,,,,,,,,,,5.257380179796407,7.609946454410881,7.103739141953058,7.078593937183899,2884,1432.75
2026-10-01T18:34:00-04:00,7.0501,7.0501,7.03,7.04,0,0,0,0,0,0,,,,,,,,,,,,,,,,,,,,,,,,,,,,,,,,,,,,,,,,,,,,5.257380179796407,7.609881029376181,7.097668747481339,7.07087514974712,5572,1691.35
2026-10-01T18:35:00-04:00,7.0303,7.05,7.03,7.0331,0,0,0,0,0,0,,,,,,,,,,,,,,,,,,,,,,,,,,,,,,,,,,,,,,,,,,,,5.257380179796407,7.609852149068486,7.091519342959306,7.063320119797695,2450,1778.75
2026-10-01T18:36:00-04:00,7.05,7.05,7.02,7.02,0,0,0,0,0,0,,,,,,,,,,,,,,,,,,,,,,,,,,,,,,,,,,,,,,,,,,,,5.257380179796407,7.60982805515203,7.084707976963181,7.054656095838157,2017,1799.55
2026-10-01T18:37:00-04:00,7.01,7.0209,7.01,7.02,0,0,0,0,0,0,,,,,,,,,,,,,,,,,,,,,,,,,,,,,,,,,,,,,,,,,,,,5.257380179796407,7.609797804046997,7.078545312490498,7.047724876670525,2477,1867.95
2026-10-01T18:38:00-04:00,7.02,7.02,6.89,6.96,0,0,0,0,0,0,,,,,,,,,,,,,,,,,,,,,,,,,,,,,,,,,,,,,,,,,,,,5.257380179796407,7.609688855508845,7.067255282729498,7.03017990133642,8099,2159.0
2026-10-01T18:39:00-04:00,6.93,6.93,6.78,6.7969,0,0,0,0,0,0,,,,,,,,,,,,,,,,,,,,,,,,,,,,,,,,,,,,,,,,,,,,5.257380179796407,7.609549190821389,7.041507160564784,6.983523921069136,8762,2550.4
2026-10-01T18:40:00-04:00,6.78,6.85,6.78,6.83,0,0,0,0,0,0,,,,,,,,,,,,,,,,,,,,,,,,,,,,,,,,,,,,,,,,,,,,5.257380179796407,7.609377794477223,7.021363621463376,6.952819136855309,10544,2963.85
2026-10-01T18:41:00-04:00,6.8,6.84,6.8,6.84,0,0,0,0,0,0,,,,,,,,,,,,,,,,,,,,,,,,,,,,,,,,,,,,,,,,,,,,5.257380179796407,7.609332434617519,7.004090895609721,6.930255309484247,2815,2925.85
2026-10-01T18:42:00-04:00,6.85,6.85,6.809,6.81,0,0,0,0,0,0,,,,,,,,,,,,,,,,,,,,,,,,,,,,,,,,,,,,,,,,,,,,5.257380179796407,7.609318286404062,6.985606048408795,6.9062042475873975,874,2900.0
2026-10-01T18:43:00-04:00,6.83,6.85,6.83,6.85,0,0,0,0,0,0,,,,,,,,,,,,,,,,,,,,,,,,,,,,,,,,,,,,,,,,,,,,5.257380179796407,7.609254301137637,6.9726911866555765,6.894963398069918,4058,3062.7
2026-10-01T18:44:00-04:00,6.85,6.8984,6.85,6.8501,0,0,0,0,0,0,,,,,,,,,,,,,,,,,,,,,,,,,,,,,,,,,,,,,,,,,,,,5.257380179796407,7.609224581523494,6.961015835545521,6.885990718455934,1943,3154.85
2026-10-01T18:45:00-04:00,6.87,6.93,6.87,6.93,0,0,0,0,0,0,,,,,,,,,,,,,,,,,,,,,,,,,,,,,,,,,,,,,,,,,,,,5.257380179796407,7.609215384608653,6.958061946445948,6.894792574764748,639,3055.6
2026-10-01T18:46:00-04:00,6.93,6.96,6.91,6.95,0,0,0,0,0,0,,,,,,,,,,,,,,,,,,,,,,,,,,,,,,,,,,,,,,,,,,,,5.257380179796407,7.60919896525204,6.9572941420225245,6.905834059811798,1192,3015.35
2026-10-01T18:47:00-04:00,6.93,6.96,6.9,6.9,0,0,0,0,0,0,,,,,,,,,,,,,,,,,,,,,,,,,,,,,,,,,,,,,,,,,,,,5.257380179796407,7.609161232677435,6.951837557067998,6.904667247849439,2660,3094.95
2026-10-01T18:48:00-04:00,6.9185,6.9396,6.9,6.9,0,0,0,0,0,0,,,,,,,,,,,,,,,,,,,,,,,,,,,,,,,,,,,,,,,,,,,,5.257380179796407,7.609152265743454,6.946900646871046,6.903733798279551,626,3090.0
2026-10-01T18:49:00-04:00,6.9,6.9271,6.85,6.85,0,0,0,0,0,0,,,,,,,,,,,,,,,,,,,,,,,,,,,,,,,,,,,,,,,,,,,,5.257380179796407,7.609121245164234,6.937672013835708,6.892987038623641,2055,3166.15
2026-10-01T18:50:00-04:00,6.85,6.86,6.84,6.84,0,0,0,0,0,0,,,,,,,,,,,,,,,,,,,,,,,,,,,,,,,,,,,,,,,,,,,,5.257380179796407,7.609113791504504,6.928369917279926,6.8823896308989125,475,3150.1
2026-10-01T18:51:00-04:00,6.8301,6.8397,6.81,6.82,0,0,0,0,0,0,,,,,,,,,,,,,,,,,,,,,,,,,,,,,,,,,,,,,,,,,,,,5.257380179796407,7.609064463784185,6.9180489727770755,6.86991170471913,3050,3240.8
2026-10-01T18:52:00-04:00,6.81,6.83,6.81,6.82,0,0,0,0,0,0,,,,,,,,,,,,,,,,,,,,,,,,,,,,,,,,,,,,,,,,,,,,5.257380179796407,7.608981866935957,6.908710975369735,6.859929363775304,5087,3413.95
2026-10-01T18:53:00-04:00,6.81,6.81,6.78,6.78,0,0,0,0,0,0,,,,,,,,,,,,,,,,,,,,,,,,,,,,,,,,,,,,,,,,,,,,5.257380179796407,7.608952005449577,6.8964527872392845,6.8439434910202435,1772,3358.35
2026-10-01T18:54:00-04:00,6.76,6.76,6.6006,6.63,0,0,0,0,0,0,,,,,,,,,,,,,,,,,,,,,,,,,,,,,,,,,,,,,,,,,,,,5.257380179796407,7.608797958889477,6.871076331311733,6.801154792816194,7920,3475.75
2026-10-01T18:55:00-04:00,6.6494,6.68,6.61,6.65,0,0,0,0,0,0,,,,,,,,,,,,,,,,,,,,,,,,,,,,,,,,,,,,,,,,,,,,5.257380179796407,7.608671194024598,6.850021442615378,6.770923834252955,6405,3673.5
2026-10-01T18:56:00-04:00,6.68,6.68,6.65,6.67,0,0,0,0,0,0,,,,,,,,,,,,,,,,,,,,,,,,,,,,,,,,,,,,,,,,,,,,5.257380179796407,7.608615390044704,6.832876543318675,6.750739067402364,2880,3716.65
2026-10-01T18:57:00-04:00,6.6231,6.6312,6.6,6.61,0,0,0,0,0,0,,,,,,,,,,,,,,,,,,,,,,,,,,,,,,,,,,,,,,,,,,,,5.257380179796407,7.608550830200397,6.8116502058597534,6.722591253921891,3155,3750.55
2026-10-01T18:58:00-04:00,6.62,6.7,6.6,6.6303,0,0,0,0,0,0,,,,,,,,,,,,,,,,,,,,,,,,,,,,,,,,,,,,,,,,,,,,5.257380179796407,7.608474709493096,6.794378757682634,6.704133003137513,3835,3537.35
2026-10-01T18:59:00-04:00,6.62,6.6525,6.6,6.62,0,0,0,0,0,0,,,,,,,,,,,,,,,,,,,,,,,,,,,,,,,,,,,,,,,,,,,,5.257380179796407,7.608413557300333,6.777771256950954,6.687306402510011,3021,3250.3
2026-10-01T19:00:00-04:00,6.6491,6.65,6.6044,6.61,0,0,0,0,0,0,,,,,,,,,,,,,,,,,,,,,,,,,,,,,,,,,,,,,,,,,,,,5.257380179796407,7.608386949128202,6.761793042003244,6.671845122008008,1311,2788.65
2026-10-01T19:01:00-04:00,6.62,6.62,6.5731,6.5731,0,0,0,0,0,0,,,,,,,,,,,,,,,,,,,,,,,,,,,,,,,,,,,,,,,,,,,,5.257380179796407,7.608313039865371,6.743822276098173,6.652096097606407,3525,2824.15
2026-10-01T19:02:00-04:00,6.57,6.572,6.53,6.53,0,0,0,0,0,0,,,,,,,,,,,,,,,,,,,,,,,,,,,,,,,,,,,,,,,,,,,,5.257380179796407,7.608155837657557,6.72345824980311,6.627676878085126,7184,3139.65
2026-10-01T19:03:00-04:00,6.5405,6.6014,6.54,6.59,0,0,0,0,0,0,,,,,,,,,,,,,,,,,,,,,,,,,,,,,,,,,,,,,,,,,,,,5.257380179796407,7.608053123284238,6.710747940298051,6.6201415024681,4846,3179.05
2026-10-01T19:04:00-04:00,6.59,6.62,6.59,6.61,0,0,0,0,0,0,,,,,,,,,,,,,,,,,,,,,,,,,,,,,,,,,,,,,,,,,,,,5.257380179796407,7.608010634662341,6.701152898364904,6.61811320197448,2064,3185.1
2026-10-01T19:05:00-04:00,6.61,6.6557,6.57,6.57,0,0,0,0,0,0,,,,,,,,,,,,,,,,,,,,,,,,,,,,,,,,,,,,,,,,,,,,5.257380179796407,7.607952036642982,6.6886621461396745,6.608490561579584,2824,3294.35
2026-10-01T19:06:00-04:00,6.59,6.6,6.571,6.6,0,0,0,0,0,0,,,,,,,,,,,,,,,,,,,,,,,,,,,,,,,,,,,,,,,,,,,,5.257380179796407,7.607934465787976,6.6802181322216105,6.606792449263668,840,3276.75
2026-10-01T19:07:00-04:00,6.57,6.57,6.54,6.54,0,0,0,0,0,0,,,,,,,,,,,,,,,,,,,,,,,,,,,,,,,,,,,,,,,,,,,,5.257380179796407,7.60791809100516,6.666864024390981,6.593433959410934,753,3181.4
2026-10-01T19:08:00-04:00,6.6,6.6,6.5507,6.57,0,0,0,0,0,0,,,,,,,,,,,,,,,,,,,,,,,,,,,,,,,,,,,,,,,,,,,,5.257380179796407,7.607904760338561,6.657638879210888,6.588747167528747,627,3181.45
2026-10-01T19:09:00-04:00,6.57,6.6,6.57,6.58,0,0,0,0,0,0,,,,,,,,,,,,,,,,,,,,,,,,,,,,,,,,,,,,,,,,,,,,5.257380179796407,7.607854955850216,6.650244700238422,6.586997734022997,2365,3196.95
2026-10-01T19:10:00-04:00,6.568,6.57,6.55,6.55,0,0,0,0,0,0,,,,,,,,,,,,,,,,,,,,,,,,,,,,,,,,,,,,,,,,,,,,5.257380179796407,7.6078310600892145,6.640697585930001,6.579598187218398,1106,3228.5
2026-10-01T19:12:00-04:00,6.57,6.6,6.57,6.58,0,0,0,0,0,0,,,,,,,,,,,,,,,,,,,,,,,,,,,,,,,,,,,,,,,,,,,,5.257380179796407,7.607804929035166,6.634916863460477,6.5796785497747186,1241,3138.05
2026-10-01T19:13:00-04:00,6.5719,6.5719,6.5446,6.5446,0,0,0,0,0,0,,,,,,,,,,,,,,,,,,,,,,,,,,,,,,,,,,,,,,,,,,,,5.257380179796407,7.607789763777849,6.626315257416622,6.572662839819775,700,2918.7
2026-10-01T19:14:00-04:00,6.55,6.6,6.55,6.5974,0,0,0,0,0,0,,,,,,,,,,,,,,,,,,,,,,,,,,,,,,,,,,,,,,,,,,,,5.257380179796407,7.607772631625449,6.623561423376944,6.57761027185582,813,2870.75
2026-10-01T19:15:00-04:00,6.5911,6.6093,6.5501,6.6093,0,0,0,0,0,0,,,,,,,,,,,,,,,,,,,,,,,,,,,,,,,,,,,,,,,,,,,,5.257380179796407,7.607755493122982,6.62220319257914,6.5839482174846555,819,2515.7
2026-10-01T19:16:00-04:00,6.66,6.66,6.54,6.54,0,0,0,0,0,0,,,,,,,,,,,,,,,,,,,,,,,,,,,,,,,,,,,,,,,,,,,,5.257380179796407,7.607541251105263,6.614374317095413,6.575158573987724,10145,2702.7
2026-10-01T19:17:00-04:00,6.53,6.5501,6.53,6.5501,0,0,0,0,0,0,,,,,,,,,,,,,,,,,,,,,,,,,,,,,,,,,,,,,,,,,,,,5.257380179796407,7.607519385920729,6.608252953562516,6.570146859190179,1000,2608.7
2026-10-01T19:18:00-04:00,6.54,6.5404,6.53,6.5404,0,0,0,0,0,0,,,,,,,,,,,,,,,,,,,,,,,,,,,,,,,,,,,,,,,,,,,,5.257380179796407,7.607495189099342,6.601790767508943,6.564197487352143,1100,2505.95
2026-10-01T19:19:00-04:00,6.55,6.55,6.55,6.55,0,0,0,0,0,0,,,,,,,,,,,,,,,,,,,,,,,,,,,,,,,,,,,,,,,,,,,,5.257380179796407,7.607493016290298,6.596858313460472,6.5613579898817145,100,2319.2
2026-10-01T19:20:00-04:00,6.6,6.6,6.56,6.57,0,0,0,0,0,0,,,,,,,,,,,,,,,,,,,,,,,,,,,,,,,,,,,,,,,,,,,,5.257380179796407,7.607479715338755,6.594300378845189,6.5630863919053715,628,2199.55
2026-10-01T19:21:00-04:00,6.55,6.55,6.5,6.51,0,0,0,0,0,0,,,,,,,,,,,,,,,,,,,,,,,,,,,,,,,,,,,,,,,,,,,,5.257380179796407,7.607321052207521,6.586271771336123,6.552469113524297,7102,2489.1
2026-10-01T19:22:00-04:00,6.5,6.6,6.5,6.6,0,0,0,0,0,0,,,,,,,,,,,,,,,,,,,,,,,,,,,,,,,,,,,,,,,,,,,,5.257380179796407,7.607277291907916,6.587579221685064,6.561975290819437,2047,2415.2
2026-10-01T19:23:00-04:00,6.56,6.58,6.51,6.51,0,0,0,0,0,0,,,,,,,,,,,,,,,,,,,,,,,,,,,,,,,,,,,,,,,,,,,,5.257380179796407,7.607257767722665,6.580190724381724,6.5515802326555495,885,2100.25
2026-10-01T19:24:00-04:00,6.6,6.6,6.6,6.6,0,0,0,0,0,0,,,,,,,,,,,,,,,,,,,,,,,,,,,,,,,,,,,,,,,,,,,,5.257380179796407,7.60725257422265,6.582077322059655,6.56126418612444,251,1870.5
2026-10-01T19:25:00-04:00,6.52,6.56,6.52,6.53,0,0,0,0,0,0,,,,,,,,,,,,,,,,,,,,,,,,,,,,,,,,,,,,,,,,,,,,5.257380179796407,7.60722365535163,6.577117577101593,6.555011348899552,1315,1833.05
2026-10-01T19:26:00-04:00,6.54,6.6,6.5329,6.6,0,0,0,0,0,0,,,,,,,,,,,,,,,,,,,,,,,,,,,,,,,,,,,,,,,,,,,,5.257380179796407,7.607178883971399,6.57929685547287,6.564009079119642,2117,1797.7
2026-10-01T19:27:00-04:00,6.56,6.6,6.56,6.6,0,0,0,0,0,0,,,,,,,,,,,,,,,,,,,,,,,,,,,,,,,,,,,,,,,,,,,,5.257380179796407,7.607151780783719,6.581268583523072,6.5712072632957135,1293,1820.35
2026-10-01T19:28:00-04:00,6.57,6.6,6.57,6.5793,0,0,0,0,0,0,,,,,,,,,,,,,,,,,,,,,,,,,,,,,,,,,,,,,,,,,,,,5.257380179796407,7.607106370006,6.581081099378018,6.572825810636571,2159,1890.65
2026-10-01T19:29:00-04:00,6.58,6.58,6.5676,6.57,0,0,0,0,0,0,,,,,,,,,,,,,,,,,,,,,,,,,,,,,,,,,,,,,,,,,,,,5.257380179796407,7.607083909936553,6.5800257565801115,6.572260648509257,1057,1912.15
2026-10-01T19:30:00-04:00,6.58,6.58,6.5612,6.5612,0,0,0,0,0,0,,,,,,,,,,,,,,,,,,,,,,,,,,,,,,,,,,,,,,,,,,,,5.257380179796407,7.607063326548521,6.578232827382005,6.570048518807406,964,1842.1
2026-10-01T19:31:00-04:00,6.5988,6.6,6.5606,6.5973,0,0,0,0,0,0,,,,,,,,,,,,,,,,,,,,,,,,,,,,,,,,,,,,,,,,,,,,5.257380179796407,7.607011696884648,6.580048748583719,6.575498815045925,2462,1909.9
2026-10-01T19:32:00-04:00,6.6,6.78,6.561,6.78,0,0,0,0,0,0,,,,,,,,,,,,,,,,,,,,,,,,,,,,,,,,,,,,,,,,,,,,5.257380179796407,7.606954141841775,6.599091724909079,6.61639905203674,3114,2003.55
2026-10-01T19:33:00-04:00,6.711,6.83,6.63,6.6892,0,0,0,0,0,0,,,,,,,,,,,,,,,,,,,,,,,,,,,,,,,,,,,,,,,,,,,,5.257380179796407,7.606938066582613,6.607673465393929,6.630959241629392,879,2012.5
2026-10-01T19:34:00-04:00,6.6969,6.6994,6.65,6.66,0,0,0,0,0,0,,,,,,,,,,,,,,,,,,,,,,,,,,,,,,,,,,,,,,,,,,,,5.257380179796407,7.606854224691938,6.6126569448802215,6.636767393303513,4357,2189.7
2026-10-01T19:35:00-04:00,6.66,6.66,6.56,6.6282,0,0,0,0,0,0,,,,,,,,,,,,,,,,,,,,,,,,,,,,,,,,,,,,,,,,,,,,5.257380179796407,7.606766404573026,6.61413723584401,6.6350539146428105,4317,2364.6
2026-10-01T19:36:00-04:00,6.62,6.62,6.62,6.62,0,0,0,0,0,0,,,,,,,,,,,,,,,,,,,,,,,,,,,,,,,,,,,,,,,,,,,,5.257380179796407,7.606760326521707,6.614695594335056,6.632043131714249,300,1872.35
2026-10-01T19:37:00-04:00,6.65,6.65,6.57,6.57,0,0,0,0,0,0,,,,,,,,,,,,,,,,,,,,,,,,,,,,,,,,,,,,,,,,,,,,5.257380179796407,7.606707423788511,6.610438871065051,6.619634505371399,2551,1949.9
2026-10-01T19:39:00-04:00,6.61,6.61,6.6003,6.6003,0,0,0,0,0,0,,,,,,,,,,,,,,,,,,,,,,,,,,,,,,,,,,,,,,,,,,,,5.257380179796407,7.6066996797624515,6.609473264296951,6.61576760429712,376,1913.7
2026-10-01T19:40:00-04:00,6.609,6.61,6.6,6.6,0,0,0,0,0,0,,,,,,,,,,,,,,,,,,,,,,,,,,,,,,,,,,,,,,,,,,,,5.257380179796407,7.606680913731054,6.6085710486496225,6.612614083437696,911,1954.25
2026-10-01T19:41:00-04:00,6.56,6.562,6.56,6.56,0,0,0,0,0,0,,,,,,,,,,,,,,,,,,,,,,,,,,,,,,,,,,,,,,,,,,,,5.257380179796407,7.606619971378008,6.603945234492516,6.602091266750157,2838,2064.75
2026-10-01T19:42:00-04:00,6.569,6.569,6.56,6.5601,0,0,0,0,0,0,,,,,,,,,,,,,,,,,,,,,,,,,,,,,,,,,,,,,,,,,,,,5.257380179796407,7.60660021895223,6.599769497874181,6.5936930134001255,922,1755.75
2026-10-01T19:43:00-04:00,6.57,6.57,6.5685,6.5695,0,0,0,0,0,0,,,,,,,,,,,,,,,,,,,,,,,,,,,,,,,,,,,,,,,,,,,,5.257380179796407,7.6065422393961,6.59688668855283,6.5888544107201,2723,1789.55
2026-10-01T19:44:00-04:00,6.56,6.59,6.56,6.56,0,0,0,0,0,0,,,,,,,,,,,,,,,,,,,,,,,,,,,,,,,,,,,,,,,,,,,,5.257380179796407,7.606471006707139,6.593373670595418,6.58308352857608,3348,1912.7
2026-10-01T19:45:00-04:00,6.59,6.59,6.59,6.59,0,0,0,0,0,0,,,,,,,,,,,,,,,,,,,,,,,,,,,,,,,,,,,,,,,,,,,,5.257380179796407,7.606445177475358,6.593052368633949,6.584466822860864,1238,1962.05
2026-10-01T19:46:00-04:00,6.59,6.59,6.58,6.5801,0,0,0,0,0,0,,,,,,,,,,,,,,,,,,,,,,,,,,,,,,,,,,,,,,,,,,,,5.257380179796407,7.606434929919747,6.59181880971643,6.583593458288691,488,1920.7
2026-10-01T19:47:00-04:00,6.56,6.56,6.56,6.56,0,0,0,0,0,0,,,,,,,,,,,,,,,,,,,,,,,,,,,,,,,,,,,,,,,,,,,,5.257380179796407,7.606423224274148,6.588788446886293,6.578874766630952,545,1842.1
2026-10-01T19:48:00-04:00,6.56,6.5654,6.5308,6.5308,0,0,0,0,0,0,,,,,,,,,,,,,,,,,,,,,,,,,,,,,,,,,,,,,,,,,,,,5.257380179796407,7.606297873884703,6.583265737659027,6.569259813304762,5740,2064.45
2026-10-01T19:49:00-04:00,6.56,6.6,6.56,6.6,0,0,0,0,0,0,,,,,,,,,,,,,,,,,,,,,,,,,,,,,,,,,,,,,,,,,,,,5.257380179796407,7.606273245009988,6.584859476929596,6.57540785064381,1177,2015.35
2026-10-01T19:50:00-04:00,6.53,6.55,6.53,6.55,0,0,0,0,0,0,,,,,,,,,,,,,,,,,,,,,,,,,,,,,,,,,,,,,,,,,,,,5.257380179796407,7.606259218844973,6.581539526745825,6.570326280515048,643,1994.65
2026-10-01T19:51:00-04:00,6.58,6.6,6.58,6.6,0,0,0,0,0,0,,,,,,,,,,,,,,,,,,,,,,,,,,,,,,,,,,,,,,,,,,,,5.257380179796407,7.606208936996404,6.583297667055747,6.576261024412038,2419,2067.4
2026-10-01T19:52:00-04:00,6.58,6.61,6.55,6.6,0,0,0,0,0,0,,,,,,,,,,,,,,,,,,,,,,,,,,,,,,,,,,,,,,,,,,,,5.257380179796407,7.60594390340971,6.5848883654313894,6.581008819529631,12671,2577.85
2026-10-01T19:53:00-04:00,6.6,6.61,6.6,6.61,0,0,0,0,0,0,,,,,,,,,,,,,,,,,,,,,,,,,,,,,,,,,,,,,,,,,,,,5.257380179796407,7.605925842532503,6.587279949676019,6.586807055623704,881,2466.2
2026-10-01T19:54:00-04:00,6.6,6.76,6.6,6.7,0,0,0,0,0,0,,,,,,,,,,,,,,,,,,,,,,,,,,,,,,,,,,,,,,,,,,,,5.257380179796407,7.605809140006861,6.598015192564017,6.6094456444989635,6189,2731.7
2026-10-01T19:55:00-04:00,6.72,6.7201,6.7,6.7,0,0,0,0,0,0,,,,,,,,,,,,,,,,,,,,,,,,,,,,,,,,,,,,,,,,,,,,5.257380179796407,7.605782564267545,6.6077280313674445,6.627556515599171,1441,2585.9
2026-10-01T19:56:00-04:00,6.6,6.6,6.5412,6.59,0,0,0,0,0,0,,,,,,,,,,,,,,,,,,,,,,,,,,,,,,,,,,,,,,,,,,,,5.257380179796407,7.605751166838401,6.6060396474276875,6.6200452124793365,1488,2444.45
2026-10-01T19:57:00-04:00,6.54,6.6,6.5,6.53,0,0,0,0,0,0,,,,,,,,,,,,,,,,,,,,,,,,,,,,,,,,,,,,,,,,,,,,5.257380179796407,7.605552725131505,6.598797776244099,6.602036169983469,9108,2884.85
2026-10-01T19:58:00-04:00,6.51,6.5199,6.5,6.51,0,0,0,0,0,0,,,,,,,,,,,,,,,,,,,,,,,,,,,,,,,,,,,,,,,,,,,,5.257380179796407,7.605406771104092,6.590340845173232,6.583628935986775,6497,3082.15
2026-10-01T19:59:00-04:00,6.52,6.584,6.5,6.5003,0,0,0,0,0,0,,,,,,,,,,,,,,,,,,,,,,,,,,,,,,,,,,,,,,,,,,,,5.475724924577701,7.60526598771678,6.581765526585305,6.56696314878942,6374,3382.05
