time,open,high,low,close,Nested Reclaim Evidence Marker,Reclaim Entry Marker,Extended Resistance Entry Marker,Long Resistance Entry Marker,High Quality Reclaim Entry Marker,Strong Reclaim Entry,Support Zone Low,Support Zone High,Highest Resistance Rejection,Former Support / Resistance Line,Prior Advance Percent,Entry Body Expansion,Entry Volume vs Resistance,Entry Volume vs Prior 3 Bars,Resistance Stage Bull / Bear Relative Volume,Distinct Resistance Attempts,Breakout Behavior Quality Score,Resistance Stage Bars,Resistance Stage Quiet Bars (%),Breakdown Volume vs Average,Breakdown Body / Range (%),Breakdown Close From Low (%),Entry Body / Range (%),Entry Candle Range (%),Gap To Recent High (%),Entry Volume vs Participation Average,Entry Distance From Support (%),Bullish Resistance Bars (%),Entry Gap Above EMA20 (%),Expansion Start Bar Index,Full Expansion Bars,Full Expansion Gain (%),Expansion Directional Efficiency (%),Expansion Maximum Drawdown (%),Expansion Bull Volume / Average,Expansion Bull Volume Share (%),Expansion Strength Score (0-5),Support To Entry Bars,Entry Is Close To Expansion,Entry Volume vs Previous Bar,Entry Range vs Prior 3 Bars,Entry Confirmation Score (0-5),Combined Confidence Score (0-11),Entry Has Recent Expansion Evidence,Entry Has Nested Reclaim Evidence,Entry Has Either Context Evidence,Nested Evidence Age (Bars),Nested Reclaim Cleared Resistance,Nested Reclaim Higher Resistance,EMA,VWAP,EMA.1,EMA.2,Volume,Volume MA
2026-09-30T04:00:00-04:00,3.01,3.09,2.93,2.9395,0,0,0,0,0,0,,,,,,,,,,,,,,,,,,,,,,,,,,,,,,,,,,,,,,,,,,,,1.3110755382690171,2.9864999999999995,2.6249589671560583,2.6606426130043954,106485,12798.5
2026-09-30T04:01:00-04:00,2.9205,2.9295,2.88,2.9,0,0,0,0,0,0,,,,,,,,,,,,,,,,,,,,,,,,,,,,,,,,,,,,,,,,,,,,1.3110755382690171,2.9569052815593557,2.6511533512364336,2.7085140904035163,58643,15135.25
2026-09-30T04:02:00-04:00,2.91,2.97,2.9,2.9296,0,0,0,0,0,0,,,,,,,,,,,,,,,,,,,,,,,,,,,,,,,,,,,,,,,,,,,,1.3110755382690171,2.9502659010913947,2.677672079690107,2.752731272322813,64242,18123.7
2026-09-30T04:03:00-04:00,2.93,2.95,2.92,2.93,0,0,0,0,0,0,,,,,,,,,,,,,,,,,,,,,,,,,,,,,,,,,,,,,,,,,,,,1.3110755382690171,2.94864555712382,2.701703310195811,2.7881850178582503,24272,19215.35
2026-09-30T04:04:00-04:00,2.93,3.0,2.92,2.9895,0,0,0,0,0,0,,,,,,,,,,,,,,,,,,,,,,,,,,,,,,,,,,,,,,,,,,,,1.3110755382690171,2.951321899352308,2.729112518748591,2.8284480142866,36671,20810.55
2026-09-30T04:05:00-04:00,2.9805,3.04,2.96,3.03,0,0,0,0,0,0,,,,,,,,,,,,,,,,,,,,,,,,,,,,,,,,,,,,,,,,,,,,1.3110755382690171,2.9580360942660286,2.7577684693439632,2.86875841142928,37511,22438.6
2026-09-30T04:06:00-04:00,3.0295,3.0796,2.9905,3.0,0,0,0,0,0,0,,,,,,,,,,,,,,,,,,,,,,,,,,,,,,,,,,,,,,,,,,,,1.3110755382690171,2.9669505033928307,2.7808381389302523,2.8950067291434243,51800,24945.35
2026-09-30T04:07:00-04:00,3.01,3.01,2.97,2.9705,0,0,0,0,0,0,,,,,,,,,,,,,,,,,,,,,,,,,,,,,,,,,,,,,,,,,,,,1.3110755382690171,2.9676930420146075,2.7989011733178475,2.9101053833147392,17833,25527.6
2026-09-30T04:08:00-04:00,2.98,3.01,2.97,3.01,0,0,0,0,0,0,,,,,,,,,,,,,,,,,,,,,,,,,,,,,,,,,,,,,,,,,,,,1.3110755382690171,2.968525886809051,2.8190058234780526,2.930084306651791,11763,25991.1
2026-09-30T04:09:00-04:00,3.0005,3.0005,2.97,2.9706,0,0,0,0,0,0,,,,,,,,,,,,,,,,,,,,,,,,,,,,,,,,,,,,,,,,,,,,1.3110755382690171,2.968865426618973,2.8334433640991903,2.938187445321433,12081,25962.35
2026-09-30T04:10:00-04:00,2.9706,2.9795,2.97,2.9795,0,0,0,0,0,0,,,,,,,,,,,,,,,,,,,,,,,,,,,,,,,,,,,,,,,,,,,,1.3110755382690171,2.9691628650392645,2.847353519899267,2.9464499562571467,17476,26247.1
2026-09-30T04:11:00-04:00,2.9705,2.9705,2.95,2.95,0,0,0,0,0,0,,,,,,,,,,,,,,,,,,,,,,,,,,,,,,,,,,,,,,,,,,,,1.3110755382690171,2.96872743880632,2.857129375146956,2.947159965005717,16063,26487.85
2026-09-30T04:12:00-04:00,2.95,2.9501,2.9106,2.9195,0,0,0,0,0,0,,,,,,,,,,,,,,,,,,,,,,,,,,,,,,,,,,,,,,,,,,,,1.3110755382690171,2.9664123359743626,2.86306943465677,2.9416279720045737,26538,27710.75
2026-09-30T04:13:00-04:00,2.92,2.93,2.91,2.92,0,0,0,0,0,0,,,,,,,,,,,,,,,,,,,,,,,,,,,,,,,,,,,,,,,,,,,,1.3110755382690171,2.9625483389005907,2.868491393260887,2.937302377603659,43716,29789.6
2026-09-30T04:14:00-04:00,2.92,2.9496,2.92,2.9495,0,0,0,0,0,0,,,,,,,,,,,,,,,,,,,,,,,,,,,,,,,,,,,,,,,,,,,,1.3110755382690171,2.9623999295526375,2.876206498664612,2.939741902082927,3433,29673.25
2026-09-30T04:15:00-04:00,2.9401,2.945,2.94,2.9405,0,0,0,0,0,0,,,,,,,,,,,,,,,,,,,,,,,,,,,,,,,,,,,,,,,,,,,,1.3110755382690171,2.962242725407656,2.882329689267982,2.9398935216663418,4071,29734.3
2026-09-30T04:16:00-04:00,2.9401,2.95,2.94,2.9405,0,0,0,0,0,0,,,,,,,,,,,,,,,,,,,,,,,,,,,,,,,,,,,,,,,,,,,,1.3110755382690171,2.961829736919098,2.887869718861508,2.9400148173330733,12000,29349.2
2026-09-30T04:17:00-04:00,2.9495,2.9495,2.91,2.91,0,0,0,0,0,0,,,,,,,,,,,,,,,,,,,,,,,,,,,,,,,,,,,,,,,,,,,,1.3110755382690171,2.9596626856867183,2.8899773646842215,2.934011853866459,32337,30496.75
2026-09-30T04:18:00-04:00,2.91,2.91,2.88,2.88,0,0,0,0,0,0,,,,,,,,,,,,,,,,,,,,,,,,,,,,,,,,,,,,,,,,,,,,1.3110755382690171,2.95713455789949,2.8890271394762004,2.923209483093167,21726,30780.3
2026-09-30T04:19:00-04:00,2.88,2.88,2.83,2.83,0,0,0,0,0,0,,,,,,,,,,,,,,,,,,,,,,,,,,,,,,,,,,,,,,,,,,,,1.3110755382690171,2.947903590826149,2.8834055071451337,2.904567586474534,54587,32662.4
2026-09-30T04:20:00-04:00,2.83,2.8995,2.83,2.8995,0,0,0,0,0,0,,,,,,,,,,,,,,,,,,,,,,,,,,,,,,,,,,,,,,,,,,,,1.3110755382690171,2.9455694290144256,2.884938315988454,2.903554069179627,22023,28439.3
2026-09-30T04:21:00-04:00,2.8995,2.95,2.8995,2.9495,0,0,0,0,0,0,,,,,,,,,,,,,,,,,,,,,,,,,,,,,,,,,,,,,,,,,,,,1.3110755382690171,2.945184376789916,2.8910870477990773,2.9127432553437016,21340,26574.15
2026-09-30T04:22:00-04:00,2.9495,2.96,2.93,2.96,0,0,0,0,0,0,,,,,,,,,,,,,,,,,,,,,,,,,,,,,,,,,,,,,,,,,,,,1.3110755382690171,2.9453362508619545,2.897650186103927,2.922194604274962,22685,24496.3
2026-09-30T04:23:00-04:00,2.9695,2.97,2.94,2.945,0,0,0,0,0,0,,,,,,,,,,,,,,,,,,,,,,,,,,,,,,,,,,,,,,,,,,,,1.3110755382690171,2.9456193810844926,2.9021596921892674,2.926755683419969,33677,24966.55
2026-09-30T04:24:00-04:00,2.9405,2.989,2.94,2.989,0,0,0,0,0,0,,,,,,,,,,,,,,,,,,,,,,,,,,,,,,,,,,,,,,,,,,,,1.3110755382690171,2.9461685073844266,2.9104301976950513,2.9392045467359753,15604,23913.2
2026-09-30T04:25:00-04:00,2.9895,2.99,2.95,2.9503,0,0,0,0,0,0,,,,,,,,,,,,,,,,,,,,,,,,,,,,,,,,,,,,,,,,,,,,1.3110755382690171,2.9467596532407843,2.914227321724094,2.9414236373887803,27249,23400.1
2026-09-30T04:26:00-04:00,2.955,2.98,2.955,2.96,0,0,0,0,0,0,,,,,,,,,,,,,,,,,,,,,,,,,,,,,,,,,,,,,,,,,,,,1.3110755382690171,2.946921104002451,2.9185866244170375,2.9451389099110243,7107,21165.45
2026-09-30T04:27:00-04:00,2.97,3.0,2.95,2.98,0,0,0,0,0,0,,,,,,,,,,,,,,,,,,,,,,,,,,,,,,,,,,,,,,,,,,,,1.3110755382690171,2.9475018340800476,2.9244355173297008,2.9521111279288195,15988,21073.2
2026-09-30T04:28:00-04:00,2.9795,2.98,2.97,2.97,0,0,0,0,0,0,,,,,,,,,,,,,,,,,,,,,,,,,,,,,,,,,,,,,,,,,,,,1.3110755382690171,2.9478308755491853,2.9287749918697292,2.9556889023430557,10566,21013.35
2026-09-30T04:29:00-04:00,2.96,2.96,2.94,2.94,0,0,0,0,0,0,,,,,,,,,,,,,,,,,,,,,,,,,,,,,,,,,,,,,,,,,,,,1.3110755382690171,2.947805840792593,2.9298440402630885,2.9525511218744445,18229,21320.75
2026-09-30T04:30:00-04:00,2.94,2.945,2.91,2.945,0,0,0,0,0,0,,,,,,,,,,,,,,,,,,,,,,,,,,,,,,,,,,,,,,,,,,,,1.3110755382690171,2.947327582288016,2.9312874649999374,2.951040897499555,28971,21895.5
2026-09-30T04:31:00-04:00,2.94,2.9498,2.94,2.9495,0,0,0,0,0,0,,,,,,,,,,,,,,,,,,,,,,,,,,,,,,,,,,,,,,,,,,,,1.3110755382690171,2.947324100249135,2.9330219921428005,2.9507327179996445,3427,21263.7
2026-09-30T04:32:00-04:00,2.945,2.96,2.92,2.9205,0,0,0,0,0,0,,,,,,,,,,,,,,,,,,,,,,,,,,,,,,,,,,,,,,,,,,,,1.3110755382690171,2.9469856541735298,2.931829421462534,2.9446861743997155,22088,21041.2
2026-09-30T04:33:00-04:00,2.9202,2.9305,2.91,2.9102,0,0,0,0,0,0,,,,,,,,,,,,,,,,,,,,,,,,,,,,,,,,,,,,,,,,,,,,1.3110755382690171,2.9463967343139017,2.92976947656134,2.9377889395197725,18013,19756.05
2026-09-30T04:34:00-04:00,2.9101,2.915,2.9,2.9005,0,0,0,0,0,0,,,,,,,,,,,,,,,,,,,,,,,,,,,,,,,,,,,,,,,,,,,,1.3110755382690171,2.946024174264077,2.926981907365022,2.930331151615818,8391,20003.95
2026-09-30T04:35:00-04:00,2.9005,2.905,2.89,2.89,0,0,0,0,0,0,,,,,,,,,,,,,,,,,,,,,,,,,,,,,,,,,,,,,,,,,,,,1.3110755382690171,2.945285492409811,2.9234598209493057,2.9222649212926544,13641,20482.45
2026-09-30T04:36:00-04:00,2.895,2.895,2.87,2.88,0,0,0,0,0,0,,,,,,,,,,,,,,,,,,,,,,,,,,,,,,,,,,,,,,,,,,,,1.3110755382690171,2.9440038789097693,2.919320790382705,2.9138119370341236,19372,20851.05
2026-09-30T04:37:00-04:00,2.8705,2.88,2.86,2.8605,0,0,0,0,0,0,,,,,,,,,,,,,,,,,,,,,,,,,,,,,,,,,,,,,,,,,,,,1.3110755382690171,2.94225354650438,2.913718810346257,2.9031495496272988,22317,20350.05
2026-09-30T04:38:00-04:00,2.86,2.87,2.8,2.8,0,0,0,0,0,0,,,,,,,,,,,,,,,,,,,,,,,,,,,,,,,,,,,,,,,,,,,,1.3110755382690171,2.9384361881021897,2.9028884474561374,2.882519639701839,32632,20895.35
2026-09-30T04:39:00-04:00,2.8,2.86,2.76,2.85,0,0,0,0,0,0,,,,,,,,,,,,,,,,,,,,,,,,,,,,,,,,,,,,,,,,,,,,1.3110755382690171,2.933774294283637,2.8978514524603147,2.8760157117614713,42911,20311.55
2026-09-30T04:40:00-04:00,2.8405,2.8495,2.785,2.8,0,0,0,0,0,0,,,,,,,,,,,,,,,,,,,,,,,,,,,,,,,,,,,,,,,,,,,,1.3110755382690171,2.929677540403713,2.8885322665117132,2.860812569409177,36728,21046.8
2026-09-30T04:41:00-04:00,2.81,2.82,2.76,2.775,0,0,0,0,0,0,,,,,,,,,,,,,,,,,,,,,,,,,,,,,,,,,,,,,,,,,,,,1.3110755382690171,2.9263101973960697,2.877719669701074,2.8436500555273416,26122,21285.9
2026-09-30T04:42:00-04:00,2.77,2.79,2.77,2.79,0,0,0,0,0,0,,,,,,,,,,,,,,,,,,,,,,,,,,,,,,,,,,,,,,,,,,,,1.3110755382690171,2.9244794824341813,2.869365415443829,2.8329200444218734,14557,20879.5
2026-09-30T04:43:00-04:00,2.7805,2.8,2.7805,2.7905,0,0,0,0,0,0,,,,,,,,,,,,,,,,,,,,,,,,,,,,,,,,,,,,,,,,,,,,1.3110755382690171,2.9228726464343784,2.8618544234967978,2.8244360355374987,13783,19884.8
2026-09-30T04:44:00-04:00,2.8,2.82,2.78,2.7895,0,0,0,0,0,0,,,,,,,,,,,,,,,,,,,,,,,,,,,,,,,,,,,,,,,,,,,,1.3110755382690171,2.921251280601635,2.8549635260209123,2.817448828429999,14955,19852.35
2026-09-30T04:45:00-04:00,2.7802,2.8005,2.75,2.77,0,0,0,0,0,0,,,,,,,,,,,,,,,,,,,,,,,,,,,,,,,,,,,,,,,,,,,,1.3110755382690171,2.9185059768862636,2.8468717616379684,2.807959062743999,22068,19593.3
2026-09-30T04:46:00-04:00,2.76,2.76,2.72,2.74,0,0,0,0,0,0,,,,,,,,,,,,,,,,,,,,,,,,,,,,,,,,,,,,,,,,,,,,1.3110755382690171,2.9125568866851856,2.8366934986248284,2.7943672501951995,40947,21285.3
2026-09-30T04:47:00-04:00,2.73,2.74,2.6903,2.7295,0,0,0,0,0,0,,,,,,,,,,,,,,,,,,,,,,,,,,,,,,,,,,,,,,,,,,,,1.3110755382690171,2.9063394992513496,2.8264845939938925,2.7813938001561596,40980,22534.9
2026-09-30T04:48:00-04:00,2.72,2.76,2.72,2.74,0,0,0,0,0,0,,,,,,,,,,,,,,,,,,,,,,,,,,,,,,,,,,,,,,,,,,,,1.3110755382690171,2.9045399033895465,2.818247965994474,2.7731150401249276,13886,22700.9
2026-09-30T04:49:00-04:00,2.7405,2.8,2.73,2.7995,0,0,0,0,0,0,,,,,,,,,,,,,,,,,,,,,,,,,,,,,,,,,,,,,,,,,,,,1.3110755382690171,2.901667546130534,2.816462445423572,2.778392032099942,29454,23262.15
2026-09-30T04:50:00-04:00,2.7895,2.8,2.77,2.7705,0,0,0,0,0,0,,,,,,,,,,,,,,,,,,,,,,,,,,,,,,,,,,,,,,,,,,,,1.3110755382690171,2.900518893541256,2.812085069668946,2.776813625679954,12531,22440.15
2026-09-30T04:51:00-04:00,2.7705,2.775,2.69,2.7105,0,0,0,0,0,0,,,,,,,,,,,,,,,,,,,,,,,,,,,,,,,,,,,,,,,,,,,,1.3110755382690171,2.89581148145021,2.802410301129046,2.763550900543963,36565,24097.05
2026-09-30T04:52:00-04:00,2.7105,2.73,2.71,2.7107,0,0,0,0,0,0,,,,,,,,,,,,,,,,,,,,,,,,,,,,,,,,,,,,,,,,,,,,1.3110755382690171,2.89402482963777,2.7936759867358036,2.75298072043517,13739,23679.6
2026-09-30T04:53:00-04:00,2.71,2.77,2.685,2.695,0,0,0,0,0,0,,,,,,,,,,,,,,,,,,,,,,,,,,,,,,,,,,,,,,,,,,,,1.3110755382690171,2.888727173823623,2.7842782737133462,2.741384576348136,42360,24896.95
2026-09-30T04:54:00-04:00,2.6905,2.71,2.66,2.6705,0,0,0,0,0,0,,,,,,,,,,,,,,,,,,,,,,,,,,,,,,,,,,,,,,,,,,,,1.3110755382690171,2.885675167805597,2.7734422476454084,2.7272076610785088,21061,25530.45
2026-09-30T04:55:00-04:00,2.68,2.69,2.62,2.62,0,0,0,0,0,0,,,,,,,,,,,,,,,,,,,,,,,,,,,,,,,,,,,,,,,,,,,,1.3110755382690171,2.8763626728267617,2.7588287002506076,2.705766128862807,57515,27724.15
2026-09-30T04:56:00-04:00,2.625,2.6295,2.6,2.61,0,0,0,0,0,0,,,,,,,,,,,,,,,,,,,,,,,,,,,,,,,,,,,,,,,,,,,,1.3110755382690171,2.867817156822501,2.7446545383219783,2.686612903090246,50227,29266.9
2026-09-30T04:57:00-04:00,2.61,2.67,2.61,2.67,0,0,0,0,0,0,,,,,,,,,,,,,,,,,,,,,,,,,,,,,,,,,,,,,,,,,,,,1.3110755382690171,2.8655834991805205,2.7375445822913136,2.683290322472197,16028,28952.45
2026-09-30T04:58:00-04:00,2.65,2.6605,2.64,2.6605,0,0,0,0,0,0,,,,,,,,,,,,,,,,,,,,,,,,,,,,,,,,,,,,,,,,,,,,1.3110755382690171,2.8628838620145993,2.730207003025474,2.6787322579777575,20168,28329.25
2026-09-30T04:59:00-04:00,2.67,2.72,2.67,2.72,0,0,0,0,0,0,,,,,,,,,,,,,,,,,,,,,,,,,,,,,,,,,,,,,,,,,,,,1.3110755382690171,2.8603049379087135,2.7292349074992384,2.686985806382206,26010,27484.2
2026-09-30T05:00:00-04:00,2.73,2.74,2.725,2.7394,0,0,0,0,0,0,,,,,,,,,,,,,,,,,,,,,,,,,,,,,,,,,,,,,,,,,,,,1.3110755382690171,2.858622765575491,2.73020301154693,2.697468645105765,21861,26740.85
2026-09-30T05:01:00-04:00,2.74,2.82,2.74,2.82,0,0,0,0,0,0,,,,,,,,,,,,,,,,,,,,,,,,,,,,,,,,,,,,,,,,,,,,1.3110755382690171,2.85680023013428,2.7387551056853177,2.7219749160846116,46837,27776.6
2026-09-30T05:02:00-04:00,2.8295,2.87,2.8,2.82,0,0,0,0,0,0,,,,,,,,,,,,,,,,,,,,,,,,,,,,,,,,,,,,,,,,,,,,1.3110755382690171,2.8555648634594317,2.7464927146676685,2.741579932867689,81079,31102.7
2026-09-30T05:03:00-04:00,2.82,2.82,2.8,2.8095,0,0,0,0,0,0,,,,,,,,,,,,,,,,,,,,,,,,,,,,,,,,,,,,,,,,,,,,1.3110755382690171,2.8552364219551034,2.752493408508843,2.755163946294151,12724,31049.75
2026-09-30T05:04:00-04:00,2.805,2.8704,2.8,2.8695,0,0,0,0,0,0,,,,,,,,,,,,,,,,,,,,,,,,,,,,,,,,,,,,,,,,,,,,1.3110755382690171,2.8550875996038125,2.763636893412763,2.7780311570353207,31187,31861.35
2026-09-30T05:05:00-04:00,2.87,2.9,2.87,2.87,0,0,0,0,0,0,,,,,,,,,,,,,,,,,,,,,,,,,,,,,,,,,,,,,,,,,,,,1.3110755382690171,2.8555423354176974,2.773766713087738,2.7964249256282567,33520,32433.95
2026-09-30T05:06:00-04:00,2.87,2.87,2.84,2.8695,0,0,0,0,0,0,,,,,,,,,,,,,,,,,,,,,,,,,,,,,,,,,,,,,,,,,,,,1.3110755382690171,2.8555766094934136,2.7828841689841437,2.811039940502605,14786,31125.9
2026-09-30T05:07:00-04:00,2.8601,2.88,2.86,2.8707,0,0,0,0,0,0,,,,,,,,,,,,,,,,,,,,,,,,,,,,,,,,,,,,,,,,,,,,1.3110755382690171,2.8557385442899794,2.7912475814618443,2.822971952402084,20681,30110.95
2026-09-30T05:08:00-04:00,2.87,2.8795,2.83,2.8695,0,0,0,0,0,0,,,,,,,,,,,,,,,,,,,,,,,,,,,,,,,,,,,,,,,,,,,,1.3110755382690171,2.8557790603094304,2.7987001927511925,2.8322775619216674,19508,30392.05
2026-09-30T05:09:00-04:00,2.8605,2.91,2.8605,2.8805,0,0,0,0,0,0,,,,,,,,,,,,,,,,,,,,,,,,,,,,,,,,,,,,,,,,,,,,1.3110755382690171,2.8559596867324064,2.8064906505844123,2.841922049537334,12330,29535.85
2026-09-30T05:10:00-04:00,2.88,2.88,2.84,2.8502,0,0,0,0,0,0,,,,,,,,,,,,,,,,,,,,,,,,,,,,,,,,,,,,,,,,,,,,1.3110755382690171,2.855966285114501,2.810653445766849,2.843577639629867,16376,29728.1
2026-09-30T05:11:00-04:00,2.8402,2.91,2.8401,2.91,0,0,0,0,0,0,,,,,,,,,,,,,,,,,,,,,,,,,,,,,,,,,,,,,,,,,,,,1.3110755382690171,2.8562494516850743,2.8201150223604823,2.8568621117038937,17855,28792.6
2026-09-30T05:12:00-04:00,2.91,2.96,2.9005,2.93,0,0,0,0,0,0,,,,,,,,,,,,,,,,,,,,,,,,,,,,,,,,,,,,,,,,,,,,1.3110755382690171,2.857863333557108,2.8305802583261506,2.871489689363115,43256,30268.45
2026-09-30T05:13:00-04:00,2.93,2.93,2.895,2.895,0,0,0,0,0,0,,,,,,,,,,,,,,,,,,,,,,,,,,,,,,,,,,,,,,,,,,,,1.3110755382690171,2.858288421493824,2.836715471818898,2.876191751490492,17408,29020.85
2026-09-30T05:14:00-04:00,2.89,2.94,2.89,2.9,0,0,0,0,0,0,,,,,,,,,,,,,,,,,,,,,,,,,,,,,,,,,,,,,,,,,,,,1.3110755382690171,2.8586538308606513,2.8427425697409077,2.8809534011923934,14223,28678.95
2026-09-30T05:15:00-04:00,2.9,2.9,2.87,2.8805,0,0,0,0,0,0,,,,,,,,,,,,,,,,,,,,,,,,,,,,,,,,,,,,,,,,,,,,1.3110755382690171,2.858805070577676,2.846338515479869,2.880862720953915,12327,26419.55
2026-09-30T05:16:00-04:00,2.8895,2.8895,2.85,2.86,0,0,0,0,0,0,,,,,,,,,,,,,,,,,,,,,,,,,,,,,,,,,,,,,,,,,,,,1.3110755382690171,2.8588680296290203,2.84763960924369,2.8766901767631317,16706,24743.5
2026-09-30T05:17:00-04:00,2.8695,2.8695,2.86,2.8605,0,0,0,0,0,0,,,,,,,,,,,,,,,,,,,,,,,,,,,,,,,,,,,,,,,,,,,,1.3110755382690171,2.85887375854957,2.848864408363339,2.8734521414105054,2623,24073.25
2026-09-30T05:18:00-04:00,2.8605,2.8695,2.86,2.86,0,0,0,0,0,0,,,,,,,,,,,,,,,,,,,,,,,,,,,,,,,,,,,,,,,,,,,,1.3110755382690171,2.8588771050978843,2.8499249409001637,2.870761713128404,1595,23144.6
2026-09-30T05:19:00-04:00,2.86,2.86,2.82,2.83,0,0,0,0,0,0,,,,,,,,,,,,,,,,,,,,,,,,,,,,,,,,,,,,,,,,,,,,1.3110755382690171,2.8586953242210473,2.8480273274811005,2.8626093705027236,16884,22688.3
2026-09-30T05:20:00-04:00,2.83,2.85,2.83,2.84,0,0,0,0,0,0,,,,,,,,,,,,,,,,,,,,,,,,,,,,,,,,,,,,,,,,,,,,1.3110755382690171,2.858625739386353,2.8472628201019483,2.8580874964021787,7707,21980.6
2026-09-30T05:21:00-04:00,2.8495,2.8495,2.83,2.83,0,0,0,0,0,0,,,,,,,,,,,,,,,,,,,,,,,,,,,,,,,,,,,,,,,,,,,,1.3110755382690171,2.858597991979688,2.8456187419970007,2.852469997121743,2600,19768.75
2026-09-30T05:22:00-04:00,2.83,2.87,2.82,2.87,0,0,0,0,0,0,,,,,,,,,,,,,,,,,,,,,,,,,,,,,,,,,,,,,,,,,,,,1.3110755382690171,2.858549559312066,2.847940766568715,2.8559759976973944,19250,16677.3
2026-09-30T05:23:00-04:00,2.87,2.87,2.85,2.87,0,0,0,0,0,0,,,,,,,,,,,,,,,,,,,,,,,,,,,,,,,,,,,,,,,,,,,,1.3110755382690171,2.858564784586775,2.850041645943123,2.8587807981579156,6681,16375.15
2026-09-30T05:24:00-04:00,2.87,2.87,2.835,2.85,0,0,0,0,0,0,,,,,,,,,,,,,,,,,,,,,,,,,,,,,,,,,,,,,,,,,,,,1.3110755382690171,2.858523272594288,2.8500376796628255,2.8570246385263327,12709,15451.25
2026-09-30T05:25:00-04:00,2.8595,2.8605,2.83,2.84,0,0,0,0,0,0,,,,,,,,,,,,,,,,,,,,,,,,,,,,,,,,,,,,,,,,,,,,1.3110755382690171,2.858476192678992,2.8490817101711277,2.853619710821066,6639,14107.2
2026-09-30T05:26:00-04:00,2.835,2.8505,2.83,2.8505,0,0,0,0,0,0,,,,,,,,,,,,,,,,,,,,,,,,,,,,,,,,,,,,,,,,,,,,1.3110755382690171,2.8584559199919184,2.849216785392925,2.852995768656853,2904,13513.1
2026-09-30T05:27:00-04:00,2.85,2.8595,2.83,2.83,0,0,0,0,0,0,,,,,,,,,,,,,,,,,,,,,,,,,,,,,,,,,,,,,,,,,,,,1.3110755382690171,2.858392110005749,2.8473866153555036,2.8483966149254822,7294,12843.75
2026-09-30T05:28:00-04:00,2.8405,2.8495,2.8395,2.8395,0,0,0,0,0,0,,,,,,,,,,,,,,,,,,,,,,,,,,,,,,,,,,,,,,,,,,,,1.3110755382690171,2.858349135134351,2.84663550913117,2.846617291940386,5896,12163.15
2026-09-30T05:29:00-04:00,2.83,2.85,2.83,2.84,0,0,0,0,0,0,,,,,,,,,,,,,,,,,,,,,,,,,,,,,,,,,,,,,,,,,,,,1.3110755382690171,2.858286623689369,2.8460035558805825,2.845293833552309,7297,11911.5
2026-09-30T05:30:00-04:00,2.8405,2.85,2.8405,2.85,0,0,0,0,0,0,,,,,,,,,,,,,,,,,,,,,,,,,,,,,,,,,,,,,,,,,,,,1.3110755382690171,2.858284356907356,2.8463841696062415,2.8462350668418472,424,11113.9
2026-09-30T05:31:00-04:00,2.8603,2.87,2.8603,2.87,0,0,0,0,0,0,,,,,,,,,,,,,,,,,,,,,,,,,,,,,,,,,,,,,,,,,,,,1.3110755382690171,2.858299928247612,2.848633296310409,2.8509880534734777,3940,10418.15
2026-09-30T05:32:00-04:00,2.87,2.87,2.84,2.8405,0,0,0,0,0,0,,,,,,,,,,,,,,,,,,,,,,,,,,,,,,,,,,,,,,,,,,,,1.3110755382690171,2.8582839528964055,2.8478586966617985,2.848890442778782,4224,8466.55
2026-09-30T05:33:00-04:00,2.8495,2.8595,2.81,2.83,0,0,0,0,0,0,,,,,,,,,,,,,,,,,,,,,,,,,,,,,,,,,,,,,,,,,,,,1.3110755382690171,2.8580776332204194,2.846157868408294,2.8451123542230254,17811,8486.7
2026-09-30T05:34:00-04:00,2.83,2.84,2.8131,2.82,0,0,0,0,0,0,,,,,,,,,,,,,,,,,,,,,,,,,,,,,,,,,,,,,,,,,,,,1.3110755382690171,2.857849248658442,2.8436666428455992,2.8400898833784205,14790,8515.05
2026-09-30T05:35:00-04:00,2.8205,2.8205,2.8105,2.82,0,0,0,0,0,0,,,,,,,,,,,,,,,,,,,,,,,,,,,,,,,,,,,,,,,,,,,,1.3110755382690171,2.857768667282312,2.841412676860304,2.8360719067027365,4315,8114.45
2026-09-30T05:36:00-04:00,2.82,2.8305,2.82,2.8305,0,0,0,0,0,0,,,,,,,,,,,,,,,,,,,,,,,,,,,,,,,,,,,,,,,,,,,,1.3110755382690171,2.8577404341060357,2.8403733743021795,2.834957525362189,2009,7379.6
2026-09-30T05:37:00-04:00,2.83,2.845,2.82,2.8205,0,0,0,0,0,0,,,,,,,,,,,,,,,,,,,,,,,,,,,,,,,,,,,,,,,,,,,,1.3110755382690171,2.8576628855328425,2.838480671987686,2.8320660202897514,5822,7539.55
2026-09-30T05:38:00-04:00,2.8296,2.83,2.81,2.82,0,0,0,0,0,0,,,,,,,,,,,,,,,,,,,,,,,,,,,,,,,,,,,,,,,,,,,,1.3110755382690171,2.857517072085012,2.836720607988859,2.829652816231801,8532,7886.4
2026-09-30T05:39:00-04:00,2.83,2.84,2.83,2.83,0,0,0,0,0,0,,,,,,,,,,,,,,,,,,,,,,,,,,,,,,,,,,,,,,,,,,,,1.3110755382690171,2.857474776389566,2.8360805500851582,2.829722252985441,3861,7235.25
2026-09-30T05:40:00-04:00,2.84,2.8595,2.84,2.85,0,0,0,0,0,0,,,,,,,,,,,,,,,,,,,,,,,,,,,,,,,,,,,,,,,,,,,,1.3110755382690171,2.857468160517368,2.83740621198181,2.8337778023883526,1913,6945.55
2026-09-30T05:41:00-04:00,2.85,2.86,2.84,2.8495,0,0,0,0,0,0,,,,,,,,,,,,,,,,,,,,,,,,,,,,,,,,,,,,,,,,,,,,1.3110755382690171,2.857456612848756,2.838558001316876,2.836922241910682,3347,6982.9
2026-09-30T05:42:00-04:00,2.84,2.84,2.84,2.84,0,0,0,0,0,0,,,,,,,,,,,,,,,,,,,,,,,,,,,,,,,,,,,,,,,,,,,,1.3110755382690171,2.8574505328644286,2.8386953345247923,2.8375377935285457,771,6058.95
2026-09-30T05:43:00-04:00,2.84,2.84,2.82,2.8205,0,0,0,0,0,0,,,,,,,,,,,,,,,,,,,,,,,,,,,,,,,,,,,,,,,,,,,,1.3110755382690171,2.857382525095861,2.836962445522431,2.8341302348228368,4928,5971.3
2026-09-30T05:44:00-04:00,2.8305,2.8305,2.82,2.8205,0,0,0,0,0,0,,,,,,,,,,,,,,,,,,,,,,,,,,,,,,,,,,,,,,,,,,,,1.3110755382690171,2.857299511465997,2.835394593567914,2.8314041878582694,5476,5609.65
2026-09-30T05:45:00-04:00,2.82,2.8295,2.82,2.82,0,0,0,0,0,0,,,,,,,,,,,,,,,,,,,,,,,,,,,,,,,,,,,,,,,,,,,,1.3110755382690171,2.8572453611198534,2.833928441799541,2.8291233502866153,3534,5454.4
2026-09-30T05:46:00-04:00,2.82,2.84,2.81,2.8205,0,0,0,0,0,0,,,,,,,,,,,,,,,,,,,,,,,,,,,,,,,,,,,,,,,,,,,,1.3110755382690171,2.8570724052910452,2.832649542580538,2.827398680229292,11476,5883.0
2026-09-30T05:47:00-04:00,2.82,2.83,2.81,2.81,0,0,0,0,0,0,,,,,,,,,,,,,,,,,,,,,,,,,,,,,,,,,,,,,,,,,,,,1.3110755382690171,2.857007419154235,2.8304924432871528,2.8239189441834336,3607,5698.65
2026-09-30T05:48:00-04:00,2.8005,2.8105,2.8,2.8105,0,0,0,0,0,0,,,,,,,,,,,,,,,,,,,,,,,,,,,,,,,,,,,,,,,,,,,,1.3110755382690171,2.8566536620025538,2.8285884010693287,2.8212351553467467,15978,6202.75
2026-09-30T05:49:00-04:00,2.8105,2.83,2.8101,2.83,0,0,0,0,0,0,,,,,,,,,,,,,,,,,,,,,,,,,,,,,,,,,,,,,,,,,,,,1.3110755382690171,2.8566041294913576,2.828722839062726,2.8229881242773973,3366,6006.2
2026-09-30T05:50:00-04:00,2.83,2.8495,2.83,2.835,0,0,0,0,0,0,,,,,,,,,,,,,,,,,,,,,,,,,,,,,,,,,,,,,,,,,,,,1.3110755382690171,2.8565822053587433,2.829320663913895,2.8253904994219177,2693,6119.65
2026-09-30T05:51:00-04:00,2.83,2.83,2.8196,2.8196,0,0,0,0,0,0,,,,,,,,,,,,,,,,,,,,,,,,,,,,,,,,,,,,,,,,,,,,1.3110755382690171,2.856465626519901,2.828394886398286,2.824232399537534,7905,6317.9
2026-09-30T05:52:00-04:00,2.81,2.83,2.81,2.83,0,0,0,0,0,0,,,,,,,,,,,,,,,,,,,,,,,,,,,,,,,,,,,,,,,,,,,,1.3110755382690171,2.856435272040301,2.828547754360354,2.825385919630027,2084,6210.9
2026-09-30T05:53:00-04:00,2.84,2.84,2.83,2.8305,0,0,0,0,0,0,,,,,,,,,,,,,,,,,,,,,,,,,,,,,,,,,,,,,,,,,,,,1.3110755382690171,2.8564137052472587,2.828733682516511,2.8264087357040215,2141,5427.4
2026-09-30T05:54:00-04:00,2.83,2.83,2.83,2.83,0,0,0,0,0,0,,,,,,,,,,,,,,,,,,,,,,,,,,,,,,,,,,,,,,,,,,,,1.3110755382690171,2.856411385256881,2.828854284181605,2.8271269885632173,200,4697.9
2026-09-30T05:55:00-04:00,2.84,2.8495,2.84,2.84,0,0,0,0,0,0,,,,,,,,,,,,,,,,,,,,,,,,,,,,,,,,,,,,,,,,,,,,1.3110755382690171,2.8563385971394593,2.829915780926214,2.829701590850574,12583,5111.3
2026-09-30T05:56:00-04:00,2.8304,2.8305,2.83,2.83,0,0,0,0,0,0,,,,,,,,,,,,,,,,,,,,,,,,,,,,,,,,,,,,,,,,,,,,1.3110755382690171,2.8562988675966685,2.8299238017903843,2.829761272680459,3481,5184.9
2026-09-30T05:57:00-04:00,2.8395,2.8395,2.81,2.81,0,0,0,0,0,0,,,,,,,,,,,,,,,,,,,,,,,,,,,,,,,,,,,,,,,,,,,,1.3110755382690171,2.856193392336362,2.8280262968579666,2.8258090181443674,6652,5226.4
2026-09-30T05:58:00-04:00,2.81,2.8197,2.81,2.8195,0,0,0,0,0,0,,,,,,,,,,,,,,,,,,,,,,,,,,,,,,,,,,,,,,,,,,,,1.3110755382690171,2.856123644428549,2.8272142685857795,2.8245472145154937,4038,5001.7
2026-09-30T05:59:00-04:00,2.8105,2.8105,2.81,2.81,0,0,0,0,0,0,,,,,,,,,,,,,,,,,,,,,,,,,,,,,,,,,,,,,,,,,,,,1.3110755382690171,2.856000197863331,2.825574814434753,2.821637771612395,6205,5118.9
2026-09-30T06:00:00-04:00,2.81,2.8105,2.8,2.81,0,0,0,0,0,0,,,,,,,,,,,,,,,,,,,,,,,,,,,,,,,,,,,,,,,,,,,,1.3110755382690171,2.8559159080095378,2.8240914987743,2.819310217289916,3967,5221.6
2026-09-30T06:01:00-04:00,2.81,2.81,2.81,2.81,0,0,0,0,0,0,,,,,,,,,,,,,,,,,,,,,,,,,,,,,,,,,,,,,,,,,,,,1.3110755382690171,2.8558804960347883,2.822749451271986,2.817448173831933,1786,5143.55
2026-09-30T06:02:00-04:00,2.81,2.81,2.81,2.81,0,0,0,0,0,0,,,,,,,,,,,,,,,,,,,,,,,,,,,,,,,,,,,,,,,,,,,,1.3110755382690171,2.85581732265095,2.821535217817511,2.8159585390655466,3193,5264.65
2026-09-30T06:03:00-04:00,2.81,2.81,2.8,2.8005,0,0,0,0,0,0,,,,,,,,,,,,,,,,,,,,,,,,,,,,,,,,,,,,,,,,,,,,1.3110755382690171,2.855545063015613,2.8195318637396527,2.812866831252437,12131,5624.8
2026-09-30T06:04:00-04:00,2.8005,2.8005,2.8,2.8,0,0,0,0,0,0,,,,,,,,,,,,,,,,,,,,,,,,,,,,,,,,,,,,,,,,,,,,1.3110755382690171,2.855504943703054,2.8176716862406384,2.8102934650019495,1690,5435.5
2026-09-30T06:05:00-04:00,2.8095,2.8095,2.8,2.8,0,0,0,0,0,0,,,,,,,,,,,,,,,,,,,,,,,,,,,,,,,,,,,,,,,,,,,,1.3110755382690171,2.8554929880358912,2.8159886685034348,2.8082347720015597,533,5285.45
2026-09-30T06:06:00-04:00,2.8,2.84,2.79,2.84,0,0,0,0,0,0,,,,,,,,,,,,,,,,,,,,,,,,,,,,,,,,,,,,,,,,,,,,1.3110755382690171,2.8552657276693636,2.8182754619792982,2.8145878176012475,16606,5541.95
2026-09-30T06:07:00-04:00,2.85,2.86,2.83,2.8595,0,0,0,0,0,0,,,,,,,,,,,,,,,,,,,,,,,,,,,,,,,,,,,,,,,,,,,,1.3110755382690171,2.8552228280876,2.82220160845746,2.823570254080998,18705,6296.85
2026-09-30T06:08:00-04:00,2.855,2.855,2.84,2.84,0,0,0,0,0,0,,,,,,,,,,,,,,,,,,,,,,,,,,,,,,,,,,,,,,,,,,,,1.3110755382690171,2.855206152656019,2.8238966933662732,2.8268562032647986,3870,5691.45
2026-09-30T06:09:00-04:00,2.85,2.88,2.8,2.825,0,0,0,0,0,0,,,,,,,,,,,,,,,,,,,,,,,,,,,,,,,,,,,,,,,,,,,,1.3110755382690171,2.8549637345628893,2.824001770188533,2.826484962611839,28809,6963.6
2026-09-30T06:10:00-04:00,2.8295,2.84,2.82,2.83,0,0,0,0,0,0,,,,,,,,,,,,,,,,,,,,,,,,,,,,,,,,,,,,,,,,,,,,1.3110755382690171,2.8549439564204384,2.8245730301705776,2.8271879700894713,1904,6924.15
2026-09-30T06:11:00-04:00,2.8305,2.8305,2.83,2.83,0,0,0,0,0,0,,,,,,,,,,,,,,,,,,,,,,,,,,,,,,,,,,,,,,,,,,,,1.3110755382690171,2.854918125651402,2.8250898844400463,2.827750376071577,2508,6654.3
2026-09-30T06:12:00-04:00,2.83,2.8605,2.83,2.8605,0,0,0,0,0,0,,,,,,,,,,,,,,,,,,,,,,,,,,,,,,,,,,,,,,,,,,,,1.3110755382690171,2.8549058585748046,2.8284622763981373,2.8343003008572616,6454,6872.8
2026-09-30T06:13:00-04:00,2.87,2.87,2.8495,2.8495,0,0,0,0,0,0,,,,,,,,,,,,,,,,,,,,,,,,,,,,,,,,,,,,,,,,,,,,1.3110755382690171,2.8549155974831386,2.8304658691221243,2.8373402406858093,16570,7594.25
2026-09-30T06:14:00-04:00,2.8405,2.86,2.8405,2.86,0,0,0,0,0,0,,,,,,,,,,,,,,,,,,,,,,,,,,,,,,,,,,,,,,,,,,,,1.3110755382690171,2.854913559851644,2.833278643491446,2.841872192548647,3501,7759.3
2026-09-30T06:15:00-04:00,2.85,2.89,2.85,2.88,0,0,0,0,0,0,,,,,,,,,,,,,,,,,,,,,,,,,,,,,,,,,,,,,,,,,,,,1.3110755382690171,2.855060531763985,2.8377282964922603,2.849497754038918,19563,8108.3
2026-09-30T06:16:00-04:00,2.89,2.92,2.88,2.9099,0,0,0,0,0,0,,,,,,,,,,,,,,,,,,,,,,,,,,,,,,,,,,,,,,,,,,,,1.3110755382690171,2.8556787835400814,2.844601792064426,2.8615782032311343,31831,9525.8
2026-09-30T06:17:00-04:00,2.91,2.9495,2.9,2.94,0,0,0,0,0,0,,,,,,,,,,,,,,,,,,,,,,,,,,,,,,,,,,,,,,,,,,,,1.3110755382690171,2.8562437647166012,2.853687335677338,2.8772625625849075,19068,10146.6
2026-09-30T06:18:00-04:00,2.94,2.95,2.92,2.9494,0,0,0,0,0,0,,,,,,,,,,,,,,,,,,,,,,,,,,,,,,,,,,,,,,,,,,,,1.3110755382690171,2.856791032632967,2.862802827517591,2.891690050067926,16500,10769.7
2026-09-30T06:19:00-04:00,2.9405,2.9695,2.93,2.9505,0,0,0,0,0,0,,,,,,,,,,,,,,,,,,,,,,,,,,,,,,,,,,,,,,,,,,,,1.3110755382690171,2.85739554188558,2.8711549391825826,2.903452040054341,16445,11281.7
2026-09-30T06:20:00-04:00,2.9595,2.9598,2.94,2.94,0,0,0,0,0,0,,,,,,,,,,,,,,,,,,,,,,,,,,,,,,,,,,,,,,,,,,,,1.3110755382690171,2.857934289252322,2.8777116116413843,2.9107616320434726,15407,11853.7
2026-09-30T06:21:00-04:00,2.9305,2.9306,2.93,2.9306,0,0,0,0,0,0,,,,,,,,,,,,,,,,,,,,,,,,,,,,,,,,,,,,,,,,,,,,1.3110755382690171,2.858022298255197,2.882748601008871,2.9147293056347783,3102,11919.5
2026-09-30T06:22:00-04:00,2.9395,2.95,2.93,2.95,0,0,0,0,0,0,,,,,,,,,,,,,,,,,,,,,,,,,,,,,,,,,,,,,,,,,,,,1.3110755382690171,2.858259617534984,2.889153496150884,2.9217834445078226,7125,12116.1
2026-09-30T06:23:00-04:00,2.945,2.9595,2.92,2.9298,0,0,0,0,0,0,,,,,,,,,,,,,,,,,,,,,,,,,,,,,,,,,,,,,,,,,,,,1.3110755382690171,2.859181322386667,2.8930245917555615,2.9233867556062583,30559,13037.5
2026-09-30T06:24:00-04:00,2.92,2.9405,2.92,2.9205,0,0,0,0,0,0,,,,,,,,,,,,,,,,,,,,,,,,,,,,,,,,,,,,,,,,,,,,1.3110755382690171,2.85934915493097,2.895641297302651,2.922809404485007,6430,13274.5
2026-09-30T06:25:00-04:00,2.92,2.93,2.9005,2.9095,0,0,0,0,0,0,,,,,,,,,,,,,,,,,,,,,,,,,,,,,,,,,,,,,,,,,,,,1.3110755382690171,2.8596531047999725,2.8969611737500176,2.9201475235880054,14712,13983.45
2026-09-30T06:26:00-04:00,2.9005,2.91,2.9,2.9002,0,0,0,0,0,0,,,,,,,,,,,,,,,,,,,,,,,,,,,,,,,,,,,,,,,,,,,,1.3110755382690171,2.8597246773569704,2.897269633392873,2.916158018870404,4282,13367.25
2026-09-30T06:27:00-04:00,2.905,2.91,2.9,2.9095,0,0,0,0,0,0,,,,,,,,,,,,,,,,,,,,,,,,,,,,,,,,,,,,,,,,,,,,1.3110755382690171,2.8597951469523784,2.8984344302125993,2.9148264150963232,3949,12629.45
2026-09-30T06:28:00-04:00,2.9095,2.93,2.9,2.93,0,0,0,0,0,0,,,,,,,,,,,,,,,,,,,,,,,,,,,,,,,,,,,,,,,,,,,,1.3110755382690171,2.8601749743288813,2.9014406749542565,2.9178611320770584,16642,13268.05
2026-09-30T06:29:00-04:00,2.93,2.9305,2.91,2.9105,0,0,0,0,0,0,,,,,,,,,,,,,,,,,,,,,,,,,,,,,,,,,,,,,,,,,,,,1.3110755382690171,2.8602898198746276,2.902303467815756,2.9163889056616465,5342,12094.7
2026-09-30T06:30:00-04:00,2.915,2.915,2.89,2.8901,0,0,0,0,0,0,,,,,,,,,,,,,,,,,,,,,,,,,,,,,,,,,,,,,,,,,,,,1.3110755382690171,2.860495751882016,2.9011412327856836,2.911131124529317,14373,12718.15
2026-09-30T06:31:00-04:00,2.9,2.91,2.8903,2.91,0,0,0,0,0,0,,,,,,,,,,,,,,,,,,,,,,,,,,,,,,,,,,,,,,,,,,,,1.3110755382690171,2.86054623066813,2.901984924901333,2.910904899623454,3128,12749.15
2026-09-30T06:32:00-04:00,2.9,2.9005,2.89,2.89,0,0,0,0,0,0,,,,,,,,,,,,,,,,,,,,,,,,,,,,,,,,,,,,,,,,,,,,1.3110755382690171,2.8605891643469943,2.9008435034821582,2.9067239196987633,3471,12600.0
2026-09-30T06:33:00-04:00,2.89,2.9005,2.89,2.9005,0,0,0,0,0,0,,,,,,,,,,,,,,,,,,,,,,,,,,,,,,,,,,,,,,,,,,,,1.3110755382690171,2.8606186472251913,2.90081078886481,2.905479135759011,2159,11879.45
2026-09-30T06:34:00-04:00,2.9,2.9006,2.89,2.89,0,0,0,0,0,0,,,,,,,,,,,,,,,,,,,,,,,,,,,,,,,,,,,,,,,,,,,,1.3110755382690171,2.8606601959448343,2.8997811899253043,2.9023833086072086,3370,11872.9
2026-09-30T06:35:00-04:00,2.89,2.89,2.8706,2.8706,0,0,0,0,0,0,,,,,,,,,,,,,,,,,,,,,,,,,,,,,,,,,,,,,,,,,,,,1.3110755382690171,2.8607491943273224,2.897002028980037,2.8960266468857667,14561,11622.8
2026-09-30T06:36:00-04:00,2.8705,2.9,2.87,2.89,0,0,0,0,0,0,,,,,,,,,,,,,,,,,,,,,,,,,,,,,,,,,,,,,,,,,,,,1.3110755382690171,2.860890278639225,2.8963351690771764,2.8948213175086135,14692,10765.85
2026-09-30T06:37:00-04:00,2.9,2.91,2.89,2.8905,0,0,0,0,0,0,,,,,,,,,,,,,,,,,,,,,,,,,,,,,,,,,,,,,,,,,,,,1.3110755382690171,2.8609451424475925,2.8957794386888738,2.893957054006891,4126,10018.75
2026-09-30T06:38:00-04:00,2.89,2.895,2.89,2.8905,0,0,0,0,0,0,,,,,,,,,,,,,,,,,,,,,,,,,,,,,,,,,,,,,,,,,,,,1.3110755382690171,2.860982041974266,2.895276635004219,2.893265643205513,3233,9355.4
2026-09-30T06:39:00-04:00,2.8905,2.895,2.8905,2.8907,0,0,0,0,0,0,,,,,,,,,,,,,,,,,,,,,,,,,,,,,,,,,,,,,,,,,,,,1.3110755382690171,2.861009113815352,2.894840765003817,2.8927525145644104,2359,8651.1
2026-09-30T06:40:00-04:00,2.8994,2.8996,2.8905,2.8905,0,0,0,0,0,0,,,,,,,,,,,,,,,,,,,,,,,,,,,,,,,,,,,,,,,,,,,,1.3110755382690171,2.8610168567825136,2.8944273588129774,2.892302011651528,645,7913.0
2026-09-30T06:41:00-04:00,2.8905,2.8995,2.89,2.8995,0,0,0,0,0,0,,,,,,,,,,,,,,,,,,,,,,,,,,,,,,,,,,,,,,,,,,,,1.3110755382690171,2.861036489930477,2.8949104674974557,2.8937416093212227,1507,7833.25
2026-09-30T06:42:00-04:00,2.9,2.9,2.87,2.89,0,0,0,0,0,0,,,,,,,,,,,,,,,,,,,,,,,,,,,,,,,,,,,,,,,,,,,,1.3110755382690171,2.861105004636842,2.8944428039262693,2.8929932874569784,7266,7840.3
2026-09-30T06:43:00-04:00,2.9,2.9095,2.8995,2.8995,0,0,0,0,0,0,,,,,,,,,,,,,,,,,,,,,,,,,,,,,,,,,,,,,,,,,,,,1.3110755382690171,2.86113180752887,2.894924441647577,2.8942946299655827,1747,6399.7
2026-09-30T06:44:00-04:00,2.8995,2.9,2.89,2.8901,0,0,0,0,0,0,,,,,,,,,,,,,,,,,,,,,,,,,,,,,,,,,,,,,,,,,,,,1.3110755382690171,2.861157363390744,2.8944649710144743,2.893455703972466,2158,6186.1
2026-09-30T06:45:00-04:00,2.89,2.89,2.89,2.89,0,0,0,0,0,0,,,,,,,,,,,,,,,,,,,,,,,,,,,,,,,,,,,,,,,,,,,,1.3110755382690171,2.8611605418867176,2.8940397356797627,2.892764563177973,300,5465.5
2026-09-30T06:46:00-04:00,2.8805,2.8805,2.88,2.88,0,0,0,0,0,0,,,,,,,,,,,,,,,,,,,,,,,,,,,,,,,,,,,,,,,,,,,,1.3110755382690171,2.861188281388124,2.8927026179959756,2.890211650542378,3979,5450.35
2026-09-30T06:47:00-04:00,2.88,2.88,2.84,2.85,0,0,0,0,0,0,,,,,,,,,,,,,,,,,,,,,,,,,,,,,,,,,,,,,,,,,,,,1.3110755382690171,2.8611680650771434,2.888635701996359,2.8821693204339023,12244,5865.1
2026-09-30T06:48:00-04:00,2.8402,2.85,2.84,2.84,0,0,0,0,0,0,,,,,,,,,,,,,,,,,,,,,,,,,,,,,,,,,,,,,,,,,,,,1.3110755382690171,2.8611345753819895,2.8840037303776582,2.873735456347122,5152,5290.6
2026-09-30T06:49:00-04:00,2.84,2.8405,2.83,2.8405,0,0,0,0,0,0,,,,,,,,,,,,,,,,,,,,,,,,,,,,,,,,,,,,,,,,,,,,1.3110755382690171,2.8610320239285127,2.8798605179607386,2.8670883650776973,11708,5608.9
2026-09-30T06:50:00-04:00,2.85,2.85,2.83,2.84,0,0,0,0,0,0,,,,,,,,,,,,,,,,,,,,,,,,,,,,,,,,,,,,,,,,,,,,1.3110755382690171,2.8610101473655516,2.876064278154954,2.861670692062158,2869,5033.7
2026-09-30T06:51:00-04:00,2.84,2.85,2.84,2.845,0,0,0,0,0,0,,,,,,,,,,,,,,,,,,,,,,,,,,,,,,,,,,,,,,,,,,,,1.3110755382690171,2.860978933837405,2.87310577547353,2.8583365536497265,5388,5146.7
2026-09-30T06:52:00-04:00,2.84,2.84,2.79,2.79,0,0,0,0,0,0,,,,,,,,,,,,,,,,,,,,,,,,,,,,,,,,,,,,,,,,,,,,1.3110755382690171,2.8605577124514827,2.865190939714146,2.8446692429197813,21601,6053.2
2026-09-30T06:53:00-04:00,2.795,2.82,2.79,2.81,0,0,0,0,0,0,,,,,,,,,,,,,,,,,,,,,,,,,,,,,,,,,,,,,,,,,,,,1.3110755382690171,2.860342045975639,2.8599346597413704,2.8377353943358252,11191,6504.8
2026-09-30T06:54:00-04:00,2.8195,2.8195,2.81,2.8105,0,0,0,0,0,0,,,,,,,,,,,,,,,,,,,,,,,,,,,,,,,,,,,,,,,,,,,,1.3110755382690171,2.860310648507495,2.855226596908859,2.83228831546866,1869,6429.75
2026-09-30T06:55:00-04:00,2.8103,2.82,2.81,2.81,0,0,0,0,0,0,,,,,,,,,,,,,,,,,,,,,,,,,,,,,,,,,,,,,,,,,,,,1.3110755382690171,2.860248230374689,2.850919301965158,2.8278306523749284,3723,5887.85
2026-09-30T06:56:00-04:00,2.81,2.83,2.81,2.82,0,0,0,0,0,0,,,,,,,,,,,,,,,,,,,,,,,,,,,,,,,,,,,,,,,,,,,,1.3110755382690171,2.860182965671691,2.8479746065399048,2.8262645218999425,4551,5380.8
2026-09-30T06:57:00-04:00,2.82,2.83,2.82,2.82,0,0,0,0,0,0,,,,,,,,,,,,,,,,,,,,,,,,,,,,,,,,,,,,,,,,,,,,1.3110755382690171,2.860141404284272,2.845310358298009,2.8250116175199538,3169,5332.95
2026-09-30T06:58:00-04:00,2.8202,2.83,2.82,2.83,0,0,0,0,0,0,,,,,,,,,,,,,,,,,,,,,,,,,,,,,,,,,,,,,,,,,,,,1.3110755382690171,2.860107389124556,2.843852228936294,2.826009294015963,2858,5314.2
2026-09-30T06:59:00-04:00,2.83,2.84,2.83,2.84,0,0,0,0,0,0,,,,,,,,,,,,,,,,,,,,,,,,,,,,,,,,,,,,,,,,,,,,1.3110755382690171,2.8600943699993895,2.8434853499899804,2.8288074352127706,1563,5274.4
2026-09-30T07:00:00-04:00,2.84,2.84,2.74,2.77,0,0,0,0,0,0,,,,,,,,,,,,,,,,,,,,,,,,,,,,,,,,,,,,,,,,,,,,1.3110755382690171,2.85906656500773,2.83648674522903,2.8170459481702164,38192,7151.75
2026-09-30T07:01:00-04:00,2.7698,2.7906,2.75,2.7605,0,0,0,0,0,0,,,,,,,,,,,,,,,,,,,,,,,,,,,,,,,,,,,,,,,,,,,,1.3110755382690171,2.8582903987033808,2.8292499123500745,2.805736758536173,24260,8289.4
2026-09-30T07:02:00-04:00,2.77,2.77,2.73,2.7307,0,0,0,0,0,0,,,,,,,,,,,,,,,,,,,,,,,,,,,,,,,,,,,,,,,,,,,,1.3110755382690171,2.856858092811842,2.8198642064119723,2.7907294068289383,36368,9744.5
2026-09-30T07:03:00-04:00,2.74,2.77,2.74,2.7495,0,0,0,0,0,0,,,,,,,,,,,,,,,,,,,,,,,,,,,,,,,,,,,,,,,,,,,,1.3110755382690171,2.8562631507670986,2.813162853420356,2.782483525463151,16810,10497.65
2026-09-30T07:04:00-04:00,2.7499,2.755,2.7395,2.755,0,0,0,0,0,0,,,,,,,,,,,,,,,,,,,,,,,,,,,,,,,,,,,,,,,,,,,,1.3110755382690171,2.8556885282452225,2.807623534046989,2.776986820370521,15904,11184.95
2026-09-30T07:05:00-04:00,2.755,2.755,2.71,2.715,0,0,0,0,0,0,,,,,,,,,,,,,,,,,,,,,,,,,,,,,,,,,,,,,,,,,,,,1.3110755382690171,2.854440541474013,2.798802245090133,2.7645894562964166,28771,12608.5
2026-09-30T07:06:00-04:00,2.7195,2.74,2.71,2.73,0,0,0,0,0,0,,,,,,,,,,,,,,,,,,,,,,,,,,,,,,,,,,,,,,,,,,,,1.3110755382690171,2.8538147313969433,2.792249650319644,2.7576715650371333,14640,13141.55
2026-09-30T07:07:00-04:00,2.7305,2.75,2.71,2.71,0,0,0,0,0,0,,,,,,,,,,,,,,,,,,,,,,,,,,,,,,,,,,,,,,,,,,,,1.3110755382690171,2.8529806187504136,2.7844163502892014,2.7481372520297067,19231,13490.9
2026-09-30T07:08:00-04:00,2.71,2.7299,2.71,2.7295,0,0,0,0,0,0,,,,,,,,,,,,,,,,,,,,,,,,,,,,,,,,,,,,,,,,,,,,1.3110755382690171,2.8525218734494033,2.77918622169023,2.7444098016237652,10666,13766.6
2026-09-30T07:09:00-04:00,2.73,2.75,2.73,2.74,0,0,0,0,0,0,,,,,,,,,,,,,,,,,,,,,,,,,,,,,,,,,,,,,,,,,,,,1.3110755382690171,2.8522163726287224,2.7754542005768745,2.743527841299012,8219,13592.15
2026-09-30T07:10:00-04:00,2.7401,2.77,2.74,2.77,0,0,0,0,0,0,,,,,,,,,,,,,,,,,,,,,,,,,,,,,,,,,,,,,,,,,,,,1.3110755382690171,2.851573498336379,2.7749347529028863,2.7488222730392096,21252,14511.3
2026-09-30T07:11:00-04:00,2.77,2.77,2.76,2.77,0,0,0,0,0,0,,,,,,,,,,,,,,,,,,,,,,,,,,,,,,,,,,,,,,,,,,,,1.3110755382690171,2.8512449202020367,2.774464776435945,2.7530578184313677,11843,14834.05
2026-09-30T07:12:00-04:00,2.7695,2.78,2.76,2.77,0,0,0,0,0,0,,,,,,,,,,,,,,,,,,,,,,,,,,,,,,,,,,,,,,,,,,,,1.3110755382690171,2.8510201783150273,2.774039559632522,2.7564462547450943,8489,14178.45
2026-09-30T07:13:00-04:00,2.7695,2.77,2.76,2.77,0,0,0,0,0,0,,,,,,,,,,,,,,,,,,,,,,,,,,,,,,,,,,,,,,,,,,,,1.3110755382690171,2.850932831279611,2.7736548396675196,2.7591570037960755,3181,13777.95
2026-09-30T07:14:00-04:00,2.76,2.76,2.73,2.7303,0,0,0,0,0,0,,,,,,,,,,,,,,,,,,,,,,,,,,,,,,,,,,,,,,,,,,,,1.3110755382690171,2.8503342186459917,2.769525807318232,2.7533856030368606,16682,14518.6
2026-09-30T07:15:00-04:00,2.7305,2.76,2.7305,2.7595,0,0,0,0,0,0,,,,,,,,,,,,,,,,,,,,,,,,,,,,,,,,,,,,,,,,,,,,1.3110755382690171,2.850157489058258,2.7685709685260194,2.7546084824294885,5450,14604.95
2026-09-30T07:16:00-04:00,2.75,2.7801,2.75,2.78,0,0,0,0,0,0,,,,,,,,,,,,,,,,,,,,,,,,,,,,,,,,,,,,,,,,,,,,1.3110755382690171,2.84990145070408,2.7696594477140173,2.759686785943591,9919,14873.35
2026-09-30T07:17:00-04:00,2.775,2.78,2.75,2.75,0,0,0,0,0,0,,,,,,,,,,,,,,,,,,,,,,,,,,,,,,,,,,,,,,,,,,,,1.3110755382690171,2.849327047062313,2.7677871193603014,2.757749428754873,19960,15712.9
2026-09-30T07:18:00-04:00,2.75,2.75,2.73,2.735,0,0,0,0,0,0,,,,,,,,,,,,,,,,,,,,,,,,,,,,,,,,,,,,,,,,,,,,1.3110755382690171,2.8488273470228425,2.7646645365640823,2.7531995430038982,14128,16276.4
2026-09-30T07:19:00-04:00,2.74,2.76,2.7205,2.7495,0,0,0,0,0,0,,,,,,,,,,,,,,,,,,,,,,,,,,,,,,,,,,,,,,,,,,,,1.3110755382690171,2.8484155064192507,2.7632202949865508,2.7524596344031185,12299,16813.2
2026-09-30T07:20:00-04:00,2.74,2.76,2.73,2.758,0,0,0,0,0,0,,,,,,,,,,,,,,,,,,,,,,,,,,,,,,,,,,,,,,,,,,,,1.3110755382690171,2.848290867959174,2.7627231240354506,2.7535677075224947,3968,15102.0
2026-09-30T07:21:00-04:00,2.76,2.7695,2.7501,2.7695,0,0,0,0,0,0,,,,,,,,,,,,,,,,,,,,,,,,,,,,,,,,,,,,,,,,,,,,1.3110755382690171,2.848144302987724,2.763368540793979,2.7567541660179957,5432,14160.6
2026-09-30T07:22:00-04:00,2.76,2.76,2.73,2.7395,0,0,0,0,0,0,,,,,,,,,,,,,,,,,,,,,,,,,,,,,,,,,,,,,,,,,,,,1.3110755382690171,2.847402307472584,2.761095346432648,2.7533033328143968,22493,13466.85
2026-09-30T07:23:00-04:00,2.7595,2.76,2.75,2.76,0,0,0,0,0,0,,,,,,,,,,,,,,,,,,,,,,,,,,,,,,,,,,,,,,,,,,,,1.3110755382690171,2.8469716275265915,2.760991027724777,2.7546426662515175,15177,13385.2
2026-09-30T07:24:00-04:00,2.76,2.78,2.76,2.78,0,0,0,0,0,0,,,,,,,,,,,,,,,,,,,,,,,,,,,,,,,,,,,,,,,,,,,,1.3110755382690171,2.8466540144132937,2.762801406036703,2.759714133001214,13851,13282.55
2026-09-30T07:25:00-04:00,2.7795,2.79,2.7795,2.79,0,0,0,0,0,0,,,,,,,,,,,,,,,,,,,,,,,,,,,,,,,,,,,,,,,,,,,,1.3110755382690171,2.8465654875478617,2.7653917483189216,2.7657713064009712,4733,12080.65
2026-09-30T07:26:00-04:00,2.7905,2.7999,2.77,2.77,0,0,0,0,0,0,,,,,,,,,,,,,,,,,,,,,,,,,,,,,,,,,,,,,,,,,,,,1.3110755382690171,2.8464058801000895,2.7658306294314055,2.766617045120777,7726,11734.95
2026-09-30T07:27:00-04:00,2.76,2.79,2.76,2.78,0,0,0,0,0,0,,,,,,,,,,,,,,,,,,,,,,,,,,,,,,,,,,,,,,,,,,,,1.3110755382690171,2.8462435599145577,2.767180093295081,2.7692936360966214,7521,11149.45
2026-09-30T07:28:00-04:00,2.7795,2.78,2.74,2.75,0,0,0,0,0,0,,,,,,,,,,,,,,,,,,,,,,,,,,,,,,,,,,,,,,,,,,,,1.3110755382690171,2.845272990652795,2.765543893933645,2.765434908877297,35395,12385.9
2026-09-30T07:29:00-04:00,2.7405,2.77,2.7405,2.76,0,0,0,0,0,0,,,,,,,,,,,,,,,,,,,,,,,,,,,,,,,,,,,,,,,,,,,,1.3110755382690171,2.845076283878814,2.7650159040352027,2.7643479271018374,7282,12339.05
2026-09-30T07:30:00-04:00,2.77,2.79,2.76,2.77,0,0,0,0,0,0,,,,,,,,,,,,,,,,,,,,,,,,,,,,,,,,,,,,,,,,,,,,1.3110755382690171,2.8448989435762537,2.765490579841374,2.76547834168147,8113,11682.1
2026-09-30T07:31:00-04:00,2.76,2.77,2.76,2.77,0,0,0,0,0,0,,,,,,,,,,,,,,,,,,,,,,,,,,,,,,,,,,,,,,,,,,,,1.3110755382690171,2.8447531015113148,2.7659200484279096,2.766382673345176,6130,11396.45
2026-09-30T07:32:00-04:00,2.7695,2.77,2.75,2.75,0,0,0,0,0,0,,,,,,,,,,,,,,,,,,,,,,,,,,,,,,,,,,,,,,,,,,,,1.3110755382690171,2.84428896122276,2.7644038533395374,2.763106138676141,17418,11842.9
2026-09-30T07:33:00-04:00,2.7505,2.76,2.75,2.76,0,0,0,0,0,0,,,,,,,,,,,,,,,,,,,,,,,,,,,,,,,,,,,,,,,,,,,,1.3110755382690171,2.8441876107283894,2.763984438735772,2.7624849109409126,3828,11875.25
2026-09-30T07:34:00-04:00,2.7505,2.76,2.74,2.7401,0,0,0,0,0,0,,,,,,,,,,,,,,,,,,,,,,,,,,,,,,,,,,,,,,,,,,,,1.3110755382690171,2.8439419998898883,2.761709730284746,2.75800792875273,8359,11459.1
2026-09-30T07:35:00-04:00,2.74,2.8,2.74,2.8,0,0,0,0,0,0,,,,,,,,,,,,,,,,,,,,,,,,,,,,,,,,,,,,,,,,,,,,1.3110755382690171,2.843689782021434,2.76535642263858,2.766406343002184,13139,11843.55
2026-09-30T07:36:00-04:00,2.8005,2.85,2.8005,2.8405,0,0,0,0,0,0,,,,,,,,,,,,,,,,,,,,,,,,,,,,,,,,,,,,,,,,,,,,1.3110755382690171,2.8435347097362413,2.772512953815858,2.781225074401747,39128,13304.0
2026-09-30T07:37:00-04:00,2.84,2.86,2.84,2.842,0,0,0,0,0,0,,,,,,,,,,,,,,,,,,,,,,,,,,,,,,,,,,,,,,,,,,,,1.3110755382690171,2.8435515387190766,2.779130767738158,2.7933800595213976,14997,13055.85
2026-09-30T07:38:00-04:00,2.8494,2.87,2.8494,2.8605,0,0,0,0,0,0,,,,,,,,,,,,,,,,,,,,,,,,,,,,,,,,,,,,,,,,,,,,1.3110755382690171,2.84363008688223,2.7868802184297614,2.806804047617118,16276,13163.25
2026-09-30T07:39:00-04:00,2.8695,2.8695,2.8105,2.82,0,0,0,0,0,0,,,,,,,,,,,,,,,,,,,,,,,,,,,,,,,,,,,,,,,,,,,,1.3110755382690171,2.8435135765805097,2.7900344833412127,2.8094432380936945,38928,14494.7
2026-09-30T07:40:00-04:00,2.82,2.84,2.8195,2.8305,0,0,0,0,0,0,,,,,,,,,,,,,,,,,,,,,,,,,,,,,,,,,,,,,,,,,,,,1.3110755382690171,2.8434835548933957,2.793888342070621,2.8136545904749557,7660,14679.3
2026-09-30T07:41:00-04:00,2.835,2.86,2.835,2.858,0,0,0,0,0,0,,,,,,,,,,,,,,,,,,,,,,,,,,,,,,,,,,,,,,,,,,,,1.3110755382690171,2.8435246048352023,2.799994214254371,2.8225236723799645,18934,15354.4
2026-09-30T07:42:00-04:00,2.8599,2.8795,2.84,2.8795,0,0,0,0,0,0,,,,,,,,,,,,,,,,,,,,,,,,,,,,,,,,,,,,,,,,,,,,1.3110755382690171,2.8437087711784033,2.807566193849193,2.8339189379039715,28221,15640.8
2026-09-30T07:43:00-04:00,2.87,2.9,2.86,2.8999,0,0,0,0,0,0,,,,,,,,,,,,,,,,,,,,,,,,,,,,,,,,,,,,,,,,,,,,1.3110755382690171,2.844108333255386,2.8163598896730795,2.847115150323177,32840,16523.95
2026-09-30T07:44:00-04:00,2.9,2.92,2.8895,2.92,0,0,0,0,0,0,,,,,,,,,,,,,,,,,,,,,,,,,,,,,,,,,,,,,,,,,,,,1.3110755382690171,2.8446647097266733,2.826230376370882,2.8616921202585415,30120,17337.4
2026-09-30T07:45:00-04:00,2.91,2.91,2.8805,2.8905,0,0,0,0,0,0,,,,,,,,,,,,,,,,,,,,,,,,,,,,,,,,,,,,,,,,,,,,1.3110755382690171,2.845143911092385,2.832351292906988,2.8674536962068333,35139,18857.7
2026-09-30T07:46:00-04:00,2.8905,2.91,2.8905,2.9,0,0,0,0,0,0,,,,,,,,,,,,,,,,,,,,,,,,,,,,,,,,,,,,,,,,,,,,1.3110755382690171,2.8453962687795173,2.8387940269158465,2.8739629569654666,16556,19299.2
2026-09-30T07:47:00-04:00,2.9,2.91,2.89,2.8905,0,0,0,0,0,0,,,,,,,,,,,,,,,,,,,,,,,,,,,,,,,,,,,,,,,,,,,,1.3110755382690171,2.8455126500127608,2.8437184053048137,2.877270365572373,8186,19332.45
2026-09-30T07:48:00-04:00,2.89,2.9,2.89,2.8905,0,0,0,0,0,0,,,,,,,,,,,,,,,,,,,,,,,,,,,,,,,,,,,,,,,,,,,,1.3110755382690171,2.8455918090896084,2.848173795275784,2.8799162924578985,5978,17861.6
2026-09-30T07:49:00-04:00,2.9,2.91,2.89,2.9005,0,0,0,0,0,0,,,,,,,,,,,,,,,,,,,,,,,,,,,,,,,,,,,,,,,,,,,,1.3110755382690171,2.845728237595983,2.8531572433447567,2.8840330339663187,9082,17951.6
2026-09-30T07:50:00-04:00,2.9095,2.91,2.9,2.9,0,0,0,0,0,0,,,,,,,,,,,,,,,,,,,,,,,,,,,,,,,,,,,,,,,,,,,,1.3110755382690171,2.8459973185153937,2.857618458264304,2.8872264271730548,17050,18398.45
2026-09-30T07:51:00-04:00,2.9005,2.902,2.89,2.9,0,0,0,0,0,0,,,,,,,,,,,,,,,,,,,,,,,,,,,,,,,,,,,,,,,,,,,,1.3110755382690171,2.8461175396940805,2.8616547955724654,2.889781141738444,8568,18520.35
2026-09-30T07:52:00-04:00,2.9,2.9,2.89,2.8994,0,0,0,0,0,0,,,,,,,,,,,,,,,,,,,,,,,,,,,,,,,,,,,,,,,,,,,,1.3110755382690171,2.8462101502523156,2.8652495769465163,2.891704913390755,6742,17986.55
2026-09-30T07:53:00-04:00,2.89,2.8906,2.86,2.86,0,0,0,0,0,0,,,,,,,,,,,,,,,,,,,,,,,,,,,,,,,,,,,,,,,,,,,,1.3110755382690171,2.8463137851926854,2.864749617237324,2.885363930712604,15903,18590.3
2026-09-30T07:54:00-04:00,2.86,2.87,2.84,2.86,0,0,0,0,0,0,,,,,,,,,,,,,,,,,,,,,,,,,,,,,,,,,,,,,,,,,,,,1.3110755382690171,2.8463875205383395,2.8642972727385314,2.880291144570083,26407,19492.7
2026-09-30T07:55:00-04:00,2.85,2.86,2.85,2.85,0,0,0,0,0,0,,,,,,,,,,,,,,,,,,,,,,,,,,,,,,,,,,,,,,,,,,,,1.3110755382690171,2.8463938261185664,2.8629356277158142,2.874232915656066,3369,19004.2
2026-09-30T07:56:00-04:00,2.86,2.86,2.84,2.8405,0,0,0,0,0,0,,,,,,,,,,,,,,,,,,,,,,,,,,,,,,,,,,,,,,,,,,,,1.3110755382690171,2.846395061665034,2.8607989012666892,2.8674863325248534,10462,17570.9
2026-09-30T07:57:00-04:00,2.8402,2.86,2.8402,2.8595,0,0,0,0,0,0,,,,,,,,,,,,,,,,,,,,,,,,,,,,,,,,,,,,,,,,,,,,1.3110755382690171,2.8464050814884145,2.8606751963841472,2.8658890660198826,5461,17094.1
2026-09-30T07:58:00-04:00,2.85,2.8505,2.82,2.83,0,0,0,0,0,0,,,,,,,,,,,,,,,,,,,,,,,,,,,,,,,,,,,,,,,,,,,,1.3110755382690171,2.846349937313863,2.8577537491094667,2.858711252815906,15994,17080.0
2026-09-30T07:59:00-04:00,2.835,2.85,2.83,2.8405,0,0,0,0,0,0,,,,,,,,,,,,,,,,,,,,,,,,,,,,,,,,,,,,,,,,,,,,1.3110755382690171,2.846339595187349,2.856110534908565,2.855069002252725,6271,15447.15
2026-09-30T08:00:00-04:00,2.84,2.84,2.83,2.8395,0,0,0,0,0,0,,,,,,,,,,,,,,,,,,,,,,,,,,,,,,,,,,,,,,,,,,,,1.3110755382690171,2.8462963962763017,2.8545285792029875,2.85195520180218,16533,15890.8
2026-09-30T08:01:00-04:00,2.835,2.84,2.8301,2.8305,0,0,0,0,0,0,,,,,,,,,,,,,,,,,,,,,,,,,,,,,,,,,,,,,,,,,,,,1.3110755382690171,2.8462862299644027,2.8522401430884172,2.847664161441744,3002,15094.2
2026-09-30T08:02:00-04:00,2.8305,2.85,2.8305,2.85,0,0,0,0,0,0,,,,,,,,,,,,,,,,,,,,,,,,,,,,,,,,,,,,,,,,,,,,1.3110755382690171,2.8462813606541317,2.852026796127616,2.848131329153395,6598,14013.05
2026-09-30T08:03:00-04:00,2.8405,2.85,2.84,2.84,0,0,0,0,0,0,,,,,,,,,,,,,,,,,,,,,,,,,,,,,,,,,,,,,,,,,,,,1.3110755382690171,2.8462746147138516,2.850881386972605,2.846505063322716,8659,12804.0
2026-09-30T08:04:00-04:00,2.84,2.84,2.82,2.82,0,0,0,0,0,0,,,,,,,,,,,,,,,,,,,,,,,,,,,,,,,,,,,,,,,,,,,,1.3110755382690171,2.846222923606809,2.8479403024990235,2.8412040506581726,10002,11798.1
2026-09-30T08:05:00-04:00,2.82,2.83,2.81,2.8199,0,0,0,0,0,0,,,,,,,,,,,,,,,,,,,,,,,,,,,,,,,,,,,,,,,,,,,,1.3110755382690171,2.8461570275014245,2.845269797499117,2.836943240526538,9546,10518.45
2026-09-30T08:06:00-04:00,2.82,2.83,2.81,2.81,0,0,0,0,0,0,,,,,,,,,,,,,,,,,,,,,,,,,,,,,,,,,,,,,,,,,,,,1.3110755382690171,2.8460397389920273,2.8419107691658674,2.8315545924212304,15188,10450.05
2026-09-30T08:07:00-04:00,2.81,2.81,2.78,2.7904,0,0,0,0,0,0,,,,,,,,,,,,,,,,,,,,,,,,,,,,,,,,,,,,,,,,,,,,1.3110755382690171,2.845776967325766,2.837004981626261,2.823323673936984,19183,10999.9
2026-09-30T08:08:00-04:00,2.7905,2.8099,2.7901,2.8089,0,0,0,0,0,0,,,,,,,,,,,,,,,,,,,,,,,,,,,,,,,,,,,,,,,,,,,,1.3110755382690171,2.8457387641020784,2.8343283167094744,2.820438939149587,3428,10872.4
2026-09-30T08:09:00-04:00,2.8003,2.82,2.79,2.805,0,0,0,0,0,0,,,,,,,,,,,,,,,,,,,,,,,,,,,,,,,,,,,,,,,,,,,,1.3110755382690171,2.8455737502114116,2.8315351436895244,2.8173511513196696,15623,11199.45
2026-09-30T08:10:00-04:00,2.81,2.82,2.81,2.82,0,0,0,0,0,0,,,,,,,,,,,,,,,,,,,,,,,,,,,,,,,,,,,,,,,,,,,,1.3110755382690171,2.8455522714697783,2.8304365585762365,2.817880921055736,2868,10490.35
2026-09-30T08:11:00-04:00,2.81,2.8109,2.81,2.81,0,0,0,0,0,0,,,,,,,,,,,,,,,,,,,,,,,,,,,,,,,,,,,,,,,,,,,,1.3110755382690171,2.845507895452714,2.828490219664214,2.8163047368445886,4865,10305.2
2026-09-30T08:12:00-04:00,2.81,2.84,2.81,2.84,0,0,0,0,0,0,,,,,,,,,,,,,,,,,,,,,,,,,,,,,,,,,,,,,,,,,,,,1.3110755382690171,2.845472688323998,2.829586389220003,2.821043789475671,8794,10407.8
2026-09-30T08:13:00-04:00,2.8399,2.8399,2.83,2.8301,0,0,0,0,0,0,,,,,,,,,,,,,,,,,,,,,,,,,,,,,,,,,,,,,,,,,,,,1.3110755382690171,2.845458880358911,2.829635304532383,2.822855031580537,4411,9833.2
2026-09-30T08:14:00-04:00,2.84,2.84,2.8204,2.8205,0,0,0,0,0,0,,,,,,,,,,,,,,,,,,,,,,,,,,,,,,,,,,,,,,,,,,,,1.3110755382690171,2.845422881298716,2.828765275529299,2.8223840252644297,7564,8891.05
2026-09-30T08:15:00-04:00,2.8205,2.8205,2.8,2.8,0,0,0,0,0,0,,,,,,,,,,,,,,,,,,,,,,,,,,,,,,,,,,,,,,,,,,,,1.3110755382690171,2.845328375514969,2.82602572547889,2.8179072202115436,9539,9199.55
2026-09-30T08:16:00-04:00,2.8095,2.81,2.7702,2.78,0,0,0,0,0,0,,,,,,,,,,,,,,,,,,,,,,,,,,,,,,,,,,,,,,,,,,,,1.3110755382690171,2.845060777218096,2.821642323052329,2.810325776169235,17870,9569.95
2026-09-30T08:17:00-04:00,2.78,2.7805,2.7701,2.7805,0,0,0,0,0,0,,,,,,,,,,,,,,,,,,,,,,,,,,,,,,,,,,,,,,,,,,,,1.3110755382690171,2.8448762474322944,2.817724006571155,2.804360620935388,10643,9829.05
2026-09-30T08:18:00-04:00,2.7805,2.7896,2.7802,2.7805,0,0,0,0,0,0,,,,,,,,,,,,,,,,,,,,,,,,,,,,,,,,,,,,,,,,,,,,1.3110755382690171,2.844762188981066,2.8141788630881877,2.7995884967483105,7297,9394.2
2026-09-30T08:19:00-04:00,2.7802,2.81,2.78,2.7895,0,0,0,0,0,0,,,,,,,,,,,,,,,,,,,,,,,,,,,,,,,,,,,,,,,,,,,,1.3110755382690171,2.844652455527892,2.811828495175027,2.7975707973986483,8378,9499.55
2026-09-30T08:20:00-04:00,2.7895,2.7995,2.78,2.7805,0,0,0,0,0,0,,,,,,,,,,,,,,,,,,,,,,,,,,,,,,,,,,,,,,,,,,,,1.3110755382690171,2.8445285281880404,2.8088448289678816,2.7941566379189187,8437,9094.75
2026-09-30T08:21:00-04:00,2.785,2.79,2.78,2.79,0,0,0,0,0,0,,,,,,,,,,,,,,,,,,,,,,,,,,,,,,,,,,,,,,,,,,,,1.3110755382690171,2.844465980474991,2.8070500833518928,2.7933253103351348,4272,9158.25
2026-09-30T08:22:00-04:00,2.7805,2.7895,2.78,2.7895,0,0,0,0,0,0,,,,,,,,,,,,,,,,,,,,,,,,,,,,,,,,,,,,,,,,,,,,1.3110755382690171,2.8443546787024157,2.805378646842189,2.792560248268108,7581,9207.4
2026-09-30T08:23:00-04:00,2.7895,2.795,2.7895,2.79,0,0,0,0,0,0,,,,,,,,,,,,,,,,,,,,,,,,,,,,,,,,,,,,,,,,,,,,1.3110755382690171,2.8443043353628656,2.8039140138095995,2.792048198614486,3775,8963.2
2026-09-30T08:24:00-04:00,2.79,2.795,2.77,2.7705,0,0,0,0,0,0,,,,,,,,,,,,,,,,,,,,,,,,,,,,,,,,,,,,,,,,,,,,1.3110755382690171,2.8441154512944564,2.8007317267801137,2.787738558891589,11409,9033.55
2026-09-30T08:25:00-04:00,2.7703,2.7895,2.7703,2.7895,0,0,0,0,0,0,,,,,,,,,,,,,,,,,,,,,,,,,,,,,,,,,,,,,,,,,,,,1.3110755382690171,2.844025214357905,2.799662038515341,2.788090847113271,5887,8850.6
2026-09-30T08:26:00-04:00,2.78,2.7803,2.77,2.77,0,0,0,0,0,0,,,,,,,,,,,,,,,,,,,,,,,,,,,,,,,,,,,,,,,,,,,,1.3110755382690171,2.843903291656386,2.7968370824662605,2.784472677690617,6887,8435.55
2026-09-30T08:27:00-04:00,2.78,2.79,2.7701,2.79,0,0,0,0,0,0,,,,,,,,,,,,,,,,,,,,,,,,,,,,,,,,,,,,,,,,,,,,1.3110755382690171,2.8438498388883056,2.796185931755188,2.7855781421524934,3524,7652.6
2026-09-30T08:28:00-04:00,2.79,2.79,2.7703,2.7795,0,0,0,0,0,0,,,,,,,,,,,,,,,,,,,,,,,,,,,,,,,,,,,,,,,,,,,,1.3110755382690171,2.843712309667622,2.7945967953975512,2.784362513721995,8606,7911.5
2026-09-30T08:29:00-04:00,2.7702,2.7711,2.77,2.771,0,0,0,0,0,0,,,,,,,,,,,,,,,,,,,,,,,,,,,,,,,,,,,,,,,,,,,,1.3110755382690171,2.843662015895698,2.7923494815501653,2.781690010977596,2757,7268.2
2026-09-30T08:30:00-04:00,2.7703,2.79,2.7703,2.79,0,0,0,0,0,0,,,,,,,,,,,,,,,,,,,,,,,,,,,,,,,,,,,,,,,,,,,,1.3110755382690171,2.8436105499034827,2.7921257214025306,2.7833520087820767,3423,7295.95
2026-09-30T08:31:00-04:00,2.7801,2.8,2.7801,2.79,0,0,0,0,0,0,,,,,,,,,,,,,,,,,,,,,,,,,,,,,,,,,,,,,,,,,,,,1.3110755382690171,2.843466702335398,2.7919232717451465,2.7846816070256613,10784,7591.9
2026-09-30T08:32:00-04:00,2.7895,2.83,2.7806,2.8095,0,0,0,0,0,0,,,,,,,,,,,,,,,,,,,,,,,,,,,,,,,,,,,,,,,,,,,,1.3110755382690171,2.843360934281786,2.7935972458646563,2.789645285620529,11588,7731.6
2026-09-30T08:33:00-04:00,2.81,2.81,2.79,2.7995,0,0,0,0,0,0,,,,,,,,,,,,,,,,,,,,,,,,,,,,,,,,,,,,,,,,,,,,1.3110755382690171,2.8433090959350755,2.7941594129251652,2.791616228496423,4803,7751.2
2026-09-30T08:34:00-04:00,2.795,2.8,2.77,2.7902,0,0,0,0,0,0,,,,,,,,,,,,,,,,,,,,,,,,,,,,,,,,,,,,,,,,,,,,1.3110755382690171,2.843092058621374,2.7937823259799113,2.791332982797139,15531,8149.55
2026-09-30T08:35:00-04:00,2.7906,2.7996,2.7895,2.7895,0,0,0,0,0,0,,,,,,,,,,,,,,,,,,,,,,,,,,,,,,,,,,,,,,,,,,,,1.3110755382690171,2.8429800604386224,2.793374485410396,2.790966386237711,9048,8125.0
2026-09-30T08:36:00-04:00,2.7805,2.7995,2.78,2.7995,0,0,0,0,0,0,,,,,,,,,,,,,,,,,,,,,,,,,,,,,,,,,,,,,,,,,,,,1.3110755382690171,2.8429019157475612,2.793957867752263,2.792673108990169,6354,7549.2
2026-09-30T08:37:00-04:00,2.7995,2.8197,2.7905,2.8195,0,0,0,0,0,0,,,,,,,,,,,,,,,,,,,,,,,,,,,,,,,,,,,,,,,,,,,,1.3110755382690171,2.8428455568995235,2.7963904517758573,2.798038487192135,6952,7364.65
2026-09-30T08:38:00-04:00,2.82,2.88,2.82,2.8695,0,0,0,0,0,0,,,,,,,,,,,,,,,,,,,,,,,,,,,,,,,,,,,,,,,,,,,,1.3110755382690171,2.8429300493732463,2.8033532658924423,2.812330789753708,25347,8267.15
2026-09-30T08:39:00-04:00,2.8605,2.87,2.86,2.8605,0,0,0,0,0,0,,,,,,,,,,,,,,,,,,,,,,,,,,,,,,,,,,,,,,,,,,,,1.3110755382690171,2.8429648710501674,2.808795811997924,2.8219646318029663,6946,8195.55
2026-09-30T08:40:00-04:00,2.87,2.87,2.82,2.83,0,0,0,0,0,0,,,,,,,,,,,,,,,,,,,,,,,,,,,,,,,,,,,,,,,,,,,,1.3110755382690171,2.8429541779595375,2.810815258474312,2.8235717054423732,14852,8516.3
2026-09-30T08:41:00-04:00,2.83,2.84,2.82,2.8395,0,0,0,0,0,0,,,,,,,,,,,,,,,,,,,,,,,,,,,,,,,,,,,,,,,,,,,,1.3110755382690171,2.8429313289952685,2.8135471386196156,2.826757364353899,9636,8784.5
2026-09-30T08:42:00-04:00,2.8305,2.84,2.83,2.8395,0,0,0,0,0,0,,,,,,,,,,,,,,,,,,,,,,,,,,,,,,,,,,,,,,,,,,,,1.3110755382690171,2.842919026364358,2.8160188397034616,2.829305891483119,7911,8801.0
2026-09-30T08:43:00-04:00,2.838,2.8397,2.83,2.83,0,0,0,0,0,0,,,,,,,,,,,,,,,,,,,,,,,,,,,,,,,,,,,,,,,,,,,,1.3110755382690171,2.842909690582965,2.8173503787793224,2.8294447131864953,3990,8811.75
2026-09-30T08:44:00-04:00,2.83,2.8388,2.8294,2.8305,0,0,0,0,0,0,,,,,,,,,,,,,,,,,,,,,,,,,,,,,,,,,,,,,,,,,,,,1.3110755382690171,2.842885481588837,2.818602723657482,2.8296557705491963,10036,8743.1
2026-09-30T08:45:00-04:00,2.8395,2.84,2.83,2.8305,0,0,0,0,0,0,,,,,,,,,,,,,,,,,,,,,,,,,,,,,,,,,,,,,,,,,,,,1.3110755382690171,2.8428674581470066,2.819735797594865,2.829824616439357,7984,8847.95
2026-09-30T08:46:00-04:00,2.8308,2.8399,2.82,2.83,0,0,0,0,0,0,,,,,,,,,,,,,,,,,,,,,,,,,,,,,,,,,,,,,,,,,,,,1.3110755382690171,2.8428321656356776,2.8207133406810683,2.8298596931514854,11405,9073.85
2026-09-30T08:47:00-04:00,2.8395,2.8395,2.83,2.83,0,0,0,0,0,0,,,,,,,,,,,,,,,,,,,,,,,,,,,,,,,,,,,,,,,,,,,,1.3110755382690171,2.842821602803124,2.8215977844257285,2.8298877545211885,4561,9125.7
2026-09-30T08:48:00-04:00,2.83,2.8395,2.8294,2.83,0,0,0,0,0,0,,,,,,,,,,,,,,,,,,,,,,,,,,,,,,,,,,,,,,,,,,,,1.3110755382690171,2.8427990122690634,2.822397995432802,2.829910203616951,9589,9174.85
2026-09-30T08:49:00-04:00,2.83,2.832,2.83,2.8302,0,0,0,0,0,0,,,,,,,,,,,,,,,,,,,,,,,,,,,,,,,,,,,,,,,,,,,,1.3110755382690171,2.842778524815695,2.823141043486821,2.8299681628935605,7115,9392.75
2026-09-30T08:50:00-04:00,2.84,2.84,2.8305,2.8395,0,0,0,0,0,0,,,,,,,,,,,,,,,,,,,,,,,,,,,,,,,,,,,,,,,,,,,,1.3110755382690171,2.842774525051622,2.824699039345219,2.8318745303148485,2744,9358.8
2026-09-30T08:51:00-04:00,2.8398,2.84,2.8305,2.8305,0,0,0,0,0,0,,,,,,,,,,,,,,,,,,,,,,,,,,,,,,,,,,,,,,,,,,,,1.3110755382690171,2.8427359334578375,2.8252515117885313,2.831599624251879,17842,9711.7
2026-09-30T08:52:00-04:00,2.8384,2.84,2.82,2.82,0,0,0,0,0,0,,,,,,,,,,,,,,,,,,,,,,,,,,,,,,,,,,,,,,,,,,,,1.3110755382690171,2.842681179106765,2.824751367808671,2.829279699401503,14397,9852.15
2026-09-30T08:53:00-04:00,2.82,2.82,2.7907,2.8001,0,0,0,0,0,0,,,,,,,,,,,,,,,,,,,,,,,,,,,,,,,,,,,,,,,,,,,,1.3110755382690171,2.8424512195026304,2.8224036184935595,2.8234437595212025,25009,10862.45
2026-09-30T08:54:00-04:00,2.81,2.83,2.8,2.811,0,0,0,0,0,0,,,,,,,,,,,,,,,,,,,,,,,,,,,,,,,,,,,,,,,,,,,,1.3110755382690171,2.842289325038739,2.821317559589411,2.820955007616962,24040,11287.9
2026-09-30T08:55:00-04:00,2.8106,2.82,2.81,2.82,0,0,0,0,0,0,,,,,,,,,,,,,,,,,,,,,,,,,,,,,,,,,,,,,,,,,,,,1.3110755382690171,2.8422419234510423,2.8211920777237527,2.8207640060935693,7922,11231.6
2026-09-30T08:56:00-04:00,2.8195,2.82,2.8,2.82,0,0,0,0,0,0,,,,,,,,,,,,,,,,,,,,,,,,,,,,,,,,,,,,,,,,,,,,1.3110755382690171,2.8421896447899546,2.8210785465119668,2.8206112048748553,7758,11301.8
2026-09-30T08:57:00-04:00,2.82,2.8399,2.81,2.8399,0,0,0,0,0,0,,,,,,,,,,,,,,,,,,,,,,,,,,,,,,,,,,,,,,,,,,,,1.3110755382690171,2.842148179317846,2.8228710658917793,2.8244689638998843,14563,11682.35
2026-09-30T08:58:00-04:00,2.8395,2.84,2.83,2.8305,0,0,0,0,0,0,,,,,,,,,,,,,,,,,,,,,,,,,,,,,,,,,,,,,,,,,,,,1.3110755382690171,2.842128490903001,2.8235976310449433,2.8256751711199075,9822,10906.1
2026-09-30T08:59:00-04:00,2.8395,2.92,2.83,2.9004,0,0,0,0,0,0,,,,,,,,,,,,,,,,,,,,,,,,,,,,,,,,,,,,,,,,,,,,1.3110755382690171,2.842766854769339,2.830912142373996,2.840620136895926,67669,13942.25
2026-09-30T09:00:00-04:00,2.91,2.96,2.89,2.9405,0,0,0,0,0,0,,,,,,,,,,,,,,,,,,,,,,,,,,,,,,,,,,,,,,,,,,,,1.3110755382690171,2.844099790241016,2.84134908119552,2.8605961095167407,67865,16592.9
2026-09-30T09:01:00-04:00,2.95,2.98,2.86,2.91,0,0,0,0,0,0,,,,,,,,,,,,,,,,,,,,,,,,,,,,,,,,,,,,,,,,,,,,1.3110755382690171,2.8457394992951497,2.847887263938804,2.8704768876133926,102873,21254.75
2026-09-30T09:02:00-04:00,2.9096,2.91,2.85,2.855,0,0,0,0,0,0,,,,,,,,,,,,,,,,,,,,,,,,,,,,,,,,,,,,,,,,,,,,1.3110755382690171,2.8460392551169917,2.848564667373204,2.867381510090714,53252,23521.8
2026-09-30T09:03:00-04:00,2.8602,2.88,2.86,2.8795,0,0,0,0,0,0,,,,,,,,,,,,,,,,,,,,,,,,,,,,,,,,,,,,,,,,,,,,1.3110755382690171,2.8461259838464046,2.8515108895281367,2.869805208072571,14773,24060.95
2026-09-30T09:04:00-04:00,2.87,2.8795,2.84,2.8605,0,0,0,0,0,0,,,,,,,,,,,,,,,,,,,,,,,,,,,,,,,,,,,,,,,,,,,,1.3110755382690171,2.846186198436556,2.852366995287362,2.8679441664580567,20142,24566.25
2026-09-30T09:05:00-04:00,2.8605,2.87,2.84,2.8497,0,0,0,0,0,0,,,,,,,,,,,,,,,,,,,,,,,,,,,,,,,,,,,,,,,,,,,,1.3110755382690171,2.846254133057396,2.8521129957361846,2.864295333166446,45174,26425.75
2026-09-30T09:06:00-04:00,2.84,2.86,2.84,2.8405,0,0,0,0,0,0,,,,,,,,,,,,,,,,,,,,,,,,,,,,,,,,,,,,,,,,,,,,1.3110755382690171,2.846256730553998,2.8510069961422624,2.8595362665331563,21110,26911.0
2026-09-30T09:07:00-04:00,2.8405,2.87,2.84,2.87,0,0,0,0,0,0,,,,,,,,,,,,,,,,,,,,,,,,,,,,,,,,,,,,,,,,,,,,1.3110755382690171,2.8462812903216688,2.852815853652523,2.861629013226525,8427,27104.3
2026-09-30T09:08:00-04:00,2.8698,2.87,2.83,2.835,0,0,0,0,0,0,,,,,,,,,,,,,,,,,,,,,,,,,,,,,,,,,,,,,,,,,,,,1.3110755382690171,2.846276452350657,2.851119105685616,2.85630321058122,17873,27518.5
2026-09-30T09:09:00-04:00,2.835,2.85,2.83,2.84,0,0,0,0,0,0,,,,,,,,,,,,,,,,,,,,,,,,,,,,,,,,,,,,,,,,,,,,1.3110755382690171,2.846246444038101,2.850060143239366,2.853042568464976,22740,28299.75
2026-09-30T09:10:00-04:00,2.8303,2.85,2.8303,2.85,0,0,0,0,0,0,,,,,,,,,,,,,,,,,,,,,,,,,,,,,,,,,,,,,,,,,,,,1.3110755382690171,2.846245274030105,2.8500544153118077,2.852434054771981,1979,28261.5
2026-09-30T09:11:00-04:00,2.8499,2.85,2.8405,2.8495,0,0,0,0,0,0,,,,,,,,,,,,,,,,,,,,,,,,,,,,,,,,,,,,,,,,,,,,1.3110755382690171,2.8462460626054837,2.85000161385354,2.8518472438175846,8921,27815.45
2026-09-30T09:12:00-04:00,2.8405,2.86,2.84,2.84,0,0,0,0,0,0,,,,,,,,,,,,,,,,,,,,,,,,,,,,,,,,,,,,,,,,,,,,1.3110755382690171,2.846246769988773,2.8490490792008223,2.8494777950540677,8031,27497.15
2026-09-30T09:13:00-04:00,2.84,2.87,2.84,2.86,0,0,0,0,0,0,,,,,,,,,,,,,,,,,,,,,,,,,,,,,,,,,,,,,,,,,,,,1.3110755382690171,2.8462830580952834,2.850092024038839,2.8515822360432543,16688,27081.1
2026-09-30T09:14:00-04:00,2.8505,2.88,2.85,2.86,0,0,0,0,0,0,,,,,,,,,,,,,,,,,,,,,,,,,,,,,,,,,,,,,,,,,,,,1.3110755382690171,2.8463048418758827,2.8510356407970447,2.8532657888346034,6130,26185.6
2026-09-30T09:15:00-04:00,2.8695,2.8705,2.84,2.8405,0,0,0,0,0,0,,,,,,,,,,,,,,,,,,,,,,,,,,,,,,,,,,,,,,,,,,,,1.3110755382690171,2.8463188015880365,2.8500322464354215,2.8507126310676827,16684,26623.7
2026-09-30T09:16:00-04:00,2.8405,2.85,2.84,2.84,0,0,0,0,0,0,,,,,,,,,,,,,,,,,,,,,,,,,,,,,,,,,,,,,,,,,,,,1.3110755382690171,2.8463099995658085,2.849076794393953,2.8485701048541463,14237,26947.65
2026-09-30T09:17:00-04:00,2.84,2.84,2.83,2.84,0,0,0,0,0,0,,,,,,,,,,,,,,,,,,,,,,,,,,,,,,,,,,,,,,,,,,,,1.3110755382690171,2.846284207547537,2.848212337785005,2.846856083883317,12950,26867.0
2026-09-30T09:18:00-04:00,2.83,2.84,2.82,2.83,0,0,0,0,0,0,,,,,,,,,,,,,,,,,,,,,,,,,,,,,,,,,,,,,,,,,,,,1.3110755382690171,2.8461934951346373,2.8464778294245283,2.8434848671066537,27123,27732.05
2026-09-30T09:19:00-04:00,2.8398,2.84,2.8,2.8103,0,0,0,0,0,0,,,,,,,,,,,,,,,,,,,,,,,,,,,,,,,,,,,,,,,,,,,,1.3110755382690171,2.8460949866709786,2.8430323218602873,2.8368478936853228,16354,25166.3
2026-09-30T09:20:00-04:00,2.8105,2.82,2.79,2.79,0,0,0,0,0,0,,,,,,,,,,,,,,,,,,,,,,,,,,,,,,,,,,,,,,,,,,,,1.3110755382690171,2.8457969003925325,2.83798162454026,2.8274783149482583,31798,23362.95
2026-09-30T09:21:00-04:00,2.7898,2.7905,2.77,2.7805,0,0,0,0,0,0,,,,,,,,,,,,,,,,,,,,,,,,,,,,,,,,,,,,,,,,,,,,1.3110755382690171,2.845535501798282,2.8325071841078544,2.818082651958606,19713,19204.95
2026-09-30T09:22:00-04:00,2.788,2.79,2.77,2.7795,0,0,0,0,0,0,,,,,,,,,,,,,,,,,,,,,,,,,,,,,,,,,,,,,,,,,,,,1.3110755382690171,2.845391513497358,2.827458880859487,2.810366121566885,10843,17084.5
2026-09-30T09:23:00-04:00,2.77,2.77,2.75,2.758,0,0,0,0,0,0,,,,,,,,,,,,,,,,,,,,,,,,,,,,,,,,,,,,,,,,,,,,1.3110755382690171,2.8449541066889736,2.8208437493490597,2.799892897253508,25276,17609.65
2026-09-30T09:24:00-04:00,2.758,2.76,2.75,2.7505,0,0,0,0,0,0,,,,,,,,,,,,,,,,,,,,,,,,,,,,,,,,,,,,,,,,,,,,1.3110755382690171,2.8447109001207327,2.8141443446491494,2.7900143178028065,13260,17265.55
2026-09-30T09:25:00-04:00,2.755,2.77,2.73,2.7405,0,0,0,0,0,0,,,,,,,,,,,,,,,,,,,,,,,,,,,,,,,,,,,,,,,,,,,,1.3110755382690171,2.8440766233497112,2.8071305975397065,2.780111454242246,32523,16633.0
2026-09-30T09:26:00-04:00,2.7405,2.76,2.74,2.7502,0,0,0,0,0,0,,,,,,,,,,,,,,,,,,,,,,,,,,,,,,,,,,,,,,,,,,,,1.3110755382690171,2.8437616583863123,2.8017086358692582,2.774129163393796,16871,16421.05
2026-09-30T09:27:00-04:00,2.76,2.76,2.75,2.755,0,0,0,0,0,0,,,,,,,,,,,,,,,,,,,,,,,,,,,,,,,,,,,,,,,,,,,,1.3110755382690171,2.8436906792688794,2.7972601943579,2.770303330715037,4030,16201.2
2026-09-30T09:28:00-04:00,2.7505,2.76,2.73,2.76,0,0,0,0,0,0,,,,,,,,,,,,,,,,,,,,,,,,,,,,,,,,,,,,,,,,,,,,1.3110755382690171,2.8432228119783787,2.7937116044190526,2.7682426645720293,25293,16572.2
2026-09-30T09:29:00-04:00,2.77,2.77,2.72,2.73,0,0,0,0,0,0,,,,,,,,,,,,,,,,,,,,,,,,,,,,,,,,,,,,,,,,,,,,1.3110755382690171,2.8419536792092126,2.787643832569619,2.7605941316576232,63049,18587.65
2026-09-30T09:30:00-04:00,2.7,2.73,2.65,2.6989,0,0,0,0,0,0,,,,,,,,,,,,,,,,,,,,,,,,,,,,,,,,,,,,,,,,,,,,1.3110755382690171,2.836432711368164,2.7791920389915603,2.7482553053260985,197339,28355.65
2026-09-30T09:31:00-04:00,2.695,2.7,2.63,2.63,0,0,0,0,0,0,,,,,,,,,,,,,,,,,,,,,,,,,,,,,,,,,,,,,,,,,,,,1.3110755382690171,2.8312548269685087,2.7649832733733164,2.724604244260879,154978,35658.5
2026-09-30T09:32:00-04:00,2.635,2.65,2.53,2.535,0,0,0,0,0,0,,,,,,,,,,,,,,,,,,,,,,,,,,,,,,,,,,,,,,,,,,,,1.3110755382690171,2.8170286906131,2.7430801044806197,2.686683395408703,317749,51144.4
2026-09-30T09:33:00-04:00,2.535,2.62,2.53,2.559,0,0,0,0,0,0,,,,,,,,,,,,,,,,,,,,,,,,,,,,,,,,,,,,,,,,,,,,1.3110755382690171,2.8083290751711205,2.725548665958656,2.661146716326962,211348,60877.4
2026-09-30T09:34:00-04:00,2.5589,2.58,2.55,2.579,0,0,0,0,0,0,,,,,,,,,,,,,,,,,,,,,,,,,,,,,,,,,,,,,,,,,,,,1.3110755382690171,2.8042909482048786,2.71159165015307,2.64471737306157,103428,65742.3
2026-09-30T09:35:00-04:00,2.57,2.57,2.55,2.5511,0,0,0,0,0,0,,,,,,,,,,,,,,,,,,,,,,,,,,,,,,,,,,,,,,,,,,,,1.3110755382690171,2.8014988123313995,2.6963067310908726,2.625993898449256,69817,68398.95
2026-09-30T09:36:00-04:00,2.555,2.56,2.55,2.5513,0,0,0,0,0,0,,,,,,,,,,,,,,,,,,,,,,,,,,,,,,,,,,,,,,,,,,,,1.3110755382690171,2.7937656875998043,2.6824965662250753,2.611055118759405,199214,77647.8
2026-09-30T09:37:00-04:00,2.5502,2.56,2.55,2.555,0,0,0,0,0,0,,,,,,,,,,,,,,,,,,,,,,,,,,,,,,,,,,,,,,,,,,,,1.3110755382690171,2.7902191516408714,2.6703540361084013,2.599844095007524,96223,81811.45
2026-09-30T09:38:00-04:00,2.555,2.56,2.55,2.5501,0,0,0,0,0,0,,,,,,,,,,,,,,,,,,,,,,,,,,,,,,,,,,,,,,,,,,,,1.3110755382690171,2.789252679381109,2.658901270764744,2.589895276006019,26542,81782.4
2026-09-30T09:39:00-04:00,2.5501,2.56,2.52,2.525,0,0,0,0,0,0,,,,,,,,,,,,,,,,,,,,,,,,,,,,,,,,,,,,,,,,,,,,1.3110755382690171,2.786825606106402,2.6461487687871497,2.5769162208048155,62691,84099.25
2026-09-30T09:40:00-04:00,2.526,2.53,2.42,2.43,0,0,0,0,0,0,,,,,,,,,,,,,,,,,,,,,,,,,,,,,,,,,,,,,,,,,,,,1.3110755382690171,2.772588449218395,2.625563171759802,2.5475329766438524,299115,97465.1
2026-09-30T09:41:00-04:00,2.4289,2.48,2.42,2.46,0,0,0,0,0,0,,,,,,,,,,,,,,,,,,,,,,,,,,,,,,,,,,,,,,,,,,,,1.3110755382690171,2.7655614377518227,2.609795250639821,2.530026381315082,154536,104206.25
2026-09-30T09:42:00-04:00,2.4501,2.46,2.44,2.445,0,0,0,0,0,0,,,,,,,,,,,,,,,,,,,,,,,,,,,,,,,,,,,,,,,,,,,,1.3110755382690171,2.76329928846164,2.5941004648646,2.5130211050520654,50426,106185.4
2026-09-30T09:43:00-04:00,2.4402,2.445,2.395,2.399,0,0,0,0,0,0,,,,,,,,,,,,,,,,,,,,,,,,,,,,,,,,,,,,,,,,,,,,1.3110755382690171,2.7588152362911464,2.575519468210828,2.4902168840416525,91692,109506.2
2026-09-30T09:44:00-04:00,2.395,2.42,2.37,2.3999,0,0,0,0,0,0,,,,,,,,,,,,,,,,,,,,,,,,,,,,,,,,,,,,,,,,,,,,1.3110755382690171,2.750672142614851,2.558793804571702,2.472153507233322,164755,117080.95
2026-09-30T09:45:00-04:00,2.4,2.46,2.4,2.4594,0,0,0,0,0,0,,,,,,,,,,,,,,,,,,,,,,,,,,,,,,,,,,,,,,,,,,,,1.3110755382690171,2.746486788796351,2.5493277279458253,2.4696028057866575,100003,120454.95
2026-09-30T09:46:00-04:00,2.46,2.49,2.45,2.469,0,0,0,0,0,0,,,,,,,,,,,,,,,,,,,,,,,,,,,,,,,,,,,,,,,,,,,,1.3110755382690171,2.7429559907548575,2.541677468141461,2.469482244629326,95965,124409.65
2026-09-30T09:47:00-04:00,2.465,2.475,2.44,2.44,0,0,0,0,0,0,,,,,,,,,,,,,,,,,,,,,,,,,,,,,,,,,,,,,,,,,,,,1.3110755382690171,2.740536471308266,2.5319938997470364,2.4635857957034606,63018,127359.05
2026-09-30T09:48:00-04:00,2.4498,2.469,2.4403,2.445,0,0,0,0,0,0,,,,,,,,,,,,,,,,,,,,,,,,,,,,,,,,,,,,,,,,,,,,1.3110755382690171,2.739702837617756,2.523708766437794,2.4598686365627684,21940,127191.4
2026-09-30T09:49:00-04:00,2.449,2.48,2.44,2.48,0,0,0,0,0,0,,,,,,,,,,,,,,,,,,,,,,,,,,,,,,,,,,,,,,,,,,,,1.3110755382690171,2.738564149108123,2.519546026777052,2.463894909250215,31865,125632.2
2026-09-30T09:50:00-04:00,2.4799,2.55,2.47,2.5294,0,0,0,0,0,0,,,,,,,,,,,,,,,,,,,,,,,,,,,,,,,,,,,,,,,,,,,,1.3110755382690171,2.734365829421681,2.520484500417333,2.476995927400172,147214,123125.95
2026-09-30T09:51:00-04:00,2.53,2.55,2.501,2.505,0,0,0,0,0,0,,,,,,,,,,,,,,,,,,,,,,,,,,,,,,,,,,,,,,,,,,,,1.3110755382690171,2.7311214640127215,2.519009786091873,2.482596741920138,118927,121323.4
2026-09-30T09:52:00-04:00,2.5,2.5,2.48,2.48,0,0,0,0,0,0,,,,,,,,,,,,,,,,,,,,,,,,,,,,,,,,,,,,,,,,,,,,1.3110755382690171,2.7287533425700055,2.5152945683688372,2.48207739353611,77345,109303.2
2026-09-30T09:53:00-04:00,2.485,2.52,2.46,2.515,0,0,0,0,0,0,,,,,,,,,,,,,,,,,,,,,,,,,,,,,,,,,,,,,,,,,,,,1.3110755382690171,2.726028371070243,2.515266514238472,2.488661914828888,95551,103513.35
2026-09-30T09:54:00-04:00,2.5197,2.5199,2.5,2.501,0,0,0,0,0,0,,,,,,,,,,,,,,,,,,,,,,,,,,,,,,,,,,,,,,,,,,,,1.3110755382690171,2.7246437744525314,2.5139077985967124,2.4911295318631104,51393,100911.6
2026-09-30T09:55:00-04:00,2.501,2.51,2.4901,2.51,0,0,0,0,0,0,,,,,,,,,,,,,,,,,,,,,,,,,,,,,,,,,,,,,,,,,,,,1.3110755382690171,2.723663675389121,2.5135356273017875,2.494903625490488,36175,99229.5
2026-09-30T09:56:00-04:00,2.501,2.51,2.5,2.501,0,0,0,0,0,0,,,,,,,,,,,,,,,,,,,,,,,,,,,,,,,,,,,,,,,,,,,,1.3110755382690171,2.7229593919707145,2.5123417580349505,2.4961229003923906,26230,90580.3
2026-09-30T09:57:00-04:00,2.5,2.51,2.5,2.5099,0,0,0,0,0,0,,,,,,,,,,,,,,,,,,,,,,,,,,,,,,,,,,,,,,,,,,,,1.3110755382690171,2.7213040089760407,2.5121092096506694,2.4988783203139127,63182,88928.25
2026-09-30T09:58:00-04:00,2.505,2.5194,2.5,2.5,0,0,0,0,0,0,,,,,,,,,,,,,,,,,,,,,,,,,,,,,,,,,,,,,,,,,,,,1.3110755382690171,2.717379664015702,2.5109559515887008,2.49910265625113,153627,95282.5
2026-09-30T09:59:00-04:00,2.501,2.51,2.5,2.5078,0,0,0,0,0,0,,,,,,,,,,,,,,,,,,,,,,,,,,,,,,,,,,,,,,,,,,,,1.3110755382690171,2.7166249815994084,2.51065538477073,2.500842125000904,30125,93654.2
2026-09-30T10:00:00-04:00,2.5087,2.5096,2.5,2.5,0,0,0,0,0,0,,,,,,,,,,,,,,,,,,,,,,,,,,,,,,,,,,,,,,,,,,,,1.3110755382690171,2.7162201866633047,2.509640586221136,2.500673700000723,16039,79500.4
2026-09-30T10:01:00-04:00,2.5013,2.5099,2.5,2.5001,0,0,0,0,0,0,,,,,,,,,,,,,,,,,,,,,,,,,,,,,,,,,,,,,,,,,,,,1.3110755382690171,2.7156613730290693,2.5087319589619805,2.5005589600005784,22256,72886.4
2026-09-30T10:02:00-04:00,2.5013,2.51,2.5,2.5013,0,0,0,0,0,0,,,,,,,,,,,,,,,,,,,,,,,,,,,,,,,,,,,,,,,,,,,,1.3110755382690171,2.7146995896691233,2.508024153346554,2.5007071680004627,38660,72298.1
2026-09-30T10:03:00-04:00,2.505,2.515,2.5,2.5001,0,0,0,0,0,0,,,,,,,,,,,,,,,,,,,,,,,,,,,,,,,,,,,,,,,,,,,,1.3110755382690171,2.7116381713696276,2.507269472075454,2.5005857344003704,126208,74023.9
2026-09-30T10:04:00-04:00,2.5087,2.65,2.5,2.63,0,0,0,0,0,0,,,,,,,,,,,,,,,,,,,,,,,,,,,,,,,,,,,,,,,,,,,,1.3110755382690171,2.707764152928611,2.518958093782553,2.5264685875202963,292625,80417.4
2026-09-30T10:05:00-04:00,2.63,2.65,2.6105,2.6361,0,0,0,0,0,0,,,,,,,,,,,,,,,,,,,,,,,,,,,,,,,,,,,,,,,,,,,,1.3110755382690171,2.706581826268429,2.530114465803262,2.548394870016237,142044,82519.45
2026-09-30T10:06:00-04:00,2.631,2.65,2.63,2.645,0,0,0,0,0,0,,,,,,,,,,,,,,,,,,,,,,,,,,,,,,,,,,,,,,,,,,,,1.3110755382690171,2.7057849030609153,2.5410559452505703,2.5677158960129893,112833,83362.85
2026-09-30T10:07:00-04:00,2.6422,2.7198,2.64,2.716305,0,0,0,0,0,0,,,,,,,,,,,,,,,,,,,,,,,,,,,,,,,,,,,,,,,,,,,,1.3110755382690171,2.705439723977474,2.557746331417183,2.5974337168103916,236675,92045.7
2026-09-30T10:08:00-04:00,2.715,2.72,2.71,2.71,0,0,0,0,0,0,,,,,,,,,,,,,,,,,,,,,,,,,,,,,,,,,,,,,,,,,,,,1.3110755382690171,2.7055356959652443,2.5722466808060225,2.619946973448313,116035,96750.45
2026-09-30T10:09:00-04:00,2.7186,2.83,2.715,2.82,0,0,0,0,0,0,,,,,,,,,,,,,,,,,,,,,,,,,,,,,,,,,,,,,,,,,,,,1.3110755382690171,2.708123312020684,2.595842235014973,2.6599575787586507,307887,110551.55
2026-09-30T10:10:00-04:00,2.82,2.8287,2.68,2.703,0,0,0,0,0,0,,,,,,,,,,,,,,,,,,,,,,,,,,,,,,,,,,,,,,,,,,,,1.3110755382690171,2.7091947818561044,2.606047736442118,2.6685660630069203,376473,122014.5
2026-09-30T10:11:00-04:00,2.715,2.77,2.7003,2.725,0,0,0,0,0,0,,,,,,,,,,,,,,,,,,,,,,,,,,,,,,,,,,,,,,,,,,,,1.3110755382690171,2.709480416029071,2.6173765234476307,2.679852850405536,131090,122622.65
2026-09-30T10:12:00-04:00,2.7211,2.7399,2.6512,2.66,0,0,0,0,0,0,,,,,,,,,,,,,,,,,,,,,,,,,,,,,,,,,,,,,,,,,,,,1.3110755382690171,2.709040863440097,2.621435902166904,2.675882280324429,179687,127739.75
2026-09-30T10:13:00-04:00,2.67,2.6806,2.61,2.61,0,0,0,0,0,0,,,,,,,,,,,,,,,,,,,,,,,,,,,,,,,,,,,,,,,,,,,,1.3110755382690171,2.7080707653167577,2.620346768627199,2.662705824259543,137163,129820.35
2026-09-30T10:14:00-04:00,2.61,2.62,2.58,2.6,0,0,0,0,0,0,,,,,,,,,,,,,,,,,,,,,,,,,,,,,,,,,,,,,,,,,,,,1.3110755382690171,2.7069626634489627,2.618408981138894,2.6501646594076345,110601,132780.75
2026-09-30T10:15:00-04:00,2.5901,2.5911,2.54,2.5499,0,0,0,0,0,0,,,,,,,,,,,,,,,,,,,,,,,,,,,,,,,,,,,,,,,,,,,,1.3110755382690171,2.705995487299558,2.6118843162685232,2.6301117275261077,71622,134553.1
2026-09-30T10:16:00-04:00,2.549,2.55,2.47,2.55,0,0,0,0,0,0,,,,,,,,,,,,,,,,,,,,,,,,,,,,,,,,,,,,,,,,,,,,1.3110755382690171,2.7035606591578003,2.605990571861997,2.614089382020886,146693,140576.25
2026-09-30T10:17:00-04:00,2.54,2.56,2.54,2.5599,0,0,0,0,0,0,,,,,,,,,,,,,,,,,,,,,,,,,,,,,,,,,,,,,,,,,,,,1.3110755382690171,2.7023071430441212,2.6016009935894258,2.6032515056167087,92579,142046.1
2026-09-30T10:18:00-04:00,2.5589,2.59,2.55,2.5527,0,0,0,0,0,0,,,,,,,,,,,,,,,,,,,,,,,,,,,,,,,,,,,,,,,,,,,,1.3110755382690171,2.7003168111642104,2.5969437561047184,2.593141204493367,162311,142480.3
2026-09-30T10:19:00-04:00,2.55,2.58,2.55,2.5676,0,0,0,0,0,0,,,,,,,,,,,,,,,,,,,,,,,,,,,,,,,,,,,,,,,,,,,,1.3110755382690171,2.6999262483414044,2.594149112666174,2.5880329635946935,32804,142614.25
2026-09-30T10:20:00-04:00,2.58,2.58,2.5608,2.5611,0,0,0,0,0,0,,,,,,,,,,,,,,,,,,,,,,,,,,,,,,,,,,,,,,,,,,,,1.3110755382690171,2.6997553992018397,2.5910015781265385,2.582646370875755,14566,142540.6
2026-09-30T10:21:00-04:00,2.565,2.62,2.56,2.615,0,0,0,0,0,0,,,,,,,,,,,,,,,,,,,,,,,,,,,,,,,,,,,,,,,,,,,,1.3110755382690171,2.699355171446906,2.5932871421144874,2.589117096700604,44797,143667.65
2026-09-30T10:22:00-04:00,2.6102,2.6102,2.591,2.6,0,0,0,0,0,0,,,,,,,,,,,,,,,,,,,,,,,,,,,,,,,,,,,,,,,,,,,,1.3110755382690171,2.6989605488676367,2.5939264619131075,2.591293677360483,45452,144007.25
2026-09-30T10:23:00-04:00,2.6099,2.635,2.5911,2.63,0,0,0,0,0,0,,,,,,,,,,,,,,,,,,,,,,,,,,,,,,,,,,,,,,,,,,,,1.3110755382690171,2.698707389250257,2.597362036969002,2.5990349418883865,36064,139500.05
2026-09-30T10:24:00-04:00,2.6399,2.649,2.61,2.64,0,0,0,0,0,0,,,,,,,,,,,,,,,,,,,,,,,,,,,,,,,,,,,,,,,,,,,,1.3110755382690171,2.6982935752585937,2.6014227953529065,2.607227953510709,72463,128491.95
2026-09-30T10:25:00-04:00,2.64,2.64,2.63,2.635,0,0,0,0,0,0,,,,,,,,,,,,,,,,,,,,,,,,,,,,,,,,,,,,,,,,,,,,1.3110755382690171,2.698190272083554,2.604620624366915,2.6127823628085673,18810,122330.25
2026-09-30T10:26:00-04:00,2.6311,2.64,2.59,2.5911,0,0,0,0,0,0,,,,,,,,,,,,,,,,,,,,,,,,,,,,,,,,,,,,,,,,,,,,1.3110755382690171,2.6978038480370072,2.6033329458557803,2.6084458902468537,49063,119141.75
2026-09-30T10:27:00-04:00,2.585,2.61,2.58,2.5902,0,0,0,0,0,0,,,,,,,,,,,,,,,,,,,,,,,,,,,,,,,,,,,,,,,,,,,,1.3110755382690171,2.69755018334559,2.6020821891076107,2.604796712197483,28189,108717.45
2026-09-30T10:28:00-04:00,2.595,2.6199,2.5901,2.609,0,0,0,0,0,0,,,,,,,,,,,,,,,,,,,,,,,,,,,,,,,,,,,,,,,,,,,,1.3110755382690171,2.697420446823128,2.602741028240219,2.6056373697579867,16525,103741.95
2026-09-30T10:29:00-04:00,2.62,2.63,2.61,2.615,0,0,0,0,0,0,,,,,,,,,,,,,,,,,,,,,,,,,,,,,,,,,,,,,,,,,,,,1.3110755382690171,2.6973403763421313,2.6039085493601983,2.60750989580639,11775,88936.35
2026-09-30T10:30:00-04:00,2.61,2.6199,2.61,2.6199,0,0,0,0,0,0,,,,,,,,,,,,,,,,,,,,,,,,,,,,,,,,,,,,,,,,,,,,1.3110755382690171,2.697236460696933,2.605431544659227,2.6099879166451116,14988,70862.1
2026-09-30T10:31:00-04:00,2.6199,2.6199,2.58,2.5899,0,0,0,0,0,0,,,,,,,,,,,,,,,,,,,,,,,,,,,,,,,,,,,,,,,,,,,,1.3110755382690171,2.6970637755560407,2.6039523499297768,2.6059703333160895,20017,65308.45
2026-09-30T10:32:00-04:00,2.585,2.64,2.5802,2.6399,0,0,0,0,0,0,,,,,,,,,,,,,,,,,,,,,,,,,,,,,,,,,,,,,,,,,,,,1.3110755382690171,2.6966458524177517,2.6073759356507504,2.6127562666528714,63635,59505.85
2026-09-30T10:33:00-04:00,2.638,2.64,2.6111,2.62,0,0,0,0,0,0,,,,,,,,,,,,,,,,,,,,,,,,,,,,,,,,,,,,,,,,,,,,1.3110755382690171,2.696462021584913,2.608578227493536,2.614205013322297,29633,54129.35
2026-09-30T10:34:00-04:00,2.6263,2.63,2.6,2.62,0,0,0,0,0,0,,,,,,,,,,,,,,,,,,,,,,,,,,,,,,,,,,,,,,,,,,,,1.3110755382690171,2.6961017532543843,2.6096660153512947,2.6153640106578377,53330,51265.8
2026-09-30T10:35:00-04:00,2.6114,2.6299,2.61,2.61,0,0,0,0,0,0,,,,,,,,,,,,,,,,,,,,,,,,,,,,,,,,,,,,,,,,,,,,1.3110755382690171,2.696067402633394,2.609697823413076,2.61429120852627,5108,47940.1
2026-09-30T10:36:00-04:00,2.615,2.67,2.615,2.6687,0,0,0,0,0,0,,,,,,,,,,,,,,,,,,,,,,,,,,,,,,,,,,,,,,,,,,,,1.3110755382690171,2.695922000233562,2.6153170783261164,2.625172966821016,38449,42527.9
2026-09-30T10:37:00-04:00,2.665,2.7,2.6401,2.695,0,0,0,0,0,0,,,,,,,,,,,,,,,,,,,,,,,,,,,,,,,,,,,,,,,,,,,,1.3110755382690171,2.6958094549434386,2.6229059280093434,2.639138373456813,76495,41723.7
2026-09-30T10:38:00-04:00,2.6901,2.7195,2.69,2.715,0,0,0,0,0,0,,,,,,,,,,,,,,,,,,,,,,,,,,,,,,,,,,,,,,,,,,,,1.3110755382690171,2.695881617506929,2.6316767920084536,2.6543106987654506,70089,37112.6
2026-09-30T10:39:00-04:00,2.7111,2.7699,2.7111,2.7699,0,0,0,0,0,0,,,,,,,,,,,,,,,,,,,,,,,,,,,,,,,,,,,,,,,,,,,,1.3110755382690171,2.6961892052730234,2.6448409070552676,2.6774285590123603,68225,38883.65
2026-09-30T10:40:00-04:00,2.77,2.81,2.77,2.7802,0,0,0,0,0,0,,,,,,,,,,,,,,,,,,,,,,,,,,,,,,,,,,,,,,,,,,,,1.3110755382690171,2.6972717254176826,2.65773224924048,2.697982847209888,146056,45458.15
2026-09-30T10:41:00-04:00,2.785,2.785,2.74,2.765,0,0,0,0,0,0,,,,,,,,,,,,,,,,,,,,,,,,,,,,,,,,,,,,,,,,,,,,1.3110755382690171,2.69785757854855,2.6679482255032916,2.7113862777679105,109308,48683.7
2026-09-30T10:42:00-04:00,2.7611,2.85,2.7611,2.825,0,0,0,0,0,0,,,,,,,,,,,,,,,,,,,,,,,,,,,,,,,,,,,,,,,,,,,,1.3110755382690171,2.6997877258005105,2.682905537360121,2.7341090222143283,211950,57008.6
2026-09-30T10:43:00-04:00,2.8212,2.8599,2.82,2.835,0,0,0,0,0,0,,,,,,,,,,,,,,,,,,,,,,,,,,,,,,,,,,,,,,,,,,,,1.3110755382690171,2.7010093902449923,2.697390724278205,2.754287217771463,111565,60783.65
2026-09-30T10:44:00-04:00,2.8399,2.84,2.8,2.8001,0,0,0,0,0,0,,,,,,,,,,,,,,,,,,,,,,,,,,,,,,,,,,,,,,,,,,,,1.3110755382690171,2.7023203427445184,2.707172560061233,2.7634497742171704,149330,64627.0
2026-09-30T10:45:00-04:00,2.8001,2.81,2.72,2.7589,0,0,0,0,0,0,,,,,,,,,,,,,,,,,,,,,,,,,,,,,,,,,,,,,,,,,,,,1.3110755382690171,2.703203931062725,2.712098982912544,2.7625398193737363,189226,73147.8
2026-09-30T10:46:00-04:00,2.7562,2.81,2.7501,2.7708,0,0,0,0,0,0,,,,,,,,,,,,,,,,,,,,,,,,,,,,,,,,,,,,,,,,,,,,1.3110755382690171,2.703526269903498,2.717689555968492,2.764191855498989,57005,73544.9
2026-09-30T10:47:00-04:00,2.7798,2.83,2.77,2.819,0,0,0,0,0,0,,,,,,,,,,,,,,,,,,,,,,,,,,,,,,,,,,,,,,,,,,,,1.3110755382690171,2.7041028057608156,2.727338169685779,2.775153484399191,73567,75813.8
2026-09-30T10:48:00-04:00,2.82,2.87,2.8101,2.87,0,0,0,0,0,0,,,,,,,,,,,,,,,,,,,,,,,,,,,,,,,,,,,,,,,,,,,,1.3110755382690171,2.7057016980137805,2.740925010668086,2.7941227875193526,145324,82253.75
2026-09-30T10:49:00-04:00,2.8699,2.88,2.85,2.865,0,0,0,0,0,0,,,,,,,,,,,,,,,,,,,,,,,,,,,,,,,,,,,,,,,,,,,,1.3110755382690171,2.7069914327784756,2.7527416763187444,2.808298230015482,108264,87078.2
2026-09-30T10:50:00-04:00,2.8698,2.92,2.85,2.91,0,0,0,0,0,0,,,,,,,,,,,,,,,,,,,,,,,,,,,,,,,,,,,,,,,,,,,,1.3110755382690171,2.708960037044401,2.767718659526483,2.8286385840123858,142776,93467.6
2026-09-30T10:51:00-04:00,2.92,3.08,2.9101,3.0611,0,0,0,0,0,0,,,,,,,,,,,,,,,,,,,,,,,,,,,,,,,,,,,,,,,,,,,,1.3110755382690171,2.7196088026999714,2.79565973957158,2.8751308672099087,483817,116657.6
2026-09-30T10:52:00-04:00,3.0602,3.0987,2.97,2.99,0,0,0,0,0,0,,,,,,,,,,,,,,,,,,,,,,,,,,,,,,,,,,,,,,,,,,,,1.3110755382690171,2.7295625906409433,2.8141683358028584,2.898104693767927,480471,137499.4
2026-09-30T10:53:00-04:00,2.99,3.13,2.9801,3.1298,0,0,0,0,0,0,,,,,,,,,,,,,,,,,,,,,,,,,,,,,,,,,,,,,,,,,,,,1.3110755382690171,2.7405084246800615,2.844228494297824,2.944443755014342,466876,159361.55
2026-09-30T10:54:00-04:00,3.113,3.12,3.0601,3.095,0,0,0,0,0,0,,,,,,,,,,,,,,,,,,,,,,,,,,,,,,,,,,,,,,,,,,,,1.3110755382690171,2.747783735209458,2.868111494840889,2.9745550040114734,316170,172503.55
2026-09-30T10:55:00-04:00,3.095,3.11,3.01,3.0199,0,0,0,0,0,0,,,,,,,,,,,,,,,,,,,,,,,,,,,,,,,,,,,,,,,,,,,,1.3110755382690171,2.7524913181539983,2.8825675429512803,2.9836240032091785,244261,184461.2
2026-09-30T10:56:00-04:00,3.0189,3.03,2.82,2.8789,0,0,0,0,0,0,,,,,,,,,,,,,,,,,,,,,,,,,,,,,,,,,,,,,,,,,,,,1.3110755382690171,2.757415548293782,2.882218253146396,2.962679202567343,501628,207620.15
2026-09-30T10:57:00-04:00,2.8702,2.88,2.81,2.83,0,0,0,0,0,0,,,,,,,,,,,,,,,,,,,,,,,,,,,,,,,,,,,,,,,,,,,,1.3110755382690171,2.758468870756474,2.8772450861800727,2.9361433620538744,206811,214135.95
2026-09-30T10:58:00-04:00,2.8264,2.84,2.75,2.7638,0,0,0,0,0,0,,,,,,,,,,,,,,,,,,,,,,,,,,,,,,,,,,,,,,,,,,,,1.3110755382690171,2.7587637587727265,2.866440792258161,2.9016746896430994,185071,219885.05
2026-09-30T10:59:00-04:00,2.761,2.8399,2.76,2.835,0,0,0,0,0,0,,,,,,,,,,,,,,,,,,,,,,,,,,,,,,,,,,,,,,,,,,,,1.3110755382690171,2.759064334699439,2.863446431090717,2.8883397517144793,93770,221162.3
2026-09-30T11:00:00-04:00,2.835,2.8499,2.8,2.81,0,0,0,0,0,0,,,,,,,,,,,,,,,,,,,,,,,,,,,,,,,,,,,,,,,,,,,,1.3110755382690171,2.7596293113846273,2.858356294796363,2.8726718013715833,154440,221581.5
2026-09-30T11:01:00-04:00,2.8199,2.87,2.8,2.8675,0,0,0,0,0,0,,,,,,,,,,,,,,,,,,,,,,,,,,,,,,,,,,,,,,,,,,,,1.3110755382690171,2.760017835819249,2.859227123863376,2.8716374410972665,75373,219884.75
2026-09-30T11:02:00-04:00,2.8676,2.87,2.83,2.8487,0,0,0,0,0,0,,,,,,,,,,,,,,,,,,,,,,,,,,,,,,,,,,,,,,,,,,,,1.3110755382690171,2.7605549003910155,2.8582245406382927,2.8670499528778133,100903,214332.4
2026-09-30T11:03:00-04:00,2.85,2.93,2.8401,2.9299,1,0,0,0,0,0,,,,,,,,,,,,,,,,,,,,,,,,,,,,,,,,,,,,,,,,,,,,1.3110755382690171,2.761798436235202,2.8650507748632172,2.8796199623022507,151385,216323.4
2026-09-30T11:04:00-04:00,2.925,2.97,2.91,2.9401,0,0,0,0,0,0,,,,,,,,,,,,,,,,,,,,,,,,,,,,,,,,,,,,,,,,,,,,1.3110755382690171,2.7635645684252323,2.8721983201143395,2.8917159698418007,169896,217351.7
2026-09-30T11:05:00-04:00,2.945,2.9499,2.87,2.895,0,0,0,0,0,0,,,,,,,,,,,,,,,,,,,,,,,,,,,,,,,,,,,,,,,,,,,,1.3110755382690171,2.7651616654168687,2.874369908674878,2.8923727758734405,195867,217683.75
2026-09-30T11:06:00-04:00,2.895,2.93,2.89,2.9101,0,0,0,0,0,0,,,,,,,,,,,,,,,,,,,,,,,,,,,,,,,,,,,,,,,,,,,,1.3110755382690171,2.765944357987721,2.8777727745153663,2.8959182206987526,94199,219543.45
2026-09-30T11:07:00-04:00,2.9101,2.9101,2.86,2.8601,0,0,0,0,0,0,,,,,,,,,,,,,,,,,,,,,,,,,,,,,,,,,,,,,,,,,,,,1.3110755382690171,2.766748838446705,2.8760896531329503,2.888754576559002,127533,222241.75
2026-09-30T11:08:00-04:00,2.8601,2.89,2.83,2.8302,0,0,0,0,0,0,,,,,,,,,,,,,,,,,,,,,,,,,,,,,,,,,,,,,,,,,,,,1.3110755382690171,2.767933588709741,2.871719209977431,2.8770436612472015,253345,227642.8
2026-09-30T11:09:00-04:00,2.835,2.8399,2.76,2.8302,0,0,0,0,0,0,,,,,,,,,,,,,,,,,,,,,,,,,,,,,,,,,,,,,,,,,,,,1.3110755382690171,2.768328424943278,2.86776499950339,2.867674928997761,168676,230663.4
2026-09-30T11:10:00-04:00,2.8307,2.86,2.8201,2.8299,0,0,0,0,0,0,,,,,,,,,,,,,,,,,,,,,,,,,,,,,,,,,,,,,,,,,,,,1.3110755382690171,2.7687396305876977,2.8641588090744956,2.860119943198209,108876,228968.4
2026-09-30T11:11:00-04:00,2.8299,2.83,2.8,2.815,0,0,0,0,0,0,,,,,,,,,,,,,,,,,,,,,,,,,,,,,,,,,,,,,,,,,,,,1.3110755382690171,2.768900514238772,2.8594770177340676,2.8510959545585672,63147,207934.9
2026-09-30T11:12:00-04:00,2.815,2.8399,2.81,2.8289,0,0,0,0,0,0,,,,,,,,,,,,,,,,,,,,,,,,,,,,,,,,,,,,,,,,,,,,1.3110755382690171,2.768995719566325,2.8565649208070134,2.8466567636468536,30184,185420.55
2026-09-30T11:13:00-04:00,2.82,2.86,2.82,2.855,0,0,0,0,0,0,,,,,,,,,,,,,,,,,,,,,,,,,,,,,,,,,,,,,,,,,,,,1.3110755382690171,2.7691445532423336,2.856415880730155,2.8483254109174827,35685,163861.0
2026-09-30T11:14:00-04:00,2.855,2.9,2.85,2.875,0,0,0,0,0,0,,,,,,,,,,,,,,,,,,,,,,,,,,,,,,,,,,,,,,,,,,,,1.3110755382690171,2.769841934533176,2.858185796851093,2.8536603287339863,120851,154095.05
2026-09-30T11:15:00-04:00,2.8787,2.9,2.875,2.8899,0,0,0,0,0,0,,,,,,,,,,,,,,,,,,,,,,,,,,,,,,,,,,,,,,,,,,,,1.3110755382690171,2.7700704665465254,2.861206197150989,2.860908262987189,35458,143654.9
2026-09-30T11:16:00-04:00,2.88,2.8862,2.85,2.855,0,0,0,0,0,0,,,,,,,,,,,,,,,,,,,,,,,,,,,,,,,,,,,,,,,,,,,,1.3110755382690171,2.770402436419507,2.860615130755656,2.8597266103897514,65374,121842.2
2026-09-30T11:17:00-04:00,2.855,2.8589,2.82,2.835,0,0,0,0,0,0,,,,,,,,,,,,,,,,,,,,,,,,,,,,,,,,,,,,,,,,,,,,1.3110755382690171,2.7706991244064407,2.858175594493213,2.854781288311801,81352,115569.25
2026-09-30T11:18:00-04:00,2.84,2.88,2.84,2.8501,0,0,0,0,0,0,,,,,,,,,,,,,,,,,,,,,,,,,,,,,,,,,,,,,,,,,,,,1.3110755382690171,2.770874771481856,2.8574064902557637,2.853845030649441,37915,108211.45
2026-09-30T11:19:00-04:00,2.8502,2.8599,2.84,2.8599,0,0,0,0,0,0,,,,,,,,,,,,,,,,,,,,,,,,,,,,,,,,,,,,,,,,,,,,1.3110755382690171,2.770961461220454,2.8576439673742624,2.855056024519553,19553,104500.6
2026-09-30T11:20:00-04:00,2.86,2.88,2.8503,2.875,0,0,0,0,0,0,,,,,,,,,,,,,,,,,,,,,,,,,,,,,,,,,,,,,,,,,,,,1.3110755382690171,2.7711899700671165,2.859296922862428,2.8590448196156424,43669,98962.05
2026-09-30T11:21:00-04:00,2.875,2.89,2.87,2.885,0,0,0,0,0,0,,,,,,,,,,,,,,,,,,,,,,,,,,,,,,,,,,,,,,,,,,,,1.3110755382690171,2.7717289382473007,2.861744834970768,2.864235855692514,91320,99759.4
2026-09-30T11:22:00-04:00,2.885,2.89,2.88,2.885,0,0,0,0,0,0,,,,,,,,,,,,,,,,,,,,,,,,,,,,,,,,,,,,,,,,,,,,1.3110755382690171,2.7718365905504356,2.8639596125925997,2.868388684554011,17807,95604.6
2026-09-30T11:23:00-04:00,2.8803,2.8899,2.84,2.8599,0,0,0,0,0,0,,,,,,,,,,,,,,,,,,,,,,,,,,,,,,,,,,,,,,,,,,,,1.3110755382690171,2.7721212968324935,2.863572982821876,2.866690947643209,58526,90961.65
2026-09-30T11:24:00-04:00,2.855,2.8699,2.85,2.8599,0,0,0,0,0,0,,,,,,,,,,,,,,,,,,,,,,,,,,,,,,,,,,,,,,,,,,,,1.3110755382690171,2.772381108174559,2.8632231749340784,2.865332758114567,55774,85255.55
2026-09-30T11:25:00-04:00,2.8598,2.86,2.8414,2.8599,0,0,0,0,0,0,,,,,,,,,,,,,,,,,,,,,,,,,,,,,,,,,,,,,,,,,,,,1.3110755382690171,2.7724609185097706,2.8629066820832136,2.8642462064916536,18504,76387.4
2026-09-30T11:26:00-04:00,2.855,2.86,2.845,2.8589,0,0,0,0,0,0,,,,,,,,,,,,,,,,,,,,,,,,,,,,,,,,,,,,,,,,,,,,1.3110755382690171,2.772519331975314,2.862525093313384,2.8631769651933228,13423,72348.6
2026-09-30T11:27:00-04:00,2.86,2.86,2.85,2.8589,0,0,0,0,0,0,,,,,,,,,,,,,,,,,,,,,,,,,,,,,,,,,,,,,,,,,,,,1.3110755382690171,2.7725796616095777,2.862179846331157,2.8623215721546584,13607,66652.3
2026-09-30T11:28:00-04:00,2.8599,2.89,2.855,2.8789,0,0,0,0,0,0,,,,,,,,,,,,,,,,,,,,,,,,,,,,,,,,,,,,,,,,,,,,1.3110755382690171,2.772960327810441,2.863772241918666,2.865637257723727,70748,57522.45
2026-09-30T11:29:00-04:00,2.8762,2.88,2.865,2.875,0,0,0,0,0,0,,,,,,,,,,,,,,,,,,,,,,,,,,,,,,,,,,,,,,,,,,,,1.3110755382690171,2.7731945903614106,2.8648415522121264,2.8675098061789814,44371,51307.2
2026-09-30T11:30:00-04:00,2.8789,2.88,2.85,2.8587,0,0,0,0,0,0,,,,,,,,,,,,,,,,,,,,,,,,,,,,,,,,,,,,,,,,,,,,1.3110755382690171,2.7734104278652896,2.8642566424776383,2.865747844943185,45853,48156.05
2026-09-30T11:31:00-04:00,2.8562,2.8699,2.85,2.865,0,0,0,0,0,0,,,,,,,,,,,,,,,,,,,,,,,,,,,,,,,,,,,,,,,,,,,,1.3110755382690171,2.773527451043046,2.864327438432149,2.865598275954548,25312,46264.3
2026-09-30T11:32:00-04:00,2.865,2.9,2.865,2.895,0,0,0,0,0,0,,,,,,,,,,,,,,,,,,,,,,,,,,,,,,,,,,,,,,,,,,,,1.3110755382690171,2.7740118615412435,2.8672486347719444,2.8714786207636385,82054,48857.8
2026-09-30T11:33:00-04:00,2.9,2.93,2.8702,2.895,0,0,0,0,0,0,,,,,,,,,,,,,,,,,,,,,,,,,,,,,,,,,,,,,,,,,,,,1.3110755382690171,2.774878189475238,2.869891621936521,2.876182896610911,134412,53794.15
2026-09-30T11:34:00-04:00,2.895,2.92,2.8801,2.895,0,0,0,0,0,0,,,,,,,,,,,,,,,,,,,,,,,,,,,,,,,,,,,,,,,,,,,,1.3110755382690171,2.7754777276978073,2.8722828960378046,2.8799463172887285,94154,52459.3
2026-09-30T11:35:00-04:00,2.895,2.9,2.88,2.8899,0,0,0,0,0,0,,,,,,,,,,,,,,,,,,,,,,,,,,,,,,,,,,,,,,,,,,,,1.3110755382690171,2.7756485992679525,2.8739607154627755,2.881937053830983,28987,52135.75
2026-09-30T11:36:00-04:00,2.8899,2.9,2.8801,2.885,0,0,0,0,0,0,,,,,,,,,,,,,,,,,,,,,,,,,,,,,,,,,,,,,,,,,,,,1.3110755382690171,2.7759711424186895,2.875012075894892,2.8825496430647863,55736,51653.85
2026-09-30T11:37:00-04:00,2.885,2.91,2.88,2.905,0,0,0,0,0,0,,,,,,,,,,,,,,,,,,,,,,,,,,,,,,,,,,,,,,,,,,,,1.3110755382690171,2.7765807531800424,2.877868068666807,2.887039714451829,97525,52462.5
2026-09-30T11:38:00-04:00,2.9,2.93,2.89,2.9199,0,0,0,0,0,0,,,,,,,,,,,,,,,,,,,,,,,,,,,,,,,,,,,,,,,,,,,,1.3110755382690171,2.776939449039473,2.881871109746159,2.893611771561463,51493,53141.4
2026-09-30T11:39:00-04:00,2.91,2.91,2.9,2.905,0,0,0,0,0,0,,,,,,,,,,,,,,,,,,,,,,,,,,,,,,,,,,,,,,,,,,,,1.3110755382690171,2.7772495029973197,2.884073861198906,2.8958894172491703,47635,54545.5
2026-09-30T11:40:00-04:00,2.9001,2.9099,2.9,2.905,0,0,0,0,0,0,,,,,,,,,,,,,,,,,,,,,,,,,,,,,,,,,,,,,,,,,,,,1.3110755382690171,2.7773811122141936,2.88606682679901,2.897711533799336,20295,53376.8
2026-09-30T11:41:00-04:00,2.905,2.91,2.8901,2.8901,0,0,0,0,0,0,,,,,,,,,,,,,,,,,,,,,,,,,,,,,,,,,,,,,,,,,,,,1.3110755382690171,2.777658442255987,2.886450938532438,2.8961892270394687,45870,51104.3
2026-09-30T11:42:00-04:00,2.895,2.9,2.89,2.89,0,0,0,0,0,0,,,,,,,,,,,,,,,,,,,,,,,,,,,,,,,,,,,,,,,,,,,,1.3110755382690171,2.777821458104572,2.8867889443864914,2.894951381631575,27859,51606.9
2026-09-30T11:43:00-04:00,2.8903,2.8999,2.8601,2.87,0,0,0,0,0,0,,,,,,,,,,,,,,,,,,,,,,,,,,,,,,,,,,,,,,,,,,,,1.3110755382690171,2.7780877404745996,2.8851899973020636,2.88996110530526,53399,51350.55
2026-09-30T11:44:00-04:00,2.8601,2.93,2.86,2.925,0,0,0,0,0,0,,,,,,,,,,,,,,,,,,,,,,,,,,,,,,,,,,,,,,,,,,,,1.3110755382690171,2.778768755431501,2.8889814261304383,2.896968884244208,106939,53908.8
2026-09-30T11:45:00-04:00,2.92,2.93,2.91,2.9116,0,0,0,0,0,0,,,,,,,,,,,,,,,,,,,,,,,,,,,,,,,,,,,,,,,,,,,,1.3110755382690171,2.7789593758285274,2.8911355760227777,2.8998951073953663,27480,54357.6
2026-09-30T11:46:00-04:00,2.91,2.92,2.88,2.895,0,0,0,0,0,0,,,,,,,,,,,,,,,,,,,,,,,,,,,,,,,,,,,,,,,,,,,,1.3110755382690171,2.779192119604847,2.8915036164015606,2.898916085916293,38985,55635.7
2026-09-30T11:47:00-04:00,2.895,2.9,2.86,2.89,0,0,0,0,0,0,,,,,,,,,,,,,,,,,,,,,,,,,,,,,,,,,,,,,,,,,,,,1.3110755382690171,2.779448504615103,2.8913604148395073,2.8971328687330344,49348,57422.75
2026-09-30T11:48:00-04:00,2.885,2.8898,2.88,2.88,0,0,0,0,0,0,,,,,,,,,,,,,,,,,,,,,,,,,,,,,,,,,,,,,,,,,,,,1.3110755382690171,2.779485528811863,2.8902784705690783,2.8937062949864276,7151,54242.9
2026-09-30T11:49:00-04:00,2.8702,2.875,2.85,2.8687,0,0,0,0,0,0,,,,,,,,,,,,,,,,,,,,,,,,,,,,,,,,,,,,,,,,,,,,1.3110755382690171,2.7796099524287663,2.888223378133928,2.888705035989142,29367,53492.7
2026-09-30T11:50:00-04:00,2.8601,2.8702,2.8502,2.8522,0,0,0,0,0,0,,,,,,,,,,,,,,,,,,,,,,,,,,,,,,,,,,,,,,,,,,,,1.3110755382690171,2.7796249473315604,2.8847925802164114,2.8814040287913136,3865,51393.3
2026-09-30T11:51:00-04:00,2.855,2.87,2.85,2.85,0,0,0,0,0,0,,,,,,,,,,,,,,,,,,,,,,,,,,,,,,,,,,,,,,,,,,,,1.3110755382690171,2.7796911762562693,2.8814790011481817,2.875123223033051,17281,50991.75
2026-09-30T11:52:00-04:00,2.8502,2.85626,2.84,2.845,0,0,0,0,0,0,,,,,,,,,,,,,,,,,,,,,,,,,,,,,,,,,,,,,,,,,,,,1.3110755382690171,2.779814183414378,2.878004810562641,2.8690985784264407,36757,48726.9
2026-09-30T11:53:00-04:00,2.845,2.8697,2.84,2.855,0,0,0,0,0,0,,,,,,,,,,,,,,,,,,,,,,,,,,,,,,,,,,,,,,,,,,,,1.3110755382690171,2.779964759961085,2.875813876223342,2.8662788627411526,40468,44029.7
2026-09-30T11:54:00-04:00,2.8502,2.8598,2.84,2.8402,0,0,0,0,0,0,,,,,,,,,,,,,,,,,,,,,,,,,,,,,,,,,,,,,,,,,,,,1.3110755382690171,2.7800379968602593,2.8724220784877854,2.861063090192922,22181,40431.05
2026-09-30T11:55:00-04:00,2.8401,2.845,2.84,2.845,0,0,0,0,0,0,,,,,,,,,,,,,,,,,,,,,,,,,,,,,,,,,,,,,,,,,,,,1.3110755382690171,2.7801044002024073,2.8698104519651393,2.857850472154338,21216,40042.5
2026-09-30T11:56:00-04:00,2.845,2.85,2.84,2.8401,0,0,0,0,0,0,,,,,,,,,,,,,,,,,,,,,,,,,,,,,,,,,,,,,,,,,,,,1.3110755382690171,2.780205034744811,2.8669808851113165,2.85430037772347,32221,38866.75
2026-09-30T11:57:00-04:00,2.8402,2.86,2.81,2.81,0,0,0,0,0,0,,,,,,,,,,,,,,,,,,,,,,,,,,,,,,,,,,,,,,,,,,,,1.3110755382690171,2.7806904280938576,2.861554134148334,2.845440302178776,213844,44682.7
2026-09-30T11:58:00-04:00,2.815,2.825,2.81,2.823734,0,0,0,0,0,0,,,,,,,,,,,,,,,,,,,,,,,,,,,,,,,,,,,,,,,,,,,,1.3110755382690171,2.7807658375352244,2.8579522166103977,2.841099041743021,39770,44096.55
2026-09-30T11:59:00-04:00,2.8266,2.8286,2.8101,2.8101,0,0,0,0,0,0,,,,,,,,,,,,,,,,,,,,,,,,,,,,,,,,,,,,,,,,,,,,1.3110755382690171,2.780784107518887,2.8533948626475025,2.8348992333944167,10560,42242.8
2026-09-30T12:00:00-04:00,2.81,2.82,2.8,2.8,0,0,0,0,0,0,,,,,,,,,,,,,,,,,,,,,,,,,,,,,,,,,,,,,,,,,,,,1.3110755382690171,2.7808178757251487,2.8483096376334545,2.8279193867155334,26806,42568.35
2026-09-30T12:01:00-04:00,2.8001,2.805,2.78,2.781,0,0,0,0,0,0,,,,,,,,,,,,,,,,,,,,,,,,,,,,,,,,,,,,,,,,,,,,1.3110755382690171,2.780830631953497,2.841899195954078,2.8185355093724267,33447,41947.2
2026-09-30T12:02:00-04:00,2.78,2.7879,2.74,2.761,0,0,0,0,0,0,,,,,,,,,,,,,,,,,,,,,,,,,,,,,,,,,,,,,,,,,,,,1.3110755382690171,2.780706447828874,2.8341945106251183,2.8070284074979415,144064,47757.45
2026-09-30T12:03:00-04:00,2.7701,2.82,2.7701,2.805,0,0,0,0,0,0,,,,,,,,,,,,,,,,,,,,,,,,,,,,,,,,,,,,,,,,,,,,1.3110755382690171,2.7807495281578873,2.831414081041774,2.8066227259983534,50677,47621.35
2026-09-30T12:04:00-04:00,2.8002,2.81,2.77,2.7701,0,0,0,0,0,0,,,,,,,,,,,,,,,,,,,,,,,,,,,,,,,,,,,,,,,,,,,,1.3110755382690171,2.7807524855746095,2.825574644752081,2.7993181807986827,23502,43449.5
2026-09-30T12:05:00-04:00,2.7701,2.8,2.77,2.795,0,0,0,0,0,0,,,,,,,,,,,,,,,,,,,,,,,,,,,,,,,,,,,,,,,,,,,,1.3110755382690171,2.7807607310869025,2.822662773823311,2.798454544638946,22646,43207.8
2026-09-30T12:06:00-04:00,2.795,2.8,2.79,2.7902,0,0,0,0,0,0,,,,,,,,,,,,,,,,,,,,,,,,,,,,,,,,,,,,,,,,,,,,1.3110755382690171,2.780768660359817,2.819571081078234,2.7968036357111568,13070,41912.05
2026-09-30T12:07:00-04:00,2.7902,2.82,2.785,2.8,0,0,0,0,0,0,,,,,,,,,,,,,,,,,,,,,,,,,,,,,,,,,,,,,,,,,,,,1.3110755382690171,2.780783547666265,2.817707168594593,2.797442908568925,14852,40187.25
2026-09-30T12:08:00-04:00,2.8,2.8053,2.79,2.7983,0,0,0,0,0,0,,,,,,,,,,,,,,,,,,,,,,,,,,,,,,,,,,,,,,,,,,,,1.3110755382690171,2.7807860317117266,2.8158588668236795,2.79761432685514,3032,39981.3
2026-09-30T12:09:00-04:00,2.795,2.8061,2.7901,2.7999,0,0,0,0,0,0,,,,,,,,,,,,,,,,,,,,,,,,,,,,,,,,,,,,,,,,,,,,1.3110755382690171,2.7807928926108816,2.8143389747452336,2.798071461484112,7989,38912.4
2026-09-30T12:10:00-04:00,2.7911,2.8,2.79,2.7998,0,0,0,0,0,0,,,,,,,,,,,,,,,,,,,,,,,,,,,,,,,,,,,,,,,,,,,,1.3110755382690171,2.7808013200515354,2.812954310483782,2.7984171691872897,11127,39275.5
2026-09-30T12:11:00-04:00,2.7901,2.82,2.78,2.8,0,0,0,0,0,0,,,,,,,,,,,,,,,,,,,,,,,,,,,,,,,,,,,,,,,,,,,,1.3110755382690171,2.780826924153772,2.811720566628184,2.7987337353498316,27871,39805.0
2026-09-30T12:12:00-04:00,2.79,2.8095,2.79,2.8,0,0,0,0,0,0,,,,,,,,,,,,,,,,,,,,,,,,,,,,,,,,,,,,,,,,,,,,1.3110755382690171,2.780837316375032,2.810604322187405,2.7989869882798653,11433,38538.8
2026-09-30T12:13:00-04:00,2.7959,2.7999,2.78,2.79,0,0,0,0,0,0,,,,,,,,,,,,,,,,,,,,,,,,,,,,,,,,,,,,,,,,,,,,1.3110755382690171,2.780839364462688,2.808642005788605,2.7971895906238924,4692,36750.0
2026-09-30T12:14:00-04:00,2.78,2.8,2.7703,2.7703,0,0,0,0,0,0,,,,,,,,,,,,,,,,,,,,,,,,,,,,,,,,,,,,,,,,,,,,1.3110755382690171,2.780838942291183,2.8049903861896897,2.7918116724991138,13819,36331.9
2026-09-30T12:15:00-04:00,2.7703,2.79,2.7702,2.7801,0,0,0,0,0,0,,,,,,,,,,,,,,,,,,,,,,,,,,,,,,,,,,,,,,,,,,,,1.3110755382690171,2.7808380444744794,2.802619873219243,2.789469337999291,25459,36544.05
2026-09-30T12:16:00-04:00,2.78,2.7898,2.77,2.775,0,0,0,0,0,0,,,,,,,,,,,,,,,,,,,,,,,,,,,,,,,,,,,,,,,,,,,,1.3110755382690171,2.78083584409504,2.7999894091031248,2.7865754703994328,17946,35830.3
2026-09-30T12:17:00-04:00,2.77,2.77,2.71,2.737483,0,0,0,0,0,0,,,,,,,,,,,,,,,,,,,,,,,,,,,,,,,,,,,,,,,,,,,,1.3110755382690171,2.78073313589917,2.79403641775997,2.7767569763195463,51813,27728.75
2026-09-30T12:18:00-04:00,2.7301,2.758,2.7301,2.7402,0,0,0,0,0,0,,,,,,,,,,,,,,,,,,,,,,,,,,,,,,,,,,,,,,,,,,,,1.3110755382690171,2.7807016004809566,2.788909139878068,2.769445581055637,17477,26614.1
2026-09-30T12:19:00-04:00,2.7402,2.7402,2.71,2.71,0,0,0,0,0,0,,,,,,,,,,,,,,,,,,,,,,,,,,,,,,,,,,,,,,,,,,,,1.3110755382690171,2.7806186451657235,2.7813939836992043,2.7575564648445097,28826,27527.4
2026-09-30T12:20:00-04:00,2.7101,2.72,2.65,2.6801,0,0,0,0,0,0,,,,,,,,,,,,,,,,,,,,,,,,,,,,,,,,,,,,,,,,,,,,1.3110755382690171,2.7802151574572416,2.7717469376326136,2.7420651718756077,87781,30576.15
2026-09-30T12:21:00-04:00,2.68,2.69,2.6701,2.6703,0,0,0,0,0,0,,,,,,,,,,,,,,,,,,,,,,,,,,,,,,,,,,,,,,,,,,,,1.3110755382690171,2.7800669757596923,2.7620853245247456,2.727712137500486,30360,30421.8
2026-09-30T12:22:00-04:00,2.6701,2.69,2.67,2.6897,0,0,0,0,0,0,,,,,,,,,,,,,,,,,,,,,,,,,,,,,,,,,,,,,,,,,,,,1.3110755382690171,2.7798826912043744,2.7551914840938174,2.720109710000389,40400,25238.6
2026-09-30T12:23:00-04:00,2.685,2.7,2.68,2.69,0,0,0,0,0,0,,,,,,,,,,,,,,,,,,,,,,,,,,,,,,,,,,,,,,,,,,,,1.3110755382690171,2.7798367920017446,2.7489827713229777,2.714087768000311,10846,23247.05
2026-09-30T12:24:00-04:00,2.7,2.71,2.7,2.71,0,0,0,0,0,0,,,,,,,,,,,,,,,,,,,,,,,,,,,,,,,,,,,,,,,,,,,,1.3110755382690171,2.779792942367071,2.745270126435075,2.7132702144002487,12736,22708.75
2026-09-30T12:25:00-04:00,2.71,2.715,2.7,2.7,0,0,0,0,0,0,,,,,,,,,,,,,,,,,,,,,,,,,,,,,,,,,,,,,,,,,,,,1.3110755382690171,2.7797212661011397,2.7409586858222106,2.710616171520199,20386,22595.75
2026-09-30T12:26:00-04:00,2.7,2.7001,2.66,2.66,0,0,0,0,0,0,,,,,,,,,,,,,,,,,,,,,,,,,,,,,,,,,,,,,,,,,,,,1.3110755382690171,2.779631643090274,2.733248334791524,2.700492937216159,17941,22839.3
2026-09-30T12:27:00-04:00,2.66,2.66,2.6299,2.63,0,0,0,0,0,0,,,,,,,,,,,,,,,,,,,,,,,,,,,,,,,,,,,,,,,,,,,,1.3110755382690171,2.7794352899621937,2.7234151600494743,2.686394349772927,29974,23595.4
2026-09-30T12:28:00-04:00,2.63,2.63,2.6,2.6,0,0,0,0,0,0,,,,,,,,,,,,,,,,,,,,,,,,,,,,,,,,,,,,,,,,,,,,1.3110755382690171,2.7790047313785924,2.711661335282858,2.6691154798183416,54316,26159.6
2026-09-30T12:29:00-04:00,2.6097,2.62,2.6,2.61,0,0,0,0,0,0,,,,,,,,,,,,,,,,,,,,,,,,,,,,,,,,,,,,,,,,,,,,1.3110755382690171,2.7786612489057236,2.701979303351157,2.657292383854674,43530,27936.65
2026-09-30T12:30:00-04:00,2.6,2.63,2.6,2.6202,0,0,0,0,0,0,,,,,,,,,,,,,,,,,,,,,,,,,,,,,,,,,,,,,,,,,,,,1.3110755382690171,2.7785079277748217,2.6941907982700948,2.6498739070837387,20299,28395.25
2026-09-30T12:31:00-04:00,2.625,2.6624,2.625,2.6498,0,0,0,0,0,0,,,,,,,,,,,,,,,,,,,,,,,,,,,,,,,,,,,,,,,,,,,,1.3110755382690171,2.7783701527622315,2.6899631031967526,2.6498591256669908,22269,28115.15
2026-09-30T12:32:00-04:00,2.64,2.67,2.64,2.655,0,0,0,0,0,0,,,,,,,,,,,,,,,,,,,,,,,,,,,,,,,,,,,,,,,,,,,,1.3110755382690171,2.778240353035146,2.6866332838446807,2.6508873005335927,22603,28673.65
2026-09-30T12:33:00-04:00,2.65,2.68,2.65,2.6699,0,0,0,0,0,0,,,,,,,,,,,,,,,,,,,,,,,,,,,,,,,,,,,,,,,,,,,,1.3110755382690171,2.778147366581363,2.685039637764235,2.654689840426874,17914,29334.75
2026-09-30T12:34:00-04:00,2.665,2.67,2.66,2.67,0,0,0,0,0,0,,,,,,,,,,,,,,,,,,,,,,,,,,,,,,,,,,,,,,,,,,,,1.3110755382690171,2.7780868975101343,2.6836072913104982,2.6577518723414992,11669,29227.25
2026-09-30T12:35:00-04:00,2.6697,2.67,2.6601,2.665,0,0,0,0,0,0,,,,,,,,,,,,,,,,,,,,,,,,,,,,,,,,,,,,,,,,,,,,1.3110755382690171,2.778034486039626,2.681835168328546,2.6592014978731995,9978,28453.2
2026-09-30T12:36:00-04:00,2.66,2.66,2.65,2.655,0,0,0,0,0,0,,,,,,,,,,,,,,,,,,,,,,,,,,,,,,,,,,,,,,,,,,,,1.3110755382690171,2.777965567283248,2.679279438011542,2.6583611982985595,12063,28159.05
2026-09-30T12:37:00-04:00,2.655,2.69,2.6503,2.685,0,0,0,0,0,0,,,,,,,,,,,,,,,,,,,,,,,,,,,,,,,,,,,,,,,,,,,,1.3110755382690171,2.777900101716137,2.679824253439014,2.6636889586388475,13714,26254.1
2026-09-30T12:38:00-04:00,2.69,2.7,2.68,2.6989,0,0,0,0,0,0,,,,,,,,,,,,,,,,,,,,,,,,,,,,,,,,,,,,,,,,,,,,1.3110755382690171,2.777869968102123,2.681640991206727,2.670731166911078,7648,25762.65
2026-09-30T12:39:00-04:00,2.695,2.71,2.69,2.709,0,0,0,0,0,0,,,,,,,,,,,,,,,,,,,,,,,,,,,,,,,,,,,,,,,,,,,,1.3110755382690171,2.77783855906231,2.6842466110918006,2.678384933528862,9047,24773.7
2026-09-30T12:40:00-04:00,2.7099,2.7299,2.7099,2.725,0,0,0,0,0,0,,,,,,,,,,,,,,,,,,,,,,,,,,,,,,,,,,,,,,,,,,,,1.3110755382690171,2.7777929098533556,2.688127886225915,2.6877079468230898,17519,21260.6
2026-09-30T12:41:00-04:00,2.73,2.73,2.7,2.71,0,0,0,0,0,0,,,,,,,,,,,,,,,,,,,,,,,,,,,,,,,,,,,,,,,,,,,,1.3110755382690171,2.777632258781421,2.6902109446805897,2.692166357458472,53925,22438.85
2026-09-30T12:42:00-04:00,2.7199,2.7199,2.69,2.6903,0,0,0,0,0,0,,,,,,,,,,,,,,,,,,,,,,,,,,,,,,,,,,,,,,,,,,,,1.3110755382690171,2.777566800309476,2.6902194261395813,2.691793085966778,18275,21332.6
2026-09-30T12:43:00-04:00,2.6902,2.7,2.6901,2.7,0,0,0,0,0,0,,,,,,,,,,,,,,,,,,,,,,,,,,,,,,,,,,,,,,,,,,,,1.3110755382690171,2.777548420511192,2.6911509093643833,2.693434468773422,4923,21036.45
2026-09-30T12:44:00-04:00,2.695,2.6999,2.66,2.6601,0,0,0,0,0,0,,,,,,,,,,,,,,,,,,,,,,,,,,,,,,,,,,,,,,,,,,,,1.3110755382690171,2.777425187737553,2.688193679901109,2.6867675750187376,25643,21681.8
2026-09-30T12:45:00-04:00,2.66,2.67,2.66,2.665,0,0,0,0,0,0,,,,,,,,,,,,,,,,,,,,,,,,,,,,,,,,,,,,,,,,,,,,1.3110755382690171,2.7773682462811244,2.685984758005765,2.68241406001499,10989,21211.95
2026-09-30T12:46:00-04:00,2.67,2.6799,2.665,2.6797,0,0,0,0,0,0,,,,,,,,,,,,,,,,,,,,,,,,,,,,,,,,,,,,,,,,,,,,1.3110755382690171,2.777343841642428,2.6853862096242636,2.681871248011992,5167,20573.25
2026-09-30T12:47:00-04:00,2.675,2.68,2.665,2.665,0,0,0,0,0,0,,,,,,,,,,,,,,,,,,,,,,,,,,,,,,,,,,,,,,,,,,,,1.3110755382690171,2.7772705479773636,2.683444665850524,2.6784969984095937,14828,19815.95
2026-09-30T12:48:00-04:00,2.66,2.6698,2.66,2.6602,0,0,0,0,0,0,,,,,,,,,,,,,,,,,,,,,,,,,,,,,,,,,,,,,,,,,,,,1.3110755382690171,2.777238574093535,2.6812308881504743,2.674837598727675,6096,17404.95
2026-09-30T12:49:00-04:00,2.6601,2.6601,2.61,2.61,0,0,0,0,0,0,,,,,,,,,,,,,,,,,,,,,,,,,,,,,,,,,,,,,,,,,,,,1.3110755382690171,2.7769031079142907,2.6744469940409052,2.66187007898214,48516,17654.25
2026-09-30T12:50:00-04:00,2.61,2.6299,2.6044,2.605,0,0,0,0,0,0,,,,,,,,,,,,,,,,,,,,,,,,,,,,,,,,,,,,,,,,,,,,1.3110755382690171,2.7767070015059,2.667832994608438,2.6504960631857117,26096,17944.1
2026-09-30T12:51:00-04:00,2.6038,2.6038,2.54,2.5689,0,0,0,0,0,0,,,,,,,,,,,,,,,,,,,,,,,,,,,,,,,,,,,,,,,,,,,,1.3110755382690171,2.775809961437312,2.6584108046457295,2.6341768505485694,95423,21601.8
2026-09-30T12:52:00-04:00,2.57,2.6,2.56,2.5987,0,0,0,0,0,0,,,,,,,,,,,,,,,,,,,,,,,,,,,,,,,,,,,,,,,,,,,,1.3110755382690171,2.7753345222374595,2.6527240613461363,2.6270814804388554,55043,23223.8
2026-09-30T12:53:00-04:00,2.595,2.6,2.585,2.5889,0,0,0,0,0,0,,,,,,,,,,,,,,,,,,,,,,,,,,,,,,,,,,,,,,,,,,,,1.3110755382690171,2.77519029452919,2.646645579313171,2.6194451843510844,17214,23188.8
2026-09-30T12:54:00-04:00,2.5802,2.582,2.57,2.5783,0,0,0,0,0,0,,,,,,,,,,,,,,,,,,,,,,,,,,,,,,,,,,,,,,,,,,,,1.3110755382690171,2.7751095669769428,2.640136476521441,2.6112161474808677,8940,23052.35
2026-09-30T12:55:00-04:00,2.5701,2.59,2.5701,2.5801,0,0,0,0,0,0,,,,,,,,,,,,,,,,,,,,,,,,,,,,,,,,,,,,,,,,,,,,1.3110755382690171,2.775049254942151,2.634418716852732,2.6049929179846942,6797,22893.3
2026-09-30T12:56:00-04:00,2.5802,2.6,2.5801,2.5802,0,0,0,0,0,0,,,,,,,,,,,,,,,,,,,,,,,,,,,,,,,,,,,,,,,,,,,,1.3110755382690171,2.774929504510054,2.6292550295334243,2.600034334387755,13989,22989.6
2026-09-30T12:57:00-04:00,2.585,2.6096,2.585,2.5997,0,0,0,0,0,0,,,,,,,,,,,,,,,,,,,,,,,,,,,,,,,,,,,,,,,,,,,,1.3110755382690171,2.7747773653031143,2.6264402648159555,2.599967467510204,18940,23250.9
2026-09-30T12:58:00-04:00,2.6,2.6,2.59,2.59,0,0,0,0,0,0,,,,,,,,,,,,,,,,,,,,,,,,,,,,,,,,,,,,,,,,,,,,1.3110755382690171,2.774733955183632,2.622969763404912,2.5979739740081635,5268,23131.9
2026-09-30T12:59:00-04:00,2.5899,2.6,2.5899,2.6,0,0,0,0,0,0,,,,,,,,,,,,,,,,,,,,,,,,,,,,,,,,,,,,,,,,,,,,1.3110755382690171,2.7746466745371308,2.6207821668901587,2.598379179206531,10796,23219.35
2026-09-30T13:00:00-04:00,2.5903,2.6099,2.5903,2.6002,0,0,0,0,0,0,,,,,,,,,,,,,,,,,,,,,,,,,,,,,,,,,,,,,,,,,,,,1.3110755382690171,2.77461881045361,2.618821960519667,2.598743343365225,3518,22519.3
2026-09-30T13:01:00-04:00,2.61,2.61,2.6002,2.6098,0,0,0,0,0,0,,,,,,,,,,,,,,,,,,,,,,,,,,,,,,,,,,,,,,,,,,,,1.3110755382690171,2.774507334667245,2.617962726184461,2.60095467469218,14634,20554.75
2026-09-30T13:02:00-04:00,2.605,2.61,2.605,2.6099,0,0,0,0,0,0,,,,,,,,,,,,,,,,,,,,,,,,,,,,,,,,,,,,,,,,,,,,1.3110755382690171,2.774402209652244,2.6171948475002265,2.6027437397537443,13954,20338.7
2026-09-30T13:03:00-04:00,2.6,2.6098,2.6,2.6098,0,0,0,0,0,0,,,,,,,,,,,,,,,,,,,,,,,,,,,,,,,,,,,,,,,,,,,,1.3110755382690171,2.7743811277725,2.6164905763097286,2.6041549918029956,2771,20231.1
2026-09-30T13:04:00-04:00,2.6,2.6087,2.59,2.5962,0,0,0,0,0,0,,,,,,,,,,,,,,,,,,,,,,,,,,,,,,,,,,,,,,,,,,,,1.3110755382690171,2.772506443922939,2.614558140470707,2.6025639934423963,237444,30821.15
2026-09-30T13:05:00-04:00,2.5999,2.6,2.5702,2.585,0,0,0,0,0,0,,,,,,,,,,,,,,,,,,,,,,,,,,,,,,,,,,,,,,,,,,,,1.3110755382690171,2.772029298413658,2.611743079473497,2.599051194753917,56917,33117.55
2026-09-30T13:06:00-04:00,2.58,2.58,2.5701,2.5701,0,0,0,0,0,0,,,,,,,,,,,,,,,,,,,,,,,,,,,,,,,,,,,,,,,,,,,,1.3110755382690171,2.77191120752119,2.6077770719045925,2.593260955803134,13301,33524.25
2026-09-30T13:07:00-04:00,2.57,2.6099,2.54,2.6099,0,0,0,0,0,0,,,,,,,,,,,,,,,,,,,,,,,,,,,,,,,,,,,,,,,,,,,,1.3110755382690171,2.771352943404832,2.6079792555327264,2.596588764642507,67602,36162.95
2026-09-30T13:08:00-04:00,2.6099,2.61,2.6,2.605,0,0,0,0,0,0,,,,,,,,,,,,,,,,,,,,,,,,,,,,,,,,,,,,,,,,,,,,1.3110755382690171,2.7713079274753496,2.607695516910562,2.5982710117140058,6074,36161.85
2026-09-30T13:09:00-04:00,2.6,2.6,2.58,2.6,0,0,0,0,0,0,,,,,,,,,,,,,,,,,,,,,,,,,,,,,,,,,,,,,,,,,,,,1.3110755382690171,2.7711167505447007,2.6069626105381274,2.5986168093712045,24137,34942.9
2026-09-30T13:10:00-04:00,2.5902,2.6,2.57,2.59,0,0,0,0,0,0,,,,,,,,,,,,,,,,,,,,,,,,,,,,,,,,,,,,,,,,,,,,1.3110755382690171,2.770900926433761,2.6053471238202106,2.5968934474969636,26323,34954.25
2026-09-30T13:11:00-04:00,2.58,2.58,2.57,2.575,0,0,0,0,0,0,,,,,,,,,,,,,,,,,,,,,,,,,,,,,,,,,,,,,,,,,,,,1.3110755382690171,2.770722408249021,2.602456921551619,2.592514757997571,20519,31209.05
2026-09-30T13:12:00-04:00,2.57,2.58,2.55,2.5599,0,0,0,0,0,0,,,,,,,,,,,,,,,,,,,,,,,,,,,,,,,,,,,,,,,,,,,,1.3110755382690171,2.7703497423556582,2.5984038814038457,2.5859918063980567,40528,30483.3
2026-09-30T13:13:00-04:00,2.55,2.555,2.5105,2.5203,0,0,0,0,0,0,,,,,,,,,,,,,,,,,,,,,,,,,,,,,,,,,,,,,,,,,,,,1.3110755382690171,2.769515235705619,2.5909654165082414,2.5728534451184455,78137,33529.45
2026-09-30T13:14:00-04:00,2.52,2.54,2.47,2.49,0,0,0,0,0,0,,,,,,,,,,,,,,,,,,,,,,,,,,,,,,,,,,,,,,,,,,,,1.3110755382690171,2.767675476325173,2.5813496625550756,2.5562827560947565,155577,40861.3
2026-09-30T13:15:00-04:00,2.4859,2.51,2.45,2.5,0,0,0,0,0,0,,,,,,,,,,,,,,,,,,,,,,,,,,,,,,,,,,,,,,,,,,,,1.3110755382690171,2.766628507302922,2.5736020756450686,2.545026204875805,85232,44783.05
2026-09-30T13:16:00-04:00,2.4962,2.52,2.4903,2.52,0,0,0,0,0,0,,,,,,,,,,,,,,,,,,,,,,,,,,,,,,,,,,,,,,,,,,,,1.3110755382690171,2.7659023879157307,2.568497116059824,2.5400209639006444,64937,47330.45
2026-09-30T13:17:00-04:00,2.515,2.55,2.5,2.5402,0,0,0,0,0,0,,,,,,,,,,,,,,,,,,,,,,,,,,,,,,,,,,,,,,,,,,,,1.3110755382690171,2.764768735366064,2.565802152625555,2.5400567711205153,110811,51924.0
2026-09-30T13:18:00-04:00,2.549,2.56,2.545,2.55,0,0,0,0,0,0,,,,,,,,,,,,,,,,,,,,,,,,,,,,,,,,,,,,,,,,,,,,1.3110755382690171,2.7645253978675473,2.5642971857088352,2.5420454168964124,26353,52978.25
2026-09-30T13:19:00-04:00,2.555,2.57,2.54,2.545,0,0,0,0,0,0,,,,,,,,,,,,,,,,,,,,,,,,,,,,,,,,,,,,,,,,,,,,1.3110755382690171,2.764279643192751,2.56245935849847,2.54263633351713,26676,53772.25
2026-09-30T13:20:00-04:00,2.5465,2.56,2.541,2.56,0,0,0,0,0,0,,,,,,,,,,,,,,,,,,,,,,,,,,,,,,,,,,,,,,,,,,,,1.3110755382690171,2.764049922129448,2.562225133879568,2.546109066813704,25229,54857.8
2026-09-30T13:21:00-04:00,2.55,2.55,2.5401,2.549,0,0,0,0,0,0,,,,,,,,,,,,,,,,,,,,,,,,,,,,,,,,,,,,,,,,,,,,1.3110755382690171,2.763925944986251,2.5609655973196093,2.5466872534509633,13181,54785.15
2026-09-30T13:22:00-04:00,2.549,2.5499,2.545,2.545,0,0,0,0,0,0,,,,,,,,,,,,,,,,,,,,,,,,,,,,,,,,,,,,,,,,,,,,1.3110755382690171,2.7638921503207547,2.5594450642415514,2.5463498027607705,3600,54267.45
2026-09-30T13:23:00-04:00,2.5411,2.5592,2.54,2.54,0,0,0,0,0,0,,,,,,,,,,,,,,,,,,,,,,,,,,,,,,,,,,,,,,,,,,,,1.3110755382690171,2.7637104890490525,2.557593153361404,2.5450798422086165,19350,55096.4
2026-09-30T13:24:00-04:00,2.5401,2.57,2.5401,2.56,0,0,0,0,0,0,,,,,,,,,,,,,,,,,,,,,,,,,,,,,,,,,,,,,,,,,,,,1.3110755382690171,2.7636372419713457,2.557822376850794,2.548063873766893,8200,43634.2
2026-09-30T13:25:00-04:00,2.5689,2.5695,2.53,2.53,0,0,0,0,0,0,,,,,,,,,,,,,,,,,,,,,,,,,,,,,,,,,,,,,,,,,,,,1.3110755382690171,2.76324931379108,2.555172626674528,2.5444510990135143,40849,42830.8
2026-09-30T13:26:00-04:00,2.53,2.535,2.51,2.515,0,0,0,0,0,0,,,,,,,,,,,,,,,,,,,,,,,,,,,,,,,,,,,,,,,,,,,,1.3110755382690171,2.7631069512099815,2.551346662229335,2.5385608792108116,13595,42845.5
2026-09-30T13:27:00-04:00,2.515,2.53,2.51,2.525,0,0,0,0,0,0,,,,,,,,,,,,,,,,,,,,,,,,,,,,,,,,,,,,,,,,,,,,1.3110755382690171,2.7630038263229912,2.548837456302732,2.535848703368649,9926,39961.7
2026-09-30T13:28:00-04:00,2.52,2.53,2.52,2.53,0,0,0,0,0,0,,,,,,,,,,,,,,,,,,,,,,,,,,,,,,,,,,,,,,,,,,,,1.3110755382690171,2.7629709418357087,2.547043412845329,2.5346789626949193,3234,39819.7
2026-09-30T13:29:00-04:00,2.53,2.55,2.53,2.55,0,0,0,0,0,0,,,,,,,,,,,,,,,,,,,,,,,,,,,,,,,,,,,,,,,,,,,,1.3110755382690171,2.7628655508008806,2.547324992574345,2.537743170155935,11158,39170.75
2026-09-30T13:30:00-04:00,2.545,2.55,2.5401,2.55,0,0,0,0,0,0,,,,,,,,,,,,,,,,,,,,,,,,,,,,,,,,,,,,,,,,,,,,1.3110755382690171,2.762823485198014,2.5475797551863124,2.540194536124748,4526,38080.9
2026-09-30T13:31:00-04:00,2.55,2.55,2.5276,2.5301,0,0,0,0,0,0,,,,,,,,,,,,,,,,,,,,,,,,,,,,,,,,,,,,,,,,,,,,1.3110755382690171,2.7627325008980232,2.5459150165971396,2.5381756288997988,9329,37521.4
2026-09-30T13:32:00-04:00,2.5301,2.54,2.53,2.53,0,0,0,0,0,0,,,,,,,,,,,,,,,,,,,,,,,,,,,,,,,,,,,,,,,,,,,,1.3110755382690171,2.7627138092883845,2.5443993007307455,2.536540503119839,1896,35589.8
2026-09-30T13:33:00-04:00,2.5398,2.54,2.53,2.54,0,0,0,0,0,0,,,,,,,,,,,,,,,,,,,,,,,,,,,,,,,,,,,,,,,,,,,,1.3110755382690171,2.762652722285288,2.5439803197087696,2.5372324024958712,6290,31997.45
2026-09-30T13:34:00-04:00,2.535,2.55,2.535,2.545,0,0,0,0,0,0,,,,,,,,,,,,,,,,,,,,,,,,,,,,,,,,,,,,,,,,,,,,1.3110755382690171,2.762584193433431,2.5440774321174584,2.538785921996697,7275,24582.35
2026-09-30T13:35:00-04:00,2.54,2.54,2.52,2.529,0,0,0,0,0,0,,,,,,,,,,,,,,,,,,,,,,,,,,,,,,,,,,,,,,,,,,,,1.3110755382690171,2.762477491639658,2.54264148620151,2.5368287375973577,10671,20854.3
2026-09-30T13:36:00-04:00,2.52,2.54,2.52,2.535,0,0,0,0,0,0,,,,,,,,,,,,,,,,,,,,,,,,,,,,,,,,,,,,,,,,,,,,1.3110755382690171,2.7624247889160896,2.5419137256108897,2.536462990077886,5320,17873.45
2026-09-30T13:37:00-04:00,2.5301,2.54,2.5301,2.54,0,0,0,0,0,0,,,,,,,,,,,,,,,,,,,,,,,,,,,,,,,,,,,,,,,,,,,,1.3110755382690171,2.762404929788792,2.5417314660289003,2.537170392062309,2050,12435.4
2026-09-30T13:38:00-04:00,2.5302,2.545,2.5302,2.54,0,0,0,0,0,0,,,,,,,,,,,,,,,,,,,,,,,,,,,,,,,,,,,,,,,,,,,,1.3110755382690171,2.7623707587666844,2.541566564502338,2.537736313649847,3555,11295.5
2026-09-30T13:39:00-04:00,2.5498,2.565,2.5498,2.565,0,0,0,0,0,0,,,,,,,,,,,,,,,,,,,,,,,,,,,,,,,,,,,,,,,,,,,,1.3110755382690171,2.762303260063304,2.5437983202640204,2.5431890509198776,7773,10350.35
2026-09-30T13:40:00-04:00,2.5698,2.58,2.5698,2.575,0,0,0,0,0,0,,,,,,,,,,,,,,,,,,,,,,,,,,,,,,,,,,,,,,,,,,,,1.3110755382690171,2.7621904346540127,2.546769908810304,2.549551240735902,14046,9791.2
2026-09-30T13:41:00-04:00,2.5762,2.58,2.57,2.57,0,0,0,0,0,0,,,,,,,,,,,,,,,,,,,,,,,,,,,,,,,,,,,,,,,,,,,,1.3110755382690171,2.7621453084529946,2.548982298447418,2.5536409925887216,5575,9410.9
2026-09-30T13:42:00-04:00,2.58,2.58,2.5601,2.5601,0,0,0,0,0,0,,,,,,,,,,,,,,,,,,,,,,,,,,,,,,,,,,,,,,,,,,,,1.3110755382690171,2.762063775179242,2.5500411271667116,2.5549327940709774,9739,9717.85
2026-09-30T13:43:00-04:00,2.565,2.6,2.565,2.585,0,0,0,0,0,0,,,,,,,,,,,,,,,,,,,,,,,,,,,,,,,,,,,,,,,,,,,,1.3110755382690171,2.76186023482659,2.553370543627025,2.560946235256782,26612,10080.95
2026-09-30T13:44:00-04:00,2.585,2.5998,2.5803,2.59,0,0,0,0,0,0,,,,,,,,,,,,,,,,,,,,,,,,,,,,,,,,,,,,,,,,,,,,1.3110755382690171,2.761799689357665,2.556859063281594,2.5667569882054257,8237,10082.8
2026-09-30T13:45:00-04:00,2.59,2.59,2.58,2.586,0,0,0,0,0,0,,,,,,,,,,,,,,,,,,,,,,,,,,,,,,,,,,,,,,,,,,,,1.3110755382690171,2.7616968578868115,2.559634390588109,2.570605590564341,13630,8721.85
2026-09-30T13:46:00-04:00,2.58,2.585,2.58,2.5801,0,0,0,0,0,0,,,,,,,,,,,,,,,,,,,,,,,,,,,,,,,,,,,,,,,,,,,,1.3110755382690171,2.761675467118708,2.561583496246384,2.5725044724514725,2780,8181.1
2026-09-30T13:47:00-04:00,2.585,2.585,2.5801,2.5801,0,0,0,0,0,0,,,,,,,,,,,,,,,,,,,,,,,,,,,,,,,,,,,,,,,,,,,,1.3110755382690171,2.7616144887902014,2.563346972794347,2.574023577961178,7930,8081.3
2026-09-30T13:48:00-04:00,2.5801,2.5801,2.58,2.58,0,0,0,0,0,0,,,,,,,,,,,,,,,,,,,,,,,,,,,,,,,,,,,,,,,,,,,,1.3110755382690171,2.761610159027642,2.564932975385362,2.5752188623689425,558,7947.5
2026-09-30T13:49:00-04:00,2.5803,2.5898,2.58,2.58,0,0,0,0,0,0,,,,,,,,,,,,,,,,,,,,,,,,,,,,,,,,,,,,,,,,,,,,1.3110755382690171,2.7615730521028627,2.5663679301105655,2.576175089895154,4870,7633.1
2026-09-30T13:50:00-04:00,2.58,2.5801,2.56,2.5602,0,0,0,0,0,0,,,,,,,,,,,,,,,,,,,,,,,,,,,,,,,,,,,,,,,,,,,,1.3110755382690171,2.7614897261216993,2.5657805081952736,2.572980071916123,10016,7907.6
2026-09-30T13:51:00-04:00,2.565,2.5697,2.5501,2.5501,0,0,0,0,0,0,,,,,,,,,,,,,,,,,,,,,,,,,,,,,,,,,,,,,,,,,,,,1.3110755382690171,2.7614565135401183,2.5642871264623905,2.5684040575328986,3797,7631.0
2026-09-30T13:52:00-04:00,2.5502,2.551,2.54,2.54,0,0,0,0,0,0,,,,,,,,,,,,,,,,,,,,,,,,,,,,,,,,,,,,,,,,,,,,1.3110755382690171,2.761393473255823,2.561974066799306,2.562723246026319,6781,7875.25
2026-09-30T13:53:00-04:00,2.531,2.531,2.5201,2.5201,0,0,0,0,0,0,,,,,,,,,,,,,,,,,,,,,,,,,,,,,,,,,,,,,,,,,,,,1.3110755382690171,2.7612692543717334,2.557986060437467,2.554198596821055,12251,8173.3
2026-09-30T13:54:00-04:00,2.5299,2.53,2.505,2.505,0,0,0,0,0,0,,,,,,,,,,,,,,,,,,,,,,,,,,,,,,,,,,,,,,,,,,,,1.3110755382690171,2.761098729159402,2.552939768967232,2.544358877456844,16132,8616.15
2026-09-30T13:55:00-04:00,2.505,2.541,2.505,2.54,0,0,0,0,0,0,,,,,,,,,,,,,,,,,,,,,,,,,,,,,,,,,,,,,,,,,,,,1.3110755382690171,2.7608545157136475,2.551707410017972,2.543487101965475,24670,9316.1
2026-09-30T13:56:00-04:00,2.5499,2.55,2.535,2.535,0,0,0,0,0,0,,,,,,,,,,,,,,,,,,,,,,,,,,,,,,,,,,,,,,,,,,,,1.3110755382690171,2.7607390125200677,2.550116228111498,2.54178968157238,12286,9664.4
2026-09-30T13:57:00-04:00,2.535,2.5355,2.5263,2.535,0,0,0,0,0,0,,,,,,,,,,,,,,,,,,,,,,,,,,,,,,,,,,,,,,,,,,,,1.3110755382690171,2.76064541400345,2.548676587338975,2.540431745257904,9628,10043.3
2026-09-30T13:58:00-04:00,2.535,2.55,2.535,2.55,0,0,0,0,0,0,,,,,,,,,,,,,,,,,,,,,,,,,,,,,,,,,,,,,,,,,,,,1.3110755382690171,2.760471463771504,2.548802626640025,2.5423453962063234,18973,10814.2
2026-09-30T13:59:00-04:00,2.5402,2.56,2.5402,2.55,0,0,0,0,0,0,,,,,,,,,,,,,,,,,,,,,,,,,,,,,,,,,,,,,,,,,,,,1.3110755382690171,2.7603655666443445,2.548916662198118,2.5438763169650587,11844,11017.75
2026-09-30T14:00:00-04:00,2.54,2.55,2.54,2.545,0,0,0,0,0,0,,,,,,,,,,,,,,,,,,,,,,,,,,,,,,,,,,,,,,,,,,,,1.3110755382690171,2.760357760443879,2.548543646750678,2.5441010535720467,853,10358.1
2026-09-30T14:01:00-04:00,2.5402,2.55,2.54,2.5498,0,0,0,0,0,0,,,,,,,,,,,,,,,,,,,,,,,,,,,,,,,,,,,,,,,,,,,,1.3110755382690171,2.7603318402888575,2.5486632994410896,2.545240842857637,2854,10222.05
2026-09-30T14:02:00-04:00,2.54,2.545,2.54,2.5403,0,0,0,0,0,0,,,,,,,,,,,,,,,,,,,,,,,,,,,,,,,,,,,,,,,,,,,,1.3110755382690171,2.760208940253795,2.5478667947324145,2.54425267428611,13242,10397.2
2026-09-30T14:03:00-04:00,2.54,2.5403,2.54,2.5403,0,0,0,0,0,0,,,,,,,,,,,,,,,,,,,,,,,,,,,,,,,,,,,,,,,,,,,,1.3110755382690171,2.7602000373205677,2.5471461476150417,2.543462139428888,953,9114.25
2026-09-30T14:04:00-04:00,2.54,2.5401,2.54,2.5401,0,0,0,0,0,0,,,,,,,,,,,,,,,,,,,,,,,,,,,,,,,,,,,,,,,,,,,,1.3110755382690171,2.7600450749228296,2.5464750859374186,2.54278971154311,16590,9531.9
2026-09-30T14:05:00-04:00,2.545,2.5462,2.54,2.545,0,0,0,0,0,0,,,,,,,,,,,,,,,,,,,,,,,,,,,,,,,,,,,,,,,,,,,,1.3110755382690171,2.7600278665077513,2.5463346015624264,2.543231769234488,1875,8944.15
2026-09-30T14:06:00-04:00,2.5403,2.55,2.5403,2.545,0,0,0,0,0,0,,,,,,,,,,,,,,,,,,,,,,,,,,,,,,,,,,,,,,,,,,,,1.3110755382690171,2.7599786984229513,2.546207496651719,2.5435854153875903,5393,9074.8
2026-09-30T14:07:00-04:00,2.55,2.55,2.54,2.54,0,0,0,0,0,0,,,,,,,,,,,,,,,,,,,,,,,,,,,,,,,,,,,,,,,,,,,,1.3110755382690171,2.7597850388727356,2.5456163064944124,2.5428683323100723,21092,9732.9
2026-09-30T14:08:00-04:00,2.5401,2.56,2.5401,2.5498,0,0,0,0,0,0,,,,,,,,,,,,,,,,,,,,,,,,,,,,,,,,,,,,,,,,,,,,1.3110755382690171,2.759383457976505,2.5460147534949447,2.5442546658480576,45247,11967.35
2026-09-30T14:09:00-04:00,2.545,2.545,2.5401,2.5401,0,0,0,0,0,0,,,,,,,,,,,,,,,,,,,,,,,,,,,,,,,,,,,,,,,,,,,,1.3110755382690171,2.7593144304728923,2.5454514436382834,2.543423732678446,7500,12098.85
2026-09-30T14:10:00-04:00,2.54,2.54,2.535,2.5399,0,0,0,0,0,0,,,,,,,,,,,,,,,,,,,,,,,,,,,,,,,,,,,,,,,,,,,,1.3110755382690171,2.7592709243794924,2.544922734720352,2.542718986142757,4656,11830.85
2026-09-30T14:11:00-04:00,2.535,2.535,2.5303,2.5303,0,0,0,0,0,0,,,,,,,,,,,,,,,,,,,,,,,,,,,,,,,,,,,,,,,,,,,,1.3110755382690171,2.7592536200596536,2.5435300933184135,2.5402351889142056,1800,11731.0
2026-09-30T14:12:00-04:00,2.5303,2.5399,2.53,2.5396,0,0,0,0,0,0,,,,,,,,,,,,,,,,,,,,,,,,,,,,,,,,,,,,,,,,,,,,1.3110755382690171,2.759218425228907,2.54315579871666,2.5401081511313643,3738,11578.85
2026-09-30T14:13:00-04:00,2.535,2.535,2.5,2.53,0,0,0,0,0,0,,,,,,,,,,,,,,,,,,,,,,,,,,,,,,,,,,,,,,,,,,,,1.3110755382690171,2.758820899218038,2.5419028655055493,2.5380865209050913,39657,12949.15
2026-09-30T14:14:00-04:00,2.5393,2.5393,2.5301,2.5301,0,0,0,0,0,0,,,,,,,,,,,,,,,,,,,,,,,,,,,,,,,,,,,,,,,,,,,,1.3110755382690171,2.758768711355933,2.5407787830764494,2.536489216724073,5482,12416.65
2026-09-30T14:15:00-04:00,2.535,2.535,2.53,2.53,0,0,0,0,0,0,,,,,,,,,,,,,,,,,,,,,,,,,,,,,,,,,,,,,,,,,,,,1.3110755382690171,2.758756132280963,2.5397522323072637,2.5351913733792584,1313,11248.8
2026-09-30T14:16:00-04:00,2.525,2.53,2.5202,2.525,0,0,0,0,0,0,,,,,,,,,,,,,,,,,,,,,,,,,,,,,,,,,,,,,,,,,,,,1.3110755382690171,2.7587259697737627,2.53834725780181,2.5331530987034068,3060,10787.5
2026-09-30T14:17:00-04:00,2.5234,2.525,2.505,2.505,0,0,0,0,0,0,,,,,,,,,,,,,,,,,,,,,,,,,,,,,,,,,,,,,,,,,,,,1.3110755382690171,2.7586781259527005,2.535171328487352,2.5275224789627253,4592,10535.7
2026-09-30T14:18:00-04:00,2.5,2.5062,2.4901,2.5062,0,0,0,0,0,0,,,,,,,,,,,,,,,,,,,,,,,,,,,,,,,,,,,,,,,,,,,,1.3110755382690171,2.758591556126418,2.5324121543456997,2.5232579831701805,7964,9985.25
2026-09-30T14:19:00-04:00,2.505,2.505,2.5,2.5,0,0,0,0,0,0,,,,,,,,,,,,,,,,,,,,,,,,,,,,,,,,,,,,,,,,,,,,1.3110755382690171,2.7585701009882664,2.529325282503252,2.5186063865361445,1981,9492.1
2026-09-30T14:20:00-04:00,2.5001,2.52,2.5001,2.52,0,0,0,0,0,0,,,,,,,,,,,,,,,,,,,,,,,,,,,,,,,,,,,,,,,,,,,,1.3110755382690171,2.7583637854638714,2.528437160360085,2.5188851092289157,19977,10448.3
2026-09-30T14:21:00-04:00,2.5199,2.5279,2.515,2.5172,0,0,0,0,0,0,,,,,,,,,,,,,,,,,,,,,,,,,,,,,,,,,,,,,,,,,,,,1.3110755382690171,2.7582454039048643,2.5273669546115056,2.5185480873831327,11799,10895.55
2026-09-30T14:22:00-04:00,2.515,2.5189,2.5103,2.515,0,0,0,0,0,0,,,,,,,,,,,,,,,,,,,,,,,,,,,,,,,,,,,,,,,,,,,,1.3110755382690171,2.7582085662326015,2.52618914941041,2.5178384699065064,3594,10413.15
2026-09-30T14:23:00-04:00,2.515,2.515,2.5102,2.515,0,0,0,0,0,0,,,,,,,,,,,,,,,,,,,,,,,,,,,,,,,,,,,,,,,,,,,,1.3110755382690171,2.758160186609871,2.525123516133228,2.5172707759252053,4696,10600.3
2026-09-30T14:24:00-04:00,2.5198,2.52,2.5101,2.52,0,0,0,0,0,0,,,,,,,,,,,,,,,,,,,,,,,,,,,,,,,,,,,,,,,,,,,,1.3110755382690171,2.758023948415792,2.5246355622157775,2.5178166207401644,13415,10441.55
2026-09-30T14:25:00-04:00,2.52,2.53,2.5001,2.505,0,0,0,0,0,0,,,,,,,,,,,,,,,,,,,,,,,,,,,,,,,,,,,,,,,,,,,,1.3110755382690171,2.7578666459916352,2.5227655086714176,2.5152532965921317,15193,11107.45
2026-09-30T14:26:00-04:00,2.5,2.515,2.5,2.5102,0,0,0,0,0,0,,,,,,,,,,,,,,,,,,,,,,,,,,,,,,,,,,,,,,,,,,,,1.3110755382690171,2.7578278968374152,2.521568793559854,2.5142426372737052,3696,11022.6
2026-09-30T14:27:00-04:00,2.515,2.52,2.505,2.51,0,0,0,0,0,0,,,,,,,,,,,,,,,,,,,,,,,,,,,,,,,,,,,,,,,,,,,,1.3110755382690171,2.757761984752886,2.5204670036970107,2.513394109818964,6373,10286.65
2026-09-30T14:28:00-04:00,2.5001,2.5001,2.43,2.4301,0,0,0,0,0,0,,,,,,,,,,,,,,,,,,,,,,,,,,,,,,,,,,,,,,,,,,,,1.3110755382690171,2.755828318537693,2.5118606223925335,2.4967352878551714,152180,15633.3
2026-09-30T14:29:00-04:00,2.43,2.45,2.43,2.445,0,0,0,0,0,0,,,,,,,,,,,,,,,,,,,,,,,,,,,,,,,,,,,,,,,,,,,,1.3110755382690171,2.7556272939741673,2.505492944069435,2.486388230284137,15337,16025.15
2026-09-30T14:30:00-04:00,2.44,2.46,2.44,2.455,0,0,0,0,0,0,,,,,,,,,,,,,,,,,,,,,,,,,,,,,,,,,,,,,,,,,,,,1.3110755382690171,2.755122228899748,2.5006840922532985,2.4801105842273095,39893,17787.0
2026-09-30T14:31:00-04:00,2.4598,2.4698,2.45,2.46,0,0,0,0,0,0,,,,,,,,,,,,,,,,,,,,,,,,,,,,,,,,,,,,,,,,,,,,1.3110755382690171,2.7550433275192474,2.496809416800603,2.4760884673818477,6419,18017.95
2026-09-30T14:32:00-04:00,2.4568,2.46,2.45,2.455,0,0,0,0,0,0,,,,,,,,,,,,,,,,,,,,,,,,,,,,,,,,,,,,,,,,,,,,1.3110755382690171,2.754912572441373,2.492827567581498,2.4718707739054784,10470,18354.55
2026-09-30T14:33:00-04:00,2.455,2.4598,2.455,2.455,0,0,0,0,0,0,,,,,,,,,,,,,,,,,,,,,,,,,,,,,,,,,,,,,,,,,,,,1.3110755382690171,2.7549038935549195,2.489224942097546,2.468496619124383,699,16406.65
2026-09-30T14:34:00-04:00,2.455,2.46,2.455,2.46,0,0,0,0,0,0,,,,,,,,,,,,,,,,,,,,,,,,,,,,,,,,,,,,,,,,,,,,1.3110755382690171,2.7547463119927893,2.486441614278732,2.4667972952995063,12773,16771.2
2026-09-30T14:35:00-04:00,2.4599,2.465,2.455,2.4601,0,0,0,0,0,0,,,,,,,,,,,,,,,,,,,,,,,,,,,,,,,,,,,,,,,,,,,,1.3110755382690171,2.754623360641955,2.483932889109329,2.465457836239605,10033,17207.2
2026-09-30T14:36:00-04:00,2.4603,2.48,2.4603,2.48,0,0,0,0,0,0,,,,,,,,,,,,,,,,,,,,,,,,,,,,,,,,,,,,,,,,,,,,1.3110755382690171,2.754572332638863,2.483558328241774,2.468366268991684,4365,17272.45
2026-09-30T14:37:00-04:00,2.4799,2.49,2.4704,2.4798,0,0,0,0,0,0,,,,,,,,,,,,,,,,,,,,,,,,,,,,,,,,,,,,,,,,,,,,1.3110755382690171,2.754434563250517,2.483200392218748,2.4706530151933475,12078,17646.75
2026-09-30T14:38:00-04:00,2.471,2.4762,2.47,2.4762,0,0,0,0,0,0,,,,,,,,,,,,,,,,,,,,,,,,,,,,,,,,,,,,,,,,,,,,1.3110755382690171,2.7543943969020077,2.482533688197915,2.471762412154678,3449,17421.0
2026-09-30T14:39:00-04:00,2.48,2.48,2.47,2.475,0,0,0,0,0,0,,,,,,,,,,,,,,,,,,,,,,,,,,,,,,,,,,,,,,,,,,,,1.3110755382690171,2.754302015223759,2.481816194083828,2.4724099297237423,7961,17720.0
2026-09-30T14:40:00-04:00,2.47,2.47,2.47,2.47,0,0,0,0,0,0,,,,,,,,,,,,,,,,,,,,,,,,,,,,,,,,,,,,,,,,,,,,1.3110755382690171,2.7543003148657785,2.4806908422663203,2.471927943778994,144,16728.35
2026-09-30T14:41:00-04:00,2.4797,2.5,2.47,2.48,0,0,0,0,0,0,,,,,,,,,,,,,,,,,,,,,,,,,,,,,,,,,,,,,,,,,,,,1.3110755382690171,2.754118591590777,2.480625047764766,2.4735423550231954,16158,16946.3
2026-09-30T14:42:00-04:00,2.48,2.48,2.475,2.475,0,0,0,0,0,0,,,,,,,,,,,,,,,,,,,,,,,,,,,,,,,,,,,,,,,,,,,,1.3110755382690171,2.754006001205359,2.4800893289300263,2.4738338840185565,9781,17255.65
2026-09-30T14:43:00-04:00,2.475,2.4799,2.4701,2.4701,0,0,0,0,0,0,,,,,,,,,,,,,,,,,,,,,,,,,,,,,,,,,,,,,,,,,,,,1.3110755382690171,2.753957805915323,2.479137964270024,2.473087107214845,4140,17227.85
2026-09-30T14:44:00-04:00,2.4702,2.4799,2.4702,2.4799,0,0,0,0,0,0,,,,,,,,,,,,,,,,,,,,,,,,,,,,,,,,,,,,,,,,,,,,1.3110755382690171,2.7539405532600685,2.4792105391014503,2.474449685771876,1500,16632.1
2026-09-30T14:45:00-04:00,2.475,2.48,2.475,2.475,0,0,0,0,0,0,,,,,,,,,,,,,,,,,,,,,,,,,,,,,,,,,,,,,,,,,,,,1.3110755382690171,2.753932502755635,2.478809535377503,2.474559748617501,700,15907.45
2026-09-30T14:46:00-04:00,2.4702,2.48,2.4702,2.4702,0,0,0,0,0,0,,,,,,,,,,,,,,,,,,,,,,,,,,,,,,,,,,,,,,,,,,,,1.3110755382690171,2.7539070401770784,2.4779895796272644,2.4736877988940007,2189,15832.1
2026-09-30T14:47:00-04:00,2.475,2.51,2.4713,2.51,0,0,0,0,0,0,,,,,,,,,,,,,,,,,,,,,,,,,,,,,,,,,,,,,,,,,,,,1.3110755382690171,2.753799852346971,2.4810381910913346,2.4809502391152005,10068,16016.85
2026-09-30T14:48:00-04:00,2.505,2.51,2.47,2.5,0,0,0,0,0,0,,,,,,,,,,,,,,,,,,,,,,,,,,,,,,,,,,,,,,,,,,,,1.3110755382690171,2.753531612581057,2.482844077654065,2.4847601912921604,24867,9651.2
2026-09-30T14:49:00-04:00,2.4901,2.51,2.4901,2.51,0,0,0,0,0,0,,,,,,,,,,,,,,,,,,,,,,,,,,,,,,,,,,,,,,,,,,,,1.3110755382690171,2.753391008494894,2.485430355972725,2.4898081530337284,13579,9563.3
2026-09-30T14:50:00-04:00,2.5,2.51,2.5,2.505,0,0,0,0,0,0,,,,,,,,,,,,,,,,,,,,,,,,,,,,,,,,,,,,,,,,,,,,1.3110755382690171,2.7533213119197484,2.4872941315943704,2.4928465224269827,6781,7907.7
2026-09-30T14:51:00-04:00,2.5,2.5099,2.495,2.5099,0,0,0,0,0,0,,,,,,,,,,,,,,,,,,,,,,,,,,,,,,,,,,,,,,,,,,,,1.3110755382690171,2.753210717550068,2.4894470714425254,2.496257217941586,10765,8125.0
2026-09-30T14:52:00-04:00,2.51,2.51,2.505,2.5097,0,0,0,0,0,0,,,,,,,,,,,,,,,,,,,,,,,,,,,,,,,,,,,,,,,,,,,,1.3110755382690171,2.7531735371079677,2.4913759217813327,2.498945774353269,3670,7785.0
2026-09-30T14:53:00-04:00,2.505,2.51,2.5001,2.505,0,0,0,0,0,0,,,,,,,,,,,,,,,,,,,,,,,,,,,,,,,,,,,,,,,,,,,,1.3110755382690171,2.7530650157251744,2.4926734530402532,2.500156619482615,10580,8279.05
2026-09-30T14:54:00-04:00,2.505,2.51,2.505,2.505,0,0,0,0,0,0,,,,,,,,,,,,,,,,,,,,,,,,,,,,,,,,,,,,,,,,,,,,1.3110755382690171,2.7530497388460637,2.4938474098935624,2.501125295586092,1500,7715.4
2026-09-30T14:55:00-04:00,2.5,2.5097,2.5,2.5013,0,0,0,0,0,0,,,,,,,,,,,,,,,,,,,,,,,,,,,,,,,,,,,,,,,,,,,,1.3110755382690171,2.75298005592328,2.4945571803798896,2.501160236468874,6762,7551.85
2026-09-30T14:56:00-04:00,2.5002,2.505,2.5002,2.505,0,0,0,0,0,0,,,,,,,,,,,,,,,,,,,,,,,,,,,,,,,,,,,,,,,,,,,,1.3110755382690171,2.752966989763135,2.495551734629424,2.501928189175099,1267,7396.95
2026-09-30T14:57:00-04:00,2.5002,2.52,2.5002,2.515,0,0,0,0,0,0,,,,,,,,,,,,,,,,,,,,,,,,,,,,,,,,,,,,,,,,,,,,1.3110755382690171,2.7528636579739265,2.4974039503790024,2.504542551340079,10371,7311.6
2026-09-30T14:58:00-04:00,2.5101,2.53,2.5101,2.53,0,0,0,0,0,0,,,,,,,,,,,,,,,,,,,,,,,,,,,,,,,,,,,,,,,,,,,,1.3110755382690171,2.7526222412396795,2.5005083360571927,2.5096340410720632,25496,8413.95
2026-09-30T14:59:00-04:00,2.525,2.55,2.515,2.516,0,0,0,0,0,0,,,,,,,,,,,,,,,,,,,,,,,,,,,,,,,,,,,,,,,,,,,,1.3110755382690171,2.7517750810671675,2.501983732623174,2.5109072328576505,91348,12583.3
2026-09-30T15:00:00-04:00,2.515,2.54,2.5119,2.5398,0,0,0,0,0,0,,,,,,,,,,,,,,,,,,,,,,,,,,,,,,,,,,,,,,,,,,,,1.3110755382690171,2.7515746445822815,2.5055852818971576,2.5166857862861205,22064,13679.3
2026-09-30T15:01:00-04:00,2.5399,2.56,2.535,2.545,0,0,0,0,0,0,,,,,,,,,,,,,,,,,,,,,,,,,,,,,,,,,,,,,,,,,,,,1.3110755382690171,2.751493304651813,2.5093390645736187,2.522348629028897,9670,13354.9
2026-09-30T15:02:00-04:00,2.5401,2.55,2.54,2.54,0,0,0,0,0,0,,,,,,,,,,,,,,,,,,,,,,,,,,,,,,,,,,,,,,,,,,,,1.3110755382690171,2.751373221721977,2.5122591536618453,2.5258789032231173,14061,13568.9
2026-09-30T15:03:00-04:00,2.5362,2.55,2.535,2.5401,0,0,0,0,0,0,,,,,,,,,,,,,,,,,,,,,,,,,,,,,,,,,,,,,,,,,,,,1.3110755382690171,2.7513162302695866,2.5149106628369076,2.528723122578494,6627,13693.25
2026-09-30T15:04:00-04:00,2.545,2.55,2.545,2.55,0,0,0,0,0,0,,,,,,,,,,,,,,,,,,,,,,,,,,,,,,,,,,,,,,,,,,,,1.3110755382690171,2.751302760538382,2.5182525044714876,2.532978498062795,1618,13699.15
2026-09-30T15:05:00-04:00,2.545,2.55,2.54,2.5456,0,0,0,0,0,0,,,,,,,,,,,,,,,,,,,,,,,,,,,,,,,,,,,,,,,,,,,,1.3110755382690171,2.751226248112109,2.5208570278551554,2.535502798450236,9055,14116.9
2026-09-30T15:06:00-04:00,2.545,2.545,2.5302,2.535,0,0,0,0,0,0,,,,,,,,,,,,,,,,,,,,,,,,,,,,,,,,,,,,,,,,,,,,1.3110755382690171,2.751126046529169,2.522203977583236,2.535402238760189,11400,14577.45
2026-09-30T15:07:00-04:00,2.5362,2.5398,2.53,2.535,0,0,0,0,0,0,,,,,,,,,,,,,,,,,,,,,,,,,,,,,,,,,,,,,,,,,,,,1.3110755382690171,2.7510227082918313,2.5234226463848324,2.535321791008151,11670,14657.55
2026-09-30T15:08:00-04:00,2.5301,2.5399,2.525,2.53,0,0,0,0,0,0,,,,,,,,,,,,,,,,,,,,,,,,,,,,,,,,,,,,,,,,,,,,1.3110755382690171,2.7509389641168824,2.5240490610148485,2.534257432806521,9323,13880.35
2026-09-30T15:09:00-04:00,2.538,2.5382,2.5303,2.535,0,0,0,0,0,0,,,,,,,,,,,,,,,,,,,,,,,,,,,,,,,,,,,,,,,,,,,,1.3110755382690171,2.750896613309968,2.525092007584863,2.534405946245217,4780,13440.4
2026-09-30T15:10:00-04:00,2.5303,2.535,2.51,2.52,0,0,0,0,0,0,,,,,,,,,,,,,,,,,,,,,,,,,,,,,,,,,,,,,,,,,,,,1.3110755382690171,2.750779837568063,2.5246070544815424,2.5315247569961734,12451,13723.9
2026-09-30T15:11:00-04:00,2.52,2.52,2.51,2.515,0,0,0,0,0,0,,,,,,,,,,,,,,,,,,,,,,,,,,,,,,,,,,,,,,,,,,,,1.3110755382690171,2.7505857011530077,2.523692096911872,2.528219805596939,20141,14192.7
2026-09-30T15:12:00-04:00,2.515,2.5299,2.515,2.525,0,0,0,0,0,0,,,,,,,,,,,,,,,,,,,,,,,,,,,,,,,,,,,,,,,,,,,,1.3110755382690171,2.7505479369945527,2.523816659110741,2.527575844477551,4065,14212.45
2026-09-30T15:13:00-04:00,2.52,2.52,2.515,2.52,0,0,0,0,0,0,,,,,,,,,,,,,,,,,,,,,,,,,,,,,,,,,,,,,,,,,,,,1.3110755382690171,2.7505381611200796,2.5234531677668612,2.5260606755820407,1030,13734.95
2026-09-30T15:14:00-04:00,2.515,2.535,2.515,2.535,0,0,0,0,0,0,,,,,,,,,,,,,,,,,,,,,,,,,,,,,,,,,,,,,,,,,,,,1.3110755382690171,2.750482347978619,2.5245528660747794,2.527848540465633,6147,13967.3
2026-09-30T15:15:00-04:00,2.535,2.55,2.5302,2.5329,0,0,0,0,0,0,,,,,,,,,,,,,,,,,,,,,,,,,,,,,,,,,,,,,,,,,,,,1.3110755382690171,2.7503378009568524,2.525347831210514,2.528858832372506,16636,14461.0
2026-09-30T15:16:00-04:00,2.53,2.5398,2.53,2.53,0,0,0,0,0,0,,,,,,,,,,,,,,,,,,,,,,,,,,,,,,,,,,,,,,,,,,,,1.3110755382690171,2.750302705437014,2.5257908949047514,2.529087065898005,3960,14595.65
2026-09-30T15:17:00-04:00,2.525,2.5358,2.525,2.535,0,0,0,0,0,0,,,,,,,,,,,,,,,,,,,,,,,,,,,,,,,,,,,,,,,,,,,,1.3110755382690171,2.7502495106406384,2.52666795253287,2.530269652718404,5968,14375.5
2026-09-30T15:18:00-04:00,2.5343,2.5343,2.5343,2.5343,0,0,0,0,0,0,,,,,,,,,,,,,,,,,,,,,,,,,,,,,,,,,,,,,,,,,,,,1.3110755382690171,2.750247174806445,2.5273948141964064,2.531075722174723,265,13113.95
2026-09-30T15:19:00-04:00,2.535,2.535,2.535,2.535,0,0,0,0,0,0,,,,,,,,,,,,,,,,,,,,,,,,,,,,,,,,,,,,,,,,,,,,1.3110755382690171,2.7502431334137625,2.5281191176062725,2.5318605777397787,460,8569.55
2026-09-30T15:20:00-04:00,2.5399,2.54,2.51,2.54,0,0,0,0,0,0,,,,,,,,,,,,,,,,,,,,,,,,,,,,,,,,,,,,,,,,,,,,1.3110755382690171,2.75017046786436,2.529250630215199,2.5334884621918228,8086,7870.65
2026-09-30T15:21:00-04:00,2.545,2.55,2.54,2.5498,0,0,0,0,0,0,,,,,,,,,,,,,,,,,,,,,,,,,,,,,,,,,,,,,,,,,,,,1.3110755382690171,2.7501458842076048,2.5312077130518467,2.5367507697534584,2960,7535.15
2026-09-30T15:22:00-04:00,2.545,2.5595,2.54,2.55,0,0,0,0,0,0,,,,,,,,,,,,,,,,,,,,,,,,,,,,,,,,,,,,,,,,,,,,1.3110755382690171,2.7501085597655512,2.5329974546659564,2.5394006158027667,4568,7060.5
2026-09-30T15:23:00-04:00,2.56,2.56,2.555,2.5598,0,0,0,0,0,0,,,,,,,,,,,,,,,,,,,,,,,,,,,,,,,,,,,,,,,,,,,,1.3110755382690171,2.7500824267322748,2.5355500780311035,2.5434804926422134,3340,6896.15
2026-09-30T15:24:00-04:00,2.555,2.56,2.555,2.56,0,0,0,0,0,0,,,,,,,,,,,,,,,,,,,,,,,,,,,,,,,,,,,,,,,,,,,,1.3110755382690171,2.7499043479657135,2.5378786420281414,2.5467843941137707,22792,7954.85
2026-09-30T15:25:00-04:00,2.555,2.5599,2.55,2.5598,0,0,0,0,0,0,,,,,,,,,,,,,,,,,,,,,,,,,,,,,,,,,,,,,,,,,,,,1.3110755382690171,2.7498786299000697,2.5399663904064136,2.5493875152910164,3265,7665.35
2026-09-30T15:26:00-04:00,2.555,2.56,2.5502,2.56,0,0,0,0,0,0,,,,,,,,,,,,,,,,,,,,,,,,,,,,,,,,,,,,,,,,,,,,1.3110755382690171,2.7498035489389583,2.5418743532248502,2.551510012232813,9545,7572.6
2026-09-30T15:27:00-04:00,2.5501,2.555,2.5501,2.554,0,0,0,0,0,0,,,,,,,,,,,,,,,,,,,,,,,,,,,,,,,,,,,,,,,,,,,,1.3110755382690171,2.7497735905500793,2.5430291767272455,2.5520080097862503,3739,7176.05
2026-09-30T15:28:00-04:00,2.555,2.57,2.555,2.57,0,0,0,0,0,0,,,,,,,,,,,,,,,,,,,,,,,,,,,,,,,,,,,,,,,,,,,,1.3110755382690171,2.7495897238383766,2.5455978265627457,2.5556064078290004,24462,7933.0
2026-09-30T15:29:00-04:00,2.565,2.5698,2.5401,2.5403,0,0,0,0,0,0,,,,,,,,,,,,,,,,,,,,,,,,,,,,,,,,,,,,,,,,,,,,1.3110755382690171,2.749521544893584,2.545093271652008,2.5525451262632,8403,8114.15
2026-09-30T15:30:00-04:00,2.5412,2.5589,2.54,2.5589,0,0,0,0,0,0,,,,,,,,,,,,,,,,,,,,,,,,,,,,,,,,,,,,,,,,,,,,1.3110755382690171,2.7494176418067897,2.5464081981613407,2.55381610101056,12982,8140.7
2026-09-30T15:31:00-04:00,2.555,2.56,2.5503,2.555,0,0,0,0,0,0,,,,,,,,,,,,,,,,,,,,,,,,,,,,,,,,,,,,,,,,,,,,1.3110755382690171,2.749348679053134,2.5472264650031176,2.5540528808084484,8735,7570.4
2026-09-30T15:32:00-04:00,2.5599,2.625,2.55,2.6117,0,0,0,0,0,0,,,,,,,,,,,,,,,,,,,,,,,,,,,,,,,,,,,,,,,,,,,,1.3110755382690171,2.7485177962112957,2.5533668016694873,2.5655823046467585,133705,14052.4
2026-09-30T15:33:00-04:00,2.61,2.61,2.6,2.6002,0,0,0,0,0,0,,,,,,,,,,,,,,,,,,,,,,,,,,,,,,,,,,,,,,,,,,,,1.3110755382690171,2.748291306187251,2.557827106272393,2.572505843717406,38683,15935.05
2026-09-30T15:34:00-04:00,2.61,2.62,2.59,2.5901,0,0,0,0,0,0,,,,,,,,,,,,,,,,,,,,,,,,,,,,,,,,,,,,,,,,,,,,1.3110755382690171,2.748143400258116,2.560900715198832,2.5760246749739255,24751,16865.25
2026-09-30T15:35:00-04:00,2.59,2.6,2.5801,2.585,0,0,0,0,0,0,,,,,,,,,,,,,,,,,,,,,,,,,,,,,,,,,,,,,,,,,,,,1.3110755382690171,2.7481069708406713,2.5631958851798955,2.5778197399791405,5658,16316.35
2026-09-30T15:36:00-04:00,2.5866,2.59,2.58,2.58,0,0,0,0,0,0,,,,,,,,,,,,,,,,,,,,,,,,,,,,,,,,,,,,,,,,,,,,1.3110755382690171,2.748096394111794,2.5647962770675243,2.578255791983312,1593,16198.0
2026-09-30T15:37:00-04:00,2.585,2.59,2.585,2.5899,0,0,0,0,0,0,,,,,,,,,,,,,,,,,,,,,,,,,,,,,,,,,,,,,,,,,,,,1.3110755382690171,2.748013625709127,2.567187107822998,2.58058463358665,12861,16542.65
2026-09-30T15:38:00-04:00,2.585,2.605,2.585,2.6001,0,0,0,0,0,0,,,,,,,,,,,,,,,,,,,,,,,,,,,,,,,,,,,,,,,,,,,,1.3110755382690171,2.747789808553806,2.5703216689827126,2.5844877068693197,36782,18368.5
2026-09-30T15:39:00-04:00,2.605,2.61,2.6033,2.605,0,0,0,0,0,0,,,,,,,,,,,,,,,,,,,,,,,,,,,,,,,,,,,,,,,,,,,,1.3110755382690171,2.747666725894383,2.573624367174835,2.588590165495456,21620,19426.5
2026-09-30T15:40:00-04:00,2.6001,2.61,2.6001,2.605,0,0,0,0,0,0,,,,,,,,,,,,,,,,,,,,,,,,,,,,,,,,,,,,,,,,,,,,1.3110755382690171,2.7476532251424635,2.5766125226819936,2.591872132396365,2356,19140.0
2026-09-30T15:41:00-04:00,2.605,2.605,2.5901,2.5971,0,0,0,0,0,0,,,,,,,,,,,,,,,,,,,,,,,,,,,,,,,,,,,,,,,,,,,,1.3110755382690171,2.7476033077970743,2.578563710997994,2.592917705917092,8272,19405.6
2026-09-30T15:42:00-04:00,2.595,2.595,2.585,2.585,0,0,0,0,0,0,,,,,,,,,,,,,,,,,,,,,,,,,,,,,,,,,,,,,,,,,,,,1.3110755382690171,2.7475898760120905,2.579176690902947,2.5913341647336736,2100,19282.2
2026-09-30T15:43:00-04:00,2.585,2.59,2.57,2.585,0,0,0,0,0,0,,,,,,,,,,,,,,,,,,,,,,,,,,,,,,,,,,,,,,,,,,,,1.3110755382690171,2.7473481120761543,2.579731291769334,2.5900673317869387,36336,20932.0
2026-09-30T15:44:00-04:00,2.585,2.6,2.5701,2.6,0,0,0,0,0,0,,,,,,,,,,,,,,,,,,,,,,,,,,,,,,,,,,,,,,,,,,,,1.3110755382690171,2.7469525151207024,2.581661644934159,2.592053865429551,62868,22935.8
2026-09-30T15:45:00-04:00,2.6,2.615,2.595,2.615,0,0,0,0,0,0,,,,,,,,,,,,,,,,,,,,,,,,,,,,,,,,,,,,,,,,,,,,1.3110755382690171,2.746869627272267,2.584836726369001,2.596643092343641,14958,23520.45
2026-09-30T15:46:00-04:00,2.6116,2.62,2.6,2.6089,0,0,0,0,0,0,,,,,,,,,,,,,,,,,,,,,,,,,,,,,,,,,,,,,,,,,,,,1.3110755382690171,2.746773972679085,2.5871284667148107,2.5990944738749127,17448,23915.6
2026-09-30T15:47:00-04:00,2.605,2.64,2.6,2.635,0,0,0,0,0,0,,,,,,,,,,,,,,,,,,,,,,,,,,,,,,,,,,,,,,,,,,,,1.3110755382690171,2.7465990700548124,2.591687660361019,2.60627557909993,36006,25528.95
2026-09-30T15:48:00-04:00,2.635,2.6399,2.6,2.605,0,0,0,0,0,0,,,,,,,,,,,,,,,,,,,,,,,,,,,,,,,,,,,,,,,,,,,,1.3110755382690171,2.746511192740602,2.592955502231398,2.6060204632799437,16747,25143.2
2026-09-30T15:49:00-04:00,2.6097,2.6099,2.56,2.5662,0,0,0,0,0,0,,,,,,,,,,,,,,,,,,,,,,,,,,,,,,,,,,,,,,,,,,,,1.3110755382690171,2.746208361759914,2.590407359161741,2.598056370623955,45351,26990.6
2026-09-30T15:50:00-04:00,2.5599,2.59,2.54,2.565,0,0,0,0,0,0,,,,,,,,,,,,,,,,,,,,,,,,,,,,,,,,,,,,,,,,,,,,1.3110755382690171,2.7459729034770968,2.587987610670147,2.591445096499164,32697,27976.35
2026-09-30T15:51:00-04:00,2.5699,2.59,2.55,2.565,0,0,0,0,0,0,,,,,,,,,,,,,,,,,,,,,,,,,,,,,,,,,,,,,,,,,,,,1.3110755382690171,2.745836951864519,2.585798314415847,2.5861560771993313,19273,28503.25
2026-09-30T15:52:00-04:00,2.565,2.565,2.52,2.54,0,0,0,0,0,0,,,,,,,,,,,,,,,,,,,,,,,,,,,,,,,,,,,,,,,,,,,,1.3110755382690171,2.7454091489601664,2.5814365701857667,2.576924861759465,52877,24461.85
2026-09-30T15:53:00-04:00,2.54,2.58,2.54,2.5736,0,0,0,0,0,0,,,,,,,,,,,,,,,,,,,,,,,,,,,,,,,,,,,,,,,,,,,,1.3110755382690171,2.7453198937218706,2.5806902301680745,2.576259889407572,12459,23150.65
2026-09-30T15:54:00-04:00,2.575,2.575,2.56,2.575,0,0,0,0,0,0,,,,,,,,,,,,,,,,,,,,,,,,,,,,,,,,,,,,,,,,,,,,1.3110755382690171,2.745282106414749,2.5801483034854007,2.5760079115260575,5443,22185.25
2026-09-30T15:55:00-04:00,2.575,2.5799,2.55,2.565,0,0,0,0,0,0,,,,,,,,,,,,,,,,,,,,,,,,,,,,,,,,,,,,,,,,,,,,1.3110755382690171,2.7449916269526686,2.5787056079153627,2.573806329220846,40748,23939.75
2026-09-30T15:56:00-04:00,2.565,2.5698,2.54,2.5599,0,0,0,0,0,0,,,,,,,,,,,,,,,,,,,,,,,,,,,,,,,,,,,,,,,,,,,,1.3110755382690171,2.7448830566084625,2.576914597637709,2.571025063376677,14583,24589.25
2026-09-30T15:57:00-04:00,2.5599,2.56,2.52,2.525,0,0,0,0,0,0,,,,,,,,,,,,,,,,,,,,,,,,,,,,,,,,,,,,,,,,,,,,1.3110755382690171,2.744642483722748,2.5719703502436415,2.5618200507013413,29043,25398.35
2026-09-30T15:58:00-04:00,2.525,2.55,2.52,2.5395,0,0,0,0,0,0,,,,,,,,,,,,,,,,,,,,,,,,,,,,,,,,,,,,,,,,,,,,1.3110755382690171,2.7440650646719034,2.568877935934723,2.557356040561073,70487,27083.6
2026-09-30T15:59:00-04:00,2.54,2.59,2.53,2.59,0,0,0,0,0,0,,,,,,,,,,,,,,,,,,,,,,,,,,,,,,,,,,,,,,,,,,,,1.3110755382690171,2.7436554156444055,2.570889561083797,2.5638848324488586,59938,28999.5
2026-09-30T16:00:00-04:00,2.59,2.59,2.54,2.54,0,0,0,0,0,0,,,,,,,,,,,,,,,,,,,,,,,,,,,,,,,,,,,,,,,,,,,,1.3110755382690171,2.743515303465243,2.5679476981234353,2.5591078659590867,19098,29836.6
2026-09-30T16:01:00-04:00,2.54,2.55,2.5299,2.54,0,0,0,0,0,0,,,,,,,,,,,,,,,,,,,,,,,,,,,,,,,,,,,,,,,,,,,,1.3110755382690171,2.7434231364378907,2.56528601258787,2.5552862927672693,11546,30000.3
2026-09-30T16:02:00-04:00,2.54,2.56,2.53,2.54,0,0,0,0,0,0,,,,,,,,,,,,,,,,,,,,,,,,,,,,,,,,,,,,,,,,,,,,1.3110755382690171,2.74336930516573,2.5628778209128344,2.5522290342138154,6862,30238.4
2026-09-30T16:03:00-04:00,2.54,2.56,2.54,2.56,0,0,0,0,0,0,,,,,,,,,,,,,,,,,,,,,,,,,,,,,,,,,,,,,,,,,,,,1.3110755382690171,2.74336642180377,2.56260374273066,2.5537832273710523,387,28440.95
2026-09-30T16:04:00-04:00,2.565,2.57,2.565,2.5687,0,0,0,0,0,0,,,,,,,,,,,,,,,,,,,,,,,,,,,,,,,,,,,,,,,,,,,,1.3110755382690171,2.743351240426973,2.563184338661073,2.556766581896842,2207,25407.9
2026-09-30T16:05:00-04:00,2.57,2.57,2.565,2.57,0,0,0,0,0,0,,,,,,,,,,,,,,,,,,,,,,,,,,,,,,,,,,,,,,,,,,,,1.3110755382690171,2.743323169079825,2.5638334492647803,2.5594132655174735,4092,24864.6
2026-09-30T16:06:00-04:00,2.565,2.565,2.54,2.54,0,0,0,0,0,0,,,,,,,,,,,,,,,,,,,,,,,,,,,,,,,,,,,,,,,,,,,,1.3110755382690171,2.7432457239631276,2.561563596953849,2.5555306124139787,10137,24499.05
2026-09-30T16:07:00-04:00,2.55,2.55,2.55,2.55,0,0,0,0,0,0,,,,,,,,,,,,,,,,,,,,,,,,,,,,,,,,,,,,,,,,,,,,1.3110755382690171,2.743244898672041,2.5604623020058632,2.5544244899311828,109,22704.2
2026-09-30T16:08:00-04:00,2.55,2.57,2.55,2.57,0,0,0,0,0,0,,,,,,,,,,,,,,,,,,,,,,,,,,,,,,,,,,,,,,,,,,,,1.3110755382690171,2.743228278576151,2.561370654195781,2.557539591944946,2358,21984.75
2026-09-30T16:10:00-04:00,2.57,2.58,2.5699,2.58,0,0,0,0,0,0,,,,,,,,,,,,,,,,,,,,,,,,,,,,,,,,,,,,,,,,,,,,1.3110755382690171,2.7431608395738025,2.563144877605706,2.562031673555957,10337,20234.05
2026-09-30T16:11:00-04:00,2.58,2.5898,2.5705,2.5802,0,0,0,0,0,0,,,,,,,,,,,,,,,,,,,,,,,,,,,,,,,,,,,,,,,,,,,,1.3110755382690171,2.743140658932159,2.5647691749765915,2.5656653388447657,3162,18757.3
2026-09-30T16:12:00-04:00,2.585,2.6,2.585,2.6,0,0,0,0,0,0,,,,,,,,,,,,,,,,,,,,,,,,,,,,,,,,,,,,,,,,,,,,1.3110755382690171,2.743128698995053,2.5681244916454875,2.5725322710758127,2062,17896.75
2026-09-30T16:13:00-04:00,2.605,2.6193,2.5909,2.5909,0,0,0,0,0,0,,,,,,,,,,,,,,,,,,,,,,,,,,,,,,,,,,,,,,,,,,,,1.3110755382690171,2.743118727892095,2.5702935876792505,2.57620581686065,1784,15342.1
2026-09-30T16:14:00-04:00,2.6,2.66,2.6,2.61,0,0,0,0,0,0,,,,,,,,,,,,,,,,,,,,,,,,,,,,,,,,,,,,,,,,,,,,1.3110755382690171,2.7430597893739876,2.5740751507574173,2.58296465348852,12574,15347.85
2026-09-30T16:15:00-04:00,2.6499,2.65,2.62,2.62,0,0,0,0,0,0,,,,,,,,,,,,,,,,,,,,,,,,,,,,,,,,,,,,,,,,,,,,1.3110755382690171,2.7430395082748436,2.5784489459233777,2.5903717227908163,4585,15304.95
2026-09-30T16:16:00-04:00,2.62,2.64,2.6,2.6,0,0,0,0,0,0,,,,,,,,,,,,,,,,,,,,,,,,,,,,,,,,,,,,,,,,,,,,1.3110755382690171,2.7429901863816664,2.580501427264009,2.592297378232653,9723,13753.7
2026-09-30T16:17:00-04:00,2.6295,2.6295,2.61,2.61,0,0,0,0,0,0,,,,,,,,,,,,,,,,,,,,,,,,,,,,,,,,,,,,,,,,,,,,1.3110755382690171,2.742979660193865,2.583310815143627,2.5958379025861222,2128,13130.95
2026-09-30T16:18:00-04:00,2.6199,2.62,2.6102,2.6102,0,0,0,0,0,0,,,,,,,,,,,,,,,,,,,,,,,,,,,,,,,,,,,,,,,,,,,,1.3110755382690171,2.7429715571384383,2.585871689891853,2.598710322068898,1600,11758.8
2026-09-30T16:19:00-04:00,2.615,2.615,2.61,2.6101,0,0,0,0,0,0,,,,,,,,,,,,,,,,,,,,,,,,,,,,,,,,,,,,,,,,,,,,1.3110755382690171,2.74296228214548,2.588179147997391,2.600988257655118,1807,8324.8
2026-09-30T16:20:00-04:00,2.6103,2.62,2.6103,2.62,0,0,0,0,0,0,,,,,,,,,,,,,,,,,,,,,,,,,,,,,,,,,,,,,,,,,,,,1.3110755382690171,2.742955719814638,2.591209705330973,2.6047906061240944,1330,5394.4
2026-09-30T16:21:00-04:00,2.615,2.635,2.6101,2.635,0,0,0,0,0,0,,,,,,,,,,,,,,,,,,,,,,,,,,,,,,,,,,,,,,,,,,,,1.3110755382690171,2.7429301891045563,2.5953802095851657,2.6108324848992757,5618,4720.4
2026-09-30T16:22:00-04:00,2.65,2.65,2.65,2.65,0,0,0,0,0,0,,,,,,,,,,,,,,,,,,,,,,,,,,,,,,,,,,,,,,,,,,,,1.3110755382690171,2.7429298258408976,2.6005820943865783,2.6186659879194205,100,4148.1
2026-09-30T16:23:00-04:00,2.66,2.6603,2.65,2.65,0,0,0,0,0,0,,,,,,,,,,,,,,,,,,,,,,,,,,,,,,,,,,,,,,,,,,,,1.3110755382690171,2.7429026339397953,2.6052885615878565,2.6249327903355364,7775,4193.75
2026-09-30T16:24:00-04:00,2.68,2.68,2.65,2.65,0,0,0,0,0,0,,,,,,,,,,,,,,,,,,,,,,,,,,,,,,,,,,,,,,,,,,,,1.3110755382690171,2.742866229502821,2.6095467938175845,2.6299462322684293,11242,4736.5
2026-09-30T16:25:00-04:00,2.6402,2.6402,2.61,2.63,0,0,0,0,0,0,,,,,,,,,,,,,,,,,,,,,,,,,,,,,,,,,,,,,,,,,,,,1.3110755382690171,2.742854440967256,2.61149471821591,2.6299569858147436,2599,4756.1
2026-09-30T16:26:00-04:00,2.6299,2.68,2.6299,2.68,0,0,0,0,0,0,,,,,,,,,,,,,,,,,,,,,,,,,,,,,,,,,,,,,,,,,,,,1.3110755382690171,2.7428355974367373,2.6180190307667757,2.639965588651795,6066,4854.8
2026-09-30T16:27:00-04:00,2.6899,2.76,2.685,2.75,0,0,0,0,0,0,,,,,,,,,,,,,,,,,,,,,,,,,,,,,,,,,,,,,,,,,,,,1.3110755382690171,2.7428202018090766,2.6305886468842257,2.661972470921436,35350,6115.45
2026-09-30T16:28:00-04:00,2.74,2.75,2.7125,2.72,0,0,0,0,0,0,,,,,,,,,,,,,,,,,,,,,,,,,,,,,,,,,,,,,,,,,,,,1.3110755382690171,2.7428128317219658,2.639104013847633,2.673577976737149,12343,6727.15
2026-09-30T16:29:00-04:00,2.73,2.73,2.7,2.7027,0,0,0,0,0,0,,,,,,,,,,,,,,,,,,,,,,,,,,,,,,,,,,,,,,,,,,,,1.3110755382690171,2.74279698852393,2.645160774433573,2.679402381389719,12744,7246.45
2026-09-30T16:30:00-04:00,2.7193,2.75,2.7193,2.74,0,0,0,0,0,0,,,,,,,,,,,,,,,,,,,,,,,,,,,,,,,,,,,,,,,,,,,,1.3110755382690171,2.7427957943607493,2.654193081630375,2.691521905111775,4818,6970.5
2026-09-30T16:31:00-04:00,2.7398,2.7398,2.73,2.7397,0,0,0,0,0,0,,,,,,,,,,,,,,,,,,,,,,,,,,,,,,,,,,,,,,,,,,,,1.3110755382690171,2.7427942746617844,2.6623365976655777,2.70115752408942,6199,7122.35
2026-09-30T16:32:00-04:00,2.7305,2.78,2.7,2.74,0,0,0,0,0,0,,,,,,,,,,,,,,,,,,,,,,,,,,,,,,,,,,,,,,,,,,,,1.3110755382690171,2.742791556060969,2.669733112173618,2.7089260192715363,25010,8269.75
2026-09-30T16:33:00-04:00,2.74,2.78,2.74,2.77,0,0,0,0,0,0,,,,,,,,,,,,,,,,,,,,,,,,,,,,,,,,,,,,,,,,,,,,1.3110755382690171,2.7428080713392897,2.6792823395856544,2.721140815417229,20684,9214.75
2026-09-30T16:34:00-04:00,2.7798,2.7798,2.73,2.73,0,0,0,0,0,0,,,,,,,,,,,,,,,,,,,,,,,,,,,,,,,,,,,,,,,,,,,,1.3110755382690171,2.7428097601397505,2.6841125929584493,2.722912652333783,11463,9159.2
2026-09-30T16:35:00-04:00,2.7398,2.75,2.73,2.7497,0,0,0,0,0,0,,,,,,,,,,,,,,,,,,,,,,,,,,,,,,,,,,,,,,,,,,,,1.3110755382690171,2.742809903726991,2.690359012676692,2.7282701218670264,8728,9366.35
2026-09-30T16:36:00-04:00,2.74,2.76,2.73,2.76,0,0,0,0,0,0,,,,,,,,,,,,,,,,,,,,,,,,,,,,,,,,,,,,,,,,,,,,1.3110755382690171,2.7428113151046833,2.696991487659864,2.734616097493621,5055,9132.95
2026-09-30T16:37:00-04:00,2.7695,2.78,2.76,2.77,0,0,0,0,0,0,,,,,,,,,,,,,,,,,,,,,,,,,,,,,,,,,,,,,,,,,,,,1.3110755382690171,2.742821209489251,2.7039446793113058,2.741692877994897,9375,9495.3
2026-09-30T16:38:00-04:00,2.778,2.78,2.73,2.75,0,0,0,0,0,0,,,,,,,,,,,,,,,,,,,,,,,,,,,,,,,,,,,,,,,,,,,,1.3110755382690171,2.742836004335077,2.7083309003292766,2.7433543023959173,36308,11230.7
2026-09-30T16:39:00-04:00,2.75,2.75,2.7301,2.7399,0,0,0,0,0,0,,,,,,,,,,,,,,,,,,,,,,,,,,,,,,,,,,,,,,,,,,,,1.3110755382690171,2.742835763274465,2.7113374812502977,2.7426634419167337,2193,11250.0
2026-09-30T16:40:00-04:00,2.73,2.75,2.7,2.75,0,0,0,0,0,0,,,,,,,,,,,,,,,,,,,,,,,,,,,,,,,,,,,,,,,,,,,,1.3110755382690171,2.742833895196988,2.7150196258931265,2.744130753533387,5073,11437.15
2026-09-30T16:41:00-04:00,2.71,2.72,2.7,2.72,0,0,0,0,0,0,,,,,,,,,,,,,,,,,,,,,,,,,,,,,,,,,,,,,,,,,,,,1.3110755382690171,2.7428286133740536,2.7154939472366384,2.7393046028267096,4621,11387.3
2026-09-30T16:42:00-04:00,2.72,2.7461,2.72,2.72,0,0,0,0,0,0,,,,,,,,,,,,,,,,,,,,,,,,,,,,,,,,,,,,,,,,,,,,1.3110755382690171,2.7428273872696542,2.7159230951188635,2.735443682261368,2240,11494.3
2026-09-30T16:43:00-04:00,2.74,2.758,2.74,2.758,0,0,0,0,0,0,,,,,,,,,,,,,,,,,,,,,,,,,,,,,,,,,,,,,,,,,,,,1.3110755382690171,2.7428279515523464,2.7199304193932576,2.739954945809094,1588,11184.95
2026-09-30T16:44:00-04:00,2.75,2.7695,2.75,2.7531,0,0,0,0,0,0,,,,,,,,,,,,,,,,,,,,,,,,,,,,,,,,,,,,,,,,,,,,1.3110755382690171,2.7428311683900657,2.7230894270700903,2.7425839566472754,5648,10905.25
2026-09-30T16:45:00-04:00,2.76,2.76,2.75,2.75,0,0,0,0,0,0,,,,,,,,,,,,,,,,,,,,,,,,,,,,,,,,,,,,,,,,,,,,1.3110755382690171,2.742832725638705,2.7256523387777007,2.74406716531782,3829,10966.75
2026-09-30T16:46:00-04:00,2.7593,2.76,2.73,2.73,0,0,0,0,0,0,,,,,,,,,,,,,,,,,,,,,,,,,,,,,,,,,,,,,,,,,,,,1.3110755382690171,2.7428317287261557,2.726066401751253,2.7412537322542563,9091,11118.0
2026-09-30T16:47:00-04:00,2.72,2.725,2.7198,2.7198,0,0,0,0,0,0,,,,,,,,,,,,,,,,,,,,,,,,,,,,,,,,,,,,,,,,,,,,1.3110755382690171,2.742828089204855,2.725469601584467,2.7369629858034052,4415,9571.25
2026-09-30T16:48:00-04:00,2.7101,2.72,2.7,2.7083,0,0,0,0,0,0,,,,,,,,,,,,,,,,,,,,,,,,,,,,,,,,,,,,,,,,,,,,1.3110755382690171,2.7428201936353216,2.7238344014335656,2.7312303886427243,6110,9259.6
2026-09-30T16:49:00-04:00,2.708,2.71,2.7,2.7008,0,0,0,0,0,0,,,,,,,,,,,,,,,,,,,,,,,,,,,,,,,,,,,,,,,,,,,,1.3110755382690171,2.7428184499246213,2.7216406489160834,2.7251443109141795,1149,8679.85
2026-09-30T16:50:00-04:00,2.7,2.71,2.7,2.7001,0,0,0,0,0,0,,,,,,,,,,,,,,,,,,,,,,,,,,,,,,,,,,,,,,,,,,,,1.3110755382690171,2.7428049506753895,2.719589158543123,2.7201354487313436,8846,8881.25
2026-09-30T16:51:00-04:00,2.7,2.71,2.7,2.71,0,0,0,0,0,0,,,,,,,,,,,,,,,,,,,,,,,,,,,,,,,,,,,,,,,,,,,,1.3110755382690171,2.7427999484282086,2.71867590534854,2.718108358985075,3579,8750.25
2026-09-30T16:52:00-04:00,2.73,2.73,2.73,2.73,0,0,0,0,0,0,,,,,,,,,,,,,,,,,,,,,,,,,,,,,,,,,,,,,,,,,,,,1.3110755382690171,2.7427998830826827,2.7197543905534407,2.72048668718806,132,7506.35
2026-09-30T16:53:00-04:00,2.732,2.74,2.732,2.74,0,0,0,0,0,0,,,,,,,,,,,,,,,,,,,,,,,,,,,,,,,,,,,,,,,,,,,,1.3110755382690171,2.742799695347763,2.7216825438340653,2.724389349750448,888,6516.55
2026-09-30T16:54:00-04:00,2.74,2.74,2.73,2.7304,0,0,0,0,0,0,,,,,,,,,,,,,,,,,,,,,,,,,,,,,,,,,,,,,,,,,,,,1.3110755382690171,2.7427991619011016,2.7225127777546305,2.7255914798003587,1478,6017.3
2026-09-30T16:55:00-04:00,2.74,2.74,2.7201,2.7201,0,0,0,0,0,0,,,,,,,,,,,,,,,,,,,,,,,,,,,,,,,,,,,,,,,,,,,,1.3110755382690171,2.7427985580261214,2.722282989397047,2.724493183840287,972,5629.5
2026-09-30T16:56:00-04:00,2.73,2.73,2.72,2.72,0,0,0,0,0,0,,,,,,,,,,,,,,,,,,,,,,,,,,,,,,,,,,,,,,,,,,,,1.3110755382690171,2.742798341243374,2.7220655618354233,2.7235945470722296,288,5391.15
2026-09-30T16:58:00-04:00,2.7209,2.7581,2.7209,2.7581,0,0,0,0,0,0,,,,,,,,,,,,,,,,,,,,,,,,,,,,,,,,,,,,,,,,,,,,1.3110755382690171,2.742798834420592,2.7254974130891925,2.730495637657784,4396,5142.2
2026-09-30T16:59:00-04:00,2.74,2.7599,2.74,2.75,0,0,0,0,0,0,,,,,,,,,,,,,,,,,,,,,,,,,,,,,,,,,,,,,,,,,,,,1.3110755382690171,2.7427995596018984,2.7278309927949835,2.734396510126227,2617,3457.65
2026-09-30T17:00:00-04:00,2.75,2.76,2.74,2.7586,0,0,0,0,0,0,,,,,,,,,,,,,,,,,,,,,,,,,,,,,,,,,,,,,,,,,,,,1.3110755382690171,2.742802426324442,2.7307613744335564,2.7392372081009815,7368,3716.4
2026-09-30T17:01:00-04:00,2.75,2.766,2.74,2.74,0,0,0,0,0,0,,,,,,,,,,,,,,,,,,,,,,,,,,,,,,,,,,,,,,,,,,,,1.3110755382690171,2.742803230118471,2.7316412435351225,2.739389766480785,3547,3640.1
2026-09-30T17:02:00-04:00,2.74,2.75,2.74,2.75,0,0,0,0,0,0,,,,,,,,,,,,,,,,,,,,,,,,,,,,,,,,,,,,,,,,,,,,1.3110755382690171,2.7428033979188964,2.7333896965317774,2.741511813184628,1124,3465.25
2026-09-30T17:03:00-04:00,2.7513,2.7513,2.73,2.73,0,0,0,0,0,0,,,,,,,,,,,,,,,,,,,,,,,,,,,,,,,,,,,,,,,,,,,,1.3110755382690171,2.7428028412748184,2.733066868290656,2.7392094505477025,2526,3479.55
2026-09-30T17:04:00-04:00,2.73,2.74,2.73,2.74,0,0,0,0,0,0,,,,,,,,,,,,,,,,,,,,,,,,,,,,,,,,,,,,,,,,,,,,1.3110755382690171,2.7428025551237973,2.7337271665486886,2.739367560438162,1207,3460.5
2026-09-30T17:05:00-04:00,2.72,2.72,2.7,2.71,0,0,0,0,0,0,,,,,,,,,,,,,,,,,,,,,,,,,,,,,,,,,,,,,,,,,,,,1.3110755382690171,2.7427952593216056,2.7314674364011946,2.7334940483505297,5758,3466.0
2026-09-30T17:06:00-04:00,2.7,2.71,2.7,2.71,0,0,0,0,0,0,,,,,,,,,,,,,,,,,,,,,,,,,,,,,,,,,,,,,,,,,,,,1.3110755382690171,2.742793347522096,2.7294229186487,2.7287952386804237,1370,3343.05
2026-09-30T17:07:00-04:00,2.7,2.7,2.69,2.6902,0,0,0,0,0,0,,,,,,,,,,,,,,,,,,,,,,,,,,,,,,,,,,,,,,,,,,,,1.3110755382690171,2.742787100176012,2.7256874025869187,2.721076190944339,3275,3052.25
2026-09-30T17:08:00-04:00,2.69,2.695,2.68,2.6803,0,0,0,0,0,0,,,,,,,,,,,,,,,,,,,,,,,,,,,,,,,,,,,,,,,,,,,,1.3110755382690171,2.7427793726472816,2.7213647928167357,2.7129209527554714,3469,3004.95
2026-09-30T17:09:00-04:00,2.68,2.68,2.67,2.67,0,0,0,0,0,0,,,,,,,,,,,,,,,,,,,,,,,,,,,,,,,,,,,,,,,,,,,,1.3110755382690171,2.742771325892391,2.7164729077865704,2.704336762204377,3001,2849.5
2026-09-30T17:10:00-04:00,2.67,2.68,2.66,2.66,0,0,0,0,0,0,,,,,,,,,,,,,,,,,,,,,,,,,,,,,,,,,,,,,,,,,,,,1.3110755382690171,2.7427543454316945,2.7110945356164207,2.6954694097635015,5780,3081.05
2026-09-30T17:11:00-04:00,2.665,2.68,2.66,2.68,0,0,0,0,0,0,,,,,,,,,,,,,,,,,,,,,,,,,,,,,,,,,,,,,,,,,,,,1.3110755382690171,2.742715296020491,2.7081331512719995,2.692375527810801,14580,3367.75
2026-09-30T17:12:00-04:00,2.69,2.7,2.69,2.7,0,0,0,0,0,0,,,,,,,,,,,,,,,,,,,,,,,,,,,,,,,,,,,,,,,,,,,,1.3110755382690171,2.742713020344647,2.707358565436571,2.6939004222486407,1281,3252.85
2026-09-30T17:13:00-04:00,2.71,2.72,2.71,2.7197,0,0,0,0,0,0,,,,,,,,,,,,,,,,,,,,,,,,,,,,,,,,,,,,,,,,,,,,1.3110755382690171,2.7427102225510236,2.7085339401568977,2.6990603377989126,2774,3384.95
2026-09-30T17:14:00-04:00,2.7199,2.72,2.7199,2.72,0,0,0,0,0,0,,,,,,,,,,,,,,,,,,,,,,,,,,,,,,,,,,,,,,,,,,,,1.3110755382690171,2.742709650554845,2.709625945856241,2.70324827023913,652,3373.15
2026-09-30T17:15:00-04:00,2.72,2.72,2.7102,2.72,0,0,0,0,0,0,,,,,,,,,,,,,,,,,,,,,,,,,,,,,,,,,,,,,,,,,,,,1.3110755382690171,2.742707216941546,2.7106139510127893,2.7065986161913043,2429,3420.7
2026-09-30T17:16:00-04:00,2.7197,2.7197,2.7103,2.7103,0,0,0,0,0,0,,,,,,,,,,,,,,,,,,,,,,,,,,,,,,,,,,,,,,,,,,,,1.3110755382690171,2.7427059038740467,2.7105840509163333,2.7073388929530435,1163,3430.25
2026-09-30T17:17:00-04:00,2.71,2.72,2.71,2.72,0,0,0,0,0,0,,,,,,,,,,,,,,,,,,,,,,,,,,,,,,,,,,,,,,,,,,,,1.3110755382690171,2.742705608618776,2.7114808079719204,2.7098711143624348,294,3430.55
2026-09-30T17:18:00-04:00,2.72,2.7486,2.72,2.7297,0,0,0,0,0,0,,,,,,,,,,,,,,,,,,,,,,,,,,,,,,,,,,,,,,,,,,,,1.3110755382690171,2.742704807159913,2.7132159691174516,2.713836891489948,2091,3315.3
2026-09-30T17:19:00-04:00,2.72,2.72,2.6997,2.6997,0,0,0,0,0,0,,,,,,,,,,,,,,,,,,,,,,,,,,,,,,,,,,,,,,,,,,,,1.3110755382690171,2.7426988505810828,2.7119287339634086,2.711009513191958,4263,3397.6
2026-09-30T17:20:00-04:00,2.69,2.69,2.6701,2.6702,0,0,0,0,0,0,,,,,,,,,,,,,,,,,,,,,,,,,,,,,,,,,,,,,,,,,,,,1.3110755382690171,2.7426968244940664,2.7079545688240363,2.7028476105535666,797,3069.05
2026-09-30T17:21:00-04:00,2.67,2.72,2.67,2.69,0,0,0,0,0,0,,,,,,,,,,,,,,,,,,,,,,,,,,,,,,,,,,,,,,,,,,,,1.3110755382690171,2.7426920153132412,2.706244609888414,2.7002780884428534,2527,3018.05
2026-09-30T17:22:00-04:00,2.69,2.69,2.68,2.6806,0,0,0,0,0,0,,,,,,,,,,,,,,,,,,,,,,,,,,,,,,,,,,,,,,,,,,,,1.3110755382690171,2.7426897985032093,2.703802266089517,2.6963424707542827,972,3010.45
2026-09-30T17:23:00-04:00,2.68,2.68,2.67,2.67,0,0,0,0,0,0,,,,,,,,,,,,,,,,,,,,,,,,,,,,,,,,,,,,,,,,,,,,1.3110755382690171,2.7426868574360426,2.7005830026524205,2.691073976603426,1100,2939.15
2026-09-30T17:24:00-04:00,2.68,2.68,2.67,2.67,0,0,0,0,0,0,,,,,,,,,,,,,,,,,,,,,,,,,,,,,,,,,,,,,,,,,,,,1.3110755382690171,2.7426860045732204,2.697670335733142,2.686859181282741,319,2894.75
2026-09-30T17:25:00-04:00,2.665,2.67,2.665,2.67,0,0,0,0,0,0,,,,,,,,,,,,,,,,,,,,,,,,,,,,,,,,,,,,,,,,,,,,1.3110755382690171,2.7426851876962908,2.695035065663319,2.683487345026193,285,2621.1
2026-09-30T17:26:00-04:00,2.66,2.69,2.66,2.69,0,0,0,0,0,0,,,,,,,,,,,,,,,,,,,,,,,,,,,,,,,,,,,,,,,,,,,,1.3110755382690171,2.7426837716810395,2.694555535600146,2.6847898760209543,586,2581.9
2026-09-30T17:27:00-04:00,2.66,2.67,2.65,2.65,0,0,0,0,0,0,,,,,,,,,,,,,,,,,,,,,,,,,,,,,,,,,,,,,,,,,,,,1.3110755382690171,2.742670394450881,2.6903121512572747,2.6778319008167633,4035,2619.9
2026-09-30T17:28:00-04:00,2.66,2.675,2.65,2.65,0,0,0,0,0,0,,,,,,,,,,,,,,,,,,,,,,,,,,,,,,,,,,,,,,,,,,,,1.3110755382690171,2.7426381483674103,2.686472898756582,2.6722655206534105,9924,2942.65
2026-09-30T17:29:00-04:00,2.655,2.66,2.655,2.66,0,0,0,0,0,0,,,,,,,,,,,,,,,,,,,,,,,,,,,,,,,,,,,,,,,,,,,,1.3110755382690171,2.7426370018175814,2.683951670303574,2.6698124165227286,353,2810.25
2026-09-30T17:30:00-04:00,2.66,2.66,2.66,2.66,0,0,0,0,0,0,,,,,,,,,,,,,,,,,,,,,,,,,,,,,,,,,,,,,,,,,,,,1.3110755382690171,2.7426366834427505,2.6816705588460907,2.667849933218183,100,2526.25
2026-09-30T17:31:00-04:00,2.66,2.66,2.64,2.64,0,0,0,0,0,0,,,,,,,,,,,,,,,,,,,,,,,,,,,,,,,,,,,,,,,,,,,,1.3110755382690171,2.742616407333967,2.677701934194082,2.6622799465745466,5485,2071.5
2026-09-30T17:32:00-04:00,2.64,2.65,2.62,2.645,0,0,0,0,0,0,,,,,,,,,,,,,,,,,,,,,,,,,,,,,,,,,,,,,,,,,,,,1.3110755382690171,2.7426019727527216,2.6745874642708363,2.6588239572596373,3594,2187.15
2026-09-30T17:33:00-04:00,2.65,2.65,2.63,2.63,0,0,0,0,0,0,,,,,,,,,,,,,,,,,,,,,,,,,,,,,,,,,,,,,,,,,,,,1.3110755382690171,2.7425935198063525,2.670341039102185,2.6530591658077096,2072,2152.05
2026-09-30T17:34:00-04:00,2.635,2.6399,2.63,2.6399,0,0,0,0,0,0,,,,,,,,,,,,,,,,,,,,,,,,,,,,,,,,,,,,,,,,,,,,1.3110755382690171,2.7425906707522274,2.667441892521025,2.6504273326461676,698,2154.35
2026-09-30T17:35:00-04:00,2.63,2.6399,2.63,2.63,0,0,0,0,0,0,,,,,,,,,,,,,,,,,,,,,,,,,,,,,,,,,,,,,,,,,,,,1.3110755382690171,2.742585721532805,2.663875997995213,2.6463418661169342,1176,2091.7
2026-09-30T17:36:00-04:00,2.635,2.635,2.62,2.62,0,0,0,0,0,0,,,,,,,,,,,,,,,,,,,,,,,,,,,,,,,,,,,,,,,,,,,,1.3110755382690171,2.742561072055334,2.6596973315194785,2.6410734928935473,5445,2305.8
2026-09-30T17:37:00-04:00,2.6203,2.63,2.62,2.63,0,0,0,0,0,0,,,,,,,,,,,,,,,,,,,,,,,,,,,,,,,,,,,,,,,,,,,,1.3110755382690171,2.742557672203841,2.656869014231909,2.638858794314838,762,2329.2
2026-09-30T17:38:00-04:00,2.63,2.64,2.62,2.63,0,0,0,0,0,0,,,,,,,,,,,,,,,,,,,,,,,,,,,,,,,,,,,,,,,,,,,,1.3110755382690171,2.742548347739445,2.6543100604955367,2.63708703545187,2152,2332.25
2026-09-30T17:39:00-04:00,2.63,2.63,2.62,2.63,0,0,0,0,0,0,,,,,,,,,,,,,,,,,,,,,,,,,,,,,,,,,,,,,,,,,,,,1.3110755382690171,2.7425455285268665,2.651994816638819,2.635669628361496,632,2150.7
2026-09-30T17:40:00-04:00,2.62,2.66,2.62,2.66,0,0,0,0,0,0,,,,,,,,,,,,,,,,,,,,,,,,,,,,,,,,,,,,,,,,,,,,1.3110755382690171,2.7425420224086676,2.6527572150541694,2.640535702689197,950,2158.35
2026-09-30T17:41:00-04:00,2.69,2.69,2.69,2.69,0,0,0,0,0,0,,,,,,,,,,,,,,,,,,,,,,,,,,,,,,,,,,,,,,,,,,,,1.3110755382690171,2.7425416522951953,2.6563041469537723,2.6504285621513577,183,2041.15
2026-09-30T17:42:00-04:00,2.67,2.68,2.67,2.67,0,0,0,0,0,0,,,,,,,,,,,,,,,,,,,,,,,,,,,,,,,,,,,,,,,,,,,,1.3110755382690171,2.742531559845632,2.6576085139105556,2.654342849721086,3789,2182.0
2026-09-30T17:43:00-04:00,2.68,2.68,2.67,2.67,0,0,0,0,0,0,,,,,,,,,,,,,,,,,,,,,,,,,,,,,,,,,,,,,,,,,,,,1.3110755382690171,2.742529871399122,2.6587886554428835,2.657474279776869,634,2158.7
2026-09-30T17:44:00-04:00,2.67,2.68,2.67,2.68,0,0,0,0,0,0,,,,,,,,,,,,,,,,,,,,,,,,,,,,,,,,,,,,,,,,,,,,1.3110755382690171,2.7425200808716776,2.660808783495942,2.6619794238214953,3863,2335.9
2026-09-30T17:45:00-04:00,2.68,2.69,2.62,2.62,0,0,0,0,0,0,,,,,,,,,,,,,,,,,,,,,,,,,,,,,,,,,,,,,,,,,,,,1.3110755382690171,2.7424896669942167,2.6569222326868047,2.6535835390571965,7971,2720.2
2026-09-30T17:46:00-04:00,2.69,2.69,2.6698,2.6698,0,0,0,0,0,0,,,,,,,,,,,,,,,,,,,,,,,,,,,,,,,,,,,,,,,,,,,,1.3110755382690171,2.742486744221309,2.6581486867166326,2.6568268312457572,1152,2748.5
2026-09-30T17:47:00-04:00,2.6693,2.6693,2.635,2.65,0,0,0,0,0,0,,,,,,,,,,,,,,,,,,,,,,,,,,,,,,,,,,,,,,,,,,,,1.3110755382690171,2.7424800443676056,2.6573726213150484,2.655461464996606,1913,2642.4
2026-09-30T17:48:00-04:00,2.63,2.65,2.63,2.65,0,0,0,0,0,0,,,,,,,,,,,,,,,,,,,,,,,,,,,,,,,,,,,,,,,,,,,,1.3110755382690171,2.7424671980936632,2.6566704669040915,2.654369171997285,3369,2314.65
2026-09-30T17:49:00-04:00,2.63,2.63,2.63,2.63,0,0,0,0,0,0,,,,,,,,,,,,,,,,,,,,,,,,,,,,,,,,,,,,,,,,,,,,1.3110755382690171,2.742462025183509,2.654130422437035,2.649495337597828,1196,2356.8
2026-09-30T17:50:00-04:00,2.64,2.64,2.64,2.64,0,0,0,0,0,0,,,,,,,,,,,,,,,,,,,,,,,,,,,,,,,,,,,,,,,,,,,,1.3110755382690171,2.7424573205564613,2.652784667919222,2.6475962700782625,1194,2411.5
2026-09-30T17:51:00-04:00,2.64,2.64,2.64,2.64,0,0,0,0,0,0,,,,,,,,,,,,,,,,,,,,,,,,,,,,,,,,,,,,,,,,,,,,1.3110755382690171,2.7424563237353463,2.651567080498344,2.64607701606261,253,2149.9
2026-09-30T17:52:00-04:00,2.64,2.64,2.62,2.62,0,0,0,0,0,0,,,,,,,,,,,,,,,,,,,,,,,,,,,,,,,,,,,,,,,,,,,,1.3110755382690171,2.742438506770062,2.648560691879454,2.640861612850088,4002,2170.3
2026-09-30T17:53:00-04:00,2.63,2.63,2.62,2.62,0,0,0,0,0,0,,,,,,,,,,,,,,,,,,,,,,,,,,,,,,,,,,,,,,,,,,,,1.3110755382690171,2.74243375344485,2.645840625986173,2.6366892902800707,1038,2118.6
2026-09-30T17:54:00-04:00,2.64,2.64,2.63,2.63,0,0,0,0,0,0,,,,,,,,,,,,,,,,,,,,,,,,,,,,,,,,,,,,,,,,,,,,1.3110755382690171,2.742427591848557,2.6443319949398707,2.6353514322240565,1469,2157.15
2026-09-30T17:56:00-04:00,2.63,2.6399,2.62,2.62,0,0,0,0,0,0,,,,,,,,,,,,,,,,,,,,,,,,,,,,,,,,,,,,,,,,,,,,1.3110755382690171,2.7423826909763744,2.6420146620884544,2.6322811457792454,10090,2602.85
2026-09-30T17:57:00-04:00,2.61,2.61,2.6,2.6,0,0,0,0,0,0,,,,,,,,,,,,,,,,,,,,,,,,,,,,,,,,,,,,,,,,,,,,1.3110755382690171,2.742357131208569,2.638013265699078,2.6258249166233965,4784,2569.8
2026-09-30T17:58:00-04:00,2.61,2.63,2.6002,2.6002,0,0,0,0,0,0,,,,,,,,,,,,,,,,,,,,,,,,,,,,,,,,,,,,,,,,,,,,1.3110755382690171,2.742328970920593,2.6344120022991655,2.620699933298717,5544,2808.9
2026-09-30T17:59:00-04:00,2.6008,2.61,2.6008,2.61,0,0,0,0,0,0,,,,,,,,,,,,,,,,,,,,,,,,,,,,,,,,,,,,,,,,,,,,1.3110755382690171,2.742324289944651,2.632087049699245,2.6185599466389737,900,2746.3
2026-09-30T18:00:00-04:00,2.62,2.65,2.62,2.65,0,0,0,0,0,0,,,,,,,,,,,,,,,,,,,,,,,,,,,,,,,,,,,,,,,,,,,,1.3110755382690171,2.742320886086822,2.6337930449659837,2.624847957311179,866,2758.0
2026-09-30T18:01:00-04:00,2.65,2.66,2.65,2.65,0,0,0,0,0,0,,,,,,,,,,,,,,,,,,,,,,,,,,,,,,,,,,,,,,,,,,,,1.3110755382690171,2.742310994765856,2.635336564493033,2.6298783658489433,2894,2855.2
2026-09-30T18:02:00-04:00,2.65,2.65,2.648,2.648,0,0,0,0,0,0,,,,,,,,,,,,,,,,,,,,,,,,,,,,,,,,,,,,,,,,,,,,1.3110755382690171,2.7423090741507865,2.636542605969887,2.6335026926791545,534,2872.75
2026-09-30T18:03:00-04:00,2.65,2.66,2.64,2.65,0,0,0,0,0,0,,,,,,,,,,,,,,,,,,,,,,,,,,,,,,,,,,,,,,,,,,,,1.3110755382690171,2.7422895220129018,2.6378242625441835,2.636802154143324,5516,2959.1
2026-09-30T18:04:00-04:00,2.65,2.65,2.6492,2.6492,0,0,0,0,0,0,,,,,,,,,,,,,,,,,,,,,,,,,,,,,,,,,,,,,,,,,,,,1.3110755382690171,2.7422880962942107,2.638907666111404,2.639281723314659,400,2947.4
2026-09-30T18:05:00-04:00,2.65,2.67,2.65,2.67,0,0,0,0,0,0,,,,,,,,,,,,,,,,,,,,,,,,,,,,,,,,,,,,,,,,,,,,1.3110755382690171,2.7422779593333777,2.6418688407674606,2.645425378651727,3344,2921.45
2026-09-30T18:06:00-04:00,2.67,2.69,2.67,2.67,0,0,0,0,0,0,,,,,,,,,,,,,,,,,,,,,,,,,,,,,,,,,,,,,,,,,,,,1.3110755382690171,2.7422741859702966,2.6445479987896072,2.6503403029213817,1498,2597.8
2026-09-30T18:07:00-04:00,2.67,2.69,2.66,2.67,0,0,0,0,0,0,,,,,,,,,,,,,,,,,,,,,,,,,,,,,,,,,,,,,,,,,,,,1.3110755382690171,2.7422315386299982,2.6469719989048826,2.6542722423371052,16123,3346.35
2026-09-30T18:08:00-04:00,2.67,2.69,2.67,2.69,0,0,0,0,0,0,,,,,,,,,,,,,,,,,,,,,,,,,,,,,,,,,,,,,,,,,,,,1.3110755382690171,2.7422297534359243,2.6510699037710843,2.6614177938696844,790,3290.2
2026-09-30T18:09:00-04:00,2.68,2.6892,2.64,2.66,0,0,0,0,0,0,,,,,,,,,,,,,,,,,,,,,,,,,,,,,,,,,,,,,,,,,,,,1.3110755382690171,2.74221430601476,2.6519203891262193,2.661134235095747,5087,3376.1
2026-09-30T18:10:00-04:00,2.66,2.66,2.64,2.64,0,0,0,0,0,0,,,,,,,,,,,,,,,,,,,,,,,,,,,,,,,,,,,,,,,,,,,,1.3110755382690171,2.7422046419975903,2.650785113971341,2.656907388076598,2637,3448.15
2026-09-30T18:11:00-04:00,2.66,2.66,2.66,2.66,0,0,0,0,0,0,,,,,,,,,,,,,,,,,,,,,,,,,,,,,,,,,,,,,,,,,,,,1.3110755382690171,2.7422040618497205,2.651662722164547,2.6575259104612785,184,3397.65
2026-09-30T18:12:00-04:00,2.68,2.68,2.66,2.67,0,0,0,0,0,0,,,,,,,,,,,,,,,,,,,,,,,,,,,,,,,,,,,,,,,,,,,,1.3110755382690171,2.7422002070464857,2.653409129577447,2.6600207283690227,1392,3454.6
2026-09-30T18:13:00-04:00,2.665,2.6693,2.66,2.66,0,0,0,0,0,0,,,,,,,,,,,,,,,,,,,,,,,,,,,,,,,,,,,,,,,,,,,,1.3110755382690171,2.7421977528235137,2.654036831522452,2.660016582695218,809,3294.95
2026-09-30T18:14:00-04:00,2.66,2.66,2.66,2.66,0,0,0,0,0,0,,,,,,,,,,,,,,,,,,,,,,,,,,,,,,,,,,,,,,,,,,,,1.3110755382690171,2.7421934405020094,2.6546047523298375,2.6600132661561746,1368,3311.45
2026-09-30T18:15:00-04:00,2.66,2.69,2.66,2.69,0,0,0,0,0,0,,,,,,,,,,,,,,,,,,,,,,,,,,,,,,,,,,,,,,,,,,,,1.3110755382690171,2.7421895291562683,2.657975728298424,2.6660106129249397,1640,3320.0
2026-09-30T18:16:00-04:00,2.695,2.695,2.68,2.69,0,0,0,0,0,0,,,,,,,,,,,,,,,,,,,,,,,,,,,,,,,,,,,,,,,,,,,,1.3110755382690171,2.7421797622769017,2.6610256589366696,2.670808490339952,4730,3052.0
2026-09-30T18:17:00-04:00,2.69,2.69,2.68,2.69,0,0,0,0,0,0,,,,,,,,,,,,,,,,,,,,,,,,,,,,,,,,,,,,,,,,,,,,1.3110755382690171,2.742176965692432,2.66378511999032,2.6746467922719614,1314,2878.5
2026-09-30T18:18:00-04:00,2.67,2.67,2.67,2.67,0,0,0,0,0,0,,,,,,,,,,,,,,,,,,,,,,,,,,,,,,,,,,,,,,,,,,,,1.3110755382690171,2.742175305428966,2.664377013324575,2.6737174338175693,600,2631.3
2026-09-30T18:19:00-04:00,2.66,2.67,2.66,2.67,0,0,0,0,0,0,,,,,,,,,,,,,,,,,,,,,,,,,,,,,,,,,,,,,,,,,,,,1.3110755382690171,2.742173733566404,2.664912535865092,2.672973947054055,543,2613.45
2026-09-30T18:20:00-04:00,2.67,2.67,2.66,2.66,0,0,0,0,0,0,,,,,,,,,,,,,,,,,,,,,,,,,,,,,,,,,,,,,,,,,,,,1.3110755382690171,2.74216641676272,2.6644446753065116,2.6703791576432443,2421,2691.2
2026-09-30T18:21:00-04:00,2.665,2.69,2.66,2.6892,0,0,0,0,0,0,,,,,,,,,,,,,,,,,,,,,,,,,,,,,,,,,,,,,,,,,,,,1.3110755382690171,2.7421627576599383,2.66680232527732,2.6741433261145953,1529,2622.95
2026-09-30T18:22:00-04:00,2.68,2.68,2.65,2.65,0,0,0,0,0,0,,,,,,,,,,,,,,,,,,,,,,,,,,,,,,,,,,,,,,,,,,,,1.3110755382690171,2.742157341055003,2.665202103822337,2.669314660891676,1720,2682.25
2026-09-30T18:23:00-04:00,2.68,2.68,2.68,2.68,0,0,0,0,0,0,,,,,,,,,,,,,,,,,,,,,,,,,,,,,,,,,,,,,,,,,,,,1.3110755382690171,2.7421568312238773,2.6666114272678287,2.671451728713341,214,2417.15
2026-09-30T18:24:00-04:00,2.685,2.685,2.63,2.64,0,0,0,0,0,0,,,,,,,,,,,,,,,,,,,,,,,,,,,,,,,,,,,,,,,,,,,,1.3110755382690171,2.742123405320521,2.6640770056232737,2.665161382970673,9641,2879.2
2026-09-30T18:25:00-04:00,2.64,2.64,2.6205,2.63,0,0,0,0,0,0,,,,,,,,,,,,,,,,,,,,,,,,,,,,,,,,,,,,,,,,,,,,1.3110755382690171,2.7421065757264556,2.660831576516295,2.6581291063765384,3924,2908.2
2026-09-30T18:26:00-04:00,2.63,2.63,2.625,2.63,0,0,0,0,0,0,,,,,,,,,,,,,,,,,,,,,,,,,,,,,,,,,,,,,,,,,,,,1.3110755382690171,2.742092286082587,2.657895235895696,2.652503285101231,3279,2997.25
2026-09-30T18:27:00-04:00,2.635,2.6596,2.62,2.6596,0,0,0,0,0,0,,,,,,,,,,,,,,,,,,,,,,,,,,,,,,,,,,,,,,,,,,,,1.3110755382690171,2.7420817566584565,2.65805759438182,2.6539226280809847,2873,2334.75
2026-09-30T18:28:00-04:00,2.6476,2.6499,2.63,2.63,0,0,0,0,0,0,,,,,,,,,,,,,,,,,,,,,,,,,,,,,,,,,,,,,,,,,,,,1.3110755382690171,2.7420700863608944,2.6553854425359327,2.6491381024647875,2890,2439.75
2026-09-30T18:29:00-04:00,2.6207,2.6207,2.62,2.62,0,0,0,0,0,0,,,,,,,,,,,,,,,,,,,,,,,,,,,,,,,,,,,,,,,,,,,,1.3110755382690171,2.742068821953297,2.6520154003896534,2.64331048197183,271,2198.95
2026-09-30T18:30:00-04:00,2.62,2.62,2.62,2.62,0,0,0,0,0,0,,,,,,,,,,,,,,,,,,,,,,,,,,,,,,,,,,,,,,,,,,,,1.3110755382690171,2.7420683544953155,2.648966314638258,2.638648385577464,100,2072.1
2026-09-30T18:31:00-04:00,2.62,2.63,2.62,2.63,0,0,0,0,0,0,,,,,,,,,,,,,,,,,,,,,,,,,,,,,,,,,,,,,,,,,,,,1.3110755382690171,2.742066255382903,2.647159998958424,2.6369187084619714,475,2086.65
2026-09-30T18:32:00-04:00,2.63,2.63,2.63,2.63,0,0,0,0,0,0,,,,,,,,,,,,,,,,,,,,,,,,,,,,,,,,,,,,,,,,,,,,1.3110755382690171,2.742065826238825,2.6455257133433356,2.635534966769577,100,2022.05
2026-09-30T18:33:00-04:00,2.645,2.645,2.62,2.62,0,0,0,0,0,0,,,,,,,,,,,,,,,,,,,,,,,,,,,,,,,,,,,,,,,,,,,,1.3110755382690171,2.7420603737305984,2.643094693024923,2.6324279734156617,1252,2044.2
2026-09-30T18:34:00-04:00,2.62,2.62,2.62,2.62,0,0,0,0,0,0,,,,,,,,,,,,,,,,,,,,,,,,,,,,,,,,,,,,,,,,,,,,1.3110755382690171,2.7420599063394597,2.640895198451121,2.6299423787325296,100,1980.8
2026-09-30T18:35:00-04:00,2.62,2.63,2.62,2.63,0,0,0,0,0,0,,,,,,,,,,,,,,,,,,,,,,,,,,,,,,,,,,,,,,,,,,,,1.3110755382690171,2.7420585056555624,2.639857560503395,2.6299539029860237,317,1914.65
2026-09-30T18:36:00-04:00,2.64,2.6408,2.64,2.6408,0,0,0,0,0,0,,,,,,,,,,,,,,,,,,,,,,,,,,,,,,,,,,,,,,,,,,,,1.3110755382690171,2.742055648398208,2.639947316645929,2.632123122388819,735,1714.9
2026-09-30T18:37:00-04:00,2.64,2.6591,2.64,2.6591,0,0,0,0,0,0,,,,,,,,,,,,,,,,,,,,,,,,,,,,,,,,,,,,,,,,,,,,1.3110755382690171,2.742052211255176,2.6417713817272688,2.637518497911055,1005,1699.45
2026-09-30T18:38:00-04:00,2.64,2.65,2.64,2.65,0,0,0,0,0,0,,,,,,,,,,,,,,,,,,,,,,,,,,,,,,,,,,,,,,,,,,,,1.3110755382690171,2.7420433335918113,2.642555059658005,2.640014798328844,2431,1791.0
2026-09-30T18:39:00-04:00,2.65,2.65,2.6496,2.65,0,0,0,0,0,0,,,,,,,,,,,,,,,,,,,,,,,,,,,,,,,,,,,,,,,,,,,,1.3110755382690171,2.7420352175972744,2.6432641015953378,2.6420118386630755,2300,1878.85
2026-09-30T18:40:00-04:00,2.645,2.645,2.64,2.64,0,0,0,0,0,0,,,,,,,,,,,,,,,,,,,,,,,,,,,,,,,,,,,,,,,,,,,,1.3110755382690171,2.7420310604076357,2.6429532347767344,2.6416094709304603,1082,1811.9
2026-09-30T18:41:00-04:00,2.64,2.64,2.64,2.64,0,0,0,0,0,0,,,,,,,,,,,,,,,,,,,,,,,,,,,,,,,,,,,,,,,,,,,,1.3110755382690171,2.742029498121197,2.6426719743218072,2.6412875767443684,400,1755.45
2026-09-30T18:42:00-04:00,2.65,2.66,2.635,2.64,0,0,0,0,0,0,,,,,,,,,,,,,,,,,,,,,,,,,,,,,,,,,,,,,,,,,,,,1.3110755382690171,2.742026170260254,2.6424175005768733,2.6410300613954947,896,1714.25
2026-09-30T18:43:00-04:00,2.6405,2.6406,2.6405,2.6406,0,0,0,0,0,0,,,,,,,,,,,,,,,,,,,,,,,,,,,,,,,,,,,,,,,,,,,,1.3110755382690171,2.7420253935254237,2.642244405283838,2.6409440491163956,200,1713.55
2026-09-30T18:44:00-04:00,2.6501,2.6501,2.65,2.65,0,0,0,0,0,0,,,,,,,,,,,,,,,,,,,,,,,,,,,,,,,,,,,,,,,,,,,,1.3110755382690171,2.7420217421043813,2.642983033352044,2.6427552392931166,1037,1283.35
2026-09-30T18:45:00-04:00,2.64,2.64,2.64,2.64,0,0,0,0,0,0,,,,,,,,,,,,,,,,,,,,,,,,,,,,,,,,,,,,,,,,,,,,1.3110755382690171,2.7420129096673893,2.6426989349375636,2.642204191434493,2262,1200.25
2026-09-30T18:47:00-04:00,2.65,2.65,2.64,2.64,0,0,0,0,0,0,,,,,,,,,,,,,,,,,,,,,,,,,,,,,,,,,,,,,,,,,,,,1.3110755382690171,2.7420103377425016,2.6424418935149383,2.6417633531475944,681,1070.35
2026-09-30T18:48:00-04:00,2.63,2.64,2.63,2.63,0,0,0,0,0,0,,,,,,,,,,,,,,,,,,,,,,,,,,,,,,,,,,,,,,,,,,,,1.3110755382690171,2.742005700306954,2.6412569512754205,2.6394106825180756,1115,982.45
2026-09-30T18:50:00-04:00,2.63,2.63,2.63,2.63,0,0,0,0,0,0,,,,,,,,,,,,,,,,,,,,,,,,,,,,,,,,,,,,,,,,,,,,1.3110755382690171,2.7419998023574417,2.6401848606777616,2.6375285460144604,1376,906.75
2026-09-30T18:51:00-04:00,2.63,2.63,2.62,2.62,0,0,0,0,0,0,,,,,,,,,,,,,,,,,,,,,,,,,,,,,,,,,,,,,,,,,,,,1.3110755382690171,2.7419890815558112,2.638262492994165,2.6340228368115683,2361,1011.25
2026-09-30T18:52:00-04:00,2.61,2.61,2.5902,2.5902,0,0,0,0,0,0,,,,,,,,,,,,,,,,,,,,,,,,,,,,,,,,,,,,,,,,,,,,1.3110755382690171,2.741927911524857,2.6336851127090064,2.6252582694492546,11015,1557.0
2026-09-30T18:53:00-04:00,2.6,2.62,2.6,2.61,0,0,0,0,0,0,,,,,,,,,,,,,,,,,,,,,,,,,,,,,,,,,,,,,,,,,,,,1.3110755382690171,2.7418668918919016,2.631429387689101,2.6222066155594037,12098,2138.15
2026-09-30T18:54:00-04:00,2.63,2.63,2.61,2.62,0,0,0,0,0,0,,,,,,,,,,,,,,,,,,,,,,,,,,,,,,,,,,,,,,,,,,,,1.3110755382690171,2.7418587901991773,2.6303408745758534,2.621765292447523,1739,2220.1
2026-09-30T18:55:00-04:00,2.63,2.63,2.63,2.63,0,0,0,0,0,0,,,,,,,,,,,,,,,,,,,,,,,,,,,,,,,,,,,,,,,,,,,,1.3110755382690171,2.741857853713699,2.630308410330534,2.6234122339580184,219,2168.45
2026-09-30T18:56:00-04:00,2.63,2.63,2.615,2.615,0,0,0,0,0,0,,,,,,,,,,,,,,,,,,,,,,,,,,,,,,,,,,,,,,,,,,,,1.3110755382690171,2.7418462459914963,2.6288504664895305,2.621729787166415,2492,2288.05
2026-09-30T18:57:00-04:00,2.62,2.66,2.62,2.62,0,0,0,0,0,0,,,,,,,,,,,,,,,,,,,,,,,,,,,,,,,,,,,,,,,,,,,,1.3110755382690171,2.741821310481293,2.628007564919099,2.621383829733132,6013,2572.85
2026-09-30T18:58:00-04:00,2.62,2.63,2.61,2.61,0,0,0,0,0,0,,,,,,,,,,,,,,,,,,,,,,,,,,,,,,,,,,,,,,,,,,,,1.3110755382690171,2.7418143995517124,2.6262925587363273,2.6191070637865055,1445,2608.35
2026-09-30T18:59:00-04:00,2.62,2.6387,2.6,2.6387,0,0,0,0,0,0,,,,,,,,,,,,,,,,,,,,,,,,,,,,,,,,,,,,,,,,,,,,1.3110755382690171,2.7418089246035624,2.627474219809058,2.6230256510292045,1235,2619.85
2026-09-30T19:00:00-04:00,2.63,2.63,2.62,2.62,0,0,0,0,0,0,,,,,,,,,,,,,,,,,,,,,,,,,,,,,,,,,,,,,,,,,,,,1.3110755382690171,2.741805692268271,2.626762389351053,2.6224205208233635,714,2534.0
2026-09-30T19:02:00-04:00,2.62,2.6399,2.62,2.6399,0,0,0,0,0,0,,,,,,,,,,,,,,,,,,,,,,,,,,,,,,,,,,,,,,,,,,,,1.3110755382690171,2.7418026523140977,2.628013590365238,2.625916416658691,733,2455.65
2026-09-30T19:03:00-04:00,2.625,2.6399,2.625,2.6399,0,0,0,0,0,0,,,,,,,,,,,,,,,,,,,,,,,,,,,,,,,,,,,,,,,,,,,,1.3110755382690171,2.741799499962322,2.6291456293780726,2.6287131333269524,772,2440.15
2026-09-30T19:04:00-04:00,2.64,2.64,2.64,2.64,0,0,0,0,0,0,,,,,,,,,,,,,,,,,,,,,,,,,,,,,,,,,,,,,,,,,,,,1.3110755382690171,2.741797648524926,2.630179378961113,2.630970506661562,476,2443.95
2026-09-30T19:05:00-04:00,2.64,2.64,2.635,2.635,0,0,0,0,0,0,,,,,,,,,,,,,,,,,,,,,,,,,,,,,,,,,,,,,,,,,,,,1.3110755382690171,2.741796090004702,2.6306384857267213,2.6317764053292496,388,2418.55
2026-09-30T19:06:00-04:00,2.63,2.635,2.63,2.635,0,0,0,0,0,0,,,,,,,,,,,,,,,,,,,,,,,,,,,,,,,,,,,,,,,,,,,,1.3110755382690171,2.7417932099289777,2.631053868038462,2.6324211242633995,695,2443.3
2026-09-30T19:07:00-04:00,2.63,2.66,2.63,2.66,0,0,0,0,0,0,,,,,,,,,,,,,,,,,,,,,,,,,,,,,,,,,,,,,,,,,,,,1.3110755382690171,2.7417906954021154,2.6338106425109897,2.6379368994107195,717,2427.3
2026-09-30T19:08:00-04:00,2.68,2.68,2.6594,2.6594,0,0,0,0,0,0,,,,,,,,,,,,,,,,,,,,,,,,,,,,,,,,,,,,,,,,,,,,1.3110755382690171,2.741782518956714,2.63624772417661,2.6422295195285757,2834,2455.9
2026-09-30T19:11:00-04:00,2.6691,2.6691,2.665,2.665,0,0,0,0,0,0,,,,,,,,,,,,,,,,,,,,,,,,,,,,,,,,,,,,,,,,,,,,1.3110755382690171,2.7417817670250613,2.63898603615979,2.6467836156228604,261,2434.9
2026-09-30T19:12:00-04:00,2.665,2.6699,2.665,2.6699,0,0,0,0,0,0,,,,,,,,,,,,,,,,,,,,,,,,,,,,,,,,,,,,,,,,,,,,1.3110755382690171,2.7417644435672273,2.641930223192191,2.6514068924982883,6170,2687.65
2026-09-30T19:13:00-04:00,2.67,2.68,2.67,2.68,0,0,0,0,0,0,,,,,,,,,,,,,,,,,,,,,,,,,,,,,,,,,,,,,,,,,,,,1.3110755382690171,2.741763101037764,2.645555916221506,2.6571255139986305,540,2645.85
2026-09-30T19:14:00-04:00,2.69,2.69,2.69,2.69,0,0,0,0,0,0,,,,,,,,,,,,,,,,,,,,,,,,,,,,,,,,,,,,,,,,,,,,1.3110755382690171,2.741762513905809,2.6497886861051723,2.663700411198904,297,2542.65
2026-09-30T19:15:00-04:00,2.685,2.685,2.68,2.68,0,0,0,0,0,0,,,,,,,,,,,,,,,,,,,,,,,,,,,,,,,,,,,,,,,,,,,,1.3110755382690171,2.7417602578976896,2.652665954095156,2.6669603289591235,983,2041.05
2026-09-30T19:16:00-04:00,2.69,2.69,2.68,2.6899,0,0,0,0,0,0,,,,,,,,,,,,,,,,,,,,,,,,,,,,,,,,,,,,,,,,,,,,1.3110755382690171,2.7417561297852893,2.6562120537051412,2.6715482631672987,1961,1534.2
2026-09-30T19:17:00-04:00,2.68,2.69,2.68,2.69,0,0,0,0,0,0,,,,,,,,,,,,,,,,,,,,,,,,,,,,,,,,,,,,,,,,,,,,1.3110755382690171,2.7417425034447085,2.6594299533522707,2.675238610533839,6479,1771.2
2026-09-30T19:18:00-04:00,2.69,2.69,2.685,2.685,0,0,0,0,0,0,,,,,,,,,,,,,,,,,,,,,,,,,,,,,,,,,,,,,,,,,,,,1.3110755382690171,2.7417417149679904,2.6618651958901496,2.677190888427071,375,1779.0
2026-09-30T19:19:00-04:00,2.69,2.69,2.68,2.68,0,0,0,0,0,0,,,,,,,,,,,,,,,,,,,,,,,,,,,,,,,,,,,,,,,,,,,,1.3110755382690171,2.7417354587363345,2.663592320091088,2.677752710741657,2806,1794.7
2026-09-30T19:20:00-04:00,2.6798,2.68,2.66,2.6798,0,0,0,0,0,0,,,,,,,,,,,,,,,,,,,,,,,,,,,,,,,,,,,,,,,,,,,,1.3110755382690171,2.741671435280373,2.6651359086538413,2.6781621685933255,24519,2720.0
2026-09-30T19:21:00-04:00,2.68,2.68,2.68,2.68,0,0,0,0,0,0,,,,,,,,,,,,,,,,,,,,,,,,,,,,,,,,,,,,,,,,,,,,1.3110755382690171,2.7416710307479386,2.6665515364010943,2.6785297348746604,172,2656.35
2026-09-30T19:22:00-04:00,2.68,2.68,2.68,2.68,0,0,0,0,0,0,,,,,,,,,,,,,,,,,,,,,,,,,,,,,,,,,,,,,,,,,,,,1.3110755382690171,2.7416686789202993,2.667832342458133,2.6788237878997285,1000,2644.6
2026-09-30T19:23:00-04:00,2.68,2.68,2.68,2.68,0,0,0,0,0,0,,,,,,,,,,,,,,,,,,,,,,,,,,,,,,,,,,,,,,,,,,,,1.3110755382690171,2.74166835438217,2.66899116698593,2.6790590303197828,138,2615.8
2026-09-30T19:25:00-04:00,2.685,2.685,2.68,2.6801,0,0,0,0,0,0,,,,,,,,,,,,,,,,,,,,,,,,,,,,,,,,,,,,,,,,,,,,1.3110755382690171,2.7416659852639844,2.670049151082508,2.679267224255826,1036,2630.95
2026-09-30T19:26:00-04:00,2.685,2.7,2.685,2.7,0,0,0,0,0,0,,,,,,,,,,,,,,,,,,,,,,,,,,,,,,,,,,,,,,,,,,,,1.3110755382690171,2.7416640901416502,2.672901612884174,2.683413779404661,1065,2645.6
2026-09-30T19:27:00-04:00,2.7,2.74,2.7,2.74,0,0,0,0,0,0,,,,,,,,,,,,,,,,,,,,,,,,,,,,,,,,,,,,,,,,,,,,1.3110755382690171,2.741662229479508,2.6792919354666336,2.6947310235237287,3254,2784.5
2026-09-30T19:28:00-04:00,2.73,2.7398,2.72,2.735,0,0,0,0,0,0,,,,,,,,,,,,,,,,,,,,,,,,,,,,,,,,,,,,,,,,,,,,1.3110755382690171,2.7416603020415655,2.6845974654221925,2.702784818818983,5025,3016.35
2026-09-30T19:29:00-04:00,2.7399,2.74,2.7302,2.7399,0,0,0,0,0,0,,,,,,,,,,,,,,,,,,,,,,,,,,,,,,,,,,,,,,,,,,,,1.3110755382690171,2.741659583431675,2.6898643734772216,2.7102078550551867,3801,3171.65
2026-09-30T19:30:00-04:00,2.73,2.74,2.73,2.7399,0,0,0,0,0,0,,,,,,,,,,,,,,,,,,,,,,,,,,,,,,,,,,,,,,,,,,,,1.3110755382690171,2.741659013762091,2.694629671241296,2.7161462840441493,2974,3284.5
2026-09-30T19:31:00-04:00,2.7303,2.735,2.73,2.735,0,0,0,0,0,0,,,,,,,,,,,,,,,,,,,,,,,,,,,,,,,,,,,,,,,,,,,,1.3110755382690171,2.74165621809856,2.6984744644564107,2.7199170272353195,8814,3583.5
2026-09-30T19:32:00-04:00,2.7398,2.74,2.73,2.74,0,0,0,0,0,0,,,,,,,,,,,,,,,,,,,,,,,,,,,,,,,,,,,,,,,,,,,,1.3110755382690171,2.7416559077049385,2.702429277365324,2.7239336217882557,1633,3652.1
2026-09-30T19:33:00-04:00,2.7301,2.7398,2.73,2.7303,0,0,0,0,0,0,,,,,,,,,,,,,,,,,,,,,,,,,,,,,,,,,,,,,,,,,,,,1.3110755382690171,2.7416555250014354,2.70508363190196,2.7252068974306045,1212,3404.2
2026-09-30T19:34:00-04:00,2.735,2.79,2.735,2.79,0,0,0,0,0,0,,,,,,,,,,,,,,,,,,,,,,,,,,,,,,,,,,,,,,,,,,,,1.3110755382690171,2.7416800543154616,2.713170905054154,2.7381655179444837,21474,4450.9
2026-09-30T19:35:00-04:00,2.8,2.8,2.775,2.79,0,0,0,0,0,0,,,,,,,,,,,,,,,,,,,,,,,,,,,,,,,,,,,,,,,,,,,,1.3110755382690171,2.7417172594903367,2.720487961715663,2.748532414355587,20969,5484.5
2026-09-30T19:36:00-04:00,2.79,2.8,2.79,2.7901,0,0,0,0,0,0,,,,,,,,,,,,,,,,,,,,,,,,,,,,,,,,,,,,,,,,,,,,1.3110755382690171,2.7417323252381465,2.727117679647505,2.7568459314844698,7672,5818.95
2026-09-30T19:37:00-04:00,2.79,2.8,2.79,2.79,0,0,0,0,0,0,,,,,,,,,,,,,,,,,,,,,,,,,,,,,,,,,,,,,,,,,,,,1.3110755382690171,2.7417436487512807,2.7331064720620284,2.763476745187576,5773,6009.55
2026-09-30T19:38:00-04:00,2.79,2.7999,2.79,2.7901,0,0,0,0,0,0,,,,,,,,,,,,,,,,,,,,,,,,,,,,,,,,,,,,,,,,,,,,1.3110755382690171,2.741746596011527,2.73853442710374,2.7688013961500606,1503,5760.75
2026-09-30T19:39:00-04:00,2.7901,2.7902,2.79,2.79,0,0,0,0,0,0,,,,,,,,,,,,,,,,,,,,,,,,,,,,,,,,,,,,,,,,,,,,1.3110755382690171,2.741750309413536,2.743435910236717,2.7730411169200484,2022,5843.1
2026-09-30T19:40:00-04:00,2.798,2.8,2.79,2.7902,0,0,0,0,0,0,,,,,,,,,,,,,,,,,,,,,,,,,,,,,,,,,,,,,,,,,,,,1.3110755382690171,2.741756394146282,2.747889633071315,2.7764728935360385,3100,5857.8
2026-09-30T19:41:00-04:00,2.7903,2.7999,2.79,2.7903,0,0,0,0,0,0,,,,,,,,,,,,,,,,,,,,,,,,,,,,,,,,,,,,,,,,,,,,1.3110755382690171,2.7417661483175295,2.751928715635952,2.779238314828831,4971,4880.4
2026-09-30T19:42:00-04:00,2.7901,2.795,2.7901,2.795,0,0,0,0,0,0,,,,,,,,,,,,,,,,,,,,,,,,,,,,,,,,,,,,,,,,,,,,1.3110755382690171,2.7417705690420946,2.756030742718242,2.782390651863065,2255,4984.55
2026-09-30T19:43:00-04:00,2.7986,2.7986,2.79,2.795,0,0,0,0,0,0,,,,,,,,,,,,,,,,,,,,,,,,,,,,,,,,,,,,,,,,,,,,1.3110755382690171,2.7417778245736044,2.7597421005546,2.784912521490452,3620,5115.55
2026-09-30T19:44:00-04:00,2.79,2.7985,2.79,2.79,0,0,0,0,0,0,,,,,,,,,,,,,,,,,,,,,,,,,,,,,,,,,,,,,,,,,,,,1.3110755382690171,2.7417832563593554,2.7626238052636856,2.7859300171923618,2801,5248.7
2026-09-30T19:45:00-04:00,2.7986,2.7986,2.79,2.79,0,0,0,0,0,0,,,,,,,,,,,,,,,,,,,,,,,,,,,,,,,,,,,,,,,,,,,,1.3110755382690171,2.7417883820929587,2.765231061905239,2.7867440137538892,2642,5329.0
2026-09-30T19:46:00-04:00,2.7903,2.7985,2.79,2.7907,0,0,0,0,0,0,,,,,,,,,,,,,,,,,,,,,,,,,,,,,,,,,,,,,,,,,,,,1.3110755382690171,2.741799449277462,2.767656675057121,2.7875352110031115,5684,5559.95
2026-09-30T19:47:00-04:00,2.7902,2.7985,2.79,2.7902,0,0,0,0,0,0,,,,,,,,,,,,,,,,,,,,,,,,,,,,,,,,,,,,,,,,,,,,1.3110755382690171,2.741814901257274,2.769803658385014,2.7880681688024893,7966,5795.55
2026-09-30T19:48:00-04:00,2.7902,2.7903,2.78,2.785,0,0,0,0,0,0,,,,,,,,,,,,,,,,,,,,,,,,,,,,,,,,,,,,,,,,,,,,1.3110755382690171,2.7418199481867105,2.7712509290150127,2.7874545350419915,3072,5697.9
2026-09-30T19:49:00-04:00,2.79,2.79,2.78,2.78,0,0,0,0,0,0,,,,,,,,,,,,,,,,,,,,,,,,,,,,,,,,,,,,,,,,,,,,1.3110755382690171,2.741821693917431,2.772084173870726,2.7859636280335933,1108,5563.25
2026-09-30T19:50:00-04:00,2.78,2.78,2.7788,2.7788,0,0,0,0,0,0,,,,,,,,,,,,,,,,,,,,,,,,,,,,,,,,,,,,,,,,,,,,1.3110755382690171,2.7418221053154337,2.772723776359228,2.7845309024268747,290,5429.05
2026-09-30T19:51:00-04:00,2.75,2.75,2.74,2.74,0,0,0,0,0,0,,,,,,,,,,,,,,,,,,,,,,,,,,,,,,,,,,,,,,,,,,,,1.3110755382690171,2.741822228619553,2.7696072262297777,2.7756247219415,2150,5095.85
2026-09-30T19:52:00-04:00,2.74,2.7874,2.74,2.7874,0,0,0,0,0,0,,,,,,,,,,,,,,,,,,,,,,,,,,,,,,,,,,,,,,,,,,,,1.3110755382690171,2.741823008340208,2.771301776112656,2.7779797775532,690,5048.7
2026-09-30T19:53:00-04:00,2.76,2.76,2.76,2.76,0,0,0,0,0,0,,,,,,,,,,,,,,,,,,,,,,,,,,,,,,,,,,,,,,,,,,,,1.3110755382690171,2.741825767099681,2.7702254164828792,2.7743838220425596,4000,5188.1
2026-09-30T19:55:00-04:00,2.73,2.78,2.72,2.78,0,0,0,0,0,0,,,,,,,,,,,,,,,,,,,,,,,,,,,,,,,,,,,,,,,,,,,,1.3110755382690171,2.7418268138297144,2.7711563291987953,2.7755070576340475,1518,4190.3
2026-09-30T19:56:00-04:00,2.7204,2.78,2.7204,2.78,0,0,0,0,0,0,,,,,,,,,,,,,,,,,,,,,,,,,,,,,,,,,,,,,,,,,,,,1.3110755382690171,2.741827278481598,2.7719985835608147,2.776405646107238,669,3175.3
2026-09-30T19:57:00-04:00,2.76,2.76,2.76,2.76,0,0,0,0,0,0,,,,,,,,,,,,,,,,,,,,,,,,,,,,,,,,,,,,,,,,,,,,1.3110755382690171,2.7418273474283996,2.7708558613169276,2.7731245168857903,100,2796.7
2026-09-30T19:58:00-04:00,2.76,2.79,2.76,2.79,0,0,0,0,0,0,,,,,,,,,,,,,,,,,,,,,,,,,,,,,,,,,,,,,,,,,,,,1.3110755382690171,2.741832744329759,2.7726791126200774,2.776499613508632,3727,2694.4
2026-09-30T19:59:00-04:00,2.76,2.8,2.76,2.77,0,0,0,0,0,0,,,,,,,,,,,,,,,,,,,,,,,,,,,,,,,,,,,,,,,,,,,,1.432877867957682,2.741841998295282,2.772423959037213,2.7751996908069057,7005,2969.5
