time,open,high,low,close,EMA,VWAP,EMA.1,EMA.2,Volume,Volume MA
2026-10-01T04:00:00-04:00,2.85,2.85,2.79,2.79,1.432877867957682,2.81,2.774097867700336,2.7781597526455246,16234,3680.1
2026-10-01T04:01:00-04:00,2.8,2.8195,2.79,2.8,1.432877867957682,2.8065821761753753,2.776564737443161,2.7825278021164195,16245,4337.35
2026-10-01T04:02:00-04:00,2.8,2.83,2.8,2.83,1.432877867957682,2.81500014341112,2.781653810067622,2.7920222416931355,54683,6822.95
2026-10-01T04:03:00-04:00,2.83,2.85,2.82,2.85,1.432877867957682,2.8259322545449854,2.7881629710135627,2.8036177933545083,67734,10096.9
2026-10-01T04:04:00-04:00,2.85,2.85,2.84,2.84,1.432877867957682,2.827733935812701,2.7930998309170327,2.8108942346836066,17890,10810.4
2026-10-01T04:05:00-04:00,2.83,2.83,2.79,2.8,1.432877867957682,2.82684677979695,2.7937569898773154,2.808715387746885,7596,11050.15
2026-10-01T04:06:00-04:00,2.8,2.84,2.7903,2.7906,1.432877867957682,2.825845892582941,2.7934563241747137,2.8050923101975083,9563,11396.2
2026-10-01T04:07:00-04:00,2.8,2.83,2.8,2.82,1.432877867957682,2.825556469126613,2.7959842933009313,2.8080738481580068,6184,11421.2
2026-10-01T04:08:00-04:00,2.81,2.84,2.81,2.84,1.432877867957682,2.8257962875067935,2.8001762653675093,2.814459078526405,11189,11582.35
2026-10-01T04:09:00-04:00,2.8403,2.88,2.84,2.88,1.432877867957682,2.830674205410304,2.8077785258086987,2.827567262821124,28097,12833.6
2026-10-01T04:10:00-04:00,2.88,2.94,2.88,2.925,1.432877867957682,2.8513209654930542,2.8189424757316797,2.847053810256899,76329,16594.65
2026-10-01T04:11:00-04:00,2.9295,2.97,2.92,2.965,1.432877867957682,2.8737891055323757,2.8328527161381865,2.8706430482055194,89940,21077.15
2026-10-01T04:12:00-04:00,2.96,2.96,2.9,2.9096,1.432877867957682,2.880571151155882,2.840161981267883,2.8784344385644154,63906,24164.95
2026-10-01T04:13:00-04:00,2.9095,3.0,2.9005,3.0,1.432877867957682,2.8949336396375434,2.855384649718561,2.902747550851532,93005,28780.7
2026-10-01T04:14:00-04:00,3.0,3.07,2.98,3.0601,1.432877867957682,2.9342048858734717,2.874881349745365,2.9342180406812255,214027,39282.05
2026-10-01T04:15:00-04:00,3.065,3.12,3.06,3.0812,1.432877867957682,2.9686444466280832,2.894530745007711,2.9636144325449805,224694,50440.85
2026-10-01T04:16:00-04:00,3.08,3.12,3.06,3.0613,1.432877867957682,2.9872390792433823,2.910413531197453,2.9831515460359843,198990,60356.9
2026-10-01T04:17:00-04:00,3.06,3.07,2.99,3.02,1.432877867957682,2.989825809931972,2.9208503377500765,2.9905212368287875,83997,64551.75
2026-10-01T04:18:00-04:00,3.0104,3.0299,2.98,3.0,1.432877867957682,2.990583428941407,2.9283884008214978,2.99241698946303,76277,68179.25
2026-10-01T04:19:00-04:00,3.0099,3.1,3.0,3.09,1.432877867957682,2.9963064418425125,2.943779981695641,3.011933591570424,115830,73620.5
2026-10-01T04:20:00-04:00,3.09,3.095,3.02,3.02,1.432877867957682,2.998605932249637,2.951039031057961,3.0135468732563395,72979,76457.75
2026-10-01T04:21:00-04:00,3.0101,3.04,3.0,3.0205,1.432877867957682,2.9994338295483565,2.957654361433393,3.0149374986050717,61710,78731.0
2026-10-01T04:22:00-04:00,3.02,3.03,3.02,3.0213,1.432877867957682,2.999717523124959,2.963715850820689,3.016209998884057,18958,76944.75
2026-10-01T04:23:00-04:00,3.02,3.03,3.02,3.02,1.432877867957682,3.0000309619933065,2.9690762459806237,3.0169679991072456,21872,74651.65
2026-10-01T04:24:00-04:00,3.025,3.029,3.0,3.0,1.432877867957682,3.0001836293592943,2.9720213654110403,3.0135743992857966,26530,75083.65
2026-10-01T04:25:00-04:00,3.01,3.01,2.96,2.97,1.432877867957682,2.9994689743521805,2.971828854419513,3.004859519428637,61465,77777.1
2026-10-01T04:26:00-04:00,2.9799,3.09,2.97,3.09,1.432877867957682,3.0021858252919005,2.983083249236702,3.0218876155429095,98637,82230.8
2026-10-01T04:27:00-04:00,3.0808,3.27,3.08,3.21,1.432877867957682,3.0282307971087428,3.004694368357016,3.0595100924343277,301580,97000.6
2026-10-01T04:28:00-04:00,3.2195,3.31,3.21,3.25,1.432877867957682,3.0600758543509228,3.028056809465872,3.097608073947462,346026,113742.45
2026-10-01T04:29:00-04:00,3.2513,3.32,3.24,3.2597,1.432877867957682,3.072513881693589,3.0501180657072173,3.13002645915797,153813,120028.25
2026-10-01T04:30:00-04:00,3.26,3.26,3.23,3.23,1.432877867957682,3.079862115770751,3.067249678497006,3.150021167326376,120957,122259.65
2026-10-01T04:31:00-04:00,3.23,3.24,3.09,3.16,1.432877867957682,3.0846184102308527,3.0760830424496723,3.152016933861101,166586,126091.95
2026-10-01T04:32:00-04:00,3.1602,3.18,3.14,3.17,1.432877867957682,3.0873938235725373,3.0850275145973227,3.1556135470888806,106848,128239.05
2026-10-01T04:33:00-04:00,3.1689,3.25,3.16,3.1906,1.432877867957682,3.092557779752466,3.0950820370166254,3.1626108376711044,145377,130857.65
2026-10-01T04:34:00-04:00,3.1996,3.28,3.19,3.27,1.432877867957682,3.0966458869562308,3.1117408906340898,3.1840886701368833,86540,124483.3
2026-10-01T04:35:00-04:00,3.28,3.33,3.27,3.3098,1.432877867957682,3.104361999467665,3.1306036629546528,3.2092309361095066,126554,119576.3
2026-10-01T04:36:00-04:00,3.3099,3.3195,3.24,3.2894,1.432877867957682,3.110174590065966,3.145727123625638,3.2252647488876054,113998,115326.7
2026-10-01T04:37:00-04:00,3.28,3.2894,3.2,3.2002,1.432877867957682,3.1135143820099582,3.150915016613673,3.2202517991100845,100546,116154.15
2026-10-01T04:38:00-04:00,3.205,3.3,3.2,3.2699,1.432877867957682,3.1167842793632103,3.162246919793323,3.2301814392880677,84253,116552.95
2026-10-01T04:39:00-04:00,3.2605,3.2892,3.2,3.22,1.432877867957682,3.1191770941200794,3.16774721314634,3.228145151430454,75274,114525.15
2026-10-01T04:40:00-04:00,3.2203,3.2601,3.22,3.2494,1.432877867957682,3.1203161727363615,3.175523669037165,3.232396121144363,34890,112620.7
2026-10-01T04:41:00-04:00,3.241,3.32,3.24,3.31,1.432877867957682,3.126065904715632,3.188330938652673,3.2479168969154903,133202,116195.3
2026-10-01T04:42:00-04:00,3.3,3.38,3.28,3.36,1.432877867957682,3.136944912012988,3.204680373066704,3.2703335175323924,210610,125777.9
2026-10-01T04:43:00-04:00,3.3513,3.39,3.35,3.3694,1.432877867957682,3.146815555971233,3.2203679565841608,3.290146814025914,183333,133850.95
2026-10-01T04:44:00-04:00,3.3606,3.42,3.35,3.4094,1.432877867957682,3.1560466968209058,3.23837100833805,3.313997451220731,168395,140944.2
2026-10-01T04:45:00-04:00,3.41,3.44,3.36,3.3795,1.432877867957682,3.163974123391875,3.2518118646868075,3.3270979609765847,155418,145641.85
2026-10-01T04:46:00-04:00,3.38,3.5,3.37,3.47,1.432877867957682,3.1772271820031164,3.272591687097588,3.355678368781268,228661,152143.05
2026-10-01T04:47:00-04:00,3.47,3.6,3.47,3.5899,1.432877867957682,3.200832850000654,3.3028115264216273,3.4025226950250143,326654,153396.75
2026-10-01T04:48:00-04:00,3.58,3.77,3.58,3.7087,1.432877867957682,3.232996923916077,3.3414675715243294,3.4637581560200115,369309,154560.9
2026-10-01T04:49:00-04:00,3.71,3.79,3.7,3.7105,1.432877867957682,3.267620271665274,3.376613517093441,3.5131065248160094,414204,167580.45
2026-10-01T04:50:00-04:00,3.7104,3.72,3.49,3.54,1.432877867957682,3.2854229335128657,3.3921741345131133,3.5184852198528076,357809,179423.05
2026-10-01T04:51:00-04:00,3.5489,3.6,3.54,3.55,1.432877867957682,3.293943194303776,3.4072051693213883,3.524788175882246,200692,181128.35
2026-10-01T04:52:00-04:00,3.5589,3.67,3.55,3.66,1.432877867957682,3.303278779248242,3.4312808674812563,3.551830540705797,188973,185234.6
2026-10-01T04:53:00-04:00,3.6588,3.73,3.65,3.715,1.432877867957682,3.3152786029182058,3.458301737244946,3.5844644325646375,210987,188515.1
2026-10-01T04:54:00-04:00,3.7188,3.72,3.7,3.7012,1.432877867957682,3.3238616494227338,3.48143490512638,3.60781154605171,155578,191967.0
2026-10-01T04:55:00-04:00,3.7013,3.8,3.7,3.7087,1.432877867957682,3.341558906331382,3.5030791998762485,3.627989236841368,318438,201561.2
2026-10-01T04:56:00-04:00,3.7,3.71,3.55,3.56,1.432877867957682,3.3490402822135397,3.508500228459463,3.614391389473094,215476,206635.1
2026-10-01T04:57:00-04:00,3.56,3.61,3.56,3.6012,1.432877867957682,3.352935175295954,3.5173287781299902,3.611753111578475,125238,207869.7
2026-10-01T04:58:00-04:00,3.61,3.65,3.6,3.63,1.432877867957682,3.357234854009407,3.528059370689039,3.61540248926278,123849,209849.5
2026-10-01T04:59:00-04:00,3.63,3.63,3.6,3.6012,1.432877867957682,3.359420846827203,3.5350251449091306,3.612561991410224,68674,209519.5
2026-10-01T05:00:00-04:00,3.6013,3.67,3.6,3.6613,1.432877867957682,3.364091487026646,3.5470513215844517,3.622309593128179,132822,214416.1
2026-10-01T05:01:00-04:00,3.66,3.71,3.66,3.6613,1.432877867957682,3.368878753000692,3.5579321481002184,3.630107674502544,125593,214035.65
2026-10-01T05:02:00-04:00,3.66,3.7,3.61,3.6105,1.432877867957682,3.372897048209409,3.562938610185912,3.626186139602035,123460,209678.15
2026-10-01T05:03:00-04:00,3.6105,3.72,3.61,3.715,1.432877867957682,3.3767346102689126,3.577420647311063,3.643948911681628,104898,205756.4
2026-10-01T05:04:00-04:00,3.7105,3.7198,3.65,3.66,1.432877867957682,3.3800215067002672,3.585285347567152,3.6471591293453023,93539,202013.6
2026-10-01T05:05:00-04:00,3.6589,3.76,3.65,3.73,1.432877867957682,3.38627908711045,3.5990676954178995,3.6637273034762416,163275,202406.45
2026-10-01T05:06:00-04:00,3.73,3.84,3.73,3.79,1.432877867957682,3.399236963709773,3.6172517244257185,3.6889818427809935,290874,205517.1
2026-10-01T05:07:00-04:00,3.79,3.82,3.62,3.6713,1.432877867957682,3.4064677232007727,3.6223991792423167,3.685445474224794,218596,200114.2
2026-10-01T05:08:00-04:00,3.6787,3.71,3.67,3.68,1.432877867957682,3.4106667097669345,3.62788497169543,3.684356379379836,140063,188651.9
2026-10-01T05:09:00-04:00,3.67,3.69,3.67,3.68,1.432877867957682,3.411936155183158,3.632848307724436,3.6834851035038687,44261,170154.75
2026-10-01T05:10:00-04:00,3.6787,3.76,3.67,3.7397,1.432877867957682,3.415490538576542,3.643024659369728,3.694728082803095,108461,157687.35
2026-10-01T05:11:00-04:00,3.7399,3.77,3.67,3.67,1.432877867957682,3.4190448830475177,3.645593739429754,3.689782466242476,118764,153590.95
2026-10-01T05:12:00-04:00,3.6787,3.68,3.44,3.4589,1.432877867957682,3.4205475756623605,3.6278133832935873,3.643605972993981,136666,150975.6
2026-10-01T05:13:00-04:00,3.46,3.62,3.44,3.6194,1.432877867957682,3.4248275040659397,3.627012108694198,3.638764778395184,309314,155891.95
2026-10-01T05:14:00-04:00,3.6101,3.63,3.5805,3.5898,1.432877867957682,3.426429624051865,3.6234680983423697,3.628971822716147,92840,152755.05
2026-10-01T05:15:00-04:00,3.58,3.59,3.5,3.5306,1.432877867957682,3.427656609113652,3.6146235175478583,3.609297458172918,110732,142369.75
2026-10-01T05:16:00-04:00,3.54,3.54,3.5,3.5,1.432877867957682,3.4283493378741476,3.6037069920671096,3.5874379665383342,83693,135780.6
2026-10-01T05:17:00-04:00,3.5,3.53,3.5,3.52,1.432877867957682,3.429006865521817,3.595734897584528,3.573950373230667,77643,133400.85
2026-10-01T05:18:00-04:00,3.53,3.53,3.5,3.5113,1.432877867957682,3.4293429882358875,3.587693478766954,3.5614202985845336,41521,129284.45
2026-10-01T05:19:00-04:00,3.5103,3.52,3.51,3.51,1.432877867957682,3.4295806402833717,3.5802940998367676,3.551136238867626,29710,127336.25
2026-10-01T05:20:00-04:00,3.5187,3.5594,3.51,3.53,1.432877867957682,3.4300167339501897,3.575504185566599,3.546908991094101,44406,122915.45
2026-10-01T05:21:00-04:00,3.5289,3.53,3.5,3.5013,1.432877867957682,3.430397306897912,3.568437120274542,3.537787192875281,50139,119142.75
2026-10-01T05:22:00-04:00,3.5089,3.51,3.32,3.34,1.432877867957682,3.4295820701922475,3.546681204057919,3.4982297543002248,218207,123880.1
2026-10-01T05:23:00-04:00,3.33,3.4,3.33,3.39,1.432877867957682,3.4287765403528945,3.531759184623831,3.47658380344018,157098,126490.1
2026-10-01T05:24:00-04:00,3.39,3.4,3.37,3.3894,1.432877867957682,3.4282970603295113,3.5182011670406093,3.459147042752144,125742,128100.25
2026-10-01T05:25:00-04:00,3.3898,3.4,3.38,3.3987,1.432877867957682,3.4281681219406224,3.5068201035129323,3.447057634201715,40565,121964.75
2026-10-01T05:26:00-04:00,3.39,3.45,3.39,3.44,1.432877867957682,3.428158369505931,3.500456284130748,3.445646107361372,72806,111061.35
2026-10-01T05:27:00-04:00,3.44,3.44,3.37,3.37,1.432877867957682,3.4279080488580713,3.488031876118296,3.430516885889098,81153,104189.2
2026-10-01T05:28:00-04:00,3.375,3.3799,3.22,3.22,1.432877867957682,3.4257123268745016,3.462505030773696,3.3884135087112783,162651,105318.6
2026-10-01T05:29:00-04:00,3.22,3.26,3.18,3.2505,1.432877867957682,3.4207443391241297,3.4423140754619155,3.3608308069690227,298552,118033.15
2026-10-01T05:30:00-04:00,3.2504,3.2605,3.23,3.2312,1.432877867957682,3.419424051103501,3.422207973036971,3.334904645575218,86746,116947.4
2026-10-01T05:31:00-04:00,3.2312,3.27,3.22,3.22,1.432877867957682,3.4179850031935,3.402950070842974,3.3119237164601745,93954,115706.9
2026-10-01T05:32:00-04:00,3.221,3.25,3.22,3.23,1.432877867957682,3.417375546996381,3.3864786355245955,3.2955389731681395,39513,110849.25
2026-10-01T05:33:00-04:00,3.23,3.25,3.23,3.23,1.432877867957682,3.4167003657345365,3.371575908331777,3.2824311785345115,44897,97628.4
2026-10-01T05:34:00-04:00,3.2395,3.33,3.2395,3.3094,1.432877867957682,3.41591748448472,3.36565439325256,3.2878249428276094,76514,96812.1
2026-10-01T05:35:00-04:00,3.3095,3.34,3.2902,3.3113,1.432877867957682,3.415002185688545,3.360477784371364,3.2925199542620875,109408,96745.9
2026-10-01T05:36:00-04:00,3.3198,3.36,3.31,3.3596,1.432877867957682,3.414545546277145,3.360394185859805,3.30593596340967,78100,96466.25
2026-10-01T05:37:00-04:00,3.36,3.4,3.35,3.39,1.432877867957682,3.414339053024827,3.3632137872064902,3.322748770727736,73847,96276.45
2026-10-01T05:38:00-04:00,3.3911,3.4,3.37,3.3712,1.432877867957682,3.4140912486217574,3.3639743789011103,3.332439016582189,90868,98743.8
2026-10-01T05:39:00-04:00,3.3711,3.38,3.37,3.3789,1.432877867957682,3.4140034580411434,3.365395866624814,3.341731213265751,28978,98707.2
2026-10-01T05:40:00-04:00,3.3787,3.38,3.37,3.3708,1.432877867957682,3.413860945811689,3.3659105459938794,3.347544970612601,44155,98694.65
2026-10-01T05:41:00-04:00,3.3705,3.38,3.37,3.37,1.432877867957682,3.413795189740072,3.366300017803986,3.3520359764900807,20344,97204.9
2026-10-01T05:42:00-04:00,3.3703,3.38,3.37,3.37,1.432877867957682,3.4137341310268883,3.36665239706075,3.3556287811920646,18950,87242.05
2026-10-01T05:43:00-04:00,3.3787,3.38,3.32,3.32,1.432877867957682,3.4135683482628485,3.362209311626392,3.3485030249536516,28298,80802.05
2026-10-01T05:44:00-04:00,3.32,3.3288,3.28,3.28,1.432877867957682,3.4130374672671615,3.3543798533762597,3.334802419962921,57220,77375.95
2026-10-01T05:45:00-04:00,3.28,3.29,3.24,3.25,1.432877867957682,3.4125081156443615,3.344438914959473,3.317841935970337,43884,77541.9
2026-10-01T05:46:00-04:00,3.2487,3.25,3.2,3.22,1.432877867957682,3.411335987091461,3.3325875897252373,3.2982735487762693,79099,77856.55
2026-10-01T05:47:00-04:00,3.21,3.25,3.2,3.2493,1.432877867957682,3.4104176416056475,3.3246554383228335,3.2884788390210153,66117,77104.75
2026-10-01T05:48:00-04:00,3.25,3.26,3.22,3.22,1.432877867957682,3.409835574684241,3.314688253720659,3.274783071216812,42318,71088.1
2026-10-01T05:49:00-04:00,3.22,3.25,3.22,3.2492,1.432877867957682,3.4095917222082623,3.3084512771758345,3.2696664569734497,18483,57084.65
2026-10-01T05:50:00-04:00,3.2492,3.26,3.24,3.25,1.432877867957682,3.409224961312379,3.302884488873374,3.2657331655787596,29698,54232.25
2026-10-01T05:51:00-04:00,3.25,3.31,3.25,3.3,1.432877867957682,3.408832949244992,3.3026097756473383,3.2725865324630075,41467,51607.9
2026-10-01T05:52:00-04:00,3.3,3.31,3.29,3.3013,1.432877867957682,3.4085131417803747,3.3024850351094965,3.2783292259704058,38361,51550.3
2026-10-01T05:53:00-04:00,3.3099,3.34,3.3,3.3399,1.432877867957682,3.408341600848636,3.3060483650990684,3.2906433807763245,27298,50670.35
2026-10-01T05:54:00-04:00,3.3302,3.34,3.32,3.3206,1.432877867957682,3.408140397923636,3.3074342350896333,3.29663470462106,32257,48457.5
2026-10-01T05:55:00-04:00,3.3206,3.3299,3.32,3.3208,1.432877867957682,3.408051263683378,3.308707165081097,3.3014677636968477,13781,43676.15
2026-10-01T05:56:00-04:00,3.32,3.33,3.32,3.32,1.432877867957682,3.4078644998638676,3.3097826731686113,3.305174210957478,28890,41215.65
2026-10-01T05:57:00-04:00,3.3208,3.33,3.3,3.3,1.432877867957682,3.407727098081211,3.308850990009696,3.3041393687659824,18425,38444.55
2026-10-01T05:58:00-04:00,3.3,3.3005,3.25,3.2513,1.432877867957682,3.4073714558072283,3.3033699433421058,3.293571495012786,33312,35566.75
2026-10-01T05:59:00-04:00,3.2507,3.29,3.25,3.26,1.432877867957682,3.4069608484378167,3.2992394725476193,3.286857196010229,38506,36043.15
2026-10-01T06:00:00-04:00,3.2513,3.3,3.25,3.27,1.432877867957682,3.4066475633541105,3.2964547608764176,3.283485756808183,31008,35385.8
2026-10-01T06:01:00-04:00,3.27,3.32,3.27,3.31,1.432877867957682,3.406280468626815,3.297744783650092,3.2887886054465465,45683,36652.75
2026-10-01T06:02:00-04:00,3.31,3.31,3.3,3.3009,1.432877867957682,3.4062141746213683,3.2980452804453213,3.291210884357237,8577,36134.1
2026-10-01T06:03:00-04:00,3.3003,3.31,3.3,3.3007,1.432877867957682,3.406084972081507,3.2982981108791,3.2931087074857897,16737,35556.05
2026-10-01T06:04:00-04:00,3.3,3.31,3.27,3.2709,1.432877867957682,3.4057829931623225,3.2956887669858523,3.288666965988632,32873,34338.7
2026-10-01T06:05:00-04:00,3.2707,3.28,3.27,3.28,1.432877867957682,3.405698700717764,3.2941945987014853,3.2869335727909053,8708,32579.9
2026-10-01T06:06:00-04:00,3.28,3.3,3.27,3.2712,1.432877867957682,3.4055340957826212,3.2920046369203915,3.283786858232724,17546,29502.25
2026-10-01T06:07:00-04:00,3.2712,3.28,3.27,3.275,1.432877867957682,3.4054448384845575,3.2903851476898778,3.282029486586179,9139,26653.35
2026-10-01T06:08:00-04:00,3.27,3.28,3.27,3.27,1.432877867957682,3.4053450393271447,3.2884437050527464,3.2796235892689434,10104,25042.65
2026-10-01T06:09:00-04:00,3.27,3.28,3.25,3.25,1.432877867957682,3.4051184986639345,3.2847823998096275,3.2736988714151547,20880,25162.5
2026-10-01T06:10:00-04:00,3.2503,3.26,3.24,3.2407,1.432877867957682,3.40474348122847,3.2805840760182345,3.2670990971321237,31828,25269.0
2026-10-01T06:11:00-04:00,3.2493,3.2493,3.2,3.23,1.432877867957682,3.404141016714957,3.275766544968879,3.259679277705699,45524,25471.85
2026-10-01T06:12:00-04:00,3.23,3.23,3.21,3.21,1.432877867957682,3.403763480472436,3.269503064495652,3.2497434221645594,27188,24913.2
2026-10-01T06:13:00-04:00,3.21,3.2191,3.19,3.19,1.432877867957682,3.403460755881321,3.261931344067494,3.2377947377316474,20058,24551.2
2026-10-01T06:14:00-04:00,3.18,3.18,3.06,3.08,1.432877867957682,3.400702588664573,3.2446045493944,3.206235790185318,126831,29279.9
2026-10-01T06:15:00-04:00,3.075,3.12,3.06,3.12,1.432877867957682,3.3990044415773815,3.232737449452076,3.1889886321482543,77510,32466.35
2026-10-01T06:16:00-04:00,3.13,3.15,3.12,3.15,1.432877867957682,3.398374958438323,3.224857692361402,3.1811909057186036,33439,32693.8
2026-10-01T06:17:00-04:00,3.15,3.19,3.14,3.19,1.432877867957682,3.3975572117081096,3.2215379121365064,3.182952724574883,50178,34281.45
2026-10-01T06:18:00-04:00,3.2,3.2,3.19,3.2,1.432877867957682,3.396843588750742,3.21948668240922,3.1863621796599064,49228,35077.25
2026-10-01T06:19:00-04:00,3.1913,3.2,3.19,3.19,1.432877867957682,3.3964219235175093,3.2166784269416753,3.1870897437279253,28773,34590.6
2026-10-01T06:20:00-04:00,3.1987,3.2,3.1801,3.1887,1.432877867957682,3.396176400290617,3.214013814851992,3.1874117949823404,16505,33865.45
2026-10-01T06:21:00-04:00,3.18,3.18,3.13,3.15,1.432877867957682,3.395337856613594,3.2079172610565645,3.1799294359858723,48175,33990.05
2026-10-01T06:22:00-04:00,3.15,3.18,3.14,3.18,1.432877867957682,3.3951174543878935,3.2052584742892725,3.179943548788698,13460,34234.2
2026-10-01T06:23:00-04:00,3.17,3.19,3.16,3.1898,1.432877867957682,3.3949446291789713,3.203786238642675,3.1819148390309584,11225,33958.6
2026-10-01T06:24:00-04:00,3.1806,3.21,3.1806,3.21,1.432877867957682,3.3944464285593656,3.2043780254386105,3.187531871224767,35846,34107.25
2026-10-01T06:25:00-04:00,3.205,3.2098,3.19,3.199,1.432877867957682,3.3942062827339092,3.2038658325396954,3.1898254969798137,17291,34536.4
2026-10-01T06:26:00-04:00,3.1903,3.2,3.19,3.1907,1.432877867957682,3.3940201224156397,3.202611943726391,3.190000397583851,13029,34310.55
2026-10-01T06:27:00-04:00,3.2,3.2,3.19,3.1912,1.432877867957682,3.3939127651502954,3.201525091942925,3.190240318067081,7531,34230.15
2026-10-01T06:28:00-04:00,3.19,3.24,3.19,3.24,1.432877867957682,3.39356638408442,3.205189368900742,3.2001922544536647,28588,35154.35
2026-10-01T06:29:00-04:00,3.24,3.26,3.2306,3.26,1.432877867957682,3.393311673003369,3.2104094290054332,3.2121538035629316,25057,35363.2
2026-10-01T06:30:00-04:00,3.251,3.27,3.251,3.2601,1.432877867957682,3.3931250485766644,3.215141864338249,3.221743042850345,19826,34763.1
2026-10-01T06:31:00-04:00,3.27,3.31,3.26,3.3003,1.432877867957682,3.3927236405726204,3.2232521629727016,3.237454434280276,55243,35249.05
2026-10-01T06:32:00-04:00,3.3013,3.33,3.3,3.33,1.432877867957682,3.392435891954265,3.233418623641968,3.255963547424221,56324,36705.85
2026-10-01T06:33:00-04:00,3.32,3.34,3.32,3.3313,1.432877867957682,3.392250743020307,3.24274065948559,3.2710308379393767,42635,37834.7
2026-10-01T06:34:00-04:00,3.34,3.39,3.3393,3.3887,1.432877867957682,3.3921531630139135,3.256641549058391,3.2945646703515012,71496,35067.95
2026-10-01T06:35:00-04:00,3.39,3.39,3.38,3.3813,1.432877867957682,3.392098761102965,3.2685137824814015,3.311911736281201,93688,35876.85
2026-10-01T06:36:00-04:00,3.3887,3.39,3.38,3.3803,1.432877867957682,3.392078696209329,3.2791600889117443,3.325589389024961,33520,35880.9
2026-10-01T06:37:00-04:00,3.38,3.39,3.32,3.32,1.432877867957682,3.3918426885834596,3.283049604253483,3.324471511219969,70430,36893.5
2026-10-01T06:38:00-04:00,3.3205,3.3206,3.265,3.31,1.432877867957682,3.3912879671686897,3.285616308610294,3.321577208975975,86997,38781.95
2026-10-01T06:39:00-04:00,3.3,3.33,3.27,3.33,1.432877867957682,3.3909451576476055,3.289843326837885,3.3232617671807803,61975,40442.05
2026-10-01T06:40:00-04:00,3.33,3.38,3.33,3.375,1.432877867957682,3.390844862419491,3.2979534861866577,3.3336094137446244,50514,42142.5
2026-10-01T06:41:00-04:00,3.375,3.38,3.36,3.3605,1.432877867957682,3.3907994337431,3.3039102970260235,3.3389875309956993,27952,41131.35
2026-10-01T06:42:00-04:00,3.3605,3.46,3.36,3.3893,1.432877867957682,3.390888870613716,3.312042649690212,3.3490500247965596,108209,45868.8
2026-10-01T06:43:00-04:00,3.3805,3.4,3.38,3.4,1.432877867957682,3.390896923405329,3.320419540195906,3.3592400198372476,49189,47767.0
2026-10-01T06:44:00-04:00,3.399,3.44,3.3909,3.44,1.432877867957682,3.391039287606599,3.3318081554153434,3.375392015869798,65218,49235.6
2026-10-01T06:45:00-04:00,3.45,3.51,3.43,3.49,1.432877867957682,3.3917721642104275,3.346874045375787,3.3983136126958384,129464,54844.25
2026-10-01T06:46:00-04:00,3.4992,3.5,3.41,3.415,1.432877867957682,3.3920940730220157,3.3533622315304736,3.4016508901566707,98225,59104.05
2026-10-01T06:47:00-04:00,3.42,3.43,3.38,3.3894,1.432877867957682,3.392132251957658,3.3567943999561427,3.3992007121253365,75805,62517.75
2026-10-01T06:48:00-04:00,3.39,3.4,3.36,3.3688,1.432877867957682,3.392085832295928,3.35793779043651,3.3931205697002693,44897,63333.2
2026-10-01T06:49:00-04:00,3.36,3.37,3.3,3.33,1.432877867957682,3.3918262249268776,3.355277048490176,3.3804964557602153,68106,65485.65
2026-10-01T06:50:00-04:00,3.33,3.37,3.33,3.3606,1.432877867957682,3.3917353081316546,3.3557839962530163,3.376517164608172,36682,66328.45
2026-10-01T06:51:00-04:00,3.3601,3.38,3.36,3.3709,1.432877867957682,3.391698669886796,3.357223615657491,3.375393731686538,26453,64888.95
2026-10-01T06:52:00-04:00,3.37,3.39,3.37,3.38,1.432877867957682,3.391679469747815,3.359392795118682,3.3763149853492305,25442,63344.85
2026-10-01T06:53:00-04:00,3.3711,3.38,3.37,3.37,1.432877867957682,3.3916355001853615,3.360403005107379,3.375051988279385,37242,63075.2
2026-10-01T06:54:00-04:00,3.37,3.3703,3.29,3.3,1.432877867957682,3.3915222199041564,3.3546503379542956,3.3600415906235077,24646,60732.7
2026-10-01T06:55:00-04:00,3.3,3.35,3.3,3.35,1.432877867957682,3.391466521046377,3.354207448625315,3.358033272498806,14912,56793.9
2026-10-01T06:56:00-04:00,3.3498,3.35,3.34,3.3489,1.432877867957682,3.391429990961601,3.353701977327666,3.3562066179990446,12610,55748.4
2026-10-01T06:57:00-04:00,3.3406,3.35,3.32,3.32,1.432877867957682,3.3913103176564747,3.3504922652012215,3.348965294399236,30433,53748.55
2026-10-01T06:58:00-04:00,3.315,3.33,3.31,3.33,1.432877867957682,3.391111733637864,3.348540620896343,3.3451722355193887,45770,51687.2
2026-10-01T06:59:00-04:00,3.34,3.34,3.32,3.32,1.432877867957682,3.391063311174095,3.345822466525263,3.340137788415511,11781,49177.5
2026-10-01T07:00:00-04:00,3.315,3.39,3.31,3.39,1.432877867957682,3.390918501356499,3.350029850665714,3.3501102307324087,82309,50767.25
2026-10-01T07:01:00-04:00,3.3891,3.44,3.31,3.32,1.432877867957682,3.3905733944333956,3.347169864888027,3.3440881845859267,160423,57390.8
2026-10-01T07:02:00-04:00,3.3196,3.32,3.31,3.3101,1.432877867957682,3.3904328000235573,3.343639401565358,3.3372905476687413,29047,53432.7
2026-10-01T07:03:00-04:00,3.31,3.32,3.3,3.3098,1.432877867957682,3.390272856497849,3.340416601416276,3.3317924381349933,31756,52561.05
2026-10-01T07:04:00-04:00,3.3012,3.3203,3.3,3.3093,1.432877867957682,3.3901881917945564,3.337453115567107,3.3272939505079946,16847,50142.5
2026-10-01T07:05:00-04:00,3.302,3.31,3.3,3.31,1.432877867957682,3.3901058718485957,3.3348385331321446,3.3238351604063956,15785,44458.55
2026-10-01T07:06:00-04:00,3.305,3.31,3.3,3.3,1.432877867957682,3.390016949643234,3.3315205775957497,3.3190681283251164,16429,40368.75
2026-10-01T07:07:00-04:00,3.3,3.31,3.3,3.3003,1.432877867957682,3.3898871543236586,3.3285471892532974,3.315314502660093,24069,37781.95
2026-10-01T07:08:00-04:00,3.309,3.34,3.3,3.3089,1.432877867957682,3.3897889624803166,3.326676028372031,3.3140316021280745,21453,36609.75
2026-10-01T07:09:00-04:00,3.3089,3.31,3.3,3.3001,1.432877867957682,3.38966876918625,3.324144978050885,3.3112452817024596,22391,34324.0
2026-10-01T07:10:00-04:00,3.3087,3.31,3.3,3.3002,1.432877867957682,3.3895945924877644,3.321864503950801,3.3090362253619676,13855,33182.65
2026-10-01T07:11:00-04:00,3.3,3.31,3.3,3.3,1.432877867957682,3.3895446481845517,3.3197821702412007,3.3072289802895742,9335,32326.75
2026-10-01T07:12:00-04:00,3.3,3.31,3.3,3.3,1.432877867957682,3.3894026330182383,3.317898154027753,3.305783184231659,26603,32384.8
2026-10-01T07:13:00-04:00,3.3,3.31,3.3,3.3097,1.432877867957682,3.389337506144207,3.3171173774536813,3.3065665473853274,12707,31158.05
2026-10-01T07:14:00-04:00,3.31,3.31,3.3,3.3089,1.432877867957682,3.3892501075676496,3.31633477007714,3.307033237908262,17029,30777.2
2026-10-01T07:15:00-04:00,3.3013,3.33,3.3,3.3294,1.432877867957682,3.389068421810119,3.317579077688841,3.31150659032661,42437,32153.45
2026-10-01T07:16:00-04:00,3.33,3.36,3.32,3.3298,1.432877867957682,3.388931480722259,3.3187429750518085,3.315165272261288,42449,33645.4
2026-10-01T07:17:00-04:00,3.3297,3.36,3.32,3.355,1.432877867957682,3.3888631380814194,3.3221960250468743,3.3231322178090306,25341,33390.8
2026-10-01T07:18:00-04:00,3.35,3.36,3.32,3.3497,1.432877867957682,3.388791398021743,3.3248154512328862,3.3284457742472244,25651,32384.85
2026-10-01T07:19:00-04:00,3.3482,3.45,3.3482,3.439,1.432877867957682,3.388949904224749,3.3356901701630877,3.3505566193977794,110279,37309.75
2026-10-01T07:20:00-04:00,3.44,3.44,3.38,3.3981,1.432877867957682,3.389034999212489,3.3416339634808887,3.3600652955182233,82227,37305.65
2026-10-01T07:21:00-04:00,3.399,3.399,3.38,3.381,1.432877867957682,3.389029026075209,3.345383109816042,3.3642522364145786,41739,31371.45
2026-10-01T07:22:00-04:00,3.38,3.39,3.38,3.3887,1.432877867957682,3.389026453610839,3.3495085279288,3.369141789131663,15242,30681.2
2026-10-01T07:23:00-04:00,3.3802,3.39,3.38,3.3899,1.432877867957682,3.389024641720586,3.353355334792724,3.3732934313053304,12551,29720.95
2026-10-01T07:24:00-04:00,3.3898,3.39,3.33,3.37,1.432877867957682,3.388938391501122,3.3549405410029407,3.372634745044264,55840,31670.6
2026-10-01T07:25:00-04:00,3.368,3.368,3.32,3.3506,1.432877867957682,3.3888427819173708,3.354527156145518,3.368227796035411,37293,32746.0
2026-10-01T07:26:00-04:00,3.355,3.3599,3.32,3.32,1.432877867957682,3.38875298442904,3.3512388555602306,3.358582236828329,26995,33274.3
2026-10-01T07:27:00-04:00,3.33,3.36,3.3211,3.34,1.432877867957682,3.3887002547310896,3.350168488364018,3.3548657894626635,18216,32981.65
2026-10-01T07:28:00-04:00,3.3306,3.41,3.3306,3.37,1.432877867957682,3.388642355425437,3.352057203757921,3.357892631570131,52478,34532.9
2026-10-01T07:29:00-04:00,3.38,3.4,3.3701,3.4,1.432877867957682,3.3886446650948168,3.356623184352405,3.3663141052561047,27889,34807.8
2026-10-01T07:30:00-04:00,3.3911,3.44,3.39,3.42,1.432877867957682,3.388743951236854,3.3626590715569376,3.377051284204884,59722,37101.15
2026-10-01T07:31:00-04:00,3.4102,3.46,3.35,3.368,1.432877867957682,3.388790598692335,3.363167731408658,3.375241027363907,202853,46777.05
2026-10-01T07:32:00-04:00,3.3607,3.4,3.36,3.38,1.432877867957682,3.388765006289936,3.3647708046078333,3.3761928218911255,49808,47937.3
2026-10-01T07:33:00-04:00,3.3887,3.39,3.37,3.3713,1.432877867957682,3.3887482307486914,3.3653926327404204,3.3752142575129005,24639,48533.9
2026-10-01T07:34:00-04:00,3.3702,3.39,3.37,3.3891,1.432877867957682,3.3887431670941104,3.367650477241333,3.37799140601032,15194,48442.15
2026-10-01T07:35:00-04:00,3.39,3.39,3.38,3.3813,1.432877867957682,3.388738372568221,3.3689504317897776,3.378653124808256,16537,47147.15
2026-10-01T07:36:00-04:00,3.38,3.39,3.38,3.3801,1.432877867957682,3.388734292277945,3.3700122954288463,3.378942499846605,13048,45677.1
2026-10-01T07:37:00-04:00,3.389,3.39,3.38,3.38,1.432877867957682,3.3887284049592656,3.3709635053880036,3.3791539998772837,18745,45347.3
2026-10-01T07:38:00-04:00,3.389,3.43,3.3812,3.4111,1.432877867957682,3.388780554580207,3.374786028684384,3.385543199901827,48078,46468.65
2026-10-01T07:39:00-04:00,3.412,3.43,3.41,3.425,1.432877867957682,3.388820222820429,3.379568311666824,3.3934345599214613,20826,41996.0
2026-10-01T07:40:00-04:00,3.4299,3.48,3.4203,3.44,1.432877867957682,3.389040650447787,3.385323710555698,3.402747647937169,65928,41181.05
2026-10-01T07:41:00-04:00,3.44,3.44,3.38,3.42,1.432877867957682,3.3891049006763136,3.388626214312298,3.406198118349735,45960,41392.1
2026-10-01T07:42:00-04:00,3.4197,3.42,3.39,3.39,1.432877867957682,3.3891160381526,3.38875705104446,3.402958494679788,17782,41519.1
2026-10-01T07:43:00-04:00,3.3908,3.4,3.39,3.39,1.432877867957682,3.389118445203094,3.388875427135464,3.4003667957438304,9934,41388.25
2026-10-01T07:44:00-04:00,3.3991,3.41,3.3912,3.4,1.432877867957682,3.3891224100260486,3.3899349102654197,3.400293436595064,6119,38902.2
2026-10-01T07:45:00-04:00,3.4,3.4106,3.4,3.4099,1.432877867957682,3.38913017209273,3.391836347382999,3.4022147492760513,7634,37419.25
2026-10-01T07:46:00-04:00,3.4,3.41,3.39,3.4,1.432877867957682,3.389137611696034,3.392613838108427,3.401771799420841,11930,36666.0
2026-10-01T07:47:00-04:00,3.39,3.39,3.33,3.3505,1.432877867957682,3.389040213020544,3.388602996383815,3.3915174395366727,52713,38390.85
2026-10-01T07:48:00-04:00,3.36,3.36,3.3,3.31,1.432877867957682,3.388866848642637,3.3811169967282138,3.375213951629338,46251,38079.5
2026-10-01T07:49:00-04:00,3.31,3.31,3.3,3.3099,1.432877867957682,3.3886950114454897,3.374334425611241,3.3621511613034705,36707,38520.4
2026-10-01T07:50:00-04:00,3.3,3.3597,3.3,3.3411,1.432877867957682,3.3886157558341585,3.371169242219694,3.357940929042776,25306,36799.6
2026-10-01T07:51:00-04:00,3.35,3.35,3.3201,3.34,1.432877867957682,3.3885646124155873,3.3682007429606755,3.354352743234221,17347,27524.3
2026-10-01T07:52:00-04:00,3.34,3.35,3.3301,3.34,1.432877867957682,3.38851410519893,3.3655149579168016,3.3514821945873767,18345,25951.15
2026-10-01T07:53:00-04:00,3.34,3.35,3.34,3.3412,1.432877867957682,3.3884951667578047,3.363199247639011,3.3494257556699014,7458,25092.1
2026-10-01T07:54:00-04:00,3.3413,3.35,3.34,3.341,1.432877867957682,3.388465566322551,3.361085033578153,3.3477406045359213,11652,24915.0
2026-10-01T07:55:00-04:00,3.3419,3.35,3.34,3.3498,1.432877867957682,3.388451673016463,3.3600102684754716,3.348152483628737,5858,24381.05
2026-10-01T07:56:00-04:00,3.3498,3.38,3.345,3.3593,1.432877867957682,3.388378982574495,3.35994262385876,3.3503819869029896,47620,26109.65
2026-10-01T07:57:00-04:00,3.35,3.36,3.35,3.3507,1.432877867957682,3.38835729039609,3.3590623739674497,3.3504455895223915,11036,25724.2
2026-10-01T07:58:00-04:00,3.3597,3.36,3.35,3.3513,1.432877867957682,3.3883260441984775,3.358323100256264,3.350616471617913,16013,24120.95
2026-10-01T07:59:00-04:00,3.3596,3.36,3.35,3.36,1.432877867957682,3.3882779753187036,3.3584828049937627,3.3524931772943307,26956,24427.45
2026-10-01T08:00:00-04:00,3.35,3.36,3.35,3.3501,1.432877867957682,3.388262773787656,3.3576844426134045,3.3520145418354645,7734,21517.75
2026-10-01T08:01:00-04:00,3.3511,3.3599,3.35,3.3592,1.432877867957682,3.388246076330951,3.357828781412128,3.3534516334683717,9303,19684.9
2026-10-01T08:02:00-04:00,3.36,3.36,3.35,3.36,1.432877867957682,3.38820936838804,3.3580355641347825,3.3547613067746975,20681,19829.85
2026-10-01T08:03:00-04:00,3.36,3.379,3.36,3.3698,1.432877867957682,3.388200196681052,3.3591559865981364,3.357769045419758,8773,19771.8
2026-10-01T08:04:00-04:00,3.3694,3.37,3.35,3.3503,1.432877867957682,3.388172575970086,3.3583125593030756,3.356275236335806,15655,20248.6
2026-10-01T08:05:00-04:00,3.3509,3.36,3.35,3.355,1.432877867957682,3.388118463045644,3.3579970774646872,3.3560201890686447,29110,21322.4
2026-10-01T08:06:00-04:00,3.35,3.35,3.34,3.3488,1.432877867957682,3.38805546309964,3.3571211653251933,3.354576151254916,26903,22071.05
2026-10-01T08:07:00-04:00,3.3406,3.35,3.34,3.3487,1.432877867957682,3.3880434151371084,3.356319149579937,3.353400921003933,5150,19692.9
2026-10-01T08:08:00-04:00,3.34,3.3402,3.32,3.33,1.432877867957682,3.3880107500601877,3.3538125639056573,3.348720736803146,10078,17884.25
2026-10-01T08:09:00-04:00,3.3289,3.33,3.32,3.32,1.432877867957682,3.387987833813179,3.350592319724166,3.3429765894425167,6340,16365.9
2026-10-01T08:10:00-04:00,3.3287,3.33,3.32,3.33,1.432877867957682,3.3879580438188133,3.3486311464171026,3.3403812715540133,8697,15535.45
2026-10-01T08:11:00-04:00,3.33,3.33,3.32,3.3288,1.432877867957682,3.387904157615934,3.34674246580595,3.3380650172432107,15651,15450.65
2026-10-01T08:12:00-04:00,3.3212,3.3298,3.32,3.32,1.432877867957682,3.387832712553146,3.344195564300622,3.3344520137945683,19827,15524.75
2026-10-01T08:13:00-04:00,3.32,3.32,3.29,3.2905,1.432877867957682,3.38771323638835,3.3390817010338956,3.3256616110356547,24480,16375.85
2026-10-01T08:14:00-04:00,3.29,3.2903,3.22,3.22,1.432877867957682,3.387178422202741,3.327740586649715,3.304529288828524,66830,19134.75
2026-10-01T08:15:00-04:00,3.2297,3.27,3.21,3.27,1.432877867957682,3.3865008510716357,3.322241483159266,3.297623431062819,89494,23316.55
2026-10-01T08:16:00-04:00,3.2695,3.3,3.25,3.25,1.432877867957682,3.3860140253047297,3.3153613419060024,3.288098744850255,73907,24630.9
2026-10-01T08:17:00-04:00,3.2505,3.27,3.2493,3.27,1.432877867957682,3.3859022090663933,3.3110412141054306,3.284478995880204,16565,24907.35
2026-10-01T08:18:00-04:00,3.265,3.28,3.26,3.27,1.432877867957682,3.3856728907437232,3.3071325270477705,3.281583196704163,36099,25911.65
2026-10-01T08:19:00-04:00,3.2608,3.28,3.26,3.27,1.432877867957682,3.3856174557434504,3.303596095900364,3.2792665573633304,8748,25001.25
2026-10-01T08:20:00-04:00,3.2694,3.3,3.26,3.3,1.432877867957682,3.385564241332198,3.30325361057652,3.283413245890664,9822,25105.65
2026-10-01T08:21:00-04:00,3.2995,3.3,3.28,3.28,1.432877867957682,3.385500369769041,3.3010389809978036,3.2827305967125313,11803,25230.65
2026-10-01T08:22:00-04:00,3.29,3.29,3.28,3.29,1.432877867957682,3.3854521217614204,3.299987649474203,3.284184477370025,8926,24642.9
2026-10-01T08:23:00-04:00,3.28,3.32,3.28,3.3196,1.432877867957682,3.3853447997638955,3.3018554923814216,3.29126758189602,24899,25449.2
2026-10-01T08:24:00-04:00,3.31,3.31,3.2905,3.291,1.432877867957682,3.3852314275569144,3.3008216359641436,3.291214065516816,23571,25845.0
2026-10-01T08:25:00-04:00,3.3,3.3,3.27,3.285,1.432877867957682,3.385106688361182,3.299314813491368,3.289971252413453,22844,25531.7
2026-10-01T08:26:00-04:00,3.2804,3.328,3.28,3.3199,1.432877867957682,3.3850470836937903,3.301275307444571,3.2959570019307622,14444,24908.75
2026-10-01T08:27:00-04:00,3.32,3.32,3.3,3.3081,1.432877867957682,3.3850270300423686,3.301925278164136,3.29838560154461,4869,24894.7
2026-10-01T08:28:00-04:00,3.31,3.33,3.3,3.33,1.432877867957682,3.3849786013696748,3.304599061196123,3.304708481235688,13695,25075.55
2026-10-01T08:29:00-04:00,3.32,3.36,3.32,3.3595,1.432877867957682,3.384906067853052,3.3098277220345875,3.3156667849885504,34729,26495.0
2026-10-01T08:30:00-04:00,3.3597,3.3598,3.325,3.325,1.432877867957682,3.384840217644141,3.3112727008884364,3.31753342799084,25149,27317.6
2026-10-01T08:31:00-04:00,3.325,3.34,3.325,3.3302,1.432877867957682,3.3848015627948604,3.3130753008038236,3.320066742392672,13438,27206.95
2026-10-01T08:32:00-04:00,3.33,3.34,3.31,3.31,1.432877867957682,3.38476310227098,3.312782415012983,3.3180533939141377,10964,26763.8
2026-10-01T08:33:00-04:00,3.32,3.36,3.31,3.3405,1.432877867957682,3.3846974328967643,3.315422185011747,3.32254271513131,25345,26807.05
2026-10-01T08:34:00-04:00,3.348,3.35,3.33,3.3385,1.432877867957682,3.3846592395747304,3.3176200721534856,3.325734172105048,15645,24247.8
2026-10-01T08:35:00-04:00,3.3392,3.3392,3.32,3.3299,1.432877867957682,3.38460841522807,3.318789589091249,3.3265673376840383,17137,20629.95
2026-10-01T08:36:00-04:00,3.3294,3.33,3.32,3.33,1.432877867957682,3.384577842743744,3.3198572472730348,3.3272538701472305,9783,17423.75
2026-10-01T08:37:00-04:00,3.32,3.33,3.32,3.3209,1.432877867957682,3.384548063798987,3.3199565570565555,3.3259830961177843,9064,17048.7
2026-10-01T08:38:00-04:00,3.3209,3.36,3.3,3.34,1.432877867957682,3.3843417237737636,3.3218654563845025,3.3287864768942272,75039,18995.7
2026-10-01T08:39:00-04:00,3.32,3.33,3.31,3.3292,1.432877867957682,3.384289274750578,3.3225639843478834,3.328869181515382,15956,19356.1
2026-10-01T08:40:00-04:00,3.3205,3.4,3.3205,3.382,1.432877867957682,3.384209288909798,3.3282245572671325,3.3394953452123057,89233,23326.65
2026-10-01T08:41:00-04:00,3.3819,3.4,3.38,3.398,1.432877867957682,3.384223946477426,3.3348698375274055,3.3511962761698446,32518,24362.4
2026-10-01T08:42:00-04:00,3.3913,3.43,3.39,3.4194,1.432877867957682,3.3843411298310966,3.342920329191462,3.364837020935876,76364,27734.3
2026-10-01T08:43:00-04:00,3.418,3.45,3.41,3.4399,1.432877867957682,3.3847426350952388,3.352156488316085,3.3798496167487007,155775,34278.1
2026-10-01T08:44:00-04:00,3.44,3.44,3.43,3.43,1.432877867957682,3.384857087381829,3.359570156095505,3.389879693398961,44847,35341.9
2026-10-01T08:45:00-04:00,3.439,3.5,3.43,3.498,1.432877867957682,3.3856233090103824,3.372753950753076,3.4115037547191687,161421,42270.75
2026-10-01T08:46:00-04:00,3.5,3.52,3.45,3.5198,1.432877867957682,3.386532188422445,3.38675833639564,3.433163003775335,158553,49476.2
2026-10-01T08:47:00-04:00,3.52,3.52,3.48,3.485,1.432877867957682,3.3871689841375026,3.396114685310341,3.443530403020268,114329,54949.2
2026-10-01T08:48:00-04:00,3.4897,3.49,3.48,3.48,1.432877867957682,3.387318645866894,3.4041037628998327,3.4508243224162145,30355,55782.2
2026-10-01T08:49:00-04:00,3.4812,3.4898,3.4,3.41,1.432877867957682,3.387590383588984,3.404665309290325,3.4426594579329715,116036,59847.55
2026-10-01T08:50:00-04:00,3.4111,3.44,3.4101,3.4393,1.432877867957682,3.387719833769273,3.407963851262675,3.441987566346377,60358,61608.0
2026-10-01T08:51:00-04:00,3.4391,3.51,3.4384,3.4805,1.432877867957682,3.388272380364054,3.414872055904325,3.4496900530771017,123536,67112.9
2026-10-01T08:52:00-04:00,3.4801,3.49,3.43,3.46,1.432877867957682,3.388497505709042,3.4191699553420083,3.451752042461681,62354,69682.4
2026-10-01T08:53:00-04:00,3.4501,3.48,3.45,3.48,1.432877867957682,3.388619886820886,3.4249632929284837,3.457401633969345,29876,69908.95
2026-10-01T08:54:00-04:00,3.48,3.52,3.4797,3.4801,1.432877867957682,3.3895668176174434,3.4302144078876755,3.461941307175476,181685,78210.95
2026-10-01T08:55:00-04:00,3.4894,3.52,3.43,3.4497,1.432877867957682,3.389840209484955,3.4320701785650396,3.459493045740381,71543,80931.25
2026-10-01T08:56:00-04:00,3.442,3.47,3.4404,3.4502,1.432877867957682,3.3899535276288613,3.433796828225512,3.4576344365923046,35913,82237.75
2026-10-01T08:57:00-04:00,3.4508,3.47,3.45,3.45,1.432877867957682,3.390052881961145,3.43533998744213,3.4561075492738436,30107,83289.9
2026-10-01T08:58:00-04:00,3.4501,3.53,3.45,3.5,1.432877867957682,3.3904053984628795,3.4414980838762133,3.464886039419075,69237,82999.8
2026-10-01T08:59:00-04:00,3.5005,3.61,3.5001,3.5988,1.432877867957682,3.3926970641751764,3.4564792187451454,3.49166883153526,262731,95338.55
2026-10-01T09:00:00-04:00,3.5903,3.66,3.59,3.6393,1.432877867957682,3.3954857362967283,3.4738907217217982,3.521195065228208,244583,103106.05
2026-10-01T09:01:00-04:00,3.6399,3.67,3.63,3.63,1.432877867957682,3.3976985565293467,3.488758272034008,3.542956052182566,187310,110845.65
2026-10-01T09:02:00-04:00,3.6399,3.64,3.57,3.5703,1.432877867957682,3.3987263783043895,3.496524150887912,3.5484248417460527,110748,112564.85
2026-10-01T09:03:00-04:00,3.578,3.58,3.5,3.55,1.432877867957682,3.400273835818315,3.501617088898587,3.5487398733968423,228133,116182.75
2026-10-01T09:04:00-04:00,3.5493,3.6,3.54,3.6,1.432877867957682,3.401466771027861,3.5109868899558645,3.558991898717474,142448,121062.8
2026-10-01T09:05:00-04:00,3.6,3.72,3.6,3.718,1.432877867957682,3.4062703218371433,3.5307024242457823,3.590793518973979,377529,131868.2
2026-10-01T09:06:00-04:00,3.718,3.77,3.71,3.758,1.432877867957682,3.413978409437241,3.5523498124128507,3.6242348151791832,506996,149290.35
2026-10-01T09:07:00-04:00,3.7512,3.76,3.67,3.6805,1.432877867957682,3.4185106266625502,3.5645545921830553,3.6354878521433465,355364,161342.1
2026-10-01T09:08:00-04:00,3.6898,3.72,3.6803,3.6999,1.432877867957682,3.420559453636013,3.577444631022764,3.6483702817146777,166401,168144.4
2026-10-01T09:09:00-04:00,3.6913,3.77,3.69,3.7301,1.432877867957682,3.4253134124870717,3.5919832375920246,3.664716225371742,356755,180180.35
2026-10-01T09:10:00-04:00,3.738,3.74,3.58,3.63,1.432877867957682,3.4288269781022,3.5956038816308795,3.6577729802973935,368939,195609.4
2026-10-01T09:11:00-04:00,3.6389,3.6599,3.6,3.605,1.432877867957682,3.429891136774234,3.5964987500469863,3.647218384237915,130940,195979.6
2026-10-01T09:12:00-04:00,3.605,3.65,3.6,3.6043,1.432877867957682,3.4307697126591012,3.597241726232987,3.638634707390332,111265,198425.15
2026-10-01T09:13:00-04:00,3.6003,3.66,3.6,3.6113,1.432877867957682,3.4314521462439633,3.5985806094488932,3.6331677659122654,84580,201160.35
2026-10-01T09:14:00-04:00,3.6198,3.63,3.61,3.61,1.432877867957682,3.4319053017891004,3.5996681704537608,3.628534212729812,58667,195009.45
2026-10-01T09:15:00-04:00,3.61,3.64,3.52,3.5211,1.432877867957682,3.432856387837987,3.5921854875534027,3.60704737018385,178853,200374.95
2026-10-01T09:16:00-04:00,3.528,3.58,3.52,3.5688,1.432877867957682,3.433310196203922,3.5899582982626024,3.59939789614708,89160,203037.3
2026-10-01T09:17:00-04:00,3.56,3.588,3.5213,3.5406,1.432877867957682,3.4340629622783427,3.5852575079518783,3.587638316917664,157475,209405.7
2026-10-01T09:18:00-04:00,3.55,3.55,3.54,3.548,1.432877867957682,3.4346116706074015,3.5817091738612232,3.579710653534131,120216,211954.65
2026-10-01T09:19:00-04:00,3.5498,3.58,3.54,3.572,1.432877867957682,3.435609558069901,3.580784490636345,3.578168522827305,190609,208348.55
2026-10-01T09:20:00-04:00,3.5797,3.63,3.5705,3.63,1.432877867957682,3.4368926937134883,3.585471682004312,3.5885348182618437,183019,205270.35
2026-10-01T09:21:00-04:00,3.6295,3.63,3.6,3.6,1.432877867957682,3.4373849878863556,3.586855331337235,3.590827854609475,71008,199455.25
2026-10-01T09:22:00-04:00,3.6,3.61,3.6,3.6013,1.432877867957682,3.437648188695742,3.588231014067022,3.5929222836875803,39561,195895.9
2026-10-01T09:23:00-04:00,3.6087,3.61,3.59,3.5903,1.432877867957682,3.437945579975983,3.588428060346353,3.592397826950064,46828,186830.65
2026-10-01T09:24:00-04:00,3.592,3.6,3.53,3.5705,1.432877867957682,3.4385291887422804,3.586720626027653,3.5880182615600513,113967,185406.6
2026-10-01T09:25:00-04:00,3.5704,3.575,3.5597,3.562,1.432877867957682,3.438687659118832,3.584366280691686,3.582814609248041,31436,168101.95
2026-10-01T09:26:00-04:00,3.57,3.57,3.52,3.54,1.432877867957682,3.4390029775661493,3.5801409206258112,3.5742516873984327,76164,146560.35
2026-10-01T09:27:00-04:00,3.5307,3.62,3.53,3.62,1.432877867957682,3.4394307073097323,3.583937023423353,3.5834013499187463,71805,132382.4
2026-10-01T09:28:00-04:00,3.6199,3.63,3.56,3.58,1.432877867957682,3.4398751432532557,3.5835620688116054,3.582721079934997,75043,127814.5
2026-10-01T09:29:00-04:00,3.575,3.6,3.55,3.59,1.432877867957682,3.4404089125002693,3.584175205115262,3.584176863947998,97215,114837.5
2026-10-01T09:30:00-04:00,3.595,3.69,3.525,3.615,1.432877867957682,3.4450059410225036,3.5871108998661896,3.5903414911583984,711056,131943.35
2026-10-01T09:31:00-04:00,3.615,3.66,3.48,3.5798,1.432877867957682,3.448377630253718,3.5864146236884573,3.588233192926719,708195,160806.1
2026-10-01T09:32:00-04:00,3.571,3.6,3.5,3.5648,1.432877867957682,3.4493862053814524,3.584356088099081,3.583546554341375,257431,168114.4
2026-10-01T09:33:00-04:00,3.57,3.7499,3.56,3.705,1.432877867957682,3.4550224256251783,3.595845984470597,3.6078372434731,707680,199269.4
2026-10-01T09:34:00-04:00,3.7002,3.8,3.69,3.7399,1.432877867957682,3.46376078618031,3.609565414521016,3.63424979477848,872313,239951.7
2026-10-01T09:35:00-04:00,3.735,4.0,3.73,3.79,1.432877867957682,3.4843032462379235,3.6267496607571097,3.665399835822784,1661980,314108.05
2026-10-01T09:36:00-04:00,3.7989,3.82,3.68,3.725,1.432877867957682,3.4893423399766177,3.636106835923099,3.6773198686582274,607898,340044.95
2026-10-01T09:37:00-04:00,3.7299,3.87,3.7199,3.7799,1.432877867957682,3.4972393684965883,3.6498014229780424,3.6978358949265817,837674,374054.9
2026-10-01T09:38:00-04:00,3.7702,3.9295,3.77,3.9101,1.432877867957682,3.505835231180415,3.6745917636468,3.7402887159412654,752901,405689.15
2026-10-01T09:39:00-04:00,3.915,4.14,3.91,4.1001,1.432877867957682,3.5341273418667414,3.7151163575852,3.812250972753013,1789855,485651.45
2026-10-01T09:40:00-04:00,4.1,4.22,4.1,4.19,1.432877867957682,3.5587036333179105,3.7603433711485144,3.88780077820241,1384121,545706.55
2026-10-01T09:41:00-04:00,4.1802,4.38,4.11,4.3,1.432877867957682,3.588153689848652,3.8117392405629418,3.970240622561928,1562049,620258.6
2026-10-01T09:42:00-04:00,4.2927,4.3499,4.25,4.2899,1.432877867957682,3.604419944036451,3.857278360509328,4.034172498049542,878290,662195.05
2026-10-01T09:43:00-04:00,4.2891,4.43,4.25,4.27,1.432877867957682,3.629278237717131,3.896585183317963,4.081337998439634,1383332,729020.25
2026-10-01T09:44:00-04:00,4.2699,4.2699,3.9,4.005,1.432877867957682,3.648118033500458,3.906910403954347,4.066070398751707,1820477,814345.75
2026-10-01T09:45:00-04:00,4.01,4.03,3.9408,3.9802,1.432877867957682,3.653352963795904,3.913890365482505,4.048896319001366,657011,845624.5
2026-10-01T09:46:00-04:00,3.9813,3.99,3.84,3.926117,1.432877867957682,3.659079497238254,3.915054806865123,4.024340455201092,928882,888260.4
2026-10-01T09:47:00-04:00,3.9298,3.9396,3.78,3.83,1.432877867957682,3.662403017201069,3.906954349068445,3.985472364160874,763086,922824.45
2026-10-01T09:48:00-04:00,3.84,3.96,3.82,3.885,1.432877867957682,3.665349725353363,3.9048634586809743,3.965377891328699,578880,948016.3
2026-10-01T09:49:00-04:00,3.8802,3.93,3.85,3.915,1.432877867957682,3.666888513985483,3.905828843568501,3.955302313062959,295092,957910.15
2026-10-01T09:50:00-04:00,3.9103,3.93,3.85,3.8697,1.432877867957682,3.668389190253738,3.902388001323881,3.938181850450367,312081,937961.4
2026-10-01T09:51:00-04:00,3.8698,3.92,3.86,3.885,1.432877867957682,3.669880145878343,3.900732001197797,3.9275454803602936,307067,917905.0
2026-10-01T09:52:00-04:00,3.883966,4.0,3.86,3.939,1.432877867957682,3.673253283997582,3.9043765725122928,3.929836384288235,588254,934446.15
2026-10-01T09:53:00-04:00,3.94,4.1,3.93,4.045,1.432877867957682,3.680261212261333,3.9177692798920742,3.952869107430588,932790,945701.65
2026-10-01T09:54:00-04:00,4.045,4.05,4.0,4.0199,1.432877867957682,3.6835982310463167,3.927496015140448,3.9662752859444703,459923,925082.15
2026-10-01T09:55:00-04:00,4.02,4.09,4.0,4.02,1.432877867957682,3.687707425028953,3.9363059184604055,3.977020228755576,556739,869820.1
2026-10-01T09:56:00-04:00,4.02,4.04,3.89,3.895,1.432877867957682,3.690554262572673,3.932372021464176,3.960616183004461,542311,866540.75
2026-10-01T09:57:00-04:00,3.895,3.95,3.86,3.9199,1.432877867957682,3.6923169755582785,3.93118420989616,3.9524729464035686,391808,844247.45
2026-10-01T09:58:00-04:00,3.915,3.9543,3.91,3.94,1.432877867957682,3.6932950418296633,3.932023808953668,3.949978357122855,197540,816479.4
2026-10-01T09:59:00-04:00,3.9394,4.2,3.935,4.1,1.432877867957682,3.701357658802501,3.948021541434271,3.979982685698284,1047300,779351.65
2026-10-01T10:00:00-04:00,4.095,4.19,4.05,4.17,1.432877867957682,3.708815541158553,3.969162347011959,4.017986148558627,871810,753736.1
2026-10-01T10:01:00-04:00,4.17,4.18,4.07,4.08,1.432877867957682,3.714274070857775,3.9797183139632017,4.030388918846902,701916,710729.45
2026-10-01T10:02:00-04:00,4.09,4.2,4.07,4.19,1.432877867957682,3.720013884802898,3.999745141204801,4.062311135077522,683350,700982.45
2026-10-01T10:03:00-04:00,4.198,4.25,4.1301,4.1401,1.432877867957682,3.7283041970825552,4.013112270613868,4.077868908062017,973612,680496.45
2026-10-01T10:04:00-04:00,4.145,4.36,4.145,4.315,1.432877867957682,3.742243369117296,4.041863482936357,4.125295126449614,1397501,659347.65
2026-10-01T10:05:00-04:00,4.3199,4.5,4.2801,4.40219,1.432877867957682,3.76210922329428,4.076180294085275,4.180674101159691,1717646,712379.4
2026-10-01T10:06:00-04:00,4.4093,4.4093,4.26,4.365,1.432877867957682,3.7717713856886137,4.103686932743821,4.2175392809277525,950385,713454.55
2026-10-01T10:07:00-04:00,4.365,4.43,4.3017,4.37,1.432877867957682,3.7789836069807983,4.129050082006314,4.248031424742202,702661,710433.3
2026-10-01T10:08:00-04:00,4.35,4.49,4.33,4.45,1.432877867957682,3.789225704315407,4.159616740862855,4.288425139793762,937037,728341.15
2026-10-01T10:09:00-04:00,4.45,4.54,4.36,4.361,1.432877867957682,3.800709026700352,4.1787960988759165,4.302940111835009,1092518,768212.45
2026-10-01T10:10:00-04:00,4.365,4.39,4.26,4.2698,1.432877867957682,3.807389336645313,4.18746313707821,4.296312089468008,803484,792782.6
2026-10-01T10:11:00-04:00,4.27,4.35,4.25,4.28,1.432877867957682,3.810658286950841,4.19627617164219,4.293049671574406,412089,798033.7
2026-10-01T10:12:00-04:00,4.28,4.35,4.18,4.211,1.432877867957682,3.815137571694522,4.197678441009601,4.276639737259525,635378,800389.9
2026-10-01T10:13:00-04:00,4.22,4.29,4.1998,4.27,1.432877867957682,3.8172847254732343,4.204566208532496,4.27531178980762,304821,768991.45
2026-10-01T10:14:00-04:00,4.27,4.33,4.2687,4.32,1.432877867957682,3.8198377698732418,4.215559902957972,4.284249431846096,326477,762319.15
2026-10-01T10:15:00-04:00,4.32,4.4,4.3101,4.395,1.432877867957682,3.8247926446134017,4.232649436009594,4.306399545476877,569943,762979.35
2026-10-01T10:16:00-04:00,4.391,4.3999,4.33,4.36,1.432877867957682,3.828453048381669,4.244778061151537,4.317119636381501,431815,757454.55
2026-10-01T10:17:00-04:00,4.36,4.37,4.23,4.29,1.432877867957682,3.830911683921714,4.249084912470439,4.311695709105201,335349,754631.6
2026-10-01T10:18:00-04:00,4.2965,4.31,4.27,4.27,1.432877867957682,3.831834249373914,4.251076825568492,4.30335656728416,130493,751279.25
2026-10-01T10:19:00-04:00,4.27,4.275,4.14,4.175,1.432877867957682,3.834115653627549,4.2438314136095885,4.277685253827328,402686,719048.55
2026-10-01T10:20:00-04:00,4.175,4.1898,3.98,4.0197,1.432877867957682,3.83666390807718,4.22248556469439,4.226088203061862,724481,711682.1
2026-10-01T10:21:00-04:00,4.0168,4.1,4.0101,4.08,1.432877867957682,3.838256012316122,4.208915510913972,4.19687056244949,460566,699614.6
2026-10-01T10:22:00-04:00,4.09,4.14,4.04,4.12,1.432877867957682,3.839284877210631,4.200447367017403,4.181496449959592,258803,678387.25
2026-10-01T10:23:00-04:00,4.115,4.17,4.1,4.1303,1.432877867957682,3.840305580347425,4.193766665396698,4.1712571599676735,229261,641169.7
2026-10-01T10:24:00-04:00,4.135,4.14,4.0795,4.12,1.432877867957682,3.841011502165233,4.18674126869225,4.161005727974139,171371,579863.2
2026-10-01T10:25:00-04:00,4.125,4.25,4.11,4.2189,1.432877867957682,3.842989750227084,4.189804005007274,4.1725845823793115,374424,512702.1
2026-10-01T10:26:00-04:00,4.215,4.27,4.21,4.22,1.432877867957682,3.8449688749554207,4.1926798140542,4.182067665903449,339472,482156.45
2026-10-01T10:27:00-04:00,4.2298,4.26,4.22,4.24,1.432877867957682,3.8461057137139782,4.197186498429991,4.193654132722759,193240,456685.4
2026-10-01T10:28:00-04:00,4.24,4.3399,4.24,4.29,1.432877867957682,3.848950745852104,4.2060258795318965,4.212923306178207,433174,431492.25
2026-10-01T10:29:00-04:00,4.2927,4.33,4.26,4.31,1.432877867957682,3.8508577156291137,4.215928176719335,4.2323386449425655,286934,391213.05
2026-10-01T10:30:00-04:00,4.311,4.318,4.27,4.2798,1.432877867957682,3.851910945148343,4.22201120750797,4.241830915954052,163437,359210.7
2026-10-01T10:31:00-04:00,4.2799,4.28,4.1501,4.19,1.432877867957682,3.853867371871629,4.218962521078639,4.231464732763242,377226,357467.55
2026-10-01T10:32:00-04:00,4.1801,4.28,4.17,4.2598,1.432877867957682,3.855299212958861,4.222851804785435,4.237131786210593,256883,338542.8
2026-10-01T10:33:00-04:00,4.255,4.3,4.24,4.285,1.432877867957682,3.857429654914747,4.228770680520156,4.2467054289684745,350329,340818.2
2026-10-01T10:34:00-04:00,4.2702,4.29,4.1902,4.2042,1.432877867957682,3.858571981483464,4.226430615708712,4.23820434317478,213329,335160.8
2026-10-01T10:35:00-04:00,4.2,4.23,4.16,4.215,1.432877867957682,3.8596776243426114,4.225341985641216,4.233563474539824,223815,317854.4
2026-10-01T10:36:00-04:00,4.2102,4.25,4.18,4.2202,1.432877867957682,3.8603594099159912,4.224852272723005,4.230890779631859,132871,302907.2
2026-10-01T10:37:00-04:00,4.2298,4.2299,4.1804,4.2,1.432877867957682,3.860816328174735,4.222485389606529,4.2247126237054875,92800,290779.75
2026-10-01T10:38:00-04:00,4.2001,4.23,4.18,4.2101,1.432877867957682,3.8614256675339766,4.221305828691621,4.22179009896439,122968,290403.5
2026-10-01T10:39:00-04:00,4.21,4.24,4.1801,4.183931,1.432877867957682,3.862115406765398,4.217746321197181,4.214218279171512,141924,277365.4
2026-10-01T10:40:00-04:00,4.19,4.22,4.17,4.2,1.432877867957682,3.8629431462216512,4.2160561953688775,4.21137462333721,173481,249815.4
2026-10-01T10:41:00-04:00,4.1907,4.29,4.1907,4.245,1.432877867957682,3.864780883951042,4.2188127481908895,4.218099698669768,341685,243871.35
2026-10-01T10:42:00-04:00,4.25,4.25,4.21,4.21,1.432877867957682,3.865745212683712,4.217973438839376,4.216479758935814,190009,240431.65
2026-10-01T10:43:00-04:00,4.2195,4.2195,4.15,4.195,1.432877867957682,3.866655613638661,4.215785492283245,4.2121838071486515,200050,238971.1
2026-10-01T10:44:00-04:00,4.19,4.24,4.19,4.211,1.432877867957682,3.867030156102034,4.215329731113412,4.211947045718921,76552,234230.15
2026-10-01T10:45:00-04:00,4.2199,4.25,4.18,4.2199,1.432877867957682,3.8674804887759104,4.2157649948168965,4.213537636575137,91478,220082.85
2026-10-01T10:46:00-04:00,4.21,4.2199,4.18,4.1901,1.432877867957682,3.867889088153466,4.21332070959624,4.208850109260109,88258,207522.15
2026-10-01T10:47:00-04:00,4.1901,4.2098,4.17,4.1741,1.432877867957682,3.8683727040197136,4.209585403920408,4.201900087408087,108731,203296.7
2026-10-01T10:48:00-04:00,4.175,4.225,4.16,4.22,1.432877867957682,3.869348569743965,4.210577270213703,4.20552006992647,209121,192094.05
2026-10-01T10:49:00-04:00,4.2197,4.225,4.1901,4.22,1.432877867957682,3.869872516194474,4.211474673050493,4.208416055941176,109475,183221.1
2026-10-01T10:50:00-04:00,4.22,4.22,4.19,4.2,1.432877867957682,3.870128466188904,4.210381847045684,4.206732844752941,54947,177796.6
2026-10-01T10:51:00-04:00,4.1999,4.21,4.17,4.205,1.432877867957682,3.87075172998238,4.209869290184191,4.206386275802353,137603,165815.45
2026-10-01T10:52:00-04:00,4.205,4.25,4.15,4.15,1.432877867957682,3.871659984113566,4.204167453023792,4.195109020641882,209014,163422.0
2026-10-01T10:53:00-04:00,4.15,4.1502,4.04,4.093938,1.432877867957682,3.872813813767352,4.193669409878669,4.174874816513506,374040,164607.55
2026-10-01T10:54:00-04:00,4.0995,4.115,4.02,4.1101,1.432877867957682,3.873269795706596,4.185710418461652,4.161919853210804,158187,161850.45
2026-10-01T10:55:00-04:00,4.12,4.18,4.09,4.095,1.432877867957682,3.873908926335832,4.177071330989114,4.148535882568644,186937,160006.55
2026-10-01T10:56:00-04:00,4.095,4.13,4.06,4.12,1.432877867957682,3.8742864345612182,4.171635966133008,4.142828706054915,119744,159350.2
2026-10-01T10:57:00-04:00,4.12,4.12,4.09,4.0999,1.432877867957682,3.874406969728432,4.164803969358435,4.134242964843931,38322,156626.3
2026-10-01T10:58:00-04:00,4.095,4.1,4.04,4.0903,1.432877867957682,3.874783551508696,4.157708353229061,4.125454371875145,135750,157265.4
2026-10-01T10:59:00-04:00,4.0999,4.13,4.08,4.1,1.432877867957682,3.875036839709903,4.152212319588197,4.120363497500116,80932,154215.8
2026-10-01T11:00:00-04:00,4.1,4.105,4.05,4.08,1.432877867957682,3.875256472382194,4.1453349558178925,4.1122907980000925,78981,149490.8
2026-10-01T11:01:00-04:00,4.0782,4.1,4.03,4.045,1.432877867957682,3.8754820500039946,4.135779245739998,4.098832638400074,90189,136916.0
2026-10-01T11:02:00-04:00,4.0411,4.0411,3.87,3.875,1.432877867957682,3.8759340222978222,4.110943127098093,4.0540661107200595,626973,158764.2
2026-10-01T11:03:00-04:00,3.8875,3.95,3.875,3.88,1.432877867957682,3.8760219029269343,4.088948543564941,4.019252888576047,252982,161410.8
2026-10-01T11:04:00-04:00,3.8708,3.89,3.71,3.79,1.432877867957682,3.8751975596764456,4.060477253701613,3.9734023108608376,777586,196462.5
2026-10-01T11:05:00-04:00,3.7907,3.87,3.79,3.8698,1.432877867957682,3.8751043088522215,4.04231751525384,3.95268184868867,219244,202850.8
2026-10-01T11:06:00-04:00,3.86,3.88,3.83,3.8512,1.432877867957682,3.875049322226757,4.024115847134427,3.932385478950936,193659,208120.85
2026-10-01T11:07:00-04:00,3.8501,3.92,3.85,3.91,1.432877867957682,3.875086273298973,4.013247671216862,3.927908383160749,152419,210305.25
2026-10-01T11:08:00-04:00,3.915,3.92,3.87,3.895,1.432877867957682,3.8751301190669434,4.001985988243828,3.9213267065285993,166424,208170.4
2026-10-01T11:09:00-04:00,3.895,3.9,3.865,3.87,1.432877867957682,3.875133081418532,3.989415894125368,3.91106136522288,69967,206195.0
2026-10-01T11:10:00-04:00,3.876087,3.9299,3.87,3.905,1.432877867957682,3.875185200646688,3.981376285161047,3.909849092178304,149089,210902.1
2026-10-01T11:11:00-04:00,3.905,3.98,3.9002,3.97,1.432877867957682,3.8754151595109754,3.980292829431423,3.921879273742643,233512,215697.55
2026-10-01T11:12:00-04:00,3.9601,3.98,3.94,3.98,1.432877867957682,3.8755805325593258,3.980264940914145,3.9335034189941145,138053,212149.5
2026-10-01T11:13:00-04:00,3.9702,4.0,3.95,3.9798,1.432877867957682,3.875792667696471,3.9802206608270834,3.9427627351952914,160303,201462.65
2026-10-01T11:14:00-04:00,3.98,3.99,3.94,3.97,1.432877867957682,3.8759208773038463,3.9792472645578374,3.9482101881562337,107852,198945.9
2026-10-01T11:15:00-04:00,3.9602,4.01,3.9602,3.97,1.432877867957682,3.876089057996225,3.9783665726951862,3.9525681505249866,123647,195781.4
2026-10-01T11:16:00-04:00,3.97,3.97,3.88,3.93219,1.432877867957682,3.876213352540421,3.973968803867073,3.948492520419989,185940,199091.2
2026-10-01T11:17:00-04:00,3.925,3.93,3.92,3.92,1.432877867957682,3.8762401361889207,3.968828917784495,3.9427940163359914,43653,199357.75
2026-10-01T11:18:00-04:00,3.925,3.925,3.88,3.9001,1.432877867957682,3.876263055893456,3.962283306566924,3.934255213068793,69198,196030.15
2026-10-01T11:19:00-04:00,3.905,3.93,3.88,3.9198,1.432877867957682,3.8762822810963544,3.958237277370074,3.9313641704550344,43915,194179.3
2026-10-01T11:20:00-04:00,3.91,3.95,3.91,3.92,1.432877867957682,3.876310244216008,3.9545956319062574,3.9290913363640274,42709,192365.7
2026-10-01T11:21:00-04:00,3.925,3.93,3.88,3.89,1.432877867957682,3.8763287662477337,3.948443666962804,3.921273069091222,60214,190866.95
2026-10-01T11:22:00-04:00,3.89,3.93,3.89,3.9097,1.432877867957682,3.876341679937824,3.944753793918728,3.9189584552729775,29636,161000.1
2026-10-01T11:23:00-04:00,3.905,3.9475,3.9,3.94,1.432877867957682,3.876370729369332,3.9443010516407537,3.923166764218382,42391,150470.55
2026-10-01T11:24:00-04:00,3.9499,4.05,3.9401,4.015,1.432877867957682,3.8767622947149936,3.951034284817825,3.9415334113747056,241594,123670.95
2026-10-01T11:25:00-04:00,4.0188,4.0199,3.9301,3.9401,1.432877867957682,3.876883103722947,3.949992924358984,3.9412467290997646,108019,118109.7
2026-10-01T11:26:00-04:00,3.945,3.96,3.94,3.9414,1.432877867957682,3.876956805048743,3.94917455061051,3.941277383279812,81325,112493.0
2026-10-01T11:27:00-04:00,3.9401,3.98,3.935,3.95,1.432877867957682,3.877056870224049,3.94925316483808,3.9430219066238497,99518,109847.95
2026-10-01T11:28:00-04:00,3.94,3.945,3.9,3.91,1.432877867957682,3.877093764381895,3.9455147681868343,3.93641752529908,69438,104998.65
2026-10-01T11:29:00-04:00,3.9,3.92,3.85,3.915,1.432877867957682,3.8771196341720047,3.942608599788088,3.932134020239264,112398,107120.2
2026-10-01T11:30:00-04:00,3.915,3.9299,3.91,3.9201,1.432877867957682,3.8771488215385457,3.940464923617794,3.929727216191411,52991,102315.3
2026-10-01T11:31:00-04:00,3.9201,3.94,3.88,3.94,1.432877867957682,3.877192288941163,3.940420645178005,3.931781772953129,79051,94592.25
2026-10-01T11:32:00-04:00,3.9389,4.0,3.9103,3.9399,1.432877867957682,3.8772612767414394,3.940371059922956,3.9334054183625033,73844,91381.8
2026-10-01T11:33:00-04:00,3.9302,3.94,3.9201,3.93,1.432877867957682,3.8772752311912466,3.9393833399302935,3.9327243346900023,20632,84398.25
2026-10-01T11:34:00-04:00,3.93,3.94,3.9,3.92,1.432877867957682,3.877288525018974,3.93753730755598,3.9301794677520023,24285,80219.9
2026-10-01T11:35:00-04:00,3.9201,3.925,3.8875,3.8875,1.432877867957682,3.8772971687767384,3.932771849693506,3.921643574201602,29716,75523.35
2026-10-01T11:36:00-04:00,3.89,3.9,3.83,3.9,1.432877867957682,3.877296090863106,3.9296507211512672,3.9173148593612814,133713,72912.0
2026-10-01T11:37:00-04:00,3.89,3.91,3.8806,3.905,1.432877867957682,3.8773158308359847,3.927303033422575,3.914851887489025,72766,74367.65
2026-10-01T11:38:00-04:00,3.905,3.91,3.855,3.8798,1.432877867957682,3.8773185255002462,3.9227789350013778,3.90784150999122,49271,73371.3
2026-10-01T11:39:00-04:00,3.87,3.88,3.83,3.86,1.432877867957682,3.877290641177125,3.91679998881077,3.898273207992976,105911,76471.1
2026-10-01T11:40:00-04:00,3.85,3.86,3.77,3.78,1.432877867957682,3.8771450962176615,3.9037714184478394,3.8746185663943806,154672,82069.25
2026-10-01T11:41:00-04:00,3.7712,3.82,3.73,3.76,1.432877867957682,3.87690261626132,3.890078902405188,3.8516948531155046,178272,87972.15
2026-10-01T11:42:00-04:00,3.7326,3.8,3.7302,3.79,1.432877867957682,3.87674367564188,3.8805475783665986,3.839355882492404,121152,92547.95
2026-10-01T11:43:00-04:00,3.79,3.81,3.745,3.8,1.432877867957682,3.8766439789254417,3.8728763804269226,3.831484705993923,85827,94719.75
2026-10-01T11:44:00-04:00,3.7998,3.82,3.78,3.785,1.432877867957682,3.876594593667856,3.864507201338644,3.8221877647951383,47803,85030.2
2026-10-01T11:45:00-04:00,3.78,3.78,3.7301,3.765,1.432877867957682,3.876473053228098,3.855030325020678,3.8107502118361105,81326,83695.55
2026-10-01T11:46:00-04:00,3.765,3.77,3.75,3.7699,1.432877867957682,3.876421686997376,3.8469226750187087,3.802580169468889,35922,81425.4
2026-10-01T11:47:00-04:00,3.7602,3.81,3.57,3.66,1.432877867957682,3.875190657076469,3.829120515493117,3.774064135575111,499155,101407.25
2026-10-01T11:48:00-04:00,3.6501,3.6501,3.57,3.61,1.432877867957682,3.87472160355472,3.8082518949699633,3.7412513084600887,141138,104992.25
2026-10-01T11:49:00-04:00,3.6097,3.6699,3.53,3.5702,1.432877867957682,3.8736471440490257,3.785580285925205,3.707041046768071,302265,114485.6
2026-10-01T11:50:00-04:00,3.561,3.66,3.56,3.64,1.432877867957682,3.873011556985374,3.771715496789471,3.693632837414457,201188,121895.45
2026-10-01T11:51:00-04:00,3.645,3.6794,3.64,3.665,1.432877867957682,3.872778104008908,3.7615521161428545,3.6879062699315655,88702,122378.0
2026-10-01T11:52:00-04:00,3.6659,3.68,3.65,3.655,1.432877867957682,3.872579880239183,3.751404295557821,3.681325015945253,75542,122462.9
2026-10-01T11:53:00-04:00,3.6598,3.68,3.6598,3.675,1.432877867957682,3.872503557612564,3.7441276959808856,3.680060012756202,30564,122959.5
2026-10-01T11:54:00-04:00,3.675,3.69,3.665,3.6799,1.432877867957682,3.8722781727853417,3.7380107725541345,3.6800280102049614,93515,126421.0
2026-10-01T11:55:00-04:00,3.68,3.7,3.67,3.675,1.432877867957682,3.872101127995616,3.732009746596598,3.679022408163969,74912,128680.8
2026-10-01T11:56:00-04:00,3.675,3.68,3.65,3.67,1.432877867957682,3.871933669232755,3.726104056444541,3.677217926531175,65797,125285.0
2026-10-01T11:57:00-04:00,3.67,3.69,3.665,3.6703,1.432877867957682,3.8718449005062294,3.720789384402204,3.67583434122494,36419,123467.65
2026-10-01T11:58:00-04:00,3.675,3.68,3.6501,3.6502,1.432877867957682,3.8717034972015862,3.714066585887708,3.670707472979952,53964,123702.3
2026-10-01T11:59:00-04:00,3.65,3.66,3.635,3.6402,1.432877867957682,3.871590939501785,3.7070316729460218,3.6646059783839617,40153,120414.4
2026-10-01T12:00:00-04:00,3.64,3.685,3.6302,3.6701,1.432877867957682,3.871354263859075,3.703514370760686,3.665704782707169,91298,117245.7
2026-10-01T12:01:00-04:00,3.675,3.6799,3.63,3.645,1.432877867957682,3.871181918038265,3.6979415735453824,3.661563826165735,63538,111509.0
2026-10-01T12:02:00-04:00,3.645,3.68,3.645,3.67,1.432877867957682,3.8710238182781302,3.695280471302965,3.663251060932589,62161,108559.45
2026-10-01T12:03:00-04:00,3.67,3.67,3.65,3.655,1.432877867957682,3.8709737335474954,3.6914442359407778,3.6616008487460703,19094,105222.8
2026-10-01T12:04:00-04:00,3.65,3.65,3.56,3.595,1.432877867957682,3.8706074115272786,3.682259070613085,3.6482806789968567,110445,108354.9
2026-10-01T12:05:00-04:00,3.591,3.63,3.5901,3.6299,1.432877867957682,3.8704573693684026,3.6772724924594575,3.6446045431974854,48003,106688.75
2026-10-01T12:06:00-04:00,3.6202,3.6599,3.62,3.65,1.432877867957682,3.870341754340649,3.674675112225223,3.645683634557989,41371,106961.2
2026-10-01T12:07:00-04:00,3.6501,3.66,3.62,3.62,1.432877867957682,3.870199127218416,3.669467958679964,3.6405469076463906,48945,84450.7
2026-10-01T12:08:00-04:00,3.6299,3.67,3.62,3.6401,1.432877867957682,3.870046107947203,3.666671010234253,3.6404575261171126,54904,80139.0
2026-10-01T12:09:00-04:00,3.645,3.645,3.61,3.62,1.432877867957682,3.869964219949679,3.662226152116705,3.63636602089369,27207,66386.1
2026-10-01T12:10:00-04:00,3.615,3.6222,3.6,3.61,1.432877867957682,3.86983507915187,3.657252232867495,3.631092816714952,40579,58355.65
2026-10-01T12:11:00-04:00,3.61,3.63,3.605,3.62,1.432877867957682,3.8697447416150226,3.653704401165829,3.628874253371962,29269,55384.0
2026-10-01T12:12:00-04:00,3.62,3.6385,3.61,3.62,1.432877867957682,3.8696702957213382,3.6504944581976546,3.627099402697569,24576,52835.7
2026-10-01T12:13:00-04:00,3.625,3.6399,3.62,3.625,1.432877867957682,3.869628111482843,3.6480664145597825,3.6266795221580552,14248,52019.9
2026-10-01T12:14:00-04:00,3.6297,3.63,3.58,3.59,1.432877867957682,3.869440078724755,3.642536279839803,3.619343617726444,56893,50188.8
2026-10-01T12:15:00-04:00,3.59,3.61,3.585,3.59,1.432877867957682,3.869309395440347,3.6375328246169647,3.613474894181155,38866,48386.5
2026-10-01T12:16:00-04:00,3.5951,3.6,3.51,3.552,1.432877867957682,3.8687202849675097,3.629386841320111,3.601179915344924,152781,52735.7
2026-10-01T12:17:00-04:00,3.551,3.59,3.55,3.5899,1.432877867957682,3.868554077796623,3.625626189765814,3.598923932275939,46558,53242.65
2026-10-01T12:18:00-04:00,3.59,3.6099,3.5802,3.59,1.432877867957682,3.868414740958607,3.6222332193119273,3.5971391458207513,41449,52616.9
2026-10-01T12:19:00-04:00,3.585,3.63,3.585,3.625,1.432877867957682,3.868179908699702,3.622496722234601,3.602711316656601,75432,54380.85
2026-10-01T12:20:00-04:00,3.625,3.68,3.625,3.68,1.432877867957682,3.867812934937102,3.6279732248789247,3.618169053325281,145860,57108.95
2026-10-01T12:21:00-04:00,3.675,3.7,3.67,3.685,1.432877867957682,3.867550308018499,3.6334043463190273,3.6315352426602248,118088,59836.45
2026-10-01T12:22:00-04:00,3.685,3.7,3.65,3.675,1.432877867957682,3.8673382734182327,3.6373658371457864,3.64022819412818,90618,61259.3
2026-10-01T12:23:00-04:00,3.68,3.69,3.65,3.655,1.432877867957682,3.8671868573397954,3.63904528122714,3.643182555302544,61627,63385.95
2026-10-01T12:24:00-04:00,3.6599,3.68,3.65,3.675,1.432877867957682,3.867027205069793,3.642469540157889,3.649546044242035,66171,61172.25
2026-10-01T12:25:00-04:00,3.6798,3.68,3.66,3.665,1.432877867957682,3.866950896862535,3.6446152982380897,3.652636835393628,31665,60355.35
2026-10-01T12:26:00-04:00,3.66,3.67,3.65,3.66,1.432877867957682,3.866835315476864,3.6460805079297,3.6541094683149025,46074,60590.5
2026-10-01T12:27:00-04:00,3.6502,3.72,3.6502,3.679,1.432877867957682,3.866601455436619,3.649215697650681,3.659087574651922,105117,63399.1
2026-10-01T12:28:00-04:00,3.68,3.7,3.67,3.69,1.432877867957682,3.866474086303844,3.6530999169220446,3.6652700597215375,58512,63579.5
2026-10-01T12:29:00-04:00,3.6898,3.74,3.685,3.715,1.432877867957682,3.866233728115542,3.658995162929469,3.67521604777723,129941,68716.2
2026-10-01T12:30:00-04:00,3.72,3.78,3.7101,3.7698,1.432877867957682,3.865955365109558,3.6695480045552338,3.694132838221784,204568,76915.65
2026-10-01T12:31:00-04:00,3.7697,3.7697,3.695,3.7298,1.432877867957682,3.865679761355013,3.675286289835688,3.701266270577427,170470,83975.7
2026-10-01T12:32:00-04:00,3.7201,3.73,3.71,3.73,1.432877867957682,3.8655616024560224,3.680497119375146,3.707013016461942,69091,86201.45
2026-10-01T12:33:00-04:00,3.726141,3.73,3.7101,3.7297,1.432877867957682,3.865488779422726,3.685183108006085,3.7115504131695536,42619,87620.0
2026-10-01T12:34:00-04:00,3.725,3.77,3.72,3.7698,1.432877867957682,3.865345721024013,3.693241859624552,3.7232003305356423,106295,90090.1
2026-10-01T12:35:00-04:00,3.765,3.765,3.73,3.7498,1.432877867957682,3.865249468410557,3.6986283491841183,3.7285202644285143,68607,91577.15
2026-10-01T12:36:00-04:00,3.74,3.745,3.71,3.72,1.432877867957682,3.8651438042975785,3.700663744499917,3.726816211542811,62920,87084.1
2026-10-01T12:37:00-04:00,3.725,3.738,3.71,3.735,1.432877867957682,3.86507847188518,3.7039338640713537,3.728452969234249,39707,86741.55
2026-10-01T12:38:00-04:00,3.73,3.755,3.72,3.725,1.432877867957682,3.8650110919678182,3.705940162731225,3.727762375387399,42755,86806.85
2026-10-01T12:39:00-04:00,3.73,3.7399,3.72,3.7301,1.432877867957682,3.864994212254591,3.708241099613965,3.7282299003099193,10453,83557.9
2026-10-01T12:40:00-04:00,3.735,3.735,3.65,3.71,1.432877867957682,3.8646894696497314,3.7084086139364447,3.724583920247936,153158,83922.8
2026-10-01T12:41:00-04:00,3.7199,3.7284,3.6801,3.6899,1.432877867957682,3.864612881148643,3.706645888799641,3.717647136198349,38845,79960.65
2026-10-01T12:42:00-04:00,3.69,3.7,3.6704,3.676,1.432877867957682,3.864500583195114,3.703727232723484,3.709317708958679,51602,78009.85
2026-10-01T12:43:00-04:00,3.68,3.71,3.6766,3.7055,1.432877867957682,3.86444352875576,3.7038960677022,3.708554167166943,28634,76360.2
2026-10-01T12:44:00-04:00,3.7001,3.71,3.695,3.6989,1.432877867957682,3.86439603282958,3.703420251730562,3.706623333733554,24427,74273.0
2026-10-01T12:45:00-04:00,3.6901,3.71,3.69,3.705,1.432877867957682,3.864337230063213,3.703570703946699,3.7062986669868434,30330,74206.25
2026-10-01T12:46:00-04:00,3.705,3.71,3.68,3.68,1.432877867957682,3.864296101469264,3.7013258749993945,3.7010389335894742,19806,72892.85
2026-10-01T12:47:00-04:00,3.6801,3.7,3.66,3.6996,1.432877867957682,3.8642564243703887,3.7011615059518337,3.70075114687158,18743,68574.15
2026-10-01T12:48:00-04:00,3.7,3.7,3.6,3.645,1.432877867957682,3.864056662146058,3.6958127910992777,3.689600917497264,77760,69536.55
2026-10-01T12:49:00-04:00,3.645,3.68,3.6401,3.67,1.432877867957682,3.8639593953155886,3.693354430042204,3.685680733997811,40756,65077.3
2026-10-01T12:50:00-04:00,3.6699,3.67,3.655,3.655,1.432877867957682,3.8639414146610656,3.6897016271810417,3.6795445871982486,7414,55219.6
2026-10-01T12:51:00-04:00,3.65,3.67,3.64,3.66,1.432877867957682,3.863802846042139,3.686872900782847,3.675635669758599,56260,49509.1
2026-10-01T12:52:00-04:00,3.6699,3.6699,3.61,3.6102,1.432877867957682,3.863700782918287,3.679570719755909,3.662548535806879,36758,47892.45
2026-10-01T12:53:00-04:00,3.62,3.63,3.62,3.62,1.432877867957682,3.863652626012537,3.673897317874394,3.6540388286455032,16871,46605.05
2026-10-01T12:54:00-04:00,3.6253,3.68,3.6202,3.6602,1.432877867957682,3.863501726004874,3.672592811410166,3.6552710629164022,60500,44315.3
2026-10-01T12:55:00-04:00,3.665,3.68,3.6403,3.6403,1.432877867957682,3.8634456667708337,3.669517305561578,3.652276850333122,22505,42010.2
2026-10-01T12:56:00-04:00,3.635,3.652295,3.625,3.6398,1.432877867957682,3.863385814608965,3.6666870859842855,3.6497814802664976,22487,39988.55
2026-10-01T12:57:00-04:00,3.64,3.7,3.64,3.675,1.432877867957682,3.863145249049969,3.66747879208102,3.6548251842131982,105929,43299.65
2026-10-01T12:58:00-04:00,3.6713,3.68,3.66,3.665,1.432877867957682,3.863075601603975,3.667242716644733,3.6568601473705584,30192,42671.5
2026-10-01T12:59:00-04:00,3.67,3.6701,3.6305,3.6487,1.432877867957682,3.862981171739185,3.6654767436309488,3.6552281178964465,37402,44018.95
2026-10-01T13:00:00-04:00,3.6499,3.66,3.61,3.62,1.432877867957682,3.862666803501257,3.661145625189906,3.648182494317157,114156,42068.85
2026-10-01T13:01:00-04:00,3.625,3.66,3.6201,3.655,1.432877867957682,3.862601089861697,3.660560327552772,3.649545995453726,25553,41404.25
2026-10-01T13:02:00-04:00,3.6502,3.66,3.6501,3.655,1.432877867957682,3.862582637243007,3.660030772547746,3.650636796362981,7524,39200.35
2026-10-01T13:03:00-04:00,3.658,3.66,3.65,3.66,1.432877867957682,3.862525101073235,3.660027841828913,3.652509437090385,23655,38951.4
2026-10-01T13:04:00-04:00,3.66,3.67,3.651,3.665,1.432877867957682,3.8624860665915017,3.66050138070235,3.655007549672307,16483,38554.2
2026-10-01T13:05:00-04:00,3.6601,3.68,3.65,3.68,1.432877867957682,3.8624332013194818,3.6623583920640312,3.660006039737846,23262,38200.8
2026-10-01T13:06:00-04:00,3.6802,3.69,3.68,3.68,1.432877867957682,3.862381908403605,3.66403854520079,3.664004831790277,24264,38423.7
2026-10-01T13:07:00-04:00,3.675,3.69,3.66,3.68,1.432877867957682,3.862333821057468,3.665558683753096,3.6672038654322217,21943,38583.7
2026-10-01T13:08:00-04:00,3.6898,3.7499,3.6801,3.7489,1.432877867957682,3.8622214154876775,3.6734959519670864,3.6835430923457775,70083,38199.85
2026-10-01T13:09:00-04:00,3.745,3.75,3.68,3.71,1.432877867957682,3.8620301420564496,3.676972527970221,3.688834473876622,109100,41617.05
2026-10-01T13:10:00-04:00,3.71,3.74,3.7062,3.7303,1.432877867957682,3.861965532820165,3.6820513348302,3.6971275791012976,40207,43256.7
2026-10-01T13:11:00-04:00,3.74,3.74,3.72,3.7211,1.432877867957682,3.861929773346256,3.685770255322562,3.701922063281038,22523,41569.85
2026-10-01T13:12:00-04:00,3.725,3.7299,3.715,3.715,1.432877867957682,3.861913390121431,3.688554040529937,3.70453765062483,9809,40222.4
2026-10-01T13:13:00-04:00,3.7198,3.72,3.6901,3.71,1.432877867957682,3.861864642662384,3.6905965128604192,3.705630120499864,26703,40714.0
2026-10-01T13:14:00-04:00,3.69,3.7089,3.69,3.695,1.432877867957682,3.861836836652128,3.6910158925879983,3.7035040963998913,14427,38410.35
2026-10-01T13:15:00-04:00,3.69,3.7,3.6613,3.6799,1.432877867957682,3.8617655680305543,3.689957236151046,3.698783277119913,33416,38955.9
2026-10-01T13:16:00-04:00,3.6797,3.6799,3.65,3.65,1.432877867957682,3.86167275634834,3.6861517850890415,3.6890266216959304,39144,39788.75
2026-10-01T13:17:00-04:00,3.655,3.66,3.65,3.655,1.432877867957682,3.861628347476636,3.6831849484138943,3.682221297356744,18292,35406.9
2026-10-01T13:18:00-04:00,3.66,3.68,3.65,3.6701,1.432877867957682,3.861581591521379,3.681938762850667,3.679797037885395,20424,34918.5
2026-10-01T13:19:00-04:00,3.6798,3.6899,3.67,3.675,1.432877867957682,3.8615291806070298,3.681277928293461,3.678837630308316,24356,34266.2
2026-10-01T13:20:00-04:00,3.68,3.68,3.67,3.6745,1.432877867957682,3.8615113945889417,3.680632411313131,3.6779701042466537,8115,28964.15
2026-10-01T13:21:00-04:00,3.67,3.68,3.67,3.6799,1.432877867957682,3.861498286267858,3.6805626578547375,3.678356083397323,6040,27988.5
2026-10-01T13:22:00-04:00,3.67,3.68,3.64,3.66,1.432877867957682,3.8614024002641423,3.678604309487619,3.6746848667178584,40557,29640.15
2026-10-01T13:23:00-04:00,3.6592,3.67,3.65,3.6601,1.432877867957682,3.861352115409968,3.6768419942983224,3.6717678933742866,21288,29521.8
2026-10-01T13:24:00-04:00,3.6602,3.6698,3.65,3.65,1.432877867957682,3.861304366630155,3.674285613888958,3.667414314699429,19885,29691.9
2026-10-01T13:25:00-04:00,3.65,3.68,3.65,3.67,1.432877867957682,3.861233925106295,3.673877460185248,3.6679314517595434,30871,30072.35
2026-10-01T13:26:00-04:00,3.68,3.68,3.66,3.665,1.432877867957682,3.861191369714771,3.673031987786653,3.667345161407635,18822,29800.25
2026-10-01T13:27:00-04:00,3.6622,3.6698,3.655,3.665,1.432877867957682,3.86110952765961,3.672267036568877,3.666876129126108,35294,30467.8
2026-10-01T13:28:00-04:00,3.6501,3.67,3.6501,3.665,1.432877867957682,3.861075970567514,3.6715749378480314,3.666500903300886,14366,27681.95
2026-10-01T13:29:00-04:00,3.665,3.69,3.665,3.6799,1.432877867957682,3.860969920816288,3.672367800910123,3.669180722640709,49561,24705.0
2026-10-01T13:30:00-04:00,3.675,3.72,3.675,3.695,1.432877867957682,3.860884301502216,3.674523248442493,3.674344578112567,44535,24921.4
2026-10-01T13:31:00-04:00,3.692,3.7,3.665,3.6802,1.432877867957682,3.860780153253808,3.6750638914479694,3.675515662490054,49712,26280.85
2026-10-01T13:32:00-04:00,3.6802,3.745,3.6802,3.715,1.432877867957682,3.860613904598665,3.6788673303576864,3.683412529992043,96569,30618.85
2026-10-01T13:33:00-04:00,3.7101,3.72,3.6903,3.695,1.432877867957682,3.860531692833425,3.6804037750855256,3.685730023993634,44330,31500.2
2026-10-01T13:34:00-04:00,3.695,3.7,3.66,3.68,1.432877867957682,3.8604625886467105,3.680365320315475,3.684584019194907,32799,32418.8
2026-10-01T13:35:00-04:00,3.69,3.71,3.6897,3.7,1.432877867957682,3.860424682130978,3.68223528980924,3.6876672153559262,20234,31759.7
2026-10-01T13:36:00-04:00,3.69,3.7,3.6802,3.685,1.432877867957682,3.860403641807399,3.682498595541693,3.687133772284741,10484,30326.7
2026-10-01T13:37:00-04:00,3.685,3.6899,3.65,3.685,1.432877867957682,3.860326223302885,3.6827368245377223,3.6867070178277928,35801,31202.15
2026-10-01T13:38:00-04:00,3.6898,3.695,3.67,3.6709,1.432877867957682,3.860272842957323,3.681609507915082,3.683545614262234,25201,31441.0
2026-10-01T13:39:00-04:00,3.67,3.7,3.67,3.685,1.432877867957682,3.8602397001460864,3.6819324119231696,3.6838364914097874,16223,31034.35
2026-10-01T13:40:00-04:00,3.685,3.69,3.6802,3.6811,1.432877867957682,3.8602288833549134,3.6818531345971537,3.68328919312783,5259,30891.55
2026-10-01T13:41:00-04:00,3.68,3.68,3.65,3.655,1.432877867957682,3.86014082520739,3.679295693206948,3.677631354502264,38067,32492.9
2026-10-01T13:42:00-04:00,3.655,3.7,3.65,3.651,1.432877867957682,3.860050580599707,3.676600865282477,3.672305083601811,40126,32471.35
2026-10-01T13:43:00-04:00,3.6511,3.67,3.65,3.665,1.432877867957682,3.860016018525761,3.67549602096986,3.6708440668814486,14964,32155.15
2026-10-01T13:44:00-04:00,3.6691,3.69,3.6602,3.665,1.432877867957682,3.859993114096186,3.6744963999251112,3.669675253505159,10450,31683.4
2026-10-01T13:45:00-04:00,3.66,3.69,3.65,3.65,1.432877867957682,3.859930594067366,3.672163409456053,3.6657402028041273,27318,31505.75
2026-10-01T13:46:00-04:00,3.6501,3.66,3.6047,3.645,1.432877867957682,3.859774463071226,3.669576418079286,3.6615921622433016,60107,33570.0
2026-10-01T13:47:00-04:00,3.6402,3.6674,3.6401,3.665,1.432877867957682,3.8597011544477895,3.6691405687384018,3.6622737297946415,31176,33364.1
2026-10-01T13:48:00-04:00,3.665,3.68,3.64,3.66,1.432877867957682,3.8596650843968807,3.668270038382364,3.661818983835713,15540,33422.8
2026-10-01T13:49:00-04:00,3.665,3.67,3.65,3.6695,1.432877867957682,3.859630320683724,3.668387177584043,3.6633551870685706,15224,31705.95
2026-10-01T13:50:00-04:00,3.66,3.79,3.64,3.7324,1.432877867957682,3.8593514150073136,3.6744836368617535,3.677164149654856,173224,38140.4
2026-10-01T13:51:00-04:00,3.739,3.75,3.72,3.75,1.432877867957682,3.859292641234147,3.681675671446349,3.691731319723885,42482,37778.9
2026-10-01T13:52:00-04:00,3.745,3.745,3.7202,3.735,1.432877867957682,3.8592369795534,3.686754178927649,3.700385055779108,38159,34858.4
2026-10-01T13:53:00-04:00,3.735,3.74,3.72,3.735,1.432877867957682,3.8591886102847,3.6913490190297775,3.7073080446232862,32736,34278.7
2026-10-01T13:54:00-04:00,3.74,3.75,3.72,3.7324,1.432877867957682,3.8591078041511775,3.695258636265037,3.712326435698629,55825,35430.0
2026-10-01T13:55:00-04:00,3.74,3.77,3.72,3.7397,1.432877867957682,3.859069357311968,3.6994911470969383,3.717801148558903,28675,35852.05
2026-10-01T13:56:00-04:00,3.74,3.74,3.65,3.7001,1.432877867957682,3.858917912054133,3.699549133087706,3.7142609188471223,80684,39362.05
2026-10-01T13:57:00-04:00,3.71,3.72,3.68,3.705,1.432877867957682,3.858855321100001,3.7000682632698294,3.712408735077698,34445,39294.25
2026-10-01T13:58:00-04:00,3.705,3.72,3.7,3.715,1.432877867957682,3.8588269275114073,3.701490333434608,3.7129269880621583,16697,38869.05
2026-10-01T13:59:00-04:00,3.715,3.72,3.7101,3.7198,1.432877867957682,3.858809770423591,3.703234111202741,3.714301590449727,10445,38580.15
2026-10-01T14:00:00-04:00,3.72,3.84,3.72,3.7601,1.432877867957682,3.858612744971736,3.708649910135813,3.7234612723597817,200075,48320.95
2026-10-01T14:01:00-04:00,3.7603,3.77,3.73,3.7501,1.432877867957682,3.858521562460528,3.712597537741926,3.728789017887826,72925,50063.85
2026-10-01T14:02:00-04:00,3.76,3.77,3.73,3.76,1.432877867957682,3.858468879980469,3.71711205795698,3.735031214310261,43514,50233.25
2026-10-01T14:03:00-04:00,3.769,3.87,3.76,3.8665,1.432877867957682,3.858403771019844,3.7313394810086966,3.761324971448208,215603,60265.2
2026-10-01T14:04:00-04:00,3.8689,3.89,3.82,3.82,1.432877867957682,3.858377444490447,3.73978333996025,3.7730599771585664,152417,67363.55
2026-10-01T14:05:00-04:00,3.825,3.8398,3.81,3.82,1.432877867957682,3.8583584912953537,3.747423021868797,3.782447981726853,47124,68353.85
2026-10-01T14:06:00-04:00,3.815,3.82,3.7901,3.81,1.432877867957682,3.858330511737147,3.753382734071769,3.7879583853814824,47308,67713.9
2026-10-01T14:07:00-04:00,3.8098,3.84,3.8,3.82,1.432877867957682,3.858276295753876,3.759727235588743,3.7943667083051857,123718,72341.0
2026-10-01T14:08:00-04:00,3.8228,3.84,3.8013,3.82,1.432877867957682,3.8582476596842703,3.7654674988660055,3.799493366644149,66238,74875.9
2026-10-01T14:09:00-04:00,3.82,3.83,3.8,3.8005,1.432877867957682,3.858233419401427,3.7688039275454335,3.7996946933153186,25933,75411.35
2026-10-01T14:10:00-04:00,3.81,3.83,3.8,3.815,1.432877867957682,3.858217584536926,3.773203553493488,3.802755754652255,32082,68354.25
2026-10-01T14:11:00-04:00,3.8102,3.82,3.81,3.8199,1.432877867957682,3.858209490726969,3.7776508341131554,3.806184603721804,17052,67082.75
2026-10-01T14:12:00-04:00,3.82,3.83,3.8,3.815,1.432877867957682,3.8581927070527167,3.78120789753095,3.807947682977443,34043,66876.95
2026-10-01T14:13:00-04:00,3.82,3.83,3.8003,3.81,1.432877867957682,3.858171472099317,3.7839500025280026,3.8083581463819542,41600,67320.15
2026-10-01T14:14:00-04:00,3.8018,3.82,3.79,3.8,1.432877867957682,3.8581274313021368,3.785478573715812,3.8066865171055633,70477,68052.75
2026-10-01T14:15:00-04:00,3.805,3.81,3.71,3.72,1.432877867957682,3.857939271552725,3.779242519076211,3.78934921368445,148393,74038.65
2026-10-01T14:16:00-04:00,3.7202,3.8,3.72,3.765,1.432877867957682,3.8578525123801497,3.777886088688,3.78447937094756,79289,73968.9
2026-10-01T14:17:00-04:00,3.7611,3.7699,3.73,3.735,1.432877867957682,3.857818997855676,3.7738016992891423,3.774583496758048,26129,73553.1
2026-10-01T14:18:00-04:00,3.739,3.77,3.725,3.7364,1.432877867957682,3.857769105456699,3.770239632690177,3.7669467974064386,38528,74644.65
2026-10-01T14:19:00-04:00,3.735,3.7397,3.71,3.725,1.432877867957682,3.8576959762382614,3.7659310962434938,3.758557437925151,48487,76546.75
2026-10-01T14:20:00-04:00,3.721,3.7599,3.71,3.755,1.432877867957682,3.8576340588477014,3.7648900394583986,3.757845950340121,47023,68894.15
2026-10-01T14:21:00-04:00,3.7599,3.77,3.74,3.75,1.432877867957682,3.8575652512252376,3.76347194046236,3.756276760272097,58187,68157.25
2026-10-01T14:22:00-04:00,3.75,3.76,3.75,3.7502,1.432877867957682,3.857555409786713,3.762207946132612,3.7550614082176774,8334,66398.25
2026-10-01T14:23:00-04:00,3.7599,3.76,3.75,3.75,1.432877867957682,3.8575358698895017,3.7610452845961726,3.754049126574142,16541,56445.15
2026-10-01T14:24:00-04:00,3.75,3.76,3.7402,3.7502,1.432877867957682,3.857510662061627,3.760012400348918,3.7532793012593135,20712,49859.9
2026-10-01T14:25:00-04:00,3.76,3.765,3.745,3.7462,1.432877867957682,3.8574946078415824,3.758696933649021,3.7518634410074503,13438,48175.6
2026-10-01T14:26:00-04:00,3.74,3.74,3.7101,3.735,1.432877867957682,3.857417654510424,3.756440082825305,3.748490752805961,52630,48441.7
2026-10-01T14:27:00-04:00,3.7302,3.76,3.72,3.74,1.432877867957682,3.857382870289949,3.7548743606514665,3.746792602244768,26170,43564.3
2026-10-01T14:28:00-04:00,3.745,3.745,3.7201,3.74,1.432877867957682,3.857330490141003,3.753457754875136,3.745434081795815,37836,42144.2
2026-10-01T14:29:00-04:00,3.7378,3.75,3.71,3.735,1.432877867957682,3.857308021009213,3.751699873458457,3.743347265436652,15805,41637.8
2026-10-01T14:30:00-04:00,3.735,3.7362,3.7171,3.735,1.432877867957682,3.8572815743241406,3.750109409319556,3.7416778123493217,18285,40947.95
2026-10-01T14:31:00-04:00,3.7303,3.74,3.7201,3.7299,1.432877867957682,3.8572560328430825,3.7481847036700744,3.739322249879457,17745,40982.6
2026-10-01T14:32:00-04:00,3.725,3.7299,3.7101,3.7101,1.432877867957682,3.85721692354027,3.7445575890348297,3.7334777999035658,24612,40511.05
2026-10-01T14:33:00-04:00,3.7101,3.725,3.65,3.65,1.432877867957682,3.8570089236654344,3.7355521043648454,3.716782239922853,101085,43485.3
2026-10-01T14:34:00-04:00,3.6599,3.69,3.6511,3.6662,1.432877867957682,3.8568319459131297,3.728947142044384,3.706665791938282,83482,44135.55
2026-10-01T14:35:00-04:00,3.665,3.67,3.6401,3.645,1.432877867957682,3.856742504153067,3.720952176135395,3.694332633550626,38665,38649.15
2026-10-01T14:36:00-04:00,3.645,3.645,3.52,3.5701,1.432877867957682,3.855677915623306,3.7065853022177384,3.669486106840501,340428,51706.1
2026-10-01T14:37:00-04:00,3.5601,3.57,3.5102,3.55,1.432877867957682,3.855264390817683,3.6916724162922394,3.645588885472401,118035,56301.4
2026-10-01T14:38:00-04:00,3.545,3.59,3.54,3.5851,1.432877867957682,3.8550162777923567,3.681522662359645,3.6334911083779207,78060,58278.0
2026-10-01T14:39:00-04:00,3.5801,3.6,3.58,3.595,1.432877867957682,3.854880359734059,3.673282408801584,3.625792886702337,46068,58157.05
2026-10-01T14:40:00-04:00,3.59,3.6,3.58,3.5813,1.432877867957682,3.854776074741179,3.664522179391909,3.6168943093618697,34775,57544.65
2026-10-01T14:41:00-04:00,3.585,3.605,3.58,3.595,1.432877867957682,3.854601835978397,3.6579010194498225,3.6125154474894954,59550,57612.8
2026-10-01T14:42:00-04:00,3.599,3.6,3.58,3.585,1.432877867957682,3.8545208779937847,3.650958065216506,3.607012357991597,27176,58554.9
2026-10-01T14:43:00-04:00,3.5813,3.586,3.58,3.585,1.432877867957682,3.8544832707579855,3.644676344719696,3.602609886393277,12412,58348.45
2026-10-01T14:44:00-04:00,3.5801,3.62,3.5801,3.6099,1.432877867957682,3.854200480272692,3.641364311889249,3.604067909114622,100769,62351.3
2026-10-01T14:45:00-04:00,3.6001,3.61,3.59,3.59,1.432877867957682,3.8540324657233342,3.6364724726617017,3.6012543272916977,58424,64600.6
2026-10-01T14:46:00-04:00,3.5987,3.6,3.59,3.595,1.432877867957682,3.8539468148817906,3.632522713360587,3.6000034618333583,29621,63450.15
2026-10-01T14:47:00-04:00,3.5906,3.6,3.57,3.58,1.432877867957682,3.853806862487204,3.627520550183388,3.5960027694666867,46353,64459.3
2026-10-01T14:48:00-04:00,3.5802,3.585,3.56,3.5706,1.432877867957682,3.8536715010899822,3.622099545404018,3.5909222155733493,43052,64720.1
2026-10-01T14:49:00-04:00,3.57,3.57,3.55,3.56,1.432877867957682,3.853574289824404,3.616185302984588,3.5847377724586793,29693,65414.5
2026-10-01T14:50:00-04:00,3.55,3.5799,3.55,3.55,1.432877867957682,3.853448905847987,3.6098819407955793,3.5777902179669434,38323,66416.4
2026-10-01T14:51:00-04:00,3.55,3.55,3.5101,3.52,1.432877867957682,3.8532215808110126,3.601321755957905,3.5662321743735546,62477,68653.0
2026-10-01T14:52:00-04:00,3.5199,3.5492,3.51,3.5138,1.432877867957682,3.853055726513941,3.5929863506285806,3.555745739498843,45309,69687.85
2026-10-01T14:53:00-04:00,3.52,3.54,3.51,3.54,1.432877867957682,3.852936299687347,3.587940031521097,3.552596591599075,33227,66294.95
2026-10-01T14:54:00-04:00,3.5389,3.54,3.51,3.5202,1.432877867957682,3.8527970730460006,3.5814885999476593,3.54611727327926,37990,64020.35
2026-10-01T14:55:00-04:00,3.52,3.57,3.515,3.56,1.432877867957682,3.8526076028078062,3.5794420666193107,3.548893818623408,55992,64886.7
2026-10-01T14:56:00-04:00,3.565,3.5796,3.555,3.56,1.432877867957682,3.852523973329351,3.5775904412269957,3.5511150548987263,26158,49173.2
2026-10-01T14:57:00-04:00,3.57,3.57,3.55,3.5538,1.432877867957682,3.852413475655419,3.575324684919663,3.551652043918981,33771,44960.0
2026-10-01T14:58:00-04:00,3.5512,3.5699,3.52,3.565,1.432877867957682,3.85231891972543,3.574341381593981,3.5543216351351847,28313,42472.65
2026-10-01T14:59:00-04:00,3.5699,3.59,3.56,3.58,1.432877867957682,3.852238521246347,3.5748802976326495,3.559457308108148,26276,41483.05
2026-10-01T15:00:00-04:00,3.5824,3.63,3.575,3.6,1.432877867957682,3.852005300618557,3.5772726502390637,3.5675658464865183,83929,43940.75
2026-10-01T15:01:00-04:00,3.61,3.61,3.59,3.595,1.432877867957682,3.851906169703733,3.578960969263915,3.5730526771892146,35252,42725.85
2026-10-01T15:02:00-04:00,3.6089,3.62,3.59,3.605,1.432877867957682,3.851813584954156,3.581440876953066,3.579442141751372,33839,43059.0
2026-10-01T15:03:00-04:00,3.605,3.61,3.58,3.61,1.432877867957682,3.851715219328956,3.584160793433726,3.5855537134010973,35265,44201.65
2026-10-01T15:04:00-04:00,3.6198,3.62,3.6,3.6095,1.432877867957682,3.851658444592142,3.586574051201943,3.590342970720878,21195,40222.95
2026-10-01T15:05:00-04:00,3.605,3.66,3.6002,3.625,1.432877867957682,3.8514688679703384,3.5902336653731863,3.5972743765767023,76741,41138.8
2026-10-01T15:06:00-04:00,3.625,3.64,3.61,3.625,1.432877867957682,3.851336390182197,3.5935447448614544,3.602819501261362,52898,42302.65
2026-10-01T15:07:00-04:00,3.625,3.625,3.59,3.6,1.432877867957682,3.851214296399866,3.5941595310651255,3.6022556010090896,44842,42227.1
2026-10-01T15:08:00-04:00,3.595,3.61,3.5902,3.6024,1.432877867957682,3.8511592295633466,3.5949443376303516,3.602284480807272,19905,41069.75
2026-10-01T15:09:00-04:00,3.6,3.62,3.5901,3.615,1.432877867957682,3.8510643637501714,3.596854400713175,3.6048275846458178,35372,41353.7
2026-10-01T15:10:00-04:00,3.6101,3.63,3.59,3.5999,1.432877867957682,3.850962314953928,3.59714445778811,3.603842067716654,37811,41328.1
2026-10-01T15:11:00-04:00,3.595,3.6,3.59,3.6,1.432877867957682,3.850938102449822,3.597416414189243,3.6030736541733233,8624,38635.45
2026-10-01T15:12:00-04:00,3.595,3.6,3.55,3.56,1.432877867957682,3.8507563135489087,3.5938529461712196,3.594458923338659,58647,39302.35
2026-10-01T15:13:00-04:00,3.56,3.57,3.52,3.565,1.432877867957682,3.850649900425593,3.5911050465358656,3.588567138670927,32258,39253.9
2026-10-01T15:14:00-04:00,3.565,3.565,3.52,3.5301,1.432877867957682,3.8505194457510625,3.5852950421038785,3.5768737109367414,37891,39248.95
2026-10-01T15:15:00-04:00,3.5338,3.5483,3.53,3.535,1.432877867957682,3.850354880144502,3.5805050380939853,3.568498968749393,47752,38836.95
2026-10-01T15:16:00-04:00,3.54,3.54,3.5238,3.535,1.432877867957682,3.850258879794557,3.5761712249421773,3.5617991749995146,27455,38901.8
2026-10-01T15:17:00-04:00,3.5301,3.535,3.515,3.515,1.432877867957682,3.8501251357691464,3.570345393995303,3.5524393399996117,36964,39061.45
2026-10-01T15:18:00-04:00,3.515,3.515,3.4,3.4375,1.432877867957682,3.848968623585362,3.557693451710036,3.5294514719996894,263804,50836.0
2026-10-01T15:19:00-04:00,3.44,3.45,3.42,3.44,1.432877867957682,3.848732119477409,3.5464845515471755,3.5115611775997517,52275,52135.95
2026-10-01T15:20:00-04:00,3.445,3.53,3.445,3.505,1.432877867957682,3.848067644410082,3.542533641876016,3.5102489420798015,170705,56474.75
2026-10-01T15:21:00-04:00,3.51,3.52,3.5001,3.5102,1.432877867957682,3.847893946450638,3.5394542474116335,3.510239153663841,46949,57059.6
2026-10-01T15:22:00-04:00,3.5102,3.5102,3.48,3.4901,1.432877867957682,3.847703163504372,3.5347538428962397,3.506211322931073,49194,57827.35
2026-10-01T15:23:00-04:00,3.4902,3.4999,3.4818,3.485,1.432877867957682,3.847667780849343,3.530015381668026,3.501969058344858,9014,56514.8
2026-10-01T15:24:00-04:00,3.489,3.5,3.48,3.4812,1.432877867957682,3.847593319146531,3.5253662976996427,3.4978152466758865,18879,56399.0
2026-10-01T15:25:00-04:00,3.485,3.4899,3.45,3.465,1.432877867957682,3.847352160657178,3.519617126490153,3.49125219734071,58167,55470.3
2026-10-01T15:26:00-04:00,3.4638,3.48,3.4638,3.48,1.432877867957682,3.8472906341306814,3.5158440668244237,3.4890017578725674,15103,53580.55
2026-10-01T15:27:00-04:00,3.4899,3.4899,3.47,3.475,1.432877867957682,3.847219882135299,3.5119541556982883,3.4862014062980538,17548,52215.85
2026-10-01T15:28:00-04:00,3.4799,3.48,3.45,3.465,1.432877867957682,3.84704425057884,3.50748233134607,3.481961125038443,42072,53324.2
2026-10-01T15:29:00-04:00,3.4601,3.5,3.45,3.4701,1.432877867957682,3.84678650574566,3.503922109313111,3.479588900030754,63197,54715.45
2026-10-01T15:30:00-04:00,3.475,3.51,3.46,3.49,1.432877867957682,3.846618533333955,3.502596194140434,3.481671120024603,42756,54962.7
2026-10-01T15:31:00-04:00,3.485,3.49,3.47,3.475,1.432877867957682,3.8465330363232777,3.4999679851746786,3.4803368960196823,21285,55595.75
2026-10-01T15:32:00-04:00,3.475,3.51,3.4702,3.4899,1.432877867957682,3.8463885770733706,3.4990091294437566,3.4822495168157457,37168,54521.8
2026-10-01T15:33:00-04:00,3.49,3.49,3.43,3.4505,1.432877867957682,3.846127152138174,3.494389212353875,3.4758996134525963,61596,55988.7
2026-10-01T15:34:00-04:00,3.465,3.47,3.4601,3.47,1.432877867957682,3.846035692271065,3.4920664302249342,3.474719690762077,22130,55200.65
2026-10-01T15:35:00-04:00,3.465,3.4999,3.455,3.495,1.432877867957682,3.8458617996854225,3.4923458178225597,3.478775752609662,44033,55014.7
2026-10-01T15:36:00-04:00,3.495,3.5,3.45,3.4899,1.432877867957682,3.8457581136406622,3.4921128827918397,3.4810006020877293,26036,54943.75
2026-10-01T15:37:00-04:00,3.49,3.5,3.4801,3.49,1.432877867957682,3.845668699473607,3.491911655859284,3.4828004816701834,23100,54250.55
2026-10-01T15:38:00-04:00,3.485,3.49,3.45,3.4898,1.432877867957682,3.845481635367221,3.491710545777447,3.4842003853361465,46604,43390.55
2026-10-01T15:39:00-04:00,3.4899,3.51,3.48,3.51,1.432877867957682,3.8453636601451686,3.4934523985605472,3.489360308268917,31409,42347.25
2026-10-01T15:40:00-04:00,3.505,3.5199,3.5001,3.5198,1.432877867957682,3.845249695283151,3.495961693935733,3.4954482466151338,31575,35390.75
2026-10-01T15:41:00-04:00,3.5101,3.5199,3.5,3.5,1.432877867957682,3.8451473138345342,3.4963462945132826,3.496358597292107,27828,34434.7
2026-10-01T15:42:00-04:00,3.505,3.51,3.49,3.51,1.432877867957682,3.8450602765727546,3.4976466474167793,3.499086877833686,23442,33147.1
2026-10-01T15:43:00-04:00,3.501,3.52,3.5,3.51,1.432877867957682,3.8449807574582766,3.4988231571866097,3.5012695022669487,21854,33789.1
2026-10-01T15:44:00-04:00,3.515,3.52,3.48,3.505,1.432877867957682,3.844679247518383,3.4994114279307422,3.502015601813559,80942,36892.25
2026-10-01T15:45:00-04:00,3.505,3.506,3.4802,3.5,1.432877867957682,3.844556476740999,3.499467482413529,3.5016124814508474,32407,35604.25
2026-10-01T15:46:00-04:00,3.499,3.5,3.49,3.49,1.432877867957682,3.844500200586044,3.498565817421764,3.499289985160678,14775,35587.85
2026-10-01T15:47:00-04:00,3.495,3.5,3.48,3.485,1.432877867957682,3.8443825030861034,3.4972738348101675,3.4964319881285424,30482,36234.55
2026-10-01T15:48:00-04:00,3.4801,3.49,3.48,3.4825,1.432877867957682,3.844331579865697,3.495866802923485,3.493645590502834,13042,34783.05
2026-10-01T15:49:00-04:00,3.485,3.51,3.4801,3.51,1.432877867957682,3.84420017718209,3.4972128216926768,3.496916472402267,35223,33384.35
2026-10-01T15:50:00-04:00,3.51,3.51,3.48,3.4826,1.432877867957682,3.844001926577133,3.495821124388612,3.494053177921814,51812,33837.15
2026-10-01T15:51:00-04:00,3.485,3.5,3.48,3.49,1.432877867957682,3.843873034765951,3.495266731589697,3.493242542337451,33634,34454.6
2026-10-01T15:52:00-04:00,3.49,3.51,3.4838,3.495,1.432877867957682,3.8434829123417975,3.4952413285811543,3.493594033869961,103791,37785.75
2026-10-01T15:53:00-04:00,3.495,3.5,3.49,3.495,1.432877867957682,3.84341376435745,3.495218344906758,3.4938752270959688,18354,35623.65
2026-10-01T15:54:00-04:00,3.4999,3.51,3.48,3.485,1.432877867957682,3.8432898573677665,3.494245169201353,3.492100181676775,32595,36146.9
2026-10-01T15:55:00-04:00,3.489,3.59,3.48,3.55,1.432877867957682,3.8426383735339487,3.4995551530869387,3.50368014534142,199189,43904.7
2026-10-01T15:56:00-04:00,3.54,3.6,3.5301,3.559,1.432877867957682,3.8424608179328703,3.5052165670786586,3.514744116273136,58923,45549.05
2026-10-01T15:57:00-04:00,3.555,3.57,3.521,3.545,1.432877867957682,3.8421883661216194,3.5090054654521197,3.5207952930185087,85161,48652.1
2026-10-01T15:58:00-04:00,3.5481,3.63,3.545,3.613,1.432877867957682,3.841753276653571,3.5189097068376323,3.539236234414807,164427,54543.25
2026-10-01T15:59:00-04:00,3.61,3.66,3.61,3.65,1.432877867957682,3.8413044230997,3.5313944966626196,3.5613889875318456,207450,63345.3
2026-10-01T16:00:00-04:00,3.66,3.67,3.6401,3.66,1.432877867957682,3.841149375815754,3.5436426398376084,3.5811111900254766,78382,65685.65
2026-10-01T16:01:00-04:00,3.655,3.66,3.65,3.651,1.432877867957682,3.8411116474828897,3.553867150329265,3.5950889520203813,18784,65233.45
2026-10-01T16:02:00-04:00,3.65,3.67,3.65,3.66,1.432877867957682,3.841077146153794,3.5639750407740967,3.608071161616305,17785,64950.6
2026-10-01T16:03:00-04:00,3.66,3.71,3.66,3.7,1.432877867957682,3.8410317722869207,3.5769297987956112,3.626456929293044,28048,65260.3
2026-10-01T16:04:00-04:00,3.71,3.736,3.66,3.6897,1.432877867957682,3.840988149857501,3.587669817957934,3.639105543434435,27950,62610.7
2026-10-01T16:05:00-04:00,3.6882,3.69,3.65,3.6506,1.432877867957682,3.840908446017766,3.593663168628607,3.641404434747548,41977,63089.2
2026-10-01T16:06:00-04:00,3.6505,3.66,3.65,3.6503,1.432877867957682,3.840892846914256,3.5990571525687396,3.643183547798038,7777,62739.3
2026-10-01T16:07:00-04:00,3.655,3.66,3.65,3.6503,1.432877867957682,3.8408281114082694,3.603937423752669,3.6446068382384302,32288,62829.6
2026-10-01T16:08:00-04:00,3.65,3.69,3.65,3.68,1.432877867957682,3.840796910845179,3.6111814786333674,3.6516854705907447,17420,63048.5
2026-10-01T16:09:00-04:00,3.68,3.7298,3.68,3.7298,1.432877867957682,3.840757501735764,3.622478480668285,3.667308376472595,28892,62731.95
2026-10-01T16:10:00-04:00,3.7202,3.7361,3.7,3.7,1.432877867957682,3.840713173311634,3.6298614825094,3.6738467011780767,32225,61752.6
2026-10-01T16:11:00-04:00,3.69,3.69,3.6602,3.67,1.432877867957682,3.840690905363418,3.633684198460886,3.6730773609424614,12456,60693.7
2026-10-01T16:12:00-04:00,3.668,3.67,3.66,3.665,1.432877867957682,3.840671900322978,3.6366666557503255,3.671461888753969,10125,56010.4
2026-10-01T16:13:00-04:00,3.661,3.68,3.66,3.675,1.432877867957682,3.840647611098884,3.640317450440771,3.672169511003175,13454,55765.4
2026-10-01T16:14:00-04:00,3.6799,3.68,3.66,3.6609,1.432877867957682,3.84063677125527,3.642277693255936,3.66991560880254,5843,54427.8
2026-10-01T16:15:00-04:00,3.6603,3.67,3.65,3.65,1.432877867957682,3.840608843721105,3.643013151041085,3.665932487042032,14214,45179.05
2026-10-01T16:16:00-04:00,3.645,3.65,3.59,3.6,1.432877867957682,3.8405500723861854,3.638916660465743,3.6527459896336256,24219,43443.85
2026-10-01T16:17:00-04:00,3.6,3.62,3.6,3.61,1.432877867957682,3.840494334971756,3.636162692802339,3.644196791706901,22648,40318.2
2026-10-01T16:18:00-04:00,3.61,3.61,3.6,3.6092,1.432877867957682,3.840446533971463,3.6335948172973542,3.63719743336552,19133,33053.5
2026-10-01T16:19:00-04:00,3.6,3.61,3.58,3.61,1.432877867957682,3.840383136067251,3.631347691840464,3.631757946692416,24712,23916.6
2026-10-01T16:20:00-04:00,3.6091,3.6093,3.59,3.59,1.432877867957682,3.840346914995165,3.6274098164270865,3.623406357353933,13918,20693.4
2026-10-01T16:21:00-04:00,3.5906,3.5906,3.55,3.56,1.432877867957682,3.840316077644297,3.620989833910221,3.610725085883147,10571,20282.75
2026-10-01T16:22:00-04:00,3.552,3.5993,3.55,3.59,1.432877867957682,3.8402799526112585,3.6180384211568666,3.6065800687065175,13000,20043.5
2026-10-01T16:23:00-04:00,3.5971,3.61,3.55,3.55,1.432877867957682,3.8402377805758143,3.6115585715228793,3.595264054965214,14632,19372.7
2026-10-01T16:24:00-04:00,3.5904,3.6,3.55,3.5528,1.432877867957682,3.84022154996565,3.605962517092129,3.586771243972171,5583,18254.35
2026-10-01T16:25:00-04:00,3.5529,3.56,3.55,3.55,1.432877867957682,3.840209421140856,3.6006327535595455,3.579416995177737,3965,16353.75
2026-10-01T16:26:00-04:00,3.57,3.59,3.55,3.56,1.432877867957682,3.840176869088963,3.5967629675062556,3.5755335961421895,11162,16523.0
2026-10-01T16:27:00-04:00,3.5601,3.58,3.5601,3.57,1.432877867957682,3.8401746053589862,3.5942141134580408,3.5744268769137517,786,14947.9
2026-10-01T16:28:00-04:00,3.57,3.57,3.55,3.57,1.432877867957682,3.840168723204819,3.5919080074144176,3.5735415015310013,1993,14176.55
2026-10-01T16:29:00-04:00,3.56,3.6013,3.56,3.5998,1.432877867957682,3.840140997321301,3.5926596257559016,3.578793201224801,10275,13245.7
2026-10-01T16:30:00-04:00,3.6,3.68,3.5917,3.68,1.432877867957682,3.840078097570227,3.6009777566362917,3.599034560979841,31136,13191.25
2026-10-01T16:31:00-04:00,3.68,3.69,3.66,3.68,1.432877867957682,3.84003153289772,3.608503684575693,3.615227648783873,26748,13905.85
2026-10-01T16:32:00-04:00,3.67,3.6799,3.634,3.6501,1.432877867957682,3.84001916196862,3.6124652384256266,3.622202119027098,6265,13712.85
2026-10-01T16:33:00-04:00,3.67,3.68,3.6506,3.67,1.432877867957682,3.8400053992795193,3.617944739527948,3.6317616952216785,7462,13413.25
2026-10-01T16:34:00-04:00,3.68,3.69,3.675,3.6886,1.432877867957682,3.839984870366598,3.6246738119538575,3.643129356177343,12398,13741.0
2026-10-01T16:35:00-04:00,3.6885,3.6899,3.68,3.6898,1.432877867957682,3.8399822658940233,3.6308763060534903,3.6524634849418742,1594,13110.0
2026-10-01T16:36:00-04:00,3.68,3.68,3.65,3.66,1.432877867957682,3.8399677243896746,3.633649991191253,3.653970787953499,7730,12285.55
2026-10-01T16:37:00-04:00,3.67,3.6757,3.67,3.6757,1.432877867957682,3.839967122741168,3.6376547539349433,3.6583166303627994,340,11170.15
2026-10-01T16:38:00-04:00,3.665,3.6699,3.66,3.6603,1.432877867957682,3.839961295884468,3.639811444036378,3.6587133042902393,3099,10368.45
2026-10-01T16:39:00-04:00,3.67,3.67,3.6602,3.6694,1.432877867957682,3.839955759327064,3.6426294017471985,3.660850643432191,2998,9282.75
2026-10-01T16:40:00-04:00,3.67,3.67,3.66,3.668,1.432877867957682,3.839940376749989,3.6450456491998464,3.662280514745753,8305,9002.1
2026-10-01T16:41:00-04:00,3.68,3.68,3.6605,3.6605,1.432877867957682,3.839930222050703,3.6465174921331944,3.6619244117966026,5515,8749.3
2026-10-01T16:42:00-04:00,3.67,3.6795,3.66,3.6793,1.432877867957682,3.839924633960889,3.649639635739557,3.665399529437282,3143,8256.45
2026-10-01T16:43:00-04:00,3.6698,3.6698,3.66,3.6697,1.432877867957682,3.8399220010610655,3.651550146621504,3.6662596235498257,1426,7596.15
2026-10-01T16:44:00-04:00,3.6603,3.672,3.66,3.67,1.432877867957682,3.839916426407955,3.653307275514694,3.667007698839861,3034,7468.7
2026-10-01T16:45:00-04:00,3.6715,3.6792,3.67,3.67,1.432877867957682,3.839914044427692,3.654897058799009,3.667606159071888,1341,7337.5
2026-10-01T16:46:00-04:00,3.6792,3.6799,3.67,3.6799,1.432877867957682,3.8399068485525425,3.657278291294342,3.6700649272575103,4139,6986.35
2026-10-01T16:47:00-04:00,3.678,3.74,3.678,3.7298,1.432877867957682,3.839845220213455,3.66418512069488,3.682011941806008,46720,9283.05
2026-10-01T16:48:00-04:00,3.73,3.86,3.73,3.84,1.432877867957682,3.839808806776363,3.6809293949144153,3.713609553444807,114807,14923.75
2026-10-01T16:49:00-04:00,3.82,3.844,3.784,3.82,1.432877867957682,3.839799528832873,3.694174214446376,3.7348876427558455,36683,16244.15
2026-10-01T16:50:00-04:00,3.81,3.87,3.8,3.85,1.432877867957682,3.8397996664286462,3.709014765451483,3.757910114204676,64655,17920.1
2026-10-01T16:51:00-04:00,3.858,3.86,3.8,3.8093,1.432877867957682,3.839791288320847,3.7185657401703898,3.768188091363741,47283,18946.85
2026-10-01T16:52:00-04:00,3.8007,3.826,3.76,3.81,1.432877867957682,3.8397823420367834,3.7272737649160663,3.776550473090993,20507,19658.95
2026-10-01T16:53:00-04:00,3.8002,3.81,3.8,3.808,1.432877867957682,3.8397788841461815,3.734961977781203,3.782840378472794,9650,19768.35
2026-10-01T16:54:00-04:00,3.8,3.81,3.8,3.8096,1.432877867957682,3.8397764602970903,3.74207036084966,3.7881923027782354,6874,19492.15
2026-10-01T16:55:00-04:00,3.801,3.8099,3.79,3.79,1.432877867957682,3.8397702938145057,3.746635088387788,3.788553842222589,13478,20086.35
2026-10-01T16:56:00-04:00,3.79,3.79,3.76,3.76,1.432877867957682,3.8397609583094936,3.74790793711276,3.7828430737780705,12619,20330.8
2026-10-01T16:57:00-04:00,3.7686,3.7686,3.72,3.74,1.432877867957682,3.8397345479158274,3.7471548002448785,3.7742744590224566,25713,21599.45
2026-10-01T16:58:00-04:00,3.738,3.74,3.7301,3.74,1.432877867957682,3.839728650310536,3.746473390697747,3.767419567217966,5400,21714.5
2026-10-01T16:59:00-04:00,3.74,3.77,3.73,3.76,1.432877867957682,3.839724206278027,3.7477616392027233,3.765935653774372,4853,21807.25
2026-10-01T17:00:00-04:00,3.77,3.77,3.75,3.76,1.432877867957682,3.839720069275273,3.748927197373893,3.764748523019498,4896,21636.8
2026-10-01T17:01:00-04:00,3.7525,3.76,3.75,3.76,1.432877867957682,3.8397151744304847,3.74998175000495,3.7637988184155984,5561,21639.1
2026-10-01T17:02:00-04:00,3.755,3.77,3.755,3.77,1.432877867957682,3.839711407045924,3.7518882500044786,3.765039054732479,4758,21719.85
2026-10-01T17:03:00-04:00,3.7692,3.77,3.76,3.7605,1.432877867957682,3.8397071638550457,3.7527084166707185,3.764131243785983,5254,21911.25
2026-10-01T17:04:00-04:00,3.7607,3.77,3.76,3.7697,1.432877867957682,3.839698763070899,3.754326662702079,3.765244995028786,10840,22301.55
2026-10-01T17:05:00-04:00,3.7608,3.7694,3.76,3.7607,1.432877867957682,3.839695248198617,3.754933647206643,3.764335996023029,4346,22451.8
2026-10-01T17:06:00-04:00,3.76,3.85,3.76,3.846,1.432877867957682,3.839688210399971,3.763606633186962,3.780668796818423,31598,23824.75
2026-10-01T17:07:00-04:00,3.84,3.8572,3.82,3.82,1.432877867957682,3.839686328721781,3.768977430026299,3.7885350374547384,24382,22707.85
2026-10-01T17:08:00-04:00,3.808,3.83,3.7635,3.82,1.432877867957682,3.8396838124411414,3.7738367224047473,3.794828029963791,6754,17305.2
2026-10-01T17:09:00-04:00,3.81,3.87,3.81,3.8538,1.432877867957682,3.8396845440005927,3.781452272651914,3.806622423971033,14056,16173.85
2026-10-01T17:10:00-04:00,3.87,3.92,3.8602,3.91,1.432877867957682,3.839727457854365,3.793694913351732,3.8272979391768263,71108,16496.5
2026-10-01T17:11:00-04:00,3.9097,3.97,3.9002,3.96,1.432877867957682,3.8397894579038336,3.8095334930325193,3.853838351341461,56566,16960.65
2026-10-01T17:12:00-04:00,3.97,3.97,3.9,3.9102,1.432877867957682,3.839830723428676,3.8191207794103743,3.865110681073169,44914,18181.0
2026-10-01T17:13:00-04:00,3.9197,3.92,3.9,3.9001,1.432877867957682,3.839853332950228,3.826833086133196,3.872108544858535,32007,19298.85
2026-10-01T17:14:00-04:00,3.9001,3.91,3.85,3.87,1.432877867957682,3.8398590448336054,3.8309442207871776,3.871686835886828,14690,19689.65
2026-10-01T17:15:00-04:00,3.87,3.88,3.86,3.86,1.432877867957682,3.839863757256062,3.833711437855065,3.8693494687094625,16646,19848.05
2026-10-01T17:16:00-04:00,3.8603,3.89,3.86,3.8899,1.432877867957682,3.839867789403725,3.839062729487916,3.87345957496757,9522,19693.2
2026-10-01T17:17:00-04:00,3.8897,3.9397,3.8897,3.93,1.432877867957682,3.839883314719658,3.8477234219176384,3.884767659974056,18398,19327.45
2026-10-01T17:18:00-04:00,3.93,3.93,3.89,3.9106,1.432877867957682,3.839898680151443,3.853711667449292,3.8899341279792448,20703,20092.6
2026-10-01T17:19:00-04:00,3.9106,3.9199,3.89,3.89,1.432877867957682,3.839905634436944,3.857167699120788,3.889947302383396,10970,20398.45
2026-10-01T17:20:00-04:00,3.89,3.9,3.89,3.8905,1.432877867957682,3.8399106849148943,3.860342203966427,3.890057841906717,8930,20600.15
2026-10-01T17:21:00-04:00,3.8997,3.9,3.8602,3.8602,1.432877867957682,3.839915579699901,3.860328660731529,3.8840862735253734,13825,21013.35
2026-10-01T17:22:00-04:00,3.87,3.89,3.8603,3.885,1.432877867957682,3.839919662422276,3.862678312090431,3.884269018820299,10047,21277.8
2026-10-01T17:23:00-04:00,3.89,3.8997,3.88,3.89,1.432877867957682,3.839924539930131,3.865280377605629,3.885415215056239,9251,21477.65
2026-10-01T17:24:00-04:00,3.8899,3.8993,3.88,3.8906,1.432877867957682,3.839927791539467,3.867691770214616,3.8864521720449914,6160,21243.65
2026-10-01T17:25:00-04:00,3.89,3.89,3.88,3.89,1.432877867957682,3.83993406579222,3.86981636352751,3.887161737635993,12728,21662.75
2026-10-01T17:26:00-04:00,3.8967,3.95,3.89,3.9398,1.432877867957682,3.839987420096609,3.876481471762985,3.8976893901087943,58407,23003.2
2026-10-01T17:27:00-04:00,3.94,3.94,3.93,3.93,1.432877867957682,3.8400191273427273,3.881578474452225,3.904151512087035,32237,23395.95
2026-10-01T17:28:00-04:00,3.935,3.94,3.93,3.93,1.432877867957682,3.840035480554071,3.886190048313918,3.9093212096696286,16635,23890.0
2026-10-01T17:29:00-04:00,3.9315,3.95,3.93,3.95,1.432877867957682,3.840080748808217,3.892267186569735,3.9174569677357023,41616,25268.0
2026-10-01T17:30:00-04:00,3.9488,4.0,3.8967,3.9,1.432877867957682,3.840186392146155,3.893003644991665,3.913965574188562,108991,27162.15
2026-10-01T17:31:00-04:00,3.9,3.9097,3.84,3.8601,1.432877867957682,3.840200608837746,3.8898699645162687,3.9031924593508496,45459,26606.8
2026-10-01T17:32:00-04:00,3.86,3.87,3.86,3.8602,1.432877867957682,3.840204313584533,3.8870442536099574,3.894593967480679,15192,25120.7
2026-10-01T17:33:00-04:00,3.87,3.89,3.87,3.8899,1.432877867957682,3.840209458627911,3.887316229456628,3.893655173984543,11359,24088.3
2026-10-01T17:34:00-04:00,3.8803,3.89,3.88,3.89,1.432877867957682,3.840215584259521,3.887571826651235,3.892924139187635,12547,23981.15
2026-10-01T17:35:00-04:00,3.88,3.8881,3.86,3.86,1.432877867957682,3.840219633288003,3.884945938398736,3.886339311350108,13219,23809.8
2026-10-01T17:36:00-04:00,3.86,3.88,3.86,3.87,1.432877867957682,3.8402252778460046,3.8835225156940942,3.883071449080086,18042,24235.8
2026-10-01T17:37:00-04:00,3.88,3.88,3.87,3.8705,1.432877867957682,3.840227679892761,3.882282276104181,3.880557159264069,6872,23659.5
2026-10-01T17:38:00-04:00,3.8707,3.898,3.8701,3.898,1.432877867957682,3.840233918672468,3.883779202189497,3.884045727411255,12254,23237.05
2026-10-01T17:39:00-04:00,3.9,3.922,3.8903,3.9202,1.432877867957682,3.840246856751208,3.887247849600021,3.891276581929004,17451,23561.1
2026-10-01T17:40:00-04:00,3.9293,3.93,3.87,3.8804,1.432877867957682,3.840253442384319,3.886595673447638,3.889101265543203,11785,23703.85
2026-10-01T17:41:00-04:00,3.888,3.9,3.8802,3.895,1.432877867957682,3.840256953528302,3.887396085500243,3.8902810124345626,6496,23337.4
2026-10-01T17:42:00-04:00,3.8901,3.9,3.89,3.8998,1.432877867957682,3.840259325619699,3.8885774106906967,3.89218480994765,4010,23035.55
2026-10-01T17:43:00-04:00,3.8902,3.9,3.89,3.8902,1.432877867957682,3.840263592267456,3.888731943005869,3.89178784795812,7648,22955.4
2026-10-01T17:44:00-04:00,3.8909,3.9,3.89,3.8989,1.432877867957682,3.8402659376311297,3.8897003293862618,3.893210278366496,3987,22846.75
2026-10-01T17:45:00-04:00,3.8998,3.9,3.89,3.8903,1.432877867957682,3.840278020176339,3.889757440873285,3.892628222693197,21653,23293.0
2026-10-01T17:46:00-04:00,3.8992,3.8999,3.89,3.8915,1.432877867957682,3.84028455903076,3.8899233988853528,3.8924025781545577,11642,20954.75
2026-10-01T17:47:00-04:00,3.8915,3.8997,3.89,3.8915,1.432877867957682,3.840287036939063,3.890073551372462,3.8922220625236457,4418,19563.8
2026-10-01T17:48:00-04:00,3.8998,3.93,3.8998,3.9293,1.432877867957682,3.8403135718951016,3.893809403622704,3.8996376500189167,31853,20324.7
2026-10-01T17:49:00-04:00,3.9292,3.95,3.9292,3.95,1.432877867957682,3.8403412369296976,3.89916088899197,3.9097101200151334,25673,19527.55
2026-10-01T17:50:00-04:00,3.9497,3.95,3.91,3.9207,1.432877867957682,3.8403737687786834,3.901212232897497,3.911908096012106,35851,15870.55
2026-10-01T17:51:00-04:00,3.9233,3.9399,3.9233,3.9392,1.432877867957682,3.840379166588002,3.904830115478687,3.9173664768096854,5492,13872.2
2026-10-01T17:52:00-04:00,3.9314,3.94,3.93,3.9392,1.432877867957682,3.8403891686755367,3.9081034378140505,3.921733181447749,9938,13609.5
2026-10-01T17:53:00-04:00,3.9398,3.94,3.925,3.925,1.432877867957682,3.840403723930757,3.909712634212712,3.922386545158199,15499,13816.5
2026-10-01T17:54:00-04:00,3.925,3.93,3.91,3.91,1.432877867957682,3.840413574707919,3.9097400023829305,3.9199092361265593,12327,13805.5
2026-10-01T17:55:00-04:00,3.91,3.9193,3.91,3.9193,1.432877867957682,3.8404139519172342,3.910650478346461,3.919787388901248,475,13168.3
2026-10-01T17:56:00-04:00,3.9193,3.92,3.91,3.91,1.432877867957682,3.840418342071971,3.9105885280277506,3.917829911120998,5746,12553.5
2026-10-01T17:57:00-04:00,3.915,3.92,3.905,3.92,1.432877867957682,3.840423029718196,3.9114848586917743,3.918263928896798,5999,12509.85
2026-10-01T17:58:00-04:00,3.9203,3.9298,3.92,3.9202,1.432877867957682,3.840428349951317,3.9123148721497008,3.9186511431174385,6125,12203.4
2026-10-01T17:59:00-04:00,3.93,3.95,3.93,3.95,1.432877867957682,3.840437327448913,3.915903931944968,3.924920914493951,8328,11747.25
2026-10-01T18:00:00-04:00,3.9401,3.95,3.92,3.9303,1.432877867957682,3.840445193346106,3.917274986045447,3.925996731595161,8075,11561.75
2026-10-01T18:01:00-04:00,3.9307,3.9398,3.93,3.9398,1.432877867957682,3.840451085001188,3.91942022546969,3.928757385276129,5854,11529.65
2026-10-01T18:02:00-04:00,3.9399,3.9399,3.93,3.93,1.432877867957682,3.8404527926877696,3.9204278230440055,3.929005908220903,1756,11416.95
2026-10-01T18:03:00-04:00,3.9311,3.9398,3.93,3.93,1.432877867957682,3.8404578484066567,3.921339458944576,3.9292047265767223,5201,11294.6
2026-10-01T18:04:00-04:00,3.93,3.9499,3.93,3.942,1.432877867957682,3.840482822844807,3.9233071295212834,3.931763781261378,23810,12285.75
2026-10-01T18:05:00-04:00,3.9402,3.95,3.94,3.95,1.432877867957682,3.84049041156544,3.9258493076621135,3.9354110250091026,6826,11544.4
2026-10-01T18:06:00-04:00,3.9403,3.95,3.94,3.9401,1.432877867957682,3.8405059540300712,3.927206516456198,3.9363488200072823,14432,11683.9
2026-10-01T18:07:00-04:00,3.9402,3.9499,3.94,3.9414,1.432877867957682,3.840518085403506,3.928558276793703,3.9373590560058256,11224,12024.2
2026-10-01T18:08:00-04:00,3.9486,3.95,3.9403,3.95,1.432877867957682,3.840543657929587,3.930600345670493,3.9398872448046607,23000,11581.55
2026-10-01T18:09:00-04:00,3.9503,3.97,3.95,3.9601,1.432877867957682,3.8405666585761655,3.9334098365590178,3.943929795843729,18398,11217.8
2026-10-01T18:10:00-04:00,3.97,3.99,3.9603,3.9802,1.432877867957682,3.8406164700658705,3.937866042601016,3.951183836674983,34951,11172.8
2026-10-01T18:11:00-04:00,3.9802,3.99,3.98,3.99,1.432877867957682,3.840638444489521,3.94283118140092,3.9589470693399864,14388,11617.6
2026-10-01T18:12:00-04:00,3.9899,4.05,3.981,4.0397,1.432877867957682,3.8407293392730826,3.9520567831722606,3.975097655471989,47540,13497.7
2026-10-01T18:13:00-04:00,4.04,4.13,4.0301,4.129,1.432877867957682,3.84109431197082,3.968908518108236,4.005878124377591,136791,19562.3
2026-10-01T18:14:00-04:00,4.129,4.13,4.12,4.13,1.432877867957682,3.84122031822627,3.9842505640026897,4.030702499502072,42295,21060.7
2026-10-01T18:15:00-04:00,4.1203,4.13,4.12,4.13,1.432877867957682,3.841289889040728,3.9981314626691,4.0505619996016575,23368,22205.35
2026-10-01T18:16:00-04:00,4.1202,4.15,4.12,4.15,1.432877867957682,3.841463061520997,4.01259513289109,4.070449599681326,55616,24698.85
2026-10-01T18:17:00-04:00,4.15,4.19,4.148,4.182,1.432877867957682,3.841644251053992,4.028728929758605,4.092759679745061,52405,27019.15
2026-10-01T18:18:00-04:00,4.1806,4.19,4.09,4.11,1.432877867957682,3.84187914578169,4.036469031686357,4.096207743796049,78254,30625.6
2026-10-01T18:19:00-04:00,4.1101,4.17,4.1101,4.16,1.432877867957682,3.8419457883706256,4.048233885811466,4.10896619503684,21007,31259.55
2026-10-01T18:20:00-04:00,4.162,4.18,4.16,4.1602,1.432877867957682,3.8420480950972906,4.058897325257993,4.119212956029472,30276,32369.6
2026-10-01T18:21:00-04:00,4.16,4.17,4.16,4.16,1.432877867957682,3.842097519306174,4.068526151423899,4.1273703648235776,14788,32816.3
2026-10-01T18:22:00-04:00,4.1692,4.17,4.16,4.17,1.432877867957682,3.842167522835806,4.078190327478765,4.135896291858862,20738,33765.4
2026-10-01T18:23:00-04:00,4.1601,4.17,4.16,4.161,1.432877867957682,3.842233740952051,4.086076962956978,4.1409170334870895,19808,34495.75
2026-10-01T18:24:00-04:00,4.1692,4.19,4.165,4.19,1.432877867957682,3.842382806446236,4.095974395056314,4.1507336267896715,42253,35417.9
2026-10-01T18:25:00-04:00,4.19,4.2,4.19,4.1902,1.432877867957682,3.842497975580222,4.104948262193807,4.158626901431737,31578,36655.5
2026-10-01T18:26:00-04:00,4.1903,4.2,4.19,4.1901,1.432877867957682,3.8425742684569184,4.113057951508683,4.16492152114539,20932,36980.5
2026-10-01T18:27:00-04:00,4.2,4.2,4.19,4.2,1.432877867957682,3.842616008380548,4.121338146603094,4.171937216916311,11349,36986.75
2026-10-01T18:28:00-04:00,4.195,4.2,4.19,4.19,1.432877867957682,3.842710342305957,4.127877370736132,4.175549773533049,25903,37131.9
2026-10-01T18:29:00-04:00,4.1903,4.2,4.06,4.1077,1.432877867957682,3.842781175581442,4.12595571638031,4.161979818826439,24381,37431.05
2026-10-01T18:30:00-04:00,4.1047,4.11,4.06,4.1,1.432877867957682,3.842883634408427,4.123483743391709,4.1495838550611515,39939,37680.45
2026-10-01T18:31:00-04:00,4.11,4.16,4.1009,4.16,1.432877867957682,3.842933324494191,4.126961482116308,4.151667084048921,16103,37766.2
2026-10-01T18:32:00-04:00,4.16,4.16,4.14,4.1492,1.432877867957682,3.8430192765672007,4.1290794362004695,4.151173667239137,27010,36739.7
2026-10-01T18:33:00-04:00,4.1409,4.15,4.14,4.1407,1.432877867957682,3.8430717764976023,4.1301861565623295,4.149078933791309,16844,30742.35
2026-10-01T18:34:00-04:00,4.1499,4.15,4.07,4.0705,1.432877867957682,3.8431570445296312,4.124501760699251,4.133363147033047,32412,30248.2
2026-10-01T18:35:00-04:00,4.078,4.13,4.078,4.1,1.432877867957682,3.8432282034810448,4.122168259680274,4.126690517626438,26457,30402.65
2026-10-01T18:36:00-04:00,4.0901,4.0901,4.06,4.07,1.432877867957682,3.8433041160248855,4.117199853996438,4.11535241410115,31837,29213.7
2026-10-01T18:37:00-04:00,4.0699,4.07,4.0,4.0297,1.432877867957682,3.843398400282062,4.1088665345682065,4.0982219312809205,47937,28990.3
2026-10-01T18:38:00-04:00,4.03,4.05,4.03,4.05,1.432877867957682,3.843456850692548,4.103260197942663,4.088577545024736,28239,26489.55
2026-10-01T18:39:00-04:00,4.04,4.04,3.96,3.97,1.432877867957682,3.8435296521435407,4.0905687505195525,4.06486203601979,48011,27839.75
2026-10-01T18:40:00-04:00,3.965,3.9882,3.94,3.988,1.432877867957682,3.8435718720957848,4.080800298089119,4.049489628815832,31754,27913.65
2026-10-01T18:41:00-04:00,3.982,4.06,3.982,4.06,1.432877867957682,3.8436215178136055,4.078819317318726,4.051591703052665,25210,28434.75
2026-10-01T18:42:00-04:00,4.05,4.084,4.05,4.07,1.432877867957682,3.8436834989126782,4.07797938233599,4.055273362442132,26719,28733.8
2026-10-01T18:43:00-04:00,4.06,4.06,4.0501,4.0598,1.432877867957682,3.843702472670692,4.076248012589706,4.056178689953706,8619,28174.35
2026-10-01T18:44:00-04:00,4.0509,4.0804,4.0509,4.0804,1.432877867957682,3.8437506451550023,4.0766434399621145,4.061022951962965,20545,27088.95
2026-10-01T18:45:00-04:00,4.0808,4.11,4.0808,4.1,1.432877867957682,3.843785027095397,4.078867874251437,4.068818361570372,13141,26167.1
2026-10-01T18:46:00-04:00,4.105,4.1198,4.1,4.102,1.432877867957682,3.843864860374032,4.081070933846538,4.075454689256298,29329,26586.95
2026-10-01T18:47:00-04:00,4.11,4.11,4.1,4.1002,1.432877867957682,3.8439110897843154,4.082892749670678,4.080403751405038,17245,26881.75
2026-10-01T18:48:00-04:00,4.1098,4.11,4.1,4.11,1.432877867957682,3.843931128482122,4.085474392559185,4.086323001124031,7384,25955.8
2026-10-01T18:49:00-04:00,4.1098,4.11,4.05,4.05,1.432877867957682,3.8439900761127,4.08209587898212,4.079058400899225,25253,25999.4
2026-10-01T18:50:00-04:00,4.07,4.07,4.05,4.0503,1.432877867957682,3.8440391618685665,4.079067700031442,4.07330672071938,22347,25119.8
2026-10-01T18:51:00-04:00,4.0501,4.06,4.05,4.055,1.432877867957682,3.844051496100273,4.076775538123686,4.069645376575504,5664,24597.85
2026-10-01T18:52:00-04:00,4.055,4.1,4.055,4.08,1.432877867957682,3.8441158220140994,4.0770826297309535,4.071716301260403,26606,24577.65
2026-10-01T18:53:00-04:00,4.07,4.07,4.05,4.0502,1.432877867957682,3.844137254528112,4.074522379280387,4.067413041008322,9769,24223.9
2026-10-01T18:54:00-04:00,4.0599,4.0661,4.05,4.06,1.432877867957682,3.8441549274618896,4.073139295539398,4.065930432806658,7983,23002.45
2026-10-01T18:55:00-04:00,4.06,4.07,4.06,4.07,1.432877867957682,3.84416021464985,4.072840315011836,4.0667443462453265,2303,21794.75
2026-10-01T18:56:00-04:00,4.0608,4.065,4.06,4.065,1.432877867957682,3.8441702952238,4.072093618344042,4.066395476996261,4458,20425.8
2026-10-01T18:57:00-04:00,4.0601,4.0628,4.04,4.042,1.432877867957682,3.844201067260514,4.069227559454133,4.061516381597009,14616,18759.75
2026-10-01T18:58:00-04:00,4.04,4.042,4.0007,4.02,1.432877867957682,3.844233549927512,4.064539220458502,4.0532131052776075,17824,18239.0
2026-10-01T18:59:00-04:00,4.0031,4.04,4.0,4.0303,1.432877867957682,3.844260925048765,4.061278342319597,4.048630484222086,14814,16579.15
2026-10-01T19:00:00-04:00,4.0303,4.04,4.03,4.03,1.432877867957682,3.844270796014406,4.0582994525748735,4.044904387377668,5063,15244.6
2026-10-01T19:01:00-04:00,4.04,4.04,4.03,4.0302,1.432877867957682,3.8442958587864458,4.055623314234409,4.041963509902135,12853,14626.75
2026-10-01T19:02:00-04:00,4.0393,4.04,4.03,4.03,1.432877867957682,3.844310268662596,4.053182998593036,4.039570807921708,7394,13660.5
2026-10-01T19:03:00-04:00,4.03,4.0381,4.03,4.0381,1.432877867957682,3.844317173326997,4.051746522536557,4.039276646337366,3505,13404.8
2026-10-01T19:04:00-04:00,4.0395,4.04,4.0307,4.0395,1.432877867957682,3.8443263471377462,4.050580187056885,4.039321317069893,4625,12608.8
2026-10-01T19:05:00-04:00,4.0301,4.0397,4.02,4.02,1.432877867957682,3.8443427273080295,4.047667788289562,4.0354570536559145,8720,12387.75
2026-10-01T19:06:00-04:00,4.0123,4.03,4.0123,4.03,1.432877867957682,3.8443545756028374,4.045985141785795,4.034365642924731,6395,11241.05
2026-10-01T19:07:00-04:00,4.0205,4.03,4.02,4.0299,1.432877867957682,3.8443671321842214,4.044453223520481,4.033472514339785,6684,10713.0
2026-10-01T19:08:00-04:00,4.03,4.06,4.03,4.0492,1.432877867957682,3.844387637619815,4.044905297470912,4.036618011471828,9849,10836.25
2026-10-01T19:09:00-04:00,4.05,4.08,4.05,4.0798,1.432877867957682,3.844420014909779,4.048228602473682,4.0452544091774625,13932,10270.2
2026-10-01T19:10:00-04:00,4.07,4.09,4.07,4.0881,1.432877867957682,3.8444582184606646,4.052025878428569,4.05382352734197,15563,9931.0
2026-10-01T19:11:00-04:00,4.0897,4.0899,4.0704,4.0704,1.432877867957682,3.844497225102256,4.053775794768706,4.057138821873576,16292,10462.4
2026-10-01T19:12:00-04:00,4.07,4.07,4.06,4.06,1.432877867957682,3.8445130430784182,4.054368576219305,4.05771105749886,7018,9483.0
2026-10-01T19:13:00-04:00,4.05,4.06,4.04,4.0402,1.432877867957682,3.844515854791681,4.0530191880079425,4.054208845999088,1350,9062.05
2026-10-01T19:14:00-04:00,4.04,4.0598,4.04,4.0596,1.432877867957682,3.844522246793453,4.053645932007186,4.05528707679927,2975,8811.65
2026-10-01T19:15:00-04:00,4.0502,4.0502,4.04,4.04,1.432877867957682,3.84453012819186,4.052346319435073,4.052229661439416,3848,8888.9
2026-10-01T19:16:00-04:00,4.0481,4.0481,4.0481,4.0481,1.432877867957682,3.844530337841958,4.0519419080603045,4.051403729151533,100,8671.0
2026-10-01T19:17:00-04:00,4.05,4.0598,4.05,4.05,1.432877867957682,3.844544729149201,4.051756964435514,4.051122983321226,6695,8274.95
2026-10-01T19:18:00-04:00,4.0445,4.0598,4.0409,4.05,1.432877867957682,3.84455440239984,4.051589634489274,4.05089838665698,4567,7612.1
2026-10-01T19:19:00-04:00,4.0597,4.0597,4.04,4.05,1.432877867957682,3.8445708395440623,4.051438240728391,4.050718709325584,7774,7260.1
2026-10-01T19:20:00-04:00,4.04,4.05,4.04,4.0401,1.432877867957682,3.844581460513625,4.050358408278068,4.048594967460467,5189,7266.4
2026-10-01T19:21:00-04:00,4.042,4.05,4.0401,4.05,1.432877867957682,3.844588036370221,4.050324274156347,4.048875973968373,3160,6781.75
2026-10-01T19:22:00-04:00,4.0501,4.09,4.0501,4.0798,1.432877867957682,3.844617509547757,4.053131486141457,4.055060779174698,12518,7037.95
2026-10-01T19:23:00-04:00,4.07,4.08,4.07,4.07,1.432877867957682,3.844634578424297,4.054738011270842,4.058048623339759,7250,7225.2
2026-10-01T19:24:00-04:00,4.0798,4.08,4.062,4.062,1.432877867957682,3.844648506427182,4.055429629245048,4.058838898671807,6058,7296.85
2026-10-01T19:25:00-04:00,4.0603,4.0752,4.0603,4.0712,1.432877867957682,3.844651246262084,4.056931569316949,4.061311118937446,1187,6920.2
2026-10-01T19:26:00-04:00,4.0714,4.09,4.0714,4.09,1.432877867957682,3.844681093601478,4.060080943667716,4.067048895149957,12127,7206.8
2026-10-01T19:27:00-04:00,4.09,4.13,4.09,4.1205,1.432877867957682,3.844728175388207,4.065835139508885,4.077739116119965,17021,7723.65
2026-10-01T19:28:00-04:00,4.13,4.15,4.11,4.11,1.432877867957682,3.8447675653667823,4.070041316698515,4.084191292895972,13742,7918.3
2026-10-01T19:29:00-04:00,4.1092,4.15,4.1,4.15,1.432877867957682,3.8448340735470574,4.077656429393895,4.097353034316778,22407,8342.05
2026-10-01T19:30:00-04:00,4.155,4.16,4.13,4.14,1.432877867957682,3.844870759881888,4.083593912308762,4.105882427453422,11950,8161.4
2026-10-01T19:31:00-04:00,4.1301,4.15,4.13,4.132,1.432877867957682,3.844914470173302,4.088204015898404,4.111105941962737,14534,8073.5
2026-10-01T19:32:00-04:00,4.1304,4.14,4.1302,4.1308,1.432877867957682,3.844923333250872,4.092260776289032,4.1150447535701895,2985,7871.85
2026-10-01T19:33:00-04:00,4.1393,4.14,4.13,4.13,1.432877867957682,3.844950683183162,4.095854988071029,4.118035802856151,9223,8265.5
2026-10-01T19:34:00-04:00,4.13,4.14,4.13,4.13,1.432877867957682,3.844966948935956,4.099106893969026,4.120428642284921,5486,8391.05
2026-10-01T19:35:00-04:00,4.135,4.14,4.13,4.1398,1.432877867957682,3.844987579296203,4.1029824278767375,4.124302913827937,6881,8542.7
2026-10-01T19:36:00-04:00,4.13,4.14,4.13,4.14,1.432877867957682,3.84500039490496,4.106507910936096,4.127442331062349,4274,8751.4
2026-10-01T19:37:00-04:00,4.13,4.14,4.13,4.13,1.432877867957682,3.845008154724867,4.108745252751706,4.1279538648498795,2618,8547.55
2026-10-01T19:38:00-04:00,4.13,4.14,4.12,4.12,1.432877867957682,3.8450318256376455,4.10981713344202,4.126363091879903,8176,8728.0
2026-10-01T19:39:00-04:00,4.1203,4.1203,4.07,4.0704,1.432877867957682,3.84506325910987,4.106063120733256,4.115170473503922,12645,8971.55
2026-10-01T19:40:00-04:00,4.07,4.1,4.07,4.1,1.432877867957682,3.8450964236141543,4.105485680663422,4.112136378803138,13176,9370.9
2026-10-01T19:41:00-04:00,4.0998,4.14,4.09,4.1007,1.432877867957682,3.845105493568847,4.10502990155262,4.10984910304251,3329,9379.35
2026-10-01T19:42:00-04:00,4.1098,4.1298,4.1009,4.1207,1.432877867957682,3.845113938025845,4.106522291880942,4.112019282434008,3021,8904.5
2026-10-01T19:43:00-04:00,4.1208,4.14,4.1208,4.1328,1.432877867957682,3.8451315134664874,4.109024930749423,4.1161754259472065,5979,8840.95
2026-10-01T19:44:00-04:00,4.1303,4.14,4.13,4.13,1.432877867957682,3.8451562912252375,4.111022556392335,4.118940340757765,8368,8956.45
2026-10-01T19:45:00-04:00,4.13,4.14,4.11,4.1115,1.432877867957682,3.845182464620573,4.111068027212113,4.117452272606212,9253,9359.75
2026-10-01T19:46:00-04:00,4.1199,4.12,4.11,4.1186,1.432877867957682,3.8452345496918734,4.111785357953816,4.11768181808497,18711,9688.95
2026-10-01T19:47:00-04:00,4.1109,4.12,4.11,4.1187,1.432877867957682,3.8452507067595754,4.112443895291548,4.1178854544679755,5805,9128.15
2026-10-01T19:48:00-04:00,4.1108,4.12,4.11,4.1199,1.432877867957682,3.845286016548824,4.113154000501877,4.11828836357438,12670,9074.55
2026-10-01T19:49:00-04:00,4.12,4.19,4.11,4.18,1.432877867957682,3.84547067678991,4.119520286168365,4.130630690859504,57171,10812.75
2026-10-01T19:50:00-04:00,4.19,4.19,4.17,4.176,1.432877867957682,3.845507416850217,4.124899306533282,4.139704552687603,10745,10752.5
2026-10-01T19:51:00-04:00,4.17,4.178,4.16,4.1703,1.432877867957682,3.845512801868349,4.1292231821015415,4.1458236421500825,1620,10106.8
2026-10-01T19:52:00-04:00,4.178,4.2,4.1702,4.1823,1.432877867957682,3.8455620594432984,4.13427811713949,4.153118913720066,14176,10666.35
2026-10-01T19:53:00-04:00,4.185,4.19,4.1801,4.185,1.432877867957682,3.845590945841283,4.139108772650015,4.159495130976053,8294,10619.9
2026-10-01T19:54:00-04:00,4.185,4.19,4.1801,4.1897,1.432877867957682,3.845611831105374,4.143926984778585,4.165536104780842,5970,10644.1
2026-10-01T19:55:00-04:00,4.185,4.2,4.185,4.19,1.432877867957682,3.8456532597500432,4.148314890990148,4.170428883824674,11671,10883.6
2026-10-01T19:56:00-04:00,4.1901,4.2,4.16,4.168,1.432877867957682,3.8457024884821296,4.150189663276801,4.16994310705974,14530,11396.4
2026-10-01T19:57:00-04:00,4.16,4.1607,4.12,4.15,1.432877867957682,3.845735807932854,4.150171600107582,4.1659544856477915,10908,11810.9
2026-10-01T19:58:00-04:00,4.1599,4.16,4.13,4.15,1.432877867957682,3.8457749492225775,4.150155257240193,4.162763588518233,12685,12036.35
2026-10-01T19:59:00-04:00,4.16,4.19,4.15,4.182,1.644984737675998,3.845898964792283,4.153188089883985,4.166610870814587,36863,13247.25
