time,open,high,low,close,EMA,VWAP,EMA.1,EMA.2,Volume,Volume MA
2026-10-02T04:00:00-04:00,4.51,4.65,4.36,4.61,1.644984737675998,4.54,4.19669398608551,4.25528869665167,161068,20641.85
2026-10-02T04:01:00-04:00,4.6004,4.64,4.49,4.5,1.644984737675998,4.541361497864338,4.225580273124985,4.3042309573213355,111213,26036.05
2026-10-02T04:02:00-04:00,4.51,4.52,4.45,4.485,1.644984737675998,4.523135740005815,4.250286913779748,4.340384765857069,130128,32391.4
2026-10-02T04:03:00-04:00,4.4896,4.64,4.485,4.6,1.644984737675998,4.529233149350578,4.2835929219912,4.3923078126856545,53612,34773.05
2026-10-02T04:04:00-04:00,4.6,4.7,4.6,4.67,1.644984737675998,4.546184164247404,4.320393596087277,4.447846250148523,69966,37852.95
2026-10-02T04:05:00-04:00,4.67,4.67,4.59,4.62,1.644984737675998,4.555173859392538,4.34892753931706,4.482277000118819,66139,40697.25
2026-10-02T04:06:00-04:00,4.61,4.6697,4.61,4.645,1.644984737675998,4.564791760017449,4.377124916524959,4.514821600095055,74178,43470.6
2026-10-02T04:07:00-04:00,4.65,4.71,4.64,4.6898,1.644984737675998,4.574335740866911,4.406903495903535,4.549817280076044,60221,46191.4
2026-10-02T04:08:00-04:00,4.69,4.7,4.59,4.59,1.644984737675998,4.579476997000873,4.424341258198436,4.557853824060835,79154,49515.6
2026-10-02T04:09:00-04:00,4.6,4.7,4.6,4.69,1.644984737675998,4.585004764008191,4.449642090750966,4.584283059248668,56858,49499.95
2026-10-02T04:10:00-04:00,4.69,4.69,4.635,4.64,1.644984737675998,4.587916789317675,4.46777141544135,4.595426447398935,37442,50834.8
2026-10-02T04:11:00-04:00,4.64,4.65,4.61,4.61,1.644984737675998,4.588917398607488,4.481316994923126,4.5983411579191475,26166,52062.1
2026-10-02T04:12:00-04:00,4.61,4.6102,4.54,4.56,1.644984737675998,4.5874419156070765,4.488810614454256,4.590672926335318,78647,55285.65
2026-10-02T04:13:00-04:00,4.56,4.59,4.55,4.58,1.644984737675998,4.5871355527969655,4.497495317839565,4.588538341068254,22303,55986.1
2026-10-02T04:14:00-04:00,4.58,4.62,4.58,4.61,1.644984737675998,4.587491958475328,4.508210049473893,4.592830672854603,23108,56843.0
2026-10-02T04:15:00-04:00,4.6194,4.63,4.59,4.61,1.644984737675998,4.587967434236178,4.517904330476379,4.596264538283683,22664,57392.65
2026-10-02T04:16:00-04:00,4.62,4.66,4.61,4.65,1.644984737675998,4.588993770659064,4.5304848704310094,4.607011630626946,21588,57745.55
2026-10-02T04:17:00-04:00,4.65,4.68,4.59,4.62,1.644984737675998,4.5915810896500275,4.539010120866151,4.609609304501557,73706,60885.45
2026-10-02T04:18:00-04:00,4.63,4.63,4.6,4.6,1.644984737675998,4.59187450225527,4.544818680783661,4.607687443601246,18910,61196.7
2026-10-02T04:19:00-04:00,4.6,4.61,4.6,4.6,1.644984737675998,4.592032588975281,4.55007404451855,4.606149954880997,16606,60183.85
2026-10-02T04:20:00-04:00,4.6009,4.66,4.6,4.63,1.644984737675998,4.59325366401994,4.557686040278688,4.610919963904798,39998,54130.35
2026-10-02T04:21:00-04:00,4.63,4.6405,4.62,4.6405,1.644984737675998,4.593445025469646,4.56557308406167,4.616835971123838,5917,48865.55
2026-10-02T04:22:00-04:00,4.645,4.7,4.64,4.67,1.644984737675998,4.595425185665626,4.575518504627225,4.627468776899071,33180,44018.15
2026-10-02T04:23:00-04:00,4.675,4.69,4.67,4.6897,1.644984737675998,4.597022288861538,4.586392932757966,4.639915021519257,23764,42525.75
2026-10-02T04:24:00-04:00,4.6809,4.75,4.65,4.72,1.644984737675998,4.605644752942768,4.5991174153524454,4.655932017215405,111516,44603.25
2026-10-02T04:25:00-04:00,4.7296,4.78,4.71,4.7696,1.644984737675998,4.616224872478369,4.615353851985546,4.678665613772324,109532,46772.9
2026-10-02T04:26:00-04:00,4.76,4.88,4.76,4.8602,1.644984737675998,4.640310386926258,4.638672532748827,4.71497249101786,190547,52591.35
2026-10-02T04:27:00-04:00,4.8605,4.98,4.83,4.8469,1.644984737675998,4.6799886463798215,4.658503720106082,4.7413579928142875,331506,66155.6
2026-10-02T04:28:00-04:00,4.845,5.02,4.82,4.9795,1.644984737675998,4.709434454020353,4.6890747943816935,4.78898639425143,261951,75295.45
2026-10-02T04:29:00-04:00,4.98,5.0,4.92,4.98,1.644984737675998,4.7334666130285985,4.716781956821532,4.827189115401144,238218,84363.45
2026-10-02T04:30:00-04:00,4.9894,5.01,4.86,4.9,1.644984737675998,4.7468396243755935,4.734231294267101,4.841751292320915,193200,92151.35
2026-10-02T04:31:00-04:00,4.89,5.01,4.89,4.91,1.644984737675998,4.75561503203977,4.750971171003568,4.855401033856732,132951,97490.6
2026-10-02T04:32:00-04:00,4.9113,5.07,4.9,4.9494,1.644984737675998,4.769577368106793,4.769869154717513,4.874200827085386,197268,103421.65
2026-10-02T04:33:00-04:00,4.95,5.03,4.9404,5.0096,1.644984737675998,4.779286565304137,4.7927006637920355,4.9012806616683084,139402,109276.6
2026-10-02T04:34:00-04:00,5.0004,5.01,4.9,4.92,1.644984737675998,4.7852276586965985,4.804824410097556,4.905024529334646,120720,114157.2
2026-10-02T04:35:00-04:00,4.92,4.96,4.89,4.92,1.644984737675998,4.790045899695363,4.8157935138977885,4.908019623467717,120498,119048.9
2026-10-02T04:36:00-04:00,4.92,4.96,4.9,4.9298,1.644984737675998,4.792077390375668,4.826651274478952,4.912375698774174,50897,120514.35
2026-10-02T04:37:00-04:00,4.93,4.99,4.92,4.9694,1.644984737675998,4.795555230634425,4.840246391195242,4.923780559019339,74212,120539.65
2026-10-02T04:38:00-04:00,4.97,5.12,4.94,5.1,1.644984737675998,4.816364950463345,4.864984830129028,4.959024447215471,314291,135308.7
2026-10-02T04:39:00-04:00,5.09,5.25,5.09,5.21,1.644984737675998,4.849301754765379,4.897843417735787,5.009219557772377,383889,153672.85
2026-10-02T04:40:00-04:00,5.22,5.23,5.13,5.1797,1.644984737675998,4.865155982021618,4.924686901760951,5.043315646217901,215447,162445.3
2026-10-02T04:41:00-04:00,5.18,5.28,5.14,5.2297,1.644984737675998,4.882357423485138,4.953735768259908,5.080592516974321,231229,173710.9
2026-10-02T04:42:00-04:00,5.2296,5.26,5.2,5.225,1.644984737675998,4.890598862118654,4.97957045699706,5.109474013579457,115271,177815.45
2026-10-02T04:43:00-04:00,5.22,5.3,5.2,5.26,1.644984737675998,4.901267888949617,5.006278032521149,5.139579210863566,146644,183959.45
2026-10-02T04:44:00-04:00,5.2595,5.38,5.21,5.3697,1.644984737675998,4.9223211152165005,5.040889648471516,5.1856033686908525,264012,191584.25
2026-10-02T04:45:00-04:00,5.3695,5.4696,5.36,5.41,1.644984737675998,4.95186986777692,5.076043015283753,5.230482694952682,336252,202920.25
2026-10-02T04:46:00-04:00,5.41,5.43,5.37,5.425,1.644984737675998,4.962758008068399,5.109277013828158,5.269386155962146,136500,200217.9
2026-10-02T04:47:00-04:00,5.42,5.5,5.37,5.4296,1.644984737675998,4.986352165677064,5.139783964892143,5.301428924769717,302155,198750.35
2026-10-02T04:48:00-04:00,5.43,5.49,5.42,5.44,1.644984737675998,4.994914843909822,5.168375968235748,5.329143139815774,113357,191320.65
2026-10-02T04:49:00-04:00,5.4495,5.52,5.41,5.4397,1.644984737675998,5.015511430271431,5.194216352213296,5.35125451185262,286635,193741.5
2026-10-02T04:50:00-04:00,5.44,5.48,5.41,5.4195,1.644984737675998,5.022552353816307,5.215671937716792,5.364903609482096,109278,189545.4
2026-10-02T04:51:00-04:00,5.41,5.43,5.24,5.25,1.644984737675998,5.028369330260692,5.218941276981859,5.341922887585676,136572,189726.45
2026-10-02T04:52:00-04:00,5.25,5.31,5.19,5.27,1.644984737675998,5.034216183607339,5.223804012507396,5.327538310068541,175326,188629.35
2026-10-02T04:53:00-04:00,5.27,5.37,5.27,5.3505,1.644984737675998,5.039064323097203,5.235870297030502,5.332130648054833,114013,187359.9
2026-10-02T04:54:00-04:00,5.3595,5.48,5.3503,5.43,1.644984737675998,5.046851995309243,5.254358840170454,5.351704518443866,145214,188584.6
2026-10-02T04:55:00-04:00,5.4394,5.5,5.43,5.4495,1.644984737675998,5.055127821593407,5.272943712535173,5.371263614755093,145291,189824.25
2026-10-02T04:56:00-04:00,5.4496,5.45,5.3,5.36,1.644984737675998,5.06078349654065,5.281234787531823,5.369010891804074,132611,193909.95
2026-10-02T04:57:00-04:00,5.35,5.4394,5.335,5.37,1.644984737675998,5.064863816456186,5.289688617290698,5.36920871344326,95150,194956.85
2026-10-02T04:58:00-04:00,5.3703,5.42,5.3499,5.4,1.644984737675998,5.0671716561491404,5.300194463263012,5.375366970754608,53465,181915.55
2026-10-02T04:59:00-04:00,5.41,5.41,5.34,5.3401,1.644984737675998,5.069381476216462,5.303994990571296,5.368313576603686,56613,165551.75
2026-10-02T05:00:00-04:00,5.34,5.3503,5.23,5.2395,1.644984737675998,5.074294853517328,5.2978526105168875,5.342550861282949,187381,164148.45
2026-10-02T05:01:00-04:00,5.23,5.2895,5.23,5.26,1.644984737675998,5.075415206298385,5.294247599991469,5.326040689026359,47237,154948.85
2026-10-02T05:02:00-04:00,5.26,5.295,5.25,5.26,1.644984737675998,5.076501636428678,5.290985923801806,5.312832551221088,44304,151400.5
2026-10-02T05:03:00-04:00,5.2695,5.28,5.15,5.15,1.644984737675998,5.077566919390898,5.277558692963539,5.28026604097687,72393,147687.95
2026-10-02T05:04:00-04:00,5.15,5.2199,5.09,5.141,1.644984737675998,5.078831967771531,5.264553103157487,5.252412832781496,140536,141514.15
2026-10-02T05:05:00-04:00,5.15,5.19,5.1,5.16,1.644984737675998,5.079583798301717,5.254595664761536,5.2339302662251965,86270,129015.05
2026-10-02T05:06:00-04:00,5.17,5.26,5.1651,5.24,1.644984737675998,5.081003497237298,5.253205601450913,5.235144212980157,82402,126310.15
2026-10-02T05:07:00-04:00,5.2495,5.2496,5.19,5.19,1.644984737675998,5.081559040693356,5.24718602036035,5.226115370384126,35715,112988.15
2026-10-02T05:08:00-04:00,5.2,5.21,5.17,5.19,1.644984737675998,5.081961764599533,5.241739732706983,5.218892296307301,30881,108864.35
2026-10-02T05:09:00-04:00,5.1905,5.23,5.18,5.21,1.644984737675998,5.082257030880418,5.238716901020604,5.217113837045841,19735,95519.35
2026-10-02T05:10:00-04:00,5.21,5.2203,5.16,5.17,1.644984737675998,5.082696103791438,5.232172434256737,5.207691069636673,36329,91871.9
2026-10-02T05:11:00-04:00,5.189,5.189,5.1,5.1296,1.644984737675998,5.0832669573223095,5.22240363099419,5.1920728557093385,84932,89289.9
2026-10-02T05:12:00-04:00,5.1296,5.18,5.1,5.151,1.644984737675998,5.083536255153935,5.215603285185219,5.183858284567471,37872,82417.2
2026-10-02T05:13:00-04:00,5.169,5.2,5.15,5.18,1.644984737675998,5.083789634003805,5.21221249611996,5.183086627653976,23173,77875.2
2026-10-02T05:14:00-04:00,5.18,5.2295,5.16,5.22,1.644984737675998,5.084492538916454,5.212954163156154,5.190469302123181,50448,73136.9
2026-10-02T05:15:00-04:00,5.23,5.28,5.21,5.27,1.644984737675998,5.0859983778757,5.218387099998425,5.206375441698545,77101,69727.4
2026-10-02T05:16:00-04:00,5.27,5.35,5.25,5.34,1.644984737675998,5.088173048012498,5.229969280950956,5.233100353358836,83495,67271.6
2026-10-02T05:17:00-04:00,5.3494,5.3997,5.32,5.39,1.644984737675998,5.091663636695883,5.24521030181277,5.264480282687068,109501,67989.15
2026-10-02T05:18:00-04:00,5.3894,5.39,5.33,5.34,1.644984737675998,5.093825906423896,5.254237892116316,5.279584226149654,73639,68997.85
2026-10-02T05:19:00-04:00,5.33,5.38,5.31,5.31,1.644984737675998,5.095341849740665,5.259548569057619,5.285667380919723,56764,69005.4
2026-10-02T05:20:00-04:00,5.31,5.35,5.31,5.32,1.644984737675998,5.095919548783395,5.265305848194989,5.2925339047357784,22453,60759.0
2026-10-02T05:21:00-04:00,5.3205,5.339,5.28,5.28,1.644984737675998,5.096733472788591,5.266705291224038,5.290027123788623,36060,60200.15
2026-10-02T05:22:00-04:00,5.2801,5.32,5.27,5.31,1.644984737675998,5.097443413452458,5.270828596821748,5.294021699030899,31638,59566.85
2026-10-02T05:23:00-04:00,5.3103,5.32,5.28,5.2894,1.644984737675998,5.097819702060776,5.272597301886344,5.293097359224719,17159,56805.15
2026-10-02T05:24:00-04:00,5.2895,5.2905,5.26,5.29,1.644984737675998,5.098514259907772,5.274254701706692,5.292477887379775,34701,51513.4
2026-10-02T05:25:00-04:00,5.29,5.39,5.29,5.38,1.644984737675998,5.10041235656309,5.28432568249653,5.30998230990382,68370,50618.4
2026-10-02T05:26:00-04:00,5.38,5.42,5.3,5.32,1.644984737675998,5.103781074240362,5.28772323654448,5.311985847923056,127304,52863.5
2026-10-02T05:27:00-04:00,5.3199,5.37,5.28,5.37,1.644984737675998,5.104599414605186,5.295559118778339,5.323588678338445,32351,52695.3
2026-10-02T05:28:00-04:00,5.3602,5.37,5.34,5.35,1.644984737675998,5.1056564750386215,5.300743964608974,5.328870942670756,39855,53144.0
2026-10-02T05:29:00-04:00,5.3505,5.4,5.35,5.36,1.644984737675998,5.106728491353607,5.306387396550976,5.335096754136605,38187,54066.6
2026-10-02T05:30:00-04:00,5.3504,5.3596,5.3001,5.33,1.644984737675998,5.107252931222906,5.3086362159270735,5.3340774033092835,22180,53359.15
2026-10-02T05:31:00-04:00,5.3205,5.39,5.32,5.365,1.644984737675998,5.108130183132191,5.314004195362591,5.340261922647427,33093,50767.2
2026-10-02T05:32:00-04:00,5.36,5.36,5.33,5.33,1.644984737675998,5.1085875533963545,5.315527605328058,5.338209538117941,18720,49809.6
2026-10-02T05:33:00-04:00,5.3395,5.3395,5.3,5.31,1.644984737675998,5.109131782143515,5.315001166725386,5.332567630494353,24907,49896.3
2026-10-02T05:34:00-04:00,5.31,5.3196,5.26,5.2805,1.644984737675998,5.110219643564608,5.3117153413229685,5.322154104395482,58654,50306.6
2026-10-02T05:35:00-04:00,5.29,5.33,5.26,5.28,1.644984737675998,5.110868538203835,5.308694832625543,5.313723283516386,34681,48185.6
2026-10-02T05:36:00-04:00,5.2895,5.29,5.28,5.28,1.644984737675998,5.111168428615463,5.30596199142311,5.306978626813109,16737,44847.7
2026-10-02T05:37:00-04:00,5.2805,5.295,5.27,5.27,1.644984737675998,5.1116391742464735,5.302537039859004,5.299582901450487,27182,40731.75
2026-10-02T05:38:00-04:00,5.27,5.27,5.22,5.24,1.644984737675998,5.112292551595666,5.296581131301004,5.28766632116039,48128,39456.2
2026-10-02T05:39:00-04:00,5.2402,5.2403,5.22,5.22,1.644984737675998,5.112596553695533,5.289287690224717,5.274133056928312,25830,37909.5
2026-10-02T05:40:00-04:00,5.2205,5.28,5.2205,5.2761,1.644984737675998,5.112934435256367,5.288031719727125,5.27452644554265,22520,37912.85
2026-10-02T05:41:00-04:00,5.27,5.28,5.2597,5.2597,1.644984737675998,5.113279605495362,5.285333460705494,5.27156115643412,21967,37208.2
2026-10-02T05:42:00-04:00,5.25,5.2796,5.25,5.25,1.644984737675998,5.113578456453423,5.281968369209732,5.267248925147296,19961,36624.35
2026-10-02T05:43:00-04:00,5.25,5.26,5.23,5.25,1.644984737675998,5.113726008151715,5.278923762618329,5.263799140117837,10867,36309.75
2026-10-02T05:44:00-04:00,5.25,5.26,5.23,5.26,1.644984737675998,5.113877659755012,5.277121499511821,5.26303931209427,10920,35120.7
2026-10-02T05:45:00-04:00,5.255,5.33,5.25,5.25,1.644984737675998,5.114645126575565,5.274538499558314,5.260431449675416,46481,34026.25
2026-10-02T05:46:00-04:00,5.26,5.27,5.26,5.265,1.644984737675998,5.114909876437585,5.273630071028951,5.2613451597403325,17391,28530.6
2026-10-02T05:47:00-04:00,5.26,5.26,5.19,5.25,1.644984737675998,5.115503774007007,5.271379588073813,5.259076127792266,49781,29402.1
2026-10-02T05:48:00-04:00,5.24,5.24,5.17,5.185,1.644984737675998,5.115856692607524,5.263152960638212,5.244260902233813,42475,29533.1
2026-10-02T05:49:00-04:00,5.185,5.22,5.185,5.22,1.644984737675998,5.11603207631959,5.259043154863145,5.23940872178705,18942,28570.85
2026-10-02T05:50:00-04:00,5.21,5.2195,5.17,5.175,1.644984737675998,5.116143459564712,5.251039044876179,5.22652697742964,15446,28234.15
2026-10-02T05:51:00-04:00,5.1796,5.19,5.15,5.17,1.644984737675998,5.116366551190976,5.243321040602257,5.215221581943712,41609,28659.95
2026-10-02T05:52:00-04:00,5.17,5.18,5.1,5.175,1.644984737675998,5.116595216098852,5.236814274830613,5.20717726555497,65492,30998.55
2026-10-02T05:53:00-04:00,5.18,5.22,5.1602,5.2103,1.644984737675998,5.1169501989103106,5.234289105799126,5.207801812443976,44928,31999.6
2026-10-02T05:54:00-04:00,5.21,5.22,5.16,5.185,1.644984737675998,5.117156749663899,5.229594905246828,5.203241449955181,29470,30540.4
2026-10-02T05:55:00-04:00,5.18,5.24,5.18,5.21,1.644984737675998,5.117438087531449,5.227728723794749,5.204593159964145,30956,30354.15
2026-10-02T05:56:00-04:00,5.21,5.29,5.21,5.26,1.644984737675998,5.117948143969536,5.23080217867144,5.215674527971316,38487,31441.65
2026-10-02T05:57:00-04:00,5.27,5.29,5.26,5.2699,1.644984737675998,5.118430852725401,5.2345257807027314,5.226519622377053,31961,31680.6
2026-10-02T05:58:00-04:00,5.26,5.26,5.22,5.23,1.644984737675998,5.118757054782075,5.234094753969138,5.227215697901642,28457,30697.05
2026-10-02T05:59:00-04:00,5.2202,5.2496,5.22,5.23,1.644984737675998,5.118889046944129,5.233704777400648,5.227772558321314,11910,30001.05
2026-10-02T06:00:00-04:00,5.2395,5.25,5.21,5.25,1.644984737675998,5.119100635307261,5.2352567033624915,5.232218046657051,18585,29804.3
2026-10-02T06:01:00-04:00,5.26,5.29,5.26,5.2696,1.644984737675998,5.119573377250079,5.238527493518444,5.239694437325641,31834,30297.65
2026-10-02T06:02:00-04:00,5.26,5.2669,5.22,5.23,1.644984737675998,5.1197099886826765,5.237715351278593,5.237755549860513,11887,29893.95
2026-10-02T06:03:00-04:00,5.2202,5.2397,5.2,5.2,1.644984737675998,5.119844092861598,5.2341234130615835,5.23020443988841,14918,30096.5
2026-10-02T06:04:00-04:00,5.2098,5.2298,5.2002,5.2009,1.644984737675998,5.120007992492977,5.23095927848429,5.224343551910728,18885,30494.75
2026-10-02T06:05:00-04:00,5.201,5.2376,5.2,5.2297,1.644984737675998,5.120141723603771,5.230839347200072,5.225414841528583,13626,28852.0
2026-10-02T06:06:00-04:00,5.22,5.23,5.2,5.23,1.644984737675998,5.120221565679301,5.230759409371494,5.2263318732228665,8351,28400.0
2026-10-02T06:07:00-04:00,5.2305,5.26,5.23,5.2595,1.644984737675998,5.120312413832252,5.233496608478971,5.232965498578293,7326,26277.25
2026-10-02T06:08:00-04:00,5.25,5.26,5.23,5.24,1.644984737675998,5.120435759401054,5.234115979100022,5.234372398862635,10490,24678.0
2026-10-02T06:09:00-04:00,5.24,5.25,5.23,5.2494,1.644984737675998,5.120579182941697,5.2355716001381145,5.2373779190901075,12244,24343.1
2026-10-02T06:10:00-04:00,5.2405,5.26,5.24,5.2599,1.644984737675998,5.12063482193846,5.237888590601151,5.241882335272086,4393,23790.45
2026-10-02T06:11:00-04:00,5.2595,5.26,5.25,5.2598,1.644984737675998,5.12073762277951,5.239975391496279,5.245465868217669,7929,22106.45
2026-10-02T06:12:00-04:00,5.25,5.2595,5.23,5.2395,1.644984737675998,5.1209258159343,5.239930116115681,5.244272694574135,16167,19640.2
2026-10-02T06:13:00-04:00,5.23,5.4297,5.23,5.41,1.644984737675998,5.123432374219356,5.256127247914187,5.277418155659308,112925,23040.05
2026-10-02T06:14:00-04:00,5.411,5.51,5.37,5.46,1.644984737675998,5.129877436293648,5.275543700493788,5.313934524527446,215983,32365.7
2026-10-02T06:15:00-04:00,5.46,5.57,5.45,5.4806,1.644984737675998,5.13697295175231,5.295072871875332,5.347267619621957,211600,41397.9
2026-10-02T06:16:00-04:00,5.48,5.489,5.38,5.38,1.644984737675998,5.139170949995167,5.303161169791967,5.353814095697565,87580,43852.55
2026-10-02T06:17:00-04:00,5.3805,5.4283,5.3523,5.41,1.644984737675998,5.141112289048759,5.313336296478447,5.365051276558052,84493,46479.15
2026-10-02T06:18:00-04:00,5.4,5.5,5.38,5.45,1.644984737675998,5.144473406160427,5.3263518872900235,5.382041021246442,126137,51363.15
2026-10-02T06:19:00-04:00,5.4594,5.46,5.37,5.38,1.644984737675998,5.146199460184489,5.331461231357641,5.381632816997153,76134,54574.35
2026-10-02T06:20:00-04:00,5.389,5.43,5.371,5.43,1.644984737675998,5.14715993685436,5.340845875990246,5.3913062535977225,41671,55728.65
2026-10-02T06:21:00-04:00,5.4202,5.4295,5.38,5.38,1.644984737675998,5.147723023812574,5.344574840181651,5.389045002878178,25938,55433.85
2026-10-02T06:22:00-04:00,5.39,5.44,5.34,5.4,1.644984737675998,5.149350646530368,5.349853426831018,5.391236002302542,76621,58670.55
2026-10-02T06:23:00-04:00,5.4,5.41,5.36,5.39,1.644984737675998,5.150051577142762,5.353676909989969,5.390988801842034,34251,59637.2
2026-10-02T06:24:00-04:00,5.38,5.43,5.38,5.38,1.644984737675998,5.15066553753543,5.356183870943305,5.388791041473627,28942,60140.05
2026-10-02T06:25:00-04:00,5.4,5.4,5.37,5.38,1.644984737675998,5.15127418040786,5.358452073710609,5.3870328331789015,30491,60983.3
2026-10-02T06:26:00-04:00,5.38,5.38,5.28,5.31,1.644984737675998,5.152198327051705,5.353837590500075,5.371626266543121,62943,63712.9
2026-10-02T06:27:00-04:00,5.291,5.35,5.29,5.33,1.644984737675998,5.152763737199357,5.351567343785782,5.363301013234497,38846,65288.9
2026-10-02T06:28:00-04:00,5.33,5.3595,5.326,5.3595,1.644984737675998,5.152894653783408,5.352322834853803,5.362540810587597,7876,65158.2
2026-10-02T06:29:00-04:00,5.35,5.38,5.35,5.3598,1.644984737675998,5.153112157477531,5.353034945820108,5.3619926484700775,12177,65154.85
2026-10-02T06:30:00-04:00,5.36,5.36,5.26,5.32,1.644984737675998,5.154090244432571,5.349888760503907,5.353594118776062,72340,68552.2
2026-10-02T06:31:00-04:00,5.31,5.31,5.26,5.29,1.644984737675998,5.1545483299664046,5.344185069027344,5.34087529502085,41087,70210.1
2026-10-02T06:32:00-04:00,5.2831,5.3,5.28,5.2805,1.644984737675998,5.154730278925883,5.338119824358073,5.32880023601668,16378,70220.65
2026-10-02T06:33:00-04:00,5.2802,5.2896,5.27,5.27,1.644984737675998,5.154923220459079,5.331632222038257,5.317040188813344,18892,65519.0
2026-10-02T06:34:00-04:00,5.29,5.29,5.27,5.2895,1.644984737675998,5.155019826772175,5.327619629463185,5.311532151050676,8991,55169.4
2026-10-02T06:35:00-04:00,5.28,5.34,5.28,5.32,1.644984737675998,5.155356021397865,5.326893950466691,5.31322572084054,25400,45859.4
2026-10-02T06:36:00-04:00,5.32,5.32,5.29,5.2999,1.644984737675998,5.155452548295426,5.324323098041292,5.310560576672432,7809,41870.85
2026-10-02T06:37:00-04:00,5.3,5.34,5.3,5.33,1.644984737675998,5.155626831719314,5.324863755370693,5.314448461337946,12438,38268.1
2026-10-02T06:38:00-04:00,5.33,5.33,5.295,5.2995,1.644984737675998,5.155755974930986,5.322448159621103,5.311458769070357,10152,32468.85
2026-10-02T06:39:00-04:00,5.3,5.3183,5.28,5.28,1.644984737675998,5.156020783406254,5.318405477752426,5.305167015256285,23221,29823.2
2026-10-02T06:40:00-04:00,5.28,5.36,5.28,5.36,1.644984737675998,5.156363427282889,5.322366860823624,5.316133612205028,23262,28902.75
2026-10-02T06:41:00-04:00,5.3595,5.38,5.35,5.351,1.644984737675998,5.156966885494453,5.325093826459469,5.323106889764023,35720,29391.85
2026-10-02T06:42:00-04:00,5.35,5.3595,5.32,5.34,1.644984737675998,5.157244411582795,5.326513462034757,5.326485511811218,18351,26478.35
2026-10-02T06:43:00-04:00,5.34,5.34,5.31,5.33,1.644984737675998,5.157568238661151,5.326845513269542,5.327188409448975,23156,25923.6
2026-10-02T06:44:00-04:00,5.32,5.33,5.3,5.3003,1.644984737675998,5.157841350701759,5.324317369148633,5.32181072755918,21731,25563.05
2026-10-02T06:45:00-04:00,5.3095,5.3097,5.29,5.3011,1.644984737675998,5.157934525344204,5.322106191134478,5.317668582047344,7945,24435.75
2026-10-02T06:46:00-04:00,5.32,5.37,5.31,5.36,1.644984737675998,5.158175621710322,5.325715125312146,5.326134865637875,15534,22065.3
2026-10-02T06:47:00-04:00,5.3695,5.37,5.33,5.33,1.644984737675998,5.158472459905297,5.326123208615751,5.3269078925103,19526,21099.3
2026-10-02T06:48:00-04:00,5.33,5.34,5.33,5.33,1.644984737675998,5.158574175984365,5.326492426842822,5.32752631400824,7089,21059.95
2026-10-02T06:49:00-04:00,5.34,5.37,5.32,5.36,1.644984737675998,5.15891142193798,5.329683624286363,5.334021051206592,21508,21526.5
2026-10-02T06:50:00-04:00,5.3602,5.425,5.3602,5.4,1.644984737675998,5.1600484292608,5.336380421973376,5.347216840965274,59063,20862.65
2026-10-02T06:51:00-04:00,5.4097,5.44,5.39,5.4,1.644984737675998,5.161210592111447,5.342439429404483,5.3577734727722195,57304,21673.5
2026-10-02T06:52:00-04:00,5.4,5.42,5.37,5.3713,1.644984737675998,5.16166557184519,5.345188055175485,5.360478778217775,24874,22098.3
2026-10-02T06:53:00-04:00,5.371,5.4,5.3405,5.35,1.644984737675998,5.162099619398663,5.345646335634963,5.35838302257422,26615,22484.45
2026-10-02T06:54:00-04:00,5.35,5.359,5.33,5.34,1.644984737675998,5.162298613896792,5.345108589384014,5.354706418059376,13629,22716.35
2026-10-02T06:55:00-04:00,5.35,5.42,5.35,5.4089,1.644984737675998,5.162612118176592,5.351183961823632,5.3655451344475,16862,22289.45
2026-10-02T06:56:00-04:00,5.391,5.41,5.37,5.37,1.644984737675998,5.162920443039524,5.352975965459477,5.366436107558,17355,22766.75
2026-10-02T06:57:00-04:00,5.3702,5.41,5.37,5.4005,1.644984737675998,5.163125322095922,5.357502063987146,5.3732488860464,11049,22697.3
2026-10-02T06:58:00-04:00,5.4095,5.4095,5.37,5.38,1.644984737675998,5.163487002737308,5.359644724559798,5.37459910883712,20167,23198.05
2026-10-02T06:59:00-04:00,5.385,5.41,5.38,5.3895,1.644984737675998,5.163781616940802,5.362488084125531,5.377579287069696,15997,22836.85
2026-10-02T07:00:00-04:00,5.385,5.385,5.2,5.22,1.644984737675998,5.1654416308006095,5.34891779039929,5.346063429655756,201205,31734.0
2026-10-02T07:01:00-04:00,5.23,5.3,5.21,5.291,1.644984737675998,5.166000562037358,5.343401810361263,5.335050743724605,70129,33454.45
2026-10-02T07:02:00-04:00,5.285,5.3,5.25,5.2897,1.644984737675998,5.166369872112928,5.338287352231618,5.325980594979685,41451,34609.45
2026-10-02T07:03:00-04:00,5.2897,5.2897,5.24,5.2687,1.644984737675998,5.166728303607692,5.331659985352417,5.314524475983748,46096,35756.45
2026-10-02T07:04:00-04:00,5.26,5.3,5.26,5.27,1.644984737675998,5.1670192397550805,5.3257876057950435,5.305619580786998,34043,36372.05
2026-10-02T07:05:00-04:00,5.27,5.28,5.25,5.27,1.644984737675998,5.1672310335337235,5.32047450048123,5.298495664629598,27400,37344.8
2026-10-02T07:06:00-04:00,5.272,5.29,5.23,5.24,1.644984737675998,5.167513254873847,5.31281026234016,5.286796531703679,42394,38687.8
2026-10-02T07:07:00-04:00,5.24,5.26,5.23,5.25,1.644984737675998,5.16764180726818,5.306828332593478,5.279437225362943,21040,38763.5
2026-10-02T07:08:00-04:00,5.25,5.2503,5.22,5.2201,1.644984737675998,5.167823317677327,5.298568491394099,5.267569780290355,37738,40295.95
2026-10-02T07:09:00-04:00,5.23,5.26,5.2,5.24,1.644984737675998,5.168084890538661,5.292990539832757,5.262055824232284,52086,41824.85
2026-10-02T07:10:00-04:00,5.24,5.25,5.22,5.22,1.644984737675998,5.168192024770505,5.286039059848685,5.253644659385827,22611,40002.25
2026-10-02T07:11:00-04:00,5.2295,5.26,5.21,5.25,1.644984737675998,5.168352149110559,5.282606768434524,5.252915727508662,29204,38597.25
2026-10-02T07:12:00-04:00,5.25,5.27,5.23,5.2696,1.644984737675998,5.16846167570868,5.281368028583617,5.25625258200693,16287,38167.9
2026-10-02T07:13:00-04:00,5.2699,5.3,5.26,5.2798,1.644984737675998,5.168713591579803,5.281218692528034,5.260962065605543,29701,38322.2
2026-10-02T07:14:00-04:00,5.2797,5.31,5.26,5.3099,1.644984737675998,5.168966580650976,5.283950245620602,5.270749652484435,26742,38977.85
2026-10-02T07:15:00-04:00,5.31,5.32,5.29,5.29,1.644984737675998,5.169418721188144,5.284526412704354,5.274599721987548,45599,40414.7
2026-10-02T07:16:00-04:00,5.2903,5.2983,5.28,5.29,1.644984737675998,5.169518238297484,5.28504770673251,5.277679777590039,10967,40095.3
2026-10-02T07:17:00-04:00,5.28,5.3,5.28,5.2901,1.644984737675998,5.169621426114967,5.28552887751989,5.280163822072031,11334,40109.55
2026-10-02T07:18:00-04:00,5.2902,5.2995,5.27,5.28,1.644984737675998,5.169709399789408,5.285002317756091,5.280131057657624,10264,39614.4
2026-10-02T07:19:00-04:00,5.2705,5.2896,5.23,5.24,1.644984737675998,5.169848783378875,5.280716382731701,5.2721048461260995,22153,39922.2
2026-10-02T07:20:00-04:00,5.2496,5.25,5.22,5.22,1.644984737675998,5.1700203067097075,5.274933870090587,5.26168387690088,37947,31759.3
2026-10-02T07:21:00-04:00,5.2297,5.2499,5.2106,5.2499,1.644984737675998,5.170225414932209,5.272549691986722,5.259327101520704,40999,30302.8
2026-10-02T07:22:00-04:00,5.231,5.25,5.23,5.24,1.644984737675998,5.170289685868579,5.26944972132132,5.255461681216563,12307,28845.6
2026-10-02T07:23:00-04:00,5.24,5.2482,5.23,5.248,1.644984737675998,5.170354780548758,5.26740689071929,5.2539693449732505,12128,27147.2
2026-10-02T07:24:00-04:00,5.2402,5.2402,5.22,5.23,1.644984737675998,5.1704031163638815,5.263844329698405,5.249175475978601,10834,25986.75
2026-10-02T07:25:00-04:00,5.22,5.232,5.22,5.2202,1.644984737675998,5.17049581781003,5.259687726869986,5.243380380782881,23160,25774.75
2026-10-02T07:26:00-04:00,5.22,5.2393,5.22,5.22,1.644984737675998,5.1705527112817595,5.255907943358559,5.238704304626305,13650,24337.55
2026-10-02T07:27:00-04:00,5.22,5.22,5.2,5.2095,1.644984737675998,5.17061076490729,5.251488139229172,5.232863443701044,19864,24278.75
2026-10-02T07:28:00-04:00,5.2098,5.246,5.2,5.239,1.644984737675998,5.170762076486941,5.250298792635918,5.234090754960835,35325,24158.1
2026-10-02T07:29:00-04:00,5.23,5.24,5.21,5.21,1.644984737675998,5.170787165262497,5.2464608123848775,5.229272603968668,6870,21897.3
2026-10-02T07:30:00-04:00,5.2197,5.2198,5.16,5.17,1.644984737675998,5.170829488388229,5.2391788302529845,5.217418083174934,45881,23060.8
2026-10-02T07:31:00-04:00,5.17,5.2,5.16,5.19,1.644984737675998,5.170857135325442,5.234495132133652,5.211934466539947,29979,23099.55
2026-10-02T07:32:00-04:00,5.19,5.1992,5.17,5.1897,1.644984737675998,5.170871981245754,5.230228929073305,5.207487573231958,13047,22937.55
2026-10-02T07:33:00-04:00,5.1899,5.1899,5.12,5.13,1.644984737675998,5.170795715872335,5.220683316780609,5.191990058585566,42837,23594.35
2026-10-02T07:34:00-04:00,5.121,5.15,5.02,5.05,1.644984737675998,5.169957046235953,5.204427762801504,5.163592046868453,118170,28165.75
2026-10-02T07:35:00-04:00,5.04,5.07,4.97,4.98,1.644984737675998,5.168358952638785,5.183053690153741,5.1268736374947625,135727,32672.15
2026-10-02T07:36:00-04:00,4.9895,5.01,4.95,4.98,1.644984737675998,5.16662940349675,5.163715243472433,5.09749890999581,128522,38549.9
2026-10-02T07:37:00-04:00,4.99,4.999,4.91,4.91,1.644984737675998,5.165062391537064,5.139551886951249,5.059999127996648,97310,42848.7
2026-10-02T07:38:00-04:00,4.91,5.0,4.91,4.98,1.644984737675998,5.163479109788855,5.1243564691463686,5.043999302397319,111494,47910.2
2026-10-02T07:39:00-04:00,4.98,5.0,4.9798,4.9905,1.644984737675998,5.162820589690913,5.111608233989571,5.033299441917856,54161,49510.6
2026-10-02T07:40:00-04:00,4.99,4.9963,4.8,4.8,1.644984737675998,5.15985983412701,5.081931259323897,4.9866395535342845,143397,54783.1
2026-10-02T07:41:00-04:00,4.8,4.805,4.6,4.73,1.644984737675998,5.151677707938097,5.048413996531146,4.935311642827427,267832,66124.75
2026-10-02T07:42:00-04:00,4.73,4.76,4.6805,4.7402,1.644984737675998,5.148060211963499,5.019060282575799,4.896289314261942,126015,71810.15
2026-10-02T07:43:00-04:00,4.74,4.9,4.74,4.89,1.644984737675998,5.145870189233141,5.006768827092389,4.895031451409554,107114,76559.45
2026-10-02T07:44:00-04:00,4.89,4.99,4.86,4.98,1.644984737675998,5.143500991306911,5.004219414988352,4.912025161127643,176407,84838.1
2026-10-02T07:45:00-04:00,4.97,5.01,4.95,4.9703,1.644984737675998,5.142256900781739,5.000988994513271,4.923680128902114,113370,89348.6
2026-10-02T07:46:00-04:00,4.975,4.98,4.9,4.915,1.644984737675998,5.141375717831783,4.992799566464388,4.9219441031216915,63844,91858.3
2026-10-02T07:47:00-04:00,4.9198,4.9696,4.88,4.9695,1.644984737675998,5.140510345868431,4.990580560134446,4.931455282497353,65752,94152.7
2026-10-02T07:48:00-04:00,4.96,4.97,4.9402,4.9402,1.644984737675998,5.139627646195248,4.985782411550213,4.9332042259978826,71380,95955.45
2026-10-02T07:49:00-04:00,4.9495,5.02,4.9401,4.98,1.644984737675998,5.138725893899167,4.985231705688288,4.9425633807983065,87480,99985.95
2026-10-02T07:50:00-04:00,4.9895,5.01,4.96,4.97,1.644984737675998,5.1383259584427625,4.983781067051308,4.9480507046386455,39109,99647.35
2026-10-02T07:51:00-04:00,4.97,4.99,4.94,4.9402,1.644984737675998,5.137870941801739,4.979630489236897,4.946480563710916,38990,100097.9
2026-10-02T07:52:00-04:00,4.9484,4.95,4.88,4.88,1.644984737675998,5.136958004449644,4.970141871214336,4.933184450968733,60806,102485.85
2026-10-02T07:53:00-04:00,4.89,4.9298,4.88,4.89,1.644984737675998,5.13640283277078,4.962509312051066,4.924547560774987,36675,102177.75
2026-10-02T07:54:00-04:00,4.89,4.91,4.87,4.87,1.644984737675998,5.135873173378896,4.953698901379536,4.9136380486199895,32840,97911.25
2026-10-02T07:55:00-04:00,4.87,4.9182,4.87,4.8703,1.644984737675998,5.135603274895143,4.945756148867199,4.904970438895992,16978,91973.8
2026-10-02T07:56:00-04:00,4.87,4.87,4.85,4.85,1.644984737675998,5.134725894920595,4.9366365156417515,4.893976351116794,49564,88025.9
2026-10-02T07:57:00-04:00,4.8503,4.8503,4.8,4.8101,1.644984737675998,5.133516167693291,4.924585418913965,4.877201080893435,60827,86201.75
2026-10-02T07:58:00-04:00,4.81,4.83,4.74,4.8297,1.644984737675998,5.132094228285539,4.915548712350731,4.867700864714748,67709,84012.5
2026-10-02T07:59:00-04:00,4.82,4.865,4.82,4.865,1.644984737675998,5.1313962430970825,4.9107345492697085,4.867160691771798,39404,83274.65
2026-10-02T08:00:00-04:00,4.855,4.88,4.7918,4.7918,1.644984737675998,5.130469056879429,4.89940744933926,4.852088553417438,47744,78492.0
2026-10-02T08:01:00-04:00,4.7996,4.82,4.77,4.78,1.644984737675998,5.129640149676009,4.8880353113069495,4.83767084273395,38983,67049.55
2026-10-02T08:02:00-04:00,4.78,4.84,4.78,4.8016,1.644984737675998,5.129248551815606,4.8798033768967635,4.83045667418716,19470,61722.3
2026-10-02T08:03:00-04:00,4.8097,4.81,4.77,4.7898,1.644984737675998,5.128512154713455,4.871231626716119,4.822325339349728,34868,58110.0
2026-10-02T08:04:00-04:00,4.7803,4.8681,4.78,4.8596,1.644984737675998,5.128028025993804,4.870123852743156,4.829780271479782,26626,50620.95
2026-10-02T08:05:00-04:00,4.8599,5.02,4.8596,5.0,1.644984737675998,5.126691911877271,4.88249300962476,4.863824217183826,128890,51396.95
2026-10-02T08:06:00-04:00,5.008,5.0899,5.0004,5.04,1.644984737675998,5.125854570863906,4.897493675374783,4.89905937374706,164803,56444.9
2026-10-02T08:07:00-04:00,5.0401,5.05,4.9702,5.0002,1.644984737675998,5.125164552570546,4.907275230100994,4.919287498997648,95528,57933.7
2026-10-02T08:08:00-04:00,5.0,5.06,5.0,5.0287,1.644984737675998,5.1248558125459125,4.918839493900899,4.941169999198118,53403,57034.85
2026-10-02T08:09:00-04:00,5.0201,5.045,5.01,5.02,1.644984737675998,5.124451586213613,4.9284738278150995,4.956935999358494,67210,56021.35
2026-10-02T08:10:00-04:00,5.02,5.04,5.0,5.03,1.644984737675998,5.124315861015517,4.938142987070805,4.971548799486795,22315,55181.65
2026-10-02T08:11:00-04:00,5.0303,5.11,5.0303,5.0902,1.644984737675998,5.124009289863196,4.952624607349776,4.995279039589437,108038,58634.05
2026-10-02T08:12:00-04:00,5.09,5.11,5.0629,5.0884,1.644984737675998,5.123807555413231,4.965555597125988,5.0139032316715495,91961,60191.8
2026-10-02T08:13:00-04:00,5.0801,5.0996,5.03,5.06,1.644984737675998,5.1236046981297525,4.974550302161608,5.02312258533724,56504,61183.25
2026-10-02T08:14:00-04:00,5.05,5.06,5.01,5.0303,1.644984737675998,5.123320787266727,4.9798597971938365,5.024558068269792,53321,62207.3
2026-10-02T08:15:00-04:00,5.05,5.13,5.04,5.0597,1.644984737675998,5.123068518333192,4.987463626032519,5.031586454615834,91871,65951.95
2026-10-02T08:16:00-04:00,5.0503,5.13,5.04,5.1218,1.644984737675998,5.122991559071806,5.000257566410374,5.049629163692667,50938,66020.65
2026-10-02T08:17:00-04:00,5.12,5.2,5.1102,5.16,1.644984737675998,5.123273119579647,5.015471131514148,5.071703330954134,143706,70164.6
2026-10-02T08:18:00-04:00,5.1698,5.23,5.16,5.2195,1.644984737675998,5.124009037382998,5.034902452322324,5.101262664763307,160106,74784.45
2026-10-02T08:19:00-04:00,5.2103,5.25,5.18,5.1995,1.644984737675998,5.124632061764381,5.050578409244007,5.120910131810645,127101,79169.3
2026-10-02T08:20:00-04:00,5.19,5.22,5.12,5.22,1.644984737675998,5.124939472425796,5.0667137988398165,5.140728105448516,87196,81141.9
2026-10-02T08:21:00-04:00,5.2176,5.2297,5.17,5.1999,1.644984737675998,5.125126667465233,5.07939819895031,5.152562484358813,44071,81396.3
2026-10-02T08:22:00-04:00,5.19,5.2004,5.13,5.18,1.644984737675998,5.125267486375702,5.088979322859804,5.1580499874870505,55366,83191.1
2026-10-02T08:23:00-04:00,5.18,5.2,5.15,5.19,1.644984737675998,5.1254020640461055,5.098600339730299,5.16443998998964,43617,83628.55
2026-10-02T08:24:00-04:00,5.19,5.1902,5.14,5.16,1.644984737675998,5.125452015418116,5.104447926422652,5.163551991991712,23350,83464.75
2026-10-02T08:25:00-04:00,5.15,5.16,5.1,5.1,1.644984737675998,5.125436858779087,5.104024314382399,5.15084159359337,49517,79496.1
2026-10-02T08:26:00-04:00,5.09,5.1265,5.04,5.0846,1.644984737675998,5.125244277316394,5.1021743796793135,5.137593274874696,82568,75384.35
2026-10-02T08:27:00-04:00,5.09,5.0991,5.06,5.08,1.644984737675998,5.125155529987277,5.100062533995569,5.126074619899757,34937,72354.8
2026-10-02T08:28:00-04:00,5.0896,5.09,5.04,5.06,1.644984737675998,5.125064424177884,5.09624705456742,5.112859695919806,26461,71007.7
2026-10-02T08:29:00-04:00,5.0601,5.1,5.06,5.07,1.644984737675998,5.124944314808297,5.093747335084808,5.104287756735845,44672,69880.8
2026-10-02T08:30:00-04:00,5.0703,5.13,5.0703,5.13,1.644984737675998,5.124914608994178,5.097199969838636,5.1094302053886755,36094,70569.75
2026-10-02T08:31:00-04:00,5.12,5.13,5.01,5.01,1.644984737675998,5.124602117886757,5.088895210806385,5.08954416431094,75551,68945.4
2026-10-02T08:32:00-04:00,5.03,5.05,5.02,5.0384,1.644984737675998,5.124451511739398,5.084086143110539,5.079315331448752,30886,65891.65
2026-10-02T08:33:00-04:00,5.04,5.06,5.04,5.0503,1.644984737675998,5.124380142524902,5.0808684151952495,5.0735122651590014,17432,63938.05
2026-10-02T08:34:00-04:00,5.0503,5.08,5.01,5.03,1.644984737675998,5.1241780781924655,5.076023804224273,5.064809812127201,43593,63451.65
2026-10-02T08:35:00-04:00,5.02,5.0498,4.98,5.0199,1.644984737675998,5.123916762051626,5.0706786800124375,5.055827849701761,44313,61073.75
2026-10-02T08:36:00-04:00,5.02,5.03,5.01,5.02,1.644984737675998,5.123803858655967,5.065852139058872,5.048662279761409,19848,59519.25
2026-10-02T08:37:00-04:00,5.03,5.09,5.03,5.0896,1.644984737675998,5.123652844903372,5.068113840100883,5.056849823809127,51291,54898.5
2026-10-02T08:38:00-04:00,5.09,5.09,5.06,5.0603,1.644984737675998,5.123594049400582,5.06736966485318,5.057539859047302,20135,47899.95
2026-10-02T08:39:00-04:00,5.0601,5.08,5.04,5.0402,1.644984737675998,5.123483823615051,5.064782077724305,5.054071887237842,28844,42987.1
2026-10-02T08:40:00-04:00,5.04,5.05,5.03,5.04,1.644984737675998,5.123400633897644,5.0624218798458,5.051257509790274,18322,39543.4
2026-10-02T08:41:00-04:00,5.03,5.04,5.01,5.02,1.644984737675998,5.123251371791465,5.058381700812867,5.045006007832219,27467,38713.2
2026-10-02T08:42:00-04:00,5.0202,5.1,5.02,5.0981,1.644984737675998,5.123092129937196,5.0621643959735465,5.055624806265775,58190,38854.4
2026-10-02T08:43:00-04:00,5.09,5.14,5.07,5.14,1.644984737675998,5.123072761939798,5.069577310642733,5.0724998450126195,55849,39466.0
2026-10-02T08:44:00-04:00,5.1399,5.14,5.12,5.13,1.644984737675998,5.123097279117541,5.075331852486282,5.083999876010096,65809,41588.95
2026-10-02T08:45:00-04:00,5.1296,5.1498,5.1,5.12,1.644984737675998,5.123097802390835,5.079585961773303,5.091199900808077,57619,41994.05
2026-10-02T08:46:00-04:00,5.12,5.14,5.09,5.09,1.644984737675998,5.123068077667162,5.08057777493775,5.090959920646461,33803,39555.8
2026-10-02T08:47:00-04:00,5.088,5.1,5.08,5.0996,1.644984737675998,5.1230408966051595,5.082389415419869,5.092687936517168,17020,38659.95
2026-10-02T08:48:00-04:00,5.1096,5.12,5.1,5.1,1.644984737675998,5.123029412737365,5.08406661395131,5.094150349213734,13126,37993.2
2026-10-02T08:49:00-04:00,5.1,5.102,5.08,5.08,1.644984737675998,5.122999245943516,5.083679317384519,5.091320279370987,15830,36551.1
2026-10-02T08:50:00-04:00,5.0803,5.1096,5.08,5.1,1.644984737675998,5.122984679794861,5.085233668109803,5.09305622349679,10315,35262.15
2026-10-02T08:51:00-04:00,5.1002,5.1071,5.06,5.06,1.644984737675998,5.122925313660778,5.082830461623155,5.086444978797432,23560,32662.6
2026-10-02T08:52:00-04:00,5.07,5.0999,5.06,5.0894,1.644984737675998,5.122887153504283,5.083456131944759,5.0870359830379455,17998,32018.2
2026-10-02T08:53:00-04:00,5.09,5.09,5.08,5.081,1.644984737675998,5.1228534438850994,5.083222214616687,5.085828786430357,16158,31954.5
2026-10-02T08:54:00-04:00,5.08,5.11,5.08,5.1,1.644984737675998,5.122829874128789,5.084820098938907,5.088663029144286,16936,30621.65
2026-10-02T08:55:00-04:00,5.1001,5.14,5.09,5.1399,1.644984737675998,5.122830865405963,5.090065803801869,5.098910423315428,39759,30393.95
2026-10-02T08:56:00-04:00,5.1303,5.1399,5.1195,5.12,1.644984737675998,5.122832647704751,5.092916679630262,5.1031283386523425,9248,29863.95
2026-10-02T08:57:00-04:00,5.12,5.17,5.12,5.1395,1.644984737675998,5.122882732152064,5.097353186332142,5.110402670921874,46582,29628.5
2026-10-02T08:58:00-04:00,5.1398,5.21,5.1396,5.2,1.644984737675998,5.123075830367113,5.107129073348128,5.128322136737499,60739,31658.7
2026-10-02T08:59:00-04:00,5.21,5.21,5.1595,5.16,1.644984737675998,5.1232289516368015,5.112164399695925,5.13465770939,54535,32943.25
2026-10-02T09:00:00-04:00,5.1601,5.18,5.12,5.15,1.644984737675998,5.123285478434365,5.115767790201075,5.137726167512,40261,34040.2
2026-10-02T09:01:00-04:00,5.1495,5.1502,5.14,5.15,1.644984737675998,5.1233045494530085,5.1190280006581155,5.140180934009599,15521,33442.9
2026-10-02T09:02:00-04:00,5.1498,5.15,5.12,5.14,1.644984737675998,5.123325913561298,5.121025333928771,5.140144747207679,30560,32061.4
2026-10-02T09:03:00-04:00,5.134,5.2074,5.1302,5.198,1.644984737675998,5.123473816987813,5.128356254506984,5.151715797766143,51344,31836.15
2026-10-02T09:04:00-04:00,5.2,5.22,5.18,5.18,1.644984737675998,5.123632149385926,5.1332747064587,5.157372638212914,43535,30722.45
2026-10-02T09:05:00-04:00,5.19,5.1999,5.15,5.15,1.644984737675998,5.1237155226245985,5.134867591557871,5.155898110570331,37315,29707.25
2026-10-02T09:06:00-04:00,5.15,5.19,5.15,5.1804,1.644984737675998,5.123789280396671,5.139204011409502,5.1607984884562645,28575,29445.85
2026-10-02T09:07:00-04:00,5.1804,5.19,5.17,5.1701,1.644984737675998,5.12382267845544,5.142146486513359,5.162658790765011,12174,29203.55
2026-10-02T09:08:00-04:00,5.18,5.18,5.16,5.17,1.644984737675998,5.12385596830213,5.144799202083515,5.164127032612009,13914,29242.95
2026-10-02T09:09:00-04:00,5.17,5.1804,5.16,5.18,1.644984737675998,5.123932290262081,5.148151659027942,5.167301626089607,29738,29938.35
2026-10-02T09:10:00-04:00,5.18,5.19,5.16,5.16,1.644984737675998,5.123972852192738,5.149280072453852,5.165841300871685,17035,30274.35
2026-10-02T09:11:00-04:00,5.1697,5.18,5.16,5.1703,1.644984737675998,5.123990226215192,5.15128197031539,5.166733040697348,7290,29460.85
2026-10-02T09:12:00-04:00,5.1705,5.24,5.17,5.23,1.644984737675998,5.124226471564088,5.158778925523448,5.1793864325578785,51314,31126.65
2026-10-02T09:13:00-04:00,5.23,5.25,5.11,5.15,1.644984737675998,5.12447238910346,5.157942837378358,5.173509146046303,104821,35559.8
2026-10-02T09:14:00-04:00,5.1599,5.2,5.13,5.19,1.644984737675998,5.124635153870457,5.160995900485181,5.176807316837043,65211,37973.55
2026-10-02T09:15:00-04:00,5.2,5.2,5.17,5.1795,1.644984737675998,5.12470419754296,5.1627581956770685,5.177345853469634,23119,37141.55
2026-10-02T09:16:00-04:00,5.1797,5.1895,5.12,5.1301,1.644984737675998,5.124748892279831,5.1596478913268715,5.167896682775708,40211,38689.7
2026-10-02T09:17:00-04:00,5.1398,5.16,5.1301,5.15,1.644984737675998,5.124781004155579,5.158729044533836,5.1643173462205665,28772,37799.2
2026-10-02T09:18:00-04:00,5.15,5.15,5.1204,5.13,1.644984737675998,5.124796369357048,5.1559929450544235,5.1574538769764535,34855,36505.0
2026-10-02T09:19:00-04:00,5.1303,5.1303,5.06,5.09,1.644984737675998,5.124687863795062,5.149707902668288,5.143963101581162,68402,37198.35
2026-10-02T09:20:00-04:00,5.09,5.12,5.05,5.0697,1.644984737675998,5.1245268384164575,5.142088102414165,5.12911048126493,71340,38752.3
2026-10-02T09:21:00-04:00,5.06,5.07,4.98,5.02,1.644984737675998,5.124174464599053,5.130460664089007,5.107288385011944,69337,41443.1
2026-10-02T09:22:00-04:00,5.01,5.05,5.01,5.0404,1.644984737675998,5.124005277295316,5.121883457985292,5.093910708009555,37209,41775.55
2026-10-02T09:23:00-04:00,5.0484,5.0886,5.04,5.0695,1.644984737675998,5.1239370206689445,5.1168945572247875,5.089028566407644,23516,40384.15
2026-10-02T09:24:00-04:00,5.06,5.07,5.02,5.0203,1.644984737675998,5.123799608172696,5.107695075584331,5.075282853126115,31534,39784.1
2026-10-02T09:25:00-04:00,5.03,5.07,5.03,5.06,1.644984737675998,5.123698757104068,5.103152687433442,5.072226282500892,28671,39351.9
2026-10-02T09:26:00-04:00,5.0304,5.05,5.01,5.04,1.644984737675998,5.123580700135837,5.097138145773115,5.065781026000713,26206,39233.45
2026-10-02T09:27:00-04:00,5.05,5.0796,5.03,5.0796,1.644984737675998,5.123521339777679,5.0954678461756755,5.068544820800571,19696,39609.55
2026-10-02T09:28:00-04:00,5.07,5.07,5.05,5.05,1.644984737675998,5.123435047767832,5.0911375751113255,5.064835856640457,25950,40211.35
2026-10-02T09:29:00-04:00,5.05,5.06,4.99,5.005,1.644984737675998,5.123244811431296,5.082933996529294,5.052868685312365,36456,40547.25
2026-10-02T09:30:00-04:00,5.06,5.32,4.98,5.2498,1.644984737675998,5.125479191423914,5.098825996859838,5.092254948249892,778769,78633.95
2026-10-02T09:31:00-04:00,5.2403,5.4,5.24,5.3398,1.644984737675998,5.131555326812223,5.121775901920806,5.141763958599914,651710,110854.95
2026-10-02T09:32:00-04:00,5.33,5.5,5.2,5.465,1.644984737675998,5.13894820530227,5.154463911261682,5.206411166879931,639480,140263.25
2026-10-02T09:33:00-04:00,5.4693,5.72,5.35,5.68,1.644984737675998,5.160108912807493,5.204514967331998,5.301128933503945,1110531,190548.75
2026-10-02T09:34:00-04:00,5.6702,5.7,5.43,5.575,1.644984737675998,5.178253934247453,5.239799256157522,5.355903146803156,1084837,241530.05
2026-10-02T09:35:00-04:00,5.599,5.599,5.21,5.255,1.644984737675998,5.185133133607983,5.241246946047283,5.335722517442525,990349,289891.55
2026-10-02T09:36:00-04:00,5.255,5.31,5.17,5.274857,1.644984737675998,5.186625126104696,5.244447903566589,5.32354941395402,583008,317031.4
2026-10-02T09:37:00-04:00,5.27,5.37,5.23,5.334401,1.644984737675998,5.188742501612823,5.253014865131676,5.3257197311632165,448233,338004.45
2026-10-02T09:38:00-04:00,5.33,5.3999,5.2301,5.26,1.644984737675998,5.189872407192658,5.253680116071516,5.312575784930573,279615,350242.45
2026-10-02T09:39:00-04:00,5.27,5.3094,5.1501,5.245,1.644984737675998,5.190370415844257,5.252853438350419,5.299060627944458,299141,361779.4
2026-10-02T09:40:00-04:00,5.2489,5.2899,5.1701,5.26,1.644984737675998,5.1906650259584515,5.253534063269427,5.291248502355566,161275,366276.15
2026-10-02T09:41:00-04:00,5.26,5.44,5.26,5.4301,1.644984737675998,5.193272973008218,5.270349866767577,5.319018801884453,386274,382123.0
2026-10-02T09:42:00-04:00,5.42087,5.93,5.42,5.865,1.644984737675998,5.225816843858036,5.326983212789712,5.4282150415075625,1749656,467745.35
2026-10-02T09:43:00-04:00,5.8799,6.07,5.82,5.9299,1.644984737675998,5.259472402010262,5.384403859190692,5.52855203320605,1449307,539034.9
2026-10-02T09:44:00-04:00,5.922266,6.1,5.88,5.93,1.644984737675998,5.278020562409818,5.4363653964106256,5.60884162656484,824329,578674.65
2026-10-02T09:45:00-04:00,5.93,5.96,5.83,5.89,1.644984737675998,5.2872072051540915,5.479568691990566,5.665073301251872,478602,601171.2
2026-10-02T09:46:00-04:00,5.8995,5.9099,5.75,5.8102,1.644984737675998,5.2943367927200224,5.511057387991464,5.6940986410014975,432014,621461.6
2026-10-02T09:47:00-04:00,5.8189,5.88,5.75,5.77,1.644984737675998,5.298851097658688,5.535718589135134,5.709278912801198,292652,635109.4
2026-10-02T09:48:00-04:00,5.775,5.85,5.7001,5.795,1.644984737675998,5.304812061954328,5.560412056836549,5.726423130240958,409753,654299.55
2026-10-02T09:49:00-04:00,5.795293,5.8899,5.7902,5.8598,1.644984737675998,5.311303314846743,5.588925194280687,5.753098504192766,402461,672599.8
2026-10-02T09:50:00-04:00,5.8599,5.99,5.8204,5.935,1.644984737675998,5.321255923009108,5.621884699587288,5.789478803354213,562978,661810.25
2026-10-02T09:51:00-04:00,5.93,6.0,5.8301,5.98,1.644984737675998,5.332698419659709,5.655990918674213,5.82758304268337,647071,661578.3
2026-10-02T09:52:00-04:00,5.975,5.98,5.8,5.8299,1.644984737675998,5.339974518153855,5.672553688324288,5.828046434146696,477803,653494.45
2026-10-02T09:53:00-04:00,5.82,5.9,5.7201,5.8643,1.644984737675998,5.344274670567418,5.690815241817213,5.835297147317357,313550,613645.4
2026-10-02T09:54:00-04:00,5.8698,5.98,5.8521,5.865,1.644984737675998,5.350866621056359,5.70740426640605,5.841237717853886,428041,580805.6
2026-10-02T09:55:00-04:00,5.8609,5.9098,5.855,5.8701,1.644984737675998,5.353768616414181,5.722899098176902,5.847010174283109,199297,541253.0
2026-10-02T09:56:00-04:00,5.88,6.08,5.87,6.02,1.644984737675998,5.367935540402215,5.751194422160054,5.881608139426487,824920,553348.6
2026-10-02T09:57:00-04:00,6.015,6.22,6.0,6.1006,1.644984737675998,5.38973691545573,5.784471143859097,5.92540651154119,1126257,587249.8
2026-10-02T09:58:00-04:00,6.13,6.16,5.82,5.92,1.644984737675998,5.403176499225775,5.797378653967755,5.9243252092329515,910452,618791.65
2026-10-02T09:59:00-04:00,5.9192,5.985,5.88,5.9403,1.644984737675998,5.408106553250822,5.81099021073273,5.927520167386361,365629,622116.05
2026-10-02T10:00:00-04:00,5.945,6.17,5.93,6.135,1.644984737675998,5.418423900197288,5.841848285901041,5.969016133909089,616768,644890.7
2026-10-02T10:01:00-04:00,6.1399,6.53,6.1301,6.4501,1.644984737675998,5.457132889587796,5.899777020577132,6.065232907127271,1698823,710518.15
2026-10-02T10:02:00-04:00,6.4598,6.5399,6.39,6.4303,1.644984737675998,5.481281721427407,5.950303018617405,6.138246325701817,1037498,674910.25
2026-10-02T10:03:00-04:00,6.44,6.64,6.4205,6.61,1.644984737675998,5.509239219779451,6.013131302558604,6.232597060561454,1142279,659558.85
2026-10-02T10:04:00-04:00,6.61,6.9,6.55,6.59,1.644984737675998,5.542213378859104,6.068071178505404,6.304077648449163,1273556,682020.2
2026-10-02T10:05:00-04:00,6.59,6.59,6.4,6.48,1.644984737675998,5.557631969244971,6.107302494838223,6.339262118759331,747773,695478.75
2026-10-02T10:06:00-04:00,6.45,6.53,6.4,6.435,1.644984737675998,5.567249043012428,6.138511781044106,6.358409695007465,497952,698775.65
2026-10-02T10:07:00-04:00,6.435,6.5,6.41,6.43,1.644984737675998,5.574691893810738,6.16627256380181,6.372727756005972,396598,703972.95
2026-10-02T10:08:00-04:00,6.43,6.49,6.41,6.4324,1.644984737675998,5.580224600133209,6.1916180339159235,6.384662204804777,300107,698490.65
2026-10-02T10:09:00-04:00,6.43,6.4899,5.95,5.98,1.644984737675998,5.5913807833590266,6.171463935447741,6.303729763843822,959069,726321.05
2026-10-02T10:10:00-04:00,5.9889,6.04,5.8102,5.93,1.644984737675998,5.59684940706197,6.148467370167004,6.228983811075057,797699,738057.1
2026-10-02T10:11:00-04:00,5.935,6.2,5.92,6.19,1.644984737675998,5.602157703490322,6.152422858722527,6.221187048860046,518117,731609.4
2026-10-02T10:12:00-04:00,6.19,6.3199,6.18,6.2778,1.644984737675998,5.610254112751348,6.164363538844191,6.232509639088037,616737,738556.1
2026-10-02T10:13:00-04:00,6.27,6.2793,6.2,6.2,1.644984737675998,5.615102386000676,6.167757487525697,6.226007711270429,396948,742726.0
2026-10-02T10:14:00-04:00,6.2003,6.21,6.0801,6.16,1.644984737675998,5.618127396908097,6.167018679189916,6.212806169016344,286910,735669.45
2026-10-02T10:15:00-04:00,6.17,6.4,6.15,6.3401,1.644984737675998,5.623599269272432,6.183502614505162,6.238264935213075,412451,746327.15
2026-10-02T10:16:00-04:00,6.3498,6.43,6.335,6.43,1.644984737675998,5.631041843021079,6.206978555980861,6.27661194817046,496130,729887.65
2026-10-02T10:17:00-04:00,6.42,6.46,6.36,6.4211,1.644984737675998,5.637408458893835,6.227371074458874,6.305509558536368,423554,694752.5
2026-10-02T10:18:00-04:00,6.4283,6.5,6.36,6.38,1.644984737675998,5.642868431855368,6.241907162605648,6.320407646829095,368986,667679.2
2026-10-02T10:19:00-04:00,6.375,6.44,6.3729,6.403,1.644984737675998,5.6467018177842485,6.257249337595587,6.336926117463276,264978,662646.65
2026-10-02T10:20:00-04:00,6.3903,6.44,6.35,6.38,1.644984737675998,5.6510068888863545,6.268939876872198,6.345540893970621,307021,647159.3
2026-10-02T10:21:00-04:00,6.37,6.43,6.37,6.395,1.644984737675998,5.654313346638996,6.280945602884369,6.355432715176496,235575,573996.9
2026-10-02T10:22:00-04:00,6.4,6.55,6.37,6.4266,1.644984737675998,5.66262282587758,6.294817450228715,6.369666172141197,562721,550258.05
2026-10-02T10:23:00-04:00,6.425,6.67,6.41,6.5297,1.644984737675998,5.675068077153987,6.317187216873599,6.4016729377129575,777305,532009.35
2026-10-02T10:24:00-04:00,6.5298,6.5599,6.29,6.305,1.644984737675998,5.683119637464437,6.316026529552303,6.382338350170366,626194,499641.25
2026-10-02T10:25:00-04:00,6.3101,6.55,6.19,6.505,1.644984737675998,5.689735393200829,6.334024002928274,6.406870680136293,503626,487433.9
2026-10-02T10:26:00-04:00,6.505,6.8899,6.49,6.854424,1.644984737675998,5.715917575752654,6.3835859074112955,6.496381344109034,1417815,533427.05
2026-10-02T10:27:00-04:00,6.8598,7.1,6.8,6.975,1.644984737675998,5.749444115052465,6.43991105908641,6.592105075287227,1584472,592820.75
2026-10-02T10:28:00-04:00,6.971,7.12,6.96,7.0,1.644984737675998,5.772839682400631,6.493252862982942,6.673684060229782,1095617,632596.25
2026-10-02T10:29:00-04:00,7.0,7.1,6.96,7.09,1.644984737675998,5.787253962633096,6.550085923651233,6.756947248183826,682761,618780.85
2026-10-02T10:30:00-04:00,7.0801,7.14,6.98,7.113929,1.644984737675998,5.804855061823078,6.603785264255878,6.82834359854706,836356,620713.7
2026-10-02T10:31:00-04:00,7.1101,7.325,7.1,7.3199,1.644984737675998,5.832908261911913,6.67198666766008,6.926654878837648,1215598,655587.75
2026-10-02T10:32:00-04:00,7.32,7.42,7.15,7.2183,1.644984737675998,5.859324188928592,6.7240165088353105,6.984983903070119,1177278,683614.8
2026-10-02T10:33:00-04:00,7.2141,7.39,7.187858,7.3002,1.644984737675998,5.874227223789756,6.778891127041471,7.048027122456095,669521,697243.45
2026-10-02T10:34:00-04:00,7.3099,7.31,6.81,6.935,1.644984737675998,5.893267062009,6.793758638751807,7.025421697964876,1089759,737385.9
2026-10-02T10:35:00-04:00,6.935,7.12,6.93,7.09,1.644984737675998,5.903513444333282,6.821972101727826,7.0383373583719,586948,746110.75
2026-10-02T10:36:00-04:00,7.0901,7.0999,6.93,7.025,1.644984737675998,5.909246337142452,6.841308092039461,7.03566988669752,341531,738380.8
2026-10-02T10:37:00-04:00,7.0017,7.06,6.95,6.9795,1.644984737675998,5.912994088058127,6.854469226130941,7.024435909358016,229714,728688.8
2026-10-02T10:38:00-04:00,6.9798,6.98,6.8,6.8101,1.644984737675998,5.919331757943728,6.850243585547042,6.981568727486413,447393,732609.15
2026-10-02T10:39:00-04:00,6.812,6.96,6.76,6.93,1.644984737675998,5.9242084753394835,6.857839434542561,6.97125498198913,341119,736416.2
2026-10-02T10:40:00-04:00,6.93,7.07,6.88,7.0698,1.644984737675998,5.930121516296836,6.878026155062317,6.990963985591304,370392,739584.75
2026-10-02T10:41:00-04:00,7.06,7.1,6.98,7.03,1.644984737675998,5.935703072505818,6.892499854580191,6.998771188473044,343730,744992.5
2026-10-02T10:42:00-04:00,7.035,7.1,6.91,7.0691,1.644984737675998,5.940960535919941,6.909318916048744,7.012836950778435,330077,733360.3
2026-10-02T10:43:00-04:00,7.0602,7.1,7.01,7.05,1.644984737675998,5.945008874567953,6.922717114520292,7.020269560622748,250115,707000.8
2026-10-02T10:44:00-04:00,7.047,7.06,6.93,6.9701,1.644984737675998,5.9484871751236446,6.927229770280265,7.010235648498199,230247,687203.45
2026-10-02T10:45:00-04:00,6.98,7.0,6.82,6.8402,1.644984737675998,5.951819754025084,6.918941220729764,6.9762285187985595,245796,674311.95
2026-10-02T10:46:00-04:00,6.855,6.88,6.63,6.65,1.644984737675998,5.958052248696182,6.893327771136453,6.910982815038848,566041,631723.25
2026-10-02T10:47:00-04:00,6.65,6.7487,6.51,6.73,1.644984737675998,5.963194917176443,6.8777727453139335,6.874786252031078,512770,578138.15
2026-10-02T10:48:00-04:00,6.74,6.7487,6.68,6.71,1.644984737675998,5.96501047460055,6.861794388617368,6.841829001624863,170609,531887.75
2026-10-02T10:49:00-04:00,6.7101,6.72,6.4601,6.555,1.644984737675998,5.968597524099687,6.832575875415714,6.78446320129989,414433,518471.35
2026-10-02T10:50:00-04:00,6.56,6.67,6.5001,6.6301,1.644984737675998,5.97085121211857,6.813292458709456,6.753590561039912,253819,489344.5
2026-10-02T10:51:00-04:00,6.6305,6.7,6.63,6.6801,1.644984737675998,5.972768554764623,6.800607462641889,6.73889244883193,195562,438342.7
2026-10-02T10:52:00-04:00,6.69,6.75,6.63,6.6901,1.644984737675998,5.975235225219459,6.79008294239028,6.7291339590655435,246095,391783.55
2026-10-02T10:53:00-04:00,6.69,6.78,6.69,6.74,1.644984737675998,5.977771622372302,6.785313138353111,6.731307167252435,239170,370266.0
2026-10-02T10:54:00-04:00,6.735,6.7498,6.67,6.72,1.644984737675998,5.979219457566743,6.779092839462338,6.729045733801948,141617,322858.9
2026-10-02T10:55:00-04:00,6.72,6.85,6.69,6.8498,1.644984737675998,5.981632236405457,6.785826854751639,6.7531965870415585,212987,304160.85
2026-10-02T10:56:00-04:00,6.845,6.88,6.7601,6.7601,1.644984737675998,5.985253020031733,6.783376678108626,6.754577269633247,320630,303115.8
2026-10-02T10:57:00-04:00,6.77,6.94,6.76,6.94,1.644984737675998,5.989020066479248,6.798293184955424,6.791661815706598,306421,306951.15
2026-10-02T10:58:00-04:00,6.948,7.1,6.91,7.05,1.644984737675998,5.996678733324033,6.822265262578717,6.843329452565278,544702,311816.6
2026-10-02T10:59:00-04:00,7.0362,7.0599,6.92,6.984248,1.644984737675998,6.002477272027749,6.837692189952173,6.8715131620522225,431406,316330.95
2026-10-02T11:00:00-04:00,6.98,7.0,6.75,6.7845,1.644984737675998,6.007731655656383,6.8326262670995845,6.854110529641778,462964,320959.55
2026-10-02T11:01:00-04:00,6.79,6.9,6.7503,6.855,1.644984737675998,6.009945319406017,6.834757098804386,6.854288423713422,199112,313728.65
2026-10-02T11:02:00-04:00,6.86,6.94,6.85,6.9,1.644984737675998,6.012182002603306,6.840970708442064,6.863430738970738,188191,306634.35
2026-10-02T11:03:00-04:00,6.91,6.9399,6.89,6.925,1.644984737675998,6.01374675008162,6.8489734981142485,6.87574459117659,129060,300581.6
2026-10-02T11:04:00-04:00,6.9201,6.96,6.84,6.95,1.644984737675998,6.016094784544754,6.858595069722416,6.890595672941273,194858,298812.15
2026-10-02T11:05:00-04:00,6.95,6.9799,6.88,6.88,1.644984737675998,6.017939044273085,6.860633634510757,6.888476538353018,154343,294239.5
2026-10-02T11:06:00-04:00,6.88,6.9099,6.8,6.82,1.644984737675998,6.019830590590502,6.856763764557352,6.874781230682414,172475,274561.2
2026-10-02T11:07:00-04:00,6.82,6.85,6.7,6.73,1.644984737675998,6.0221662090432835,6.844691025075699,6.845824984545931,238230,260834.2
2026-10-02T11:08:00-04:00,6.7303,6.75,6.65,6.6998,1.644984737675998,6.024212062083511,6.830891879830395,6.816619987636745,228577,263732.6
2026-10-02T11:09:00-04:00,6.6907,6.7096,6.64,6.68,1.644984737675998,6.025280127633642,6.816521224608453,6.789295990109396,124190,249220.45
2026-10-02T11:10:00-04:00,6.68,6.85,6.68,6.81,1.644984737675998,6.027545287139902,6.815900155598124,6.793436792087517,228333,247946.15
2026-10-02T11:11:00-04:00,6.82,6.83,6.7707,6.83,1.644984737675998,6.028229019482138,6.817242997922112,6.800749433670013,66517,241493.9
2026-10-02T11:12:00-04:00,6.825,6.8386,6.7624,6.765,1.644984737675998,6.0294022887923315,6.812267474310483,6.793599546936011,117663,235072.3
2026-10-02T11:13:00-04:00,6.76,6.7992,6.71,6.7805,1.644984737675998,6.03035702632183,6.809242000566627,6.7909796375488085,99348,228081.2
2026-10-02T11:14:00-04:00,6.78,6.817,6.74,6.76,1.644984737675998,6.030948039898749,6.804552286226948,6.784783710039047,60873,224044.0
2026-10-02T11:15:00-04:00,6.75,6.76,6.61,6.685,1.644984737675998,6.032502376862572,6.793166354205334,6.764826968031238,182047,222497.0
2026-10-02T11:16:00-04:00,6.69,6.77,6.688,6.7432,1.644984737675998,6.033060243756319,6.788407653804826,6.76050157442499,60991,209515.05
2026-10-02T11:17:00-04:00,6.7505,6.9,6.7505,6.8002,1.644984737675998,6.035292913359053,6.789530734394842,6.768441259539992,218994,205143.7
2026-10-02T11:18:00-04:00,6.8,6.85,6.79,6.84,1.644984737675998,6.036259674340443,6.794337331119142,6.782753007631994,94038,182610.5
2026-10-02T11:19:00-04:00,6.835,6.84,6.8,6.82,1.644984737675998,6.037118721616044,6.796781394822081,6.790202406105595,84467,165263.55
2026-10-02T11:20:00-04:00,6.8101,6.83,6.74,6.75,1.644984737675998,6.038017714502126,6.792326023886645,6.782161924884476,94216,146826.15
2026-10-02T11:21:00-04:00,6.755,6.7699,6.7001,6.7299,1.644984737675998,6.038736875071815,6.786380688278393,6.77170953990758,79889,140865.0
2026-10-02T11:22:00-04:00,6.7297,6.7395,6.57,6.58,1.644984737675998,6.040274538669013,6.7667253846328315,6.733367631926065,201445,141527.7
2026-10-02T11:23:00-04:00,6.5802,6.6699,6.55,6.635,1.644984737675998,6.041659964509742,6.754180109905895,6.713694105540852,186051,144377.25
2026-10-02T11:24:00-04:00,6.638272,6.65,6.56,6.59,1.644984737675998,6.042489250160031,6.738543908962476,6.688955284432682,115464,140407.55
2026-10-02T11:25:00-04:00,6.585,6.63,6.4902,6.501,1.644984737675998,6.043553337161622,6.715920679537478,6.6513642275461455,166493,141015.05
2026-10-02T11:26:00-04:00,6.502,6.5352,6.35,6.41,1.644984737675998,6.045459096707334,6.686785376724385,6.603091382036917,384364,151609.5
2026-10-02T11:27:00-04:00,6.4295,6.4494,6.35,6.41,1.644984737675998,6.046287119351947,6.660424864655396,6.564473105629533,181664,148781.2
2026-10-02T11:28:00-04:00,6.4004,6.43,6.27,6.29,1.644984737675998,6.047060609847892,6.625146306116787,6.509578484503627,214524,148078.55
2026-10-02T11:29:00-04:00,6.31,6.43,6.292849,6.409,1.644984737675998,6.047655942577267,6.604560943629474,6.489462787602902,142114,148974.75
2026-10-02T11:30:00-04:00,6.4099,6.49,6.394,6.4703,1.644984737675998,6.0483510484648395,6.591774187093334,6.485630230082322,135938,144355.0
2026-10-02T11:31:00-04:00,6.47,6.5196,6.41,6.5056,1.644984737675998,6.049489952624265,6.583567121655873,6.489624184065858,209678,151513.05
2026-10-02T11:32:00-04:00,6.51,6.51,6.42,6.45,1.644984737675998,6.0500729585242725,6.5708464434029334,6.481699347252686,112603,151260.05
2026-10-02T11:33:00-04:00,6.4413,6.47,6.4,6.46,1.644984737675998,6.05048481464671,6.560289639269321,6.477359477802149,83123,150448.8
2026-10-02T11:34:00-04:00,6.465,6.47,6.31,6.355,1.644984737675998,6.050961202081753,6.540738245053196,6.452887582241719,115498,153180.05
2026-10-02T11:35:00-04:00,6.355,6.4,6.34,6.37,1.644984737675998,6.0512562405653165,6.524477459810035,6.436310065793376,73574,147756.4
2026-10-02T11:36:00-04:00,6.353,6.38,6.31,6.3311,1.644984737675998,6.051571606930122,6.506060558875745,6.4152680526347,86879,149050.8
2026-10-02T11:37:00-04:00,6.3308,6.4,6.32,6.38,1.644984737675998,6.0518266662873135,6.494054791363769,6.40821444210776,64523,141327.25
2026-10-02T11:38:00-04:00,6.3822,6.44,6.37,6.39,1.644984737675998,6.052315228447017,6.484144811233887,6.404571553686208,112008,142225.75
2026-10-02T11:39:00-04:00,6.38,6.38,6.305,6.3202,1.644984737675998,6.052633637212264,6.468531019687802,6.387697242948966,89990,142501.9
2026-10-02T11:40:00-04:00,6.3209,6.35,6.04,6.17,1.644984737675998,6.0532249196782315,6.44009949400325,6.344157794359173,354093,155495.75
2026-10-02T11:41:00-04:00,6.17,6.19,6.075,6.1399,1.644984737675998,6.053607339513828,6.411509066002941,6.303306235487338,377283,170365.45
2026-10-02T11:42:00-04:00,6.1206,6.16,6.01,6.1495,1.644984737675998,6.05376265370703,6.386555821621708,6.27254498838987,237500,172168.2
2026-10-02T11:43:00-04:00,6.145,6.1898,6.13,6.155,1.644984737675998,6.053962508875618,6.364502886229165,6.249035990711897,154975,170614.4
2026-10-02T11:44:00-04:00,6.1502,6.16,6.09,6.13,1.644984737675998,6.054039263229292,6.342169278016863,6.225228792569517,85641,169123.25
2026-10-02T11:45:00-04:00,6.12,6.15,6.07,6.0905,1.644984737675998,6.054088440971419,6.318200775348591,6.198283034055613,80738,164835.5
2026-10-02T11:46:00-04:00,6.0902,6.23,6.0808,6.2202,1.644984737675998,6.054372269741583,6.3088673681725345,6.202666427244491,187948,155014.7
2026-10-02T11:47:00-04:00,6.22,6.2649,6.21,6.26,1.644984737675998,6.054696619625032,6.304213333108484,6.2141331417955925,138745,152868.75
2026-10-02T11:48:00-04:00,6.2609,6.3,6.25,6.2901,1.644984737675998,6.05533740674243,6.302869206145771,6.229326513436474,232505,153767.8
2026-10-02T11:49:00-04:00,6.295,6.37,6.29,6.36,1.644984737675998,6.056080612514614,6.308310234131888,6.255461210749179,214025,157363.35
2026-10-02T11:50:00-04:00,6.3528,6.45,6.26,6.3199,1.644984737675998,6.05708205267451,6.309414021357422,6.268348968599343,286823,164907.6
2026-10-02T11:51:00-04:00,6.3198,6.32,6.29,6.3001,1.644984737675998,6.057252289754272,6.308526971704334,6.2746991748794745,56901,157268.75
2026-10-02T11:52:00-04:00,6.3001,6.3001,6.205,6.268,1.644984737675998,6.0576054347458825,6.304667260113446,6.273359339903579,145285,158902.85
2026-10-02T11:53:00-04:00,6.26,6.3,6.2504,6.27,1.644984737675998,6.057700234532971,6.3013656162931175,6.272687471922863,36232,156558.3
2026-10-02T11:54:00-04:00,6.275,6.37,6.27,6.35,1.644984737675998,6.058066111053642,6.305997462360439,6.28814997753829,111002,156333.5
2026-10-02T11:55:00-04:00,6.35,6.41,6.32,6.375,1.644984737675998,6.058499769635674,6.312569132611826,6.305519982030632,115628,158436.2
2026-10-02T11:56:00-04:00,6.3798,6.43,6.37,6.426087,1.644984737675998,6.058806498955958,6.323380358077366,6.329633385624506,72523,157718.4
2026-10-02T11:57:00-04:00,6.425,6.44,6.3201,6.36,1.644984737675998,6.059394126538021,6.326867943022379,6.335706708499605,154968,162240.65
2026-10-02T11:58:00-04:00,6.3506,6.37,6.32,6.32,1.644984737675998,6.059737520546787,6.326213853210724,6.332565366799684,102865,161783.5
2026-10-02T11:59:00-04:00,6.3201,6.41,6.32,6.3585,1.644984737675998,6.059970791413305,6.329288724333512,6.337752293439747,63973,160482.65
2026-10-02T12:00:00-04:00,6.37,6.39,6.3,6.3202,1.644984737675998,6.060117628431956,6.328423131539845,6.334241834751798,44124,144984.2
2026-10-02T12:01:00-04:00,6.33,6.34,6.26,6.3091,1.644984737675998,6.06028516364236,6.326582833297954,6.329213467801439,57398,128989.95
2026-10-02T12:02:00-04:00,6.305,6.3299,6.27,6.28,1.644984737675998,6.060444115551522,6.322146372983863,6.319370774241151,56810,119955.45
2026-10-02T12:03:00-04:00,6.285,6.33,6.2705,6.32,1.644984737675998,6.060533026379624,6.321941956509209,6.319496619392921,30063,113709.85
2026-10-02T12:04:00-04:00,6.3,6.32,6.2903,6.315,1.644984737675998,6.060576932825557,6.3212808177940465,6.318597295514337,14758,110165.7
2026-10-02T12:05:00-04:00,6.31,6.34,6.24,6.2506,1.644984737675998,6.060693130545482,6.314549311337471,6.30499783641147,44789,108368.25
2026-10-02T12:06:00-04:00,6.2503,6.265,6.06,6.0999,1.644984737675998,6.060901318885784,6.294106519781521,6.263978269129176,214991,109720.4
2026-10-02T12:07:00-04:00,6.1,6.125,6.04,6.0999,1.644984737675998,6.060937288990698,6.27561066075471,6.23116261530334,109878,108277.05
2026-10-02T12:08:00-04:00,6.08,6.13,6.07,6.095,1.644984737675998,6.060967558918692,6.258409645444738,6.203930092242672,67801,100041.85
2026-10-02T12:09:00-04:00,6.09,6.12,6.02,6.07,1.644984737675998,6.060977252357185,6.240465869688096,6.177144073794137,89989,93840.05
2026-10-02T12:10:00-04:00,6.07,6.11,6.0601,6.11,1.644984737675998,6.061003383777904,6.228040548765421,6.1637152590353095,67706,82884.2
2026-10-02T12:11:00-04:00,6.12,6.15,6.06,6.1289,1.644984737675998,6.0610607318109455,6.218598591740142,6.156752207228248,92719,84675.1
2026-10-02T12:12:00-04:00,6.125,6.15,6.0902,6.14,1.644984737675998,6.061104155949993,6.211113011574414,6.153401765782598,55588,80190.25
2026-10-02T12:13:00-04:00,6.15,6.16,6.1,6.11,1.644984737675998,6.061142269396059,6.20148320094828,6.144721412626079,51521,80954.7
2026-10-02T12:14:00-04:00,6.1198,6.15,6.1,6.14,1.644984737675998,6.061165854781565,6.1956276580008245,6.143777130100863,28823,76845.75
2026-10-02T12:15:00-04:00,6.15,6.16,6.02,6.04,1.644984737675998,6.061179213352462,6.18080597628646,6.12302170408069,92488,75688.75
2026-10-02T12:16:00-04:00,6.045,6.13,6.022,6.115,1.644984737675998,6.061201036673768,6.174538740449655,6.121417363264552,66133,75369.25
2026-10-02T12:17:00-04:00,6.11,6.11,6.0408,6.1,1.644984737675998,6.0612140896941495,6.167439812787783,6.117133890611641,49159,70078.8
2026-10-02T12:18:00-04:00,6.095,6.1,6.0,6.05,1.644984737675998,6.061203475468884,6.156255068712756,6.103707112489313,79920,68931.55
2026-10-02T12:19:00-04:00,6.0595,6.13,6.0401,6.115,1.644984737675998,6.061225254987025,6.152326014549637,6.10596568999145,54395,68452.65
2026-10-02T12:20:00-04:00,6.105,6.13,6.0301,6.0301,1.644984737675998,6.061226536642537,6.1406854417353856,6.09079255199316,49823,68737.6
2026-10-02T12:21:00-04:00,6.0495,6.17,6.04,6.16,1.644984737675998,6.061272505501055,6.142524923474872,6.104634041594528,62620,68998.7
2026-10-02T12:22:00-04:00,6.16,6.21,6.13,6.1495,1.644984737675998,6.061408994615603,6.143189216477266,6.113607233275622,113480,71832.2
2026-10-02T12:23:00-04:00,6.14,6.24,6.1309,6.225,1.644984737675998,6.061581045638093,6.150980719669907,6.135885786620498,106351,75646.6
2026-10-02T12:24:00-04:00,6.2101,6.28,6.19,6.265,1.644984737675998,6.0618832647971805,6.161839698748964,6.161708629296398,139994,81908.4
2026-10-02T12:25:00-04:00,6.2602,6.32,6.2011,6.21,1.644984737675998,6.062105745314786,6.166426394106206,6.171366903437119,104093,84873.6
2026-10-02T12:26:00-04:00,6.2103,6.29,6.21,6.2251,1.644984737675998,6.062296249684339,6.172014356572282,6.182113522749695,90331,78640.6
2026-10-02T12:27:00-04:00,6.2106,6.27,6.21,6.2601,1.644984737675998,6.062421897911626,6.180403465470159,6.197710818199757,58064,76049.9
2026-10-02T12:28:00-04:00,6.2602,6.2684,6.2,6.22,1.644984737675998,6.062490942862783,6.184174563996811,6.202168654559805,35237,74421.7
2026-10-02T12:29:00-04:00,6.21,6.2498,6.2,6.245,1.644984737675998,6.062548881550419,6.189967462663781,6.210734923647844,29218,71383.15
2026-10-02T12:30:00-04:00,6.245,6.25,6.2,6.24,1.644984737675998,6.062622393587105,6.1947324662196115,6.216587938918275,37455,69870.6
2026-10-02T12:31:00-04:00,6.2301,6.46,6.23,6.4409,1.644984737675998,6.0633644286812505,6.218176993246315,6.26145035113462,201876,75328.45
2026-10-02T12:32:00-04:00,6.4597,6.46,6.3601,6.38,1.644984737675998,6.063977360197355,6.233588708175238,6.285160280907696,155979,80348.0
2026-10-02T12:33:00-04:00,6.3761,6.3797,6.24,6.27,1.644984737675998,6.064318791300229,6.237056450253786,6.282128224726156,125953,84069.6
2026-10-02T12:34:00-04:00,6.26,6.28,6.23,6.2692,1.644984737675998,6.064491713524337,6.240117740705807,6.279542579780925,75993,86428.1
2026-10-02T12:35:00-04:00,6.265,6.35,6.24,6.2601,1.644984737675998,6.064677161806583,6.242020813019539,6.27565406382474,72824,85444.9
2026-10-02T12:36:00-04:00,6.265,6.2899,6.225,6.24,1.644984737675998,6.064841935222041,6.241828354636726,6.268523251059792,75819,85929.2
2026-10-02T12:37:00-04:00,6.235,6.28,6.2,6.21,1.644984737675998,6.064994940403823,6.2387970827665615,6.256818600847834,79770,87459.75
2026-10-02T12:38:00-04:00,6.2197,6.29,6.15,6.21,1.644984737675998,6.065127462025403,6.236054503455461,6.247454880678267,75300,87228.75
2026-10-02T12:39:00-04:00,6.21,6.22,6.08,6.0909,1.644984737675998,6.065196575797176,6.222230265031131,6.216143904542613,91490,89083.5
2026-10-02T12:40:00-04:00,6.1024,6.1899,6.08,6.175,1.644984737675998,6.065280152087409,6.2177321445519755,6.20791512363409,86851,90934.9
2026-10-02T12:41:00-04:00,6.17,6.2,6.08,6.11,1.644984737675998,6.065347537389741,6.20747194030893,6.1883320989072725,90010,92304.4
2026-10-02T12:42:00-04:00,6.105,6.12,6.03,6.11,1.644984737675998,6.065369865503612,6.198188898374746,6.172665679125818,90636,91162.2
2026-10-02T12:43:00-04:00,6.1103,6.12,6.05,6.0508,1.644984737675998,6.065374914687629,6.184151860434294,6.148292543300655,53125,88500.9
2026-10-02T12:44:00-04:00,6.06,6.1,6.04,6.1,1.644984737675998,6.065384800280413,6.17613739753579,6.138634034640524,58571,84429.75
2026-10-02T12:45:00-04:00,6.095,6.115,6.08,6.11,1.644984737675998,6.0653986835113045,6.169838597770476,6.132907227712419,33170,80883.6
2026-10-02T12:46:00-04:00,6.1,6.1097,5.9,5.9202,1.644984737675998,6.065105725319844,6.146063493220907,6.090365782169935,287040,90719.05
2026-10-02T12:47:00-04:00,5.9301,5.97,5.8,5.815,1.644984737675998,6.064379598902665,6.114533636723677,6.0352926257359485,311538,103392.75
2026-10-02T12:48:00-04:00,5.812,5.94,5.8,5.905,1.644984737675998,6.064020249279453,6.094578052273803,6.009234100588759,172003,110231.05
2026-10-02T12:49:00-04:00,5.9098,5.94,5.89,5.9101,1.644984737675998,6.063917884565392,6.077008713962012,5.989407280471007,59464,111743.35
2026-10-02T12:50:00-04:00,5.935,5.95,5.925,5.9445,1.644984737675998,6.063823336962228,6.064388836441821,5.980425824376805,66734,113207.3
2026-10-02T12:51:00-04:00,5.9498,5.97,5.94,5.943956,1.644984737675998,6.0637769999449675,6.052919042494981,5.973131859501445,36087,104917.85
2026-10-02T12:52:00-04:00,5.94,6.03,5.94,6.02,1.644984737675998,6.063695312163083,6.049783895590697,5.982505487601156,106780,102457.9
2026-10-02T12:53:00-04:00,6.015,6.06,6.0,6.0497,1.644984737675998,6.063674845857628,6.049775905534441,5.995944390080925,66231,99471.8
2026-10-02T12:54:00-04:00,6.04,6.05,6.0,6.0303,1.644984737675998,6.063659429572539,6.0479210573883035,6.00281551206474,36685,97506.4
2026-10-02T12:55:00-04:00,6.03,6.09,6.03,6.0803,1.644984737675998,6.063661586816841,6.051004766208465,6.018312409651792,61018,96916.1
2026-10-02T12:56:00-04:00,6.0802,6.115,6.06,6.1,1.644984737675998,6.063686452932779,6.055670978950516,6.034649927721434,78107,97030.5
2026-10-02T12:57:00-04:00,6.0999,6.1399,6.098,6.12,1.644984737675998,6.063746918756412,6.0617975523838,6.051719942177147,95746,97829.3
2026-10-02T12:58:00-04:00,6.12,6.1293,6.0601,6.0735,1.644984737675998,6.063774509768105,6.062912071204391,6.0560759537417175,101838,99156.2
2026-10-02T12:59:00-04:00,6.07,6.08,6.02,6.025,1.644984737675998,6.063762238013501,6.059301397756354,6.049860762993374,48966,97030.0
2026-10-02T13:00:00-04:00,6.0203,6.0886,6.0,6.075,1.644984737675998,6.063756186040656,6.0607965027319395,6.054888610394699,57885,95581.7
2026-10-02T13:01:00-04:00,6.075,6.0999,6.07,6.0802,1.644984737675998,6.06376232710759,6.062644454852707,6.059950888315759,27651,92463.75
2026-10-02T13:02:00-04:00,6.0802,6.0899,6.02,6.055,1.644984737675998,6.063757281748847,6.061916411533402,6.058960710652608,50679,90465.9
2026-10-02T13:03:00-04:00,6.06,6.12,6.0406,6.0901,1.644984737675998,6.063772188060791,6.064600562815936,6.065188568522086,66532,91136.25
2026-10-02T13:04:00-04:00,6.102,6.12,6.0701,6.079,1.644984737675998,6.0637834101868355,6.0659719377858465,6.067950854817669,38285,90121.95
2026-10-02T13:05:00-04:00,6.07,6.1,6.0601,6.08,1.644984737675998,6.06378939067299,6.067307943711004,6.070360683854135,32566,90091.75
2026-10-02T13:06:00-04:00,6.08,6.09,6.01,6.025,1.644984737675998,6.063780115399947,6.063278615738527,6.061288547083308,37115,77595.5
2026-10-02T13:07:00-04:00,6.028165,6.0699,6.0105,6.065,1.644984737675998,6.063772547705394,6.063442557096763,6.062030837666646,43769,64207.05
2026-10-02T13:08:00-04:00,6.06,6.07,6.06,6.065,1.644984737675998,6.063772740812561,6.063590884992309,6.062624670133317,13936,56303.7
2026-10-02T13:09:00-04:00,6.06,6.0899,6.05,6.07,1.644984737675998,6.063774392798191,6.064201276897804,6.0640997361066535,23632,54512.1
2026-10-02T13:10:00-04:00,6.07,6.0799,6.0301,6.035,1.644984737675998,6.06377148882481,6.061420202907537,6.058279788885323,16667,52008.75
2026-10-02T13:11:00-04:00,6.0311,6.0398,6.015,6.0223,1.644984737675998,6.063759628000724,6.057694469297296,6.051083831108259,27618,51585.3
2026-10-02T13:12:00-04:00,6.0201,6.09,6.02,6.06,1.644984737675998,6.063757102149223,6.057914043649935,6.052867064886607,31580,47825.3
2026-10-02T13:13:00-04:00,6.05,6.05,5.911,5.94,1.644984737675998,6.06366093853652,6.046684134730893,6.030293651909286,88225,48925.0
2026-10-02T13:14:00-04:00,5.9301,5.952116,5.925,5.94,1.644984737675998,6.063615877452629,6.036523740946999,6.012234921527429,32109,48696.2
2026-10-02T13:15:00-04:00,5.95,5.975,5.9,5.975,1.644984737675998,6.063509571523456,6.030664337047284,6.004787937221943,83166,49803.6
2026-10-02T13:16:00-04:00,5.978175,5.99,5.94,5.96,1.644984737675998,6.063460014404948,6.023934400185638,5.995830349777554,43993,48097.9
2026-10-02T13:17:00-04:00,5.965,5.9692,5.93,5.935,1.644984737675998,6.063431712196073,6.015464457310816,5.983664279822043,21204,44370.8
2026-10-02T13:18:00-04:00,5.94,6.0492,5.94,6.0301,1.644984737675998,6.063397808234471,6.01685831851931,5.992951423857634,52941,41925.95
2026-10-02T13:19:00-04:00,6.035,6.0501,6.01,6.0403,1.644984737675998,6.063382529794821,6.019090859612708,6.002421139086107,45455,41750.4
2026-10-02T13:20:00-04:00,6.0401,6.1692,6.0401,6.1692,1.644984737675998,6.063444734472517,6.033386968221022,6.0357769112688855,88314,43271.85
2026-10-02T13:21:00-04:00,6.15,6.298,6.14,6.225744,1.644984737675998,6.063905487733259,6.051706685533305,6.073770329015108,261023,54940.45
2026-10-02T13:22:00-04:00,6.2397,6.24,6.13,6.16,1.644984737675998,6.064092815943954,6.062020334530133,6.091016263212087,148762,59844.6
2026-10-02T13:23:00-04:00,6.15,6.16,6.1,6.14,1.644984737675998,6.064131309400145,6.069446969336787,6.100813010569669,49810,59008.5
2026-10-02T13:24:00-04:00,6.1351,6.17,6.127865,6.17,1.644984737675998,6.06415862917778,6.079023448447569,6.114650408455735,26665,58427.5
2026-10-02T13:25:00-04:00,6.165,6.1999,6.14,6.165,1.644984737675998,6.064301158157243,6.087211691452563,6.124720326764588,122827,62940.55
2026-10-02T13:26:00-04:00,6.1764,6.2,6.155,6.19,1.644984737675998,6.064390379895127,6.097001054171367,6.137776261411671,68277,64498.65
2026-10-02T13:27:00-04:00,6.21,6.31,6.2,6.215,1.644984737675998,6.064753469965433,6.108239049012189,6.153221009129337,184331,71526.75
2026-10-02T13:28:00-04:00,6.21,6.26,6.19,6.225,1.644984737675998,6.06489084432696,6.119359139582457,6.167576807303469,77219,74690.9
2026-10-02T13:29:00-04:00,6.22,6.27,6.22,6.2602,1.644984737675998,6.0649659609165125,6.132772554860318,6.186101445842775,36554,75337.0
2026-10-02T13:30:00-04:00,6.27,6.3,6.23,6.29,1.644984737675998,6.065179385819744,6.1477465972545735,6.20688115667422,92394,79123.35
2026-10-02T13:31:00-04:00,6.28,6.3,6.25,6.26,1.644984737675998,6.065356989772675,6.1584373975160425,6.217504925339377,78286,81656.75
2026-10-02T13:32:00-04:00,6.2548,6.26,6.2,6.2201,1.644984737675998,6.065528613719247,6.1643100263240385,6.218023940271501,96138,84884.65
2026-10-02T13:33:00-04:00,6.2201,6.26,6.22,6.235,1.644984737675998,6.065632124803636,6.171042404769368,6.221419152217201,54170,83181.9
2026-10-02T13:34:00-04:00,6.2345,6.2799,6.22,6.26,1.644984737675998,6.0657229750641495,6.179514556696095,6.229135321773761,43800,83766.45
2026-10-02T13:35:00-04:00,6.26,6.39,6.25,6.35,1.644984737675998,6.066215494456804,6.195751265582181,6.253308257419008,168932,88054.75
2026-10-02T13:36:00-04:00,6.3485,6.3599,6.26,6.2751,1.644984737675998,6.066491428322316,6.203308287907688,6.257666605935206,107885,91249.35
2026-10-02T13:37:00-04:00,6.2896,6.35,6.27,6.33,1.644984737675998,6.066695195543639,6.215374165249813,6.272133284748165,73979,93888.1
2026-10-02T13:38:00-04:00,6.325,6.35,6.3,6.325,1.644984737675998,6.066905620324861,6.225814720940306,6.2827066277985315,74052,94943.65
2026-10-02T13:39:00-04:00,6.34,6.34,6.2701,6.29,1.644984737675998,6.067058888364329,6.231927604660277,6.284165302238825,59802,95661.0
2026-10-02T13:40:00-04:00,6.281,6.29,6.2121,6.26,1.644984737675998,6.067267675841273,6.2346011661212035,6.27933224179106,101687,96329.65
2026-10-02T13:41:00-04:00,6.26,6.3198,6.26,6.29,1.644984737675998,6.067362430057526,6.239877245538231,6.281465793432848,38768,85216.9
2026-10-02T13:42:00-04:00,6.29,6.3,6.2007,6.24,1.644984737675998,6.067475150065351,6.239888936439352,6.273172634746278,57233,80640.45
2026-10-02T13:43:00-04:00,6.24,6.25,6.17,6.185,1.644984737675998,6.067596655293926,6.234661418683223,6.2555381077970225,82616,82280.75
2026-10-02T13:44:00-04:00,6.1706,6.25,6.1,6.19,1.644984737675998,6.067699909177959,6.230407950237202,6.242430486237618,83892,85142.1
2026-10-02T13:45:00-04:00,6.19215,6.2796,6.185,6.2796,1.644984737675998,6.0677691669128295,6.235092907357469,6.249864388990094,35081,80754.8
2026-10-02T13:46:00-04:00,6.2507,6.265,6.2002,6.2199,1.644984737675998,6.067810017440192,6.233645963799614,6.243871511192075,23245,78503.2
2026-10-02T13:47:00-04:00,6.2102,6.25,6.2102,6.2399,1.644984737675998,6.067844846463037,6.234241586294889,6.24307720895366,19229,70248.1
2026-10-02T13:48:00-04:00,6.23,6.2799,6.22,6.275,1.644984737675998,6.067948567549329,6.23812333998109,6.249461767162928,49805,68877.4
2026-10-02T13:49:00-04:00,6.2701,6.3,6.22,6.24,1.644984737675998,6.068052201889499,6.238302069506701,6.247569413730343,51153,69607.35
2026-10-02T13:50:00-04:00,6.24,6.26,6.22,6.23,1.644984737675998,6.068089438207786,6.237511396220349,6.244055530984275,20212,65998.25
2026-10-02T13:51:00-04:00,6.22,6.255,6.21,6.255,1.644984737675998,6.068133191481101,6.239176977532696,6.246244424787419,23300,63248.95
2026-10-02T13:52:00-04:00,6.255,6.27,6.25,6.25,1.644984737675998,6.068178711744977,6.240207741577201,6.2469955398299355,22109,59547.5
2026-10-02T13:53:00-04:00,6.25,6.2897,6.2301,6.28,1.644984737675998,6.0682668582071395,6.243997480474611,6.253596431863948,40697,58873.85
2026-10-02T13:54:00-04:00,6.2601,6.27,6.24,6.269,1.644984737675998,6.068294367922469,6.246378672810362,6.2566771454911585,13169,57342.3
2026-10-02T13:55:00-04:00,6.2631,6.265,6.22,6.235,1.644984737675998,6.068333943916192,6.245294989685566,6.252341716392927,21123,49951.85
2026-10-02T13:56:00-04:00,6.23,6.2499,6.22,6.2301,1.644984737675998,6.068354376161992,6.24384784781075,6.247893373114342,11350,45125.1
2026-10-02T13:57:00-04:00,6.2304,6.235,6.2039,6.21,1.644984737675998,6.068413275112009,6.240624243257345,6.240314698491473,36504,43251.35
2026-10-02T13:58:00-04:00,6.21,6.22,6.202,6.215,1.644984737675998,6.068441497088268,6.238183839137598,6.235251758793178,17984,40447.95
2026-10-02T13:59:00-04:00,6.215,6.265,6.21,6.24,1.644984737675998,6.068508122993457,6.238356806838779,6.236201407034542,35980,39256.85
2026-10-02T14:00:00-04:00,6.24,6.24,6.21,6.21,1.644984737675998,6.068540352447536,6.235656158568419,6.230961125627634,19523,35148.65
2026-10-02T14:01:00-04:00,6.22,6.5,6.2101,6.46,1.644984737675998,6.069332861374012,6.25702223870476,6.276768900502107,226771,44548.8
2026-10-02T14:02:00-04:00,6.45,6.78,6.4306,6.5795,1.644984737675998,6.071335901285488,6.287734406447164,6.337315120401686,350739,59224.1
2026-10-02T14:03:00-04:00,6.575,6.68,6.56,6.635,1.644984737675998,6.07235363534741,6.320807320118863,6.396852096321349,170057,63596.15
2026-10-02T14:04:00-04:00,6.635,6.74,6.61,6.61,1.644984737675998,6.074364073526786,6.348349480107543,6.4394816770570795,321249,75464.0
2026-10-02T14:05:00-04:00,6.615,6.67,6.5124,6.54,1.644984737675998,6.075589630485839,6.3666019105734915,6.4595853416456634,228214,85120.65
2026-10-02T14:06:00-04:00,6.54,6.75,6.53,6.65,1.644984737675998,6.07748855482804,6.3935922048045875,6.497668273316531,312312,99574.0
2026-10-02T14:07:00-04:00,6.6599,6.67,6.62,6.63,1.644984737675998,6.077996356170648,6.416107232918436,6.524134618653225,84370,102831.05
2026-10-02T14:08:00-04:00,6.63,6.76,6.63,6.71,1.644984737675998,6.079586423958176,6.444097020259537,6.56130769492258,239530,112317.3
2026-10-02T14:09:00-04:00,6.7,6.74,6.62,6.665,1.644984737675998,6.0808203459355115,6.465135399282438,6.582046155938064,194584,119488.85
2026-10-02T14:10:00-04:00,6.67,6.67,6.59,6.595,1.644984737675998,6.0815083371981435,6.4775034564936345,6.584636924750451,120334,124494.95
2026-10-02T14:11:00-04:00,6.595,6.6499,6.595,6.6497,1.644984737675998,6.081776355294598,6.493903127303764,6.5976495398003605,45834,125621.65
2026-10-02T14:12:00-04:00,6.65,6.79,6.65,6.7857,1.644984737675998,6.083593503407485,6.521693305655787,6.635259631840288,259638,137498.1
2026-10-02T14:13:00-04:00,6.7823,6.8,6.62,6.6701,1.644984737675998,6.085047218269601,6.535827276545712,6.64222770547223,224170,146671.75
2026-10-02T14:14:00-04:00,6.67,6.7,6.6,6.6003,1.644984737675998,6.085688800479383,6.541967535922311,6.633842164377784,110741,151550.35
2026-10-02T14:15:00-04:00,6.6104,6.72,6.603,6.7,1.644984737675998,6.086284231439133,6.5570182467868525,6.6470737315022275,95843,155286.35
2026-10-02T14:16:00-04:00,6.695,6.84,6.67,6.8398,1.644984737675998,6.088624386932725,6.583949842330962,6.685618985201782,319202,170678.95
2026-10-02T14:17:00-04:00,6.83,6.91,6.74,6.7799,1.644984737675998,6.090964351493269,6.602611762108966,6.7044751881614255,309401,184323.8
2026-10-02T14:18:00-04:00,6.78,6.9,6.75,6.835,1.644984737675998,6.09257003783344,6.624743975241445,6.73058015052914,208150,193832.1
2026-10-02T14:19:00-04:00,6.8345,6.8345,6.71,6.75,1.644984737675998,6.0937999390517605,6.636673120456546,6.734464120423312,175197,200792.95
2026-10-02T14:20:00-04:00,6.75,6.8399,6.75,6.8228,1.644984737675998,6.094691554757585,6.654399489936875,6.75213129633865,120336,205833.6
2026-10-02T14:21:00-04:00,6.82,6.82,6.65,6.795,1.644984737675998,6.09566563184511,6.667790014704791,6.76070503707092,141654,201577.75
2026-10-02T14:22:00-04:00,6.79,6.9,6.79,6.8501,1.644984737675998,6.097556602312903,6.685152870447192,6.778584029656736,242383,196159.95
2026-10-02T14:23:00-04:00,6.85,7.0,6.8303,6.92,1.644984737675998,6.101995775817727,6.707519263737936,6.806867223725389,524498,213882.0
2026-10-02T14:24:00-04:00,6.9235,7.5,6.9,7.23,1.644984737675998,6.116334455280112,6.757279333858133,6.891493778980311,1269000,261269.55
2026-10-02T14:25:00-04:00,7.22,7.37,7.19,7.34,1.644984737675998,6.122215232788895,6.812776540157358,6.981195023184249,489624,274340.05
2026-10-02T14:26:00-04:00,7.35,7.49,7.21,7.4501,1.644984737675998,6.127604328674505,6.8734740125233245,7.074976018547399,422927,279870.8
2026-10-02T14:27:00-04:00,7.46,7.46827,6.721,6.8501,1.644984737675998,6.135403102490842,6.871247916092532,7.030000814837919,879401,319622.35
2026-10-02T14:28:00-04:00,6.8502,6.95,6.75,6.84,1.644984737675998,6.138238343935225,6.86827192408372,6.9920006518703355,399625,327627.1
2026-10-02T14:29:00-04:00,6.8489,7.115,6.84,7.08,1.644984737675998,6.1414532249845175,6.8884365027424135,7.009600521496268,370367,336416.25
2026-10-02T14:30:00-04:00,7.09,7.2098,7.09,7.13,1.644984737675998,6.1450456439166325,6.911442550100279,7.033680417197014,362122,348505.65
2026-10-02T14:31:00-04:00,7.13,7.14,6.9,6.975,1.644984737675998,6.147554430362815,6.917495640566919,7.021944333757611,295469,360987.4
2026-10-02T14:32:00-04:00,6.9701,7.15,6.97,7.13,1.644984737675998,6.149736676000624,6.937734150989117,7.043555467006089,236738,359842.4
2026-10-02T14:33:00-04:00,7.11,7.401,7.1002,7.3401,1.644984737675998,6.155896824865639,6.976054708037773,7.102864373604872,556103,376439.05
2026-10-02T14:34:00-04:00,7.36,7.58,7.01,7.125,1.644984737675998,6.163415826303219,6.990239973938937,7.107291498883898,713995,406601.75
2026-10-02T14:35:00-04:00,7.125,7.15,7.0,7.04,1.644984737675998,6.165850194727676,6.994979024039991,7.093833199107118,278803,415749.75
2026-10-02T14:36:00-04:00,7.045,7.15,7.03,7.09,1.644984737675998,6.167865002539329,7.004028640798087,7.0930665592856945,225192,411049.25
2026-10-02T14:37:00-04:00,7.09,7.092219,6.95,6.9569,1.644984737675998,6.169548676596029,6.999540198817317,7.0658332474285555,209488,406053.6
2026-10-02T14:38:00-04:00,6.95,7.05,6.92,6.96,1.644984737675998,6.170956345700165,6.99577446559662,7.044666597942844,180827,404687.45
2026-10-02T14:39:00-04:00,6.96,6.9995,6.93,6.96,1.644984737675998,6.171702571863413,6.992367373635037,7.027733278354275,97755,400815.35
2026-10-02T14:40:00-04:00,6.97,6.97,6.85,6.88,1.644984737675998,6.173143322600877,6.981665719003129,6.99818662268342,205707,405083.9
2026-10-02T14:41:00-04:00,6.8819,6.94,6.88,6.8801,1.644984737675998,6.173817776507423,6.971992793383783,6.9745692981467355,96573,402829.85
2026-10-02T14:42:00-04:00,6.89,6.9,6.74,6.753,1.644984737675998,6.175153127255348,6.951136336871041,6.9302554385173885,223264,401873.9
2026-10-02T14:43:00-04:00,6.76,6.8,6.7389,6.7389,1.644984737675998,6.175793667252269,6.930923352407133,6.891984350813911,114506,381374.3
2026-10-02T14:44:00-04:00,6.75,6.83,6.73,6.7702,1.644984737675998,6.176558406647771,6.915616366463596,6.867627480651129,133050,324576.8
2026-10-02T14:45:00-04:00,6.775,6.83,6.7301,6.785,1.644984737675998,6.177114504867753,6.903176712514682,6.851101984520904,96167,304903.95
2026-10-02T14:46:00-04:00,6.7898,6.81,6.71,6.81,1.644984737675998,6.178027815630162,6.894302739894236,6.842881587616723,159656,291740.4
2026-10-02T14:47:00-04:00,6.8,6.8054,6.66,6.68,1.644984737675998,6.178805152101055,6.873892955142404,6.810305270093378,151905,255365.6
2026-10-02T14:48:00-04:00,6.68,6.755,6.66,6.695,1.644984737675998,6.179221047518424,6.856855530843127,6.787244216074702,83288,239548.75
2026-10-02T14:49:00-04:00,6.69,6.7299,6.66,6.6942,1.644984737675998,6.179611011305968,6.841364527905687,6.768635372859762,79526,225006.7
2026-10-02T14:50:00-04:00,6.69,6.7168,6.64,6.69,1.644984737675998,6.180098936350372,6.826948858581336,6.75290829828781,102141,212007.65
2026-10-02T14:51:00-04:00,6.69,6.73,6.64,6.6901,1.644984737675998,6.180510474900165,6.813915633954542,6.740346638630248,85549,201511.65
2026-10-02T14:52:00-04:00,6.69,6.72,6.6707,6.685,1.644984737675998,6.18063052175439,6.8016379545303,6.729277310904198,24727,190911.1
2026-10-02T14:53:00-04:00,6.6852,6.69,6.6104,6.675,1.644984737675998,6.181060008945929,6.789577196955985,6.7184218487233585,94762,167844.05
2026-10-02T14:54:00-04:00,6.67,6.67,6.62,6.65,1.644984737675998,6.1814324709269295,6.776284130579225,6.704737478978687,84406,136364.6
2026-10-02T14:55:00-04:00,6.65,6.8,6.65,6.73,1.644984737675998,6.182253588860616,6.771876118143108,6.709789983182949,159143,130381.6
2026-10-02T14:56:00-04:00,6.72,6.73,6.66,6.685,1.644984737675998,6.182520122501602,6.763602202129479,6.704831986546359,55319,121887.95
2026-10-02T14:57:00-04:00,6.69,6.82,6.66,6.79,1.644984737675998,6.18331428021711,6.766116278117147,6.721865589237087,146446,118735.85
2026-10-02T14:58:00-04:00,6.79,6.79,6.62,6.71,1.644984737675998,6.183971180570259,6.760771870677419,6.719492471389669,133059,116347.45
2026-10-02T14:59:00-04:00,6.71,6.75,6.7,6.7198,1.644984737675998,6.184492709585838,6.75686978775576,6.719553977111736,102615,116590.45
2026-10-02T15:00:00-04:00,6.71,6.7178,6.652,6.6797,1.644984737675998,6.184780373020147,6.749520284159973,6.711583181689389,61246,109367.4
2026-10-02T15:01:00-04:00,6.67,6.7,6.64,6.6501,1.644984737675998,6.184980537255752,6.740051685668547,6.699286545351511,44424,106759.95
2026-10-02T15:02:00-04:00,6.6501,6.67,6.6101,6.6262,1.644984737675998,6.1852561032962825,6.729208667985828,6.684669236281209,65018,98847.65
2026-10-02T15:03:00-04:00,6.6202,6.64,6.5501,6.6399,1.644984737675998,6.185980003889806,6.720703080558606,6.675715389024967,181447,102194.7
2026-10-02T15:04:00-04:00,6.6302,6.645,6.595,6.63,1.644984737675998,6.186212657915176,6.7120646919339775,6.666572311219974,56664,98375.4
2026-10-02T15:05:00-04:00,6.625,6.65,6.61,6.63,1.644984737675998,6.186448271946805,6.704249006987884,6.659257848975979,56583,96396.2
2026-10-02T15:06:00-04:00,6.6397,6.64,6.605,6.605,1.644984737675998,6.186530988734356,6.694796720608085,6.648406279180783,20495,89438.15
2026-10-02T15:07:00-04:00,6.605,6.6399,6.57,6.615,1.644984737675998,6.186741936687309,6.687197032931125,6.641725023344627,53341,84509.95
2026-10-02T15:08:00-04:00,6.615,6.62,6.5101,6.5725,1.644984737675998,6.187135246872138,6.676273505985304,6.627880018675701,110270,85859.05
2026-10-02T15:09:00-04:00,6.5603,6.63,6.56,6.583739,1.644984737675998,6.18736417986785,6.6674606958914655,6.619051814940561,60515,84908.5
2026-10-02T15:10:00-04:00,6.6,6.66,6.595,6.66,1.644984737675998,6.1877564474661675,6.666750153425611,6.6272414519524485,92997,84451.3
2026-10-02T15:11:00-04:00,6.655,6.73,6.6101,6.695,1.644984737675998,6.188074042099057,6.669440615004125,6.640793161561959,69255,83636.6
2026-10-02T15:12:00-04:00,6.71,6.71,6.64,6.675,1.644984737675998,6.18840286589584,6.669970080241828,6.647634529249567,72295,86015.0
2026-10-02T15:13:00-04:00,6.689,6.7,6.635,6.6399,1.644984737675998,6.188744473284088,6.667106263075939,6.646087623399653,77884,85171.1
2026-10-02T15:14:00-04:00,6.6397,6.6397,6.56,6.605,1.644984737675998,6.189165708176665,6.661191380878231,6.6378700987197226,109428,86422.2
2026-10-02T15:15:00-04:00,6.6,6.67,6.6,6.67,1.644984737675998,6.189396623189951,6.6620302969850655,6.644296078975778,54156,81172.85
2026-10-02T15:16:00-04:00,6.6692,6.76,6.65,6.685,1.644984737675998,6.189987151933252,6.664217887748393,6.652436863180622,124643,84639.05
2026-10-02T15:17:00-04:00,6.685,6.6995,6.6,6.64,1.644984737675998,6.190274788487336,6.661911422248546,6.649949490544498,67726,80703.05
2026-10-02T15:18:00-04:00,6.6597,6.68,6.63,6.63,1.644984737675998,6.190405912046201,6.658872239177256,6.645959592435598,30891,75594.65
2026-10-02T15:19:00-04:00,6.63,6.67,6.63,6.66,1.644984737675998,6.190451954806492,6.658979644969898,6.648767673948479,10695,70998.65
2026-10-02T15:20:00-04:00,6.658,6.7199,6.65,6.69,1.644984737675998,6.190824033098536,6.6619339644965745,6.657014139158783,80696,71971.15
2026-10-02T15:21:00-04:00,6.69,6.76,6.68,6.757,1.644984737675998,6.191281038256105,6.670987872639758,6.677011311327027,90895,74294.7
2026-10-02T15:22:00-04:00,6.76,6.9,6.7308,6.86,1.644984737675998,6.192735856601664,6.688989027626448,6.713609049061621,245772,83332.4
2026-10-02T15:23:00-04:00,6.855,6.91,6.83,6.868,1.644984737675998,6.193905091454421,6.706037691662025,6.744487239249297,186869,83603.5
2026-10-02T15:24:00-04:00,6.87,7.03,6.8601,6.9301,1.644984737675998,6.195909050893562,6.727376959122784,6.781609791399438,291199,95330.25
2026-10-02T15:25:00-04:00,6.94,6.94,6.84,6.885,1.644984737675998,6.197058337718724,6.742388677301567,6.80228783311955,180265,101514.35
2026-10-02T15:26:00-04:00,6.8889,6.89,6.8,6.81,1.644984737675998,6.197693641676508,6.748827850891894,6.80383026649564,108549,105917.05
2026-10-02T15:27:00-04:00,6.8086,6.84,6.65,6.818,1.644984737675998,6.198842280925022,6.755415674616476,6.8066642131965125,218889,114194.45
2026-10-02T15:28:00-04:00,6.828324,6.84,6.72,6.79,1.644984737675998,6.1996288372107395,6.7587094198910975,6.80333137055721,146791,116020.5
2026-10-02T15:29:00-04:00,6.785,6.91,6.7702,6.855,1.644984737675998,6.200499352899352,6.76787995133004,6.813665096445768,147318,120360.65
2026-10-02T15:30:00-04:00,6.8405,6.93,6.8405,6.9298,1.644984737675998,6.2014837216137275,6.783300908346227,6.836892077156614,153905,123406.05
2026-10-02T15:31:00-04:00,6.925,6.95,6.87,6.91,1.644984737675998,6.202419584356321,6.79536748850373,6.851513661725291,144671,127176.85
2026-10-02T15:32:00-04:00,6.9102,7.07,6.91,7.04,1.644984737675998,6.204573843512064,6.818665822931946,6.889210929380233,294166,138270.4
2026-10-02T15:33:00-04:00,7.0375,7.0428,6.86,6.9204,1.644984737675998,6.206066937525751,6.828354792176523,6.895448743504186,223092,145530.8
2026-10-02T15:34:00-04:00,6.93,7.0,6.86,6.985,1.644984737675998,6.206956068158042,6.843273383397806,6.913358994803349,131975,146658.15
2026-10-02T15:35:00-04:00,7.0,7.15,6.9854,7.1103,1.644984737675998,6.2100285965005035,6.868704489740872,6.9527471958426785,388266,163363.65
2026-10-02T15:36:00-04:00,7.127,7.19,7.09,7.145,1.644984737675998,6.212081488148725,6.8950183478607885,6.991197756674143,244169,169339.95
2026-10-02T15:37:00-04:00,7.145,7.27,7.1,7.18,1.644984737675998,6.215059349417697,6.922159457588332,7.028958205339314,340783,182992.8
2026-10-02T15:38:00-04:00,7.19,7.26,7.1,7.14,1.644984737675998,6.2173362098095435,6.942906175913253,7.051166564271451,266578,194777.15
2026-10-02T15:39:00-04:00,7.14,7.19,7.1105,7.18,1.644984737675998,6.218542554736302,6.96548654011199,7.076933251417161,142738,201379.3
2026-10-02T15:40:00-04:00,7.18,7.29,7.12,7.1316,1.644984737675998,6.2214274229911695,6.981306869625134,7.087866601133729,335553,214122.15
2026-10-02T15:41:00-04:00,7.1489,7.4,7.1245,7.32,1.644984737675998,6.2263169441648945,7.013563358232264,7.134293280906983,518495,235502.15
2026-10-02T15:42:00-04:00,7.3101,7.33,7.02,7.125,1.644984737675998,6.2293588126996795,7.024176371733953,7.132434624725586,368087,241617.9
2026-10-02T15:43:00-04:00,7.125,7.2,7.0902,7.1615,1.644984737675998,6.230510363857529,7.037254812521195,7.138247699780469,141157,239332.3
2026-10-02T15:44:00-04:00,7.1707,7.24,7.15,7.185,1.644984737675998,6.231998941774173,7.051325782757272,7.147598159824375,175157,233530.2
2026-10-02T15:45:00-04:00,7.18,7.27,7.1,7.25,1.644984737675998,6.234048559843211,7.070247136780389,7.1680785278595005,238331,236433.5
2026-10-02T15:46:00-04:00,7.2599,7.28,7.23,7.25,1.644984737675998,6.235589547485945,7.087366457087018,7.184462822287601,171603,239586.2
2026-10-02T15:47:00-04:00,7.245,7.28,7.16,7.2501,1.644984737675998,6.237772472413229,7.102864889745398,7.197590257830081,249709,241127.2
2026-10-02T15:48:00-04:00,7.255,7.255,7.16,7.2,1.644984737675998,6.238876568867716,7.112115852626788,7.198072206264064,130002,240287.75
2026-10-02T15:49:00-04:00,7.21,7.28,7.2,7.24,1.644984737675998,6.240222339614175,7.124295295233761,7.206457765011251,153299,240586.8
2026-10-02T15:50:00-04:00,7.25,7.29,7.21,7.2199,1.644984737675998,6.241971575586384,7.133400505211498,7.209146212009001,199883,242885.7
2026-10-02T15:51:00-04:00,7.216121,7.216121,7.032,7.05,1.644984737675998,6.244115464573852,7.12545759995326,7.177316969607201,286366,249970.45
2026-10-02T15:52:00-04:00,7.0502,7.1,7.02,7.085,1.644984737675998,6.2448921930348575,7.121604495195807,7.158853575685761,108029,240663.6
2026-10-02T15:53:00-04:00,7.088363,7.23,7.08,7.2,1.644984737675998,6.245577466421932,7.129070733748587,7.167082860548609,84978,233757.9
2026-10-02T15:54:00-04:00,7.1801,7.27,7.1705,7.185,1.644984737675998,6.2470289395425755,7.134397330534435,7.170666288438887,173184,235818.35
2026-10-02T15:55:00-04:00,7.183878,7.31,7.183878,7.27,1.644984737675998,6.250447263040693,7.147311870483537,7.1905330307511095,391104,235960.25
2026-10-02T15:56:00-04:00,7.27,7.56,7.23,7.43,1.644984737675998,6.256330518765932,7.174234549485105,7.238426424600887,589602,253231.9
2026-10-02T15:57:00-04:00,7.43,7.47,7.2,7.255,1.644984737675998,6.259712928101643,7.18192649715319,7.24174113968071,373757,254880.6
2026-10-02T15:58:00-04:00,7.27,7.5796,7.22,7.5051,1.644984737675998,6.263726470001558,7.212704925995744,7.294412911744568,398370,261470.2
2026-10-02T15:59:00-04:00,7.51,7.65,7.43,7.595,1.644984737675998,6.2698529226779245,7.249113980662815,7.354530329395654,554622,282064.4
2026-10-02T16:00:00-04:00,7.595,7.595,7.25,7.52,1.644984737675998,6.271566111487371,7.274912649171118,7.387624263516523,169663,273769.9
2026-10-02T16:01:00-04:00,7.46,7.72,7.32,7.71,1.644984737675998,6.273596067352323,7.31634953972625,7.452099410813219,181910,256940.65
2026-10-02T16:02:00-04:00,7.7,7.8,7.6,7.73,1.644984737675998,6.276646332083129,7.355744821657083,7.507679528650575,250156,251044.1
2026-10-02T16:03:00-04:00,7.7298,7.75,7.63,7.71,1.644984737675998,6.278091757616003,7.389483410070694,7.548143622920461,120031,249987.8
2026-10-02T16:04:00-04:00,7.71,7.716,7.38,7.41,1.644984737675998,6.2796883431268755,7.391437371016342,7.520514898336368,154029,248931.4
2026-10-02T16:05:00-04:00,7.4,7.43,7.2,7.2697,1.644984737675998,6.28096861614266,7.379843335681453,7.4703519186690945,148360,244432.85
2026-10-02T16:06:00-04:00,7.2521,7.5,7.24,7.45,1.644984737675998,6.281818333764665,7.38652492275941,7.466281534935276,90108,240358.1
2026-10-02T16:07:00-04:00,7.45,7.4592,7.28,7.29,1.644984737675998,6.282405376728682,7.377332072972799,7.431025227948221,65483,231146.8
2026-10-02T16:08:00-04:00,7.3,7.37,7.29,7.3,1.644984737675998,6.2829070180897455,7.369967113642057,7.404820182358577,57260,227509.7
2026-10-02T16:09:00-04:00,7.31,7.4189,7.3001,7.418,1.644984737675998,6.283222438043852,7.374541674247575,7.407456145886861,34092,221549.35
2026-10-02T16:10:00-04:00,7.42,7.72,7.42,7.55,1.644984737675998,6.28496397632249,7.391251990985901,7.435964916709489,161394,219624.9
2026-10-02T16:11:00-04:00,7.5793,7.94,7.54,7.92,1.644984737675998,6.2877815520017295,7.441608944225339,7.532771933367592,221036,216358.4
2026-10-02T16:12:00-04:00,7.9167,8.07,7.7704,8.015,1.644984737675998,6.291050175521957,7.496217616203879,7.629217546694074,233922,222653.05
2026-10-02T16:13:00-04:00,8.0009,8.0299,7.76,7.88,1.644984737675998,6.293814354000249,7.532768319422557,7.679374037355259,206232,228715.75
2026-10-02T16:14:00-04:00,7.8801,8.07,7.8,7.826,1.644984737675998,6.297008909760591,7.560695146144218,7.708699229884207,237934,231953.25
2026-10-02T16:15:00-04:00,7.815,8.01,7.815,7.8906,1.644984737675998,6.298382777000029,7.592114656035244,7.745079383907366,102202,217508.15
2026-10-02T16:16:00-04:00,7.91,7.96,7.8,7.83,1.644984737675998,6.2997447978698045,7.614770403079507,7.762063507125893,104211,193238.6
2026-10-02T16:17:00-04:00,7.8399,8.4,7.77,8.16,1.644984737675998,6.303324725152527,7.666697031357649,7.841650805700715,237260,186413.75
2026-10-02T16:18:00-04:00,8.17,8.4,8.05,8.2591,1.644984737675998,6.307782489814832,7.723116361704539,7.925140644560572,277312,180360.85
2026-10-02T16:19:00-04:00,8.22,8.37,8.1511,8.3,1.644984737675998,6.310600829782009,7.778057660589821,8.000112515648457,172641,161261.8
2026-10-02T16:20:00-04:00,8.2998,8.43,8.24,8.4,1.644984737675998,6.314573596270641,7.837290264343172,8.080090012518765,234279,164492.6
2026-10-02T16:21:00-04:00,8.3965,8.44,8.27,8.42,1.644984737675998,6.3174546553832185,7.892786429643822,8.148072010015012,168815,163837.85
2026-10-02T16:22:00-04:00,8.42,8.75,8.42,8.71,1.644984737675998,6.322427384013146,7.970616293487268,8.26045760801201,260756,164367.85
2026-10-02T16:23:00-04:00,8.71,9.08,8.7,9.0697,1.644984737675998,6.331439690666254,8.075290932202766,8.422306086409607,416767,179204.65
2026-10-02T16:24:00-04:00,9.0101,9.07,8.66,8.686,1.644984737675998,6.337849178483266,8.133453700564408,8.475044869127686,315620,187284.2
2026-10-02T16:25:00-04:00,8.69,9.22,8.69,9.1599,1.644984737675998,6.346709055728025,8.231210490986845,8.612015895302148,403244,200028.4
2026-10-02T16:26:00-04:00,9.14,9.2,8.9,8.91,1.644984737675998,6.352970455368625,8.29585711089286,8.671612716241718,288751,209960.55
2026-10-02T16:27:00-04:00,8.9215,9.1299,8.9215,9.02,1.644984737675998,6.356176337215318,8.364823100331634,8.741290172993374,147233,214048.05
2026-10-02T16:28:00-04:00,9.0299,9.0599,8.96,8.9798,1.644984737675998,6.358885750648453,8.42339232887148,8.788992138394699,125837,217476.9
2026-10-02T16:29:00-04:00,8.9792,9.09,8.6,8.99,1.644984737675998,6.365606540032953,8.477354964217053,8.829193710715758,326467,232095.65
2026-10-02T16:30:00-04:00,9.0,9.05,8.74,8.8097,1.644984737675998,6.368714375340985,8.509006872386857,8.825294968572607,153177,231684.8
2026-10-02T16:31:00-04:00,8.8001,8.82,8.7,8.77,1.644984737675998,6.370337774458973,8.533863360730965,8.814235974858086,83623,224814.15
2026-10-02T16:32:00-04:00,8.7702,8.965,8.74,8.79,1.644984737675998,6.37253107186218,8.558257326375635,8.809388779886469,110015,218618.8
2026-10-02T16:33:00-04:00,8.7605,8.8699,8.7,8.8098,1.644984737675998,6.37429230749657,8.582213771482717,8.809471023909175,89891,212801.75
2026-10-02T16:34:00-04:00,8.81,8.95,8.8,8.88,1.644984737675998,6.376283903247985,8.61057436467484,8.823576819127341,98409,205825.5
2026-10-02T16:35:00-04:00,8.88,8.9,8.8,8.8001,1.644984737675998,6.377494006983419,8.628624425181998,8.818881455301874,60926,203761.7
2026-10-02T16:36:00-04:00,8.8002,8.86,8.75,8.7802,1.644984737675998,6.378467970516468,8.643060194212284,8.811145164241498,49824,201042.35
2026-10-02T16:37:00-04:00,8.788,8.788,8.5312,8.55,1.644984737675998,6.380528845005315,8.634197318573019,8.7589161313932,113733,194866.0
2026-10-02T16:38:00-04:00,8.55,8.8,8.53,8.7599,1.644984737675998,6.382895384185041,8.646169002518446,8.75911290511456,126699,187335.35
2026-10-02T16:39:00-04:00,8.74,8.7968,8.67,8.67,1.644984737675998,6.384210729277431,8.648438621326214,8.741290324091647,70059,182206.25
2026-10-02T16:40:00-04:00,8.6786,8.9,8.6786,8.78,1.644984737675998,6.3864330719781,8.660968276438004,8.749032259273317,114896,176237.1
2026-10-02T16:41:00-04:00,8.78,8.9,8.78,8.9,1.644984737675998,6.388620945699628,8.683733202491528,8.779225807418653,109938,173293.25
2026-10-02T16:42:00-04:00,8.8901,8.97,8.82,8.886,1.644984737675998,6.391519717701607,8.702996707016144,8.800580645934922,144092,167460.05
2026-10-02T16:43:00-04:00,8.88,8.9,8.71,8.83,1.644984737675998,6.393136186319682,8.715092258728893,8.806464516747937,83113,150777.35
2026-10-02T16:44:00-04:00,8.825,8.8279,8.72,8.7299,1.644984737675998,6.394581648921552,8.716502519802331,8.79115161339835,76116,138802.15
2026-10-02T16:45:00-04:00,8.725,8.85,8.72,8.7409,1.644984737675998,6.395600278120129,8.718826089344967,8.78110129071868,53446,121312.25
2026-10-02T16:46:00-04:00,8.75,8.84,8.73,8.7576,1.644984737675998,6.396798873012624,8.722518842740685,8.776401032574945,62800,110014.7
2026-10-02T16:47:00-04:00,8.74,8.87,8.7,8.7997,1.644984737675998,6.398329142492601,8.729869429146333,8.781060826059957,79799,106643.0
2026-10-02T16:48:00-04:00,8.8,8.84,8.74,8.8,1.644984737675998,6.399216415191855,8.736548531132398,8.784848660847965,46249,102663.6
2026-10-02T16:49:00-04:00,8.81,8.81,8.75,8.75,1.644984737675998,6.399889500450584,8.737829623405503,8.777878928678373,35453,88112.9
2026-10-02T16:50:00-04:00,8.768,8.84,8.7,8.79,1.644984737675998,6.401503187611601,8.742798230700217,8.780303142942698,84840,84696.05
2026-10-02T16:51:00-04:00,8.81,8.89,8.7241,8.78,1.644984737675998,6.403099246290918,8.746341256347815,8.780242514354159,83277,84678.75
2026-10-02T16:52:00-04:00,8.7603,8.79,8.74,8.74,1.644984737675998,6.4035532412910285,8.745737327171833,8.772194011483327,24125,80384.25
2026-10-02T16:53:00-04:00,8.7403,8.77,8.72,8.7502,1.644984737675998,6.404273470589814,8.746162343631658,8.767795209186662,38454,77812.4
2026-10-02T16:54:00-04:00,8.75,8.86,8.71,8.77,1.644984737675998,6.405422271528757,8.74843259661912,8.768236167349329,60525,75918.2
2026-10-02T16:55:00-04:00,8.78,8.78,8.4,8.54,1.644984737675998,6.4076989157352005,8.728581873131585,8.722588933879463,131582,79451.0
2026-10-02T16:56:00-04:00,8.542,8.5421,8.3909,8.444,1.644984737675998,6.4091116805817165,8.701478837595243,8.66687114710357,86354,81277.5
2026-10-02T16:57:00-04:00,8.4499,8.45,8.24,8.3402,1.644984737675998,6.411143706418953,8.667071329252838,8.601536917682857,131858,82183.75
2026-10-02T16:58:00-04:00,8.35,8.41,8.31,8.33,1.644984737675998,6.411976241338003,8.634969297895426,8.547229534146286,53919,78544.75
2026-10-02T16:59:00-04:00,8.35,8.37,8.1,8.17,1.644984737675998,6.413800813751868,8.59068650761967,8.471783627317029,127317,81407.65
2026-10-02T17:00:00-04:00,8.17,8.6,8.16,8.53,1.644984737675998,6.416599154081992,8.58490684022732,8.483426901853623,174701,84397.9
2026-10-02T17:01:00-04:00,8.54,8.66,8.51,8.631,1.644984737675998,6.418828324024438,8.589296664967575,8.512941521482897,128622,85332.1
2026-10-02T17:02:00-04:00,8.63,8.65,8.56,8.5806,1.644984737675998,6.419489035182792,8.58846841116114,8.526473217186318,38234,80039.2
2026-10-02T17:03:00-04:00,8.582,8.5899,8.55,8.57,1.644984737675998,6.420168981850466,8.586709514860079,8.535178573749054,39864,77876.75
2026-10-02T17:04:00-04:00,8.55,8.5744,8.47,8.5039,1.644984737675998,6.421042808058689,8.578822894397215,8.528922858999243,52586,76700.25
2026-10-02T17:05:00-04:00,8.5,8.58,8.49,8.53,1.644984737675998,6.421737454133429,8.574173094930813,8.529138287199395,41493,76102.6
2026-10-02T17:06:00-04:00,8.55,8.59,8.46,8.526,1.644984737675998,6.422234973418421,8.569585181127879,8.528510629759516,29848,74455.0
2026-10-02T17:07:00-04:00,8.51,8.52,8.3812,8.482,1.644984737675998,6.423237124018542,8.561243735306176,8.519208503807613,62063,73568.2
2026-10-02T17:08:00-04:00,8.47,8.53,8.4207,8.4398,1.644984737675998,6.4237241747527385,8.549677665277017,8.503326803046091,30149,72763.2
2026-10-02T17:09:00-04:00,8.44,8.5,8.43,8.4709,1.644984737675998,6.424303212851323,8.54217503048873,8.496841442436873,35801,72780.6
2026-10-02T17:10:00-04:00,8.4708,8.49,8.3588,8.404,1.644984737675998,6.424768047691049,8.529015503775518,8.478273153949498,29467,70011.95
2026-10-02T17:11:00-04:00,8.4,8.4,8.07,8.0909,1.644984737675998,6.426440716071093,8.48729021770166,8.4007985231596,120054,71850.8
2026-10-02T17:12:00-04:00,8.1205,8.22,8.09,8.1801,1.644984737675998,6.4275177307139115,8.458034006491978,8.356658818527679,78475,74568.3
2026-10-02T17:13:00-04:00,8.22,8.2494,8.01,8.01,1.644984737675998,6.428626029587253,8.41536410111179,8.287327054822143,84437,76867.45
2026-10-02T17:14:00-04:00,8.02,8.047,7.83,7.92,1.644984737675998,6.430491004451678,8.368186567672572,8.213861643857713,157264,81704.4
2026-10-02T17:15:00-04:00,7.94,7.98,7.75,7.75,1.644984737675998,6.431766742692603,8.30931165646566,8.12108931508617,115968,80923.7
2026-10-02T17:16:00-04:00,7.75,7.85,7.65,7.6963,1.644984737675998,6.433514597242872,8.25092959394512,8.036131452068936,170825,85147.25
2026-10-02T17:17:00-04:00,7.7284,7.77,7.7,7.72,1.644984737675998,6.433983026643347,8.200364870712251,7.972905161655149,45934,80851.05
2026-10-02T17:18:00-04:00,7.7391,7.91,7.7391,7.87,1.644984737675998,6.435042777224864,8.168901549692038,7.952324129324119,95916,82950.9
2026-10-02T17:19:00-04:00,7.88,7.96,7.86,7.92,1.644984737675998,6.435908652000043,8.145196640197558,7.945859303459296,74565,80313.3
2026-10-02T17:20:00-04:00,7.93,8.0392,7.89,8.006,1.644984737675998,6.437071374304425,8.1319398173216,7.957887442767436,96033,76379.9
2026-10-02T17:21:00-04:00,8.0299,8.06,7.96,7.99,1.644984737675998,6.437804252068261,8.118421739481448,7.964309954213949,59640,72930.8
2026-10-02T17:22:00-04:00,7.98,8.09,7.9629,8.081,1.644984737675998,6.438490302080272,8.114857764292738,7.987647963371159,54443,73741.25
2026-10-02T17:23:00-04:00,8.0801,8.09,7.9619,8.0292,1.644984737675998,6.439290377940502,8.106699881979145,7.995958370696927,64255,74960.8
2026-10-02T17:24:00-04:00,8.0294,8.0294,7.95,7.9601,1.644984737675998,6.4397389303981,8.092737988457321,7.988786696557542,37157,74189.35
2026-10-02T17:25:00-04:00,7.9602,7.9958,7.95,7.96,1.644984737675998,6.440197685176773,8.08009627527091,7.983029357246033,38304,74029.9
2026-10-02T17:26:00-04:00,7.96,8.0288,7.95,8.01,1.644984737675998,6.440510010995333,8.073420439530823,7.988423485796826,25627,73818.85
2026-10-02T17:27:00-04:00,8.0,8.05,7.99,8.0205,1.644984737675998,6.440768174852052,8.068380397670744,7.994838788637461,20870,71759.2
2026-10-02T17:28:00-04:00,8.03,8.09,8.03,8.0801,1.644984737675998,6.441186188900052,8.06949655027353,8.011891030909968,32839,71893.7
2026-10-02T17:29:00-04:00,8.08,8.18,8.08,8.1701,1.644984737675998,6.441721318153419,8.07907783119986,8.043532824727974,40169,72112.1
2026-10-02T17:30:00-04:00,8.17,8.32,8.17,8.315,1.644984737675998,6.442738897631911,8.101546609180826,8.097826259782378,71220,74199.75
2026-10-02T17:31:00-04:00,8.3192,8.49,8.26,8.47,1.644984737675998,6.444355253494862,8.136637408306461,8.172261007825902,105305,73462.3
2026-10-02T17:32:00-04:00,8.49,8.6,8.49,8.51,1.644984737675998,6.446224447184005,8.172195750372513,8.239808806260722,114590,75268.05
2026-10-02T17:33:00-04:00,8.51,8.5153,8.25,8.29,1.644984737675998,6.44812425783384,8.183415202717988,8.249847045008577,127806,77436.5
2026-10-02T17:34:00-04:00,8.28,8.45,8.27,8.4094,1.644984737675998,6.449147983857274,8.204937564363894,8.281757636006862,68091,72977.85
2026-10-02T17:35:00-04:00,8.4,8.4394,8.31,8.34,1.644984737675998,6.449934104013347,8.217800653472095,8.29340610880549,52701,69814.5
2026-10-02T17:36:00-04:00,8.3368,8.4,8.3077,8.3993,1.644984737675998,6.450754026510111,8.23508630552237,8.314584887044392,54845,64015.5
2026-10-02T17:37:00-04:00,8.3992,8.45,8.34,8.45,1.644984737675998,6.451329908474133,8.255554276425002,8.341667909635513,37678,63602.7
2026-10-02T17:38:00-04:00,8.46,8.57,8.454,8.5302,1.644984737675998,6.452677668185183,8.281711012003573,8.37937432770841,83790,62996.4
2026-10-02T17:39:00-04:00,8.5319,8.5499,8.4,8.44,1.644984737675998,6.453860808188352,8.296786153717518,8.391499462166728,75653,63050.8
2026-10-02T17:40:00-04:00,8.44,8.5,8.33,8.48,1.644984737675998,6.454821945781168,8.314235091458707,8.409199569733381,62350,61366.65
2026-10-02T17:41:00-04:00,8.4518,8.55,8.37,8.3802,1.644984737675998,6.45570285319155,8.320517463700735,8.403399655786705,57293,61249.3
2026-10-02T17:42:00-04:00,8.388,8.42,8.38,8.41,1.644984737675998,6.456004325746158,8.32903961001495,8.404719724629365,19922,59523.25
2026-10-02T17:43:00-04:00,8.4099,8.42,8.37,8.3701,1.644984737675998,6.456334457738742,8.33295012334686,8.397795779703491,22011,57411.05
2026-10-02T17:44:00-04:00,8.3796,8.38,8.16,8.16,1.644984737675998,6.457028760554718,8.316478683028112,8.350236623762793,50315,58068.95
2026-10-02T17:45:00-04:00,8.205,8.26,8.16,8.26,1.644984737675998,6.457768030188997,8.311099760834958,8.332189299010235,53819,58844.7
2026-10-02T17:46:00-04:00,8.2694,8.3242,8.25,8.3,1.644984737675998,6.458162468535668,8.310042640755439,8.325751439208188,27719,58949.3
2026-10-02T17:47:00-04:00,8.305,8.31,8.25,8.258,1.644984737675998,6.458561435003556,8.30508619877873,8.312201151366551,28339,59322.75
2026-10-02T17:48:00-04:00,8.2501,8.26,8.17,8.24,1.644984737675998,6.458990576536336,8.298887513180755,8.297760921093241,31349,59248.25
2026-10-02T17:49:00-04:00,8.25,8.25,8.16,8.161,1.644984737675998,6.459196431738034,8.285755369068303,8.270408736874593,15330,58006.3
2026-10-02T17:50:00-04:00,8.1602,8.2,8.09,8.0903,1.644984737675998,6.459790753413319,8.26714057201418,8.234386989499674,45968,56743.7
2026-10-02T17:51:00-04:00,8.092,8.1,8.02,8.03,1.644984737675998,6.4606591447269865,8.244555755631877,8.193509591599739,70472,55002.05
2026-10-02T17:52:00-04:00,8.01,8.01,7.9,7.97,1.644984737675998,6.4616595034570885,8.21840758842884,8.14880767327979,86159,53580.5
2026-10-02T17:53:00-04:00,7.96,8.146,7.95,8.13,1.644984737675998,6.46252408703926,8.209987818102285,8.145046138623833,69226,50651.5
2026-10-02T17:54:00-04:00,8.13,8.3738,8.11,8.3342,1.644984737675998,6.463520048327451,8.221817549711592,8.182876910899067,71129,50803.4
2026-10-02T17:55:00-04:00,8.3001,8.4,8.29,8.36,1.644984737675998,6.464476216001787,8.234977783072392,8.218301528719254,65557,51446.2
2026-10-02T17:56:00-04:00,8.3579,8.36,8.13,8.164,1.644984737675998,6.465201233740861,8.228217994208354,8.207441222975403,53500,51378.95
2026-10-02T17:57:00-04:00,8.16,8.19,8.15,8.18,1.644984737675998,6.465410086572419,8.22362580428375,8.201952978380323,15823,50286.2
2026-10-02T17:58:00-04:00,8.188,8.188,8.09,8.0903,1.644984737675998,6.465820998426034,8.210928108637678,8.179622382704258,32093,47701.35
2026-10-02T17:59:00-04:00,8.095,8.2688,8.09,8.2,1.644984737675998,6.466644125591703,8.20988733638647,8.183697906163406,61960,47016.7
2026-10-02T18:00:00-04:00,8.2082,8.22,8.2,8.2002,1.644984737675998,6.4668910533713095,8.208964732921093,8.186998324930725,18380,44818.2
2026-10-02T18:01:00-04:00,8.2,8.25,8.2,8.23,1.644984737675998,6.467117240891498,8.210968091690512,8.19559865994458,16650,42786.05
2026-10-02T18:02:00-04:00,8.23,8.32,8.23,8.32,1.644984737675998,6.46790241568875,8.221352082958083,8.220478927955664,55821,44581.0
2026-10-02T18:03:00-04:00,8.3199,8.3399,8.1043,8.19,1.644984737675998,6.468489377255462,8.218366170295408,8.21438314236453,43644,45662.65
2026-10-02T18:04:00-04:00,8.15,8.21,8.11,8.21,1.644984737675998,6.468709724088334,8.217569392172036,8.213506513891625,16725,43983.15
2026-10-02T18:05:00-04:00,8.21,8.21,8.1702,8.1794,1.644984737675998,6.468835236870784,8.213934211965176,8.2066852111133,9474,41765.9
2026-10-02T18:06:00-04:00,8.1797,8.1797,8.1,8.11,1.644984737675998,6.46913949210163,8.20403571558754,8.18734816889064,23755,41567.7
2026-10-02T18:07:00-04:00,8.1291,8.21,8.1201,8.2003,1.644984737675998,6.469711276585052,8.203679933150632,8.189938535112512,43439,42322.7
2026-10-02T18:08:00-04:00,8.21,8.2495,8.2,8.22,1.644984737675998,6.470099692238863,8.205234225231523,8.19595082809001,28744,42192.45
2026-10-02T18:09:00-04:00,8.211,8.23,8.1297,8.15,1.644984737675998,6.470554304551265,8.199973822828522,8.18676066247201,34714,43161.65
2026-10-02T18:10:00-04:00,8.145,8.2399,8.14,8.232,1.644984737675998,6.471312731002797,8.203023934940092,8.195808529977608,56815,43704.0
2026-10-02T18:11:00-04:00,8.2397,8.24,8.16,8.19,1.644984737675998,6.471476026001255,8.201783560183893,8.194646823982087,12291,40794.95
2026-10-02T18:12:00-04:00,8.2,8.21,8.15,8.1502,1.644984737675998,6.471664208264677,8.19687084016638,8.18575745918567,14389,37206.45
2026-10-02T18:13:00-04:00,8.15,8.1803,8.13,8.17,1.644984737675998,6.4718293703146825,8.194311712531487,8.182605967348536,12706,34380.45
2026-10-02T18:14:00-04:00,8.15,8.2,8.15,8.17,1.644984737675998,6.472115372793433,8.191996311338013,8.180084773878828,21837,31915.85
2026-10-02T18:15:00-04:00,8.1729,8.18,8.15,8.16,1.644984737675998,6.4722657821190746,8.188949043591535,8.176067819103062,11555,29215.75
2026-10-02T18:16:00-04:00,8.15,8.15,8.12,8.12,1.644984737675998,6.4725489858094925,8.182382468011388,8.16485425528245,22200,27650.75
2026-10-02T18:17:00-04:00,8.1202,8.1298,8.06,8.06,1.644984737675998,6.473060035219173,8.170726994867447,8.14388340422596,41243,28921.75
2026-10-02T18:18:00-04:00,8.07,8.0798,8.03,8.078,1.644984737675998,6.473322202553744,8.16189585249912,8.130706723380769,21443,28389.25
2026-10-02T18:19:00-04:00,8.0705,8.08,8.0,8.0119,1.644984737675998,6.473643994289839,8.14761053321349,8.106945378704616,26870,26634.75
2026-10-02T18:20:00-04:00,8.0294,8.0599,7.9895,7.9895,1.644984737675998,6.474035800009824,8.132552387193158,8.083456302963693,33107,27371.1
2026-10-02T18:21:00-04:00,7.98,7.98,7.8,7.8889,1.644984737675998,6.47460227816438,8.109347397936666,8.044545042370954,52071,29142.15
2026-10-02T18:22:00-04:00,7.888,7.96,7.88,7.92,1.644984737675998,6.475132167414847,8.091314312418888,8.019636033896763,47721,28737.15
2026-10-02T18:23:00-04:00,7.93,8.07,7.92,8.07,1.644984737675998,6.475745751272764,8.089284377902803,8.02970882711741,51721,29141.0
2026-10-02T18:24:00-04:00,8.06,8.07,7.9603,8.0641,1.644984737675998,6.476076018901082,8.086885865721584,8.036587061693929,27651,29687.3
2026-10-02T18:25:00-04:00,8.05,8.0684,8.02,8.0598,1.644984737675998,6.476188251716386,8.084306259462386,8.041229649355143,9292,29678.2
2026-10-02T18:26:00-04:00,8.055,8.11,8.05,8.11,1.644984737675998,6.476727029370772,8.08675328237073,8.054983719484115,43502,30665.55
2026-10-02T18:27:00-04:00,8.1,8.1198,8.01,8.01,1.644984737675998,6.4772686011889435,8.07944344595447,8.045986975587292,44967,30741.95
2026-10-02T18:28:00-04:00,8.01,8.01,7.96,7.9702,1.644984737675998,6.477503529058462,8.06903930824452,8.030829580469833,20380,30323.75
2026-10-02T18:29:00-04:00,7.9794,8.06,7.97,8.032,1.644984737675998,6.477838443398903,8.065511755078376,8.031063664375866,28300,30003.05
2026-10-02T18:30:00-04:00,8.0303,8.032,7.98,7.99,1.644984737675998,6.478023408080364,8.058320159356626,8.022850931500694,15840,27954.3
2026-10-02T18:31:00-04:00,7.974,8.015,7.9,7.9006,1.644984737675998,6.4782943114085825,8.043299191798852,7.998400745200555,24194,28549.45
2026-10-02T18:32:00-04:00,7.9007,7.96,7.89,7.89,1.644984737675998,6.478653893882759,8.02869926877039,7.976720596160444,32692,29464.6
2026-10-02T18:33:00-04:00,7.88,7.9999,7.88,7.99,1.644984737675998,6.478918292563438,8.025013624125592,7.979376476928355,23344,29996.5
2026-10-02T18:34:00-04:00,7.98,7.98,7.93,7.9498,1.644984737675998,6.479078903968667,8.017850421827916,7.9734611815426835,14217,29615.5
2026-10-02T18:35:00-04:00,7.95,7.9903,7.95,7.9807,1.644984737675998,6.479225718472695,8.014312286415734,7.974908945234147,12821,29678.8
2026-10-02T18:36:00-04:00,7.98,8.09,7.98,8.03,1.644984737675998,6.479647949271396,8.01580635437614,7.985927156187317,35470,30342.3
2026-10-02T18:37:00-04:00,8.0303,8.05,8.0,8.04,1.644984737675998,6.479902130132965,8.018110511102222,7.996741724949854,21408,29350.55
2026-10-02T18:38:00-04:00,8.0254,8.15,8.02,8.1199,1.644984737675998,6.48038549662338,8.027804748140106,8.021373379959883,39051,30230.95
2026-10-02T18:39:00-04:00,8.118,8.118,8.03,8.0497,1.644984737675998,6.480716040833223,8.029890010222001,8.027038703967905,27236,30249.25
2026-10-02T18:40:00-04:00,8.04,8.0796,8.04,8.05,1.644984737675998,6.48086153215856,8.031805247343716,8.031630963174324,12063,29197.05
2026-10-02T18:41:00-04:00,8.0573,8.2293,8.04,8.1708,1.644984737675998,6.4817577798378165,8.04504284283479,8.05946477053946,70332,30110.1
2026-10-02T18:42:00-04:00,8.18,8.3,8.16,8.28,1.644984737675998,6.482389411886803,8.067419714945762,8.103571816431568,46801,30064.1
2026-10-02T18:43:00-04:00,8.28,8.32,8.25,8.32,1.644984737675998,6.483172185441547,8.091474980189023,8.146857453145255,56446,30300.35
2026-10-02T18:44:00-04:00,8.3199,8.34,8.3,8.31,1.644984737675998,6.483785480840624,8.112286886837687,8.179485962516205,43776,31106.6
2026-10-02T18:45:00-04:00,8.32,8.32,8.22,8.22,1.644984737675998,6.484575835931645,8.122545278567431,8.187588770012963,58479,33565.95
2026-10-02T18:46:00-04:00,8.22,8.3,8.1817,8.28,1.644984737675998,6.485139736111314,8.137540966322915,8.206071016010371,41742,33477.95
2026-10-02T18:47:00-04:00,8.28,8.37,8.28,8.34,1.644984737675998,6.485865340041636,8.156822779054066,8.232856812808297,51533,33806.25
2026-10-02T18:48:00-04:00,8.34,8.36,8.3,8.3,1.644984737675998,6.48644318458215,8.17045870485844,8.246285450246639,41292,34851.85
2026-10-02T18:49:00-04:00,8.3,8.3356,8.22,8.295,1.644984737675998,6.486841140158327,8.182319780586207,8.25602836019731,29030,34888.35
2026-10-02T18:50:00-04:00,8.29,8.309,8.2002,8.2003,1.644984737675998,6.48710217430991,8.18403218243514,8.24488268815785,19561,35074.4
2026-10-02T18:51:00-04:00,8.202,8.22,8.13,8.2102,1.644984737675998,6.487654765459427,8.186524355536555,8.23794615052628,42642,35996.8
2026-10-02T18:52:00-04:00,8.21,8.2103,8.1608,8.18,1.644984737675998,6.487936961548433,8.185902988342598,8.226356920421024,21826,35453.5
2026-10-02T18:53:00-04:00,8.19,8.28,8.19,8.2705,1.644984737675998,6.488267968110574,8.193959846595684,8.23518553633682,24691,35520.85
2026-10-02T18:54:00-04:00,8.28,8.3,8.27,8.28,1.644984737675998,6.48846029758079,8.202154146919904,8.244148429069456,14059,35512.95
2026-10-02T18:55:00-04:00,8.2803,8.34,8.23,8.2399,1.644984737675998,6.489090202811475,8.20574899007039,8.243298743255565,46412,37192.5
2026-10-02T18:56:00-04:00,8.24,8.2995,8.23,8.2397,1.644984737675998,6.489272834934495,8.208982419587496,8.242578994604452,13566,36097.3
2026-10-02T18:57:00-04:00,8.24,8.25,8.1712,8.2099,1.644984737675998,6.489521123926441,8.20906980819821,8.236043195683562,18941,35973.95
2026-10-02T18:58:00-04:00,8.2,8.23,8.18,8.21,1.644984737675998,6.48989364885598,8.209158397893619,8.23083455654685,28490,35445.9
2026-10-02T18:59:00-04:00,8.2001,8.2001,8.1124,8.1207,1.644984737675998,6.490160898769821,8.200733788570417,8.20880764523748,21216,35144.9
2026-10-02T19:00:00-04:00,8.135,8.24,8.135,8.2003,1.644984737675998,6.490466794093715,8.200692475373234,8.207106116189983,23616,35722.55
2026-10-02T19:01:00-04:00,8.21,8.2199,8.17,8.1705,1.644984737675998,6.49063074433447,8.197817001528165,8.199784892951987,12698,32840.85
2026-10-02T19:02:00-04:00,8.18,8.19,8.14,8.144,1.644984737675998,6.49084113529904,8.192691572811198,8.18862791436159,16580,31329.8
2026-10-02T19:03:00-04:00,8.1593,8.1883,8.14,8.1876,1.644984737675998,6.490936395026625,8.192206661114893,8.18842233148927,7446,28879.8
2026-10-02T19:04:00-04:00,8.18,8.1971,8.17,8.18,1.644984737675998,6.491085231758101,8.191044121961093,8.186737865191416,11564,27269.2
2026-10-02T19:05:00-04:00,8.165,8.1676,8.145,8.16,1.644984737675998,6.491271222689703,8.18808753891718,8.181390292153132,14669,25078.7
2026-10-02T19:06:00-04:00,8.17,8.21,8.16,8.19,1.644984737675998,6.491543124834048,8.188269678067925,8.183112233722506,21082,24045.7
2026-10-02T19:07:00-04:00,8.19,8.2,8.18,8.1899,1.644984737675998,6.491790346454901,8.18842494682336,8.184469786978005,19137,22425.9
2026-10-02T19:08:00-04:00,8.18,8.24,8.18,8.2001,1.644984737675998,6.491973228673977,8.189536856649708,8.187595829582405,14022,21062.4
2026-10-02T19:09:00-04:00,8.2,8.2,8.1429,8.184,1.644984737675998,6.492145154721307,8.189009536968783,8.186876663665924,13428,20282.3
2026-10-02T19:10:00-04:00,8.17,8.202,8.16,8.16,1.644984737675998,6.49235898611309,8.186246723924137,8.18150133093274,16721,20140.3
2026-10-02T19:11:00-04:00,8.17,8.1883,8.14,8.15,1.644984737675998,6.492525618311733,8.18279465497898,8.175201064746192,13147,18665.55
2026-10-02T19:12:00-04:00,8.15,8.15,8.05,8.0613,1.644984737675998,6.492927466160452,8.171223735457174,8.152420851796954,33155,19232.0
2026-10-02T19:13:00-04:00,8.08,8.1367,8.06,8.11,1.644984737675998,6.493128392510696,8.165392903508872,8.143936681437562,16428,18818.85
2026-10-02T19:14:00-04:00,8.11,8.1199,7.96,7.97,1.644984737675998,6.493511722631674,8.146784055555646,8.10914934515005,33115,19771.65
2026-10-02T19:15:00-04:00,7.9625,7.97,7.92,7.94,1.644984737675998,6.493855864898135,8.127090335978918,8.07531947612004,31248,19013.45
2026-10-02T19:16:00-04:00,7.9397,8.0489,7.938,7.97,1.644984737675998,6.494306287826054,8.112129351599974,8.054255580896031,39760,20323.15
2026-10-02T19:17:00-04:00,7.98,8.05,7.9703,8.04,1.644984737675998,6.494475807976637,8.105259889542832,8.051404464716825,14632,20107.7
2026-10-02T19:18:00-04:00,8.04,8.082,8.02,8.08,1.644984737675998,6.494672779443381,8.102854185776849,8.05712357177346,16565,19511.45
2026-10-02T19:19:00-04:00,8.0774,8.08,8.05,8.0598,1.644984737675998,6.494878124405993,8.098753787131434,8.057658857418767,17245,19312.9
2026-10-02T19:20:00-04:00,8.05,8.0502,8.01,8.04,1.644984737675998,6.495023003222852,8.093158188357013,8.054127085935013,12406,18752.4
2026-10-02T19:21:00-04:00,8.0487,8.099,8.03,8.08,1.644984737675998,6.495289004674564,8.091905027561106,8.059301668748011,22259,19230.45
2026-10-02T19:22:00-04:00,8.07,8.07,8.03,8.03,1.644984737675998,6.495375010078125,8.086009310650525,8.053441334998409,7321,18767.5
2026-10-02T19:23:00-04:00,8.02,8.0295,8.01,8.01,1.644984737675998,6.495562314641499,8.078770328683808,8.044753067998727,16228,19206.6
2026-10-02T19:24:00-04:00,8.0102,8.0102,8.0,8.002,1.644984737675998,6.495830007471865,8.07145886880916,8.036202454398982,23391,19797.95
2026-10-02T19:25:00-04:00,7.9906,8.02,7.9603,8.005,1.644984737675998,6.495990878405282,8.065129452732096,8.029961963519186,14145,19771.75
2026-10-02T19:26:00-04:00,8.0099,8.01,7.99,7.994,1.644984737675998,6.496119354930481,8.058355219138564,8.022769570815349,11277,19281.5
2026-10-02T19:27:00-04:00,7.9994,7.9994,7.9504,7.9799,1.644984737675998,6.4962644562505565,8.05088329350632,8.01419565665228,12923,18970.8
2026-10-02T19:28:00-04:00,7.98,8.0,7.97,7.97,1.644984737675998,6.496410281886756,8.043180122696194,8.005356525321824,12960,18917.7
2026-10-02T19:29:00-04:00,7.98,8.0745,7.98,8.07,1.644984737675998,6.496783878398213,8.045734396725129,8.018285220257459,31892,19840.9
2026-10-02T19:30:00-04:00,8.07,8.07,8.004,8.01,1.644984737675998,6.496955397336453,8.042331120846544,8.016628176205968,14776,19743.65
2026-10-02T19:31:00-04:00,8.01,8.01,7.99,8.01,1.644984737675998,6.497046977331292,8.039251966480206,8.015302540964774,8020,19487.3
2026-10-02T19:32:00-04:00,8.01,8.0462,8.0,8.04,1.644984737675998,6.497187013996671,8.039323207767806,8.020242032771819,12062,18432.65
2026-10-02T19:33:00-04:00,8.04,8.09,8.03,8.0598,1.644984737675998,6.497399143929958,8.041273378456586,8.028153626217454,17911,18506.8
2026-10-02T19:34:00-04:00,8.0596,8.1,7.99,7.99,1.644984737675998,6.497680412155829,8.036390199555958,8.020522900973964,24273,18064.7
2026-10-02T19:35:00-04:00,7.9836,8.0387,7.97,7.98,1.644984737675998,6.497940872507221,8.031019704360153,8.01241832077917,22942,17649.4
2026-10-02T19:36:00-04:00,7.9809,8.03,7.9809,8.01,1.644984737675998,6.498031251130997,8.029017827754425,8.011934656623337,7906,16056.7
2026-10-02T19:37:00-04:00,8.02,8.02,7.99,7.9958,1.644984737675998,6.498078062833249,8.025854225111146,8.00870772529867,4109,15530.55
2026-10-02T19:38:00-04:00,8.0021,8.03,8.0,8.03,1.644984737675998,6.498138610658438,8.026249060814846,8.012966180238935,5252,14964.9
2026-10-02T19:39:00-04:00,8.02,8.08,8.02,8.05,1.644984737675998,6.498364526732557,8.028511055022957,8.020372944191148,19221,15063.7
2026-10-02T19:40:00-04:00,8.06,8.07,8.0403,8.0495,1.644984737675998,6.49851614792372,8.030510002163627,8.02619835535292,12876,15087.2
2026-10-02T19:41:00-04:00,8.04,8.0599,8.04,8.0488,1.644984737675998,6.49868000351856,8.032251906719472,8.030718684282336,13951,14671.8
2026-10-02T19:42:00-04:00,8.04,8.04,8.0,8.0,1.644984737675998,6.499010894156778,8.029180296555712,8.024574947425869,28856,15748.55
2026-10-02T19:43:00-04:00,8.0097,8.01,8.0,8.0,1.644984737675998,6.499111358994927,8.026401220693263,8.019659957940695,8822,15378.25
2026-10-02T19:44:00-04:00,8.001,8.0103,7.99,7.995,1.644984737675998,6.49934210576212,8.023410628246285,8.014727966352556,20333,15225.35
2026-10-02T19:45:00-04:00,8.0,8.02,7.9945,8.0199,1.644984737675998,6.49956912335042,8.02307628269902,8.015762373082044,19838,15510.0
2026-10-02T19:46:00-04:00,8.0198,8.11,8.0101,8.0693,1.644984737675998,6.49981007426605,8.02747854148959,8.026469898465635,20366,15964.45
2026-10-02T19:47:00-04:00,8.068,8.068,8.01,8.02,1.644984737675998,6.500161781579003,8.026766299442961,8.025175918772508,30330,16834.8
2026-10-02T19:48:00-04:00,8.02,8.04,8.01,8.0207,1.644984737675998,6.5003951634267185,8.02618855663887,8.024280735018007,20254,17199.5
2026-10-02T19:49:00-04:00,8.025,8.05,7.99,8.0,1.644984737675998,6.501004997925424,8.023694408387549,8.019424588014406,53312,18270.5
2026-10-02T19:50:00-04:00,7.99,7.99,7.86,7.9032,1.644984737675998,6.501268260375236,8.012218750445877,7.996179670411525,24582,18760.8
2026-10-02T19:51:00-04:00,7.92,7.92,7.85,7.8592,1.644984737675998,6.501350106663902,7.997645536117698,7.96878373632922,7874,18753.5
2026-10-02T19:52:00-04:00,7.86,7.95,7.81,7.87,1.644984737675998,6.501656727631188,7.985488818392203,7.949026989063376,29501,19625.45
2026-10-02T19:53:00-04:00,7.87,7.87,7.8191,7.87,1.644984737675998,6.501864972505994,7.974489883307231,7.9332215912507005,20394,19749.6
2026-10-02T19:54:00-04:00,7.85,7.94,7.8399,7.8401,1.644984737675998,6.501980042853881,7.961690846801781,7.91459727300056,11105,19091.2
2026-10-02T19:55:00-04:00,7.85,7.9,7.85,7.88,1.644984737675998,6.502111365649911,7.953910766153992,7.907677818400448,12645,18576.35
2026-10-02T19:56:00-04:00,7.87,7.88,7.8,7.8195,1.644984737675998,6.502339792667511,7.941109740805993,7.890042254720359,22720,19317.05
2026-10-02T19:57:00-04:00,7.81,7.85,7.79,7.82,1.644984737675998,6.50249390412628,7.929575479776851,7.876033803776287,15486,19885.9
2026-10-02T19:58:00-04:00,7.81,7.82,7.71,7.74,1.644984737675998,6.502722975194241,7.911520672179056,7.848827043021029,24188,20832.7
2026-10-02T19:59:00-04:00,7.74,7.75,7.6555,7.7101,2.2007004769449505,6.503267016211219,7.892337751019146,7.821081634416824,59943,22868.8
