time,open,high,low,close,Nested Reclaim Evidence Marker,Reclaim Entry Marker,Extended Resistance Entry Marker,Long Resistance Entry Marker,High Quality Reclaim Entry Marker,Strong Reclaim Entry,Support Zone Low,Support Zone High,Highest Resistance Rejection,Former Support / Resistance Line,Prior Advance Percent,Entry Body Expansion,Entry Volume vs Resistance,Entry Volume vs Prior 3 Bars,Resistance Stage Bull / Bear Relative Volume,Distinct Resistance Attempts,Breakout Behavior Quality Score,Resistance Stage Bars,Resistance Stage Quiet Bars (%),Breakdown Volume vs Average,Breakdown Body / Range (%),Breakdown Close From Low (%),Entry Body / Range (%),Entry Candle Range (%),Gap To Recent High (%),Entry Volume vs Participation Average,Entry Distance From Support (%),Bullish Resistance Bars (%),Entry Gap Above EMA20 (%),Expansion Start Bar Index,Full Expansion Bars,Full Expansion Gain (%),Expansion Directional Efficiency (%),Expansion Maximum Drawdown (%),Expansion Bull Volume / Average,Expansion Bull Volume Share (%),Expansion Strength Score (0-5),Support To Entry Bars,Entry Is Close To Expansion,Entry Volume vs Previous Bar,Entry Range vs Prior 3 Bars,Entry Confirmation Score (0-5),Combined Confidence Score (0-11),Entry Has Recent Expansion Evidence,Entry Has Nested Reclaim Evidence,Entry Has Either Context Evidence,Nested Evidence Age (Bars),Nested Reclaim Cleared Resistance,Nested Reclaim Higher Resistance,EMA,VWAP,EMA.1,EMA.2,Volume,Volume MA
2026-09-29T04:00:00-04:00,1.7,1.7,1.62,1.6703,0,0,0,0,0,0,,,,,,,,,,,,,,,,,,,,,,,,,,,,,,,,,,,,,,,,,,,,1.1048729633499663,1.6634333333333335,1.594421746396982,1.5991950009596534,26545,2009.55
2026-09-29T04:01:00-04:00,1.67,1.7,1.67,1.6903,0,0,0,0,0,0,,,,,,,,,,,,,,,,,,,,,,,,,,,,,,,,,,,,,,,,,,,,1.1048729633499663,1.6745432822860753,1.6035530086448884,1.6174160007677227,24127,3200.9
2026-09-29T04:02:00-04:00,1.69,1.7,1.6896,1.6897,0,0,0,0,0,0,,,,,,,,,,,,,,,,,,,,,,,,,,,,,,,,,,,,,,,,,,,,1.1048729633499663,1.6790860800619989,1.611757484012042,1.6318728006141785,16426,3999.2
2026-09-29T04:03:00-04:00,1.67,1.6797,1.625,1.63,0,0,0,0,0,0,,,,,,,,,,,,,,,,,,,,,,,,,,,,,,,,,,,,,,,,,,,,1.1048729633499663,1.6702805459353598,1.6134948664870854,1.6314982404913425,23279,5157.5
2026-09-29T04:04:00-04:00,1.63,1.6697,1.62,1.6697,0,0,0,0,0,0,,,,,,,,,,,,,,,,,,,,,,,,,,,,,,,,,,,,,,,,,,,,1.1048729633499663,1.6690921584781049,1.6188477363454583,1.639138592393074,6730,5445.95
2026-09-29T04:05:00-04:00,1.66,1.66,1.62,1.64,0,0,0,0,0,0,,,,,,,,,,,,,,,,,,,,,,,,,,,,,,,,,,,,,,,,,,,,1.1048729633499663,1.6676903466211863,1.6208622376458908,1.639310873914459,4916,5681.75
2026-09-29T04:06:00-04:00,1.65,1.65,1.62,1.65,0,0,0,0,0,0,,,,,,,,,,,,,,,,,,,,,,,,,,,,,,,,,,,,,,,,,,,,1.1048729633499663,1.6665732206461483,1.6236372626319964,1.641448699131567,4289,5886.7
2026-09-29T04:07:00-04:00,1.6416,1.6416,1.6416,1.6416,0,0,0,0,0,0,,,,,,,,,,,,,,,,,,,,,,,,,,,,,,,,,,,,,,,,,,,,1.1048729633499663,1.666540377196608,1.6253479995241873,1.641478959305254,140,5823.95
2026-09-29T04:08:00-04:00,1.6403,1.6403,1.6403,1.6403,0,0,0,0,0,0,,,,,,,,,,,,,,,,,,,,,,,,,,,,,,,,,,,,,,,,,,,,1.1048729633499663,1.6660707269294164,1.6267719995695027,1.6412431674442032,1940,5913.45
2026-09-29T04:09:00-04:00,1.6416,1.6416,1.6403,1.6416,0,0,0,0,0,0,,,,,,,,,,,,,,,,,,,,,,,,,,,,,,,,,,,,,,,,,,,,1.1048729633499663,1.6658011818065668,1.628184190086693,1.6413145339553623,1186,5947.75
2026-09-29T04:10:00-04:00,1.6416,1.6416,1.63,1.6303,0,0,0,0,0,0,,,,,,,,,,,,,,,,,,,,,,,,,,,,,,,,,,,,,,,,,,,,1.1048729633499663,1.664272846295524,1.628385695792722,1.63911162716429,5526,6187.75
2026-09-29T04:11:00-04:00,1.6397,1.6397,1.6303,1.6303,0,0,0,0,0,0,,,,,,,,,,,,,,,,,,,,,,,,,,,,,,,,,,,,,,,,,,,,1.1048729633499663,1.6635450624614738,1.6285680104791296,1.637349301731432,2782,6320.8
2026-09-29T04:12:00-04:00,1.6303,1.64,1.63,1.63,0,0,0,0,0,0,,,,,,,,,,,,,,,,,,,,,,,,,,,,,,,,,,,,,,,,,,,,1.1048729633499663,1.6631185700904878,1.628704390433498,1.6358794413851456,1688,6315.25
2026-09-29T04:13:00-04:00,1.63,1.63,1.62,1.6203,0,0,0,0,0,0,,,,,,,,,,,,,,,,,,,,,,,,,,,,,,,,,,,,,,,,,,,,1.1048729633499663,1.6626398579462518,1.6279039722969746,1.6327635531081166,1460,6378.3
2026-09-29T04:14:00-04:00,1.6297,1.63,1.6203,1.6297,0,0,0,0,0,0,,,,,,,,,,,,,,,,,,,,,,,,,,,,,,,,,,,,,,,,,,,,1.1048729633499663,1.661569143145727,1.6280750225544056,1.6321508424864932,3713,6475.8
2026-09-29T04:15:00-04:00,1.6297,1.6297,1.6201,1.6201,0,0,0,0,0,0,,,,,,,,,,,,,,,,,,,,,,,,,,,,,,,,,,,,,,,,,,,,1.1048729633499663,1.6613738098845972,1.6273154965968433,1.6297406739891946,640,6457.75
2026-09-29T04:16:00-04:00,1.6203,1.63,1.62,1.6299,0,0,0,0,0,0,,,,,,,,,,,,,,,,,,,,,,,,,,,,,,,,,,,,,,,,,,,,1.1048729633499663,1.6592215678646596,1.6275616397780963,1.6297725391913558,8281,6860.3
2026-09-29T04:17:00-04:00,1.6297,1.6297,1.6203,1.6203,0,0,0,0,0,0,,,,,,,,,,,,,,,,,,,,,,,,,,,,,,,,,,,,,,,,,,,,1.1048729633499663,1.6591134608260674,1.6268700550373252,1.6278780313530847,405,6784.2
2026-09-29T04:18:00-04:00,1.6232,1.6232,1.6232,1.6232,0,0,0,0,0,0,,,,,,,,,,,,,,,,,,,,,,,,,,,,,,,,,,,,,,,,,,,,1.1048729633499663,1.659086426828844,1.6265205259861513,1.6269424250824678,101,6723.85
2026-09-29T04:19:00-04:00,1.64,1.64,1.63,1.6303,0,0,0,0,0,0,,,,,,,,,,,,,,,,,,,,,,,,,,,,,,,,,,,,,,,,,,,,1.1048729633499663,1.6587418102317877,1.6268804758922322,1.6276139400659742,1827,6800.05
2026-09-29T04:20:00-04:00,1.6497,1.6497,1.6403,1.6403,0,0,0,0,0,0,,,,,,,,,,,,,,,,,,,,,,,,,,,,,,,,,,,,,,,,,,,,1.1048729633499663,1.6585541357697422,1.6281585258072575,1.6301511520527794,1688,5557.2
2026-09-29T04:21:00-04:00,1.65,1.65,1.65,1.65,0,0,0,0,0,0,,,,,,,,,,,,,,,,,,,,,,,,,,,,,,,,,,,,,,,,,,,,1.1048729633499663,1.6585373944432769,1.6302386662065664,1.6341209216422234,270,4364.35
2026-09-29T04:23:00-04:00,1.65,1.65,1.65,1.65,0,0,0,0,0,0,,,,,,,,,,,,,,,,,,,,,,,,,,,,,,,,,,,,,,,,,,,,1.1048729633499663,1.658439939234121,1.6321206979964171,1.6372967373137788,1593,3622.7
2026-09-29T04:24:00-04:00,1.6597,1.6597,1.6503,1.6503,0,0,0,0,0,0,,,,,,,,,,,,,,,,,,,,,,,,,,,,,,,,,,,,,,,,,,,,1.1048729633499663,1.6584222788702765,1.6338520600919966,1.639897389851023,494,2483.45
2026-09-29T04:25:00-04:00,1.66,1.67,1.66,1.6603,0,0,0,0,0,0,,,,,,,,,,,,,,,,,,,,,,,,,,,,,,,,,,,,,,,,,,,,1.1048729633499663,1.6585177502579982,1.6363709115118064,1.6439779118808184,2720,2282.95
2026-09-29T04:26:00-04:00,1.66,1.67,1.655,1.66,0,0,0,0,0,0,,,,,,,,,,,,,,,,,,,,,,,,,,,,,,,,,,,,,,,,,,,,1.1048729633499663,1.6586422511206942,1.6386213008916344,1.6471823295046548,5877,2331.0
2026-09-29T04:27:00-04:00,1.66,1.66,1.6503,1.6503,0,0,0,0,0,0,,,,,,,,,,,,,,,,,,,,,,,,,,,,,,,,,,,,,,,,,,,,1.1048729633499663,1.6585180711450689,1.639733557949574,1.6478058636037238,3703,2301.7
2026-09-29T04:28:00-04:00,1.6503,1.6597,1.6503,1.6597,0,0,0,0,0,0,,,,,,,,,,,,,,,,,,,,,,,,,,,,,,,,,,,,,,,,,,,,1.1048729633499663,1.6585063322633122,1.6416351238591385,1.6501846908829791,922,2340.8
2026-09-29T04:29:00-04:00,1.6503,1.6503,1.6503,1.6503,0,0,0,0,0,0,,,,,,,,,,,,,,,,,,,,,,,,,,,,,,,,,,,,,,,,,,,,1.1048729633499663,1.658441526418449,1.6424603501582682,1.6502077527063834,1220,2304.8
2026-09-29T04:30:00-04:00,1.655,1.66,1.65,1.65,0,0,0,0,0,0,,,,,,,,,,,,,,,,,,,,,,,,,,,,,,,,,,,,,,,,,,,,1.1048729633499663,1.6581420258769526,1.643178412047957,1.650166202165107,9622,2726.6
2026-09-29T04:32:00-04:00,1.6403,1.6497,1.6403,1.6403,0,0,0,0,0,0,,,,,,,,,,,,,,,,,,,,,,,,,,,,,,,,,,,,,,,,,,,,1.1048729633499663,1.657939255867247,1.6429042775671991,1.6481929617320854,2294,2565.0
2026-09-29T04:33:00-04:00,1.64,1.64,1.6303,1.64,0,0,0,0,0,0,,,,,,,,,,,,,,,,,,,,,,,,,,,,,,,,,,,,,,,,,,,,1.1048729633499663,1.6574766526962184,1.6426276797036563,1.6465543693856683,3717,2611.75
2026-09-29T04:34:00-04:00,1.6397,1.6397,1.6303,1.6303,0,0,0,0,0,0,,,,,,,,,,,,,,,,,,,,,,,,,,,,,,,,,,,,,,,,,,,,1.1048729633499663,1.6572579026461562,1.6414536149699748,1.6433034955085346,1562,2605.45
2026-09-29T04:36:00-04:00,1.6416,1.6416,1.6403,1.6403,0,0,0,0,0,0,,,,,,,,,,,,,,,,,,,,,,,,,,,,,,,,,,,,,,,,,,,,1.1048729633499663,1.6571906099718654,1.6413437468775962,1.6427027964068277,702,2567.55
2026-09-29T04:37:00-04:00,1.65,1.65,1.6403,1.65,0,0,0,0,0,0,,,,,,,,,,,,,,,,,,,,,,,,,,,,,,,,,,,,,,,,,,,,1.1048729633499663,1.656988236119486,1.6421681519368727,1.644162237125462,3413,2552.55
2026-09-29T04:38:00-04:00,1.6503,1.6503,1.6503,1.6503,0,0,0,0,0,0,,,,,,,,,,,,,,,,,,,,,,,,,,,,,,,,,,,,,,,,,,,,1.1048729633499663,1.656973393533838,1.6429426136571703,1.6453897897003698,391,2540.1
2026-09-29T04:39:00-04:00,1.66,1.66,1.6501,1.6501,0,0,0,0,0,0,,,,,,,,,,,,,,,,,,,,,,,,,,,,,,,,,,,,,,,,,,,,1.1048729633499663,1.6568930212731334,1.6436242694993448,1.6463318317602955,4054,2328.75
2026-09-29T04:40:00-04:00,1.65,1.6503,1.65,1.65,0,0,0,0,0,0,,,,,,,,,,,,,,,,,,,,,,,,,,,,,,,,,,,,,,,,,,,,1.1048729633499663,1.6568572933913186,1.6442314819279786,1.6470654654082366,953,2356.15
2026-09-29T04:41:00-04:00,1.64,1.64,1.64,1.64,0,0,0,0,0,0,,,,,,,,,,,,,,,,,,,,,,,,,,,,,,,,,,,,,,,,,,,,1.1048729633499663,1.656837222087477,1.6438284836491237,1.6456523723265892,216,2361.9
2026-09-29T04:42:00-04:00,1.64,1.64,1.64,1.64,0,0,0,0,0,0,,,,,,,,,,,,,,,,,,,,,,,,,,,,,,,,,,,,,,,,,,,,1.1048729633499663,1.6567662429099428,1.6434638661587309,1.6445218978612717,768,2308.95
2026-09-29T04:43:00-04:00,1.64,1.64,1.6397,1.6397,0,0,0,0,0,0,,,,,,,,,,,,,,,,,,,,,,,,,,,,,,,,,,,,,,,,,,,,1.1048729633499663,1.6567047222662796,1.6431054027150422,1.6435575182890172,663,2257.7
2026-09-29T04:44:00-04:00,1.63,1.6316,1.63,1.6316,0,0,0,0,0,0,,,,,,,,,,,,,,,,,,,,,,,,,,,,,,,,,,,,,,,,,,,,1.1048729633499663,1.6565920628006172,1.6420096500755144,1.6411660146312137,807,2284.55
2026-09-29T04:45:00-04:00,1.63,1.63,1.63,1.63,0,0,0,0,0,0,,,,,,,,,,,,,,,,,,,,,,,,,,,,,,,,,,,,,,,,,,,,1.1048729633499663,1.6564922390629016,1.6408658738778463,1.6389328117049708,692,2239.5
2026-09-29T04:46:00-04:00,1.63,1.63,1.63,1.63,0,0,0,0,0,0,,,,,,,,,,,,,,,,,,,,,,,,,,,,,,,,,,,,,,,,,,,,1.1048729633499663,1.6564205772136926,1.639831028746623,1.6371462493639766,500,2239.8
2026-09-29T04:47:00-04:00,1.6303,1.6303,1.6303,1.6303,0,0,0,0,0,0,,,,,,,,,,,,,,,,,,,,,,,,,,,,,,,,,,,,,,,,,,,,1.1048729633499663,1.6563774069033066,1.638923311723135,1.6357769994911813,306,2119.1
2026-09-29T04:48:00-04:00,1.6497,1.6497,1.6497,1.6497,0,0,0,0,0,0,,,,,,,,,,,,,,,,,,,,,,,,,,,,,,,,,,,,,,,,,,,,1.1048729633499663,1.6563627964545815,1.6399496629875985,1.638561599592945,406,1845.55
2026-09-29T04:49:00-04:00,1.6403,1.6403,1.6401,1.6401,0,0,0,0,0,0,,,,,,,,,,,,,,,,,,,,,,,,,,,,,,,,,,,,,,,,,,,,1.1048729633499663,1.6563270014966978,1.639963980798303,1.638869279674356,411,1680.95
2026-09-29T04:50:00-04:00,1.64,1.64,1.64,1.64,0,0,0,0,0,0,,,,,,,,,,,,,,,,,,,,,,,,,,,,,,,,,,,,,,,,,,,,1.1048729633499663,1.6562980801059255,1.6399674111984648,1.6390954237394848,330,1651.35
2026-09-29T04:51:00-04:00,1.64,1.64,1.63,1.63,0,0,0,0,0,0,,,,,,,,,,,,,,,,,,,,,,,,,,,,,,,,,,,,,,,,,,,,1.1048729633499663,1.6549702158183637,1.6390181339414682,1.637276338991588,11433,2162.0
2026-09-29T04:52:00-04:00,1.63,1.63,1.63,1.63,0,0,0,0,0,0,,,,,,,,,,,,,,,,,,,,,,,,,,,,,,,,,,,,,,,,,,,,1.1048729633499663,1.654933646604518,1.6381592640422808,1.6358210711932704,290,1695.4
2026-09-29T04:53:00-04:00,1.6384,1.6384,1.62,1.62,0,0,0,0,0,0,,,,,,,,,,,,,,,,,,,,,,,,,,,,,,,,,,,,,,,,,,,,1.1048729633499663,1.6547324599278213,1.6364298103239685,1.6326568569546165,1393,1650.35
2026-09-29T04:54:00-04:00,1.62,1.6203,1.62,1.62,0,0,0,0,0,0,,,,,,,,,,,,,,,,,,,,,,,,,,,,,,,,,,,,,,,,,,,,1.1048729633499663,1.6545599966402045,1.6348650664835906,1.630125485563693,998,1514.4
2026-09-29T04:55:00-04:00,1.63,1.63,1.63,1.63,0,0,0,0,0,0,,,,,,,,,,,,,,,,,,,,,,,,,,,,,,,,,,,,,,,,,,,,1.1048729633499663,1.6545232867816926,1.6344017268184867,1.6301003884509544,300,1451.3
2026-09-29T04:56:00-04:00,1.62,1.62,1.62,1.62,0,0,0,0,0,0,,,,,,,,,,,,,,,,,,,,,,,,,,,,,,,,,,,,,,,,,,,,1.1048729633499663,1.6538255708676477,1.6330301337881548,1.6280803107607635,4140,1623.2
2026-09-29T04:58:00-04:00,1.62,1.62,1.62,1.62,0,0,0,0,0,0,,,,,,,,,,,,,,,,,,,,,,,,,,,,,,,,,,,,,,,,,,,,1.1048729633499663,1.6537491262933508,1.6317891686654733,1.626464248608611,464,1475.75
2026-09-29T04:59:00-04:00,1.62,1.6209,1.62,1.6209,0,0,0,0,0,0,,,,,,,,,,,,,,,,,,,,,,,,,,,,,,,,,,,,,,,,,,,,1.1048729633499663,1.6536782373363534,1.6307521049830471,1.6253513988868888,440,1478.2
2026-09-29T05:00:00-04:00,1.62,1.62,1.62,1.62,0,0,0,0,0,0,,,,,,,,,,,,,,,,,,,,,,,,,,,,,,,,,,,,,,,,,,,,1.1048729633499663,1.6535778723768546,1.629728094984662,1.624281119109511,615,1306.25
2026-09-29T05:02:00-04:00,1.63,1.63,1.63,1.63,0,0,0,0,0,0,,,,,,,,,,,,,,,,,,,,,,,,,,,,,,,,,,,,,,,,,,,,1.1048729633499663,1.653465303324042,1.6297539907004084,1.6254248952876087,990,1308.1
2026-09-29T05:03:00-04:00,1.62,1.62,1.62,1.62,0,0,0,0,0,0,,,,,,,,,,,,,,,,,,,,,,,,,,,,,,,,,,,,,,,,,,,,1.1048729633499663,1.6534337009485085,1.628825039205131,1.6243399162300869,196,1307.1
2026-09-29T05:04:00-04:00,1.63,1.63,1.63,1.63,0,0,0,0,0,0,,,,,,,,,,,,,,,,,,,,,,,,,,,,,,,,,,,,,,,,,,,,1.1048729633499663,1.6533213381985803,1.628936940233214,1.6254719329840694,1000,1318.7
2026-09-29T05:05:00-04:00,1.62,1.62,1.62,1.62,0,0,0,0,0,0,,,,,,,,,,,,,,,,,,,,,,,,,,,,,,,,,,,,,,,,,,,,1.1048729633499663,1.6532629636543497,1.6280858030681462,1.6243775463872556,366,1303.85
2026-09-29T05:06:00-04:00,1.62,1.6203,1.62,1.6203,0,0,0,0,0,0,,,,,,,,,,,,,,,,,,,,,,,,,,,,,,,,,,,,,,,,,,,,1.1048729633499663,1.652834028926076,1.6273442980140371,1.6235620371098043,2746,1400.8
2026-09-29T05:07:00-04:00,1.62,1.62,1.62,1.62,0,0,0,0,0,0,,,,,,,,,,,,,,,,,,,,,,,,,,,,,,,,,,,,,,,,,,,,1.1048729633499663,1.6527258015250406,1.6266448410603194,1.6228496296878436,700,1401.2
2026-09-29T05:08:00-04:00,1.62,1.62,1.61,1.6103,0,0,0,0,0,0,,,,,,,,,,,,,,,,,,,,,,,,,,,,,,,,,,,,,,,,,,,,1.1048729633499663,1.652245506231182,1.6250881895307652,1.620339703750275,2628,1507.6
2026-09-29T05:09:00-04:00,1.61,1.61,1.61,1.61,0,0,0,0,0,0,,,,,,,,,,,,,,,,,,,,,,,,,,,,,,,,,,,,,,,,,,,,1.1048729633499663,1.6520182106832846,1.6236512190992638,1.61827176300022,1163,1550.45
2026-09-29T05:10:00-04:00,1.6103,1.6103,1.6103,1.6103,0,0,0,0,0,0,,,,,,,,,,,,,,,,,,,,,,,,,,,,,,,,,,,,,,,,,,,,1.1048729633499663,1.6518421690706204,1.6223796744231431,1.616677410400176,916,1575.95
2026-09-29T05:11:00-04:00,1.61,1.61,1.61,1.61,0,0,0,0,0,0,,,,,,,,,,,,,,,,,,,,,,,,,,,,,,,,,,,,,,,,,,,,1.1048729633499663,1.6517757737016567,1.621200657811415,1.615341928320141,345,1572.65
2026-09-29T05:12:00-04:00,1.615,1.615,1.615,1.615,0,0,0,0,0,0,,,,,,,,,,,,,,,,,,,,,,,,,,,,,,,,,,,,,,,,,,,,1.1048729633499663,1.6516577502391676,1.6206101189722328,1.615273542656113,700,1591.15
2026-09-29T05:13:00-04:00,1.6101,1.6103,1.61,1.61,0,0,0,0,0,0,,,,,,,,,,,,,,,,,,,,,,,,,,,,,,,,,,,,,,,,,,,,1.1048729633499663,1.6515575836020342,1.619599631451068,1.6142188341248902,527,1045.85
2026-09-29T05:14:00-04:00,1.61,1.61,1.61,1.61,0,0,0,0,0,0,,,,,,,,,,,,,,,,,,,,,,,,,,,,,,,,,,,,,,,,,,,,1.1048729633499663,1.6515385854152862,1.6186853808366806,1.613375067299912,100,1036.35
2026-09-29T05:15:00-04:00,1.61,1.61,1.6,1.6003,0,0,0,0,0,0,,,,,,,,,,,,,,,,,,,,,,,,,,,,,,,,,,,,,,,,,,,,1.1048729633499663,1.650937896838833,1.616934392185568,1.6107600538399296,2766,1105.0
2026-09-29T05:16:00-04:00,1.6016,1.61,1.6,1.6,0,0,0,0,0,0,,,,,,,,,,,,,,,,,,,,,,,,,,,,,,,,,,,,,,,,,,,,1.1048729633499663,1.6507373759260593,1.6153215929297997,1.6086080430719436,937,1101.95
2026-09-29T05:17:00-04:00,1.6,1.6003,1.6,1.6003,0,0,0,0,0,0,,,,,,,,,,,,,,,,,,,,,,,,,,,,,,,,,,,,,,,,,,,,1.1048729633499663,1.6506704444135172,1.6138909650317237,1.6069464344575548,295,1101.7
2026-09-29T05:18:00-04:00,1.6,1.6,1.6,1.6,0,0,0,0,0,0,,,,,,,,,,,,,,,,,,,,,,,,,,,,,,,,,,,,,,,,,,,,1.1048729633499663,1.650511026377738,1.6125680159810831,1.605557147566044,703,929.85
2026-09-29T05:19:00-04:00,1.6,1.61,1.6,1.6,0,0,0,0,0,0,,,,,,,,,,,,,,,,,,,,,,,,,,,,,,,,,,,,,,,,,,,,1.1048729633499663,1.6498143703932335,1.6113710620781228,1.604445718052835,3349,1074.1
2026-09-29T05:20:00-04:00,1.6,1.6,1.6,1.6,0,0,0,0,0,0,,,,,,,,,,,,,,,,,,,,,,,,,,,,,,,,,,,,,,,,,,,,1.1048729633499663,1.6497687261108152,1.610288103784968,1.6035565744422682,208,1062.5
2026-09-29T05:21:00-04:00,1.62,1.62,1.6,1.6,0,0,0,0,0,0,,,,,,,,,,,,,,,,,,,,,,,,,,,,,,,,,,,,,,,,,,,,1.1048729633499663,1.6496743756437704,1.609308284376876,1.6028452595538143,498,1056.65
2026-09-29T05:22:00-04:00,1.6,1.6,1.6,1.6,0,0,0,0,0,0,,,,,,,,,,,,,,,,,,,,,,,,,,,,,,,,,,,,,,,,,,,,1.1048729633499663,1.6495055136230692,1.6084217811028878,1.6022762076430517,776,1045.95
2026-09-29T05:23:00-04:00,1.61,1.61,1.61,1.61,0,0,0,0,0,0,,,,,,,,,,,,,,,,,,,,,,,,,,,,,,,,,,,,,,,,,,,,1.1048729633499663,1.6492616301327123,1.6085720876645175,1.6038209661144414,1418,1107.05
2026-09-29T05:24:00-04:00,1.6,1.6,1.6,1.6,0,0,0,0,0,0,,,,,,,,,,,,,,,,,,,,,,,,,,,,,,,,,,,,,,,,,,,,1.1048729633499663,1.6492095701160023,1.607755698363135,1.603056772891553,243,1069.2
2026-09-29T05:25:00-04:00,1.6016,1.6016,1.6016,1.6016,0,0,0,0,0,0,,,,,,,,,,,,,,,,,,,,,,,,,,,,,,,,,,,,,,,,,,,,1.1048729633499663,1.6491888737223124,1.6071694413761697,1.6027654183132425,100,1055.9
2026-09-29T05:26:00-04:00,1.6,1.6,1.6,1.6,0,0,0,0,0,0,,,,,,,,,,,,,,,,,,,,,,,,,,,,,,,,,,,,,,,,,,,,1.1048729633499663,1.6490809135494018,1.6064866374355822,1.602212334650594,506,943.9
2026-09-29T05:27:00-04:00,1.61,1.61,1.61,1.61,0,0,0,0,0,0,,,,,,,,,,,,,,,,,,,,,,,,,,,,,,,,,,,,,,,,,,,,1.1048729633499663,1.6490120420926226,1.6068212433940985,1.6037698677204753,407,929.25
2026-09-29T05:28:00-04:00,1.61,1.61,1.61,1.61,0,0,0,0,0,0,,,,,,,,,,,,,,,,,,,,,,,,,,,,,,,,,,,,,,,,,,,,1.1048729633499663,1.6489951574904818,1.60712398211847,1.60501589417638,100,802.85
2026-09-29T05:29:00-04:00,1.6,1.61,1.6,1.61,0,0,0,0,0,0,,,,,,,,,,,,,,,,,,,,,,,,,,,,,,,,,,,,,,,,,,,,1.1048729633499663,1.6486637987352242,1.6073978885833775,1.606012715341104,1823,835.85
2026-09-29T05:30:00-04:00,1.6197,1.6197,1.61,1.61,0,0,0,0,0,0,,,,,,,,,,,,,,,,,,,,,,,,,,,,,,,,,,,,,,,,,,,,1.1048729633499663,1.6484340389827952,1.607645708718294,1.6068101722728834,1520,866.05
2026-09-29T05:31:00-04:00,1.63,1.63,1.63,1.63,0,0,0,0,0,0,,,,,,,,,,,,,,,,,,,,,,,,,,,,,,,,,,,,,,,,,,,,1.1048729633499663,1.6484131429870166,1.6097746888403612,1.6114481378183068,266,862.1
2026-09-29T05:32:00-04:00,1.63,1.63,1.6297,1.6297,0,0,0,0,0,0,,,,,,,,,,,,,,,,,,,,,,,,,,,,,,,,,,,,,,,,,,,,1.1048729633499663,1.6482898301760325,1.6116723375222315,1.6150985102546451,1565,905.35
2026-09-29T05:33:00-04:00,1.62,1.62,1.62,1.62,0,0,0,0,0,0,,,,,,,,,,,,,,,,,,,,,,,,,,,,,,,,,,,,,,,,,,,,1.1048729633499663,1.6482778594449732,1.6124654482344,1.6160788082037163,100,884.0
2026-09-29T05:34:00-04:00,1.6299,1.6299,1.62,1.62,0,0,0,0,0,0,,,,,,,,,,,,,,,,,,,,,,,,,,,,,,,,,,,,,,,,,,,,1.1048729633499663,1.6479123069332386,1.6131830245930283,1.616863046562973,3510,1054.5
2026-09-29T05:35:00-04:00,1.6224,1.6224,1.6224,1.6224,0,0,0,0,0,0,,,,,,,,,,,,,,,,,,,,,,,,,,,,,,,,,,,,,,,,,,,,1.1048729633499663,1.6479016739255767,1.6140608317746448,1.6179704372503785,100,921.2
2026-09-29T05:40:00-04:00,1.63,1.63,1.63,1.63,0,0,0,0,0,0,,,,,,,,,,,,,,,,,,,,,,,,,,,,,,,,,,,,,,,,,,,,1.1048729633499663,1.6477103503252557,1.615578847796107,1.6203763498003028,2592,1003.95
2026-09-29T05:41:00-04:00,1.63,1.63,1.63,1.63,0,0,0,0,0,0,,,,,,,,,,,,,,,,,,,,,,,,,,,,,,,,,,,,,,,,,,,,1.1048729633499663,1.6477030509107944,1.6169522908631444,1.6223010798402422,100,994.2
2026-09-29T05:42:00-04:00,1.6497,1.6497,1.62,1.63,0,0,0,0,0,0,,,,,,,,,,,,,,,,,,,,,,,,,,,,,,,,,,,,,,,,,,,,1.1048729633499663,1.6475439762654012,1.6181949298285592,1.6238408638721935,2697,1093.9
2026-09-29T05:43:00-04:00,1.63,1.63,1.62,1.62,0,0,0,0,0,0,,,,,,,,,,,,,,,,,,,,,,,,,,,,,,,,,,,,,,,,,,,,1.1048729633499663,1.6475101733918949,1.6183668412734582,1.623072691097755,343,943.6
2026-09-29T05:44:00-04:00,1.6203,1.6203,1.6203,1.6203,0,0,0,0,0,0,,,,,,,,,,,,,,,,,,,,,,,,,,,,,,,,,,,,,,,,,,,,1.1048729633499663,1.6473064708575735,1.618550951628367,1.622518152878204,1853,1025.85
2026-09-29T05:45:00-04:00,1.6203,1.6203,1.6203,1.6203,0,0,0,0,0,0,,,,,,,,,,,,,,,,,,,,,,,,,,,,,,,,,,,,,,,,,,,,1.1048729633499663,1.6472955644401368,1.6187175276637606,1.6220745223025632,100,1005.95
2026-09-29T05:46:00-04:00,1.62,1.62,1.62,1.62,0,0,0,0,0,0,,,,,,,,,,,,,,,,,,,,,,,,,,,,,,,,,,,,,,,,,,,,1.1048729633499663,1.647229585314103,1.6188396678862595,1.6216596178420506,600,997.15
2026-09-29T05:47:00-04:00,1.62,1.62,1.62,1.62,0,0,0,0,0,0,,,,,,,,,,,,,,,,,,,,,,,,,,,,,,,,,,,,,,,,,,,,1.1048729633499663,1.647197919055916,1.6189501757066158,1.6213276942736403,289,940.7
2026-09-29T05:49:00-04:00,1.6298,1.6298,1.6203,1.6203,0,0,0,0,0,0,,,,,,,,,,,,,,,,,,,,,,,,,,,,,,,,,,,,,,,,,,,,1.1048729633499663,1.6469392109257253,1.6190787304012235,1.6211221554189124,2739,1065.5
2026-09-29T05:50:00-04:00,1.6202,1.6202,1.6202,1.6202,0,0,0,0,0,0,,,,,,,,,,,,,,,,,,,,,,,,,,,,,,,,,,,,,,,,,,,,1.1048729633499663,1.646692890981555,1.6191855179820596,1.62093772433513,2336,1177.3
2026-09-29T05:51:00-04:00,1.6203,1.6203,1.6203,1.6203,0,0,0,0,0,0,,,,,,,,,,,,,,,,,,,,,,,,,,,,,,,,,,,,,,,,,,,,1.1048729633499663,1.646680199390896,1.619291659126625,1.620810179468104,122,1158.1
2026-09-29T05:52:00-04:00,1.62,1.62,1.62,1.62,0,0,0,0,0,0,,,,,,,,,,,,,,,,,,,,,,,,,,,,,,,,,,,,,,,,,,,,1.1048729633499663,1.6466197633598394,1.6193591201621849,1.6206481435744833,576,1166.55
2026-09-29T05:53:00-04:00,1.6203,1.6203,1.62,1.62,0,0,0,0,0,0,,,,,,,,,,,,,,,,,,,,,,,,,,,,,,,,,,,,,,,,,,,,1.1048729633499663,1.6465729145402488,1.6194201563372148,1.6205185148595866,450,1184.05
2026-09-29T05:54:00-04:00,1.625,1.6297,1.6203,1.6203,0,0,0,0,0,0,,,,,,,,,,,,,,,,,,,,,,,,,,,,,,,,,,,,,,,,,,,,1.1048729633499663,1.6464864873849667,1.6195039509717657,1.6204748118876693,955,1140.65
2026-09-29T05:55:00-04:00,1.625,1.63,1.625,1.6297,0,0,0,0,0,0,,,,,,,,,,,,,,,,,,,,,,,,,,,,,,,,,,,,,,,,,,,,1.1048729633499663,1.6462970803917925,1.620475003260169,1.6223198495101354,2681,1198.7
2026-09-29T05:59:00-04:00,1.6297,1.63,1.6297,1.63,0,0,0,0,0,0,,,,,,,,,,,,,,,,,,,,,,,,,,,,,,,,,,,,,,,,,,,,1.1048729633499663,1.646236254450571,1.6213821458068194,1.6238558796081084,962,1233.5
2026-09-29T06:00:00-04:00,1.6297,1.6297,1.6297,1.6297,0,0,0,0,0,0,,,,,,,,,,,,,,,,,,,,,,,,,,,,,,,,,,,,,,,,,,,,1.1048729633499663,1.6462298166628764,1.622174322396646,1.6250247036864869,101,1160.3
2026-09-29T06:01:00-04:00,1.6203,1.6203,1.62,1.62,0,0,0,0,0,0,,,,,,,,,,,,,,,,,,,,,,,,,,,,,,,,,,,,,,,,,,,,1.1048729633499663,1.6459835828570046,1.621967244073156,1.6240197629491893,2468,1278.7
2026-09-29T06:02:00-04:00,1.6297,1.6297,1.6297,1.6297,0,0,0,0,0,0,,,,,,,,,,,,,,,,,,,,,,,,,,,,,,,,,,,,,,,,,,,,1.1048729633499663,1.64588446115098,1.6227036970185698,1.6251558103593513,1604,1183.4
2026-09-29T06:04:00-04:00,1.6297,1.6298,1.6297,1.6298,0,0,0,0,0,0,,,,,,,,,,,,,,,,,,,,,,,,,,,,,,,,,,,,,,,,,,,,1.1048729633499663,1.6458711376795931,1.6233795353977536,1.6260846482874811,218,1189.3
2026-09-29T06:05:00-04:00,1.625,1.625,1.625,1.625,0,0,0,0,0,0,,,,,,,,,,,,,,,,,,,,,,,,,,,,,,,,,,,,,,,,,,,,1.1048729633499663,1.6458001530490776,1.6235338653598723,1.6258677186299848,900,1104.7
2026-09-29T06:06:00-04:00,1.6297,1.6297,1.6297,1.6297,0,0,0,0,0,0,,,,,,,,,,,,,,,,,,,,,,,,,,,,,,,,,,,,,,,,,,,,1.1048729633499663,1.645790606470326,1.6241211162779796,1.626634174903988,157,1107.55
2026-09-29T06:07:00-04:00,1.6297,1.63,1.6203,1.6203,0,0,0,0,0,0,,,,,,,,,,,,,,,,,,,,,,,,,,,,,,,,,,,,,,,,,,,,1.1048729633499663,1.645741874466917,1.6237572004419816,1.6253673399231905,581,1001.75
2026-09-29T06:08:00-04:00,1.6297,1.6297,1.6203,1.6203,0,0,0,0,0,0,,,,,,,,,,,,,,,,,,,,,,,,,,,,,,,,,,,,,,,,,,,,1.1048729633499663,1.6457155079113546,1.6234279432570309,1.6243538719385522,314,1000.3
2026-09-29T06:09:00-04:00,1.6297,1.6297,1.6297,1.6297,0,0,0,0,0,0,,,,,,,,,,,,,,,,,,,,,,,,,,,,,,,,,,,,,,,,,,,,1.1048729633499663,1.6457093011909778,1.6240252819944565,1.6254230975508417,103,912.8
2026-09-29T06:13:00-04:00,1.6298,1.6298,1.6203,1.6203,0,0,0,0,0,0,,,,,,,,,,,,,,,,,,,,,,,,,,,,,,,,,,,,,,,,,,,,1.1048729633499663,1.6456251779522837,1.6236704932330797,1.6243984780406733,1009,958.25
2026-09-29T06:15:00-04:00,1.63,1.6403,1.63,1.64,0,0,0,0,0,0,,,,,,,,,,,,,,,,,,,,,,,,,,,,,,,,,,,,,,,,,,,,1.1048729633499663,1.6455507657331176,1.6252256843537387,1.6275187824325386,2260,1041.25
2026-09-29T06:16:00-04:00,1.6403,1.6403,1.6403,1.6403,0,0,0,0,0,0,,,,,,,,,,,,,,,,,,,,,,,,,,,,,,,,,,,,,,,,,,,,1.1048729633499663,1.6454929006321304,1.6266613334629063,1.6300750259460308,2998,1176.7
2026-09-29T06:17:00-04:00,1.64,1.6403,1.64,1.64,0,0,0,0,0,0,,,,,,,,,,,,,,,,,,,,,,,,,,,,,,,,,,,,,,,,,,,,1.1048729633499663,1.645478744117212,1.6279316826569157,1.6320600207568243,716,1075.55
2026-09-29T06:18:00-04:00,1.64,1.64,1.64,1.64,0,0,0,0,0,0,,,,,,,,,,,,,,,,,,,,,,,,,,,,,,,,,,,,,,,,,,,,1.1048729633499663,1.6454747297823726,1.6290810462133998,1.6336480166054597,200,968.75
2026-09-29T06:19:00-04:00,1.645,1.645,1.64,1.64,0,0,0,0,0,0,,,,,,,,,,,,,,,,,,,,,,,,,,,,,,,,,,,,,,,,,,,,1.1048729633499663,1.6454688654376082,1.6301209465740285,1.6349184132843677,421,983.7
2026-09-29T06:21:00-04:00,1.6498,1.6498,1.6498,1.6498,0,0,0,0,0,0,,,,,,,,,,,,,,,,,,,,,,,,,,,,,,,,,,,,,,,,,,,,1.1048729633499663,1.645503909267927,1.6319951421384065,1.6378947306274942,2230,1066.4
2026-09-29T06:22:00-04:00,1.6497,1.6497,1.64,1.64,0,0,0,0,0,0,,,,,,,,,,,,,,,,,,,,,,,,,,,,,,,,,,,,,,,,,,,,1.1048729633499663,1.645500298376979,1.6327575095537965,1.638315784501995,439,1065.85
2026-09-29T06:25:00-04:00,1.6403,1.6403,1.6403,1.6403,0,0,0,0,0,0,,,,,,,,,,,,,,,,,,,,,,,,,,,,,,,,,,,,,,,,,,,,1.1048729633499663,1.6454903332019664,1.6334758419772442,1.6387126276015962,530,1044.6
2026-09-29T06:27:00-04:00,1.6403,1.6403,1.63,1.63,0,0,0,0,0,0,,,,,,,,,,,,,,,,,,,,,,,,,,,,,,,,,,,,,,,,,,,,1.1048729633499663,1.6450858758562532,1.6331448094079828,1.636970102081277,9600,1390.55
2026-09-29T06:28:00-04:00,1.63,1.63,1.6203,1.63,0,0,0,0,0,0,,,,,,,,,,,,,,,,,,,,,,,,,,,,,,,,,,,,,,,,,,,,1.1048729633499663,1.6449895333667026,1.6328453037500796,1.6355760816650216,1513,1418.1
2026-09-29T06:31:00-04:00,1.64,1.64,1.64,1.64,0,0,0,0,0,0,,,,,,,,,,,,,,,,,,,,,,,,,,,,,,,,,,,,,,,,,,,,1.1048729633499663,1.644986067113131,1.6335267033929293,1.6364608653320172,200,1423.05
2026-09-29T06:33:00-04:00,1.6484,1.6484,1.6484,1.6484,0,0,0,0,0,0,,,,,,,,,,,,,,,,,,,,,,,,,,,,,,,,,,,,,,,,,,,,1.1048729633499663,1.644987430282366,1.634943207831698,1.6388486922656138,115,1305.4
2026-09-29T06:34:00-04:00,1.64,1.64,1.64,1.64,0,0,0,0,0,0,,,,,,,,,,,,,,,,,,,,,,,,,,,,,,,,,,,,,,,,,,,,1.1048729633499663,1.644949416934568,1.635424807085822,1.639078953812491,2212,1335.8
2026-09-29T06:35:00-04:00,1.64,1.65,1.64,1.65,0,0,0,0,0,0,,,,,,,,,,,,,,,,,,,,,,,,,,,,,,,,,,,,,,,,,,,,1.1048729633499663,1.64496693439287,1.636812920696696,1.6412631630499928,2991,1474.45
2026-09-29T06:36:00-04:00,1.6498,1.65,1.6403,1.6403,0,0,0,0,0,0,,,,,,,,,,,,,,,,,,,,,,,,,,,,,,,,,,,,,,,,,,,,1.1048729633499663,1.644956248335658,1.6371450234874867,1.6410705304399942,2202,1539.55
2026-09-29T06:37:00-04:00,1.65,1.65,1.65,1.65,0,0,0,0,0,0,,,,,,,,,,,,,,,,,,,,,,,,,,,,,,,,,,,,,,,,,,,,1.1048729633499663,1.6449732643527704,1.6383693069648688,1.6428564243519954,1000,1581.7
2026-09-29T06:38:00-04:00,1.6403,1.6403,1.64,1.64,0,0,0,0,0,0,,,,,,,,,,,,,,,,,,,,,,,,,,,,,,,,,,,,,,,,,,,,1.1048729633499663,1.644943248538414,1.6385246110634528,1.6422851394815965,1837,1644.5
2026-09-29T06:39:00-04:00,1.645,1.645,1.645,1.645,0,0,0,0,0,0,,,,,,,,,,,,,,,,,,,,,,,,,,,,,,,,,,,,,,,,,,,,1.1048729633499663,1.6449433889987035,1.6391413147716951,1.642828111585277,740,1665.8
2026-09-29T06:41:00-04:00,1.6403,1.6403,1.6403,1.6403,0,0,0,0,0,0,,,,,,,,,,,,,,,,,,,,,,,,,,,,,,,,,,,,,,,,,,,,1.1048729633499663,1.644937402032011,1.6392516657458196,1.6423224892682216,386,1679.95
2026-09-29T06:42:00-04:00,1.6403,1.6403,1.6403,1.6403,0,0,0,0,0,0,,,,,,,,,,,,,,,,,,,,,,,,,,,,,,,,,,,,,,,,,,,,1.1048729633499663,1.6449358535214404,1.6393515071033606,1.6419179914145772,100,1634.5
2026-09-29T06:43:00-04:00,1.6403,1.6403,1.6403,1.6403,0,0,0,0,0,0,,,,,,,,,,,,,,,,,,,,,,,,,,,,,,,,,,,,,,,,,,,,1.1048729633499663,1.644930951570867,1.6394418397601835,1.6415943931316617,317,1537.35
2026-09-29T06:44:00-04:00,1.6403,1.6403,1.6403,1.6403,0,0,0,0,0,0,,,,,,,,,,,,,,,,,,,,,,,,,,,,,,,,,,,,,,,,,,,,1.1048729633499663,1.6449142977902156,1.6395235693068326,1.6413355145053294,1082,1441.55
2026-09-29T06:45:00-04:00,1.6497,1.6497,1.6303,1.64,0,0,0,0,0,0,,,,,,,,,,,,,,,,,,,,,,,,,,,,,,,,,,,,,,,,,,,,1.1048729633499663,1.6448276051852844,1.6395689436585628,1.6410684116042635,5403,1675.9
2026-09-29T06:46:00-04:00,1.63,1.6397,1.63,1.6397,0,0,0,0,0,0,,,,,,,,,,,,,,,,,,,,,,,,,,,,,,,,,,,,,,,,,,,,1.1048729633499663,1.644589291797642,1.63958142521489,1.6407947292834109,8986,2115.2
2026-09-29T06:47:00-04:00,1.6397,1.6397,1.6303,1.6303,0,0,0,0,0,0,,,,,,,,,,,,,,,,,,,,,,,,,,,,,,,,,,,,,,,,,,,,1.1048729633499663,1.6445042746880547,1.6386974799563292,1.6386957834267286,2421,2215.2
2026-09-29T06:48:00-04:00,1.63,1.6399,1.63,1.6399,0,0,0,0,0,0,,,,,,,,,,,,,,,,,,,,,,,,,,,,,,,,,,,,,,,,,,,,1.1048729633499663,1.6442564225778125,1.638812005674774,1.638936626741383,10284,2617.9
2026-09-29T06:49:00-04:00,1.6397,1.6397,1.6303,1.6303,0,0,0,0,0,0,,,,,,,,,,,,,,,,,,,,,,,,,,,,,,,,,,,,,,,,,,,,1.1048729633499663,1.6442197189775254,1.6380013384676526,1.6372093013931064,1116,2651.75
2026-09-29T06:50:00-04:00,1.6397,1.6397,1.6303,1.6303,0,0,0,0,0,0,,,,,,,,,,,,,,,,,,,,,,,,,,,,,,,,,,,,,,,,,,,,1.1048729633499663,1.644204989469979,1.6372678776612095,1.635827441114485,450,2647.75
2026-09-29T06:51:00-04:00,1.6301,1.6301,1.6301,1.6301,0,0,0,0,0,0,,,,,,,,,,,,,,,,,,,,,,,,,,,,,,,,,,,,,,,,,,,,1.1048729633499663,1.644187120550868,1.6365852226458562,1.634681952891588,418,2188.65
2026-09-29T06:52:00-04:00,1.6399,1.6399,1.6303,1.6303,0,0,0,0,0,0,,,,,,,,,,,,,,,,,,,,,,,,,,,,,,,,,,,,,,,,,,,,1.1048729633499663,1.644011990794428,1.6359866300129176,1.6338055623132706,5497,2387.85
2026-09-29T06:53:00-04:00,1.6303,1.6303,1.63,1.63,0,0,0,0,0,0,,,,,,,,,,,,,,,,,,,,,,,,,,,,,,,,,,,,,,,,,,,,1.1048729633499663,1.6439830203272954,1.635416474773592,1.6330444498506165,700,2412.85
2026-09-29T06:54:00-04:00,1.63,1.63,1.63,1.63,0,0,0,0,0,0,,,,,,,,,,,,,,,,,,,,,,,,,,,,,,,,,,,,,,,,,,,,1.1048729633499663,1.6439170677617825,1.63490062003325,1.6324355598804932,1593,2486.75
2026-09-29T06:57:00-04:00,1.6397,1.6397,1.6397,1.6397,0,0,0,0,0,0,,,,,,,,,,,,,,,,,,,,,,,,,,,,,,,,,,,,,,,,,,,,1.1048729633499663,1.6439149087788347,1.635357703839607,1.6338884479043945,173,2384.8
2026-09-29T07:00:00-04:00,1.6399,1.6399,1.63,1.63,0,0,0,0,0,0,,,,,,,,,,,,,,,,,,,,,,,,,,,,,,,,,,,,,,,,,,,,1.1048729633499663,1.6438500005882457,1.634847446331073,1.6331107583235156,2079,2339.2
2026-09-29T07:01:00-04:00,1.6303,1.64,1.6303,1.64,0,0,0,0,0,0,,,,,,,,,,,,,,,,,,,,,,,,,,,,,,,,,,,,,,,,,,,,1.1048729633499663,1.643807568054309,1.6353381657281136,1.6344886066588125,2049,2331.55
2026-09-29T07:02:00-04:00,1.6397,1.6397,1.6397,1.6397,0,0,0,0,0,0,,,,,,,,,,,,,,,,,,,,,,,,,,,,,,,,,,,,,,,,,,,,1.1048729633499663,1.6438060434871555,1.6357535785159123,1.63553088532705,127,2287.9
2026-09-29T07:03:00-04:00,1.64,1.64,1.64,1.64,0,0,0,0,0,0,,,,,,,,,,,,,,,,,,,,,,,,,,,,,,,,,,,,,,,,,,,,1.1048729633499663,1.6438043090504373,1.636157999609635,1.63642470826164,156,2203.85
2026-09-29T07:04:00-04:00,1.6497,1.6497,1.6403,1.6403,0,0,0,0,0,0,,,,,,,,,,,,,,,,,,,,,,,,,,,,,,,,,,,,,,,,,,,,1.1048729633499663,1.6438034484333073,1.6365524758372887,1.637199766609312,796,2206.65
2026-09-29T07:06:00-04:00,1.64,1.64,1.6303,1.6303,0,0,0,0,0,0,,,,,,,,,,,,,,,,,,,,,,,,,,,,,,,,,,,,,,,,,,,,1.1048729633499663,1.64376825045067,1.6359570019480232,1.6358198132874495,1180,2246.35
2026-09-29T07:07:00-04:00,1.64,1.64,1.62,1.62,0,0,0,0,0,0,,,,,,,,,,,,,,,,,,,,,,,,,,,,,,,,,,,,,,,,,,,,1.1048729633499663,1.6430462312587568,1.634437287476783,1.6326558506299598,15177,3000.2
2026-09-29T07:09:00-04:00,1.63,1.63,1.6203,1.6224,0,0,0,0,0,0,,,,,,,,,,,,,,,,,,,,,,,,,,,,,,,,,,,,,,,,,,,,1.1048729633499663,1.6429842115186264,1.6332908791456608,1.6306046805039678,1189,3043.8
2026-09-29T07:10:00-04:00,1.6203,1.6203,1.6203,1.6203,0,0,0,0,0,0,,,,,,,,,,,,,,,,,,,,,,,,,,,,,,,,,,,,,,,,,,,,1.1048729633499663,1.6429370755272965,1.6320536525603595,1.6285437444031745,751,3027.25
2026-09-29T07:11:00-04:00,1.6316,1.64,1.63,1.63,0,0,0,0,0,0,,,,,,,,,,,,,,,,,,,,,,,,,,,,,,,,,,,,,,,,,,,,1.1048729633499663,1.6429008880350031,1.6318580666022302,1.6288349955225394,1367,2825.45
2026-09-29T07:13:00-04:00,1.6303,1.6303,1.6303,1.6303,0,0,0,0,0,0,,,,,,,,,,,,,,,,,,,,,,,,,,,,,,,,,,,,,,,,,,,,1.1048729633499663,1.6428904765445835,1.6317096793067798,1.6291279964180316,300,2391.15
2026-09-29T07:14:00-04:00,1.63,1.6397,1.63,1.6397,0,0,0,0,0,0,,,,,,,,,,,,,,,,,,,,,,,,,,,,,,,,,,,,,,,,,,,,1.1048729633499663,1.642862836836645,1.6324706622299436,1.6312423971344252,1569,2348.55
2026-09-29T07:15:00-04:00,1.6397,1.64,1.6397,1.6397,0,0,0,0,0,0,,,,,,,,,,,,,,,,,,,,,,,,,,,,,,,,,,,,,,,,,,,,1.1048729633499663,1.6428329774108723,1.6331591705889963,1.6329339177075402,3590,2013.85
2026-09-29T07:16:00-04:00,1.63,1.63,1.63,1.63,0,0,0,0,0,0,,,,,,,,,,,,,,,,,,,,,,,,,,,,,,,,,,,,,,,,,,,,1.1048729633499663,1.6428214875308058,1.6328582971995682,1.632347134166032,330,1974.55
2026-09-29T07:17:00-04:00,1.6303,1.6303,1.6303,1.6303,0,0,0,0,0,0,,,,,,,,,,,,,,,,,,,,,,,,,,,,,,,,,,,,,,,,,,,,1.1048729633499663,1.642808930238021,1.6326146498472285,1.6319377073328256,370,1970.55
2026-09-29T07:18:00-04:00,1.638,1.638,1.638,1.638,0,0,0,0,0,0,,,,,,,,,,,,,,,,,,,,,,,,,,,,,,,,,,,,,,,,,,,,1.1048729633499663,1.642693173475821,1.6331275403379686,1.6331501658662604,9100,2404.65
2026-09-29T07:19:00-04:00,1.6303,1.6303,1.6303,1.6303,0,0,0,0,0,0,,,,,,,,,,,,,,,,,,,,,,,,,,,,,,,,,,,,,,,,,,,,1.1048729633499663,1.642681710293917,1.6328582507819716,1.6325801326930085,350,2147.3
2026-09-29T07:22:00-04:00,1.64,1.64,1.63,1.6303,0,0,0,0,0,0,,,,,,,,,,,,,,,,,,,,,,,,,,,,,,,,,,,,,,,,,,,,1.1048729633499663,1.642637392068214,1.6326146078503552,1.6321241061544067,1822,2203.4
2026-09-29T07:23:00-04:00,1.6303,1.6303,1.6303,1.6303,0,0,0,0,0,0,,,,,,,,,,,,,,,,,,,,,,,,,,,,,,,,,,,,,,,,,,,,1.1048729633499663,1.6426329806784754,1.632394169007464,1.6317592849235254,136,2130.55
2026-09-29T07:24:00-04:00,1.6303,1.64,1.63,1.63,0,0,0,0,0,0,,,,,,,,,,,,,,,,,,,,,,,,,,,,,,,,,,,,,,,,,,,,1.1048729633499663,1.642603028357383,1.6321661529115152,1.6314074279388202,1229,2183.35
2026-09-29T07:26:00-04:00,1.6397,1.64,1.6303,1.6389,0,0,0,0,0,0,,,,,,,,,,,,,,,,,,,,,,,,,,,,,,,,,,,,,,,,,,,,1.1048729633499663,1.6425645947548495,1.632807471681847,1.632905942351056,2379,2198.35
2026-09-29T07:27:00-04:00,1.6397,1.6397,1.6302,1.6302,0,0,0,0,0,0,,,,,,,,,,,,,,,,,,,,,,,,,,,,,,,,,,,,,,,,,,,,1.1048729633499663,1.642483767247945,1.6325591410454807,1.632364753880845,3404,2266.1
2026-09-29T07:28:00-04:00,1.6303,1.64,1.6303,1.64,0,0,0,0,0,0,,,,,,,,,,,,,,,,,,,,,,,,,,,,,,,,,,,,,,,,,,,,1.1048729633499663,1.642460250065345,1.6332677942792444,1.633891803104676,1600,2339.75
2026-09-29T07:29:00-04:00,1.63,1.6397,1.63,1.6397,0,0,0,0,0,0,,,,,,,,,,,,,,,,,,,,,,,,,,,,,,,,,,,,,,,,,,,,1.1048729633499663,1.6424107220015338,1.6338803853002688,1.6350534424837408,3241,2494.0
2026-09-29T07:30:00-04:00,1.6397,1.6397,1.6303,1.6303,0,0,0,0,0,0,,,,,,,,,,,,,,,,,,,,,,,,,,,,,,,,,,,,,,,,,,,,1.1048729633499663,1.6423349842284327,1.6335393962240528,1.6341027539869928,3337,2621.05
2026-09-29T07:31:00-04:00,1.6397,1.6397,1.63,1.63,0,0,0,0,0,0,,,,,,,,,,,,,,,,,,,,,,,,,,,,,,,,,,,,,,,,,,,,1.1048729633499663,1.6422987494250334,1.633202310869381,1.6332822031895942,1581,2641.1
2026-09-29T07:32:00-04:00,1.6397,1.64,1.6397,1.6399,0,0,0,0,0,0,,,,,,,,,,,,,,,,,,,,,,,,,,,,,,,,,,,,,,,,,,,,1.1048729633499663,1.642181565830272,1.633840186024678,1.6346057625516752,20103,2887.4
2026-09-29T07:33:00-04:00,1.63,1.64,1.63,1.64,0,0,0,0,0,0,,,,,,,,,,,,,,,,,,,,,,,,,,,,,,,,,,,,,,,,,,,,1.1048729633499663,1.6421430029472557,1.6344268349747086,1.6356846100413402,2938,2974.85
2026-09-29T07:34:00-04:00,1.63,1.63,1.63,1.63,0,0,0,0,0,0,,,,,,,,,,,,,,,,,,,,,,,,,,,,,,,,,,,,,,,,,,,,1.1048729633499663,1.642134569845034,1.634005231643784,1.6345476880330725,292,2951.9
2026-09-29T07:35:00-04:00,1.6397,1.6397,1.6397,1.6397,0,0,0,0,0,0,,,,,,,,,,,,,,,,,,,,,,,,,,,,,,,,,,,,,,,,,,,,1.1048729633499663,1.6421333082149725,1.6345475905348523,1.6355781504264577,218,2894.45
2026-09-29T07:36:00-04:00,1.63,1.6301,1.63,1.63,0,0,0,0,0,0,,,,,,,,,,,,,,,,,,,,,,,,,,,,,,,,,,,,,,,,,,,,1.1048729633499663,1.6420569663269924,1.6341144866743902,1.6344625203411662,2671,3013.0
2026-09-29T07:37:00-04:00,1.6303,1.6397,1.6303,1.6397,0,0,0,0,0,0,,,,,,,,,,,,,,,,,,,,,,,,,,,,,,,,,,,,,,,,,,,,1.1048729633499663,1.6420510589064397,1.6346464403244485,1.635510016272933,456,2957.35
2026-09-29T07:38:00-04:00,1.63,1.6301,1.63,1.6301,0,0,0,0,0,0,,,,,,,,,,,,,,,,,,,,,,,,,,,,,,,,,,,,,,,,,,,,1.1048729633499663,1.641939003401886,1.634213446007834,1.6344280130183464,4000,2977.85
2026-09-29T07:39:00-04:00,1.635,1.635,1.63,1.63,0,0,0,0,0,0,,,,,,,,,,,,,,,,,,,,,,,,,,,,,,,,,,,,,,,,,,,,1.1048729633499663,1.6419229166520808,1.6338121654356594,1.6335424104146772,671,2994.9
2026-09-29T07:40:00-04:00,1.6302,1.64,1.6302,1.64,0,0,0,0,0,0,,,,,,,,,,,,,,,,,,,,,,,,,,,,,,,,,,,,,,,,,,,,1.1048729633499663,1.641897689862492,1.6344014830132156,1.6348339283317417,2093,3081.05
2026-09-29T07:41:00-04:00,1.6397,1.65,1.6303,1.65,0,0,0,0,0,0,,,,,,,,,,,,,,,,,,,,,,,,,,,,,,,,,,,,,,,,,,,,1.1048729633499663,1.6419224774352772,1.635887056059576,1.6378671426653932,7064,2979.25
2026-09-29T07:42:00-04:00,1.65,1.65,1.65,1.65,0,0,0,0,0,0,,,,,,,,,,,,,,,,,,,,,,,,,,,,,,,,,,,,,,,,,,,,1.1048729633499663,1.641927955572505,1.637231145958664,1.6402937141323146,297,2976.6
2026-09-29T07:43:00-04:00,1.64,1.64,1.64,1.64,0,0,0,0,0,0,,,,,,,,,,,,,,,,,,,,,,,,,,,,,,,,,,,,,,,,,,,,1.1048729633499663,1.6419272998292542,1.637494846343553,1.6402349713058515,149,2892.95
2026-09-29T07:45:00-04:00,1.65,1.65,1.64,1.64,0,0,0,0,0,0,,,,,,,,,,,,,,,,,,,,,,,,,,,,,,,,,,,,,,,,,,,,1.1048729633499663,1.6419493356941122,1.6377334324060715,1.6401879770446814,6975,3234.9
2026-09-29T07:46:00-04:00,1.635,1.635,1.63,1.63,0,0,0,0,0,0,,,,,,,,,,,,,,,,,,,,,,,,,,,,,,,,,,,,,,,,,,,,1.1048729633499663,1.6419262830184598,1.6369969150340649,1.6381503816357452,1000,3223.45
2026-09-29T07:48:00-04:00,1.635,1.635,1.6303,1.6303,0,0,0,0,0,0,,,,,,,,,,,,,,,,,,,,,,,,,,,,,,,,,,,,,,,,,,,,1.1048729633499663,1.6419142993202465,1.636359113602249,1.636580305308596,532,3131.1
2026-09-29T07:49:00-04:00,1.635,1.635,1.635,1.635,0,0,0,0,0,0,,,,,,,,,,,,,,,,,,,,,,,,,,,,,,,,,,,,,,,,,,,,1.1048729633499663,1.641884930105897,1.6362296742115587,1.6362642442468769,1905,3056.15
2026-09-29T07:50:00-04:00,1.6397,1.645,1.6397,1.645,0,0,0,0,0,0,,,,,,,,,,,,,,,,,,,,,,,,,,,,,,,,,,,,,,,,,,,,1.1048729633499663,1.6418978564388185,1.6370649433342674,1.6380113953975015,4341,3193.2
2026-09-29T07:52:00-04:00,1.64,1.6497,1.64,1.6402,0,0,0,0,0,0,,,,,,,,,,,,,,,,,,,,,,,,,,,,,,,,,,,,,,,,,,,,1.1048729633499663,1.6419131845457824,1.637363520159575,1.6384491163180013,5005,3281.4
2026-09-29T07:54:00-04:00,1.645,1.65,1.645,1.645,0,0,0,0,0,0,,,,,,,,,,,,,,,,,,,,,,,,,,,,,,,,,,,,,,,,,,,,1.1048729633499663,1.6419199961031594,1.6380908039539015,1.639759293054401,657,3147.4
2026-09-29T07:55:00-04:00,1.65,1.65,1.6497,1.6497,0,0,0,0,0,0,,,,,,,,,,,,,,,,,,,,,,,,,,,,,,,,,,,,,,,,,,,,1.1048729633499663,1.6420487854414605,1.6391964416725775,1.6417474344435208,7618,3449.25
2026-09-29T07:56:00-04:00,1.6497,1.6497,1.64,1.64,0,0,0,0,0,0,,,,,,,,,,,,,,,,,,,,,,,,,,,,,,,,,,,,,,,,,,,,1.1048729633499663,1.6420517994227817,1.639272971037094,1.6413979475548166,1189,2503.55
2026-09-29T07:57:00-04:00,1.65,1.65,1.6403,1.6403,0,0,0,0,0,0,,,,,,,,,,,,,,,,,,,,,,,,,,,,,,,,,,,,,,,,,,,,1.1048729633499663,1.6420535948760158,1.6393707833192754,1.6411783580438533,567,2385.0
2026-09-29T07:58:00-04:00,1.64,1.64,1.64,1.64,0,0,0,0,0,0,,,,,,,,,,,,,,,,,,,,,,,,,,,,,,,,,,,,,,,,,,,,1.1048729633499663,1.6420521255161622,1.6394307087174396,1.640942686435083,335,2387.15
2026-09-29T07:59:00-04:00,1.6498,1.6498,1.6498,1.6498,0,0,0,0,0,0,,,,,,,,,,,,,,,,,,,,,,,,,,,,,,,,,,,,,,,,,,,,1.1048729633499663,1.642053779984341,1.6404182602681596,1.642714149148066,100,2381.25
2026-09-29T08:00:00-04:00,1.65,1.66,1.65,1.66,0,0,0,0,0,0,,,,,,,,,,,,,,,,,,,,,,,,,,,,,,,,,,,,,,,,,,,,1.1048729633499663,1.6425236144150035,1.6422831878616682,1.6461713193184528,15557,3025.55
2026-09-29T08:01:00-04:00,1.655,1.66,1.65,1.65,0,0,0,0,0,0,,,,,,,,,,,,,,,,,,,,,,,,,,,,,,,,,,,,,,,,,,,,1.1048729633499663,1.6426662951474085,1.6430181223510332,1.6469370554547622,6472,3326.35
2026-09-29T08:02:00-04:00,1.65,1.65,1.65,1.65,0,0,0,0,0,0,,,,,,,,,,,,,,,,,,,,,,,,,,,,,,,,,,,,,,,,,,,,1.1048729633499663,1.6428183129355505,1.6436830630795063,1.6475496443638098,10379,3645.3
2026-09-29T08:03:00-04:00,1.65,1.65,1.64,1.64,0,0,0,0,0,0,,,,,,,,,,,,,,,,,,,,,,,,,,,,,,,,,,,,,,,,,,,,1.1048729633499663,1.642825989341917,1.6433322951671725,1.6460397154910478,7576,3990.55
2026-09-29T08:04:00-04:00,1.6498,1.6498,1.64,1.6497,0,0,0,0,0,0,,,,,,,,,,,,,,,,,,,,,,,,,,,,,,,,,,,,,,,,,,,,1.1048729633499663,1.6428497600962229,1.6439387432464891,1.646771772392838,3310,4051.4
2026-09-29T08:05:00-04:00,1.64,1.6401,1.64,1.64,0,0,0,0,0,0,,,,,,,,,,,,,,,,,,,,,,,,,,,,,,,,,,,,,,,,,,,,1.1048729633499663,1.6428434487972865,1.6435636248420615,1.6454174179142704,1149,3755.65
2026-09-29T08:06:00-04:00,1.65,1.65,1.65,1.65,0,0,0,0,0,0,,,,,,,,,,,,,,,,,,,,,,,,,,,,,,,,,,,,,,,,,,,,1.1048729633499663,1.6428552372941536,1.6441766129523414,1.6463339343314165,846,3783.1
2026-09-29T08:07:00-04:00,1.6499,1.65,1.6499,1.65,0,0,0,0,0,0,,,,,,,,,,,,,,,,,,,,,,,,,,,,,,,,,,,,,,,,,,,,1.1048729633499663,1.6428600802819018,1.6447312212425946,1.647067147465133,350,3793.15
2026-09-29T08:08:00-04:00,1.65,1.65,1.6402,1.6497,0,0,0,0,0,0,,,,,,,,,,,,,,,,,,,,,,,,,,,,,,,,,,,,,,,,,,,,1.1048729633499663,1.642866969003074,1.6452044382671094,1.6475937179721063,940,3491.4
2026-09-29T08:10:00-04:00,1.6401,1.67,1.6401,1.67,0,0,0,0,0,0,,,,,,,,,,,,,,,,,,,,,,,,,,,,,,,,,,,,,,,,,,,,1.1048729633499663,1.6431340728886448,1.6475659203369084,1.6520749743776852,8138,3848.3
2026-09-29T08:11:00-04:00,1.66,1.66,1.65,1.6503,0,0,0,0,0,0,,,,,,,,,,,,,,,,,,,,,,,,,,,,,,,,,,,,,,,,,,,,1.1048729633499663,1.643194447073851,1.6478263088762504,1.6517199795021482,3084,3975.9
2026-09-29T08:12:00-04:00,1.6599,1.6599,1.6599,1.6599,0,0,0,0,0,0,,,,,,,,,,,,,,,,,,,,,,,,,,,,,,,,,,,,,,,,,,,,1.1048729633499663,1.643198637485677,1.6489761842213693,1.6533559836017186,132,3887.25
2026-09-29T08:13:00-04:00,1.66,1.66,1.6502,1.6502,0,0,0,0,0,0,,,,,,,,,,,,,,,,,,,,,,,,,,,,,,,,,,,,,,,,,,,,1.1048729633499663,1.643215585189233,1.6490927381050484,1.6527247868813748,870,3713.7
2026-09-29T08:14:00-04:00,1.66,1.66,1.6581,1.6581,0,0,0,0,0,0,,,,,,,,,,,,,,,,,,,,,,,,,,,,,,,,,,,,,,,,,,,,1.1048729633499663,1.6432214708937118,1.6499505725712342,1.6537998295050995,200,3473.45
2026-09-29T08:15:00-04:00,1.655,1.655,1.65,1.65,0,0,0,0,0,0,,,,,,,,,,,,,,,,,,,,,,,,,,,,,,,,,,,,,,,,,,,,1.1048729633499663,1.6432524913068318,1.6499552799454025,1.6530398636040795,1944,3537.8
2026-09-29T08:16:00-04:00,1.65,1.65,1.64,1.6402,0,0,0,0,0,0,,,,,,,,,,,,,,,,,,,,,,,,,,,,,,,,,,,,,,,,,,,,1.1048729633499663,1.643255528434372,1.649026205664888,1.6504718908832638,11126,3713.2
2026-09-29T08:17:00-04:00,1.645,1.645,1.64,1.64,0,0,0,0,0,0,,,,,,,,,,,,,,,,,,,,,,,,,,,,,,,,,,,,,,,,,,,,1.1048729633499663,1.6432514928500104,1.6481665670301366,1.6483775127066111,1376,3722.55
2026-09-29T08:18:00-04:00,1.64,1.645,1.64,1.645,0,0,0,0,0,0,,,,,,,,,,,,,,,,,,,,,,,,,,,,,,,,,,,,,,,,,,,,1.1048729633499663,1.643251575852682,1.6478649892177426,1.6477020101652888,550,3721.7
2026-09-29T08:19:00-04:00,1.64,1.64,1.64,1.64,0,0,0,0,0,0,,,,,,,,,,,,,,,,,,,,,,,,,,,,,,,,,,,,,,,,,,,,1.1048729633499663,1.6432501314803214,1.6471159426255766,1.646161608132231,241,3717.0
2026-09-29T08:21:00-04:00,1.64,1.64,1.64,1.64,0,0,0,0,0,0,,,,,,,,,,,,,,,,,,,,,,,,,,,,,,,,,,,,,,,,,,,,1.1048729633499663,1.6432495325323118,1.646438233804093,1.6449292865057847,100,3717.0
2026-09-29T08:23:00-04:00,1.645,1.645,1.645,1.645,0,0,0,0,0,0,,,,,,,,,,,,,,,,,,,,,,,,,,,,,,,,,,,,,,,,,,,,1.1048729633499663,1.643250177461745,1.6463012591560842,1.644943429204628,200,2949.15
2026-09-29T08:25:00-04:00,1.64,1.64,1.64,1.64,0,0,0,0,0,0,,,,,,,,,,,,,,,,,,,,,,,,,,,,,,,,,,,,,,,,,,,,1.1048729633499663,1.6432477962390952,1.6457011392364571,1.6439547433637025,398,2645.45
2026-09-29T08:26:00-04:00,1.645,1.645,1.64,1.6401,0,0,0,0,0,0,,,,,,,,,,,,,,,,,,,,,,,,,,,,,,,,,,,,,,,,,,,,1.1048729633499663,1.6432457247940746,1.6451676974044136,1.6431837946909618,728,2162.9
2026-09-29T08:27:00-04:00,1.6498,1.6498,1.6497,1.6497,0,0,0,0,0,0,,,,,,,,,,,,,,,,,,,,,,,,,,,,,,,,,,,,,,,,,,,,1.1048729633499663,1.6432618094396303,1.64559934527066,1.6444870357527694,1352,1851.7
2026-09-29T08:28:00-04:00,1.645,1.6499,1.645,1.6499,0,0,0,0,0,0,,,,,,,,,,,,,,,,,,,,,,,,,,,,,,,,,,,,,,,,,,,,1.1048729633499663,1.64326424039361,1.646008931435359,1.6455696286022157,265,1699.45
2026-09-29T08:29:00-04:00,1.64,1.6403,1.64,1.64,0,0,0,0,0,0,,,,,,,,,,,,,,,,,,,,,,,,,,,,,,,,,,,,,,,,,,,,1.1048729633499663,1.6432549302835873,1.645436652251039,1.6444557028817723,1610,1722.5
2026-09-29T08:30:00-04:00,1.645,1.645,1.64,1.645,0,0,0,0,0,0,,,,,,,,,,,,,,,,,,,,,,,,,,,,,,,,,,,,,,,,,,,,1.1048729633499663,1.6432550890049242,1.6453950663223686,1.644564562305418,1110,1735.7
2026-09-29T08:31:00-04:00,1.64,1.64,1.64,1.64,0,0,0,0,0,0,,,,,,,,,,,,,,,,,,,,,,,,,,,,,,,,,,,,,,,,,,,,1.1048729633499663,1.6432286148612187,1.644881250482143,1.6436516498443343,4496,1943.0
2026-09-29T08:32:00-04:00,1.63,1.6396,1.61,1.615,0,0,0,0,0,0,,,,,,,,,,,,,,,,,,,,,,,,,,,,,,,,,,,,,,,,,,,,1.1048729633499663,1.6413157504360123,1.6420354171028912,1.6379213198754674,53453,4568.65
2026-09-29T08:33:00-04:00,1.61,1.62,1.61,1.62,0,0,0,0,0,0,,,,,,,,,,,,,,,,,,,,,,,,,,,,,,,,,,,,,,,,,,,,1.1048729633499663,1.6411116831039638,1.639936805950235,1.634337055900374,5061,4414.8
2026-09-29T08:34:00-04:00,1.6208,1.6208,1.6208,1.6208,0,0,0,0,0,0,,,,,,,,,,,,,,,,,,,,,,,,,,,,,,,,,,,,,,,,,,,,1.1048729633499663,1.641101155818605,1.6381142530025936,1.6316296447202991,317,4276.45
2026-09-29T08:35:00-04:00,1.6209,1.6209,1.6209,1.6209,0,0,0,0,0,0,,,,,,,,,,,,,,,,,,,,,,,,,,,,,,,,,,,,,,,,,,,,1.1048729633499663,1.6410639025610898,1.63647480033568,1.6294837157762394,1130,4326.35
2026-09-29T08:37:00-04:00,1.63,1.63,1.63,1.63,0,0,0,0,0,0,,,,,,,,,,,,,,,,,,,,,,,,,,,,,,,,,,,,,,,,,,,,1.1048729633499663,1.64106209727072,1.6358581526846627,1.6295869726209915,100,4287.85
2026-09-29T08:38:00-04:00,1.6394,1.6394,1.63,1.63,0,0,0,0,0,0,,,,,,,,,,,,,,,,,,,,,,,,,,,,,,,,,,,,,,,,,,,,1.1048729633499663,1.641049026289954,1.6353002333813615,1.6296695780967931,1012,4328.45
2026-09-29T08:39:00-04:00,1.64,1.64,1.64,1.64,0,0,0,0,0,0,,,,,,,,,,,,,,,,,,,,,,,,,,,,,,,,,,,,,,,,,,,,1.1048729633499663,1.6410475740563908,1.6357478302021842,1.6317356624774344,851,4273.8
2026-09-29T08:41:00-04:00,1.64,1.64,1.64,1.64,0,0,0,0,0,0,,,,,,,,,,,,,,,,,,,,,,,,,,,,,,,,,,,,,,,,,,,,1.1048729633499663,1.6410419264736418,1.6361527987543572,1.6333885299819475,3332,3884.1
2026-09-29T08:42:00-04:00,1.64,1.64,1.64,1.64,0,0,0,0,0,0,,,,,,,,,,,,,,,,,,,,,,,,,,,,,,,,,,,,,,,,,,,,1.1048729633499663,1.641035719413256,1.6365191988729897,1.634710823985558,3704,4000.5
2026-09-29T08:43:00-04:00,1.6498,1.6498,1.6498,1.6498,0,0,0,0,0,0,,,,,,,,,,,,,,,,,,,,,,,,,,,,,,,,,,,,,,,,,,,,1.1048729633499663,1.6410379882728756,1.637784037075562,1.6377286591884463,161,3981.05
2026-09-29T08:44:00-04:00,1.64,1.64,1.64,1.64,0,0,0,0,0,0,,,,,,,,,,,,,,,,,,,,,,,,,,,,,,,,,,,,,,,,,,,,1.1048729633499663,1.6410187426979492,1.6379950811636037,1.638182927350757,11749,4556.45
2026-09-29T08:45:00-04:00,1.64,1.64,1.63,1.63,0,0,0,0,0,0,,,,,,,,,,,,,,,,,,,,,,,,,,,,,,,,,,,,,,,,,,,,1.1048729633499663,1.6410039502843796,1.6372336448623082,1.6365463418806057,1222,4612.55
2026-09-29T08:46:00-04:00,1.63,1.63,1.63,1.63,0,0,0,0,0,0,,,,,,,,,,,,,,,,,,,,,,,,,,,,,,,,,,,,,,,,,,,,1.1048729633499663,1.6410022173542618,1.6365447263039932,1.6352370735044846,100,4607.55
2026-09-29T08:47:00-04:00,1.63,1.6304,1.63,1.6304,0,0,0,0,0,0,,,,,,,,,,,,,,,,,,,,,,,,,,,,,,,,,,,,,,,,,,,,1.1048729633499663,1.640988186316296,1.6359595142750414,1.6342696588035877,831,4629.2
2026-09-29T08:48:00-04:00,1.64,1.65,1.64,1.65,0,0,0,0,0,0,,,,,,,,,,,,,,,,,,,,,,,,,,,,,,,,,,,,,,,,,,,,1.1048729633499663,1.6409970319957372,1.637296703391704,1.6374157270428702,992,4642.4
2026-09-29T08:49:00-04:00,1.64,1.65,1.64,1.6492,0,0,0,0,0,0,,,,,,,,,,,,,,,,,,,,,,,,,,,,,,,,,,,,,,,,,,,,1.1048729633499663,1.641008402529994,1.6384303506877322,1.639772581634296,1343,4641.95
2026-09-29T08:51:00-04:00,1.6305,1.6305,1.6305,1.6305,0,0,0,0,0,0,,,,,,,,,,,,,,,,,,,,,,,,,,,,,,,,,,,,,,,,,,,,1.1048729633499663,1.640999764567239,1.6376750791936625,1.6379180653074368,525,4654.95
2026-09-29T08:52:00-04:00,1.63,1.6302,1.63,1.6302,0,0,0,0,0,0,,,,,,,,,,,,,,,,,,,,,,,,,,,,,,,,,,,,,,,,,,,,1.1048729633499663,1.640965606413442,1.6369631668895042,1.6363744522459494,2014,4675.15
2026-09-29T08:54:00-04:00,1.64,1.6497,1.64,1.6497,0,0,0,0,0,0,,,,,,,,,,,,,,,,,,,,,,,,,,,,,,,,,,,,,,,,,,,,1.1048729633499663,1.6409758733269562,1.6381761986143133,1.6390395617967597,1198,4679.55
2026-09-29T08:55:00-04:00,1.64,1.64,1.64,1.64,0,0,0,0,0,0,,,,,,,,,,,,,,,,,,,,,,,,,,,,,,,,,,,,,,,,,,,,1.1048729633499663,1.6409746585985447,1.6383498939843786,1.6392316494374075,800,4494.75
2026-09-29T08:56:00-04:00,1.6401,1.6401,1.64,1.64,0,0,0,0,0,0,,,,,,,,,,,,,,,,,,,,,,,,,,,,,,,,,,,,,,,,,,,,1.1048729633499663,1.6409740804149968,1.6385070469382472,1.639385319549926,395,1841.85
2026-09-29T08:57:00-04:00,1.64,1.64,1.63,1.63,0,0,0,0,0,0,,,,,,,,,,,,,,,,,,,,,,,,,,,,,,,,,,,,,,,,,,,,1.1048729633499663,1.6409549165045774,1.6376968519917474,1.6375082556399407,1617,1669.65
2026-09-29T08:58:00-04:00,1.64,1.64,1.64,1.64,0,0,0,0,0,0,,,,,,,,,,,,,,,,,,,,,,,,,,,,,,,,,,,,,,,,,,,,1.1048729633499663,1.6409547358365333,1.637916199421105,1.6380066045119526,122,1659.9
2026-09-29T08:59:00-04:00,1.6401,1.6401,1.6401,1.6401,0,0,0,0,0,0,,,,,,,,,,,,,,,,,,,,,,,,,,,,,,,,,,,,,,,,,,,,1.1048729633499663,1.640954526454838,1.6381241804286186,1.638425283609562,158,1611.3
2026-09-29T09:00:00-04:00,1.64,1.66,1.64,1.65,0,0,0,0,0,0,,,,,,,,,,,,,,,,,,,,,,,,,,,,,,,,,,,,,,,,,,,,1.1048729633499663,1.6411267672082082,1.6392552108639882,1.6407402268876496,12520,2232.3
2026-09-29T09:01:00-04:00,1.65,1.66,1.6396,1.6396,0,0,0,0,0,0,,,,,,,,,,,,,,,,,,,,,,,,,,,,,,,,,,,,,,,,,,,,1.1048729633499663,1.641169888388918,1.6392880479245606,1.6405121815101198,5421,2452.75
2026-09-29T09:02:00-04:00,1.63,1.6303,1.62,1.6303,0,0,0,0,0,0,,,,,,,,,,,,,,,,,,,,,,,,,,,,,,,,,,,,,,,,,,,,1.1048729633499663,1.64099984518378,1.6384320433603168,1.638469745208096,7976,2809.0
2026-09-29T09:03:00-04:00,1.63,1.64,1.63,1.64,0,0,0,0,0,0,,,,,,,,,,,,,,,,,,,,,,,,,,,,,,,,,,,,,,,,,,,,1.1048729633499663,1.6409844700367746,1.638581372564096,1.6387757961664766,2389,2761.85
2026-09-29T09:04:00-04:00,1.63,1.64,1.63,1.64,0,0,0,0,0,0,,,,,,,,,,,,,,,,,,,,,,,,,,,,,,,,,,,,,,,,,,,,1.1048729633499663,1.6409633723422183,1.638716479938944,1.6390206369331812,3306,2741.95
2026-09-29T09:05:00-04:00,1.64,1.64,1.63,1.63,0,0,0,0,0,0,,,,,,,,,,,,,,,,,,,,,,,,,,,,,,,,,,,,,,,,,,,,1.1048729633499663,1.6409609485436405,1.637886338992378,1.637216509546545,215,2744.65
2026-09-29T09:06:00-04:00,1.6469,1.6469,1.6469,1.6469,0,0,0,0,0,0,,,,,,,,,,,,,,,,,,,,,,,,,,,,,,,,,,,,,,,,,,,,1.1048729633499663,1.640965516815437,1.6387447828978656,1.639153207637236,521,2183.25
2026-09-29T09:07:00-04:00,1.6398,1.6398,1.6397,1.6397,0,0,0,0,0,0,,,,,,,,,,,,,,,,,,,,,,,,,,,,,,,,,,,,,,,,,,,,1.1048729633499663,1.6409640976825468,1.6388357559552118,1.6392625661097888,781,2161.2
2026-09-29T09:08:00-04:00,1.6301,1.64,1.6301,1.64,0,0,0,0,0,0,,,,,,,,,,,,,,,,,,,,,,,,,,,,,,,,,,,,,,,,,,,,1.1048729633499663,1.6409618477080152,1.6389466363404297,1.639410052887831,358,2174.1
2026-09-29T09:09:00-04:00,1.63,1.63,1.63,1.63,0,0,0,0,0,0,,,,,,,,,,,,,,,,,,,,,,,,,,,,,,,,,,,,,,,,,,,,1.1048729633499663,1.6409596508445956,1.6380945757365792,1.6375280423102647,136,2139.35
2026-09-29T09:10:00-04:00,1.6305,1.65,1.6305,1.65,0,0,0,0,0,0,,,,,,,,,,,,,,,,,,,,,,,,,,,,,,,,,,,,,,,,,,,,1.1048729633499663,1.6409697255731963,1.639228425666429,1.6400224338482117,2702,2224.85
2026-09-29T09:11:00-04:00,1.65,1.65,1.65,1.65,0,0,0,0,0,0,,,,,,,,,,,,,,,,,,,,,,,,,,,,,,,,,,,,,,,,,,,,1.1048729633499663,1.640973700101671,1.6402542898886738,1.6420179470785694,300,2172.7
2026-09-29T09:12:00-04:00,1.6499,1.6499,1.6499,1.6499,0,0,0,0,0,0,,,,,,,,,,,,,,,,,,,,,,,,,,,,,,,,,,,,,,,,,,,,1.1048729633499663,1.6409780589021974,1.6411729289468953,1.6435943576628556,333,2163.1
2026-09-29T09:13:00-04:00,1.64,1.64,1.64,1.64,0,0,0,0,0,0,,,,,,,,,,,,,,,,,,,,,,,,,,,,,,,,,,,,,,,,,,,,1.1048729633499663,1.6409778051108237,1.6410612214281433,1.6428754861302843,177,2071.25
2026-09-29T09:14:00-04:00,1.63,1.63,1.63,1.63,0,0,0,0,0,0,,,,,,,,,,,,,,,,,,,,,,,,,,,,,,,,,,,,,,,,,,,,1.1048729633499663,1.6409586068524669,1.64000777176832,1.6403003889042274,1195,2071.1
2026-09-29T09:15:00-04:00,1.63,1.64,1.63,1.64,0,0,0,0,0,0,,,,,,,,,,,,,,,,,,,,,,,,,,,,,,,,,,,,,,,,,,,,1.1048729633499663,1.6409530929048006,1.640007031599909,1.640240311123382,879,2075.05
2026-09-29T09:16:00-04:00,1.64,1.65,1.64,1.65,0,0,0,0,0,0,,,,,,,,,,,,,,,,,,,,,,,,,,,,,,,,,,,,,,,,,,,,1.1048729633499663,1.640969164608004,1.640958742876108,1.6421922488987055,1930,2151.8
2026-09-29T09:17:00-04:00,1.63,1.63,1.63,1.63,0,0,0,0,0,0,,,,,,,,,,,,,,,,,,,,,,,,,,,,,,,,,,,,,,,,,,,,1.1048729633499663,1.6409666072647178,1.6399150530783833,1.6397537991189644,160,2078.95
2026-09-29T09:19:00-04:00,1.64,1.64,1.64,1.64,0,0,0,0,0,0,,,,,,,,,,,,,,,,,,,,,,,,,,,,,,,,,,,,,,,,,,,,1.1048729633499663,1.6409664664389034,1.6399231432613943,1.6398030392951717,100,2077.85
2026-09-29T09:20:00-04:00,1.64,1.64,1.64,1.64,0,0,0,0,0,0,,,,,,,,,,,,,,,,,,,,,,,,,,,,,,,,,,,,,,,,,,,,1.1048729633499663,1.6409650857062774,1.6399304629507854,1.639842431436137,982,2119.05
2026-09-29T09:21:00-04:00,1.6303,1.65,1.6303,1.65,0,0,0,0,0,0,,,,,,,,,,,,,,,,,,,,,,,,,,,,,,,,,,,,,,,,,,,,1.1048729633499663,1.6409684959083837,1.640889466479282,1.6418739451489095,951,1540.6
2026-09-29T09:22:00-04:00,1.6397,1.6397,1.6397,1.6397,0,0,0,0,0,0,,,,,,,,,,,,,,,,,,,,,,,,,,,,,,,,,,,,,,,,,,,,1.1048729633499663,1.640967943281568,1.6407761839574455,1.6414391561191275,300,1284.55
2026-09-29T09:23:00-04:00,1.63,1.64,1.63,1.639,0,0,0,0,0,0,,,,,,,,,,,,,,,,,,,,,,,,,,,,,,,,,,,,,,,,,,,,1.1048729633499663,1.640945992527768,1.640607023580546,1.6409513248953025,3277,1049.6
2026-09-29T09:24:00-04:00,1.6302,1.6302,1.6302,1.6302,0,0,0,0,0,0,,,,,,,,,,,,,,,,,,,,,,,,,,,,,,,,,,,,,,,,,,,,1.1048729633499663,1.6409420490385744,1.639615878477637,1.638801059916242,254,942.85
2026-09-29T09:25:00-04:00,1.64,1.65,1.63,1.63,0,0,0,0,0,0,,,,,,,,,,,,,,,,,,,,,,,,,,,,,,,,,,,,,,,,,,,,1.1048729633499663,1.640873268881036,1.6387000805273857,1.6370408479329934,11317,1343.4
2026-09-29T09:26:00-04:00,1.62,1.63,1.62,1.625,0,0,0,0,0,0,,,,,,,,,,,,,,,,,,,,,,,,,,,,,,,,,,,,,,,,,,,,1.1048729633499663,1.6408071162167397,1.6373953109533488,1.6346326783463947,2944,1479.85
2026-09-29T09:27:00-04:00,1.62,1.62,1.62,1.62,0,0,0,0,0,0,,,,,,,,,,,,,,,,,,,,,,,,,,,,,,,,,,,,,,,,,,,,1.1048729633499663,1.640792663989253,1.6357386146720774,1.6317061426771158,491,1478.35
2026-09-29T09:28:00-04:00,1.62,1.62,1.62,1.62,0,0,0,0,0,0,,,,,,,,,,,,,,,,,,,,,,,,,,,,,,,,,,,,,,,,,,,,1.1048729633499663,1.6407802000023564,1.6342396989890224,1.6293649141416926,424,1460.5
2026-09-29T09:29:00-04:00,1.62,1.625,1.62,1.625,0,0,0,0,0,0,,,,,,,,,,,,,,,,,,,,,,,,,,,,,,,,,,,,,,,,,,,,1.1048729633499663,1.6407676047841593,1.6333597276567349,1.628491931313354,511,1468.15
2026-09-29T09:30:00-04:00,1.64,1.66,1.62,1.66,0,0,0,0,0,0,,,,,,,,,,,,,,,,,,,,,,,,,,,,,,,,,,,,,,,,,,,,1.1048729633499663,1.6410048022798054,1.6358968964513314,1.6347935450506832,29654,2944.05
2026-09-29T09:31:00-04:00,1.665,1.68,1.65,1.66,0,0,0,0,0,0,,,,,,,,,,,,,,,,,,,,,,,,,,,,,,,,,,,,,,,,,,,,1.1048729633499663,1.641507006963489,1.6381924301226332,1.6398348360405466,16969,3657.4
2026-09-29T09:32:00-04:00,1.655,1.67,1.655,1.6686,0,0,0,0,0,0,,,,,,,,,,,,,,,,,,,,,,,,,,,,,,,,,,,,,,,,,,,,1.1048729633499663,1.641809406726933,1.6410883891585728,1.6455878688324372,10040,4144.4
2026-09-29T09:33:00-04:00,1.66,1.78,1.648,1.7301,0,0,0,0,0,0,,,,,,,,,,,,,,,,,,,,,,,,,,,,,,,,,,,,,,,,,,,,1.1048729633499663,1.6560471618106634,1.649565685429185,1.6624902950659497,171902,12722.85
2026-09-29T09:34:00-04:00,1.7302,1.7302,1.67,1.705,0,0,0,0,0,0,,,,,,,,,,,,,,,,,,,,,,,,,,,,,,,,,,,,,,,,,,,,1.1048729633499663,1.6609032505194363,1.6548451439597387,1.6709922360527598,111370,18282.5
2026-09-29T09:35:00-04:00,1.705,1.72,1.7,1.715,0,0,0,0,0,0,,,,,,,,,,,,,,,,,,,,,,,,,,,,,,,,,,,,,,,,,,,,1.1048729633499663,1.662296610268606,1.660574177868335,1.679793788842208,29571,19701.3
2026-09-29T09:36:00-04:00,1.72,1.8,1.71,1.79,0,0,0,0,0,0,,,,,,,,,,,,,,,,,,,,,,,,,,,,,,,,,,,,,,,,,,,,1.1048729633499663,1.6731934155766246,1.6729004466427793,1.7018350310737662,125593,25937.0
2026-09-29T09:37:00-04:00,1.7901,1.85,1.79,1.8102,0,0,0,0,0,0,,,,,,,,,,,,,,,,,,,,,,,,,,,,,,,,,,,,,,,,,,,,1.1048729633499663,1.7044041318543397,1.685976594581562,1.7235080248590129,334236,42552.3
2026-09-29T09:38:00-04:00,1.8103,1.82,1.78,1.8,0,0,0,0,0,0,,,,,,,,,,,,,,,,,,,,,,,,,,,,,,,,,,,,,,,,,,,,1.1048729633499663,1.7121581027501804,1.6968359665261752,1.7388064198872104,135689,49328.75
2026-09-29T09:39:00-04:00,1.8,1.8299,1.79,1.7908,0,0,0,0,0,0,,,,,,,,,,,,,,,,,,,,,,,,,,,,,,,,,,,,,,,,,,,,1.1048729633499663,1.7166825818828384,1.705784922095111,1.7492051359097682,87114,53679.45
2026-09-29T09:40:00-04:00,1.7908,1.81,1.76,1.79,0,0,0,0,0,0,,,,,,,,,,,,,,,,,,,,,,,,,,,,,,,,,,,,,,,,,,,,1.1048729633499663,1.7207711590074903,1.7138054057051004,1.757364108727815,109200,59090.35
2026-09-29T09:41:00-04:00,1.795,1.795,1.76,1.7707,0,0,0,0,0,0,,,,,,,,,,,,,,,,,,,,,,,,,,,,,,,,,,,,,,,,,,,,1.1048729633499663,1.723325037159566,1.719223938495091,1.7600312869822516,91963,63640.95
2026-09-29T09:42:00-04:00,1.7708,1.79,1.76,1.7801,0,0,0,0,0,0,,,,,,,,,,,,,,,,,,,,,,,,,,,,,,,,,,,,,,,,,,,,1.1048729633499663,1.7241014353658262,1.7250216586384155,1.7640450295858012,28948,65073.35
2026-09-29T09:43:00-04:00,1.7807,1.79,1.77,1.7732,0,0,0,0,0,0,,,,,,,,,,,,,,,,,,,,,,,,,,,,,,,,,,,,,,,,,,,,1.1048729633499663,1.7250293304798427,1.7296100721014236,1.765876023668641,35037,66661.35
2026-09-29T09:44:00-04:00,1.78,1.85,1.7702,1.835,0,0,0,0,1,1,1.79,1.792725,1.79,1.79,10.559006211180112,6.340710785251073,3.8664374462764712,2.379581655423603,0.8463745393312656,1.0,1.0,2.0,100.0,1.4450287118592668,69.42857142857154,30.571428571428445,68.92230576441088,4.348773841961858,0.8174386920980936,4.848441693167595,2.5139664804469275,50.0,5.481156838278101,16788.0,1.0,1.1228422993128984,100.0,3.243243243243243,9.95843649722463,100.0,4.0,4.0,1.0,3.5304677911921685,2.8164705882352985,5.0,10.0,1.0,0.0,1.0,,,,1.1048729633499663,1.7304042232500736,1.7396472080917642,1.7797008189349128,123697,72833.5
2026-09-29T09:45:00-04:00,1.835,1.9,1.81,1.88,0,0,0,0,0,0,,,,,,,,,,,,,,,,,,,,,,,,,,,,,,,,,,,,,,,,,,,,1.1048729633499663,1.74246639822449,1.7530141406544533,1.7997606551479302,214446,82989.95
2026-09-29T09:46:00-04:00,1.885,1.895,1.835,1.85,0,0,0,0,0,0,,,,,,,,,,,,,,,,,,,,,,,,,,,,,,,,,,,,,,,,,,,,1.1048729633499663,1.7531613196370843,1.7622508891635529,1.809808524118344,236571,94671.3
2026-09-29T09:47:00-04:00,1.855,1.86,1.82,1.8502,0,0,0,0,0,0,,,,,,,,,,,,,,,,,,,,,,,,,,,,,,,,,,,,,,,,,,,,1.1048729633499663,1.7559417914698656,1.7706269949575002,1.817886819294675,82654,98779.45
2026-09-29T09:48:00-04:00,1.855,1.855,1.84,1.8409,0,0,0,0,0,0,,,,,,,,,,,,,,,,,,,,,,,,,,,,,,,,,,,,,,,,,,,,1.1048729633499663,1.7570386383369183,1.777319662104405,1.8224894554357405,33336,100425.05
2026-09-29T09:49:00-04:00,1.84,1.87,1.84,1.85,0,0,0,0,0,0,,,,,,,,,,,,,,,,,,,,,,,,,,,,,,,,,,,,,,,,,,,,1.1048729633499663,1.7595947656825277,1.7842415990468423,1.827991564348592,74057,104102.35
2026-09-29T09:50:00-04:00,1.855,1.89,1.85,1.88,0,0,0,0,0,0,,,,,,,,,,,,,,,,,,,,,,,,,,,,,,,,,,,,,,,,,,,,1.1048729633499663,1.7631390239763451,1.793361446756667,1.8383932514788737,89733,107106.3
2026-09-29T09:51:00-04:00,1.88,1.89,1.84,1.85,0,0,0,0,0,0,,,,,,,,,,,,,,,,,,,,,,,,,,,,,,,,,,,,,,,,,,,,1.1048729633499663,1.7697310413743168,1.7987555946846034,1.840714601183099,210288,116772.25
2026-09-29T09:52:00-04:00,1.8379,1.88,1.821,1.8747,0,0,0,0,0,0,,,,,,,,,,,,,,,,,,,,,,,,,,,,,,,,,,,,,,,,,,,,1.1048729633499663,1.773734109381455,1.805988395190832,1.847511680946479,145806,123560.55
2026-09-29T09:53:00-04:00,1.88,1.8899,1.82,1.83,0,0,0,0,0,0,,,,,,,,,,,,,,,,,,,,,,,,,,,,,,,,,,,,,,,,,,,,1.1048729633499663,1.7754483988721743,1.808275214696467,1.8440093447571837,77923,118861.6
2026-09-29T09:54:00-04:00,1.8351,1.86,1.83,1.835,0,0,0,0,0,0,,,,,,,,,,,,,,,,,,,,,,,,,,,,,,,,,,,,,,,,,,,,1.1048729633499663,1.7762659587897591,1.8108204323444224,1.8422074758057467,41423,115364.25
2026-09-29T09:55:00-04:00,1.84,1.87,1.835,1.86,0,0,0,0,0,0,,,,,,,,,,,,,,,,,,,,,,,,,,,,,,,,,,,,,,,,,,,,1.1048729633499663,1.77738717359811,1.8155042006925728,1.8457659806445976,48468,116309.1
2026-09-29T09:56:00-04:00,1.86,1.8601,1.83,1.8435,0,0,0,0,0,0,,,,,,,,,,,,,,,,,,,,,,,,,,,,,,,,,,,,,,,,,,,,1.1048729633499663,1.7779753282754738,1.81817046729328,1.8453127845156776,30076,111533.25
2026-09-29T09:57:00-04:00,1.8402,1.87,1.8302,1.86,0,0,0,0,0,0,,,,,,,,,,,,,,,,,,,,,,,,,,,,,,,,,,,,,,,,,,,,1.1048729633499663,1.7788008378759126,1.8221542323129676,1.8482502276125423,37996,96721.25
2026-09-29T09:58:00-04:00,1.866,1.92,1.86,1.9191,0,0,0,0,0,0,,,,,,,,,,,,,,,,,,,,,,,,,,,,,,,,,,,,,,,,,,,,1.1048729633499663,1.7849923362157396,1.8313871625688751,1.862420182090034,187384,99306.0
2026-09-29T09:59:00-04:00,1.911,1.92,1.88,1.895,0,0,0,0,0,0,,,,,,,,,,,,,,,,,,,,,,,,,,,,,,,,,,,,,,,,,,,,1.1048729633499663,1.7877468581752562,1.8374455280385065,1.868936145672027,91139,99507.25
2026-09-29T10:00:00-04:00,1.89,1.9099,1.88,1.8853,0,0,0,0,0,0,,,,,,,,,,,,,,,,,,,,,,,,,,,,,,,,,,,,,,,,,,,,1.1048729633499663,1.7893459885419922,1.842003096796744,1.8722089165376217,58571,96975.8
2026-09-29T10:01:00-04:00,1.885,1.91,1.88,1.9092,0,0,0,0,0,0,,,,,,,,,,,,,,,,,,,,,,,,,,,,,,,,,,,,,,,,,,,,1.1048729633499663,1.7914585840649622,1.8484028018637209,1.8796071332300976,74313,96093.3
2026-09-29T10:02:00-04:00,1.9093,1.94,1.895,1.9329,0,0,0,0,0,0,,,,,,,,,,,,,,,,,,,,,,,,,,,,,,,,,,,,,,,,,,,,1.1048729633499663,1.7958424813241327,1.856450154067176,1.890265706584078,134258,101358.8
2026-09-29T10:03:00-04:00,1.9391,1.9391,1.83,1.9,0,0,0,0,0,0,,,,,,,,,,,,,,,,,,,,,,,,,,,,,,,,,,,,,,,,,,,,1.1048729633499663,1.7998915145048011,1.8605977584417304,1.8922125652672623,181119,108662.9
2026-09-29T10:04:00-04:00,1.9002,1.92,1.9,1.9102,0,0,0,0,0,0,,,,,,,,,,,,,,,,,,,,,,,,,,,,,,,,,,,,,,,,,,,,1.1048729633499663,1.8010648525507476,1.86532178144728,1.89581005221381,45193,104737.7
2026-09-29T10:05:00-04:00,1.9102,1.93,1.905,1.9209,0,0,0,0,0,0,,,,,,,,,,,,,,,,,,,,,,,,,,,,,,,,,,,,,,,,,,,,1.1048729633499663,1.8032279423325912,1.8706149451189675,1.900828041771048,79539,97992.35
2026-09-29T10:06:00-04:00,1.9291,1.95,1.9,1.9409,0,0,0,0,0,0,,,,,,,,,,,,,,,,,,,,,,,,,,,,,,,,,,,,,,,,,,,,1.1048729633499663,1.8057013474093109,1.8773087598695424,1.9088424334168383,85818,90454.7
2026-09-29T10:07:00-04:00,1.945,1.975,1.9401,1.9662,0,0,0,0,0,0,,,,,,,,,,,,,,,,,,,,,,,,,,,,,,,,,,,,,,,,,,,,1.1048729633499663,1.8126220685398025,1.885774592262919,1.9203139467334709,206432,96643.6
2026-09-29T10:08:00-04:00,1.965,1.98,1.96,1.98,0,0,0,0,0,0,,,,,,,,,,,,,,,,,,,,,,,,,,,,,,,,,,,,,,,,,,,,1.1048729633499663,1.816755500874884,1.8947484406188315,1.9322511573867764,121839,101068.75
2026-09-29T10:09:00-04:00,1.975,1.99,1.94,1.9592,0,0,0,0,0,0,,,,,,,,,,,,,,,,,,,,,,,,,,,,,,,,,,,,,,,,,,,,1.1048729633499663,1.8242762899851903,1.900886684369419,1.9376409259094212,256700,110200.9
2026-09-29T10:10:00-04:00,1.95,1.97,1.9209,1.9591,0,0,0,0,0,0,,,,,,,,,,,,,,,,,,,,,,,,,,,,,,,,,,,,,,,,,,,,1.1048729633499663,1.8267597027702704,1.9064308096675695,1.9419327407275369,100632,110745.85
2026-09-29T10:11:00-04:00,1.955,1.99,1.94,1.99,0,0,0,0,0,0,,,,,,,,,,,,,,,,,,,,,,,,,,,,,,,,,,,,,,,,,,,,1.1048729633499663,1.8293082336534623,1.91438978017542,1.9515461925820297,90148,104738.85
2026-09-29T10:12:00-04:00,1.99,2.0499,1.99,2.005,0,0,0,0,0,0,,,,,,,,,,,,,,,,,,,,,,,,,,,,,,,,,,,,,,,,,,,,1.1048729633499663,1.837986008060211,1.923019324920618,1.9622369540656237,254217,110159.4
2026-09-29T10:13:00-04:00,2.0098,2.02,1.98,1.9933,0,0,0,0,0,0,,,,,,,,,,,,,,,,,,,,,,,,,,,,,,,,,,,,,,,,,,,,1.1048729633499663,1.8413571999747065,1.929712722547226,1.9684495632524988,117228,112124.65
2026-09-29T10:14:00-04:00,1.99,2.0,1.98,1.9932,0,0,0,0,0,0,,,,,,,,,,,,,,,,,,,,,,,,,,,,,,,,,,,,,,,,,,,,1.1048729633499663,1.8438574999771404,1.9357591299236807,1.973399650601999,94369,114771.95
2026-09-29T10:15:00-04:00,1.99,2.04,1.98,2.0309,0,0,0,0,0,0,,,,,,,,,,,,,,,,,,,,,,,,,,,,,,,,,,,,,,,,,,,,1.1048729633499663,1.8481756619225609,1.9448201651690444,1.9848997204815992,144556,119576.35
2026-09-29T10:16:00-04:00,2.035,2.05,2.02,2.035,0,0,0,0,0,0,,,,,,,,,,,,,,,,,,,,,,,,,,,,,,,,,,,,,,,,,,,,1.1048729633499663,1.8523962450965543,1.9534087208672304,1.9949197763852795,133943,124769.7
2026-09-29T10:17:00-04:00,2.04,2.13,2.0386,2.105,0,0,0,0,0,0,,,,,,,,,,,,,,,,,,,,,,,,,,,,,,,,,,,,,,,,,,,,1.1048729633499663,1.8677093118092696,1.967845985546542,2.016935821108224,406241,143181.95
2026-09-29T10:18:00-04:00,2.1,2.22,2.1,2.21,0,0,0,0,0,0,,,,,,,,,,,,,,,,,,,,,,,,,,,,,,,,,,,,,,,,,,,,1.1048729633499663,1.888074634967681,1.9909082726373477,2.055548656886579,447064,156165.95
2026-09-29T10:19:00-04:00,2.21,2.32,2.11,2.1257,0,0,0,0,0,0,,,,,,,,,,,,,,,,,,,,,,,,,,,,,,,,,,,,,,,,,,,,1.1048729633499663,1.9262596884421843,2.0037455800052193,2.069578925509263,1000034,201610.7
2026-09-29T10:20:00-04:00,2.1263,2.22,2.12,2.15,0,0,0,0,0,0,,,,,,,,,,,,,,,,,,,,,,,,,,,,,,,,,,,,,,,,,,,,1.1048729633499663,1.938446709950863,2.0176745723856744,2.0856631404074104,421739,219769.1
2026-09-29T10:21:00-04:00,2.15,2.2,2.03,2.065,0,0,0,0,0,0,,,,,,,,,,,,,,,,,,,,,,,,,,,,,,,,,,,,,,,,,,,,1.1048729633499663,1.950685233449488,2.022181755967991,2.081530512325928,680034,250055.15
2026-09-29T10:22:00-04:00,2.065,2.09,1.99,2.02,0,0,0,0,0,0,,,,,,,,,,,,,,,,,,,,,,,,,,,,,,,,,,,,,,,,,,,,1.1048729633499663,1.9550177924712513,2.0219739696853254,2.0692244098607424,491485,267916.5
2026-09-29T10:23:00-04:00,2.02,2.09,2.01,2.0609,0,0,0,0,0,0,,,,,,,,,,,,,,,,,,,,,,,,,,,,,,,,,,,,,,,,,,,,1.1048729633499663,1.9584190192908624,2.0256812106676754,2.067559527888594,334913,275606.2
2026-09-29T10:24:00-04:00,2.0622,2.16,2.06,2.097,0,0,0,0,0,0,,,,,,,,,,,,,,,,,,,,,,,,,,,,,,,,,,,,,,,,,,,,1.1048729633499663,1.9633014811991545,2.032473476318373,2.073447622310875,333025,289997.8
2026-09-29T10:25:00-04:00,2.1,2.14,2.09,2.13,0,0,0,0,0,0,,,,,,,,,,,,,,,,,,,,,,,,,,,,,,,,,,,,,,,,,,,,1.1048729633499663,1.9668399582238745,2.0417617166690043,2.0847580978487,232037,297622.7
2026-09-29T10:26:00-04:00,2.13,2.1777,2.1,2.15,0,0,0,0,0,0,,,,,,,,,,,,,,,,,,,,,,,,,,,,,,,,,,,,,,,,,,,,1.1048729633499663,1.97120750018711,2.0520701246052897,2.0978064782789603,261900,306426.8
2026-09-29T10:27:00-04:00,2.1597,2.21,2.15,2.168,0,0,0,0,0,0,,,,,,,,,,,,,,,,,,,,,,,,,,,,,,,,,,,,,,,,,,,,1.1048729633499663,1.9783274130473305,2.0631110651190716,2.1118451826231683,379546,315082.5
2026-09-29T10:28:00-04:00,2.16,2.2,2.15,2.16,0,0,0,0,0,0,,,,,,,,,,,,,,,,,,,,,,,,,,,,,,,,,,,,,,,,,,,,1.1048729633499663,1.982650971502842,2.072338582726779,2.1214761460985345,251938,321587.45
2026-09-29T10:29:00-04:00,2.17,2.23,2.13,2.2,0,0,0,0,0,0,,,,,,,,,,,,,,,,,,,,,,,,,,,,,,,,,,,,,,,,,,,,1.1048729633499663,1.9896718086619,2.0844968129432764,2.137180916878828,398058,328655.35
2026-09-29T10:30:00-04:00,2.205,2.34,2.19,2.275,0,0,0,0,0,0,,,,,,,,,,,,,,,,,,,,,,,,,,,,,,,,,,,,,,,,,,,,1.1048729633499663,2.010702670453873,2.102639973615345,2.164744733503062,944236,370835.55
2026-09-29T10:31:00-04:00,2.2702,2.2799,2.15,2.18,0,0,0,0,0,0,,,,,,,,,,,,,,,,,,,,,,,,,,,,,,,,,,,,,,,,,,,,1.1048729633499663,2.019533680913145,2.1100075951757886,2.1677957868024498,601236,396389.95
2026-09-29T10:32:00-04:00,2.1715,2.28,2.17,2.24,0,0,0,0,0,0,,,,,,,,,,,,,,,,,,,,,,,,,,,,,,,,,,,,,,,,,,,,1.1048729633499663,2.027183028434432,2.122387824206666,2.18223662944196,494544,408406.3
2026-09-29T10:33:00-04:00,2.25,2.3399,2.24,2.2937,0,0,0,0,0,0,,,,,,,,,,,,,,,,,,,,,,,,,,,,,,,,,,,,,,,,,,,,1.1048729633499663,2.0397712758039193,2.1387032695203168,2.204529303553568,681261,436607.95
2026-09-29T10:34:00-04:00,2.29,2.3199,2.19,2.2,0,0,0,0,0,0,,,,,,,,,,,,,,,,,,,,,,,,,,,,,,,,,,,,,,,,,,,,1.1048729633499663,2.044949885609566,2.1445410533755247,2.2036234428428543,386019,451190.45
2026-09-29T10:35:00-04:00,2.2099,2.22,2.15,2.205,0,0,0,0,0,0,,,,,,,,,,,,,,,,,,,,,,,,,,,,,,,,,,,,,,,,,,,,1.1048729633499663,2.0486263947827386,2.150299048292142,2.2038987542742836,377168,462821.05
2026-09-29T10:36:00-04:00,2.205,2.28,2.2,2.22,0,0,0,0,0,0,,,,,,,,,,,,,,,,,,,,,,,,,,,,,,,,,,,,,,,,,,,,1.1048729633499663,2.0520338059779277,2.15693723416908,2.207119003419427,282883,470268.05
2026-09-29T10:37:00-04:00,2.225,2.2699,2.17,2.1999,0,0,0,0,0,0,,,,,,,,,,,,,,,,,,,,,,,,,,,,,,,,,,,,,,,,,,,,1.1048729633499663,2.054373687697048,2.161028926152978,2.2056752027355415,225816,461246.8
2026-09-29T10:38:00-04:00,2.1918,2.21,2.16,2.2,0,0,0,0,0,0,,,,,,,,,,,,,,,,,,,,,,,,,,,,,,,,,,,,,,,,,,,,1.1048729633499663,2.055835350651918,2.164740456995551,2.204540162188433,169521,447369.65
2026-09-29T10:39:00-04:00,2.205,2.21,2.17,2.1979,0,0,0,0,0,0,,,,,,,,,,,,,,,,,,,,,,,,,,,,,,,,,,,,,,,,,,,,1.1048729633499663,2.056913015237458,2.16789850871026,2.2032121297507463,124899,403612.9
2026-09-29T10:40:00-04:00,2.195,2.22,2.18,2.2,0,0,0,0,0,0,,,,,,,,,,,,,,,,,,,,,,,,,,,,,,,,,,,,,,,,,,,,1.1048729633499663,2.058397862033019,2.1709557935949975,2.202569703800597,166252,390838.55
2026-09-29T10:41:00-04:00,2.2,2.21,2.13,2.165,0,0,0,0,0,0,,,,,,,,,,,,,,,,,,,,,,,,,,,,,,,,,,,,,,,,,,,,1.1048729633499663,2.059929976915716,2.1703885751573786,2.1950557630404774,226430,368158.35
2026-09-29T10:42:00-04:00,2.165,2.19,2.1,2.1691,0,0,0,0,0,0,,,,,,,,,,,,,,,,,,,,,,,,,,,,,,,,,,,,,,,,,,,,1.1048729633499663,2.061693287476394,2.170265853713819,2.189864610432382,313652,359266.7
2026-09-29T10:43:00-04:00,2.16,2.25,2.16,2.21,0,0,0,0,0,0,,,,,,,,,,,,,,,,,,,,,,,,,,,,,,,,,,,,,,,,,,,,1.1048729633499663,2.063541358926619,2.1740500581220266,2.1938916883459054,213839,353213.0
2026-09-29T10:44:00-04:00,2.215,2.225,2.15,2.18,0,0,0,0,0,0,,,,,,,,,,,,,,,,,,,,,,,,,,,,,,,,,,,,,,,,,,,,1.1048729633499663,2.0651755728133945,2.174616719253262,2.191113350676724,228781,348000.8
2026-09-29T10:45:00-04:00,2.1702,2.1799,2.13,2.16,0,0,0,0,0,0,,,,,,,,,,,,,,,,,,,,,,,,,,,,,,,,,,,,,,,,,,,,1.1048729633499663,2.066122507254631,2.1732246507529513,2.1848906805413795,177893,345293.6
2026-09-29T10:46:00-04:00,2.155,2.17,2.145,2.17,0,0,0,0,0,0,,,,,,,,,,,,,,,,,,,,,,,,,,,,,,,,,,,,,,,,,,,,1.1048729633499663,2.0664954828165927,2.172917541157432,2.1819125444331036,67334,335565.3
2026-09-29T10:47:00-04:00,2.1751,2.32,2.165,2.3,0,0,0,0,0,0,,,,,,,,,,,,,,,,,,,,,,,,,,,,,,,,,,,,,,,,,,,,1.1048729633499663,2.073343720183972,2.185020632475772,2.205530035546482,627240,347950.0
2026-09-29T10:48:00-04:00,2.29,2.35,2.24,2.2401,0,0,0,0,0,0,,,,,,,,,,,,,,,,,,,,,,,,,,,,,,,,,,,,,,,,,,,,1.1048729633499663,2.0804821654370205,2.1902662865256985,2.212444028437186,650333,367869.75
2026-09-29T10:49:00-04:00,2.24,2.275,2.23,2.24,0,0,0,0,0,0,,,,,,,,,,,,,,,,,,,,,,,,,,,,,,,,,,,,,,,,,,,,1.1048729633499663,2.083297214429493,2.195002830666108,2.2179552227497488,316007,363767.2
2026-09-29T10:50:00-04:00,2.2397,2.24,2.18,2.21,0,0,0,0,0,0,,,,,,,,,,,,,,,,,,,,,,,,,,,,,,,,,,,,,,,,,,,,1.1048729633499663,2.0847815851480824,2.1964311325074313,2.216364178199799,223362,327723.5
2026-09-29T10:51:00-04:00,2.2091,2.24,2.17,2.185,0,0,0,0,0,0,,,,,,,,,,,,,,,,,,,,,,,,,,,,,,,,,,,,,,,,,,,,1.1048729633499663,2.086183537448542,2.1953424532210093,2.210091342559839,238335,309578.45
2026-09-29T10:52:00-04:00,2.19,2.2,2.16,2.17,0,0,0,0,0,0,,,,,,,,,,,,,,,,,,,,,,,,,,,,,,,,,,,,,,,,,,,,1.1048729633499663,2.0869573664948424,2.19292888624758,2.2020730740478713,166516,293177.05
2026-09-29T10:53:00-04:00,2.17,2.18,2.13,2.14,0,0,0,0,0,0,,,,,,,,,,,,,,,,,,,,,,,,,,,,,,,,,,,,,,,,,,,,1.1048729633499663,2.0876404860189313,2.1878880399382865,2.1896584592382973,213291,269778.55
2026-09-29T10:54:00-04:00,2.1379,2.15,2.12,2.135,0,0,0,0,0,0,,,,,,,,,,,,,,,,,,,,,,,,,,,,,,,,,,,,,,,,,,,,1.1048729633499663,2.088080912262667,2.182851083753688,2.178726767390638,184771,259716.15
2026-09-29T10:55:00-04:00,2.135,2.18,2.13,2.155,0,0,0,0,0,0,,,,,,,,,,,,,,,,,,,,,,,,,,,,,,,,,,,,,,,,,,,,1.1048729633499663,2.0886784251588173,2.18019859958667,2.1739814139125104,179003,249807.9
2026-09-29T10:56:00-04:00,2.1591,2.16,2.13,2.131,0,0,0,0,0,0,,,,,,,,,,,,,,,,,,,,,,,,,,,,,,,,,,,,,,,,,,,,1.1048729633499663,2.088947154101681,2.1755130186736538,2.1653851311300083,104841,240905.8
2026-09-29T10:57:00-04:00,2.13,2.19,2.13,2.165,0,0,0,0,0,0,,,,,,,,,,,,,,,,,,,,,,,,,,,,,,,,,,,,,,,,,,,,1.1048729633499663,2.089271251803552,2.1745117787999724,2.165308104904007,90218,234125.9
2026-09-29T10:58:00-04:00,2.17,2.2882,2.17,2.285,0,0,0,0,1,1,2.23,2.24005,2.24,2.19,38.27160493827162,4.744322838543721,2.5311098366575333,3.413169474579081,0.8411250133996884,1.0,1.0,7.0,100.0,0.6815562509249413,49.50000000000006,49.99999999999963,97.2927241962778,5.17286652078774,2.844638949671774,1.5012233316291663,2.4663677130045025,28.57142857142857,4.5750094562715615,16795.0,65.0,25.848314606741575,22.16174558065606,14.224137931034477,3.150354029352217,53.35589974149188,4.0,9.0,1.0,4.7172293777295,2.5328571428571296,5.0,10.0,0.0,0.0,0.0,,,,1.1048729633499663,2.0925341345083512,2.1850344665333084,2.1892464839232053,425579,246928.8
2026-09-29T10:59:00-04:00,2.2899,2.33,2.26,2.26,0,0,0,0,0,0,,,,,,,,,,,,,,,,,,,,,,,,,,,,,,,,,,,,,,,,,,,,1.1048729633499663,2.0977433465752755,2.1921740411491837,2.203397187138564,580125,269690.1
2026-09-29T11:00:00-04:00,2.26,2.26,2.18,2.225,0,0,0,0,0,0,,,,,,,,,,,,,,,,,,,,,,,,,,,,,,,,,,,,,,,,,,,,1.1048729633499663,2.100151978436923,2.1953003229444996,2.2077177497108513,421180,282436.5
2026-09-29T11:01:00-04:00,2.2285,2.26,2.17,2.255,0,0,0,0,0,0,,,,,,,,,,,,,,,,,,,,,,,,,,,,,,,,,,,,,,,,,,,,1.1048729633499663,2.101557578926901,2.200986006473595,2.217174199768681,240257,283127.85
2026-09-29T11:02:00-04:00,2.25,2.26,2.22,2.2301,0,0,0,0,0,0,,,,,,,,,,,,,,,,,,,,,,,,,,,,,,,,,,,,,,,,,,,,1.1048729633499663,2.1024462403179487,2.203758767761824,2.2197593598149448,145027,274696.6
2026-09-29T11:03:00-04:00,2.23,2.34,2.23,2.32,0,0,0,0,0,0,,,,,,,,,,,,,,,,,,,,,,,,,,,,,,,,,,,,,,,,,,,,1.1048729633499663,2.1076968839563603,2.214829361308317,2.2398074878519556,612808,294645.05
2026-09-29T11:04:00-04:00,2.3201,2.38,2.32,2.359,0,0,0,0,0,0,,,,,,,,,,,,,,,,,,,,,,,,,,,,,,,,,,,,,,,,,,,,1.1048729633499663,2.1161745113064674,2.2285598983265724,2.2636459902815647,811433,323777.65
2026-09-29T11:05:00-04:00,2.3599,2.56,2.33,2.534,0,0,0,0,0,0,,,,,,,,,,,,,,,,,,,,,,,,,,,,,,,,,,,,,,,,,,,,1.1048729633499663,2.133379961259541,2.2576494318192797,2.3177167922252515,1183663,374066.15
2026-09-29T11:06:00-04:00,2.5347,2.72,2.52,2.6998,0,0,0,0,0,0,,,,,,,,,,,,,,,,,,,,,,,,,,,,,,,,,,,,,,,,,,,,1.1048729633499663,2.168874931120867,2.299759009741253,2.394133433780201,1832443,462321.6
2026-09-29T11:07:00-04:00,2.695,2.83,2.66,2.81,0,0,0,0,0,0,,,,,,,,,,,,,,,,,,,,,,,,,,,,,,,,,,,,,,,,,,,,1.1048729633499663,2.2033517096729827,2.3483533897658955,2.4773067470241608,1621596,512039.4
2026-09-29T11:08:00-04:00,2.805,2.82,2.68,2.77,0,0,0,0,0,0,,,,,,,,,,,,,,,,,,,,,,,,,,,,,,,,,,,,,,,,,,,,1.1048729633499663,2.2329538833411062,2.388510209788191,2.5358453976193287,1589265,558986.0
2026-09-29T11:09:00-04:00,2.765,2.98,2.75,2.9491,0,0,0,0,0,0,,,,,,,,,,,,,,,,,,,,,,,,,,,,,,,,,,,,,,,,,,,,1.1048729633499663,2.281418860826752,2.4418997136178873,2.618496318095463,2353940,660882.65
2026-09-29T11:10:00-04:00,2.9461,3.15,2.79,3.11,0,0,0,0,0,0,,,,,,,,,,,,,,,,,,,,,,,,,,,,,,,,,,,,,,,,,,,,1.1048729633499663,2.329404420839638,2.5055283123209455,2.71679705447637,2238472,761638.15
2026-09-29T11:11:00-04:00,3.105,3.13,2.94,3.03,0,0,0,0,0,0,,,,,,,,,,,,,,,,,,,,,,,,,,,,,,,,,,,,,,,,,,,,1.1048729633499663,2.3726937953163136,2.555477996861808,2.779437643581096,2247458,862094.3
2026-09-29T11:12:00-04:00,3.04,3.05,2.85,2.8891,0,0,0,0,0,0,,,,,,,,,,,,,,,,,,,,,,,,,,,,,,,,,,,,,,,,,,,,1.1048729633499663,2.397236841407601,2.587251520970207,2.801370114864877,1684527,937994.85
2026-09-29T11:13:00-04:00,2.89,2.91,2.82,2.8791,0,0,0,0,0,0,,,,,,,,,,,,,,,,,,,,,,,,,,,,,,,,,,,,,,,,,,,,1.1048729633499663,2.410406745137033,2.6150466142111397,2.8169160918919016,1096231,982141.85
2026-09-29T11:14:00-04:00,2.878,2.9,2.79,2.83,0,0,0,0,0,0,,,,,,,,,,,,,,,,,,,,,,,,,,,,,,,,,,,,,,,,,,,,1.1048729633499663,2.4235687727279225,2.6355183652386502,2.819532873513521,1242988,1035052.7
2026-09-29T11:15:00-04:00,2.8391,2.9,2.79,2.86,0,0,0,0,0,0,,,,,,,,,,,,,,,,,,,,,,,,,,,,,,,,,,,,,,,,,,,,1.1048729633499663,2.432065498431827,2.656897568549255,2.827626298810817,824793,1067342.2
2026-09-29T11:16:00-04:00,2.86,2.89,2.75,2.79,0,0,0,0,0,0,,,,,,,,,,,,,,,,,,,,,,,,,,,,,,,,,,,,,,,,,,,,1.1048729633499663,2.440748866509741,2.669573990592183,2.8201010390486534,973439,1110772.1
2026-09-29T11:17:00-04:00,2.79,2.82,2.764016,2.81,0,0,0,0,0,0,,,,,,,,,,,,,,,,,,,,,,,,,,,,,,,,,,,,,,,,,,,,1.1048729633499663,2.44528673118248,2.6829478962500706,2.8180808312389227,545080,1133515.2
2026-09-29T11:18:00-04:00,2.8098,2.9799,2.67,2.73,0,0,0,0,0,0,,,,,,,,,,,,,,,,,,,,,,,,,,,,,,,,,,,,,,,,,,,,1.1048729633499663,2.458217709806904,2.687429048988159,2.800464664991138,1656032,1195037.85
2026-09-29T11:19:00-04:00,2.735,2.79,2.732379,2.7583,0,0,0,0,0,0,,,,,,,,,,,,,,,,,,,,,,,,,,,,,,,,,,,,,,,,,,,,1.1048729633499663,2.461628704598026,2.694178663370239,2.7920317319929104,509129,1191488.05
2026-09-29T11:20:00-04:00,2.755,2.92,2.75,2.855,0,0,0,0,0,0,,,,,,,,,,,,,,,,,,,,,,,,,,,,,,,,,,,,,,,,,,,,1.1048729633499663,2.472045814241034,2.709494981144502,2.804625385594328,1270448,1233951.45
2026-09-29T11:21:00-04:00,2.86,2.9,2.65,2.66,0,0,0,0,0,0,,,,,,,,,,,,,,,,,,,,,,,,,,,,,,,,,,,,,,,,,,,,1.1048729633499663,2.4809313106246553,2.704781173416454,2.7757003084754626,1610377,1302457.45
2026-09-29T11:22:00-04:00,2.655,2.7,2.59,2.695,0,0,0,0,0,0,,,,,,,,,,,,,,,,,,,,,,,,,,,,,,,,,,,,,,,,,,,,1.1048729633499663,2.485323912418635,2.7038496330910777,2.75956024678037,1194632,1354937.7
2026-09-29T11:23:00-04:00,2.6934,2.76,2.67,2.7185,0,0,0,0,0,0,,,,,,,,,,,,,,,,,,,,,,,,,,,,,,,,,,,,,,,,,,,,1.1048729633499663,2.4879015950331715,2.7052449061300226,2.751348197424296,555067,1352050.65
2026-09-29T11:24:00-04:00,2.715,2.8,2.71,2.75,0,0,0,0,0,0,,,,,,,,,,,,,,,,,,,,,,,,,,,,,,,,,,,,,,,,,,,,1.1048729633499663,2.4911450885944264,2.709507296022401,2.751078557939437,614939,1342225.95
2026-09-29T11:25:00-04:00,2.755,2.76,2.71,2.7309,0,0,0,0,0,0,,,,,,,,,,,,,,,,,,,,,,,,,,,,,,,,,,,,,,,,,,,,1.1048729633499663,2.492706067292862,2.71154469640122,2.7470428463515497,326049,1299345.25
2026-09-29T11:26:00-04:00,2.7301,2.77,2.635,2.6854,0,0,0,0,0,0,,,,,,,,,,,,,,,,,,,,,,,,,,,,,,,,,,,,,,,,,,,,1.1048729633499663,2.4952755311612203,2.7090547253153896,2.7347142770812396,645790,1240012.6
2026-09-29T11:27:00-04:00,2.6801,2.77,2.65,2.6797,0,0,0,0,0,0,,,,,,,,,,,,,,,,,,,,,,,,,,,,,,,,,,,,,,,,,,,,1.1048729633499663,2.4979540674905563,2.7062590371901143,2.7237114216649916,680364,1192951.0
2026-09-29T11:28:00-04:00,2.675,2.735,2.65,2.695,0,0,0,0,0,0,,,,,,,,,,,,,,,,,,,,,,,,,,,,,,,,,,,,,,,,,,,,1.1048729633499663,2.4996125077696347,2.705186747933913,2.7179691373319934,444964,1135735.95
2026-09-29T11:29:00-04:00,2.6901,2.74,2.62,2.6398,0,0,0,0,0,0,,,,,,,,,,,,,,,,,,,,,,,,,,,,,,,,,,,,,,,,,,,,1.1048729633499663,2.5019975063391917,2.698959438606874,2.7023353098655947,759548,1056016.35
2026-09-29T11:30:00-04:00,2.6386,2.82,2.61,2.78,0,0,0,0,0,0,,,,,,,,,,,,,,,,,,,,,,,,,,,,,,,,,,,,,,,,,,,,1.1048729633499663,2.506081198056566,2.7066775873109807,2.7178682478924756,941829,991184.2
2026-09-29T11:31:00-04:00,2.7899,2.79,2.7,2.72,0,0,0,0,0,0,,,,,,,,,,,,,,,,,,,,,,,,,,,,,,,,,,,,,,,,,,,,1.1048729633499663,2.507996827229639,2.7079463885194586,2.7182945983139803,453396,901481.1
2026-09-29T11:32:00-04:00,2.72,2.9,2.7001,2.88,0,0,0,0,0,0,,,,,,,,,,,,,,,,,,,,,,,,,,,,,,,,,,,,,,,,,,,,1.1048729633499663,2.514255399400772,2.7243324467557004,2.750635678651184,1093202,871914.85
2026-09-29T11:33:00-04:00,2.8798,2.9,2.82,2.855,0,0,0,0,0,0,,,,,,,,,,,,,,,,,,,,,,,,,,,,,,,,,,,,,,,,,,,,1.1048729633499663,2.51911629236064,2.73677697563611,2.771508542920947,797719,856989.25
2026-09-29T11:34:00-04:00,2.85,2.92,2.77,2.82,0,0,0,0,0,0,,,,,,,,,,,,,,,,,,,,,,,,,,,,,,,,,,,,,,,,,,,,1.1048729633499663,2.5234331272266464,2.7447029779564804,2.7812068343367575,778194,833749.55
2026-09-29T11:35:00-04:00,2.815,2.9899,2.81,2.87,0,0,0,0,0,0,,,,,,,,,,,,,,,,,,,,,,,,,,,,,,,,,,,,,,,,,,,,1.1048729633499663,2.5309903417502264,2.7566360276749107,2.798965467469406,1205122,852766.0
2026-09-29T11:36:00-04:00,2.845,2.86,2.78,2.7992,0,0,0,0,0,0,,,,,,,,,,,,,,,,,,,,,,,,,,,,,,,,,,,,,,,,,,,,1.1048729633499663,2.5342297181600055,2.7606897393249192,2.799012373975525,679038,838045.95
2026-09-29T11:37:00-04:00,2.7909,2.9,2.79,2.88,0,0,0,0,0,0,,,,,,,,,,,,,,,,,,,,,,,,,,,,,,,,,,,,,,,,,,,,1.1048729633499663,2.536991805687802,2.7720526212939745,2.81520989918042,510891,836336.5
2026-09-29T11:38:00-04:00,2.875,2.89,2.82,2.865,0,0,0,0,0,0,,,,,,,,,,,,,,,,,,,,,,,,,,,,,,,,,,,,,,,,,,,,1.1048729633499663,2.5399149047102005,2.78090475259931,2.825167919344336,547496,780909.7
2026-09-29T11:39:00-04:00,2.865,2.88,2.83,2.8409,0,0,0,0,0,0,,,,,,,,,,,,,,,,,,,,,,,,,,,,,,,,,,,,,,,,,,,,1.1048729633499663,2.5415881295774563,2.78661858568509,2.828314335475469,326216,771764.05
2026-09-29T11:40:00-04:00,2.84,2.85,2.79,2.815,0,0,0,0,0,0,,,,,,,,,,,,,,,,,,,,,,,,,,,,,,,,,,,,,,,,,,,,1.1048729633499663,2.5437025260677855,2.789321577524605,2.825651468380375,465896,731536.45
2026-09-29T11:41:00-04:00,2.8198,2.88,2.78,2.832171,0,0,0,0,0,0,,,,,,,,,,,,,,,,,,,,,,,,,,,,,,,,,,,,,,,,,,,,1.1048729633499663,2.545772774487922,2.793402474903214,2.8269553747043,443032,673169.2
2026-09-29T11:42:00-04:00,2.8362,2.9,2.81,2.8299,0,0,0,0,0,0,,,,,,,,,,,,,,,,,,,,,,,,,,,,,,,,,,,,,,,,,,,,1.1048729633499663,2.5486415026003777,2.7968784296743365,2.82754429976344,591305,643002.85
2026-09-29T11:43:00-04:00,2.825,2.85,2.75,2.775,0,0,0,0,0,0,,,,,,,,,,,,,,,,,,,,,,,,,,,,,,,,,,,,,,,,,,,,1.1048729633499663,2.5503833901134647,2.794794769705352,2.817035439810752,447693,637634.15
2026-09-29T11:44:00-04:00,2.7799,2.8,2.74,2.77,0,0,0,0,0,0,,,,,,,,,,,,,,,,,,,,,,,,,,,,,,,,,,,,,,,,,,,,1.1048729633499663,2.5514632864307507,2.792433363066747,2.8076283518486016,308652,622319.8
2026-09-29T11:45:00-04:00,2.77,2.83,2.76,2.8101,0,0,0,0,0,0,,,,,,,,,,,,,,,,,,,,,,,,,,,,,,,,,,,,,,,,,,,,1.1048729633499663,2.5530770120862365,2.7941158999175326,2.8081226814788813,410168,626525.75
2026-09-29T11:46:00-04:00,2.815,2.91,2.81,2.87,0,0,0,0,0,0,,,,,,,,,,,,,,,,,,,,,,,,,,,,,,,,,,,,,,,,,,,,1.1048729633499663,2.556700088496896,2.801342957068244,2.8204981451831053,746516,631562.05
2026-09-29T11:47:00-04:00,2.865,2.873853,2.76,2.775,0,0,0,0,0,0,,,,,,,,,,,,,,,,,,,,,,,,,,,,,,,,,,,,,,,,,,,,1.1048729633499663,2.5585245985508216,2.798834104014125,2.8113985161464843,477178,621402.75
2026-09-29T11:48:00-04:00,2.7703,2.79,2.68,2.7,0,0,0,0,0,0,,,,,,,,,,,,,,,,,,,,,,,,,,,,,,,,,,,,,,,,,,,,1.1048729633499663,2.559839013790519,2.789421332203256,2.7891188129171876,517776,625043.35
2026-09-29T11:49:00-04:00,2.695,2.75,2.69,2.72,0,0,0,0,0,0,,,,,,,,,,,,,,,,,,,,,,,,,,,,,,,,,,,,,,,,,,,,1.1048729633499663,2.5605087494574645,2.782809776755327,2.77529505033375,272619,600696.9
2026-09-29T11:50:00-04:00,2.725,2.85,2.72,2.83,0,0,0,0,0,0,,,,,,,,,,,,,,,,,,,,,,,,,,,,,,,,,,,,,,,,,,,,1.1048729633499663,2.5618937802171216,2.7873040837310104,2.786236040267,379226,572566.75
2026-09-29T11:51:00-04:00,2.825,2.83,2.79,2.8165,0,0,0,0,0,0,,,,,,,,,,,,,,,,,,,,,,,,,,,,,,,,,,,,,,,,,,,,1.1048729633499663,2.5628926137500767,2.7900846471852,2.7922888322136,262751,563034.5
2026-09-29T11:52:00-04:00,2.815,2.88,2.8,2.855,0,0,0,0,0,0,,,,,,,,,,,,,,,,,,,,,,,,,,,,,,,,,,,,,,,,,,,,1.1048729633499663,2.565203927353555,2.79626706173899,2.80483106577088,543854,535567.1
2026-09-29T11:53:00-04:00,2.85,2.95,2.8297,2.9209,0,0,0,0,0,0,,,,,,,,,,,,,,,,,,,,,,,,,,,,,,,,,,,,,,,,,,,,1.1048729633499663,2.569637698280807,2.808136865382896,2.828044852616704,890344,540198.35
2026-09-29T11:54:00-04:00,2.925,2.925,2.84,2.89,0,0,0,0,0,0,,,,,,,,,,,,,,,,,,,,,,,,,,,,,,,,,,,,,,,,,,,,1.1048729633499663,2.57209789169431,2.815933354394049,2.8404358820933635,528914,527734.35
2026-09-29T11:55:00-04:00,2.895,2.98,2.83,2.84,0,0,0,0,0,0,,,,,,,,,,,,,,,,,,,,,,,,,,,,,,,,,,,,,,,,,,,,1.1048729633499663,2.5759256970396116,2.8182254158803297,2.8403487056746908,844230,509689.75
2026-09-29T11:56:00-04:00,2.8499,2.855,2.8,2.83,0,0,0,0,0,0,,,,,,,,,,,,,,,,,,,,,,,,,,,,,,,,,,,,,,,,,,,,1.1048729633499663,2.577588834431879,2.8193468048441077,2.838278964539753,455299,498502.8
2026-09-29T11:57:00-04:00,2.825,2.94,2.81,2.91,0,0,0,0,0,0,,,,,,,,,,,,,,,,,,,,,,,,,,,,,,,,,,,,,,,,,,,,1.1048729633499663,2.5796359712104033,2.8279804424780024,2.8526231716318025,460719,495994.2
2026-09-29T11:58:00-04:00,2.9012,2.94,2.85,2.8701,0,0,0,0,0,0,,,,,,,,,,,,,,,,,,,,,,,,,,,,,,,,,,,,,,,,,,,,1.1048729633499663,2.581822354254418,2.8319918289086687,2.856118537305442,498836,493561.2
2026-09-29T11:59:00-04:00,2.88,2.92,2.85,2.8795,0,0,0,0,0,0,,,,,,,,,,,,,,,,,,,,,,,,,,,,,,,,,,,,,,,,,,,,1.1048729633499663,2.582898931869773,2.8365164166316528,2.8607948298443535,251187,489809.75
2026-09-29T12:00:00-04:00,2.8602,2.87,2.82,2.84,0,0,0,0,0,0,,,,,,,,,,,,,,,,,,,,,,,,,,,,,,,,,,,,,,,,,,,,1.1048729633499663,2.5841615705571663,2.836848186476258,2.856635863875483,342536,483641.75
2026-09-29T12:01:00-04:00,2.84,2.88,2.831,2.847,0,0,0,0,0,0,,,,,,,,,,,,,,,,,,,,,,,,,,,,,,,,,,,,,,,,,,,,1.1048729633499663,2.5852028417441746,2.837815025859471,2.8547086911003863,275058,475243.05
2026-09-29T12:02:00-04:00,2.845,2.86,2.8,2.82,0,0,0,0,0,0,,,,,,,,,,,,,,,,,,,,,,,,,,,,,,,,,,,,,,,,,,,,1.1048729633499663,2.5863662118273347,2.8361183567299975,2.847766952880309,343381,462846.85
2026-09-29T12:03:00-04:00,2.825,2.83,2.8,2.805,0,0,0,0,0,0,,,,,,,,,,,,,,,,,,,,,,,,,,,,,,,,,,,,,,,,,,,,1.1048729633499663,2.587183632438901,2.833154703708093,2.839213562304247,259521,453438.25
2026-09-29T12:04:00-04:00,2.8192,2.86,2.8,2.8499,0,0,0,0,0,0,,,,,,,,,,,,,,,,,,,,,,,,,,,,,,,,,,,,,,,,,,,,1.1048729633499663,2.588325215975909,2.834749493831132,2.8413508498433977,328856,454448.45
2026-09-29T12:05:00-04:00,2.84,2.98,2.82,2.97,0,0,0,0,0,0,,,,,,,,,,,,,,,,,,,,,,,,,,,,,,,,,,,,,,,,,,,,1.1048729633499663,2.592790518911872,2.847630494418643,2.8670806798747184,970743,482477.2
2026-09-29T12:06:00-04:00,2.9791,3.0399,2.8401,2.9,0,0,0,0,0,0,,,,,,,,,,,,,,,,,,,,,,,,,,,,,,,,,,,,,,,,,,,,1.1048729633499663,2.5968561205935,2.8526180663787724,2.8736645438997748,897778,490040.3
2026-09-29T12:07:00-04:00,2.9,2.95,2.85,2.88,0,0,0,0,0,0,,,,,,,,,,,,,,,,,,,,,,,,,,,,,,,,,,,,,,,,,,,,1.1048729633499663,2.598331113626388,2.855225869580794,2.87493163511982,368633,484613.05
2026-09-29T12:08:00-04:00,2.88,3.075,2.88,3.065,0,0,0,0,1,1,2.85,2.8748,2.98,2.88,55.73770491803278,4.134314840447385,1.842041937784464,1.0757833390101887,1.1311143983834793,1.0,3.0,7.0,71.42857142857143,0.7082432399601565,40.39999999999978,39.99999999999982,94.87179487179476,6.362153344208818,-0.8189233278956043,1.0650898022410986,7.543859649122808,60.0,6.601118326322797,16809.0,121.0,53.81028938906751,17.826448050488573,17.777777777777782,3.522381654664241,49.968048494622366,3.0,9.0,1.0,2.1762321875686657,1.2722923010004368,4.0,8.0,0.0,0.0,0.0,,,,1.1048729633499663,2.602704766246225,2.8752043581921467,2.912945308095856,802231,498835.8
2026-09-29T12:09:00-04:00,3.065,3.18,3.0,3.13,0,0,0,0,0,0,,,,,,,,,,,,,,,,,,,,,,,,,,,,,,,,,,,,,,,,,,,,1.1048729633499663,2.61463886064117,2.899470609792895,2.956356246476685,1829045,576657.1
2026-09-29T12:10:00-04:00,3.13,3.27,3.13,3.2,0,0,0,0,0,0,,,,,,,,,,,,,,,,,,,,,,,,,,,,,,,,,,,,,,,,,,,,1.1048729633499663,2.625695974492893,2.928092456479286,3.005084997181348,1477238,631557.7
2026-09-29T12:11:00-04:00,3.2,3.29,3.195,3.24,0,0,0,0,0,0,,,,,,,,,,,,,,,,,,,,,,,,,,,,,,,,,,,,,,,,,,,,1.1048729633499663,2.63385399105135,2.957797936814592,3.052067997745078,1049657,670903.0
2026-09-29T12:12:00-04:00,3.24,3.3999,3.23,3.34,0,0,0,0,0,0,,,,,,,,,,,,,,,,,,,,,,,,,,,,,,,,,,,,,,,,,,,,1.1048729633499663,2.646650559415523,2.99419813330844,3.1096543981960627,1498831,718651.85
2026-09-29T12:13:00-04:00,3.3403,3.363867,3.0401,3.1017,0,0,0,0,0,0,,,,,,,,,,,,,,,,,,,,,,,,,,,,,,,,,,,,,,,,,,,,1.1048729633499663,2.6598805926222813,3.004436406326684,3.1080635185568504,2100293,779149.3
2026-09-29T12:14:00-04:00,3.11,3.16,3.06,3.095,0,0,0,0,0,0,,,,,,,,,,,,,,,,,,,,,,,,,,,,,,,,,,,,,,,,,,,,1.1048729633499663,2.6646378745439265,3.013061510486047,3.10545081484548,895075,797457.35
2026-09-29T12:15:00-04:00,3.1,3.17,3.075,3.12,0,0,0,0,0,0,,,,,,,,,,,,,,,,,,,,,,,,,,,,,,,,,,,,,,,,,,,,1.1048729633499663,2.6687233661957896,3.023246128534995,3.108360651876384,755401,793015.9
2026-09-29T12:16:00-04:00,3.1209,3.1751,3.1,3.1185,0,0,0,0,0,0,,,,,,,,,,,,,,,,,,,,,,,,,,,,,,,,,,,,,,,,,,,,1.1048729633499663,2.6717942834623796,3.0323179258173765,3.1103885215011076,564870,798494.45
2026-09-29T12:17:00-04:00,3.1101,3.2,3.11,3.1695,0,0,0,0,0,0,,,,,,,,,,,,,,,,,,,,,,,,,,,,,,,,,,,,,,,,,,,,1.1048729633499663,2.675133835236178,3.0453828852633404,3.122210817200886,586119,804764.45
2026-09-29T12:18:00-04:00,3.1691,3.26,3.11,3.22,0,0,0,0,0,0,,,,,,,,,,,,,,,,,,,,,,,,,,,,,,,,,,,,,,,,,,,,1.1048729633499663,2.6791889611161928,3.062013086666832,3.141768653760709,671220,813383.65
2026-09-29T12:19:00-04:00,3.2199,3.27,3.19,3.2499,0,0,0,0,0,0,,,,,,,,,,,,,,,,,,,,,,,,,,,,,,,,,,,,,,,,,,,,1.1048729633499663,2.684482143713856,3.0799070784128477,3.163394923008567,827563,842202.45
2026-09-29T12:20:00-04:00,3.245,3.27,3.18,3.2099,0,0,0,0,0,0,,,,,,,,,,,,,,,,,,,,,,,,,,,,,,,,,,,,,,,,,,,,1.1048729633499663,2.6883832704889503,3.0922873566592433,3.1726959384068536,639594,857055.35
2026-09-29T12:21:00-04:00,3.201,3.43,3.18,3.35,0,0,0,0,0,0,,,,,,,,,,,,,,,,,,,,,,,,,,,,,,,,,,,,,,,,,,,,1.1048729633499663,2.6958030313437824,3.1168314179297916,3.208156750725483,1043589,895481.9
2026-09-29T12:22:00-04:00,3.355,3.43,3.33,3.42,0,0,0,0,0,0,,,,,,,,,,,,,,,,,,,,,,,,,,,,,,,,,,,,,,,,,,,,1.1048729633499663,2.704930617557918,3.145704616222192,3.2505254005803863,1177895,937207.6
2026-09-29T12:23:00-04:00,3.425,3.5,3.37,3.3897,0,0,0,0,0,0,,,,,,,,,,,,,,,,,,,,,,,,,,,,,,,,,,,,,,,,,,,,1.1048729633499663,2.7147923827914093,3.168942271820079,3.278360320464309,1258963,987179.7
2026-09-29T12:24:00-04:00,3.3897,3.42,3.33,3.41,0,0,0,0,0,0,,,,,,,,,,,,,,,,,,,,,,,,,,,,,,,,,,,,,,,,,,,,1.1048729633499663,2.7205542574808117,3.191900150694357,3.3046882563714473,789518,1010212.8
2026-09-29T12:25:00-04:00,3.4091,3.41,3.35,3.35,0,0,0,0,0,0,,,,,,,,,,,,,,,,,,,,,,,,,,,,,,,,,,,,,,,,,,,,1.1048729633499663,2.7232903136391786,3.2069572791996563,3.313750605097158,389495,981150.4
2026-09-29T12:26:00-04:00,3.3515,3.525,3.35,3.5001,0,0,0,0,0,0,,,,,,,,,,,,,,,,,,,,,,,,,,,,,,,,,,,,,,,,,,,,1.1048729633499663,2.732280642154252,3.234875633561594,3.3510204840777265,1144741,993498.55
2026-09-29T12:27:00-04:00,3.5091,3.75,3.46,3.65,0,0,0,0,0,0,,,,,,,,,,,,,,,,,,,,,,,,,,,,,,,,,,,,,,,,,,,,1.1048729633499663,2.753120307023578,3.274411287508109,3.410816387262181,2250070,1087570.4
2026-09-29T12:28:00-04:00,3.655,3.74,3.62,3.7009,0,0,0,0,0,0,,,,,,,,,,,,,,,,,,,,,,,,,,,,,,,,,,,,,,,,,,,,1.1048729633499663,2.764072420102603,3.3150292601263844,3.468833109809745,1137436,1104330.65
2026-09-29T12:29:00-04:00,3.7009,3.725,3.61,3.705,0,0,0,0,0,0,,,,,,,,,,,,,,,,,,,,,,,,,,,,,,,,,,,,,,,,,,,,1.1048729633499663,2.7727913253922796,3.3521693305905385,3.516066487847796,932093,1059483.05
2026-09-29T12:30:00-04:00,3.7074,3.8199,3.57,3.5809,0,0,0,0,0,0,,,,,,,,,,,,,,,,,,,,,,,,,,,,,,,,,,,,,,,,,,,,1.1048729633499663,2.782933984013435,3.37395320386763,3.529033190278237,1136316,1042436.95
2026-09-29T12:31:00-04:00,3.585,3.59,3.46,3.52,0,0,0,0,0,0,,,,,,,,,,,,,,,,,,,,,,,,,,,,,,,,,,,,,,,,,,,,1.1048729633499663,2.7911217879159573,3.3878624225469034,3.5272265522225896,1107644,1045336.3
2026-09-29T12:32:00-04:00,3.5115,3.65,3.51,3.6195,0,0,0,0,0,0,,,,,,,,,,,,,,,,,,,,,,,,,,,,,,,,,,,,,,,,,,,,1.1048729633499663,2.7979726912649423,3.409923144209103,3.545681241778072,862926,1013541.05
2026-09-29T12:33:00-04:00,3.6101,3.63,3.55,3.5825,0,0,0,0,0,0,,,,,,,,,,,,,,,,,,,,,,,,,,,,,,,,,,,,,,,,,,,,1.1048729633499663,2.8017237817420986,3.4263590352368074,3.5530449934224575,482262,932639.5
2026-09-29T12:34:00-04:00,3.58,3.635,3.545,3.6,0,0,0,0,0,0,,,,,,,,,,,,,,,,,,,,,,,,,,,,,,,,,,,,,,,,,,,,1.1048729633499663,2.8060952446975564,3.442896269976159,3.562435994737966,563655,916068.5
2026-09-29T12:35:00-04:00,3.6,3.69,3.57,3.6615,0,1,0,0,0,1,3.61,3.67795,3.635,3.64,72.38095238095237,3.02335108562065,1.1855390265321872,1.0502199499906488,,1.0,2.0,1.0,100.0,0.517093689469511,34.50000000000005,40.625000000000206,51.25000000000005,3.277345350266287,4.326095862351487,0.9052974399546498,1.4265927977839432,100.0,5.710177908526526,16839.0,121.0,71.33796296296295,23.267149273658458,17.777777777777782,2.954798837228747,55.79567999095785,4.0,6.0,1.0,1.1855390265321872,1.161290322580646,0.0,5.0,1.0,0.0,1.0,,,,1.1048729633499663,2.811522427037511,3.463715672835572,3.582248795790373,668235,911710.2
2026-09-29T12:36:00-04:00,3.6601,3.67,3.35,3.385,0,0,0,0,0,0,,,,,,,,,,,,,,,,,,,,,,,,,,,,,,,,,,,,,,,,,,,,1.1048729633499663,2.820761792670985,3.4562189420893272,3.5427990366322986,1465838,956758.6
2026-09-29T12:37:00-04:00,3.385,3.45,3.32,3.4298,0,0,0,0,0,0,,,,,,,,,,,,,,,,,,,,,,,,,,,,,,,,,,,,,,,,,,,,1.1048729633499663,2.824896805309224,3.453702852366534,3.520199229305839,749317,964918.5
2026-09-29T12:38:00-04:00,3.4209,3.44,3.39,3.4191,0,0,0,0,0,0,,,,,,,,,,,,,,,,,,,,,,,,,,,,,,,,,,,,,,,,,,,,1.1048729633499663,2.8267214182500755,3.4504073426173405,3.4999793834446713,324770,947596.0
2026-09-29T12:39:00-04:00,3.41,3.47,3.39,3.405,0,0,0,0,0,0,,,,,,,,,,,,,,,,,,,,,,,,,,,,,,,,,,,,,,,,,,,,1.1048729633499663,2.8292212323460424,3.4460828337966416,3.480983506755737,444219,928428.8
2026-09-29T12:40:00-04:00,3.41,3.53,3.4003,3.4591,0,0,0,0,0,0,,,,,,,,,,,,,,,,,,,,,,,,,,,,,,,,,,,,,,,,,,,,1.1048729633499663,2.832453617668249,3.4473225639112473,3.4766068054045896,541852,923541.7
2026-09-29T12:41:00-04:00,3.4515,3.58,3.42,3.555,1,0,0,0,0,0,,,,,,,,,,,,,,,,,,,,,,,,,,,,,,,,,,,,,,,,,,,,1.1048729633499663,2.8357575396602916,3.457577557824462,3.4922854443236715,514358,897080.15
2026-09-29T12:42:00-04:00,3.55,3.7599,3.461,3.5285,0,0,0,0,0,0,,,,,,,,,,,,,,,,,,,,,,,,,,,,,,,,,,,,,,,,,,,,1.1048729633499663,2.844112341218234,3.464332076126894,3.499528355458937,1207155,898543.15
2026-09-29T12:43:00-04:00,3.525,3.63,3.48,3.57,0,0,0,0,0,0,,,,,,,,,,,,,,,,,,,,,,,,,,,,,,,,,,,,,,,,,,,,1.1048729633499663,2.8485893505058235,3.4743956879243325,3.51362268436715,679569,869573.45
2026-09-29T12:44:00-04:00,3.57,3.7,3.54,3.67,0,0,0,0,0,0,,,,,,,,,,,,,,,,,,,,,,,,,,,,,,,,,,,,,,,,,,,,1.1048729633499663,2.855699584714817,3.493024670026777,3.54489814749372,989331,879564.1
2026-09-29T12:45:00-04:00,3.67,3.87,3.6609,3.78,0,0,0,0,1,1,3.61,3.67795,3.7599,3.61,72.38095238095237,1.9245737684769917,2.6106915962676887,1.9863406645561368,1.0651876699935403,1.0,3.0,8.0,75.0,1.5320876133227337,85.96875000000009,10.937499999999911,52.60640841702522,5.53174603174604,1.0555555555555651,2.3617150338370587,4.709141274238227,66.66666666666666,7.375514626867052,16839.0,121.0,71.33796296296295,23.267149273658458,17.777777777777782,2.954798837228747,55.79567999095785,4.0,16.0,1.0,1.9248108064944895,1.0302184266710472,3.0,8.0,0.0,1.0,1.0,4.0,3.53,3.58,1.1048729633499663,2.8713115380871814,3.5203556538337506,3.591918517994976,1904275,955303.1
2026-09-29T12:46:00-04:00,3.7794,3.91,3.71,3.86,0,0,0,0,0,0,,,,,,,,,,,,,,,,,,,,,,,,,,,,,,,,,,,,,,,,,,,,1.1048729633499663,2.879906357669942,3.5527027344210125,3.645534814395981,1012746,948703.35
2026-09-29T12:47:00-04:00,3.865,3.9299,3.66,3.74,0,0,0,0,0,0,,,,,,,,,,,,,,,,,,,,,,,,,,,,,,,,,,,,,,,,,,,,1.1048729633499663,2.8879911775859437,3.5705405692380587,3.664427851516785,1024170,887408.35
2026-09-29T12:48:00-04:00,3.75,3.76,3.65,3.6701,0,0,0,0,0,0,,,,,,,,,,,,,,,,,,,,,,,,,,,,,,,,,,,,,,,,,,,,1.1048729633499663,2.8920038640956767,3.580022419786815,3.665562281213428,568811,858977.1
2026-09-29T12:49:00-04:00,3.675,3.72,3.63,3.6497,0,0,0,0,0,0,,,,,,,,,,,,,,,,,,,,,,,,,,,,,,,,,,,,,,,,,,,,1.1048729633499663,2.8954889823200625,3.5866583798071185,3.6623898249707425,516001,838172.5
2026-09-29T12:50:00-04:00,3.645,3.74,3.6409,3.69,0,0,0,0,0,0,,,,,,,,,,,,,,,,,,,,,,,,,,,,,,,,,,,,,,,,,,,,1.1048729633499663,2.898993416722825,3.596500438873107,3.667911859976594,507882,806750.8
2026-09-29T12:51:00-04:00,3.69,3.725,3.61,3.63,0,0,0,0,0,0,,,,,,,,,,,,,,,,,,,,,,,,,,,,,,,,,,,,,,,,,,,,1.1048729633499663,2.9027183888377466,3.599690873266145,3.6603294879812753,570363,779886.75
2026-09-29T12:52:00-04:00,3.635,3.67,3.57,3.65,0,0,0,0,0,0,,,,,,,,,,,,,,,,,,,,,,,,,,,,,,,,,,,,,,,,,,,,1.1048729633499663,2.9053989280521946,3.6044822186693697,3.65826359038502,428230,758151.95
2026-09-29T12:53:00-04:00,3.6415,3.72,3.63,3.64,0,0,0,0,0,0,,,,,,,,,,,,,,,,,,,,,,,,,,,,,,,,,,,,,,,,,,,,1.1048729633499663,2.9071768236101745,3.6078648645103817,3.654610872308016,273182,747697.95
2026-09-29T12:54:00-04:00,3.64,3.65,3.6,3.63,0,0,0,0,0,0,,,,,,,,,,,,,,,,,,,,,,,,,,,,,,,,,,,,,,,,,,,,1.1048729633499663,2.908505967675216,3.6099729726522503,3.649688697846413,215540,730292.2
2026-09-29T12:55:00-04:00,3.6299,3.63,3.45,3.4703,0,0,0,0,0,0,,,,,,,,,,,,,,,,,,,,,,,,,,,,,,,,,,,,,,,,,,,,1.1048729633499663,2.9123735469405765,3.596670784780607,3.6138109582771305,746621,734211.5
2026-09-29T12:56:00-04:00,3.4702,3.52,3.43,3.5,0,0,0,0,0,0,,,,,,,,,,,,,,,,,,,,,,,,,,,,,,,,,,,,,,,,,,,,1.1048729633499663,2.9149717045173027,3.5874640433729303,3.5910487666217046,536774,687758.3
2026-09-29T12:57:00-04:00,3.505,3.57,3.465,3.5,0,0,0,0,0,0,,,,,,,,,,,,,,,,,,,,,,,,,,,,,,,,,,,,,,,,,,,,1.1048729633499663,2.917235749425036,3.5791341344802703,3.572839013297364,449278,672756.35
2026-09-29T12:58:00-04:00,3.5009,3.51,3.46,3.5032,0,0,0,0,0,0,,,,,,,,,,,,,,,,,,,,,,,,,,,,,,,,,,,,,,,,,,,,1.1048729633499663,2.918465719335614,3.571902312148816,3.558911210637891,254346,669235.15
2026-09-29T12:59:00-04:00,3.51,3.55,3.46,3.465,0,0,0,0,0,0,,,,,,,,,,,,,,,,,,,,,,,,,,,,,,,,,,,,,,,,,,,,1.1048729633499663,2.9200716686367936,3.5617211395632142,3.540128968510313,333394,663693.9
2026-09-29T13:00:00-04:00,3.465,3.55,3.46,3.5297,0,0,0,0,0,0,,,,,,,,,,,,,,,,,,,,,,,,,,,,,,,,,,,,,,,,,,,,1.1048729633499663,2.9215430463344743,3.5586715072238606,3.53804317480825,295912,651396.9
2026-09-29T13:01:00-04:00,3.53,3.54,3.47,3.5101,0,0,0,0,0,0,,,,,,,,,,,,,,,,,,,,,,,,,,,,,,,,,,,,,,,,,,,,1.1048729633499663,2.922687073237121,3.5540456493930166,3.5324545398466003,233682,637363.1
2026-09-29T13:02:00-04:00,3.5191,3.5191,3.46,3.481,0,0,0,0,0,0,,,,,,,,,,,,,,,,,,,,,,,,,,,,,,,,,,,,,,,,,,,,1.1048729633499663,2.9235304583738793,3.547088920879396,3.52216363187728,178998,585955.25
2026-09-29T13:03:00-04:00,3.4802,3.61,3.44,3.4415,0,0,0,0,0,0,,,,,,,,,,,,,,,,,,,,,,,,,,,,,,,,,,,,,,,,,,,,1.1048729633499663,2.926633322331525,3.537032833176596,3.506030905501824,651018,584527.7
2026-09-29T13:04:00-04:00,3.445,3.53,3.445,3.49,0,0,0,0,0,0,,,,,,,,,,,,,,,,,,,,,,,,,,,,,,,,,,,,,,,,,,,,1.1048729633499663,2.927926512861397,3.5325535157312062,3.502824724401459,277732,548947.75
2026-09-29T13:05:00-04:00,3.4803,3.4803,3.44,3.44,0,0,0,0,0,0,,,,,,,,,,,,,,,,,,,,,,,,,,,,,,,,,,,,,,,,,,,,1.1048729633499663,2.9289580772349173,3.523738895185377,3.490259779521167,237268,465597.4
2026-09-29T13:06:00-04:00,3.44,3.4499,3.21,3.275,0,0,0,0,0,0,,,,,,,,,,,,,,,,,,,,,,,,,,,,,,,,,,,,,,,,,,,,1.1048729633499663,2.9337248628803048,3.5000494765962937,3.447207823616934,1524615,491190.85
2026-09-29T13:07:00-04:00,3.275,3.3491,3.26,3.295,0,0,0,0,0,0,,,,,,,,,,,,,,,,,,,,,,,,,,,,,,,,,,,,,,,,,,,,1.1048729633499663,2.9353831301961906,3.4805209550156944,3.416766258893547,554572,467710.95
2026-09-29T13:08:00-04:00,3.3,3.3199,3.26,3.27,0,0,0,0,0,0,,,,,,,,,,,,,,,,,,,,,,,,,,,,,,,,,,,,,,,,,,,,1.1048729633499663,2.9362518153018855,3.460471340252295,3.3874130071148376,307752,454658.0
2026-09-29T13:09:00-04:00,3.27,3.29,3.13,3.1399,0,0,0,0,0,0,,,,,,,,,,,,,,,,,,,,,,,,,,,,,,,,,,,,,,,,,,,,1.1048729633499663,2.938127799221334,3.429940736418743,3.3379104056918703,930480,475381.95
2026-09-29T13:10:00-04:00,3.1399,3.24,3.13,3.24,0,0,0,0,0,0,,,,,,,,,,,,,,,,,,,,,,,,,,,,,,,,,,,,,,,,,,,,1.1048729633499663,2.9394014133789432,3.411851142474101,3.318328324553496,599275,479951.6
2026-09-29T13:11:00-04:00,3.235,3.28,3.22,3.27,0,0,0,0,0,0,,,,,,,,,,,,,,,,,,,,,,,,,,,,,,,,,,,,,,,,,,,,1.1048729633499663,2.940259166874511,3.39834150985752,3.308662659642797,338288,468347.85
2026-09-29T13:12:00-04:00,3.275,3.28,3.23,3.25,0,0,0,0,0,0,,,,,,,,,,,,,,,,,,,,,,,,,,,,,,,,,,,,,,,,,,,,1.1048729633499663,2.940945597030526,3.3842137470139466,3.2969301277142375,274947,460683.7
2026-09-29T13:13:00-04:00,3.2503,3.32,3.22,3.25,0,0,0,0,0,0,,,,,,,,,,,,,,,,,,,,,,,,,,,,,,,,,,,,,,,,,,,,1.1048729633499663,2.9420982765073163,3.371431485393571,3.28754410217139,449972,469523.2
2026-09-29T13:14:00-04:00,3.25,3.275,3.21,3.2603,0,0,0,0,0,0,,,,,,,,,,,,,,,,,,,,,,,,,,,,,,,,,,,,,,,,,,,,1.1048729633499663,2.9427609955188276,3.360847534403707,3.282095281737112,272853,472388.85
2026-09-29T13:15:00-04:00,3.265,3.27,3.22,3.22,0,0,0,0,0,0,,,,,,,,,,,,,,,,,,,,,,,,,,,,,,,,,,,,,,,,,,,,1.1048729633499663,2.9431624721536025,3.347433483508116,3.2696762253896896,172521,443683.85
2026-09-29T13:16:00-04:00,3.225,3.25,3.22,3.2303,0,0,0,0,0,0,,,,,,,,,,,,,,,,,,,,,,,,,,,,,,,,,,,,,,,,,,,,1.1048729633499663,2.943483763853785,3.3362779136502,3.261800980311752,139948,423842.55
2026-09-29T13:17:00-04:00,3.24,3.3,3.22,3.29,0,0,0,0,0,0,,,,,,,,,,,,,,,,,,,,,,,,,,,,,,,,,,,,,,,,,,,,1.1048729633499663,2.944239856041083,3.331870493302562,3.2674407842494015,293459,416051.6
2026-09-29T13:18:00-04:00,3.2866,3.33,3.26,3.27,0,0,0,0,0,0,,,,,,,,,,,,,,,,,,,,,,,,,,,,,,,,,,,,,,,,,,,,1.1048729633499663,2.9453604889111356,3.3259780653689845,3.2679526273995214,416099,424139.25
2026-09-29T13:19:00-04:00,3.27,3.27,3.16,3.2,0,0,0,0,0,0,,,,,,,,,,,,,,,,,,,,,,,,,,,,,,,,,,,,,,,,,,,,1.1048729633499663,2.946364745470427,3.313980154381462,3.254362101919617,484331,431686.1
2026-09-29T13:20:00-04:00,3.2,3.2499,3.190866,3.21,0,0,0,0,0,0,,,,,,,,,,,,,,,,,,,,,,,,,,,,,,,,,,,,,,,,,,,,1.1048729633499663,2.946980301228342,3.3040772825356086,3.2454896815356937,291038,431442.4
2026-09-29T13:21:00-04:00,3.2191,3.29,3.21,3.2599,0,0,0,0,0,0,,,,,,,,,,,,,,,,,,,,,,,,,,,,,,,,,,,,,,,,,,,,1.1048729633499663,2.947642408964086,3.299869922294122,3.248371745228555,277099,433613.25
2026-09-29T13:22:00-04:00,3.25,3.29,3.23,3.2809,0,0,0,0,0,0,,,,,,,,,,,,,,,,,,,,,,,,,,,,,,,,,,,,,,,,,,,,1.1048729633499663,2.948154190583026,3.2980632630280153,3.254877396182844,205793,434953.0
2026-09-29T13:23:00-04:00,3.285,3.3491,3.28,3.2992,0,0,0,0,0,0,,,,,,,,,,,,,,,,,,,,,,,,,,,,,,,,,,,,,,,,,,,,1.1048729633499663,2.949322846479147,3.2981715236920137,3.263741916946275,416705,423237.35
2026-09-29T13:24:00-04:00,3.2991,3.335,3.29,3.31,0,0,0,0,0,0,,,,,,,,,,,,,,,,,,,,,,,,,,,,,,,,,,,,,,,,,,,,1.1048729633499663,2.950039066838828,3.2992980452451555,3.27299353355702,255135,422107.5
2026-09-29T13:25:00-04:00,3.32,3.44,3.29,3.4315,0,0,0,0,0,0,,,,,,,,,,,,,,,,,,,,,,,,,,,,,,,,,,,,,,,,,,,,1.1048729633499663,2.952359908048089,3.3118887076027597,3.304694826845616,688959,444692.05
2026-09-29T13:26:00-04:00,3.435,3.47,3.37,3.405,0,0,0,0,0,0,,,,,,,,,,,,,,,,,,,,,,,,,,,,,,,,,,,,,,,,,,,,1.1048729633499663,2.9538091002076894,3.32075644973583,3.324755861476493,407757,388849.15
2026-09-29T13:27:00-04:00,3.402,3.41,3.37,3.3899,0,0,0,0,0,0,,,,,,,,,,,,,,,,,,,,,,,,,,,,,,,,,,,,,,,,,,,,1.1048729633499663,2.9546453188506554,3.3273415497609893,3.3377846891811944,250051,373623.1
2026-09-29T13:28:00-04:00,3.39,3.45,3.3748,3.3801,0,0,0,0,0,0,,,,,,,,,,,,,,,,,,,,,,,,,,,,,,,,,,,,,,,,,,,,1.1048729633499663,2.9559293751701268,3.3323661640694664,3.3462477513449556,375742,377022.6
2026-09-29T13:29:00-04:00,3.3899,3.45,3.365,3.395,0,0,0,0,0,0,,,,,,,,,,,,,,,,,,,,,,,,,,,,,,,,,,,,,,,,,,,,1.1048729633499663,2.957083244927545,3.3383312913009457,3.3559982010759644,338205,347408.85
2026-09-29T13:30:00-04:00,3.3908,3.4,3.31,3.34,0,0,0,0,0,0,,,,,,,,,,,,,,,,,,,,,,,,,,,,,,,,,,,,,,,,,,,,1.1048729633499663,2.9580883497494357,3.338490215938951,3.3527985608607715,336315,334260.85
2026-09-29T13:31:00-04:00,3.3409,3.37,3.3,3.3,0,0,0,0,0,0,,,,,,,,,,,,,,,,,,,,,,,,,,,,,,,,,,,,,,,,,,,,1.1048729633499663,2.958824253965893,3.3348244810876224,3.342238848688617,265429,330617.9
2026-09-29T13:32:00-04:00,3.305,3.34,3.271,3.3109,0,0,0,0,0,0,,,,,,,,,,,,,,,,,,,,,,,,,,,,,,,,,,,,,,,,,,,,1.1048729633499663,2.959503978828649,3.3325459590792774,3.3359710789508936,257466,329743.85
2026-09-29T13:33:00-04:00,3.3151,3.3191,3.28,3.29,0,0,0,0,0,0,,,,,,,,,,,,,,,,,,,,,,,,,,,,,,,,,,,,,,,,,,,,1.1048729633499663,2.9599916803931015,3.328493962976489,3.326776863160715,191377,316814.1
2026-09-29T13:34:00-04:00,3.295,3.3,3.13,3.2301,0,0,0,0,0,0,,,,,,,,,,,,,,,,,,,,,,,,,,,,,,,,,,,,,,,,,,,,1.1048729633499663,2.96127064457702,3.3191231093596807,3.3074414905285723,653349,335838.9
2026-09-29T13:35:00-04:00,3.23,3.26,3.21,3.245,0,0,0,0,0,0,,,,,,,,,,,,,,,,,,,,,,,,,,,,,,,,,,,,,,,,,,,,1.1048729633499663,2.961693119790063,3.3120637656111396,3.2949531924228577,202869,337356.3
2026-09-29T13:36:00-04:00,3.245,3.29,3.24,3.28,0,0,0,0,0,0,,,,,,,,,,,,,,,,,,,,,,,,,,,,,,,,,,,,,,,,,,,,1.1048729633499663,2.962083241843916,3.309010073648174,3.291962553938286,168562,338787.0
2026-09-29T13:37:00-04:00,3.28,3.28,3.19,3.2001,0,0,0,0,0,0,,,,,,,,,,,,,,,,,,,,,,,,,,,,,,,,,,,,,,,,,,,,1.1048729633499663,2.9626720389819257,3.298637685681681,3.273590043150629,300868,339157.45
2026-09-29T13:38:00-04:00,3.2,3.22,3.17,3.19,0,0,0,0,0,0,,,,,,,,,,,,,,,,,,,,,,,,,,,,,,,,,,,,,,,,,,,,1.1048729633499663,2.963098939569475,3.288291239426283,3.256872034520503,247559,330730.45
2026-09-29T13:39:00-04:00,3.195,3.22,3.19,3.2,0,0,0,0,0,0,,,,,,,,,,,,,,,,,,,,,,,,,,,,,,,,,,,,,,,,,,,,1.1048729633499663,2.9633390645772035,3.279882549957113,3.2454976276164023,133833,313205.55
2026-09-29T13:40:00-04:00,3.21,3.28,3.2,3.243,0,0,0,0,0,0,,,,,,,,,,,,,,,,,,,,,,,,,,,,,,,,,,,,,,,,,,,,1.1048729633499663,2.9638373505442233,3.2763699261516734,3.244998102093122,240716,310689.45
2026-09-29T13:41:00-04:00,3.25,3.25,3.13,3.1509,0,0,0,0,0,0,,,,,,,,,,,,,,,,,,,,,,,,,,,,,,,,,,,,,,,,,,,,1.1048729633499663,2.9642192104130434,3.2644204093753237,3.2261784816744976,240758,308872.4
2026-09-29T13:42:00-04:00,3.15,3.22,3.13,3.22,0,0,0,0,0,0,,,,,,,,,,,,,,,,,,,,,,,,,,,,,,,,,,,,,,,,,,,,1.1048729633499663,2.964668799812813,3.2601898941967216,3.224942785339598,268111,311988.3
2026-09-29T13:43:00-04:00,3.22,3.225,3.18,3.18,0,0,0,0,0,0,,,,,,,,,,,,,,,,,,,,,,,,,,,,,,,,,,,,,,,,,,,,1.1048729633499663,2.9648900987214906,3.2525527614160814,3.2159542282716784,129488,297627.45
2026-09-29T13:44:00-04:00,3.185,3.2003,3.15,3.16,0,0,0,0,0,0,,,,,,,,,,,,,,,,,,,,,,,,,,,,,,,,,,,,,,,,,,,,1.1048729633499663,2.96513598915607,3.243738212709788,3.204763382617343,161684,292954.9
2026-09-29T13:45:00-04:00,3.16,3.175,3.06,3.14,0,0,0,0,0,0,,,,,,,,,,,,,,,,,,,,,,,,,,,,,,,,,,,,,,,,,,,,1.1048729633499663,2.9657196445237357,3.2338583829279033,3.1918107060938743,494445,283229.2
2026-09-29T13:46:00-04:00,3.1318,3.21,3.1,3.1785,0,0,0,0,0,0,,,,,,,,,,,,,,,,,,,,,,,,,,,,,,,,,,,,,,,,,,,,1.1048729633499663,2.9663727092974397,3.2285861559823887,3.1891485648750995,450187,285350.7
2026-09-29T13:47:00-04:00,3.18,3.23,3.15,3.205,0,0,0,0,0,0,,,,,,,,,,,,,,,,,,,,,,,,,,,,,,,,,,,,,,,,,,,,1.1048729633499663,2.9667796549104195,3.2263398554126375,3.1923188519000796,242290,284962.65
2026-09-29T13:48:00-04:00,3.205,3.24,3.15,3.225,0,0,0,0,0,0,,,,,,,,,,,,,,,,,,,,,,,,,,,,,,,,,,,,,,,,,,,,1.1048729633499663,2.967289552676291,3.2262122501352435,3.1988550815200636,291986,280774.85
2026-09-29T13:49:00-04:00,3.2299,3.28,3.2201,3.2501,0,0,0,0,0,0,,,,,,,,,,,,,,,,,,,,,,,,,,,,,,,,,,,,,,,,,,,,1.1048729633499663,2.9679709422311022,3.228487273931887,3.2091040652160507,329501,280339.65
2026-09-29T13:50:00-04:00,3.245,3.3391,3.22,3.295,0,0,0,0,0,0,,,,,,,,,,,,,,,,,,,,,,,,,,,,,,,,,,,,,,,,,,,,1.1048729633499663,2.969408416649495,3.234821819271707,3.2262832521728404,623438,294695.8
2026-09-29T13:51:00-04:00,3.295,3.3,3.17,3.245,0,0,0,0,0,0,,,,,,,,,,,,,,,,,,,,,,,,,,,,,,,,,,,,,,,,,,,,1.1048729633499663,2.9701736795082505,3.235791169817259,3.230026601738272,392011,301024.9
2026-09-29T13:52:00-04:00,3.2409,3.31,3.22,3.3001,0,0,0,0,0,0,,,,,,,,,,,,,,,,,,,,,,,,,,,,,,,,,,,,,,,,,,,,1.1048729633499663,2.9707128585715052,3.241915820310853,3.2440412813906176,242744,300288.8
2026-09-29T13:53:00-04:00,3.3001,3.31,3.17,3.29,0,0,0,0,0,0,,,,,,,,,,,,,,,,,,,,,,,,,,,,,,,,,,,,,,,,,,,,1.1048729633499663,2.9713915113139833,3.246495265995534,3.253233025112494,328297,307134.8
2026-09-29T13:54:00-04:00,3.2809,3.31,3.25,3.305,0,0,0,0,0,0,,,,,,,,,,,,,,,,,,,,,,,,,,,,,,,,,,,,,,,,,,,,1.1048729633499663,2.9719139512667683,3.252067145424531,3.2635864200899953,228396,285887.15
2026-09-29T13:55:00-04:00,3.31,3.34,3.25,3.2799,0,0,0,0,0,0,,,,,,,,,,,,,,,,,,,,,,,,,,,,,,,,,,,,,,,,,,,,1.1048729633499663,2.97268657689058,3.2547178934793375,3.2668491360719965,337410,292614.2
2026-09-29T13:56:00-04:00,3.275,3.3,3.27,3.285,0,0,0,0,0,0,,,,,,,,,,,,,,,,,,,,,,,,,,,,,,,,,,,,,,,,,,,,1.1048729633499663,2.97291835625514,3.2576019036241624,3.270479308857597,103156,289343.9
2026-09-29T13:57:00-04:00,3.2801,3.32,3.28,3.315,0,0,0,0,0,0,,,,,,,,,,,,,,,,,,,,,,,,,,,,,,,,,,,,,,,,,,,,1.1048729633499663,2.973460150362664,3.2630683889932897,3.2793834470860777,227148,285657.9
2026-09-29T13:58:00-04:00,3.32,3.3551,3.28,3.3,0,0,0,0,0,0,,,,,,,,,,,,,,,,,,,,,,,,,,,,,,,,,,,,,,,,,,,,1.1048729633499663,2.974421613400167,3.266585685279643,3.283506757668862,396884,293124.15
2026-09-29T13:59:00-04:00,3.295,3.36,3.29,3.345,0,0,0,0,0,0,,,,,,,,,,,,,,,,,,,,,,,,,,,,,,,,,,,,,,,,,,,,1.1048729633499663,2.974847912076974,3.27405371525301,3.2958054061350897,166810,294773.0
2026-09-29T14:00:00-04:00,3.3491,3.4,3.33,3.36,0,0,0,0,0,0,,,,,,,,,,,,,,,,,,,,,,,,,,,,,,,,,,,,,,,,,,,,1.1048729633499663,2.9757227775657484,3.282239075705104,3.3086443249080717,315515,298512.95
2026-09-29T14:01:00-04:00,3.353864,3.38,3.28,3.36,0,0,0,0,0,0,,,,,,,,,,,,,,,,,,,,,,,,,,,,,,,,,,,,,,,,,,,,1.1048729633499663,2.976735301365732,3.289644878018904,3.3189154599264574,390513,306000.7
2026-09-29T14:02:00-04:00,3.3501,3.37,3.31,3.35,0,0,0,0,0,0,,,,,,,,,,,,,,,,,,,,,,,,,,,,,,,,,,,,,,,,,,,,1.1048729633499663,2.977037133985871,3.2953929848742463,3.325132367941166,115770,298383.65
2026-09-29T14:03:00-04:00,3.3508,3.51,3.35,3.455,0,0,0,0,0,0,,,,,,,,,,,,,,,,,,,,,,,,,,,,,,,,,,,,,,,,,,,,1.1048729633499663,2.9791548066841753,3.310593652981461,3.3511058943529326,648481,324333.3
2026-09-29T14:04:00-04:00,3.455,3.455,3.3701,3.415,0,0,0,0,0,0,,,,,,,,,,,,,,,,,,,,,,,,,,,,,,,,,,,,,,,,,,,,1.1048729633499663,2.9804524243252306,3.320537114602274,3.363884715482346,423412,337419.7
2026-09-29T14:05:00-04:00,3.4103,3.5,3.4,3.495,0,0,0,0,0,0,,,,,,,,,,,,,,,,,,,,,,,,,,,,,,,,,,,,,,,,,,,,1.1048729633499663,2.9822398650523563,3.3371526274972956,3.390107772385877,524588,338926.85
2026-09-29T14:06:00-04:00,3.5,3.52,3.35,3.3808,0,0,0,0,0,0,,,,,,,,,,,,,,,,,,,,,,,,,,,,,,,,,,,,,,,,,,,,1.1048729633499663,2.9847804127644757,3.3413095201166008,3.3882462179087014,836013,358218.15
2026-09-29T14:07:00-04:00,3.38,3.4,3.37,3.3815,0,0,0,0,0,0,,,,,,,,,,,,,,,,,,,,,,,,,,,,,,,,,,,,,,,,,,,,1.1048729633499663,2.9852256886217217,3.3451371848674007,3.386896974326961,159791,354093.2
2026-09-29T14:08:00-04:00,3.3891,3.395,3.33,3.3509,0,0,0,0,0,0,,,,,,,,,,,,,,,,,,,,,,,,,,,,,,,,,,,,,,,,,,,,1.1048729633499663,2.985857291645659,3.3456860244038387,3.3796975794615687,242633,351625.55
2026-09-29T14:09:00-04:00,3.35,3.3551,3.29,3.315,0,0,0,0,0,0,,,,,,,,,,,,,,,,,,,,,,,,,,,,,,,,,,,,,,,,,,,,1.1048729633499663,2.986589541818055,3.3427635458891873,3.366758063569255,315011,350901.05
2026-09-29T14:10:00-04:00,3.3115,3.46,3.3,3.3809,0,0,0,0,0,0,,,,,,,,,,,,,,,,,,,,,,,,,,,,,,,,,,,,,,,,,,,,1.1048729633499663,2.9876472975435613,3.346395589137836,3.369586450855404,387274,339092.85
2026-09-29T14:11:00-04:00,3.385,3.52,3.38,3.515,0,0,0,0,1,1,3.4,3.4103,3.46,3.4,20.567375886524815,3.4461222261803357,2.2484219826216676,1.971482181522629,1.0035294650554043,1.0,3.0,4.0,75.0,2.3338097190217746,70.11764705882368,18.11764705882337,92.85714285714302,3.982930298719776,0.1422475106685583,1.8966817037452024,3.3823529411764808,50.0,4.536772440343961,17056.0,1.0,2.4836524645925673,100.0,2.857142857142858,0.0,0.0,2.0,6.0,1.0,1.603420317398018,1.4477766287487075,5.0,8.0,1.0,0.0,1.0,,,,1.1048729633499663,2.9897234140451836,3.36245315207709,3.398669160684323,620963,350540.45
2026-09-29T14:12:00-04:00,3.52,3.5572,3.5,3.52,0,0,0,0,0,0,,,,,,,,,,,,,,,,,,,,,,,,,,,,,,,,,,,,,,,,,,,,1.1048729633499663,2.991918160662032,3.377457613784034,3.4229353285474584,595210,368163.75
2026-09-29T14:13:00-04:00,3.5198,3.58,3.51,3.536142,0,0,0,0,0,0,,,,,,,,,,,,,,,,,,,,,,,,,,,,,,,,,,,,,,,,,,,,1.1048729633499663,2.99374001401243,3.392570412471269,3.4455766628379667,483001,375898.95
2026-09-29T14:14:00-04:00,3.5398,3.565,3.42,3.4697,0,0,0,0,0,0,,,,,,,,,,,,,,,,,,,,,,,,,,,,,,,,,,,,,,,,,,,,1.1048729633499663,2.9955580942052227,3.399916087474005,3.4504013302703735,541876,391572.95
2026-09-29T14:15:00-04:00,3.465,3.47,3.4,3.43,0,0,0,0,0,0,,,,,,,,,,,,,,,,,,,,,,,,,,,,,,,,,,,,,,,,,,,,1.1048729633499663,2.996254636936645,3.40278122200029,3.4463210642162987,233291,386367.0
2026-09-29T14:16:00-04:00,3.42,3.47,3.42,3.4399,0,0,0,0,0,0,,,,,,,,,,,,,,,,,,,,,,,,,,,,,,,,,,,,,,,,,,,,1.1048729633499663,2.9968732651703087,3.4063163437145483,3.445036851373039,203180,391368.2
2026-09-29T14:17:00-04:00,3.435,3.47,3.39,3.4101,0,0,0,0,0,0,,,,,,,,,,,,,,,,,,,,,,,,,,,,,,,,,,,,,,,,,,,,1.1048729633499663,2.9975507438622833,3.4066766919322102,3.4380494810984312,233602,391690.9
2026-09-29T14:18:00-04:00,3.4101,3.42,3.39,3.4052,0,0,0,0,0,0,,,,,,,,,,,,,,,,,,,,,,,,,,,,,,,,,,,,,,,,,,,,1.1048729633499663,2.99785667286686,3.406536054605333,3.431479584878745,110483,377370.85
2026-09-29T14:19:00-04:00,3.4099,3.41,3.37,3.3898,0,0,0,0,0,0,,,,,,,,,,,,,,,,,,,,,,,,,,,,,,,,,,,,,,,,,,,,1.1048729633499663,2.9981404131920013,3.4049421446429204,3.423143667902996,106582,374359.45
2026-09-29T14:20:00-04:00,3.385,3.4,3.35,3.3809,0,0,0,0,0,0,,,,,,,,,,,,,,,,,,,,,,,,,,,,,,,,,,,,,,,,,,,,1.1048729633499663,2.9983703807611284,3.40265241658169,3.4146949343223967,89459,363056.65
2026-09-29T14:21:00-04:00,3.385,3.426145,3.3799,3.42,0,0,0,0,0,0,,,,,,,,,,,,,,,,,,,,,,,,,,,,,,,,,,,,,,,,,,,,1.1048729633499663,2.998805264061895,3.404304567383434,3.4157559474579173,156357,351348.85
2026-09-29T14:22:00-04:00,3.42,3.45,3.4,3.4015,0,0,0,0,0,0,,,,,,,,,,,,,,,,,,,,,,,,,,,,,,,,,,,,,,,,,,,,1.1048729633499663,2.999307593091059,3.4040374657278685,3.412904757966334,177344,354427.55
2026-09-29T14:23:00-04:00,3.41,3.41,3.36,3.375,0,0,0,0,0,0,,,,,,,,,,,,,,,,,,,,,,,,,,,,,,,,,,,,,,,,,,,,1.1048729633499663,2.999720656564119,3.401271992801405,3.405323806373067,159733,329990.15
2026-09-29T14:24:00-04:00,3.38,3.41,3.37,3.4,0,0,0,0,0,0,,,,,,,,,,,,,,,,,,,,,,,,,,,,,,,,,,,,,,,,,,,,1.1048729633499663,2.9999208596391265,3.4011508506298425,3.4042590450984536,75244,312581.75
2026-09-29T14:25:00-04:00,3.41,3.42,3.36,3.36,0,0,0,0,0,0,,,,,,,,,,,,,,,,,,,,,,,,,,,,,,,,,,,,,,,,,,,,1.1048729633499663,3.0002765043305035,3.3972317219984287,3.395407236078763,138554,293280.05
2026-09-29T14:26:00-04:00,3.36,3.371,3.35,3.355,0,0,0,0,0,0,,,,,,,,,,,,,,,,,,,,,,,,,,,,,,,,,,,,,,,,,,,,1.1048729633499663,3.000528334752382,3.393209653236674,3.38732578886301,104120,256685.4
2026-09-29T14:27:00-04:00,3.3591,3.37,3.32,3.33,0,0,0,0,0,0,,,,,,,,,,,,,,,,,,,,,,,,,,,,,,,,,,,,,,,,,,,,1.1048729633499663,3.000972231351389,3.3871896862617525,3.375860631090408,194012,258396.45
2026-09-29T14:28:00-04:00,3.3303,3.35,3.29,3.335,0,0,0,0,0,0,,,,,,,,,,,,,,,,,,,,,,,,,,,,,,,,,,,,,,,,,,,,1.1048729633499663,3.001445344490129,3.3822192399511093,3.3676885048723264,216954,257112.5
2026-09-29T14:29:00-04:00,3.335,3.36,3.32,3.3409,0,0,0,0,0,0,,,,,,,,,,,,,,,,,,,,,,,,,,,,,,,,,,,,,,,,,,,,1.1048729633499663,3.0017250574951806,3.37828407424148,3.362330803897861,122756,247499.75
2026-09-29T14:30:00-04:00,3.345,3.4,3.34,3.3485,0,0,0,0,0,0,,,,,,,,,,,,,,,,,,,,,,,,,,,,,,,,,,,,,,,,,,,,1.1048729633499663,3.0021951518349184,3.3754474957422915,3.359564643118289,193846,237828.35
2026-09-29T14:31:00-04:00,3.3499,3.35,3.24,3.263853,0,0,0,0,0,0,,,,,,,,,,,,,,,,,,,,,,,,,,,,,,,,,,,,,,,,,,,,1.1048729633499663,3.002790555517356,3.36481944852874,3.3404223144946315,314585,222509.45
2026-09-29T14:32:00-04:00,3.26,3.27,3.22,3.25,0,0,0,0,0,0,,,,,,,,,,,,,,,,,,,,,,,,,,,,,,,,,,,,,,,,,,,,1.1048729633499663,3.0030617818017205,3.3538842629545744,3.322337851595705,166139,201055.9
2026-09-29T14:33:00-04:00,3.26,3.3,3.25,3.2898,0,0,0,0,0,0,,,,,,,,,,,,,,,,,,,,,,,,,,,,,,,,,,,,,,,,,,,,1.1048729633499663,3.003302155427526,3.3477809998160435,3.3158302812765643,129806,183396.15
2026-09-29T14:34:00-04:00,3.2873,3.3,3.24,3.2585,0,0,0,0,0,0,,,,,,,,,,,,,,,,,,,,,,,,,,,,,,,,,,,,,,,,,,,,1.1048729633499663,3.0035396229115,3.339278047452611,3.3043642250212515,135192,163061.95
2026-09-29T14:35:00-04:00,3.255,3.29,3.25,3.29,0,0,0,0,0,0,,,,,,,,,,,,,,,,,,,,,,,,,,,,,,,,,,,,,,,,,,,,1.1048729633499663,3.0036976851495276,3.334584900076172,3.301491380017002,86655,155730.15
2026-09-29T14:36:00-04:00,3.29,3.3,3.25,3.2603,0,0,0,0,0,0,,,,,,,,,,,,,,,,,,,,,,,,,,,,,,,,,,,,,,,,,,,,1.1048729633499663,3.0038975254016123,3.327510147687965,3.2932531040136013,112409,151191.6
2026-09-29T14:37:00-04:00,3.2608,3.29,3.25,3.2701,0,0,0,0,0,0,,,,,,,,,,,,,,,,,,,,,,,,,,,,,,,,,,,,,,,,,,,,1.1048729633499663,3.004064639536819,3.3220425145748256,3.288622483210881,94154,144219.2
2026-09-29T14:38:00-04:00,3.27,3.28,3.25,3.2509,0,0,0,0,0,0,,,,,,,,,,,,,,,,,,,,,,,,,,,,,,,,,,,,,,,,,,,,1.1048729633499663,3.004243399718725,3.315267036996271,3.2810779865687048,104680,143929.05
2026-09-29T14:39:00-04:00,3.26,3.27,3.22,3.2592,0,0,0,0,0,0,,,,,,,,,,,,,,,,,,,,,,,,,,,,,,,,,,,,,,,,,,,,1.1048729633499663,3.004462951838616,3.309927319187102,3.2767023892549636,134315,145315.7
2026-09-29T14:40:00-04:00,3.255,3.27,3.23,3.265,0,0,0,0,0,0,,,,,,,,,,,,,,,,,,,,,,,,,,,,,,,,,,,,,,,,,,,,1.1048729633499663,3.0045988540848927,3.3056485268835685,3.274361911403971,81510,144918.25
2026-09-29T14:41:00-04:00,3.27,3.29,3.25,3.2701,0,0,0,0,0,0,,,,,,,,,,,,,,,,,,,,,,,,,,,,,,,,,,,,,,,,,,,,1.1048729633499663,3.004851766224308,3.302262952894657,3.2735095291231766,143312,144266.0
2026-09-29T14:42:00-04:00,3.275,3.3,3.26,3.2801,0,0,0,0,0,0,,,,,,,,,,,,,,,,,,,,,,,,,,,,,,,,,,,,,,,,,,,,1.1048729633499663,3.0050565475572086,3.3001521954761186,3.2748276232985414,112012,140999.4
2026-09-29T14:43:00-04:00,3.29,3.36,3.27,3.3585,0,0,0,0,0,0,,,,,,,,,,,,,,,,,,,,,,,,,,,,,,,,,,,,,,,,,,,,1.1048729633499663,3.005769984939354,3.305709129240298,3.291562098638833,331716,149598.55
2026-09-29T14:44:00-04:00,3.356149,3.37,3.32,3.3394,0,0,0,0,0,0,,,,,,,,,,,,,,,,,,,,,,,,,,,,,,,,,,,,,,,,,,,,1.1048729633499663,3.0061989762332684,3.3089177835983645,3.3011296789110665,192067,155439.7
2026-09-29T14:45:00-04:00,3.335,3.36,3.33,3.3597,0,0,0,0,0,0,,,,,,,,,,,,,,,,,,,,,,,,,,,,,,,,,,,,,,,,,,,,1.1048729633499663,3.0065542752506116,3.313754185160425,3.312843743128853,156302,156327.1
2026-09-29T14:46:00-04:00,3.355,3.36,3.32,3.3397,0,0,0,0,0,0,,,,,,,,,,,,,,,,,,,,,,,,,,,,,,,,,,,,,,,,,,,,1.1048729633499663,3.0067943671048893,3.3162252151451463,3.3182149945030823,108980,156570.1
2026-09-29T14:47:00-04:00,3.335,3.36,3.3238,3.34,0,0,0,0,0,0,,,,,,,,,,,,,,,,,,,,,,,,,,,,,,,,,,,,,,,,,,,,1.1048729633499663,3.0070174085842725,3.318489480369418,3.3225719956024657,100967,151917.85
2026-09-29T14:48:00-04:00,3.345,3.35,3.3201,3.345,0,0,0,0,0,0,,,,,,,,,,,,,,,,,,,,,,,,,,,,,,,,,,,,,,,,,,,,1.1048729633499663,3.007164383761066,3.3210142917628067,3.3270575964819726,67190,144429.65
2026-09-29T14:49:00-04:00,3.3425,3.425,3.29,3.3097,0,0,0,0,0,0,,,,,,,,,,,,,,,,,,,,,,,,,,,,,,,,,,,,,,,,,,,,1.1048729633499663,3.0081408995902046,3.319936740166349,3.323586077185578,443636,160473.65
2026-09-29T14:50:00-04:00,3.3099,3.37,3.3,3.3309,0,0,0,0,0,0,,,,,,,,,,,,,,,,,,,,,,,,,,,,,,,,,,,,,,,,,,,,1.1048729633499663,3.008503369223352,3.320980860150506,3.3250488617484626,169368,159249.75
2026-09-29T14:51:00-04:00,3.3309,3.42,3.325,3.395,0,0,0,0,0,0,,,,,,,,,,,,,,,,,,,,,,,,,,,,,,,,,,,,,,,,,,,,1.1048729633499663,3.0088759671401917,3.328030302040934,3.3390390893987703,152694,151155.2
2026-09-29T14:52:00-04:00,3.395,3.4,3.36,3.38,0,0,0,0,0,0,,,,,,,,,,,,,,,,,,,,,,,,,,,,,,,,,,,,,,,,,,,,1.1048729633499663,3.0092079643472296,3.332979797084654,3.347231271519016,136314,149663.95
2026-09-29T14:53:00-04:00,3.385,3.4585,3.385,3.405,0,0,0,0,0,0,,,,,,,,,,,,,,,,,,,,,,,,,,,,,,,,,,,,,,,,,,,,1.1048729633499663,3.010367014928374,3.339838864028973,3.358785017215213,435227,164935.0
2026-09-29T14:54:00-04:00,3.4092,3.425,3.38,3.415,0,0,0,0,0,0,,,,,,,,,,,,,,,,,,,,,,,,,,,,,,,,,,,,,,,,,,,,1.1048729633499663,3.0107716322522817,3.3469970674547853,3.3700280137721705,156181,165984.45
2026-09-29T14:55:00-04:00,3.41,3.46,3.37,3.395,0,0,0,0,0,0,,,,,,,,,,,,,,,,,,,,,,,,,,,,,,,,,,,,,,,,,,,,1.1048729633499663,3.0115283922901153,3.351568775316234,3.3750224110177363,291735,176238.45
2026-09-29T14:56:00-04:00,3.395,3.46,3.38,3.435,0,0,0,0,0,0,,,,,,,,,,,,,,,,,,,,,,,,,,,,,,,,,,,,,,,,,,,,1.1048729633499663,3.0122027781468996,3.3595146062384975,3.387017928814189,250384,183137.2
2026-09-29T14:57:00-04:00,3.435,3.55,3.41,3.4902,0,0,0,0,1,1,3.28,3.360870142857143,3.46,3.33,17.85714285714286,2.6133936723077573,3.660478711507392,2.453873693255048,0.9578092344700372,2.0,3.0,25.0,68.0,1.4138051215352876,78.22454545454532,21.68454545454539,39.428571428571615,4.011231448054543,-0.8652799266517741,2.3065597377623273,6.408536585365865,55.00000000000001,3.506540306886907,17048.0,1.0,1.0639919514648932,100.0,1.2048192771084376,0.0,0.0,2.0,27.0,0.0,2.281216052143907,1.9534883720930205,4.0,6.0,0.0,0.0,0.0,,,,1.1048729633499663,3.0139494808947647,3.3719608342157836,3.4076543430513513,571180,206988.5
2026-09-29T14:58:00-04:00,3.4901,3.495,3.4,3.405,0,0,0,0,0,0,,,,,,,,,,,,,,,,,,,,,,,,,,,,,,,,,,,,,,,,,,,,1.1048729633499663,3.0148008025353232,3.375107421433328,3.407123474441081,313416,217425.3
2026-09-29T14:59:00-04:00,3.405,3.42,3.36,3.3885,0,0,0,0,0,0,,,,,,,,,,,,,,,,,,,,,,,,,,,,,,,,,,,,,,,,,,,,1.1048729633499663,3.015299451033088,3.3763829051063445,3.4033987795528646,205745,220996.8
2026-09-29T15:00:00-04:00,3.39,3.42,3.38,3.386141,0,0,0,0,0,0,,,,,,,,,,,,,,,,,,,,,,,,,,,,,,,,,,,,,,,,,,,,1.1048729633499663,3.015622828452501,3.377312247477169,3.399947223642292,131650,223503.8
2026-09-29T15:01:00-04:00,3.38,3.4,3.34,3.3909,0,0,0,0,0,0,,,,,,,,,,,,,,,,,,,,,,,,,,,,,,,,,,,,,,,,,,,,1.1048729633499663,3.0159921137977617,3.37860631914601,3.3981377789138336,158297,224253.05
2026-09-29T15:02:00-04:00,3.395,3.4084,3.35,3.365,0,0,0,0,0,0,,,,,,,,,,,,,,,,,,,,,,,,,,,,,,,,,,,,,,,,,,,,1.1048729633499663,3.016258837225836,3.3773104792273423,3.3915102231310668,115334,224419.15
2026-09-29T15:03:00-04:00,3.3648,3.38,3.35,3.365,0,0,0,0,0,0,,,,,,,,,,,,,,,,,,,,,,,,,,,,,,,,,,,,,,,,,,,,1.1048729633499663,3.016454662191863,3.376138052634262,3.3862081785048534,87089,212187.8
2026-09-29T15:04:00-04:00,3.365,3.37,3.34,3.355,0,0,0,0,0,0,,,,,,,,,,,,,,,,,,,,,,,,,,,,,,,,,,,,,,,,,,,,1.1048729633499663,3.0167438615374933,3.374124904764332,3.3799665428038828,132602,209214.55
2026-09-29T15:05:00-04:00,3.355,3.45,3.34,3.4301,1,0,0,0,0,0,,,,,,,,,,,,,,,,,,,,,,,,,,,,,,,,,,,,,,,,,,,,1.1048729633499663,3.017571228567649,3.379455866215348,3.3899932342431063,330046,217901.75
2026-09-29T15:06:00-04:00,3.435,3.46,3.43,3.4399,0,0,0,0,0,0,,,,,,,,,,,,,,,,,,,,,,,,,,,,,,,,,,,,,,,,,,,,1.1048729633499663,3.0183044460337167,3.385212450385315,3.399974587394485,268374,225871.45
2026-09-29T15:07:00-04:00,3.435,3.5,3.43,3.4636,0,0,0,0,0,0,,,,,,,,,,,,,,,,,,,,,,,,,,,,,,,,,,,,,,,,,,,,1.1048729633499663,3.0191023449220036,3.3926779313009994,3.412699669915588,279131,234779.65
2026-09-29T15:08:00-04:00,3.4602,3.5,3.44,3.47,0,0,0,0,0,0,,,,,,,,,,,,,,,,,,,,,,,,,,,,,,,,,,,,,,,,,,,,1.1048729633499663,3.0198497070311827,3.400041937843761,3.4241597359324705,259174,244378.85
2026-09-29T15:09:00-04:00,3.47,3.47,3.44,3.4401,0,0,0,0,0,0,,,,,,,,,,,,,,,,,,,,,,,,,,,,,,,,,,,,,,,,,,,,1.1048729633499663,3.020214734312993,3.4038569913824506,3.427347788745976,132794,228836.75
2026-09-29T15:10:00-04:00,3.45,3.45,3.25,3.285,0,0,0,0,0,0,,,,,,,,,,,,,,,,,,,,,,,,,,,,,,,,,,,,,,,,,,,,1.1048729633499663,3.0211603328107195,3.392537277917455,3.398878230996781,481760,244456.35
2026-09-29T15:11:00-04:00,3.285,3.32,3.26,3.3,0,0,0,0,0,0,,,,,,,,,,,,,,,,,,,,,,,,,,,,,,,,,,,,,,,,,,,,1.1048729633499663,3.021765066052965,3.3837242038300785,3.3791025847974248,349564,254299.85
2026-09-29T15:12:00-04:00,3.305,3.34,3.3,3.315,0,0,0,0,0,0,,,,,,,,,,,,,,,,,,,,,,,,,,,,,,,,,,,,,,,,,,,,1.1048729633499663,3.0220966588420106,3.3771790415605474,3.3662820678379397,176106,256289.45
2026-09-29T15:13:00-04:00,3.311,3.315,3.29,3.3,0,0,0,0,0,0,,,,,,,,,,,,,,,,,,,,,,,,,,,,,,,,,,,,,,,,,,,,1.1048729633499663,3.022286760891618,3.369828656650019,3.353025654270352,107173,239886.75
2026-09-29T15:14:00-04:00,3.2999,3.39,3.2999,3.3208,0,0,0,0,0,0,,,,,,,,,,,,,,,,,,,,,,,,,,,,,,,,,,,,,,,,,,,,1.1048729633499663,3.022807652293095,3.3651592607785883,3.3465805234162813,261384,245146.9
2026-09-29T15:15:00-04:00,3.3291,3.335,3.16,3.195,0,0,0,0,0,0,,,,,,,,,,,,,,,,,,,,,,,,,,,,,,,,,,,,,,,,,,,,1.1048729633499663,3.0235577760777157,3.348953616894913,3.316264418733025,573645,259242.4
2026-09-29T15:16:00-04:00,3.1909,3.195,3.15,3.15,0,0,0,0,0,0,,,,,,,,,,,,,,,,,,,,,,,,,,,,,,,,,,,,,,,,,,,,1.1048729633499663,3.023843056609777,3.330005653381112,3.28301153498642,320224,262734.4
2026-09-29T15:17:00-04:00,3.1517,3.2,3.15,3.19,0,0,0,0,0,0,,,,,,,,,,,,,,,,,,,,,,,,,,,,,,,,,,,,,,,,,,,,1.1048729633499663,3.0240243342264668,3.3166717816305296,3.264409227989136,184522,243401.5
2026-09-29T15:18:00-04:00,3.19,3.19,3.14,3.1602,0,0,0,0,0,0,,,,,,,,,,,,,,,,,,,,,,,,,,,,,,,,,,,,,,,,,,,,1.1048729633499663,3.0241433515860825,3.3017697071895267,3.243567382391309,135850,234523.2
2026-09-29T15:19:00-04:00,3.17,3.185,3.14,3.175,0,0,0,0,0,0,,,,,,,,,,,,,,,,,,,,,,,,,,,,,,,,,,,,,,,,,,,,1.1048729633499663,3.0242474233273233,3.289696401742905,3.229853905913047,116252,230048.55
2026-09-29T15:20:00-04:00,3.175,3.18,3.14,3.16,0,0,0,0,0,0,,,,,,,,,,,,,,,,,,,,,,,,,,,,,,,,,,,,,,,,,,,,1.1048729633499663,3.024306031140559,3.2773443634816757,3.215883124730438,68762,226904.15
2026-09-29T15:21:00-04:00,3.1597,3.2152,3.1509,3.19,0,0,0,0,0,0,,,,,,,,,,,,,,,,,,,,,,,,,,,,,,,,,,,,,,,,,,,,1.1048729633499663,3.0244968729131054,3.269025852673897,3.2107064997843504,188947,228436.65
2026-09-29T15:22:00-04:00,3.185,3.22,3.16,3.1998,0,0,0,0,0,0,,,,,,,,,,,,,,,,,,,,,,,,,,,,,,,,,,,,,,,,,,,,1.1048729633499663,3.0246259612258237,3.262432914324002,3.20852519982748,122062,228773.05
2026-09-29T15:23:00-04:00,3.19,3.2,3.16,3.19,0,0,0,0,0,0,,,,,,,,,,,,,,,,,,,,,,,,,,,,,,,,,,,,,,,,,,,,1.1048729633499663,3.0247491478848443,3.25553454153124,3.2048201598619843,123963,230616.75
2026-09-29T15:24:00-04:00,3.185,3.23,3.17,3.23,0,0,0,0,0,0,,,,,,,,,,,,,,,,,,,,,,,,,,,,,,,,,,,,,,,,,,,,1.1048729633499663,3.0249333413182806,3.2531026804330265,3.2098561278895876,158954,231934.35
2026-09-29T15:25:00-04:00,3.225,3.3,3.2109,3.2618,0,0,0,0,0,0,,,,,,,,,,,,,,,,,,,,,,,,,,,,,,,,,,,,,,,,,,,,1.1048729633499663,3.0256171249216055,3.253930996582262,3.22024490231167,471284,238996.25
2026-09-29T15:26:00-04:00,3.261,3.27,3.24,3.25,0,0,0,0,0,0,,,,,,,,,,,,,,,,,,,,,,,,,,,,,,,,,,,,,,,,,,,,1.1048729633499663,3.0258873062384453,3.25355661595538,3.226195921849336,190464,235100.75
2026-09-29T15:27:00-04:00,3.243866,3.2991,3.2,3.2009,0,0,0,0,0,0,,,,,,,,,,,,,,,,,,,,,,,,,,,,,,,,,,,,,,,,,,,,1.1048729633499663,3.026212471299762,3.248541700150106,3.221136737479469,252018,233745.1
2026-09-29T15:28:00-04:00,3.2,3.27,3.185,3.1986,0,0,0,0,0,0,,,,,,,,,,,,,,,,,,,,,,,,,,,,,,,,,,,,,,,,,,,,1.1048729633499663,3.026427161066376,3.2437853477548577,3.2166293899835754,180307,229801.75
2026-09-29T15:29:00-04:00,3.2,3.22,3.15,3.175,0,0,0,0,0,0,,,,,,,,,,,,,,,,,,,,,,,,,,,,,,,,,,,,,,,,,,,,1.1048729633499663,3.0266677753452584,3.237234362254395,3.2083035119868604,249869,235655.5
2026-09-29T15:30:00-04:00,3.175,3.24,3.165,3.2001,0,0,0,0,0,0,,,,,,,,,,,,,,,,,,,,,,,,,,,,,,,,,,,,,,,,,,,,1.1048729633499663,3.026874086894614,3.233697756325405,3.2066628095894885,190244,221079.7
2026-09-29T15:31:00-04:00,3.205,3.22,3.13,3.13,0,0,0,0,0,0,,,,,,,,,,,,,,,,,,,,,,,,,,,,,,,,,,,,,,,,,,,,1.1048729633499663,3.0270841942361715,3.2238217795325093,3.1913302476715906,255135,216358.25
2026-09-29T15:32:00-04:00,3.1377,3.19,3.13,3.17,0,0,0,0,0,0,,,,,,,,,,,,,,,,,,,,,,,,,,,,,,,,,,,,,,,,,,,,1.1048729633499663,3.0272633086062197,3.2186958957675085,3.1870641981372723,212794,218192.65
2026-09-29T15:33:00-04:00,3.1609,3.21,3.1609,3.2003,0,0,0,0,0,0,,,,,,,,,,,,,,,,,,,,,,,,,,,,,,,,,,,,,,,,,,,,1.1048729633499663,3.0273492154452213,3.2169439056944125,3.189711358509818,85284,217098.2
2026-09-29T15:34:00-04:00,3.2017,3.24,3.19,3.23,0,0,0,0,0,0,,,,,,,,,,,,,,,,,,,,,,,,,,,,,,,,,,,,,,,,,,,,1.1048729633499663,3.027609286463954,3.2181873432473256,3.1977690868078543,218927,214975.35
2026-09-29T15:35:00-04:00,3.225,3.285,3.22,3.255,0,0,0,0,0,0,,,,,,,,,,,,,,,,,,,,,,,,,,,,,,,,,,,,,,,,,,,,1.1048729633499663,3.028009977626966,3.221693310557104,3.209215269446283,288391,200712.65
2026-09-29T15:36:00-04:00,3.255,3.3,3.25,3.2509,0,0,0,0,0,0,,,,,,,,,,,,,,,,,,,,,,,,,,,,,,,,,,,,,,,,,,,,1.1048729633499663,3.028267783968305,3.224474900027856,3.217552215557027,175466,193474.75
2026-09-29T15:37:00-04:00,3.25,3.2695,3.21,3.235,0,0,0,0,0,0,,,,,,,,,,,,,,,,,,,,,,,,,,,,,,,,,,,,,,,,,,,,1.1048729633499663,3.0284226036012605,3.2254772905013938,3.2210417724456213,120048,190251.05
2026-09-29T15:38:00-04:00,3.235,3.28,3.23,3.255,0,0,0,0,0,0,,,,,,,,,,,,,,,,,,,,,,,,,,,,,,,,,,,,,,,,,,,,1.1048729633499663,3.02860236490446,3.2282889771203087,3.227833417956497,129230,189920.05
2026-09-29T15:39:00-04:00,3.255,3.27,3.245,3.2602,0,0,0,0,0,0,,,,,,,,,,,,,,,,,,,,,,,,,,,,,,,,,,,,,,,,,,,,1.1048729633499663,3.0286990647680536,3.23132812215647,3.2343067343651977,68572,187536.05
2026-09-29T15:40:00-04:00,3.26,3.28,3.23,3.2485,0,0,0,0,0,0,,,,,,,,,,,,,,,,,,,,,,,,,,,,,,,,,,,,,,,,,,,,1.1048729633499663,3.0288588965384013,3.232963539093949,3.2371453874921583,116287,189912.3
2026-09-29T15:41:00-04:00,3.24,3.2595,3.23,3.255,0,0,0,0,0,0,,,,,,,,,,,,,,,,,,,,,,,,,,,,,,,,,,,,,,,,,,,,1.1048729633499663,3.0289497339083256,3.23506224965643,3.2407163099937266,67572,183843.55
2026-09-29T15:42:00-04:00,3.255,3.29,3.24,3.245,0,0,0,0,0,0,,,,,,,,,,,,,,,,,,,,,,,,,,,,,,,,,,,,,,,,,,,,1.1048729633499663,3.029121529219397,3.2360087020701034,3.241573047994981,122273,183854.1
2026-09-29T15:43:00-04:00,3.2409,3.26,3.2,3.24,0,0,0,0,0,0,,,,,,,,,,,,,,,,,,,,,,,,,,,,,,,,,,,,,,,,,,,,1.1048729633499663,3.029291304818467,3.2363888256824747,3.241258438395985,135843,184448.1
2026-09-29T15:44:00-04:00,3.245,3.33,3.235,3.3201,0,0,0,0,0,0,,,,,,,,,,,,,,,,,,,,,,,,,,,,,,,,,,,,,,,,,,,,1.1048729633499663,3.029962253867473,3.24436131847462,3.257026750716788,413590,197179.9
2026-09-29T15:45:00-04:00,3.325,3.39,3.29,3.365,0,0,0,0,0,0,,,,,,,,,,,,,,,,,,,,,,,,,,,,,,,,,,,,,,,,,,,,1.1048729633499663,3.0308074601648265,3.2558507167151323,3.2786214005734307,436038,195417.6
2026-09-29T15:46:00-04:00,3.37,3.38,3.26,3.265,0,0,0,0,0,0,,,,,,,,,,,,,,,,,,,,,,,,,,,,,,,,,,,,,,,,,,,,1.1048729633499663,3.0313036541466585,3.256722077027977,3.2758971204587444,301439,200966.35
2026-09-29T15:47:00-04:00,3.2698,3.32,3.2,3.285,0,0,0,0,0,0,,,,,,,,,,,,,,,,,,,,,,,,,,,,,,,,,,,,,,,,,,,,1.1048729633499663,3.0318376176674073,3.259415212549122,3.2777176963669956,371518,206941.35
2026-09-29T15:48:00-04:00,3.2808,3.29,3.26,3.2609,0,0,0,0,0,0,,,,,,,,,,,,,,,,,,,,,,,,,,,,,,,,,,,,,,,,,,,,1.1048729633499663,3.0320477162206414,3.259556620877777,3.274354157093597,145431,205197.55
2026-09-29T15:49:00-04:00,3.27,3.29,3.26,3.2715,0,0,0,0,0,0,,,,,,,,,,,,,,,,,,,,,,,,,,,,,,,,,,,,,,,,,,,,1.1048729633499663,3.032172308913314,3.260694085556084,3.273783325674877,85102,196959.2
2026-09-29T15:50:00-04:00,3.27,3.31,3.26,3.2909,0,0,0,0,0,0,,,,,,,,,,,,,,,,,,,,,,,,,,,,,,,,,,,,,,,,,,,,1.1048729633499663,3.032326786142603,3.2635708393126475,3.277206660539902,100188,192456.4
2026-09-29T15:51:00-04:00,3.29,3.31,3.29,3.295,0,0,0,0,0,0,,,,,,,,,,,,,,,,,,,,,,,,,,,,,,,,,,,,,,,,,,,,1.1048729633499663,3.032559780917248,3.2665640927114428,3.280765328431922,144869,186943.1
2026-09-29T15:52:00-04:00,3.2915,3.34,3.28,3.30071,0,0,0,0,0,0,,,,,,,,,,,,,,,,,,,,,,,,,,,,,,,,,,,,,,,,,,,,1.1048729633499663,3.032968045339852,3.2698160838817816,3.2847542627455373,246499,188628.35
2026-09-29T15:53:00-04:00,3.305,3.33,3.23,3.235,0,0,0,0,0,0,,,,,,,,,,,,,,,,,,,,,,,,,,,,,,,,,,,,,,,,,,,,1.1048729633499663,3.033328564253456,3.266500266369231,3.2748034101964296,257765,197252.4
2026-09-29T15:54:00-04:00,3.2315,3.29,3.2301,3.29,0,0,0,0,0,0,,,,,,,,,,,,,,,,,,,,,,,,,,,,,,,,,,,,,,,,,,,,1.1048729633499663,3.033650508543849,3.268738336238828,3.2778427281571436,225948,197603.45
2026-09-29T15:55:00-04:00,3.285,3.35,3.285,3.296126,0,0,0,0,0,0,,,,,,,,,,,,,,,,,,,,,,,,,,,,,,,,,,,,,,,,,,,,1.1048729633499663,3.0341867626854664,3.271346685168463,3.281499382525715,322552,199311.5
2026-09-29T15:56:00-04:00,3.2837,3.29,3.25,3.2601,0,0,0,0,0,0,,,,,,,,,,,,,,,,,,,,,,,,,,,,,,,,,,,,,,,,,,,,1.1048729633499663,3.034348980919916,3.2702755722952763,3.277219506020572,116207,196348.55
2026-09-29T15:57:00-04:00,3.265,3.34,3.26,3.3298,0,0,0,0,0,0,,,,,,,,,,,,,,,,,,,,,,,,,,,,,,,,,,,,,,,,,,,,1.1048729633499663,3.0347156851367836,3.275944565410012,3.2877356048164574,221932,201442.75
2026-09-29T15:58:00-04:00,3.325,3.34,3.26,3.29,0,0,0,0,0,0,,,,,,,,,,,,,,,,,,,,,,,,,,,,,,,,,,,,,,,,,,,,1.1048729633499663,3.035120595895222,3.277283178228106,3.288188483853166,258208,207891.65
2026-09-29T15:59:00-04:00,3.2907,3.3,3.25,3.29,0,0,0,0,0,0,,,,,,,,,,,,,,,,,,,,,,,,,,,,,,,,,,,,,,,,,,,,1.1048729633499663,3.035543827312731,3.2784943041111436,3.288550787082533,289206,218923.35
2026-09-29T16:00:00-04:00,3.27,3.43,3.21,3.36,0,0,0,0,0,0,,,,,,,,,,,,,,,,,,,,,,,,,,,,,,,,,,,,,,,,,,,,1.1048729633499663,3.0361248272046395,3.286256751338654,3.302840629666026,327112,229464.6
2026-09-29T16:01:00-04:00,3.36,3.41,3.3,3.3687,0,0,0,0,0,0,,,,,,,,,,,,,,,,,,,,,,,,,,,,,,,,,,,,,,,,,,,,1.1048729633499663,3.036402748719632,3.294108489306401,3.316012503732821,144188,233295.4
2026-09-29T16:02:00-04:00,3.3603,3.3698,3.19,3.2497,0,0,0,0,0,0,,,,,,,,,,,,,,,,,,,,,,,,,,,,,,,,,,,,,,,,,,,,1.1048729633499663,3.03659735674886,3.289879109372458,3.3027500029862566,140013,234182.4
2026-09-29T16:03:00-04:00,3.25,3.27,3.21,3.25,0,0,0,0,0,0,,,,,,,,,,,,,,,,,,,,,,,,,,,,,,,,,,,,,,,,,,,,1.1048729633499663,3.0366831708301234,3.2860810989560334,3.2922000023890052,69741,230877.3
2026-09-29T16:04:00-04:00,3.25,3.25,3.16,3.2093,0,0,0,0,0,0,,,,,,,,,,,,,,,,,,,,,,,,,,,,,,,,,,,,,,,,,,,,1.1048729633499663,3.036758762596718,3.278768613341173,3.275620001911204,74852,213940.4
2026-09-29T16:05:00-04:00,3.2,3.3102,3.2,3.26,0,0,0,0,0,0,,,,,,,,,,,,,,,,,,,,,,,,,,,,,,,,,,,,,,,,,,,,1.1048729633499663,3.0368971769464252,3.2769811263562993,3.272496001528963,105833,197430.15
2026-09-29T16:06:00-04:00,3.27,3.35,3.26,3.31,0,0,0,0,0,0,,,,,,,,,,,,,,,,,,,,,,,,,,,,,,,,,,,,,,,,,,,,1.1048729633499663,3.037022669514877,3.280125780989033,3.2799968012231706,78278,186272.1
2026-09-29T16:07:00-04:00,3.32,3.38,3.31,3.34,0,0,0,0,0,0,,,,,,,,,,,,,,,,,,,,,,,,,,,,,,,,,,,,,,,,,,,,1.1048729633499663,3.037263704768042,3.285828087561506,3.2919974409785366,132518,174322.1
2026-09-29T16:08:00-04:00,3.34,3.36,3.28,3.29,0,0,0,0,0,0,,,,,,,,,,,,,,,,,,,,,,,,,,,,,,,,,,,,,,,,,,,,1.1048729633499663,3.0373545619943223,3.2862254125556483,3.2915979527828294,56120,169856.55
2026-09-29T16:09:00-04:00,3.29,3.33,3.25,3.3,0,0,0,0,0,0,,,,,,,,,,,,,,,,,,,,,,,,,,,,,,,,,,,,,,,,,,,,1.1048729633499663,3.0374690451616497,3.287537278026539,3.2932783622262636,75376,169370.25
2026-09-29T16:10:00-04:00,3.29,3.34,3.28,3.2997,0,0,0,0,0,0,,,,,,,,,,,,,,,,,,,,,,,,,,,,,,,,,,,,,,,,,,,,1.1048729633499663,3.037550820767715,3.288695632500202,3.294562689781011,51232,166922.45
2026-09-29T16:11:00-04:00,3.2994,3.3,3.25,3.278,0,0,0,0,0,0,,,,,,,,,,,,,,,,,,,,,,,,,,,,,,,,,,,,,,,,,,,,1.1048729633499663,3.037603844265436,3.2876770008335163,3.291250151824809,37497,161553.85
2026-09-29T16:12:00-04:00,3.28,3.34,3.27,3.2999,0,0,0,0,0,0,,,,,,,,,,,,,,,,,,,,,,,,,,,,,,,,,,,,,,,,,,,,1.1048729633499663,3.0376602880111956,3.288841095992229,3.292980121459847,35830,151020.4
2026-09-29T16:13:00-04:00,3.29,3.4,3.29,3.39,0,0,0,0,0,0,,,,,,,,,,,,,,,,,,,,,,,,,,,,,,,,,,,,,,,,,,,,1.1048729633499663,3.037962295234964,3.298475277326302,3.3123840971678775,158171,146040.7
2026-09-29T16:14:00-04:00,3.3998,3.4,3.32,3.35,0,0,0,0,0,0,,,,,,,,,,,,,,,,,,,,,,,,,,,,,,,,,,,,,,,,,,,,1.1048729633499663,3.038213438236203,3.3033823937714164,3.319907277734302,133137,141400.15
2026-09-29T16:15:00-04:00,3.35,3.37,3.3,3.3,0,0,0,0,0,0,,,,,,,,,,,,,,,,,,,,,,,,,,,,,,,,,,,,,,,,,,,,1.1048729633499663,3.0383272177273417,3.303060261031282,3.3159258221874417,67449,128645.0
2026-09-29T16:16:00-04:00,3.3099,3.35,3.27,3.32,0,0,0,0,0,0,,,,,,,,,,,,,,,,,,,,,,,,,,,,,,,,,,,,,,,,,,,,1.1048729633499663,3.038483984934014,3.3046735695044926,3.3167406577499534,96405,127654.9
2026-09-29T16:17:00-04:00,3.33,3.43,3.27,3.31,0,0,0,0,0,0,,,,,,,,,,,,,,,,,,,,,,,,,,,,,,,,,,,,,,,,,,,,1.1048729633499663,3.0389061361424887,3.305180848599303,3.315392526199963,239766,128546.6
2026-09-29T16:18:00-04:00,3.31,3.35,3.3,3.3,0,0,0,0,0,0,,,,,,,,,,,,,,,,,,,,,,,,,,,,,,,,,,,,,,,,,,,,1.1048729633499663,3.0390290313379538,3.304687434446988,3.3123140209599704,74965,119384.45
2026-09-29T16:19:00-04:00,3.31,3.31,3.27,3.29,0,0,0,0,0,0,,,,,,,,,,,,,,,,,,,,,,,,,,,,,,,,,,,,,,,,,,,,1.1048729633499663,3.039112250166555,3.3032886311663225,3.3078512167679763,56200,107734.15
2026-09-29T16:20:00-04:00,3.28,3.3199,3.2,3.27,0,0,0,0,0,0,,,,,,,,,,,,,,,,,,,,,,,,,,,,,,,,,,,,,,,,,,,,1.1048729633499663,3.039343908914648,3.3001182853409583,3.300280973414381,175317,100144.4
2026-09-29T16:21:00-04:00,3.275,3.275,3.19,3.2001,0,0,0,0,0,0,,,,,,,,,,,,,,,,,,,,,,,,,,,,,,,,,,,,,,,,,,,,1.1048729633499663,3.0394468930826077,3.290592734356105,3.2802447787315048,95870,97728.5
2026-09-29T16:22:00-04:00,3.21,3.24,3.18,3.2,0,0,0,0,0,0,,,,,,,,,,,,,,,,,,,,,,,,,,,,,,,,,,,,,,,,,,,,1.1048729633499663,3.039569946602043,3.281964854893619,3.264195822985204,125014,96978.55
2026-09-29T16:23:00-04:00,3.1901,3.24,3.18,3.2092,0,0,0,0,0,0,,,,,,,,,,,,,,,,,,,,,,,,,,,,,,,,,,,,,,,,,,,,1.1048729633499663,3.03960515215082,3.2750348687132744,3.253196658388163,35155,95249.25
2026-09-29T16:24:00-04:00,3.21,3.215,3.18,3.185,0,0,0,0,0,0,,,,,,,,,,,,,,,,,,,,,,,,,,,,,,,,,,,,,,,,,,,,1.1048729633499663,3.0396501385595833,3.2664601193120104,3.23955732671053,49739,93993.6
2026-09-29T16:25:00-04:00,3.195,3.28,3.18,3.21,0,0,0,0,0,0,,,,,,,,,,,,,,,,,,,,,,,,,,,,,,,,,,,,,,,,,,,,1.1048729633499663,3.039725769594272,3.261082965091819,3.2336458613684247,70013,92202.6
2026-09-29T16:26:00-04:00,3.21,3.21,3.08,3.09,0,0,0,0,0,0,,,,,,,,,,,,,,,,,,,,,,,,,,,,,,,,,,,,,,,,,,,,1.1048729633499663,3.039819342058607,3.2447893493687885,3.20491668909474,183206,97449.0
2026-09-29T16:27:00-04:00,3.0902,3.15,3.05,3.1098,0,0,0,0,0,0,,,,,,,,,,,,,,,,,,,,,,,,,,,,,,,,,,,,,,,,,,,,1.1048729633499663,3.039875402553423,3.231933220857475,3.1858933512757917,150537,98349.95
2026-09-29T16:28:00-04:00,3.105,3.14,3.1,3.1098,0,0,0,0,0,0,,,,,,,,,,,,,,,,,,,,,,,,,,,,,,,,,,,,,,,,,,,,1.1048729633499663,3.0398964881614527,3.220301485537715,3.170674681020633,46835,97885.7
2026-09-29T16:29:00-04:00,3.1099,3.11,3.05,3.06,0,0,0,0,0,0,,,,,,,,,,,,,,,,,,,,,,,,,,,,,,,,,,,,,,,,,,,,1.1048729633499663,3.039907828003604,3.2050346773912666,3.1485397448165067,57816,97007.7
2026-09-29T16:30:00-04:00,3.07,3.08,2.97,3.0,0,0,0,0,0,0,,,,,,,,,,,,,,,,,,,,,,,,,,,,,,,,,,,,,,,,,,,,1.1048729633499663,3.0398771089269214,3.185507565258765,3.1188317958532052,225627,105727.45
2026-09-29T16:31:00-04:00,3.005,3.03,2.96,2.9685,0,0,0,0,0,0,,,,,,,,,,,,,,,,,,,,,,,,,,,,,,,,,,,,,,,,,,,,1.1048729633499663,3.0398027548961624,3.1648401780912634,3.0887654366825643,236640,115684.6
2026-09-29T16:32:00-04:00,2.9699,3.01,2.9,2.9092,0,0,0,0,0,0,,,,,,,,,,,,,,,,,,,,,,,,,,,,,,,,,,,,,,,,,,,,1.1048729633499663,3.039692714448987,3.140493494463524,3.0528523493460513,188179,123302.05
2026-09-29T16:33:00-04:00,2.9003,2.96,2.8901,2.931,0,0,0,0,0,0,,,,,,,,,,,,,,,,,,,,,,,,,,,,,,,,,,,,,,,,,,,,1.1048729633499663,3.0396179988648204,3.1205417330860454,3.028481879476841,113567,121071.85
2026-09-29T16:34:00-04:00,2.94,2.98,2.93,2.9698,0,0,0,0,0,0,,,,,,,,,,,,,,,,,,,,,,,,,,,,,,,,,,,,,,,,,,,,1.1048729633499663,3.0395797810286926,3.1061853775540413,3.0167455035814728,82169,118523.45
2026-09-29T16:35:00-04:00,2.965,2.972,2.86,2.86,0,0,0,0,0,0,,,,,,,,,,,,,,,,,,,,,,,,,,,,,,,,,,,,,,,,,,,,1.1048729633499663,3.0394938085027823,3.082739151120323,2.9853964028651783,103609,120331.45
2026-09-29T16:36:00-04:00,2.865,2.92,2.86,2.888,0,0,0,0,0,0,,,,,,,,,,,,,,,,,,,,,,,,,,,,,,,,,,,,,,,,,,,,1.1048729633499663,3.0394283313362003,3.06419256529934,2.9659171222921428,74783,119250.35
2026-09-29T16:37:00-04:00,2.89,2.91,2.86,2.86,0,0,0,0,0,0,,,,,,,,,,,,,,,,,,,,,,,,,,,,,,,,,,,,,,,,,,,,1.1048729633499663,3.039377173407746,3.0447456543184503,2.944733697833714,53922,109958.15
2026-09-29T16:38:00-04:00,2.87,2.91,2.86,2.9,0,0,0,0,0,0,,,,,,,,,,,,,,,,,,,,,,,,,,,,,,,,,,,,,,,,,,,,1.1048729633499663,3.0393321645971394,3.0309603539071692,2.9357869582669713,51707,108795.25
2026-09-29T16:39:00-04:00,2.9,2.91,2.8516,2.8798,0,0,0,0,0,0,,,,,,,,,,,,,,,,,,,,,,,,,,,,,,,,,,,,,,,,,,,,1.1048729633499663,3.039289042852645,3.016564129725534,2.924589566613577,46593,108314.9
2026-09-29T16:40:00-04:00,2.88,2.97,2.87,2.96,0,0,0,0,0,0,,,,,,,,,,,,,,,,,,,,,,,,,,,,,,,,,,,,,,,,,,,,1.1048729633499663,3.0392482173659223,3.0111770697516738,2.9316716532908615,66165,102857.3
2026-09-29T16:41:00-04:00,2.96,3.01,2.95,2.96,0,0,0,0,0,0,,,,,,,,,,,,,,,,,,,,,,,,,,,,,,,,,,,,,,,,,,,,1.1048729633499663,3.039197976639,3.006303063108658,2.9373373226326893,130986,104613.1
2026-09-29T16:42:00-04:00,2.97,2.98,2.95,2.95,0,0,0,0,0,0,,,,,,,,,,,,,,,,,,,,,,,,,,,,,,,,,,,,,,,,,,,,1.1048729633499663,3.039184241479405,3.0009408666221185,2.9398698581061513,29809,99852.85
2026-09-29T16:43:00-04:00,2.95,2.96,2.9,2.9108,0,0,0,0,0,0,,,,,,,,,,,,,,,,,,,,,,,,,,,,,,,,,,,,,,,,,,,,1.1048729633499663,3.0391509915119688,2.9923560221819168,2.934055886484921,49459,100568.05
2026-09-29T16:44:00-04:00,2.9102,2.94,2.9,2.9103,0,0,0,0,0,0,,,,,,,,,,,,,,,,,,,,,,,,,,,,,,,,,,,,,,,,,,,,1.1048729633499663,3.03911965789411,2.984541162926496,2.9293047091879365,44030,100282.6
2026-09-29T16:45:00-04:00,2.91,2.9192,2.88,2.89,0,0,0,0,0,0,,,,,,,,,,,,,,,,,,,,,,,,,,,,,,,,,,,,,,,,,,,,1.1048729633499663,3.039088402003094,2.975537242647782,2.921443767350349,37671,98665.5
2026-09-29T16:46:00-04:00,2.89,2.95,2.88,2.92,0,0,0,0,0,0,,,,,,,,,,,,,,,,,,,,,,,,,,,,,,,,,,,,,,,,,,,,1.1048729633499663,3.0390707898606415,2.970247981443231,2.9211550138802793,24750,90742.7
2026-09-29T16:47:00-04:00,2.92,2.93,2.9,2.9,0,0,0,0,0,0,,,,,,,,,,,,,,,,,,,,,,,,,,,,,,,,,,,,,,,,,,,,1.1048729633499663,3.039065316263499,2.963557697496257,2.9169240111042236,7296,83580.65
2026-09-29T16:48:00-04:00,2.9004,2.92,2.86,2.91,0,0,0,0,0,0,,,,,,,,,,,,,,,,,,,,,,,,,,,,,,,,,,,,,,,,,,,,1.1048729633499663,3.0390203556309707,2.958456964401375,2.915539208883379,54338,83955.8
2026-09-29T16:49:00-04:00,2.91,2.9299,2.9084,2.911,0,0,0,0,0,0,,,,,,,,,,,,,,,,,,,,,,,,,,,,,,,,,,,,,,,,,,,,1.1048729633499663,3.0390007909604337,2.953937253506006,2.9146313671067032,27471,82438.55
2026-09-29T16:50:00-04:00,2.9103,2.92,2.87,2.87,0,0,0,0,0,0,,,,,,,,,,,,,,,,,,,,,,,,,,,,,,,,,,,,,,,,,,,,1.1048729633499663,3.0389722120991465,2.945943229362577,2.905705093685363,32298,72772.1
2026-09-29T16:51:00-04:00,2.87,2.95,2.86,2.9281,0,0,0,0,0,0,,,,,,,,,,,,,,,,,,,,,,,,,,,,,,,,,,,,,,,,,,,,1.1048729633499663,3.0389471824062384,2.944243874185189,2.9101840749482903,34132,62646.7
2026-09-29T16:52:00-04:00,2.92,2.92,2.89,2.9102,0,0,0,0,0,0,,,,,,,,,,,,,,,,,,,,,,,,,,,,,,,,,,,,,,,,,,,,1.1048729633499663,3.0389128219006434,2.941001600453266,2.9101872599586325,44762,55475.85
2026-09-29T16:53:00-04:00,2.92,2.931,2.9,2.931,0,0,0,0,0,0,,,,,,,,,,,,,,,,,,,,,,,,,,,,,,,,,,,,,,,,,,,,1.1048729633499663,3.0389014464901343,2.9400490670767647,2.914349807966906,16571,50626.05
2026-09-29T16:54:00-04:00,2.9301,2.97,2.92,2.96,0,0,0,0,0,0,,,,,,,,,,,,,,,,,,,,,,,,,,,,,,,,,,,,,,,,,,,,1.1048729633499663,3.038887654625274,2.9419491559265967,2.9234798463735245,26727,47853.95
2026-09-29T16:55:00-04:00,2.96,2.97,2.9591,2.9609,0,0,0,0,0,0,,,,,,,,,,,,,,,,,,,,,,,,,,,,,,,,,,,,,,,,,,,,1.1048729633499663,3.038878947696863,2.943753998219302,2.9309638770988196,19856,43666.3
2026-09-29T16:56:00-04:00,2.97,3.02,2.91,2.915,0,0,0,0,0,0,,,,,,,,,,,,,,,,,,,,,,,,,,,,,,,,,,,,,,,,,,,,1.1048729633499663,3.038845192563176,2.941015522198416,2.9277711016790557,64257,43140.0
2026-09-29T16:57:00-04:00,2.91,2.91,2.79,2.79,0,0,0,0,0,0,,,,,,,,,,,,,,,,,,,,,,,,,,,,,,,,,,,,,,,,,,,,1.1048729633499663,3.0387667653981647,2.9266330915128527,2.9002168813432445,64752,43681.5
2026-09-29T16:58:00-04:00,2.79,2.7903,2.6,2.66,0,0,0,0,0,0,,,,,,,,,,,,,,,,,,,,,,,,,,,,,,,,,,,,,,,,,,,,1.1048729633499663,3.038262216247718,2.901239463749724,2.8521735050745955,245186,53355.45
2026-09-29T16:59:00-04:00,2.65,2.66,2.47,2.47,0,0,0,0,0,0,,,,,,,,,,,,,,,,,,,,,,,,,,,,,,,,,,,,,,,,,,,,1.1048729633499663,3.037331246990579,2.8601690386307026,2.7757388040596767,318959,66973.75
2026-09-29T17:00:00-04:00,2.47,2.52,2.34,2.36,0,0,0,0,0,0,,,,,,,,,,,,,,,,,,,,,,,,,,,,,,,,,,,,,,,,,,,,1.1048729633499663,3.035776987729826,2.812533892094445,2.692591043247741,427392,85035.1
2026-09-29T17:01:00-04:00,2.36,2.51,2.36,2.495,0,0,0,0,0,0,,,,,,,,,,,,,,,,,,,,,,,,,,,,,,,,,,,,,,,,,,,,1.1048729633499663,3.034704079275044,2.7822925690378315,2.653072834598193,320965,94534.05
2026-09-29T17:02:00-04:00,2.4906,2.54,2.46,2.4702,0,0,0,0,0,0,,,,,,,,,,,,,,,,,,,,,,,,,,,,,,,,,,,,,,,,,,,,1.1048729633499663,3.034048299349201,2.7525694672247045,2.6164982676785544,209449,103516.05
2026-09-29T17:03:00-04:00,2.475,2.49,2.4401,2.46,0,0,0,0,0,0,,,,,,,,,,,,,,,,,,,,,,,,,,,,,,,,,,,,,,,,,,,,1.1048729633499663,3.033769078038166,2.7247057084413995,2.5851986141428434,85152,105300.7
2026-09-29T17:04:00-04:00,2.465,2.47,2.42,2.4699,0,0,0,0,0,0,,,,,,,,,,,,,,,,,,,,,,,,,,,,,,,,,,,,,,,,,,,,1.1048729633499663,3.033504110293411,2.7004384981136473,2.562138891314275,79479,107073.15
2026-09-29T17:05:00-04:00,2.47,2.55,2.4609,2.532,0,0,0,0,0,0,,,,,,,,,,,,,,,,,,,,,,,,,,,,,,,,,,,,,,,,,,,,1.1048729633499663,3.0332498957780283,2.684396736388538,2.55611111305142,85293,109454.25
2026-09-29T17:06:00-04:00,2.5301,2.57,2.51,2.54,0,0,0,0,0,0,,,,,,,,,,,,,,,,,,,,,,,,,,,,,,,,,,,,,,,,,,,,1.1048729633499663,3.0330714430837435,2.6706446662562966,2.552888890441136,63047,111369.1
2026-09-29T17:07:00-04:00,2.54,2.55,2.5109,2.525,0,0,0,0,0,0,,,,,,,,,,,,,,,,,,,,,,,,,,,,,,,,,,,,,,,,,,,,1.1048729633499663,3.0328883057166696,2.656773745660459,2.5473111123529084,63290,114168.8
2026-09-29T17:08:00-04:00,2.52,2.5202,2.45,2.4602,0,0,0,0,0,0,,,,,,,,,,,,,,,,,,,,,,,,,,,,,,,,,,,,,,,,,,,,1.1048729633499663,3.0326382658488575,2.638052436549939,2.529888889882326,78420,115372.9
2026-09-29T17:09:00-04:00,2.47,2.48,2.44,2.455,0,0,0,0,0,0,,,,,,,,,,,,,,,,,,,,,,,,,,,,,,,,,,,,,,,,,,,,1.1048729633499663,3.032490925722559,2.6206188711642304,2.514911111905861,44756,116237.15
2026-09-29T17:10:00-04:00,2.4594,2.48,2.44,2.449,0,0,0,0,0,0,,,,,,,,,,,,,,,,,,,,,,,,,,,,,,,,,,,,,,,,,,,,1.1048729633499663,3.0323420126599427,2.604274216767637,2.501728889524689,45100,116877.25
2026-09-29T17:11:00-04:00,2.44,2.46,2.4,2.41,0,0,0,0,0,0,,,,,,,,,,,,,,,,,,,,,,,,,,,,,,,,,,,,,,,,,,,,1.1048729633499663,3.0319755663848236,2.5857719104088144,2.483383111619751,105059,120423.6
2026-09-29T17:12:00-04:00,2.42,2.44,2.38,2.44,0,0,0,0,0,0,,,,,,,,,,,,,,,,,,,,,,,,,,,,,,,,,,,,,,,,,,,,1.1048729633499663,3.0316588261019084,2.5718888713222605,2.474706489295801,90415,122706.25
2026-09-29T17:13:00-04:00,2.4301,2.44,2.41,2.41,0,0,0,0,0,0,,,,,,,,,,,,,,,,,,,,,,,,,,,,,,,,,,,,,,,,,,,,1.1048729633499663,3.0315630051234126,2.5564708835772834,2.461765191436641,27371,123246.25
2026-09-29T17:14:00-04:00,2.41,2.46,2.4,2.43,0,0,0,0,0,0,,,,,,,,,,,,,,,,,,,,,,,,,,,,,,,,,,,,,,,,,,,,1.1048729633499663,3.0314569335015062,2.544426037522304,2.4554121531493127,30813,123450.55
2026-09-29T17:15:00-04:00,2.4297,2.43,2.39,2.3902,0,0,0,0,0,0,,,,,,,,,,,,,,,,,,,,,,,,,,,,,,,,,,,,,,,,,,,,1.1048729633499663,3.031331278599668,2.5297378434725606,2.4423697225194503,34969,124206.2
2026-09-29T17:16:00-04:00,2.39,2.47,2.39,2.42,0,0,0,0,0,0,,,,,,,,,,,,,,,,,,,,,,,,,,,,,,,,,,,,,,,,,,,,1.1048729633499663,3.0311617731907727,2.5192866202846975,2.43789577801556,49011,123443.9
2026-09-29T17:17:00-04:00,2.4199,2.4203,2.39,2.4008,0,0,0,0,0,0,,,,,,,,,,,,,,,,,,,,,,,,,,,,,,,,,,,,,,,,,,,,1.1048729633499663,3.030997411820965,2.5080021802575834,2.430476622412448,45809,122496.75
2026-09-29T17:18:00-04:00,2.4,2.41,2.31,2.3103,0,0,0,0,0,0,,,,,,,,,,,,,,,,,,,,,,,,,,,,,,,,,,,,,,,,,,,,1.1048729633499663,3.0305368642981563,2.4891734011854325,2.406441297929958,117217,116098.3
2026-09-29T17:19:00-04:00,2.31,2.36,2.29,2.3209,0,0,0,0,0,0,,,,,,,,,,,,,,,,,,,,,,,,,,,,,,,,,,,,,,,,,,,,1.1048729633499663,3.0301318508462187,2.473147362977296,2.3893330383439664,100320,105166.35
2026-09-29T17:20:00-04:00,2.32,2.34,2.27,2.3,0,0,0,0,0,0,,,,,,,,,,,,,,,,,,,,,,,,,,,,,,,,,,,,,,,,,,,,1.1048729633499663,3.029815877039806,2.4566571379318396,2.371466430675173,76156,87604.55
2026-09-29T17:21:00-04:00,2.31,2.32,2.27,2.295,0,0,0,0,0,0,,,,,,,,,,,,,,,,,,,,,,,,,,,,,,,,,,,,,,,,,,,,1.1048729633499663,3.029633670673349,2.441261220033569,2.3561731445401386,43447,73728.65
2026-09-29T17:22:00-04:00,2.3,2.41,2.29,2.31,0,0,0,0,0,0,,,,,,,,,,,,,,,,,,,,,,,,,,,,,,,,,,,,,,,,,,,,1.1048729633499663,3.029232336415652,2.4287601514589436,2.346938515632111,101536,68333.0
2026-09-29T17:23:00-04:00,2.32,2.41,2.32,2.405,0,0,0,0,0,0,,,,,,,,,,,,,,,,,,,,,,,,,,,,,,,,,,,,,,,,,,,,1.1048729633499663,3.0289212106041608,2.426497279891425,2.3585508125056887,83841,68267.45
2026-09-29T17:24:00-04:00,2.4,2.4002,2.37,2.3703,0,0,0,0,0,0,,,,,,,,,,,,,,,,,,,,,,,,,,,,,,,,,,,,,,,,,,,,1.1048729633499663,3.0287884774565987,2.4211451579970036,2.360900650004551,35894,66088.2
2026-09-29T17:25:00-04:00,2.3702,2.42,2.37,2.37,0,0,0,0,0,0,,,,,,,,,,,,,,,,,,,,,,,,,,,,,,,,,,,,,,,,,,,,1.1048729633499663,3.0286214586932396,2.4162741905687177,2.362720520003641,45644,64105.75
2026-09-29T17:26:00-04:00,2.37,2.38,2.33,2.35,0,0,0,0,0,0,,,,,,,,,,,,,,,,,,,,,,,,,,,,,,,,,,,,,,,,,,,,1.1048729633499663,3.0284379512843373,2.4099623628955067,2.3601764160029126,47700,63338.4
2026-09-29T17:27:00-04:00,2.35,2.36,2.345,2.358,0,0,0,0,0,0,,,,,,,,,,,,,,,,,,,,,,,,,,,,,,,,,,,,,,,,,,,,1.1048729633499663,3.0284008783618743,2.405013566429268,2.35974113280233,9654,60656.6
2026-09-29T17:28:00-04:00,2.3507,2.36,2.32,2.32,0,0,0,0,0,0,,,,,,,,,,,,,,,,,,,,,,,,,,,,,,,,,,,,,,,,,,,,1.1048729633499663,3.0283010360313436,2.396917036293147,2.351792906241864,25219,57996.55
2026-09-29T17:29:00-04:00,2.3299,2.35,2.32,2.35,0,0,0,0,0,0,,,,,,,,,,,,,,,,,,,,,,,,,,,,,,,,,,,,,,,,,,,,1.1048729633499663,3.028220918768834,2.392448747122371,2.351434324993491,20438,56780.65
2026-09-29T17:30:00-04:00,2.3592,2.38,2.35,2.36,0,0,0,0,0,0,,,,,,,,,,,,,,,,,,,,,,,,,,,,,,,,,,,,,,,,,,,,1.1048729633499663,3.0281725362151115,2.3893583902535735,2.353147459994793,12778,55164.55
2026-09-29T17:31:00-04:00,2.36,2.37,2.33,2.33,0,0,0,0,0,0,,,,,,,,,,,,,,,,,,,,,,,,,,,,,,,,,,,,,,,,,,,,1.1048729633499663,3.028088945694794,2.3837052102294236,2.3485179679958343,21436,50983.4
2026-09-29T17:32:00-04:00,2.32,2.36,2.32,2.33,0,0,0,0,0,0,,,,,,,,,,,,,,,,,,,,,,,,,,,,,,,,,,,,,,,,,,,,1.1048729633499663,3.027986830444793,2.378590428302812,2.3448143743966674,25941,47759.7
2026-09-29T17:33:00-04:00,2.34,2.34,2.31,2.32,0,0,0,0,0,0,,,,,,,,,,,,,,,,,,,,,,,,,,,,,,,,,,,,,,,,,,,,1.1048729633499663,3.0278961961383835,2.373010387512068,2.339851499517334,22595,47520.9
2026-09-29T17:34:00-04:00,2.32,2.32,2.268,2.27,0,0,0,0,0,0,,,,,,,,,,,,,,,,,,,,,,,,,,,,,,,,,,,,,,,,,,,,1.1048729633499663,3.027641912160317,2.3631998744156806,2.325881199613867,60231,48991.8
2026-09-29T17:35:00-04:00,2.27,2.2994,2.26,2.28,0,0,0,0,0,0,,,,,,,,,,,,,,,,,,,,,,,,,,,,,,,,,,,,,,,,,,,,1.1048729633499663,3.0274808323296183,2.3552760768522822,2.316704959691094,37859,49136.3
2026-09-29T17:36:00-04:00,2.28,2.28,2.22,2.228,0,0,0,0,0,0,,,,,,,,,,,,,,,,,,,,,,,,,,,,,,,,,,,,,,,,,,,,1.1048729633499663,3.0273183906975465,2.3431545457234937,2.2989639677528753,36388,48505.15
2026-09-29T17:37:00-04:00,2.228,2.29,2.22,2.2899,0,0,0,0,0,0,,,,,,,,,,,,,,,,,,,,,,,,,,,,,,,,,,,,,,,,,,,,1.1048729633499663,3.0270995642709635,2.338082684226018,2.2971511742023,50588,48744.1
2026-09-29T17:38:00-04:00,2.2898,2.3228,2.28,2.32,0,0,0,0,0,0,,,,,,,,,,,,,,,,,,,,,,,,,,,,,,,,,,,,,,,,,,,,1.1048729633499663,3.027010348857455,2.33636052382354,2.30172093936184,21808,43973.65
2026-09-29T17:39:00-04:00,2.32,2.32,2.3,2.31,0,0,0,0,0,0,,,,,,,,,,,,,,,,,,,,,,,,,,,,,,,,,,,,,,,,,,,,1.1048729633499663,3.0268874015558844,2.3338499977451077,2.303376751489472,30163,40465.8
2026-09-29T17:40:00-04:00,2.3,2.4,2.3,2.37,0,0,0,0,0,0,,,,,,,,,,,,,,,,,,,,,,,,,,,,,,,,,,,,,,,,,,,,1.1048729633499663,3.0267469333935817,2.3372928551027163,2.316701401191578,36875,38501.75
2026-09-29T17:41:00-04:00,2.37,2.4,2.37,2.37,0,0,0,0,0,0,,,,,,,,,,,,,,,,,,,,,,,,,,,,,,,,,,,,,,,,,,,,1.1048729633499663,3.0265694587239755,2.34040782128341,2.3273611209532623,48294,38744.1
2026-09-29T17:42:00-04:00,2.3699,2.38,2.36,2.37,0,0,0,0,0,0,,,,,,,,,,,,,,,,,,,,,,,,,,,,,,,,,,,,,,,,,,,,1.1048729633499663,3.0264685515310448,2.343226124018323,2.3358888967626097,27052,35019.9
2026-09-29T17:43:00-04:00,2.3609,2.39,2.36,2.39,0,0,0,0,0,0,,,,,,,,,,,,,,,,,,,,,,,,,,,,,,,,,,,,,,,,,,,,1.1048729633499663,3.0264254071319416,2.347680778873721,2.346711117410088,11748,31415.25
2026-09-29T17:44:00-04:00,2.39,2.43,2.388,2.408,0,0,0,0,0,0,,,,,,,,,,,,,,,,,,,,,,,,,,,,,,,,,,,,,,,,,,,,1.1048729633499663,3.026293885549258,2.353425466600034,2.35896889392807,37485,31494.8
2026-09-29T17:45:00-04:00,2.4096,2.47,2.4,2.4501,0,0,0,0,0,0,,,,,,,,,,,,,,,,,,,,,,,,,,,,,,,,,,,,,,,,,,,,1.1048729633499663,3.0261183039659096,2.362632565019078,2.377195115142456,52747,31849.95
2026-09-29T17:46:00-04:00,2.46,2.48,2.45,2.46,0,0,0,0,0,0,,,,,,,,,,,,,,,,,,,,,,,,,,,,,,,,,,,,,,,,,,,,1.1048729633499663,3.026036045747751,2.37190565406488,2.3937560921139647,25746,30752.25
2026-09-29T17:47:00-04:00,2.45,2.47,2.45,2.461,0,0,0,0,0,0,,,,,,,,,,,,,,,,,,,,,,,,,,,,,,,,,,,,,,,,,,,,1.1048729633499663,3.025974907568898,2.3803908298682246,2.4072048736911715,19039,31221.5
2026-09-29T17:48:00-04:00,2.4602,2.465,2.39,2.3901,0,0,0,0,0,0,,,,,,,,,,,,,,,,,,,,,,,,,,,,,,,,,,,,,,,,,,,,1.1048729633499663,3.025905111528006,2.3813155127379173,2.403783898952937,20128,30966.95
2026-09-29T17:49:00-04:00,2.4,2.41,2.38,2.41,0,0,0,0,0,0,,,,,,,,,,,,,,,,,,,,,,,,,,,,,,,,,,,,,,,,,,,,1.1048729633499663,3.0258544848224456,2.3840473686676393,2.40502711916235,14252,30657.65
2026-09-29T17:50:00-04:00,2.41,2.47,2.4009,2.46,0,0,0,0,0,0,,,,,,,,,,,,,,,,,,,,,,,,,,,,,,,,,,,,,,,,,,,,1.1048729633499663,3.0258160613117866,2.391280952604055,2.4160216953298796,11629,30600.2
2026-09-29T17:51:00-04:00,2.4501,2.47,2.45,2.4597,0,0,0,0,0,0,,,,,,,,,,,,,,,,,,,,,,,,,,,,,,,,,,,,,,,,,,,,1.1048729633499663,3.0257664981308063,2.3977970523560495,2.424757356263904,15434,30300.1
2026-09-29T17:52:00-04:00,2.455,2.46,2.42,2.4201,0,0,0,0,0,0,,,,,,,,,,,,,,,,,,,,,,,,,,,,,,,,,,,,,,,,,,,,1.1048729633499663,3.025690442041431,2.3999211426078544,2.423825885011123,22628,30134.45
2026-09-29T17:53:00-04:00,2.42,2.4284,2.42,2.425,0,0,0,0,0,0,,,,,,,,,,,,,,,,,,,,,,,,,,,,,,,,,,,,,,,,,,,,1.1048729633499663,3.0256648897189247,2.40230960521663,2.4240607080088985,7491,29379.25
2026-09-29T17:54:00-04:00,2.4202,2.43,2.42,2.4203,0,0,0,0,0,0,,,,,,,,,,,,,,,,,,,,,,,,,,,,,,,,,,,,,,,,,,,,1.1048729633499663,3.0256375532445876,2.4040229761483793,2.423308566407119,8001,26767.75
2026-09-29T17:55:00-04:00,2.4202,2.43,2.38,2.43,0,0,0,0,0,0,,,,,,,,,,,,,,,,,,,,,,,,,,,,,,,,,,,,,,,,,,,,1.1048729633499663,3.025566425496077,2.406496978419962,2.424646853125695,20478,25898.7
2026-09-29T17:56:00-04:00,2.4006,2.42,2.4,2.4032,0,0,0,0,0,0,,,,,,,,,,,,,,,,,,,,,,,,,,,,,,,,,,,,,,,,,,,,1.1048729633499663,3.025548653485851,2.406182980475204,2.420357482500556,5071,24332.85
2026-09-29T17:57:00-04:00,2.4098,2.44,2.4,2.44,0,0,0,0,0,0,,,,,,,,,,,,,,,,,,,,,,,,,,,,,,,,,,,,,,,,,,,,1.1048729633499663,3.025513366108715,2.409403649001375,2.4242859860004446,10388,22322.85
2026-09-29T17:58:00-04:00,2.44,2.48,2.44,2.4601,0,0,0,0,0,0,,,,,,,,,,,,,,,,,,,,,,,,,,,,,,,,,,,,,,,,,,,,1.1048729633499663,3.025446822013699,2.414231872906006,2.431448788800356,20749,22269.9
2026-09-29T17:59:00-04:00,2.4699,2.49,2.46,2.4898,0,0,0,0,0,0,,,,,,,,,,,,,,,,,,,,,,,,,,,,,,,,,,,,,,,,,,,,1.1048729633499663,3.0253960843453824,2.421428837391149,2.4431190310402844,16401,21581.8
2026-09-29T18:00:00-04:00,2.49,2.6,2.49,2.5702,0,0,0,0,0,0,,,,,,,,,,,,,,,,,,,,,,,,,,,,,,,,,,,,,,,,,,,,1.1048729633499663,3.025160915202006,2.4355975195443724,2.4685352248322276,87903,24133.2
2026-09-29T18:01:00-04:00,2.572,2.575,2.5192,2.548,0,0,0,0,0,0,,,,,,,,,,,,,,,,,,,,,,,,,,,,,,,,,,,,,,,,,,,,1.1048729633499663,3.0250351562391313,2.446302517683004,2.484428179865782,46452,24041.1
2026-09-29T18:02:00-04:00,2.545,2.61,2.54,2.602,0,0,0,0,0,0,,,,,,,,,,,,,,,,,,,,,,,,,,,,,,,,,,,,,,,,,,,,1.1048729633499663,3.024913265057224,2.4611308493322417,2.5079425438926255,48786,25127.8
2026-09-29T18:03:00-04:00,2.6097,2.68,2.6,2.672,0,0,0,0,0,0,,,,,,,,,,,,,,,,,,,,,,,,,,,,,,,,,,,,,,,,,,,,1.1048729633499663,3.0246888063028203,2.4812136255863138,2.5407540351141003,105934,29837.1
2026-09-29T18:04:00-04:00,2.68,2.75,2.66,2.75,0,0,0,0,0,0,,,,,,,,,,,,,,,,,,,,,,,,,,,,,,,,,,,,,,,,,,,,1.1048729633499663,3.0245312396392627,2.506812327911427,2.5826032280912803,91388,32532.25
2026-09-29T18:05:00-04:00,2.7402,2.79,2.7,2.7,0,0,0,0,0,0,,,,,,,,,,,,,,,,,,,,,,,,,,,,,,,,,,,,,,,,,,,,1.1048729633499663,3.0243451001345294,2.525211153824624,2.6060825824730243,111754,35482.6
2026-09-29T18:06:00-04:00,2.7093,2.73,2.67,2.69,0,0,0,0,0,0,,,,,,,,,,,,,,,,,,,,,,,,,,,,,,,,,,,,,,,,,,,,1.1048729633499663,3.024231187023922,2.5409053296508506,2.6228660659784193,61494,37270.0
2026-09-29T18:07:00-04:00,2.69,2.77,2.69,2.73,0,0,0,0,0,0,,,,,,,,,,,,,,,,,,,,,,,,,,,,,,,,,,,,,,,,,,,,1.1048729633499663,3.0240997418751387,2.558914345874579,2.6442928527827356,79060,40271.05
2026-09-29T18:08:00-04:00,2.7306,2.76,2.7,2.74,0,0,0,0,0,0,,,,,,,,,,,,,,,,,,,,,,,,,,,,,,,,,,,,,,,,,,,,1.1048729633499663,3.0240437124920976,2.5761605986484284,2.6634342822261887,34108,40970.05
2026-09-29T18:09:00-04:00,2.7391,2.74,2.68,2.68,0,0,0,0,0,0,,,,,,,,,,,,,,,,,,,,,,,,,,,,,,,,,,,,,,,,,,,,1.1048729633499663,3.023982007434207,2.5860500654438163,2.666747425780951,33712,41943.05
2026-09-29T18:10:00-04:00,2.6809,2.7,2.618,2.62,0,0,0,0,0,0,,,,,,,,,,,,,,,,,,,,,,,,,,,,,,,,,,,,,,,,,,,,1.1048729633499663,3.0238669025194476,2.5892833925444054,2.6573979406247608,53929,44058.05
2026-09-29T18:11:00-04:00,2.62,2.66,2.6003,2.66,0,0,0,0,0,0,,,,,,,,,,,,,,,,,,,,,,,,,,,,,,,,,,,,,,,,,,,,1.1048729633499663,3.0237704499325395,2.5960183075401764,2.6579183524998085,44520,45512.35
2026-09-29T18:12:00-04:00,2.68,2.68,2.63,2.65,0,0,0,0,0,0,,,,,,,,,,,,,,,,,,,,,,,,,,,,,,,,,,,,,,,,,,,,1.1048729633499663,3.023727258134145,2.6011594211077784,2.6563346819998466,20656,45413.75
2026-09-29T18:13:00-04:00,2.6597,2.66,2.64,2.65,0,0,0,0,0,0,,,,,,,,,,,,,,,,,,,,,,,,,,,,,,,,,,,,,,,,,,,,1.1048729633499663,3.023694710198872,2.6058109048117997,2.6550677455998772,15430,45810.7
2026-09-29T18:14:00-04:00,2.6403,2.68,2.64,2.6502,0,0,0,0,0,0,,,,,,,,,,,,,,,,,,,,,,,,,,,,,,,,,,,,,,,,,,,,1.1048729633499663,3.0236715514454606,2.610038437686866,2.654094196479902,11182,45969.75
2026-09-29T18:15:00-04:00,2.65,2.6591,2.6384,2.64,0,0,0,0,0,0,,,,,,,,,,,,,,,,,,,,,,,,,,,,,,,,,,,,,,,,,,,,1.1048729633499663,3.023623005797941,2.6128919198119265,2.6512753571839216,22768,46084.25
2026-09-29T18:16:00-04:00,2.63,2.63,2.5018,2.54,0,0,0,0,0,0,,,,,,,,,,,,,,,,,,,,,,,,,,,,,,,,,,,,,,,,,,,,1.1048729633499663,3.023467531701691,2.605949832210791,2.629020285747137,59097,48785.55
2026-09-29T18:17:00-04:00,2.54,2.566,2.52,2.56,0,0,0,0,0,0,,,,,,,,,,,,,,,,,,,,,,,,,,,,,,,,,,,,,,,,,,,,1.1048729633499663,3.023346056832761,2.601573657714525,2.61521622859771,45364,50534.35
2026-09-29T18:18:00-04:00,2.5693,2.5693,2.54,2.558,0,0,0,0,0,0,,,,,,,,,,,,,,,,,,,,,,,,,,,,,,,,,,,,,,,,,,,,1.1048729633499663,3.0232975954479877,2.597423785551237,2.603772982878168,18379,50415.85
2026-09-29T18:19:00-04:00,2.56,2.61,2.55,2.61,0,0,0,0,0,0,,,,,,,,,,,,,,,,,,,,,,,,,,,,,,,,,,,,,,,,,,,,1.1048729633499663,3.023263033049644,2.598621520260643,2.6050183863025342,14146,50303.1
2026-09-29T18:20:00-04:00,2.6003,2.63,2.6003,2.63,0,0,0,0,0,0,,,,,,,,,,,,,,,,,,,,,,,,,,,,,,,,,,,,,,,,,,,,1.1048729633499663,3.023237820998006,2.6016099469024865,2.6100147090420274,11091,46462.5
2026-09-29T18:21:00-04:00,2.63,2.67,2.63,2.6596,0,0,0,0,0,0,,,,,,,,,,,,,,,,,,,,,,,,,,,,,,,,,,,,,,,,,,,,1.1048729633499663,3.0231969545215134,2.6071328091022496,2.6199317672336218,19589,45119.35
2026-09-29T18:22:00-04:00,2.6503,2.66,2.64,2.64,0,0,0,0,0,0,,,,,,,,,,,,,,,,,,,,,,,,,,,,,,,,,,,,,,,,,,,,1.1048729633499663,3.023144861890987,2.6102630177591784,2.6239454137868976,24543,43907.2
2026-09-29T18:23:00-04:00,2.65,2.65,2.63,2.64,0,0,0,0,0,0,,,,,,,,,,,,,,,,,,,,,,,,,,,,,,,,,,,,,,,,,,,,1.1048729633499663,3.0231186675766644,2.613095111305923,2.6271563310295183,12129,39216.95
2026-09-29T18:24:00-04:00,2.6396,2.64,2.63,2.63,0,0,0,0,0,0,,,,,,,,,,,,,,,,,,,,,,,,,,,,,,,,,,,,,,,,,,,,1.1048729633499663,3.023089938567998,2.614705100705359,2.627725064823615,13077,35301.4
2026-09-29T18:25:00-04:00,2.63,2.6499,2.63,2.64,0,0,0,0,0,0,,,,,,,,,,,,,,,,,,,,,,,,,,,,,,,,,,,,,,,,,,,,1.1048729633499663,3.0230813855240855,2.61711413873342,2.630180051858892,3961,29911.75
2026-09-29T18:26:00-04:00,2.6499,2.69,2.64,2.68,0,0,0,0,0,0,,,,,,,,,,,,,,,,,,,,,,,,,,,,,,,,,,,,,,,,,,,,1.1048729633499663,3.0230416935514097,2.6231032683778563,2.6401440414871136,19948,27834.45
2026-09-29T18:27:00-04:00,2.675,2.74,2.675,2.7033,0,0,0,0,0,0,,,,,,,,,,,,,,,,,,,,,,,,,,,,,,,,,,,,,,,,,,,,1.1048729633499663,3.022924709121234,2.63074105234187,2.6527752331896908,65521,27157.5
2026-09-29T18:28:00-04:00,2.7003,2.72,2.68,2.68,0,0,0,0,0,0,,,,,,,,,,,,,,,,,,,,,,,,,,,,,,,,,,,,,,,,,,,,1.1048729633499663,3.0228560567284757,2.635432380690263,2.6582201865517527,36983,27301.25
2026-09-29T18:29:00-04:00,2.68,2.71,2.66,2.68,0,0,0,0,0,0,,,,,,,,,,,,,,,,,,,,,,,,,,,,,,,,,,,,,,,,,,,,1.1048729633499663,3.0228309678418044,2.639676915862619,2.6625761492414024,13121,26271.7
2026-09-29T18:30:00-04:00,2.6802,2.73,2.68,2.73,0,0,0,0,0,0,,,,,,,,,,,,,,,,,,,,,,,,,,,,,,,,,,,,,,,,,,,,1.1048729633499663,3.0228056803975836,2.648279114351894,2.6760609193931217,14509,24300.7
2026-09-29T18:31:00-04:00,2.73,2.735,2.71,2.728,0,0,0,0,0,0,,,,,,,,,,,,,,,,,,,,,,,,,,,,,,,,,,,,,,,,,,,,1.1048729633499663,3.022777791925056,2.6558715796517136,2.6864487355144973,16594,22904.4
2026-09-29T18:32:00-04:00,2.73,2.7301,2.71,2.71,0,0,0,0,0,0,,,,,,,,,,,,,,,,,,,,,,,,,,,,,,,,,,,,,,,,,,,,1.1048729633499663,3.022715110437652,2.6610266673039313,2.6911589884115976,36377,23690.45
2026-09-29T18:33:00-04:00,2.705,2.71,2.68,2.68,0,0,0,0,0,0,,,,,,,,,,,,,,,,,,,,,,,,,,,,,,,,,,,,,,,,,,,,1.1048729633499663,3.0226734268269286,2.6628336513702235,2.688927190729278,22257,24031.8
2026-09-29T18:34:00-04:00,2.6801,2.69,2.68,2.6834,0,0,0,0,0,0,,,,,,,,,,,,,,,,,,,,,,,,,,,,,,,,,,,,,,,,,,,,1.1048729633499663,3.0226678432390255,2.664792351239726,2.6878217525834227,2933,23619.35
2026-09-29T18:35:00-04:00,2.71,2.71,2.7,2.7098,0,0,0,0,0,0,,,,,,,,,,,,,,,,,,,,,,,,,,,,,,,,,,,,,,,,,,,,1.1048729633499663,3.022652445915383,2.6690787939788,2.692217402066738,8655,22913.7
2026-09-29T18:36:00-04:00,2.7,2.7,2.67,2.68,0,0,0,0,0,0,,,,,,,,,,,,,,,,,,,,,,,,,,,,,,,,,,,,,,,,,,,,1.1048729633499663,3.0226184057121643,2.6701189088379618,2.6897739216533902,17825,20850.1
2026-09-29T18:37:00-04:00,2.68,2.69,2.66,2.66,0,0,0,0,0,0,,,,,,,,,,,,,,,,,,,,,,,,,,,,,,,,,,,,,,,,,,,,1.1048729633499663,3.022584719425799,2.669155203234346,2.683819137322712,16976,19430.7
2026-09-29T18:38:00-04:00,2.66,2.66,2.605,2.62,0,0,0,0,0,0,,,,,,,,,,,,,,,,,,,,,,,,,,,,,,,,,,,,,,,,,,,,1.1048729633499663,3.0225007353305093,2.6644737553072657,2.6710553098581697,37862,20404.85
2026-09-29T18:39:00-04:00,2.62,2.67,2.61,2.66,0,0,0,0,0,0,,,,,,,,,,,,,,,,,,,,,,,,,,,,,,,,,,,,,,,,,,,,1.1048729633499663,3.0224543501086503,2.6640476833732403,2.6688442478865357,21939,20794.5
2026-09-29T18:40:00-04:00,2.65,2.66,2.6,2.6,0,0,0,0,0,0,,,,,,,,,,,,,,,,,,,,,,,,,,,,,,,,,,,,,,,,,,,,1.1048729633499663,3.0224199736615596,2.6579479040043603,2.655075398309229,15185,20999.2
2026-09-29T18:41:00-04:00,2.6,2.61,2.58,2.59,0,0,0,0,0,0,,,,,,,,,,,,,,,,,,,,,,,,,,,,,,,,,,,,,,,,,,,,1.1048729633499663,3.0223828452601937,2.651476675051564,2.642060318647383,15384,20788.95
2026-09-29T18:42:00-04:00,2.59,2.5902,2.58,2.59,0,0,0,0,0,0,,,,,,,,,,,,,,,,,,,,,,,,,,,,,,,,,,,,,,,,,,,,1.1048729633499663,3.022363990585419,2.645621753618082,2.6316482549179065,7695,19946.55
2026-09-29T18:43:00-04:00,2.5884,2.6499,2.585,2.64,0,0,0,0,0,0,,,,,,,,,,,,,,,,,,,,,,,,,,,,,,,,,,,,,,,,,,,,1.1048729633499663,3.0223507323788628,2.645086348511598,2.6333186039343253,5932,19636.7
2026-09-29T18:44:00-04:00,2.65,2.65,2.63,2.64,0,0,0,0,0,0,,,,,,,,,,,,,,,,,,,,,,,,,,,,,,,,,,,,,,,,,,,,1.1048729633499663,3.02234116545835,2.6446019343676364,2.6346548831474603,4449,19205.3
2026-09-29T18:45:00-04:00,2.63,2.6394,2.63,2.63,0,0,0,0,0,0,,,,,,,,,,,,,,,,,,,,,,,,,,,,,,,,,,,,,,,,,,,,1.1048729633499663,3.0223311470405805,2.643211273951671,2.633723906517968,4577,19236.1
2026-09-29T18:46:00-04:00,2.63,2.63,2.6092,2.6098,0,0,0,0,0,0,,,,,,,,,,,,,,,,,,,,,,,,,,,,,,,,,,,,,,,,,,,,1.1048729633499663,3.022324779055288,2.640029247861036,2.6289391252143743,2789,18378.15
2026-09-29T18:47:00-04:00,2.6,2.61,2.6,2.61,0,0,0,0,0,0,,,,,,,,,,,,,,,,,,,,,,,,,,,,,,,,,,,,,,,,,,,,1.1048729633499663,3.022317443865103,2.637169319493318,2.625151300171499,3138,15259.0
2026-09-29T18:48:00-04:00,2.61,2.618,2.6,2.61,0,0,0,0,0,0,,,,,,,,,,,,,,,,,,,,,,,,,,,,,,,,,,,,,,,,,,,,1.1048729633499663,3.0223023992651705,2.6345817652558594,2.6221210401371997,6478,13733.75
2026-09-29T18:49:00-04:00,2.61,2.61,2.6,2.6011,0,0,0,0,0,0,,,,,,,,,,,,,,,,,,,,,,,,,,,,,,,,,,,,,,,,,,,,1.1048729633499663,3.0222897186042506,2.6313930257076823,2.61791683210976,5387,13347.05
2026-09-29T18:50:00-04:00,2.6002,2.602,2.5774,2.5774,0,0,0,0,0,0,,,,,,,,,,,,,,,,,,,,,,,,,,,,,,,,,,,,,,,,,,,,1.1048729633499663,3.022254264377073,2.6262508327831413,2.609813465687808,14439,13343.55
2026-09-29T18:51:00-04:00,2.58,2.5925,2.56,2.58,0,0,0,0,0,0,,,,,,,,,,,,,,,,,,,,,,,,,,,,,,,,,,,,,,,,,,,,1.1048729633499663,3.0222186534096407,2.6218459915656993,2.6038507725502464,14241,13225.9
2026-09-29T18:52:00-04:00,2.6,2.6,2.56,2.57,0,0,0,0,0,0,,,,,,,,,,,,,,,,,,,,,,,,,,,,,,,,,,,,,,,,,,,,1.1048729633499663,3.0221972284931717,2.6169082780832515,2.5970806180401973,8553,11834.7
2026-09-29T18:53:00-04:00,2.57,2.57,2.5498,2.55,0,0,0,0,0,0,,,,,,,,,,,,,,,,,,,,,,,,,,,,,,,,,,,,,,,,,,,,1.1048729633499663,3.0221387207513577,2.610536061122942,2.5876644944321576,22354,11839.55
2026-09-29T18:54:00-04:00,2.55,2.57,2.52,2.52,0,0,0,0,0,0,,,,,,,,,,,,,,,,,,,,,,,,,,,,,,,,,,,,,,,,,,,,1.1048729633499663,3.022039474478119,2.6019135791112333,2.574131595545726,36374,13511.6
2026-09-29T18:55:00-04:00,2.519,2.5209,2.5,2.52,0,0,0,0,0,0,,,,,,,,,,,,,,,,,,,,,,,,,,,,,,,,,,,,,,,,,,,,1.1048729633499663,3.021969418044127,2.5941122858625443,2.563305276436581,24521,14304.9
2026-09-29T18:56:00-04:00,2.5221,2.54,2.52,2.53,0,0,0,0,0,0,,,,,,,,,,,,,,,,,,,,,,,,,,,,,,,,,,,,,,,,,,,,1.1048729633499663,3.0219493448777053,2.5880063538756355,2.5566442211492646,7261,13776.7
2026-09-29T18:57:00-04:00,2.5271,2.5572,2.52,2.54,0,0,0,0,0,0,,,,,,,,,,,,,,,,,,,,,,,,,,,,,,,,,,,,,,,,,,,,1.1048729633499663,3.02190197527654,2.583434320173194,2.5533153769194117,17459,13800.85
2026-09-29T18:58:00-04:00,2.545,2.5499,2.53,2.53,0,0,0,0,0,0,,,,,,,,,,,,,,,,,,,,,,,,,,,,,,,,,,,,,,,,,,,,1.1048729633499663,3.021886259679973,2.578345337299557,2.548652301535529,5764,12195.95
2026-09-29T18:59:00-04:00,2.54,2.56,2.54,2.552,0,0,0,0,0,0,,,,,,,,,,,,,,,,,,,,,,,,,,,,,,,,,,,,,,,,,,,,1.1048729633499663,3.021846475305949,2.575836257556742,2.5493218412284233,15028,11850.4
2026-09-29T19:00:00-04:00,2.55,2.58,2.55,2.576,0,0,0,0,0,0,,,,,,,,,,,,,,,,,,,,,,,,,,,,,,,,,,,,,,,,,,,,1.1048729633499663,3.0218246036677603,2.575851852075147,2.5546574729827385,8591,11520.7
2026-09-29T19:01:00-04:00,2.5601,2.59,2.56,2.57,0,0,0,0,0,0,,,,,,,,,,,,,,,,,,,,,,,,,,,,,,,,,,,,,,,,,,,,1.1048729633499663,3.021786680258446,2.5752945328298953,2.5577259783861908,15053,11504.15
2026-09-29T19:02:00-04:00,2.5698,2.5698,2.55,2.5597,0,0,0,0,0,0,,,,,,,,,,,,,,,,,,,,,,,,,,,,,,,,,,,,,,,,,,,,1.1048729633499663,3.0217693181228897,2.573809339227048,2.5581207827089525,6691,11453.95
2026-09-29T19:03:00-04:00,2.55,2.57,2.55,2.5618,0,0,0,0,0,0,,,,,,,,,,,,,,,,,,,,,,,,,,,,,,,,,,,,,,,,,,,,1.1048729633499663,3.0217472071432843,2.572665592633996,2.558856626167162,8536,11584.15
2026-09-29T19:04:00-04:00,2.5603,2.5696,2.56,2.5602,0,0,0,0,0,0,,,,,,,,,,,,,,,,,,,,,,,,,,,,,,,,,,,,,,,,,,,,1.1048729633499663,3.0217343520131097,2.57147839333552,2.55912530093373,4992,11611.3
2026-09-29T19:05:00-04:00,2.5603,2.5608,2.56,2.56,0,0,0,0,0,0,,,,,,,,,,,,,,,,,,,,,,,,,,,,,,,,,,,,,,,,,,,,1.1048729633499663,3.02172518196767,2.5703852130178517,2.559300240746984,3538,11559.35
2026-09-29T19:06:00-04:00,2.5603,2.57,2.56,2.5601,0,0,0,0,0,0,,,,,,,,,,,,,,,,,,,,,,,,,,,,,,,,,,,,,,,,,,,,1.1048729633499663,3.0217123128547483,2.5694056689209135,2.5594601925975873,4999,11669.85
2026-09-29T19:07:00-04:00,2.56,2.56,2.56,2.56,0,0,0,0,0,0,,,,,,,,,,,,,,,,,,,,,,,,,,,,,,,,,,,,,,,,,,,,1.1048729633499663,3.021695802707479,2.5685098909284454,2.55956815407807,6367,11831.3
2026-09-29T19:08:00-04:00,2.56,2.56,2.52,2.5215,0,0,0,0,0,0,,,,,,,,,,,,,,,,,,,,,,,,,,,,,,,,,,,,,,,,,,,,1.1048729633499663,3.0216658733703543,2.56403275845907,2.551954523262456,10924,12053.6
2026-09-29T19:09:00-04:00,2.52,2.55,2.52,2.55,0,0,0,0,0,0,,,,,,,,,,,,,,,,,,,,,,,,,,,,,,,,,,,,,,,,,,,,1.1048729633499663,3.0216501471367794,2.5626963052724916,2.551563618609965,5814,12074.95
2026-09-29T19:10:00-04:00,2.53,2.55,2.52,2.54,0,0,0,0,0,0,,,,,,,,,,,,,,,,,,,,,,,,,,,,,,,,,,,,,,,,,,,,1.1048729633499663,3.0216196156625887,2.560534752389397,2.549250894887972,11211,11913.55
2026-09-29T19:11:00-04:00,2.53,2.5498,2.53,2.545,0,0,0,0,0,0,,,,,,,,,,,,,,,,,,,,,,,,,,,,,,,,,,,,,,,,,,,,1.1048729633499663,3.0216061117079978,2.5590552521618353,2.5484007159103776,5010,11452.0
2026-09-29T19:12:00-04:00,2.535,2.56,2.53,2.5326,0,0,0,0,0,0,,,,,,,,,,,,,,,,,,,,,,,,,,,,,,,,,,,,,,,,,,,,1.1048729633499663,3.0215971767207317,2.5565357043368984,2.5452405727283023,3310,11189.85
2026-09-29T19:13:00-04:00,2.54,2.56,2.53,2.54,0,0,0,0,0,0,,,,,,,,,,,,,,,,,,,,,,,,,,,,,,,,,,,,,,,,,,,,1.1048729633499663,3.021572256660797,2.554960875352432,2.544192458182642,9280,10536.15
2026-09-29T19:14:00-04:00,2.5395,2.5398,2.53,2.5301,0,0,0,0,0,0,,,,,,,,,,,,,,,,,,,,,,,,,,,,,,,,,,,,,,,,,,,,1.1048729633499663,3.0215593881810143,2.5525931729379145,2.5413739665461135,4694,8952.15
2026-09-29T19:15:00-04:00,2.5392,2.54,2.53,2.53,0,0,0,0,0,0,,,,,,,,,,,,,,,,,,,,,,,,,,,,,,,,,,,,,,,,,,,,1.1048729633499663,3.021552165186958,2.550441442181923,2.539099173236891,2635,7857.85
2026-09-29T19:16:00-04:00,2.5305,2.54,2.53,2.53,0,0,0,0,0,0,,,,,,,,,,,,,,,,,,,,,,,,,,,,,,,,,,,,,,,,,,,,1.1048729633499663,3.021538029569955,2.548494638164597,2.5372793385895127,5157,7752.65
2026-09-29T19:17:00-04:00,2.535,2.57,2.53,2.55,0,0,0,0,0,0,,,,,,,,,,,,,,,,,,,,,,,,,,,,,,,,,,,,,,,,,,,,1.1048729633499663,3.0215107417329707,2.548638005958445,2.5398234708716103,10308,7395.1
2026-09-29T19:18:00-04:00,2.54,2.55,2.54,2.5406,0,0,0,0,0,0,,,,,,,,,,,,,,,,,,,,,,,,,,,,,,,,,,,,,,,,,,,,1.1048729633499663,3.021505866045665,2.54787248158145,2.5399787766972883,1817,7197.75
2026-09-29T19:19:00-04:00,2.54,2.57,2.54,2.55,0,0,0,0,0,0,,,,,,,,,,,,,,,,,,,,,,,,,,,,,,,,,,,,,,,,,,,,1.1048729633499663,3.021473568757305,2.548075102383217,2.5419830213578307,12289,7060.8
2026-09-29T19:20:00-04:00,2.5501,2.5597,2.5501,2.5595,0,0,0,0,0,0,,,,,,,,,,,,,,,,,,,,,,,,,,,,,,,,,,,,,,,,,,,,1.1048729633499663,3.02146891156022,2.5491631878705294,2.545486417086265,1784,6720.45
2026-09-29T19:21:00-04:00,2.555,2.565,2.5501,2.56,0,0,0,0,0,0,,,,,,,,,,,,,,,,,,,,,,,,,,,,,,,,,,,,,,,,,,,,1.1048729633499663,3.0214545618958333,2.5501952652161934,2.5483891336690117,5520,6243.8
2026-09-29T19:22:00-04:00,2.57,2.61,2.568,2.6,0,0,0,0,0,0,,,,,,,,,,,,,,,,,,,,,,,,,,,,,,,,,,,,,,,,,,,,1.1048729633499663,3.021425740525482,2.554938573290842,2.5587113069352094,11975,6508.0
2026-09-29T19:23:00-04:00,2.6,2.62,2.6,2.62,0,0,0,0,0,0,,,,,,,,,,,,,,,,,,,,,,,,,,,,,,,,,,,,,,,,,,,,1.1048729633499663,3.0213919267445,2.561134899644095,2.5709690455481677,14763,6819.35
2026-09-29T19:24:00-04:00,2.62,2.64,2.62,2.6301,0,0,0,0,0,0,,,,,,,,,,,,,,,,,,,,,,,,,,,,,,,,,,,,,,,,,,,,1.1048729633499663,3.0213450080794644,2.5677030044398954,2.582795236438534,21363,7637.9
2026-09-29T19:25:00-04:00,2.63,2.64,2.62,2.63,0,0,0,0,0,0,,,,,,,,,,,,,,,,,,,,,,,,,,,,,,,,,,,,,,,,,,,,1.1048729633499663,3.021315142283498,2.573636051636096,2.592236189150827,13600,8141.0
2026-09-29T19:26:00-04:00,2.63,2.64,2.63,2.64,0,0,0,0,0,0,,,,,,,,,,,,,,,,,,,,,,,,,,,,,,,,,,,,,,,,,,,,1.1048729633499663,3.021299189936302,2.5799564276707536,2.601788951320662,7391,8260.6
2026-09-29T19:27:00-04:00,2.64,2.65,2.63,2.64,0,0,0,0,0,0,,,,,,,,,,,,,,,,,,,,,,,,,,,,,,,,,,,,,,,,,,,,1.1048729633499663,3.0212752541084766,2.585674863130682,2.6094311610565293,11188,8501.65
2026-09-29T19:28:00-04:00,2.645,2.65,2.63,2.63,0,0,0,0,0,0,,,,,,,,,,,,,,,,,,,,,,,,,,,,,,,,,,,,,,,,,,,,1.1048729633499663,3.0212443369374085,2.589896304737284,2.6135449288452235,14328,8671.85
2026-09-29T19:29:00-04:00,2.635,2.64,2.63,2.63,0,0,0,0,0,0,,,,,,,,,,,,,,,,,,,,,,,,,,,,,,,,,,,,,,,,,,,,1.1048729633499663,3.021213028421007,2.593715704286114,2.616835943076179,14387,9100.5
2026-09-29T19:30:00-04:00,2.63,2.6397,2.63,2.63,0,0,0,0,0,0,,,,,,,,,,,,,,,,,,,,,,,,,,,,,,,,,,,,,,,,,,,,1.1048729633499663,3.0212052778724585,2.5971713514969603,2.619468754460943,3561,8718.0
2026-09-29T19:31:00-04:00,2.63,2.6399,2.625,2.625,0,0,0,0,0,0,,,,,,,,,,,,,,,,,,,,,,,,,,,,,,,,,,,,,,,,,,,,1.1048729633499663,3.0212005437654708,2.5998216989734404,2.6205750035687543,2157,8575.35
2026-09-29T19:32:00-04:00,2.62,2.63,2.62,2.62,0,0,0,0,0,0,,,,,,,,,,,,,,,,,,,,,,,,,,,,,,,,,,,,,,,,,,,,1.1048729633499663,3.0211908997454584,2.6017434419283507,2.6204600028550034,4321,8625.9
2026-09-29T19:33:00-04:00,2.62,2.63,2.62,2.62,0,0,0,0,0,0,,,,,,,,,,,,,,,,,,,,,,,,,,,,,,,,,,,,,,,,,,,,1.1048729633499663,3.0211843136908145,2.603482161744698,2.620368002284003,2951,8309.45
2026-09-29T19:34:00-04:00,2.62,2.63,2.62,2.63,0,0,0,0,0,0,,,,,,,,,,,,,,,,,,,,,,,,,,,,,,,,,,,,,,,,,,,,1.1048729633499663,3.0211816071261337,2.606007670149965,2.6222944018272023,1223,8135.9
2026-09-29T19:35:00-04:00,2.6275,2.65,2.62,2.64,0,0,0,0,0,0,,,,,,,,,,,,,,,,,,,,,,,,,,,,,,,,,,,,,,,,,,,,1.1048729633499663,3.0211741722861825,2.609245034897587,2.6258355214617617,3447,8176.5
2026-09-29T19:36:00-04:00,2.63,2.64,2.62,2.62,0,0,0,0,0,0,,,,,,,,,,,,,,,,,,,,,,,,,,,,,,,,,,,,,,,,,,,,1.1048729633499663,3.0211557259639688,2.610269317288293,2.6246684171694095,8336,8335.45
2026-09-29T19:37:00-04:00,2.62,2.62,2.57,2.57,0,0,0,0,0,0,,,,,,,,,,,,,,,,,,,,,,,,,,,,,,,,,,,,,,,,,,,,1.1048729633499663,3.021126662898956,2.6064341442132175,2.613734733735527,11926,8416.35
2026-09-29T19:38:00-04:00,2.57,2.588,2.55,2.58,0,0,0,0,0,0,,,,,,,,,,,,,,,,,,,,,,,,,,,,,,,,,,,,,,,,,,,,1.1048729633499663,3.0210812560948703,2.6039166066691015,2.606987786988422,18054,9228.2
2026-09-29T19:39:00-04:00,2.58,2.58,2.562,2.57,0,0,0,0,0,0,,,,,,,,,,,,,,,,,,,,,,,,,,,,,,,,,,,,,,,,,,,,1.1048729633499663,3.021069320981667,2.600686453652997,2.5995902295907376,4725,8850.0
2026-09-29T19:40:00-04:00,2.5699,2.63,2.5699,2.63,0,0,0,0,0,0,,,,,,,,,,,,,,,,,,,,,,,,,,,,,,,,,,,,,,,,,,,,1.1048729633499663,3.0210265609628313,2.603478219971759,2.6056721836725902,18549,9688.25
2026-09-29T19:41:00-04:00,2.61,2.63,2.59,2.62,0,0,0,0,0,0,,,,,,,,,,,,,,,,,,,,,,,,,,,,,,,,,,,,,,,,,,,,1.1048729633499663,3.020999339564509,2.6050517228315915,2.6085377469380724,11908,10007.65
2026-09-29T19:42:00-04:00,2.62,2.62,2.6,2.6001,0,0,0,0,0,0,,,,,,,,,,,,,,,,,,,,,,,,,,,,,,,,,,,,,,,,,,,,1.1048729633499663,3.0209889489710204,2.6045801301809637,2.606850197550458,4473,9632.55
2026-09-29T19:43:00-04:00,2.6094,2.61,2.58,2.58,0,0,0,0,0,0,,,,,,,,,,,,,,,,,,,,,,,,,,,,,,,,,,,,,,,,,,,,1.1048729633499663,3.0209830551192285,2.602239165401824,2.601480158040366,2439,9016.35
2026-09-29T19:44:00-04:00,2.58,2.6,2.556,2.56,0,0,0,0,0,0,,,,,,,,,,,,,,,,,,,,,,,,,,,,,,,,,,,,,,,,,,,,1.1048729633499663,3.0209710550218296,2.5982163877445075,2.593184126432293,4767,8186.55
2026-09-29T19:45:00-04:00,2.5609,2.5991,2.56,2.5991,0,0,0,0,0,0,,,,,,,,,,,,,,,,,,,,,,,,,,,,,,,,,,,,,,,,,,,,1.1048729633499663,3.0209589853182552,2.5983005412926494,2.5943673011458346,4950,7754.05
2026-09-29T19:46:00-04:00,2.58,2.5801,2.57,2.57,0,0,0,0,0,0,,,,,,,,,,,,,,,,,,,,,,,,,,,,,,,,,,,,,,,,,,,,1.1048729633499663,3.020954807106719,2.5956052516457304,2.5894938409166675,1665,7467.75
2026-09-29T19:47:00-04:00,2.5699,2.575,2.56,2.57,0,0,0,0,0,0,,,,,,,,,,,,,,,,,,,,,,,,,,,,,,,,,,,,,,,,,,,,1.1048729633499663,3.020939104782011,2.593166656250899,2.585595072733334,6188,7217.75
2026-09-29T19:48:00-04:00,2.5699,2.65,2.56,2.57,0,0,0,0,0,0,,,,,,,,,,,,,,,,,,,,,,,,,,,,,,,,,,,,,,,,,,,,1.1048729633499663,3.020933128401217,2.590960308036528,2.5824760581866673,2493,6626.0
2026-09-29T19:49:00-04:00,2.57,2.6,2.57,2.59,0,0,0,0,0,0,,,,,,,,,,,,,,,,,,,,,,,,,,,,,,,,,,,,,,,,,,,,1.1048729633499663,3.0209023182118457,2.590868850128287,2.5839808465493337,12656,6539.45
2026-09-29T19:50:00-04:00,2.59,2.6,2.585,2.6,0,0,0,0,0,0,,,,,,,,,,,,,,,,,,,,,,,,,,,,,,,,,,,,,,,,,,,,1.1048729633499663,3.0208741923985,2.591738483449402,2.587184677239467,11781,6950.45
2026-09-29T19:51:00-04:00,2.6,2.61,2.58,2.58,0,0,0,0,0,0,,,,,,,,,,,,,,,,,,,,,,,,,,,,,,,,,,,,,,,,,,,,1.1048729633499663,3.020847027296579,2.590620532644697,2.5857477417915735,11248,7405.0
2026-09-29T19:52:00-04:00,2.5805,2.61,2.5805,2.61,0,0,0,0,0,0,,,,,,,,,,,,,,,,,,,,,,,,,,,,,,,,,,,,,,,,,,,,1.1048729633499663,3.020842122781682,2.592466196202345,2.5905981934332587,2080,7292.95
2026-09-29T19:53:00-04:00,2.5999,2.5999,2.59,2.59,0,0,0,0,0,0,,,,,,,,,,,,,,,,,,,,,,,,,,,,,,,,,,,,,,,,,,,,1.1048729633499663,3.0208369969425486,2.5922313203735503,2.590478554746607,2139,7252.35
2026-09-29T19:54:00-04:00,2.59,2.61,2.59,2.59,0,0,0,0,0,0,,,,,,,,,,,,,,,,,,,,,,,,,,,,,,,,,,,,,,,,,,,,1.1048729633499663,3.020823303141038,2.5920188136713076,2.5903828437972853,5760,7479.2
2026-09-29T19:55:00-04:00,2.6,2.6,2.59,2.5998,0,0,0,0,0,0,,,,,,,,,,,,,,,,,,,,,,,,,,,,,,,,,,,,,,,,,,,,1.1048729633499663,3.0208165268242344,2.592759879035945,2.5922662750378285,2850,7449.35
2026-09-29T19:56:00-04:00,2.6,2.6,2.59,2.59,0,0,0,0,0,0,,,,,,,,,,,,,,,,,,,,,,,,,,,,,,,,,,,,,,,,,,,,1.1048729633499663,3.020769327505915,2.592497033413474,2.591813020030263,19702,8017.65
2026-09-29T19:57:00-04:00,2.59,2.599,2.58,2.59,0,0,0,0,0,0,,,,,,,,,,,,,,,,,,,,,,,,,,,,,,,,,,,,,,,,,,,,1.1048729633499663,3.0207466526374502,2.592259220707429,2.5914504160242102,9386,7890.65
2026-09-29T19:58:00-04:00,2.588,2.59,2.58,2.59,0,0,0,0,0,0,,,,,,,,,,,,,,,,,,,,,,,,,,,,,,,,,,,,,,,,,,,,1.1048729633499663,3.0207076023240145,2.592044056830531,2.591160332819368,16055,7790.7
2026-09-29T19:59:00-04:00,2.59,2.59,2.55,2.59,0,0,0,0,0,0,,,,,,,,,,,,,,,,,,,,,,,,,,,,,,,,,,,,,,,,,,,,1.3110755382690171,3.0206654455081745,2.591849384751433,2.5909282662554944,16945,8401.7
