time,open,high,low,close,Strong Reclaim Entry,EMA,VWAP,EMA.1,EMA.2,Volume,Volume MA,Histogram,MACD,Signal line
2026-07-13T04:00:00-04:00,4.82,4.82,4.82,4.82,0,5.3605127129683945,4.82,4.6847243639896945,4.671104542187455,114,627.65,0.0022434188208799,-0.0158846127020817,-0.0181280315229617
2026-07-13T04:01:00-04:00,4.82,4.82,4.82,4.82,0,5.3605127129683945,4.82,4.697607757895438,4.700883633749964,100,620.3,0.012086173604303,-0.0030203145175828,-0.0151064881218859
2026-07-13T04:02:00-04:00,4.82,4.82,4.82,4.82,0,5.3605127129683945,4.82,4.709264161905396,4.724706906999971,592,423.05,0.0177595673935454,0.0070929711200458,-0.0106665962734996
2026-07-13T04:09:00-04:00,4.7,4.7,4.7,4.7,0,5.3605127129683945,4.806754966887417,4.708381860771548,4.7197655255999775,100,423.05,0.0128236805037077,0.005363004356135,-0.0074606761475726
2026-07-13T04:39:00-04:00,4.75,4.75,4.75,4.75,0,5.3605127129683945,4.801113320079523,4.71234549307902,4.725812420479982,100,415.05,0.0123166244542489,0.0079351044202384,-0.0043815200340104
2026-07-13T07:00:00-04:00,4.68,4.68,4.68,4.68,0,5.3605127129683945,4.783079526226735,4.709264969928637,4.716649936383986,176,362.95,0.0069258627541625,0.0042758084086926,-0.0026500543454698
2026-07-13T07:01:00-04:00,4.68,4.68,4.68,4.68,0,5.3605127129683945,4.771265917602997,4.706477829935434,4.709319949107188,153,365.6,0.0032081326265557,0.0013601114377248,-0.0018480211888308
2026-07-13T08:10:00-04:00,4.75,4.75,4.75,4.75,0,5.3605127129683945,4.769783972125436,4.710622798513011,4.717455959285751,100,305.4,0.0051938403171596,0.0046442792076186,-0.0005495611095409
2026-07-13T08:15:00-04:00,4.3,4.3,4.3,4.3,0,5.3605127129683945,4.69080579710145,4.671515865321296,4.6339647674286,290,291.7,-0.0225467647379748,-0.0287330170320094,-0.0061862522940346
2026-07-13T08:50:00-04:00,5.45,8.24,5.43,7.595,0,5.3605127129683945,7.0653523038995045,4.949942925766886,5.22617181394288,178238,9146.25,0.1715835012631363,0.2082931242848857,0.0367096230217494
2026-07-13T08:51:00-04:00,7.54,7.678,6.09,6.62,0,5.3605127129683945,6.925090065450337,5.108995980455754,5.504937451154304,195538,18906.05,0.2217090035518349,0.3138458774615431,0.0921368739097081
2026-07-13T08:52:00-04:00,6.63,6.63,6.09,6.41,0,5.3605127129683945,6.789105376051207,5.232901125174254,5.685949960923443,123806,25091.35,0.2272626412773306,0.3762151755063714,0.1489525342290408
2026-07-13T08:53:00-04:00,6.55,6.58,5.91,5.98,0,5.3605127129683945,6.676763700168106,5.3040533989671825,5.744759968738754,107851,30475.85,0.1900305033587352,0.3864906634274598,0.1964601600687246
2026-07-13T08:54:00-04:00,5.93,7.72,5.9003,6.79,0,5.3605127129683945,6.711609766609995,5.4455721228750695,5.953807974991004,230410,41969.8,0.2066336255350548,0.4547521919875432,0.2481185664524883
2026-07-13T08:55:00-04:00,6.7273,7.0,6.55,6.55,0,5.3605127129683945,6.710050146504814,5.550755730220301,6.073046379992803,129977,48443.65,0.1886297758378965,0.483905786249859,0.2952760104119625
2026-07-13T08:56:00-04:00,6.56,6.8,6.25,6.46,0,5.3605127129683945,6.692410953279487,5.637350422580272,6.150437103994243,90263,52951.8,0.1590214623276109,0.4940528383214762,0.3350313759938652
2026-07-13T08:57:00-04:00,6.44,7.6,6.44,7.42,0,5.3605127129683945,6.812878282202306,5.807126572810722,6.404349683195394,374297,71660.65,0.1903379173638754,0.5729537726987095,0.3826158553348341
2026-07-13T08:58:00-04:00,7.43,8.89,7.2,8.75,0,5.3605127129683945,7.162366711703805,6.087400232543034,6.873479746556315,447825,94036.9,0.2813778936926826,0.7343382224506874,0.4529603287580047
2026-07-13T08:59:00-04:00,8.74,9.76,8.0,8.19,0,5.3605127129683945,7.500773843944096,6.2876478294436975,7.136783797245052,553574,121686.6,0.2838222483831857,0.8077381392369869,0.5239158908538012
2026-07-13T09:00:00-04:00,8.1,8.47,7.91,8.3,0,5.3605127129683945,7.558470630282351,6.479300417115726,7.369427037796042,210126,132181.5,0.2727193931436636,0.8648151322833808,0.5920957391397171
2026-07-13T09:01:00-04:00,8.29,9.09,8.1367,8.88,0,5.3605127129683945,7.724146379774439,6.7079384726285145,7.671541630236834,447798,154565.7,0.283080158523193,0.9459459372937083,0.6628657787705154
2026-07-13T09:02:00-04:00,8.91,9.14,8.64,8.97,0,5.3605127129683945,7.808773938499666,6.923372903806751,7.931233304189467,236142,166367.8,0.2744349248326061,1.0059094348112732,0.731474509978667
2026-07-13T09:03:00-04:00,9.0299,9.07,8.32,8.65,0,5.3605127129683945,7.860813063328958,7.0878135796346795,8.074986643351574,211385,176907.45,0.2275395616964785,1.0158989620992651,0.7883594004027866
2026-07-13T09:04:00-04:00,8.68,9.47,8.58,9.11,0,5.3605127129683945,7.979509024929417,7.280402762526615,8.281989314681258,391181,196461.5,0.2083872599686945,1.0488434753636549,0.8404562153949603
2026-07-13T09:05:00-04:00,9.1185,10.64,9.07,10.4,0,5.3605127129683945,8.272504264702244,7.577507261333604,8.705591451745006,652724,229092.7,0.2601214712142776,1.1656080544128071,0.9054865831985296
2026-07-13T09:06:00-04:00,10.4,10.6,9.68,10.26,0,5.3605127129683945,8.400109568058213,7.832982760254214,9.016473161396004,328558,245511.8,0.2617218539420566,1.2326389006261005,0.970917046684044
2026-07-13T09:07:00-04:00,10.26,10.93,10.15,10.5288,0,5.3605127129683945,8.56170843895523,8.089727259277621,9.318938529116805,401953,265601.8,0.2573075734240748,1.2925515134641374,1.0352439400400626
2026-07-13T09:08:00-04:00,10.5251,11.0,10.0,10.1125,0,5.3605127129683945,8.660481217246968,8.282372282203562,9.477650823293445,306847,280939.15,0.2050468848967614,1.2915525461610144,1.086505661264253
2026-07-13T09:09:00-04:00,10.0852,10.43,10.0,10.35,0,5.3605127129683945,8.696730147527619,8.479289207707986,9.652120658634756,130321,287440.7,0.1667932316940394,1.2949972008818025,1.1282039691877628
2026-07-13T09:10:00-04:00,10.35,10.45,10.0,10.2543,0,5.3605127129683945,8.736961081172254,8.64833785459294,9.772556526907804,154459,286251.75,0.1176800354855793,1.275304013544737,1.1576239780591575
2026-07-13T09:11:00-04:00,10.23,10.3,9.5,9.6409,0,5.3605127129683945,8.78360723727648,8.742867582726946,9.746225221526243,267416,289845.65,0.031028261842886,1.1964093053627654,1.1653810435198793
2026-07-13T09:12:00-04:00,9.61,9.78,9.3,9.65,0,5.3605127129683945,8.806253760609964,8.82926114627676,9.726980177220996,181440,292727.35,-0.0349537596914886,1.1216888439055186,1.1566426035970072
2026-07-13T09:13:00-04:00,9.6771,9.76,9.3,9.3784,0,5.3605127129683945,8.813809157421373,8.881560084726592,9.657264141776796,72118,290940.7,-0.1023554459899191,1.0286982961096085,1.1310537420995277
2026-07-13T09:14:00-04:00,9.39,9.64,9.25,9.58,0,5.3605127129683945,8.824287595066204,8.948078171895489,9.641811313421435,101146,284477.5,-0.136681835602908,0.9602014475958924,1.0968832831988005
2026-07-13T09:15:00-04:00,9.64,10.26,9.5296,10.1912,0,5.3605127129683945,8.868373207903192,9.066470726953062,9.75168905073715,255728,290765.05,-0.1220265833123099,0.9443500540584128,1.0663766373707229
2026-07-13T09:16:00-04:00,10.1647,10.26,9.87,9.9295,0,5.3605127129683945,8.89131527146603,9.14866399105277,9.78725124058972,137891,293146.45,-0.1328671548299975,0.9002926938332259,1.0331598486632234
2026-07-13T09:17:00-04:00,9.96,10.0,9.2622,9.5191,0,5.3605127129683945,8.906720540847687,9.183943610952506,9.733620992471776,155180,282190.6,-0.1683065895899451,0.822776611675792,0.9910832012657372
2026-07-13T09:18:00-04:00,9.48,9.6597,9.3612,9.65,0,5.3605127129683945,8.911354115239764,9.228329933718934,9.71689679397742,50784,262338.55,-0.1823782153528604,0.7631104320746616,0.945488647427522
2026-07-13T09:19:00-04:00,9.64,10.19,9.61,10.1,0,5.3605127129683945,8.928425142018733,9.311346130507609,9.793517435181936,117179,240518.8,-0.1615393611566131,0.7435644459817556,0.9051038071383688
2026-07-13T09:20:00-04:00,10.1198,12.0,10.056,11.91,0,5.3605127129683945,9.117450442526296,9.558836975221167,10.21681394814555,621114,261068.2,-0.0327514979497378,0.8641644347011965,0.8969159326509344
2026-07-13T09:21:00-04:00,11.81,11.99,11.5,11.5996,0,5.3605127129683945,9.212875400444414,9.753195358533436,10.49337115851644,302182,253787.4,0.0217011131138091,0.924042324043196,0.9023412109293868
2026-07-13T09:22:00-04:00,11.6,12.35,11.3,12.2838,0,5.3605127129683945,9.302170943738217,9.994205324387396,10.851456926813151,272555,255608.05,0.0901309196030176,1.0150048604331587,0.9248739408301412
2026-07-13T09:23:00-04:00,12.25,12.7,11.94,12.54,0,5.3605127129683945,9.426151419650388,10.236661960160024,11.189165541450524,352645,262671.05,0.1362147711593533,1.0951424047793328,0.9589276336199796
2026-07-13T09:24:00-04:00,12.545,12.7,11.65,11.92,0,5.3605127129683945,9.499326564239007,10.396979868716212,11.33533243316042,248346,255529.3,0.1096493213743892,1.095989285337966,0.9863399639635768
2026-07-13T09:25:00-04:00,11.9,11.99,11.56,11.8203,0,5.3605127129683945,9.527920827738033,10.532534166933717,11.432325946528335,114276,228606.9,0.0718957192357447,1.076209613008258,1.0043138937725131
2026-07-13T09:26:00-04:00,11.8968,12.15,11.61,11.99,0,5.3605127129683945,9.560137205160787,10.671340436749553,11.543860757222667,125159,218436.95,0.0461373199066517,1.061985543655828,1.0158482237491762
2026-07-13T09:27:00-04:00,12.065,12.25,11.86,12.02,0,5.3605127129683945,9.588003143874348,10.799784204678163,11.639088605778134,105322,203605.4,0.0202270952494441,1.0411320928109813,1.0209049975615372
2026-07-13T09:28:00-04:00,12.0,12.2,11.75,12.01,0,5.3605127129683945,9.600319474027708,10.915042851851672,11.713270884622508,48440,190685.05,-0.0070188419852357,1.0121314450799923,1.0191502870652285
2026-07-13T09:29:00-04:00,11.99,12.32,11.9,12.2,0,5.3605127129683945,9.622441303324695,11.037419723103897,11.810616707698006,82896,188313.8,-0.0208941708106209,0.993032573551952,1.013926744362573
2026-07-13T09:30:00-04:00,12.24,13.55,11.57,11.57,0,5.3605127129683945,9.867519250364577,11.088141654236855,11.762493366158406,987251,229953.4,-0.0779445559406184,0.9164960494368,0.9944406053774184
2026-07-13T09:31:00-04:00,11.57,11.57,11.57,11.57,0,5.3605127129683945,9.8705537718019,11.134032925261918,11.723994692926723,18756,217520.4,-0.1186827748480254,0.8460871368173866,0.964769911665412
2026-07-13T09:36:00-04:00,11.45,12.79,11.07,12.499,0,5.3605127129683945,9.981413980362095,11.264029789522688,11.87899575434138,545568,235726.8,-0.0875041674969011,0.8553897022942856,0.9428938697911868
2026-07-13T09:37:00-04:00,12.421,12.79,11.6301,12.64,0,5.3605127129683945,10.065446604349308,11.395074571472907,12.031196603473104,406529,252447.35,-0.062972800215252,0.8641778695221216,0.9271506697373736
2026-07-13T09:38:00-04:00,12.61,13.13,12.0,12.135,0,5.3605127129683945,10.147689077121006,11.46554365990406,12.051957282778485,415011,268140.6,-0.084976452116211,0.8209301045921098,0.9059065567083208
2026-07-13T09:39:00-04:00,12.1001,12.45,11.74,11.98,0,5.3605127129683945,10.181757589815746,11.51453950181796,12.037565826222789,216049,266156.65,-0.1124640238562084,0.7653265268880602,0.8777905507442687
2026-07-13T09:40:00-04:00,12.0,13.16,11.95,12.9599,0,5.3605127129683945,10.24727337672331,11.6521928825972,12.222032660978227,324696,275496.9,-0.0692648714522972,0.7912094614288971,0.8604743328811943
2026-07-13T09:41:00-04:00,12.97,13.56,12.9,13.56,0,5.3605127129683945,10.359994186610924,11.833888798540324,12.489626128782584,470199,291247.85,-0.0081053008016892,0.8503427068790828,0.858448007680772
2026-07-13T09:46:00-04:00,14.0,14.44,12.6,12.6,0,5.3605127129683945,10.44479520258339,11.906851770107911,12.511700903026068,395157,308466.5,-0.0384380374019566,0.8104004609283262,0.8488384983302828
2026-07-13T09:47:00-04:00,12.6,12.6,12.6,12.6,0,5.3605127129683945,10.447577027953054,11.972865887240491,12.529360722420854,17184,303466.75,-0.0631737221840639,0.7698713456002029,0.8330450677842668
2026-07-13T09:52:00-04:00,12.18,12.32,10.96,11.34,0,5.3605127129683945,10.491719302637833,11.91259294559854,12.291488577936684,560609,300441.5,-0.1633708685680697,0.6288314820741796,0.7922023506422493
2026-07-13T09:53:00-04:00,11.315,11.6,10.46,10.78,0,5.3605127129683945,10.50362636147025,11.804726950779632,11.989190862349346,372870,303975.9,-0.260568577242954,0.4664916290885568,0.7270602063315108
2026-07-13T09:54:00-04:00,10.8154,11.1499,10.51,10.9122,0,5.3605127129683945,10.508297234733003,11.719724384038717,11.773792689879476,190634,299879.85,-0.3060225565804607,0.3445320106059348,0.6505545671863956
2026-07-13T09:55:00-04:00,10.92,11.2,10.65,10.87,0,5.3605127129683945,10.511730884938794,11.638798252225504,11.59303415190358,125521,288523.65,-0.3270941093672636,0.2416869304773161,0.5687810398445797
2026-07-13T09:56:00-04:00,10.96,11.3799,10.06,10.06,0,5.3605127129683945,10.511488007058674,11.488436513918312,11.286427321522863,306995,291456.1,-0.380032312581627,0.0937406491175458,0.4737729616991729
2026-07-13T10:01:00-04:00,10.28,10.525,10.06,10.4701,0,5.3605127129683945,10.5108556697046,11.39145208402133,11.123161857218292,59079,288696.25,-0.3714387046987076,0.0094745808257883,0.380913285524496
2026-07-13T10:02:00-04:00,10.525,10.97,10.2,10.8677,0,5.3605127129683945,10.513797732473854,11.341570933162156,11.072069485774634,265492,295712.9,-0.3246797776701597,-0.0249364365632036,0.299743341106956
2026-07-13T10:03:00-04:00,10.89,10.94,10.52,10.5303,0,5.3605127129683945,10.514757290060215,11.26430703476576,10.963715588619706,98065,295350.05,-0.3026167202232391,-0.0785275591720928,0.2240891610511462
2026-07-13T10:04:00-04:00,10.5,10.62,10.12,10.53,0,5.3605127129683945,10.513608426208505,11.194373031454736,10.876972470895764,194616,302658.85,-0.2749864781290322,-0.119643936610144,0.1553425415188882
2026-07-13T10:05:00-04:00,10.44,11.26,10.44,10.88,0,5.3605127129683945,10.51898880396063,11.16443274274476,10.877577976716612,244351,310731.6,-0.2223331780565563,-0.1225739310518072,0.0997592470047491
2026-07-13T10:06:00-04:00,10.96,11.48,10.72,11.2699,0,5.3605127129683945,10.530267097283378,11.174477243435735,10.95604238137329,283259,275532.0,-0.1537030159432513,-0.0923695229243151,0.0613334930189362
2026-07-13T10:07:00-04:00,11.27,11.6,10.65,10.89,0,5.3605127129683945,10.538980221774398,11.147384172632332,10.942833905098633,274851,288336.75,-0.127433090072531,-0.0979578695717275,0.0294752205008034
2026-07-13T10:08:00-04:00,10.83,11.06,10.6,10.665,0,5.3605127129683945,10.540402162401602,11.101442822857823,10.887267124078909,98734,265995.05,-0.1189150506329585,-0.1191685927903947,-0.0002535421574361
2026-07-13T10:09:00-04:00,10.6,11.15,10.55,10.79,0,5.3605127129683945,10.541957735257917,11.07178160163327,10.867813699263126,88505,250093.85,-0.0993628656094358,-0.1244571241692309,-0.0250942585597951
2026-07-13T10:10:00-04:00,10.8,11.0,10.57,10.88,0,5.3605127129683945,10.543768653048788,11.053516687192008,10.8702509594105,109338,234810.2,-0.0759267999120581,-0.1200027584498677,-0.0440759585378096
2026-07-13T10:11:00-04:00,10.89,11.33,10.89,11.11,0,5.3605127129683945,10.547976543498232,11.058896050316577,10.9182007675284,124181,230216.8,-0.0421774248718128,-0.0967977396275756,-0.0546203147557628
2026-07-13T10:12:00-04:00,11.1,11.2595,10.7901,10.98,0,5.3605127129683945,10.550701886520743,11.051382140762616,10.93056061402272,99183,218941.15,-0.0266112934367312,-0.0878844315516769,-0.0612731381149456
2026-07-13T10:13:00-04:00,11.01,11.48,10.62,11.37,0,5.3605127129683945,10.55843591369472,11.081726698785223,11.018448491218177,217316,206297.0,0.0099877685488014,-0.0487884274289438,-0.0587761959777452
2026-07-13T10:14:00-04:00,11.32,12.16,11.28,11.74,0,5.3605127129683945,10.580184170757732,11.144419394139012,11.16275879297454,322991,202688.7,0.0565521632002196,0.0119140080225292,-0.0446381551776903
2026-07-13T10:15:00-04:00,11.71,12.25,11.5101,11.73,0,5.3605127129683945,10.599221531754736,11.200188975649583,11.276207034379633,268355,215247.25,0.0825420467244272,0.0585394032278436,-0.0240026434965835
2026-07-13T10:16:00-04:00,11.76,12.4999,11.65,12.0396,0,5.3605127129683945,10.61802882352093,11.280132882730577,11.428885627503709,229286,198681.1,0.1144817879631319,0.1190995914573314,0.0046178034941994
2026-07-13T10:17:00-04:00,12.03,12.85,11.7,12.5813,0,5.3605127129683945,10.655471735006792,11.404053560565758,11.659368502002966,388156,199445.4,0.1630276033557587,0.2084023076888979,0.0453747043331391
2026-07-13T10:18:00-04:00,12.62,13.24,12.19,13.24,0,5.3605127129683945,10.70204666644974,11.578905602416638,11.975494801602371,388181,209322.75,0.2265320262354329,0.3285397371274303,0.1020077108919973
2026-07-13T10:19:00-04:00,13.24,13.24,13.24,13.24,0,5.3605127129683945,10.70310181262275,11.737105068853149,12.228395841281898,7746,203434.0,0.2535302002409657,0.4189204611932045,0.1653902609522388
2026-07-13T10:24:00-04:00,13.5,14.85,13.33,14.85,0,5.3605127129683945,10.765143643927235,12.033571252771896,12.75271667302552,323050,204236.75,0.3584002679382202,0.6133905958750141,0.2549903279367939
2026-07-13T10:29:00-04:00,14.85,15.76,14.31,14.885,0,5.3605127129683945,10.831285052443944,12.30513589536505,13.179173338420416,301822,216373.9,0.4052517805135335,0.7615550535787108,0.3563032730651773
2026-07-13T10:30:00-04:00,14.8638,17.15,14.61,16.83,0,5.3605127129683945,10.961544341302798,12.736075333901711,13.909338670736332,479134,227056.0,0.5342504401468993,1.0241163232488013,0.4898658831019021
2026-07-13T10:31:00-04:00,16.81,17.42,16.5,16.83,0,5.3605127129683945,11.084355853707894,13.125972921149168,14.493470936589066,415573,242931.4,0.5826319962571878,1.2181558784233868,0.635523882166199
2026-07-13T10:32:00-04:00,16.82,17.8,16.08,17.576,0,5.3605127129683945,11.18715802655582,13.549785023896863,15.109976749271253,347298,250565.5,0.6242281136081841,1.4158090241764292,0.7915809105682451
2026-07-13T10:33:00-04:00,17.57,17.75,16.25,16.7999,0,5.3605127129683945,11.261015529745736,13.859319783525734,15.447961399417002,266905,251693.2,0.5608311039586407,1.492619790516546,0.9317886865579053
2026-07-13T10:34:00-04:00,16.8,17.28,16.35,16.73,0,5.3605127129683945,11.300454634392032,14.132717899380426,15.704369119533602,149277,244994.1,0.4787395990221039,1.5302131853355352,1.0514735863134312
2026-07-13T10:35:00-04:00,16.7299,16.99,15.22,15.9801,0,5.3605127129683945,11.367049122729105,14.308659051820383,15.759515295626882,296572,246080.15,0.344746963169547,1.4824072902753649,1.137660327105818
2026-07-13T10:36:00-04:00,15.9809,16.24,15.1,15.51,0,5.3605127129683945,11.400488484629356,14.42307247545654,15.709612236501505,168230,249554.95,0.2023182536065253,1.3905581441139745,1.1882398905074492
2026-07-13T10:37:00-04:00,15.56,16.79,15.31,16.4201,0,5.3605127129683945,11.45495721230336,14.613265573032107,15.851709789201204,246801,257469.75,0.1496883401596629,1.3753503157070277,1.2256619755473648
2026-07-13T10:38:00-04:00,16.523,17.18,16.23,16.64,0,5.3605127129683945,11.521762283139113,14.806287899410002,16.00936783136096,279903,265998.0,0.1117133978833107,1.365303722901503,1.2535903250181923
2026-07-13T10:39:00-04:00,16.61,18.05,16.5,17.84,0,5.3605127129683945,11.638596077247383,15.095212861370952,16.37549426508877,439397,281758.8,0.147207691724029,1.4375999396732286,1.2903922479491996
2026-07-13T10:40:00-04:00,17.86,18.26,17.21,17.95,0,5.3605127129683945,11.710185931700542,15.367097350764196,16.690395412071016,262399,289919.6,0.1569936402248799,1.4866342982302996,1.3296406580054196
2026-07-13T10:41:00-04:00,17.93,18.56,17.5,17.5117,0,5.3605127129683945,11.792163232373047,15.571345222119987,16.854656329656812,305575,294332.55,0.1148040549953413,1.4731457267495962,1.358341671754255
2026-07-13T10:42:00-04:00,17.61,18.9799,17.231,18.9383,0,5.3605127129683945,11.907217793038892,15.892007581918085,17.27138506372545,407097,298537.85,0.1610007595194831,1.5595926211536089,1.3985918616341255
2026-07-13T10:43:00-04:00,18.905,19.4,18.25,18.71,0,5.3605127129683945,11.99866068346599,16.1603878122116,17.55910805098036,314157,300827.95,0.1541957653967556,1.5913365683800702,1.4371408029833146
2026-07-13T10:44:00-04:00,18.68,19.24,18.59,18.9856,0,5.3605127129683945,12.052555210627256,16.42945563962002,17.844406440784287,184982,298612.75,0.1463333398701267,1.620057477820973,1.4737241379508463
2026-07-13T10:45:00-04:00,18.98,19.15,18.13,18.7201,0,5.3605127129683945,12.103968055586448,16.647612245370492,18.01954515262743,186605,288535.2,0.1033550369900351,1.6029179341883903,1.4995628971983552
2026-07-13T10:46:00-04:00,18.765,18.9,18.3,18.545,0,5.3605127129683945,12.13559251224119,16.828315841049495,18.124636122101943,117775,275014.9,0.0461533259208895,1.5572545545994672,1.5111012286785777
2026-07-13T10:47:00-04:00,18.58,18.75,16.78,16.78,0,5.3605127129683945,12.19981514722258,16.823714332378113,17.855708897681556,295848,289420.0,-0.1185336301016983,1.3629341910514547,1.4814678211531531
2026-07-13T10:48:00-04:00,16.92,17.28,16.61,16.61,0,5.3605127129683945,12.215398359259703,16.80336058643734,17.606567118145243,82405,277387.75,-0.2398977570498148,1.1815956248408843,1.4214933818906994
2026-07-13T10:53:00-04:00,16.6,17.6587,16.31,17.418,0,5.3605127129683945,12.249218500310706,16.861897673443305,17.568853694516193,169821,270787.7,-0.2647854152290683,1.090511612854364,1.3552970280834322
2026-07-13T10:54:00-04:00,17.46,19.19,17.3016,19.19,0,5.3605127129683945,12.327823362208072,17.083621704543944,17.893082955612954,311157,262388.85,-0.1657751122350172,1.1480781377896605,1.3138532500246778
2026-07-13T10:55:00-04:00,19.19,19.19,19.19,19.19,0,5.3605127129683945,12.329727947435066,17.284229161254046,18.15246636449036,6936,241957.0,-0.1070053164408957,1.180096604473558,1.287101920914454
2026-07-13T11:00:00-04:00,19.19,21.48,18.6,21.48,0,5.3605127129683945,12.470717509793282,17.683826383991757,18.81797309159229,437724,246478.3,0.0698480361240385,1.374411966069502,1.3045639299454634
2026-07-13T11:05:00-04:00,21.87,22.73,21.68,22.5492,0,5.3605127129683945,12.492475626470409,18.147195299802068,19.564218473273833,56299,235948.0,0.2333751276447737,1.5962828395014306,1.3629077118566568
2026-07-13T11:06:00-04:00,22.72,25.39,21.8001,25.39,0,5.3605127129683945,12.671110742397373,18.836986223630444,20.729374778619068,395095,248238.9,0.4925046806588939,1.9785385626802745,1.4860338820213803
2026-07-13T11:16:00-04:00,26.54,29.025,26.0,28.19,0,5.3605127129683945,12.756311788543991,19.727749440427544,22.221499822895257,147173,240768.95,0.7942457265748921,2.4788410402399954,1.6845953136651033
2026-07-13T11:17:00-04:00,28.093163,29.19,23.65,24.3256,0,5.3605127129683945,12.987329783478335,20.165639969910636,22.642319858316203,472149,255964.9,0.6797603810729322,2.5342957900062686,1.8545354089333363
2026-07-13T11:18:00-04:00,24.11,25.0,23.22,24.2517,0,5.3605127129683945,13.06861671526566,20.55478854420486,22.964195886652963,194253,253337.5,0.5507454513556702,2.542967223127924,1.992221771772254
2026-07-13T11:19:00-04:00,24.2622,25.51,22.73,23.08,0,5.3605127129683945,13.172404222575546,20.795284873328207,22.98735670932237,261335,252409.1,0.3480725439128975,2.4273124516633757,2.079239907750478
2026-07-13T11:20:00-04:00,22.76,24.25,22.58,23.68,0,5.3605127129683945,13.22584250965617,21.07001964729695,23.125885367457897,140150,237446.75,0.2221291189835272,2.3569013064798874,2.13477218749636
2026-07-13T11:21:00-04:00,23.8,24.88,22.64,23.1159,0,5.3605127129683945,13.289318895513343,21.26486539517343,23.123888293966317,167693,232711.45,0.0760839899984913,2.229877174994474,2.153793184995983
2026-07-13T11:22:00-04:00,23.15,24.0,21.5,22.1043,0,5.3605127129683945,13.344608602988254,21.344811548014057,22.919970635173055,164014,225633.4,-0.1036363860261984,2.024247702463235,2.1278840884894334
2026-07-13T11:23:00-04:00,22.05,22.84,21.55,22.425,0,5.3605127129683945,13.389032569839763,21.447686638679382,22.820976508138443,137164,212136.75,-0.2097820336208307,1.865656546463395,2.0754385800842257
2026-07-13T11:24:00-04:00,22.49,24.89,22.38,23.88,0,5.3605127129683945,13.479898644798158,21.67933553023373,23.032781206510755,244664,208662.1,-0.1913816248130428,1.8362115490679225,2.027593173880965
2026-07-13T11:25:00-04:00,23.66,24.3,22.99,23.17,0,5.3605127129683945,13.51616010283267,21.821303574973378,23.060224965208604,101134,204469.7,-0.2336117852749928,1.735578442287224,1.9691902275622168
2026-07-13T11:26:00-04:00,23.21,24.61,22.73,24.23,0,5.3605127129683945,13.579622082439492,22.05070323449972,23.294179972166884,172342,203756.55,-0.1981405236817419,1.7215145729600394,1.9196550966417816
2026-07-13T11:27:00-04:00,24.1,25.5,23.2,23.84,0,5.3605127129683945,13.65815791890264,22.22111245026165,23.403343977733503,209602,208347.9,-0.207910988419617,1.65976636111726,1.867677349536877
2026-07-13T11:28:00-04:00,23.75,25.6,23.59,25.23,0,5.3605127129683945,13.725413835559632,22.50767316928435,23.768675182186804,171708,202140.9,-0.1314565940433487,1.703356606982691,1.83481320102604
2026-07-13T11:29:00-04:00,25.23,25.85,23.8,24.34,0,5.3605127129683945,13.796845886749846,22.68218048649536,23.882940145749444,187103,207375.8,-0.1501706514510594,1.6470998867122155,1.797270538163275
2026-07-13T11:30:00-04:00,24.29,24.4,21.81,22.44,0,5.3605127129683945,13.844499875808264,22.65911567825771,23.594352116599556,151046,206437.05,-0.2916670000696342,1.4326867880762322,1.7243537881458664
2026-07-13T11:31:00-04:00,22.29,23.25,22.29,23.0601,0,5.3605127129683945,13.87014675179056,22.697304661280786,23.487501693279643,82104,194984.4,-0.3412117750464778,1.297839069337769,1.6390508443842469
2026-07-13T11:32:00-04:00,23.125,23.64,21.58,21.685,0,5.3605127129683945,13.896605394624636,22.600894693539757,23.127001354623715,90922,199183.7,-0.457077178283171,1.067704371530283,1.524781549813454
2026-07-13T11:33:00-04:00,21.62,21.8999,21.11,21.39,0,5.3605127129683945,13.927604121896536,22.485571389393115,22.77960108369897,119134,183254.2,-0.5384659805369181,0.8516990741423065,1.3901650546792246
2026-07-13T11:34:00-04:00,21.445,21.74,20.29,20.99,0,5.3605127129683945,13.964974178633868,22.34313601897472,22.421680866959175,154396,188159.05,-0.5994525635252914,0.6408493502726103,1.2403019137979017
2026-07-13T11:35:00-04:00,20.87,22.15,20.67,21.99,0,5.3605127129683945,14.002605089248854,22.309504017167605,22.33534469356734,144803,175644.45,-0.5537434102852059,0.5481226509413943,1.1018660612266002
2026-07-13T11:36:00-04:00,21.99,22.31,21.35,21.615,0,5.3605127129683945,14.02948411700782,22.243360777437356,22.191275754853873,102219,173396.75,-0.5300427804671374,0.4393125856426785,0.969355366109816
2026-07-13T11:37:00-04:00,21.69,21.73,20.0,20.635,0,5.3605127129683945,14.056157430248078,22.09018356053856,21.8800206038831,116859,155632.25,-0.5587807048289075,0.2708794850736815,0.829660189902589
2026-07-13T11:38:00-04:00,20.55,21.6,20.3501,21.54,0,5.3605127129683945,14.078356607613008,22.037785126201552,21.81201648310648,92780,150558.6,-0.4973097390124584,0.208023016137016,0.7053327551494745
2026-07-13T11:39:00-04:00,21.5,21.576,20.5,20.83,0,5.3605127129683945,14.092384826641924,21.922757971325215,21.615613186485184,60599,140521.8,-0.4844520556478732,0.099767685589633,0.5842197412375062
2026-07-13T11:40:00-04:00,20.75,22.93,20.4375,22.1307,0,5.3605127129683945,14.14500642530994,21.942561974056147,21.71863054918815,203736,143701.1,-0.3733159160690392,0.1175748461512071,0.4908907622202464
2026-07-13T11:41:00-04:00,22.43,23.23,21.9208,22.5,0,5.3605127129683945,14.187423056016424,21.995651309860325,21.87490443935052,152001,142916.5,-0.2649955937787013,0.1596462699968697,0.424641863775571
2026-07-13T11:42:00-04:00,22.48,23.47,21.57,21.85,0,5.3605127129683945,14.236134757517382,21.981779756540295,21.869923551480415,182025,143817.05,-0.2285638676666775,0.138937029192224,0.3675008968589016
2026-07-13T11:43:00-04:00,21.91,22.16,21.345,21.68,0,5.3605127129683945,14.249805525483728,21.95303882734598,21.831938841184332,55393,139728.5,-0.2079469102884318,0.1075672589983618,0.3155141692867936
2026-07-13T11:44:00-04:00,21.62,22.2,21.35,21.9163,0,5.3605127129683945,14.268495540791898,21.949539891408268,21.848811072947463,75115,131251.05,-0.1719200486622134,0.1006141084590268,0.2725341571212403
2026-07-13T11:45:00-04:00,21.8898,22.8,21.8,22.51,0,5.3605127129683945,14.287512887569571,22.00291704460748,21.981048858357973,71606,129774.65,-0.1049228715956456,0.1413805676266832,0.2463034392223289
2026-07-13T11:46:00-04:00,22.575,22.6399,21.75,21.77,0,5.3605127129683945,14.29757525321449,21.980734468930574,21.93883908668638,39577,123136.4,-0.1069006813207366,0.1126775875714081,0.2195782688921447
2026-07-13T11:47:00-04:00,21.75,21.82,20.9,21.34,0,5.3605127129683945,14.316612815273572,21.919712138556235,21.819071269349102,82636,116788.1,-0.1319798723853313,0.0546034284104806,0.1865833007958119
2026-07-13T11:48:00-04:00,21.35,21.6,20.9,21.27,0,5.3605127129683945,14.32784352260463,21.85783479202707,21.70925701547928,49642,110684.8,-0.1469487012880861,0.0028974241857042,0.1498461254737904
2026-07-13T11:49:00-04:00,21.27,21.4799,20.55,20.745,0,5.3605127129683945,14.337489240363846,21.751850526119732,21.516405612383423,44918,103575.55,-0.1834979715343029,-0.0795263389440883,0.1039716325902146
2026-07-13T11:50:00-04:00,20.6599,21.2599,20.52,20.83,0,5.3605127129683945,14.345022328685664,21.664055237917857,21.37912448990674,35468,97796.65,-0.1923104672671386,-0.1364164514937087,0.0558940157734299
2026-07-13T11:51:00-04:00,20.875,21.0,20.5,20.64,0,5.3605127129683945,14.352192586339909,21.566526167639964,21.231299591925392,34669,95424.9,-0.2003876675918781,-0.1945905687164177,0.0057970988754604
2026-07-13T11:52:00-04:00,20.66,21.16,20.55,20.74,0,5.3605127129683945,14.362464099872009,21.48780938976949,21.133039673540313,49003,93328.95,-0.1886167322760757,-0.2299738164696343,-0.0413570841935585
2026-07-13T11:53:00-04:00,20.59,20.9,19.31,19.77,0,5.3605127129683945,14.386681207639352,21.32420849550573,20.86043173883225,133211,94032.8,-0.2328774265416725,-0.3324538673706492,-0.0995764408289766
2026-07-13T11:54:00-04:00,19.71,20.23,19.13,19.895,0,5.3605127129683945,14.398454271041556,21.18809340069566,20.6673453910658,68119,89718.95,-0.2395263253434159,-0.3989843475082466,-0.1594580221648306
2026-07-13T11:55:00-04:00,20.0,20.7,19.95,20.0533,0,5.3605127129683945,14.411834953322716,21.080017838724643,20.54453631285264,71336,86045.6,-0.219581275996228,-0.4339346171601157,-0.2143533411638876
2026-07-13T11:56:00-04:00,20.21,20.88,20.0,20.64,0,5.3605127129683945,14.422933751590108,21.038111377893724,20.563629050282113,56761,83772.7,-0.1561732502798873,-0.4095699040137468,-0.2533966537338595
2026-07-13T11:57:00-04:00,20.8,21.74,20.3001,21.6999,0,5.3605127129683945,14.445310200590557,21.10113886571337,20.79088324022569,102549,83057.2,-0.0382929575314726,-0.3012628506482002,-0.2629698931167276
2026-07-13T11:58:00-04:00,21.405,21.5,20.75,20.975,0,5.3605127129683945,14.456331199676724,21.089125640407335,20.82770659218055,52073,81021.85,-0.0062644718300344,-0.2708004829042707,-0.2645360110742362
2026-07-13T11:59:00-04:00,20.8825,22.85,20.6,22.57,0,5.3605127129683945,14.490103310048212,21.230161293701876,21.17616527374444,140742,85029.0,0.1183396545842853,-0.1166114428438795,-0.2349510974281649
2026-07-13T12:00:00-04:00,22.4901,23.49,22.25,22.395,0,5.3605127129683945,14.527688139487948,21.341098313349317,21.41993221899555,144504,82067.4,0.181209459936337,-0.0084392725077435,-0.1896487324440806
2026-07-13T12:01:00-04:00,22.4898,23.0,21.65,22.25,0,5.3605127129683945,14.547887171108586,21.42766037874462,21.585945775196443,82363,78585.5,0.2035911666555478,0.0648402258753542,-0.1387509407801936
2026-07-13T12:02:00-04:00,22.47,22.95,21.72,22.1,0,5.3605127129683945,14.574439106565269,21.491692723626084,21.688756620157154,109537,74961.1,0.1986393177161222,0.1095482063649591,-0.0890911113511631
2026-07-13T12:03:00-04:00,22.45,22.45,21.9,22.3999,0,5.3605127129683945,14.582595259850963,21.578188654709315,21.83098529612572,33829,73882.9,0.2050737374986656,0.1672510605221688,-0.0378226769764967
2026-07-13T12:04:00-04:00,22.215,22.89,22.0001,22.6386,0,5.3605127129683945,14.60052750239812,21.679180211403665,21.992508236900576,72181,73736.2,0.2139345014545315,0.2295954498416677,0.0156609483871361
2026-07-13T12:05:00-04:00,22.64,24.32,22.5401,23.335,0,5.3605127129683945,14.670582104008371,21.836877334127127,22.261006589520463,256111,82961.45,0.2525732997698841,0.3313775730994912,0.0788042733296071
2026-07-13T12:06:00-04:00,23.33,23.6099,21.2401,22.0,0,5.3605127129683945,14.70770088860805,21.85241282611502,22.20880527161637,157595,88862.35,0.177636015550387,0.300849292767591,0.1232132772172039
2026-07-13T12:07:00-04:00,22.05,22.86,21.8,22.24,0,5.3605127129683945,14.719632175901914,21.889325890294543,22.215044217293094,50873,87274.2,0.1355477315004973,0.2926479415928256,0.1571002100923282
2026-07-13T12:08:00-04:00,22.28,22.4,22.0,22.14,0,5.3605127129683945,14.726009872704775,21.913199615028397,22.20003537383447,27698,86177.0,0.094247955366935,0.2749101543009971,0.180662198934062
2026-07-13T12:09:00-04:00,22.165,22.5,21.36,21.59,0,5.3605127129683945,14.738556703039254,21.88241869931141,22.07802829906758,57433,86802.75,0.0266746443563249,0.2140055043794682,0.1873308600231432
2026-07-13T12:10:00-04:00,21.61,22.3,21.61,21.951,0,5.3605127129683945,14.74350447652994,21.88895025175794,22.052622639254064,22273,86143.0,0.0042529901381913,0.1926470976958825,0.1883941075576911
2026-07-13T12:11:00-04:00,21.96,22.03,20.84,21.8899,0,5.3605127129683945,14.76290857914609,21.88904070397147,22.02007811140325,92360,89027.55,-0.015640229493479,0.1688438206908422,0.1844840501843213
2026-07-13T12:12:00-04:00,21.78,21.9,21.3,21.7463,0,5.3605127129683945,14.766827467032906,21.875446351212283,21.9653224891226,18548,87504.8,-0.0381351498834429,0.1368151128300176,0.1749502627134606
2026-07-13T12:13:00-04:00,21.7399,22.56,21.7124,22.115,0,5.3605127129683945,14.781764288719566,21.89826098443016,21.99525799129808,66255,84157.0,-0.0283008381131295,0.1395742150720487,0.1678750531851782
2026-07-13T12:14:00-04:00,22.08,22.18,21.66,21.96,0,5.3605127129683945,14.78943279985472,21.904140890674903,21.988206393038467,35055,82503.8,-0.0320755280260703,0.1277806431525903,0.1598561711786606
2026-07-13T12:15:00-04:00,21.86,22.3,21.76,21.89,0,5.3605127129683945,14.796595157086449,21.90279413918206,21.968565114430778,32581,80566.05,-0.0386845930201961,0.1115004299034154,0.1501850229236116
2026-07-13T12:16:00-04:00,21.89,22.66,21.89,22.175,0,5.3605127129683945,14.81239087318392,21.928718506879008,22.00985209154462,69577,81206.85,-0.023980290628435,0.1202096596380677,0.1441899502665028
2026-07-13T12:17:00-04:00,22.3469,23.8499,22.18,23.0001,0,5.3605127129683945,14.86138903919942,22.030754839557197,22.207901673235696,197193,85939.05,0.0378345698641495,0.1914831625966897,0.1536485927325402
2026-07-13T12:18:00-04:00,23.1,23.36,22.29,22.615,0,5.3605127129683945,14.878889142720238,22.08639723578985,22.289321338588557,73304,87000.6,0.0486186089699179,0.2144218539449376,0.1658032449750197
2026-07-13T12:19:00-04:00,22.6889,22.73,20.22,21.045,0,5.3605127129683945,14.909120090174866,21.987216546667003,22.040457070870847,155635,87745.25,-0.0488761607899046,0.1047080439876388,0.1535842047775435
2026-07-13T12:20:00-04:00,21.1999,21.45,20.79,21.21,0,5.3605127129683945,14.916152923866951,21.913195923174907,21.87436565669668,37478,82393.95,-0.0982921079235628,0.0307190698730899,0.1290111777966528
2026-07-13T12:21:00-04:00,21.235,21.4,20.74,21.0,0,5.3605127129683945,14.9308671759021,21.826224882872538,21.699492525357343,80016,82276.6,-0.1386903112072137,-0.0443517112123643,0.0943385999948493
2026-07-13T12:22:00-04:00,20.9999,20.9999,20.1801,20.65,0,5.3605127129683945,14.942160965840944,21.7142034654561,21.489594020285875,66429,80121.2,-0.1799369964384769,-0.1305826455532468,0.0493543508852301
2026-07-13T12:23:00-04:00,20.635,21.0,20.5056,20.5056,0,5.3605127129683945,14.948127840102968,21.5990983735079,21.2927952162287,34832,80171.35,-0.2060222498266332,-0.2081734613980614,-0.0021512115714281
2026-07-13T12:24:00-04:00,20.65,21.2,20.65,21.0424,0,5.3605127129683945,14.953079564879085,21.546079480792866,21.24271617298296,27546,77939.6,-0.1772950204008667,-0.2237699870725116,-0.0464749666716448
2026-07-13T12:25:00-04:00,21.09,21.19,20.51,20.7,0,5.3605127129683945,14.957099837990144,21.46550048262211,21.134172938386367,23027,66285.4,-0.1714227162914831,-0.2607533620359987,-0.0893306457445156
2026-07-13T12:26:00-04:00,20.6,20.85,20.6,20.77,0,5.3605127129683945,14.958361147413225,21.399262341420005,21.061338350709093,7306,58770.95,-0.1534741608777795,-0.2811733468417401,-0.1276991859639605
2026-07-13T12:27:00-04:00,20.7351,21.3,20.66,20.9999,0,5.3605127129683945,14.962868249123996,21.36122783271334,21.049050680567273,25063,57480.45,-0.1183430949340432,-0.2756280546315146,-0.1572849596974713
2026-07-13T12:28:00-04:00,20.85,20.93,20.6,20.745,0,5.3605127129683945,14.96563604119828,21.302539467693023,20.98824054445382,16017,56896.4,-0.1049530683658383,-0.2884762951547692,-0.1835232267889309
2026-07-13T12:29:00-04:00,20.81,21.7489,20.6,21.0001,0,5.3605127129683945,14.976923629794058,21.27373570886512,20.990612435563055,61661,57107.8,-0.0731056135833291,-0.2749052437680923,-0.2017996301847632
2026-07-13T12:30:00-04:00,21.21,21.3199,20.71,21.26,0,5.3605127129683945,14.980701539952308,21.27242754611606,21.044489948450444,20755,57031.9,-0.0308859493135963,-0.2404070668267586,-0.2095211175131623
2026-07-13T12:31:00-04:00,21.32,22.34,21.08,22.0316,0,5.3605127129683945,15.001198811859442,21.344729684581196,21.241911958760355,101104,57469.1,0.0483474842555011,-0.1490867621937859,-0.197434246449287
2026-07-13T12:32:00-04:00,21.9998,22.5,21.47,22.365,0,5.3605127129683945,15.01895906459638,21.441898286049653,21.466529567008283,84439,60763.65,0.1185517898496271,-0.049244509137253,-0.1677962989868802
2026-07-13T12:33:00-04:00,22.341455,23.3,21.44,21.68,0,5.3605127129683945,15.052931256110671,21.46457463975921,21.509223653606625,162050,65553.4,0.1141544749044197,-0.0251032053563555,-0.1392576802607753
2026-07-13T12:34:00-04:00,21.77,22.1,21.5901,21.75,0,5.3605127129683945,15.05782589240266,21.49175800740119,21.5573789228853,24611,65031.2,0.1111509790373211,-0.0003189564641239,-0.111469935501445
2026-07-13T12:35:00-04:00,21.79,22.17,21.62,22.02,0,5.3605127129683945,15.067118997102188,21.54206676860108,21.64990313830824,45985,65701.4,0.121688747380786,0.0406409987245375,-0.0810477486562485
2026-07-13T12:36:00-04:00,22.02,22.1,21.75,21.91,0,5.3605127129683945,15.074895688331516,21.577108028734308,21.701922510646593,38671,64156.1,0.1156334450430525,0.0634940576475671,-0.0521393873954854
2026-07-13T12:37:00-04:00,21.95,24.0,21.95,23.47,0,5.3605127129683945,15.121693007202424,21.757383454569137,22.05553800851727,198885,64240.7,0.205807302982004,0.2051197413320196,-0.0006875616499844
2026-07-13T12:38:00-04:00,23.3801,23.7651,22.35,22.97,0,5.3605127129683945,15.14755963953318,21.87287074461017,22.23843040681382,112502,66200.6,0.2196352077369354,0.2738564480211849,0.0542212402842494
2026-07-13T12:39:00-04:00,23.35,24.99,22.9701,24.197,0,5.3605127129683945,15.196681501953362,22.09421638798063,22.630144325451056,190751,67956.4,0.2945985788332763,0.4224694638258448,0.1278708849925685
2026-07-13T12:40:00-04:00,24.25,24.88,23.4,24.565,0,5.3605127129683945,15.240741056644614,22.329529112934857,23.017115460360845,168517,74508.35,0.3484599490859432,0.5634458213499975,0.2149858722640543
2026-07-13T12:41:00-04:00,24.4755,24.6997,23.63,24.2743,0,5.3605127129683945,15.265180060526204,22.51474538789344,23.268552368288677,95030,75259.05,0.3434405861262867,0.6442866049219127,0.300846018795626
2026-07-13T12:42:00-04:00,24.17,26.35,24.01,26.35,0,5.3605127129683945,15.31424790549062,22.88000773190359,23.88484189463094,166703,80272.75,0.4520143926904058,0.8658640096586332,0.4138496169682274
2026-07-13T12:52:00-04:00,28.95,31.74,28.0,30.665,0,5.3605127129683945,15.458549640634535,23.62143556696039,25.240873515704752,344221,95742.2,0.7679712412496777,1.3738136685303246,0.6058424272806469
2026-07-13T12:53:00-04:00,30.32,31.85,28.38,29.6,0,5.3605127129683945,15.547427788468282,24.190822655821304,26.112698812563803,218269,105278.35,0.8522593896164796,1.6711666643012464,0.8189072746847668
2026-07-13T12:54:00-04:00,29.8246,29.86,27.01,27.6,0,5.3605127129683945,15.581882887585513,24.51550621240975,26.410159050051043,97468,109000.4,0.7253115736414415,1.7255467417365686,1.0002351680951271
2026-07-13T12:55:00-04:00,27.54,29.8299,26.72,29.8299,0,5.3605127129683945,15.656121070091462,25.021638954085013,27.09410724004083,201569,118713.55,0.7409091662129099,1.9263716258612649,1.1854624596483547
2026-07-13T12:56:00-04:00,29.51,29.8599,28.35,28.58,0,5.3605127129683945,15.687261329954596,25.360530482267393,27.39128579203267,84351,121677.95,0.6212724193084409,1.9620529837839056,1.340780564475465
2026-07-13T12:57:00-04:00,28.7843,32.63,28.712152,32.48,0,5.3605127129683945,15.81756233422603,26.03857519824193,28.409028633626136,303111,136032.65,0.7503835456885535,2.2787599965861567,1.5283764508976032
2026-07-13T12:58:00-04:00,32.63,32.65,30.83,30.9185,0,5.3605127129683945,15.889370513858898,26.503329941266504,28.910922906900907,167150,141307.1,0.6783863545776769,2.376359394119699,1.6979730395420225
2026-07-13T12:59:00-04:00,31.086,31.92,30.53,30.76,0,5.3605127129683945,15.939427738069051,26.908727089717313,29.280738325520726,120509,146294.8,0.572102580517402,2.413101265188775,1.840998684671373
2026-07-13T13:00:00-04:00,30.51,31.0,27.25,28.97,0,5.3605127129683945,15.991036736003718,27.105038795458523,29.21859066041658,144173,148448.25,0.3444777555438176,2.2715958791011452,1.9271181235573276
2026-07-13T13:01:00-04:00,29.25,29.6999,28.5,29.19,0,5.3605127129683945,16.011715010627054,27.30360652922438,29.212872528333264,57835,147118.05,0.1802195498698044,2.152392560894583,1.9721730110247784
2026-07-13T13:02:00-04:00,29.27,32.82,28.96,31.8299,0,5.3605127129683945,16.076637654435533,27.734682097869676,29.73627802266661,157721,146901.6,0.2183106079861376,2.245061271007451,2.0267506630213132
2026-07-13T13:03:00-04:00,31.81,32.64,30.91,31.37,0,5.3605127129683945,16.143907979581662,28.080902850453516,30.06302241813329,160213,153681.7,0.1829138999433475,2.2553930379504976,2.07247913800715
2026-07-13T13:04:00-04:00,31.3493,31.88,29.0,30.4978,0,5.3605127129683945,16.190040422120973,28.311083531362705,30.149977934506634,119835,157374.2,0.0765831171228512,2.168208034410714,2.091624917287863
2026-07-13T13:05:00-04:00,30.46,30.76,29.5,30.13,0,5.3605127129683945,16.214822131751603,28.48431367123292,30.145982347605308,66225,158751.9,-0.0366186529936469,2.045851601045804,2.082470254039451
2026-07-13T13:06:00-04:00,30.04,30.4,29.0,29.2,0,5.3605127129683945,16.244853728775087,28.55247427397264,29.956785878084247,84189,153017.1,-0.1839876302684997,1.8524857162038264,2.0364733464723264
2026-07-13T13:07:00-04:00,29.405,31.28,29.25,30.93,0,5.3605127129683945,16.276846402234526,28.778905295499055,30.1514287024674,84061,151595.05,-0.1748722949757302,1.8178829777526635,1.992755272728394
2026-07-13T13:08:00-04:00,30.8624,30.8624,29.08,29.57,0,5.3605127129683945,16.29722886918963,28.85424764830867,30.03514296197392,56330,144874.0,-0.2649514769722221,1.6615659265131164,1.9265174034853385
2026-07-13T13:09:00-04:00,29.83,31.5,29.6592,30.685,0,5.3605127129683945,16.323875507131078,29.028605015136417,30.165114369579133,69879,139942.1,-0.25392916516052,1.6091059470346885,1.8630351121952085
2026-07-13T13:10:00-04:00,30.67,31.8,30.2501,30.52,0,5.3605127129683945,16.360200264455035,29.17064263274247,30.236091495663302,94083,139894.75,-0.2612240572445548,1.5365050406395149,1.7977290978840696
2026-07-13T13:11:00-04:00,30.5955,33.3,30.52,32.03,0,5.3605127129683945,16.432031247220095,29.442962382005096,30.59487319653065,174235,140271.35,-0.172127438208705,1.5825698001231885,1.7546972383318935
2026-07-13T13:12:00-04:00,32.25,34.16,32.01,32.7428,0,5.3605127129683945,16.51897666850245,29.757232631337946,31.024458557224516,199845,133052.55,-0.0777682077578081,1.6574869786346331,1.7352551863924417
2026-07-13T13:13:00-04:00,32.835,33.57,31.9,32.77,0,5.3605127129683945,16.57136587671004,30.044162856924807,31.373566845779617,123124,128295.3,-0.0286330820441733,1.6994638338372248,1.728096915881398
2026-07-13T13:14:00-04:00,32.8,33.63,32.0,33.05,0,5.3605127129683945,16.615585744592668,30.330433061027207,31.70885347662369,103605,128602.15,0.0057790724737514,1.7353207564735875,1.729541683999836
2026-07-13T13:15:00-04:00,33.15,34.17,32.45,32.92,0,5.3605127129683945,16.67318197848957,30.577058483786523,31.95108278129895,133434,125195.4,0.0029807980339409,1.7332676815422623,1.7302868835083214
2026-07-13T13:16:00-04:00,32.87,33.84,29.7101,31.695,0,5.3605127129683945,16.737431112903895,30.683529104378284,31.89986622503916,164251,129190.4,-0.0928806979427245,1.6141860110799158,1.7070667090226403
2026-07-13T13:17:00-04:00,31.63,33.0,31.47,31.83,0,5.3605127129683945,16.78105794332942,30.79271680872321,31.88589298003133,109756,119522.65,-0.1550434835313066,1.513262354608507,1.6683058381398137
2026-07-13T13:18:00-04:00,31.66,34.0,31.47,32.78,0,5.3605127129683945,16.843407609495753,30.981981874559093,32.064714384025066,151494,118739.85,-0.140461122889026,1.4927294345285311,1.6331905574175571
2026-07-13T13:19:00-04:00,32.6641,33.8,32.3,33.74,0,5.3605127129683945,16.885307328668897,31.244650267458223,32.39977150722005,99162,117672.5,-0.0775825068812656,1.5362124238159751,1.6137949306972408
2026-07-13T13:20:00-04:00,33.74,35.0,33.48,34.315,0,5.3605127129683945,16.955915637505054,31.5370645277003,32.78281720577604,158682,118397.95,-0.0121219089607778,1.5986425444962684,1.6107644534570462
2026-07-13T13:21:00-04:00,34.5999,36.0,33.9,35.185,0,5.3605127129683945,17.02549359769956,31.884486953633605,33.263253764620835,150954,123053.9,0.0703793115985473,1.6987385929552303,1.628359281356683
2026-07-13T13:22:00-04:00,35.18,35.47,33.34,34.33,0,5.3605127129683945,17.085555909591744,32.11739295804945,33.47660301169667,136171,121976.4,0.0489905352147761,1.6895974503751532,1.640606915160377
2026-07-13T13:23:00-04:00,34.43,34.78,33.51,34.0,0,5.3605127129683945,17.114578115351566,32.29668886680665,33.581282409357335,67241,117327.8,-0.0030006294031559,1.636856128406432,1.639856757809588
2026-07-13T13:24:00-04:00,33.9647,34.98,33.941,34.315,0,5.3605127129683945,17.145543439532226,32.488908974729824,33.72802592748587,70682,114870.15,-0.0302780831351174,1.602009153890691,1.6322872370258086
2026-07-13T13:25:00-04:00,34.36,36.07,31.5,32.74,0,5.3605127129683945,17.259004714878213,32.51282240570794,33.53042074198869,276915,125404.65,-0.1611819072086988,1.4308098530149351,1.591991760223634
2026-07-13T13:26:00-04:00,32.665,33.21,31.25,31.98,0,5.3605127129683945,17.301767092378352,32.46207741468813,33.22033659359096,114534,126921.9,-0.2977957756880829,1.2197470406135302,1.5175428163016131
2026-07-13T13:27:00-04:00,31.92,33.35,31.896,32.57,0,5.3605127129683945,17.33410812486555,32.472355756146406,33.09026927487277,84446,126941.15,-0.343994481685149,1.0875497141951769,1.431544195880326
2026-07-13T13:28:00-04:00,32.7,33.12,32.09,32.79,0,5.3605127129683945,17.35247015373122,32.50260758889437,33.03021541989821,47912,126520.25,-0.3539294055688073,0.9891324389193166,1.343061844488124
2026-07-13T13:29:00-04:00,32.73,33.3,32.36,32.73,0,5.3605127129683945,17.370890609078522,32.524264008999666,32.97017233591857,47774,125415.0,-0.357676357404419,0.8959663977326002,1.2536427551370193
2026-07-13T13:30:00-04:00,32.78,32.9599,31.0,31.27,0,5.3605127129683945,17.397953203469598,32.40481029385684,32.630137868734856,75564,124489.05,-0.4458778994102066,0.6962953808742611,1.1421732802844675
2026-07-13T13:31:00-04:00,31.18,31.18,28.88,30.48,0,5.3605127129683945,17.455326965544153,32.221495027775234,32.20011029498789,180943,124824.45,-0.5386161911168645,0.468903041388387,1.0075192325052515
2026-07-13T13:32:00-04:00,30.35,30.56,29.33,29.84,0,5.3605127129683945,17.47360911055607,31.99468597751093,31.72808823599031,59260,117795.2,-0.6185362703274953,0.2343488945958824,0.8528851649233777
2026-07-13T13:33:00-04:00,29.985,29.985,27.86,27.86,0,5.3605127129683945,17.494894020940876,31.600906360605123,30.954470588792248,77599,115518.95,-0.7703384999003383,-0.1100379599520451,0.6603005399482932
2026-07-13T13:38:00-04:00,28.0,29.05,25.2,26.99,0,5.3605127129683945,17.52235782686865,31.161772421499872,30.161576471033797,116228,116150.1,-0.8866439809137074,-0.4480044361938411,0.4386395447198663
2026-07-13T13:39:00-04:00,27.565,27.86,26.6201,27.16,0,5.3605127129683945,17.53984332251865,30.780651238499885,29.56126117682704,73323,113144.55,-0.906212650763374,-0.694126268734351,0.2120863820290228
2026-07-13T13:40:00-04:00,27.145,29.5,27.0301,29.0,0,5.3605127129683945,17.56484913511009,30.6110654062618,29.44900894146163,92843,109574.15,-0.7554817989553229,-0.7322658666651307,0.0232159322901921
2026-07-13T13:41:00-04:00,29.14,29.49,28.7,28.95,0,5.3605127129683945,17.577566847640124,30.452868700903533,29.349207153169303,45165,106344.6,-0.6248055553222145,-0.7577910118625759,-0.1329854565403614
2026-07-13T13:42:00-04:00,29.055,29.1999,28.0,28.46,0,5.3605127129683945,17.59094103070605,30.263071681769866,29.171365722535445,49747,101257.25,-0.5402051300283653,-0.8082418690758182,-0.2680367390474528
2026-07-13T13:43:00-04:00,28.45,29.335,28.28,28.865,0,5.3605127129683945,17.604948917803263,30.12992199779178,29.11009257802835,50962,98847.25,-0.4305709832416938,-0.8062504680995701,-0.3756794848578763
2026-07-13T13:44:00-04:00,28.865,29.19,28.32,28.5,0,5.3605127129683945,17.60998072299063,29.974691331335418,28.988074062422683,18597,91843.0,-0.3591516307167354,-0.8246190232537955,-0.4654673925370601
2026-07-13T13:45:00-04:00,28.56,28.56,27.4001,28.12,0,5.3605127129683945,17.618370461860945,29.798054061684425,28.814459249938142,32964,85943.5,-0.3155671771076277,-0.8599263639215948,-0.5443591868139671
2026-07-13T13:46:00-04:00,28.13,28.22,27.25,27.66,0,5.3605127129683945,17.62616440879155,29.594429865333527,28.58356739995052,31634,80716.65,-0.2961000396415613,-0.9144842363659188,-0.6183841967243574
2026-07-13T13:47:00-04:00,27.6601,28.0,25.53,25.77,0,5.3605127129683945,17.644774524509717,29.230198449587476,28.020853919960413,86734,81691.3,-0.3833540555918284,-1.097576766214143,-0.7142227106223145
2026-07-13T13:48:00-04:00,25.69,26.0,24.98,24.98,0,5.3605127129683945,17.65389599466691,28.82541764486486,27.41268313596833,48839,80599.15,-0.4618516516379186,-1.2915372751697127,-0.8296856235317941
2026-07-13T13:53:00-04:00,24.0,25.8,23.6,25.8,0,5.3605127129683945,17.668246939809677,28.537282631068205,27.090146508774662,79714,70739.1,-0.4269468275487444,-1.3633691579677247,-0.9364223304189804
2026-07-13T13:54:00-04:00,25.8868,26.7999,25.48,26.31,0,5.3605127129683945,17.683555969136428,28.325160475728374,26.934117207019728,74045,68714.65,-0.3416037096460209,-1.3634269674765065,-1.0218232578304856
2026-07-13T13:55:00-04:00,26.32,26.32,24.96,25.12,0,5.3605127129683945,17.691069519458274,28.019907097087575,26.57129376561578,39859,66485.3,-0.3368321181327913,-1.4428634054964746,-1.1060312873636833
2026-07-13T13:56:00-04:00,25.19,25.39,24.6,24.611,0,5.3605127129683945,17.697825097479296,27.69524927831733,26.179235012492622,38907,66035.05,-0.3385837955512596,-1.5292610318027575,-1.190677236251498
2026-07-13T13:57:00-04:00,24.7999,24.7999,23.1809,24.24,0,5.3605127129683945,17.711088517731337,27.366177918477582,25.7913880099941,86153,67954.0,-0.3347537671692502,-1.6091194452130608,-1.2743656780438106
2026-07-13T13:58:00-04:00,24.36,25.1199,24.2196,25.0,0,5.3605127129683945,17.71926031622607,27.14082764052734,25.63311040799528,47932,66572.4,-0.2546852608168395,-1.59272225406486,-1.3380369932480205
2026-07-13T13:59:00-04:00,24.92,24.99,24.22,24.3185,0,5.3605127129683945,17.723751852816623,26.87203453190569,25.370188326396224,27444,58897.45,-0.2224419600334961,-1.616089443289891,-1.3936474832563943
2026-07-13T14:00:00-04:00,24.4,24.5,23.64,23.8901,0,5.3605127129683945,17.727356906962513,26.58804076696229,25.07417066111698,23807,57124.8,-0.2052055777446866,-1.650154455437253,-1.4449488776925663
2026-07-13T14:01:00-04:00,24.045,25.4001,23.89,25.125,0,5.3605127129683945,17.735915302866673,26.44870355106112,25.084336528893584,50259,55757.8,-0.0916631756288535,-1.5595278472286331,-1.4678646715997796
2026-07-13T14:02:00-04:00,25.0077,27.0,24.5,26.83,0,5.3605127129683945,17.75492571491278,26.485017498579108,25.433469223114862,94570,54674.9,0.1064994962975638,-1.334740301227825,-1.4412397975253888
2026-07-13T14:03:00-04:00,26.97,27.4,26.5,26.8001,0,5.3605127129683945,17.770833302700165,26.515025355857286,25.706795378491893,72589,54638.2,0.236352500411574,-1.1457991720109213,-1.3821516724224954
2026-07-13T14:04:00-04:00,27.0,28.16,26.8701,27.7,0,5.3605127129683945,17.79300650784114,26.62788008387088,26.10543630279351,94576,54724.85,0.3753821877314098,-0.912923937758233,-1.2883061254896429
2026-07-13T14:05:00-04:00,27.85,28.41,27.57,28.0199,0,5.3605127129683945,17.814716247060765,26.76045340921651,26.48832904223481,89150,56924.1,0.4750056594056919,-0.6945490512325279,-1.1695547106382198
2026-07-13T14:06:00-04:00,27.93,27.93,26.69,27.01,0,5.3605127129683945,17.82440584103451,26.78421975119589,26.59266323378785,43272,56600.35,0.4587602882071704,-0.5961043503792567,-1.054864638586427
2026-07-13T14:07:00-04:00,27.0,27.63,26.88,27.09,0,5.3605127129683945,17.830412893742814,26.813341679653423,26.69213058703028,26900,55397.25,0.4392514445513005,-0.5058003328973015,-0.945051777448602
2026-07-13T14:08:00-04:00,26.99,27.09,26.3,26.7,0,5.3605127129683945,17.834723492462246,26.80254723397215,26.693704469624222,20422,55488.5,0.3877243605165441,-0.4603963268029218,-0.848120687319466
2026-07-13T14:09:00-04:00,26.7,27.14,26.5002,26.84,0,5.3605127129683945,17.838082708933857,26.80611416407004,26.72296357569938,15698,54625.2,0.3517696581754371,-0.4084086146001695,-0.7601782727756067
2026-07-13T14:10:00-04:00,26.72,27.9,26.72,27.5379,0,5.3605127129683945,17.847071189804144,26.875808053206224,26.885950860559504,39596,55023.3,0.3622623483390004,-0.3073503373518562,-0.6696126856908566
2026-07-13T14:11:00-04:00,27.5,27.63,26.54,26.99,0,5.3605127129683945,17.85236510217201,26.88668347671039,26.9067606884476,24200,51896.6,0.3209876053781946,-0.2683781789681134,-0.589365784346308
2026-07-13T14:12:00-04:00,26.855,26.9925,26.151,26.695,0,5.3605127129683945,17.855595654579766,26.86842790749988,26.86440855075808,15525,50230.9,0.2648376199638692,-0.2583187593914715,-0.5231563793553408
2026-07-13T14:13:00-04:00,26.7,27.0,26.54,26.72,0,5.3605127129683945,17.85812561199391,26.854291916309418,26.835526840606462,11974,46843.9,0.2221256296944962,-0.2454993422372204,-0.4676249719317167
2026-07-13T14:14:00-04:00,26.86,28.3,26.36,28.03,0,5.3605127129683945,17.869713443818338,26.966264114756136,27.074421472485177,50341,45658.7,0.2715747763171183,-0.1281565015353187,-0.3997312778524371
2026-07-13T14:15:00-04:00,28.07,28.9,27.73,28.1,0,5.3605127129683945,17.898407991520983,27.074238960969836,27.27953717798814,116949,49513.2,0.2964436551258629,-0.0291767089451084,-0.3256203640709714
2026-07-13T14:16:00-04:00,28.5,29.13,28.06,28.7101,0,5.3605127129683945,17.919206442243905,27.23003525040128,27.565649742390512,82073,51671.5,0.3383946957202681,0.0973730055793637,-0.2410216901409043
2026-07-13T14:17:00-04:00,28.71,28.84,27.7,28.46,0,5.3605127129683945,17.933794059363922,27.347174750363063,27.74451979391241,59421,50334.9,0.3331861371389749,0.1754609812828143,-0.1577251558561606
2026-07-13T14:18:00-04:00,28.59,28.64,27.8,28.08,0,5.3605127129683945,17.942409635087724,27.416967631280865,27.811615835129928,35723,49724.45,0.2896425835421024,0.2043280735714674,-0.085314509970635
2026-07-13T14:19:00-04:00,27.893522,28.14,27.05,27.37,0,5.3605127129683945,17.948975549768072,27.41249452353983,27.72329266810394,29126,49808.55,0.2026340396772028,0.1679780396258685,-0.0346560000513342
2026-07-13T14:20:00-04:00,27.46,29.46,27.38,28.902,0,5.3605127129683945,17.973227375064635,27.554352187964607,27.95903413448315,97135,53474.95,0.2355609719274207,0.2597952148579416,0.0242342429305209
2026-07-13T14:21:00-04:00,29.05,29.44,27.75,27.95,0,5.3605127129683945,17.99188014190287,27.592032931967974,27.957227307586525,76461,54785.05,0.1828750848453843,0.2528280989872513,0.069953014141867
2026-07-13T14:22:00-04:00,27.9,28.4361,27.86,28.3,0,5.3605127129683945,18.000432645342816,27.659458367018647,28.02578184606922,35775,51845.3,0.1619644114423715,0.2724085284448314,0.1104441170024598
2026-07-13T14:23:00-04:00,28.4,29.2,28.26,28.879,0,5.3605127129683945,18.01502511335653,27.775605189207347,28.196425476855374,57877,51109.7,0.1763110937967571,0.3308329842484063,0.1545218904516491
2026-07-13T14:24:00-04:00,28.88,29.5,28.5001,28.8034,0,5.3605127129683945,18.034524184759576,27.873490409282837,28.3178203814843,76481,50204.95,0.1698274355137372,0.3668061848438206,0.1969787493300834
2026-07-13T14:25:00-04:00,28.78,29.03,28.05,28.22,0,5.3605127129683945,18.044843706171477,27.90649132268447,28.29825630518744,42545,47874.7,0.1178339265861768,0.3442711575628046,0.2264372309766276
2026-07-13T14:26:00-04:00,28.3,28.75,27.25,28.3326,0,5.3605127129683945,18.058874376170134,27.947073101476427,28.305125044149953,59841,48703.15,0.084189837263174,0.3316745275555952,0.2474846902924212
2026-07-13T14:27:00-04:00,28.4,28.5,27.77,28.325,0,5.3605127129683945,18.0650154911027,27.983066139431052,28.30910003531996,26018,48659.05,0.0559477185576521,0.3174193384894863,0.2614716199318342
2026-07-13T14:28:00-04:00,28.3,29.25,28.0,28.67,0,5.3605127129683945,18.07816144178462,28.04848841186619,28.38128002825597,53468,50311.35,0.054946541006491,0.330154796189948,0.275208255183457
2026-07-13T14:29:00-04:00,28.7,28.99,27.75,28.4,0,5.3605127129683945,18.08906818226223,28.081965705974177,28.385024022604775,45585,51805.7,0.0316988434783928,0.3148318095314479,0.2831329660530551
2026-07-13T14:30:00-04:00,27.87,28.25,26.25,27.18,0,5.3605127129683945,18.10368447340525,27.99606421016711,28.14401921808382,68983,53275.05,-0.0649728877681998,0.2019168563428053,0.2668897441110052
2026-07-13T14:31:00-04:00,27.4297,27.4297,26.83,27.2171,0,5.3605127129683945,18.108290406568976,27.921877142532143,27.958635374467057,21947,53162.4,-0.1222244174561499,0.1141092222908177,0.2363336397469677
2026-07-13T14:32:00-04:00,27.11,27.7499,26.9001,27.4286,0,5.3605127129683945,18.11584171146825,27.874898367052893,27.85262829957364,35248,54148.55,-0.1403585339728047,0.0608854722809617,0.2012440062537665
2026-07-13T14:33:00-04:00,27.261,27.4199,27.0,27.1166,0,5.3605127129683945,18.117859831876512,27.80267947495262,27.705422639658913,9618,54030.75,-0.1661126349089216,-0.0063967873823855,0.1597158475265361
2026-07-13T14:34:00-04:00,27.01,27.09,26.2,26.8977,0,5.3605127129683945,18.122965698249224,27.71649095352856,27.543878111727132,25625,52794.95,-0.1889726931303085,-0.0765000188863496,0.1124726742439589
2026-07-13T14:35:00-04:00,26.69,28.0,26.6821,27.7,0,5.3605127129683945,18.130115267535036,27.71492038652584,27.575102489381702,33116,48603.3,-0.1432191541351174,-0.0665512684249378,0.0766678857101795
2026-07-13T14:36:00-04:00,27.8,27.84,27.25,27.71,0,5.3605127129683945,18.134919441055107,27.714451778285284,27.602081991505365,21953,45597.3,-0.1070947274093158,-0.0572005235514652,0.0498942038578506
2026-07-13T14:37:00-04:00,27.7,28.45,27.605,28.26,0,5.3605127129683945,18.146588790684177,27.766408751781924,27.733665593204293,50708,45161.65,-0.0441937148404782,-0.0053479396927471,0.038845775147731
2026-07-13T14:38:00-04:00,28.2,29.0,28.2,28.365,0,5.3605127129683945,18.161823911582232,27.82341744208841,27.859932474563433,63712,46561.1,0.0038948339849839,0.0437143176289609,0.039819483643977
2026-07-13T14:39:00-04:00,28.295,28.69,27.6218,27.96,0,5.3605127129683945,18.169546004719688,27.836425304746655,27.879945979650746,33771,46793.35,0.0076224506477109,0.0493475469536157,0.0417250963059047
2026-07-13T14:40:00-04:00,27.925,28.5,27.52,28.2299,0,5.3605127129683945,18.17512127626519,27.873899085246972,27.949936783720595,24433,43158.25,0.0264032548235024,0.0747291648352828,0.0483259100117803
2026-07-13T14:41:00-04:00,28.06,28.2,27.65,27.98,0,5.3605127129683945,18.177978782289347,27.88400393427107,27.95594942697648,12713,39970.85,0.0204019845040814,0.0738283906418821,0.0534264061378007
2026-07-13T14:42:00-04:00,27.85,28.92,27.3,27.525,0,5.3605127129683945,18.190708698828235,27.849813083388113,27.869759541581185,56891,41026.65,-0.0139531165921809,0.0359850103975745,0.0499381269897555
2026-07-13T14:43:00-04:00,27.8078,28.0,26.6,26.9,0,5.3605127129683945,18.19850059610432,27.759354694494007,27.675807633264945,37808,40023.2,-0.0750960992196701,-0.0439319970348321,0.0311641021848379
2026-07-13T14:44:00-04:00,26.97,27.56,26.96,27.0354,0,5.3605127129683945,18.20432478860843,27.69040662835172,27.547726106611957,28245,37611.4,-0.1011258800726516,-0.0952432479059766,0.005882632166675
2026-07-13T14:45:00-04:00,27.045,27.34,26.85,27.285,0,5.3605127129683945,18.209107257089503,27.651796473270604,27.495180885289567,23290,36648.65,-0.0962643986403242,-0.1144478661337302,-0.018183467493406
2026-07-13T14:46:00-04:00,27.205,27.35,26.82,27.0601,0,5.3605127129683945,18.21183635506225,27.59544442819721,27.408164708231652,13424,34327.8,-0.1023577948053587,-0.1461307110001044,-0.0437729161947457
2026-07-13T14:47:00-04:00,27.15,27.25,26.3,26.99,0,5.3605127129683945,18.217921225186995,27.537783054083192,27.32453176658532,30759,34564.85,-0.1048858016431508,-0.1748801682486842,-0.0699943666055334
2026-07-13T14:48:00-04:00,26.84,27.0,25.49,25.98,0,5.3605127129683945,18.22591193138608,27.389422763218125,27.055625413268256,43979,34090.4,-0.1647897354919944,-0.2759815359705264,-0.111191800478532
2026-07-13T14:49:00-04:00,25.8801,26.5,25.8801,26.375,0,5.3605127129683945,18.22893554619368,27.292811071483065,26.919500330614603,16467,32634.5,-0.1674761188314855,-0.3205369490178889,-0.1530608301864033
2026-07-13T14:50:00-04:00,26.5,26.73,25.9,26.0038,0,5.3605127129683945,18.2315275769717,27.1700481122942,26.736360264491683,14198,29895.25,-0.1826742074115214,-0.3814035894508052,-0.1987293820392837
2026-07-13T14:51:00-04:00,26.13,26.4999,25.73,25.91,0,5.3605127129683945,18.235010531039517,27.050043530170942,26.571088211593345,19495,29772.65,-0.1867983101143993,-0.4322272696822828,-0.2454289595678835
2026-07-13T14:52:00-04:00,25.97,25.97,24.67,25.32,0,5.3605127129683945,18.244177212600828,26.88527747967847,26.320870569274675,56669,30843.7,-0.2150058343819507,-0.514186252545322,-0.2991804181633712
2026-07-13T14:53:00-04:00,25.31,26.016202,25.14,25.5335,0,5.3605127129683945,18.248280781896742,26.75653676732814,26.16339645541974,24571,31591.35,-0.2050621610147452,-0.5555081194318028,-0.3504459584170575
2026-07-13T14:54:00-04:00,25.42,25.499,23.04,23.4,0,5.3605127129683945,18.2545243722438,26.436866599011175,25.610717164335792,47793,32699.75,-0.3210399987059367,-0.7517459567994784,-0.4307059580935417
2026-07-13T14:55:00-04:00,23.1306,24.5,23.1306,24.04,0,5.3605127129683945,18.262428638288856,26.20859358958154,25.296573731468634,61619,34124.9,-0.3321332444323575,-0.8458725136339886,-0.5137392692016312
2026-07-13T14:56:00-04:00,24.04,24.75,24.0,24.69,0,5.3605127129683945,18.26589143220032,26.063965628669013,25.175258985174903,24482,34251.35,-0.2755101581098854,-0.8581269668389879,-0.5826168087291025
2026-07-13T14:57:00-04:00,24.7182,24.76,24.2686,24.33,0,5.3605127129683945,18.268608755288696,25.89882604498625,25.006207188139925,19315,32681.7,-0.2432399595682913,-0.8866667581894667,-0.6434267986211754
2026-07-13T14:58:00-04:00,24.33,24.6,24.25,24.26,0,5.3605127129683945,18.27068205269166,25.74274737403518,24.85696575051194,14949,30243.55,-0.2088638208480794,-0.9045065746812746,-0.6956427538331952
2026-07-13T14:59:00-04:00,24.25,24.68,23.96,24.42,0,5.3605127129683945,18.275379721891593,25.616771433650875,24.769572600409553,34002,30255.1,-0.1598156680437534,-0.895412338887887,-0.7355966708441335
2026-07-13T15:00:00-04:00,24.68,25.69,24.5,24.56,0,5.3605127129683945,18.28380846012385,25.516126535207935,24.727658080327643,55947,31830.8,-0.1050546673153872,-0.8669150049883676,-0.7618603376729803
2026-07-13T15:01:00-04:00,24.9,24.9,24.24,24.25,0,5.3605127129683945,18.28554088962339,25.395543055664323,24.63212646426211,12362,31813.25,-0.0780621342116897,-0.8594380054375925,-0.7813758712259028
2026-07-13T15:02:00-04:00,24.7199,24.7199,24.01,24.5,0,5.3605127129683945,18.287096501079063,25.31025324083915,24.60570117140969,11203,29528.85,-0.0339735207067561,-0.823842772109348,-0.7898692514025918
2026-07-13T15:03:00-04:00,24.3317,24.3317,23.5,24.2999,0,5.3605127129683945,18.28914469037645,25.21402912266399,24.544540937127753,15698,28423.35,-0.0101275111438559,-0.8025286403324117,-0.7924011291885558
2026-07-13T15:04:00-04:00,23.6101,24.05,21.83,21.9536,0,5.3605127129683945,18.29620644047648,24.90351206336266,24.0263527497022,72208,30621.5,-0.1371616082313516,-0.9638531394777452,-0.8266915312463936
2026-07-13T15:05:00-04:00,22.11,22.8,22.03,22.53,0,5.3605127129683945,18.30099402383826,24.67746329542336,23.72708219976176,50955,32004.75,-0.1652725907607101,-1.0332822696972812,-0.8680096789365711
2026-07-13T15:06:00-04:00,22.46,23.19,22.418,22.9499,0,5.3605127129683945,18.30303586930803,24.512933457763992,23.571645759809407,19857,32326.4,-0.1395176321107517,-1.0424067190750108,-0.9028890869642592
2026-07-13T15:07:00-04:00,22.95,22.95,22.5,22.7393,0,5.3605127129683945,18.30421382226011,24.344015985595995,23.40517660784753,11782,31377.55,-0.1212697107087158,-1.0544762253501538,-0.933206514641438
2026-07-13T15:08:00-04:00,22.79,23.75,22.6501,23.19,0,5.3605127129683945,18.30813855282119,24.23410970125352,23.36214128627802,35547,30955.95,-0.0662046217276889,-1.0159622918010491,-0.9497576700733602
2026-07-13T15:09:00-04:00,23.12,23.55,22.9,22.9,0,5.3605127129683945,18.311772681652293,24.10705163446747,23.269713029022416,33515,31808.35,-0.0380686981953517,-0.99734354281755,-0.959274844622198
2026-07-13T15:10:00-04:00,23.135,23.37,22.68,22.7305,0,5.3605127129683945,18.313452179385024,23.975951478803903,23.161870423217938,16144,31905.65,-0.0205095907118749,-0.984911833012042,-0.9644022423001668
2026-07-13T15:11:00-04:00,22.999,23.0,22.26,22.44,0,5.3605127129683945,18.315066112015533,23.829670385584485,23.017496338574347,16840,31772.9,-0.0181754958662255,-0.9871216121329488,-0.9689461162667232
2026-07-13T15:12:00-04:00,22.44,22.96,22.23,22.6164,0,5.3605127129683945,18.317483663174738,23.71412082505263,22.937277070859476,25040,30191.45,0.0043313917749018,-0.963531876548096,-0.9678632683229978
2026-07-13T15:13:00-04:00,22.6,23.2,22.35,23.0762,0,5.3605127129683945,18.319559784588797,23.6533664607619,22.96506165668758,20235,29974.65,0.0563784006951955,-0.8973902674540035,-0.953768668149199
2026-07-13T15:14:00-04:00,23.03,24.497,22.9726,23.939,0,5.3605127129683945,18.328023846052204,23.680569654975052,23.159849325350063,68679,31018.95,0.1498022158739707,-0.7665158983067357,-0.9163181141807064
2026-07-13T15:15:00-04:00,23.9,25.68,23.865,25.0,0,5.3605127129683945,18.3453680229096,23.80622968783457,23.527879460280055,118667,33871.35,0.2765700122632255,-0.5706055988516745,-0.8471756111149
2026-07-13T15:16:00-04:00,25.095,25.88,25.07,25.49,0,5.3605127129683945,18.353456525315547,23.96658876518366,23.920303568224043,50633,35178.9,0.3805215476921724,-0.3715236764996845,-0.7520452241918569
2026-07-13T15:17:00-04:00,25.46,26.0,24.99,25.92,0,5.3605127129683945,18.36075591283894,24.15262793040426,24.32024285457923,44806,36453.45,0.4600266361088273,-0.1770119290558227,-0.6370385651646501
2026-07-13T15:18:00-04:00,25.83,25.8733,24.9,25.3799,0,5.3605127129683945,18.367101613860186,24.269510984651475,24.532174283663387,40428,37727.4,0.4570833676068008,-0.065684355656149,-0.5227677232629498
2026-07-13T15:19:00-04:00,25.175,25.75,25.0201,25.345,0,5.3605127129683945,18.37233934893619,24.371938509922764,24.69473942693071,33485,37701.55,0.4338162555840951,0.0195025962171691,-0.414313659366926
2026-07-13T15:20:00-04:00,25.345,26.75,25.2656,26.32,0,5.3605127129683945,18.392324037777687,24.55746817564441,25.019791541544567,115930,40700.7,0.4624909563311949,0.1638000360470677,-0.2986909202841272
2026-07-13T15:21:00-04:00,26.185,27.25,25.97,26.7478,0,5.3605127129683945,18.411253921214353,24.766071206535415,25.365393233235658,103083,45236.75,0.4862434677636063,0.3091134144203806,-0.1771300533432256
2026-07-13T15:22:00-04:00,26.8,27.5,26.3,26.45,0,5.3605127129683945,18.424866553155873,24.926445377341565,25.582314586588524,73580,48355.6,0.4582513563077035,0.3956841420414037,-0.0625672142662998
2026-07-13T15:23:00-04:00,26.24,26.9599,26.24,26.4578,0,5.3605127129683945,18.4319321020288,25.072288674737607,25.75741166927082,39217,49531.55,0.417752340949563,0.459623211920654,0.0418708709710909
2026-07-13T15:24:00-04:00,26.45,26.62,25.29,25.475,0,5.3605127129683945,18.439636313800108,25.110642134286405,25.700929335416657,47252,48283.75,0.3073673459656,0.4260800534280911,0.118712707462491
2026-07-13T15:25:00-04:00,25.475,25.5571,24.53,25.12,0,5.3605127129683945,18.443825071904715,25.11153335959246,25.584743468333325,28552,47163.6,0.1983299136974563,0.3666250995843114,0.1682951858868551
2026-07-13T15:26:00-04:00,25.01,26.1,25.0,25.82,0,5.3605127129683945,18.450424658084145,25.179006372964608,25.63179477466666,41480,48244.75,0.162728631344572,0.3717059750675702,0.2089773437229981
2026-07-13T15:27:00-04:00,25.91,26.74,25.8,26.2001,0,5.3605127129683945,18.45996747036023,25.276253385063217,25.745455819733326,55430,50427.15,0.1542358209904743,0.4017721199610911,0.2475362989706167
2026-07-13T15:28:00-04:00,26.12,26.39,25.551,25.87,0,5.3605127129683945,18.463877872789777,25.332800681723864,25.77036465578666,23696,49834.6,0.1175044433812663,0.3944168531971996,0.2769124098159333
2026-07-13T15:29:00-04:00,25.94,26.45,25.8,26.1499,0,5.3605127129683945,18.467975738044192,25.410619664416828,25.84627172462933,24222,49369.95,0.103660156932115,0.4064876059810771,0.3028274490489621
2026-07-13T15:30:00-04:00,25.985,25.9999,25.5401,25.7187,0,5.3605127129683945,18.46986730327743,25.43996064875808,25.820757379703466,11774,49151.45,0.0592697929910287,0.376914690287748,0.3176448972967193
2026-07-13T15:31:00-04:00,25.7,25.8599,25.25,25.64,0,5.3605127129683945,18.47265073047044,25.459012015543024,25.78460590376277,17750,49196.95,0.0204213943317035,0.3431716402113487,0.3227502458796452
2026-07-13T15:32:00-04:00,25.45,25.575,24.6401,25.03,0,5.3605127129683945,18.475919794303337,25.41815372834845,25.633684723010216,22449,49067.4,-0.0468697798778965,0.2641630210322745,0.311032800910171
2026-07-13T15:33:00-04:00,25.03,25.12,24.7,24.96,0,5.3605127129683945,18.478165579249847,25.37452003993431,25.498947778408173,15806,48845.95,-0.0938924560581583,0.1936672308374731,0.2875596868956315
2026-07-13T15:34:00-04:00,25.0,25.41,24.9001,25.125,0,5.3605127129683945,18.47952948664995,25.350756226607235,25.42415822272654,9290,45876.5,-0.1105350730560315,0.1493908455755921,0.2599259186316236
2026-07-13T15:35:00-04:00,25.085,25.2186,24.8,25.025,0,5.3605127129683945,18.48066762227915,25.319731824073212,25.34432657818123,7910,40338.65,-0.1239233731555234,0.1050217021872192,0.2289450753427427
2026-07-13T15:36:00-04:00,25.02,25.15,23.92,24.94,0,5.3605127129683945,18.48783458969308,25.283566888447194,25.263461262544983,52653,40439.65,-0.1333303822635682,0.0622820975132825,0.1956124797768507
2026-07-13T15:37:00-04:00,24.93,25.22,24.69,25.22,0,5.3605127129683945,18.49184351660194,25.27751289907127,25.25476901003599,27824,39590.55,-0.1161515301422205,0.050423067099075,0.1665745972412955
2026-07-13T15:38:00-04:00,25.2478,26.329,25.05,26.0,0,5.3605127129683945,18.50326490309436,25.346321194397813,25.403815208028792,71286,41133.45,-0.0510361543298517,0.1027794043289809,0.1538155586588326
2026-07-13T15:39:00-04:00,26.0,26.4863,25.54,25.82,0,5.3605127129683945,18.509718799966404,25.391433461598023,25.48705216642303,39535,41435.95,-0.0204371852965677,0.1282690770381229,0.1487062623346907
2026-07-13T15:40:00-04:00,25.52,26.0,25.5,25.51,0,5.3605127129683945,18.51274275026785,25.4027255128744,25.491641733138422,19270,36602.95,-0.0213261956746088,0.1220485177414296,0.1433747134160385
2026-07-13T15:41:00-04:00,25.59,25.789,25.02,25.43,0,5.3605127129683945,18.515121177997532,25.40532308307684,25.47931338651074,15733,32235.45,-0.0271779887392438,0.1094022274919837,0.1365802162312275
2026-07-13T15:42:00-04:00,25.4302,25.52,24.7,24.7429,0,5.3605127129683945,18.517313563316495,25.342235170402855,25.332030709208592,15466,29329.75,-0.0745153567545063,0.0434360202880945,0.1179513770426009
2026-07-13T15:43:00-04:00,24.81,25.5,24.81,25.23,0,5.3605127129683945,18.519131816196737,25.331546106554963,25.311624567366874,12464,27992.1,-0.0702690399613769,0.0301150770908797,0.1003841170522567
2026-07-13T15:44:00-04:00,25.1,25.83,25.1,25.68,0,5.3605127129683945,18.523608005017195,25.36473219164497,25.385299653893497,29151,27087.05,-0.0361211457869863,0.0552326848185238,0.0913538306055101
2026-07-13T15:45:00-04:00,25.585,26.5,25.58,25.895,0,5.3605127129683945,18.53170695270332,25.41523388767878,25.487239723114797,49616,28140.25,6.35651614709e-05,0.0914332870573488,0.0913697218958778
2026-07-13T15:46:00-04:00,26.0197,26.03,25.09,25.1,0,5.3605127129683945,18.535086342354155,25.385211612661756,25.409791778491837,22500,27191.25,-0.0288279342698028,0.0553348040586243,0.0841627383284271
2026-07-13T15:47:00-04:00,25.39,25.75,25.03,25.475,0,5.3605127129683945,18.536760072894676,25.39376288764635,25.42283342279347,11133,24976.4,-0.0222610301301076,0.0563364506657926,0.0785974807959002
2026-07-13T15:48:00-04:00,25.5,25.55,24.0,24.45,0,5.3605127129683945,18.543387065595542,25.30388070787051,25.228266738234776,49551,26269.15,-0.0831077254959758,-0.0252871760740696,0.0578205494219062
2026-07-13T15:49:00-04:00,24.5,25.31,23.14,24.62,0,5.3605127129683945,18.551823261840532,25.23874921188284,25.10661339058782,66611,28388.6,-0.1065667471185247,-0.0753878844762496,0.031178862642275
2026-07-13T15:50:00-04:00,24.511,24.71,23.99,24.07,0,5.3605127129683945,18.55414969786337,25.127439763132095,24.899290712470258,18726,28736.2,-0.1510679692565165,-0.1576560989283706,-0.006588129671854
2026-07-13T15:51:00-04:00,24.02,24.25,23.76,23.7601,0,5.3605127129683945,18.555425064055093,24.997216928548085,24.671452569976207,10910,28394.2,-0.1907582718807023,-0.245035969522732,-0.0542776976420296
2026-07-13T15:52:00-04:00,23.95,24.2,23.8,24.08,0,5.3605127129683945,18.55671471167523,24.90986293535303,24.55316205598097,10829,27813.2,-0.1847254107475426,-0.285184461076458,-0.1004590503289153
2026-07-13T15:53:00-04:00,24.12,24.5,24.0,24.285,0,5.3605127129683945,18.557812741010466,24.85035217960512,24.499529644784772,8844,27465.1,-0.1572620319210385,-0.2970365902302134,-0.1397745583091749
2026-07-13T15:54:00-04:00,24.1001,24.2238,23.95,24.08,0,5.3605127129683945,18.558453026553195,24.776985305357012,24.415623715827817,5324,27266.8,-0.1436129056652923,-0.3192906903907904,-0.175677784725498
2026-07-13T15:55:00-04:00,24.08,25.2099,24.08,24.9388,0,5.3605127129683945,18.56394915225394,24.792396228656344,24.520258972662255,40877,28915.15,-0.0711212414156415,-0.2645793364950499,-0.1934580950794084
2026-07-13T15:56:00-04:00,25.0,25.0,24.4,24.57,0,5.3605127129683945,18.56571235918345,24.77121563545098,24.530207178129803,13315,26948.25,-0.0437288115546029,-0.248119109522662,-0.2043902979680591
2026-07-13T15:57:00-04:00,24.625,25.73,24.421,25.64,0,5.3605127129683945,18.57098479544637,24.853957003503268,24.75216574250384,36246,27369.35,0.0458808569796715,-0.1470392267434697,-0.1929200837231412
2026-07-13T15:58:00-04:00,25.55,25.56,24.55,24.85,0,5.3605127129683945,18.57481762660309,24.853580146026765,24.771732594003073,27525,25181.3,0.0509841720139433,-0.129189868705712,-0.1801740407196554
2026-07-13T15:59:00-04:00,24.7338,25.185,24.55,24.907437,0,5.3605127129683945,18.57967216673705,24.858709370214697,24.79887347520246,35496,24979.35,0.0568182639592032,-0.1091512107706513,-0.1659694747298546
2026-07-13T16:00:00-04:00,24.86,27.22,24.6,27.18,0,5.3605127129683945,18.588086648521177,25.079784668289484,25.27509878016197,50093,26520.5,0.2040392260396675,0.0890795578197298,-0.1149596682199377
2026-07-13T16:01:00-04:00,27.0,27.98,26.46,26.66,0,5.3605127129683945,18.602716165154096,25.23028136654763,25.552079024129576,80099,29738.8,0.253481279705982,0.2018919314125398,-0.0515893482934422
2026-07-13T16:02:00-04:00,26.8066,27.87,26.32,27.1499,0,5.3605127129683945,18.61067576041435,25.41310218878119,25.87164321930366,43286,31129.8,0.3029172972972604,0.3270572733281334,0.0241399760308729
2026-07-13T16:03:00-04:00,26.87,27.66,26.5,27.37,0,5.3605127129683945,18.617303005974588,25.599473408897264,26.171314575442928,35835,32298.35,0.3318495983699428,0.4389519739933014,0.1071023756233586
2026-07-13T16:04:00-04:00,27.21,28.6,26.09,26.62,0,5.3605127129683945,18.632953691040633,25.696666417573717,26.261051660354344,85582,35119.9,0.2837480200907072,0.4617874007367426,0.1780393806460354
2026-07-13T16:05:00-04:00,26.5,27.1588,25.3,26.75,0,5.3605127129683945,18.641812516826064,25.796983901614315,26.358841328283475,52967,35287.45,0.2453974878708594,0.4847862404846097,0.2393887526137502
2026-07-13T16:06:00-04:00,26.76,26.99,26.42,26.42,0,5.3605127129683945,18.64409168588579,25.85631876812724,26.37107306262678,13292,34827.05,0.1852536848122998,0.4709558586291251,0.2857021738168253
2026-07-13T16:07:00-04:00,26.42,29.44,26.11,28.89,0,5.3605127129683945,18.660743976245243,26.14524079021036,26.874858450101424,81577,38349.25,0.2928703474059071,0.6517901080742092,0.358919760668302
2026-07-13T16:08:00-04:00,28.77,31.1,28.2,30.15,0,5.3605127129683945,18.68796613298759,26.526646429237942,27.52988676008114,113871,41565.25,0.4221076925460393,0.8865543763508512,0.4644466838048119
2026-07-13T16:09:00-04:00,30.25,30.75,28.17,29.94,0,5.3605127129683945,18.705751494238413,26.85172772169147,28.011909408064913,76044,42036.9,0.4633475928303856,1.043631174842794,0.5802835820124084
2026-07-13T16:10:00-04:00,29.96,30.44,28.86,30.0,0,5.3605127129683945,18.71530301455915,27.151563176768473,28.40952752645193,40398,43120.5,0.4634452420954525,1.159590134631724,0.6961448925362715
2026-07-13T16:11:00-04:00,30.15,32.5,30.01,31.4515,0,5.3605127129683945,18.750124558150713,27.56108096945719,29.017922021161542,129592,49054.6,0.5254966002938626,1.3530156429035998,0.8275190426097372
2026-07-13T16:12:00-04:00,31.53,32.5,30.3,31.0,0,5.3605127129683945,18.76630148305303,27.888597067604124,29.41433761692924,60709,51548.6,0.5004837809830146,1.4531237688385057,0.9526399878554908
2026-07-13T16:13:00-04:00,30.93,31.0,29.57,30.32,0,5.3605127129683945,18.7739602672201,28.120159251641827,29.59547009354339,31221,52667.45,0.4064889952861168,1.4607512319631368,1.05426223667702
2026-07-13T16:14:00-04:00,30.49,31.89,30.32,30.8,0,5.3605127129683945,18.78736954269397,28.375382180056892,29.83637607483471,51595,54981.0,0.3472870308304201,1.488371025215045,1.141083994384625
2026-07-13T16:15:00-04:00,30.75,32.2,30.4915,30.92,0,5.3605127129683945,18.79929875464331,28.61772673433719,30.053100859867772,45252,55199.75,0.2892301011165625,1.502621620780328,1.2133915196637657
2026-07-13T16:16:00-04:00,31.05,31.7,30.23,30.8,0,5.3605127129683945,18.807328345657357,28.825562283447933,30.20248068789422,31249,56096.45,0.2189588439640917,1.4870900746188802,1.2681312306547885
2026-07-13T16:17:00-04:00,30.9,32.0,30.23,30.534,0,5.3605127129683945,18.820967950468717,28.98827063740527,30.268784550315377,53127,56940.5,0.1348991880080288,1.4367552156648244,1.3018560276567956
2026-07-13T16:18:00-04:00,30.5,30.6,29.5,30.4253,0,5.3605127129683945,18.829985671441538,29.12513057670001,30.3000876402523,37505,57439.5,0.0563348328565107,1.372274568727434,1.3159397358709233
2026-07-13T16:19:00-04:00,30.45,30.45,29.1,29.55,0,5.3605127129683945,18.83442166628929,29.165594331300007,30.15007011220184,19279,56628.65,-0.0637177204559718,1.2362925853009583,1.3000103057569303
2026-07-13T16:20:00-04:00,29.57,30.0,28.97,28.97,0,5.3605127129683945,18.83730270560273,29.146966299747625,29.914056089761473,12992,54773.6,-0.184490337694654,1.0693973836386128,1.2538877213332669
2026-07-13T16:21:00-04:00,28.88,29.4224,28.65,29.08,0,5.3605127129683945,18.842071080054936,29.14058855691452,29.74724487180918,22072,51872.25,-0.2549284980570343,0.935227098761974,1.1901555968190085
2026-07-13T16:22:00-04:00,29.0,29.65,28.77,29.33,0,5.3605127129683945,18.84505545679284,29.15862774197028,29.663795897447343,13560,50385.95,-0.2806100046818052,0.8393930909667517,1.120003095648557
2026-07-13T16:23:00-04:00,29.49,30.5,29.16,30.17,0,5.3605127129683945,18.84902349875066,29.25494890940168,29.765036717957877,16914,49439.9,-0.2386006521957091,0.8217522804039206,1.0603529325996297
2026-07-13T16:24:00-04:00,30.25,31.96,29.97,31.22,0,5.3605127129683945,18.864483154133264,29.44209663231581,30.0560293743663,60018,48161.7,-0.1424206517312556,0.8823271179355601,1.0247477696668157
2026-07-13T16:25:00-04:00,31.22,31.27,30.23,30.4501,0,5.3605127129683945,18.871907789619502,29.538096953047635,30.13484349949304,29859,47006.3,-0.1331466140358106,0.8583145021220524,0.991461116157863
2026-07-13T16:26:00-04:00,30.82,30.82,29.63,30.0,0,5.3605127129683945,18.87567756028332,29.582087719424052,30.10787479959443,15848,47134.1,-0.1581173535812482,0.7938144241813028,0.951931777762551
2026-07-13T16:27:00-04:00,30.01,41.0,29.65,36.0,0,5.3605127129683945,18.94543928211124,30.193317460431285,31.286299839675547,199198,53015.15,0.2087476461824524,1.2128663354906166,1.0041186893081642
2026-07-13T16:28:00-04:00,35.74,39.37,35.72,37.95,0,5.3605127129683945,18.981183152756618,30.9320491308664,32.61903987174044,91013,51872.25,0.5430387101496081,1.6829170769951745,1.1398783668455663
2026-07-13T16:29:00-04:00,37.77,37.96,36.0,36.58,0,5.3605127129683945,19.00047679044958,31.469949213641023,33.411231897392355,51572,50648.65,0.6262766333180299,1.9227241584931036,1.2964475251750738
2026-07-13T16:30:00-04:00,36.4,37.0,34.25,35.4,0,5.3605127129683945,19.01435052733232,31.844239764722833,33.80898551791388,40067,50632.1,0.5584937870600257,1.994564759000106,1.4360709719400802
2026-07-13T16:31:00-04:00,35.5437,37.55,35.19,36.41,0,5.3605127129683945,19.03030549729466,32.279074072844466,34.32918841433111,43944,46349.7,0.5380951005390182,2.108689847613853,1.5705947470748347
2026-07-13T16:32:00-04:00,36.25,37.5,34.5,35.54,0,5.3605127129683945,19.04161482571067,32.589638446859276,34.57135073146488,32194,44923.95,0.4272615846553129,2.104671727893976,1.677410143238663
2026-07-13T16:33:00-04:00,35.73,36.38,35.0,36.22,0,5.3605127129683945,19.0473274098751,32.93538716620601,34.901080585171904,16259,44175.85,0.3634989091270062,2.131783779647421,1.7682848705204146
2026-07-13T16:34:00-04:00,35.96,36.73,35.02,36.25,0,5.3605127129683945,19.055535498563884,33.251064578948295,35.17086446813752,23197,42755.95,0.2902719002101064,2.1311247457830476,1.8408528455729412
2026-07-13T16:35:00-04:00,36.6,38.1,34.75,35.15,0,5.3605127129683945,19.08427481263519,33.43191557142941,35.16669157451002,81398,44563.25,0.1421759627986647,2.018572799071272,1.8763968362726071
2026-07-13T16:36:00-04:00,35.1,35.6963,31.54,32.06,0,5.3605127129683945,19.113658881730913,33.301256945578984,34.545353259608014,100835,48042.55,-0.1724041335605499,1.66089166932192,1.83329580288247
2026-07-13T16:37:00-04:00,32.32,32.9,30.85,31.16,0,5.3605127129683945,19.125746956842868,33.0973277126667,33.86828260768641,46467,47709.55,-0.4346888392891475,1.2899347537710355,1.724623593060183
2026-07-13T16:38:00-04:00,31.49,32.4,30.56,32.1,0,5.3605127129683945,19.13612706969659,33.002344120984155,33.51462608614913,39814,47825.0,-0.532031164403568,1.059584637555723,1.591615801959291
2026-07-13T16:39:00-04:00,32.1,32.5,31.94,32.1,0,5.3605127129683945,19.147313893145416,32.91640658565233,33.231700868919305,41355,48928.8,-0.57966395262698,0.867035861175566,1.446699813802546
2026-07-13T16:40:00-04:00,32.0997,32.1,29.73,30.01,0,5.3605127129683945,19.159018087428272,32.63960595844735,32.587360695135445,49272,50742.8,-0.7257005226696662,0.5395741604654631,1.2652746831351294
2026-07-13T16:41:00-04:00,30.19,31.54,30.19,31.26,0,5.3605127129683945,19.165403429580454,32.5082149147857,32.321888556108355,26051,50941.75,-0.7109541830067121,0.3765819543767392,1.0875361373834511
2026-07-13T16:42:00-04:00,31.27,31.39,30.67,31.39,0,5.3605127129683945,19.168522880451867,32.40171825623468,32.13551084488668,12574,50892.45,-0.6660606329966064,0.2549603461376932,0.9210209791342996
2026-07-13T16:43:00-04:00,31.39,32.1493,31.0,31.0,0,5.3605127129683945,19.17249838118372,32.26822127945042,31.908408675909342,15728,50833.15,-0.6362918879363991,0.1256561192138008,0.7619480071502
2026-07-13T16:44:00-04:00,31.4785,31.54,30.6701,30.98,0,5.3605127129683945,19.17498338506158,32.14553353855038,31.722726940727476,10101,48337.3,-0.5925008308754494,0.0213219685558883,0.6138227994313377
2026-07-13T16:45:00-04:00,30.81,31.97,30.72,31.5,0,5.3605127129683945,19.17816176721915,32.08405415392654,31.678181552581982,12573,47473.0,-0.5064044921764816,-0.0191828157892643,0.4872216763872172
2026-07-13T16:46:00-04:00,31.34,32.68,31.34,32.68,0,5.3605127129683945,19.18546048912304,32.140810901171626,31.878545242065584,27044,48032.8,-0.3550314784859402,0.0434323282797919,0.3984638067657322
2026-07-13T16:47:00-04:00,32.55,32.85,31.19,31.8986,0,5.3605127129683945,19.190667149886124,32.117743196298136,31.882556193652466,19694,39057.6,-0.2950423102967386,0.0296609188948089,0.3247032291915475
2026-07-13T16:48:00-04:00,31.8828,31.8828,30.25,31.0,0,5.3605127129683945,19.194531350803754,32.01129146331736,31.70604495492197,15781,35296.0,-0.3022824664857087,-0.0531498539155883,0.2491326125701203
2026-07-13T16:49:00-04:00,30.7,31.13,30.5,30.76,0,5.3605127129683945,19.19639975332928,31.89212084776333,31.516835963937577,7797,33107.25,-0.3085618435183605,-0.1365696918278303,0.1719921516905302
2026-07-13T16:50:00-04:00,30.65,30.99,30.25,30.74,0,5.3605127129683945,19.1985366744751,31.782395052738252,31.36146877115006,9027,31555.25,-0.2991666865720777,-0.2019662065245668,0.0972004800475108
2026-07-13T16:51:00-04:00,30.65,30.94,30.52,30.85,0,5.3605127129683945,19.199356224870705,31.693595523906037,31.25917501692005,3430,29529.55,-0.2714613873556762,-0.2421262541470845,0.0293351332085917
2026-07-13T16:52:00-04:00,30.7422,31.05,30.37,30.37,0,5.3605127129683945,19.201556699064916,31.567538807343556,31.08134001353604,9352,28387.45,-0.2707657094961756,-0.3091220036616278,-0.0383562941654521
2026-07-13T16:53:00-04:00,30.46,30.4654,29.53,30.39,0,5.3605127129683945,19.2060906185822,31.455392254263217,30.943072010828832,20107,28579.85,-0.254509645891762,-0.3564933515301547,-0.1019837056383927
2026-07-13T16:54:00-04:00,30.01,30.2,28.0,28.3471,0,5.3605127129683945,19.20988273759376,31.15936442052386,30.423877608663062,19064,28373.2,-0.3604221833976794,-0.552511434885492,-0.1920892514878125
2026-07-13T16:55:00-04:00,28.6761,29.6,28.39,29.01,0,5.3605127129683945,19.21590303276509,30.95466304714064,30.141102086930452,29829,25794.75,-0.363856213232508,-0.6469095180284476,-0.2830533047959396
2026-07-13T16:56:00-04:00,29.0,29.77,29.0,29.6,0,5.3605127129683945,19.217657115884357,30.82564751884153,30.032881669544363,8310,21168.5,-0.3067016880611012,-0.6664304148723161,-0.3597287268112149
2026-07-13T16:57:00-04:00,29.56,30.34,29.48,30.34,0,5.3605127129683945,19.22075087631961,30.779395374189956,30.09430533563549,13856,19537.95,-0.2042958803009024,-0.615098577187343,-0.4108026968864405
2026-07-13T16:58:00-04:00,30.3244,30.5,29.0793,29.41,0,5.3605127129683945,19.22338566979756,30.64897676712425,29.957444268508393,12248,18159.65,-0.1850055938769244,-0.642059689232596,-0.4570540953556716
2026-07-13T16:59:00-04:00,29.21,29.95,29.21,29.8,0,5.3605127129683945,19.224084578233462,30.568121836921936,29.925955414806715,3253,16254.55,-0.1341607532907442,-0.624755036969102,-0.4905942836783577
2026-07-13T17:00:00-04:00,29.95,30.49,29.8,30.0,0,5.3605127129683945,19.226397008179116,30.514014995310323,29.940764331845372,10327,14307.3,-0.0780230766603162,-0.588123129503753,-0.5101000528434367
2026-07-13T17:01:00-04:00,30.0,30.4,29.7501,30.38,0,5.3605127129683945,19.227365537120523,30.501251662423623,30.0286114654763,4295,13219.5,-0.0098457728473768,-0.5224072689026578,-0.5125614960552809
2026-07-13T17:02:00-04:00,30.3,30.9,30.2447,30.2447,0,5.3605127129683945,19.229982993351054,30.47681817076423,30.07182917238104,11315,13156.55,0.0294409674563729,-0.4757602867348147,-0.5052012541911877
2026-07-13T17:03:00-04:00,30.35,30.54,29.84,30.08,0,5.3605127129683945,19.23181557241035,30.43902596402478,30.073463337904833,8150,12777.65,0.0466168451744344,-0.4469301977231446,-0.493547042897579
2026-07-13T17:04:00-04:00,30.3,30.3392,29.78,29.83,0,5.3605127129683945,19.23303863394949,30.38102349126051,30.024770670323868,5527,12548.95,0.0434837787471855,-0.4391923194635971,-0.4826760982107826
2026-07-13T17:05:00-04:00,29.81,30.0,29.4901,30.0,0,5.3605127129683945,19.234177064132176,30.344735539711895,30.019816536259093,5220,12181.3,0.0544900105743418,-0.4145635849928553,-0.4690535955671971
2026-07-13T17:06:00-04:00,29.961,30.0,29.8,29.98,0,5.3605127129683945,19.23454410392921,30.309998821644097,30.011853229007276,1668,10912.5,0.0615319658826657,-0.3921386382138649,-0.4536706040965307
2026-07-13T17:07:00-04:00,29.8,30.0,29.7,30.0,0,5.3605127129683945,19.235092146030663,30.280475124344655,30.00948258320582,2497,10052.65,0.0681325012920644,-0.3685049774814501,-0.4366374787735146
2026-07-13T17:08:00-04:00,30.1,30.7,29.8672,30.31,0,5.3605127129683945,19.236994996395016,30.283287017264215,30.069586066564657,8364,9681.8,0.092462187042405,-0.3210597449705084,-0.4135219320129134
2026-07-13T17:09:00-04:00,30.3,31.78,30.3,31.5,0,5.3605127129683945,19.242384201566292,30.39916444419143,30.355668853251725,21917,10387.8,0.1825775625578906,-0.18529997881555,-0.3678775413734407
2026-07-13T17:10:00-04:00,31.68,32.55,31.49,31.7,0,5.3605127129683945,19.253918526461177,30.523053544744627,30.62453508260138,44303,12151.6,0.2456065186682525,-0.060869393038125,-0.3064759117063775
2026-07-13T17:11:00-04:00,31.5,32.4649,31.32,32.32,0,5.3605127129683945,19.26018061729771,30.694191302387996,30.963628066081103,23857,13172.95,0.3145977816831921,0.0867713153976126,-0.2278264662855795
2026-07-13T17:12:00-04:00,32.3871,32.95,31.8,31.8,0,5.3605127129683945,19.27219457469692,30.79950641644628,31.130902452864884,45309,14970.8,0.3102402984137613,0.1599739067316221,-0.1502663916821391
2026-07-13T17:13:00-04:00,31.8,32.4,30.5801,30.5801,0,5.3605127129683945,19.274950728653003,30.77861056726092,31.020741962291908,11277,14529.3,0.214764585146794,0.1181893397513533,-0.0965752453954406
2026-07-13T17:14:00-04:00,30.75,32.1,30.6,31.6,0,5.3605127129683945,19.279809975704666,30.856838132283688,31.13659356983353,19491,14550.65,0.2096320367132663,0.1654648004961423,-0.044167236217124
2026-07-13T17:15:00-04:00,31.98,32.0,30.5,30.8,0,5.3605127129683945,19.283133665733786,30.8514249768281,31.06927485586682,13717,13745.05,0.1447743302317691,0.1368006765725873,-0.0079736536591817
2026-07-13T17:16:00-04:00,30.85,31.19,30.6085,30.8,0,5.3605127129683945,19.283646994560392,30.846527359987327,31.015419884693458,2162,13437.65,0.096606160971129,0.1127840475547294,0.0161778865836004
2026-07-13T17:17:00-04:00,30.8,31.11,30.8,31.05,0,5.3605127129683945,19.284019774716235,30.8659057066552,31.02233590775476,1554,12822.55,0.0771579563093707,0.1126253319703138,0.0354673756609431
2026-07-13T17:18:00-04:00,31.07,31.2784,30.0,30.3575,0,5.3605127129683945,19.286235764911662,30.817486115545183,30.88936872620381,9602,12690.25,0.0164063693469953,0.0559753373446874,0.039568967997692
2026-07-13T17:19:00-04:00,30.35,30.4318,29.56,29.84,0,5.3605127129683945,19.289206467909427,30.724392199778976,30.67949498096305,13605,13207.85,-0.0559179811524332,-0.0303285084428495,0.0255894727095837
2026-07-13T17:20:00-04:00,29.78,30.11,29.7,30.0,0,5.3605127129683945,19.290465664430524,30.655402466466693,30.543595984770437,5773,12980.15,-0.0883406380451419,-0.0848363248468437,0.0035043131982982
2026-07-13T17:21:00-04:00,30.08,30.6,29.82,30.16,0,5.3605127129683945,19.291680331745887,30.60822127918415,30.46687678781635,5439,13037.35,-0.0938526909756257,-0.113811550521234,-0.0199588595456082
2026-07-13T17:22:00-04:00,30.25,30.45,30.25,30.3,0,5.3605127129683945,19.292379147412777,30.5788668716428,30.43350143025308,3090,12626.1,-0.0832711917739421,-0.1240478492630359,-0.0407766574890937
2026-07-13T17:23:00-04:00,30.09,30.15,29.71,29.76,0,5.3605127129683945,19.294113040305607,30.500879550533963,30.298801144202464,8002,12618.7,-0.1063634850589094,-0.1737310138127306,-0.0673675287538211
2026-07-13T17:24:00-04:00,29.86,29.86,29.2703,29.3,0,5.3605127129683945,19.29663099247899,30.38651006953073,30.09904091536197,12078,12946.25,-0.1440034859295558,-0.2473718861657659,-0.10336840023621
2026-07-13T17:25:00-04:00,29.6,29.63,29.23,29.45,0,5.3605127129683945,19.297696085056224,30.297318634337326,29.969232732289576,5131,12941.8,-0.1495315690340646,-0.2902828615287909,-0.1407512924947262
2026-07-13T17:26:00-04:00,29.25,29.5,28.52,28.53,0,5.3605127129683945,19.299196486819405,30.129002573924247,29.681386185831663,7674,13242.1,-0.2025868205348678,-0.393984818163311,-0.1913979976284432
2026-07-13T17:27:00-04:00,28.55,28.82,26.1008,26.29,0,5.3605127129683945,19.30376372743999,29.763383281169556,29.00310894866533,28731,14553.8,-0.3664275163751078,-0.649432393097328,-0.2830048767222202
2026-07-13T17:28:00-04:00,26.29,26.36,25.5,25.52,0,5.3605127129683945,19.307822707820556,29.359251540105788,28.306487158932264,30595,15665.35,-0.4964704542042824,-0.9035929444775732,-0.4071224902732908
2026-07-13T17:29:00-04:00,25.3,26.66,25.03,26.64,0,5.3605127129683945,19.31350115850183,29.100275202952854,27.97318972714581,40869,16612.95,-0.4767656051905624,-1.0030794967614938,-0.5263138915709313
2026-07-13T17:30:00-04:00,26.6,27.4,26.6,27.4,0,5.3605127129683945,19.315183866847352,28.938344231243057,27.85855178171665,10537,14924.65,-0.3861224189468242,-1.0089669152544616,-0.6228444963076374
2026-07-13T17:31:00-04:00,27.21,27.964,27.21,27.6,0,5.3605127129683945,19.317101731568847,28.810882875886577,27.80684142537332,11350,14299.3,-0.2906259634755187,-0.9861269506520358,-0.6955009871765171
2026-07-13T17:32:00-04:00,27.65,27.65,27.1998,27.2499,0,5.3605127129683945,19.31796971684905,28.662217840087855,27.695453140298657,5282,12297.95,-0.231537356379788,-0.984922682651252,-0.753385326271464
2026-07-13T17:33:00-04:00,27.35,27.41,27.27,27.35,0,5.3605127129683945,19.318168282234645,28.53724471246044,27.626362512238927,1212,11794.7,-0.1691075730107931,-0.9647697925349554,-0.7956622195241623
2026-07-13T17:34:00-04:00,27.3005,27.3316,27.27,27.27,0,5.3605127129683945,19.31829083177363,28.41655473984516,27.55509000979114,753,10857.8,-0.1189644083753096,-0.9443677299932992,-0.8254033216179897
2026-07-13T17:35:00-04:00,27.25,27.37,25.6,25.84,0,5.3605127129683945,19.31892994760603,28.17116857414562,27.212072007832912,4504,10397.15,-0.1650335480816046,-1.0316952567199955,-0.8666617086383909
2026-07-13T17:36:00-04:00,25.9892,26.3,25.84,26.24,0,5.3605127129683945,19.319651355700422,27.98724775756033,27.01765760626633,5192,10548.65,-0.1518292061529496,-1.056448216329578,-0.9046190101766284
2026-07-13T17:37:00-04:00,26.2,26.54,26.15,26.54,0,5.3605127129683945,19.319872761521736,27.849414637792677,26.922126085013065,1530,10547.45,-0.1082013045857589,-1.039870640908827,-0.931669336323068
2026-07-13T17:38:00-04:00,26.6,26.66,26.4,26.4,0,5.3605127129683945,19.31997719670008,27.71137514847909,26.817700868010448,714,10103.05,-0.0756247113510201,-1.0262002255118432,-0.9505755141608232
2026-07-13T17:39:00-04:00,26.326,26.326,25.99,26.016,0,5.3605127129683945,19.320273077314916,27.549910848623934,26.657360694408357,2135,9529.55,-0.0670817288843053,-1.0344276752662047,-0.9673459463818994
2026-07-13T17:40:00-04:00,25.95,25.9714,25.6,25.6,0,5.3605127129683945,19.32065491458459,27.364205053516898,26.44588855552669,2922,9387.0,-0.0759396577088903,-1.0622705185180124,-0.986330860809122
2026-07-13T17:41:00-04:00,25.53,25.8514,25.5,25.8514,0,5.3605127129683945,19.321226950899916,27.220128381753383,26.32699084442135,4371,9333.6,-0.0524748026803311,-1.051924364159536,-0.9994495614792048
2026-07-13T17:42:00-04:00,25.86,27.0,25.7,26.72,0,5.3605127129683945,19.322904428586313,27.17249710730068,26.40559267553708,11497,9753.95,0.0295271433946952,-0.962540632235836,-0.9920677756305312
2026-07-13T17:43:00-04:00,26.69,26.751,26.4091,26.501,0,5.3605127129683945,19.323699720291003,27.10854500184347,26.424674140429666,5392,9623.45,0.0744449370700836,-0.8990116042929266,-0.9734565413630102
2026-07-13T17:44:00-04:00,26.21,26.21,25.98,26.0,0,5.3605127129683945,19.323933558791996,27.00296928738219,26.33973931234373,1701,9104.6,0.0755981812263713,-0.878958814830046,-0.9545569960564172
2026-07-13T17:45:00-04:00,26.15,27.0,26.15,26.8,0,5.3605127129683945,19.32447476482833,26.983638879060077,26.431791449874986,3622,9029.15,0.1321146757198159,-0.7894136514066474,-0.9215283271264634
2026-07-13T17:46:00-04:00,26.85,27.3018,26.78,27.3018,0,5.3605127129683945,19.32529815816435,27.01393993819721,26.60579315989999,5174,8904.15,0.2010375515093245,-0.6702313877398076,-0.8712689392491322
2026-07-13T17:47:00-04:00,27.31,27.53,27.1509,27.53,0,5.3605127129683945,19.32623118139115,27.06308851551176,26.79063452791999,5664,7750.8,0.2562047376390053,-0.5510130172003755,-0.8072177548393809
2026-07-13T17:48:00-04:00,27.6,27.6,27.11,27.2,0,5.3605127129683945,19.32698701120178,27.076127704510643,26.87250762233599,4647,6453.4,0.2636512065605381,-0.4776537466387083,-0.7413049531992464
2026-07-13T17:49:00-04:00,27.23,27.23,27.2088,27.2088,0,5.3605127129683945,19.327261412045424,27.088763161223916,26.939766097868795,1706,4495.25,0.2618174083048694,-0.4140331928181595,-0.675850601123029
2026-07-13T17:50:00-04:00,27.16,27.16,26.15,26.7,0,5.3605127129683945,19.32773236769781,27.05173809825021,26.891812878295035,3146,4125.7,0.2206342914801906,-0.4000577367727906,-0.6206920282529813
2026-07-13T17:51:00-04:00,26.19,26.45,26.1,26.1,0,5.3605127129683945,19.32810242805243,26.961096374607333,26.73345030263603,2635,3689.95,0.1506236300150754,-0.4324124907341371,-0.5830361207492125
2026-07-13T17:52:00-04:00,26.13,26.55,26.13,26.4,0,5.3605127129683945,19.32824692678641,26.90765862464473,26.666760242108825,1008,3476.25,0.1233070923278825,-0.4289022553393593,-0.5522093476672418
2026-07-13T17:53:00-04:00,26.45,26.45,26.27,26.27,0,5.3605127129683945,19.328420633885727,26.84692923182142,26.587408193687057,1217,3476.5,0.0964597450985917,-0.431634666294002,-0.5280944113925938
2026-07-13T17:54:00-04:00,26.25,26.25,25.63,25.75,0,5.3605127129683945,19.32927605255101,26.74245978117176,26.419926554949647,6409,3759.3,0.0462051195037132,-0.4703380120129523,-0.5165431315166655
2026-07-13T17:55:00-04:00,25.75,26.3,25.75,26.3,0,5.3605127129683945,19.32982288984948,26.7003207543935,26.39594124395972,3953,3731.75,0.0520932852903562,-0.4514265249037201,-0.5035198101940764
2026-07-13T17:56:00-04:00,26.38,26.4001,26.21,26.22,0,5.3605127129683945,19.330009777384124,26.654575920641737,26.360752995167775,1320,3538.15,0.0525381383283632,-0.4378471372836223,-0.4903852756119856
2026-07-13T17:57:00-04:00,26.26,26.26,25.76,25.93,0,5.3605127129683945,19.330146186849884,26.585568690104427,26.27460239613422,1006,3511.95,0.0360264540123475,-0.4453522080965513,-0.4813786621088988
2026-07-13T17:58:00-04:00,25.9053,26.05,25.9,26.05,0,5.3605127129683945,19.330401730685068,26.53456214818972,26.229681916907374,1880,3570.25,0.0358354409508024,-0.4365843609203956,-0.4724198018711981
2026-07-13T17:59:00-04:00,26.2,26.2,25.9416,26.19,0,5.3605127129683945,19.33050536032587,26.501746705504985,26.2217455335259,750,3501.0,0.0470785987255971,-0.4135715534642017,-0.4606501521897989
2026-07-13T18:00:00-04:00,26.0,26.25,26.0,26.2,0,5.3605127129683945,19.330856671120323,26.47300892402832,26.21739642682072,2528,3481.3,0.0564954904091046,-0.390030789178418,-0.4465262795875227
2026-07-13T18:01:00-04:00,26.2,26.75,26.2,26.6362,0,5.3605127129683945,19.331544527818615,26.488550931263717,26.301157141456574,4690,3497.25,0.0913443885331043,-0.3323457939211423,-0.4236901824542466
2026-07-13T18:02:00-04:00,26.6,26.6,25.99,25.99,0,5.3605127129683945,19.33170768966213,26.44106989019098,26.23892571316526,1167,2980.75,0.0710223071146562,-0.3349122985609263,-0.4059346056755825
2026-07-13T18:03:00-04:00,25.74,25.88,25.74,25.88,0,5.3605127129683945,19.332130918206804,26.387634662553744,26.167140570532208,3195,2870.9,0.0512425987818742,-0.3418813571982397,-0.3931239559801139
2026-07-13T18:04:00-04:00,25.88,26.25,25.88,26.0,0,5.3605127129683945,19.332594967669287,26.350717075643864,26.13371245642577,3394,2955.55,0.0474009948170235,-0.3338727124588345,-0.3812737072758581
2026-07-13T18:05:00-04:00,25.92,25.9522,25.9,25.92,0,5.3605127129683945,19.332743351640968,26.30969640177302,26.090969965140612,1105,2829.7,0.0408788999064331,-0.3301750823928167,-0.3710539822992498
2026-07-13T18:06:00-04:00,25.9,25.9,25.15,25.3223,0,5.3605127129683945,19.33339223594916,26.215658649223208,25.93723597211249,5201,2831.05,-0.0001129516469873,-0.371195171857984,-0.3710822202109966
2026-07-13T18:07:00-04:00,25.35,25.4344,25.0399,25.04,0,5.3605127129683945,19.33469414520378,26.103691158820997,25.757788777689992,10950,3095.35,-0.0404325696719815,-0.4216229323009735,-0.381190362628992
2026-07-13T18:08:00-04:00,25.0,25.02,24.08,24.08,0,5.3605127129683945,19.336275153208888,25.910958667504712,25.42223102215199,15351,3630.55,-0.1213743005070852,-0.5329082382628485,-0.4115339377557633
2026-07-13T18:09:00-04:00,24.08,24.5,24.08,24.2,0,5.3605127129683945,19.336844672527945,25.748010222980454,25.17778481772159,5682,3829.35,-0.1543343718847892,-0.6044519026117499,-0.4501175307269606
2026-07-13T18:10:00-04:00,24.11,24.11,23.5,23.91,0,5.3605127129683945,19.33768760981965,25.57296163031565,24.924227854177275,9197,4131.9,-0.1813061301813371,-0.676750193453632,-0.4954440632722948
2026-07-13T18:11:00-04:00,24.0669,24.54,24.0669,24.54,0,5.3605127129683945,19.33818624754089,25.47458433219035,24.84738228334182,4857,4243.0,-0.143985141655503,-0.6754254903416737,-0.5314403486861706
2026-07-13T18:12:00-04:00,24.75,24.75,24.1912,24.38,0,5.3605127129683945,19.338386746941968,25.37033820531508,24.753905826673456,1931,4289.15,-0.1184109160203468,-0.6794539937116042,-0.5610430776912574
2026-07-13T18:13:00-04:00,24.31,24.31,24.19,24.27,0,5.3605127129683945,19.338460110924007,25.265544090523168,24.657124661338766,733,4264.95,-0.0980792113390907,-0.6836420918651207,-0.58556288052603
2026-07-13T18:14:00-04:00,24.31,24.33,23.79,23.79,0,5.3605127129683945,19.3387802632142,25.125016081901915,24.483699729071013,3397,4114.35,-0.1054882320336789,-0.7174231705681287,-0.6119349385344497
2026-07-13T18:15:00-04:00,23.59,23.63,23.09,23.35,0,5.3605127129683945,19.339439701386866,24.95596693124459,24.25695978325681,8067,4320.05,-0.1271030732874665,-0.7708137801437829,-0.6437107068563164
2026-07-13T18:16:00-04:00,23.22,23.75,23.22,23.5,0,5.3605127129683945,19.340079269511484,24.8173034139832,24.105567826605448,7575,4632.8,-0.1185466466931769,-0.7918940152227876,-0.6733473685296106
2026-07-13T18:17:00-04:00,23.6583,24.0,23.6583,23.9,0,5.3605127129683945,19.340420548252684,24.729941184080037,24.064454261284357,3718,4768.4,-0.0753033882054476,-0.7674766037864202,-0.6921732155809726
2026-07-13T18:18:00-04:00,23.8328,24.22,23.8328,24.19,0,5.3605127129683945,19.34077526950765,24.678518214167653,24.089563409027487,3679,4858.35,-0.0194342899144512,-0.7164660779740366,-0.6970317880595853
2026-07-13T18:19:00-04:00,24.15,24.2619,24.1,24.25,0,5.3605127129683945,19.341105517655382,24.637706955675498,24.12165072722199,3339,4987.8,0.0267859217101508,-0.6635493859218968,-0.6903353076320476
2026-07-13T18:20:00-04:00,24.0343,24.19,24.01,24.1579,0,5.3605127129683945,19.34132503190143,24.59201105513497,24.128900581777593,2259,4974.35,0.0547677410331407,-0.6218756313406217,-0.6766433723737625
2026-07-13T18:21:00-04:00,24.1074,24.18,24.01,24.17,0,5.3605127129683945,19.341412592149297,24.5518195260745,24.137120465422075,901,4784.9,0.0763762100007838,-0.5811731098727826,-0.6575493198735665
2026-07-13T18:22:00-04:00,24.18,24.5,24.18,24.4,0,5.3605127129683945,19.341768756785765,24.537360523591214,24.18969637233766,3490,4901.05,0.1065890269023862,-0.5243130362455837,-0.6309020631479699
2026-07-13T18:23:00-04:00,24.2,24.2,24.2,24.2,0,5.3605127129683945,19.341788515118225,24.50523094991586,24.191757097870127,200,4751.3,0.1129265432141314,-0.4897438841303057,-0.6026704273444371
2026-07-13T18:24:00-04:00,24.22,24.35,24.22,24.35,0,5.3605127129683945,19.341843335964953,24.490447049923873,24.223405678296103,543,4608.75,0.1260460604817852,-0.4451128517422056,-0.5711589122239908
2026-07-13T18:25:00-04:00,24.35,24.55,24.24,24.55,0,5.3605127129683945,19.34209837196608,24.496118759454937,24.28872454263688,2457,4676.35,0.1456322565078108,-0.3891185915892272,-0.5347508480970381
2026-07-13T18:26:00-04:00,24.55,25.0,24.55,24.87,0,5.3605127129683945,19.342727208734203,24.531726496649704,24.404979634109505,5660,4699.3,0.1755710950260247,-0.3152869793145072,-0.4908580743405319
2026-07-13T18:27:00-04:00,24.8837,25.1,24.75,25.1,0,5.3605127129683945,19.343348596527303,24.585847782683064,24.543983707287605,5419,4422.75,0.2042855741240818,-0.2355011066854295,-0.4397866808095114
2026-07-13T18:28:00-04:00,25.0,25.45,24.9804,25.1527,0,5.3605127129683945,19.34417776935098,24.63983370814182,24.66572696583009,6972,4003.8,0.2189469080735987,-0.166103045717513,-0.3850499537911117
2026-07-13T18:29:00-04:00,25.23,25.3,25.0,25.11,0,5.3605127129683945,19.344524137660716,24.68461145022355,24.75458157266407,2942,3866.8,0.2174442021262232,-0.1132447011333326,-0.3306889032595559
2026-07-13T18:30:00-04:00,25.21,25.23,24.91,25.0,0,5.3605127129683945,19.345473631120036,24.714648454964163,24.803665258131257,8194,3816.65,0.2010984353538159,-0.079315859067286,-0.2804142944211019
2026-07-13T18:31:00-04:00,24.92,24.92,24.55,24.7,0,5.3605127129683945,19.34580682570401,24.713253364015195,24.782932206505,3049,3726.25,0.1637224975809025,-0.0757611724449738,-0.2394836700258763
2026-07-13T18:32:00-04:00,24.5997,24.6,24.57,24.6,0,5.3605127129683945,19.34593928116885,24.70246732934708,24.746345765204,1243,3691.85,0.1275149405397455,-0.0800899943511943,-0.2076049348909399
2026-07-13T18:33:00-04:00,24.47,24.47,24.05,24.1,0,5.3605127129683945,19.34613681145018,24.645089488456883,24.617076612163203,2000,3755.2,0.0681200640060256,-0.1224548548834079,-0.1905749188894335
2026-07-13T18:34:00-04:00,24.05,24.35,24.01,24.01,0,5.3605127129683945,19.346532330298743,24.584604775270513,24.495661289730563,4075,3789.1,0.0233153851607779,-0.161430687438461,-0.184746072599239
2026-07-13T18:35:00-04:00,24.02,24.3038,24.02,24.3,0,5.3605127129683945,19.346620530888675,24.557499558578083,24.456529031784452,893,3430.4,0.0142018666405617,-0.1669937392985367,-0.1811956059390985
2026-07-13T18:36:00-04:00,24.2,24.2,23.58,23.6288,0,5.3605127129683945,19.346968534471426,24.469051981570647,24.29098322542756,3844,3243.85,-0.0334372857287491,-0.222992213100035,-0.1895549273712858
2026-07-13T18:37:00-04:00,23.6148,23.62,23.29,23.5,0,5.3605127129683945,19.347176334782283,24.376761316659156,24.13278658034205,2481,3182.0,-0.0680353247494117,-0.2745990833080505,-0.2065637585586388
2026-07-13T18:38:00-04:00,23.79,23.99,23.7899,23.99,0,5.3605127129683945,19.347464030820003,24.33992690554876,24.10422926427364,3095,3152.8,-0.0530003235578691,-0.2728141630059753,-0.2198138394481061
2026-07-13T18:39:00-04:00,24.0899,24.13,23.99,23.99,0,5.3605127129683945,19.347756341235595,24.306600533591737,24.08138341141891,3069,3139.3,-0.038794310732119,-0.2683067278632549,-0.2295124171311358
2026-07-13T18:40:00-04:00,24.022,24.05,23.91,24.0,0,5.3605127129683945,19.347972670866493,24.277400482773476,24.065106729135127,2296,3141.15,-0.025125997700906,-0.2609199142572684,-0.2357939165563623
2026-07-13T18:41:00-04:00,24.0,24.4,24.0,24.33,0,5.3605127129683945,19.348254436284847,24.282409960604575,24.118085383308102,2834,3237.8,0.0079676996140348,-0.2258342920388187,-0.2338019916528536
2026-07-13T18:42:00-04:00,24.23,24.33,24.16,24.16,0,5.3605127129683945,19.348530679903053,24.270751869118424,24.126468306646483,2794,3203.0,0.0195750332598378,-0.2093332000780563,-0.2289082333378941
2026-07-13T18:43:00-04:00,24.3144,24.3144,24.3144,24.3144,0,5.3605127129683945,19.34854792510943,24.27490883396429,24.164054645317183,171,3201.55,0.0377644894899736,-0.1817026214754271,-0.2194671109654007
2026-07-13T18:44:00-04:00,24.33,24.33,24.16,24.3,0,5.3605127129683945,19.34862707453228,24.277298468824835,24.191243716253748,793,3214.05,0.0482674767238851,-0.1591327650605443,-0.2074002417844294
2026-07-13T18:45:00-04:00,24.16,24.24,24.0,24.0,0,5.3605127129683945,19.348966615797544,24.25088909084152,24.152994973002997,3534,3267.9,0.0350658140271682,-0.1635679742504692,-0.1986337882776374
2026-07-13T18:46:00-04:00,24.09,24.09,23.85,23.88,0,5.3605127129683945,19.349069817567617,24.215566320285184,24.098395978402397,1107,3040.25,0.0191058463665154,-0.1747514803194931,-0.1938573266860085
2026-07-13T18:47:00-04:00,23.87,23.87,23.87,23.87,0,5.3605127129683945,19.34915491734693,24.182655242162785,24.05271678272192,927,2815.65,0.0092300714004389,-0.1823197374354599,-0.1915498088358988
2026-07-13T18:48:00-04:00,24.09,24.09,23.85,23.85,0,5.3605127129683945,19.349193240398808,24.150973790528234,24.012173426177537,412,2487.65,0.0030262411496387,-0.1877670073988504,-0.1907932485484891
2026-07-13T18:49:00-04:00,23.937,24.09,23.937,24.0,0,5.3605127129683945,19.349338383702896,24.13659533428745,24.00973874094203,1534,2417.25,0.0102912351753542,-0.1779292045792964,-0.1882204397546506
2026-07-13T18:50:00-04:00,23.9,24.02,23.77,24.0,0,5.3605127129683945,19.349462177324263,24.1235862548315,24.007790992753623,1331,2074.1,0.0160212789521259,-0.1681938410644932,-0.1842151200166191
2026-07-13T18:51:00-04:00,24.02,24.02,23.9909,23.9909,0,5.3605127129683945,19.349542449057545,24.110949468657072,24.0044127942029,850,1964.15,0.0198716108103115,-0.1593756065037297,-0.1792472173140412
2026-07-13T18:52:00-04:00,23.93,23.9413,23.93,23.9401,0,5.3605127129683945,19.349640251393456,24.094678090689733,23.99155023536232,1050,1954.5,0.0196354468937745,-0.154702908696823,-0.1743383555905976
2026-07-13T18:53:00-04:00,24.0,24.86,24.0,24.53,0,5.3605127129683945,19.350186841615574,24.136137320147853,24.099240188289855,5265,2117.75,0.0576935507496345,-0.1022214171535544,-0.159914967903189
2026-07-13T18:54:00-04:00,24.5,24.5,24.27,24.3,0,5.3605127129683945,19.350301792926356,24.15174328965758,24.139392150631885,1131,1970.55,0.0653030932333547,-0.0782861013614955,-0.1435891945948502
2026-07-13T18:55:00-04:00,24.3507,24.39,24.35,24.35,0,5.3605127129683945,19.350496267634487,24.17062488111877,24.181513720505507,1911,2021.45,0.0711492694545181,-0.0546526077767026,-0.1258018772312207
2026-07-13T18:56:00-04:00,24.34,24.3692,24.33,24.35,0,5.3605127129683945,19.35062697806458,24.18770822577412,24.215210976404407,1288,1893.65,0.0722306888785444,-0.0355135161330402,-0.1077442050115846
2026-07-13T18:57:00-04:00,24.1,24.1,23.84,23.84,0,5.3605127129683945,19.350787955022582,24.154593156652776,24.140168781123524,1733,1856.25,0.0375573243599061,-0.0607975495617019,-0.0983548739216081
2026-07-13T18:58:00-04:00,23.89,23.9844,23.88,23.9844,0,5.3605127129683945,19.350891572788573,24.138384284590607,24.10901502489882,1110,1757.0,0.023967867477359,-0.0683950395749093,-0.0923629070522683
2026-07-13T18:59:00-04:00,23.9994,23.9994,23.9994,23.9994,0,5.3605127129683945,19.350902046514577,24.12514768605817,24.087092019919055,111,1609.1,0.0159931439070553,-0.0723714771684491,-0.0883646210755045
2026-07-13T19:00:00-04:00,23.99,24.05,23.99,24.05,0,5.3605127129683945,19.35094231718529,24.11799076357644,24.07967361593525,424,1515.5,0.0141911318104308,-0.070625706312466,-0.0848168381228968
2026-07-13T19:01:00-04:00,24.19,24.19,23.8918,23.9831,0,5.3605127129683945,19.35104337963354,24.105144024188206,24.0603588927482,1066,1427.1,0.0088216001734618,-0.0737898379060695,-0.0826114380795313
2026-07-13T19:02:00-04:00,23.89,23.89,23.88,23.88,0,5.3605127129683945,19.351073646130313,24.083701736170283,24.024287114198557,329,1303.85,-0.0008328095173343,-0.0836524499761992,-0.0828196404588649
2026-07-13T19:03:00-04:00,23.84,23.85,23.83,23.85,0,5.3605127129683945,19.351212057515855,24.06144442796359,23.989429691358847,1518,1371.2,-0.0079998282848239,-0.0928194258148948,-0.0848195975300709
2026-07-13T19:04:00-04:00,23.94,24.1899,23.9,24.1899,0,5.3605127129683945,19.35132851742474,24.073678291967056,24.029523753087076,1210,1392.05,0.0103922954293919,-0.071829228243331,-0.0822215236727229
2026-07-13T19:05:00-04:00,24.04,24.1646,24.04,24.1454,0,5.3605127129683945,19.351399122297355,24.080508930827335,24.052699002469662,730,1251.85,0.0192850528566832,-0.0581152076018689,-0.0774002604585521
2026-07-13T19:06:00-04:00,24.17,24.2,24.14,24.2,0,5.3605127129683945,19.351479777424444,24.091889032653302,24.08215920197573,823,1237.65,0.0280379944376183,-0.0423527674115291,-0.0703907618491475
2026-07-13T19:07:00-04:00,24.15,24.176,24.15,24.176,0,5.3605127129683945,19.351518874166885,24.099899600972034,24.100927361580585,400,1211.3,0.0311644858566243,-0.031435154528367,-0.0625996403849914
2026-07-13T19:08:00-04:00,24.45,24.45,24.45,24.45,0,5.3605127129683945,19.35157847681178,24.133242496117553,24.170741889264463,576,1219.5,0.0495471651205886,-0.0006656839842555,-0.0502128491048442
2026-07-13T19:09:00-04:00,24.42,24.69,24.42,24.6894,0,5.3605127129683945,19.351806197898245,24.18620987743969,24.27447351141157,2138,1249.7,0.0742074577615845,0.0425464730971363,-0.0316609846644481
2026-07-13T19:10:00-04:00,24.65,24.65,24.5,24.52,0,5.3605127129683945,19.352312439306836,24.217999412921625,24.323578809129256,4793,1422.8,0.0752519087847531,0.0624039013164932,-0.0128480074682598
2026-07-13T19:11:00-04:00,24.5,24.58,24.5,24.5683,0,5.3605127129683945,19.352620692099897,24.251361373595756,24.372523047303403,2923,1526.45,0.0751612470393262,0.0811035513308979,0.0059423042915716
2026-07-13T19:12:00-04:00,24.53,24.6,24.53,24.6,0,5.3605127129683945,19.35267189154455,24.284565052300923,24.41801843784272,483,1498.1,0.0731331903349093,0.0973587922102083,0.024225601875299
2026-07-13T19:13:00-04:00,24.85,24.85,24.63,24.63,0,5.3605127129683945,19.352731605583102,24.317463618748455,24.46041475027418,550,1262.35,0.0697219507248365,0.1113780402813446,0.0416560895565081
2026-07-13T19:14:00-04:00,24.63,24.71,24.58,24.68,0,5.3605127129683945,19.352915849498565,24.351990893153364,24.504331800219344,1712,1291.4,0.0667400245307245,0.1250811202199138,0.0583410956891892
2026-07-13T19:15:00-04:00,24.6883,24.7,24.5,24.5,0,5.3605127129683945,19.35318549230656,24.36608699856733,24.503465440175475,2549,1323.3,0.0493533244729613,0.1200327512803909,0.0706794268074296
2026-07-13T19:16:00-04:00,24.5,24.5621,24.4,24.44,0,5.3605127129683945,19.353492406483515,24.373126332037103,24.49077235214038,2958,1406.8,0.0313950642199848,0.1099232570824106,0.0785281928624258
2026-07-13T19:17:00-04:00,24.45,24.45,24.11,24.11,0,5.3605127129683945,19.35391167806724,24.348066681366905,24.414617881712303,4244,1532.35,-0.0032823621460045,0.0744252401799201,0.0777076023259246
2026-07-13T19:18:00-04:00,24.11,24.2,24.0,24.0,0,5.3605127129683945,19.354232028301485,24.314917473617676,24.331694305369844,3351,1644.4,-0.0325738227285528,0.0369903239152336,0.0695641466437864
2026-07-13T19:19:00-04:00,24.1,24.12,24.1,24.12,0,5.3605127129683945,19.35438851212186,24.296353904701707,24.289355444295875,1621,1719.9,-0.0422016525268857,0.0168120809851792,0.059013733512065
2026-07-13T19:20:00-04:00,24.3999,24.3999,24.05,24.3,0,5.3605127129683945,19.354539250508704,24.296701151872973,24.2914843554367,1518,1774.6,-0.0350747468185612,0.0151702999888634,0.0502450468074247
2026-07-13T19:21:00-04:00,24.23,24.3,24.2,24.2,0,5.3605127129683945,19.354643354424308,24.28749151836126,24.27318748434936,1052,1773.9,-0.0356089050877662,0.0057339154477169,0.0413428205354831
2026-07-13T19:22:00-04:00,24.2,24.27,24.2,24.27,0,5.3605127129683945,19.354710132898273,24.28582565946971,24.27254998747949,673,1791.1,-0.029986705632845,0.0038594384944268,0.0338461441272718
2026-07-13T19:23:00-04:00,24.32,24.34,24.32,24.32,0,5.3605127129683945,19.35481117889834,24.289080358567833,24.28203998998359,1002,1765.3,-0.0220085529191134,0.0063354529783801,0.0283440058974935
2026-07-13T19:24:00-04:00,24.35,24.35,24.31,24.31,0,5.3605127129683945,19.3548514884326,24.291072705370897,24.28763199198687,400,1724.8,-0.0167508601787707,0.0074054306740301,0.0241562908528008
2026-07-13T19:26:00-04:00,24.2483,24.2483,24.2483,24.2483,0,5.3605127129683945,19.354900121016563,24.286999114383192,24.2797655935895,490,1712.8,-0.0167351106077289,0.0032374025931396,0.0199725132008686
2026-07-13T19:27:00-04:00,24.2,24.2,24.12,24.2,0,5.3605127129683945,19.35495357801796,24.278713484441937,24.2638124748716,547,1699.0,-0.0191124356830293,-0.0039180314029181,0.0151944042801112
2026-07-13T19:28:00-04:00,24.14,24.14,24.03,24.09,0,5.3605127129683945,19.355033326703033,24.26074077163794,24.22904997989728,831,1720.55,-0.0267590590268912,-0.0182544195035028,0.0085046395233884
2026-07-13T19:29:00-04:00,24.03,24.03,23.98,23.98,0,5.3605127129683945,19.35526744147372,24.23400355529147,24.179239983917824,2487,1816.1,-0.0372465385027603,-0.038053533605062,-0.0008069951023016
2026-07-13T19:30:00-04:00,23.863,23.9,23.83,23.87,0,5.3605127129683945,19.355408978526356,24.199336550025617,24.11739198713426,1547,1786.55,-0.0488799481663279,-0.0619069303102115,-0.0130269821438836
2026-07-13T19:31:00-04:00,23.82,23.85,23.82,23.83,0,5.3605127129683945,19.35556898432123,24.16416164049937,24.059913589707406,1762,1635.0,-0.0560431183568261,-0.0830808800899163,-0.0270377617330901
2026-07-13T19:32:00-04:00,23.89,23.9,23.83,23.83,0,5.3605127129683945,19.355631645771048,24.132336722356573,24.013930871765925,687,1523.2,-0.05734848367477,-0.0987233663265527,-0.0413748826517826
2026-07-13T19:33:00-04:00,23.91,24.0,23.91,23.91,0,5.3605127129683945,19.355709922232755,24.111161796417857,23.993144697412745,842,1541.15,-0.0496777390760409,-0.1034720564968338,-0.0537943174207929
2026-07-13T19:34:00-04:00,23.87,23.87,23.87,23.87,0,5.3605127129683945,19.35572823092335,24.08819400628282,23.968515757930195,200,1523.65,-0.04432794982685,-0.1092042547043554,-0.0648763048775054
2026-07-13T19:36:00-04:00,23.92,23.96,23.92,23.96,0,5.3605127129683945,19.35588165092751,24.075985053303505,23.966812606344156,1648,1520.45,-0.0323160065583458,-0.1052713130754376,-0.0729553065170918
2026-07-13T19:37:00-04:00,24.0,24.0,23.87,23.87,0,5.3605127129683945,19.35598589336379,24.05636742917936,23.947450085075324,1128,1449.4,-0.0281715649042177,-0.1081697626473641,-0.0799981977431463
2026-07-13T19:38:00-04:00,23.91,23.91,23.89,23.89,0,5.3605127129683945,19.356011305489915,24.04052291211466,23.93596006806026,276,1315.3,-0.0220914276081385,-0.1076124822533195,-0.0855210546451809
2026-07-13T19:39:00-04:00,23.91,23.95,23.88,23.95,0,5.3605127129683945,19.356108618179896,24.031901682389453,23.938768054448207,1050,1155.6,-0.012513707243488,-0.101163188699541,-0.0886494814560529
2026-07-13T19:40:00-04:00,23.91,23.96,23.88,23.96,0,5.3605127129683945,19.35615882889866,24.025053903114262,23.943014443558567,541,1015.1,-0.0044082114196634,-0.0941597457306322,-0.0897515343109688
2026-07-13T19:42:00-04:00,24.0,24.0,24.0,24.0,0,5.3605127129683945,19.35619649327369,24.022667817103383,23.954411554846853,400,954.05,0.0042741962189626,-0.0844087890372655,-0.0886829852562281
2026-07-13T19:43:00-04:00,23.91,24.0,23.91,24.0,0,5.3605127129683945,19.3563189494321,24.02050897737925,23.96352924387748,1309,943.6,0.0103006065405829,-0.0758072270804994,-0.0861078336210824
2026-07-13T19:44:00-04:00,23.96,24.3,23.96,24.2995,0,5.3605127129683945,19.356789783004743,24.04707955096218,24.030723395101983,4808,1131.4,0.0334362879593789,-0.0443124736718587,-0.0777487616312377
2026-07-13T19:45:00-04:00,24.29,24.2901,24.1305,24.2436,0,5.3605127129683945,19.357042250241484,24.06579578420388,24.073298716081588,2560,1225.75,0.0433259126058259,-0.0235913708739552,-0.0669172834797812
2026-07-13T19:46:00-04:00,24.23,25.88,24.23,25.23,0,5.3605127129683945,19.35825377703939,24.176672376184463,24.30463897286527,10384,1694.85,0.1108131374987203,0.0715991383936192,-0.0392139991051011
2026-07-13T19:47:00-04:00,25.23,25.23,24.79,25.02,0,5.3605127129683945,19.35870282658547,24.256989292738325,24.447711178292217,3918,1870.75,0.1342596119819007,0.1286105158722748,-0.0056490961096259
2026-07-13T19:48:00-04:00,24.99,24.99,24.8,24.99,0,5.3605127129683945,19.358872429483487,24.326799836287055,24.55616894263377,1503,1921.4,0.1400542690570694,0.1694187402117108,0.0293644711546414
2026-07-13T19:49:00-04:00,25.0,25.44,24.98,25.29,0,5.3605127129683945,19.35960601079545,24.418533185212095,24.702935154107017,6159,2202.0,0.1552219605049077,0.223391921785776,0.0681699612808683
2026-07-13T19:50:00-04:00,25.3,25.3,25.0,25.0,0,5.3605127129683945,19.359707093651956,24.47391097709666,24.762348123285612,869,2203.9,0.1374631689639848,0.2399989224858494,0.1025357535218645
2026-07-13T19:51:00-04:00,24.85,25.08,24.85,25.08,0,5.3605127129683945,19.359757297259932,24.531633741182695,24.82587849862849,439,2101.5,0.1232968702197939,0.256656841296607,0.133359971076813
2026-07-13T19:52:00-04:00,25.08,25.1,25.0115,25.1,0,5.3605127129683945,19.35983702655374,24.585763861070056,24.880702798902792,689,2058.6,0.1080148188146332,0.2683784945951046,0.1603636757804714
2026-07-13T19:53:00-04:00,25.29,25.79,25.0548,25.29,0,5.3605127129683945,19.3607783495275,24.652833969539575,24.962562239122235,7720,2356.5,0.10343736087212,0.2896603768706214,0.1862230159985013
2026-07-13T19:54:00-04:00,25.0,25.5121,25.0,25.17,0,5.3605127129683945,19.36151754524625,24.702087877202473,25.00404979129779,6220,2633.15,0.0857900621866625,0.2934605937318295,0.207670531545167
2026-07-13T19:55:00-04:00,25.35,25.35,25.01,25.2,0,5.3605127129683945,19.36179601737434,24.749508079373665,25.043239833038232,2360,2709.05,0.0702530577536736,0.295486853737259,0.2252337959835854
2026-07-13T19:56:00-04:00,25.1,25.1,24.91,24.95,0,5.3605127129683945,19.36246829541875,24.768602548004743,25.024591866430587,5901,2994.1,0.0388241535226957,0.2737639878869551,0.2349398343642593
2026-07-13T19:57:00-04:00,24.92,24.96,24.75,24.75,0,5.3605127129683945,19.362851941815975,24.766830876766196,24.96967349314447,3471,3085.25,0.00218446456088,0.2376704150653594,0.2354859505044793
2026-07-13T19:58:00-04:00,24.8,24.8,24.57,24.7,0,5.3605127129683945,19.36339596777699,24.760466031359893,24.915738794515576,5043,3281.0,-0.0262328595449162,0.202694876073334,0.2289277356182503
2026-07-13T19:59:00-04:00,24.7,25.28,23.77,23.8343,0,7.2176067403047375,19.365229764395902,24.67225974265895,24.699451035612466,18370,4185.7,-0.1000031599484123,0.1039237856827348,0.2039269456311472
