time,open,high,low,close,Strong Reclaim Entry,EMA,VWAP,EMA.1,EMA.2,Volume,Volume MA,Histogram,MACD,Signal line
2026-08-17T04:00:00-04:00,9.56,10.4,9.5,10.16,0,17.082593200353084,10.02,9.819070745796216,9.859606465042674,10326,7452.45,0.0194312991097043,0.0339382535794996,0.0145069544697953
2026-08-17T04:01:00-04:00,10.158,10.158,9.57,9.6484,0,17.082593200353084,9.870325251451106,9.80281638905372,9.81736517203414,19766,8210.15,0.0010839634378806,0.0158619087671461,0.0147779453292654
2026-08-17T04:02:00-04:00,9.62,9.88,9.59,9.83,0,17.082593200353084,9.85613957873199,9.805405304381935,9.819892137627312,4771,8159.2,0.000981945773744,0.0160053775464454,0.0150234317727014
2026-08-17T04:03:00-04:00,9.92,9.92,9.56,9.79,0,17.082593200353084,9.838159420357968,9.803938132536038,9.813913710101849,7692,8328.5,-0.0018231444542316,0.0127445012049118,0.0145676456591435
2026-08-17T04:04:00-04:00,9.78,9.85,9.78,9.7919,0,17.082593200353084,9.836262609354094,9.80279164372308,9.80951096808148,2787,8174.4,-0.0034973053041071,0.0101960140290096,0.0136933193331167
2026-08-17T04:05:00-04:00,9.82,9.84,9.8039,9.84,0,17.082593200353084,9.836096927189152,9.806335296701835,9.815608774465185,924,7654.4,-0.0014185121167645,0.011920179187161,0.0133386913039256
2026-08-17T04:06:00-04:00,9.888,10.23,9.842,10.23,0,17.082593200353084,9.86534776002717,9.846684316063566,9.898487019572146,5751,7780.5,0.0247260785156879,0.0442462894485355,0.0195202109328476
2026-08-17T04:07:00-04:00,10.23,10.25,10.0,10.1238,0,17.082593200353084,9.895736993980949,9.873076285962274,9.943549615657716,6907,8041.15,0.0328614215910906,0.0605969879217109,0.0277355663306202
2026-08-17T04:08:00-04:00,10.1908,10.36,10.15,10.36,0,17.082593200353084,9.955179024765195,9.919449973013483,10.026839692526172,10461,8210.75,0.0510587193319858,0.0915589654956026,0.0405002461636167
2026-08-17T04:09:00-04:00,10.36,10.3905,10.2,10.229,0,17.082593200353084,9.990423599114914,9.948930927964582,10.067271754020938,8649,8198.3,0.0510585036042503,0.1043233756689296,0.0532648720646793
2026-08-17T04:10:00-04:00,10.211,10.27,9.9,9.99,0,17.082593200353084,9.99907776365572,9.952842268158433,10.05181740321675,12447,8601.6,0.0326437699375071,0.0940695844865633,0.0614258145490561
2026-08-17T04:11:00-04:00,9.91,10.0,9.6781,9.9103,0,17.082593200353084,9.991497926451656,9.948790623571911,10.0235139225734,5329,8615.5,0.0137442560341152,0.0786061345917001,0.0648618785575849
2026-08-17T04:12:00-04:00,9.83,9.9,9.68,9.76,0,17.082593200353084,9.98055440857235,9.930810564184112,9.97081113805872,5228,8743.3,-0.0090052179862798,0.0536053560747351,0.0626105740610149
2026-08-17T04:13:00-04:00,9.73,9.8657,9.69,9.73,0,17.082593200353084,9.97713327357988,9.91168574854753,9.922648910446975,1606,8632.15,-0.0252774177313909,0.0310138018967762,0.0562912196281672
2026-08-17T04:14:00-04:00,9.7,9.8473,9.69,9.8281,0,17.082593200353084,9.97395991570881,9.903725201066813,9.90373912835758,1756,8464.8,-0.0284041167640887,0.0207860736730562,0.049190190437145
2026-08-17T04:15:00-04:00,9.72,9.74,9.59,9.69,0,17.082593200353084,9.957184424949505,9.883370420012833,9.860991302686063,6170,8434.65,-0.0381365573570608,0.0015194937408189,0.0396560510978798
2026-08-17T04:16:00-04:00,9.61,9.8,9.59,9.8,0,17.082593200353084,9.951469912334064,9.87543038001161,9.848793042148852,2853,7404.35,-0.0355790748459421,-0.0048177924595478,0.0307612823863942
2026-08-17T04:17:00-04:00,9.6,9.8026,9.6,9.6914,0,17.082593200353084,9.948960813103229,9.85790367715336,9.817314433719082,1134,7282.55,-0.0393220234898883,-0.0183912469759661,0.0209307765139222
2026-08-17T04:18:00-04:00,9.6456,9.6456,9.64,9.64,0,17.082593200353084,9.946577537179628,9.837150945995898,9.781851546975265,896,6794.6,-0.0430777555534169,-0.0329164179278489,0.0101613376255679
2026-08-17T04:19:00-04:00,9.62,9.62,9.6,9.6,0,17.082593200353084,9.945403943503116,9.814565141615336,9.745481237580211,400,5792.65,-0.0458189140496993,-0.0471123049365562,-0.0012933908868568
2026-08-17T04:20:00-04:00,9.59,9.5995,9.5,9.5,0,17.082593200353084,9.936192170530203,9.78460655669959,9.69638499006417,2648,5408.75,-0.0515050906873915,-0.0656747542460962,-0.0141696635587047
2026-08-17T04:21:00-04:00,9.5,9.5,9.295,9.295,0,17.082593200353084,9.886579169653476,9.737977360823438,9.616107992051337,11236,4982.25,-0.0653225330470952,-0.0958228298675738,-0.0305002968204785
2026-08-17T04:22:00-04:00,9.29,9.3705,9.03,9.2935,0,17.082593200353084,9.859104474393527,9.695646183602156,9.551586393641069,5678,5027.6,-0.0703763842187291,-0.1184707770938899,-0.0480943928751608
2026-08-17T04:23:00-04:00,9.27,9.3781,9.26,9.26,0,17.082593200353084,9.846320738201758,9.654156070878145,9.493269114912854,3165,4801.25,-0.0715542182099936,-0.1375371656376529,-0.0659829474276592
2026-08-17T04:24:00-04:00,9.22,9.2221,9.1,9.1,0,17.082593200353084,9.837814313721292,9.601379302223082,9.414615291930284,1691,4746.45,-0.0781507436551384,-0.1636713769965823,-0.0855206333414438
2026-08-17T04:25:00-04:00,9.14,9.28,9.1,9.2,0,17.082593200353084,9.826382768923368,9.56315270201136,9.371692233544229,2533,4826.9,-0.071027085216349,-0.1743044898618801,-0.1032774046455311
2026-08-17T04:26:00-04:00,9.2482,9.38,9.2218,9.38,0,17.082593200353084,9.81764008164201,9.545709587534088,9.373353786835382,2546,4666.65,-0.0504100170699661,-0.1662899259829888,-0.1158799089130226
2026-08-17T04:27:00-04:00,9.2475,9.3681,9.2475,9.3681,0,17.082593200353084,9.81532285294312,9.528794388721318,9.372303029468306,691,4355.85,-0.0345480369707829,-0.1590649551265013,-0.1245169181557184
2026-08-17T04:28:00-04:00,9.25,9.45,9.2018,9.38,0,17.082593200353084,9.803310063837356,9.514623494557382,9.373842423574644,3819,4023.75,-0.0209003627822326,-0.1506423716335092,-0.1297420088512765
2026-08-17T04:29:00-04:00,9.39,9.3981,9.33,9.33,0,17.082593200353084,9.801179293405587,9.497040304599537,9.365073938859716,712,3626.9,-0.0132586835087343,-0.1463153632371945,-0.1330566797284601
2026-08-17T04:30:00-04:00,9.35,9.3501,9.2418,9.2609,0,17.082593200353084,9.778375820578416,9.474550751780534,9.344239151087772,6949,3352.0,-0.0109707331045696,-0.1467700961091722,-0.1357993630046025
2026-08-17T04:31:00-04:00,9.3372,9.3372,9.2163,9.2163,0,17.082593200353084,9.774754159154044,9.44995544208715,9.318651320870218,1101,3140.6,-0.0105697970941564,-0.1490116093722981,-0.1384418122781417
2026-08-17T04:32:00-04:00,9.2,9.21,9.15,9.15,0,17.082593200353084,9.76827438089892,9.42138825712647,9.284921056696176,1718,2965.1,-0.012733375475601,-0.154358531622643,-0.1416251561470419
2026-08-17T04:33:00-04:00,9.15,9.32,9.14,9.19,0,17.082593200353084,9.75811670523463,9.399351280257282,9.26593684535694,3008,3035.2,-0.0095780838388374,-0.1535977609455887,-0.1440196771067513
2026-08-17T04:34:00-04:00,9.22,9.22,9.16,9.16,0,17.082593200353084,9.752297314489914,9.37655592023278,9.244749476285552,1661,3030.45,-0.0076998391964891,-0.1536444761023627,-0.1459446369058736
2026-08-17T04:35:00-04:00,9.13,9.24,9.12,9.23,0,17.082593200353084,9.74631150897849,9.362598213543942,9.241799581028442,1797,2811.8,-0.0003211676847202,-0.146346096511774,-0.1460249288270537
2026-08-17T04:36:00-04:00,9.19,9.3,9.19,9.29,0,17.082593200353084,9.74324642309647,9.355684097968329,9.251439664822753,1058,2722.05,0.0094808180424426,-0.1341739062740004,-0.143654724316443
2026-08-17T04:37:00-04:00,9.2982,9.2982,9.2218,9.2218,0,17.082593200353084,9.73955129707591,9.342933231495154,9.245511731858205,1260,2728.35,0.0120848206800716,-0.1285486984663535,-0.1406335191464251
2026-08-17T04:38:00-04:00,9.2218,9.3,9.2218,9.3,0,17.082593200353084,9.737856066068892,9.33884435230514,9.256409385486563,618,2714.45,0.019356123076179,-0.1164383653012013,-0.1357944883773803
2026-08-17T04:39:00-04:00,9.25,9.25,9.2,9.2,0,17.082593200353084,9.734036946694346,9.325621080657031,9.24512750838925,1253,2757.1,0.017755200641277,-0.1136004875757841,-0.1313556882170611
2026-08-17T04:40:00-04:00,9.2,9.35,9.2,9.2757,0,17.082593200353084,9.726814084307064,9.320866692023028,9.2512420067114,2735,2761.45,0.0218495584042869,-0.1040437402117024,-0.1258932986159893
2026-08-17T04:41:00-04:00,9.2,9.22,9.2,9.2,0,17.082593200353084,9.722720821055194,9.309355578497025,9.24099360536912,1378,2268.55,0.0195871805945849,-0.1014093228727581,-0.1209965034673431
2026-08-17T04:42:00-04:00,9.2,9.39,9.2,9.39,0,17.082593200353084,9.7195594241159,9.317035999592546,9.270794884295295,1409,2055.1,0.0303708317912245,-0.0830329637283124,-0.113403795519537
2026-08-17T04:43:00-04:00,9.3981,9.4,9.31,9.31,0,17.082593200353084,9.71710261819396,9.316365904393257,9.278635907436236,1150,1954.35,0.0314661939107826,-0.0740710531310586,-0.1055372470418413
2026-08-17T04:44:00-04:00,9.3739,9.3739,9.2895,9.35,0,17.082593200353084,9.71526909912433,9.319569151593898,9.292908725948989,863,1912.95,0.0340181052751078,-0.0630146154479565,-0.0970327207230643
2026-08-17T04:45:00-04:00,9.36,9.36,9.29,9.29,0,17.082593200353084,9.714202539593863,9.316753041918288,9.29232698075919,475,1810.05,0.0308898775526106,-0.058420373782301,-0.0893102513349117
2026-08-17T04:46:00-04:00,9.28,9.28,9.26,9.28,0,17.082593200353084,9.712908407786168,9.313252752211785,9.289861584607351,527,1709.1,0.0274859144709981,-0.054952858246164,-0.0824387727171621
2026-08-17T04:48:00-04:00,9.3104,9.32,9.25,9.25,0,17.082593200353084,9.71022909582782,9.307228680572567,9.281889267685882,1101,1729.6,0.0227485679424341,-0.0540030627891194,-0.0767516307315536
2026-08-17T04:49:00-04:00,9.2428,9.2428,9.18,9.2,0,17.082593200353084,9.7036926353137,9.297016425279942,9.265511414148705,2380,1657.65,0.0160956201701152,-0.0566321055189096,-0.0727277256890248
2026-08-17T04:50:00-04:00,9.19,9.2,9.15,9.15,0,17.082593200353084,9.701189610050577,9.283014860967567,9.242409131318963,857,1664.9,0.0085540839910983,-0.0620351207001519,-0.0705892046912502
2026-08-17T04:51:00-04:00,9.14,9.22,9.14,9.22,0,17.082593200353084,9.699439007945536,9.277013445637325,9.237927305055171,636,1349.25,0.0084895607722711,-0.0599772537259113,-0.0684668144981824
2026-08-17T04:52:00-04:00,9.27,9.27,9.22,9.22,0,17.082593200353084,9.697565496394176,9.271583593671863,9.234341844044136,750,1331.7,0.0086282809433319,-0.0576814633190174,-0.0663097442623494
2026-08-17T04:53:00-04:00,9.2,9.22,9.17,9.22,0,17.082593200353084,9.696447540877656,9.26667087046502,9.23147347523531,420,1266.8,0.0088674525955138,-0.0552254285179572,-0.064092881113471
2026-08-17T04:54:00-04:00,9.13,9.13,9.08,9.08,0,17.082593200353084,9.690008455031585,9.248892692325493,9.201178780188249,2015,1217.15,0.0002023638641335,-0.063839926283304,-0.0640422901474376
2026-08-17T04:55:00-04:00,9.08,9.1,8.9416,8.9789,0,17.082593200353084,9.674999798166125,9.223179102580207,9.1567230241506,4216,1344.9,-0.0111074586074662,-0.0779266134067704,-0.0668191547993041
2026-08-17T04:56:00-04:00,8.99,9.02,8.88,8.88,0,17.082593200353084,9.637521096893948,9.19049537852495,9.10137841932048,10118,1760.95,-0.0233163543625,-0.0959645977524292,-0.0726482433899292
2026-08-17T04:57:00-04:00,8.88,8.94,8.85,8.86,0,17.082593200353084,9.627905510651535,9.15901962818924,9.053102735456385,2609,1838.5,-0.0303604049807052,-0.1105987496158107,-0.0802383446351055
2026-08-17T04:58:00-04:00,8.86,8.88,8.81,8.81,0,17.082593200353084,9.61077500211179,9.125779663599788,9.004482188365106,4509,2000.95,-0.0356433023639754,-0.1247924725900748,-0.0891491702260993
2026-08-17T04:59:00-04:00,8.81,8.8383,8.8,8.8,0,17.082593200353084,9.606709302742283,9.094753028971237,8.963585750692085,1071,2023.6,-0.0369114599596979,-0.1352884951757218,-0.0983770352160238
2026-08-17T05:00:00-04:00,8.83,8.85,8.7,8.7383,0,17.082593200353084,9.592919106467138,9.060805121450167,8.918528600553667,3492,2135.55,-0.0388120220540267,-0.1468920627835572,-0.1080800407295305
2026-08-17T05:01:00-04:00,8.7283,8.7801,8.6617,8.69,0,17.082593200353084,9.578445938080112,9.025490347978725,8.872822880442934,3564,2177.0,-0.0400657152865722,-0.1581621848377459,-0.1180964695511736
2026-08-17T05:02:00-04:00,8.7208,8.75,8.7,8.7,0,17.082593200353084,9.57346925072758,8.994491267218844,8.838258304354348,1262,2171.2,-0.0370363553074375,-0.1643919136854705,-0.127355558378033
2026-08-17T05:03:00-04:00,8.69,8.69,8.62,8.69,0,17.082593200353084,9.56201376373527,8.965492098912287,8.808606643483477,2796,2240.55,-0.0326732045385584,-0.1681970640512311,-0.1355238595126726
2026-08-17T05:04:00-04:00,8.71,8.71,8.7,8.7,0,17.082593200353084,9.559160079886158,8.940207137111118,8.786885314786781,738,2219.95,-0.0263519609969541,-0.1684638107588654,-0.1421118497619112
2026-08-17T05:05:00-04:00,8.74,8.75,8.74,8.74,0,17.082593200353084,9.55732730500915,8.921139790719582,8.777508251829426,500,2201.8,-0.0171602015076794,-0.1635621016465105,-0.1464019001388311
2026-08-17T05:06:00-04:00,8.76,8.8,8.74,8.8,0,17.082593200353084,9.555932783324211,8.909602667793909,8.782006601463541,400,2198.05,-0.0053356406078911,-0.153071450898695,-0.1477358102908038
2026-08-17T05:07:00-04:00,8.79,8.81,8.79,8.8,0,17.082593200353084,9.552557571089658,8.899164318480203,8.785605281170833,1000,2221.7,0.0037023473638155,-0.1431078760860344,-0.14681022344985
2026-08-17T05:08:00-04:00,8.7602,8.8,8.7602,8.8,0,17.082593200353084,9.5514171997325,8.889720097672564,8.788484224936667,334,2183.35,0.0105115407464956,-0.1336707975167304,-0.144182338263226
2026-08-17T05:09:00-04:00,8.84,8.84,8.82,8.82,0,17.082593200353084,9.548835037301608,8.883080088370415,8.794787379949334,802,2104.45,0.0168192150396492,-0.1231583194636645,-0.1399775345033137
2026-08-17T05:10:00-04:00,8.87,8.882,8.8,8.8,0,17.082593200353084,9.544692175422478,8.875167699001803,8.795829903959467,1300,2126.6,0.0198908472281808,-0.1151139754680876,-0.1350048226962685
2026-08-17T05:11:00-04:00,8.83,8.83,8.8,8.8071,0,17.082593200353084,9.54112886874805,8.868685061001631,8.798083923167573,1107,2150.15,0.0224572943082561,-0.1069332048109483,-0.1293904991192045
2026-08-17T05:12:00-04:00,8.84,8.84,8.84,8.84,0,17.082593200353084,9.539898326963833,8.865953150430048,8.806467138534058,400,2132.65,0.0261678747627477,-0.0966806556657697,-0.1228485304285175
2026-08-17T05:13:00-04:00,8.83,8.85,8.82,8.85,0,17.082593200353084,9.537907882866133,8.864433802770044,8.815173710827247,650,2144.15,0.0288799947106803,-0.086748537040167,-0.1156285317508474
2026-08-17T05:14:00-04:00,8.86,8.86,8.82,8.82,0,17.082593200353084,9.533816401471984,8.86020201203004,8.816138968661798,1335,2110.15,0.028205595244788,-0.0803715376948623,-0.1085771329396504
2026-08-17T05:15:00-04:00,8.83,8.85,8.83,8.85,0,17.082593200353084,9.533066345997868,8.859230391836704,8.82291117492944,250,1911.85,0.0292087177245787,-0.072066235783927,-0.1012749535085057
2026-08-17T05:17:00-04:00,8.88,8.96,8.87,8.96,0,17.082593200353084,9.529034503128422,8.868827497376065,8.850328939943552,1549,1483.4,0.0362495336523534,-0.0559630364430638,-0.0922125700954173
2026-08-17T05:18:00-04:00,8.9363,8.94,8.9,8.9382,0,17.082593200353084,9.52322000749451,8.875434402387869,8.867903151954842,2256,1465.75,0.0382117795475447,-0.0444478456609864,-0.0826596252085311
2026-08-17T05:19:00-04:00,8.9,8.9302,8.9,8.9302,0,17.082593200353084,9.5212082797971,8.880650173589025,8.880362521563873,783,1279.45,0.0376816033479283,-0.0355576210236208,-0.0732392243715491
2026-08-17T05:20:00-04:00,8.9018,8.9044,8.9018,8.9044,0,17.082593200353084,9.520435614499387,8.882912061818642,8.885170017251099,294,1240.6,0.0343951795657966,-0.0302452499143033,-0.0646404294800999
2026-08-17T05:21:00-04:00,8.9,8.9,8.85,8.85,0,17.082593200353084,9.516701783316972,8.879777579740676,8.878136013800878,1350,1133.5,0.0276498942047039,-0.03007806172422,-0.0577279559289239
2026-08-17T05:22:00-04:00,8.83,8.92,8.83,8.87,0,17.082593200353084,9.511834205510164,8.878846381670135,8.876508811040702,1802,1045.4,0.023775274906031,-0.0280088622963852,-0.0517841372024162
2026-08-17T05:23:00-04:00,8.82,8.8423,8.81,8.8423,0,17.082593200353084,9.5079096112317,8.875365773892026,8.869667048832563,1382,1051.4,0.0188047562025219,-0.0282781919492638,-0.0470829481517857
2026-08-17T05:24:00-04:00,8.89,8.89,8.84,8.86,0,17.082593200353084,9.506299244115034,8.87390236685469,8.86773363906605,600,941.6,0.0162623738811189,-0.026754980800387,-0.043017354681506
2026-08-17T05:25:00-04:00,8.8364,8.8364,8.8364,8.8364,0,17.082593200353084,9.505861596419171,8.87033071286853,8.861466911252839,157,912.55,0.012702441530291,-0.0271393027686421,-0.0398417442989332
2026-08-17T05:26:00-04:00,8.89,8.96,8.89,8.9582,0,17.082593200353084,9.50367681802229,8.87869921640486,8.880813529002271,925,933.8,0.0179414829559807,-0.0174148906039572,-0.035356373559938
2026-08-17T05:27:00-04:00,8.95,8.9905,8.95,8.99,0,17.082593200353084,9.502239390056028,8.889299291032968,8.902650823201817,660,946.8,0.0226364294592665,-0.0070608367358548,-0.0296972661951214
2026-08-17T05:28:00-04:00,8.99,8.99,8.97,8.97,0,17.082593200353084,9.501371757558749,8.896985072839351,8.916120658561454,400,916.8,0.0233868829649564,-0.0004636624889258,-0.0238505454538823
2026-08-17T05:29:00-04:00,9.06,9.1705,9.05,9.05,0,17.082593200353084,9.49743691733124,8.911557923045127,8.942896526849163,2341,1017.15,0.0279541276092543,0.0110921140576856,-0.0168620135515687
2026-08-17T05:30:00-04:00,9.03,9.08,9.03,9.05,0,17.082593200353084,9.49606335631603,8.924742882755115,8.96431722147933,759,1015.0,0.02950511426766,0.0200193792830063,-0.0094857349846537
2026-08-17T05:31:00-04:00,9.07,9.07,9.012,9.0482,0,17.082593200353084,9.4953598223101,8.936500703445104,8.981093777183464,382,969.1,0.0289021436530599,0.0266419445816712,-0.0022601990713887
2026-08-17T05:32:00-04:00,9.01,9.01,9.01,9.01,0,17.082593200353084,9.495162428489312,8.943500636450333,8.986875021746771,100,918.75,0.0245918862701531,0.0284796587663027,0.0038877724961495
2026-08-17T05:33:00-04:00,9.02,9.02,9.0058,9.0058,0,17.082593200353084,9.494571859124338,8.949433909169349,8.990660017397417,300,913.75,0.0202976748638916,0.0292598660760141,0.0089621912121224
2026-08-17T05:34:00-04:00,9.12,9.1421,9.12,9.1421,0,17.082593200353084,9.493280016810282,8.96778306067703,9.020948013917934,887,925.6,0.0251587496822633,0.0404106283149516,0.0152518786326883
2026-08-17T05:35:00-04:00,9.1,9.1117,8.97,8.97,0,17.082593200353084,9.490969538739142,8.967994197755408,9.010758411134349,1205,919.1,0.0157646455633548,0.0349576855868818,0.019193040023527
2026-08-17T05:36:00-04:00,9.0,9.12,9.0,9.12,0,17.082593200353084,9.490473550141605,8.982470940826321,9.032606728907478,300,921.6,0.0184478646157743,0.042252870793245,0.0238050061774706
2026-08-17T05:37:00-04:00,9.1,9.1,9.04,9.04,0,17.082593200353084,9.489374962682373,8.987949898842862,9.034085383125982,636,875.95,0.0138401479856723,0.041105191159561,0.0272650431738887
2026-08-17T05:38:00-04:00,9.0147,9.0147,9.0147,9.0147,0,17.082593200353084,9.488675065309716,8.990497527524495,9.030208306500786,368,781.55,0.0083634399522953,0.0377193431142579,0.0293559031619625
2026-08-17T05:39:00-04:00,9.07,9.1,9.07,9.1,0,17.082593200353084,9.488231486684434,9.000926334426923,9.044166645200628,278,756.3,0.0096683346742802,0.0414413215048128,0.0317729868305326
2026-08-17T05:40:00-04:00,9.06,9.06,8.95,8.96,0,17.082593200353084,9.484951067535006,8.997028588291025,9.027333316160504,1656,824.4,0.0007552461357401,0.0327170445002078,0.0319617983644676
2026-08-17T05:41:00-04:00,8.9306,8.9623,8.9306,8.96,0,17.082593200353084,9.482457531507142,8.993502056072833,9.013866652928405,1180,815.9,-0.005162285950137,0.0255089409267963,0.0306712268769333
2026-08-17T05:42:00-04:00,8.95,8.95,8.92,8.92,0,17.082593200353084,9.481492887090994,8.986501860256373,8.995093322342722,442,747.9,-0.0114329951336602,0.016379982959858,0.0278129780935183
2026-08-17T05:43:00-04:00,8.9074,8.9074,8.9074,8.9074,0,17.082593200353084,9.48114836970826,8.978968349755766,8.977554657874178,152,686.4,-0.0158216858453828,0.0080358707867898,0.0238575566321726
2026-08-17T05:44:00-04:00,8.96,8.96,8.9249,8.9249,0,17.082593200353084,9.480504157399665,8.97381898311236,8.967023726299342,300,671.4,-0.0168437289173125,0.0028028954855319,0.0196466244028444
2026-08-17T05:47:00-04:00,8.87,8.88,8.86,8.88,0,17.082593200353084,9.478844653135807,8.964883841863562,8.949618981039473,695,698.3,-0.0196458772416282,-0.0049107221491908,0.0147351550924374
2026-08-17T05:48:00-04:00,8.89,8.89,8.89,8.89,0,17.082593200353084,9.478150760000991,8.957752047400366,8.937695184831579,300,667.05,-0.019868501134504,-0.0101004713256926,0.0097680298088113
2026-08-17T05:49:00-04:00,8.86,8.86,8.8,8.8,0,17.082593200353084,9.47611219205296,8.942728042886046,8.910156147865264,791,673.6,-0.0247991408238083,-0.021230896220949,0.0035682446028592
2026-08-17T05:50:00-04:00,8.8,8.86,8.8,8.82,0,17.082593200353084,9.471599224869504,8.93103965784928,8.892124918292211,1787,742.95,-0.0253457360466519,-0.0281139254554556,-0.0027681894088036
2026-08-17T05:51:00-04:00,8.77,8.77,8.77,8.77,0,17.082593200353084,9.470365501357326,8.915702547577919,8.86769993463377,453,648.55,-0.0275253121140573,-0.0371748295513754,-0.009649517437318
2026-08-17T05:52:00-04:00,8.8,8.92,8.8,8.92,0,17.082593200353084,9.469873203815965,8.916111828760974,8.878159947707015,215,621.35,-0.0177878834420662,-0.0318843717399008,-0.0140964882978346
2026-08-17T05:53:00-04:00,8.8,8.8,8.75,8.76,0,17.082593200353084,9.46751415057022,8.901244035545643,8.854527958165612,872,645.85,-0.0208344927704842,-0.0401396042609398,-0.0193051114904556
2026-08-17T05:54:00-04:00,8.89,8.93,8.89,8.93,0,17.082593200353084,9.465428989079037,8.90398269882701,8.86962236653249,983,690.0,-0.0106268660710707,-0.0325886940792941,-0.0219618280082233
2026-08-17T05:55:00-04:00,8.9,8.9,8.9,8.9,0,17.082593200353084,9.46521133557109,8.903603394176818,8.875697893225992,100,680.0,-0.0053861536516831,-0.0286945200728272,-0.0233083664211441
2026-08-17T05:56:00-04:00,8.94,8.94,8.94,8.94,0,17.082593200353084,9.464928446776751,8.90706973758855,8.888558314580793,140,642.65,0.0009461789181286,-0.0221256427734832,-0.0230718216916119
2026-08-17T05:57:00-04:00,8.914,8.914,8.914,8.914,0,17.082593200353084,9.464716570778082,8.907729762580116,8.893646651664634,100,587.4,0.0034166441679243,-0.0188010164817065,-0.0222176606496308
2026-08-17T05:58:00-04:00,8.82,8.84,8.82,8.84,0,17.082593200353084,9.464013185102097,8.901279309001058,8.882917321331707,290,586.9,0.0002660248412684,-0.0218851295980453,-0.0221511544393137
2026-08-17T06:00:00-04:00,8.9182,8.9182,8.9182,8.9182,0,17.082593200353084,9.463803590692768,8.90289080338191,8.889973857065366,100,560.1,0.0034698213804773,-0.0178138777137171,-0.0212836990941944
2026-08-17T06:01:00-04:00,8.85,8.85,8.85,8.85,0,17.082593200353084,9.46125916170168,8.897853584012203,8.881979085652292,1084,595.9,0.0011376799626048,-0.0198615991409383,-0.0209992791035432
2026-08-17T06:02:00-04:00,8.9,8.9,8.8479,8.8479,0,17.082593200353084,9.460703568144712,8.893096099820564,8.875163268521833,244,594.2,-0.0003262708354359,-0.021407117647838,-0.0210808468124021
2026-08-17T06:03:00-04:00,8.84,8.93,8.84,8.9,0,17.082593200353084,9.459615444258864,8.893753614123368,8.880130614817466,500,536.4,0.0022903471634316,-0.0182179128581125,-0.0205082600215442
2026-08-17T06:04:00-04:00,8.84,8.84,8.84,8.84,0,17.082593200353084,9.459379258118537,8.888634222302095,8.872104491853973,100,482.4,0.0001682389127559,-0.0202979613805993,-0.0204662002933552
2026-08-17T06:05:00-04:00,8.84,8.85,8.793,8.793,0,17.082593200353084,9.457823424875968,8.879526201130467,8.856283593483179,632,491.9,-0.0039835205465158,-0.0254456009765,-0.0214620804299842
2026-08-17T06:06:00-04:00,8.83,8.83,8.83,8.83,0,17.082593200353084,9.45758477589322,8.874809420070422,8.851026874786543,100,489.3,-0.0038200209613548,-0.0262371066316777,-0.0224170856703229
2026-08-17T06:08:00-04:00,8.77,8.8383,8.76,8.8083,0,17.082593200353084,9.455231544846008,8.868475189587524,8.842481499829233,948,521.7,-0.0046977617916413,-0.0282892879098746,-0.0235915261182332
2026-08-17T06:09:00-04:00,8.76,8.79,8.76,8.79,0,17.082593200353084,9.453802386153754,8.86100136200776,8.831985199863386,560,514.95,-0.0059544321110676,-0.0310345662570679,-0.0250801341460002
2026-08-17T06:10:00-04:00,8.76,8.8391,8.76,8.8391,0,17.082593200353084,9.451136161222289,8.858915518007022,8.833408159890709,1105,555.2,-0.0030678494619592,-0.0289149459734492,-0.02584709651149
2026-08-17T06:11:00-04:00,8.8,8.84,8.8,8.84,0,17.082593200353084,9.450077929244724,8.85711404010159,8.834726527912567,451,538.2,-0.0008046946991648,-0.026852964885446,-0.0260482701862812
2026-08-17T06:12:00-04:00,8.7671,8.7671,8.7671,8.7671,0,17.082593200353084,9.449665012010303,8.848541274377629,8.821201222330053,161,456.9,-0.0037588402978105,-0.0307468205585443,-0.0269879802607338
2026-08-17T06:14:00-04:00,8.7717,8.8,8.77,8.8,0,17.082593200353084,9.448897985564374,8.843918295865475,8.816960977864042,310,449.75,-0.0030677515040431,-0.0308226696407878,-0.0277549181367446
2026-08-17T06:15:00-04:00,8.8,8.86,8.8,8.86,0,17.082593200353084,9.447824183889969,8.84544988673543,8.825568782291233,471,462.55,0.0016083222861009,-0.0257445152791184,-0.0273528375652194
2026-08-17T06:16:00-04:00,8.82,8.82,8.82,8.82,0,17.082593200353084,9.447589202160836,8.843026087998723,8.824455025832986,100,423.95,0.0021515478814748,-0.0246634027133758,-0.0268149505948507
2026-08-17T06:18:00-04:00,8.8,8.8573,8.8,8.8573,0,17.082593200353084,9.446650951573035,8.84438550818932,8.831024020666389,412,395.4,0.0050041091118629,-0.020559814205022,-0.0255639233168849
2026-08-17T06:19:00-04:00,8.77,8.77,8.75,8.77,0,17.082593200353084,9.44253147645314,8.837301174076051,8.818819216533111,1623,471.55,0.0011914949171091,-0.0240745546704985,-0.0252660495876076
2026-08-17T06:20:00-04:00,8.77,8.77,8.76,8.77,0,17.082593200353084,9.440903580555709,8.83089153844976,8.809055373226489,650,497.05,-0.0010302921787309,-0.0265539148110214,-0.0255236226322904
2026-08-17T06:21:00-04:00,8.76,8.76,8.75,8.76,0,17.082593200353084,9.439090459700443,8.824139963359308,8.799244298581192,717,527.9,-0.0027743383114184,-0.0289915455215634,-0.026217207210145
2026-08-17T06:22:00-04:00,8.76,8.76,8.76,8.76,0,17.082593200353084,9.438754321010451,8.818031395420325,8.791395438864953,134,520.1,-0.0034830199672256,-0.030570982169177,-0.0270879622019514
2026-08-17T06:23:00-04:00,8.76,8.78,8.76,8.78,0,17.082593200353084,9.436273645556168,8.814409357761246,8.789116351091963,1013,565.75,-0.0022213131804309,-0.0298646036774901,-0.0276432904970591
2026-08-17T06:25:00-04:00,8.78,8.78,8.77,8.77,0,17.082593200353084,9.435664278369527,8.810179895117317,8.78529308087357,250,524.05,-0.0017002129376802,-0.0297685566691594,-0.0280683437314792
2026-08-17T06:26:00-04:00,8.77,8.77,8.77,8.77,0,17.082593200353084,9.435175141236709,8.806353238439478,8.782234464698856,200,521.85,-0.0010285756972257,-0.0293540633530113,-0.0283254876557856
2026-08-17T06:27:00-04:00,8.76,8.85,8.76,8.85,0,17.082593200353084,9.430656562226844,8.810510072873813,8.795787571759085,2014,597.55,0.0048099643205169,-0.0223130322551394,-0.0271229965756564
2026-08-17T06:28:00-04:00,8.77,8.8318,8.76,8.76,0,17.082593200353084,9.428074762434068,8.805699589742973,8.788630057407268,1099,647.5,0.002720987253416,-0.0237217625088863,-0.0264427497623024
2026-08-17T06:29:00-04:00,8.82,8.82,8.82,8.82,0,17.082593200353084,9.427853959083777,8.807061533576976,8.794904045925815,100,620.9,0.0053391515810923,-0.019768810285937,-0.0251079618670293
2026-08-17T06:30:00-04:00,8.77,8.8,8.77,8.8,0,17.082593200353084,9.427159864994266,8.806389006569644,8.795923236740652,300,630.9,0.0056528303302986,-0.018041923954156,-0.0236947542844546
2026-08-17T06:31:00-04:00,8.85,8.9,8.85,8.8829,0,17.082593200353084,9.42477831609436,8.813675767848725,8.813318589392521,1200,643.5,0.0110596122689247,-0.0098702389482987,-0.0209298512172234
2026-08-17T06:32:00-04:00,8.95,8.95,8.81,8.87,0,17.082593200353084,9.420947209461064,8.81903998043456,8.824654871514017,1949,712.95,0.0132362808861471,-0.0043845001095395,-0.0176207809956866
2026-08-17T06:33:00-04:00,8.84,8.8591,8.83,8.83,0,17.082593200353084,9.420322528160796,8.820083791821745,8.825723897211214,300,672.7,0.0115146456344944,-0.0032274739525686,-0.014742119587063
2026-08-17T06:34:00-04:00,8.88,9.0765,8.88,9.0765,0,17.082593200353084,9.417924489943704,8.844504383076817,8.87587911776897,1645,732.4,0.0256973964824731,0.0173796260160283,-0.0083177704664447
2026-08-17T06:35:00-04:00,9.03,9.03,8.9,8.9,0,17.082593200353084,9.417345450546428,8.849789679926644,8.880703294215177,343,741.5,0.022051783823699,0.0192469593131789,-0.00280482451052
2026-08-17T06:36:00-04:00,8.95,9.0267,8.93,9.0267,0,17.082593200353084,9.41599597618212,8.866638281838393,8.909902635372141,900,771.0,0.0267220625449158,0.0305977536706247,0.0038756911257089
2026-08-17T06:37:00-04:00,9.0,9.0,9.0,9.0,0,17.082593200353084,9.415259775692643,8.879339397853784,8.927922108297713,500,772.45,0.0265092225342012,0.0370122192934605,0.0105029967592592
2026-08-17T06:39:00-04:00,8.93,8.93,8.93,8.93,0,17.082593200353084,9.41508808072302,8.884164217105804,8.92833768663817,100,772.45,0.0204231710053801,0.0360319605159844,0.0156087895106042
2026-08-17T06:40:00-04:00,8.92,8.98,8.911,8.98,0,17.082593200353084,9.41284778488218,8.893291434524299,8.938670149310536,1389,821.3,0.0185865162781059,0.0388419348582367,0.0202554185801307
2026-08-17T06:41:00-04:00,9.0194,9.0429,9.0194,9.0429,0,17.082593200353084,9.412316480790013,8.907539869331508,8.959516119448429,400,760.15,0.0202904670502593,0.0456185023929549,0.0253280353426956
2026-08-17T06:43:00-04:00,8.94,8.94,8.94,8.94,0,17.082593200353084,9.412150474955306,8.910631310347554,8.955612895558742,100,732.65,0.0134970621016906,0.0421993629698089,0.0287023008681182
2026-08-17T06:44:00-04:00,8.94,8.94,8.94,8.94,0,17.082593200353084,9.411639909394976,8.913428328409692,8.952490316446994,308,712.2,0.0082698757936161,0.0390396456101385,0.0307697698165223
2026-08-17T06:45:00-04:00,8.99,8.99,8.99,8.99,0,17.082593200353084,9.411491927143658,8.92072086856115,8.959992253157596,100,710.5,0.0074704172016158,0.0401077913185421,0.0326373741169262
2026-08-17T06:46:00-04:00,8.97,9.0,8.95,8.97,0,17.082593200353084,9.410637044937875,8.925414119174373,8.961993802526077,557,687.7,0.0050038184439989,0.038892147171925,0.033888328727926
2026-08-17T06:47:00-04:00,8.99,8.99,8.95,8.95,0,17.082593200353084,9.410017439196304,8.927755631633957,8.959595042020862,396,695.0,0.0016101869967768,0.0359010624738971,0.0342908754771202
2026-08-17T06:48:00-04:00,8.94,8.94,8.8202,8.8202,0,17.082593200353084,9.405969667140049,8.917512238145008,8.93171603361669,2120,791.0,-0.0091974402415599,0.0227940751751702,0.0319915154167302
2026-08-17T06:49:00-04:00,8.82,8.82,8.82,8.82,0,17.082593200353084,9.40571138379274,8.908225358321674,8.909372826893351,127,696.65,-0.01579373067268,0.0122493520758801,0.0280430827485602
2026-08-17T06:50:00-04:00,8.8,8.8,8.77,8.7983,0,17.082593200353084,9.401813418747414,8.897756276576754,8.887158261514681,1834,733.4,-0.0207407310010679,0.0021171689972252,0.0228578999982932
2026-08-17T06:51:00-04:00,8.8,8.8,8.8,8.8,0,17.082593200353084,9.401141705708891,8.888446154998014,8.869726609211746,324,744.6,-0.0228540526586758,-0.0057096658250515,0.0171443868336243
2026-08-17T06:52:00-04:00,8.81,8.81,8.81,8.81,0,17.082593200353084,9.400714365529064,8.880975092617252,8.857781287369397,210,740.1,-0.0224987199909318,-0.0109790131550404,0.0115197068358913
2026-08-17T06:54:00-04:00,8.83,8.83,8.77,8.79,0,17.082593200353084,9.399773872560983,8.872310798082275,8.844225029895517,453,702.75,-0.0224779605240871,-0.0165777438192176,0.0059002167048695
2026-08-17T06:55:00-04:00,8.8,8.8,8.76,8.76,0,17.082593200353084,9.396837938151622,8.86161453159825,8.827380023916414,1370,673.8,-0.0232549381226817,-0.0231684559484826,8.64821741991e-05
2026-08-17T06:56:00-04:00,8.75,8.79,8.75,8.76,0,17.082593200353084,9.395957455891631,8.851936957160321,8.813904019133131,409,679.25,-0.0225236587870429,-0.0280680913096045,-0.0055444325225616
2026-08-17T06:59:00-04:00,8.8,8.8,8.8,8.8,0,17.082593200353084,9.39569087381669,8.84699058028791,8.811123215306505,131,603.55,-0.0182813255688264,-0.0283960894835946,-0.0101147639147682
2026-08-17T07:00:00-04:00,8.81,8.99,8.8,8.98,0,17.082593200353084,9.388584778641018,8.859658144070014,8.844898572245205,4473,810.05,-0.0030845821414724,-0.0139704915916087,-0.0108859094501363
2026-08-17T07:01:00-04:00,9.0,9.04,8.95,8.98,0,17.082593200353084,9.385929535330726,8.871119273206203,8.871918857796164,1994,864.75,0.006701385880356,-0.0025091770996912,-0.0092105629800473
2026-08-17T07:02:00-04:00,9.04,9.1,9.01,9.1,0,17.082593200353084,9.38405042004993,8.892917437662755,8.917535086236931,1791,929.3,0.0202258339320361,0.0160717294349979,-0.0041541044970382
2026-08-17T07:03:00-04:00,9.1,9.22,9.0,9.0,0,17.082593200353084,9.37988956680057,8.90311577693297,8.934028068989544,4087,1128.65,0.0212985301183905,0.0224690581509499,0.0011705280325593
2026-08-17T07:04:00-04:00,9.07,9.25,9.07,9.1994,0,17.082593200353084,9.377839832326604,8.931333321986973,8.987102455191636,3056,1212.0,0.0335689418480631,0.0431317053426383,0.0095627634945751
2026-08-17T07:05:00-04:00,9.25,10.2,9.2094,10.11,0,17.082593200353084,9.42884848964947,9.043587291321549,9.211681964153309,38262,3105.1,0.0975252415840783,0.1314693154746731,0.0339440738905947
2026-08-17T07:06:00-04:00,10.14,10.46,9.74,10.22,0,17.082593200353084,9.508485765990638,9.155626596909972,9.413345571322647,43698,5285.0,0.1392098582801652,0.2079563967408013,0.068746538460636
2026-08-17T07:07:00-04:00,10.29,10.4,9.852,10.3,0,17.082593200353084,9.575262809066784,9.264614540061404,9.590676457058118,42806,7409.9,0.1625180216924441,0.2718940655761912,0.1093760438837471
2026-08-17T07:08:00-04:00,10.33,10.33,9.93,10.2,0,17.082593200353084,9.61557390293401,9.353698869579365,9.712541165646494,32460,9027.9,0.1612287368238756,0.3109119649135916,0.149683228089716
2026-08-17T07:09:00-04:00,10.16,10.7,10.07,10.65,0,17.082593200353084,9.701310372766567,9.477156120095616,9.900032932517195,51694,11584.75,0.1793220765431581,0.3738358237686636,0.1945137472255055
2026-08-17T07:10:00-04:00,10.59,10.73,10.08,10.24,0,17.082593200353084,9.790475647673292,9.549807918181749,9.968026346013756,82417,15685.8,0.1533236849155994,0.3861683533700049,0.2328446684544054
2026-08-17T07:11:00-04:00,10.29,10.5,10.0401,10.2,0,17.082593200353084,9.818206470822586,9.611730973593009,10.014421076811004,38804,17520.0,0.1243154088484653,0.388238929514987,0.2639235206665217
2026-08-17T07:12:00-04:00,10.2,10.25,10.0,10.05,0,17.082593200353084,9.827420145469498,9.653470880869865,10.021536861448803,21579,18592.6,0.0876379743079694,0.3734709885514835,0.2858330142435141
2026-08-17T07:13:00-04:00,10.08,10.08,9.68,9.7877,0,17.082593200353084,9.828548152261792,9.666254606501306,9.974769489159042,35990,20300.4,0.0407098832203481,0.3367203682689492,0.2960104850486011
2026-08-17T07:14:00-04:00,9.74,9.74,9.3,9.58,0,17.082593200353084,9.815098158800176,9.658039882072613,9.895815591327231,34027,21985.55,-0.0067914143371637,0.2875212171271464,0.2943126314643102
2026-08-17T07:15:00-04:00,9.59,9.61,9.4,9.4,0,17.082593200353084,9.810216255126251,9.633464655208552,9.796652473061789,10475,22498.8,-0.0503786618002254,0.2313393042140283,0.2817179660142538
2026-08-17T07:16:00-04:00,9.43,9.56,9.36,9.5393,0,17.082593200353084,9.807785941131533,9.624496592807738,9.74518197844943,5600,22756.15,-0.068735939737533,0.1957980413423374,0.2645339810798705
2026-08-17T07:17:00-04:00,9.55,9.55,9.35,9.49,0,17.082593200353084,9.805253858483184,9.611687393492716,9.694145582759544,5525,22963.9,-0.0821965910038945,0.1617882423250023,0.2439848333288969
2026-08-17T07:18:00-04:00,9.4378,9.72,9.43,9.65,0,17.082593200353084,9.800983597154984,9.615336213160075,9.685316466207636,15969,23741.9,-0.0783381222596788,0.1460621805042983,0.2244003027639771
2026-08-17T07:19:00-04:00,9.62,9.7,9.5479,9.65,0,17.082593200353084,9.79947659018262,9.61863752619245,9.678253172966109,6933,24082.0,-0.0738589097113564,0.1320766656247816,0.205935575336138
2026-08-17T07:20:00-04:00,9.67,9.8,9.6588,9.6588,0,17.082593200353084,9.797225923466367,9.62246252369793,9.674362538372886,19080,24812.35,-0.0684954998588082,0.1203162005126277,0.188811700371436
2026-08-17T07:21:00-04:00,9.68,9.78,9.63,9.63,0,17.082593200353084,9.796175105577449,9.62318037858384,9.66549003069831,7178,25071.55,-0.0651024801329563,0.1074336002052405,0.1725360803381969
2026-08-17T07:22:00-04:00,9.62,9.6298,9.5,9.5019,0,17.082593200353084,9.79355896410125,9.61162986633776,9.632772024558648,8391,25401.55,-0.0693110427624399,0.0858972768851469,0.1552083196475869
2026-08-17T07:23:00-04:00,9.564,9.58,9.49,9.5179,0,17.082593200353084,9.792535491383234,9.602703212400831,9.609797619646915,3146,25354.5,-0.0687094108950022,0.069321556028834,0.1380309669238363
2026-08-17T07:24:00-04:00,9.558,9.558,9.51,9.529,0,17.082593200353084,9.791986005553571,9.595683858838846,9.593638095717534,1719,25287.65,-0.0652804847492821,0.0564303609872336,0.1217108457365158
2026-08-17T07:25:00-04:00,9.511,9.6,9.46,9.52,0,17.082593200353084,9.79045546787276,9.588475872282766,9.578910476574029,4723,23610.7,-0.0613931629114234,0.0449693920972364,0.1063625550086599
2026-08-17T07:26:00-04:00,9.4817,9.5,9.37,9.37,0,17.082593200353084,9.788924631043631,9.567668646351072,9.53712838125922,3337,21592.65,-0.0662806705300239,0.02351171684613,0.0897923873761539
2026-08-17T07:27:00-04:00,9.4,9.59,9.4,9.5467,0,17.082593200353084,9.788325810641208,9.565671632412876,9.539042705007375,1783,19541.5,-0.0554115622050762,0.0205279346198086,0.0759394968248849
2026-08-17T07:28:00-04:00,9.48,9.5,9.38,9.38,0,17.082593200353084,9.78687452911513,9.547988619802126,9.507234164005904,3259,18081.45,-0.0570249804779462,0.0046582712274521,0.0616832517053983
2026-08-17T07:29:00-04:00,9.44,9.49,9.22,9.24,0,17.082593200353084,9.782365134355622,9.518656370297162,9.453787331204722,8009,15897.2,-0.064543723454284,-0.0189964026124567,0.0455473208418273
2026-08-17T07:30:00-04:00,9.3,9.3797,9.2,9.31,0,17.082593200353084,9.77786122122215,9.498784335030766,9.425029864963776,7815,12167.1,-0.0618208470153366,-0.0317287379273434,0.0300921090879931
2026-08-17T07:31:00-04:00,9.33,9.4082,9.27,9.3573,0,17.082593200353084,9.77645367763683,9.485309636456408,9.411483891971022,2751,10364.45,-0.0541292183755385,-0.0375694138814299,0.0165598044941085
2026-08-17T07:32:00-04:00,9.36,9.48,9.3514,9.43,0,17.082593200353084,9.775342916418635,9.480042052031989,9.415187113576817,2647,9417.85,-0.0419821399012241,-0.0359178703824216,0.0060642695188025
2026-08-17T07:33:00-04:00,9.435,9.49,9.3703,9.38,0,17.082593200353084,9.774625925694998,9.470514237552752,9.408149690861451,1684,7702.55,-0.0354139832742406,-0.0382032095739983,-0.0027892262997576
2026-08-17T07:34:00-04:00,9.3944,9.5467,9.3944,9.4694,0,17.082593200353084,9.773199918737175,9.470408119690584,9.420399752689162,4000,6201.2,-0.0237100024356591,-0.0324267293443316,-0.0087167269086724
2026-08-17T07:35:00-04:00,9.4772,9.5697,9.4,9.49,0,17.082593200353084,9.771597573375876,9.472274013053386,9.43431980215133,4801,5917.5,-0.0137371438732338,-0.0258881567502147,-0.0121510128769809
2026-08-17T07:36:00-04:00,9.55,9.55,9.41,9.51,0,17.082593200353084,9.770716025298013,9.47586696419116,9.449455841721065,2697,5772.35,-0.0053790938099635,-0.0188748801394353,-0.0134957863294718
2026-08-17T07:37:00-04:00,9.53,9.73,9.53,9.67,0,17.082593200353084,9.769434546095937,9.494355824744382,9.493564673376852,8755,5933.85,0.0104754157520789,-0.0004015166393731,-0.010876932391452
2026-08-17T07:38:00-04:00,9.65,9.69,9.57,9.57,0,17.082593200353084,9.768821540558887,9.501560031911584,9.508851738701482,3359,5303.35,0.0135809731237709,0.0060992840132616,-0.0074816891105093
2026-08-17T07:39:00-04:00,9.554,9.66,9.54,9.587,0,17.082593200353084,9.76833139252142,9.509697171729528,9.524481390961183,2480,5080.7,0.015968648683453,0.0124791217438069,-0.003489526939646
2026-08-17T07:40:00-04:00,9.55,9.57,9.52,9.57,0,17.082593200353084,9.76783804522358,9.515440298231477,9.533585112768948,2015,4227.45,0.0155750075824886,0.0159792325384646,0.000404224955976
2026-08-17T07:41:00-04:00,9.56,9.62,9.52,9.5239,0,17.082593200353084,9.766881374147289,9.516245984114192,9.53164809021516,3958,4066.45,0.0115661337887879,0.0148618921919609,0.003295758403173
2026-08-17T07:42:00-04:00,9.528,9.53,9.45,9.4732,0,17.082593200353084,9.765969075073096,9.512146366579508,9.519958472172126,2858,3789.8,0.0051815311585369,0.0097726723513442,0.0045911411928072
2026-08-17T07:43:00-04:00,9.5,9.5,9.5,9.5,0,17.082593200353084,9.765926704312855,9.510989569762412,9.5159667777377,141,3639.55,0.0025766183272288,0.0078119141018433,0.0052352957746145
2026-08-17T07:44:00-04:00,9.536,9.56,9.536,9.54,0,17.082593200353084,9.765554975183584,9.513752467880275,9.52077342219016,1494,3628.3,0.0033138162001989,0.0093775660248631,0.0060637498246642
2026-08-17T07:45:00-04:00,9.58,9.8,9.52,9.75,0,17.082593200353084,9.765060036813637,9.53625223284406,9.566618737752128,5846,3684.45,0.0169485891760697,0.0272494862947514,0.0103008971186816
2026-08-17T07:46:00-04:00,9.7981,9.8,9.61,9.8,0,17.082593200353084,9.764798147171575,9.561371067811292,9.613294990201702,8308,3933.0,0.0277030995551931,0.044929771562673,0.0172266720074799
2026-08-17T07:47:00-04:00,9.79,9.8,9.73,9.73,0,17.082593200353084,9.76476169490913,9.577430966114978,9.63663599216136,2873,3987.5,0.0283672873078074,0.0526857811422392,0.0243184938344318
2026-08-17T07:48:00-04:00,9.7119,9.97,9.7119,9.97,0,17.082593200353084,9.766531787836634,9.614818493151647,9.70330879372909,13620,4505.55,0.0423910594982376,0.0773073182072288,0.0349162587089912
2026-08-17T07:49:00-04:00,9.97,10.0,9.89,9.94,0,17.082593200353084,9.769808283371304,9.645788160470538,9.750647034983272,17319,4971.05,0.046725824054529,0.0933235387771524,0.0465977147226234
2026-08-17T07:50:00-04:00,9.99,10.04,9.802,9.8868,0,17.082593200353084,9.7717922113326,9.668741668997152,9.777877627986618,13454,5253.0,0.0431734034068605,0.100564468981199,0.0573910655743385
2026-08-17T07:51:00-04:00,9.8986,9.98,9.8406,9.968,0,17.082593200353084,9.772224149204014,9.697242462425995,9.815902102389297,2603,5245.6,0.0433423647316155,0.111569021488858,0.0682266567572424
2026-08-17T07:52:00-04:00,9.97,9.97,9.83,9.88,0,17.082593200353084,9.77285505690448,9.714647942194947,9.828721681911436,4978,5362.15,0.0349382242152664,0.1118994370263255,0.076961212811059
2026-08-17T07:53:00-04:00,9.85,9.89,9.74,9.74,0,17.082593200353084,9.773033075222004,9.717062423890669,9.810977345529148,10026,5779.25,0.018203038687765,0.0997150111707654,0.0815119724830003
2026-08-17T07:54:00-04:00,9.71,9.8,9.641,9.7706,0,17.082593200353084,9.772851164946475,9.722161240662986,9.802901876423318,4927,5825.6,0.0079692066653971,0.0914734808147468,0.0835042741493496
2026-08-17T07:55:00-04:00,9.73,9.7689,9.7,9.71,0,17.082593200353084,9.772760687980483,9.721003027266512,9.784321501138654,1890,5680.05,-0.0034915629210485,0.0791398204980389,0.0826313834190875
2026-08-17T07:56:00-04:00,9.7387,9.7387,9.6201,9.66,0,17.082593200353084,9.77257880101472,9.715193215145892,9.759457200910925,1775,5633.95,-0.0144361355085449,0.0645862140334063,0.0790223495419512
2026-08-17T07:57:00-04:00,9.66,9.6991,9.62,9.62,0,17.082593200353084,9.771977948033216,9.706127194655808,9.731565760728738,4660,5429.2,-0.0238123537262838,0.0492569073840964,0.0730692611103803
2026-08-17T07:58:00-04:00,9.65,9.6981,9.65,9.68,0,17.082593200353084,9.77190850421701,9.703638890402871,9.72125260858299,709,5296.7,-0.0252780014040401,0.0414717593553302,0.0667497607593703
2026-08-17T07:59:00-04:00,9.73,9.8,9.73,9.79,0,17.082593200353084,9.77191076826171,9.711863757983553,9.735002086866391,1559,5250.65,-0.0184601281781201,0.0436746005367201,0.0621347287148402
2026-08-17T08:00:00-04:00,9.71,9.9,9.71,9.82,0,17.082593200353084,9.77211803096224,9.722162447699406,9.752001669493112,5368,5418.3,-0.0118710474479416,0.0472959194049131,0.0591669668528548
2026-08-17T08:01:00-04:00,9.86,9.89,9.7333,9.8,0,17.082593200353084,9.772194332704842,9.72957554791851,9.761601335594492,2116,5326.2,-0.0089346065939479,0.0479987086104198,0.0569333152043678
2026-08-17T08:02:00-04:00,9.8019,9.8019,9.62,9.62,0,17.082593200353084,9.771780550185149,9.71913978145008,9.733281068475591,4488,5407.7,-0.0186319651678697,0.0336433587445306,0.0522753239124004
2026-08-17T08:03:00-04:00,9.6,9.66,9.54,9.61,0,17.082593200353084,9.770816225309886,9.708745516550072,9.708624854780474,5718,5686.55,-0.0248481240387914,0.021215168863911,0.0460632929027025
2026-08-17T08:04:00-04:00,9.6203,9.7,9.6,9.64,0,17.082593200353084,9.770387889315478,9.702198324497685,9.69489988382438,3458,5784.75,-0.0259471326045395,0.0136293771470281,0.0395765097515676
2026-08-17T08:05:00-04:00,9.68,9.73,9.6615,9.72,0,17.082593200353084,9.770322943543874,9.703893722164572,9.699919907059504,979,5541.4,-0.0205311766949849,0.0139125388828365,0.0344437155778214
2026-08-17T08:06:00-04:00,9.73,9.73,9.7,9.7,0,17.082593200353084,9.770255495894292,9.703522891482232,9.699935925647605,1123,5182.15,-0.0176506523034156,0.0123804001985519,0.0300310525019675
2026-08-17T08:07:00-04:00,9.68,9.73,9.6,9.64,0,17.082593200353084,9.769589454563574,9.697473092293448,9.687948740518085,5924,5334.7,-0.0190227662620438,0.0062525946744127,0.0252753609364565
2026-08-17T08:08:00-04:00,9.628,9.64,9.62,9.64,0,17.082593200353084,9.769478279859788,9.691999464455977,9.678358992414466,825,4694.95,-0.0191160065089762,0.0013803528002362,0.0204963593092125
2026-08-17T08:09:00-04:00,9.64,9.64,9.57,9.6151,0,17.082593200353084,9.769075206389264,9.68467570593636,9.665707193931572,2536,3955.8,-0.0199482762649575,-0.0044389860219844,0.0155092902429731
2026-08-17T08:10:00-04:00,9.6228,9.7,9.6228,9.6383,0,17.082593200353084,9.768992063539008,9.68025897203766,9.660225755145255,731,3319.65,-0.0180850306576009,-0.007096998079028,0.0109880325785728
2026-08-17T08:11:00-04:00,9.6771,9.6797,9.63,9.63,0,17.082593200353084,9.768660106690474,9.675472403272169,9.654180604116206,2758,3327.4,-0.0165989996220822,-0.0097607169490299,0.0068382826730523
2026-08-17T08:12:00-04:00,9.6683,9.6683,9.62,9.66,0,17.082593200353084,9.768503359820336,9.673998841055772,9.655344483292964,1339,3145.45,-0.0129452505727763,-0.0093432805429181,0.0036019700298582
2026-08-17T08:13:00-04:00,9.6207,9.7881,9.6207,9.65,0,17.082593200353084,9.767975395160777,9.6717132371457,9.654275586634371,6581,2973.2,-0.0106475551388991,-0.0097074738937656,0.0009400812451334
2026-08-17T08:14:00-04:00,9.63,9.685,9.529,9.55,0,17.082593200353084,9.7670320896278,9.66012150027468,9.633420469307495,5401,2996.9,-0.0150395786431035,-0.0178593920587459,-0.0028198134156424
2026-08-17T08:15:00-04:00,9.52,9.6849,9.5,9.6,0,17.082593200353084,9.766490952095346,9.654395643105664,9.626736375445995,3251,3064.95,-0.0137874234321675,-0.0200540927058519,-0.0062666692736843
2026-08-17T08:17:00-04:00,9.59,9.59,9.53,9.53,0,17.082593200353084,9.766333157720736,9.642548439000365,9.607389100356798,754,3013.9,-0.0166899417249505,-0.0271290964298724,-0.0104391547049219
2026-08-17T08:18:00-04:00,9.5792,9.5792,9.53,9.53,0,17.082593200353084,9.766118000708843,9.631829540047947,9.59191128028544,1013,2831.55,-0.0175390978549136,-0.0323630270235639,-0.0148239291686503
2026-08-17T08:19:00-04:00,9.53,9.53,9.5,9.5112,0,17.082593200353084,9.765224957433732,9.620341012424332,9.575769024228352,3677,2979.95,-0.0182165291219283,-0.0375945905710608,-0.0193780614491324
2026-08-17T08:20:00-04:00,9.5,9.54,9.4709,9.4709,0,17.082593200353084,9.76442558245821,9.606108535050588,9.55479521938268,3071,3055.55,-0.0200813751226754,-0.0444797803524767,-0.0243984052298013
2026-08-17T08:21:00-04:00,9.47,9.48,9.45,9.45,0,17.082593200353084,9.763705537187814,9.59124105552196,9.533836175506146,2471,2910.7,-0.021308879171599,-0.0510345041943001,-0.029725625022701
2026-08-17T08:22:00-04:00,9.42,9.5,9.38,9.46,0,17.082593200353084,9.762362018976596,9.578741907377012,9.519068940404916,4446,3027.2,-0.0200520287839439,-0.0547906610026309,-0.034738632218687
2026-08-17T08:23:00-04:00,9.47,9.52,9.47,9.5,0,17.082593200353084,9.762235455433483,9.57124267810301,9.515255152323936,500,2827.8,-0.0153436867953161,-0.0539182407128322,-0.038574553917516
2026-08-17T08:24:00-04:00,9.47,9.47,9.44,9.44,0,17.082593200353084,9.762054106753046,9.558743375426532,9.500204121859149,610,2572.4,-0.0150656308207621,-0.0574065924434687,-0.0423409616227066
2026-08-17T08:25:00-04:00,9.5,9.65,9.5,9.6,0,17.082593200353084,9.761678656142882,9.562672577766865,9.520163297487317,2211,2510.05,-0.0035047447845908,-0.0467218926034451,-0.0432171478188543
2026-08-17T08:26:00-04:00,9.65,9.65,9.4403,9.51,0,17.082593200353084,9.761231489336415,9.557656141789066,9.518130637989854,2066,2564.4,-0.0014244681321286,-0.0449977329840152,-0.0435732648518865
2026-08-17T08:27:00-04:00,9.53,9.6,9.53,9.55,0,17.082593200353084,9.760894867143929,9.556926985428202,9.524504510391884,1767,2596.6,0.0029040376362445,-0.0399432178065808,-0.0428472554428253
2026-08-17T08:28:00-04:00,9.56,9.56,9.56,9.56,0,17.082593200353084,9.760875850320174,9.557219653482658,9.531603608313509,100,2305.4,0.0064936336304109,-0.0347302134048117,-0.0412238470352226
2026-08-17T08:29:00-04:00,9.54,9.55,9.4101,9.4101,0,17.082593200353084,9.757268256870894,9.54320825791288,9.507302886650804,12681,2898.2,-0.00078732200939,-0.0422079995469601,-0.0414206775375701
2026-08-17T08:30:00-04:00,9.52,9.52,9.3,9.32,0,17.082593200353084,9.756060318570295,9.521950328587844,9.469842309320644,3434,2943.1,-0.0106819583275192,-0.0547731254469692,-0.0440911671194499
2026-08-17T08:31:00-04:00,9.5,9.5,9.5,9.5,0,17.082593200353084,9.756032149617283,9.519859821103289,9.475873847456516,118,2912.45,-0.0044346085325889,-0.0496344277851861,-0.0451998192525972
2026-08-17T08:32:00-04:00,9.4473,9.4473,9.4,9.44,0,17.082593200353084,9.755839329856116,9.512254123855357,9.468699077965212,633,2806.2,-0.0037034029101031,-0.0498290728902262,-0.046125669980123
2026-08-17T08:33:00-04:00,9.47,9.5,9.46,9.47,0,17.082593200353084,9.755631134227688,9.508229921583416,9.46895926237217,801,2779.3,-0.0007159100484826,-0.0470205575407263,-0.0463046474922436
2026-08-17T08:34:00-04:00,9.44,9.44,9.44,9.44,0,17.082593200353084,9.755601750587042,9.501731833813569,9.463167409897736,100,2455.25,-0.0002982574945692,-0.0466774693604552,-0.0463792118658859
2026-08-17T08:35:00-04:00,9.42,9.47,9.42,9.47,0,17.082593200353084,9.755454933012004,9.498709754402752,9.464533927918188,522,2211.3,0.0023165145217613,-0.0434835687136843,-0.0458000832354456
2026-08-17T08:36:00-04:00,9.4,9.45,9.4,9.45,0,17.082593200353084,9.755157273679163,9.494070730173918,9.46162714233455,994,2098.45,0.0029751647859943,-0.0420811272529526,-0.045056292038947
2026-08-17T08:37:00-04:00,9.57,9.62,9.54,9.58,0,17.082593200353084,9.75472650355191,9.502254470157355,9.48530171386764,2652,2193.35,0.0119390968674583,-0.030132420954624,-0.0420715178220824
2026-08-17T08:38:00-04:00,9.61,9.64,9.61,9.64,0,17.082593200353084,9.754668697766093,9.515373092047133,9.516241371094113,500,2167.7,0.0211442664759818,-0.0156411847271051,-0.036785451203087
2026-08-17T08:39:00-04:00,9.53,9.53,9.49,9.53,0,17.082593200353084,9.754602533465665,9.516766130899786,9.51899309687529,300,1998.85,0.0191208939818704,-0.0128843337257489,-0.0320052277076193
2026-08-17T08:40:00-04:00,9.64,9.72,9.64,9.72,0,17.082593200353084,9.754463295454231,9.53612173748076,9.559194477500233,2458,1968.2,0.029267476120597,0.0045791174431268,-0.0246883586774701
2026-08-17T08:41:00-04:00,9.7194,9.72,9.69,9.7,0,17.082593200353084,9.754286119413528,9.55172919105402,9.587355582000184,3761,2032.7,0.0330416335498532,0.0166136832598464,-0.0164279502900068
2026-08-17T08:42:00-04:00,9.6989,9.6989,9.68,9.69,0,17.082593200353084,9.754228092684732,9.564897839525068,9.607884465600147,975,1859.15,0.0331866991283348,0.0250554236204116,-0.0081312755079231
2026-08-17T08:43:00-04:00,9.66,9.77,9.64,9.6788,0,17.082593200353084,9.753896795108826,9.575745664332205,9.62206757248012,6245,2146.4,0.0308972952677367,0.0304903435767478,-0.0004069516909889
2026-08-17T08:44:00-04:00,9.7645,9.78,9.68,9.75,0,17.082593200353084,9.753881259780696,9.592341315348184,9.647654057984097,986,2165.2,0.032390181772446,0.0400807755245686,0.0076905937521225
2026-08-17T08:45:00-04:00,9.75,9.76,9.6317,9.6317,0,17.082593200353084,9.753792834757512,9.5960897615055,9.644463246387277,1219,2115.6,0.0240082039559685,0.0377008486970833,0.0136926447411147
2026-08-17T08:46:00-04:00,9.64,9.75,9.64,9.75,0,17.082593200353084,9.753719866491972,9.610747879457357,9.665570597109822,1978,2111.2,0.0249207893246689,0.0448436313969509,0.0199228420722819
2026-08-17T08:47:00-04:00,9.6615,9.76,9.6615,9.68,0,17.082593200353084,9.753663685975264,9.617343319509036,9.668456477687858,1159,2080.8,0.0195375219825275,0.0443447445504414,0.0248072225679138
2026-08-17T08:48:00-04:00,9.79,9.8,9.74,9.74,0,17.082593200353084,9.753668334140327,9.629024908127224,9.682765182150286,806,2116.1,0.018742102233335,0.0482348503595826,0.0294927481262476
2026-08-17T08:49:00-04:00,9.7,9.7,9.64,9.64,0,17.082593200353084,9.753573885433328,9.630070154972248,9.67421214572023,1109,1537.5,0.0106104104386906,0.0427557611746109,0.0321453507359203
2026-08-17T08:50:00-04:00,9.61,9.6996,9.53,9.5519,0,17.082593200353084,9.753141372429363,9.622625378308223,9.649749716576183,2986,1515.1,-0.0009579908981991,0.0309478621131713,0.0319058530113705
2026-08-17T08:51:00-04:00,9.62,9.62,9.55,9.6079,0,17.082593200353084,9.752934822134725,9.62122296132649,9.641379773260947,1421,1580.25,-0.00487571167092,0.0258112134227204,0.0306869250936404
2026-08-17T08:52:00-04:00,9.6007,9.7,9.6007,9.6854,0,17.082593200353084,9.752849947102204,9.627335060247775,9.650183818608758,1032,1600.2,-0.0024095681824692,0.0276749648655538,0.0300845330480231
2026-08-17T08:53:00-04:00,9.61,9.61,9.61,9.61,0,17.082593200353084,9.752834439543236,9.62568410212894,9.642147054887008,120,1566.15,-0.0058236504723177,0.022804969957626,0.0286286204299437
2026-08-17T08:54:00-04:00,9.61,9.61,9.5226,9.6,0,17.082593200353084,9.751665259308652,9.62323799716428,9.633717643909604,7422,1932.25,-0.0085574240348595,0.0179318403863693,0.0264892644212288
2026-08-17T08:55:00-04:00,9.57,9.5774,9.56,9.5774,0,17.082593200353084,9.751575014490465,9.618872473624824,9.622454115127685,558,1934.05,-0.0115060828031369,0.0121066609173077,0.0236127437204446
2026-08-17T08:56:00-04:00,9.56,9.56,9.56,9.56,0,17.082593200353084,9.751470454991576,9.61326557137484,9.609963292102147,608,1914.75,-0.0140767773482901,0.0060167720350818,0.020093549383372
2026-08-17T08:57:00-04:00,9.578,9.59,9.558,9.59,0,17.082593200353084,9.751157034188282,9.611049802672476,9.605970633681718,2032,1883.75,-0.0132187700968702,0.0035700867622843,0.0167888568591545
2026-08-17T08:58:00-04:00,9.56,9.56,9.56,9.56,0,17.082593200353084,9.751105662434894,9.606187916703668,9.596776506945377,300,1873.75,-0.014055628720388,-0.0007806790413305,0.0132749496790575
2026-08-17T08:59:00-04:00,9.6,9.64,9.59,9.59,0,17.082593200353084,9.750904355350723,9.604646210350936,9.5954212055563,1558,1936.65,-0.0120498314773452,-0.001787339667624,0.0102624918097212
2026-08-17T09:00:00-04:00,9.63,9.63,9.593,9.593,0,17.082593200353084,9.750862045724125,9.603537047460373,9.59493696444504,325,1830.0,-0.0100630727341498,-0.002316349107966,0.0077467236261837
2026-08-17T09:01:00-04:00,9.59,9.62,9.59,9.62,0,17.082593200353084,9.750798584312967,9.605104947702245,9.599949571556031,504,1667.15,-0.0066378364201681,-0.0005505718990264,0.0060872645211417
2026-08-17T09:02:00-04:00,9.6,9.6297,9.56,9.6122,0,17.082593200353084,9.750548792887887,9.605780666968696,9.602399657244826,1864,1711.6,-0.0046962725092298,0.0002169238846043,0.0049131963938342
2026-08-17T09:03:00-04:00,9.6199,9.6199,9.6199,9.6199,0,17.082593200353084,9.750537134759927,9.60712536535263,9.60589972579586,100,1404.35,-0.0027865481613215,0.0014300111921823,0.0042165593535038
2026-08-17T09:04:00-04:00,9.5823,9.59,9.55,9.59,0,17.082593200353084,9.74965464933214,9.60549437817619,9.602719780636688,5717,1640.9,-0.003390084193295,-2.10458881149e-05,0.0033690383051801
2026-08-17T09:05:00-04:00,9.63,9.9192,9.63,9.9,0,17.082593200353084,9.75038536854072,9.6335425326356,9.662175824509353,12468,2203.35,0.0161621058339011,0.0235716705975566,0.0074095647636554
2026-08-17T09:06:00-04:00,9.9,9.9,9.7507,9.7507,0,17.082593200353084,9.75053811102863,9.644700386670303,9.67988065960748,3484,2278.65,0.0179742666640876,0.0298773980937649,0.0119031314296773
2026-08-17T09:07:00-04:00,9.75,9.94,9.75,9.84,0,17.082593200353084,9.751162141087066,9.663300349844562,9.711904527685984,7734,2607.4,0.0237582520072413,0.041600946438729,0.0178426944314876
2026-08-17T09:08:00-04:00,9.8981,9.93,9.7603,9.93,0,17.082593200353084,9.75141941564461,9.688700316526033,9.755523622148788,2425,2688.35,0.031719016441372,0.0574914649832027,0.0257724485418306
2026-08-17T09:09:00-04:00,9.8201,9.94,9.8,9.9356,0,17.082593200353084,9.751648389131107,9.712214572094982,9.79153889771903,1882,2727.0,0.0351683225315543,0.0697328517062736,0.0345645291747192
2026-08-17T09:10:00-04:00,9.9,9.9,9.852,9.852,0,17.082593200353084,9.751737622082594,9.725527469990698,9.803631118175224,886,2622.0,0.0298364242748593,0.0718600595182934,0.0420236352434341
2026-08-17T09:11:00-04:00,9.89,9.92,9.806,9.806,0,17.082593200353084,9.752056367035063,9.733191520467775,9.80410489454018,4005,2751.2,0.0216116850842333,0.0690382415987258,0.0474265565144924
2026-08-17T09:12:00-04:00,9.8,9.83,9.75,9.83,0,17.082593200353084,9.752123820743543,9.74241137566132,9.809283915632143,1527,2775.95,0.0164229027243084,0.067955184919878,0.0515322821955695
2026-08-17T09:13:00-04:00,9.8186,9.8186,9.68,9.7,0,17.082593200353084,9.751974633758971,9.73837219702691,9.787427132505714,9063,3223.1,0.0035436524897309,0.0559618478077332,0.0524181953180023
2026-08-17T09:14:00-04:00,9.72,9.72,9.68,9.72,0,17.082593200353084,9.751949009357666,9.736622463976728,9.773941706004573,662,2885.1,-0.0039161095684898,0.04752305835739,0.0514391679258798
2026-08-17T09:15:00-04:00,9.7,9.76,9.7,9.76,0,17.082593200353084,9.751946672116173,9.738848895978943,9.771153364803656,229,2868.65,-0.0063027094947317,0.0435607810574651,0.0498634905521969
2026-08-17T09:16:00-04:00,9.749,9.749,9.65,9.66,0,17.082593200353084,9.75184365728857,9.731339477314284,9.748922691842926,1841,2930.3,-0.014304547952958,0.0319828056109994,0.0462873535639574
2026-08-17T09:17:00-04:00,9.6999,9.8,9.68,9.7991,0,17.082593200353084,9.75189151678665,9.737792860427207,9.75895815347434,7187,3188.05,-0.0101150331662916,0.0336435621060928,0.0437585952723845
2026-08-17T09:18:00-04:00,9.76,9.93,9.76,9.93,0,17.082593200353084,9.7521181703403,9.756098302291283,9.793166522779472,2206,3283.35,0.0009959137238938,0.0450034874272518,0.0440075737033579
2026-08-17T09:19:00-04:00,9.93,9.94,9.83,9.84,0,17.082593200353084,9.752270961324037,9.764088940168303,9.802533218223578,1534,3282.15,0.0017630341440361,0.0462113663834031,0.044448332239367
2026-08-17T09:20:00-04:00,9.832,9.89,9.8319,9.85,0,17.082593200353084,9.752394700820512,9.77227094586656,9.812026574578862,1396,3335.7,0.0023843788762737,0.0474288058347092,0.0450444269584354
2026-08-17T09:21:00-04:00,9.86,9.8723,9.83,9.8394,0,17.082593200353084,9.752508538804744,9.778664189117364,9.81750125966309,1424,3381.7,0.001561703957475,0.0469965569052792,0.0454348529478042
2026-08-17T09:22:00-04:00,9.82,9.94,9.82,9.91,0,17.082593200353084,9.75273497333152,9.791172361582378,9.836001007730472,1957,3386.35,0.0050555063381416,0.0517542358704812,0.0466987295323396
2026-08-17T09:23:00-04:00,9.94,9.962,9.88,9.9435,0,17.082593200353084,9.753779800401544,9.805679755717389,9.857500806184378,7106,3736.65,0.0086924843228174,0.0575643349358614,0.0488718506130439
2026-08-17T09:24:00-04:00,9.9496,9.98,9.93,9.96,0,17.082593200353084,9.754154026954266,9.820376921839545,9.878000644947502,2209,3561.25,0.0111238333915559,0.0627766423524889,0.0516528089609329
2026-08-17T09:25:00-04:00,9.99,10.38,9.98,10.21,0,17.082593200353084,9.76861969034753,9.857483881664349,9.944400515958002,41113,4993.5,0.0275481333119058,0.0860879756008152,0.0585398422889094
2026-08-17T09:26:00-04:00,10.24,10.36,10.1694,10.23,0,17.082593200353084,9.774857208369166,9.892961607220125,10.001520412766402,16155,5627.05,0.0371411043495505,0.1049662227258476,0.067825118376297
2026-08-17T09:27:00-04:00,10.26,10.31,10.2,10.2,0,17.082593200353084,9.77932285221985,9.922203358913446,10.04121633021312,12253,5853.0,0.0386739161143546,0.1161675135192403,0.0774935974048857
2026-08-17T09:28:00-04:00,10.2,10.27,10.1305,10.2,0,17.082593200353084,9.783968552445982,9.94866018187407,10.072973064170498,14144,6438.95,0.0369008079093883,0.1236196072916211,0.0867187993822328
2026-08-17T09:29:00-04:00,10.2191,10.2191,10.12,10.14,0,17.082593200353084,9.785214524487955,9.966883021695589,10.086378451336396,4263,6558.0,0.0292353981411593,0.1232630470586819,0.0940276489175226
2026-08-17T09:30:00-04:00,10.16,10.25,10.02,10.13,0,17.082593200353084,9.79557605721572,9.982417972010293,10.095102761069118,39437,8485.55,0.0214028911572742,0.1207812628641153,0.0993783717068411
2026-08-17T09:31:00-04:00,10.1321,10.22,9.95,9.95,0,17.082593200353084,9.801310658651778,9.979330546104553,10.066082208855294,31833,9876.95,0.0029784594672149,0.1031014460408599,0.1001229865736449
2026-08-17T09:32:00-04:00,9.921,9.9459,9.6,9.8,0,17.082593200353084,9.800734070222312,9.962251446475548,10.012865767084236,41685,11884.85,-0.0192112048719452,0.0761089804837134,0.0953201853556586
2026-08-17T09:33:00-04:00,9.94,10.3,9.93,10.155,0,17.082593200353084,9.81014552116403,9.980608451573111,10.04129261366739,41365,13499.95,-0.0103259187696932,0.082412786893542,0.0927387056632353
2026-08-17T09:34:00-04:00,10.2,10.84,10.0,10.7101,0,17.082593200353084,9.839755836867765,10.05008383713758,10.175054090933912,62981,16615.9,0.0303642122551933,0.130693970982227,0.1003297587270336
2026-08-17T09:35:00-04:00,10.7939,11.46,10.6,11.46,0,17.082593200353084,9.952946530522194,10.184361566934,10.43204327274713,139388,23573.85,0.1012184347396753,0.2268528021516278,0.1256343674119525
2026-08-17T09:45:00-04:00,13.14,13.38,12.0,13.15,0,17.082593200353084,10.222777199090244,10.466803322464097,10.975634618197704,169095,31936.55,0.2470289184196109,0.4344205154364662,0.1873915970168552
2026-08-17T09:46:00-04:00,13.0531,13.88,12.53,13.2913,0,17.082593200353084,10.658726343508786,10.735803006038944,11.438767694558162,306653,46909.85,0.332779463149558,0.6033659259538027,0.2705864628042447
2026-08-17T09:47:00-04:00,13.4295,14.6,12.7901,14.47,0,17.082593200353084,11.174571739965844,11.091440814987616,12.04501415564653,393173,66458.2,0.441836389182785,0.822881949282726,0.3810455600999409
2026-08-17T09:48:00-04:00,14.43,14.88,14.33,14.88,0,17.082593200353084,11.430840223935052,11.452255975464986,12.612011324517225,197049,76233.95,0.5097206865446843,1.0181964182807963,0.508475731736112
2026-08-17T09:53:00-04:00,14.25,14.88,13.5601,14.3966,0,17.082593200353084,11.549842888961464,11.732669692087368,12.96892905961378,118093,82068.8,0.4900637134553409,1.1210553735552882,0.6309916600999472
2026-08-17T09:54:00-04:00,14.3175,15.69,14.26,15.66,0,17.082593200353084,11.91268636079624,12.10670114998381,13.507143247691024,311641,97579.65,0.5269277598383786,1.2896513598979205,0.7627236000595419
2026-08-17T09:55:00-04:00,15.66,16.43,15.19,15.52,0,17.082593200353084,12.258420926140946,12.431777230937731,13.90971459815282,314014,113182.5,0.5065229276533394,1.395877259626216,0.8893543319728767
2026-08-17T09:56:00-04:00,15.4436,15.7199,14.57,15.1427,0,17.082593200353084,12.40637004192865,12.689960351800806,14.156311678522256,186539,122154.15,0.4349943270497973,1.4330972407851237,0.998102913735326
2026-08-17T09:57:00-04:00,15.1653,16.14,14.6828,15.85,0,17.082593200353084,12.553330178845169,12.99091650877216,14.495049342817804,177984,130942.9,0.4033971843875525,1.5023493942197668,1.0989522098322142
2026-08-17T09:58:00-04:00,15.955,16.73,15.41,16.3399,0,17.082593200353084,12.801661258173477,13.309867317460524,14.864019474254244,282210,142997.75,0.383691296496133,1.5785663304523805,1.1948750339562475
2026-08-17T09:59:00-04:00,16.28,16.57,15.76,15.9871,0,17.082593200353084,12.93064868378964,13.56484185865476,15.088635579403396,166510,150515.5,0.3178179765522555,1.592147504646567,1.2743295280943114
2026-08-17T10:00:00-04:00,16.07,16.25,15.44,15.8403,0,17.082593200353084,12.995922911843396,13.781552157830497,15.238968463522715,97772,154791.45,0.2388830601815539,1.572933353321254,1.3340502931397
2026-08-17T10:01:00-04:00,15.735,15.9199,14.67,15.06,0,17.082593200353084,13.061548648002807,13.903309095179972,15.203174770818173,132859,160727.2,0.1149263341218902,1.4777082107920627,1.3627818766701725
2026-08-17T10:02:00-04:00,15.01,15.3499,14.65,14.7306,0,17.082593200353084,13.092884294607448,13.982098705162832,15.10865981665454,77522,164390.15,-0.00223772937188,1.3599847149553224,1.3622224443272024
2026-08-17T10:03:00-04:00,14.79,15.3912,14.04,14.185,0,17.082593200353084,13.130630528936202,14.001422638004469,14.923927853323631,122595,168548.05,-0.1227946284318071,1.2087291587874436,1.331523787219251
2026-08-17T10:04:00-04:00,14.1611,14.74,14.14,14.6117,0,17.082593200353084,13.154698992103832,14.059544291527851,14.861482282658905,84187,171165.75,-0.1768285109079885,1.110488148584265,1.2873166594922536
2026-08-17T10:05:00-04:00,14.5301,15.6,14.4201,15.4,0,17.082593200353084,13.205600788002922,14.187206739953773,14.969185826127124,125782,175370.6,-0.1628550147667598,1.083747891033804,1.2466029058005637
2026-08-17T10:06:00-04:00,15.2501,15.7,14.95,14.993,0,17.082593200353084,13.254901473672492,14.26394895519627,14.9739486609017,123436,179474.15,-0.1828983990282489,1.0179799070152526,1.2008783060435015
2026-08-17T10:07:00-04:00,15.0938,15.6,14.9,15.2193,0,17.082593200353084,13.29124177630976,14.354934768987102,15.02301892872136,93798,181015.0,-0.182379608642913,0.9729037952398604,1.1552834038827733
2026-08-17T10:08:00-04:00,15.1337,15.95,14.63,15.85,0,17.082593200353084,13.37421477700942,14.497321933845472,15.188415142977089,202184,184154.8,-0.1427764981261645,0.9768127812250677,1.119589279351232
2026-08-17T10:09:00-04:00,15.9,16.089,14.88,15.2894,0,17.082593200353084,13.428850431010432,14.572757940145904,15.208612114381667,146162,183008.15,-0.1564527198205174,0.9240233795755852,1.080476099396103
2026-08-17T10:10:00-04:00,15.1733,15.2169,14.71,15.07,0,17.082593200353084,13.446915715831675,14.620114326798676,15.180889691505335,63686,170859.8,-0.1806752903223054,0.8546319864932208,1.0353072768155265
2026-08-17T10:11:00-04:00,15.06,15.58,14.9501,15.42,0,17.082593200353084,13.470587257230644,14.696293914722611,15.228711753204268,70974,154749.85,-0.1734887474569844,0.8184463424942958,0.9919350899512802
2026-08-17T10:12:00-04:00,15.4215,16.4,15.399,16.23,0,17.082593200353084,13.585491753328414,14.842361160939506,15.428969402563414,265728,158183.8,-0.1172407699762588,0.8453841274809566,0.9626248974572156
2026-08-17T10:13:00-04:00,16.309,17.17,15.92,16.7401,0,17.082593200353084,13.732560666275008,15.02309819323098,15.691195522050732,300114,167284.85,-0.0520623496302202,0.8975469604194402,0.9496093100496604
2026-08-17T10:14:00-04:00,16.8301,17.25,16.4,16.92,0,17.082593200353084,13.858662207593738,15.203755508161365,15.936956417640586,259605,164683.05,-0.0056571931710587,0.9425378185858372,0.9481950117568958
2026-08-17T10:15:00-04:00,16.92,18.28,16.81,18.0548,0,17.082593200353084,14.031873792190476,15.475283555003138,16.360525134112468,302473,164106.0,0.0875009912669485,1.0575712508405817,0.9700702595736328
2026-08-17T10:16:00-04:00,18.09,18.5999,17.76,18.28,0,17.082593200353084,14.18480441640066,15.742399406907602,16.744420107289976,255640,167561.05,0.1468315824533139,1.1536097376402754,1.0067781551869617
2026-08-17T10:17:00-04:00,18.2501,19.26,17.88,19.0175,0,17.082593200353084,14.396936579835264,16.05431374910688,17.19903608583198,343050,175814.35,0.2142086162061967,1.2745389254447073,1.0603303092385106
2026-08-17T10:18:00-04:00,19.0583,19.62,18.93,19.62,0,17.082593200353084,14.538475121978584,16.393902915858604,17.683228868665584,213926,172400.15,0.2739933794480096,1.4028220335485226,1.128828654100513
2026-08-17T10:19:00-04:00,19.62,19.62,19.62,19.62,0,17.082593200353084,14.545491782715144,16.701150257205402,18.070583094932463,10435,164596.4,0.2868108097563691,1.4873421662959745,1.2005313565396052
2026-08-17T10:24:00-04:00,19.38,21.32,18.861,21.32,0,17.082593200353084,14.653253746207264,17.141040708900125,18.720466475945972,139278,166671.7,0.3773544434526523,1.6722244108554207,1.2948699674027684
2026-08-17T10:29:00-04:00,22.0,23.73,19.8,19.8,0,17.082593200353084,14.847398317972251,17.394274927100113,18.936373180756775,238593,171958.4,0.3055159641306144,1.6767649225660364,1.371248958435422
2026-08-17T10:30:00-04:00,19.8,19.8,19.8,19.8,0,17.082593200353084,14.84782707018464,17.623391600709628,19.109098544605423,687,168116.65,0.2319719303475815,1.661213871369899,1.4292419410223174
2026-08-17T10:35:00-04:00,19.0,20.13,18.01,19.4,0,17.082593200353084,14.974891132700924,17.792592400642043,19.16727883568434,239789,173976.35,0.1351584113677104,1.5981899552319554,1.463031543864245
2026-08-17T10:36:00-04:00,19.4,20.19,18.6001,19.125,0,17.082593200353084,15.051753825121514,17.91948836248566,19.15882306854747,147742,177154.1,0.0365043091309518,1.5086619302779347,1.472157621146983
2026-08-17T10:37:00-04:00,19.18,19.6,18.23,18.57,0,17.082593200353084,15.116737063063823,17.98144185177274,19.041058454837977,146845,178207.25,-0.0760839705492961,1.3770526579603626,1.4531366285096587
2026-08-17T10:38:00-04:00,18.63,20.0,18.4723,19.47,0,17.082593200353084,15.173262830045998,18.12320929446105,19.126846763870383,115623,177816.6,-0.0984757474233117,1.3300419442305191,1.428517691653831
2026-08-17T10:39:00-04:00,19.44,19.87,18.65,18.99,0,17.082593200353084,15.21428889018128,18.205760790226662,19.099477411096306,89045,177578.95,-0.1510042197110213,1.2397624170150543,1.3907666367260756
2026-08-17T10:40:00-04:00,18.97,19.25,18.68,19.2499,0,17.082593200353084,15.239215534998126,18.305202619728885,19.129561928877045,56594,170299.45,-0.1721053009022952,1.1756350105982063,1.3477403115005018
2026-08-17T10:41:00-04:00,19.1618,19.44,18.93,19.1257,0,17.082593200353084,15.262802700114282,18.383345227373752,19.128789543101636,52774,165630.05,-0.1965222505384189,1.102087498327478,1.298609748865897
2026-08-17T10:42:00-04:00,19.1799,19.1799,17.3,17.955,0,17.082593200353084,15.301434098784258,18.342550443814343,18.89403163448131,119338,168412.65,-0.2880748166535516,0.9385162280489574,1.226591044702509
2026-08-17T10:43:00-04:00,17.81,18.7163,17.3101,18.48,0,17.082593200353084,15.328107517783424,18.35564087773679,18.811225307585048,83601,169044.0,-0.3080351564311909,0.8415470991635203,1.1495822555947113
2026-08-17T10:44:00-04:00,18.4931,19.6,18.29,19.34,0,17.082593200353084,15.383576053754998,18.44938936557138,18.91698024606804,134981,162506.65,-0.2599955299088257,0.8245878432086791,1.0845833731175047
2026-08-17T10:45:00-04:00,19.4,19.44,18.79,19.1711,0,17.082593200353084,15.426771781223149,18.51812371170744,18.96780419685443,106296,152815.75,-0.2369225703895476,0.7884301601305701,1.0253527305201178
2026-08-17T10:46:00-04:00,19.25,19.25,18.75,19.0342,0,17.082593200353084,15.437401253495086,18.56727383440197,18.981083357483545,27446,141207.8,-0.2281255970227553,0.7401957342416736,0.968321331264429
2026-08-17T10:47:00-04:00,18.94,19.3494,18.5801,18.8,0,17.082593200353084,15.457377998528289,18.58943823112559,18.944866685986835,53556,128761.95,-0.2344272013935056,0.675287329522547,0.9097145309160526
2026-08-17T10:48:00-04:00,18.71,18.7923,18.1,18.4424,0,17.082593200353084,15.480228063257432,18.57543459006601,18.844373348789468,71751,119567.5,-0.2572027539714419,0.5882110884517502,0.8454138424231921
2026-08-17T10:49:00-04:00,18.4395,18.5199,17.9905,18.13,0,17.082593200353084,15.49305432328618,18.53301224815496,18.701498679031573,44230,104626.5,-0.2856391505236535,0.4883649042686251,0.7740040547922786
2026-08-17T10:50:00-04:00,18.11,18.56,17.79,18.55,0,17.082593200353084,15.50735608112395,18.53463012928306,18.67119894322526,48269,96343.65,-0.268741885131021,0.4380766983785022,0.7068185835095233
2026-08-17T10:51:00-04:00,18.52,18.98,18.36,18.538,0,17.082593200353084,15.52572234587224,18.53495106935134,18.644559154580207,56122,98628.0,-0.2512728549157513,0.3927275148648341,0.6440003697805855
2026-08-17T10:52:00-04:00,18.4534,18.6,18.0,18.0901,0,17.082593200353084,15.535054135630634,18.49258430084169,18.533667323664165,32998,93314.0,-0.2616066270111621,0.3169920860166328,0.578598713027795
2026-08-17T10:53:00-04:00,18.2072,18.5,18.08,18.482,0,17.082593200353084,15.541992794103043,18.4915762721901,18.52333385893133,23596,82564.15,-0.234634615061515,0.2853054442009011,0.5199400592624162
2026-08-17T10:54:00-04:00,18.4178,18.4178,17.75,17.8501,0,17.082593200353084,15.553426743457903,18.43048329388628,18.388687087145065,44692,84764.4,-0.250495722308195,0.2068204063771723,0.4573161286853674
2026-08-17T10:55:00-04:00,17.85,18.0,16.73,16.87,0,17.082593200353084,15.569763033228272,18.28186583732568,18.084949669716053,96510,77600.45,-0.3140227135207089,0.0647877367844813,0.3788104503051902
2026-08-17T10:56:00-04:00,16.8701,17.2401,16.62,16.93,0,17.082593200353084,15.578239027665632,18.15311670996133,17.853959735772843,60993,73263.0,-0.337003094087514,-0.0424434173042023,0.2945596767833117
2026-08-17T10:57:00-04:00,16.965,17.3,16.85,17.0599,0,17.082593200353084,15.585289695574431,18.049000832822156,17.695147788618275,46485,68245.0,-0.3281360221763862,-0.115610350937171,0.2125256712392151
2026-08-17T10:58:00-04:00,17.06,17.06,16.7201,16.8346,0,17.082593200353084,15.588276703827276,17.933343610648617,17.52303823089462,22892,63608.45,-0.3216925564198948,-0.1895900242856534,0.1321025321342414
2026-08-17T10:59:00-04:00,17.0299,17.0299,16.3001,16.46,0,17.082593200353084,15.593177369373644,17.793025171539224,17.310430584715697,48142,61563.3,-0.3259007119705367,-0.2752733578289295,0.0506273541416072
2026-08-17T11:00:00-04:00,16.58,16.6,16.06,16.2236,0,17.082593200353084,15.596868043402486,17.64355610758311,17.093064467772557,52403,61353.75,-0.3270021041475616,-0.3581252760428448,-0.0311231718952831
2026-08-17T11:01:00-04:00,16.28,17.0,16.11,16.7,0,17.082593200353084,15.603551503572538,17.55369362114662,17.014451574218047,66571,62043.6,-0.2798639657218229,-0.3809531290475618,-0.1010891633257389
2026-08-17T11:02:00-04:00,16.69,17.42,16.69,17.375,0,17.082593200353084,15.613820905948716,17.53667518103742,17.086561259374438,66512,59402.3,-0.1916492285549109,-0.3406506990193776,-0.1490014704644666
2026-08-17T11:03:00-04:00,17.41,17.76,17.2919,17.76,0,17.082593200353084,15.625064493369964,17.55794421141481,17.22124900749955,57337,58089.1,-0.100383152521811,-0.2744804111167305,-0.1740972585949194
2026-08-17T11:04:00-04:00,17.7597,18.0,17.465,17.75,0,17.082593200353084,15.642581874283518,17.576235238899113,17.32699920599964,84829,55581.5,-0.0369680586152952,-0.2203073318640385,-0.1833392732487432
2026-08-17T11:05:00-04:00,17.7893,18.08,17.48,17.48,0,17.082593200353084,15.652155922454153,17.567069978051578,17.357599364799714,48316,52682.5,-0.0108420796627297,-0.1968918728271553,-0.1860497931644256
2026-08-17T11:06:00-04:00,17.6428,17.66,17.2,17.2,0,17.082593200353084,15.657191748258768,17.532110932522855,17.32607949183977,30527,52836.55,-0.0100712278864191,-0.1986388280224496,-0.1885676001360304
2026-08-17T11:07:00-04:00,17.21,17.43,17.1,17.1323,0,17.082593200353084,15.660105593824936,17.49403370085401,17.287323593471818,19254,51121.45,-0.0116614435435893,-0.203144404565517,-0.1914829610219277
2026-08-17T11:08:00-04:00,17.14,17.42,16.8369,17.1004,0,17.082593200353084,15.6654574221897,17.456544776963153,17.249938874777456,38038,49435.8,-0.0123369176407562,-0.206904108072873,-0.1945671904321168
2026-08-17T11:09:00-04:00,17.28,17.28,17.1201,17.26,0,17.082593200353084,15.666990730081016,17.437826226776185,17.251951099821966,10238,47736.2,-0.0001544390293706,-0.1947602392188301,-0.1946058001894595
2026-08-17T11:10:00-04:00,17.21,18.0,17.0001,17.885,0,17.082593200353084,15.681437384378428,17.48041420517845,17.378560879857574,77022,49173.85,0.0491496223189235,-0.133168772290805,-0.1823183946097286
2026-08-17T11:11:00-04:00,17.94,17.96,16.931,17.13,0,17.082593200353084,15.690554920072667,17.447041423732884,17.32884870388606,57791,49257.3,0.0309557741955857,-0.1436236768652463,-0.1745794510608321
2026-08-17T11:12:00-04:00,17.07,17.18,16.84,17.14,0,17.082593200353084,15.69458986890127,17.41779938337737,17.29107896310885,31225,49168.65,0.0201592539991788,-0.1493803835618585,-0.1695396375610374
2026-08-17T11:13:00-04:00,17.1,17.646,17.0837,17.45,0,17.082593200353084,15.700045903176012,17.420866108770003,17.32286317048708,33983,49688.0,0.0336645591940511,-0.1274589385684734,-0.1611234977625246
2026-08-17T11:14:00-04:00,17.455,17.65,17.3074,17.65,0,17.082593200353084,15.702229717523732,17.44268838412524,17.38829053638966,12601,48083.45,0.0545971359648264,-0.0928770778064915,-0.147474213771318
2026-08-17T11:15:00-04:00,17.63,17.79,17.2671,17.575,0,17.082593200353084,15.70737213238178,17.45528949039903,17.42563242911173,29658,44740.85,0.0614133669388594,-0.0707075050977437,-0.1321208720366031
2026-08-17T11:16:00-04:00,17.6705,17.98,17.51,17.66,0,17.082593200353084,15.714199414226746,17.474785729408644,17.472505943289384,36216,43502.0,0.0690952804805375,-0.0457517714359312,-0.1148470519164687
2026-08-17T11:17:00-04:00,17.67,17.7327,17.35,17.35,0,17.082593200353084,15.71708067389114,17.46290137422687,17.44800475463151,17444,42049.95,0.0515516291542142,-0.0504075154737009,-0.1019591446279152
2026-08-17T11:18:00-04:00,17.39,17.77,17.3301,17.625,0,17.082593200353084,15.722067010419847,17.478339338586217,17.483403803705208,28729,42341.8,0.0563325864037319,-0.0315434116232502,-0.0878759980269822
2026-08-17T11:19:00-04:00,17.625,17.625,17.2,17.3108,0,17.082593200353084,15.72527059689697,17.462383211101816,17.448883042964166,20742,40971.8,0.0371257892491782,-0.0414687614655093,-0.0785945507146876
2026-08-17T11:20:00-04:00,17.48,18.39,17.45,17.91,0,17.082593200353084,15.746548858305545,17.50501338147307,17.541106434371333,105164,43609.85,0.0620972213463294,-0.0009730240317757,-0.0630702453781052
2026-08-17T11:21:00-04:00,17.975,18.2,17.61,17.7381,0,17.082593200353084,15.755786404756751,17.527212107047063,17.580505147497067,47788,42670.7,0.0640983352318316,0.0170526736616842,-0.0470456615701473
2026-08-17T11:22:00-04:00,17.93,18.46,17.82,18.4095,0,17.082593200353084,15.766778076258849,17.611239525423535,17.746304117997653,48546,41772.4,0.1052685398004048,0.0845400131803586,-0.0207285266200461
2026-08-17T11:23:00-04:00,18.42,18.75,17.84,18.04,0,17.082593200353084,15.79204169487873,17.65207385633558,17.80504329439812,114168,44613.95,0.1021632268600703,0.1069755069550417,0.0048122800949714
2026-08-17T11:24:00-04:00,17.83,18.0,17.192,17.37,0,17.082593200353084,15.801018497599868,17.625209679541715,17.718034635518496,57636,43254.3,0.0520596043033684,0.069886785474182,0.0178271811708135
2026-08-17T11:25:00-04:00,17.3,17.3963,17.13,17.3899,0,17.082593200353084,15.80468890275149,17.602799233871075,17.652407708414795,27145,42195.75,0.0190340183734452,0.04161970413762,0.0225856857641748
2026-08-17T11:26:00-04:00,17.32,17.4,17.15,17.21,0,17.082593200353084,15.806874737846568,17.56538978302621,17.563926166731836,16813,41510.05,-0.0143502808775517,0.0046478346672351,0.0189981155447869
2026-08-17T11:27:00-04:00,17.2,17.4,16.66,16.775,0,17.082593200353084,15.810638913514984,17.490114565595142,17.40614093338547,36975,42396.1,-0.0624565334040916,-0.0590725512103276,0.003383982193764
2026-08-17T11:28:00-04:00,16.6501,16.8999,16.01,16.6762,0,17.082593200353084,15.818211569158334,17.41259889268132,17.260152746708375,119157,46452.05,-0.0956705621340745,-0.1162042204738291,-0.0205336583397546
2026-08-17T11:29:00-04:00,16.44,16.68,16.4001,16.4549,0,17.082593200353084,15.819290380417272,17.32138947433072,17.0991021973667,17605,46820.4,-0.1254089104834832,-0.1772947964441087,-0.0518858859606254
2026-08-17T11:30:00-04:00,16.57,16.9899,16.4401,16.645,0,17.082593200353084,15.820991274136864,17.256971429156366,17.00828175789336,22107,44074.65,-0.1248694171755039,-0.2079726574300053,-0.0831032402545014
2026-08-17T11:31:00-04:00,16.69,16.97,16.54,16.71,0,17.082593200353084,15.822583773105006,17.204878912093854,16.94862540631469,19682,42169.2,-0.1130796275099787,-0.2244527746419748,-0.1113731471319961
2026-08-17T11:32:00-04:00,16.633,17.38,16.633,17.2495,0,17.082593200353084,15.825310355792173,17.209128539513486,17.00880032505175,24536,41834.75,-0.064317197471743,-0.1917696439716749,-0.1274524464999319
2026-08-17T11:33:00-04:00,17.2499,17.25,17.0,17.0201,0,17.082593200353084,15.827899214434222,17.19112582146458,17.0110602600414,23348,41303.0,-0.0438600496919933,-0.1822775086149235,-0.1384174589229302
2026-08-17T11:34:00-04:00,17.0729,17.55,17.06,17.2109,0,17.082593200353084,15.830870604475418,17.193009076563193,17.05102820803312,23491,41847.5,-0.0153003536964633,-0.1575429010435094,-0.142242547347046
2026-08-17T11:35:00-04:00,17.2,17.37,17.06,17.06,0,17.082593200353084,15.832865797087155,17.180341545461935,17.052822566426496,17140,41221.6,-0.0049309070339513,-0.1484061811394852,-0.1434752741055339
2026-08-17T11:36:00-04:00,17.2762,17.2762,16.9601,17.0209,0,17.082593200353084,15.834111872658658,17.165156636370323,17.0464380531412,11396,39980.6,0.0006397135709338,-0.1426756321418665,-0.1433153457128004
2026-08-17T11:37:00-04:00,17.1534,17.1534,16.58,17.09,0,17.082593200353084,15.835888175985712,17.15799886147791,17.055150442512957,18415,40029.15,0.0098141150229313,-0.1310477019341362,-0.1408618169570676
2026-08-17T11:38:00-04:00,17.07,17.25,16.77,17.1361,0,17.082593200353084,15.837224023332984,17.15591325562287,17.071340354010367,12620,39223.7,0.0192761845878331,-0.1167665862222762,-0.1360427708101093
2026-08-17T11:39:00-04:00,17.08,17.58,16.9018,17.34,0,17.082593200353084,15.841858355987997,17.17344532651593,17.125072283208294,37180,40045.6,0.0384490346575024,-0.0879814774882312,-0.1264305121457337
2026-08-17T11:40:00-04:00,17.245,17.5,17.0301,17.19,0,17.082593200353084,15.84375707242374,17.175021962085843,17.138057826566634,15674,35571.1,0.0400306369837031,-0.0763922159161047,-0.1164228528998079
2026-08-17T11:41:00-04:00,17.1001,17.1821,16.97,17.093,0,17.082593200353084,15.844810817533986,17.167210346649096,17.129046261253308,9833,33673.35,0.0337945740792678,-0.0741796353007231,-0.1079742093799909
2026-08-17T11:42:00-04:00,17.04,17.1697,17.025,17.14,0,17.082593200353084,15.845597018505288,17.16461888506347,17.131237009002646,7174,31604.75,0.0320981737031458,-0.0678514922510586,-0.0999496659542045
2026-08-17T11:43:00-04:00,17.09,17.3062,17.05,17.12,0,17.082593200353084,15.846447466054936,17.160369467438375,17.12898960720212,7491,26270.9,0.0289871322563344,-0.0637157506337864,-0.0927028828901208
2026-08-17T11:44:00-04:00,17.11,17.1271,16.85,16.97,0,17.082593200353084,15.84870753083106,17.142239041968054,17.097191685761693,23059,24542.05,0.0167901432917558,-0.071715203775426,-0.0885053470671819
2026-08-17T11:45:00-04:00,16.96,17.0353,16.8842,16.89,0,17.082593200353084,15.849013052083926,17.118216276066335,17.055753348609354,3256,23347.6,0.0039666130975676,-0.0835470806952223,-0.0875136937927899
2026-08-17T11:46:00-04:00,16.9,17.03,16.7,16.77,0,17.082593200353084,15.85018338610209,17.085052821202876,16.998602678887483,13800,23196.95,-0.0111391376248831,-0.1014376158238938,-0.0902984781990107
2026-08-17T11:47:00-04:00,16.805,16.9031,16.6,16.72,0,17.082593200353084,15.851255570246906,17.050285885850222,16.942882143109987,13986,22047.5,-0.022390846731448,-0.1182870366133208,-0.0958961898818727
2026-08-17T11:48:00-04:00,16.805,17.08,16.78,16.95,0,17.082593200353084,15.852071401094973,17.04073484910258,16.94430571448799,8741,16526.7,-0.0127171048965869,-0.1117925710026064,-0.0990754661060195
2026-08-17T11:49:00-04:00,16.95,16.95,16.7,16.74,0,17.082593200353084,15.852420377804282,17.012093434902336,16.90344457159039,4298,15861.35,-0.0184855965623818,-0.1221824618089968,-0.1036968652466149
2026-08-17T11:50:00-04:00,16.76,16.9999,16.75,16.7602,0,17.082593200353084,15.852712690379288,16.98810358395926,16.874795657272312,3456,14928.8,-0.0188976285308655,-0.1273189009101969,-0.1084212723793313
2026-08-17T11:51:00-04:00,16.77,16.9188,16.71,16.81,0,17.082593200353084,15.8537269495647,16.971141337867902,16.86183652581785,12305,14559.95,-0.0139986615692834,-0.1259195993409356,-0.1119209377716522
2026-08-17T11:52:00-04:00,16.9163,17.25,16.8219,17.185,0,17.082593200353084,15.85753067822746,16.99150882949953,16.92646922065428,36081,15137.2,0.0147577347420923,-0.0934737693440368,-0.1082315040861291
2026-08-17T11:53:00-04:00,17.2364,17.2364,16.79,16.92,0,17.082593200353084,15.858621453858309,16.98469846478529,16.925175376523423,11345,14537.05,0.0160831070564014,-0.0881276202656273,-0.1042107273220288
2026-08-17T11:54:00-04:00,16.9294,17.0,16.52,16.9,0,17.082593200353084,15.86146324677718,16.976631944329547,16.920140301218737,35167,15120.85,0.015744437730878,-0.0845301801584312,-0.1002746178893092
2026-08-17T11:55:00-04:00,16.72,16.7999,16.7,16.7999,0,17.082593200353084,15.861819159208816,16.959800330583874,16.89609224097499,4615,14494.6,0.0092328533188613,-0.0887335512407325,-0.0979664045595939
2026-08-17T11:56:00-04:00,16.701,16.8,16.66,16.7,0,17.082593200353084,15.862046502106276,16.93505744195684,16.856873792779993,3110,14080.3,-0.0008147266729326,-0.0989848129007597,-0.0981700862278271
2026-08-17T11:57:00-04:00,16.83,16.83,16.55,16.56,0,17.082593200353084,15.86267050837347,16.899337685579997,16.797499034223993,9344,13626.75,-0.0151091208367042,-0.1170564872737074,-0.1019473664370031
2026-08-17T11:58:00-04:00,16.6,16.69,16.3,16.51,0,17.082593200353084,15.86348904526951,16.86225790600095,16.739999227379194,15109,13751.2,-0.0255379736003386,-0.1338698334374264,-0.1083318598370878
2026-08-17T11:59:00-04:00,16.481,16.6,16.37,16.48,0,17.082593200353084,15.86399392257278,16.825852391143716,16.687999381903357,9590,12371.7,-0.0316627227236286,-0.1479102632416236,-0.1162475405179949
2026-08-17T12:00:00-04:00,16.59,16.59,16.02,16.13,0,17.082593200353084,15.864376026025589,16.759580734844313,16.576399505522684,11768,12176.4,-0.0551181602716392,-0.185145240857544,-0.1300270805859048
2026-08-17T12:01:00-04:00,16.11,16.33,16.05,16.25,0,17.082593200353084,15.864730127698085,16.71104923628771,16.51111960441815,12087,12289.1,-0.0580866373476762,-0.2026353772705,-0.1445487399228238
2026-08-17T12:02:00-04:00,16.25,16.38,16.16,16.2535,0,17.082593200353084,15.864989624783536,16.667473118546024,16.45959568353452,7663,12313.55,-0.0553610386632825,-0.213750038251927,-0.1583889995886445
2026-08-17T12:03:00-04:00,16.2714,16.4699,16.2714,16.37,0,17.082593200353084,15.865304333358909,16.639142345351164,16.441676546827615,7355,12306.75,-0.0418718089748074,-0.2107287608071537,-0.1688569518323463
2026-08-17T12:04:00-04:00,16.4,16.4,16.2,16.29,0,17.082593200353084,15.86549253296626,16.60589069341296,16.411341237462093,5156,11411.6,-0.0347880082270476,-0.2123419621161559,-0.1775539538891082
2026-08-17T12:05:00-04:00,16.2771,16.34,16.2,16.22,0,17.082593200353084,15.865725206851865,16.5691391988022,16.373072989969675,7094,11603.5,-0.031372885240351,-0.216770060439547,-0.185397175199196
2026-08-17T12:06:00-04:00,16.2267,16.35,16.14,16.2501,0,17.082593200353084,15.8661270570652,16.53875451320199,16.34847839197574,12486,11537.8,-0.0239765914906851,-0.2153679145625524,-0.1913913230718673
2026-08-17T12:07:00-04:00,16.36,16.41,16.165,16.205,0,17.082593200353084,15.866424996929442,16.506968369087513,16.31978271358059,8961,11286.55,-0.0192171437921516,-0.2154127528120568,-0.1961956090199052
2026-08-17T12:08:00-04:00,16.2086,16.66,16.1,16.4914,0,17.082593200353084,15.866998614343515,16.505485667269653,16.354106170864473,12352,11467.1,0.0048394370862433,-0.190146312662101,-0.1949857497483443
2026-08-17T12:09:00-04:00,16.58,17.09,16.435,17.0405,0,17.082593200353084,15.870445188964595,16.55643941324397,16.491384936691578,41506,13327.5,0.0564838717017836,-0.1243809101211148,-0.1808647818228984
2026-08-17T12:10:00-04:00,16.965,17.0,16.6601,16.8,0,17.082593200353084,15.872152780034892,16.57963565960169,16.55310794935326,21438,14226.6,0.0721933864537482,-0.0906230487557131,-0.1628164352094614
2026-08-17T12:11:00-04:00,16.7569,16.95,16.7,16.7,0,17.082593200353084,15.87361103630002,16.591098930115812,16.58248635948261,19110,14566.85,0.0733579093237016,-0.0711190485548343,-0.1444769578785359
2026-08-17T12:12:00-04:00,16.7352,16.83,16.66,16.67,0,17.082593200353084,15.874133259302129,16.59861331772383,16.59998908758609,7372,13131.4,0.0696449058053114,-0.0574208256218966,-0.1270657314272081
2026-08-17T12:13:00-04:00,16.6697,17.2,16.66,17.0605,0,17.082593200353084,15.878291401066724,16.642602525559656,16.69209127006887,45363,14832.3,0.0897459978272561,-0.0148832341431379,-0.104629231970394
2026-08-17T12:14:00-04:00,17.0627,17.4499,16.91,17.05,0,17.082593200353084,15.881154194429612,16.681402285030167,16.763673016055098,27348,14441.35,0.0979241386452414,0.0177759413361577,-0.0801481973090837
2026-08-17T12:15:00-04:00,17.03,17.03,16.55,16.6,0,17.082593200353084,15.88302831873616,16.673649686455864,16.73093841284408,26704,15545.8,0.0699294408112604,0.0072636037049917,-0.0626658371062686
2026-08-17T12:16:00-04:00,16.71,16.99,16.5568,16.9137,0,17.082593200353084,15.88382511071138,16.696511621079114,16.767490730275263,10252,15902.9,0.0693080033307373,0.0239691670571531,-0.0453388362735842
2026-08-17T12:17:00-04:00,16.71,16.9024,16.4006,16.4006,0,17.082593200353084,15.884416919386888,16.668329561928722,16.69411258422021,10441,15957.75,0.0329537605075909,-0.0041466356390955,-0.0371003961466865
2026-08-17T12:18:00-04:00,16.43,16.585,16.4,16.4016,0,17.082593200353084,15.884882429363865,16.642926746506937,16.635610067376167,9731,15688.85,0.0088421897190946,-0.0260476589978182,-0.0348898487169128
2026-08-17T12:19:00-04:00,16.4145,16.6999,16.4,16.538,0,17.082593200353084,15.88568457852618,16.632933723030085,16.616088053900935,14673,15943.0,0.0022888155071096,-0.0320288293330257,-0.0343176448401354
2026-08-17T12:20:00-04:00,16.55,16.6999,16.3,16.3,0,17.082593200353084,15.88604105685038,16.601225749408172,16.55287044312075,7877,15748.45,-0.0168144325512352,-0.0553356855291795,-0.0385212529779442
2026-08-17T12:21:00-04:00,16.3439,16.3622,16.2001,16.2001,0,17.082593200353084,15.886303998317429,16.563023297083586,16.4823163544966,8650,15576.6,-0.0339307317089686,-0.0809346676141551,-0.0470039359051864
2026-08-17T12:22:00-04:00,16.2,16.399,16.14,16.38,0,17.082593200353084,15.88647597505841,16.54559250688515,16.46185308359728,4960,15441.45,-0.0309708677669717,-0.0857175206139011,-0.0547466528469293
2026-08-17T12:23:00-04:00,16.32,16.493,16.2,16.493,0,17.082593200353084,15.88671797867405,16.54058369670561,16.468082466877824,5764,15361.9,-0.0197816275297588,-0.0794736872591279,-0.0596920597293691
2026-08-17T12:24:00-04:00,16.46,16.4648,16.23,16.25,0,17.082593200353084,15.886818049879237,16.512909058924123,16.424465973502258,2833,15245.75,-0.0266949341113296,-0.0930607273685311,-0.0663657932572015
2026-08-17T12:25:00-04:00,16.3,16.3,16.18,16.283,0,17.082593200353084,15.887075012665022,16.491012958074208,16.396172778801805,8482,15315.15,-0.0269176410112549,-0.1000128445212702,-0.0730952035100152
2026-08-17T12:26:00-04:00,16.187,16.4567,16.1801,16.345,0,17.082593200353084,15.887281129097447,16.47710696206714,16.385938223041443,5683,14975.0,-0.0210230719860271,-0.0993740434925491,-0.078350971506522
2026-08-17T12:27:00-04:00,16.49,16.5,16.25,16.418437,0,17.082593200353084,15.88745750232717,16.471519346632174,16.392437978433154,4264,14740.15,-0.0108255175161884,-0.0918828684017576,-0.0810573508855691
2026-08-17T12:28:00-04:00,16.2757,16.5,16.2757,16.4,0,17.082593200353084,15.887530076599548,16.464707980286253,16.393950382746524,1747,14209.9,-0.0043040182897014,-0.086437373747696,-0.0821333554579945
2026-08-17T12:29:00-04:00,16.5199,16.5199,16.35,16.35,0,17.082593200353084,15.887655259929293,16.45378341073518,16.38516030619722,2929,12281.05,-0.0024329342332264,-0.0851745232495275,-0.0827415890163011
2026-08-17T12:30:00-04:00,16.4,16.7,16.4,16.59,0,17.082593200353084,15.888002716347245,16.466756419236592,16.426128244957777,6249,11521.6,0.0149379420265121,-0.064069161483161,-0.0790071035096731
2026-08-17T12:31:00-04:00,16.59,16.73,16.48,16.62,0,17.082593200353084,15.888780255097494,16.481351045975966,16.464902595966223,13101,11221.15,0.0276774217276102,-0.0444103263501602,-0.0720877480777705
2026-08-17T12:32:00-04:00,16.6,16.7126,16.58,16.67,0,17.082593200353084,15.889139982537246,16.499317613025873,16.50592207677298,5720,11138.55,0.0380594780475607,-0.0245134005183196,-0.0625728785658803
2026-08-17T12:33:00-04:00,16.66,16.6999,16.51,16.51,0,17.082593200353084,15.889783912383312,16.500334983213886,16.506737661418384,11466,9443.7,0.0329312478644393,-0.0214088187353311,-0.0543400665997705
2026-08-17T12:34:00-04:00,16.605,16.605,16.5,16.53,0,17.082593200353084,15.890048261847618,16.503160222907802,16.511390129134707,4917,8322.15,0.0297624233975651,-0.0171370373528141,-0.0468994607503792
2026-08-17T12:35:00-04:00,16.48,16.5199,16.35,16.419,0,17.082593200353084,15.890267464327485,16.49514496358325,16.492912103307766,4953,7234.6,0.0195598829450697,-0.022449607069042,-0.0420094900141118
2026-08-17T12:36:00-04:00,16.41,16.6999,16.41,16.5818,0,17.082593200353084,15.890574906351686,16.50339782419437,16.510689682646213,5567,7000.35,0.0229122750314123,-0.0133691462248464,-0.0362814212562587
2026-08-17T12:37:00-04:00,16.69,16.8,16.5158,16.66,0,17.082593200353084,15.89135537344185,16.518312317128238,16.54055174611697,12408,7098.7,0.0291337022292393,0.0001357065302904,-0.0289979956989488
2026-08-17T12:38:00-04:00,16.5,16.7121,16.5,16.7,0,17.082593200353084,15.891624715741756,16.535615905973167,16.572441396893577,4410,6832.65,0.0343230112000109,0.0139057683010648,-0.0204172428989461
2026-08-17T12:39:00-04:00,16.5547,17.25,16.5547,17.2115,0,17.082593200353084,15.894444079252189,16.59998581969001,16.700253117514862,30998,7648.9,0.0686051757150144,0.0653392267448218,-0.0032659489701925
2026-08-17T12:40:00-04:00,17.2264,17.5,17.01,17.3495,0,17.082593200353084,15.89974576071828,16.671368122576673,16.83010249401189,46816,9595.85,0.0953327882416492,0.1159000363318689,0.0205672480902197
2026-08-17T12:41:00-04:00,17.3539,17.47,17.0138,17.23,0,17.082593200353084,15.903338902368656,16.72457115852175,16.910081995209513,33095,10818.1,0.0992739171827455,0.1446596445686516,0.0453857273859061
2026-08-17T12:42:00-04:00,17.185,17.4599,17.0201,17.4599,0,17.082593200353084,15.906892031085562,16.794602476757774,17.02004559616761,31139,12127.05,0.1107979455680546,0.1838831593459744,0.0730852137779198
2026-08-17T12:43:00-04:00,17.4429,17.79,16.89,17.0104,0,17.082593200353084,15.914531826564138,16.815154621828462,17.018116476934086,71756,15426.65,0.082860428081519,0.1766607488798186,0.0938003207982995
2026-08-17T12:44:00-04:00,16.923,17.55,16.85,17.51,0,17.082593200353084,15.91810490281433,16.881330372130513,17.11649318154727,32058,16887.9,0.0920341980237099,0.2088430683279369,0.116808870304227
2026-08-17T12:45:00-04:00,17.537,17.92,17.3,17.47,0,17.082593200353084,15.92337822693997,16.93739414621332,17.187194545237816,40067,18467.15,0.0893419238318888,0.2284862750940881,0.1391443512621992
2026-08-17T12:46:00-04:00,17.48,17.82,17.14,17.33,0,17.082593200353084,15.928290170024006,16.97478517990729,17.215755636190252,40888,20227.4,0.0727679818240663,0.2301043285422821,0.1573363467182158
2026-08-17T12:47:00-04:00,17.325,17.4401,17.07,17.15,0,17.082593200353084,15.931456893419057,16.991472305630406,17.202604508952202,30821,21555.25,0.0456435532862244,0.2143907883259963,0.1687472350397719
2026-08-17T12:48:00-04:00,17.15,17.2399,17.0001,17.06,0,17.082593200353084,15.933138563298616,16.997998752713226,17.174083607161762,18119,22373.85,0.0189677504061154,0.1924569230474162,0.1734891726413008
2026-08-17T12:49:00-04:00,17.13,17.2,16.88,17.0,0,17.082593200353084,15.934671908830998,16.998189347692918,17.13926688572941,17679,23111.35,-0.0041571743618309,0.1682927046890121,0.172449879050843
2026-08-17T12:50:00-04:00,16.97,17.1599,16.6682,16.9894,0,17.082593200353084,15.936194420204894,16.99735226696026,17.109293508583526,19139,23755.85,-0.0206821631186769,0.1465971751524968,0.1672793382711738
2026-08-17T12:51:00-04:00,16.9131,17.5,16.9131,17.2468,0,17.082593200353084,15.939694308661856,17.021109193916427,17.13679480686682,34519,24826.75,-0.0150538998924406,0.148461963405623,0.1635158632980636
2026-08-17T12:52:00-04:00,17.35,17.97,17.2929,17.88,0,17.082593200353084,15.947361596967935,17.10290831830534,17.285435845493456,54943,27287.9,0.0281815385840267,0.198742786528097,0.1705612479440703
2026-08-17T12:53:00-04:00,17.78,17.88,17.6,17.7563,0,17.082593200353084,15.95007637960185,17.165136097514353,17.379608676394763,19229,27676.05,0.0443541316366076,0.2260039124898298,0.1816497808532222
2026-08-17T12:54:00-04:00,17.7,18.0,17.46,17.89,0,17.082593200353084,15.95532363583749,17.23417075489394,17.48168694111581,36558,29258.1,0.0590420380489249,0.2554523284143783,0.1964102903654534
2026-08-17T12:55:00-04:00,17.78,17.8924,17.12,17.38,0,17.082593200353084,15.95931341895396,17.248059254427847,17.46134955289265,33864,30703.65,0.0308154083664186,0.2349295508234767,0.2041141424570581
2026-08-17T12:56:00-04:00,17.38,17.56,17.2706,17.4503,0,17.082593200353084,15.960554790765975,17.26732027781567,17.45913964231412,10841,30967.35,0.0141336211870567,0.221781168940879,0.2076475477538223
2026-08-17T12:57:00-04:00,17.42,17.62,17.38,17.62,0,17.082593200353084,15.961564131885067,17.30090882278561,17.491311713851296,8196,30756.75,0.0118736668790405,0.222489631352623,0.2106159644735824
2026-08-17T12:58:00-04:00,17.5674,17.631,17.35,17.6,0,17.082593200353084,15.962988595599825,17.329393696806026,17.51304937108104,11681,31120.3,0.0066382352418515,0.2189137585258969,0.2122755232840453
2026-08-17T12:59:00-04:00,17.65,17.9,17.5401,17.885,0,17.082593200353084,15.96671524621924,17.3823085828245,17.58743949686483,26455,30893.15,0.0192615396203706,0.2363524478095087,0.217090908189138
2026-08-17T13:00:00-04:00,17.89,17.9258,17.5401,17.6472,0,17.082593200353084,15.96922391572418,17.407536336841215,17.599391597491866,18598,29482.25,0.009008843688901,0.2283519628002643,0.2193431191113632
2026-08-17T13:01:00-04:00,17.72,17.7629,17.1,17.18,0,17.082593200353084,15.974654307495673,17.385866209523005,17.51551327799349,50951,30375.05,-0.0297049278494359,0.1822119592995683,0.2119168871490043
2026-08-17T13:02:00-04:00,17.2,17.275,17.0,17.15,0,17.082593200353084,15.976096105702378,17.363402760997005,17.442410622394792,15998,29618.0,-0.0562593241596394,0.141592731949455,0.1978520561090944
2026-08-17T13:03:00-04:00,17.2,17.2,16.8,16.91,0,17.082593200353084,15.978678102772564,17.320221545663955,17.335928497915834,33727,27716.55,-0.087073917331309,0.089009659444958,0.1760835767762671
2026-08-17T13:04:00-04:00,16.831,17.11,16.63,16.91,0,17.082593200353084,15.980011577943603,17.281152827029292,17.250742798332666,19165,27071.9,-0.1034286690821796,0.0467977404235426,0.1502264095057222
2026-08-17T13:05:00-04:00,17.02,17.02,16.7382,16.97,0,17.082593200353084,15.980482113084664,17.251519224455073,17.194594238666134,6586,25397.85,-0.1057981345650792,0.0179787412993732,0.1237768758644524
2026-08-17T13:06:00-04:00,16.94,16.94,16.83,16.87,0,17.082593200353084,15.980693173978649,17.215184060221258,17.129675390932906,3053,23506.1,-0.1092473731206539,-0.0127823405363649,0.0964650325842889
2026-08-17T13:07:00-04:00,16.9193,17.17,16.9193,17.0367,0,17.082593200353084,15.98133870665194,17.198185578295423,17.111080312746324,7919,22361.0,-0.0959234099328353,-0.0234392298317551,0.0724841801010801
2026-08-17T13:08:00-04:00,17.025,17.31,17.025,17.2657,0,17.082593200353084,15.982320373760466,17.20461552321967,17.142004250197058,10494,21979.75,-0.0685903236999011,-0.0132537245237962,0.0553365991761048
2026-08-17T13:09:00-04:00,17.2999,17.32,17.05,17.0672,0,17.082593200353084,15.98461855097142,17.19152833053208,17.127043400157646,25790,22385.3,-0.0610351561501574,-0.0209573460115919,0.0400778101385655
2026-08-17T13:10:00-04:00,17.157,17.1999,16.85,16.91,0,17.082593200353084,15.985501995950706,17.164716108576645,17.083634720126117,11521,22004.4,-0.0634976782536819,-0.0392942876785369,0.024203390575145
2026-08-17T13:11:00-04:00,16.8501,17.11,16.8501,17.0134,0,17.082593200353084,15.9859459394603,17.150305050616964,17.069587776100892,5771,20567.0,-0.0553343974352994,-0.0449646062189792,0.0103697912163201
2026-08-17T13:12:00-04:00,17.0,17.4,17.0,17.17,0,17.082593200353084,15.988535885089796,17.152180760082015,17.089670220880713,28181,19228.9,-0.0374177838713054,-0.0364024386228116,0.0010153452484937
2026-08-17T13:13:00-04:00,17.29,17.64,17.171,17.46,0,17.082593200353084,15.99130816999152,17.18149687816944,17.16373617670457,25357,19535.3,-0.0057286297330849,-0.0061454419178623,-0.0004168121847774
2026-08-17T13:14:00-04:00,17.6394,18.2,17.5801,17.7201,0,17.082593200353084,16.004345220876843,17.232792413581876,17.275008941363655,93563,22385.55,0.0310365967526364,0.038378933756018,0.0073423370033816
2026-08-17T13:15:00-04:00,17.82,18.4,17.7485,18.09,0,17.082593200353084,16.012309760951755,17.314431231335984,17.438007153090926,50935,23239.1,0.0759925539269953,0.1023330294121258,0.0263404754851305
2026-08-17T13:16:00-04:00,18.1,18.5,18.04,18.24,0,17.082593200353084,16.023974231535398,17.402580637875413,17.59840572247274,69230,26158.55,0.1095189301792751,0.1632391382092244,0.0537202080299492
2026-08-17T13:17:00-04:00,18.25,18.3399,17.22,17.27,0,17.082593200353084,16.030155604301783,17.389953910458708,17.532724577978193,52197,28358.6,0.0623985592234516,0.1317184070592638,0.0693198478358122
2026-08-17T13:18:00-04:00,17.36,17.74,17.28,17.56,0,17.082593200353084,16.031505686738228,17.406148776129307,17.538179662382554,12093,28379.2,0.0474685346848006,0.128655516191813,0.0811869815070123
2026-08-17T13:19:00-04:00,17.56,17.8414,17.5141,17.7132,0,17.082593200353084,16.03295250270078,17.43539174983128,17.57318372990604,11707,27641.8,0.0446590054040974,0.1370107382621341,0.0923517328580367
2026-08-17T13:20:00-04:00,17.68,18.05,17.6001,17.9418,0,17.082593200353084,16.03578546570117,17.483621106990206,17.646906983924833,20790,27751.4,0.0543037128504334,0.1602313739210785,0.1059276610706451
2026-08-17T13:21:00-04:00,17.965,18.12,17.3506,17.67,0,17.082593200353084,16.040269016288992,17.501371477753043,17.651525587139865,36005,27004.1,0.0391907749767026,0.1549161297915233,0.1157253548148207
2026-08-17T13:22:00-04:00,17.67,17.84,17.5,17.6694,0,17.082593200353084,16.041330481170775,17.517374194157515,17.655100469711893,8782,26643.3,0.0265704965516332,0.1489384755043623,0.122367978952729
2026-08-17T13:23:00-04:00,17.6519,17.66,17.5,17.635,0,17.082593200353084,16.04171496312413,17.5285766518568,17.651080375769514,3330,25123.45,0.0139565480538736,0.1398136640200711,0.1258571159661974
2026-08-17T13:24:00-04:00,17.64,18.05,17.64,17.905,0,17.082593200353084,16.045087383704974,17.564426494537106,17.70186430061561,24989,25414.65,0.0214020981256943,0.1526097386233154,0.131207640497621
2026-08-17T13:25:00-04:00,17.9094,18.08,17.61,17.61,0,17.082593200353084,16.04728563931052,17.568766828390714,17.68349144049249,17273,25949.0,0.0049244854781022,0.1373632473452488,0.1324387618671466
2026-08-17T13:26:00-04:00,17.6681,17.98,17.52,17.77,0,17.082593200353084,16.04945986380523,17.587931892353502,17.70079315239399,17228,26657.75,0.0033418947281256,0.1366161302773036,0.133274235549178
2026-08-17T13:27:00-04:00,17.825,18.24,17.72,18.0634,0,17.082593200353084,16.056758319081993,17.633214569272216,17.773314521915193,50668,28795.2,0.0196838366604641,0.1578790313747582,0.138195194714294
2026-08-17T13:28:00-04:00,17.85,18.17,17.85,18.0,0,17.082593200353084,16.05877092319254,17.668146515055813,17.818651617532154,14047,28972.85,0.0235888509267752,0.1676812583727631,0.1440924074459879
2026-08-17T13:29:00-04:00,18.0938,18.34,18.0147,18.17,0,17.082593200353084,16.063521961045087,17.715942085050497,17.888921294025725,30624,29214.55,0.0343352115470287,0.1870114218797738,0.1526762103327451
2026-08-17T13:30:00-04:00,18.2295,18.91,18.1,18.8115,0,17.082593200353084,16.07721777524608,17.820280934093308,18.07343703522058,73840,32330.5,0.0788180251394077,0.2511987417570047,0.172380716617597
2026-08-17T13:31:00-04:00,18.855,19.3,18.3286,18.925,0,17.082593200353084,16.103792180562557,17.92549227370347,18.243749628176463,132648,38674.35,0.1082389625598713,0.3076794198174362,0.1994404572575648
2026-08-17T13:32:00-04:00,18.87,19.2,18.575,19.085,0,17.082593200353084,16.11906239679849,18.03592158096981,18.41199970254117,74601,40995.35,0.1293979365147901,0.3611878779010524,0.2317899413862623
2026-08-17T13:33:00-04:00,19.1327,19.6,18.8558,18.98,0,17.082593200353084,16.141064454287307,18.125833811353633,18.525599762032936,101955,44825.25,0.1270626784685603,0.3906182894719627,0.2635556110034024
2026-08-17T13:34:00-04:00,18.95,19.432,18.7,19.07,0,17.082593200353084,16.15181498848339,18.215754400748526,18.63447980962635,51708,42732.5,0.1222789519466135,0.4164043009366693,0.2941253489900558
2026-08-17T13:35:00-04:00,19.1299,19.13,18.7,18.8,0,17.082593200353084,16.158667345634544,18.271396838772475,18.66758384770108,35484,41959.95,0.092958286227484,0.4103232067744109,0.3173649205469268
2026-08-17T13:36:00-04:00,18.8,18.9652,18.75,18.905,0,17.082593200353084,16.161390834198937,18.33173999698462,18.715067078160864,14170,39206.95,0.0735151333199513,0.4092588371968659,0.3357437038769146
2026-08-17T13:37:00-04:00,18.9356,19.04,18.762,18.8048,0,17.082593200353084,16.165113351231955,18.376793330605132,18.73301366252869,19446,37569.4,0.0480193158123997,0.3957678486424143,0.3477485328300146
2026-08-17T13:38:00-04:00,18.76,18.8,18.5,18.67,0,17.082593200353084,16.170233923644407,18.404717775309404,18.72041093002295,29128,38421.15,0.0177488013746052,0.3699345345482712,0.3521857331736659
2026-08-17T13:39:00-04:00,18.73,19.0697,18.6455,18.8262,0,17.082593200353084,16.17700334359373,18.444858939565652,18.74156874401836,35932,39632.4,0.0046029168510645,0.3579393792374965,0.353336462386432
2026-08-17T13:40:00-04:00,18.8481,19.0,18.7803,18.9861,0,17.082593200353084,16.181819593564576,18.496405707226067,18.79047499521469,24973,39841.55,0.0031051819653824,0.3572179398431601,0.3541127578777776
2026-08-17T13:41:00-04:00,18.8961,19.2,18.75,19.155,0,17.082593200353084,16.192173776309193,18.559128973204537,18.86337999617175,51843,40633.45,0.0095540769846916,0.3660553541086422,0.3565012771239505
2026-08-17T13:42:00-04:00,19.14,19.14,18.0,18.4,0,17.082593200353084,16.206099290758534,18.543973832899344,18.7707039969374,86223,44505.5,-0.0383372113317395,0.3085797629592761,0.3469169742910156
2026-08-17T13:43:00-04:00,18.4132,18.78,18.1,18.2,0,17.082593200353084,16.21664753982193,18.511214420242265,18.65656319754992,70730,47875.5,-0.0822711516703204,0.244078034703115,0.3263491863734355
2026-08-17T13:44:00-04:00,18.2,18.7,18.15,18.655,0,17.082593200353084,16.219743198368935,18.524908284981095,18.656250558039936,19593,47605.7,-0.0794335308160449,0.2270572728533793,0.3064908036694242
2026-08-17T13:45:00-04:00,18.4901,18.5732,18.31,18.3673,0,17.082593200353084,16.221917123243006,18.509897972125756,18.59846044643195,14324,47458.25,-0.0946454881288231,0.1881839435083954,0.2828294316372185
2026-08-17T13:46:00-04:00,18.4954,18.9536,18.3208,18.905,0,17.082593200353084,16.225938761365228,18.547526736685207,18.65976835714556,23283,47761.0,-0.0674823194920155,0.198476532272199,0.2659588517642146
2026-08-17T13:47:00-04:00,18.93,19.49,18.5,18.7584,0,17.082593200353084,16.24182204591666,18.56760990461995,18.67949468571645,86118,49533.5,-0.058699802531601,0.1925840985997133,0.2512839011313144
2026-08-17T13:48:00-04:00,18.8,18.95,18.7,18.8486,0,17.082593200353084,16.24474888634538,18.594370866084716,18.71331574857316,16495,49655.9,-0.0466525044852986,0.1929682705246911,0.2396207750099897
2026-08-17T13:49:00-04:00,18.8,19.1,18.78,18.8114,0,17.082593200353084,16.24866938429207,18.61504030740998,18.732932598858525,21616,49205.5,-0.0412144840503009,0.1881026699471135,0.2293171539974145
2026-08-17T13:50:00-04:00,18.9,19.04,18.75,18.865,0,17.082593200353084,16.253453769077275,18.638845992418553,18.75934607908682,26588,46842.9,-0.0343155207755619,0.186422753027962,0.220738273803524
2026-08-17T13:51:00-04:00,18.89,19.2,18.65,19.135,0,17.082593200353084,16.26326198722318,18.686098755045357,18.834476863269455,52603,42840.65,-0.0129741674235911,0.2045205645240351,0.2174947319476262
2026-08-17T13:52:00-04:00,19.17,19.58,18.8,19.01,0,17.082593200353084,16.28129888881721,18.716946492660085,18.86958149061557,93096,43765.4,-0.0088777592304423,0.2063975329095733,0.2152752921400156
2026-08-17T13:53:00-04:00,19.115,20.0,19.03,19.73,0,17.082593200353084,16.305336211950596,18.81342777907341,19.041665192492452,108391,44087.2,0.0381412710757826,0.262951880984744,0.2248106099089613
2026-08-17T13:54:00-04:00,19.59,20.3517,19.25,19.625,0,17.082593200353084,16.33918828643762,18.89072037154261,19.15833215399396,148267,48915.15,0.056862049787653,0.2958881721435276,0.2390261223558745
2026-08-17T13:55:00-04:00,19.53,20.2,19.35,20.032,0,17.082593200353084,16.356802468153898,18.999413669490934,19.33306572319517,75673,50924.6,0.0894097022348882,0.3507882501494848,0.2613785479145966
2026-08-17T13:56:00-04:00,20.0554,20.5554,19.86,19.9916,0,17.082593200353084,16.38216313694874,19.093907605729893,19.464772578556136,102218,55327.0,0.1001617639555259,0.3865807528590039,0.286418988903478
2026-08-17T13:57:00-04:00,19.94,20.4377,19.79,20.2,0,17.082593200353084,16.40458833091058,19.199249738517523,19.611818062844907,91375,58923.45,0.1123386766542918,0.4268423347213428,0.314503658067051
2026-08-17T13:58:00-04:00,20.2,20.2399,19.91,20.01,0,17.082593200353084,16.41338288867928,19.2764640491349,19.691454450275927,37021,59318.1,0.0990893246243038,0.4383653138474308,0.3392759892231269
2026-08-17T13:59:00-04:00,20.0451,20.43,19.9201,20.2,0,17.082593200353084,16.422151330994296,19.364419853979197,19.79316356022074,35807,59311.85,0.0946227030140521,0.4575543679906921,0.36293166497664
2026-08-17T14:00:00-04:00,20.21,22.29,20.02,22.29,1,17.082593200353084,16.479735387135726,19.643046534552607,20.292530848176593,175423,66834.35,0.2169329713398686,0.6340978791514758,0.4171649078116071
2026-08-17T14:10:00-04:00,24.49,25.5,22.96,23.355,0,17.082593200353084,16.549399342989126,19.996565912214265,20.90502467854127,146802,71582.3,0.3463852922915178,0.8501465231760044,0.5037612308844865
2026-08-17T14:11:00-04:00,23.1335,25.62,23.1335,25.11,0,17.082593200353084,16.635939520319496,20.483559634860523,21.74601974283302,170338,75788.05,0.5167727147768965,1.149727124355607,0.6329544095787106
2026-08-17T14:12:00-04:00,24.96,25.44,24.07,25.0326,0,17.082593200353084,16.69341342092038,20.916801574397617,22.403335794266415,111984,77850.75,0.5857681588915324,1.365164608193126,0.7793964493015937
2026-08-17T14:13:00-04:00,25.005,25.02,23.65,24.2001,0,17.082593200353084,16.73263977962492,21.229496662550225,22.76268863541313,83046,81023.4,0.5380724179908212,1.4519869717901202,0.913914553799299
2026-08-17T14:14:00-04:00,24.22,24.48,23.65,24.46,0,17.082593200353084,16.7549176723202,21.537163647069253,23.102150908330504,48146,82714.5,0.4882252326308638,1.5241960945878787,1.035970861957015
2026-08-17T14:15:00-04:00,24.4799,25.65,23.6601,23.935,0,17.082593200353084,16.8109831276581,21.765529014015037,23.2687207266644,118935,87497.1,0.3884393869959326,1.5215200957019306,1.133080708705998
2026-08-17T14:16:00-04:00,23.88,24.71,22.62,23.195,0,17.082593200353084,16.84585341085173,21.90166910791837,23.25397658133152,85049,87443.65,0.2479777658327708,1.4430529159969616,1.1950751501641907
2026-08-17T14:17:00-04:00,23.1941,23.8,22.7307,23.6,0,17.082593200353084,16.86191860194942,22.063414907164237,23.323181265065216,40280,88632.9,0.1618906204545813,1.3974384257324175,1.235547805277836
2026-08-17T14:18:00-04:00,23.5703,24.15,22.76,23.17,0,17.082593200353084,16.881876923605784,22.168803963624782,23.292545012052173,50450,90074.6,0.0607404427438835,1.3114733587076906,1.250732915963807
2026-08-17T14:19:00-04:00,23.285,23.6499,23.05,23.3511,0,17.082593200353084,16.892215799817688,22.28140358613671,23.304256009641737,26296,90060.0,-0.0056879577516282,1.2436229687742717,1.2493109265259
2026-08-17T14:20:00-04:00,23.29,24.0,23.1501,23.88,0,17.082593200353084,16.906294117727054,22.4336508636475,23.419404807713388,34210,89140.35,-0.0246623869575124,1.2184829428290094,1.2431453297865218
2026-08-17T14:21:00-04:00,23.87,23.87,22.6,23.4839,0,17.082593200353084,16.929504498037552,22.53367459091917,23.43230384617071,59897,87480.4,-0.0718740438253007,1.153302775004896,1.2251768188301966
2026-08-17T14:22:00-04:00,23.5197,23.99,23.0,23.56,0,17.082593200353084,16.947547098240342,22.631419867974483,23.45784307693657,45445,84333.1,-0.1040108185397861,1.095163295655464,1.19917411419525
2026-08-17T14:23:00-04:00,23.5759,23.9,23.4153,23.8786,0,17.082593200353084,16.959892075790965,22.75019892816739,23.541994461549255,30248,78432.15,-0.109301441165083,1.0625473127388965,1.1718487539039797
2026-08-17T14:24:00-04:00,23.66,23.9,23.1,23.6226,0,17.082593200353084,16.967604372584706,22.8332847445324,23.558115569239405,19502,75623.6,-0.133908582112721,1.0044630262630785,1.138371608375799
2026-08-17T14:25:00-04:00,23.26,23.65,23.1,23.38,0,17.082593200353084,16.982303014164085,22.885352864100746,23.522492455391525,38253,72425.35,-0.1681726340910931,0.928155815761933,1.096328449853026
2026-08-17T14:26:00-04:00,23.4148,24.52,23.27,24.406,0,17.082593200353084,17.015220606131912,23.03017640085305,23.69919396431322,77878,71750.5,-0.1253508848246984,0.9396398438221532,1.0649907286468516
2026-08-17T14:27:00-04:00,24.4149,24.68,23.2101,23.535,0,17.082593200353084,17.038839703673137,23.078254838867046,23.666355171450576,58467,72822.8,-0.1572344438340653,0.8684476738542699,1.0256821176883353
2026-08-17T14:28:00-04:00,23.46,24.0,23.4101,23.7999,0,17.082593200353084,17.05256855216908,23.146982949451136,23.693064137160466,34539,72759.4,-0.1614216005067661,0.8239051170548777,0.9853267175616438
2026-08-17T14:29:00-04:00,23.73,24.35,23.52,24.2485,0,17.082593200353084,17.06206097072399,23.251889335217697,23.80415130972837,22924,65134.45,-0.1359384737684928,0.8154036253510277,0.9513420991195206
2026-08-17T14:30:00-04:00,24.26,26.32,24.0301,26.32,1,17.082593200353084,17.137194482216273,23.544090350911247,24.307321047782693,150573,65323.0,0.0106850620793077,0.9646984267186554,0.9540133646393476
2026-08-17T14:31:00-04:00,26.32,26.32,26.32,26.32,0,17.082593200353084,17.14820083172411,23.80846269844351,24.709856838226155,20429,57827.55,0.0933281674280552,1.0706735739244166,0.9773454064963614
2026-08-17T14:36:00-04:00,26.35,28.65,25.3,27.79,0,17.082593200353084,17.266297825514524,24.187656727163176,25.325885470580925,201684,62312.55,0.2251365423433244,1.2587660844255169,1.0336295420821924
2026-08-17T14:37:00-04:00,27.9499,28.68,26.8,27.03,0,17.082593200353084,17.36004655577889,24.45835608648097,25.66670837646474,159395,66130.0,0.2380246208834389,1.331160318186491,1.0931356973030522
2026-08-17T14:38:00-04:00,27.03,27.9899,26.6,27.44,0,17.082593200353084,17.390864410289566,24.74232217348278,26.021366701171793,53896,66417.5,0.2498243075592219,1.4054160817520795,1.1555917741928576
2026-08-17T14:39:00-04:00,27.41,28.8,27.17,27.605,0,17.082593200353084,17.44618763902049,25.01495815696061,26.338093360937435,92767,65109.1,0.2441185244599801,1.4607399297678327,1.2166214053078526
2026-08-17T14:40:00-04:00,27.5199,28.27,27.167,28.0,0,17.082593200353084,17.483400423962784,25.299247856297693,26.670474688749948,63236,64018.45,0.2418614258021949,1.5189481875605964,1.2770867617584014
2026-08-17T14:41:00-04:00,27.91,28.11,25.19,25.46,0,17.082593200353084,17.515426836661167,25.31455758426934,26.42837975099996,64564,65232.65,0.0540281221637339,1.344621914463069,1.290593792299335
2026-08-17T14:42:00-04:00,25.2766,26.1359,24.46,25.11,0,17.082593200353084,17.56035992921784,25.295075909577022,26.16470380079997,103507,67885.5,-0.1006366766500335,1.164797946486793,1.2654346231368263
2026-08-17T14:43:00-04:00,25.08,26.32,24.98,26.05,0,17.082593200353084,17.591290810922764,25.366973441998255,26.141763040639972,67145,69927.95,-0.1438501572275441,1.0856219266023963,1.2294720838299404
2026-08-17T14:44:00-04:00,26.03,26.78,25.9701,26.3,0,17.082593200353084,17.61201036509628,25.455833114188906,26.17341043251198,42327,70333.8,-0.1586491130746117,1.031160692486676,1.1898098055612876
2026-08-17T14:45:00-04:00,26.41,27.22,26.3,26.78,0,17.082593200353084,17.640988621024675,25.581944246170913,26.294728346009585,56818,70179.85,-0.139822953483669,1.0150311137067014,1.1548540671903704
2026-08-17T14:46:00-04:00,26.72,27.6799,26.5679,26.905,0,17.082593200353084,17.6679807023174,25.707949556059397,26.416782676807667,51636,70489.4,-0.1232447072184323,1.0007981831673298,1.1240428903857622
2026-08-17T14:47:00-04:00,26.8,26.8084,25.82,26.185,0,17.082593200353084,17.691751055657853,25.75338293167279,26.370426141446135,49875,71470.75,-0.1625894948482422,0.9208060218254596,1.0833955166737017
2026-08-17T14:48:00-04:00,26.185,27.34,26.06,27.14,0,17.082593200353084,17.71779626212167,25.885441700084904,26.52434091315691,51501,73070.7,-0.1276580766907111,0.9238229208103128,1.051480997501024
2026-08-17T14:49:00-04:00,27.0,29.03,26.75,28.33,0,17.082593200353084,17.784102510981057,26.118256776267295,26.885472730525528,117075,77011.8,-0.0327148247996491,1.0105874665014625,1.0433022913011116
2026-08-17T14:50:00-04:00,28.34,29.4991,27.77,28.8301,0,17.082593200353084,17.843453644560586,26.376527559479932,27.274398184420424,99607,78098.25,0.050912357138195,1.1069427377238554,1.0560303805856603
2026-08-17T14:51:00-04:00,28.5926,29.0,28.0201,28.275,0,17.082593200353084,17.87712408101213,26.55733445857708,27.474518547536334,58441,78096.95,0.0556065321726948,1.125538545801529,1.0699320136288342
2026-08-17T14:52:00-04:00,28.05,28.372,26.66,27.404356,0,17.082593200353084,17.918690558617484,26.638003176807835,27.46048603802907,79905,80365.25,-0.0096830681919766,1.0578281783888634,1.06751124658084
2026-08-17T14:53:00-04:00,27.305,27.8107,27.0,27.6543,0,17.082593200353084,17.945281071500254,26.734793350445184,27.499248830423255,51430,81790.55,-0.043879176495549,1.0126622759614037,1.0565414524569527
2026-08-17T14:54:00-04:00,27.37,27.42,25.8,26.58,0,17.082593200353084,17.979571162873285,26.720051126593265,27.315399064338603,73625,77943.15,-0.1412040187380865,0.8800364290343445,1.021240447772431
2026-08-17T14:55:00-04:00,26.6,26.6416,25.9,26.37,0,17.082593200353084,17.99024083353771,26.686712924060572,27.12631925147088,23849,78114.15,-0.2175153599957779,0.7493462477777086,0.9668616077734866
2026-08-17T14:56:00-04:00,26.46,27.3,26.33,27.06,0,17.082593200353084,18.005972272019644,26.72226407415004,27.113055401176705,32923,69676.1,-0.2187238203879262,0.6934568322885788,0.912180652676505
2026-08-17T14:57:00-04:00,27.06,27.5,26.6332,26.75,0,17.082593200353084,18.02182593600515,26.724905590897656,27.040444320941365,33057,63359.2,-0.2361150485352204,0.6170368420074794,0.8531518905426999
2026-08-17T14:58:00-04:00,26.84,28.27,26.8,27.665442,0,17.082593200353084,18.064669402045457,26.81448048700264,27.165443856753093,84088,64868.8,-0.1839946455411836,0.6231585836162203,0.807153229157404
2026-08-17T14:59:00-04:00,27.8994,28.2399,27.7,27.9459,0,17.082593200353084,18.08595183412332,26.922234726335724,27.321535085402473,40420,62251.45,-0.1311417708877884,0.6432260155476683,0.7743677864354568
2026-08-17T15:00:00-04:00,27.84,28.13,27.434217,27.6634,0,17.082593200353084,18.105829106285658,26.99282189525613,27.38990806832198,38772,61028.25,-0.116228197977564,0.6290825389635017,0.7453107369410658
2026-08-17T15:01:00-04:00,27.79,27.9,26.67,27.475,0,17.082593200353084,18.12123206593805,27.03874361951745,27.406926454657583,31443,59372.2,-0.1196058887900259,0.5958033759535333,0.7154092647435593
2026-08-17T15:02:00-04:00,27.5,27.6388,27.0601,27.1,0,17.082593200353084,18.13192812826869,27.04457756051579,27.345541163726068,22093,55301.5,-0.1459068952634847,0.5330256456642033,0.6789325409276881
2026-08-17T15:03:00-04:00,27.3453,27.3587,26.3701,26.8,0,17.082593200353084,18.143628593621028,27.021284459514288,27.236432930980857,25406,53214.55,-0.1800781735605838,0.4538348239769583,0.6339129975375422
2026-08-17T15:04:00-04:00,26.62,27.14,26.57,26.78,0,17.082593200353084,18.153103330676377,26.99830498717959,27.145146344784685,20654,52130.9,-0.1991116904379846,0.3850233844900614,0.5841350749280461
2026-08-17T15:05:00-04:00,26.67,27.08,26.5,26.855,0,17.082593200353084,18.15852587003606,26.98465689316249,27.08711707582775,11866,49883.3,-0.2011428894372416,0.332706463131494,0.5338493525687357
2026-08-17T15:06:00-04:00,26.805,26.815,25.3,25.3001,0,17.082593200353084,18.17804287326893,26.824222903337493,26.7297136606622,48485,49725.75,-0.2959688510965311,0.1638882886980717,0.4598571397946028
2026-08-17T15:07:00-04:00,25.3,25.51,23.62,24.17,0,17.082593200353084,18.202669942953815,26.571439769686304,26.21777092852976,75082,50986.1,-0.4162015221854509,-0.0603947629372108,0.3558067592482401
2026-08-17T15:08:00-04:00,24.27,24.8,24.1401,24.625,0,17.082593200353084,18.21017458892474,26.386064553525703,25.899216742823807,22676,49544.85,-0.4439498448662032,-0.1991305468345139,0.2448192980316893
2026-08-17T15:09:00-04:00,24.63,25.48,24.5133,25.44,0,17.082593200353084,18.21806497316928,26.295963167475637,25.807373394259045,21751,44778.65,-0.3882899462848027,-0.2405431348243141,0.1477468114604886
2026-08-17T15:10:00-04:00,25.3208,25.82,25.1,25.145,0,17.082593200353084,18.225012079676425,26.186347627716053,25.674898715407235,18625,40729.55,-0.3532217898663553,-0.2937804258724554,0.0594413639938998
2026-08-17T15:11:00-04:00,25.0,25.2433,24.7287,24.88,0,17.082593200353084,18.22984530140098,26.061933567933572,25.51591897232579,13760,38495.5,-0.3301788753910886,-0.3532822302449609,-0.0231033548538723
2026-08-17T15:12:00-04:00,25.01,26.1,25.0,25.8081,0,17.082593200353084,18.237916598718964,26.03775894241609,25.57435517786063,20890,35544.75,-0.238987698105371,-0.3218379774855862,-0.0828502793802151
2026-08-17T15:13:00-04:00,25.95,26.13,25.59,25.8518,0,17.082593200353084,18.24648085818473,26.020048566947892,25.629844142288505,21570,34051.75,-0.1657585427150212,-0.2900484577739917,-0.1242899150589704
2026-08-17T15:14:00-04:00,25.85,26.18,25.55,25.68,0,17.082593200353084,18.25224348847116,25.98766298914333,25.639875313830803,14645,31102.75,-0.1210013373018508,-0.275541586686284,-0.1545402493844331
2026-08-17T15:15:00-04:00,25.7381,25.7381,25.01,25.2464,0,17.082593200353084,18.25624038151716,25.917066513986825,25.56118025106464,10849,30452.75,-0.1128677230702797,-0.2956249032222828,-0.1827571801520031
2026-08-17T15:16:00-04:00,25.21,25.33,24.5103,24.5843,0,17.082593200353084,18.26021436377659,25.790136369797604,25.365804200851713,11662,29389.7,-0.1424405315833148,-0.3608078446311467,-0.2183673130478318
2026-08-17T15:17:00-04:00,24.552,25.2433,24.36,24.36,0,17.082593200353084,18.264623386580343,25.653932906007356,25.16464336068137,13267,28400.2,-0.1658327158852558,-0.4256582079044015,-0.2598254920191457
2026-08-17T15:18:00-04:00,24.19,25.4728,24.19,25.0769,0,17.082593200353084,18.27093683420705,25.59897739114951,25.147094688545096,18288,25110.2,-0.1236815962262148,-0.4144274873019142,-0.2907458910756994
2026-08-17T15:19:00-04:00,25.06,25.785,25.03,25.6,0,17.082593200353084,18.278427808672816,25.599074782468605,25.237675750836075,20056,24092.0,-0.054744802645037,-0.3591768943819957,-0.3044320917369587
2026-08-17T15:20:00-04:00,25.6999,26.85,25.4301,26.636,0,17.082593200353084,18.30561108479175,25.697829565090643,25.51734060066886,65510,25428.9,0.0602238060446658,-0.2291523341811263,-0.2893761402257922
2026-08-17T15:21:00-04:00,26.6202,27.25,26.1401,26.1401,0,17.082593200353084,18.329190221258777,25.739950558891536,25.641892480535088,55755,26644.5,0.1001178787775313,-0.164228791753878,-0.2643466705314093
2026-08-17T15:22:00-04:00,26.1892,26.7,25.52,25.73,0,17.082593200353084,18.3393109721349,25.739002886616152,25.65951398442807,25686,26824.15,0.0961127402516749,-0.1442057452168157,-0.2403184854684906
2026-08-17T15:23:00-04:00,26.09,26.31,25.09,26.025,0,17.082593200353084,18.34632053508417,25.766240706938422,25.732611187542457,18248,26466.25,0.1095811569387976,-0.1033420392949935,-0.2129231962337912
2026-08-17T15:24:00-04:00,26.03,26.31,25.75,25.88,0,17.082593200353084,18.35124090751873,25.77707492532524,25.762088950033966,12541,26060.6,0.1049660931537284,-0.0817155797916306,-0.1866816729453591
2026-08-17T15:25:00-04:00,25.93,26.119,25.5,25.9599,0,17.082593200353084,18.354867420914175,25.794486837199024,25.801651160027173,9402,25937.4,0.1033719370474081,-0.0574667516360989,-0.1608386886835071
2026-08-17T15:26:00-04:00,25.82,25.87,25.4701,25.6302,0,17.082593200353084,18.35695243347689,25.778840471751497,25.767360928021738,5560,23791.15,0.0773794749924906,-0.0641143449428938,-0.1414938199353844
2026-08-17T15:27:00-04:00,25.66,25.84,25.33,25.4122,0,17.082593200353084,18.361276041384578,25.743922331584688,25.69632874241739,11748,20624.45,0.0444092648268198,-0.0859822389018596,-0.1303915037286794
2026-08-17T15:28:00-04:00,25.6,25.7741,25.4187,25.6412,0,17.082593200353084,18.36597058328944,25.734139252386147,25.685302993933913,12624,20121.85,0.0372191682532316,-0.0838675434121398,-0.1210867116653715
2026-08-17T15:29:00-04:00,25.6336,26.93,25.6336,26.64,0,17.082593200353084,18.38855937433943,25.820411704539847,25.87624239514713,54962,21782.4,0.0956064717725507,-0.0015786219496831,-0.0971850937222338
2026-08-17T15:30:00-04:00,26.5801,27.14,26.36,26.9,0,17.082593200353084,18.40464846788136,25.923229637440812,26.080993916117706,37468,22724.55,0.1446692637769578,0.0836514859989634,-0.0610177777779944
2026-08-17T15:31:00-04:00,26.865,26.92,26.51,26.82,0,17.082593200353084,18.412469525106005,26.00863633863693,26.228795132894163,18375,22955.3,0.1632879437665933,0.1430921519302472,-0.020195791836346
2026-08-17T15:32:00-04:00,26.8342,26.8342,25.7,26.0,0,17.082593200353084,18.422746906719485,26.00781383019531,26.18303610631533,25983,23209.95,0.1142515846961992,0.1226186890339029,0.0083671043377037
2026-08-17T15:33:00-04:00,25.9814,26.2269,24.8,25.3913,0,17.082593200353084,18.430766369347676,25.94909822731957,26.024688885052264,22358,23249.35,0.0386051947025299,0.0566235977158662,0.0180184030133362
2026-08-17T15:34:00-04:00,25.0,25.3938,24.16,25.0,0,17.082593200353084,18.441099209419573,25.8587079199558,25.81975110804181,31683,24101.25,-0.0359683673224766,-0.0269420561397595,0.009026311182717
2026-08-17T15:35:00-04:00,25.02,25.02,23.6401,24.15,0,17.082593200353084,18.451945831764657,25.695973832340965,25.48580088643345,36702,25393.9,-0.1351514154209167,-0.1599129580934288,-0.0247615426725121
2026-08-17T15:36:00-04:00,24.239,24.44,23.9291,24.25,0,17.082593200353084,18.455517894916618,25.558262038784683,25.23864070914676,12251,25423.35,-0.1836250553108293,-0.2542928618110487,-0.0706678065002194
2026-08-17T15:37:00-04:00,24.3,24.89,24.3,24.84,0,17.082593200353084,18.46103379853144,25.489856130329,25.158912567317405,17514,25635.7,-0.1660847783229672,-0.2782737794039285,-0.1121890010809612
2026-08-17T15:38:00-04:00,24.745,24.745,23.9001,24.41,0,17.082593200353084,18.467433625091832,25.387012689345283,25.009130053853923,21484,25795.5,-0.172803223730573,-0.3281930307441776,-0.1553898070136045
2026-08-17T15:39:00-04:00,24.31,24.41,24.12,24.12,0,17.082593200353084,18.46804119876567,25.266344814169543,24.83130404308314,2090,24897.2,-0.1850460479202761,-0.3866973669139497,-0.2016513189936735
2026-08-17T15:40:00-04:00,24.275,24.5399,23.11,23.4,0,17.082593200353084,18.473744961550185,25.088597689010538,24.54504323446651,21653,22704.35,-0.2271294946986889,-0.4855631873670347,-0.2584336926683458
2026-08-17T15:41:00-04:00,23.46,23.5,23.1,23.39,0,17.082593200353084,18.478433447074885,24.926826480533343,24.31403458757321,19133,20873.25,-0.2398821664145161,-0.5582864006864909,-0.3184042342719748
2026-08-17T15:42:00-04:00,23.37,24.1482,23.37,23.95,0,17.082593200353084,18.483196223468315,24.833795387149216,24.241227670058567,17677,20472.8,-0.1966595520720222,-0.5642286743620026,-0.3675691222899804
2026-08-17T15:43:00-04:00,24.11,24.84,23.9101,24.2017,0,17.082593200353084,18.49171487294287,24.773595826468338,24.233322136046855,29005,21010.65,-0.1398452725711635,-0.5423757130039348,-0.4025304404327713
2026-08-17T15:44:00-04:00,24.24,24.24,23.6466,24.0623,0,17.082593200353084,18.49600791170772,24.70585336680469,24.199117708837484,15542,21160.7,-0.1021306517310409,-0.5301937550965725,-0.4280631033655315
2026-08-17T15:45:00-04:00,23.985,24.2,23.75,23.83,0,17.082593200353084,18.49980428413567,24.622438760442336,24.12529416706999,13907,21385.95,-0.0840602742169434,-0.5331384461367108,-0.4490781719197674
2026-08-17T15:46:00-04:00,23.92,23.9999,23.45,23.61,0,17.082593200353084,18.5023078723039,24.52601602135259,24.022235333655992,9607,21588.3,-0.0782732592629926,-0.5469197459985082,-0.4686464867355155
2026-08-17T15:47:00-04:00,23.69,24.6,23.587,24.4337,0,17.082593200353084,18.509497117216124,24.51722401931901,24.104528266924795,25115,22256.65,-0.0137036865625333,-0.4857760949386822,-0.4720724083761489
2026-08-17T15:48:00-04:00,24.4515,24.54,24.0,24.1,0,17.082593200353084,18.51387799278683,24.47748839843149,24.103622613539837,15318,22391.35,0.0104934802000195,-0.4589555581261244,-0.469449038326144
2026-08-17T15:49:00-04:00,24.165,24.2199,23.71,24.0,0,17.082593200353084,18.5168069553888,24.432013312866584,24.08289809083187,10699,20178.2,0.0230078208687508,-0.4406892622402054,-0.4636970831089563
2026-08-17T15:50:00-04:00,24.025,24.17,23.621,24.0599,0,17.082593200353084,18.52041109657381,24.396573949736432,24.078298472665495,13245,18967.05,0.0376955750256843,-0.4165776143268509,-0.4542731893525352
2026-08-17T15:51:00-04:00,24.025,24.35,23.9009,24.09,0,17.082593200353084,18.52345286590116,24.36737643071391,24.080638778132396,10865,18591.55,0.0509879440854583,-0.3905382592457123,-0.4415262033311706
2026-08-17T15:52:00-04:00,24.2,24.73,24.1,24.66,0,17.082593200353084,18.530535671459234,24.395245342074492,24.196511022505916,23718,18478.3,0.0970478497055115,-0.3202163911992812,-0.4172642409047927
2026-08-17T15:53:00-04:00,24.6,25.0899,24.25,24.795,0,17.082593200353084,18.536795298624344,24.433317214257873,24.316208818004732,20277,18374.25,0.1332494006249563,-0.2507024901235972,-0.3839518907485536
2026-08-17T15:54:00-04:00,24.86,25.68,24.7001,25.42,0,17.082593200353084,18.54858301278752,24.52728700337617,24.536967054403785,35132,18546.7,0.1923411336197559,-0.1435254737238587,-0.3358666073436146
2026-08-17T15:55:00-04:00,25.54,26.03,25.34,25.4,0,17.082593200353084,18.56088464425836,24.610402526864153,24.70957364352303,35103,18466.75,0.221081525482296,-0.0595147004907445,-0.2805962259730406
2026-08-17T15:56:00-04:00,25.4,25.5,24.66,24.955,0,17.082593200353084,18.569527917945287,24.643221333829473,24.758658914818422,26847,19196.55,0.2016652692543703,-0.0285146394050777,-0.230179908659448
2026-08-17T15:57:00-04:00,24.8082,25.25,24.73,24.9297,0,17.082593200353084,18.57445267677884,24.670505016321904,24.792867131854734,15493,19095.5,0.1794078287509139,-0.0059201227208056,-0.1853279514717195
2026-08-17T15:58:00-04:00,24.83,24.95,24.5042,24.88,0,17.082593200353084,18.579171611835456,24.690456919529343,24.81029370548379,15328,18787.7,0.1545703030669581,0.0078849273619781,-0.14668537570498
2026-08-17T15:59:00-04:00,24.7356,24.95,24.55,24.79,0,17.082593200353084,18.58802031589201,24.6999372129075,24.80623496438703,28874,20126.9,0.1264935052759428,0.0114315058899485,-0.1150619993859943
2026-08-17T16:00:00-04:00,24.59,26.43,24.59,26.0,0,17.082593200353084,18.59780818585935,24.82375271644012,25.044987971509624,27915,20440.0,0.1805328852956997,0.1106041072336303,-0.0699287780620693
2026-08-17T16:01:00-04:00,25.8,26.01,24.7,25.73,0,17.082593200353084,18.606941285798275,24.91006198154106,25.1819903772077,26852,20825.95,0.1883466477022654,0.1655045315657624,-0.022842116136503
2026-08-17T16:02:00-04:00,25.61,27.94,23.33,24.63,0,17.082593200353084,18.632010144560592,24.88338941187048,25.07159230176616,76072,23745.7,0.1133795371135456,0.118882305255429,0.0055027681418834
2026-08-17T16:03:00-04:00,24.57,24.8667,23.55,24.02,0,17.082593200353084,18.640044157568944,24.801161848835196,24.861273841412928,29638,23777.35,0.0214691192489801,0.0323391672031085,0.0108700479541284
2026-08-17T16:04:00-04:00,24.25,24.89,23.32,24.89,0,17.082593200353084,18.645273892529246,24.809622625136605,24.867019073130344,18592,23929.85,0.0181582705941706,0.0335678861968418,0.0154096156026711
2026-08-17T16:05:00-04:00,24.74,24.74,23.93,24.0203,0,17.082593200353084,18.649455580047913,24.73444904179026,24.697675258504276,15255,23997.25,-0.0405115004967655,-0.0352297600182858,0.0052817404784797
2026-08-17T16:06:00-04:00,24.12,27.23,24.05,26.35,0,17.082593200353084,18.66202772453144,24.888311037810237,25.02814020680342,35503,25292.05,0.0734669621801663,0.0971154432036875,0.0236484810235213
2026-08-17T16:07:00-04:00,26.6239,28.85,26.0,27.77,0,17.082593200353084,18.703386472812795,25.162757605637832,25.576512165442736,95523,28812.45,0.2314606788341107,0.3129743295661598,0.081513650732049
2026-08-17T16:08:00-04:00,27.93,31.1,26.92,27.79,0,17.082593200353084,18.747685291958515,25.412971167005654,26.019209732354188,92164,32654.75,0.3188877372129637,0.4801233222482537,0.1612355850352899
2026-08-17T16:09:00-04:00,28.06,28.06,25.1,27.19,0,17.082593200353084,18.76763414740181,25.582212008243214,26.253367785883352,51260,34682.8,0.3172081491973408,0.557745771531966,0.2405376223346251
2026-08-17T16:10:00-04:00,27.47,27.64,26.3,27.29,0,17.082593200353084,18.77831605685055,25.744858483648624,26.46069422870668,26579,35349.5,0.303715671419169,0.6201822116085864,0.3164665401894174
2026-08-17T16:11:00-04:00,27.01,27.01,26.25,26.93,0,17.082593200353084,18.782673974031173,25.85772910425352,26.554555382965347,11337,35373.1,0.2534780463652732,0.633314098146009,0.3798360517807357
2026-08-17T16:12:00-04:00,26.62,27.89,26.5,27.25,0,17.082593200353084,18.79154071852269,25.99032633241985,26.69364430637228,21779,35276.15,0.2256610978448261,0.6619124240867684,0.4362513262419423
2026-08-17T16:13:00-04:00,27.0381,27.6,26.61,26.91,0,17.082593200353084,18.797354552591653,26.077914300760817,26.73691544509782,14606,34992.6,0.1707212200134407,0.6496528512587432,0.4789316312453024
2026-08-17T16:14:00-04:00,27.17,28.7,27.17,28.58,0,17.082593200353084,18.81746485047974,26.316208176878835,27.105532356078257,44654,35468.7,0.2295456508079212,0.765863694755204,0.5363180439472828
2026-08-17T16:15:00-04:00,28.46,30.41,28.46,29.42,0,17.082593200353084,18.854441148458545,26.61180739812847,27.56842588486261,72610,37344.05,0.3030998304640121,0.915192832027298,0.6120930015632858
2026-08-17T16:16:00-04:00,29.23,31.88,29.13,29.901,0,17.082593200353084,18.88861607868604,26.92506383640195,28.034940707890083,62391,39121.25,0.3584291325688542,1.0601294172743536,0.7017002847054994
2026-08-17T16:17:00-04:00,30.4,31.71,29.6,31.5,0,17.082593200353084,18.925118853649515,27.36077204245891,28.727952566312062,63521,41522.65,0.4699661967077186,1.2891580305901478,0.8191918338824291
2026-08-17T16:18:00-04:00,31.06,31.75,30.5,31.16,0,17.082593200353084,18.948509048502423,27.72260327651044,29.21436205304965,40235,42768.0,0.4860726417866479,1.426782636115739,0.9407099943290912
2026-08-17T16:19:00-04:00,31.16,33.33,30.74,32.97,0,17.082593200353084,18.991964528612765,28.222355345414208,29.96548964243972,68352,44741.9,0.5776208165064127,1.6627360149621069,1.0851151984556942
2026-08-17T16:20:00-04:00,32.79,33.6409,32.16,32.64,0,17.082593200353084,19.035065068511617,28.64308340775571,30.500391713951775,65922,46642.25,0.5737689839695794,1.8023264284176683,1.228557444448089
2026-08-17T16:21:00-04:00,32.74,33.19,30.65,31.53,0,17.082593200353084,19.06465999678216,28.91802784511231,30.70631337116142,49165,47757.9,0.4592386811622364,1.8026057959008843,1.343367114738648
2026-08-17T16:22:00-04:00,31.29,31.85,31.0,31.52,0,17.082593200353084,19.074986965070583,29.165834717006376,30.869050696929136,17673,44837.95,0.350493857463763,1.781484436568352,1.430990579104589
2026-08-17T16:23:00-04:00,31.59,32.26,30.56,31.35,0,17.082593200353084,19.09570240345135,29.373850458243865,30.96524055754331,35733,45142.7,0.2400661707283453,1.7310732925150203,1.4910071217866752
2026-08-17T16:24:00-04:00,31.0,32.2557,30.75,31.11,0,17.082593200353084,19.10356779813387,29.53919803364921,30.99419244603465,13619,44894.05,0.1293581040248947,1.6527047518177935,1.523346647792899
2026-08-17T16:25:00-04:00,31.4,31.4,29.5,30.5,0,17.082593200353084,19.122618510102257,29.630702982825476,30.89535395682772,35697,45916.15,0.0003704314842845,1.5238096871482547,1.5234392556639702
2026-08-17T16:26:00-04:00,30.71,31.5,30.47,31.41,0,17.082593200353084,19.129563654146096,29.800159841604003,30.998283165462176,12326,44757.3,-0.0363107922090766,1.4780507654026245,1.514361557611701
2026-08-17T16:27:00-04:00,31.1958,32.21,30.7902,31.0,0,17.082593200353084,19.15436035538696,29.914430332879817,30.99862653236974,43376,42149.95,-0.0973697882781672,1.392649322263992,1.4900191105421592
2026-08-17T16:28:00-04:00,30.8151,31.35,30.62,31.35,0,17.082593200353084,19.15630172528338,30.05115125355793,31.068901225895793,3468,37715.15,-0.1217841363824863,1.3377889400640512,1.4595730764465376
2026-08-17T16:29:00-04:00,30.9,31.8,30.75,31.48,0,17.082593200353084,19.163529900270753,30.18723208655241,31.15112098071663,12671,35785.7,-0.1357128039555382,1.2899320715021148,1.425644875457653
2026-08-17T16:30:00-04:00,31.41,31.41,30.65,30.6507,0,17.082593200353084,19.17048169814773,30.23137188783313,31.051036784573306,12658,35089.65,-0.2032500543109647,1.171582307568947,1.374832361879912
2026-08-17T16:31:00-04:00,30.95,31.55,30.7201,31.1473,0,17.082593200353084,19.176097623987143,30.31860313661093,31.070289427658643,10035,35024.55,-0.2157686230770263,1.105121583033629,1.320890206110655
2026-08-17T16:32:00-04:00,31.162,33.99,31.162,33.59,1,17.082593200353084,19.242402386487505,30.630164742647985,31.574231542126917,103721,39121.65,-0.068458968158138,1.2353164959129828,1.3037754640711208
2026-08-17T16:33:00-04:00,33.59,38.68,33.401,37.07,0,17.082593200353084,19.339924716052312,31.24348238620532,32.67338523370153,122965,44539.6,0.2376597999650458,1.600850214027428,1.3631904140623825
2026-08-17T16:34:00-04:00,37.07,38.6899,36.67,38.6899,0,17.082593200353084,19.380937680910776,31.952665016090528,33.876688186961225,47566,44685.2,0.5080208807136057,1.9982165149543896,1.4901956342407838
2026-08-17T16:35:00-04:00,38.21,39.5,37.26,39.24,0,17.082593200353084,19.435670238803645,32.64669691932,34.94935054956898,61648,44137.1,0.6723669420525855,2.3306543118065157,1.6582873697539302
2026-08-17T16:36:00-04:00,39.45,40.0,38.0,38.4725,0,17.082593200353084,19.482176548231365,33.20153530795619,35.653980439655186,52230,43629.05,0.6760309368605462,2.503326040829613,1.8272951039690668
2026-08-17T16:37:00-04:00,38.2122,39.93,38.1,39.0201,0,17.082593200353084,19.508026898213412,33.755684326246076,36.32720435172415,28853,41895.65,0.6611762510679999,2.653765417804067,1.992589166736067
2026-08-17T16:38:00-04:00,39.18,39.18,37.0,37.2,0,17.082593200353084,19.534781360809387,34.083714390413114,36.50176348137932,31949,41481.35,0.4828850851774975,2.596195523207939,2.1133104380304415
2026-08-17T16:39:00-04:00,37.2,38.55,36.22,36.55,0,17.082593200353084,19.549368816809015,34.31859873418329,36.51141078510346,18142,38970.85,0.2850738730268611,2.4696527793140177,2.184578906287157
2026-08-17T16:40:00-04:00,36.5,36.88,36.0,36.5,0,17.082593200353084,19.559488869924547,34.526351235689646,36.50912862808276,13086,36329.05,0.1230383219244295,2.3383768086926935,2.215338486768264
2026-08-17T16:41:00-04:00,37.0,38.33,36.96,37.6,0,17.082593200353084,19.5726263939627,34.81907968943349,36.727302902466214,15909,34666.25,0.0650303175836795,2.2966263837478635,2.231596066164184
2026-08-17T16:42:00-04:00,37.69,38.48,37.31,37.94,0,17.082593200353084,19.588433952088884,35.11631019520173,36.96984232197297,18880,34726.6,0.0266159978964162,2.264866063534704,2.238250065638288
2026-08-17T16:43:00-04:00,38.08,38.2,37.15,38.2,0,17.082593200353084,19.5968206626973,35.40999493851585,37.21587385757837,10063,33443.1,-0.0026697140766183,2.234912923042515,2.237582637119133
2026-08-17T16:44:00-04:00,38.25,38.75,37.03,37.79,0,17.082593200353084,19.616769053765257,35.63666208722863,37.3306990860627,23964,33960.35,-0.0674503361103466,2.1532697169811996,2.2207200530915463
2026-08-17T16:45:00-04:00,37.79,38.0,37.0,37.47,0,17.082593200353084,19.62645918063782,35.81126569796876,37.35855926885016,11899,32770.45,-0.1451852501641433,2.039238490386367,2.1844237405505105
2026-08-17T16:46:00-04:00,37.47,41.8,37.39,41.45,0,17.082593200353084,19.679810442077027,36.34828801244792,38.176847415080125,57025,35005.4,0.0477821901248121,2.2441514782065255,2.1963692880817134
2026-08-17T16:47:00-04:00,41.58,42.9418,40.04,40.84,0,17.082593200353084,19.732577987580697,36.776070106500505,38.709477932064104,53902,35531.7,0.1072729674564745,2.3304604974023064,2.223187529945832
2026-08-17T16:48:00-04:00,41.0,42.77,40.27,40.98,0,17.082593200353084,19.778305632194815,37.176444382071885,39.163582345651285,46781,37697.35,0.1276033045389231,2.3826916606194857,2.2550883560805626
2026-08-17T16:49:00-04:00,41.0,41.35,40.28,40.49,0,17.082593200353084,19.79570781493589,37.49202110758885,39.42886587652103,18396,37983.6,0.081826924525143,2.3573720117369916,2.275545087211849
2026-08-17T16:50:00-04:00,40.322,41.0,39.0,41.0,0,17.082593200353084,19.824120377758096,37.82611433543753,39.743092701216824,30649,38883.15,0.0606469721223712,2.3513538023648124,2.290706830242441
2026-08-17T16:51:00-04:00,40.5318,41.32,40.0,40.2328,0,17.082593200353084,19.83793905138329,38.05532249396729,39.84103416097346,14804,39121.6,-0.0256522748076455,2.258641486732884,2.2842937615405297
2026-08-17T16:52:00-04:00,40.26,41.48,40.16,41.29,0,17.082593200353084,19.853422501665086,38.363387018351354,40.13082732877877,16250,34748.05,-0.0317556722579905,2.2445991712180415,2.276354843476032
2026-08-17T16:53:00-04:00,41.048,41.1,39.3,39.3,0,17.082593200353084,19.878776107622073,38.452588254698846,39.96466186302301,28094,30004.5,-0.1816667223111356,2.0492714405871126,2.2309381628982483
2026-08-17T16:54:00-04:00,39.37,40.3246,39.1489,39.8,0,17.082593200353084,19.888644801322258,38.58091318282276,39.931729490418405,11033,28177.85,-0.2545349999249255,1.9127694129920911,2.1673044129170167
2026-08-17T16:55:00-04:00,39.84,40.29,37.5,37.95,0,17.082593200353084,19.91049439862456,38.52082621303012,39.535383592334725,26010,26395.95,-0.4246858580381776,1.6364470903692947,2.0611329484074723
2026-08-17T16:56:00-04:00,37.31,38.0,35.5,35.5,0,17.082593200353084,19.936634327074817,38.233128478455825,38.72830687386778,35472,25558.05,-0.6842146171034671,1.2058646770281385,1.8900792941316056
2026-08-17T16:57:00-04:00,35.42,36.14,34.84,34.84,0,17.082593200353084,19.952670728647885,37.90997338526956,37.95064549909422,23327,25281.75,-0.8703657047982825,0.8021221631337525,1.672487867932035
2026-08-17T16:58:00-04:00,34.89,37.38,34.77,37.38,0,17.082593200353084,19.96677561675359,37.8594997295296,37.836516399275375,19021,24635.35,-0.7945664783081221,0.6792797700468824,1.4738462483550046
2026-08-17T16:59:00-04:00,37.3453,37.3453,35.12,35.4,0,17.082593200353084,19.979137407343444,37.62526166005059,37.3492131194203,17277,24592.1,-0.8452002531401224,0.4173459319298516,1.262546185069974
2026-08-17T17:00:00-04:00,35.5,37.0,35.28,36.6,0,17.082593200353084,19.984341281061532,37.52761769242672,37.19937049553624,7130,24294.3,-0.7675589243580319,0.3030975296224341,1.070656453980466
2026-08-17T17:01:00-04:00,37.0,37.0,35.75,36.56,0,17.082593200353084,19.990029605089532,37.43546362648132,37.07149639642899,7731,23885.4,-0.6909718135674018,0.2069416870212137,0.8979135005886155
2026-08-17T17:02:00-04:00,36.21,36.21,34.18,34.41,0,17.082593200353084,19.99985308912556,37.147324233483104,36.53919711714319,14709,23676.85,-0.7521406952149907,-0.0422623684301228,0.7098783267848678
2026-08-17T17:03:00-04:00,34.38,35.32,34.18,35.0504,0,17.082593200353084,20.007795956756052,36.94761716362757,36.24143769371455,11974,23772.4,-0.7166547003894213,-0.1859400487019087,0.5307146516875125
2026-08-17T17:04:00-04:00,35.3,35.8072,35.3,35.5,0,17.082593200353084,20.010969280972663,36.809748862329705,36.09315015497164,4576,22803.0,-0.6329905452230733,-0.2605235298413291,0.3724670153817442
2026-08-17T17:05:00-04:00,35.5613,36.5,35.5,36.24,0,17.082593200353084,20.019744764916236,36.75548706591735,36.12252012397731,12235,22819.8,-0.503539702717427,-0.2569576130150395,0.2465820897023874
2026-08-17T17:06:00-04:00,36.19,36.19,35.22,35.5717,0,17.082593200353084,20.023277208495248,36.64274544059189,36.01235609918185,5061,20221.6,-0.4409034258108942,-0.3045471925612304,0.1363562332496638
2026-08-17T17:07:00-04:00,35.7,35.9999,35.22,35.51,0,17.082593200353084,20.025520813985462,36.53486492244028,35.91188487934548,3233,17688.15,-0.3837120183808108,-0.3432837897263496,0.0404282286544611
2026-08-17T17:08:00-04:00,35.4,35.7,34.7594,35.7,0,17.082593200353084,20.030252625145433,36.45535397744597,35.86950790347638,6906,15694.4,-0.3159939544459619,-0.3545642144029912,-0.0385702599570293
2026-08-17T17:09:00-04:00,35.73,36.42,35.5,35.8,0,17.082593200353084,20.03450331755884,36.392939312927304,35.85560632278111,6004,15074.8,-0.2502512545618152,-0.3513843281592983,-0.1011330735974831
2026-08-17T17:10:00-04:00,35.7,35.8,35.46,35.8,0,17.082593200353084,20.03645531504159,36.33646890217232,35.84448505822488,2797,13682.2,-0.1950044087100746,-0.3448885844850764,-0.1498841757750018
2026-08-17T17:11:00-04:00,36.0194,38.0,35.8,37.68,0,17.082593200353084,20.049411173865018,36.464424244822574,36.211588046579905,16982,13791.1,-0.0288106293079963,-0.1858974624099971,-0.1570868331020008
2026-08-17T17:12:00-04:00,37.46,38.3132,36.63,36.73,0,17.082593200353084,20.06958361842937,36.489717173887094,36.315270437263926,26393,14298.25,0.0176720627536849,-0.1349967546598947,-0.1526688174135796
2026-08-17T17:13:00-04:00,37.2,37.4,36.43,36.86,0,17.082593200353084,20.073978840025692,36.524982204945466,36.42421634981114,5871,13187.1,0.0555682636500498,-0.0832084878510173,-0.1387767515010671
2026-08-17T17:14:00-04:00,36.66,36.66,35.74,35.74,0,17.082593200353084,20.076903929724256,36.45022199495066,36.28737307984891,4117,12841.3,0.0061973056752417,-0.1310301194070149,-0.1372274250822567
2026-08-17T17:15:00-04:00,35.8663,36.0,35.2,35.5,0,17.082593200353084,20.080980413652185,36.359724662098216,36.12989846387913,5918,11836.7,-0.0391374903891986,-0.1861492880687549,-0.1470117976795563
2026-08-17T17:16:00-04:00,35.33,36.0,35.19,35.33,0,17.082593200353084,20.08641899097144,36.26165564666029,35.9699187711033,7931,10459.65,-0.0750095347152387,-0.2407737160736047,-0.165764181358366
2026-08-17T17:17:00-04:00,35.4,35.4708,35.0,35.25,0,17.082593200353084,20.08966933953468,36.1653074898355,35.82593501688264,4826,9534.6,-0.0971554860902272,-0.28720853897115,-0.1900530528809228
2026-08-17T17:18:00-04:00,35.2,35.45,35.0,35.0,0,17.082593200353084,20.091090907818774,36.05432582413688,35.66074801350611,2124,8689.75,-0.1201648268002576,-0.3402590863812449,-0.2200942595809872
2026-08-17T17:19:00-04:00,35.0,35.0,33.46,33.91,0,17.082593200353084,20.102929925621584,35.85010431707622,35.310598410804886,19001,8775.95,-0.1958420932174094,-0.464896876102749,-0.2690547828853395
2026-08-17T17:20:00-04:00,33.66,33.9,32.68,33.51,0,17.082593200353084,20.110223516942057,35.627237239259436,34.95047872864391,12394,9039.15,-0.256082915984764,-0.5891584278662947,-0.3330755118815306
2026-08-17T17:21:00-04:00,33.63,34.75,33.4,34.2,0,17.082593200353084,20.11624347292936,35.49130988313949,34.800382982915124,9689,9137.05,-0.2333456331262947,-0.624757553289399,-0.3914119201631043
2026-08-17T17:22:00-04:00,34.75,34.75,34.05,34.05,0,17.082593200353084,20.117498366054704,35.354042275221445,34.6503063863321,1997,8501.45,-0.2128662028615994,-0.6574946737401035,-0.4446284708785041
2026-08-17T17:23:00-04:00,34.3,34.55,34.2,34.2,0,17.082593200353084,20.11899904943773,35.24413348710512,34.560245109065676,2383,8021.9,-0.1752450521559082,-0.6636847860733894,-0.4884397339174812
2026-08-17T17:24:00-04:00,34.11,34.12,33.52,34.0,0,17.082593200353084,20.12197184879102,35.125644583571294,34.44819608725254,4872,8036.7,-0.1507887294679959,-0.6769256457524762,-0.5261369162844802
2026-08-17T17:25:00-04:00,34.22,34.4,33.6519,33.66,0,17.082593200353084,20.12469564492907,34.98605938513593,34.29055686980203,4458,7647.85,-0.1444567017025791,-0.7067077934127042,-0.562251091710125
2026-08-17T17:26:00-04:00,33.6408,33.6408,32.21,32.42,0,17.082593200353084,20.13403377342875,34.741672777027745,33.91644549584163,16687,8229.15,-0.2069232176194124,-0.8209051137343906,-0.6139818961149781
2026-08-17T17:27:00-04:00,32.55,33.56,32.55,33.14,0,17.082593200353084,20.137658804768396,34.589132512548915,33.7611563966733,6321,8383.55,-0.1836824889297762,-0.8435850072771984,-0.6599025183474222
2026-08-17T17:28:00-04:00,33.0,33.2321,32.91,32.91,0,17.082593200353084,20.1383563761336,34.429215130401396,33.59092511733864,1223,8099.4,-0.1681485682268149,-0.8700882286309408,-0.7019396604041259
2026-08-17T17:29:00-04:00,32.9,33.0,32.71,32.75,0,17.082593200353084,20.140217826672338,34.269289879886976,33.422740093870914,3315,7964.95,-0.1534089581888704,-0.8937008581402139,-0.7402918999513435
2026-08-17T17:30:00-04:00,32.76,33.98,32.5901,33.98,0,17.082593200353084,20.143150203363515,34.24173846275488,33.53419207509673,4952,8072.7,-0.0508836786479387,-0.8038964982612669,-0.7530128196133281
2026-08-17T17:31:00-04:00,33.91,34.9997,33.91,33.97,0,17.082593200353084,20.152949804450977,34.21585860915918,33.62135366007739,15655,8006.35,0.0222714843403564,-0.7251734641878826,-0.7474449485282391
2026-08-17T17:32:00-04:00,33.73,33.73,33.35,33.35,0,17.082593200353084,20.153957629126868,34.13339588447735,33.567082928061915,1710,6772.2,0.0342035765934939,-0.7046904777863716,-0.7388940543798656
2026-08-17T17:33:00-04:00,33.38,34.0,33.38,33.8427,0,17.082593200353084,20.154527968294,34.10571056214618,33.62220634244953,949,6526.1,0.0780686918652487,-0.6413081895483046,-0.7193768814135534
2026-08-17T17:34:00-04:00,34.0,34.0,33.69,33.98,0,17.082593200353084,20.158636271812856,34.09373812765607,33.693765073959625,6764,6658.45,0.116790593432166,-0.5733886396233459,-0.6901792330555119
2026-08-17T17:35:00-04:00,33.98,34.27,33.9649,34.1926,0,17.082593200353084,20.160424344914244,34.10315354406978,33.7935320591677,2892,6507.15,0.1547982429231826,-0.4966814294015336,-0.6514796723247163
2026-08-17T17:36:00-04:00,34.3,34.5,33.5,33.5,0,17.082593200353084,20.165253469798035,34.045710349396465,33.73482564733416,7991,6510.15,0.1322452234635742,-0.4861731429952485,-0.6184183664588228
2026-08-17T17:37:00-04:00,33.5001,34.17,33.5001,34.17,0,17.082593200353084,20.16576084612434,34.05754745897775,33.82186051786733,833,6310.5,0.1595727516112193,-0.4189524269447986,-0.5785251785560179
2026-08-17T17:38:00-04:00,34.2,34.29,34.2,34.25,0,17.082593200353084,20.166284206503093,34.07587627240844,33.907488414293866,841,6246.35,0.1787157662386143,-0.35513047075775,-0.5338462369963644
2026-08-17T17:39:00-04:00,34.08,34.25,33.8872,34.0,0,17.082593200353084,20.167771551379182,34.0686499607505,33.92599073143509,2425,5417.55,0.1702582194512188,-0.3210234626823407,-0.4912816821335596
2026-08-17T17:40:00-04:00,33.95,34.5,33.95,34.2,0,17.082593200353084,20.172253726119187,34.08115948829807,33.98079258514807,7222,5158.95,0.1732744298549209,-0.2746886448149084,-0.4479630746698294
2026-08-17T17:41:00-04:00,33.9,34.0,33.44,33.97,0,17.082593200353084,20.17500930274875,34.07057287036492,33.97863406811846,4577,4903.35,0.1554875313319202,-0.253603660504929,-0.4090911918368493
2026-08-17T17:42:00-04:00,33.9799,34.28,33.8803,34.08,0,17.082593200353084,20.177064562267702,34.071470692234925,33.99890725449477,3347,4970.85,0.1469376839310929,-0.225419086922983,-0.372356770854076
2026-08-17T17:43:00-04:00,34.1088,34.5,34.07,34.5,0,17.082593200353084,20.180651056485956,34.11228300726017,34.09912580359581,5729,5138.15,0.1640742134302915,-0.1672640040662116,-0.3313382174965031
2026-08-17T17:44:00-04:00,34.48,34.75,33.87,34.0,0,17.082593200353084,20.18544793471512,34.1015893875211,34.079300642876646,7749,5282.0,0.1373259321160347,-0.1596808023514597,-0.2970067344674945
2026-08-17T17:45:00-04:00,33.87,33.969,33.7,33.7019,0,17.082593200353084,20.1867303622896,34.06352373156671,34.00382051430132,2136,5165.9,0.0970454834272175,-0.1756998801834726,-0.2727453636106901
2026-08-17T17:46:00-04:00,33.7,33.7,33.22,33.22,0,17.082593200353084,20.190149460628408,33.98318813808417,33.84705641144105,5874,4625.25,0.03844402917352,-0.2246903271437901,-0.2631343563173101
2026-08-17T17:47:00-04:00,33.13,33.13,32.59,32.8014,0,17.082593200353084,20.192217510646604,33.87063688683806,33.63792512915284,3706,4494.5,-0.024616654964341,-0.2939051750227364,-0.2692885200583954
2026-08-17T17:48:00-04:00,32.9746,33.0,32.6,32.62,0,17.082593200353084,20.194420625345405,33.7515286119011,33.43434010332227,3981,4632.4,-0.0719728965449694,-0.3592546407396071,-0.2872817441946377
2026-08-17T17:49:00-04:00,33.0,33.55,33.0,33.17,0,17.082593200353084,20.195857146537907,33.696144934577184,33.381472082657815,2497,4591.5,-0.0601631252341056,-0.3624856507372698,-0.3023225255031641
2026-08-17T17:50:00-04:00,33.18,33.18,33.14,33.14,0,17.082593200353084,20.19619312899951,33.643178750331735,33.333177666126254,588,4373.3,-0.048765452087935,-0.363279340613083,-0.3145138885251479
2026-08-17T17:51:00-04:00,33.1,33.5,33.1,33.47,0,17.082593200353084,20.197557391634724,33.62668553601443,33.360542132901,2351,3708.1,-0.0151380536438925,-0.3334364555800135,-0.318298401936121
2026-08-17T17:52:00-04:00,33.4,33.4,33.11,33.12,0,17.082593200353084,20.198045072050196,33.57842977067972,33.3124337063208,850,3665.1,-0.0127018065472194,-0.3341756601201453,-0.3214738535729259
2026-08-17T17:53:00-04:00,33.12,33.4,32.86,33.1,0,17.082593200353084,20.19876747707471,33.532865030614985,33.26994696505664,1268,3681.05,-0.0088545018943132,-0.3325419809408174,-0.3236874790465042
2026-08-17T17:54:00-04:00,32.86,33.4458,32.86,33.4458,0,17.082593200353084,20.199528744188704,33.52457312293737,33.30511757204531,1323,3409.0,0.0190402268562357,-0.2998871954762094,-0.3189274223324452
2026-08-17T17:55:00-04:00,33.25,33.94,33.25,33.94,0,17.082593200353084,20.20157800503642,33.56413758741952,33.43209405763625,3441,3436.45,0.0699722721623077,-0.2314620821295605,-0.3014343542918683
2026-08-17T17:56:00-04:00,33.9141,34.0,33.51,33.61,0,17.082593200353084,20.20298575454524,33.56850543623671,33.467675246108996,2365,3155.15,0.0799157197215131,-0.2015397046399769,-0.28145542436149
2026-08-17T17:57:00-04:00,33.94,34.6,33.94,34.5994,0,17.082593200353084,20.20875888685375,33.66668587088083,33.694020196887195,9243,3575.65,0.1476659378927599,-0.0968730019955401,-0.2445389398883
2026-08-17T17:58:00-04:00,34.6,35.75,34.3196,35.64,0,17.082593200353084,20.21422308349609,33.85462054984456,34.08321615750975,8256,3946.4,0.2510276454371756,0.0692456169081694,-0.1817820285290061
2026-08-17T17:59:00-04:00,35.64,36.45,35.0,36.45,0,17.082593200353084,20.22031333731503,34.101799545097464,34.5565729260078,8782,4264.25,0.3560030570469218,0.2632217927796461,-0.0927812642672757
2026-08-17T18:00:00-04:00,36.48,37.5,36.12,36.12,0,17.082593200353084,20.230046443962816,34.29400911223104,34.86925834080624,13522,4579.25,0.3829233828307867,0.3858729642712077,0.0029495814404209
2026-08-17T18:01:00-04:00,36.1,36.3,35.54,35.92,0,17.082593200353084,20.23498351623036,34.44886538725665,35.07940667264499,7154,4708.1,0.3669326214853564,0.4616153582971165,0.0946827368117601
2026-08-17T18:02:00-04:00,35.61,36.0378,35.2,35.8,0,17.082593200353084,20.239305421737697,34.57754487418459,35.22352533811599,6364,4858.95,0.3291533836246079,0.50612446634252,0.176971082717912
2026-08-17T18:03:00-04:00,35.9418,35.96,35.6,35.8,0,17.082593200353084,20.240102517159656,34.69396917188129,35.33882027049279,1166,4630.8,0.2866059133888374,0.5352284744539588,0.2486225610651214
2026-08-17T18:04:00-04:00,35.9,35.9,35.5,35.7,0,17.082593200353084,20.24167806231343,34.78978163170212,35.41105621639423,2318,4359.25,0.2362652169397429,0.5439540822398001,0.3076888653000572
2026-08-17T18:05:00-04:00,35.3,35.33,35.2,35.2482,0,17.082593200353084,20.242400351819953,34.83344052392096,35.378484973115384,1094,4307.15,0.1606892694199366,0.508550452074978,0.3478611826550413
2026-08-17T18:06:00-04:00,35.12,35.5,35.01,35.5,0,17.082593200353084,20.243766566566517,34.89692237878563,35.402787978492306,2059,4116.4,0.1177940363823864,0.4951037281330244,0.3773096917506379
2026-08-17T18:07:00-04:00,35.7,36.35,35.5,36.35,0,17.082593200353084,20.24837055159776,35.035310723663194,35.59223038279384,6621,4262.15,0.1355383311080299,0.5467326056356754,0.4111942745276454
2026-08-17T18:08:00-04:00,36.43,36.43,35.7,35.7,0,17.082593200353084,20.2517267914127,35.0986144642667,35.613784306235075,4867,4306.45,0.0943247068025184,0.5291001580307935,0.434775451228275
2026-08-17T18:09:00-04:00,35.51,35.8,35.5,35.7,0,17.082593200353084,20.252737915609877,35.15588927719369,35.631027444988064,1493,4256.25,0.0595843837361039,0.509255930898405,0.449671547162301
2026-08-17T18:10:00-04:00,35.5,35.76,35.2,35.3,0,17.082593200353084,20.25321235032621,35.16961410793714,35.56482195599045,712,4262.45,0.0050596752282008,0.4559961411975521,0.4509364659693513
2026-08-17T18:11:00-04:00,35.3987,35.7,35.3293,35.7,0,17.082593200353084,20.25533194062461,35.220127050038364,35.59185756479236,3149,4302.35,-0.0079646284385735,0.4409806804211342,0.4489453088597078
2026-08-17T18:12:00-04:00,35.8,37.0,35.7,37.0,0,17.082593200353084,20.262118708761328,35.38963875955852,35.87348605183389,9476,4733.65,0.0631595236076562,0.5278947133692782,0.4647351897616219
2026-08-17T18:13:00-04:00,36.72,37.0,36.656,36.9,0,17.082593200353084,20.268231680423227,35.53348268721962,36.07878884146712,8395,5090.0,0.0938091692160673,0.5819966512817061,0.4881874820656388
2026-08-17T18:14:00-04:00,36.72,36.76,36.2978,36.59,0,17.082593200353084,20.26990584458669,35.63410338367489,36.18103107317369,2343,5141.0,0.0838679537678233,0.5930224242754178,0.5091544705075945
2026-08-17T18:15:00-04:00,36.52,36.64,36.0,36.0,0,17.082593200353084,20.27213064956072,35.66895068046776,36.14482485853895,3180,5127.95,0.0309462100254689,0.5478372330394308,0.5168910230139618
2026-08-17T18:16:00-04:00,36.3,36.3,36.0001,36.25,0,17.082593200353084,20.27307806627236,35.7242887108994,36.16585988683117,1357,5077.55,0.0073956540099912,0.5261355905264509,0.5187399365164597
2026-08-17T18:17:00-04:00,36.11,36.41,36.11,36.35,0,17.082593200353084,20.274197560231293,35.78388026224231,36.202687909464935,1593,4695.05,-0.0061005572550801,0.5111142399476094,0.5172147972026896
2026-08-17T18:18:00-04:00,36.25,36.46,36.23,36.243,0,17.082593200353084,20.276217429155324,35.82760595155257,36.21075032757195,2871,4425.8,-0.0257837583259393,0.4849850992952653,0.5107688576212047
2026-08-17T18:19:00-04:00,36.23,39.5567,36.23,39.0,0,17.082593200353084,20.305165372433063,36.12973871807137,36.76860026205756,36746,5824.0,0.134519536754462,0.6789182785642822,0.5443987418098202
2026-08-17T18:20:00-04:00,38.94,39.4799,38.0,38.0,0,17.082593200353084,20.31651276495593,36.30785884015982,37.01488020964605,14253,5860.55,0.159161956890115,0.7433511879224639,0.5841892310323489
2026-08-17T18:21:00-04:00,38.476,38.476,37.5,37.5,0,17.082593200353084,20.32090240037476,36.42139609347793,37.11190416771685,5729,5789.3,0.1290290420290419,0.7454755335686514,0.6164464915396094
2026-08-17T18:22:00-04:00,37.49,38.14,37.4,37.65,0,17.082593200353084,20.322838043868742,36.53840598933718,37.21952333417347,2541,5598.15,0.1073310237506997,0.7506102712279841,0.6432792474772844
2026-08-17T18:23:00-04:00,37.5,38.51,37.1,38.1,0,17.082593200353084,20.3271802371168,36.68712922844792,37.39561866733878,5646,5822.15,0.1109579512430771,0.7819766865311308,0.6710187352880537
2026-08-17T18:24:00-04:00,38.1,39.5,38.0,38.0,0,17.082593200353084,20.342744646196685,36.81216454002431,37.51649493387102,19595,6686.0,0.0949153238713655,0.7896628901272607,0.6947475662558951
2026-08-17T18:25:00-04:00,39.0,39.0897,37.5,38.0,0,17.082593200353084,20.34706602647545,36.92529172668866,37.61319594709682,5539,6908.25,0.0735506167687134,0.7866858372167869,0.7131352204480734
2026-08-17T18:26:00-04:00,38.0,38.0,37.14,37.14,0,17.082593200353084,20.35374913817643,36.9457401336707,37.51855675767746,8958,7253.2,-0.0050807211702078,0.7067843189853136,0.7118650401555214
2026-08-17T18:27:00-04:00,37.11,37.69,36.41,37.69,0,17.082593200353084,20.35749608126602,37.016622025702056,37.55284540614197,5074,7175.85,-0.0254892032372355,0.6800035361089769,0.7054927393462125
2026-08-17T18:28:00-04:00,37.72,37.72,37.55,37.6,0,17.082593200353084,20.35823197084959,37.07218183277805,37.562276324913576,976,6981.3,-0.0491200906477446,0.6440926260365316,0.6932127166842763
2026-08-17T18:29:00-04:00,37.5,37.66,37.29,37.66,0,17.082593200353084,20.35882458346473,37.128164515370614,37.58182105993086,790,6946.15,-0.0638473449377251,0.6134035355121199,0.677250880449845
2026-08-17T18:30:00-04:00,37.86,38.46,37.66,38.1647,0,17.082593200353084,20.365269124272537,37.22688218057341,37.698396847944686,8324,7326.75,-0.0436967113604663,0.6226299912492621,0.6663267026097285
2026-08-17T18:31:00-04:00,38.22,38.25,37.9,38.01,0,17.082593200353084,20.367091902850607,37.30146483004261,37.76071747835575,2361,7287.35,-0.0447233967516965,0.6104224566701077,0.6551458534218043
2026-08-17T18:32:00-04:00,38.0,38.0,37.5,37.5,0,17.082593200353084,20.368506052354153,37.32037294146713,37.7085739826846,1873,6907.2,-0.0815422771414069,0.5532180069950456,0.6347602841364526
2026-08-17T18:33:00-04:00,37.5,37.5,35.69,36.0,0,17.082593200353084,20.376228628991,37.19462313751788,37.36685918614768,11045,7039.7,-0.2018585412313523,0.3824371075972621,0.5842956488286145
2026-08-17T18:34:00-04:00,36.5,36.5,35.87,36.0,0,17.082593200353084,20.37863595640122,37.08084950537332,37.093487348918146,3505,7097.8,-0.2720155982609353,0.2442761510024453,0.5162917492633807
2026-08-17T18:35:00-04:00,35.8807,36.2,35.8,36.07,0,17.082593200353084,20.38217319329884,36.984578123909195,36.888789879134514,5185,7198.05,-0.3019688721530995,0.1388306590720063,0.4407995312251058
2026-08-17T18:36:00-04:00,36.2,36.49,36.05,36.3,0,17.082593200353084,20.383706500637963,36.919380207346414,36.77103190330761,2212,7240.8,-0.2942539191860895,0.0729821322424939,0.3672360514285834
2026-08-17T18:37:00-04:00,36.37,36.5,36.1,36.1,0,17.082593200353084,20.386421270424467,36.84134399712295,36.636825522646085,3929,7357.6,-0.290104613199781,0.0046052849288571,0.2947098981286382
2026-08-17T18:38:00-04:00,36.6,36.6,35.9982,35.9982,0,17.082593200353084,20.392427904619694,36.761044568825525,36.509100418116866,8717,7649.9,-0.2814795974566102,-0.0571395986921245,0.2243399987644856
2026-08-17T18:39:00-04:00,36.0,36.0,35.7001,36.0,0,17.082593200353084,20.394382718247183,36.68856413369929,36.40728033449349,2893,5957.25,-0.2632483722125874,-0.1047204665012486,0.1585279057113387
2026-08-17T18:40:00-04:00,36.07,36.5519,36.07,36.5519,0,17.082593200353084,20.395719498081693,36.675548501918406,36.4362042675948,1918,5340.5,-0.2042457787535572,-0.0967793177306077,0.1074664610229494
2026-08-17T18:41:00-04:00,36.6,36.6,36.25,36.25,0,17.082593200353084,20.396146729629905,36.63502007316427,36.39896341407584,614,5084.75,-0.1768034989393735,-0.1135379126512674,0.063265586288106
2026-08-17T18:42:00-04:00,36.11,36.28,36.11,36.28,0,17.082593200353084,20.396284639136596,36.601208637624815,36.37517073126067,200,4967.7,-0.1489971283881364,-0.1229808241970644,0.0260163041910719
2026-08-17T18:43:00-04:00,36.2,36.2605,36.2,36.2605,0,17.082593200353084,20.396429597065833,36.56876019594626,36.352236585008534,210,4695.9,-0.1252395884730314,-0.1305331814002173,-0.0052935929271858
2026-08-17T18:44:00-04:00,36.39,36.75,36.39,36.51,0,17.082593200353084,20.39805230633018,36.56316398680852,36.38378926800683,2306,3831.45,-0.0878127887391447,-0.1150595788511168,-0.027246790111972
2026-08-17T18:45:00-04:00,36.54,36.54,36.25,36.31,0,17.082593200353084,20.39843350406189,36.53905313092199,36.36903141440546,548,3581.9,-0.0722662332331211,-0.1175795816533735,-0.0453133484202523
2026-08-17T18:46:00-04:00,36.31,36.5,36.21,36.21,0,17.082593200353084,20.3992075317668,36.50771473750085,36.33722513152437,1117,3189.85,-0.0647022913021874,-0.1261912125479867,-0.0614889212457992
2026-08-17T18:47:00-04:00,36.21,36.24,36.2,36.2,0,17.082593200353084,20.399517509555047,36.47840857202458,36.309780105219495,450,2958.65,-0.0566471518926371,-0.1322978611115957,-0.0756507092189585
2026-08-17T18:48:00-04:00,36.22,36.22,36.1,36.1,0,17.082593200353084,20.400279895119542,36.44236966040319,36.267824084175594,1112,2965.45,-0.0543208825637834,-0.1435518124236878,-0.0892309298599044
2026-08-17T18:49:00-04:00,36.1,36.66,36.07,36.492,0,17.082593200353084,20.40192095777741,36.447096359412406,36.31265926734047,2354,3043.65,-0.0241852060194197,-0.119462437384179,-0.0952772313647593
2026-08-17T18:50:00-04:00,36.44,36.44,36.2888,36.2888,0,17.082593200353084,20.402116691322103,36.43202051565884,36.30788741387238,282,2641.55,-0.0161280442790046,-0.1154372867135151,-0.0993092424345104
2026-08-17T18:51:00-04:00,36.29,36.29,36.0,36.0511,0,17.082593200353084,20.40949230032653,36.395742371310384,36.2565299310979,10784,3062.7,-0.0244965879444898,-0.1299299773651228,-0.1054333894206329
2026-08-17T18:52:00-04:00,36.03,36.25,36.03,36.25,0,17.082593200353084,20.410372164661116,36.3818621454713,36.25522394487832,1282,3033.15,-0.0148031279504204,-0.1239372993586584,-0.109134171408238
2026-08-17T18:53:00-04:00,36.25,36.25,36.05,36.05,0,17.082593200353084,20.41065178137725,36.35025622685499,36.214179155902656,409,2501.35,-0.0197200279461795,-0.1337842063409624,-0.1140641783947829
2026-08-17T18:54:00-04:00,36.06,36.0998,35.8707,35.8707,0,17.082593200353084,20.4120954729393,36.30458420524975,36.14548332472212,2135,2432.85,-0.0321706949376117,-0.1542775470667976,-0.1221068521291858
2026-08-17T18:55:00-04:00,35.78,35.7868,35.0,35.0,0,17.082593200353084,20.413319529157565,36.18033809046406,35.9163866597777,1894,2268.3,-0.0927409058334828,-0.2380329844210393,-0.1452920785875565
2026-08-17T18:56:00-04:00,34.78,35.33,34.15,35.0,0,17.082593200353084,20.41715301309792,36.0679249389913,35.73310932782216,6113,2463.35,-0.1245189089054938,-0.3009407147194238,-0.17642180581393
2026-08-17T18:57:00-04:00,35.29,35.3,35.0,35.21,0,17.082593200353084,20.418998171995444,35.986217801944505,35.62848746225773,2875,2410.65,-0.1228991452968732,-0.3300457374350216,-0.2071465921381483
2026-08-17T18:58:00-04:00,35.2,35.3,35.1,35.21,0,17.082593200353084,20.42017892721643,35.91229229699741,35.54478996980618,1836,2066.6,-0.113552816629638,-0.3490876129251958,-0.2355347962955578
2026-08-17T18:59:00-04:00,35.36,35.36,35.24,35.24,0,17.082593200353084,20.420631390970435,35.84826445918813,35.48383197584494,700,1956.95,-0.0976802369119091,-0.3576350924354443,-0.2599548555235351
2026-08-17T19:00:00-04:00,35.3,35.5,35.2,35.5,0,17.082593200353084,20.421337667032713,35.815096415455926,35.48706558067595,1084,1915.25,-0.0636485006305548,-0.3395154813117287,-0.2758669806811739
2026-08-17T19:01:00-04:00,35.2,35.2,34.75,34.75,0,17.082593200353084,20.42167395498321,35.71365866160298,35.33965246454076,534,1911.25,-0.0843297293152306,-0.3812791423252122,-0.2969494130099815
2026-08-17T19:02:00-04:00,34.79,35.1,34.79,35.0024,0,17.082593200353084,20.422615095115717,35.645919741450314,35.27220197163261,1488,1975.65,-0.0740568095704886,-0.3895204249730923,-0.3154636154026037
2026-08-17T19:03:00-04:00,34.99,35.05,34.7,34.7,0,17.082593200353084,20.42423696135108,35.55583214702647,35.15776157730609,2591,2094.7,-0.0801582021367914,-0.415661368073593,-0.3355031659368016
2026-08-17T19:04:00-04:00,34.5,35.0,34.49,35.0,0,17.082593200353084,20.425010611236473,35.50289575207157,35.12620926184487,1235,2041.15,-0.0575763939153416,-0.4074736583309786,-0.3498972644156369
2026-08-17T19:05:00-04:00,35.1,35.1,35.0,35.0,0,17.082593200353084,20.42545526954972,35.45500091854094,35.1009674094759,700,2048.75,-0.0372143577247707,-0.3964152115716004,-0.3592008538468296
2026-08-17T19:06:00-04:00,34.9087,34.95,34.56,34.95,0,17.082593200353084,20.425991671802556,35.406905592965614,35.07077392758072,857,2035.75,-0.0224171073647365,-0.3872222380527503,-0.3648051306880138
2026-08-17T19:07:00-04:00,35.0,35.4,35.0,35.25,0,17.082593200353084,20.42747008350202,35.391962203159366,35.106619142064574,2299,2128.2,0.0105038221877421,-0.3516753529533361,-0.3621791751410782
2026-08-17T19:08:00-04:00,35.13,35.3875,35.0,35.0,0,17.082593200353084,20.428752843352324,35.35463246952514,35.085295313651656,2007,2172.95,0.0179348977824519,-0.3397605529130132,-0.3576954506954652
2026-08-17T19:10:00-04:00,34.8,34.8,34.62,34.62,0,17.082593200353084,20.42930856704122,35.28466747242751,34.99223625092132,897,2100.1,0.0006627039188165,-0.3568670707969446,-0.3575297747157611
2026-08-17T19:11:00-04:00,35.0,35.0,34.62,34.7,0,17.082593200353084,20.430261317415507,35.22898485600584,34.93378900073706,1528,2162.4,-0.0018329687963303,-0.359820985711174,-0.3579880169148436
2026-08-17T19:12:00-04:00,34.61,34.61,34.56,34.58,0,17.082593200353084,20.431898247405847,35.16717677448147,34.863031200589646,2661,1756.25,-0.0076955320936305,-0.3676074320318818,-0.3599118999382513
2026-08-17T19:13:00-04:00,34.5501,34.6,34.35,34.35,0,17.082593200353084,20.433128657968027,35.08935041500704,34.76042496047172,2022,1793.25,-0.0223634752704946,-0.3878662440263696,-0.3655027687558749
2026-08-17T19:14:00-04:00,34.55,34.55,34.55,34.55,0,17.082593200353084,20.4331900105603,35.037983708815894,34.71833996837737,100,1777.8,-0.0142889758229609,-0.3833639885345761,-0.3690750127116152
2026-08-17T19:15:00-04:00,34.4,34.5,34.23,34.37,0,17.082593200353084,20.434236331890553,34.97436621273819,34.6486719747019,1728,1757.45,-0.0166013773207426,-0.3898267343625434,-0.3732253570418008
2026-08-17T19:16:00-04:00,34.3,34.3,34.17,34.17,0,17.082593200353084,20.435626009121226,34.89775990676313,34.55293757976152,2321,1778.8,-0.0265413825750921,-0.406402085260666,-0.3798607026855738
2026-08-17T19:17:00-04:00,34.15,34.15,33.25,33.3,0,17.082593200353084,20.438009463196764,34.74559229659521,34.302350063809214,4178,1682.05,-0.0834384921704801,-0.484158817898674,-0.4007203257281939
2026-08-17T19:18:00-04:00,33.19,33.5,33.19,33.5,0,17.082593200353084,20.438772830077223,34.62696445882424,34.14188005104737,1356,1606.1,-0.0983096910671182,-0.5236074395620918,-0.4252977484949735
2026-08-17T19:19:00-04:00,33.5806,33.5996,33.25,33.4,0,17.082593200353084,20.439997255172123,34.510110700840976,33.9935040408379,2172,1622.9,-0.1049815219686561,-0.5565246509557937,-0.4515431289871375
2026-08-17T19:20:00-04:00,33.48,33.9,33.48,33.9,0,17.082593200353084,20.440920633632707,34.4520049198085,33.97480323267032,1596,1667.7,-0.0676345270437443,-0.536086287791818,-0.4684517607480736
2026-08-17T19:21:00-04:00,34.08,34.08,33.9,33.9,0,17.082593200353084,20.442404924587112,34.39943302268388,33.959842586136254,2528,1739.9,-0.0364098552047783,-0.5139640797540466,-0.4775542245492682
2026-08-17T19:22:00-04:00,33.68,33.87,33.61,33.61,0,17.082593200353084,20.442844122778432,34.32424892528542,33.889874068909,763,1751.35,-0.0290835228432381,-0.5139086281033158,-0.4848251052600777
2026-08-17T19:23:00-04:00,33.61,33.61,33.27,33.27,0,17.082593200353084,20.44425569601688,34.22384426573443,33.7658992551272,2512,1802.55,-0.0402448610863026,-0.535131181617956,-0.4948863205316534
2026-08-17T19:24:00-04:00,33.21,33.3801,33.21,33.3801,0,17.082593200353084,20.44479872250395,34.143487668997814,33.68873940410176,971,1721.55,-0.03359276064124,-0.5368772713332035,-0.5032845106919634
2026-08-17T19:25:00-04:00,33.5,34.3,33.5,34.3,0,17.082593200353084,20.44649843837895,34.158393605283734,33.81099152328141,2881,1803.85,0.0356318528286303,-0.4587446946561755,-0.4943765474848058
2026-08-17T19:26:00-04:00,34.3,34.33,33.85,33.85,0,17.082593200353084,20.44679758658505,34.1290227857329,33.818793218625125,508,1794.25,0.0529418067411036,-0.4281992890584263,-0.4811410957995299
2026-08-17T19:27:00-04:00,34.04,34.04,34.04,34.04,0,17.082593200353084,20.44687194683178,34.12054442518691,33.8630345749001,126,1757.7,0.0775278811663616,-0.3842312443415778,-0.4617591255079395
2026-08-17T19:28:00-04:00,34.3,34.3,34.0465,34.3,0,17.082593200353084,20.448617234253124,34.13763543231196,33.95042765992008,2920,1788.75,0.1096761790630073,-0.3246639016791803,-0.4343400807421876
2026-08-17T19:29:00-04:00,34.4,34.4,34.25,34.25,0,17.082593200353084,20.448818664674462,34.14833681971082,34.01034212793606,335,1705.15,0.1248456152478403,-0.2782830616823872,-0.4031286769302276
2026-08-17T19:30:00-04:00,34.1,34.37,34.1,34.28,0,17.082593200353084,20.449256596978007,34.16087617021455,34.06427370234885,731,1696.85,0.1333986876304077,-0.2363803173922178,-0.3697790050226256
2026-08-17T19:31:00-04:00,34.49,34.49,34.25,34.25,0,17.082593200353084,20.45009708974098,34.16936415400364,34.10141896187908,1395,1690.2,0.133223282752451,-0.2032499015820619,-0.3364731843345129
2026-08-17T19:32:00-04:00,34.4,34.4,34.23,34.26,0,17.082593200353084,20.451422212968556,34.17799613933663,34.13313516950326,2205,1667.4,0.129835296182862,-0.1741790641059353,-0.3040143602887973
2026-08-17T19:33:00-04:00,34.4,34.4,34.11,34.35,0,17.082593200353084,20.451870750552487,34.1943774593998,34.17650813560261,747,1603.65,0.1294208217038039,-0.1422383331590424,-0.2716591548628463
2026-08-17T19:34:00-04:00,34.3,34.3,34.3,34.3,0,17.082593200353084,20.45244168757845,34.204436748980775,34.20120650848209,950,1646.15,0.1216623652673893,-0.1195811982786096,-0.241243563545999
2026-08-17T19:35:00-04:00,34.0,34.01,33.3,33.9,0,17.082593200353084,20.454015383839195,34.175442772887365,34.14096520678567,2730,1696.25,0.0870940788469162,-0.1323759649873537,-0.2194700438342699
2026-08-17T19:36:00-04:00,33.56,34.23,33.5,34.23,0,17.082593200353084,20.454635465593284,34.180638699279044,34.15877216542854,1056,1633.0,0.0839224266445847,-0.114567010528539,-0.1984894371731237
2026-08-17T19:37:00-04:00,33.7,33.7,33.7,33.7,0,17.082593200353084,20.45475500895759,34.13486358506199,34.06701773234283,208,1434.5,0.0455213726963854,-0.1415877213026419,-0.1871090939990274
2026-08-17T19:38:00-04:00,33.6,33.7,33.5,33.51,0,17.082593200353084,20.455717255533116,34.07535276743704,33.95561418587427,1691,1451.25,0.0086465122251018,-0.1763009537176501,-0.1849474659427519
2026-08-17T19:39:00-04:00,33.5,33.99,33.5,33.99,0,17.082593200353084,20.457406973426313,34.067223932443035,33.962491348699416,2913,1488.3,0.0173994089840589,-0.1631982047126783,-0.1805976136967372
2026-08-17T19:40:00-04:00,33.6952,34.0,33.6952,33.99,0,17.082593200353084,20.45770718859899,34.05986927221036,33.96799307895953,515,1434.25,0.0236199233017008,-0.1510727095696111,-0.174692632871312
2026-08-17T19:41:00-04:00,34.0,34.3,33.9962,34.3,0,17.082593200353084,20.460336689503364,34.082738865333184,34.03439446316762,4412,1528.45,0.0476567409265434,-0.1151217067131327,-0.1627784476396761
2026-08-17T19:42:00-04:00,34.37,34.37,34.37,34.37,0,17.082593200353084,20.460397019512207,34.110097068634786,34.1015155705341,100,1495.3,0.0661755639375445,-0.0800589927177455,-0.14623455665529
2026-08-17T19:43:00-04:00,34.11,34.38,34.1,34.38,0,17.082593200353084,20.46090073494539,34.13580210971719,34.15721245642728,840,1411.7,0.0762851401975662,-0.0508781314083321,-0.1271632716058984
2026-08-17T19:44:00-04:00,34.38,34.51,34.38,34.41,0,17.082593200353084,20.462321661567884,34.16191619450603,34.20776996514182,2345,1480.4,0.0816964868263627,-0.025042663072945,-0.1067391498993077
2026-08-17T19:45:00-04:00,34.89,34.89,34.18,34.18,0,17.082593200353084,20.464188313338944,34.16363846169593,34.20221597211346,3085,1490.6,0.0671006069984709,-0.022863391151219,-0.08996399814969
2026-08-17T19:46:00-04:00,34.1008,34.5,34.1008,34.5,0,17.082593200353084,20.464991244627864,34.195672893915365,34.261772777690766,1332,1531.8,0.0756765046143399,0.0046316326182349,-0.071044871996105
2026-08-17T19:47:00-04:00,34.5,34.74,34.5,34.7063,0,17.082593200353084,20.46542787146408,34.244304046875804,34.35067822215261,710,1561.0,0.0908979102581417,0.0425775158265722,-0.0483203944315695
2026-08-17T19:48:00-04:00,34.9673,35.5,34.7,35.0385,0,17.082593200353084,20.46965355356749,34.319941756697155,34.48824257772209,6671,1748.55,0.1173141295033524,0.0983222674476209,-0.0189918620557314
2026-08-17T19:49:00-04:00,35.0,36.0,35.0,35.79,0,17.082593200353084,20.474585234763264,34.459947303678376,34.74859406217767,7524,2108.0,0.1758536229781754,0.2008251666669878,0.0249715436888123
2026-08-17T19:50:00-04:00,36.0,36.0,35.75,35.75,0,17.082593200353084,20.47773773223225,34.58280946523281,34.94887524974214,4738,2308.35,0.2005461385390231,0.2756542168625913,0.0751080783235681
2026-08-17T19:51:00-04:00,35.75,35.75,35.51,35.62,0,17.082593200353084,20.47859871597737,34.68158951616302,35.08310019979371,1312,2304.2,0.1965289266405407,0.320769236624244,0.1242403099837033
2026-08-17T19:52:00-04:00,35.75,35.79,35.581,35.75,0,17.082593200353084,20.479803856468248,34.78334289557607,35.21648015983497,1827,2285.3,0.1908722660713079,0.3628306425728382,0.1719583765015303
2026-08-17T19:53:00-04:00,35.6204,35.6874,35.52,35.52,0,17.082593200353084,20.48097292635816,34.853500715045016,35.277184127867976,1788,2337.35,0.1610751668526561,0.3733023350673505,0.2122271682146944
2026-08-17T19:54:00-04:00,35.69,35.6997,35.03,35.03,0,17.082593200353084,20.482837127960885,34.87031017075501,35.22774730229438,2914,2435.55,0.1007496060649612,0.3381641757958959,0.2374145697309347
2026-08-17T19:55:00-04:00,35.1,35.35,35.1,35.19,0,17.082593200353084,20.483460998119035,34.9007568211593,35.22019784183551,978,2347.95,0.0657036153298484,0.3195440888932452,0.2538404735633968
2026-08-17T19:56:00-04:00,35.25,35.25,35.2,35.25,0,17.082593200353084,20.48458254576949,34.93401807628698,35.22615827346841,1756,2382.95,0.0418080198905357,0.3061004984265665,0.2642924785360308
2026-08-17T19:57:00-04:00,35.2,35.45,35.2,35.45,0,17.082593200353084,20.485593571364937,34.9831592118787,35.27092661877472,1569,2451.0,0.0349931068023613,0.3080338620389824,0.2730407552366211
2026-08-17T19:58:00-04:00,35.2614,35.35,35.26,35.336,0,17.082593200353084,20.48634544327072,35.01676309646168,35.28394129501978,1171,2425.0,0.019122780701736,0.2969442311137911,0.2778214504120551
2026-08-17T19:59:00-04:00,35.2936,35.4,34.91,34.91,0,17.79758432412898,20.4908161946821,35.006595182512946,35.20915303601582,7081,2633.4,-0.0215460499203967,0.2508888880115592,0.2724349379319559
