Symbol,Name,Last Sale,Net Change,% Change,Market Cap,Country,IPO Year,Volume,Sector,Industry
AACB,Artius II Acquisition Inc. Class A Ordinary Shares,$10.14,0.00,0.00%,0.00,United States,2025,10,,
AACBR,Artius II Acquisition Inc. Rights,$0.2206,0.00,0.00%,0.00,United States,2025,22,,
AACG,ATA Creativity Global American Depositary Shares,$1.08,-1.14,-51.351%,34464298.00,China,2008,3197159,Real Estate,Other Consumer Services
AACI,Armada Acquisition Corp. II Class A Ordinary Shares,$10.09,0.02,0.199%,0.00,United States,2025,156,Finance,Blank Checks
AACIU,Armada Acquisition Corp. II Units,$10.21,0.06,0.591%,0.00,United States,2025,1127,Finance,Blank Checks
AACIW,Armada Acquisition Corp. II Warrant,$0.25,-0.01,-3.846%,0.00,United States,2025,495,Finance,Blank Checks
AAME,Atlantic American Corporation Common Stock,$2.2458,-0.0392,-1.716%,45808095.00,United States,,61805,Finance,Life Insurance
ABLV,Able View Global Inc. Class B Ordinary Shares,$1.006,0.006,0.60%,49686262.00,China,,3515,Consumer Discretionary,Other Consumer Services
ABLVW,Able View Global Inc. Warrant,$0.0203,0.00,0.00%,1002615.00,China,,120,Consumer Discretionary,Other Consumer Services
ABP,Abpro Holdings Inc Common Stock,$0.2381,-0.0203,-7.856%,14473449.00,United States,2022,4018283,Health Care,Biotechnology: Pharmaceutical Preparations
ABPWW,Abpro Holdings Inc. Warrant,$0.0526,0.0015,2.935%,3197411.00,United States,2022,130,Health Care,Biotechnology: Pharmaceutical Preparations
ABTS,Abits Group Inc Ordinary Shares,$3.61,-0.33,-8.376%,8556202.00,China,,12669,Technology,Computer Software: Programming Data Processing
ABVC,ABVC BioPharma Inc. Common Stock,$2.75,0.35,14.583%,46126468.00,United States,,319964,Health Care,Biotechnology: Pharmaceutical Preparations
ABVE,Above Food Ingredients Inc. Common Stock,$1.72,0.04,2.381%,47823924.00,Canada,,1753154,Consumer Staples,Packaged Foods
ABVEW,Above Food Ingredients Inc. Warrants,$0.1798,0.0097,5.703%,4999268.00,Canada,,58462,Consumer Staples,Packaged Foods
ACON,Aclarion Inc. Common Stock,$6.995,0.045,0.647%,4073685.00,United States,2022,29563,Health Care,Medical Specialities
ACONW,Aclarion Inc. Warrant,$0.0284,-0.0006,-2.069%,16539.00,United States,2022,200,Health Care,Medical Specialities
ACRV,Acrivon Therapeutics Inc. Common Stock,$1.26,-0.02,-1.563%,39507755.00,United States,2022,140852,Health Care,Biotechnology: Pharmaceutical Preparations
ACXP,Acurx Pharmaceuticals Inc. Common Stock,$0.307,-0.019,-5.828%,7208853.00,United States,2021,1012718,Health Care,Biotechnology: Pharmaceutical Preparations
ADD,Color Star Technology Co. Ltd. Class A Ordinary Shares,$0.74,-0.0001,-0.014%,454831.00,United States,,55014,Consumer Discretionary,Engineering & Construction
ADGM,Adagio Medical Holdings Inc Common Stock,$1.26,-0.06,-4.545%,19380772.00,United States,,9848,Health Care,Medical/Dental Instruments
ADIL,Adial Pharmaceuticals Inc Common Stock,$0.4551,0.019,4.357%,3595606.00,United States,2018,1979559,Health Care,Biotechnology: Pharmaceutical Preparations
ADN,Advent Technologies Holdings Inc. Class A Common Stock,$1.83,-0.03,-1.613%,4886623.00,United States,2018,24735,Miscellaneous,Industrial Machinery/Components
ADNWW,Advent Technologies Holdings Inc. Warrant,$0.0057,-0.0001,-1.724%,15221.00,United States,2018,43500,Miscellaneous,Industrial Machinery/Components
ADTX,Aditxt Inc. Common Stock,$1.03,-0.06,-5.505%,2183654.00,United States,2020,217911,Health Care,Biotechnology: Pharmaceutical Preparations
ADVB,Advanced Biomed Inc. Common Stock,$0.4274,-0.035,-7.569%,9248936.00,Taiwan,2025,297368,Health Care,Medical Specialities
ADVM,Adverum Biotechnologies Inc. Common Stock,$2.32,-0.07,-2.929%,48466501.00,United States,2014,79688,Health Care,Biotechnology: Biological Products (No Diagnostic Substances)
ADVWW,Advantage Solutions Inc. Warrant,$0.0122,0.00,0.00%,3956606.00,United States,2019,3082,Consumer Discretionary,Business Services
ADXN,Addex Therapeutics Ltd American Depositary Shares,$8.10,-0.10,-1.22%,8659775.00,Switzerland,,358,Health Care,Biotechnology: Pharmaceutical Preparations
AEHL,Antelope Enterprise Holdings Limited Class A Ordinary Shares,$3.48,0.01,0.288%,11897382.00,China,,47796,Industrials,Building Materials
AEI,Alset Inc. Common Stock (TX),$1.16,-0.05,-4.132%,13612738.00,United States,2020,101780,Finance,Real Estate
AEMD,Aethlon Medical Inc. Common Stock,$1.16,-0.03,-2.521%,2998967.00,United States,,66333,Health Care,Medical/Dental Instruments
AENTW,Alliance Entertainment Holding Corporation Warrants,$0.26,0.004,1.563%,28848916.00,United States,,56209,Consumer Discretionary,Durable Goods
AERT,Aeries Technology Inc. Class A Ordinary Share,$0.85,-0.0266,-3.034%,40079732.00,United States,2021,24006,Consumer Discretionary,Professional Services
AEVAW,Aeva Technologies Inc. Warrants,$0.36,-0.04,-10.00%,19808152.00,United States,,37348,Consumer Discretionary,Auto Parts:O.E.M.
AFJK,Aimei Health Technology Co. Ltd Ordinary Share,$11.30,0.00,0.00%,0.00,United States,2024,16,,
AFJKU,Aimei Health Technology Co. Ltd Unit,$11.25,0.00,0.00%,0.00,United States,2023,15,,
AFRIW,Forafric Global PLC Warrants,$0.4203,-0.0147,-3.379%,11306739.00,Gibraltar,,18042,Consumer Staples,Packaged Foods
AGFY,Agrify Corporation Common Stock,$24.74,-1.07,-4.146%,48292826.00,United States,2021,8872,Consumer Staples,Farming/Seeds/Milling
AGH,Aureus Greenway Holdings Inc. Common Stock,$2.95,0.47,18.952%,40946000.00,United States,2025,1502436,Consumer Discretionary,Hotels/Resorts
AGMH,AGM Group Holdings Inc. Class A Ordinary Shares,$1.965,-0.155,-7.311%,3961988.00,Hong Kong,2018,79937,Technology,EDP Services
AGRI,AgriFORCE  Growing Systems Ltd. Common Shares,$4.04,-0.05,-1.222%,2894304.00,Canada,2021,162329,Industrials,Metal Fabrications
AIFE,Aifeex Nexus Acquisition Corporation Class A Ordinary Shares,$10.25,0.00,0.00%,0.00,United States,2025,21,,
AIFF,Firefly Neuroscience Inc. Common Stock,$2.67,-0.11,-3.957%,34339132.00,United States,,286633,Technology,Computer Software: Prepackaged Software
AIHS,Senmiao Technology Limited Common Stock,$2.67,0.06,2.299%,2959094.00,China,2018,71714,Finance,Finance: Consumer Services
AIMD,Ainos Inc. Common Stock,$2.46,-0.14,-5.385%,10312421.00,United States,,33129,Health Care,Biotechnology: Pharmaceutical Preparations
AIMDW,Ainos Inc. Warrants,$0.12,0.00,0.00%,503045.00,United States,,2910,Health Care,Biotechnology: Pharmaceutical Preparations
AIRE,reAlpha Tech Corp. Common Stock,$0.3692,-0.0031,-0.833%,18921072.00,United States,,3729353,Finance,Real Estate
AIRJW,AirJoule Technologies Corporation Warrant,$0.65,0.00,0.00%,39153226.00,United States,2022,51,Industrials,Industrial Machinery/Components
AIRTP,Air T Inc. Air T Funding Alpha Income Trust Preferred Securities,$18.2598,-0.2502,-1.352%,49349648.00,United States,,1075,Consumer Discretionary,Air Freight/Delivery Services
AIXI,XIAO-I Corporation American Depositary Shares,$1.70,-0.09,-5.028%,21182571.00,China,2023,216104,Technology,Computer Software: Prepackaged Software
AKAN,Akanda Corp. Common Shares,$1.10,-0.04,-3.509%,2503494.00,United Kingdom,2022,8278941,Health Care, Medicinal Chemicals and Botanical Products 
AKTX,Akari Therapeutics plc ADS,$1.01,-0.02,-1.942%,32498134.00,United Kingdom,,14231,Health Care,Biotechnology: Pharmaceutical Preparations
ALBT,Avalon GloboCare Corp. Common Stock,$2.16,0.22,11.34%,4090977.00,United States,,270945,Health Care,Biotechnology: Biological Products (No Diagnostic Substances)
ALCY,Alchemy Investments Acquisition Corp 1 Class A Ordinary Shares,$11.72,0.00,0.00%,0.00,United States,2023,7,Finance,Blank Checks
ALCYW,Alchemy Investments Acquisition Corp 1 Warrants,$0.16,0.00,0.00%,0.00,United States,2023,41,Finance,Blank Checks
ALDF,Aldel Financial II Inc. Class A Ordinary Shares,$10.41,-0.009,-0.086%,0.00,United States,2024,3588,,
ALDFU,Aldel Financial II Inc. Units,$10.60,0.00,0.00%,0.00,United States,2024,599,Finance,Blank Checks
ALDFW,Aldel Financial II Inc. Warrants,$0.50,0.00,0.00%,0.00,United States,2024,4,,
ALF,Centurion Acquisition Corp. Class A Ordinary Shares,$10.51,0.004,0.038%,0.00,United States,2024,20522,,
ALFUW,Centurion Acquisition Corp. Warrant,$0.3198,-0.0001,-0.031%,0.00,United States,2024,362,Finance,Blank Checks
ALGS,Aligos Therapeutics Inc. Common Stock,$7.46,0.18,2.473%,45616415.00,United States,2020,49221,Health Care,Biotechnology: Biological Products (No Diagnostic Substances)
ALLR,Allarity Therapeutics Inc. Common Stock,$1.01,-0.03,-2.885%,15230368.00,United States,,366685,Health Care,Biotechnology: Pharmaceutical Preparations
ALXO,ALX Oncology Holdings Inc. Common Stock,$0.5181,-0.0494,-8.705%,27689347.00,United States,2020,415913,Health Care,Biotechnology: Pharmaceutical Preparations
ALZN,Alzamend Neuro Inc. Common Stock,$2.20,-0.05,-2.222%,6372150.00,United States,2021,102093,Health Care,Biotechnology: Pharmaceutical Preparations
AMIX,Autonomix Medical Inc. Common Stock,$1.39,-0.05,-3.472%,3864867.00,United States,2024,204589,Health Care,Medical/Dental Instruments
AMOD,Alpha Modus Holdings Inc. Class A Common Stock,$1.08,-0.07,-6.087%,14935110.00,United States,,401289,Miscellaneous,Multi-Sector Companies
AMODW,Alpha Modus Holdings Inc. Warrant,$0.1293,0.0089,7.392%,1788065.00,United States,,3351,Miscellaneous,Multi-Sector Companies
AMPGW,Amplitech Group Inc. Warrants,$0.589,-0.001,-0.169%,12117847.00,United States,,1814,Telecommunications,Telecommunications Equipment
AMST,Amesite Inc. Common Stock,$2.91,-0.09,-3.00%,13306595.00,United States,2020,11303,Technology,Computer Software: Prepackaged Software
ANGH,Anghami Inc. Ordinary Shares,$0.3096,-0.0305,-8.968%,20701310.00,United Arab Emirates,,845955,Consumer Discretionary,Telecommunications Equipment
ANNAW,AleAnna Inc. Warrant,$0.16,0.00,0.00%,10664685.00,United States,,1000,Energy,Oil & Gas Production
ANSC,Agriculture & Natural Solutions Acquisition Corporation Class A Ordinary Shares,$10.88,0.005,0.046%,0.00,United States,2024,591,,
ANSCU,Agriculture & Natural Solutions Acquisition Corporation Unit,$11.90,1.13,10.492%,0.00,United States,2023,375,,
ANSCW,Agriculture & Natural Solutions Acquisition Corporation Warrant,$0.23,0.00,0.00%,0.00,United States,2024,33230,,
ANTX,AN2 Therapeutics Inc. Common Stock,$1.06,0.00,0.00%,31986263.00,United States,2022,68058,Health Care,Biotechnology: Pharmaceutical Preparations
ANY,Sphere 3D Corp. Common Shares,$0.5098,-0.0352,-6.459%,13488240.00,Canada,,621316,Finance,Finance: Consumer Services
APADU,A Paradise Acquisition Corp. Unit,$10.015,0.00,0.00%,0.00,Singapore,2025,245406,,
APDN,Applied DNA Sciences Inc. Common Stock,$4.57,-0.06,-1.296%,2285000.00,United States,,32838,Consumer Discretionary,Other Consumer Services
APLM,Apollomics Inc. Class A Ordinary Shares,$5.87,0.05,0.859%,6476653.00,United States,,2779,Health Care,Biotechnology: Pharmaceutical Preparations
APLMW,Apollomics Inc. Warrant,$0.0328,0.0051,18.412%,36190.00,United States,,57400,Health Care,Biotechnology: Pharmaceutical Preparations
APM,Aptorum Group Limited Class A Ordinary Shares,$1.37,-0.18,-11.613%,9786947.00,Hong Kong,2018,127954,Health Care,Biotechnology: Pharmaceutical Preparations
APRE,Aprea Therapeutics Inc. Common stock,$1.66,-0.04,-2.353%,9182079.00,United States,2019,42900,Health Care,Biotechnology: Pharmaceutical Preparations
APVO,Aptevo Therapeutics Inc. Common Stock,$2.68,-0.11,-3.943%,1813837.00,United States,,85754,Health Care,Biotechnology: Pharmaceutical Preparations
APWC,Asia Pacific Wire & Cable Corporation Ltd. Ordinary Shares (Bermuda),$1.7302,-0.1063,-5.788%,35670196.00,Taiwan,,10147,Industrials,Telecommunications Equipment
AQB,AquaBounty Technologies Inc. Common Stock,$0.7201,-0.0109,-1.491%,2786327.00,United States,,16999,Consumer Staples,Meat/Poultry/Fish
AQMS,Aqua Metals Inc. Common Stock,$0.3897,0.0085,2.23%,3466908.00,United States,2015,812918,Industrials,Metal Fabrications
ARBB,ARB IOT Group Limited Ordinary Shares,$5.00,-0.27,-5.123%,8826380.00,Malaysia,2023,147513,Technology,EDP Services
ARBEW,Arbe Robotics Ltd. Warrant,$0.2348,-0.0052,-2.167%,24692317.00,Israel,,14745,Technology,EDP Services
ARBK,Argo Blockchain plc American Depositary Shares,$0.2937,-0.0174,-5.593%,21065643.00,United Kingdom,2021,1428580,Finance,Finance: Consumer Services
AREB,American Rebel Holdings Inc. Common Stock,$1.20,-0.05,-4.00%,7846002.00,United States,,168705,Industrials,Plastic Products
AREBW,American Rebel Holdings Inc. Warrants,$0.0303,-0.0017,-5.313%,198112.00,United States,,900,Industrials,Plastic Products
ARKOW,ARKO Corp. Warrant,$0.0161,0.0026,19.259%,1834674.00,United States,,1908,Consumer Staples,Food Chains
ARKR,Ark Restaurants Corp. Common Stock,$8.35,-0.25,-2.907%,30111411.00,United States,,12234,Consumer Discretionary,Restaurants
ARQQW,Arqit Quantum Inc. Warrants,$0.4378,0.0079,1.838%,5474255.00,United Kingdom,,125805,Technology,Computer Software: Prepackaged Software
ARTL,Artelo Biosciences Inc. Common Stock,$10.20,-1.66,-13.997%,5577758.00,United States,,612627,Health Care,Biotechnology: Pharmaceutical Preparations
ARTW,Art's-Way Manufacturing Co. Inc. Common Stock,$3.37,0.30,9.772%,17214243.00,United States,,37245,Industrials,Industrial Machinery/Components
ASBP,Aspire Biopharma Holdings Inc. Common Stock,$0.3604,-0.0207,-5.432%,17849160.00,United States,2022,460679,Health Care,Biotechnology: Pharmaceutical Preparations
ASBPW,Aspire Biopharma Holdings Inc. Warrant,$0.0701,0.0041,6.212%,3471770.00,United States,2022,375,Health Care,Biotechnology: Pharmaceutical Preparations
ASNS,Actelis Networks Inc. Common Stock,$0.47,-0.031,-6.188%,4243558.00,United States,2022,246505,Telecommunications,Telecommunications Equipment
ASPC,A SPAC III Acquisition Corp. Class A Ordinary Shares,$10.26,0.00,0.00%,0.00,China,2025,5,,
ASPCR,A SPAC III Acquisition Corp. Right,$0.1999,0.0349,21.152%,0.00,China,2025,100,Finance,Blank Checks
ASPSW,Altisource Portfolio Solutions S.A. Net Settle Stakeholder Warrants,$1.00,0.09,9.89%,0.00,Luxembourg,,10084,,
ASPSZ,Altisource Portfolio Solutions S.A. Cash Exercise Stakeholder Warrants,$0.978,0.072,7.947%,0.00,Luxembourg,,5930,,
ASRV,AmeriServ Financial Inc. Common Stock,$2.93,0.12,4.27%,48401452.00,United States,,61321,Finance,Major Banks
ASST,Asset Entities Inc. Class B Common Stock,$3.02,-0.31,-9.309%,47631573.00,United States,2023,1899296,Technology,Computer Software: Prepackaged Software
ASTC,Astrotech Corporation (DE) Common Stock,$5.2533,-0.3908,-6.924%,8898843.00,United States,,6647,Industrials,Biotechnology: Laboratory Analytical Instruments
ASTI,Ascent Solar Technologies Inc. Common Stock,$1.68,-0.10,-5.618%,3047142.00,United States,,81566,Technology,Semiconductors
ASTLW,Algoma Steel Group Inc. Warrant,$0.2368,-0.0407,-14.667%,24848324.00,Canada,,72983,Industrials,Steel/Iron Ore
ATER,Aterian Inc. Common Stock,$1.17,-0.045,-3.704%,10238367.00,United States,2019,116128,Consumer Discretionary,Home Furnishings
ATHA,Athira Pharma Inc. Common Stock,$0.3702,-0.0098,-2.579%,14453513.00,United States,2020,348705,Health Care,Biotechnology: Biological Products (No Diagnostic Substances)
ATHE,Alterity Therapeutics Limited American Depositary Shares,$5.01,-0.05,-0.988%,43801243.00,Australia,,45942,Health Care,Biotechnology: Pharmaceutical Preparations
ATII,Archimedes Tech SPAC Partners II Co. Ordinary Shares,$10.20,-0.015,-0.147%,0.00,United States,2025,155012,,
ATIIU,Archimedes Tech SPAC Partners II Co. Unit,$10.45,0.00,0.00%,0.00,United States,2025,50,Finance,Blank Checks
ATIIW,Archimedes Tech SPAC Partners II Co. Warrant,$0.3614,0.0139,4.00%,0.00,United States,2025,2008,Finance,Blank Checks
ATMC,AlphaTime Acquisition Corp Ordinary Shares,$12.00,-0.10,-0.826%,0.00,United States,2023,382,Finance,Blank Checks
ATMCR,AlphaTime Acquisition Corp Right,$0.2538,0.00,0.00%,0.00,United States,2023,58,Finance,Blank Checks
ATMCW,AlphaTime Acquisition Corp Warrant,$0.0549,0.0097,21.46%,0.00,United States,2023,1754,Finance,Blank Checks
ATMVR,AlphaVest Acquisition Corp Right.,$0.29,0.01,3.571%,0.00,United States,2023,4810,Finance,Blank Checks
ATNF,180 Life Sciences Corp. Common Stock,$3.54,0.26,7.927%,21378796.00,United States,2017,3319198,Health Care,Biotechnology: Pharmaceutical Preparations
ATNFW,180 Life Sciences Corp. Warrant,$0.0121,0.0007,6.14%,73074.00,United States,2017,250437,Health Care,Biotechnology: Pharmaceutical Preparations
ATXG,Addentax Group Corp. Common Stock,$0.4056,-0.0918,-18.456%,4092895.00,China,,961891,Consumer Discretionary,Professional Services
AUID,authID Inc. Common Stock,$3.62,-0.29,-7.417%,48666339.00,United States,,29605,Technology,Computer Software: Prepackaged Software
AUUD,Auddia Inc. Common Stock,$4.46,0.285,6.826%,2767145.00,United States,2021,25507,Technology,EDP Services
AUUDW,Auddia Inc. Warrants,$0.0204,-0.0097,-32.226%,12657.00,United States,2021,24470,Technology,EDP Services
AWRE,Aware Inc. Common Stock,$2.165,0.045,2.123%,45663165.00,United States,1996,31676,Technology,Computer Software: Prepackaged Software
AXINR,Axiom Intelligence Acquisition Corp 1 Right,$0.16,0.16,,0.00,United Kingdom,,931688,,
AXINU,Axiom Intelligence Acquisition Corp 1 Units,$10.14,-0.0007,-0.007%,0.00,United Kingdom,2025,5098,Finance,Blank Checks
AYRO,AYRO Inc. Common Stock,$7.17,-0.56,-7.245%,3894866.00,United States,,28277,Consumer Discretionary,Telecommunications Equipment
AYTU,Aytu BioPharma Inc.  Common Stock,$2.40,-0.04,-1.639%,14808590.00,United States,,86793,Health Care,Biotechnology: Pharmaceutical Preparations
AZI,Autozi Internet Technology (Global) Ltd. Class A Ordinary Shares,$0.2206,-0.0161,-6.802%,23379453.00,China,2024,1546503,Consumer Discretionary,Automotive Aftermarket
BACCU,Blue Acquisition Corp. Unit,$10.10,0.01,0.099%,0.00,United States,2025,281327,Finance,Blank Checks
BACQ,Bleichroeder Acquisition Corp. I Class A Ordinary Shares,$10.3225,-0.0175,-0.169%,0.00,United States,2024,101522,,
BACQR,Bleichroeder Acquisition Corp. I Right,$0.38,-0.01,-2.564%,0.00,United States,2024,531,Finance,Blank Checks
BAERW,Bridger Aerospace Group Holdings Inc. Warrant,$0.0779,-0.0001,-0.128%,4262894.00,United States,,10974,Consumer Discretionary,Business Services
BANL,CBL International Limited Ordinary Shares,$0.684,-0.0303,-4.242%,18810000.00,Malaysia,2023,166686,Energy,Oil Refining/Marketing
BAOS,Baosheng Media Group Holdings Limited Ordinary shares,$2.87,-0.19,-6.209%,4403978.00,China,2021,26848,Consumer Discretionary,Business Services
BAYA,Bayview Acquisition Corp Ordinary Shares,$11.12,-0.01,-0.09%,0.00,United States,2023,105,,
BAYAR,Bayview Acquisition Corp Right,$0.25,0.02,8.696%,0.00,United States,2023,92916,,
BBGI,Beasley Broadcast Group Inc. Class A Common Stock,$4.07,-0.0901,-2.166%,7303293.00,United States,2000,2738,Consumer Discretionary,Broadcasting
BBLG,Bone Biologics Corp Common Stock,$2.73,-0.07,-2.50%,1488325.00,United States,,27964,Health Care,Industrial Specialties
BBLGW,Bone Biologics Corp Warrants,$15.00,0.00,0.00%,8177610.00,United States,,14,Health Care,Industrial Specialties
BCAB,BioAtla Inc. Common Stock,$0.33,-0.0291,-8.104%,19277987.00,United States,2020,492189,Health Care,Biotechnology: Biological Products (No Diagnostic Substances)
BCARU,D. Boral ARC Acquisition I Corp. Units,$9.95,-0.01,-0.10%,0.00,United States,2025,1622302,Finance,Blank Checks
BCDA,BioCardia Inc. Common Stock,$2.13,-0.01,-0.467%,11028906.00,United States,,15173,Health Care,Biotechnology: Biological Products (No Diagnostic Substances)
BCG,Binah Capital Group Inc. Common Stock,$2.00,-0.09,-4.306%,33204920.00,United States,,21615,Finance,Finance: Consumer Services
BCGWW,Binah Capital Group Inc. Warrants,$0.0405,-0.0095,-19.00%,672400.00,United States,,58400,Finance,Finance: Consumer Services
BCTX,BriaCell Therapeutics Corp. Common Shares,$0.744,-0.0016,-0.215%,2759823.00,Canada,,633047,Health Care,Biotechnology: Pharmaceutical Preparations
BCTXW,BriaCell Therapeutics Corp. Warrant,$0.035,-0.0039,-10.026%,129830.00,Canada,,52363,Health Care,Biotechnology: Pharmaceutical Preparations
BCTXZ,BriaCell Therapeutics Corp. Warrant,$0.2799,-0.02,-6.669%,1038272.00,Canada,,7416,Health Care,Biotechnology: Pharmaceutical Preparations
BDMDW,Baird Medical Investment Holdings Ltd Warrant,$0.0776,-0.0124,-13.778%,2872434.00,China,,200,Health Care,Medical/Dental Instruments
BDRX,Biodexa Pharmaceuticals plc American Depositary Shs,$6.70,-1.15,-14.65%,3383922.00,United Kingdom,,112334,Health Care,Biotechnology: Pharmaceutical Preparations
BEAG,Bold Eagle Acquisition Corp. Class A Ordinary Shares,$10.46,0.00,0.00%,0.00,United States,2024,13102,,
BEAGR,Bold Eagle Acquisition Corp. Right,$0.30,0.00,0.00%,0.00,United States,2024,528,,
BEAGU,Bold Eagle Acquisition Corp. Units,$10.74,0.00,0.00%,0.00,United States,2024,7,,
BEAT,Heartbeam Inc. Common Stock,$1.02,-0.11,-9.735%,34485901.00,United States,2021,151926,Health Care,Medical/Dental Instruments
BEATW,Heartbeam Inc. Warrant,$0.28,0.00,0.00%,9466718.00,United States,2021,538,Health Care,Medical/Dental Instruments
BEEM,Beam Global Common Stock,$2.32,0.00,0.00%,35788733.00,United States,,121821,Technology,Semiconductors
BENF,Beneficient Class A Common Stock,$0.3219,-0.0271,-7.765%,2787316.00,United States,,206558,Finance,Finance: Consumer Services
BENFW,Beneficient Warrant,$0.0073,-0.0005,-6.41%,63210.00,United States,,217450,Finance,Finance: Consumer Services
BETRW,Better Home & Finance Holding Company Warrant,$0.1276,-0.0024,-1.846%,1940092.00,United Kingdom,2021,1676,Finance,Finance: Consumer Services
BFRG,Bullfrog AI Holdings Inc. Common Stock,$1.30,-0.07,-5.109%,12240183.00,United States,2023,221016,Health Care,Biotechnology: Pharmaceutical Preparations
BFRGW,Bullfrog AI Holdings Inc. Warrants,$0.50,-0.036,-6.716%,4707763.00,United States,2023,431,Health Care,Biotechnology: Pharmaceutical Preparations
BFRI,Biofrontera Inc. Common Stock,$1.04,-0.04,-3.704%,9824045.00,United States,2021,71638,Health Care,Biotechnology: Pharmaceutical Preparations
BFRIW,Biofrontera Inc. Warrants,$0.15,-0.03,-16.667%,1416930.00,United States,2021,1565,Health Care,Biotechnology: Pharmaceutical Preparations
BGFV,Big 5 Sporting Goods Corporation Common Stock,$1.42,0.01,0.709%,32544584.00,United States,2002,164313,Consumer Discretionary,Other Specialty Stores
BGLC,BioNexus Gene Lab Corp Common stock,$6.47,-0.46,-6.638%,11623983.00,Malaysia,,479247,Health Care,Medical Specialities
BGLWW,Blue Gold Limited Warrant,$0.42,-0.0495,-10.543%,12840141.00,United Kingdom,,50821,Basic Materials,Metal Mining
BIAF,bioAffinity Technologies Inc. Common Stock,$0.2936,-0.0234,-7.382%,8000442.00,United States,2022,600050,Health Care,Biotechnology: Commercial Physical & Biological Resarch
BIAFW,bioAffinity Technologies Inc. Warrant,$0.1351,-0.0249,-15.563%,3681402.00,United States,2022,1802,Health Care,Biotechnology: Commercial Physical & Biological Resarch
BINI,Bollinger Innovations Inc.,$0.0347,-0.0065,-15.777%,27713.00,United States,,144455944,,
BIVI,BioVie Inc. Class A Common Stock,$6.03,0.025,0.416%,11216319.00,United States,,33174,Health Care,Biotechnology: Pharmaceutical Preparations
BIYA,Baiya International Group Inc. Ordinary Shares,$0.697,-0.0023,-0.329%,8726440.00,China,2025,81821,Consumer Discretionary,Diversified Commercial Services
BJDX,Bluejay Diagnostics Inc. Common Stock,$1.50,0.00,0.00%,2241273.00,United States,2021,14939,Health Care,Medical/Dental Instruments
BKHA,Black Hawk Acquisition Corporation Class A Ordinary Shares,$11.00,0.00,0.00%,0.00,United States,2024,10,Health Care,Biotechnology: Biological Products (No Diagnostic Substances)
BKHAR,Black Hawk Acquisition Corporation Rights,$1.88,0.38,25.333%,0.00,United States,2024,201,Health Care,Biotechnology: Biological Products (No Diagnostic Substances)
BKYI,BIO-key International Inc. Common Stock,$0.759,-0.0109,-1.416%,4418371.00,United States,,185417,Technology,Computer Software: Prepackaged Software
BLBX,Blackboxstocks Inc. Common Stock,$7.08,-0.37,-4.966%,25720748.00,United States,,61364,Technology,EDP Services
BLDEW,Blade Air Mobility Inc. Warrants,$0.218,-0.0167,-7.115%,17661774.00,United States,2019,37941,Consumer Discretionary,Transportation Services
BLIN,Bridgeline Digital Inc. Common Stock,$1.43,-0.02,-1.379%,17040721.00,United States,2007,9510,Technology,Computer Software: Prepackaged Software
BLIV,BeLive Holdings Ordinary Share,$2.35,-0.29,-10.985%,25532285.00,Singapore,2025,15391,Technology,EDP Services
BLMZ,BloomZ Inc. Ordinary Shares,$0.1725,-0.0088,-4.854%,2488474.00,Japan,2024,2408915,Consumer Discretionary,Movies/Entertainment
BLRX,BioLineRx Ltd. American Depositary Shares,$3.87,-0.11,-2.764%,14400282.00,Israel,,17850,Health Care,Biotechnology: Pharmaceutical Preparations
BLUWU,Blue Water Acquisition Corp. III Unit.,$10.03,-0.03,-0.298%,0.00,United States,2025,1953,Health Care,Biotechnology: Biological Products (No Diagnostic Substances)
BLUWW,Blue Water Acquisition Corp. III Warrant.,$0.25,0.08,47.059%,1811250.00,United States,2025,354,,
BMGL,Basel Medical Group Ltd Ordinary Shares,$2.02,-0.17,-7.763%,37279100.00,Singapore,2025,101750,,
BMR,Beamr Imaging Ltd. Ordinary Share,$3.02,-0.02,-0.658%,46866758.00,Israel,2023,127469,Technology,Computer Software: Prepackaged Software
BMRA,Biomerica Inc. Common Stock,$3.2323,-0.0077,-0.238%,8228667.00,United States,,40358,Health Care,Biotechnology: In Vitro & In Vivo Diagnostic Substances
BNAI,Brand Engagement Network Inc. Common Stock,$0.339,0.0039,1.164%,14573406.00,United States,2021,497017,Technology,EDP Services
BNAIW,Brand Engagement Network Inc. Warrant,$0.0305,-0.0005,-1.613%,1311177.00,United States,2021,35112,Technology,EDP Services
BNGO,Bionano Genomics Inc. Common Stock,$2.95,-0.06,-1.993%,9923800.00,United States,2018,62537,Industrials,Biotechnology: Laboratory Analytical Instruments
BNRG,Brenmiller Energy Ltd Ordinary Shares,$1.66,-0.06,-3.488%,4524914.00,Israel,,36842,Industrials,Building Products
BNZI,Banzai International Inc. Class A Common Stock,$3.60,0.71,24.567%,8886913.00,United States,2021,621217,Technology,Computer Software: Prepackaged Software
BNZIW,Banzai International Inc. Warrant,$0.0247,-0.0004,-1.594%,60974.00,United States,2021,13092,Technology,Computer Software: Prepackaged Software
BOF,BranchOut Food Inc. Common Stock,$2.22,-0.01,-0.448%,21278187.00,United States,2023,123174,Consumer Staples,Packaged Foods
BOLD,Boundless Bio Inc. Common Stock,$1.16,-0.025,-2.11%,25967309.00,United States,2024,70966,Health Care,Biotechnology: Pharmaceutical Preparations
BOLT,Bolt Biotherapeutics Inc. Common Stock,$5.53,-0.12,-2.124%,10600927.00,United States,2021,9259,Health Care,Biotechnology: Pharmaceutical Preparations
BON,Bon Natural Life Limited Class A Ordinary Shares,$1.30,-0.07,-5.109%,3180780.00,China,2021,87407,Health Care, Medicinal Chemicals and Botanical Products 
BOSC,B.O.S. Better Online Solutions Common Stock,$4.87,-0.03,-0.612%,28847732.00,Israel,,56805,Telecommunications,Computer Communications Equipment
BOXL,Boxlight Corporation Class A Common Stock,$1.9641,-0.0659,-3.246%,4380687.00,United States,2017,7291,Real Estate,Other Consumer Services
BREA,Brera Holdings PLC Class B Ordinary Shares,$6.22,-0.30,-4.601%,15019484.00,Ireland,2023,2101,Consumer Discretionary,Services-Misc. Amusement & Recreation
BRFH,Barfresh Food Group Inc. Common Stock,$2.77,-0.35,-11.218%,44098530.00,United States,,14396,Consumer Staples,Packaged Foods
BRR,Columbus Circle Capital Corp I Class A Ordinary Shares,$10.30,-0.08,-0.771%,0.00,United States,2025,407784,Finance,Blank Checks
BRRWU,Columbus Circle Capital Corp I Units,$11.03,0.00,0.00%,0.00,United States,2025,1,Finance,Blank Checks
BRRWW,Columbus Circle Capital Corp I Warrant,$1.65,-0.09,-5.172%,0.00,United States,2025,12270,Finance,Blank Checks
BRTX,BioRestorative Therapies Inc. Common Stock (NV),$1.41,-0.06,-4.082%,10581740.00,United States,,31960,Health Care,Managed Health Care
BSAAU,BEST SPAC I Acquisition Corp. Unit ,$10.309,0.189,1.868%,0.00,Hong Kong,2025,371,Finance,Blank Checks
BSLK,Bolt Projects Holdings Inc. Common Stock,$2.42,-0.22,-8.333%,4989505.00,United States,2021,796999,Industrials,Major Chemicals
BSLKW,Bolt Projects Holdings Inc. Warrant,$0.0294,0.00,0.00%,60616.00,United States,2021,14139,Industrials,Major Chemicals
BTAI,BioXcel Therapeutics Inc. Common Stock,$1.37,0.06,4.58%,8296783.00,United States,2018,109200244,Health Care,Biotechnology: Pharmaceutical Preparations
BTBD,BT Brands Inc. Common Stock,$1.64,0.15,10.067%,10093747.00,United States,2021,113305,Consumer Discretionary,Restaurants
BTBDW,BT Brands Inc. Warrant,$0.0775,0.0196,33.851%,476991.00,United States,2021,1530,Consumer Discretionary,Restaurants
BTCT,BTC Digital Ltd. Ordinary Shares,$2.51,-0.14,-5.283%,16149440.00,China,,388758,Real Estate,Other Consumer Services
BTMWW,Bitcoin Depot Inc. Warrant,$0.4001,-0.095,-19.188%,25731390.00,United States,2022,249089,Finance,Finance: Consumer Services
BTOG,Bit Origin Limited Class A Ordinary Shares,$0.3385,-0.0525,-13.427%,2866002.00,United States,2019,8136403,Finance,Finance: Consumer Services
BZFDW,BuzzFeed Inc. Warrant,$0.0972,0.0072,8.00%,3744646.00,United States,2021,316,Consumer Discretionary,Telecommunications Equipment
CAEP,Cantor Equity Partners III Inc. Class A Ordinary Shares,$10.55,0.07,0.668%,0.00,United States,2025,35095,,
CALC,CalciMedica Inc. Common Stock,$2.94,-0.50,-14.535%,41077651.00,United States,2023,105859,Health Care,Biotechnology: Pharmaceutical Preparations
CAMP,CAMP4 Therapeutics Corporation Common Stock,$1.65,0.02,1.227%,33265770.00,United States,2024,75874,,
CAPN,Cayson Acquisition Corp Ordinary shares,$10.37,0.00,0.00%,0.00,United States,2024,36,,
CAPNR,Cayson Acquisition Corp Right,$0.18,-0.01,-5.263%,0.00,United States,2024,110,Finance,Blank Checks
CAPS,Capstone Holding Corp. Common Stock,$1.44,-0.22,-13.253%,7473961.00,United States,,177709,Health Care,Biotechnology: Pharmaceutical Preparations
CAPT,Captivision Inc. Ordinary Shares,$1.25,-0.05,-3.846%,36447053.00,United Kingdom,,201543,Miscellaneous,Industrial Machinery/Components
CAPTW,Captivision Inc. Warrant,$0.0252,-0.0048,-16.00%,734773.00,United Kingdom,,10000,Miscellaneous,Industrial Machinery/Components
CARM,Carisma Therapeutics Inc. Common Stock,$0.3115,-0.0105,-3.261%,13016992.00,United States,2014,357822,Health Care,Biotechnology: Pharmaceutical Preparations
CARV,Carver Bancorp Inc. Common Stock,$1.98,-0.14,-6.604%,10047080.00,United States,,53499,Finance,Savings Institutions
CASI,CASI Pharmaceuticals Inc. Ordinary Shares,$1.29,-0.01,-0.769%,19985558.00,United States,,14278,Health Care,Biotechnology: Pharmaceutical Preparations
CASK,Heritage Distilling Holding Company Inc. Common Stock,$0.5201,-0.0289,-5.264%,4239504.00,United States,2024,1007209,Consumer Staples,Beverages (Production/Distribution)
CCCX,Churchill Capital Corp X Class A Ordinary Shares,$10.14,-0.005,-0.049%,0.00,United States,2025,55772,Finance,Blank Checks
CCCXU,Churchill Capital Corp X Unit,$10.33,0.00,0.00%,0.00,United States,2025,3700,Finance,Blank Checks
CCCXW,Churchill Capital Corp X Warrants,$0.70,0.00,0.00%,0.00,United States,2025,131117,Finance,Blank Checks
CCD,Calamos Dynamic Convertible & Income Fund Common Stock,$20.42,-0.31,-1.495%,0.00,United States,,90782,Finance,Trusts Except Educational Religious and Charitable
CCGWW,Cheche Group Inc. Warrant,$0.0288,-0.0001,-0.346%,2408879.00,China,,2001,Finance,Specialty Insurers
CCIIU,Cohen Circle Acquisition Corp. II Unit,$10.28,0.00,0.00%,0.00,United States,2025,11002,,
CCIR,Cohen Circle Acquisition Corp. I Class A Ordinary Shares,$10.42,-0.02,-0.192%,0.00,United States,2024,1015257,,
CCIRU,Cohen Circle Acquisition Corp. I Unit,$11.61,-0.49,-4.05%,0.00,United States,2024,361,Finance,Blank Checks
CCIRW,Cohen Circle Acquisition Corp. I Warrant,$2.3463,-0.0537,-2.238%,0.00,United States,2024,233,Finance,Blank Checks
CCIX,Churchill Capital Corp IX Ordinary Shares,$10.56,0.02,0.19%,0.00,United States,2024,10900,,
CCIXW,Churchill Capital Corp IX Warrant,$0.86,0.06,7.50%,0.00,United States,2024,2905,,
CCTG,CCSC Technology International Holdings Limited Class A Ordinary Shares,$1.089,-0.0011,-0.101%,12611981.00,Hong Kong,2024,4540,Consumer Discretionary,Building Products
CDIO,Cardio Diagnostics Holdings Inc. Common stock,$3.88,-0.26,-6.28%,6746195.00,United States,2022,44385,Health Care,Biotechnology: In Vitro & In Vivo Diagnostic Substances
CDROW,Codere Online Luxembourg S.A. Warrants,$1.02,-0.02,-1.923%,46553630.00,Luxembourg,,3081,Consumer Discretionary,Services-Misc. Amusement & Recreation
CDT,Conduit Pharmaceuticals Inc. Common Stock,$1.80,0.02,1.124%,1435376.00,United States,2022,96418,Health Care,Biotechnology: Pharmaceutical Preparations
CDTG,CDT Environmental Technology Investment Holdings Limited ordinary shares,$0.675,-0.0656,-8.858%,8319375.00,China,2024,87264,Industrials,Miscellaneous
CDTTW,Conduit Pharmaceuticals Inc. Warrant,$0.0109,-0.0009,-7.627%,8692.00,United States,2022,1000,Health Care,Biotechnology: Pharmaceutical Preparations
CELUW,Celularity Inc. Warrant,$0.05,-0.01,-16.667%,1197461.00,United States,2019,147,Health Care,Biotechnology: Pharmaceutical Preparations
CELZ,Creative Medical Technology Holdings Inc. Common Stock,$2.87,0.09,3.237%,7420477.00,United States,,57566,Finance,Finance: Consumer Services
CENN,Cenntro Inc. Common Stock,$0.491,-0.0389,-7.341%,15155507.00,New Zealand,,512329,Consumer Discretionary,Auto Manufacturing
CEPO,Cantor Equity Partners I Inc. Class A Ordinary Shares,$10.90,-0.05,-0.457%,0.00,United States,2025,382654,Finance,Blank Checks
CEPT,Cantor Equity Partners II Inc. Class A Ordinary Share,$10.70,-0.05,-0.465%,0.00,United States,2025,135000,Finance,Blank Checks
CERO,CERo Therapeutics Holdings Inc. Common Stock,$7.675,-0.085,-1.095%,3961006.00,United States,2021,27053,Health Care,Biotechnology: Biological Products (No Diagnostic Substances)
CEROW,CERo Therapeutics Holdings Inc. Warrants,$0.0176,-0.0022,-11.111%,9083.00,United States,2021,32800,Health Care,Biotechnology: Biological Products (No Diagnostic Substances)
CETX,Cemtrex Inc. Common Stock,$1.16,-0.14,-10.769%,2070114.00,United States,,3294583,Technology,Electrical Products
CETY,Clean Energy Technologies Inc. Common Stock,$0.285,0.072,33.803%,16716714.00,United States,,4853210,Consumer Discretionary,Metal Fabrications
CGCT,Cartesian Growth Corporation III Class A Ordinary Shares,$10.055,0.00,0.00%,0.00,United States,2025,1034,Finance,Blank Checks
CGCTU,Cartesian Growth Corporation III Unit,$10.30,0.03,0.292%,0.00,United States,2025,100,Finance,Blank Checks
CGO,Calamos Global Total Return Fund Common Stock,$11.48,-0.08,-0.692%,0.00,United States,2005,15885,Finance,Investment Managers
CGTL,Creative Global Technology Holdings Limited Class A Ordinary Shares,$0.9352,0.0047,0.505%,20048350.00,China,2024,509861,Technology,Retail: Computer Software & Peripheral Equipment
CGTX,Cognition Therapeutics Inc. Common Stock,$0.6674,0.0816,13.93%,41374159.00,United States,2021,4071702,Health Care,Biotechnology: Biological Products (No Diagnostic Substances)
CHAC,Crane Harbor Acquisition Corp. Class A Ordinary Shares,$10.10,0.03,0.298%,0.00,United States,2025,16131,,
CHACR,Crane Harbor Acquistion Corp. Rights,$0.2104,0.0004,0.19%,0.00,United States,2025,22000,Finance,Blank Checks
CHAR,Charlton Aria Acquisition Corporation Class A Ordinary Shares,$10.31,0.00,0.00%,0.00,United States,2024,236,,
CHARR,Charlton Aria Acquisition Corporation Rights,$0.1625,0.0125,8.333%,0.00,United States,2024,200,,
CHEK,Check-Cap Ltd. Ordinary Share,$0.6772,-0.0627,-8.474%,3962141.00,Israel,2015,49114,Health Care,Medical Electronics
CHI,Calamos Convertible Opportunities and Income Fund Common Stock,$10.23,-0.06,-0.583%,0.00,United States,2002,250455,Finance,Investment Managers
CHNR,China Natural Resources Inc. Common Stock,$3.40,-0.22,-6.077%,4192951.00,Hong Kong,,35537,Basic Materials,Precious Metals
CHPG,ChampionsGate Acquisition Corporation Class A Ordinary Share,$10.0199,0.00,0.00%,0.00,United States,2025,3899,,
CHPGR,ChampionsGate Acquisition Corporation Rights,$0.15,0.01,7.143%,0.00,United States,2025,687,,
CHPGU,ChampionsGate Acquisition Corporation Unit,$10.13,0.00,0.00%,0.00,United States,2025,125,,
CHR,Cheer Holding Inc. Class A Ordinary Share,$1.84,-0.10,-5.155%,22329445.00,China,2018,16602,Technology,EDP Services
CHSN,Chanson International Holding Class A Ordinary Shares,$0.0694,-0.0056,-7.467%,1894600.00,China,2023,11887816,Consumer Staples,Packaged Foods
CHW,Calamos Global Dynamic Income Fund Common Stock,$7.09,-0.09,-1.253%,0.00,United States,2007,143857,Finance,Investment Managers
CHY,Calamos Convertible and High Income Fund Common Stock,$10.82,-0.14,-1.277%,0.00,United States,2003,196607,Finance,Investment Managers
CIGL,Concorde International Group Ltd Class A Ordinary Shares,$1.98,-0.17,-7.907%,44206244.00,Singapore,2025,68779,Consumer Discretionary,Diversified Commercial Services
CIIT,Tianci International Inc. Common Stock,$1.05,-0.01,-0.943%,17358393.00,Hong Kong,,61778,Energy,Oil & Gas Production
CING,Cingulate Inc. Common Stock,$5.10,-0.08,-1.544%,21653136.00,United States,2021,64133,Health Care,Biotechnology: Pharmaceutical Preparations
CINGW,Cingulate Inc. Warrants,$0.10,-0.015,-13.043%,424571.00,United States,2021,26541,Health Care,Biotechnology: Pharmaceutical Preparations
CISO,CISO Global Inc. Common Stock,$0.9957,-0.0243,-2.382%,31905182.00,United States,,749276,Consumer Discretionary,Professional Services
CISS,C3is Inc. Common Stock,$3.17,-0.03,-0.938%,2475035.00,Greece,,23096,Consumer Discretionary,Marine Transportation
CJMB,Callan JMB Inc. Common Stock,$4.80,0.04,0.84%,21329131.00,United States,2025,4829,Consumer Discretionary,Business Services
CLGN,CollPlant Biotechnologies Ltd Ordinary Shares,$2.2905,-0.1295,-5.351%,26236560.00,Israel,,20491,Health Care,Industrial Specialties
CLIK,Click Holdings Limited Class A Ordinary Share,$0.3418,-0.0229,-6.279%,5092820.00,Hong Kong,2024,1143100,Consumer Discretionary,Diversified Commercial Services
CLIR,ClearSign Technologies Corporation Common Stock (DE),$0.545,-0.032,-5.546%,28570280.00,United States,2012,45097,Industrials,Industrial Machinery/Components
CLNN,Clene Inc. Common Stock,$3.49,-0.05,-1.412%,31349787.00,United States,,362287,Health Care,Biotechnology: Pharmaceutical Preparations
CLNNW,Clene Inc. Warrant,$0.039,-0.0009,-2.256%,350327.00,United States,,1659,Health Care,Biotechnology: Pharmaceutical Preparations
CLPS,CLPS Incorporation Common Stock,$0.9319,0.0284,3.143%,25944719.00,China,2018,1581,Technology,Computer Software: Prepackaged Software
CLRB,Cellectar Biosciences Inc.  Common Stock,$4.72,-0.12,-2.479%,8552829.00,United States,,84512,Health Care,Biotechnology: Pharmaceutical Preparations
CLRO,ClearOne Inc. (DE) Common Stock,$4.56,-0.46,-9.163%,7901869.00,United States,,17944,Utilities,Telecommunications Equipment
CLSD,Clearside Biomedical Inc. Common Stock,$0.3841,-0.0325,-7.801%,29847849.00,United States,2016,824430,Health Care,Biotechnology: Pharmaceutical Preparations
CLWT,Euro Tech Holdings Company Limited Common Stock,$1.215,0.0224,1.878%,9254465.00,Hong Kong,1997,3258,Consumer Discretionary,Professional and commerical equipment
CMBM,Cambium Networks Corporation Ordinary Shares,$0.7845,-0.0854,-9.817%,22157267.00,Cayman Islands,2019,104901,Technology,Radio And Television Broadcasting And Communications Equipment
CMCT,Creative Media & Community Trust Corporation Common stock,$5.85,-0.15,-2.50%,4414451.00,United States,,11611,Real Estate,Real Estate Investment Trusts
CMMB,Chemomab Therapeutics Ltd. American Depositary Share,$1.025,-0.045,-4.206%,19328026.00,Israel,2019,106220,Health Care,Biotechnology: Pharmaceutical Preparations
CMND,Clearmind Medicine Inc. Common Shares,$0.9701,-0.0299,-2.99%,4252176.00,Canada,,40246,Health Care,Biotechnology: Pharmaceutical Preparations
CNET,ZW Data Action Technologies Inc. Common Stock,$1.23,-0.2153,-14.897%,2830482.00,China,,92139,Technology,Computer Software: Programming Data Processing
CNEY,CN Energy Group Inc. Class A Ordinary Shares,$2.11,-0.12,-5.381%,6351100.00,China,2021,27815,Industrials,Major Chemicals
CNFR,Conifer Holdings Inc. Common Stock,$0.82,-0.0528,-6.049%,10022762.00,United States,2015,4156,Finance,Property-Casualty Insurers
CNSP,CNS Pharmaceuticals Inc. Common Stock,$7.70,-0.28,-3.509%,3504755.00,United States,2019,15926,Health Care,Biotechnology: Pharmaceutical Preparations
COCH,Envoy Medical Inc. Class A Common Stock,$1.445,-0.0151,-1.034%,30816964.00,United States,2021,4272,Health Care,Industrial Specialties
COCHW,Envoy Medical Inc Warrant,$0.0456,-0.0049,-9.703%,972494.00,United States,2021,341,Health Care,Industrial Specialties
COCP,Cocrystal Pharma Inc. Common Stock,$1.85,0.12,6.936%,18821512.00,United States,,2030122,Health Care,Biotechnology: Pharmaceutical Preparations
CODX,Co-Diagnostics Inc. Common Stock,$0.2482,-0.0104,-4.022%,8367450.00,United States,2017,1048108,Health Care,Medical/Dental Instruments
COEP,Coeptis Therapeutics Holdings Inc. Common Stock,$10.72,0.12,1.132%,37668343.00,United States,2020,23115,Health Care,Biotechnology: Biological Products (No Diagnostic Substances)
COEPW,Coeptis Therapeutics Holdings Inc. Warrants,$0.0286,-0.0008,-2.721%,100496.00,United States,2020,32239,Health Care,Biotechnology: Biological Products (No Diagnostic Substances)
COLA,Columbus Acquisition Corp Ordinary Shares,$10.18,-0.02,-0.196%,0.00,Singapore,2025,170,,
COLAR,Columbus Acquisition Corp Rights,$0.20,0.00,0.00%,0.00,Singapore,2025,303,,
COOT,Australian Oilseeds Holdings Limited Ordinary Shares,$0.5198,0.0098,1.922%,14501660.00,Australia,,28547,Consumer Staples,Packaged Foods
COOTW,Australian Oilseeds Holdings Limited Warrant,$0.022,0.0019,9.453%,613768.00,Australia,,3938,Consumer Staples,Packaged Foods
COSM,Cosmos Health Inc. Common Stock,$0.8635,-0.0614,-6.639%,24826853.00,United States,,304503,Health Care,Other Pharmaceuticals
CPOP,Pop Culture Group Co. Ltd Class A Ordinary Shares,$1.28,-0.33,-20.497%,19121972.00,China,2021,1614588,Consumer Discretionary,Services-Misc. Amusement & Recreation
CPSH,CPS Technologies Corp. Common Stock,$2.90,0.00,0.00%,42125284.00,United States,,82234,Consumer Discretionary,Building Materials
CRAQ,Cal Redwood Acquisition Corp. Class A Ordinary Shares,$10.025,0.00,0.00%,0.00,United States,2025,19526,Finance,Blank Checks
CRAQR,Cal Redwood Acquisition Corp. Right,$0.2482,0.0482,24.10%,0.00,United States,2025,200,Finance,Blank Checks
CRAQU,Cal Redwood Acquisition Corp. Units,$10.25,0.00,0.00%,0.00,United States,2025,48,Finance,Blank Checks
CREG,Smart Powerr Corp. Common Stock,$1.37,-0.28,-16.97%,3416618.00,China,,207408,Consumer Discretionary,Business Services
CREV,Carbon Revolution Public Limited Ordinary Shares,$3.67,-0.14,-3.675%,6918625.00,Ireland,,55354,Consumer Discretionary,Auto Parts:O.E.M.
CREVW,Carbon Revolution Public Limited Company Warrant,$0.0301,0.0001,0.333%,56744.00,Ireland,,2000,Consumer Discretionary,Auto Parts:O.E.M.
CREX,Creative Realities Inc. Common Stock,$2.60,-0.12,-4.412%,27349223.00,United States,,26698,Technology,EDP Services
CRGOW,Freightos Limited Warrants,$0.235,-0.0049,-2.043%,11760044.00,Israel,,20642,Consumer Discretionary,Oil Refining/Marketing
CRIS,Curis Inc. Common Stock,$1.63,-0.03,-1.807%,17053468.00,United States,,60478,Health Care,Biotechnology: Biological Products (No Diagnostic Substances)
CRWS,Crown Crafts Inc Common Stock,$2.79,0.00,0.00%,29483445.00,United States,,9025,Consumer Discretionary,Textiles
CSAI,Cloudastructure Inc. Class A Common Stock,$1.80,-0.12,-6.25%,30099533.00,United States,,291365,Technology,Computer Software: Programming Data Processing
CSCI,COSCIENS Biopharma Inc. Common Stock,$3.82,-0.08,-2.051%,12020669.00,Canada,,3793,Health Care,Biotechnology: Pharmaceutical Preparations
CTNT,Cheetah Net Supply Chain Service Inc. Class A Common Stock,$1.48,0.03,2.069%,3954576.00,United States,2023,19869,Consumer Discretionary,Motor Vehicles
CTRM,Castor Maritime Inc. Common Shares,$2.165,-0.005,-0.23%,20918996.00,Cyprus,,49691,Consumer Discretionary,Marine Transportation
CTXR,Citius Pharmaceuticals Inc. Common Stock,$1.29,-0.08,-5.839%,13274532.00,United States,,310898,Health Care,Biotechnology: Pharmaceutical Preparations
CUBWU,Lionheart Holdings Unit,$10.65,0.00,0.00%,0.00,United States,2024,1,Finance,Blank Checks
CUBWW,Lionheart Holdings Warrant,$0.339,0.00,0.00%,0.00,United States,2024,44,,
CURIW,CuriosityStream Inc. Warrant,$0.0292,0.0027,10.189%,1682679.00,United States,2020,7038,Consumer Discretionary,Movies/Entertainment
CVKD,Cadrenal Therapeutics Inc. Common Stock,$10.33,-0.09,-0.864%,20315753.00,United States,2023,5251,Health Care,Biotechnology: Pharmaceutical Preparations
CVV,CVD Equipment Corporation Common Stock,$3.67,-0.19,-4.922%,25256345.00,United States,,15655,Technology,Industrial Machinery/Components
CWD,CaliberCos Inc. Class A Common Stock,$2.88,-0.0865,-2.916%,3749913.00,United States,2023,9072,Finance,Real Estate
CXAI,CXApp Inc. Class A Common Stock,$0.9146,-0.0092,-0.996%,19002641.00,United States,2021,505635,Technology,EDP Services
CXAIW,CXApp Inc. Warrant,$0.099,0.0046,4.873%,2056923.00,United States,2021,13453,Technology,EDP Services
CYCC,Cyclacel Pharmaceuticals Inc. Common Stock,$9.72,-1.49,-13.292%,15396140.00,United States,,145085,Health Care,Biotechnology: Pharmaceutical Preparations
CYCCP,Cyclacel Pharmaceuticals Inc. 6% Convertible Preferred Stock,$4.06,0.00,0.00%,6430898.00,United States,,536,Health Care,Biotechnology: Pharmaceutical Preparations
CYCN,Cyclerion Therapeutics Inc. Common Stock,$2.5936,-0.0564,-2.128%,8325700.00,United States,,21239,Health Care,Biotechnology: Pharmaceutical Preparations
CYCU,Cycurion Inc. Common Stock,$0.3501,-0.0103,-2.858%,11008511.00,United States,2025,886548,Technology,EDP Services
CYCUW,Cycurion Inc. Warrant,$0.054,0.0019,3.647%,1697971.00,United States,2025,42072,Technology,EDP Services
CYN,Cyngn Inc. Common Stock,$6.70,-0.61,-8.345%,11737770.00,United States,2021,378478,Technology,EDP Services
DAAQ,Digital Asset Acquisition Corp. Class A Ordinary shares,$10.36,-0.07,-0.671%,0.00,United States,2025,21119,,
DAAQU,Digital Asset Acquisition Corp. Units,$10.75,-0.01,-0.093%,0.00,United States,2025,3159,Finance,Blank Checks
DAICW,CID HoldCo Inc. Warrants,$0.15,0.005,3.448%,1846324.00,United States,,61072,Technology,EDP Services
DAIO,Data I/O Corporation Common Stock,$3.16,-0.08,-2.469%,29197550.00,United States,1981,98939,Industrials,Electrical Products
DARE,Dare Bioscience Inc. Common Stock,$2.42,0.02,0.833%,21417934.00,United States,2014,112027,Health Care,Biotechnology: Pharmaceutical Preparations
DATS,DatChat Inc. Common Stock,$2.23,-0.11,-4.701%,9386804.00,United States,2021,46435,Telecommunications,Telecommunications Equipment
DATSW,DatChat Inc. Series A Warrant,$0.19,0.0141,8.016%,799773.00,United States,2021,200,Telecommunications,Telecommunications Equipment
DAVEW,Dave Inc. Warrants,$1.63,-0.135,-7.649%,21744917.00,United States,,14244,Finance,Finance: Consumer Services
DEVS,DevvStream Corp. Common Stock,$0.31,-0.0199,-6.032%,10373138.00,Canada,2024,8351938,Finance,Finance/Investors Services
DFLI,Dragonfly Energy Holdings Corp. Common Stock (NV),$0.2618,0.0146,5.906%,2451271.00,United States,2021,4396763,Miscellaneous,Industrial Machinery/Components
DFLIW,Dragonfly Energy Holdings Corp. Warrant,$0.0278,0.0075,36.946%,260295.00,United States,2021,20930,Miscellaneous,Industrial Machinery/Components
DFSC,DEFSEC Technologies Inc. Common Stock,$4.09,-0.03,-0.728%,2169189.00,Canada,,32949,Technology,Computer Software: Prepackaged Software
DFSCW,DEFSEC Technologies Inc. Warrant,$0.0279,0.0023,8.984%,14797.00,Canada,,2300,Technology,Computer Software: Prepackaged Software
DGLY,Digital Ally Inc. Common Stock,$1.95,-0.05,-2.50%,3253559.00,United States,,43658,Technology,Radio And Television Broadcasting And Communications Equipment
DHAI,DIH Holdings US Inc. Class A Common Stock,$0.2493,0.0233,10.31%,11800941.00,United States,2024,3992913,Health Care,Medical/Dental Instruments
DHAIW,DIH Holding US Inc. Warrants,$0.02,0.00,0.00%,946726.00,United States,2024,27209,Health Care,Medical/Dental Instruments
DLPN,Dolphin Entertainment Inc. Common Stock,$1.12,-0.01,-0.885%,12508293.00,United States,,57613,Consumer Discretionary,Other Consumer Services
DMAA,Drugs Made In America Acquisition Corp. Ordinary Shares,$10.27,0.00,0.00%,0.00,United States,2025,171,,
DMAAR,Drugs Made In America Acquisition Corp. Rights,$0.1881,-0.0009,-0.476%,0.00,United States,2025,9200,Finance,Blank Checks
DMAAU,Drugs Made In America Acquisition Corp. Units,$10.58,0.00,0.00%,0.00,United States,2025,127,,
DPRO,Draganfly Inc. Common Shares,$5.04,-0.15,-2.89%,27441757.00,Canada,,1837859,Industrials,Aerospace
DRCT,Direct Digital Holdings Inc. Class A Common Stock,$0.5031,-0.0289,-5.432%,9514366.00,United States,2022,109275,Consumer Discretionary,Advertising
DRDB,Roman DBDR Acquisition Corp. II Ordinary shares,$10.275,0.00,0.00%,0.00,United States,2025,102361,,
DRDBU,Roman DBDR Acquisition Corp. II Unit,$10.74,0.00,0.00%,0.00,United States,2024,55,,
DRDBW,Roman DBDR Acquisition Corp. II Warrants,$0.5038,0.0038,0.76%,0.00,United States,2025,500,,
DRIO,DarioHealth Corp. Common Stock,$0.5499,-0.0231,-4.031%,24167788.00,Israel,,116368,Health Care,Medical/Dental Instruments
DRMA,Dermata Therapeutics Inc. Common Stock,$6.45,0.218,3.498%,41138861.00,United States,2021,97113,Health Care,Biotechnology: Pharmaceutical Preparations
DRMAW,Dermata Therapeutics Inc. Warrant,$0.02,0.00,0.00%,127562.00,United States,2021,8595,Health Care,Biotechnology: Pharmaceutical Preparations
DRTSW,Alpha Tau Medical Ltd. Warrant,$0.2237,-0.0063,-2.739%,15744134.00,Israel,,40929,Health Care,Medical/Dental Instruments
DSWL,Deswell Industries Inc. Common Shares,$2.94,-0.075,-2.488%,46849603.00,Macau,1995,8640,Industrials,Plastic Products
DSYWW,Big Tree Cloud Holdings Limited Warrants,$0.02,-0.0011,-5.213%,1141611.00,China,,3459,Consumer Discretionary,Containers/Packaging
DTCK,Davis Commodities Limited Ordinary Shares,$0.864,-0.006,-0.69%,21168540.00,Singapore,2023,89037,Industrials,Farming/Seeds/Milling
DTSQ,DT Cloud Star Acquisition Corporation Ordinary Shares,$10.40,0.00,0.00%,0.00,United States,2024,5,,
DTSQR,DT Cloud Star Acquisition Corporation Right,$0.17,-0.0045,-2.579%,0.00,United States,2024,891,,
DTSS,Datasea Inc. Common Stock,$1.955,-0.0016,-0.082%,14963318.00,China,,12733,Technology,Computer Software: Prepackaged Software
DTST,Data Storage Corporation Common Stock,$4.68,-0.04,-0.847%,33414699.00,United States,,30717,Technology,EDP Services
DTSTW,Data Storage Corporation Warrant,$0.31,0.00,0.00%,2213367.00,United States,,966,Technology,EDP Services
DUO,Fangdd Network Group Ltd. Class A Ordinary Shares,$1.77,-0.045,-2.479%,6911080.00,China,2019,231592,Finance,Real Estate
DVLT,Datavault AI Inc. Common Stock,$0.5096,-0.0257,-4.801%,33645927.00,United States,2018,1624632,Technology,Semiconductors
DWSN,Dawson Geophysical Company Common Stock,$1.44,-0.01,-0.69%,44617193.00,United States,,47367,Energy,Oil & Gas Production
DWTX,Dogwood Therapeutics Inc. Common Stock,$4.85,0.015,0.31%,9268971.00,United States,2020,4220,Health Care,Biotechnology: Pharmaceutical Preparations
DXR,Daxor Corporation Common Stock,$9.45,-0.47,-4.738%,45738000.00,United States,,8709,Health Care,Medical/Dental Instruments
DXST,Decent Holding Inc Class A Ordinary Shares,$1.2525,-0.0225,-1.765%,20353125.00,China,2025,4974,Industrials,Miscellaneous
DYAI,Dyadic International Inc. Common Stock,$1.005,-0.055,-5.189%,30241114.00,United States,,145597,Health Care,Biotechnology: Biological Products (No Diagnostic Substances)
DYCQ,DT Cloud Acquisition Corporation Ordinary Shares,$10.87,-0.43,-3.805%,0.00,United Kingdom,2024,101444,,
DYCQR,DT Cloud Acquisition Corporation Right,$0.24,0.011,4.803%,0.00,United Kingdom,2024,3022,,
DYNX,Dynamix Corporation Class A Ordinary Shares,$10.86,-0.03,-0.275%,0.00,United States,2024,738024,,
DYNXU,Dynamix Corporation Unit,$11.97,0.01,0.084%,0.00,United States,2024,123,,
DYNXW,Dynamix Corporation Warrant,$1.90,0.02,1.064%,0.00,United States,2024,89467,,
EBON,Ebang International Holdings Inc. Class A Ordinary Shares,$3.89,-0.15,-3.713%,25455919.00,China,2020,3725,Technology,Semiconductors
ECDA,ECD Automotive Design Inc. Common Stock,$0.1401,-0.0112,-7.403%,4957531.00,United States,2022,1691899,Consumer Discretionary,Auto Manufacturing
ECDAW,ECD Automotive Design Inc. Warrant ,$0.0141,0.00,0.00%,498938.00,United States,2022,200,Consumer Discretionary,Auto Manufacturing
ECXWW,ECARX Holdings Inc. Warrants,$0.0739,-0.0051,-6.456%,25549449.00,China,,4002,Technology,EDP Services
EDAP,EDAP TMS S.A. American Depositary Shares,$1.3034,-0.0966,-6.90%,48736845.00,France,1997,39767,Health Care,Biotechnology: Electromedical & Electrotherapeutic Apparatus
EDBL,Edible Garden AG Incorporated Common Stock,$2.40,-0.05,-2.041%,3972634.00,United States,2022,42489,Consumer Staples,Farming/Seeds/Milling
EDBLW,Edible Garden AG Incorporated Warrant,$0.11,0.00,0.00%,182079.00,United States,2022,4228,Consumer Staples,Farming/Seeds/Milling
EDHL,Everbright Digital Holding Limited Ordinary Shares,$0.6169,-0.0131,-2.079%,16347850.00,Hong Kong,2025,228088,Consumer Discretionary,Advertising
EDRY,EuroDry Ltd. Common Shares ,$10.7999,0.4344,4.191%,30528045.00,Greece,,1763,Consumer Discretionary,Marine Transportation
EDSA,Edesa Biotech Inc. Common Shares,$2.14,-0.11,-4.889%,6949412.00,United States,,18701,Health Care,Biotechnology: Pharmaceutical Preparations
EDTK,Skillful Craftsman Education Technology Limited Ordinary Share,$0.89,-0.023,-2.519%,14177211.00,China,2020,4237,Real Estate,Other Consumer Services
EDUC,Educational Development Corporation Common Stock,$1.3001,-0.0399,-2.978%,11159020.00,United States,,3182,Consumer Discretionary,Consumer Specialties
EEIQ,EpicQuest Education Group International Limited Common Stock,$0.6249,-0.0181,-2.815%,8310028.00,United States,2021,19453,Real Estate,Other Consumer Services
EFOI,Energy Focus Inc. Common Stock,$2.01,-0.0668,-3.216%,10782380.00,United States,,4474,Consumer Discretionary,Building Products
EGHA,EGH Acquisition Corp. Class A Ordinary Shares,$10.10,0.00,0.00%,0.00,United States,2025,13334,Finance,Finance/Investors Services
EGHAR,EGH Acquisition Corp. Rights,$0.19,-0.01,-5.00%,0.00,United States,2025,18630,Finance,Blank Checks
EGHAU,EGH Acquisition Corp. Unit,$10.23,0.00,0.00%,0.00,United States,2025,5,Finance,Blank Checks
EHGO,Eshallgo Inc. Class A Ordinary Shares,$0.791,0.017,2.196%,16203635.00,China,2024,127989,Consumer Discretionary,Diversified Commercial Services
EHLD,Euroholdings Ltd. Common Stock ,$7.30,-0.40,-5.195%,20561290.00,Greece,,6243,Consumer Discretionary,Marine Transportation
EJH,E-Home Household Service Holdings Limited Ordinary Shares,$1.53,-0.02,-1.29%,5620991.00,China,2021,54729,Consumer Discretionary,Other Consumer Services
EKSO,Ekso Bionics Holdings Inc. Common Stock,$3.49,0.01,0.287%,9115140.00,United States,,34684,Industrials,Industrial Machinery/Components
ELAB,PMGC Holdings Inc. Common Stock,$1.95,-0.14,-6.699%,2682001.00,United States,2023,61458,Health Care,Biotechnology: Pharmaceutical Preparations
ELBM,Electra Battery Materials Corporation Common Stock,$1.105,-0.05,-4.329%,19847096.00,Canada,,89449,Miscellaneous,Industrial Machinery/Components
ELSE,Electro-Sensors Inc. Common Stock,$4.20,-0.07,-1.639%,14485888.00,United States,,9524,Industrials,Industrial Machinery/Components
ELWS,Earlyworks Co. Ltd. American Depositary Shares,$5.46,-0.14,-2.50%,16463975.00,Japan,2023,205563,Technology,EDP Services
EMCG,Embrace Change Acquisition Corp Ordinary Shares,$12.08,0.00,0.00%,0.00,United States,2022,1,Finance,Blank Checks
EMCGR,Embrace Change Acquisition Corp Rights,$0.10,0.00,0.00%,0.00,United States,2022,6,Finance,Blank Checks
EMCGW,Embrace Change Acquisition Corp Warrants,$0.0449,0.0129,40.313%,0.00,United States,2022,4039,Finance,Blank Checks
EMPD,Empery Digital Inc. Common stock,$9.75,-0.43,-4.224%,0.00,United States,2021,103782,,
EMPG,Empro Group Inc. Ordinary shares,$5.56,0.17,3.154%,45175000.00,Malaysia,2025,566980,,
ENGNW,enGene Holdings Inc. Warrants,$0.74,-0.17,-18.681%,37817849.00,Canada,,511,Health Care,Biotechnology: Biological Products (No Diagnostic Substances)
ENGS,Energys Group Limited Ordinary Shares,$3.11,-0.05,-1.582%,44317500.00,United Kingdom,2025,1529299,Industrials,Engineering & Construction
ENLV,Enlivex Therapeutics Ltd. Ordinary Shares,$1.45,-0.04,-2.685%,34582406.00,Israel,2014,250283,Health Care,Biotechnology: Pharmaceutical Preparations
ENSC,Ensysce Biosciences Inc. Common Stock,$2.05,-0.04,-1.914%,4859931.00,United States,,435826,Health Care,Biotechnology: Pharmaceutical Preparations
ENTO,Entero Therapeutics Inc. Common Stock,$0.4204,-0.0196,-4.455%,2003512.00,United States,2016,185999,Health Care,Biotechnology: Pharmaceutical Preparations
ENVB,Enveric Biosciences Inc. Common Stock,$1.15,-0.07,-5.738%,2842404.00,United States,,162856,Health Care,Biotechnology: Pharmaceutical Preparations
EPOW,Sunrise New Energy Co. Ltd Class A Ordinary Shares,$0.8823,-0.0027,-0.305%,23810586.00,China,2021,309,Consumer Discretionary,Business Services
EPWK,EPWK Holdings Ltd. Class A Ordinary Shares,$0.4581,-0.0369,-7.455%,10035799.00,China,2025,332711,,
EQ,Equillium Inc. Common Stock,$0.71,0.319,81.586%,25360715.00,United States,2018,143972929,Health Care,Biotechnology: Pharmaceutical Preparations
ERNA,Ernexa Therapeutics Inc. Common Stock,$1.56,-0.17,-9.827%,11483474.00,United States,,54669,Health Care,Biotechnology: Pharmaceutical Preparations
ESGLW,ESGL Holdings Limited Warrants,$0.0716,0.0001,0.14%,2994043.00,Singapore,,828,Utilities,Environmental Services
ESHA,ESH Acquisition Corp. Class A Common Stock,$11.10,0.00,0.00%,0.00,United States,2023,5,Finance,Blank Checks
ESHAR,ESH Acquisition Corp. Right,$0.102,-0.023,-18.40%,0.00,United States,2023,1000,Finance,Blank Checks
ESLA,Estrella Immunopharma Inc. Common Stock,$0.8549,0.0149,1.774%,30917962.00,United States,2021,10927,Health Care,Biotechnology: Biological Products (No Diagnostic Substances)
ESLAW,Estrella Immunopharma Inc. Warrant,$0.0451,0.00,0.00%,1631068.00,United States,2021,40,Health Care,Biotechnology: Biological Products (No Diagnostic Substances)
EUDAW,EUDA Health Holdings Limited Warrant,$0.14,0.00,0.00%,5201893.00,Singapore,2021,21,Health Care,Medical/Nursing Services
EURK,Eureka Acquisition Corp Class A Ordinary Share,$10.65,0.06,0.567%,0.00,United States,2024,105,,
EURKU,Eureka Acquisition Corp Unit,$10.77,0.02,0.186%,0.00,United States,2024,1000,,
EVAX,Evaxion A/S American Depositary Share,$2.61,-0.07,-2.612%,16486253.00,Denmark,2021,70477,Health Care,Biotechnology: Biological Products (No Diagnostic Substances)
EVGN,Evogene Ltd Ordinary Shares,$1.16,-0.04,-3.333%,7556923.00,Israel,,57201,Industrials,Agricultural Chemicals
EVOK,Evoke Pharma Inc. Common Stock,$4.6901,1.0601,29.204%,7001653.00,United States,2013,350416,Health Care,Biotechnology: Pharmaceutical Preparations
EVTV,Envirotech Vehicles Inc. Common Stock,$0.1847,0.0239,14.863%,4741288.00,United States,,2604228,Consumer Discretionary,Auto Parts:O.E.M.
EZGO,EZGO Technologies Ltd. Ordinary Shares,$0.51,0.1738,51.695%,2894338.00,China,2021,17611366,Consumer Discretionary,Motor Vehicles
FAAS,DigiAsia Corp. Ordinary Shares,$0.3801,-0.0079,-2.036%,23068967.00,United States,2021,725913,Technology,Computer Software: Prepackaged Software
FAASW,DigiAsia Corp. Warrant,$0.0381,-0.0002,-0.522%,2312359.00,United States,2021,216,Technology,Computer Software: Prepackaged Software
FACT,FACT II Acquisition Corp. Class A Ordinary Shares,$10.29,0.00,0.00%,0.00,United States,2024,81900,,
FACTW,FACT II Acquisition Corp. Warrant,$0.2499,0.00,0.00%,0.00,United States,2024,191,Finance,Blank Checks
FAMI,Farmmi Inc. Ordinary Shares,$1.7009,-0.0191,-1.11%,2126975.00,China,2018,25136,Consumer Staples,Packaged Foods
FARM,Farmer Brothers Company Common Stock,$1.65,0.00,0.00%,35566397.00,United States,,151486,Consumer Staples,Packaged Foods
FAT,FAT Brands Inc. Class A Common Stock,$2.21,-0.07,-3.07%,39386182.00,United States,2017,69803,Consumer Discretionary,Restaurants
FATBB,FAT Brands Inc. Class B Common Stock,$2.68,0.045,1.708%,47762429.00,United States,,1354,Consumer Discretionary,Restaurants
FATBP,FAT Brands Inc. 8.25% Series B Cumulative Preferred Stock,$2.80,-0.21,-6.977%,49901046.00,United States,,11069,Consumer Discretionary,Restaurants
FBGL,FBS Global Limited Ordinary Shares,$0.6098,-0.0242,-3.817%,8232300.00,Singapore,2025,82336,Consumer Discretionary,Miscellaneous manufacturing industries
FBLG,FibroBiologics Inc. Common Stock,$0.6486,0.0116,1.821%,24817113.00,United States,,746797,Health Care,Biotechnology: Pharmaceutical Preparations
FCUV,Focus Universal Inc. Common Stock,$2.40,-0.15,-5.882%,17097631.00,United States,,17180,Industrials,Industrial Machinery/Components
FEBO,Fenbo Holdings Limited Ordinary Shares,$0.791,0.001,0.127%,8750438.00,Hong Kong,2023,4479,Consumer Discretionary,Home Furnishings
FEMY,Femasys Inc. Common Stock,$0.8196,-0.0096,-1.158%,22325810.00,United States,2021,136252,Health Care,Medical/Dental Instruments
FERA,Fifth Era Acquisition Corp I Class A Ordinary Shares,$10.175,0.01,0.098%,0.00,Cayman Islands,2025,42406,,
FERAR,Fifth Era Acquisition Corp I Rights,$0.2647,-0.0053,-1.963%,0.00,Cayman Islands,2025,155,,
FFAIW,Faraday Future Intelligent Electric Inc. Warrant,$0.0582,-0.0068,-10.462%,5681644.00,United States,2020,52467,Consumer Discretionary,Auto Manufacturing
FGEN,FibroGen Inc Common Stock,$6.89,-0.03,-0.434%,27847720.00,United States,2014,14398,Health Care,Biotechnology: Pharmaceutical Preparations
FGF,Fundamental Global Inc. Common Stock ,$38.30,17.51,84.223%,48729856.00,United States,2014,1486478,Finance,Property-Casualty Insurers
FGFPP,Fundamental Global Inc. 8.00% Cumulative Preferred Stock,$18.50,-0.15,-0.804%,23537920.00,United States,,1567,Finance,Property-Casualty Insurers
FGI,FGI Industries Ltd. Ordinary Shares,$3.95,-0.55,-12.222%,7577328.00,United States,2022,335103,Industrials,Industrial Specialties
FGIWW,FGI Industries Ltd. Warrant,$0.049,0.0127,34.986%,93997.00,United States,2022,1642,Industrials,Industrial Specialties
FGL,Founder Group Limited Class A Ordinary Shares,$1.22,0.07,6.087%,23686653.00,Malaysia,2024,496420,Consumer Discretionary,Engineering & Construction
FGMCR,FG Merger II Corp. Rights,$0.248,-0.062,-20.00%,0.00,United States,2025,310,,
FGMCU,FG Merger II Corp. Unit,$10.12,-0.10,-0.978%,0.00,United States,2025,500,,
FIEE,FiEE Inc Common Stock,$2.73,0.06,2.247%,10138652.00,United States,,57770,Utilities,Telecommunications Equipment
FIGXU,FIGX Capital Acquisition Corp. Units,$10.05,-0.02,-0.199%,0.00,United States,2025,164968,Finance,Blank Checks
FKWL,Franklin Wireless Corp. Common Stock,$3.89,0.00,0.00%,45840849.00,United States,,3842,Utilities,Telecommunications Equipment
FLDDW,Fold Holdings Inc. Warrant,$0.648,0.00,0.00%,30055841.00,United States,2025,9804,Finance,Finance: Consumer Services
FLGC,Flora Growth Corp. Common Stock,$0.51,-0.0784,-13.324%,11510013.00,Canada,2021,429592,Health Care,Biotechnology: Pharmaceutical Preparations
FLNT,Fluent Inc. Common Stock,$2.10,-0.19,-8.297%,43351686.00,United States,,4906,Consumer Discretionary,Advertising
FLUX,Flux Power Holdings Inc. Common Stock,$1.62,-0.11,-6.358%,27246198.00,United States,,65661,Miscellaneous,Industrial Machinery/Components
FMST,Foremost Clean Energy Ltd. Common Shares,$2.44,-0.15,-5.792%,25340169.00,Canada,,155112,Basic Materials,Other Metals and Minerals
FMSTW,Foremost Clean Energy Ltd. Warrant,$0.3617,0.0008,0.222%,3756368.00,Canada,,9780,Basic Materials,Other Metals and Minerals
FORD,Forward Industries Inc. Common Stock,$12.14,0.03,0.248%,13366978.00,United States,,4846,Industrials,Plastic Products
FORL,Four Leaf Acquisition Corporation Class A Common Stock,$11.53,0.00,0.00%,0.00,United States,2023,5,Finance,Blank Checks
FORLW,Four Leaf Acquisition Corporation Warrants,$0.04,0.00,0.00%,0.00,United States,2023,1593,Finance,Blank Checks
FOXXW,Foxx Development Holdings Inc. Warrant,$0.19,-0.0159,-7.722%,1288313.00,United States,,5450,Telecommunications,Computer Communications Equipment
FPAY,FlexShopper Inc. Common Stock,$1.04,-0.01,-0.952%,22319949.00,United States,,77909,Consumer Discretionary,Diversified Commercial Services
FRGT,Freight Technologies Inc. Ordinary Shares,$1.50,-0.0712,-4.532%,3429404.00,United States,2017,49055,Consumer Discretionary,Professional Services
FRSX,Foresight Autonomous Holdings Ltd. American Depositary Shares,$0.3738,-0.0109,-2.833%,7093801.00,Israel,,157210,Technology,Computer Software: Prepackaged Software
FSHP,Flag Ship Acquisition Corp. Ordinary Shares,$10.49,0.00,0.00%,0.00,United States,2024,5,,
FSHPR,Flag Ship Acquisition Corp. Right,$0.1311,-0.0089,-6.357%,0.00,United States,2024,62845,,
FTEL,Fitell Corporation Class A Ordinary Shares,$0.539,0.019,3.654%,10846505.00,Australia,2023,113981,Consumer Discretionary,Recreational Games/Products/Toys
FTFT,Future FinTech Group Inc. Common Stock,$2.02,-0.08,-3.81%,10104470.00,China,,64451,Consumer Discretionary,Business Services
FTHM,Fathom Holdings Inc. Common Stock,$1.14,0.01,0.885%,31665192.00,United States,2020,107135,Finance,Real Estate
FTRK,FAST TRACK GROUP Ordinary shares,$0.5691,-0.0309,-5.15%,12413494.00,Singapore,2025,257677,Energy,Oil & Gas Production
FVN,Future Vision II Acquisition Corporation Ordinary shares,$10.40,0.00,0.00%,0.00,China,2024,8,,
FVNNR,Future Vision II Acquisition Corporation Right,$0.15,-0.0295,-16.435%,0.00,China,2024,112,Finance,Blank Checks
GAINI,Gladstone Investment Corporation 7.875% Notes due 2030,$25.37,0.07,0.277%,0.00,United States,,5926,Finance,Finance: Consumer Services
GAME,GameSquare Holdings Inc. Common Stock,$0.8108,-0.0475,-5.534%,24617957.00,United States,,5095169,Consumer Discretionary,Services-Misc. Amusement & Recreation
GANX,Gain Therapeutics Inc. Common Stock,$1.44,-0.02,-1.37%,42563002.00,United States,2021,246306,Health Care,Biotechnology: Pharmaceutical Preparations
GBIO,Generation Bio Co. Common Stock,$4.21,-0.23,-5.18%,28333300.00,United States,2020,143807,Health Care,Biotechnology: Pharmaceutical Preparations
GCLWW,GCL Global Holdings Ltd Warrants,$0.1002,-0.0106,-9.567%,12652895.00,Singapore,,20689,Technology,Computer Software: Prepackaged Software
GCTK,GlucoTrack Inc. Common Stock,$6.23,0.08,1.301%,3378878.00,United States,,67056,Health Care,Medical/Dental Instruments
GDEVW,GDEV Inc. Warrant,$0.0159,0.00,0.00%,288268.00,Cyprus,,31,Technology,EDP Services
GDHG,Golden Heaven Group Holdings Ltd. Class A Ordinary Shares,$0.5422,0.0321,6.293%,748748.00,China,2023,498196,Consumer Discretionary,Services-Misc. Amusement & Recreation
GDTC,CytoMed Therapeutics Limited Ordinary Shares,$1.83,-0.05,-2.66%,21118200.00,Singapore,2023,4060,Health Care,Biotechnology: Pharmaceutical Preparations
GECCH,Great Elm Capital Corp. 8.125% Notes Due 2029,$25.45,0.00,0.00%,0.00,United States,,105,,
GECCI,Great Elm Capital Corp. 8.50% NOTES DUE 2029,$25.37,0.09,0.356%,0.00,United States,,207,Finance,Finance Companies
GECCO,Great Elm Capital Corp. 5.875% Notes due 2026,$25.19,0.0377,0.15%,0.00,United States,,400,Finance,Finance Companies
GECCZ,Great Elm Capital Corp. 8.75% Notes due 2028,$25.55,0.07,0.275%,0.00,United States,,694,Finance,Finance Companies
GELS,Gelteq Limited Ordinary Shares,$1.62,-0.11,-6.358%,15289682.00,Australia,2024,66557,Health Care,Biotechnology: Pharmaceutical Preparations
GFAI,Guardforce AI Co. Limited Ordinary Shares,$1.11,-0.05,-4.31%,23336116.00,Singapore,,360222,Consumer Discretionary,Diversified Commercial Services
GFAIW,Guardforce AI Co. Limited Warrant,$0.2873,-0.0017,-0.588%,6040060.00,Singapore,,1458,Consumer Discretionary,Diversified Commercial Services
GGROW,Gogoro Inc. Warrant,$0.0194,0.0004,2.105%,5729854.00,Taiwan,,12634,Consumer Discretionary,Auto Manufacturing
GIBO,GIBO Holdings Limited Class A Ordinary Shares,$0.0555,-0.0047,-7.807%,40620138.00,Hong Kong,,128718477,Technology,Computer Software: Prepackaged Software
GIBOW,GIBO Holdings Limited Warrants,$0.0542,0.0047,9.495%,39668675.00,Hong Kong,,26394,Technology,Computer Software: Prepackaged Software
GIFT,Giftify Inc. Common Stock,$1.06,-0.05,-4.505%,31094396.00,United States,,209424,Consumer Discretionary,Catalog/Specialty Distribution
GIG,GigCapital7 Corp. Class A Ordinary Share,$10.38,0.01,0.096%,0.00,United States,2024,3765,Finance,Blank Checks
GIGGW,GigCapital7 Corp. Warrant,$0.1544,0.0198,14.71%,0.00,United States,2024,17445,Finance,Blank Checks
GIGM,GigaMedia Limited Ordinary Shares,$1.43,-0.07,-4.667%,15804696.00,Taiwan,,1033,Technology,Computer Software: Programming Data Processing
GIPR,Generation Income Properties Inc. Common Stock,$1.425,-0.005,-0.35%,7756543.00,United States,,19797,Real Estate,Real Estate Investment Trusts
GIPRW,Generation Income Properties Inc Warrant,$0.10,0.00,0.00%,544319.00,United States,,12,Real Estate,Real Estate Investment Trusts
GITS,Global Interactive Technologies Inc. Common Stock,$2.37,-0.01,-0.42%,6968753.00,South Korea,2023,33973,Technology,Computer Software: Programming Data Processing
GLBS,Globus Maritime Limited Common Stock,$1.04,0.015,1.463%,21405593.00,Greece,,24457,Consumer Discretionary,Marine Transportation
GLBZ,Glen Burnie Bancorp Common Stock,$4.32,0.1963,4.76%,12530942.00,United States,,6906,Finance,Major Banks
GLE,Global Engine Group Holding Limited Class A Ordinary Shares,$0.98,-0.08,-7.547%,17934000.00,Hong Kong,2024,215523,Technology,EDP Services
GLMD,Galmed Pharmaceuticals Ltd. Ordinary Shares,$1.55,-0.08,-4.908%,3499953.00,Israel,2014,238715,Health Care,Biotechnology: Pharmaceutical Preparations
GLTO,Galecto Inc. Common Stock,$3.205,-0.085,-2.584%,4238161.00,Denmark,2020,4417,Health Care,Biotechnology: Pharmaceutical Preparations
GLXG,Galaxy Payroll Group Limited Class A Ordinary Shares,$0.594,-0.0059,-0.983%,10543500.00,Hong Kong,2024,83807,Consumer Discretionary,Diversified Commercial Services
GMM,Global Mofy AI Limited Class A Ordinary Shares,$2.77,0.16,6.13%,8119518.00,China,2023,59749,Technology,Computer Software: Programming Data Processing
GNLN,Greenlane Holdings Inc. Class A Common Stock,$3.80,-0.18,-4.523%,5267993.00,United States,2019,88835,Consumer Discretionary,Durable Goods
GNPX,Genprex Inc. Common Stock,$0.231,0.00,0.00%,6426682.00,United States,2018,1166241,Health Care,Biotechnology: Pharmaceutical Preparations
GORV,Lazydays Holdings Inc. Common Stock,$4.49,-0.54,-10.736%,16507359.00,United States,,44400,Consumer Discretionary,Retail-Auto Dealers and Gas Stations
GOVX,GeoVax Labs Inc. Common Stock,$0.7247,0.0044,0.611%,18378097.00,United States,,533982,Health Care,Biotechnology: Pharmaceutical Preparations
GOVXW,GeoVax Labs Inc. Warrants,$0.0299,0.0078,35.294%,758252.00,United States,,8020,Health Care,Biotechnology: Pharmaceutical Preparations
GP,GreenPower Motor Company Inc. Common Shares,$0.333,0.021,6.731%,9820557.00,Canada,,469946,Consumer Discretionary,Construction/Ag Equipment/Trucks
GPAT,GP-Act III Acquisition Corp. Class A Ordinary Share,$10.555,-0.045,-0.425%,0.00,United States,2024,220286,,
GPATW,GP-Act III Acquisition Corp. Warrants,$0.3097,0.00,0.00%,0.00,United States,2024,130,,
GRCE,Grace Therapeutics Inc. Common Stock,$2.87,-0.02,-0.692%,38506029.00,Canada,,39454,Health Care,Biotechnology: Pharmaceutical Preparations
GREE,Greenidge Generation Holdings Inc. Class A Common Stock,$1.50,-0.07,-4.459%,23158073.00,United States,,161380,Finance,Finance: Consumer Services
GRI,GRI Bio Inc. Common Stock,$1.32,0.04,3.125%,2826744.00,United States,2021,279992,Health Care,Biotechnology: Pharmaceutical Preparations
GRNQ,Greenpro Capital Corp. Common Stock,$1.68,0.02,1.205%,12727366.00,China,,36954,Technology,EDP Services
GROW,U.S. Global Investors Inc. Class A Common Stock,$2.375,-0.015,-0.628%,31221940.00,United States,,10235,Finance,Investment Managers
GRRRW,Gorilla Technology Group Inc. Warrant,$0.505,0.0025,0.498%,10212232.00,Taiwan,,46427,Technology,Computer Software: Prepackaged Software
GSHR,Gesher Acquisition Corp. II Class A Ordinary Shares,$10.19,0.03,0.295%,0.00,United States,2025,42456,,
GSIW,Garden Stage Limited Ordinary Shares,$0.1137,0.0006,0.531%,1776563.00,Hong Kong,2023,6988736,Finance,Investment Bankers/Brokers/Service
GSRT,GSR III Acquisition Corp. Ordinary Shares,$10.41,-0.04,-0.383%,0.00,United States,2024,1022843,,
GSRTR,GSR III Acquisition Corp. Right,$6.25,-0.44,-6.577%,0.00,United States,2024,97304,,
GSUN,Golden Sun Health Technology Group Limited Class A Ordinary Shares,$2.37,0.05,2.155%,4694837.00,China,2022,29089,Real Estate,Other Consumer Services
GTBP,GT Biopharma Inc. Common Stock,$1.81,-0.05,-2.688%,4681379.00,United States,,38748,Health Care,Biotechnology: Pharmaceutical Preparations
GTEC,Greenland Technologies Holding Corporation Ordinary Shares,$1.56,-0.14,-8.235%,27134993.00,China,2018,286643,Industrials,Industrial Machinery/Components
GTEN,Gores Holdings X Inc. Class A ordinary shares,$10.41,0.01,0.096%,0.00,United States,2025,36834,,
GTENU,Gores Holdings X Inc. Units,$10.63,-0.22,-2.028%,0.00,United States,2025,4104,,
GTENW,Gores Holdings X Inc. Warrants,$1.27,0.02,1.60%,0.00,United States,2025,12120,,
GTERA,Globa Terra Acquisition Corporation Class A Ordinary Shares,$9.96,-0.01,-0.10%,0.00,Mexico,2025,47216,Finance,Blank Checks
GTERR,Globa Terra Acquisition Corporation Rights,$0.13,-0.0198,-13.218%,0.00,Mexico,2025,45501,Finance,Blank Checks
GTERU,Globa Terra Acquisition Corporation Units,$10.17,0.01,0.098%,0.00,Mexico,2025,186847,Finance,Blank Checks
GTERW,Globa Terra Acquisition Corporation Warrants,$0.15,0.00,0.00%,0.00,Mexico,2025,35751,Finance,Blank Checks
GTI,Graphjet Technology Class A Ordinary Shares,$0.1295,-0.013,-9.123%,19170794.00,Malaysia,2022,14138674,Energy,Industrial Machinery/Components
GTIM,Good Times Restaurants Inc. Common Stock,$1.36,-0.07,-4.895%,14402954.00,United States,,40725,Consumer Discretionary,Restaurants
GURE,Gulf Resources Inc. (NV) Common Stock,$0.647,-0.003,-0.462%,8635262.00,China,,32680,Industrials,Major Chemicals
GV,Visionary Holdings Inc. Common Shares,$1.17,-0.02,-1.681%,4415887.00,Canada,2022,105314,Real Estate,Other Consumer Services
GVH,Globavend Holdings Limited Ordinary Shares,$5.14,-0.50,-8.865%,6527800.00,Australia,2023,112132,Consumer Discretionary,Oil Refining/Marketing
GWAV,Greenwave Technology Solutions Inc. Common Stock,$0.1961,-0.0068,-3.351%,11210941.00,United States,,1147474,Industrials,Metal Fabrications
GXAI,Gaxos.ai Inc. Common Stock,$1.135,-0.035,-2.991%,8085119.00,United States,2023,116788,Technology,Computer Software: Prepackaged Software
GYRO,Gyrodyne LLC Common Stock,$9.44,0.87,10.152%,20761468.00,United States,,5291,Real Estate,Building operators
HAO,Haoxi Health Technology Limited Class A Ordinary Shares,$1.25,-0.11,-8.088%,3527994.00,China,2024,11802,Consumer Discretionary,Advertising
HBIO,Harvard Bioscience Inc. Common Stock,$0.4361,-0.0296,-6.356%,19281615.00,United States,2000,439694,Industrials,Biotechnology: Laboratory Analytical Instruments
HCAI,Huachen AI Parking Management Technology Holding Co. Ltd. Class A Ordinary Shares,$0.7311,-0.0559,-7.103%,24663659.00,China,2025,141388,Consumer Discretionary,Miscellaneous manufacturing industries
HCMAU,HCM III Acquisition Corp. Units,$10.09,0.09,0.90%,0.00,United States,,9261574,,
HCWB,HCW Biologics Inc. Common Stock,$4.125,-0.115,-2.712%,5936778.00,United States,2021,19934,Health Care,Biotechnology: Pharmaceutical Preparations
HERZ,Herzfeld Credit Income Fund Inc. Common Stock,$2.35,0.01,0.427%,0.00,United States,,21678,Finance,Investment Managers
HFBL,Home Federal Bancorp Inc. of Louisiana Common Stock,$12.83,0.00,0.00%,40065062.00,United States,2010,199,Finance,Savings Institutions
HHS,Harte Hanks Inc. Common Stock,$3.41,0.00,0.00%,25112706.00,United States,,1792,Consumer Discretionary,Advertising
HIHO,Highway Holdings Limited Common Stock,$1.68,0.015,0.901%,7731066.00,Hong Kong,,1986,Industrials,Metal Fabrications
HKIT,Hitek Global Inc. Class A Ordinary Share,$1.5365,0.0465,3.121%,45018473.00,China,2023,29290,Technology,Computer Software: Prepackaged Software
HKPD,Hong Kong Pharma Digital Technology Holdings Limited Ordinary shares,$1.08,-0.0006,-0.056%,11880000.00,Hong Kong,2025,28559,Health Care,Other Pharmaceuticals
HLP,Hongli Group Inc. Ordinary Shares,$0.622,-0.036,-5.471%,45678903.00,China,2023,10086,Industrials,Industrial Machinery/Components
HLXB,Helix Acquisition Corp. II Class A Ordinary Shares,$10.434,-0.166,-1.566%,0.00,United States,2024,11952,,
HOLO,MicroCloud Hologram Inc. Ordinary Shares,$4.32,-0.25,-5.47%,22151586.00,United States,2021,908899,Technology,Computer Software: Programming Data Processing
HOLOW,MicroCloud Hologram Inc. Warrant,$0.1632,0.0076,4.884%,836838.00,United States,2021,17750,Technology,Computer Software: Programming Data Processing
HOND,HCM II Acquisition Corp. Class A Ordinary Shares,$10.81,-0.135,-1.233%,0.00,United States,2024,311395,,
HONDU,HCM II Acquisition Corp. Unit,$11.71,0.00,0.00%,0.00,United States,2024,5,Finance,Blank Checks
HONDW,HCM II Acquisition Corp. Warrant,$2.06,-0.24,-10.435%,0.00,United States,2024,516,Finance,Blank Checks
HOOK,HOOKIPA Pharma Inc. Common Stock,$0.8853,-0.0077,-0.862%,10791045.00,United States,2019,28051,Health Care,Biotechnology: Pharmaceutical Preparations
HOTH,Hoth Therapeutics Inc. Common Stock,$1.305,-0.025,-1.88%,17237634.00,United States,2019,131753,Health Care,Biotechnology: Pharmaceutical Preparations
HOVR,New Horizon Aircraft Ltd. Class A Ordinary Share,$1.41,-0.10,-6.623%,44253057.00,United States,2023,643540,Industrials,Aerospace
HOVRW,New Horizon Aircraft Ltd. Warrant,$0.2051,-0.0149,-6.773%,6437094.00,United States,2023,72167,Industrials,Aerospace
HPAIW,Helport AI Limited Warrants,$0.1625,-0.0275,-14.474%,6034107.00,Singapore,,10911,Technology,Computer Software: Prepackaged Software
HPKEW,HighPeak Energy Inc. Warrant,$0.09,0.00,0.00%,11346069.00,United States,,200,Energy,Oil & Gas Production
HSCS,HeartSciences Inc. Common Stock,$3.05,-0.07,-2.244%,5899554.00,United States,2022,68791,Health Care,Industrial Specialties
HSCSW,HeartSciences Inc. Warrant,$0.1199,0.0015,1.267%,231920.00,United States,2022,379,Health Care,Industrial Specialties
HSDT,Helius Medical Technologies Inc. Class A Common Stock (DE),$6.10,-0.81,-11.722%,4259398.00,United States,,179141,Health Care,Biotechnology: Electromedical & Electrotherapeutic Apparatus
HSON,Hudson Global Inc. Common Stock,$9.30,0.335,3.737%,25581836.00,United States,,3545,Consumer Discretionary,Professional Services
HSPO,Horizon Space Acquisition I Corp. Ordinary Shares,$12.16,0.00,0.00%,0.00,United States,2023,35,Finance,Blank Checks
HSPOR,Horizon Space Acquisition I Corp. Right,$0.1857,-0.0226,-10.85%,0.00,United States,2023,100,Finance,Blank Checks
HSPOU,Horizon Space Acquisition I Corp. Unit,$12.21,0.00,0.00%,0.00,United States,2022,1,Finance,Blank Checks
HSPT,Horizon Space Acquisition II Corp. Ordinary share,$10.26,-0.03,-0.292%,0.00,United States,2025,115,,
HSPTR,Horizon Space Acquisition II Corp. Right,$0.16,0.00,0.00%,0.00,United States,2025,63,Finance,Blank Checks
HSPTU,Horizon Space Acquisition II Corp. Units,$10.31,-0.06,-0.579%,0.00,United States,2024,1288,,
HTCO,High-Trend International Group Class A Ordinary Shares,$0.3301,0.0079,2.452%,39922197.00,Singapore,,1919007,Consumer Discretionary,Marine Transportation
HTCR,Heartcore Enterprises Inc. Common Stock,$0.4857,-0.0019,-0.39%,10721989.00,Japan,2022,73414,Technology,EDP Services
HTOO,Fusion Fuel Green PLC Class A Ordinary Shares,$5.33,-0.08,-1.479%,4175394.00,Ireland,,163197,Energy,Industrial Machinery/Components
HTOOW,Fusion Fuel Green PLC Warrant,$0.038,0.00,0.00%,29768.00,Ireland,,53252,Energy,Industrial Machinery/Components
HUBC,Hub Cyber Security Ltd. Ordinary Shares,$3.505,-0.475,-11.935%,35215772.00,Israel,,247982,Telecommunications,Computer Communications Equipment
HUBCW,Hub Cyber Security Ltd. Warrant 2/27/28,$0.029,0.001,3.571%,291372.00,Israel,,2005,Telecommunications,Computer Communications Equipment
HUBCZ,Hub Cyber Security Ltd. Warrant 8/22/2025,$0.0061,0.00,0.00%,61289.00,Israel,,200,Telecommunications,Computer Communications Equipment
HUDI,Huadi International Group Co. Ltd. Ordinary Shares,$1.10,-0.0315,-2.784%,15707100.00,China,2021,9519,Industrials,Steel/Iron Ore
HUIZ,Huize Holding Limited American Depositary Shares,$2.16,-0.15,-6.494%,21791324.00,China,2020,6620,Finance,Specialty Insurers
HVIIR,Hennessy Capital Investment Corp. VII Rights,$0.275,0.0001,0.036%,0.00,United States,2025,72208,,
HWH,HWH International Inc. Common Stock,$1.37,-0.01,-0.725%,8872668.00,United States,2022,210226,Health Care,Other Pharmaceuticals
HXHX,Haoxin Holdings Limited Class A Ordinary Shares,$1.24,-0.11,-8.148%,17050000.00,China,2025,118444,Industrials,Trucking Freight/Courier Services
HYFM,Hydrofarm Holdings Group Inc. Common Stock,$4.34,0.00,0.00%,20150433.00,United States,2020,4009,Consumer Discretionary,Consumer Specialties
HYMCL,Hycroft Mining Holding Corporation Warrants,$0.012,0.0033,37.931%,299800.00,United States,,261127,Basic Materials,Precious Metals
HYPD,Hyperion DeFi Inc. Common Stock,$7.08,-1.18,-14.286%,37121311.00,United States,2018,376612,Health Care,Biotechnology: Pharmaceutical Preparations
IBAC,IB Acquisition Corp. Common Stock,$10.48,0.00,0.00%,0.00,United States,2024,5,,
IBACR,IB Acquisition Corp. Right,$0.0566,-0.0034,-5.667%,0.00,United States,2024,400,,
IBG,Innovation Beverage Group Limited Ordinary Shares,$0.6141,-0.0249,-3.897%,5699545.00,Australia,2024,367834,Consumer Staples,Beverages (Production/Distribution)
IBIO,iBio Inc. Common Stock,$0.659,-0.021,-3.088%,10886206.00,United States,,371452,Health Care,Biotechnology: Pharmaceutical Preparations
ICMB,Investcorp Credit Management BDC Inc. Common Stock,$2.83,-0.035,-1.222%,40791713.00,United States,2014,22354,Finance,Finance: Consumer Services
ICON,Icon Energy Corp. Common stock,$2.40,-0.02,-0.826%,5244552.00,Greece,2024,32044,Consumer Discretionary,Marine Transportation
ICU,SeaStar Medical Holding Corporation Common Stock,$0.6552,0.0464,7.622%,6921368.00,United States,2021,4352776,Health Care,Medical/Dental Instruments
ICUCW,SeaStar Medical Holding Corporation Warrant,$0.0301,0.0012,4.152%,317969.00,United States,2021,117793,Health Care,Medical/Dental Instruments
IDAI,T Stamp Inc. Class A Common Stock,$2.60,-0.18,-6.475%,6455309.00,United States,,20457,Technology,Computer Software: Prepackaged Software
IFBD,Infobird Co. Ltd Ordinary Shares,$0.9901,-0.0199,-1.97%,8107507.00,China,2021,12085,Technology,Computer Software: Prepackaged Software
IINN,Inspira Technologies Oxy B.H.N. Ltd. Ordinary Shares,$1.23,-0.04,-3.15%,29830078.00,Israel,2021,254638,Health Care,Medical/Dental Instruments
IINNW,Inspira Technologies Oxy B.H.N. Ltd. Warrant,$0.4501,0.0701,18.447%,10915868.00,Israel,2021,51149,Health Care,Medical/Dental Instruments
ILAG,Intelligent Living Application Group Inc. Ordinary Shares,$0.47,0.0054,1.162%,9761657.00,Hong Kong,2022,642993,Consumer Discretionary,Office Equipment/Supplies/Services
ILLRW,Triller Group Inc. Warrant,$0.0636,-0.0003,-0.469%,9868164.00,United States,2019,141,Finance,Investment Managers
IMCC,IM Cannabis Corp. Common Shares,$2.53,-0.09,-3.435%,7806194.00,Canada,,22985,Health Care, Medicinal Chemicals and Botanical Products 
IMG,CIMG Inc. Common Stock,$0.2326,-0.0154,-6.21%,8466039.00,United States,,3665245,Consumer Discretionary,Other Specialty Stores
IMNN,Imunon Inc. Common Stock,$8.50,0.21,2.533%,18036108.00,United States,,106189,Health Care,Biotechnology: Pharmaceutical Preparations
IMRN,Immuron Limited American Depositary Shares,$1.65,0.03,1.852%,9396682.00,Australia,2017,64369,Health Care,Biotechnology: Pharmaceutical Preparations
IMTE,Integrated Media Technology Limited Ordinary Shares,$1.005,-0.065,-6.075%,3448591.00,Australia,,16042,Consumer Staples,Consumer Electronics/Appliances
INAB,IN8bio Inc. Common Stock,$2.11,-0.02,-0.939%,7267334.00,United States,2021,125640,Health Care,Biotechnology: Biological Products (No Diagnostic Substances)
INAC,Indigo Acquisition Corp. Ordinary Shares,$9.94,-0.005,-0.05%,0.00,United States,2025,6545,,
INACR,Indigo Acquisition Corp. Right,$0.13,-0.01,-7.143%,0.00,United States,2025,346991,,
INACU,Indigo Acquisition Corp. Unit,$10.06,-0.04,-0.396%,0.00,United States,2025,48792,,
INBS,Intelligent Bio Solutions Inc. Common Stock,$1.47,-0.11,-6.962%,10158110.00,United States,2020,217147,Health Care,Medical/Dental Instruments
INDP,Indaptus Therapeutics Inc. Common Stock,$7.30,-0.86,-10.539%,4180411.00,United States,,9424,Health Care,Biotechnology: Pharmaceutical Preparations
INEO,INNEOVA Holdings Limited Ordinary Shares,$0.933,-0.072,-7.164%,9213375.00,Singapore,2024,59164,Consumer Discretionary,Motor Vehicles
INHD,Inno Holdings Inc. Common Stock,$1.20,-0.03,-2.439%,9298178.00,United States,2023,64892,Industrials,Steel/Iron Ore
INLF,INLIF LIMITED Class A Ordinary Shares,$1.09,0.00,0.00%,15805000.00,China,2025,100998,Industrials,Industrial Machinery/Components
INM,InMed Pharmaceuticals Inc. Common Shares,$2.39,-0.04,-1.646%,1594161.00,Canada,,50580,Health Care,Biotechnology: Pharmaceutical Preparations
INTG,Intergroup Corporation (The) Common Stock,$11.06,-0.69,-5.872%,23827719.00,United States,,2355,Real Estate,Building operators
INTJ,Intelligent Group Limited Class A Ordinary Shares ,$1.14,-0.04,-3.39%,32062500.00,Hong Kong,2024,73670,Consumer Discretionary,Professional Services
INTS,Intensity Therapeutics Inc. Common stock,$0.239,-0.038,-13.718%,4397170.00,United States,2023,9413391,Health Care,Biotechnology: Biological Products (No Diagnostic Substances)
INTZ,Intrusion Inc. Common Stock,$1.78,-0.10,-5.319%,35413269.00,United States,,199517,Telecommunications,Computer Communications Equipment
INVZW,Innoviz Technologies Ltd. Warrant,$0.0855,0.0023,2.764%,17011247.00,Israel,,59474,Consumer Discretionary,Auto Parts:O.E.M.
IOTR,iOThree Limited Ordinary Shares,$0.417,-0.0413,-9.012%,10696050.00,Singapore,2025,529697,Consumer Discretionary,Telecommunications Equipment
IPCX,Inflection Point Acquisition Corp. III Class A Ordinary Shares,$10.22,0.03,0.294%,0.00,United States,2025,44683,,
IPCXR,Inflection Point Acquisition Corp. III Rights,$0.38,0.00,0.00%,0.00,United States,2025,675,,
IPCXU,Inflection Point Acquisition Corp. III Units,$10.48,0.00,0.00%,0.00,United States,2025,2371,Finance,Blank Checks
IPDN,Professional Diversity Network Inc. Common Stock,$1.83,-0.10,-5.181%,3812316.00,United States,2013,32912,Technology,Computer Software: Programming Data Processing
IPM,Intelligent Protection Management Corp. Common Stock ,$2.00,0.02,1.01%,18473974.00,United States,,182256,Consumer Discretionary,Business Services
IPOD,Dune Acquisition Corporation II Class A Ordinary Shares,$10.08,0.01,0.099%,0.00,United States,2025,7196,Finance,Blank Checks
IPODU,Dune Acquisition Corporation II Units,$10.20,0.00,0.00%,0.00,United States,2025,34,Finance,Blank Checks
IPODW,Dune Acquisition Corporation II Warrants,$0.1733,-0.0067,-3.722%,0.00,United States,2025,4004,Finance,Blank Checks
IPSC,Century Therapeutics Inc. Common Stock,$0.5319,-0.0157,-2.867%,45827843.00,United States,2021,710680,Health Care,Biotechnology: Biological Products (No Diagnostic Substances)
IPW,iPower Inc. Common Stock,$0.6299,-0.0295,-4.474%,19753600.00,United States,2021,34418,Consumer Discretionary,RETAIL: Building Materials
IPWR,Ideal Power Inc. Common Stock,$4.34,-0.46,-9.583%,36232143.00,United States,2013,145031,Technology,Semiconductors
IQST,iQSTEL Inc. Common Stock,$8.86,-0.25,-2.744%,25684219.00,United States,,70529,Telecommunications,Telecommunications Equipment
IRIX,IRIDEX Corporation Common Stock,$1.28,-0.04,-3.03%,21489955.00,United States,1996,49855,Health Care,Biotechnology: Electromedical & Electrotherapeutic Apparatus
IROH,Iron Horse Acquisitions Corp. Common Stock,$10.64,-0.28,-2.564%,0.00,United States,2024,25887,Consumer Staples,Packaged Foods
IROHR,Iron Horse Acquisitions Corp. Right,$0.4898,-0.0002,-0.041%,0.00,United States,2024,6282,Consumer Staples,Packaged Foods
IROHW,Iron Horse Acquisitions Corp. Warrant,$0.0787,-0.0001,-0.127%,0.00,United States,2024,499,Consumer Staples,Packaged Foods
ISPC,iSpecimen Inc. Common Stock,$1.47,0.23,18.548%,3670381.00,United States,2021,711439,Health Care,Biotechnology: Commercial Physical & Biological Resarch
ISPO,Inspirato Incorporated Class A Common Stock,$2.5214,0.0314,1.261%,31367671.00,United States,2021,24354,Finance,Blank Checks
ISPOW,Inspirato Incorporated Warrant,$0.0125,0.00,0.00%,155507.00,United States,2021,1501,Finance,Blank Checks
ISRL,Israel Acquisitions Corp Class A Ordinary Shares,$12.55,0.15,1.21%,0.00,United States,2023,8195,Finance,Blank Checks
ISRLU,Israel Acquisitions Corp Unit,$13.30,0.00,0.00%,0.00,United States,2023,1,Finance,Blank Checks
ISRLW,Israel Acquisitions Corp Warrant,$0.1563,-0.0147,-8.596%,0.00,United States,2023,5843,Finance,Blank Checks
ITRM,Iterum Therapeutics plc Ordinary Share,$0.732,0.0008,0.109%,29280000.00,Ireland,2018,496436,Health Care,Biotechnology: Pharmaceutical Preparations
IVDA,Iveda Solutions Inc. Common Stock,$1.88,-0.03,-1.571%,5279173.00,United States,,19948,Technology,Computer Software: Prepackaged Software
IVF,INVO Fertility Inc. Common Stock,$1.84,0.02,1.099%,1708020.00,United States,,888071,Health Care,Medical/Dental Instruments
IVP,Inspire Veterinary Partners Inc. Class A Common Stock,$0.7807,0.0026,0.334%,1654733.00,United States,2023,129283,Consumer Staples,Farming/Seeds/Milling
IXHL,Incannex Healthcare Inc. Common Stock,$0.3855,-0.1995,-34.103%,11346729.00,Australia,,191189842,Health Care,Biotechnology: Pharmaceutical Preparations
IZM,ICZOOM Group Inc. Class A Ordinary Shares,$2.54,0.02,0.794%,29799267.00,China,2023,56797,Consumer Discretionary,Consumer Electronics/Video Chains
JAGX,Jaguar Health Inc. Common Stock,$1.98,-0.06,-2.941%,2016329.00,United States,2015,41207,Health Care,Biotechnology: Pharmaceutical Preparations
JBDI,JBDI Holdings Limited Ordinary Shares,$0.9165,-0.0186,-1.989%,18135244.00,Singapore,2024,40342,,
JCSE,JE Cleantech Holdings Limited Ordinary Shares,$1.01,0.00,0.00%,5312863.00,Singapore,2022,5043,Consumer Discretionary,Miscellaneous manufacturing industries
JCTC,Jewett-Cameron Trading Company Common Shares,$3.61,0.11,3.143%,12700410.00,United States,,587,Consumer Discretionary,RETAIL: Building Materials
JDZG,JIADE LIMITED Class A Ordinary Shares,$2.48,-0.065,-2.554%,7605999.00,China,2024,25362,Real Estate,Other Consumer Services
JFB,JFB Construction Holdings Class A Common Stock,$6.99,0.05,0.72%,36697500.00,United States,2025,12953,,
JFBR,Jeffs' Brands Ltd Ordinary Shares,$6.35,-0.53,-7.703%,3513995.00,Israel,2022,65218,Consumer Discretionary,Other Specialty Stores
JFBRW,Jeffs' Brands Ltd Warrant,$0.0371,-0.0128,-25.651%,20531.00,Israel,2022,1050,Consumer Discretionary,Other Specialty Stores
JFU,9F Inc. American Depositary Shares,$1.64,0.02,1.235%,19308266.00,China,2019,4292,Finance,Finance: Consumer Services
JL,J-Long Group Limited Ordinary Shares,$6.07,-0.125,-2.018%,22833525.00,Hong Kong,2024,16091,Consumer Discretionary,Clothing/Shoe/Accessory Stores
JRSH,Jerash Holdings (US) Inc. Common Stock,$3.28,-0.08,-2.381%,41655803.00,United States,2018,10803,Consumer Discretionary,Apparel
JSPR,Jasper Therapeutics Inc. Common Stock,$2.88,-0.02,-0.69%,43263711.00,United States,2020,268314,Health Care,Biotechnology: Biological Products (No Diagnostic Substances)
JSPRW,Japer Therapeutics Inc. Warrants,$0.09,-0.01,-10.00%,1351991.00,United States,2020,5775,Health Care,Biotechnology: Biological Products (No Diagnostic Substances)
JTAI,Jet.AI Inc. Common Stock,$3.28,-0.14,-4.094%,8368120.00,United States,2021,71007,Consumer Discretionary,Transportation Services
JUNS,Jupiter Neurosciences Inc. Common Stock,$1.36,-0.04,-2.857%,45021250.00,United States,2024,91598,Health Care,Biotechnology: Pharmaceutical Preparations
JVA,Coffee Holding Co. Inc. Common Stock,$4.15,0.04,0.973%,23690686.00,United States,2005,109666,Consumer Staples,Packaged Foods
JWEL,Jowell Global Ltd. Ordinary Shares,$2.1731,0.0587,2.776%,4716659.00,China,2021,695,Consumer Discretionary,Other Consumer Services
JXG,JX Luxventure Group Inc. Common Stock,$1.01,0.00,0.00%,4081362.00,China,2013,67901,Consumer Staples,Apparel
JYD,Jayud Global Logistics Limited Class A Ordinary Shares,$0.1847,-0.0064,-3.349%,17331564.00,China,2023,611397,Consumer Discretionary,Oil Refining/Marketing
JZ,Jianzhi Education Technology Group Company Limited American Depositary Shs,$1.54,-0.12,-7.229%,4340490.00,China,2022,40280,Real Estate,Other Consumer Services
JZXN,Jiuzi Holdings Inc. Ordinary Shares,$1.03,-0.18,-14.876%,11341731.00,China,2021,123279,Consumer Discretionary,Retail-Auto Dealers and Gas Stations
KALA,KALA BIO Inc. Common Stock,$7.50,0.73,10.783%,48392985.00,United States,2017,138262,Health Care,Biotechnology: Pharmaceutical Preparations
KAVL,Kaival Brands Innovations Group Inc. Common Stock,$0.4842,0.0011,0.228%,5588783.00,United States,,243247,Consumer Discretionary,Other Consumer Services
KCHV,Kochav Defense Acquisition Corp. Class A Ordinary Shares,$10.03,-0.04,-0.397%,0.00,United States,2025,106537,,
KCHVR,Kochav Defense Acquisition Corp. Right,$0.1836,-0.0364,-16.545%,0.00,United States,2025,32805,Finance,Blank Checks
KCHVU,Kochav Defense Acquisition Corp. Units,$10.21,-0.03,-0.293%,0.00,United States,2025,31176,,
KFFB,Kentucky First Federal Bancorp Common Stock,$3.19,-0.01,-0.313%,25796621.00,United States,2005,815,Finance,Savings Institutions
KFII,K&F Growth Acquisition Corp. II Class A Ordinary shares,$10.19,0.0079,0.078%,0.00,United States,2025,915815,,
KIDZ,Classover Holdings Inc. Class B Common Stock,$1.44,-0.22,-13.253%,34112352.00,United States,,438796,Real Estate,Other Consumer Services
KIDZW,Classover Holdings Inc. Warrants,$0.08,-0.0105,-11.602%,1895131.00,United States,,51151,Real Estate,Other Consumer Services
KITT,Nauticus Robotics Inc. Common stock,$0.9203,-0.0176,-1.877%,34326812.00,United States,2021,983362,Industrials,Industrial Machinery/Components
KITTW,Nauticus Robotics Inc. Warrant,$0.057,-0.0071,-11.076%,2126077.00,United States,2021,22830,Industrials,Industrial Machinery/Components
KLTO,Klotho Neurosciences Inc. Common Stock,$0.9199,-0.0439,-4.555%,29891588.00,United States,2022,855365,Health Care,Biotechnology: Biological Products (No Diagnostic Substances)
KLTOW,Klotho Neurosciences Inc. Warrant,$0.20,-0.0151,-7.02%,6498878.00,United States,2022,21459,Health Care,Biotechnology: Biological Products (No Diagnostic Substances)
KLXE,KLX Energy Services Holdings Inc. Common Stock,$1.65,-0.14,-7.821%,28963993.00,United States,,146136,Energy,Oilfield Services/Equipment
KMRK,K-Tech Solutions Company Limited Class A Ordinary Shares,$1.21,-0.19,-13.571%,26015000.00,Hong Kong,2025,172849,Consumer Discretionary,Recreational Games/Products/Toys
KPLTW,Katapult Holdings Inc. Warrant,$0.0108,0.0031,40.26%,49006.00,United States,2019,17150,Consumer Discretionary,Diversified Commercial Services
KPRX,Kiora Pharmaceuticals Inc.  Common Stock,$2.54,-0.06,-2.308%,7731397.00,United States,,63742,Health Care,Biotechnology: Pharmaceutical Preparations
KPTI,Karyopharm Therapeutics Inc. Common Stock,$3.93,0.12,3.15%,33954823.00,United States,2013,64132,Health Care,Biotechnology: Pharmaceutical Preparations
KSCP,Knightscope Inc. Class A Common Stock,$5.79,-0.16,-2.689%,39958093.00,United States,2022,611689,Telecommunications,Telecommunications Equipment
KTCC,Key Tronic Corporation Common Stock,$2.95,0.01,0.34%,31747519.00,United States,1983,14863,Technology,Electrical Products
KTTA,Pasithea Therapeutics Corp. Common Stock,$0.6982,-0.0269,-3.71%,5197105.00,United States,2021,76724,Health Care,Biotechnology: Pharmaceutical Preparations
KVAC,Keen Vision Acquisition Corporation Ordinary Shares,$11.48,-0.02,-0.174%,0.00,United States,2023,69619,,
KVACW,Keen Vision Acquisition Corporation Warrant,$0.0949,-0.0051,-5.10%,0.00,United States,2023,15802,,
KWMWW,K Wave Media Ltd. Warrant,$0.1551,-0.0349,-18.368%,9796426.00,Cayman Islands,,11254,Consumer Discretionary,Movies/Entertainment
KXIN,Kaixin Holdings Ordinary Shares,$0.7797,-0.0233,-2.902%,8540308.00,China,2017,126891,Consumer Discretionary,Retail-Auto Dealers and Gas Stations
KZIA,Kazia Therapeutics Limited American Depositary Shares,$8.18,-0.20,-2.387%,11121733.00,Australia,,935863,Health Care,Biotechnology: Pharmaceutical Preparations
KZR,Kezar Life Sciences Inc. Common Stock,$4.05,-0.22,-5.152%,29588490.00,United States,2018,67095,Health Care,Biotechnology: Pharmaceutical Preparations
LASE,Laser Photonics Corporation Common Stock,$2.68,-0.10,-3.597%,38260082.00,United States,2022,90034,Miscellaneous,Industrial Machinery/Components
LBGJ,Li Bang International Corporation Inc. Ordinary Shares,$1.40,0.11,8.527%,25928000.00,China,2024,19132,,
LCCC,Lakeshore Acquisition III Corp. Ordinary Shares,$10.045,0.005,0.05%,0.00,United States,2025,6987,Finance,Blank Checks
LCCCR,Lakeshore Acquisition III Corp. Rights,$0.22,0.005,2.326%,0.00,United States,2025,4000,Finance,Blank Checks
LCFY,Locafy Limited Ordinary Share,$4.78,-0.10,-2.049%,6606844.00,Australia,2022,40911,Technology,Computer Software: Programming Data Processing
LCFYW,Locafy Limited Warrant,$10.50,-2.62,-19.97%,14512943.00,Australia,2022,2271,Technology,Computer Software: Programming Data Processing
LDWY,Lendway Inc. Common Stock (DE),$5.00,0.00,0.00%,8847995.00,United States,,17,Consumer Staples,Farming/Seeds/Milling
LEDS,SemiLEDS Corporation Common Stock,$1.66,-0.15,-8.287%,13649189.00,Taiwan,2010,10446,Technology,Semiconductors
LEE,Lee Enterprises Incorporated Common Stock,$4.64,-0.32,-6.452%,28861097.00,United States,,45560,Consumer Discretionary,Newspapers/Magazines
LEXX,Lexaria Bioscience Corp. Common Stock,$0.8503,-0.0497,-5.522%,16631170.00,Canada,,245622,Health Care,Biotechnology: Pharmaceutical Preparations
LEXXW,Lexaria Bioscience Corp. Warrant,$0.1396,0.0196,16.333%,2730461.00,Canada,,1700,Health Care,Biotechnology: Pharmaceutical Preparations
LFWD,Lifeward Ltd. Ordinary Shares,$0.6964,-0.007,-0.995%,7665687.00,Israel,2014,217717,Health Care,Industrial Specialties
LGCB,Linkage Global Inc. Class A Ordinary Shares,$2.54,-0.06,-2.308%,9093200.00,Japan,2023,2433,Consumer Discretionary,Catalog/Specialty Distribution
LGCL,Lucas GC Limited Ordinary Shares,$0.61,-0.01,-1.613%,48474905.00,China,2024,104537,Technology,Computer Software: Programming Data Processing
LGHL,Lion Group Holding Ltd. American Depositary Share,$2.33,-0.12,-4.898%,1255055.00,China,,190008,Finance,Investment Bankers/Brokers/Service
LGVN,Longeveron Inc. Class A Common Stock,$1.635,0.015,0.926%,24540215.00,United States,2021,119480,Health Care,Biotechnology: Pharmaceutical Preparations
LICN,Lichen International Limited Class A Ordinary Shares,$3.77,-0.16,-4.071%,2872080.00,China,2023,13314,Consumer Discretionary,Professional Services
LIDRW,AEye Inc. Warrant,$0.1965,-0.0586,-22.971%,3779222.00,United States,2021,344055,Consumer Discretionary,Auto Parts:O.E.M.
LIMN,Liminatus Pharma Inc. Class A Common Stock,$5.93,-0.34,-5.423%,0.00,United States,,171942,,
LIQT,LiqTech International Inc. Common Stock,$1.9892,-0.1308,-6.17%,19124254.00,Denmark,,11527,Technology,Industrial Machinery/Components
LITM,Snow Lake Resources Ltd. Common Shares,$3.69,0.00,0.00%,28868198.00,Canada,2021,280303,Basic Materials,Other Metals and Minerals
LIVE,Live Ventures Incorporated Common Stock,$15.57,0.25,1.632%,47905807.00,United States,,12228,Consumer Discretionary,Other Specialty Stores
LIXT,Lixte Biotechnology Holdings Inc. Common Stock,$4.87,0.90,22.67%,13071440.00,United States,,292309,Health Care,Biotechnology: Pharmaceutical Preparations
LIXTW,Lixte Biotechnology Holdings Inc. Warrants,$0.2499,0.0199,8.652%,670750.00,United States,,22169,Health Care,Biotechnology: Pharmaceutical Preparations
LMFA,LM Funding America Inc. Common Stock,$1.99,-0.13,-6.132%,10215490.00,United States,2015,170763,Finance,Finance: Consumer Services
LNKS,Linkers Industries Limited Class A Ordinary Shares,$0.5727,-0.0023,-0.40%,7702815.00,Malaysia,2024,51653,Technology,Electrical Products
LNZAW,LanzaTech Global Inc. Warrant,$0.0369,0.0039,11.818%,8559508.00,United States,2021,65125,Industrials,Major Chemicals
LOBO,LOBO EV TECHNOLOGIES LTD. Ordinary shares,$0.7864,0.4268,118.687%,6786632.00,China,2024,425261254,Consumer Discretionary,Motor Vehicles
LOKV,Live Oak Acquisition Corp. V Class A Ordinary Shares,$10.60,-0.02,-0.188%,0.00,United States,2025,71008,,
LOKVU,Live Oak Acquisition Corp. V Units,$11.49,0.89,8.396%,0.00,United States,2025,500,Finance,Blank Checks
LOKVW,Live Oak Acquisition Corp. V Warrants,$0.60,0.00,0.00%,0.00,United States,2025,4600,,
LPAA,Launch One Acquisition Corp. Class A Ordinary shares,$10.43,0.01,0.096%,0.00,United States,2024,151011,,
LPAAW,Launch One Acquisition Corp. Warrant,$0.2303,-0.0001,-0.043%,0.00,United States,2024,130,Finance,Blank Checks
LPBB,Launch Two Acquisition Corp. Class A Ordinary Shares,$10.42,-0.02,-0.192%,0.00,United States,2024,5385,,
LPBBW,Launch Two Acquisition Corp. Warrant,$0.40,0.00,0.00%,0.00,United States,2024,110,,
LPCN,Lipocine Inc. Common Stock,$3.15,-0.08,-2.477%,16853621.00,United States,,21567,Health Care,Biotechnology: Pharmaceutical Preparations
LPTX,Leap Therapeutics Inc. Common Stock,$0.306,-0.004,-1.29%,12680496.00,United States,,213029,Health Care,Biotechnology: Pharmaceutical Preparations
LRE,Lead Real Estate Co. Ltd American Depositary Shares,$1.65,0.04,2.484%,22509135.00,Japan,2023,5235,Consumer Discretionary,Homebuilding
LRHC,La Rosa Holdings Corp. Common Stock,$4.54,-0.27,-5.613%,3309542.00,United States,2023,88997,Finance,Real Estate
LSB,LakeShore Biopharma Co. Ltd Ordinary Shares,$0.73,-0.09,-10.976%,13928949.00,China,,61731,Health Care,Biotechnology: Pharmaceutical Preparations
LSBPW,LakeShore Biopharma Co. Ltd Warrants,$0.027,-0.0034,-11.184%,515180.00,China,,9597,Health Care,Biotechnology: Pharmaceutical Preparations
LSH,Lakeside Holding Limited Common Stock,$0.82,0.00,0.00%,6150000.00,United States,2024,15460,,
LSTA,Lisata Therapeutics Inc. Common Stock,$2.49,0.01,0.403%,21409528.00,United States,,2477,Health Care,Misc Health and Biotechnology Services
LTRYW,Lottery.com Inc. Warrants,$0.017,-0.0017,-9.091%,453901.00,United States,2023,37012,Technology,Computer Software: Prepackaged Software
LUCY,Innovative Eyewear Inc. Common Stock,$1.94,-0.11,-5.366%,6003823.00,United States,2022,156756,Health Care,Ophthalmic Goods
LUCYW,Innovative Eyewear Inc. Series A Warrants 8/16/27,$0.1109,0.0031,2.876%,343208.00,United States,2022,100,Health Care,Ophthalmic Goods
LVLU,Lulu's Fashion Lounge Holdings Inc. Common Stock,$3.72,-0.28,-7.00%,10290208.00,United States,2021,112736,Consumer Discretionary,Catalog/Specialty Distribution
LVROW,Lavoro Limited Warrant,$0.0452,0.0051,12.718%,5270696.00,Brazil,,16354,Consumer Discretionary,Other Specialty Stores
LVTX,LAVA Therapeutics N.V. Ordinary Shares,$1.42,-0.10,-6.579%,37353519.00,Netherlands,2021,38919,Health Care,Biotechnology: Pharmaceutical Preparations
LWACU,LightWave Acquisition Corp. Units,$10.07,-0.10,-0.983%,0.00,United States,2025,2037,Finance,Blank Checks
LYRA,Lyra Therapeutics Inc. Common Stock,$6.58,-0.12,-1.791%,8720770.00,United States,2020,24170,Health Care,Medical/Dental Instruments
MACI,Melar Acquisition Corp. I Class A Ordinary Shares,$10.46,-0.01,-0.096%,0.00,United States,2024,965100,,
MACIU,Melar Acquisition Corp. I Unit,$10.49,0.00,0.00%,0.00,United States,2024,100,,
MACIW,Melar Acquisition Corp. I Warrant,$0.185,-0.013,-6.566%,0.00,United States,2024,16888,,
MAMK,MaxsMaking Inc. Class A Ordinary Shares,$2.66,-0.07,-2.564%,45220000.00,China,2025,46517,Consumer Discretionary,Apparel
MAPSW,WM Technology Inc. Warrants ,$0.018,0.001,5.882%,2778720.00,United States,2019,6472,Technology,Computer Software: Prepackaged Software
MARPS,Marine Petroleum Trust Units of Beneficial Interest,$4.481,-0.029,-0.643%,8962000.00,United States,,24872,Energy,Oil & Gas Production
MASK,3 E Network Technology Group Ltd Class A Ordinary Shares,$1.10,-0.04,-3.509%,12320000.00,China,2025,24465,,
MAYA,Maywood Acquisition Corp. Class A Ordinary Shares,$10.15,-0.03,-0.295%,0.00,United States,2025,59506,,
MAYAR,Maywood Acquisition Corp. Right,$0.23,0.00,0.00%,0.00,United States,2025,156,Finance,Blank Checks
MBAV,M3-Brigade Acquisition V Corp. Class A Ordinary shares,$10.58,-0.02,-0.189%,0.00,United States,2024,117412,,
MBAVU,M3-Brigade Acquisition V Corp. Units,$11.50,0.00,0.00%,0.00,United States,2024,3,Finance,Blank Checks
MBAVW,M3-Brigade Acquisition V Corp. Warrant,$1.615,0.015,0.938%,0.00,United States,2024,28467,Finance,Blank Checks
MBBC,Marathon Bancorp Inc. Common Stock,$10.06,0.00,0.00%,29595786.00,United States,,2637,Finance,Banks
MBIO,Mustang Bio Inc. Common Stock,$1.47,-0.06,-3.922%,6435420.00,United States,,180722,Health Care,Biotechnology: Pharmaceutical Preparations
MBNKO,Medallion Bank Fixed-Rate Reset Non-Cumulative Perpetual Preferred Stock Series G par value $1.00 per share,$25.40,0.00,0.00%,25400000.00,United States,,49,Finance,Commercial Banks
MBRX,Moleculin Biotech Inc. Common Stock,$0.6651,0.0371,5.908%,9396196.00,United States,2016,2129992,Health Care,Biotechnology: Pharmaceutical Preparations
MCTR,CTRL Group Limited Ordinary Shares,$1.86,-0.20,-9.709%,27900000.00,Hong Kong,2025,117612,,
MCVT,Mill City Ventures III Ltd. Common Stock,$4.91,-0.63,-11.372%,29768215.00,United States,,2537846,Finance,Finance Companies
MDAIW,Spectral AI Inc. Warrants,$0.77,-0.03,-3.75%,19825590.00,United States,2021,7655,Health Care,Medical/Dental Instruments
MDBH,MDB Capital Holdings LLC Class A common,$4.275,0.1654,4.025%,42538952.00,United States,2023,1643,Finance,Finance: Consumer Services
MDCX,Medicus Pharma Ltd. Common Stock  ,$2.57,0.11,4.472%,34483132.00,Canada,,169074,,
MDCXW,Medicus Pharma Ltd. Warrant,$0.85,0.00,0.00%,11404927.00,Canada,,8,,
MDRR,Medalist Diversified REIT Inc. Common Stock,$11.30,0.00,0.00%,15282222.00,United States,2018,176,Real Estate,Real Estate Investment Trusts
MEGL,Magic Empire Global Limited Class A Ordinary Shares,$1.3902,0.0202,1.474%,7040042.00,Hong Kong,2022,22414,Finance,Finance: Consumer Services
MEIP,MEI Pharma Inc. Common Stock,$4.87,-0.28,-5.437%,32448114.00,United States,2003,348525,Health Care,Biotechnology: Pharmaceutical Preparations
MESA,Mesa Air Group Inc. Common Stock,$1.08,-0.03,-2.703%,44641188.00,United States,2018,160422,Consumer Discretionary,Air Freight/Delivery Services
METCI,Ramaco Resources Inc. 8.250% Senior Notes due 2030,$24.75,24.75,,0.00,United States,,51398,,
METCZ,Ramaco Resources Inc. 8.375% Senior Notes due 2029,$25.30,0.015,0.059%,0.00,United States,,8721,Energy,Coal Mining
MFI,mF International Limited Class A Ordinary Shares,$24.50,0.38,1.575%,40583246.00,Hong Kong,2024,45218,Technology,EDP Services
MGIH,Millennium Group International Holdings Limited Ordinary Shares,$1.52,-0.0099,-0.647%,17100000.00,Hong Kong,2023,9710,Consumer Discretionary,Publishing
MGRT,Mega Fortune Company Limited Ordinary Shares,$3.26,0.80,32.52%,44825000.00,Hong Kong,2025,901487,Technology,EDP Services
MGRX,Mangoceuticals Inc. Common Stock,$1.71,0.03,1.786%,18868179.00,United States,2023,54069,Health Care,Misc Health and Biotechnology Services
MHUA,Meihua International Medical Technologies Co. Ltd. Ordinary Shares,$0.3691,-0.0101,-2.664%,11775939.00,China,2022,63829,Health Care,Medical/Dental Instruments
MIGI,Mawson Infrastructure Group Inc. Common Stock,$0.4165,0.0104,2.561%,8245414.00,Australia,,261238,Finance,Finance: Consumer Services
MIRA,MIRA Pharmaceuticals Inc. Common Stock,$1.54,-0.11,-6.667%,26056219.00,United States,2023,347588,Health Care,Biotechnology: Pharmaceutical Preparations
MJID,Majestic Ideal Holdings Ltd Ordinary Shares,$1.60,-0.14,-8.046%,0.00,Hong Kong,2025,297621,,
MKDW,MKDWELL Tech Inc. Ordinary Share,$0.2048,-0.0058,-2.754%,29413241.00,Taiwan,,314624,Technology,Consumer Electronics/Appliances
MKDWW,MKDWELL Tech Inc. Warrants,$0.0154,0.0005,3.356%,2211738.00,Taiwan,,12595,Technology,Consumer Electronics/Appliances
MKZR,MacKenzie Realty Capital Inc. Common Stock,$0.5014,-0.0726,-12.648%,7913060.00,United States,,102595,,
MLAC,Mountain Lake Acquisition Corp. Class A Ordinary Shares,$10.29,0.00,0.00%,0.00,United States,2025,2,Consumer Discretionary,Auto Manufacturing
MLEC,Moolec Science SA Ordinary Shares,$3.20,0.00,0.00%,12840589.00,Luxembourg,,35271,Finance,Blank Checks
MLECW,Moolec Science SA Warrant,$0.0187,0.00,0.00%,75037.00,Luxembourg,,22862,Finance,Blank Checks
MNDO,MIND C.T.I. Ltd. Ordinary Shares,$1.41,0.005,0.356%,28716520.00,Israel,,35992,Technology,EDP Services
MNDR,Mobile-health Network Solutions Class A Ordinary Shares,$0.9449,-0.0251,-2.588%,4073902.00,Singapore,2024,63335,Technology,Computer Software: Prepackaged Software
MNTS,Momentus Inc. Class A Common Stock,$1.15,-0.02,-1.709%,6367108.00,United States,2019,158383,Industrials,Military/Government/Technical
MNTSW,Momentus Inc. Warrant,$0.0199,-0.0021,-9.545%,110179.00,United States,2019,19816,Industrials,Military/Government/Technical
MNYWW,MoneyHero Limited Warrants,$0.08,-0.006,-6.977%,3456322.00,Singapore,,4446,Consumer Discretionary,Business Services
MOB,Mobilicom Limited American Depositary Shares,$3.20,-0.30,-8.571%,23986934.00,Israel,2022,199811,Industrials,Aerospace
MOBX,Mobix Labs Inc. Class A Common Stock,$0.8189,-0.0641,-7.259%,43655353.00,United States,2021,219307,Technology,Semiconductors
MOBXW,Mobix Labs Inc Warrants,$0.0885,-0.0155,-14.904%,4717913.00,United States,2021,550,Technology,Semiconductors
MODD,Modular Medical Inc. Common Stock,$0.715,-0.004,-0.556%,38786882.00,United States,,39639,Health Care,Medical/Dental Instruments
MODV,ModivCare Inc. Common Stock,$2.70,-0.19,-6.574%,38755314.00,United States,2003,257606,Consumer Discretionary,Transportation Services
MOGO,Mogo Inc. Common Shares,$1.55,-0.06,-3.727%,37931600.00,Canada,,215730,Finance,Finance: Consumer Services
MOVE,Movano Inc. Common Stock,$0.631,-0.021,-3.221%,4440317.00,United States,2021,17926,Health Care,Biotechnology: Electromedical & Electrotherapeutic Apparatus
MRKR,Marker Therapeutics Inc. Common Stock,$1.35,-0.05,-3.571%,15275027.00,United States,,193402,Health Care,Biotechnology: Pharmaceutical Preparations
MRM,MEDIROM Healthcare Technologies Inc. American Depositary Share,$1.245,0.055,4.622%,9837928.00,Japan,2020,20126,Consumer Discretionary,Other Consumer Services
MRNOW,Murano Global Investments PLC Warrants,$0.1828,-0.0123,-6.304%,14497089.00,Mexico,,3000,Consumer Discretionary,Hotels/Resorts
MRSN,Mersana Therapeutics Inc. Common Stock,$6.60,-0.25,-3.65%,32902676.00,United States,2017,110562,Health Care,Biotechnology: Pharmaceutical Preparations
MSAI,MultiSensor AI Holdings Inc. Common Stock,$0.779,0.075,10.653%,26046839.00,United States,2021,324528,Technology,Electronic Components
MSAIW,MultiSensor AI Holdings Inc. Warrant,$0.0282,-0.0038,-11.875%,942902.00,United States,2021,2100,Technology,Electronic Components
MSGM,Motorsport Games Inc. Class A Common Stock,$2.99,-0.02,-0.664%,17277566.00,United States,2021,36735,Technology,Computer Software: Prepackaged Software
MSPR,MSP Recovery Inc. Class A Common Stock,$0.918,-0.0061,-0.66%,7567685.00,United States,2020,86253,Technology,EDP Services
MSPRW,MSP Recovery Inc. Warrant,$0.0021,0.0001,5.00%,17312.00,United States,,298699,Technology,EDP Services
MSS,Maison Solutions Inc. Class A Common Stock,$0.855,-0.0174,-1.994%,16835357.00,United States,2023,48548,Consumer Staples,Food Chains
MSW,Ming Shing Group Holdings Limited Ordinary Shares,$1.33,0.05,3.906%,16957500.00,Hong Kong,2024,9466360,Consumer Discretionary,Engineering & Construction
MTC,MMTec Inc. Common Shares,$0.89,-0.0113,-1.254%,22416309.00,China,2019,30145,Technology,Computer Software: Prepackaged Software
MTEK,Maris-Tech Ltd. Ordinary Shares,$2.68,-0.195,-6.783%,21395954.00,Israel,2022,48818,Telecommunications,Telecommunications Equipment
MTEKW,Maris-Tech Ltd. Warrants,$0.2906,-0.0241,-7.658%,2320024.00,Israel,2022,11426,Telecommunications,Telecommunications Equipment
MTEX,Mannatech Incorporated Common Stock,$8.20,0.00,0.00%,15587626.00,United States,,8101,Health Care, Medicinal Chemicals and Botanical Products 
MTVA,MetaVia Inc. Common Stock,$0.609,0.0038,0.628%,11914606.00,United States,2016,34591,Health Care,Biotechnology: Pharmaceutical Preparations
MURA,Mural Oncology plc Ordinary Shares ,$2.32,0.07,3.111%,40063804.00,Ireland,,197647,Health Care,Biotechnology: Pharmaceutical Preparations
MWYN,Marwynn Holdings Inc. Common stock,$1.38,0.48,53.333%,23534526.00,United States,2025,97153940,Consumer Discretionary,Food Distributors
MYNZ,Mainz Biomed N.V. Ordinary Shares,$1.33,-0.38,-22.222%,4041674.00,Germany,2021,502426,Health Care,Biotechnology: Pharmaceutical Preparations
MYPSW,PLAYSTUDIOS Inc. Warrant,$0.0149,-0.0051,-25.50%,1863751.00,United States,2020,500,Technology,Computer Software: Prepackaged Software
MYSZ,My Size Inc. Common Stock,$1.20,-0.05,-4.00%,3723691.00,Israel,,52840,Technology,Computer Software: Prepackaged Software
NAAS,NaaS Technology Inc. American Depositary Shares,$2.92,-0.16,-5.195%,6819768.00,China,2017,274367,Consumer Discretionary,Other Specialty Stores
NAII,Natural Alternatives International Inc. Common Stock,$3.61,-0.02,-0.551%,22305822.00,United States,,484,Health Care, Medicinal Chemicals and Botanical Products 
NAKA,Kindly MD Inc. Common Stock,$6.35,-0.87,-12.05%,38240640.00,United States,2024,569049,Health Care,Medical/Nursing Services
NAMMW,Namib Minerals Warrants,$0.172,0.012,7.50%,9232518.00,Cayman Islands,,131861,Basic Materials,Precious Metals
NAOV,NanoVibronix Inc. Common Stock,$0.825,-0.0011,-0.133%,2132489.00,United States,,272461,Health Care,Industrial Specialties
NCEW,New Century Logistics (BVI) Limited Ordinary Shares,$0.6898,-0.0396,-5.429%,14830700.00,Hong Kong,2024,91722,Consumer Discretionary,Oil Refining/Marketing
NCI,Neo-Concept International Group Holdings Limited Class A Ordinary Shares,$1.98,0.02,1.02%,8046720.00,Hong Kong,2024,63689,Consumer Discretionary,Apparel
NCNA,NuCana plc American Depositary Share,$0.0391,-0.0038,-8.858%,333519.00,United Kingdom,2017,122259682,Health Care,Biotechnology: Pharmaceutical Preparations
NCPL,Netcapital Inc. Common Stock,$3.44,0.05,1.475%,7540638.00,United States,,61493,Finance,Finance: Consumer Services
NCPLW,Netcapital Inc. Warrants,$0.04,0.00,0.00%,87682.00,United States,,38,Finance,Finance: Consumer Services
NCRA,Nocera Inc. Common Stock,$1.62,-0.02,-1.22%,23275413.00,Taiwan,,11278,Consumer Staples,Farming/Seeds/Milling
NDLS,Noodles & Company Class A Common Stock,$0.84,-0.0889,-9.57%,38592658.00,United States,2013,73242,Consumer Discretionary,Restaurants
NDRA,ENDRA Life Sciences Inc. Common Stock,$4.84,-0.44,-8.333%,3573711.00,United States,2017,27057,Health Care,Biotechnology: Electromedical & Electrotherapeutic Apparatus
NEHC,New Era Helium Inc Common Stock,$0.4159,-0.0172,-3.971%,6019758.00,United States,,815044,Energy,Oil & Gas Production
NEHCW,New Era Helium Inc Warrants,$0.0926,0.0036,4.045%,1340297.00,United States,,124,Energy,Oil & Gas Production
NEPH,Nephros Inc. Common Stock,$3.42,-0.13,-3.662%,36253197.00,United States,,4665,Health Care,Medical/Dental Instruments
NERV,Minerva Neurosciences Inc Common Stock,$1.9125,0.0425,2.273%,13374889.00,United States,2014,2623,Health Care,Biotechnology: Pharmaceutical Preparations
NETD,Nabors Energy Transition Corp. II Class A Ordinary Shares,$11.25,0.00,0.00%,0.00,United States,2023,30213,,
NETDW,Nabors Energy Transition Corp. II Warrant,$0.347,0.042,13.77%,0.00,United States,2023,302,,
NEUP,Neuphoria Therapeutics Inc. Common Stock,$8.05,-0.06,-0.74%,15133694.00,United States,2021,22525,,
NEWTH,NewtekOne Inc. 8.625% Fixed Rate Senior Notes due 2029,$25.075,-0.005,-0.02%,0.00,United States,,5165,Finance,Major Banks
NEXM,NexMetals Mining Corp. Common Shares,$5.50,0.16,2.996%,0.00,Canada,,161873,,
NHIC,NewHold Investment Corp III Class A Ordinary Shares,$10.19,0.00,0.00%,0.00,United States,2025,1,,
NHICU,NewHold Investment Corp III Units,$10.32,0.00,0.00%,0.00,United States,2025,33,Finance,Blank Checks
NIOBW,NioCorp Developments Ltd. Warrant,$0.75,0.005,0.671%,28417500.00,United States,,59878,Basic Materials,Metal Mining
NISN,NiSun International Enterprise Development Group Co. Ltd. Class A Common Shares,$3.90,-0.2186,-5.308%,18713596.00,China,2016,5194,Industrials,Metal Fabrications
NITO,N2OFF Inc. Common Stock,$0.2245,-0.0135,-5.672%,5928801.00,Israel,,1384176,Industrials,Agricultural Chemicals
NIVF,NewGenIvf Group Limited Class A Ordinary Shares,$0.4002,-0.0348,-8.00%,1730691.00,Singapore,,1065306,Health Care,Misc Health and Biotechnology Services
NIVFW,NewGenIvf Group Limited Warrants,$0.0231,-0.0044,-16.00%,99897.00,Singapore,,3933,Health Care,Misc Health and Biotechnology Services
NIXX,Nixxy Inc. Common Stock,$1.61,-0.095,-5.572%,30855322.00,United States,,151490,Technology,EDP Services
NIXXW,Nixxy Inc. Warrant,$0.0372,-0.0043,-10.361%,712930.00,United States,,5570,Technology,EDP Services
NLSP,NLS Pharmaceutics Ltd. Ordinary Shares,$1.80,-0.04,-2.174%,6475754.00,Switzerland,2021,79193,Health Care,Biotechnology: Pharmaceutical Preparations
NLSPW,NLS Pharmaceutics Ltd. Warrant,$0.014,0.00,0.00%,50367.00,Switzerland,2021,2180,Health Care,Biotechnology: Pharmaceutical Preparations
NMPAU,NMP Acquisition Corp. Units,$10.055,-0.005,-0.05%,0.00,United States,2025,384526,Finance,Blank Checks
NMTC,NeuroOne Medical Technologies Corporation Common Stock,$0.758,-0.0241,-3.081%,37761919.00,United States,,256596,Health Care,Medical/Dental Instruments
NOEM,CO2 Energy Transition Corp. Common Stock,$10.10,0.00,0.00%,0.00,United States,2025,9,,
NOEMR,CO2 Energy Transition Corp. Right,$0.1799,-0.0301,-14.333%,0.00,United States,2025,140,,
NOEMW,CO2 Energy Transition Corp. Warrant,$0.179,0.00,0.00%,0.00,United States,2025,85,,
NPAC,New Providence Acquisition Corp. III Class A Ordinary Shares,$10.155,-0.015,-0.147%,0.00,United States,2025,38330,,
NPACU,New Providence Acquisition Corp. III Units,$10.31,-0.06,-0.579%,0.00,United States,2025,19644,Finance,Blank Checks
NPACW,New Providence Acquisition Corp. III Warrants,$0.45,-0.06,-11.765%,0.00,United States,2025,15702,,
NRSN,NeuroSense Therapeutics Ltd. Ordinary Shares,$1.08,-0.72,-40.00%,25907763.00,Israel,2021,1581564,Health Care,Biotechnology: Pharmaceutical Preparations
NRSNW,NeuroSense Therapeutics Ltd. Warrant,$0.39,-0.16,-29.091%,9355581.00,Israel,2021,18066,Health Care,Biotechnology: Pharmaceutical Preparations
NRXP,NRX Pharmaceuticals Inc. Common Stock,$2.59,-0.10,-3.717%,44779007.00,United States,2017,124647,Health Care,Biotechnology: Pharmaceutical Preparations
NRXPW,NRX Pharmaceuticals Inc. Warrant,$0.098,0.014,16.667%,1694341.00,United States,2017,1962,Health Care,Biotechnology: Pharmaceutical Preparations
NSYS,Nortech Systems Incorporated Common Stock,$8.1952,0.0252,0.308%,22626890.00,United States,,2512,Technology,Industrial Machinery/Components
NTCL,NETCLASS TECHNOLOGY INC Class A Ordinary Shares,$1.87,-0.01,-0.532%,33342100.00,China,2024,150175,Technology,Computer Software: Prepackaged Software
NTRBW,Nutriband Inc. Warrant,$2.03,0.00,0.00%,28303709.00,United States,,20,Health Care,Industrial Specialties
NTRP,NextTrip Inc. Common Stock,$3.74,0.11,3.03%,29346295.00,United States,,5553,Consumer Discretionary,Miscellaneous manufacturing industries
NTWK,NetSol Technologies Inc. Common  Stock,$3.81,-0.26,-6.388%,44613359.00,United States,,50114,Technology,Computer Software: Prepackaged Software
NTWO,Newbury Street II Acquisition Corp Class A Ordinary Shares,$10.33,0.00,0.00%,0.00,United States,2024,4,,
NTWOW,Newbury Street II Acquisition Corp Warrant,$0.1922,-0.0143,-6.925%,0.00,United States,2024,535,,
NUKK,Nukkleus Inc. Common Stock,$5.24,-0.75,-12.521%,28090823.00,United States,2020,354514,Consumer Discretionary,Professional Services
NUKKW,Nukkleus Inc. Warrants,$0.0878,-0.0057,-6.096%,470682.00,United States,2020,91773,Consumer Discretionary,Professional Services
NUWE,Nuwellis Inc. Common Stock,$9.10,-0.50,-5.208%,1184401.00,United States,,177054,Health Care,Biotechnology: Electromedical & Electrotherapeutic Apparatus
NVFY,Nova Lifestyle Inc. Common Stock,$2.35,0.06,2.62%,32215732.00,United States,,81957,Consumer Discretionary,Home Furnishings
NVNIW,Nvni Group Limited Warrants,$0.0611,-0.0162,-20.957%,5637086.00,Cayman Islands,,72530,Technology,Computer Software: Prepackaged Software
NVVE,Nuvve Holding Corp. Common Stock,$0.5275,-0.0523,-9.02%,1949920.00,United States,2020,1277938,Industrials,Electrical Products
NVVEW,Nuvve Holding Corp. Warrant,$0.0279,0.0039,16.25%,103133.00,United States,2020,340,Industrials,Electrical Products
NWGL,Nature Wood Group Limited American Depositary Shares,$1.07,0.00,0.00%,17711887.00,China,2023,60140,Energy,
NWTG,Newton Golf Company Inc. Common Stock,$1.89,0.06,3.279%,8535495.00,United States,2023,76024,Consumer Discretionary,Recreational Games/Products/Toys
NWTNW,NWTN Inc. Warrant,$0.0414,-0.0084,-16.867%,12097067.00,United Arab Emirates,,43267,Consumer Discretionary,Auto Manufacturing
NXGL,NexGel Inc Common Stock,$2.57,0.3202,14.232%,19672160.00,United States,2021,113217,Health Care,Medical/Dental Instruments
NXGLW,NexGel Inc Warrant,$0.335,0.015,4.688%,2564270.00,United States,2021,210,Health Care,Medical/Dental Instruments
NXL,Nexalin Technology Inc. Common Stock,$0.9889,-0.0111,-1.11%,16987254.00,United States,2022,21833,Health Care,Biotechnology: Electromedical & Electrotherapeutic Apparatus
NXLIW,Nexalin Technology Inc. Warrant,$0.0487,0.00,0.00%,836565.00,United States,2022,15317,Health Care,Biotechnology: Electromedical & Electrotherapeutic Apparatus
NXPL,NextPlat Corp Common Stock,$0.6893,0.0071,1.041%,17896331.00,United States,,18858,Telecommunications,Telecommunications Equipment
NXTC,NextCure Inc. Common Stock,$4.89,-0.07,-1.411%,11430453.00,United States,2019,35002,Health Care,Biotechnology: Pharmaceutical Preparations
NYMTG,New York Mortgage Trust Inc. 9.125% Senior Notes Due 2030,$24.37,-0.03,-0.123%,0.00,United States,,28071,Real Estate,Real Estate Investment Trusts
NYMTH,New York Mortgage Trust Inc. 9.875% Senior Notes Due 2030,$24.97,0.02,0.08%,0.00,United States,,23036,,
OABIW,OmniAb Inc. Warrant,$0.29,0.01,3.571%,35477247.00,United States,2021,1253,Health Care,Biotechnology: Commercial Physical & Biological Resarch
OACC,Oaktree Acquisition Corp. III Life Sciences Class A Ordinary Share,$10.47,0.00,0.00%,0.00,United States,2024,1811,Finance,Blank Checks
OACCU,Oaktree Acquisition Corp. III Life Sciences Unit,$10.61,0.00,0.00%,0.00,United States,2024,5,Finance,Blank Checks
OACCW,Oaktree Acquisition Corp. III Life Sciences Warrant,$0.85,0.00,0.00%,0.00,United States,2024,25,Finance,Blank Checks
OAKU,Oak Woods Acquisition Corporation Class A Ordinary Shares,$11.7601,0.00,0.00%,0.00,Canada,2023,1,Finance,Blank Checks
OAKUR,Oak Woods Acquisition Corporation Right,$0.29,0.00,0.00%,0.00,Canada,2023,50,Finance,Blank Checks
OBAWU,Oxley Bridge Acquisition Limited Unit,$10.04,0.00,0.00%,0.00,Hong Kong,2025,1820,,
OBLG,Oblong Inc. Common Stock,$3.465,-0.265,-7.105%,4591021.00,United States,,76151,Technology,Computer Software: Programming Data Processing
OCC,Optical Cable Corporation Common Stock,$4.74,0.26,5.804%,39001881.00,United States,,48123,Industrials,Telecommunications Equipment
OCCIM,OFS Credit Company Inc. 7.875% Series F Term Preferred Stock,$25.1008,0.00,0.00%,0.00,United States,,80,,
OCTO,Eightco Holdings Inc. Common Stock,$1.58,0.13,8.966%,4810696.00,United States,,218323,,
ODVWZ,Osisko Development Corp. Warrant expiring 5/27/2027,$0.1501,0.00,0.00%,20511719.00,Canada,,1,Basic Materials,Precious Metals
OESX,Orion Energy Systems Inc. Common Stock,$0.5898,-0.0071,-1.189%,19643701.00,United States,2015,38121,Consumer Discretionary,Building Products
OFAL,OFA Group Ordinary Shares,$1.49,-0.13,-8.025%,19326955.00,Hong Kong,2025,157939,Consumer Discretionary,Military/Government/Technical
OFSSO,OFS Capital Corporation 7.50% Notes due 2028,$25.10,0.07,0.28%,0.00,United States,,33700,,
OKUR,OnKure Therapeutics Inc. Class A Common Stock,$2.20,-0.01,-0.452%,29722878.00,United States,2021,18324,Health Care,Biotechnology: Pharmaceutical Preparations
OLB,The OLB Group Inc. Common Stock,$1.60,0.08,5.263%,4492478.00,United States,,306299,Consumer Discretionary,Business Services
OMCC,Old Market Capital Corporation Common Stock,$5.60,0.01,0.179%,37520000.00,United States,,511,Finance,Finance Companies
OMEX,Odyssey Marine Exploration Inc. Common Stock,$1.41,0.12,9.302%,44183110.00,United States,,1545063,Consumer Discretionary,Marine Transportation
OMH,Ohmyhome Limited Class A Ordinary Shares,$1.02,-0.10,-8.929%,24062114.00,Singapore,2023,153022,Finance,Real Estate
ONCHU,1RT Acquisition Corp. Units,$10.57,0.10,0.955%,0.00,United States,2025,164371,,
ONCO,Onconetix Inc. Common Stock,$3.45,-0.11,-3.09%,1800427.00,United States,2022,386098,Health Care,Biotechnology: Pharmaceutical Preparations
ONFO,Onfolio Holdings Inc. Common Stock,$1.10,-0.17,-13.386%,5640136.00,United States,2022,26153,Technology,EDP Services
ONFOW,Onfolio Holdings Inc. Warrant,$0.149,0.0039,2.688%,763982.00,United States,2022,11878,Technology,EDP Services
ONMD,OneMedNet Corp Class A Common Stock,$0.482,0.0034,0.71%,14736105.00,United Kingdom,2021,179393,Health Care,Biotechnology: Commercial Physical & Biological Resarch
OP,OceanPal Inc. Common Stock,$0.122,-0.013,-9.63%,915608.00,Greece,,33545967,Consumer Discretionary,Marine Transportation
OPI,Office Properties Income Trust Common Shares of Beneficial Interest,$0.2267,-0.0133,-5.542%,16770402.00,United States,,1078045,Finance,Real Estate
OPTXW,Syntec Optics Holdings Inc. Warrant,$0.10,-0.0103,-9.338%,3668827.00,United States,2022,77839,Technology,Electronic Components
ORGNW,Origin Materials Inc. Warrants,$0.0401,-0.0053,-11.674%,6012785.00,United States,2020,30752,Industrials,Major Chemicals
ORIQU,Origin Investment Corp I Units,$10.04,0.0399,0.399%,0.00,Singapore,2025,250130,,
ORIS,Oriental Rise Holdings Limited Ordinary Shares,$0.1098,-0.0151,-12.09%,2416973.00,China,2024,8852021,Consumer Staples,Farming/Seeds/Milling
ORKT,Orangekloud Technology Inc. Class A Ordinary Shares,$0.71,-0.029,-3.924%,16584890.00,Singapore,2024,177141,Technology,Computer Software: Prepackaged Software
OSRH,OSR Holdings Inc. Common Stock,$0.6423,-0.0459,-6.67%,12381603.00,United States,2023,400311,Health Care,Medical/Dental Instruments
OSRHW,OSR Holdings Inc. Warrant,$0.05,0.00,0.00%,963849.00,United States,2023,39,Health Care,Medical/Dental Instruments
OST,Ostin Technology Group Co. Ltd. Class A Ordinary Shares,$0.078,-0.0069,-8.127%,146766.00,China,2022,4935993,Technology,Industrial Machinery/Components
OTRK,Ontrak Inc. Common Stock,$0.3109,0.0045,1.469%,1311329.00,United States,,22392480,Health Care,Misc Health and Biotechnology Services
OUSTW,Ouster Inc. Warrants,$0.0145,-0.003,-17.143%,780027.00,United States,,21071,Industrials,Industrial Machinery/Components
OUSTZ,Ouster Inc. Warrants,$0.085,-0.0065,-7.104%,4572572.00,United States,,70784,Industrials,Industrial Machinery/Components
OVID,Ovid Therapeutics Inc. Common Stock,$0.50,0.00,0.00%,35554757.00,United States,2017,535709,Health Care,Biotechnology: Pharmaceutical Preparations
OXBR,Oxbridge Re Holdings Limited Ordinary Shares,$1.63,-0.18,-9.945%,12131963.00,Cayman Islands,2014,58705,Finance,Property-Casualty Insurers
OXBRW,Oxbridge Re Holdings Limited Warrant expiring 3/26/2029,$0.2951,-0.027,-8.382%,2196406.00,Cayman Islands,2014,600,Finance,Property-Casualty Insurers
OXLCG,Oxford Lane Capital Corp. 7.95% Notes due 2032,$24.89,-0.12,-0.48%,0.00,United States,,49371,Finance,Investment Managers
OXLCI,Oxford Lane Capital Corp. 8.75% Notes due 2030,$25.72,0.06,0.234%,0.00,United States,,4712,,
OXSQZ,Oxford Square Capital Corp. 6.25% Notes due 2026,$25.0647,0.00,0.00%,0.00,United States,,355,Finance,Blank Checks
OYSE,Oyster Enterprises II Acquisition Corp Class A Ordinary Shares,$9.99,0.01,0.10%,0.00,United States,2025,30599,Finance,Blank Checks
OYSER,Oyster Enterprises II Acquisition Corp Rights,$0.18,0.00,0.00%,0.00,United States,2025,298,,
OYSEU,Oyster Enterprises II Acquisition Corp Units,$10.19,0.00,0.00%,0.00,United States,2025,1166,,
PACHU,Pioneer Acquisition I Corp Units,$10.05,-0.02,-0.199%,0.00,United States,2025,3896,,
PALI,Palisade Bio Inc. Common Stock,$1.01,-0.01,-0.98%,4843602.00,United States,,192191,Health Care,Biotechnology: Biological Products (No Diagnostic Substances)
PASG,Passage Bio Inc. Common Stock,$5.74,-0.68,-10.592%,17910493.00,United States,2020,48931,Health Care,Biotechnology: Biological Products (No Diagnostic Substances)
PAVM,PAVmed Inc. Common Stock,$0.5254,-0.0503,-8.737%,9256515.00,United States,2016,184527,Health Care,Medical/Dental Instruments
PAVS,Paranovus Entertainment Technology Ltd. Class A Ordinary Shares,$0.90,-0.11,-10.891%,6603237.00,China,2019,13431,Health Care, Medicinal Chemicals and Botanical Products 
PBBK,PB Bankshares Inc. Common Stock,$18.145,0.045,0.249%,46311756.00,United States,2021,834,Finance,Banks
PBM,Psyence Biomedical Ltd. Common Shares,$2.36,-2.67,-53.082%,1683228.00,Canada,,2337737,Health Care,Biotechnology: Pharmaceutical Preparations
PBMWW,Psyence Biomedical Ltd. Warrant,$0.0252,-0.0019,-7.011%,17973.00,Canada,,1879,Health Care,Biotechnology: Pharmaceutical Preparations
PC,Premium Catering (Holdings) Limited Ordinary Shares,$7.76,-0.08,-1.02%,25176885.00,Singapore,2024,267556,Consumer Discretionary,Restaurants
PCAP,ProCap Acquisition Corp Class A Ordinary Shares,$10.405,-0.025,-0.24%,0.00,United States,2025,24164,Finance,Blank Checks
PCAPU,ProCap Acquisition Corp Unit,$10.57,-0.11,-1.03%,0.00,United States,2025,42464,,
PCAPW,ProCap Acquisition Corp Warrant,$0.65,0.00,0.00%,0.00,United States,2025,14538,Finance,Blank Checks
PCLA,PicoCELA Inc. American Depositary Shares,$0.4244,-0.0571,-11.859%,10475830.00,Japan,2025,402482,Consumer Discretionary,Building Products
PCSA,Processa Pharmaceuticals Inc. Common Stock,$0.2115,0.0014,0.666%,2513541.00,United States,,3938568,Health Care,Biotechnology: Pharmaceutical Preparations
PCSC,Perceptive Capital Solutions Corp Class A Ordinary Shares,$10.57,0.00,0.00%,0.00,United States,2024,122,,
PDSB,PDS Biotechnology Corporation Common Stock,$1.09,0.02,1.869%,49823900.00,United States,2015,221896,Health Care,Biotechnology: Pharmaceutical Preparations
PDYNW,Palladyne AI Corp Warrants,$0.36,0.0375,11.628%,12856870.00,United States,,38766,Technology,Computer Software: Prepackaged Software
PELI,Pelican Acquisition Corporation Ordinary Shares,$10.00,-0.0075,-0.075%,0.00,United States,2025,1226,Finance,Blank Checks
PELIR,Pelican Acquisition Corporation Right,$0.15,-0.02,-11.765%,0.00,United States,2025,1218,Finance,Blank Checks
PELIU,Pelican Acquisition Corporation Unit,$10.1767,-0.0414,-0.405%,0.00,United States,2025,1608,Finance,Blank Checks
PEPG,PepGen Inc. Common Stock,$1.32,-0.05,-3.65%,43191645.00,United States,2022,64081,Health Care,Biotechnology: Pharmaceutical Preparations
PETZ,TDH Holdings Inc. Common Shares,$1.04,0.00,0.00%,10736199.00,China,2017,2110,Industrials,Steel/Iron Ore
PFAI,Pinnacle Food Group Limited Class A Common Shares,$1.80,0.00,0.00%,21060000.00,Canada,2025,37806,Consumer Staples,Farming/Seeds/Milling
PFSA,Profusa Inc. Common Stock,$0.5867,-0.1133,-16.186%,3288249.00,United States,,1801513,Health Care,Medical/Dental Instruments
PFXNZ,PhenixFIN Corporation  5.25% Notes due 2028,$23.40,0.00,0.00%,47262805.00,United States,,46,Finance,Finance: Consumer Services
PGYWW,Pagaya Technologies Ltd. Warrants,$0.40,-0.01,-2.439%,30283037.00,United States,,50210,Finance,Finance: Consumer Services
PHH,Park Ha Biological Technology Co. Ltd. Ordinary Shares,$0.6588,-0.0627,-8.69%,17375457.00,China,2002,908929,Consumer Discretionary,Package Goods/Cosmetics
PHIO,Phio Pharmaceuticals Corp. Common Stock,$2.33,-0.05,-2.101%,11179699.00,United States,,218845,Health Care,Biotechnology: Pharmaceutical Preparations
PIIIW,P3 Health Partners Inc. Warrant,$0.0106,-0.001,-8.621%,76193.00,United States,2021,67466,Health Care,Medical/Nursing Services
PLMK,Plum Acquisition Corp. IV Class A Ordinary Shares,$10.305,-0.035,-0.338%,0.00,United States,2025,112492,,
PLMKW,Plum Acquisition Corp. IV Warrants,$0.2749,0.0051,1.89%,0.00,United States,2025,26528,,
PLRZ,Polyrizon Ltd. Ordinary Shares,$1.09,-0.16,-12.80%,5807882.00,Israel,2024,849752,,
PLUR,Pluri Inc. Common Stock,$5.16,-0.13,-2.457%,40416221.00,Israel,,1712,Health Care,Biotechnology: Biological Products (No Diagnostic Substances)
PLUT,Plutus Financial Group Limited Ordinary Shares,$2.70,-0.10,-3.571%,38475000.00,Hong Kong,2025,9628,Finance,Investment Bankers/Brokers/Service
PMAX,Powell Max Limited Class A Ordinary Shares,$0.3715,-0.0085,-2.237%,5456692.00,Hong Kong,2024,204770,Consumer Discretionary,Other Consumer Services
PMCB,PharmaCyte  Biotech Inc. Common Stock,$1.00,-0.02,-1.961%,6863699.00,United States,,6227,Health Care,Biotechnology: Biological Products (No Diagnostic Substances)
PMN,ProMIS Neurosciences Inc. Common Shares (ON),$0.7665,-0.0046,-0.597%,25056264.00,Canada,,583101,Health Care,Biotechnology: Pharmaceutical Preparations
PMTR,Perimeter Acquisition Corp. I Class A Ordinary Shares,$10.20,-0.02,-0.196%,0.00,United States,2025,8039,Finance,Blank Checks
PMTRU,Perimeter Acquisition Corp. I Unit,$10.49,0.28,2.742%,0.00,United States,2025,252,Finance,Blank Checks
POAI,Predictive Oncology Inc. Common Stock,$0.762,-0.027,-3.422%,6805895.00,United States,,127764,Health Care,Industrial Specialties
POCI,Precision Optics Corporation Inc. Common stock,$4.71,0.06,1.29%,36108023.00,United States,,20986,Health Care,Biotechnology: Electromedical & Electrotherapeutic Apparatus
PODC,PodcastOne Inc. Common Stock,$1.56,-0.10,-6.024%,41054476.00,United States,,65237,Technology,Computer Software: Programming Data Processing
POLA,Polar Power Inc. Common Stock,$1.96,-0.05,-2.488%,4922603.00,United States,2016,14737,Miscellaneous,Industrial Machinery/Components
POLE,Andretti Acquisition Corp. II Class A Ordinary Shares,$10.425,0.005,0.048%,0.00,United States,2024,26219,,
POLEW,Andretti Acquisition Corp. II Warrant,$0.20,-0.01,-4.762%,0.00,United States,2024,2520,,
PPBT,Purple Biotech Ltd. American Depositary Shares,$2.17,0.01,0.463%,5746594.00,Israel,2015,30848,Health Care,Biotechnology: Pharmaceutical Preparations
PPSI,Pioneer Power Solutions Inc. Common Stock,$2.88,-0.24,-7.692%,32026366.00,United States,,36285,Industrials,Electrical Products
PRENW,Prenetics Global Limited Warrant,$0.0329,0.00,0.00%,428818.00,Hong Kong,,1000,Finance,Blank Checks
PRFX,PainReform Ltd. Ordinary Shares,$1.32,-0.11,-7.692%,2488201.00,Israel,2020,139469,Health Care,Biotechnology: Pharmaceutical Preparations
PRLD,Prelude Therapeutics Incorporated Common Stock,$0.8283,0.0484,6.206%,46766216.00,United States,2020,74562,Health Care,Biotechnology: Pharmaceutical Preparations
PRPH,ProPhase Labs Inc. Common Stock (DE),$0.3261,-0.0336,-9.341%,13546587.00,United States,,785139,Health Care,Biotechnology: Pharmaceutical Preparations
PRPO,Precipio Inc.  Common Stock,$14.46,0.1992,1.397%,21863679.00,United States,,1958,Industrials,Biotechnology: Laboratory Analytical Instruments
PRSO,Peraso Inc. Common Stock,$0.829,-0.011,-1.31%,4216058.00,United States,,86609,Technology,Semiconductors
PRTG,Portage Biotech Inc. Common Stock,$5.42,-0.54,-9.06%,12350131.00,Canada,,20512,Energy,Oil & Gas Production
PRTS,CarParts.com Inc. Common Stock,$0.8401,0.0051,0.611%,49127753.00,United States,2007,380782,Consumer Discretionary,Auto & Home Supply Stores
PRZO,ParaZero Technologies Ltd. Ordinary Shares,$1.58,-0.25,-13.661%,26353817.00,Israel,2023,2123836,Industrials,Military/Government/Technical
PSHG,Performance Shipping Inc. Common Shares,$1.68,-0.02,-1.176%,20886025.00,Greece,,71703,Consumer Discretionary,Marine Transportation
PSIG,PS International Group Ltd. Ordinary Shares,$0.341,0.0021,0.62%,8858135.00,Hong Kong,,201658,Consumer Discretionary,Oil Refining/Marketing
PSTV,PLUS THERAPEUTICS Inc. Common Stock ,$0.585,0.102,21.118%,19139477.00,United States,,12215475,Health Care,Medical/Dental Instruments
PT,Pintec Technology Holdings Limited American Depositary Shares,$0.94,-0.01,-1.053%,14991082.00,China,2018,3111,Technology,Computer Software: Programming Data Processing
PTHL,Pheton Holdings Ltd Class A Ordinary Shares,$0.81,-0.0796,-8.948%,11542500.00,China,2024,2780524,Health Care,Biotechnology: Electromedical & Electrotherapeutic Apparatus
PTIX,Protagenic Therapeutics Inc. Common Stock,$2.72,-0.22,-7.483%,1601979.00,United States,,89525,Health Care,Biotechnology: Pharmaceutical Preparations
PTIXW,Protagenic Therapeutics Inc. Warrant,$0.0331,-0.0091,-21.564%,19495.00,United States,,20396,Health Care,Biotechnology: Pharmaceutical Preparations
PTLE,PTL LTD Class A Ordinary Shares,$0.202,-0.0064,-3.071%,7572475.00,Singapore,2024,852523,Energy,Oil Refining/Marketing
PTNM,Pitanium Limited Class A Ordinary shares,$1.18,0.02,1.724%,26845000.00,Hong Kong,2025,117227,Consumer Discretionary,Package Goods/Cosmetics
PULM,Pulmatrix Inc. Common Stock,$5.333,-0.297,-5.275%,19477636.00,United States,2014,5998,Health Care,Biotechnology: Pharmaceutical Preparations
PWM,Prestige Wealth Inc. Class A Ordinary Shares,$0.3818,-0.0281,-6.855%,12080900.00,Hong Kong,2023,56596,Finance,Finance: Consumer Services
PXS,Pyxis Tankers Inc. Common Stock,$2.804,-0.006,-0.214%,29402365.00,Greece,,24598,Consumer Discretionary,Marine Transportation
PXSAW,Pyxis Tankers Inc. Warrant,$0.0089,-0.001,-10.101%,93324.00,Greece,,11662,Consumer Discretionary,Marine Transportation
PYPD,PolyPid Ltd. Ordinary Shares,$3.41,0.05,1.488%,34750983.00,Israel,2020,22926,Health Care,Biotechnology: Pharmaceutical Preparations
QETA,Quetta Acquisition Corporation Common Stock,$11.12,0.00,0.00%,0.00,United States,2023,5,Finance,Blank Checks
QETAR,Quetta Acquisition Corporation Right,$1.74,0.37,27.007%,0.00,United States,2023,24541,Finance,Blank Checks
QH,Quhuo Limited American Depository Shares,$0.1071,-0.0082,-7.112%,9606336.00,China,2020,11631852,Consumer Discretionary,Business Services
QLGN,Qualigen Therapeutics Inc. Common Stock,$2.17,-0.03,-1.364%,3548981.00,United States,2015,33601,Health Care,Biotechnology: Pharmaceutical Preparations
QMCO,Quantum Corporation Common Stock,$7.53,-0.48,-5.993%,43931518.00,United States,,600718,Technology,Electronic Components
QMMM,QMMM Holdings Limited Class A Ordinary Shares,$2.48,0.03,1.224%,42671728.00,Hong Kong,2024,6038978,Consumer Discretionary,Advertising
QNRX,Quoin Pharmaceuticals Ltd. American Depositary Shares,$6.82,0.12,1.791%,4011292.00,Israel,2016,3184,Health Care,Medical/Dental Instruments
QQQX,Nuveen NASDAQ 100 Dynamic Overwrite Fund Shares of Beneficial Interest,$26.33,-0.28,-1.052%,0.00,United States,,129111,Finance,Finance Companies
QRHC,Quest Resource Holding Corporation Common Stock,$2.02,0.01,0.498%,41685845.00,United States,,35222,Utilities,Environmental Services
QSEA,Quartzsea Acquisition Corporation Ordinary Shares,$10.09,0.00,0.00%,0.00,United States,2025,7,Finance,Blank Checks
QSEAR,Quartzsea Acquisition Corporation Rights,$0.285,0.00,0.00%,0.00,United States,2025,10,Finance,Blank Checks
QSEAU,Quartzsea Acquisition Corporation Units,$10.33,0.00,0.00%,0.00,United States,2025,100,Finance,Blank Checks
QTTB,Q32 Bio Inc. Common Stock,$2.00,-0.22,-9.91%,24395230.00,United States,2018,292225,Health Care,Biotechnology: Pharmaceutical Preparations
QVCGA,QVC Group Inc. Series A Common Stock,$3.41,-0.47,-12.113%,27514369.00,United States,,131382,Consumer Discretionary,Catalog/Specialty Distribution
QVCGP,QVC Group Inc. 8.0% Fixed Rate Cumulative Redeemable Preferred Stock,$5.48,-0.07,-1.261%,44216640.00,United States,,41036,Consumer Discretionary,Catalog/Specialty Distribution
RAAQ,Real Asset Acquisition Corp. Class A Ordinary Share,$10.15,0.00,0.00%,0.00,United States,2025,3724,,
RAAQW,Real Asset Acquisition Corp. Warrants,$0.40,0.00,0.00%,0.00,United States,2025,58700,,
RAIN,Rain Enhancement Technologies Holdco Inc. Class A Common Stock,$3.80,0.00,0.00%,28828749.00,United States,,2913,Technology,Industrial Machinery/Components
RAINW,Rain Enhancement Technologies Holdco Inc. Warrants,$0.102,-0.038,-27.143%,773824.00,United States,,27106,Technology,Industrial Machinery/Components
RANG,Range Capital Acquisition Corp. Ordinary Shares,$10.25,0.00,0.00%,0.00,United States,2025,128,,
RANGR,Range Capital Acquisition Corp. Rights,$0.2006,-0.0413,-17.073%,0.00,United States,2025,2119,,
RANI,Rani Therapeutics Holdings Inc. Class A Common Stock,$0.5284,-0.0075,-1.40%,30405248.00,United States,2021,605871,Health Care,Biotechnology: Pharmaceutical Preparations
RAVE,Rave Restaurant Group Inc. Common Stock,$2.84,-0.17,-5.648%,40360847.00,United States,,29397,Consumer Discretionary,Food Distributors
RAYA,Erayak Power Solution Group Inc. Class A Ordinary Shares,$0.084,0.0246,41.414%,4249412.00,China,2022,574573134,Consumer Discretionary,Metal Fabrications
RBNE,Robin Energy Ltd. Common Stock,$2.50,0.03,1.215%,5966830.00,Cyprus,,300449,Consumer Discretionary,Marine Transportation
RCKTW,Rocket Pharmaceuticals Inc. Warrant,$0.0345,-0.0047,-11.99%,3716958.00,United States,,57054,Health Care,Biotechnology: Pharmaceutical Preparations
RCON,Recon Technology Ltd. Class A Ordinary Shares,$2.81,-1.69,-37.556%,42397165.00,China,2009,1158656,Energy,Oilfield Services/Equipment
RDAC,Rising Dragon Acquisition Corp. Ordinary Shares,$10.35,0.00,0.00%,0.00,China,2024,5,,
RDACR,Rising Dragon Acquisition Corp. Rights,$0.18,0.00,0.00%,0.00,China,2024,10,Finance,Blank Checks
RDAG,Republic Digital Acquisition Company Class A Ordinary Shares,$10.37,0.02,0.193%,0.00,United States,2025,11520,Finance,Blank Checks
RDAGU,Republic Digital Acquisition Company Unit,$10.72,-0.07,-0.649%,0.00,United States,2025,1256,Finance,Blank Checks
RDAGW,Republic Digital Acquisition Company Warrants,$0.80,0.00,0.00%,0.00,United States,2025,24,Finance,Blank Checks
RDGT,Ridgetech Inc. Ordinary Shares,$1.12,-0.01,-0.885%,6557610.00,China,,29242,Consumer Staples,Retail-Drug Stores and Proprietary Stores
RDHL,Redhill Biopharma Ltd. American Depositary Shares,$1.20,-0.11,-8.397%,2749865.00,Israel,,166876,Health Care,Biotechnology: Pharmaceutical Preparations
RDI,Reading International Inc Class A Common Stock,$1.33,0.00,0.00%,29893656.00,United States,,695,Consumer Discretionary,Movies/Entertainment
RDZNW,Roadzen Inc. Warrants,$0.0649,0.0099,18.00%,4821485.00,United States,2022,56988,Finance,Specialty Insurers
REBN,Reborn Coffee Inc. Common Stock,$2.634,-0.116,-4.218%,13968908.00,United States,2022,49934,Consumer Discretionary,Restaurants
REE,REE Automotive Ltd. Class A Ordinary Shares,$0.657,0.002,0.305%,20380752.00,Israel,,88071,Consumer Discretionary,Auto Manufacturing
RELI,Reliance Global Group Inc. Common Stock,$1.05,-0.02,-1.869%,4563357.00,United States,,153361,Finance,Specialty Insurers
RELIW,Reliance Global Group Inc. Series A Warrants,$0.036,0.0004,1.124%,156458.00,United States,,14465,Finance,Specialty Insurers
RENB,Renovaro Inc. Common Stock,$0.2585,0.003,1.174%,44492650.00,United States,,571136,Health Care,Biotechnology: Pharmaceutical Preparations
RENT,Rent the Runway Inc. Class A Common Stock,$4.58,-0.29,-5.955%,18420247.00,United States,2021,72951,Consumer Discretionary,Other Specialty Stores
RETO,ReTo Eco-Solutions Inc. Class A Shares,$2.1604,-0.055,-2.483%,16557044.00,China,2017,12298,Industrials,Industrial Machinery/Components
REVB,Revelation Biosciences Inc. Common Stock,$2.44,-0.05,-2.008%,1650902.00,United States,2020,85914,Health Care,Biotechnology: Pharmaceutical Preparations
REVBW,Revelation Biosciences Inc. Warrant,$0.0172,-0.0003,-1.714%,11638.00,United States,2020,5871,Health Care,Biotechnology: Pharmaceutical Preparations
RFAI,RF Acquisition Corp II Ordinary Shares,$10.57,0.01,0.095%,0.00,Singapore,2024,203,,
RFAIR,RF Acquisition Corp II Right,$0.0747,-0.0153,-17.00%,0.00,Singapore,2024,37155,Technology,Computer Software: Prepackaged Software
RGS,Regis Corporation Common Stock,$18.925,0.225,1.203%,46100940.00,United States,1991,10263,Consumer Discretionary,Other Consumer Services
RIBBR,Ribbon Acquisition Corp Rights,$0.2002,-0.0697,-25.824%,0.00,Japan,2025,2722,,
RIME,Algorhythm Holdings Inc. Common Stock,$2.24,-0.07,-3.03%,5632639.00,United States,,45041,Consumer Staples,Diversified Electronic Products
RKDA,Arcadia Biosciences Inc. Common Stock,$4.21,-0.09,-2.093%,5755238.00,United States,2015,4084,Consumer Staples,Farming/Seeds/Milling
RLMD,Relmada Therapeutics Inc. Common Stock,$0.5904,-0.032,-5.141%,19596334.00,United States,,328058,Health Care,Biotechnology: Pharmaceutical Preparations
RLYB,Rallybio Corporation Common Stock,$0.535,0.07,15.054%,22263471.00,United States,2021,913982,Health Care,Biotechnology: Pharmaceutical Preparations
RMCF,Rocky Mountain Chocolate Factory Inc. Common Stock,$1.66,0.00,0.00%,12937914.00,United States,,6883,Consumer Staples,Specialty Foods
RMCO,Royalty Management Holding Corporation Class A Common Stock,$1.35,0.03,2.273%,20166473.00,United States,2023,22257,Miscellaneous,Multi-Sector Companies
RMSG,Real Messenger Corporation Ordinary Shares,$1.55,-0.23,-12.921%,14448012.00,United States,,70470,Technology,Computer Software: Programming Data Processing
RMSGW,Real Messenger Corporation Warrants,$0.0527,0.0027,5.40%,491232.00,United States,,2481,Technology,Computer Software: Programming Data Processing
RMTI,Rockwell Medical Inc. Common Stock,$0.9559,0.0261,2.807%,32667583.00,United States,1998,111957,Health Care,Biotechnology: Pharmaceutical Preparations
RNAZ,TransCode Therapeutics Inc. Common Stock,$11.50,0.40,3.604%,9586630.00,United States,2021,36630,Health Care,Biotechnology: Pharmaceutical Preparations
RNTX,Rein Therapeutics Inc. Common Stock,$1.11,-0.055,-4.721%,24590647.00,United States,2017,24881,Health Care,Biotechnology: Pharmaceutical Preparations
RNWWW,ReNew Energy Global plc Warrant,$0.1151,-0.0049,-4.083%,41754728.00,United Kingdom,,1928,Utilities,Electric Utilities: Central
RNXT,RenovoRx Inc. Common Stock,$1.21,-0.03,-2.419%,44252401.00,United States,2021,65992,Health Care,Biotechnology: Pharmaceutical Preparations
RSLS,ReShape Lifesciences Inc. Common Stock,$2.49,0.05,2.049%,1838310.00,United States,2016,68573,Health Care,Medical/Dental Instruments
RTAC,Renatus Tactical Acquisition Corp I Class A Ordinary Shares,$11.53,-0.07,-0.603%,0.00,United States,2025,317263,Finance,Blank Checks
RTACU,Renatus Tactical Acquisition Corp I Unit,$12.33,-0.12,-0.964%,0.00,United States,2025,10625,Finance,Blank Checks
RTACW,Renatus Tactical Acquisition Corp I Warrant,$1.70,-0.03,-1.734%,0.00,United States,2025,57323,Finance,Blank Checks
RVMDW,Revolution Medicines Inc. Warrant,$0.24,0.0273,12.835%,44704211.00,United States,,24919,,
RVPH,Reviva Pharmaceuticals Holdings Inc. Common Stock ,$0.4356,-0.0323,-6.903%,20359922.00,United States,2020,1752810,Health Care,Biotechnology: Pharmaceutical Preparations
RVPHW,Reviva Pharmaceuticals Holdings Inc. Warrants,$0.0305,0.00,0.00%,1425568.00,United States,2018,13755,Health Care,Biotechnology: Pharmaceutical Preparations
RVSN,Rail Vision Ltd. Ordinary Share,$0.4124,0.0436,11.822%,21439929.00,Israel,2022,2069070,Industrials,Railroads
RVSNW,Rail Vision Ltd. Warrant,$0.0691,0.0001,0.145%,3592384.00,Israel,2022,9605,Industrials,Railroads
RVYL,Ryvyl Inc. Common Stock,$0.2634,0.0004,0.152%,2202812.00,United States,,819005,Consumer Discretionary,Professional Services
SABS,SAB Biotherapeutics Inc. Common Stock,$2.23,0.35,18.617%,20720484.00,United States,2021,258912,Health Care,Biotechnology: Biological Products (No Diagnostic Substances)
SABSW,SAB Biotherapeutics Inc. Warrant,$0.0281,-0.0029,-9.355%,261097.00,United States,2021,12661,Health Care,Biotechnology: Biological Products (No Diagnostic Substances)
SAGT,SAGTEC GLOBAL LIMITED Ordinary shares,$1.917,-0.073,-3.668%,24058350.00,Malaysia,2025,44551,Technology,Computer Software: Prepackaged Software
SAIH,SAIHEAT Limited Class A Ordinary Shares,$7.50,-0.29,-3.723%,13147125.00,Singapore,2021,24455,Technology,EDP Services
SAIHW,SAIHEAT Limited Warrant,$0.15,-0.0006,-0.398%,262943.00,Singapore,2021,130,Technology,EDP Services
SANW,S&W Seed Company Common Stock (NV),$0.9463,-0.6337,-40.108%,2031523.00,United States,,139074,Consumer Staples,Farming/Seeds/Milling
SATLW,Satellogic Inc. Warrant,$0.3462,-0.0908,-20.778%,36042736.00,Uruguay,,11440,Technology,Radio And Television Broadcasting And Communications Equipment
SBFM,Sunshine Biopharma Inc. Common Stock,$1.41,-0.03,-2.083%,3817633.00,Canada,,62221,Health Care,Biotechnology: Pharmaceutical Preparations
SBFMW,Sunshine Biopharma Inc. Warrant,$0.2199,0.00,0.00%,595388.00,Canada,,10,Health Care,Biotechnology: Pharmaceutical Preparations
SCAGW,Scage Future Warrants,$0.065,0.01,18.182%,4695859.00,China,,103210,Consumer Discretionary,Construction/Ag Equipment/Trucks
SCKT,Socket Mobile Inc. Common Stock,$1.1111,-0.0089,-0.795%,8801602.00,United States,,8884,Technology,Computer Manufacturing
SCLXW,Scilex Holding Company Warrant,$0.54,-0.0149,-2.685%,3753876.00,United States,2021,14397,Health Care,Biotechnology: Biological Products (No Diagnostic Substances)
SCNI,Scinai Immunotherapeutics Ltd. American Depositary Shares,$1.47,0.01,0.685%,1469881.00,Israel,2015,197401,Health Care,Biotechnology: Biological Products (No Diagnostic Substances)
SCNX,Scienture Holdings Inc. Common Stock,$1.91,-0.03,-1.546%,25052379.00,United States,,108800,Health Care,Other Pharmaceuticals
SCOR,comScore Inc. Common Stock,$5.52,0.29,5.545%,27309510.00,United States,2018,26680,Consumer Discretionary,Business Services
SCWO,374Water Inc. Common Stock,$0.188,-0.0578,-23.515%,27200397.00,United States,,3913054,Consumer Discretionary,Metal Fabrications
SCYX,SCYNEXIS Inc. Common Stock,$0.6811,-0.009,-1.304%,26576709.00,United States,2014,125029,Health Care,Biotechnology: Pharmaceutical Preparations
SDAWW,SunCar Technology Group Inc. Warrant,$0.065,-0.0092,-12.399%,6402829.00,Hong Kong,2021,22913,Consumer Discretionary,Automotive Aftermarket
SDHI,Siddhi Acquisition Corp Class A Common stock,$10.0946,0.0046,0.046%,0.00,United States,2025,5017,Finance,Blank Checks
SDHIR,Siddhi Acquisition Corp Right,$0.23,0.00,0.00%,0.00,United States,2025,279962,,
SDOT,Sadot Group Inc. Common Stock,$0.8667,-0.0209,-2.355%,5385402.00,United States,2020,194158,Consumer Discretionary,Restaurants
SDST,Stardust Power Inc. Common Stock,$0.4118,-0.0098,-2.324%,24774227.00,United States,2021,1327999,Industrials,Major Chemicals
SDSTW,Stardust Power Inc. Warrant,$0.0862,0.0064,8.02%,5185863.00,United States,2021,53346,Industrials,Major Chemicals
SEATW,Vivid Seats Inc. Warrant,$0.1598,-0.0102,-6.00%,32930397.00,United States,,350,Consumer Discretionary,Services-Misc. Amusement & Recreation
SEED,Origin Agritech Limited Common Stock,$1.01,0.03,3.061%,7271998.00,China,,46800,Consumer Staples,Farming/Seeds/Milling
SEGG,Lottery.com Inc. Common Stock,$0.9301,-0.0411,-4.232%,24833726.00,United States,2023,644429,Technology,Computer Software: Prepackaged Software
SELX,Semilux International Ltd. Ordinary Shares,$1.10,0.00,0.00%,41171189.00,Taiwan,,5825,Technology,Semiconductors
SFHG,Samfine Creation Holdings Group Limited Class A Ordinary Share,$0.8142,0.004,0.494%,14655600.00,Hong Kong,2024,39352,Consumer Discretionary,Publishing
SGBX,Safe & Green Holdings Corp. Common Stock,$0.246,-0.3235,-56.804%,2489680.00,United States,2017,10580086,Consumer Discretionary,RETAIL: Building Materials
SGD,Safe and Green Development Corporation Common Stock,$1.41,-0.39,-21.667%,2949368.00,United States,,818021,Finance,Real Estate
SGLY,Singularity Future Technology Ltd. Common Stock,$0.965,-0.011,-1.127%,4056370.00,United States,2008,6385,Consumer Discretionary,Oil Refining/Marketing
SGRP,SPAR Group Inc. Common Stock,$1.10,0.00,0.00%,25838727.00,United States,,18254,Consumer Discretionary,Business Services
SHFS,SHF Holdings Inc. Class A Common Stock,$2.7012,-0.0988,-3.529%,7521378.00,United States,2021,10202,Finance,Finance: Consumer Services
SHFSW,SHF Holdings Inc. Warrants,$0.0219,0.00,0.00%,60980.00,United States,2021,1,Finance,Finance: Consumer Services
SHMDW,SCHMID Group N.V. Warrants,$0.2426,-0.0074,-2.96%,10425702.00,Cayman Islands,,300,Technology,Industrial Machinery/Components
SHOTW,Safety Shot Inc. Warrant,$0.0596,0.0246,70.286%,4480526.00,United States,2020,28485,Consumer Discretionary,Package Goods/Cosmetics
SHPH,Shuttle Pharmaceuticals Holdings Inc. Common Stock,$3.50,-0.15,-4.11%,1537802.00,United States,2022,29879,Health Care,Biotechnology: Pharmaceutical Preparations
SIDU,Sidus Space Inc. Class A Common Stock,$1.15,-0.01,-0.862%,21050155.00,United States,2021,1390037,Telecommunications,Telecommunications Equipment
SILO,Silo Pharma Inc. Common Stock,$0.7261,-0.053,-6.803%,3256164.00,United States,,311562,Consumer Discretionary,Apparel
SIMA,SIM Acquisition Corp. I Class A Ordinary Shares,$10.435,0.0031,0.03%,0.00,United States,2024,2087,Miscellaneous,Industrial Machinery/Components
SIMAW,SIM Acquisition Corp. I Warrant,$0.3899,-0.0001,-0.026%,0.00,United States,2024,59,Finance,Blank Checks
SINT,SiNtx Technologies Inc. Common Stock,$2.40,-0.10,-4.00%,6020894.00,United States,2014,66664,Health Care,Medical/Dental Instruments
SISI,Shineco Inc. Common Stock,$0.1434,-0.0068,-4.527%,2974954.00,China,2016,13301364,Health Care, Medicinal Chemicals and Botanical Products 
SJ,Scienjoy Holding Corporation Class A Ordinary Shares ,$0.7937,-0.0459,-5.467%,33338097.00,China,2019,20361,Technology,EDP Services
SKBL,Skyline Builders Group Holding Limited Class A Ordinary Shares,$0.5801,0.0045,0.782%,17403000.00,Hong Kong,2025,339148,Consumer Discretionary,Engineering & Construction
SKK,SKK Holdings Limited Ordinary Shares,$0.5204,-0.0209,-3.861%,9757500.00,Singapore,2024,30622,Industrials,Water Sewer Pipeline Comm & Power Line Construction
SKYQ,Sky Quarry Inc. Common Stock,$0.50,-0.0054,-1.068%,10704810.00,United States,2024,197833,Industrials,Environmental Services
SLE,Super League Enterprise Inc. Common Stock,$4.15,-0.15,-3.488%,3405502.00,United States,2019,32984,Consumer Discretionary,Services-Misc. Amusement & Recreation
SLGL,Sol-Gel Technologies Ltd. Ordinary Shares,$13.00,0.40,3.175%,36214906.00,Israel,2018,22715,Health Care,Biotechnology: Pharmaceutical Preparations
SLNH,Soluna Holdings Inc. Common Stock,$0.4287,-0.0293,-6.397%,5896386.00,United States,,876690,Technology,EDP Services
SLRX,Salarius Pharmaceuticals Inc. Common Stock,$0.63,0.0307,5.123%,1340190.00,United States,2015,4047286,Health Care,Biotechnology: Pharmaceutical Preparations
SLXN,Silexion Therapeutics Corp Ordinary Shares,$9.28,-5.66,-37.885%,5377695.00,Israel,,359492,Health Care,Biotechnology: Biological Products (No Diagnostic Substances)
SLXNW,Silexion Therapeutics Corp Warrant,$0.0326,-0.0075,-18.703%,18891.00,Israel,,214800,Health Care,Biotechnology: Biological Products (No Diagnostic Substances)
SMSI,Smith Micro Software Inc. Common Stock,$0.699,0.0141,2.059%,13570261.00,United States,1995,328474,Technology,Computer Software: Prepackaged Software
SMTK,SmartKem Inc. Common Stock,$0.91,-0.0089,-0.969%,4032360.00,United Kingdom,,25300,Technology,Semiconductors
SMX,SMX (Security Matters) Public Limited Company Class A Ordinary Shares,$1.25,-0.16,-11.348%,1300914.00,Ireland,,964945,Technology,Industrial Machinery/Components
SMXT,Solarmax Technology Inc. Common Stock,$0.9398,-0.0502,-5.071%,44553669.00,United States,2024,70030,Consumer Discretionary,Engineering & Construction
SMXWW,SMX (Security Matters) Public Limited Company Warrant,$0.0208,-0.0002,-0.952%,21647.00,Ireland,,2000,Technology,Industrial Machinery/Components
SNAL,Snail Inc. Class A Common Stock,$1.09,-0.02,-1.802%,40562889.00,United States,2022,16290,Technology,Computer Software: Prepackaged Software
SNES,SenesTech Inc. Common Stock,$5.25,0.01,0.191%,9323633.00,United States,2016,96098,Industrials,Agricultural Chemicals
SNGX,Soligenix Inc. Common Stock,$2.74,-0.19,-6.485%,8944308.00,United States,,7782374,Health Care,Biotechnology: Pharmaceutical Preparations
SNOA,Sonoma Pharmaceuticals Inc. Common Stock,$2.99,0.01,0.336%,4911867.00,United States,2007,28069,Health Care,Biotechnology: Pharmaceutical Preparations
SNSE,Sensei Biotherapeutics Inc. Common Stock,$10.325,2.845,38.035%,13013661.00,United States,2021,211839,Health Care,Biotechnology: Pharmaceutical Preparations
SNTG,Sentage Holdings Inc. Class A Ordinary Shares,$1.71,0.01,0.588%,4797106.00,China,2021,471,Finance,Finance: Consumer Services
SNTI,Senti Biosciences Inc. Common Stock,$1.68,-0.02,-1.176%,43816314.00,United States,2021,69774,Health Care,Biotechnology: Biological Products (No Diagnostic Substances)
SNYR,Synergy CHC Corp. Common Stock,$3.36,-0.10,-2.89%,32100445.00,United States,2024,29375,Health Care,Other Pharmaceuticals
SOBR,SOBR Safe Inc. Common Stock,$3.67,-0.23,-5.897%,5564252.00,United States,,45367,Consumer Discretionary,Newspapers/Magazines
SOCAU,Solarius Capital Acquisition Corp. Units,$10.06,-0.01,-0.099%,0.00,United States,2025,19612,Finance,Blank Checks
SOGP,Sound Group Inc. American Depositary Shares,$4.75,0.30,6.742%,23443977.00,China,2020,13725,Technology,Computer Software: Programming Data Processing
SOHO,Sotherly Hotels Inc. Common Stock,$0.8692,-0.0107,-1.216%,17810343.00,United States,,31430,Real Estate,Real Estate Investment Trusts
SOND,Sonder Holdings Inc. Class A Common Stock,$2.12,-0.06,-2.752%,28213980.00,United States,2021,48868,Consumer Discretionary,Hotels/Resorts
SONDW,Sonder Holdings Inc. Warrants,$0.0071,-0.0006,-7.792%,94490.00,United States,2021,3000,Consumer Discretionary,Hotels/Resorts
SONM,Sonim Technologies Inc. Common Stock,$0.6357,-0.0274,-4.132%,5849434.00,United States,2019,514179,Utilities,Telecommunications Equipment
SONN,Sonnet BioTherapeutics Holdings Inc. Common Stock,$2.81,-0.51,-15.361%,8895926.00,United States,,1113381,Health Care,Biotechnology: Pharmaceutical Preparations
SOPA,Society Pass Incorporated Common Stock,$1.17,-0.06,-4.878%,5862941.00,United States,2021,24934,Consumer Discretionary,Business Services
SOWG,Sow Good Inc. Common Stock,$0.8734,-0.0632,-6.748%,9941965.00,United States,,199162,Consumer Staples,Packaged Foods
SPAI,Safe Pro Group Inc. Common Stock,$3.26,-0.40,-10.929%,49461323.00,United States,2024,78805,Health Care,Industrial Specialties
SPCB,SuperCom Ltd. Ordinary Shares (Israel),$8.68,-0.13,-1.476%,18860381.00,Israel,,36645,Technology,Semiconductors
SPEGU,Silver Pegasus Acquisition Corp Unit,$10.13,0.02,0.198%,0.00,United States,2025,302524,,
SPHL,Springview Holdings Ltd Class A Ordinary Shares,$0.5299,-0.0134,-2.466%,11392850.00,Singapore,2024,49413,Consumer Discretionary,Homebuilding
SPKL,Spark I Acquisition Corp. Class A Ordinary Share,$11.00,0.00,0.00%,0.00,United States,2023,210,,
SPKLW,Spark I Acquisition Corp. Warrant,$0.2399,0.0199,9.045%,0.00,United States,2023,330,,
SPPL,SIMPPLE LTD. Ordinary Shares,$2.8097,-0.1403,-4.756%,9945748.00,Singapore,2023,13205,Consumer Discretionary,Diversified Commercial Services
SPRC,SciSparc Ltd. Ordinary Shares,$5.67,-0.05,-0.874%,3030955.00,Israel,,28987,Health Care,Biotechnology: Pharmaceutical Preparations
SPWRW,Complete Solaria Inc. Warrants,$0.28,-0.0025,-0.885%,22476232.00,United States,,11394,Technology,Semiconductors
SQFT,Presidio Property Trust Inc. Class A Common Stock,$5.80,0.19,3.387%,6966270.00,United States,2020,45906,Real Estate,Real Estate Investment Trusts
SQFTP,Presidio Property Trust Inc. 9.375% Series D Cumulative Redeemable Perpetual Preferred Stock $0.01 par value per share,$14.228,-0.1621,-1.126%,17088980.00,United States,,1065,Real Estate,Real Estate Investment Trusts
SQFTW,Presidio Property Trust Inc. Series A Common Stock Purchase Warrants,$0.03,-0.0034,-10.18%,36032.00,United States,,30598,Real Estate,Real Estate Investment Trusts
SRZNW,Surrozen Inc. Warrant,$0.0179,0.00,0.00%,153270.00,United States,,220,Health Care,Biotechnology: Biological Products (No Diagnostic Substances)
SSKN,Strata Skin Sciences Inc. Common Stock,$1.95,0.00,0.00%,8133764.00,United States,2005,7802,Health Care,Medical/Dental Instruments
STAI,ScanTech AI Systems Inc. Common stock,$0.5779,-0.0628,-9.802%,27890789.00,United States,,2879101,Industrials,Electrical Products
STAK,STAK Inc. Class A Ordinary Shares,$1.58,-0.03,-1.863%,17775000.00,China,2025,135960,Industrials,Metal Fabrications
STFS,Star Fashion Culture Holdings Limited Class A Ordinary Shares,$2.12,0.02,0.952%,23002000.00,China,2024,1907525,Consumer Discretionary,Advertising
STI,Solidion Technology Inc. Common Stock,$3.49,-0.44,-11.196%,9482002.00,United States,2022,47382,Miscellaneous,Industrial Machinery/Components
STKH,Steakholder Foods Ltd. American Depositary Shares,$0.8423,-0.0634,-7.00%,678378.00,Israel,2021,236495,Consumer Staples,Packaged Foods
STRM,Streamline Health Solutions Inc. Common Stock,$5.3182,0.0082,0.154%,23166409.00,United States,,1197,Technology,EDP Services
STRR,Star Equity Holdings Inc. Common Stock,$2.0193,-0.0107,-0.527%,6480620.00,United States,2004,26397,Health Care,Biotechnology: Electromedical & Electrotherapeutic Apparatus
STRRP,Star Equity Holdings Inc. Series A Cumulative Perpetual Preferred Stock,$9.00,0.00,0.00%,28884060.00,United States,,1654,Health Care,Biotechnology: Electromedical & Electrotherapeutic Apparatus
STSS,Sharps Technology Inc. Common Stock,$4.83,0.05,1.046%,4922147.00,United States,2022,38530,Health Care,Medical/Dental Instruments
STSSW,Sharps Technology Inc. Warrant,$0.0255,0.0006,2.41%,25986.00,United States,2022,3500,Finance,Finance: Consumer Services
STTK,Shattuck Labs Inc. Common Stock,$0.732,-0.0296,-3.887%,35062244.00,United States,2020,79399,Health Care,Biotechnology: Pharmaceutical Preparations
SUGP,SU Group Holdings Limited Ordinary Shares,$0.748,-0.022,-2.857%,10357930.00,Hong Kong,2024,95130,Consumer Discretionary,Diversified Commercial Services
SUNE,SUNation Energy Inc. Common Stock,$1.55,-0.05,-3.125%,5280252.00,United States,,68141,Utilities,Telecommunications Equipment
SUUN,PowerBank Corporation Common Stock,$1.30,-0.03,-2.256%,45380550.00,Canada,,59182,Utilities,Power Generation
SVCC,Stellar V Capital Corp. Class A Ordinary Shares,$10.27,0.0038,0.037%,0.00,United States,2025,1507,,
SVCCW,Stellar V Capital Corp. Warrant,$0.33,0.00,0.00%,0.00,United States,2025,4,Finance,Blank Checks
SVII,Spring Valley Acquisition Corp. II Class A Ordinary Shares,$12.1487,-0.0213,-0.175%,0.00,United States,2022,83127,Finance,Blank Checks
SVIIR,Spring Valley Acquisition Corp. II Rights,$0.2836,0.0036,1.286%,0.00,United States,2022,847954,,
SVIIU,Spring Valley Acquisition Corp. II Unit,$12.41,1.20,10.705%,0.00,United States,2022,1397,Finance,Blank Checks
SVIIW,Spring Valley Acquisition Corp. II Warrant,$0.4201,0.0301,7.718%,0.00,United States,2022,184275,Finance,Blank Checks
SVRE,SaverOne 2014 Ltd. American Depositary Shares,$1.98,-0.21,-9.589%,694774.00,Israel,2022,104705,Technology,EDP Services
SWAG,Stran & Company Inc. Common Stock,$1.46,0.01,0.69%,27168276.00,United States,2021,12952,Consumer Discretionary,Advertising
SWAGW,Stran & Company Inc. Warrant,$0.0199,0.00,0.00%,370307.00,United States,2021,5,Consumer Discretionary,Advertising
SWVL,Swvl Holdings Corp Class A Common Shares,$3.79,-0.19,-4.774%,37515376.00,United Arab Emirates,,7402,Consumer Discretionary,Business Services
SWVLW,Swvl Holdings Corp Warrant,$0.0161,0.00,0.00%,159366.00,United Arab Emirates,,10,Consumer Discretionary,Business Services
SXTC,China SXT Pharmaceuticals Inc. Ordinary Shares,$1.70,0.14,8.974%,863267.00,China,2019,88794,Health Care,Biotechnology: Pharmaceutical Preparations
SXTP,60 Degrees Pharmaceuticals Inc. Common Stock,$1.33,-0.01,-0.746%,1958945.00,United States,2023,113714,Health Care,Biotechnology: Pharmaceutical Preparations
SXTPW,60 Degrees Pharmaceuticals Inc. Warrant,$0.0353,0.00,0.00%,51993.00,United States,2023,101,Health Care,Biotechnology: Pharmaceutical Preparations
SYBX,Synlogic Inc. Common Stock,$1.48,-0.06,-3.896%,17310241.00,United States,2015,38062,Health Care,Biotechnology: Pharmaceutical Preparations
SYPR,Sypris Solutions Inc. Common Stock,$1.90,0.02,1.064%,43662882.00,United States,,23463,Industrials,Industrial Machinery/Components
SYTA,Siyata Mobile Inc. Common Shares,$3.73,0.43,13.03%,3605784.00,Canada,2020,1813743,Telecommunications,Telecommunications Equipment
SYTAW,Siyata Mobile Inc. Warrant,$0.09,-0.0087,-8.815%,87003.00,Canada,2020,72711,Telecommunications,Telecommunications Equipment
SZZL,Sizzle Acquisition Corp. II Class A ordinary shares,$10.085,0.00,0.00%,0.00,United States,2025,248,Finance,Blank Checks
SZZLU,Sizzle Acquisition Corp. II Unit,$10.26,0.00,0.00%,0.00,United States,2025,751,Finance,Blank Checks
TACH,Titan Acquisition Corp. Class A Ordinary Shares,$10.14,0.0048,0.047%,0.00,United States,2025,26903,,
TACHU,Titan Acquisition Corp. Units,$10.22,0.00,0.00%,0.00,United States,2025,755,Finance,Blank Checks
TACHW,Titan Acquisition Corp. Warrants,$0.25,-0.006,-2.344%,0.00,United States,2025,15426,,
TACOU,Berto Acquisition Corp. Unit,$10.85,0.00,0.00%,0.00,United States,2025,6509,Finance,Blank Checks
TACOW,Berto Acquisition Corp. Warrant,$0.734,-0.016,-2.133%,0.00,United States,2025,4494,Finance,Blank Checks
TACT,TransAct Technologies Incorporated Common Stock,$3.84,0.096,2.564%,38709953.00,United States,1996,13556,Technology,Computer peripheral equipment
TAIT,Taitron Components Incorporated Class A Common Stock,$2.125,-0.015,-0.701%,12795008.00,United States,1995,11707,Technology,Electronic Components
TALKW,Talkspace Inc. Warrant,$0.07,-0.002,-2.778%,11712059.00,United States,2020,38405,Health Care,Medical/Nursing Services
TANH,Tantech Holdings Ltd. Common Shares,$1.95,-0.06,-2.985%,2648761.00,China,2015,113267,Industrials,Major Chemicals
TAOP,Taoping Inc. Ordinary Shares ,$4.06,0.28,7.407%,3613400.00,Hong Kong,,22903,Technology,Computer Software: Prepackaged Software
TAOX,Tao Synergies Inc. Common Stock,$5.99,-0.34,-5.371%,13948853.00,United States,,235063,Health Care,Biotechnology: Pharmaceutical Preparations
TAVI,Tavia Acquisition Corp. Ordinary Shares,$10.27,0.00,0.00%,0.00,United States,2024,9,Finance,Blank Checks
TAVIR,Tavia Acquisition Corp. Right,$0.17,-0.0001,-0.059%,0.00,United States,2024,15699,Finance,Blank Checks
TBH,Brag House Holdings Inc. Common Stock,$1.22,0.07,6.087%,13203557.00,United States,2025,149423,Consumer Discretionary,Services-Misc. Amusement & Recreation
TBHC,The Brand House Collective Inc. Common Stock,$1.23,-0.14,-10.219%,27627501.00,United States,2002,260498,Consumer Discretionary,Other Specialty Stores
TBMC,Trailblazer Merger Corporation I Class A Common Stock,$11.61,-0.05,-0.429%,0.00,United States,2023,6012,Finance,Blank Checks
TC,Token Cat Limited American Depositary Shares,$0.6501,-0.0299,-4.397%,2061604.00,China,2018,41712,Consumer Discretionary,Business Services
TCBS,Texas Community Bancshares Inc. Common Stock,$16.01,-0.09,-0.559%,48712859.00,United States,2021,27769,Finance,Banks
TCRT,Alaunos Therapeutics Inc. Common Stock,$2.74,-0.11,-3.86%,4492288.00,United States,,7272,Health Care,Biotechnology: Pharmaceutical Preparations
TDAC,Translational Development Acquisition Corp. Ordinary Shares,$10.35,0.00,0.00%,0.00,United States,2025,5,,
TDACW,Translational Development Acquisition Corp. Warrants,$0.2462,0.00,0.00%,0.00,United States,2025,60,,
TENX,Tenax Therapeutics Inc. Common Stock,$6.22,-0.02,-0.321%,25803639.00,United States,,10281,Health Care,Biotechnology: Pharmaceutical Preparations
TGL,Treasure Global Inc. Common Stock,$0.9336,-0.043,-4.403%,2479027.00,United States,2022,345470,Consumer Discretionary,Business Services
THAR,Tharimmune Inc. Common Stock,$1.24,-0.005,-0.402%,3299301.00,United States,2022,17180,Health Care,Biotechnology: Pharmaceutical Preparations
TIRX,TIAN RUIXIANG Holdings Ltd Class A Ordinary Shares,$0.9719,-0.0481,-4.716%,9886090.00,China,2021,52716,Finance,Specialty Insurers
TIVC,Tivic Health Systems Inc. Common Stock,$3.22,-0.23,-6.667%,2828258.00,United States,2021,34532,Health Care,Biotechnology: Electromedical & Electrotherapeutic Apparatus
TKLF,Tokyo Lifestyle Co. Ltd. American Depositary Shares,$3.70,-0.2102,-5.376%,15661290.00,Japan,2022,2870,Consumer Discretionary,Other Specialty Stores
TLF,Tandy Leather Factory Inc. Common Stock,$3.522,0.032,0.917%,29981215.00,United States,,16205,Consumer Discretionary,Apparel
TLIH,Ten-League International Holdings Limited Ordinary Shares,$0.60,0.00,0.00%,0.00,Singapore,2025,1996429,,
TLPH,Talphera Inc. Common Stock,$0.4024,-0.0156,-3.732%,8250594.00,United States,2011,80436,Health Care,Biotechnology: Pharmaceutical Preparations
TNFA,TNF Pharmaceuticals Inc. Common Stock,$0.101,-0.0081,-7.424%,1432593.00,United States,2014,45658347,Health Care,Biotechnology: In Vitro & In Vivo Diagnostic Substances
TNMG,TNL Mediagene Ordinary Shares,$0.4154,-0.0186,-4.286%,11749645.00,Taiwan,,196763,,
TNON,Tenon Medical Inc. Common Stock,$1.46,0.44,43.137%,11081356.00,United States,2022,235353963,Health Care,Medical/Dental Instruments
TNONW,Tenon Medical Inc. Warrant,$0.0202,0.0022,12.222%,153317.00,United States,,937123,Health Care,Medical/Dental Instruments
TOIIW,The Oncology Institute Inc. Warrant,$0.11,0.01,10.00%,9815752.00,United States,2020,4253,Health Care,Medical/Nursing Services
TOMZ,TOMI Environmental Solutions Inc. Common Stock,$0.9735,0.0035,0.361%,19484802.00,United States,,8994,Industrials,Major Chemicals
TOP,TOP Financial Group Limited Class A Ordinary Shares,$1.12,-0.03,-2.609%,41470398.00,Hong Kong,2022,64896,Finance,Investment Bankers/Brokers/Service
TPCS,TechPrecision Corporation Common stock,$4.813,0.513,11.93%,47059281.00,United States,,135181,Industrials,Metal Fabrications
TPIC,TPI Composites Inc. Common Stock,$0.7516,-0.0303,-3.875%,36565351.00,United States,2016,300624,Industrials,Industrial Machinery/Components
TPST,Tempest Therapeutics Inc. Common Stock,$7.49,0.26,3.596%,27581386.00,United States,,29162,Health Care,Biotechnology: Pharmaceutical Preparations
TRAW,Traws Pharma Inc. Common Stock,$1.46,-0.08,-5.195%,8123900.00,United States,2013,64363,Health Care,Biotechnology: Pharmaceutical Preparations
TRIB,Trinity Biotech plc American Depositary Shares,$0.7044,0.0185,2.697%,13124394.00,Ireland,1992,149116,Health Care,Biotechnology: In Vitro & In Vivo Diagnostic Substances
TRNR,Interactive Strength Inc. Common Stock,$4.23,-0.10,-2.309%,4428150.00,United States,2023,75960,Technology,Consumer Electronics/Appliances
TRSG,Tungray Technologies Inc Class A Ordinary Shares,$1.7151,-0.0248,-1.425%,28047862.00,Singapore,2024,1057,Industrials,Industrial Machinery/Components
TRUG,TruGolf Holdings Inc. Class A Common Stock,$5.14,-0.32,-5.861%,5194772.00,United States,2021,104456,Consumer Discretionary,Recreational Games/Products/Toys
TSBX,Turnstone Biologics Corp. Common Stock,$0.3502,-0.0033,-0.934%,8103750.00,United States,2023,82535,Health Care,Biotechnology: Biological Products (No Diagnostic Substances)
TTNP,Titan Pharmaceuticals Inc. Common Stock,$3.99,-0.06,-1.481%,3647794.00,United States,,2118,Health Care,Biotechnology: Biological Products (No Diagnostic Substances)
TURB,Turbo Energy S.A. American Depositary Shares,$2.3028,0.0266,1.169%,25370270.00,Spain,2023,3244,Miscellaneous,Industrial Machinery/Components
TURN,180 Degree Capital Corp. Common Stock,$4.2725,-0.0075,-0.175%,42725602.00,United States,,7099,Finance,Finance/Investors Services
TVA,Texas Ventures Acquisition III Corp Class A Ordinary Share,$10.11,-0.03,-0.296%,0.00,United States,2025,3527,,
TVACU,Texas Ventures Acquisition III Corp Unit,$10.23,0.00,0.00%,0.00,United States,2025,390,Finance,Blank Checks
TVACW,Texas Ventures Acquisition III Corp Warrants,$0.2284,-0.0015,-0.652%,0.00,United States,2025,1951,,
TVAI,Thayer Ventures Acquisition Corporation II Class A Ordinary Shares,$10.00,0.00,0.00%,0.00,United States,2025,16899,,
TVAIR,Thayer Ventures Acquisition Corporation II Rights,$0.15,-0.01,-6.25%,0.00,United States,2025,800,,
TVGNW,Tevogen Bio Holdings Inc. Warrant,$0.0586,-0.0031,-5.024%,11350435.00,United States,2022,43687,Health Care,Biotechnology: Biological Products (No Diagnostic Substances)
TWG,Top Wealth Group Holding Limited Class A Ordinary Shares,$8.10,-1.55,-16.062%,5039998.00,Hong Kong,2024,32001,Consumer Staples,Packaged Foods
TXMD,TherapeuticsMD Inc. Common Stock,$1.11,-0.01,-0.893%,12847542.00,United States,,9135,Health Care,Biotechnology: Pharmaceutical Preparations
UBXG,U-BX Technology Ltd. Ordinary Shares,$2.94,-0.105,-3.448%,5457375.00,China,2024,5229,Technology,Computer Software: Programming Data Processing
UCAR,U Power Limited Class A Ordinary Shares,$2.02,0.03,1.508%,8928109.00,China,2023,39426,Consumer Discretionary,Auto Parts:O.E.M.
UG,United-Guardian Inc. Common Stock,$8.01,0.21,2.692%,36800495.00,United States,,4764,Consumer Discretionary,Package Goods/Cosmetics
UGRO,urban-gro Inc. Common Stock,$0.395,-0.0192,-4.635%,5015140.00,United States,,318179,Consumer Discretionary,Industrial Specialties
UK,Ucommune International Ltd Ordinary Shares,$1.0198,-0.0002,-0.02%,2161846.00,United States,2019,16468,Consumer Discretionary,Business Services
UKOMW,Ucommune International Ltd Warrant expiring 11/17/2025,$0.0062,0.00,0.00%,13143.00,United States,2019,101,Consumer Discretionary,Business Services
ULY,Urgent.ly Inc. Common Stock,$4.40,-0.47,-9.651%,5477252.00,United States,,44138,Technology,EDP Services
UOKA,MDJM LTD Ordinary Share,$2.49,-0.10,-3.861%,2660966.00,China,2019,58536,Finance,Real Estate
UONEK,Urban One Inc. Class D Common Stock,$0.6535,-0.0135,-2.024%,29843985.00,United States,,16839,Consumer Discretionary,Broadcasting
UPC,Universe Pharmaceuticals Inc. Ordinary Shares,$3.48,-0.0573,-1.62%,1960416.00,China,2021,11942,Health Care,Biotechnology: Pharmaceutical Preparations
USEA,United Maritime Corporation Common Stock,$1.5654,-0.0024,-0.153%,13844816.00,Greece,,16749,Consumer Discretionary,Marine Transportation
USEG,U.S. Energy Corp. Common Stock (DE),$1.18,-0.02,-1.667%,40111424.00,United States,,301258,Energy,Oil & Gas Production
USGOW,U.S. GoldMining Inc. Warrant,$0.8299,0.0071,0.863%,10381122.00,United States,2023,415,Basic Materials,Precious Metals
USIO,Usio Inc. Common Stock,$1.68,-0.03,-1.754%,44697922.00,United States,,49763,Finance,Investment Bankers/Brokers/Service
UTSI,UTStarcom Holdings Corp. Ordinary Shares,$2.46,-0.04,-1.60%,23296827.00,China,2000,383,Telecommunications,Telecommunications Equipment
UYSC,UY Scuti Acquisition Corp. Ordinary Shares,$10.095,0.005,0.05%,0.00,United States,2025,332,Finance,Blank Checks
UYSCR,UY Scuti Acquisition Corp. Rights,$0.2499,0.00,0.00%,0.00,United States,2025,8,Finance,Blank Checks
VACH,Voyager Acquisition Corp Class A Ordinary Shares,$10.3854,0.0054,0.052%,0.00,United States,2024,3859,,
VAPE,CEA Industries Inc. Common Stock,$21.30,-5.72,-21.17%,17089970.00,United States,,475443,Industrials,Industrial Machinery/Components
VAPEW,CEA Industries Inc. Warrant,$0.1726,-0.0004,-0.231%,0.00,United States,,193708,,
VBIX,Viewbix Inc. Common Stock,$4.94,-0.468,-8.654%,32702597.00,Israel,,55530,Technology,Computer Software: Prepackaged Software
VCIC,Vine Hill Capital Investment Corp. Class A Ordinary Shares,$10.40,-0.02,-0.192%,0.00,United States,2024,198005,,
VCICW,Vine Hill Capital Investment Corp. Warrant,$0.32,0.00,0.00%,0.00,United States,2024,22,Finance,Blank Checks
VCIG,VCI Global Limited Ordinary Share,$0.929,-0.011,-1.17%,3320568.00,Malaysia,2023,3354768,Consumer Discretionary,Diversified Commercial Services
VEEAW,Veea Inc. Warrant,$0.19,0.0078,4.281%,6930418.00,United States,2021,26461,Finance,Blank Checks
VEEE,Twin Vee PowerCats Co. Common Stock,$2.17,-0.0023,-0.106%,3227439.00,United States,2021,75023,Industrials,Marine Transportation
VERB,Verb Technology Company Inc. Common Stock,$9.51,-0.23,-2.361%,13484752.00,United States,,34729,Consumer Discretionary,Other Consumer Services
VERO,Venus Concept Inc. Common Stock,$2.52,0.00,0.00%,3589496.00,United States,2017,38826,Health Care,Medical/Dental Instruments
VGASW,Verde Clean Fuels Inc. Warrant,$0.1692,0.0122,7.771%,7537796.00,United States,2021,1001,Industrials,Major Chemicals
VIVS,VivoSim Labs Inc. Common Stock,$1.85,-0.02,-1.07%,4809624.00,United States,,33542,Health Care,Biotechnology: Biological Products (No Diagnostic Substances)
VMAR,Vision Marine Technologies Inc. Common Shares,$5.36,-0.33,-5.80%,5574781.00,Canada,2020,14247,Industrials,Marine Transportation
VNMEU,Vendome Acquisition Corporation I Unit,$10.00,-0.0054,-0.054%,0.00,United States,2025,149175,Finance,Blank Checks
VRAR,The Glimpse Group Inc. Common Stock,$1.405,-0.085,-5.705%,29582986.00,United States,2021,316138,Technology,EDP Services
VRAX,Virax Biolabs Group Limited Ordinary Shares,$0.8452,0.0351,4.333%,3669821.00,United Kingdom,2022,76992,Health Care,Biotechnology: In Vitro & In Vivo Diagnostic Substances
VRME,VerifyMe Inc. Common Stock,$1.21,-0.18,-12.95%,15028882.00,United States,,5012794,Technology,EDP Services
VS,Versus Systems Inc. Common Stock,$2.21,-0.08,-3.493%,10832706.00,Canada,,18415,Technology,EDP Services
VSA,TCTM Kids IT Education Inc. American Depositary Shares,$1.39,0.03,2.206%,13836603.00,China,2014,171076,Real Estate,Other Consumer Services
VSEE,VSee Health Inc. Common Stock,$1.21,-0.08,-6.202%,18954381.00,United States,2021,50588,Health Care,Medical/Nursing Services
VSEEW,VSee Health Inc. Warrant,$0.0502,-0.0051,-9.222%,786372.00,United States,2021,8508,Health Care,Medical/Nursing Services
VSME,VS Media Holdings Limited Class A Ordinary Shares,$1.34,-0.06,-4.286%,12721144.00,China,2023,1382524,Consumer Discretionary,Publishing
VSSYW,Versus Systems Inc. Class A Warrants,$0.0929,0.0059,6.782%,455366.00,Canada,,865,Technology,EDP Services
VTVT,vTv Therapeutics Inc. Class A Common Stock,$14.575,-0.375,-2.508%,46560770.00,United States,2015,2579,Health Care,Biotechnology: Pharmaceutical Preparations
VVOS,Vivos Therapeutics Inc. Common Stock,$5.18,0.85,19.63%,30507714.00,United States,2020,982825,Health Care,Medical/Dental Instruments
VVPR,VivoPower International PLC Ordinary Shares,$3.91,-0.31,-7.346%,17359356.00,United Kingdom,,591761,Utilities,Power Generation
VWAVW,VisionWave Holdings Inc. Warrant,$0.1899,-0.0863,-31.245%,2710054.00,United States,,547663,Technology,Computer Software: Prepackaged Software
VYNE,VYNE Therapeutics Inc. Common Stock,$0.3529,-0.0127,-3.474%,5881040.00,United States,2018,2952897,Health Care,Biotechnology: Pharmaceutical Preparations
WAFU,Wah Fu Education Group Limited Ordinary Shares,$1.3927,-0.0373,-2.608%,6142586.00,China,2019,11460,Real Estate,Other Consumer Services
WAI,Top KingWin Ltd Class A Ordinary Shares,$0.3668,-0.0039,-1.052%,2699622.00,China,2023,479499,Consumer Discretionary,Business Services
WALDW,Waldencast plc Warrant ,$0.046,-0.0045,-8.911%,5645162.00,United States,2021,3692,Consumer Discretionary,Package Goods/Cosmetics
WATT,Energous Corporation Common Stock,$0.3899,-0.0101,-2.525%,13309745.00,United States,2014,1065342,Technology,Radio And Television Broadcasting And Communications Equipment
WBUY,WEBUY GLOBAL LTD. Class A Ordinary Shares,$3.50,-0.03,-0.85%,2732027.00,Singapore,2023,105729,Consumer Discretionary,Other Specialty Stores
WCT,Wellchange Holdings Company Limited Ordinary shares,$0.1928,-0.0032,-1.633%,8919892.00,Hong Kong,2024,788667,Technology,Computer Software: Prepackaged Software
WENN,Wen Acquisition Corp Class A Ordinary Shares,$10.26,0.01,0.098%,0.00,United States,2025,30143,,
WENNU,Wen Acquisition Corp Unit,$10.58,-0.07,-0.657%,0.00,United States,2025,25944,Finance,Blank Checks
WENNW,Wen Acquisition Corp Warrant,$0.70,0.00,0.00%,0.00,United States,2025,5,Finance,Blank Checks
WETH,Wetouch Technology Inc. Common Stock,$0.856,-0.0345,-3.874%,10213393.00,China,,31115,Technology,Computer peripheral equipment
WETO,Webus International Limited Ordinary Shares,$1.70,-0.12,-6.593%,37400000.00,China,2025,53188,Industrials,Other Transportation
WFF,WF Holding Limited Ordinary Shares,$0.8121,-0.0931,-10.285%,20261895.00,Malaysia,2025,202592,Consumer Discretionary,Miscellaneous manufacturing industries
WGSWW,GeneDx Holdings Corp. Warrant,$0.0901,-0.0196,-17.867%,2588235.00,United States,2020,9812,Technology,Retail: Computer Software & Peripheral Equipment
WHLR,Wheeler Real Estate Investment Trust Inc. Common Stock,$3.43,0.02,0.587%,1504796.00,United States,2012,39860,Real Estate,Real Estate Investment Trusts
WHLRD,Wheeler Real Estate Investment Trust Inc. Series D Cumulative Preferred Stock,$34.20,0.08,0.234%,15004087.00,United States,,2702,Real Estate,Real Estate Investment Trusts
WHLRP,Wheeler Real Estate Investment Trust Inc. Class B Preferred Stock,$3.995,-0.005,-0.125%,1752670.00,United States,,1460,Real Estate,Real Estate Investment Trusts
WIMI,WiMi Hologram Cloud Inc. Class B Ordinary Shares,$3.30,-0.05,-1.493%,16204330.00,China,2020,134704,Technology,Computer Software: Prepackaged Software
WINT,Windtree Therapeutics Inc. Common Stock,$0.6001,-0.075,-11.109%,2197140.00,United States,,3264510,Health Care,Biotechnology: Biological Products (No Diagnostic Substances)
WKEY,WISeKey International Holding Ltd American Depositary Shares,$5.27,-0.54,-9.294%,48009458.00,Switzerland,,129023,Technology,EDP Services
WKHS,Workhorse Group Inc. Common Stock,$1.65,-0.09,-5.172%,15630541.00,United States,,862510,Consumer Discretionary,Auto Manufacturing
WKSP,Worksport Ltd. Common Stock,$3.15,-0.21,-6.25%,16380410.00,Canada,,232332,Consumer Discretionary,Auto Parts:O.E.M.
WLAC,Willow Lane Acquisition Corp. Class A Ordinary Shares,$10.33,0.00,0.00%,0.00,United States,2024,82,,
WLACW,Willow Lane Acquisition Corp. Warrants,$0.60,0.0329,5.801%,0.00,United States,2024,3830,,
WLDS,Wearable Devices Ltd. Ordinary Share,$1.48,-0.13,-8.075%,1522890.00,Israel,2022,56745,Telecommunications,Computer Communications Equipment
WLDSW,Wearable Devices Ltd. Warrant,$1.40,0.00,0.00%,1440572.00,Israel,2022,4,Telecommunications,Computer Communications Equipment
WLGS,Wang & Lee Group Inc. Ordinary Shares,$0.05,-0.0008,-1.575%,867896.00,Hong Kong,2023,25213829,Consumer Discretionary,Engineering & Construction
WNW,Meiwu Technology Company Limited Ordinary Shares,$1.7775,0.0776,4.565%,5631356.00,China,2020,47062,Consumer Discretionary,Catalog/Specialty Distribution
WOK,WORK Medical Technology Group LTD Class A Ordinary Shares,$0.7752,-0.0018,-0.232%,11311673.00,China,2024,44345,Health Care,Medical/Dental Instruments
WORX,SCWorx Corp. Common Stock,$0.3278,-0.0151,-4.404%,1192767.00,United States,2016,660937,Consumer Discretionary,Services-Misc. Amusement & Recreation
WSBK,Winchester Bancorp Inc. Common Stock,$9.45,-0.01,-0.106%,0.00,United States,2025,5114,,
WTG,Wintergreen Acquisition Corp. Ordinary Shares,$10.03,0.00,0.00%,0.00,China,2025,140209,Finance,Blank Checks
WTGUR,Wintergreen Acquisition Corp. Rights,$0.16,0.0155,10.727%,0.00,China,2025,59081,Finance,Blank Checks
WTGUU,Wintergreen Acquisition Corp. Unit,$10.16,0.00,0.00%,0.00,China,2025,105,,
WTO,UTime Limited Ordinary Shares,$1.06,-0.04,-3.636%,3820254.00,China,2021,25245,Technology,Consumer Electronics/Appliances
WVVI,Willamette Valley Vineyards Inc. Common Stock,$4.805,-0.005,-0.104%,23854562.00,United States,,958,Consumer Staples,Beverages (Production/Distribution)
WVVIP,Willamette Valley Vineyards Inc. Series A Redeemable Preferred Stock,$3.275,-0.0122,-0.371%,16258832.00,United States,,836,Consumer Staples,Beverages (Production/Distribution)
WXM,WF International Limited Ordinary Shares,$2.65,-0.07,-2.574%,18285000.00,China,2025,25207,Consumer Discretionary,Engineering & Construction
XAGE,Longevity Health Holdings Inc. Common Stock,$2.83,-0.09,-3.082%,2841306.00,United States,2021,13911,Health Care,Medical/Dental Instruments
XAGEW,Longevity Health Holdings Inc. Warrant,$0.0267,0.00,0.00%,26807.00,United States,2021,50,Health Care,Medical/Dental Instruments
XAIR,Beyond Air Inc. Common Stock,$2.86,-0.12,-4.027%,13269654.00,United States,,109214,Health Care,Medical/Dental Instruments
XBIO,Xenetic Biosciences Inc. Common Stock,$3.215,-0.025,-0.772%,4957977.00,United States,,21332,Health Care,Biotechnology: Pharmaceutical Preparations
XBP,XBP Global Holdings Inc. Common Stock,$1.06,-0.23,-17.829%,38070481.00,United States,2021,1534815,Consumer Discretionary,Business Services
XBPEW,XBP Europe Holdings Inc. Warrant,$0.0398,0.0047,13.39%,1429439.00,United States,2021,438,Consumer Discretionary,Business Services
XCUR,Exicure Inc. Common Stock,$6.8858,-0.2442,-3.425%,43503059.00,United States,,316565,Health Care,Biotechnology: Pharmaceutical Preparations
XELB,Xcel Brands Inc. Common Stock,$1.10,-0.26,-19.118%,2658416.00,United States,,695166,Miscellaneous,Multi-Sector Companies
XFOR,X4 Pharmaceuticals Inc. Common Stock,$1.60,-0.08,-4.762%,9261898.00,United States,2017,441974,Health Care,Biotechnology: Biological Products (No Diagnostic Substances)
XHG,XChange TEC.INC American Depositary Shares ,$1.25,-0.11,-8.088%,1282869.00,China,2019,129483,Finance,Real Estate
XHLD,TEN Holdings Inc. Common Stock,$0.3298,-0.0166,-4.792%,9463097.00,United States,2025,689959,Consumer Discretionary,Business Services
XLO,Xilio Therapeutics Inc. Common Stock,$0.65,0.0012,0.185%,33658477.00,United States,2021,663503,Health Care,Biotechnology: Pharmaceutical Preparations
XOS,Xos Inc. Common Stock,$2.97,-0.11,-3.571%,24685725.00,United States,2020,26867,Consumer Discretionary,Auto Parts:O.E.M.
XOSWW,Xos Inc. Warrants,$0.0087,0.0001,1.163%,72312.00,United States,2020,68718,Consumer Discretionary,Auto Parts:O.E.M.
XPON,Expion360 Inc. Common Stock,$1.13,-0.04,-3.419%,3813149.00,United States,2022,73661,Miscellaneous,Industrial Machinery/Components
XRTX,XORTX Therapeutics Inc. Common Stock,$0.7255,0.0029,0.401%,2748372.00,Canada,,177391,Health Care,Biotechnology: Pharmaceutical Preparations
XTIA,XTI Aerospace Inc. Common Stock,$2.01,-0.02,-0.985%,12637955.00,United States,2014,786861,Technology,EDP Services
XTKG,X3 Holdings Co. Ltd. Ordinary Shares,$2.10,0.19,9.948%,28913157.00,China,2019,61898,Technology,EDP Services
XTLB,XTL Biopharmaceuticals Ltd. American Depositary Shares,$1.39,-0.01,-0.714%,12251254.00,Israel,,11585,Health Care,Biotechnology: Pharmaceutical Preparations
XWEL,XWELL Inc. Common Stock,$1.01,-0.01,-0.98%,5313634.00,United States,,9793,Consumer Discretionary,Other Consumer Services
XXII,22nd Century Group Inc. Common Stock,$2.47,-0.29,-10.507%,1235818.00,United States,,299464,Health Care, Medicinal Chemicals and Botanical Products 
XYLO,Xylo Technologies Ltd. American Depositary Shares,$5.10,0.00,0.00%,17422166.00,Israel,,226,Health Care,Medical/Dental Instruments
YAAS,Youxin Technology Ltd Class A Ordinary shares,$0.3849,0.01,2.667%,12913395.00,China,2024,408059,Technology,Computer Software: Prepackaged Software
YHC,LQR House Inc. Common Stock,$1.27,-0.13,-9.286%,1347964.00,United States,2023,855961,Consumer Staples,Beverages (Production/Distribution)
YHGJ,Yunhong Green CTI Ltd. Common Stock,$0.6979,0.0037,0.533%,18301469.00,United States,,8180,Industrials,Specialty Chemicals
YHNA,YHN Acquisition I Limited Ordinary Shares,$10.35,-0.02,-0.193%,0.00,Hong Kong,2024,600,,
YHNAR,YHN Acquisition I Limited Right,$0.15,0.00,0.00%,0.00,Hong Kong,2024,9,,
YHNAU,YHN Acquisition I Limited Unit,$10.45,0.00,0.00%,0.00,Hong Kong,2024,1,,
YJ,Yunji Inc. American Depository Shares,$1.81,-0.0213,-1.163%,8915227.00,China,2019,16207,Consumer Discretionary,Other Specialty Stores
YORK,Yorkville Acquisition Corp. Class A Ordinary Share,$10.54,-0.09,-0.847%,0.00,United States,2025,15752,Utilities,Electric Utilities: Central
YORKU,Yorkville Acquisition Corp. Unit,$10.97,-0.06,-0.544%,0.00,United States,2025,23681,Finance,Blank Checks
YORKW,Yorkville Acquisition Corp. Warrant,$1.26,-0.0001,-0.008%,0.00,United States,2025,13723,,
YOSH,Yoshiharu Global Co. Class A Common Stock,$2.09,-0.245,-10.493%,14732368.00,United States,2022,204079,Consumer Discretionary,Restaurants
YQ,17 Education & Technology Group Inc. American Depositary Shares,$1.90,0.02,1.064%,16818249.00,China,2020,2117,Real Estate,Other Consumer Services
ZBAI,ATIF Holdings Limited Ordinary Shares,$0.3599,0.0089,2.536%,6232551.00,United States,2019,142160,Consumer Discretionary,Professional Services
ZBAO,Zhibao Technology Inc. Class A Ordinary Shares,$0.98,0.11,12.644%,30893290.00,China,2024,71453,Finance,Specialty Insurers
ZCMD,Zhongchao Inc. Class A Ordinary Shares,$0.985,-0.0419,-4.08%,25008069.00,China,2020,10705,Real Estate,Other Consumer Services
ZDAI,Primega Group Holdings Limited Ordinary Shares,$0.5098,0.0138,2.782%,12235200.00,Hong Kong,2024,98247,Consumer Discretionary,General Bldg Contractors - Nonresidential Bldgs
ZEOWW,Zeo Energy Corporation Warrants,$0.0469,0.00,0.00%,2312397.00,United States,2021,22,Miscellaneous,Industrial Machinery/Components
ZKIN,ZK International Group Co. Ltd Ordinary Share,$2.01,-0.14,-6.512%,10379531.00,China,2017,29589,Industrials,Metal Fabrications
ZOOZ,ZOOZ Power Ltd. Ordinary Shares,$1.48,-0.01,-0.671%,17916134.00,Israel,,412205,Technology,Industrial Machinery/Components
ZOOZW,ZOOZ Power Ltd. Warrant,$0.115,0.0182,18.802%,1392132.00,Israel,,6204,Technology,Industrial Machinery/Components
ZYXI,Zynex Inc. Common Stock,$1.265,-0.965,-43.274%,38252178.00,United States,,2269911,Health Care,Biotechnology: Electromedical & Electrotherapeutic Apparatus
