symbol,trade_date,bar_time,is_positive,breakout_type,reason,open,high,low,close,volume,volume_average,volume_ratio,candle_body_pct_of_range,upper_wick_pct_of_range,lower_wick_pct_of_range,close_position_in_range,previous_highest_high_time,previous_highest_high,previous_highest_high_close,previous_highest_high_volume,previous_highest_high_volume_average,previous_highest_high_bar_wick_percentage,lowest_low_since_previous_high_time,lowest_low_since_previous_high,lowest_low_since_previous_high_close,lowest_low_since_previous_high_bar_lower_wick_percentage,previous_high_to_lowest_low_pullback_pct,breakout_close_above_previous_high_pct,minutes_since_previous_high,max_gain_after_breakout_pct,max_gain_after_breakout_abs,max_gain_after_breakout_high,max_gain_after_breakout_high_time,max_gain_after_breakout_next_30_minutes_pct,max_gain_after_breakout_next_30_minutes_abs,max_gain_after_breakout_next_30_minutes_high,max_gain_after_breakout_next_30_minutes_high_time,reached_10_percent_gain_within_30_minutes,minutes_until_10_percent_gain,went_below_lowest_low_before_10_percent_gain_30_minutes,lowest_low_break_before_10_percent_gain_30_minutes_time,lowest_low_break_before_10_percent_gain_30_minutes_price,vwap,ema_9,ema_20,macd,histogram,signal_line
NEON,2024-08-21,2024-08-21 13:27:00,True,clean_breakout,previous_high_break_with_pullback_low_support_or_previous_resistance,4.7902,5.24,4.7902,5.24,100049.0,8447.75,11.843271877127046,1.0,0.0,0.0,1.0,2024-08-21 13:25:00,4.77,4.7593,10501.0,3485.5,0.1528571428571432,2024-08-21 13:26:00,4.76,4.799,0.7500000000000056,0.002096436058700165,0.09853249475891,2.0,2.2900763358778646,0.1200000000000001,5.36,2024-08-21 13:30:00,2.2900763358778646,0.1200000000000001,5.36,2024-08-21 13:30:00,False,,True,2024-08-21 13:51:00,4.68,4.486465814792175,4.8300291527952215,4.737967603407918,0.08205872697957073,0.03891229660699906,0.04314643037257167
BMR,2024-12-30,2024-12-30 10:56:00,True,clean_breakout,previous_high_break_with_pullback_low_support_or_previous_resistance,4.6801,4.77,4.6801,4.76,9593.0,8538.95,1.1234402356261601,0.8887652947719702,0.11123470522802976,0.0,0.8887652947719702,2024-12-30 10:54:00,4.72,4.72,5717.0,8159.3,0.0,2024-12-30 10:55:00,4.71,4.75,0.1666666666666642,0.002118644067796565,0.00847457627118645,2.0,24.78991596638657,1.1800000000000006,5.94,2024-12-30 13:15:00,2.100840336134465,0.10000000000000053,4.86,2024-12-30 11:19:00,False,,True,2024-12-30 10:59:00,4.69,4.369227806064485,4.6717272282971845,4.582086138418704,0.09366287533908046,0.020201141028027003,0.07346173431105346
BMR,2024-12-30,2024-12-30 11:18:00,True,clean_breakout,previous_high_break_with_pullback_low_support_or_previous_resistance,4.8118,4.8399,4.8,4.8399,8439.0,6657.6,1.2675739005046862,0.7042606516290738,0.0,0.29573934837092614,1.0,2024-12-30 11:16:00,4.82,4.8199,20372.0,7399.7,0.005000000000032641,2024-12-30 11:17:00,4.8144,4.8197,0.9464285714285403,0.001161825726141135,0.0041286307053941505,2.0,22.729808467117095,1.1001000000000003,5.94,2024-12-30 13:15:00,1.2417611934130925,0.060100000000000264,4.9,2024-12-30 11:47:00,False,,True,2024-12-30 11:21:00,4.8,4.438304282909,4.794112153218388,4.747871513300343,0.058393737860826356,0.001916787918149268,0.05647694994267709
BMR,2024-12-30,2024-12-30 12:01:00,True,clean_breakout,previous_high_break_with_pullback_low_support_or_previous_resistance,5.0,5.0699,4.98,5.05,40257.0,12769.05,3.1527012581202207,0.5561735261401587,0.2213570634037818,0.22246941045605953,0.7786429365962182,2024-12-30 11:59:00,5.0,4.9977,42296.0,9660.6,0.076666666666665,2024-12-30 12:00:00,4.96,5.0,0.8000000000000036,0.008000000000000007,0.009999999999999964,2.0,17.623762376237636,0.8900000000000006,5.94,2024-12-30 13:15:00,11.287128712871294,0.5700000000000003,5.62,2024-12-30 12:31:00,True,30.0,False,,,4.583754259467227,4.972085716795439,4.91872238051192,0.05633419950330598,0.012327424965666009,0.04400677453763997
BMR,2024-12-30,2024-12-30 12:10:00,True,clean_breakout,previous_high_break_with_pullback_low_support_or_previous_resistance,5.04,5.205,5.04,5.2,86845.0,17941.9,4.8403457827766285,0.9696969696969704,0.03030303030302965,0.0,0.9696969696969704,2024-12-30 12:03:00,5.07,5.0452,9136.0,13169.85,0.3547925608011409,2024-12-30 12:07:00,4.96,5.0,0.5714285714285696,0.021696252465483297,0.02564102564102562,7.0,14.230769230769235,0.7400000000000002,5.94,2024-12-30 13:15:00,12.30576923076923,0.6398999999999999,5.8399,2024-12-30 12:36:00,True,24.0,False,,,4.635888061436306,5.057064945737537,5.002745398195775,0.06243895592115578,0.0036053399710336276,0.05883361595012215
BMR,2024-12-30,2024-12-30 12:11:00,True,clean_breakout,previous_high_break_with_pullback_low_support_or_previous_resistance,5.0297,5.1555,5.0297,5.142,5568.0,17999.85,0.3093359111325928,0.8926868044515133,0.10731319554848674,0.0,0.8926868044515133,2024-12-30 12:03:00,5.07,5.0452,9136.0,13169.85,0.3547925608011409,2024-12-30 12:07:00,4.96,5.0,0.5714285714285696,0.021696252465483297,0.014201183431952674,8.0,15.519253208868145,0.798,5.94,2024-12-30 13:15:00,13.572539867755731,0.6978999999999997,5.8399,2024-12-30 12:36:00,True,23.0,False,,,4.637780951275898,5.07405195659003,5.016007741224748,0.06588756945806651,0.005821585785642222,0.060065983672424286
CRML,2025-06-16,2025-06-16 13:25:00,True,clean_breakout,previous_high_break_with_pullback_low_support_or_previous_resistance,2.735,2.84,2.73,2.82,269569.0,105744.1,2.5492580673531666,0.7727272727272733,0.18181818181818218,0.04545454545454454,0.8181818181818178,2025-06-16 13:22:00,2.77,2.75,107844.0,109091.75,0.5,2025-06-16 13:24:00,2.73,2.73,0.0,0.014440433212996403,0.018050541516245425,3.0,26.95035460992909,0.7600000000000002,3.58,2025-06-16 15:09:00,1.7730496453900804,0.050000000000000266,2.87,2025-06-16 13:33:00,False,,True,2025-06-16 13:48:00,2.7,2.421247124935671,2.7455369775040346,2.698897648612861,0.05573145741493679,0.0010796805072222082,0.05465177690771458
CRML,2025-06-16,2025-06-16 13:29:00,True,clean_breakout,previous_high_break_with_pullback_low_support_or_previous_resistance,2.8041,2.86,2.7933,2.85,99315.0,107467.35,0.9241411461248462,0.6881559220389815,0.1499250374812562,0.1619190404797623,0.8500749625187438,2025-06-16 13:25:00,2.84,2.82,269569.0,105744.1,0.18181818181818218,2025-06-16 13:28:00,2.75,2.81,0.585714285714286,0.03169014084507037,0.003521126760563462,4.0,25.614035087719294,0.73,3.58,2025-06-16 15:09:00,0.7017543859649129,0.020000000000000018,2.87,2025-06-16 13:33:00,False,,True,2025-06-16 13:41:00,2.745,2.4326606962641306,2.7913399459856523,2.7392859994800345,0.06126807919256372,0.004121312696021048,0.05714676649654267
OPEN,2025-07-21,2025-07-21 10:07:00,True,clean_breakout,previous_high_break_with_pullback_low_support_or_previous_resistance,3.1803,3.31,3.18,3.3098,7486430.0,5537827.9,1.3518711912300487,0.9961538461538483,0.0015384615384613702,0.0023076923076903472,0.9984615384615386,2025-07-21 10:05:00,3.24,3.18,5593335.0,5198800.4,0.19285714285714303,2025-07-21 10:06:00,3.13,3.1801,0.8349999999999999,0.03395061728395071,0.021543209876543165,2.0,50.16013052148165,1.6601999999999997,4.97,2025-07-21 14:46:00,2.1209740769834977,0.07019999999999982,3.38,2025-07-21 10:10:00,False,,True,2025-07-21 10:18:00,3.06,2.9092061402831284,3.1866823190413034,3.0918847466449266,0.10551996166485633,0.011013452577145574,0.09450650908771076
OPEN,2025-07-21,2025-07-21 10:59:00,True,clean_breakout,previous_high_break_with_pullback_low_support_or_previous_resistance,3.615,3.74,3.61,3.73,4325649.0,4220186.65,1.0249899728961038,0.8846153846153806,0.0769230769230785,0.038461538461540955,0.9230769230769215,2025-07-21 10:57:00,3.7,3.6585,5002076.0,4025291.35,0.16666666666667038,2025-07-21 10:58:00,3.61,3.6108,0.013333333333331853,0.024324324324324405,0.008108108108108055,2.0,33.24396782841823,1.2399999999999998,4.97,2025-07-21 14:46:00,9.11528150134049,0.3400000000000003,4.07,2025-07-21 11:29:00,False,,True,2025-07-21 11:01:00,3.6,3.0732333079714644,3.6052038376958975,3.4944835721545826,0.12078161037268931,0.018303521429656605,0.1024780889430327
OPEN,2025-07-21,2025-07-21 13:08:00,True,clean_breakout,previous_high_break_with_pullback_low_support_or_previous_resistance,4.3548,4.48,4.35,4.48,7100512.0,3587621.6,1.979169709536814,0.9630769230769205,0.0,0.036923076923079466,1.0,2025-07-21 13:06:00,4.38,4.35,2848988.0,3716213.0,0.5000000000000074,2025-07-21 13:07:00,4.32,4.3546,0.5974999999999836,0.013698630136986212,0.022831050228310626,2.0,10.937499999999984,0.4899999999999993,4.97,2025-07-21 14:46:00,0.22321428571428092,0.009999999999999787,4.49,2025-07-21 13:09:00,False,,True,2025-07-21 13:12:00,4.31,3.5362846867370186,4.330309488132499,4.240540702663363,0.10047111636137096,0.011098888101776158,0.0893722282595948
PONY,2025-04-28,2025-04-28 10:16:00,True,clean_breakout,previous_high_break_with_pullback_low_support_or_previous_resistance,8.23,8.46,8.21,8.44,226937.0,135000.8,1.6810048533045732,0.8399999999999963,0.0800000000000054,0.0799999999999983,0.9199999999999946,2025-04-28 10:12:00,8.31,8.25,162540.0,123864.9,0.07142857142856962,2025-04-28 10:14:00,8.2,8.28,0.12500000000001943,0.01323706377858017,0.015643802647412636,4.0,34.47867298578199,2.91,11.35,2025-04-28 13:06:00,8.412322274881527,0.7100000000000009,9.15,2025-04-28 10:44:00,False,,False,,,7.8187192244845605,8.248740977866902,8.109861967313288,0.16415843353801485,0.006133639269656821,0.15802479426835803
PONY,2025-04-28,2025-04-28 10:42:00,True,clean_breakout,previous_high_break_with_pullback_low_support_or_previous_resistance,8.79,9.0,8.72,8.98,333863.0,159798.7,2.0892723157322304,0.6785714285714347,0.07142857142857006,0.24999999999999525,0.9285714285714299,2025-04-28 10:36:00,8.95,8.89,370953.0,171068.65,0.33333333333332676,2025-04-28 10:41:00,8.78,8.79,0.14285714285713924,0.018994413407821223,0.0033519553072626973,6.0,26.391982182628055,2.369999999999999,11.35,2025-04-28 13:06:00,4.565701559020046,0.41000000000000014,9.39,2025-04-28 11:05:00,False,,False,,,8.18313391649498,8.826624324577505,8.706277911704285,0.15360425846653136,0.0017646654603410694,0.1518395930061903
PONY,2025-04-28,2025-04-28 10:44:00,True,clean_breakout,previous_high_break_with_pullback_low_support_or_previous_resistance,8.92,9.15,8.91,9.13,393055.0,178231.3,2.205308495196972,0.8750000000000028,0.08333333333333148,0.04166666666666574,0.9166666666666685,2025-04-28 10:42:00,9.0,8.98,333863.0,159798.7,0.07142857142857006,2025-04-28 10:43:00,8.87,8.92,0.38461538461538775,0.01444444444444453,0.01444444444444453,2.0,24.31544359255201,2.219999999999999,11.35,2025-04-28 13:06:00,2.847754654983568,0.2599999999999998,9.39,2025-04-28 11:05:00,False,,False,,,8.230349129376735,8.902239567729605,8.765048358560652,0.1662716102124211,0.008968047543033847,0.15730356266938725
PONY,2025-04-28,2025-04-28 12:47:00,True,clean_breakout,previous_high_break_with_pullback_low_support_or_previous_resistance,10.53,10.95,10.51,10.92,638132.0,283341.85,2.2521628908683984,0.8863636363636387,0.0681818181818168,0.04545454545454454,0.9318181818181832,2025-04-28 12:45:00,10.79,10.57,504893.0,257814.8,0.7857142857142835,2025-04-28 12:46:00,10.47,10.52,0.2777777777777723,0.02965708989805362,0.01204819277108441,2.0,3.937728937728935,0.4299999999999997,11.35,2025-04-28 13:06:00,3.937728937728935,0.4299999999999997,11.35,2025-04-28 13:06:00,False,,False,,,9.391406239027912,10.550201215942078,10.34278179056954,0.21280448053231282,0.039983027790371745,0.17282145274194108
FRMM,2025-08-12,2025-08-12 14:19:00,True,clean_breakout,previous_high_break_with_pullback_low_support_or_previous_resistance,97.712,101.999,97.7,101.2,61352.7,54649.69499999999,1.1226540239611584,0.8113514770876962,0.18585717608746075,0.0027913468248430976,0.8141428239125392,2025-08-12 14:15:00,100.0,99.001,90638.8,49133.225,0.27749999999999914,2025-08-12 14:18:00,97.0,97.7,0.2916666666666672,0.03,0.012000000000000028,4.0,25.889328063241106,26.200000000000003,127.4,2025-08-12 14:47:00,25.889328063241106,26.200000000000003,127.4,2025-08-12 14:47:00,True,8.0,True,2025-08-12 14:22:00,94.801,68.6188628606653,97.69394257345925,95.027067582322,2.8481771788303973,0.5317846010798712,2.316392577750526
FRMM,2025-08-12,2025-08-12 14:25:00,True,clean_breakout,previous_high_break_with_pullback_low_support_or_previous_resistance,101.3,107.383,100.8,105.9,121803.9,62776.58,1.9402761348260766,0.6987695579523029,0.2252772292267948,0.07595321282090234,0.7747227707732052,2025-08-12 14:19:00,101.999,101.2,61352.7,54649.69499999999,0.18585717608746075,2025-08-12 14:23:00,94.2,97.9,0.375,0.07646153393660715,0.038245472994833385,6.0,20.30217186024551,21.5,127.4,2025-08-12 14:47:00,20.30217186024551,21.5,127.4,2025-08-12 14:47:00,True,8.0,False,,,69.45797110305884,99.92931793797693,97.36820431980222,2.8849832596950904,0.21877118607652468,2.6662120736185657
BIAF,2026-03-23,2026-03-23 10:42:00,True,clean_breakout,previous_high_break_with_pullback_low_support_or_previous_resistance,3.37,3.44,3.3614,3.4399,52529.0,27084.75,1.9394308605396025,0.8893129770992401,0.0012722646310402955,0.10941475826971965,0.9987277353689598,2026-03-23 10:38:00,3.38,3.3443,59405.0,22491.75,0.6296296296296297,2026-03-23 10:39:00,3.31,3.3698,0.5997001499250382,0.020710059171597586,0.017721893491124345,4.0,56.399895345794924,1.9400999999999997,5.38,2026-03-23 12:52:00,23.55010320067443,0.8100999999999998,4.25,2026-03-23 11:03:00,True,7.0,False,,,3.1294276060449806,3.345757629976798,3.2904180281704454,0.05807841125107727,0.01735049376978625,0.040727917481291016
BIAF,2026-03-23,2026-03-23 11:53:00,True,clean_breakout,previous_high_break_with_pullback_low_support_or_previous_resistance,4.5019,4.72,4.45,4.6851,511211.0,295332.2,1.7309693964965553,0.6785185185185205,0.12925925925925758,0.1922222222222219,0.8707407407407425,2026-03-23 11:50:00,4.56,4.45,595148.0,265187.75,0.5502751375687829,2026-03-23 11:51:00,4.39,4.5177,0.40000000000000235,0.037280701754385956,0.027434210526315936,3.0,14.832127382553193,0.6948999999999996,5.38,2026-03-23 12:52:00,10.990160295404577,0.5148999999999999,5.2,2026-03-23 12:22:00,True,28.0,False,,,4.05371632680908,4.4676045374257916,4.371985608810136,0.10142646149458745,0.025388187685482275,0.07603827380910518
AIFF,2026-03-04,2026-03-04 12:30:00,True,clean_breakout,previous_high_break_with_pullback_low_support_or_previous_resistance,1.22,1.38,1.22,1.335,1515743.0,287380.85,5.274335433276087,0.7187500000000003,0.2812499999999997,0.0,0.7187500000000003,2026-03-04 12:25:00,1.25,1.23,824452.0,189333.4,0.36363636363636437,2026-03-04 12:28:00,1.192,1.202,0.2631578947368421,0.04640000000000004,0.06799999999999998,5.0,41.565543071161045,0.5549,1.8899,2026-03-04 14:41:00,22.097378277153553,0.29499999999999993,1.63,2026-03-04 12:45:00,True,4.0,False,,,1.1418585072163507,1.2270572137785174,1.1955768680262682,0.02935095954602307,0.011763850535465081,0.01758710901055799
FJET,2025-12-22,2025-12-22 10:31:00,True,clean_breakout,previous_high_break_with_pullback_low_support_or_previous_resistance,10.91,11.42,10.8,11.41,183999.0,106756.0,1.7235471542583087,0.8064516129032269,0.016129032258064193,0.177419354838709,0.9838709677419358,2025-12-22 10:28:00,11.33,11.16,173821.0,95255.6,0.12500000000000092,2025-12-22 10:29:00,10.63,11.08,0.7894736842105271,0.06178287731685784,0.007060900264783766,3.0,198.8606485539001,22.69,34.1,2025-12-22 16:00:00,7.887817703768627,0.9000000000000004,12.31,2025-12-22 10:47:00,False,,False,,,9.612040850056253,10.76624747542431,10.255709884293072,0.5189908654174609,0.17871271287595247,0.3402781525415084
FJET,2025-12-22,2025-12-22 11:39:00,True,clean_breakout,previous_high_break_with_pullback_low_support_or_previous_resistance,13.39,14.2,13.33,14.12,155231.0,79682.55,1.9481178752437014,0.8390804597701141,0.09195402298850591,0.06896551724137995,0.9080459770114941,2025-12-22 11:22:00,14.0,13.8,164316.0,109386.2,0.3124999999999986,2025-12-22 11:24:00,12.64,12.87,0.26744186046511487,0.0971428571428571,0.008571428571428516,17.0,141.50141643059493,19.980000000000004,34.1,2025-12-22 16:00:00,16.713881019830037,2.360000000000001,16.48,2025-12-22 11:48:00,True,7.0,False,,,11.144546066362775,13.425816111455674,13.217393576338825,0.26064665942614873,0.02624073305009786,0.23440592637605087
FJET,2025-12-22,2025-12-22 15:28:00,True,clean_breakout,previous_high_break_with_pullback_low_support_or_previous_resistance,24.41,26.4,24.28,25.52,400688.0,158143.15,2.5337044317126605,0.5235849056603777,0.41509433962264153,0.06132075471698074,0.5849056603773585,2025-12-22 15:18:00,25.44,24.7,213977.0,156006.25,0.521126760563381,2025-12-22 15:21:00,23.08,23.6,0.5416666666666694,0.0927672955974844,0.0031446540880502474,10.0,33.62068965517242,8.580000000000002,34.1,2025-12-22 16:00:00,23.275862068965523,5.940000000000001,31.46,2025-12-22 15:56:00,True,18.0,False,,,16.220838715905813,24.220305198370593,23.676178174772645,0.7099629039951552,-0.04937019648030305,0.7593331004754582
FJET,2025-12-22,2025-12-22 15:56:00,True,clean_breakout,previous_high_break_with_pullback_low_support_or_previous_resistance,29.2,31.46,29.15,31.46,339863.0,167508.3,2.0289322976831596,0.9783549783549781,0.0,0.021645021645021932,1.0,2025-12-22 15:48:00,29.34,29.19,328401.0,151718.0,0.10416666666666559,2025-12-22 15:52:00,27.23,27.85,0.7126436781609199,0.07191547375596453,0.07225630538513977,8.0,8.391608391608393,2.6400000000000006,34.1,2025-12-22 16:00:00,8.391608391608393,2.6400000000000006,34.1,2025-12-22 16:00:00,False,,True,2025-12-22 16:05:00,27.22,17.419413557881146,28.98458049542282,27.837206143508112,1.2866254587367578,0.1464397451923276,1.1401857135444302
MYSE,2025-01-07,2025-01-07 12:43:00,True,clean_breakout,previous_high_break_with_pullback_low_support_or_previous_resistance,3.81,4.1,3.74,4.084,1542770.0,467662.2,3.2988982218361884,0.7611111111111112,0.04444444444444456,0.1944444444444443,0.9555555555555555,2025-01-07 12:41:00,3.9799,3.8797,1123300.0,371139.6,0.5897586815773983,2025-01-07 12:42:00,3.78,3.82,0.30769230769230715,0.05022739264805658,0.026156436091358932,2.0,131.63565132223314,5.376000000000001,9.46,2025-01-07 16:02:00,7.002938295788455,0.2860000000000005,4.37,2025-01-07 13:13:00,False,,True,2025-01-07 12:52:00,3.77,3.2289013250446033,3.787699932377195,3.654779194220075,0.1277887679515275,0.047727155795069434,0.08006161215645806
NMAX,2026-04-22,2026-04-22 09:55:00,True,clean_breakout,previous_high_break_with_pullback_low_support_or_previous_resistance,8.15,8.5,8.06,8.36,94355.0,25470.4,3.7044961995100194,0.47727272727272574,0.31818181818181984,0.20454545454545445,0.6818181818181802,2026-04-22 09:53:00,8.13,8.1,59815.0,18888.45,0.12000000000000412,2026-04-22 09:54:00,8.06,8.16,0.3684210526315814,0.008610086100861043,0.02829028290282886,2.0,33.97129186602871,2.84,11.2,2026-04-22 11:35:00,3.1100478468899495,0.2599999999999998,8.62,2026-04-22 10:25:00,False,,False,,,7.792676679256261,8.004660832890663,7.817110905046526,0.17185556582487393,0.073435476987664,0.09842008883720993
NMAX,2026-04-22,2026-04-22 10:28:00,True,clean_breakout,previous_high_break_with_pullback_low_support_or_previous_resistance,8.61,8.85,8.6,8.82,41483.0,28922.7,1.434271350876647,0.8400000000000034,0.11999999999999744,0.03999999999999915,0.8800000000000026,2026-04-22 10:26:00,8.74,8.63,123726.0,30339.7,0.523809523809519,2026-04-22 10:27:00,8.53,8.65,0.38461538461538775,0.024027459954233506,0.009153318077803212,2.0,26.98412698412697,2.379999999999999,11.2,2026-04-22 11:35:00,6.349206349206354,0.5600000000000005,9.38,2026-04-22 10:58:00,False,,False,,,8.141779499320457,8.581223060672002,8.469373017833094,0.12998960425146322,0.023049366232245752,0.10694023801921747
NMAX,2026-04-22,2026-04-22 10:29:00,True,clean_breakout,previous_high_break_with_pullback_low_support_or_previous_resistance,8.8,9.16,8.72,9.05,212858.0,37437.55,5.685681888905657,0.5681818181818188,0.249999999999999,0.18181818181818218,0.750000000000001,2026-04-22 10:26:00,8.74,8.63,123726.0,30339.7,0.523809523809519,2026-04-22 10:27:00,8.53,8.65,0.38461538461538775,0.024027459954233506,0.03546910755148747,3.0,23.75690607734805,2.1499999999999986,11.2,2026-04-22 11:35:00,4.0883977900552395,0.3699999999999992,9.42,2026-04-22 10:59:00,False,,False,,,8.240497977810541,8.674978448537603,8.524670825658514,0.16061862167361518,0.04692891657579848,0.1136897050978167
QUCY,2026-05-14,2026-05-14 15:26:00,True,clean_breakout,previous_high_break_with_pullback_low_support_or_previous_resistance,3.025,3.48,2.9812,3.37,1458522.0,382259.95,3.8155239647784183,0.6916599839615079,0.22052927024859634,0.08781074578989585,0.7794707297514036,2026-05-14 15:24:00,3.3,2.97,2042960.0,287188.45,0.6407766990291259,2026-05-14 15:25:00,2.9,3.0245,0.4166666666666673,0.12121212121212119,0.0212121212121213,2.0,4.747774480712157,0.1599999999999997,3.53,2026-05-14 15:30:00,4.747774480712157,0.1599999999999997,3.53,2026-05-14 15:30:00,False,,True,2026-05-14 15:37:00,2.88,2.609251413308948,2.936714550544788,2.802128168012863,0.12264774667911604,0.05611078847389453,0.06653695820522151
RDZN,2024-12-19,2024-12-19 12:18:00,True,clean_breakout,previous_high_break_with_pullback_low_support_or_previous_resistance,2.194,2.3,2.16,2.25,37165.0,20679.55,1.797186108982062,0.40000000000000124,0.3571428571428567,0.24285714285714205,0.6428571428571433,2024-12-19 12:16:00,2.22,2.21,30272.0,18274.1,0.25000000000000555,2024-12-19 12:17:00,2.1494,2.2,0.6487179487179525,0.0318018018018019,0.013513513513513424,2.0,5.777777777777773,0.1299999999999999,2.38,2024-12-19 12:22:00,5.777777777777773,0.1299999999999999,2.38,2024-12-19 12:22:00,False,,True,2024-12-19 12:26:00,2.0699,1.8983315440244446,2.1794955961604323,2.1052308737632877,0.08318031530427294,0.007818297117719988,0.07536201818655296
RDZN,2024-12-19,2024-12-19 12:21:00,True,clean_breakout,previous_high_break_with_pullback_low_support_or_previous_resistance,2.2299,2.35,2.2299,2.32,48973.0,26289.45,1.8628385150697333,0.7502081598667754,0.24979184013322464,0.0,0.7502081598667754,2024-12-19 12:18:00,2.3,2.25,37165.0,20679.55,0.3571428571428567,2024-12-19 12:19:00,2.19,2.22,0.40485829959514474,0.04782608695652169,0.008695652173913052,3.0,2.5862068965517264,0.06000000000000005,2.38,2024-12-19 12:22:00,2.5862068965517264,0.06000000000000005,2.38,2024-12-19 12:22:00,False,,True,2024-12-19 12:26:00,2.0699,1.9226029561832096,2.2192617452341414,2.144522034676859,0.08575225063711933,0.004895472449186089,0.08085677818793324
DLTH,2025-09-04,2025-09-04 10:47:00,True,clean_breakout,previous_high_break_with_pullback_low_support_or_previous_resistance,4.0297,4.25,4.0001,4.2199,891381.0,474077.7,1.8802424159583966,0.7611044417767097,0.12044817927170863,0.1184473789515817,0.8795518207282914,2025-09-04 10:45:00,4.19,3.97,934128.0,427858.4,0.2596296296296294,2025-09-04 10:46:00,3.92,4.03,0.4145818441744125,0.06443914081145595,0.00713603818615742,2.0,10.42915708903055,0.44010000000000016,4.66,2025-09-04 10:59:00,10.42915708903055,0.44010000000000016,4.66,2025-09-04 10:59:00,True,12.0,False,,,3.8033273478051024,3.982070995432253,3.8506313827166156,0.15081991358322755,0.025283109693943262,0.1255368038892843
DLTH,2025-09-04,2025-09-04 10:56:00,True,clean_breakout,previous_high_break_with_pullback_low_support_or_previous_resistance,4.24,4.56,4.23,4.48,1263145.0,669342.9,1.8871418521059982,0.7272727272727297,0.24242424242424054,0.03030303030302973,0.7575757575757595,2025-09-04 10:54:00,4.46,4.32,690328.0,641325.2,0.3749999999999972,2025-09-04 10:55:00,4.1101,4.2393,0.4615934262236519,0.07845291479820625,0.00448430493273553,2.0,4.017857142857136,0.17999999999999972,4.66,2025-09-04 10:59:00,4.017857142857136,0.17999999999999972,4.66,2025-09-04 10:59:00,False,,True,2025-09-04 11:09:00,3.95,3.980497014002355,4.303907056141616,4.144714452838562,0.19212328393257305,0.004979031809511314,0.18714425212306174
LRMR,2026-02-25,2026-02-25 10:11:00,True,clean_breakout,previous_high_break_with_pullback_low_support_or_previous_resistance,4.86,4.97,4.85,4.955,312329.0,253735.9,1.2309215999785603,0.7916666666666639,0.12499999999999722,0.08333333333333888,0.8750000000000028,2026-02-25 10:09:00,4.95,4.9,262080.0,267496.95,0.38461538461538775,2026-02-25 10:10:00,4.84,4.855,0.18750000000000694,0.022222222222222286,0.0010101010101009886,2.0,29.566094853683143,1.4649999999999999,6.42,2026-02-25 13:35:00,10.393541876892023,0.5149999999999997,5.47,2026-02-25 10:21:00,True,10.0,False,,,4.505072604131821,4.842058641054029,4.722514887077861,0.153698946806192,0.0003172173446640558,0.15338172946152795
LRMR,2026-02-25,2026-02-25 11:21:00,True,clean_breakout,previous_high_break_with_pullback_low_support_or_previous_resistance,5.7551,5.99,5.7537,5.9886,837185.0,392066.6,2.135313235047311,0.9881506559458328,0.005924672027085443,0.005924672027081684,0.9940753279729145,2026-02-25 11:19:00,5.82,5.7616,474748.0,377609.2,0.5845845845845921,2026-02-25 11:20:00,5.74,5.75,0.33444816053511445,0.013745704467353964,0.02896907216494839,2.0,7.203687005310089,0.4314,6.42,2026-02-25 13:35:00,1.8602010486591145,0.11139999999999972,6.1,2026-02-25 11:34:00,False,,True,2026-02-25 11:43:00,5.72,5.159497500225111,5.756251751535321,5.677062954696194,0.09014770373153436,0.012891337150006163,0.0772563665815282
ASTI,2026-04-15,2026-04-15 12:48:00,True,clean_breakout,previous_high_break_with_pullback_low_support_or_previous_resistance,5.64,5.85,5.6001,5.81,101581.0,56150.8,1.8090748484438333,0.680272108843539,0.16006402561024466,0.15966386554621642,0.8399359743897553,2026-04-15 12:46:00,5.76,5.6,89703.0,56585.2,0.457142857142858,2026-04-15 12:47:00,5.58,5.62,0.3636363636363629,0.03124999999999995,0.008680555555555525,2.0,18.07228915662652,1.0500000000000007,6.86,2026-04-15 14:19:00,6.024096385542179,0.35000000000000053,6.16,2026-04-15 12:51:00,False,,True,2026-04-15 13:01:00,5.565,5.017821706606208,5.578444383657288,5.479087194738129,0.1095981189278481,0.022854813296085366,0.08674330563176273
ASTI,2026-04-15,2026-04-15 14:10:00,True,clean_breakout,previous_high_break_with_pullback_low_support_or_previous_resistance,6.17,6.27,6.14,6.26,53216.0,25113.75,2.1189985565676173,0.6923076923076917,0.07692307692307535,0.23076923076923286,0.9230769230769247,2026-04-15 14:08:00,6.19,6.107,69517.0,22933.65,0.22000000000000125,2026-04-15 14:09:00,6.1,6.1699,0.25000000000000555,0.014539579967689942,0.011308562197091986,2.0,9.584664536741224,0.6000000000000005,6.86,2026-04-15 14:19:00,9.584664536741224,0.6000000000000005,6.86,2026-04-15 14:19:00,False,,True,2026-04-15 14:35:00,5.84,5.469119655867588,6.114273990130751,6.041025100968135,0.0758656477515709,0.02098814905847214,0.054877498693098756
ASTI,2026-04-15,2026-04-15 14:13:00,True,clean_breakout,previous_high_break_with_pullback_low_support_or_previous_resistance,6.285,6.75,6.2701,6.7,233571.0,39981.9,5.841918468106818,0.8647634923942493,0.10418837257762002,0.031048135028130693,0.89581162742238,2026-04-15 14:11:00,6.3192,6.3192,90052.0,28952.35,0.0,2026-04-15 14:12:00,6.23,6.2992,0.40729841082989865,0.014115710849474607,0.06026079250538039,2.0,2.3880597014925393,0.16000000000000014,6.86,2026-04-15 14:19:00,2.3880597014925393,0.16000000000000014,6.86,2026-04-15 14:19:00,False,,True,2026-04-15 14:34:00,6.21,5.523415718325844,6.287237882946945,6.147717867135345,0.13256480348810395,0.055039861444438204,0.07752494204366575
ASTI,2026-04-15,2026-04-15 14:18:00,True,clean_breakout,previous_high_break_with_pullback_low_support_or_previous_resistance,6.4701,6.84,6.3601,6.84,266437.0,72112.2,3.6947562271016556,0.7707855803292345,0.0,0.22921441967076553,1.0,2026-04-15 14:14:00,6.8,6.73,183611.0,48765.1,0.2916666666666639,2026-04-15 14:15:00,6.4301,6.5799,0.49949983327775893,0.05439705882352933,0.005882352941176476,4.0,0.2923976608187202,0.020000000000000462,6.86,2026-04-15 14:19:00,0.2923976608187202,0.020000000000000462,6.86,2026-04-15 14:19:00,False,,True,2026-04-15 14:26:00,6.43,5.627136844963128,6.524361469484058,6.338876768007442,0.19043077544607012,0.051781401671745886,0.13864937377432424
GXAI,2024-12-10,2024-12-10 10:49:00,True,clean_breakout,previous_high_break_with_pullback_low_support_or_previous_resistance,5.0516,5.4,5.01,5.3107,347135.0,82318.85,4.216956383622949,0.6643589743589736,0.2289743589743602,0.10666666666666615,0.7710256410256399,2024-12-10 10:47:00,4.95,4.9101,114388.0,56574.6,0.0,2024-12-10 10:48:00,4.89,5.06,0.13857142857143132,0.012121212121212222,0.07286868686868678,2.0,41.224320711017384,2.1893000000000002,7.5,2024-12-10 11:26:00,29.167529704182133,1.5490000000000004,6.8597,2024-12-10 11:19:00,True,2.0,False,,,4.457687608365526,4.938911619608013,4.800782980204197,0.1311775310986043,0.06046578820317189,0.07071174289543242
GXAI,2024-12-10,2024-12-10 11:19:00,True,clean_breakout,previous_high_break_with_pullback_low_support_or_previous_resistance,6.3315,6.8597,6.28,6.82,918368.0,474125.35,1.9369729966980251,0.8426772468518203,0.06848369846472288,0.08883905468345676,0.9315163015352771,2024-12-10 11:15:00,6.61,6.56,856901.0,467364.15,0.16129032258064718,2024-12-10 11:18:00,6.11,6.3198,0.26528343831048595,0.075642965204236,0.031770045385779114,4.0,9.970674486803514,0.6799999999999997,7.5,2024-12-10 11:26:00,9.970674486803514,0.6799999999999997,7.5,2024-12-10 11:26:00,False,,False,,,5.412192302299376,6.303732656936945,5.986254586996409,0.3510735006269403,0.06171133612656782,0.2893621645003725
GXAI,2024-12-10,2024-12-10 11:26:00,True,clean_breakout,previous_high_break_with_pullback_low_support_or_previous_resistance,6.8022,7.5,6.78,7.3343,1228916.0,600739.85,2.045670850701847,0.7390277777777777,0.23013888888888923,0.030833333333333032,0.7698611111111108,2024-12-10 11:21:00,7.2,6.9001,762987.0,501284.65,0.4471052631578953,2024-12-10 11:24:00,6.62,6.72,0.3846153846153836,0.08055555555555556,0.018652777777777726,5.0,2.259247644628665,0.16570000000000018,7.5,2024-12-10 11:27:00,2.259247644628665,0.16570000000000018,7.5,2024-12-10 11:27:00,False,,True,2024-12-10 11:30:00,6.52,5.71479958326092,6.825739076496063,6.469053527111086,0.4148446592188959,0.030102221410146013,0.3847424378087499
MLGO,2025-02-21,2025-02-21 11:35:00,True,clean_breakout,previous_high_break_with_pullback_low_support_or_previous_resistance,190.2019,206.4021,189.0019,205.7991,62023.679757,55098.18401265,1.1256937205545643,0.8963805013735491,0.03465477408305541,0.06896472454339546,0.9653452259169446,2025-02-21 11:29:00,203.402,192.2629,56930.264025,62035.85296860001,0.07139479538918254,2025-02-21 11:30:00,182.4018,186.9049,0.4548539913738243,0.10324480585244973,0.011785036528647817,6.0,70.70215564596734,145.50439999999998,351.3035,2025-02-21 14:35:00,27.552841581911657,56.70349999999996,262.5026,2025-02-21 12:04:00,True,5.0,False,,,125.59160195882771,193.36321605741287,185.14189882596085,10.34449209950472,-0.760550672778809,11.105042772283529
MLGO,2025-02-21,2025-02-21 11:36:00,True,clean_breakout,previous_high_break_with_pullback_low_support_or_previous_resistance,205.2021,223.2022,202.502,220.5022,103498.331673,56553.264461700004,1.8301035786023097,0.7391281243659477,0.1304335223814271,0.13043835325262523,0.8695664776185729,2025-02-21 11:29:00,203.402,192.2629,56930.264025,62035.85296860001,0.07139479538918254,2025-02-21 11:30:00,182.4018,186.9049,0.4548539913738243,0.10324480585244973,0.08407095308797358,7.0,59.31972560817987,130.8013,351.3035,2025-02-21 14:35:00,19.047610409329245,42.000399999999985,262.5026,2025-02-21 12:04:00,True,28.0,False,,,126.6621287849451,198.7910128459303,188.50954655682173,11.91421554193036,0.6216151456980032,11.292600396232357
INBS,2026-01-05,2026-01-05 12:29:00,True,clean_breakout,previous_high_break_with_pullback_low_support_or_previous_resistance,12.415,13.3,12.3901,13.135,225016.0,70721.1,3.1817378406161665,0.7912957467853614,0.18133860863831283,0.027365644576325752,0.8186613913616871,2026-01-05 12:23:00,12.82,12.581,144995.0,66097.7,0.41164934300843514,2026-01-05 12:28:00,12.08,12.39,0.7045454545454565,0.05772230889235571,0.024570982839313533,6.0,16.102017510468215,2.115,15.25,2026-01-05 13:12:00,13.894175866006861,1.825000000000001,14.96,2026-01-05 12:40:00,True,10.0,False,,,11.246514662503978,12.514801636418765,12.153961900649954,0.40312101558738256,0.06223237984551305,0.3408886357418695
MAAS,2026-04-22,2026-04-22 09:54:00,True,clean_breakout,previous_high_break_with_pullback_low_support_or_previous_resistance,10.35,10.91,10.28,10.91,12708.0,3879.05,3.276059860017272,0.8888888888888886,0.0,0.11111111111111142,1.0,2026-04-22 09:52:00,10.9,10.14,15324.0,2662.7,0.0,2026-04-22 09:53:00,10.14,10.28,0.43749999999999584,0.06972477064220181,0.0009174311926605309,2.0,30.6141154903758,3.34,14.25,2026-04-22 10:20:00,30.6141154903758,3.34,14.25,2026-04-22 10:20:00,True,18.0,False,,,9.9955455250834,10.22353494581029,9.79546228640225,0.4172707072640218,0.1607851436751117,0.2564855635889101
HYPD,2025-06-24,2025-06-24 11:15:00,True,clean_breakout,previous_high_break_with_pullback_low_support_or_previous_resistance,9.275,9.68,9.21,9.5576,342105.0,253246.6,1.350876971299911,0.6012765957446832,0.26042553191489204,0.13829787234042482,0.739574468085108,2025-06-24 11:09:00,9.48,9.4294,451743.0,224383.85,0.12050488211479178,2025-06-24 11:13:00,9.0501,9.3366,0.39375568354046414,0.045348101265822775,0.008185654008438854,6.0,12.475935381267254,1.1923999999999992,10.75,2025-06-24 11:22:00,12.475935381267254,1.1923999999999992,10.75,2025-06-24 11:22:00,True,7.0,False,,,8.175278716762419,9.259847077159876,8.99222496460728,0.3338186647802388,0.006493887551455468,0.32732477722878334
HYPD,2025-06-24,2025-06-24 11:19:00,True,clean_breakout,previous_high_break_with_pullback_low_support_or_previous_resistance,9.5799,9.99,9.5799,9.8664,393699.0,275378.35,1.4296657671164057,0.698610095098757,0.30138990490124296,0.0,0.698610095098757,2025-06-24 11:16:00,9.84,9.5957,461155.0,274038.45,0.6979999999999981,2025-06-24 11:18:00,9.52,9.57,0.31250000000000416,0.032520325203252064,0.0026829268292683584,3.0,8.955647449931075,0.8835999999999995,10.75,2025-06-24 11:22:00,8.955647449931075,0.8835999999999995,10.75,2025-06-24 11:22:00,False,,True,2025-06-24 11:28:00,9.46,8.313635310286614,9.507433042804687,9.21443566730213,0.35624700063960013,0.015471345371876832,0.3407756552677233
SBET,2025-05-29,2025-05-29 13:47:00,True,clean_breakout,previous_high_break_with_pullback_low_support_or_previous_resistance,54.33,55.8,54.0,55.28,52189.0,47705.45,1.0939840206936524,0.5277777777777802,0.28888888888888714,0.18333333333333268,0.7111111111111129,2025-05-29 13:44:00,54.74,54.2,56252.0,45463.7,0.033613445378150406,2025-05-29 13:45:00,53.5,54.05,0.624999999999995,0.022652539276580234,0.009864815491413942,3.0,93.25253256150505,51.55,106.83,2025-05-29 16:17:00,9.442836468885671,5.219999999999999,60.5,2025-05-29 13:54:00,False,,False,,,43.971015784127864,53.983643266443906,52.72772038223666,1.5027871642882928,0.03391409250164967,1.4688730717866432
PONY,2025-04-28,2025-04-28 10:16:00,True,clean_breakout,previous_high_break_with_pullback_low_support_or_previous_resistance,8.23,8.46,8.21,8.44,226937.0,135000.8,1.6810048533045732,0.8399999999999963,0.0800000000000054,0.0799999999999983,0.9199999999999946,2025-04-28 10:12:00,8.31,8.25,162540.0,123864.9,0.07142857142856962,2025-04-28 10:14:00,8.2,8.28,0.12500000000001943,0.01323706377858017,0.015643802647412636,4.0,34.47867298578199,2.91,11.35,2025-04-28 13:06:00,8.412322274881527,0.7100000000000009,9.15,2025-04-28 10:44:00,False,,False,,,7.8187192244845605,8.248740977866902,8.109861967313288,0.16415843353801485,0.006133639269656821,0.15802479426835803
PONY,2025-04-28,2025-04-28 10:42:00,True,clean_breakout,previous_high_break_with_pullback_low_support_or_previous_resistance,8.79,9.0,8.72,8.98,333863.0,159798.7,2.0892723157322304,0.6785714285714347,0.07142857142857006,0.24999999999999525,0.9285714285714299,2025-04-28 10:36:00,8.95,8.89,370953.0,171068.65,0.33333333333332676,2025-04-28 10:41:00,8.78,8.79,0.14285714285713924,0.018994413407821223,0.0033519553072626973,6.0,26.391982182628055,2.369999999999999,11.35,2025-04-28 13:06:00,4.565701559020046,0.41000000000000014,9.39,2025-04-28 11:05:00,False,,False,,,8.18313391649498,8.826624324577505,8.706277911704285,0.15360425846653136,0.0017646654603410694,0.1518395930061903
PONY,2025-04-28,2025-04-28 10:44:00,True,clean_breakout,previous_high_break_with_pullback_low_support_or_previous_resistance,8.92,9.15,8.91,9.13,393055.0,178231.3,2.205308495196972,0.8750000000000028,0.08333333333333148,0.04166666666666574,0.9166666666666685,2025-04-28 10:42:00,9.0,8.98,333863.0,159798.7,0.07142857142857006,2025-04-28 10:43:00,8.87,8.92,0.38461538461538775,0.01444444444444453,0.01444444444444453,2.0,24.31544359255201,2.219999999999999,11.35,2025-04-28 13:06:00,2.847754654983568,0.2599999999999998,9.39,2025-04-28 11:05:00,False,,False,,,8.230349129376735,8.902239567729605,8.765048358560652,0.1662716102124211,0.008968047543033847,0.15730356266938725
PONY,2025-04-28,2025-04-28 12:47:00,True,clean_breakout,previous_high_break_with_pullback_low_support_or_previous_resistance,10.53,10.95,10.51,10.92,638132.0,283341.85,2.2521628908683984,0.8863636363636387,0.0681818181818168,0.04545454545454454,0.9318181818181832,2025-04-28 12:45:00,10.79,10.57,504893.0,257814.8,0.7857142857142835,2025-04-28 12:46:00,10.47,10.52,0.2777777777777723,0.02965708989805362,0.01204819277108441,2.0,3.937728937728935,0.4299999999999997,11.35,2025-04-28 13:06:00,3.937728937728935,0.4299999999999997,11.35,2025-04-28 13:06:00,False,,False,,,9.391406239027912,10.550201215942078,10.34278179056954,0.21280448053231282,0.039983027790371745,0.17282145274194108
DWTX,2025-01-23,2025-01-23 09:56:00,True,clean_breakout,previous_high_break_with_pullback_low_support_or_previous_resistance,3.21,3.42,3.1875,3.4189,38471.0,5487.55,7.010596714380735,0.8984946236559137,0.00473118279569936,0.09677419354838697,0.9952688172043006,2025-01-23 09:52:00,3.33,3.33,7248.0,2244.7,0.0,2025-01-23 09:55:00,3.1119,3.32,0.32815126050420196,0.06549549549549555,0.026696696696696623,4.0,756.4158062534734,25.8611,29.28,2025-01-23 13:40:00,9.976893152768433,0.34109999999999996,3.76,2025-01-23 10:10:00,False,,False,,,3.1644509372109253,3.2359619822937655,3.118871811075616,0.12403830319531339,0.025847488261976775,0.09819081493333662
DWTX,2025-01-23,2025-01-23 09:57:00,True,clean_breakout,previous_high_break_with_pullback_low_support_or_previous_resistance,3.42,3.74,3.33,3.61,71335.0,9039.3,7.891650902171629,0.46341463414634115,0.31707317073170804,0.2195121951219508,0.682926829268292,2025-01-23 09:55:00,3.3499,3.32,20557.0,3569.0,0.1256302521008405,2025-01-23 09:56:00,3.1875,3.4189,0.09677419354838697,0.04847905907639031,0.07764410877936655,2.0,711.0803324099724,25.67,29.28,2025-01-23 13:40:00,4.15512465373961,0.1499999999999999,3.76,2025-01-23 10:10:00,False,,False,,,3.309468449373757,3.3107695858350126,3.16564592430651,0.14770592888067302,0.04076773043020296,0.10693819845047006
DWTX,2025-01-23,2025-01-23 12:40:00,True,clean_breakout,previous_high_break_with_pullback_low_support_or_previous_resistance,15.89,17.78,15.15,17.695,848857.0,632588.9,1.3418777977292993,0.686311787072243,0.032319391634981307,0.2813688212927757,0.9676806083650187,2025-01-23 12:38:00,15.6,14.7991,895236.0,604469.6,0.3795914498317458,2025-01-23 12:39:00,14.5,15.8854,0.1798561151079136,0.0705128205128205,0.13429487179487185,2.0,65.4704718847132,11.585,29.28,2025-01-23 13:40:00,62.47527550155411,11.055,28.75,2025-01-23 12:56:00,True,8.0,False,,,8.415149681078843,14.742969594551502,13.147930139757982,1.7164042886678104,0.2613031943667763,1.455101094301034
DWTX,2025-01-23,2025-01-23 12:48:00,True,clean_breakout,previous_high_break_with_pullback_low_support_or_previous_resistance,17.83,21.82,17.6001,20.25,878115.0,589226.9,1.4902832847583842,0.5734733050546227,0.3720467309651889,0.05447996398018843,0.6279532690348111,2025-01-23 12:41:00,18.25,18.25,283558.0,582693.1,0.0,2025-01-23 12:46:00,15.5,17.21,0.6333333333333339,0.1506849315068493,0.1095890410958904,7.0,44.5925925925926,9.030000000000001,29.28,2025-01-23 13:40:00,41.9753086419753,8.5,28.75,2025-01-23 12:56:00,True,1.0,False,,,8.824144989591373,17.013200345928297,14.904327742778985,2.2396871007702526,0.4911204066730426,1.74856669409721
MBAI,2026-01-26,2026-01-26 10:22:00,True,clean_breakout,previous_high_break_with_pullback_low_support_or_previous_resistance,1.88,1.99,1.86,1.99,56181.0,10687.25,5.256824721046106,0.8461538461538476,0.0,0.1538461538461524,1.0,2026-01-26 10:19:00,1.93,1.9,10084.0,8670.2,0.0,2026-01-26 10:20:00,1.85,1.9,0.8480000000000029,0.041450777202072464,0.03108808290155443,3.0,98.99497487437185,1.97,3.96,2026-01-26 16:18:00,49.2462311557789,0.9800000000000002,2.97,2026-01-26 10:38:00,True,2.0,True,2026-01-26 10:23:00,1.78,1.7788243867550755,1.890967288344354,1.834173783874602,0.061231460215658284,0.011895298739825595,0.04933616147583269
MBAI,2026-01-26,2026-01-26 10:28:00,True,clean_breakout,previous_high_break_with_pullback_low_support_or_previous_resistance,2.1194,2.3,2.11,2.28,429015.0,86017.1,4.987554800150202,0.8452631578947352,0.10526315789473696,0.04947368421052789,0.894736842105263,2026-01-26 10:25:00,2.25,2.055,380802.0,47899.85,0.1851851851851845,2026-01-26 10:26:00,2.0101,2.11,0.2495826377295493,0.10662222222222223,0.013333333333333246,3.0,73.68421052631581,1.6800000000000002,3.96,2026-01-26 16:18:00,30.263157894736864,0.6900000000000004,2.97,2026-01-26 10:38:00,True,1.0,False,,,2.047037854470607,2.0812883208357427,1.9700198376079552,0.1133391743097727,0.032308533016621566,0.08103064129315113
MBAI,2026-01-26,2026-01-26 10:33:00,True,clean_breakout,previous_high_break_with_pullback_low_support_or_previous_resistance,2.31,2.63,2.27,2.5595,723464.0,228826.6,3.1616254403989745,0.6930555555555553,0.19583333333333341,0.11111111111111124,0.8041666666666666,2026-01-26 10:29:00,2.55,2.51,682584.0,119960.9,0.14301036825169858,2026-01-26 10:32:00,2.27,2.3183,0.2683333333333319,0.10980392156862738,0.0037254901960784566,4.0,54.717718304356325,1.4005,3.96,2026-01-26 16:18:00,18.382496581363544,0.4704999999999999,3.03,2026-01-26 11:02:00,True,3.0,False,,,2.272198534662069,2.3239157569714566,2.1550401442768483,0.17558930537706052,0.042669059541990684,0.13292024583506984
MBAI,2026-01-26,2026-01-26 11:32:00,True,clean_breakout,previous_high_break_with_pullback_low_support_or_previous_resistance,3.5397,3.7699,3.5286,3.73,955733.0,1060908.7,0.9008626284241048,0.7886448404475767,0.1653543307086608,0.04600082884376251,0.8346456692913392,2026-01-26 11:29:00,3.72,3.582,1077827.0,1057486.9,0.7263157894736846,2026-01-26 11:30:00,3.43,3.58,0.7500000000000006,0.07795698924731183,0.0026881720430106952,3.0,6.166219839142091,0.22999999999999998,3.96,2026-01-26 16:18:00,5.093833780160857,0.18999999999999995,3.92,2026-01-26 11:45:00,False,,True,2026-01-26 11:36:00,3.3001,2.904579729921336,3.530770889424834,3.348868549408046,0.21722642644181578,0.013883048487772387,0.2033433779540434
ATOM,2026-04-24,2026-04-24 11:38:00,True,clean_breakout,previous_high_break_with_pullback_low_support_or_previous_resistance,7.77,8.0787,7.76,8.035,162406.0,41847.75,3.880877705491932,0.8315029808597452,0.13711954816441618,0.0313774709758387,0.8628804518355838,2026-04-24 11:33:00,7.89,7.85,67601.0,26502.4,0.20512820512820595,2026-04-24 11:35:00,7.59,7.6625,0.38157894736841913,0.038022813688212906,0.018377693282636307,5.0,19.351586807716238,1.5549,9.5899,2026-04-24 14:41:00,8.525202240199135,0.6850000000000005,8.72,2026-04-24 11:47:00,False,,False,,,7.231180205486293,7.727873217417393,7.522434937872336,0.22000580479293763,0.03804878214851029,0.18195702264442734
BNAI,2024-05-31,2024-05-31 12:43:00,True,clean_breakout,previous_high_break_with_pullback_low_support_or_previous_resistance,43.898,46.5,43.1,45.99,56250.6,23217.659999999996,2.4227506131108822,0.6152941176470587,0.14999999999999947,0.23470588235294182,0.8500000000000005,2024-05-31 12:38:00,45.4,42.617,52322.5,17146.469999999994,0.8977419354838709,2024-05-31 12:39:00,42.5,43.8,0.16666666666666535,0.06387665198237882,0.012995594713656463,5.0,83.30071754729288,38.309999999999995,84.3,2024-05-31 13:44:00,52.42444009567295,24.109999999999992,70.1,2024-05-31 13:06:00,True,6.0,False,,,37.6769979278959,43.25446191019138,41.22252032769522,2.1720731878654504,0.35191487917566056,1.82015830868979
BNAI,2024-05-31,2024-05-31 12:48:00,True,clean_breakout,previous_high_break_with_pullback_low_support_or_previous_resistance,45.8,49.799,45.8,49.2,46321.9,29750.754999999994,1.5569991417024547,0.8502125531382855,0.1497874468617145,0.0,0.8502125531382855,2024-05-31 12:46:00,47.8,47.501,26520.5,26549.409999999996,0.23000000000000012,2024-05-31 12:47:00,45.8,45.9,0.058788947677837385,0.041841004184100423,0.029288702928870414,2.0,71.34146341463413,35.099999999999994,84.3,2024-05-31 13:44:00,42.47967479674794,20.89999999999999,70.1,2024-05-31 13:06:00,True,11.0,False,,,38.44783544496053,46.04344607873153,43.60636819777127,2.674509172443692,0.38047326295151285,2.294035909492179
BNAI,2024-05-31,2024-05-31 12:58:00,True,clean_breakout,previous_high_break_with_pullback_low_support_or_previous_resistance,51.5,54.0,50.5,54.0,55479.3,35605.24,1.5581779535821134,0.7142857142857143,0.0,0.2857142857142857,1.0,2024-05-31 12:52:00,51.1,48.889,61347.4,35752.755,0.4831034482758635,2024-05-31 12:53:00,47.2,47.5,0.16666666666666535,0.07632093933463793,0.05675146771037179,6.0,56.1111111111111,30.299999999999997,84.3,2024-05-31 13:44:00,29.814814814814806,16.099999999999994,70.1,2024-05-31 13:06:00,True,4.0,False,,,40.18265362568112,50.2640714255823,47.78117496941353,2.8948621198363824,0.18075614974183019,2.7141059700945522
BNAI,2024-05-31,2024-05-31 13:02:00,True,clean_breakout,previous_high_break_with_pullback_low_support_or_previous_resistance,53.8,59.5,53.75,58.153,66988.7,40097.8,1.6706328027971606,0.7570434782608698,0.2342608695652176,0.00869565217391255,0.7657391304347824,2024-05-31 13:00:00,55.0,52.999,45856.7,37795.315,0.14296296296296385,2024-05-31 13:01:00,52.6,53.8,0.06250000000000083,0.04363636363636361,0.057327272727272706,2.0,44.96242670197582,26.147,84.3,2024-05-31 13:44:00,20.54408199061097,11.946999999999996,70.1,2024-05-31 13:06:00,True,3.0,False,,,41.153574904032304,53.207717255918524,50.17952277697533,3.416496328083298,0.5050123817233918,2.911483946359906
ISPC,2025-09-09,2025-09-09 10:54:00,True,clean_breakout,previous_high_break_with_pullback_low_support_or_previous_resistance,45.596,53.2,45.2,52.396,72995.0,31954.921250000003,2.284311684855114,0.8500000000000005,0.10050000000000026,0.04949999999999921,0.8994999999999997,2025-09-09 10:52:00,52.0,48.8,35575.675,24544.320000000003,0.6249999999999994,2025-09-09 10:53:00,42.4,45.8,0.4999999999999995,0.18461538461538465,0.007615384615384631,2.0,181.70089319795403,95.204,147.6,2025-09-09 16:02:00,70.24200320635163,36.804,89.2,2025-09-09 11:16:00,True,6.0,False,,,40.59812657563988,44.93125078381979,41.04835633660304,3.8801198991130406,1.3740316695068056,2.506088229606235
NBP,2025-08-01,2025-08-01 09:40:00,True,clean_breakout,previous_high_break_with_pullback_low_support_or_previous_resistance,2.5461,2.69,2.5254,2.67,167893.0,52896.05,3.1740177196595964,0.752733900364519,0.12150668286755777,0.12575941676792315,0.8784933171324423,2025-08-01 09:36:00,2.65,2.6008,116596.0,35840.75,0.5466666666666665,2025-08-01 09:39:00,2.52,2.5246,0.11499999999999834,0.04905660377358487,0.007547169811320762,4.0,28.838951310861425,0.77,3.44,2025-08-01 10:19:00,3.3707865168539275,0.08999999999999986,2.76,2025-08-01 10:10:00,False,,True,2025-08-01 09:41:00,2.46,2.4721246111168647,2.529935687113573,2.460772551546461,0.06860021857734822,0.026600710270937314,0.0419995083064109
ENTA,2025-09-29,2025-09-29 10:03:00,True,clean_breakout,previous_high_break_with_pullback_low_support_or_previous_resistance,8.48,8.94,8.47,8.94,13856.0,10474.3,1.3228568973582961,0.9787234042553196,0.0,0.021276595744680448,1.0,2025-09-29 10:01:00,8.75,8.62,12633.0,8977.5,0.5652173913043502,2025-09-29 10:02:00,8.44,8.6,0.6249999999999972,0.03542857142857148,0.021714285714285658,2.0,77.62863534675617,6.940000000000001,15.88,2025-09-29 16:04:00,10.178970917225953,0.9100000000000001,9.85,2025-09-29 10:31:00,True,28.0,False,,,7.503431036238096,8.480904935603496,8.19080776032963,0.3074901129433094,0.06616790322631971,0.2413222097169897
ENTA,2025-09-29,2025-09-29 10:27:00,True,clean_breakout,previous_high_break_with_pullback_low_support_or_previous_resistance,9.5,9.79,9.5,9.66,27299.0,11824.65,2.30865184170356,0.5517241379310366,0.4482758620689634,0.0,0.5517241379310366,2025-09-29 10:23:00,9.6,9.46,11557.0,17504.1,0.6666666666666639,2025-09-29 10:24:00,9.42,9.45,0.07142857142856962,0.01874999999999997,0.006250000000000052,4.0,64.38923395445136,6.220000000000001,15.88,2025-09-29 16:04:00,2.5879917184265007,0.25,9.91,2025-09-29 10:40:00,False,,True,2025-09-29 10:53:00,9.33,7.888047094060849,9.46786450746933,9.272583197498697,0.2664495497888115,-0.024340263749042412,0.29078981353785394
ENTA,2025-09-29,2025-09-29 11:15:00,True,clean_breakout,previous_high_break_with_pullback_low_support_or_previous_resistance,9.93,10.32,9.93,10.12,41790.0,9055.95,4.614645619730674,0.48717948717948517,0.5128205128205148,0.0,0.48717948717948517,2025-09-29 11:13:00,9.95,9.93,7520.0,7147.45,0.10526315789473488,2025-09-29 11:14:00,9.85,9.86,0.12499999999999722,0.010050251256281372,0.017085427135678385,2.0,56.91699604743084,5.760000000000002,15.88,2025-09-29 16:04:00,4.743083003952574,0.4800000000000004,10.6,2025-09-29 11:45:00,False,,False,,,8.258078844667219,9.857038392282512,9.753504585843615,0.09807614764896577,0.04105330813388279,0.05702283951508298
ENTA,2025-09-29,2025-09-29 13:40:00,True,clean_breakout,previous_high_break_with_pullback_low_support_or_previous_resistance,12.54,12.97,12.48,12.97,114200.0,43551.15,2.6222040060939835,0.8775510204081659,0.0,0.12244897959183407,1.0,2025-09-29 13:38:00,12.66,12.45,80313.0,39043.55,0.6071428571428583,2025-09-29 13:39:00,12.3,12.51,0.6666666666666716,0.028436018957345925,0.024486571879936848,2.0,22.436391673091748,2.91,15.88,2025-09-29 16:04:00,10.71703932151117,1.3899999999999988,14.36,2025-09-29 14:03:00,True,23.0,False,,,10.303518508451193,12.383285234420086,12.112388259902653,0.27339467150970087,0.08020839964854329,0.19318627186115758
ENTA,2025-09-29,2025-09-29 13:58:00,True,clean_breakout,previous_high_break_with_pullback_low_support_or_previous_resistance,13.34,13.97,13.32,13.88,146491.0,81931.9,1.7879604891379306,0.8307692307692317,0.13846153846153816,0.030769230769230098,0.8615384615384618,2025-09-29 13:56:00,13.6,13.55,110281.0,77415.3,0.08771929824561212,2025-09-29 13:57:00,13.32,13.35,0.11111111111110891,0.0205882352941176,0.02058823529411773,2.0,14.409221902017292,2.0,15.88,2025-09-29 16:04:00,3.7463976945244926,0.5199999999999996,14.4,2025-09-29 14:17:00,False,,False,,,10.87126027043454,13.255869417960588,12.919962572944648,0.3592697508874778,0.09534170484416854,0.2639280460433093
ARTV,2025-12-15,2025-12-15 10:50:00,True,clean_breakout,previous_high_break_with_pullback_low_support_or_previous_resistance,4.9056,5.12,4.9014,5.0801,281973.0,102621.4,2.747701746419363,0.7982616651418107,0.1825251601097905,0.019213174748398787,0.8174748398902095,2025-12-15 10:48:00,5.06,4.9339,287435.0,90570.4,0.6914219919401288,2025-12-15 10:49:00,4.88,4.9099,0.3737500000000057,0.035573122529644216,0.003972332015810322,2.0,42.71372610775379,2.1699,7.25,2025-12-15 15:12:00,10.234050510816713,0.5198999999999998,5.6,2025-12-15 11:16:00,True,25.0,True,2025-12-15 11:02:00,4.83,4.626998633921399,4.8867416384964955,4.802485219269703,0.0920728913790203,0.02099171005675768,0.07108118132226263
ARTV,2025-12-15,2025-12-15 15:00:00,True,clean_breakout,previous_high_break_with_pullback_low_support_or_previous_resistance,6.7501,6.98,6.67,6.93,194596.0,139616.5,1.3937894160074202,0.5803225806451602,0.16129032258064718,0.25838709677419264,0.8387096774193528,2025-12-15 14:58:00,6.85,6.81,290813.0,118673.7,0.19900497512437865,2025-12-15 14:59:00,6.65,6.7581,0.38997113997113836,0.0291970802919707,0.011678832116788333,2.0,4.617604617604622,0.3200000000000003,7.25,2025-12-15 15:12:00,4.617604617604622,0.3200000000000003,7.25,2025-12-15 15:12:00,False,,True,2025-12-15 15:14:00,6.63,5.392693859402582,6.630435181383523,6.410584011275532,0.2121205394157153,0.06985021906730315,0.14227032034841214
CING,2024-08-30,2024-08-30 12:52:00,True,clean_breakout,previous_high_break_with_pullback_low_support_or_previous_resistance,7.6543,7.88,7.6512,7.88,20302.0,5041.2,4.027215742283583,0.9864510489510494,0.0,0.013548951048950547,1.0,2024-08-30 12:50:00,7.7,7.67,10359.0,4206.75,0.0019999999999953458,2024-08-30 12:51:00,7.65,7.675,0.4999999999999911,0.0064935064935064705,0.02337662337662334,2.0,22.969543147208118,1.8099999999999996,9.69,2024-08-30 13:17:00,22.969543147208118,1.8099999999999996,9.69,2024-08-30 13:17:00,True,15.0,False,,,7.02876364820336,7.620893038507175,7.503670301030464,0.10975398359791111,0.049868605239568986,0.05988537835834212
QMCO,2024-12-18,2024-12-18 09:49:00,True,clean_breakout,previous_high_break_with_pullback_low_support_or_previous_resistance,24.98,26.0,24.78,25.95,35056.0,26977.25,1.2994652901982227,0.7950819672131145,0.04098360655737767,0.16393442622950777,0.9590163934426224,2024-12-18 09:47:00,25.5,25.4,39647.0,23366.75,0.1298701298701318,2024-12-18 09:48:00,24.55,24.78,0.24210526315789538,0.037254901960784285,0.017647058823529384,2.0,151.4450867052023,39.3,65.25,2024-12-18 16:32:00,9.441233140655104,2.4499999999999993,28.4,2024-12-18 10:14:00,False,,False,,,23.49220913597272,24.670816227859895,23.951661358475445,0.6831692346922615,0.24591857132290101,0.4372506633693605
QMCO,2024-12-18,2024-12-18 11:21:00,True,clean_breakout,previous_high_break_with_pullback_low_support_or_previous_resistance,29.0,30.0,28.98,29.99,73092.0,16184.45,4.516186833658233,0.9705882352941165,0.009803921568628988,0.019607843137254492,0.990196078431371,2024-12-18 11:18:00,29.0,28.6,17204.0,13063.9,0.6250000000000009,2024-12-18 11:19:00,28.18,28.5,0.5423728813559329,0.028275862068965527,0.034137931034482705,3.0,117.57252417472492,35.260000000000005,65.25,2024-12-18 16:32:00,23.941313771257096,7.180000000000003,37.17,2024-12-18 11:45:00,True,12.0,False,,,25.739331003036597,28.843544281522814,28.313415363077976,0.599822819378879,0.0604865153899099,0.5393363039889691
QMCO,2024-12-18,2024-12-18 11:33:00,True,clean_breakout,previous_high_break_with_pullback_low_support_or_previous_resistance,31.45,33.34,31.45,33.2,69616.0,27201.65,2.5592565156893055,0.9259259259259258,0.07407407407407421,0.0,0.9259259259259258,2024-12-18 11:28:00,31.75,31.51,45865.0,24290.45,0.44444444444444225,2024-12-18 11:30:00,31.07,31.21,0.2641509433962269,0.02141732283464566,0.04566929133858277,5.0,96.53614457831323,32.05,65.25,2024-12-18 16:32:00,28.012048192771072,9.299999999999997,42.5,2024-12-18 12:00:00,True,11.0,False,,,26.53043997494374,31.46430053227182,30.49442843198001,1.0954258039808273,0.1041427129242789,0.9912830910565484
QMCO,2024-12-18,2024-12-18 11:39:00,True,clean_breakout,previous_high_break_with_pullback_low_support_or_previous_resistance,32.91,33.9,32.6,33.9,41481.0,33156.5,1.2510669099573235,0.7615384615384647,0.0,0.23846153846153526,1.0,2024-12-18 11:35:00,33.5,32.5,55926.0,30303.35,0.4098360655737709,2024-12-18 11:36:00,32.2,32.68,0.3896103896103879,0.038805970149253646,0.011940298507462643,4.0,92.4778761061947,31.35,65.25,2024-12-18 16:32:00,25.368731563421836,8.600000000000001,42.5,2024-12-18 12:00:00,True,14.0,False,,,26.95268822499795,32.722272958731864,31.66968090598324,1.2264823739433481,0.09803632316198652,1.1284460507813616
QMCO,2024-12-18,2024-12-18 11:44:00,True,clean_breakout,previous_high_break_with_pullback_low_support_or_previous_resistance,34.5,36.7,34.23,36.21,80585.0,39974.25,2.015922750270487,0.692307692307691,0.19838056680161975,0.10931174089068926,0.8016194331983802,2024-12-18 11:41:00,35.53,35.31,77945.0,36088.6,0.18032786885245825,2024-12-18 11:43:00,33.3,34.45,0.22500000000000206,0.06276386152547155,0.019138755980861236,3.0,80.19884009942004,29.04,65.25,2024-12-18 16:32:00,17.37089201877934,6.289999999999999,42.5,2024-12-18 12:00:00,True,15.0,False,,,27.771907453912164,34.22945840311726,32.93579587811961,1.4723313545110557,0.17165933469663375,1.300672019814422
QMCO,2024-12-18,2024-12-18 11:53:00,True,clean_breakout,previous_high_break_with_pullback_low_support_or_previous_resistance,35.63,38.09,35.44,37.98,108312.0,50756.3,2.133961695395448,0.8867924528301846,0.04150943396226653,0.07169811320754883,0.9584905660377335,2024-12-18 11:45:00,37.17,36.34,64926.0,41205.3,0.6102941176470579,2024-12-18 11:49:00,33.33,33.6,0.3417721518987385,0.1033091202582729,0.02179176755447929,8.0,71.80094786729859,27.270000000000003,65.25,2024-12-18 16:32:00,17.03528172722487,6.470000000000006,44.45,2024-12-18 12:22:00,True,7.0,False,,,28.806964742074985,35.406253508416924,34.397367687425806,1.2575648764148397,-0.05262227831586541,1.3101871547307051
IXHL,2025-07-18,2025-07-18 10:14:00,True,clean_breakout,previous_high_break_with_pullback_low_support_or_previous_resistance,13.8721,14.8051,13.8691,14.7691,90647.660181,24749.50416915,3.6626050995393826,0.9583333333333337,0.038461538461538027,0.003205128205128327,0.961538461538462,2025-07-18 10:12:00,14.0041,13.9291,50194.398051,22671.274951650004,0.24752475247524597,2025-07-18 10:13:00,13.8661,13.8691,0.04347826086956633,0.009854256967602339,0.054626859276926086,2.0,35.40567807110793,5.229100000000001,19.9982,2025-07-18 16:13:00,12.899228795254952,1.9050999999999991,16.6742,2025-07-18 10:33:00,True,18.0,False,,,13.122825145960128,13.812616102147153,13.566543723994084,0.21161050292816874,0.1406556009024516,0.07095490202571715
IXHL,2025-07-18,2025-07-18 14:40:00,True,clean_breakout,previous_high_break_with_pullback_low_support_or_previous_resistance,18.4742,18.9392,18.4442,18.7592,98820.34512,55742.29923809999,1.772807122610688,0.5757575757575749,0.3636363636363623,0.06060606060606278,0.6363636363636377,2025-07-18 14:37:00,18.7472,18.4982,90861.491376,49377.5762193,0.6039603960396017,2025-07-18 14:39:00,18.1772,18.4712,0.22772277227723572,0.030404540411368114,0.0006400955876077737,3.0,6.604759264787415,1.2390000000000008,19.9982,2025-07-18 16:13:00,5.34137916329054,1.001999999999999,19.7612,2025-07-18 14:42:00,False,,True,2025-07-18 14:59:00,18.1712,15.506345003631095,18.360465399650067,18.022720300968558,0.3908336290988359,0.03297640555667808,0.3578572235421578
IXHL,2025-07-18,2025-07-18 14:41:00,True,clean_breakout,previous_high_break_with_pullback_low_support_or_previous_resistance,18.7592,19.4972,18.6182,19.2002,117052.262799,59963.01703050001,1.9520742717042028,0.5017064846416383,0.33788395904437013,0.16040955631399156,0.6621160409556298,2025-07-18 14:37:00,18.7472,18.4982,90861.491376,49377.5762193,0.6039603960396017,2025-07-18 14:39:00,18.1772,18.4712,0.22772277227723572,0.030404540411368114,0.02416360843219251,4.0,4.1562067061801535,0.7980000000000018,19.9982,2025-07-18 16:13:00,2.921844564119124,0.5609999999999999,19.7612,2025-07-18 14:42:00,False,,True,2025-07-18 14:59:00,18.1712,15.539536257313797,18.528412319720054,18.13486122468584,0.4368742994592516,0.06342636556579428,0.3734479338934573
PDYN,2024-11-22,2024-11-22 10:09:00,True,clean_breakout,previous_high_break_with_pullback_low_support_or_previous_resistance,2.75,2.9,2.69,2.855,398481.0,70168.6,5.678907659551423,0.5,0.214285714285714,0.28571428571428603,0.785714285714286,2024-11-22 10:07:00,2.65,2.6199,76114.0,46842.0,0.24999999999999445,2024-11-22 10:08:00,2.61,2.745,0.05555555555555679,0.015094339622641523,0.07735849056603776,2.0,76.88266199649738,2.195,5.05,2024-11-22 15:25:00,22.59194395796848,0.645,3.5,2024-11-22 10:37:00,True,8.0,False,,,2.5305039062753774,2.657421415211804,2.5753277146917695,0.08885468036546218,0.018502974021290516,0.07035170634417166
PDYN,2024-11-22,2024-11-22 10:17:00,True,clean_breakout,previous_high_break_with_pullback_low_support_or_previous_resistance,2.891,3.16,2.89,3.09,985326.0,206620.95,4.768761347772333,0.7370370370370364,0.2592592592592603,0.0037037037037032958,0.7407407407407397,2024-11-22 10:11:00,2.92,2.84,428989.0,103717.25,0.6446414182111213,2024-11-22 10:14:00,2.65,2.7495,0.6666666666666666,0.09246575342465754,0.05821917808219176,6.0,63.43042071197411,1.96,5.05,2024-11-22 15:25:00,13.268608414239488,0.41000000000000014,3.5,2024-11-22 10:37:00,True,7.0,False,,,2.73885741974421,2.842752870060342,2.7297184833936585,0.12214215870280265,0.021757587516588392,0.10038457118621426
NMG,2025-10-13,2025-10-13 13:29:00,True,clean_breakout,previous_high_break_with_pullback_low_support_or_previous_resistance,4.265,4.35,4.265,4.35,33222.0,6599.3,5.034170290788417,1.0,0.0,0.0,1.0,2025-10-13 13:27:00,4.3,4.3,3952.0,5252.95,0.0,2025-10-13 13:28:00,4.26,4.275,0.4999999999999778,0.009302325581395357,0.011627906976744146,2.0,83.90804597701151,3.6500000000000004,8.0,2025-10-13 19:05:00,9.195402298850585,0.40000000000000036,4.75,2025-10-13 13:41:00,False,,False,,,3.8678382430818927,4.282338505073427,4.256041298654273,0.028479607860612433,0.00863259208909781,0.019847015771514622
NMG,2025-10-13,2025-10-13 13:31:00,True,clean_breakout,previous_high_break_with_pullback_low_support_or_previous_resistance,4.331,4.4,4.311,4.3937,22130.0,7450.6,2.9702305854562048,0.7044943820224634,0.07078651685393693,0.22471910112359966,0.9292134831460631,2025-10-13 13:29:00,4.35,4.35,33222.0,6599.3,0.0,2025-10-13 13:30:00,4.32,4.35,0.7499999999999833,0.006896551724137784,0.01004597701149432,2.0,82.07888567721966,3.6063,8.0,2025-10-13 19:05:00,8.109338370849171,0.35630000000000006,4.75,2025-10-13 13:41:00,False,,False,,,3.8765172788048483,4.3154366432469935,4.27724786579182,0.038767797714704066,0.013948783553734499,0.024819014160969568
AQMS,2025-10-13,2025-10-13 10:58:00,True,clean_breakout,previous_high_break_with_pullback_low_support_or_previous_resistance,8.78,9.59,8.6201,9.38,186472.0,30738.8,6.0663396098741655,0.6186204763377688,0.21651716671821764,0.16486235694401355,0.7834828332817824,2025-10-13 10:36:00,8.82,8.415,91444.0,14157.3,0.5625000000000011,2025-10-13 10:42:00,8.0,8.09,0.47368421052631626,0.09297052154195014,0.06349206349206354,22.0,187.52665245202553,17.589999999999996,26.97,2025-10-13 18:16:00,16.950959488272918,1.5899999999999999,10.97,2025-10-13 11:16:00,True,17.0,False,,,8.055333264554335,8.573649297213809,8.329778906548135,0.2508091523841518,0.07442939211108088,0.17637976027307092
AQMS,2025-10-13,2025-10-13 11:15:00,True,clean_breakout,previous_high_break_with_pullback_low_support_or_previous_resistance,9.7,10.48,9.6,10.3663,187387.0,78979.95,2.3725894989804375,0.7571590909090918,0.129204545454545,0.11363636363636313,0.870795454545455,2025-10-13 10:59:00,9.81,9.5,209797.0,40371.25,0.5344827586206905,2025-10-13 11:02:00,8.61,9.042,0.6660499537465315,0.12232415902140684,0.05670744138634049,16.0,160.1699738575962,16.603699999999996,26.97,2025-10-13 18:16:00,20.19717739212641,2.0937,12.46,2025-10-13 11:42:00,True,22.0,False,,,8.726418912539438,9.593889548750697,9.260620473686206,0.37539867286234774,0.04718066289793388,0.32821800996441386
MLGO,2025-03-24,2025-03-24 10:35:00,True,clean_breakout,previous_high_break_with_pullback_low_support_or_previous_resistance,173.5637,185.4019,173.1017,183.0018,65933.540658,28380.181195350004,2.3232247956472873,0.7673127266223295,0.1951269085055532,0.037560364872117266,0.8048730914944467,2025-03-24 10:32:00,176.7018,175.5018,44167.424988,25830.515025599998,0.18569814766097553,2025-03-24 10:33:00,172.8017,173.6717,0.2899903336555393,0.022071648392942126,0.03565328706328975,3.0,176.55744369727512,323.1033,506.1051,2025-03-24 16:40:00,28.195077862622114,51.5975,234.5993,2025-03-24 11:05:00,True,18.0,True,2025-03-24 10:42:00,165.9017,139.7921347415795,172.9092542359448,167.38150501419238,6.1233226862450465,0.99001679482123,5.1333058914238165
MLGO,2025-03-24,2025-03-24 11:05:00,True,clean_breakout,previous_high_break_with_pullback_low_support_or_previous_resistance,218.1022,234.5993,217.8322,227.9783,51517.184823,34074.017589749994,1.5119198869726824,0.5890165860524468,0.3948804504058549,0.01610296354169834,0.6051195495941452,2025-03-24 11:02:00,227.7023,222.6022,57000.76332,33134.870314650005,0.2656274413808189,2025-03-24 11:03:00,214.8021,217.6522,0.3275939357018885,0.056653797524223566,0.001212108968596198,3.0,121.99704971920573,278.1268,506.1051,2025-03-24 16:40:00,4.616272689111202,10.524100000000004,238.5024,2025-03-24 11:07:00,False,,True,2025-03-24 11:19:00,208.5021,153.8106616432668,215.30883494349828,205.1544849742609,11.463706598118847,1.0883282221473252,10.375378375971522
AMPG,2026-05-21,2026-05-21 13:16:00,True,clean_breakout,previous_high_break_with_pullback_low_support_or_previous_resistance,4.999,5.13,4.995,5.125,229233.0,40349.0,5.68125604104191,0.9333333333333372,0.037037037037036306,0.029629629629626415,0.9629629629629637,2026-05-21 13:10:00,5.01,4.9974,353202.0,25341.85,0.5040000000000086,2026-05-21 13:15:00,4.99,5.0,0.0,0.003992015968063787,0.02295409181636731,6.0,7.317073170731707,0.375,5.5,2026-05-21 14:19:00,3.4146341463414602,0.17499999999999982,5.3,2026-05-21 13:46:00,False,,False,,,4.829898648515198,5.014450348419683,4.985894234027623,0.02604750218410956,0.011485199506714611,0.01456230267739495
ATOM,2026-04-24,2026-04-24 11:38:00,True,clean_breakout,previous_high_break_with_pullback_low_support_or_previous_resistance,7.77,8.0787,7.76,8.035,162406.0,41847.75,3.880877705491932,0.8315029808597452,0.13711954816441618,0.0313774709758387,0.8628804518355838,2026-04-24 11:33:00,7.89,7.85,67601.0,26502.4,0.20512820512820595,2026-04-24 11:35:00,7.59,7.6625,0.38157894736841913,0.038022813688212906,0.018377693282636307,5.0,19.351586807716238,1.5549,9.5899,2026-04-24 14:41:00,8.525202240199135,0.6850000000000005,8.72,2026-04-24 11:47:00,False,,False,,,7.231180205486293,7.727873217417393,7.522434937872336,0.22000580479293763,0.03804878214851029,0.18195702264442734
BBGI,2026-04-09,2026-04-09 10:35:00,True,clean_breakout,previous_high_break_with_pullback_low_support_or_previous_resistance,5.61,5.95,5.61,5.78,24998.0,3528.15,7.08529966129558,0.5,0.5,0.0,0.5,2026-04-09 10:33:00,5.6,5.6,3604.0,2367.4,0.0,2026-04-09 10:34:00,5.6,5.65,0.0,0.0,0.03214285714285725,2.0,134.42906574394465,7.7700000000000005,13.55,2026-04-09 16:01:00,2.5951557093425515,0.14999999999999947,5.93,2026-04-09 10:41:00,False,,False,,,5.382777318183607,5.561542374614989,5.466377851965671,0.08179706304641865,0.049418509979995424,0.032378553066423225
MNPR,2024-10-24,2024-10-24 09:56:00,True,clean_breakout,previous_high_break_with_pullback_low_support_or_previous_resistance,5.54,5.7,5.54,5.69,5103.0,3671.75,1.3898005038469394,0.9375000000000013,0.06249999999999861,0.0,0.9375000000000013,2024-10-24 09:51:00,5.68,5.64,15766.0,3166.2,0.22222222222222276,2024-10-24 09:53:00,5.43,5.55,0.5833333333333351,0.04401408450704226,0.001760563380281809,5.0,585.4130052724078,33.31,39.0,2024-10-24 16:14:00,5.44815465729349,0.3099999999999996,6.0,2024-10-24 10:13:00,False,,False,,,5.356707055267832,5.52635798013054,5.389620340398725,0.141377020304164,0.02873535065887059,0.1126416696452934
LRMR,2026-02-25,2026-02-25 10:11:00,True,clean_breakout,previous_high_break_with_pullback_low_support_or_previous_resistance,4.86,4.97,4.85,4.955,312329.0,253735.9,1.2309215999785603,0.7916666666666639,0.12499999999999722,0.08333333333333888,0.8750000000000028,2026-02-25 10:09:00,4.95,4.9,262080.0,267496.95,0.38461538461538775,2026-02-25 10:10:00,4.84,4.855,0.18750000000000694,0.022222222222222286,0.0010101010101009886,2.0,29.566094853683143,1.4649999999999999,6.42,2026-02-25 13:35:00,10.393541876892023,0.5149999999999997,5.47,2026-02-25 10:21:00,True,10.0,False,,,4.505072604131821,4.842058641054029,4.722514887077861,0.153698946806192,0.0003172173446640558,0.15338172946152795
LRMR,2026-02-25,2026-02-25 11:21:00,True,clean_breakout,previous_high_break_with_pullback_low_support_or_previous_resistance,5.7551,5.99,5.7537,5.9886,837185.0,392066.6,2.135313235047311,0.9881506559458328,0.005924672027085443,0.005924672027081684,0.9940753279729145,2026-02-25 11:19:00,5.82,5.7616,474748.0,377609.2,0.5845845845845921,2026-02-25 11:20:00,5.74,5.75,0.33444816053511445,0.013745704467353964,0.02896907216494839,2.0,7.203687005310089,0.4314,6.42,2026-02-25 13:35:00,1.8602010486591145,0.11139999999999972,6.1,2026-02-25 11:34:00,False,,True,2026-02-25 11:43:00,5.72,5.159497500225111,5.756251751535321,5.677062954696194,0.09014770373153436,0.012891337150006163,0.0772563665815282
QURE,2024-07-10,2024-07-10 10:51:00,True,clean_breakout,previous_high_break_with_pullback_low_support_or_previous_resistance,8.41,8.59,8.36,8.58,386225.0,174617.75,2.2118312714486357,0.739130434782607,0.04347826086956421,0.21739130434782877,0.9565217391304358,2024-07-10 10:46:00,8.52,8.45,337147.0,190907.65,0.46666666666666745,2024-07-10 10:49:00,8.36,8.43,0.5833333333333308,0.018779342723004713,0.00704225352112682,5.0,32.28438228438228,2.7699999999999996,11.35,2024-07-10 15:16:00,7.925407925407922,0.6799999999999997,9.26,2024-07-10 11:15:00,False,,False,,,7.713195873172828,8.426551283436066,8.308511144649566,0.15132906882206498,0.0020800278106780645,0.14924904101138692
KULR,2024-12-18,2024-12-18 09:49:00,True,clean_breakout,previous_high_break_with_pullback_low_support_or_previous_resistance,13.4,13.92,13.36,13.8496,69595.5,59247.85625,1.1746500954623147,0.8028571428571425,0.12571428571428445,0.07142857142857302,0.8742857142857156,2024-12-18 09:47:00,13.6,13.4408,26641.75,54591.50625,0.7499999999999944,2024-12-18 09:48:00,13.36,13.4624,0.6400000000000067,0.01764705882352943,0.01835294117647066,2.0,52.495378927911275,7.2704,21.12,2024-12-18 13:18:00,10.90573012939001,1.5103999999999989,15.36,2024-12-18 10:03:00,True,14.0,True,2024-12-18 09:52:00,13.28,12.778705288798081,13.355713357363319,12.979221454212322,0.4113157497427409,0.05998294565994211,0.35133280408279877
KULR,2024-12-18,2024-12-18 09:56:00,True,clean_breakout,previous_high_break_with_pullback_low_support_or_previous_resistance,13.44,14.0,13.44,13.96,113626.5,59261.7125,1.9173678114684924,0.9285714285714302,0.07142857142856984,0.0,0.9285714285714302,2024-12-18 09:50:00,13.92,13.8,69834.375,59904.425,0.09999999999999779,2024-12-18 09:52:00,13.28,13.3216,0.08695652173913189,0.045977011494252915,0.002873563218390871,6.0,51.28939828080229,7.16,21.12,2024-12-18 13:18:00,10.02865329512893,1.3999999999999986,15.36,2024-12-18 10:03:00,True,7.0,False,,,12.965025572737476,13.551566638682122,13.28617757207422,0.3409578070708772,-0.03220422718177485,0.37316203425265204
KULR,2024-12-18,2024-12-18 11:04:00,True,clean_breakout,previous_high_break_with_pullback_low_support_or_previous_resistance,17.0232,18.0,16.88,18.0,167046.375,73079.96875,2.2858024963235906,0.8721428571428571,0.0,0.12785714285714295,1.0,2024-12-18 11:01:00,17.36,16.7184,77595.5,63365.6125,0.18181818181818218,2024-12-18 11:02:00,16.64,16.96,0.1366666666666663,0.04147465437788012,0.03686635944700464,3.0,17.33333333333334,3.120000000000001,21.12,2024-12-18 13:18:00,5.777777777777773,1.0399999999999991,19.04,2024-12-18 11:13:00,False,,True,2024-12-18 11:08:00,16.48,14.555198796801054,16.934695305022668,16.327257716068544,0.6607543085843304,0.08667869641354486,0.5740756121707855
PRFX,2024-12-19,2024-12-19 09:54:00,True,clean_breakout,previous_high_break_with_pullback_low_support_or_previous_resistance,45.347,57.2,43.7,57.2,279623.0,140837.41999999998,1.9854311446489152,0.8780000000000001,0.0,0.12199999999999989,1.0,2024-12-19 09:48:00,49.85,49.85,61804.6,120766.26999999999,0.0,2024-12-19 09:53:00,41.6,45.3,0.44578313253012014,0.1654964894684052,0.14744232698094284,6.0,45.36713286713287,25.950000000000003,83.15,2024-12-19 10:04:00,45.36713286713287,25.950000000000003,83.15,2024-12-19 10:04:00,True,7.0,False,,,34.71482676733816,45.8099290685259,39.573141800707965,5.971534765497523,2.137438897792982,3.834095867704541
FEED,2026-01-29,2026-01-29 09:47:00,True,clean_breakout,previous_high_break_with_pullback_low_support_or_previous_resistance,3.3,3.57,3.25,3.525,1581632.0,823216.5,1.9212831618413868,0.7031250000000007,0.14062499999999986,0.15624999999999953,0.8593750000000001,2026-01-29 09:45:00,3.44,3.33,929933.0,715162.15,0.3684210526315782,2026-01-29 09:46:00,3.25,3.3086,0.5327272727272753,0.05523255813953487,0.024709302325581384,2.0,32.76595744680851,1.1549999999999998,4.68,2026-01-29 10:10:00,32.76595744680851,1.1549999999999998,4.68,2026-01-29 10:10:00,True,3.0,False,,,3.012229750745986,3.2404240062589422,2.9641732848970705,0.2964493458065056,0.051724501124340294,0.24472484468216532
RBNE,2026-03-24,2026-03-24 10:58:00,True,clean_breakout,previous_high_break_with_pullback_low_support_or_previous_resistance,2.03,2.1999,2.02,2.11,1532387.0,915147.75,1.6744695050607947,0.4446914952751534,0.4997220678154537,0.05558643690939294,0.5002779321845463,2026-03-24 10:54:00,2.0999,2.0498,2133878.0,902098.7,0.33422281521014047,2026-03-24 10:57:00,1.98,2.0201,0.4000000000000018,0.05709795704557355,0.0048097528453735884,4.0,19.43127962085309,0.41000000000000014,2.52,2026-03-24 13:08:00,3.31753554502371,0.07000000000000028,2.18,2026-03-24 11:00:00,False,,True,2026-03-24 11:07:00,1.97,1.6840289730285303,2.000547520983905,1.9327631737807847,0.07527990127300832,0.014324909039462277,0.06095499223354604
KZIA,2024-07-10,2024-07-10 11:05:00,True,clean_breakout,previous_high_break_with_pullback_low_support_or_previous_resistance,29.565,37.5,29.55,37.5,81854.5,55293.58799999999,1.4803615203990743,0.9981132075471697,0.0,0.0018867924528302603,1.0,2024-07-10 10:59:00,32.5,30.5,93385.68,43004.484000000004,0.5882352941176473,2024-07-10 11:02:00,28.665,29.845,0.7023809523809523,0.11800000000000002,0.15384615384615385,6.0,44.0,16.5,54.0,2024-07-10 11:36:00,39.98666666666666,14.994999999999997,52.495,2024-07-10 11:35:00,True,6.0,False,,,21.92511523667576,30.848540780723468,28.046135807255922,2.949657233784837,0.5633363051147184,2.3863209286701186
NAMM,2026-01-22,2026-01-22 10:46:00,True,clean_breakout,previous_high_break_with_pullback_low_support_or_previous_resistance,3.57,3.86,3.56,3.83,1607349.0,859574.2,1.8699363010197376,0.8666666666666679,0.09999999999999941,0.033333333333332646,0.9000000000000006,2026-01-22 10:44:00,3.72,3.585,1276437.0,744480.5,0.8437500000000007,2026-01-22 10:45:00,3.51,3.575,0.38257798705120855,0.056451612903225916,0.029569892473118243,2.0,36.29242819843341,1.3899999999999997,5.22,2026-01-22 12:33:00,12.271540469973884,0.46999999999999975,4.3,2026-01-22 10:48:00,True,2.0,False,,,2.8527069723625607,3.507652113428941,3.2561612466161916,0.27151201032650407,0.044834126112667655,0.22667788421383642
HYPD,2025-06-17,2025-06-17 10:01:00,True,clean_breakout,previous_high_break_with_pullback_low_support_or_previous_resistance,3.55,3.69,3.5298,3.62,61076.0,19695.7,3.1009814324954177,0.43695380774032605,0.4369538077403233,0.1260923845193507,0.5630461922596768,2025-06-17 09:57:00,3.575,3.5688,25433.0,16219.35,0.09538461538461797,2025-06-17 09:59:00,3.51,3.53,0.5,0.018181818181818292,0.012587412587412567,4.0,126.79558011049726,4.590000000000001,8.21,2025-06-17 15:06:00,35.35911602209945,1.2800000000000002,4.9,2025-06-17 10:26:00,True,6.0,False,,,3.37637400580586,3.5258073936113123,3.434139404985724,0.09804588361726863,0.01409734286866357,0.08394854074860505
HYPD,2025-06-17,2025-06-17 14:57:00,True,clean_breakout,previous_high_break_with_pullback_low_support_or_previous_resistance,5.58,6.4194,5.51,6.3,573913.0,82273.0,6.975714997629842,0.791730811524081,0.13129535957774416,0.07697382889817488,0.8687046404222558,2025-06-17 14:55:00,5.55,5.4245,521531.0,31254.5,0.17676056338028132,2025-06-17 14:56:00,5.27,5.5503,0.4577006507592203,0.0504504504504505,0.13513513513513514,2.0,30.317460317460338,1.910000000000001,8.21,2025-06-17 15:06:00,30.317460317460338,1.910000000000001,8.21,2025-06-17 15:06:00,True,3.0,False,,,4.664601228078562,5.3335207146650285,5.1053465212008105,0.1838895079872902,0.13293386676992303,0.05095564121736717
LTBR,2024-10-29,2024-10-29 13:23:00,True,clean_breakout,previous_high_break_with_pullback_low_support_or_previous_resistance,12.2901,12.63,12.16,12.62,116518.0,40536.5,2.8743971482491086,0.7019148936170172,0.021276595744684147,0.27680851063829864,0.9787234042553159,2024-10-29 13:21:00,12.48,12.4299,81492.0,43729.25,0.05882352941176348,2024-10-29 13:22:00,12.25,12.3,0.2777777777777822,0.018429487179487215,0.01121794871794862,2.0,12.519809825673537,1.58,14.2,2024-10-29 15:05:00,1.6632329635499294,0.20990000000000109,12.8299,2024-10-29 13:25:00,False,,True,2024-10-29 13:35:00,12.01,11.09557787557033,12.329684419658626,12.140232026753695,0.20468413302975108,0.03244970070884312,0.17223443232090796
INTS,2025-10-30,2025-10-30 11:58:00,True,clean_breakout,previous_high_break_with_pullback_low_support_or_previous_resistance,21.0,22.75,20.875,22.2475,273229.08,122725.42199999999,2.2263445954987224,0.6653333333333327,0.2680000000000007,0.06666666666666667,0.7319999999999993,2025-10-30 11:55:00,21.4875,20.4025,301148.16,110486.57800000001,0.4637037037037051,2025-10-30 11:56:00,20.305,20.5425,0.30857142857143216,0.05503199534613152,0.035369400814426896,3.0,95.52758736936735,21.2525,43.5,2025-10-30 13:53:00,23.60939431396787,5.252500000000001,27.5,2025-10-30 12:26:00,True,18.0,False,,,18.56569099865451,20.89122107967039,20.330273751930935,0.605082838001394,0.07354160234412621,0.5315412356572677
INTS,2025-10-30,2025-10-30 13:20:00,True,clean_breakout,previous_high_break_with_pullback_low_support_or_previous_resistance,29.25,32.25,28.75,31.275,257447.96,129384.71600000001,1.9897864907011116,0.5785714285714282,0.27857142857142897,0.14285714285714285,0.721428571428571,2025-10-30 13:16:00,30.75,28.9975,228261.04,126424.312,0.1875,2025-10-30 13:17:00,28.5,29.2475,0.21714285714285658,0.07317073170731707,0.01707317073170727,4.0,39.08872901678658,12.225000000000001,43.5,2025-10-30 13:53:00,26.298960831334938,8.225000000000001,39.5,2025-10-30 13:47:00,True,16.0,False,,,20.373964828671248,29.42148597252364,28.22188423271515,1.3044784435578762,0.17993854298415934,1.1245399005737169
RGTI,2024-12-10,2024-12-10 12:03:00,True,clean_breakout,previous_high_break_with_pullback_low_support_or_previous_resistance,6.05,6.19,6.04,6.1895,829432.0,559917.25,1.4813474669694495,0.9299999999999975,0.0033333333333373993,0.06666666666666508,0.9966666666666626,2024-12-10 11:59:00,6.15,6.105,847775.0,472827.75,0.40909090909090723,2024-12-10 12:01:00,6.0,6.0,0.0,0.02439024390243908,0.006422764227642182,4.0,30.70522659342435,1.9005,8.09,2024-12-10 19:21:00,9.944260441069552,0.6154999999999999,6.805,2024-12-10 12:30:00,False,,False,,,5.340733878300545,6.012421986378615,5.87898775085425,0.1369204822297192,0.03502107187358053,0.10189941035613867
RGTI,2024-12-10,2024-12-10 12:30:00,True,clean_breakout,previous_high_break_with_pullback_low_support_or_previous_resistance,6.585,6.805,6.58,6.76,1361344.0,850043.7,1.6014988405890191,0.7777777777777782,0.2,0.022222222222221782,0.8,2024-12-10 12:28:00,6.63,6.615,970670.0,865251.6,0.12571428571428406,2024-12-10 12:29:00,6.55,6.59,0.5,0.012066365007541489,0.019607843137254888,2.0,19.674556213017752,1.33,8.09,2024-12-10 19:21:00,0.14792899408283708,0.009999999999999787,6.77,2024-12-10 12:31:00,False,,True,2024-12-10 12:32:00,6.44,5.519255854478543,6.573503088974477,6.461818856244936,0.13767723931289577,0.008598542690591654,0.12907869662230412
RGTI,2024-12-10,2024-12-10 13:48:00,True,clean_breakout,previous_high_break_with_pullback_low_support_or_previous_resistance,6.765,6.89,6.75,6.8804,1033532.0,516507.35,2.0010015346345025,0.8242857142857174,0.06857142857142752,0.1071428571428551,0.9314285714285725,2024-12-10 13:45:00,6.81,6.7982,481095.0,487947.6,0.1966666666666685,2024-12-10 13:46:00,6.7,6.7199,0.19899999999999876,0.016152716593245145,0.01033773861967698,3.0,17.580373234114298,1.2096,8.09,2024-12-10 19:21:00,0.13952677169931735,0.009599999999999831,6.89,2024-12-10 13:49:00,False,,True,2024-12-10 13:52:00,6.66,5.7321706691387,6.759502290485842,6.686510499104461,0.08229101361072555,0.01089312837693314,0.07139788523379241
IXHL,2025-07-18,2025-07-18 10:14:00,True,clean_breakout,previous_high_break_with_pullback_low_support_or_previous_resistance,13.8721,14.8051,13.8691,14.7691,90647.660181,24749.50416915,3.6626050995393826,0.9583333333333337,0.038461538461538027,0.003205128205128327,0.961538461538462,2025-07-18 10:12:00,14.0041,13.9291,50194.398051,22671.274951650004,0.24752475247524597,2025-07-18 10:13:00,13.8661,13.8691,0.04347826086956633,0.009854256967602339,0.054626859276926086,2.0,35.40567807110793,5.229100000000001,19.9982,2025-07-18 16:13:00,12.899228795254952,1.9050999999999991,16.6742,2025-07-18 10:33:00,True,18.0,False,,,13.122825145960128,13.812616102147153,13.566543723994084,0.21161050292816874,0.1406556009024516,0.07095490202571715
IXHL,2025-07-18,2025-07-18 14:40:00,True,clean_breakout,previous_high_break_with_pullback_low_support_or_previous_resistance,18.4742,18.9392,18.4442,18.7592,98820.34512,55742.29923809999,1.772807122610688,0.5757575757575749,0.3636363636363623,0.06060606060606278,0.6363636363636377,2025-07-18 14:37:00,18.7472,18.4982,90861.491376,49377.5762193,0.6039603960396017,2025-07-18 14:39:00,18.1772,18.4712,0.22772277227723572,0.030404540411368114,0.0006400955876077737,3.0,6.604759264787415,1.2390000000000008,19.9982,2025-07-18 16:13:00,5.34137916329054,1.001999999999999,19.7612,2025-07-18 14:42:00,False,,True,2025-07-18 14:59:00,18.1712,15.506345003631095,18.360465399650067,18.022720300968558,0.3908336290988359,0.03297640555667808,0.3578572235421578
IXHL,2025-07-18,2025-07-18 14:41:00,True,clean_breakout,previous_high_break_with_pullback_low_support_or_previous_resistance,18.7592,19.4972,18.6182,19.2002,117052.262799,59963.01703050001,1.9520742717042028,0.5017064846416383,0.33788395904437013,0.16040955631399156,0.6621160409556298,2025-07-18 14:37:00,18.7472,18.4982,90861.491376,49377.5762193,0.6039603960396017,2025-07-18 14:39:00,18.1772,18.4712,0.22772277227723572,0.030404540411368114,0.02416360843219251,4.0,4.1562067061801535,0.7980000000000018,19.9982,2025-07-18 16:13:00,2.921844564119124,0.5609999999999999,19.7612,2025-07-18 14:42:00,False,,True,2025-07-18 14:59:00,18.1712,15.539536257313797,18.528412319720054,18.13486122468584,0.4368742994592516,0.06342636556579428,0.3734479338934573
INTS,2025-10-30,2025-10-30 11:58:00,True,clean_breakout,previous_high_break_with_pullback_low_support_or_previous_resistance,21.0,22.75,20.875,22.2475,273229.08,122725.42199999999,2.2263445954987224,0.6653333333333327,0.2680000000000007,0.06666666666666667,0.7319999999999993,2025-10-30 11:55:00,21.4875,20.4025,301148.16,110486.57800000001,0.4637037037037051,2025-10-30 11:56:00,20.305,20.5425,0.30857142857143216,0.05503199534613152,0.035369400814426896,3.0,95.52758736936735,21.2525,43.5,2025-10-30 13:53:00,23.60939431396787,5.252500000000001,27.5,2025-10-30 12:26:00,True,18.0,False,,,18.56569099865451,20.89122107967039,20.330273751930935,0.605082838001394,0.07354160234412621,0.5315412356572677
INTS,2025-10-30,2025-10-30 13:20:00,True,clean_breakout,previous_high_break_with_pullback_low_support_or_previous_resistance,29.25,32.25,28.75,31.275,257447.96,129384.71600000001,1.9897864907011116,0.5785714285714282,0.27857142857142897,0.14285714285714285,0.721428571428571,2025-10-30 13:16:00,30.75,28.9975,228261.04,126424.312,0.1875,2025-10-30 13:17:00,28.5,29.2475,0.21714285714285658,0.07317073170731707,0.01707317073170727,4.0,39.08872901678658,12.225000000000001,43.5,2025-10-30 13:53:00,26.298960831334938,8.225000000000001,39.5,2025-10-30 13:47:00,True,16.0,False,,,20.373964828671248,29.42148597252364,28.22188423271515,1.3044784435578762,0.17993854298415934,1.1245399005737169
CWD,2025-08-05,2025-08-05 10:22:00,True,clean_breakout,previous_high_break_with_pullback_low_support_or_previous_resistance,5.77,6.48,5.65,6.32,879910.0,612016.25,1.437723263066953,0.6626506024096394,0.19277108433734955,0.1445783132530111,0.8072289156626504,2025-08-05 10:20:00,6.15,5.87,773987.0,543779.15,0.44827586206896813,2025-08-05 10:21:00,5.61,5.77,0.36363636363636237,0.08780487804878048,0.027642276422764213,2.0,31.962025316455687,2.0199999999999996,8.34,2025-08-05 10:42:00,31.962025316455687,2.0199999999999996,8.34,2025-08-05 10:42:00,True,4.0,False,,,5.229362902954794,5.729934695777752,5.185036835486451,0.6424402105725973,0.02300067866040756,0.6194395319121897
CWD,2025-08-05,2025-08-05 10:36:00,True,clean_breakout,previous_high_break_with_pullback_low_support_or_previous_resistance,6.89,7.96,6.5,7.6,1815670.0,924603.9,1.9637273863975697,0.4863013698630137,0.24657534246575366,0.26712328767123267,0.7534246575342464,2025-08-05 10:27:00,7.44,7.26,1016765.0,783015.0,0.3913043478260883,2025-08-05 10:30:00,6.15,6.48,0.767441860465117,0.17338709677419353,0.02150537634408592,9.0,9.736842105263161,0.7400000000000002,8.34,2025-08-05 10:42:00,9.736842105263161,0.7400000000000002,8.34,2025-08-05 10:42:00,False,,False,,,6.060612062932939,6.943976489436993,6.494607390899148,0.5944093482067476,-0.05694382696405742,0.651353175170805
MGX,2024-12-09,2024-12-09 11:17:00,True,clean_breakout,previous_high_break_with_pullback_low_support_or_previous_resistance,3.16,3.4,3.15,3.37,542666.0,146079.1,3.714877761431991,0.8399999999999999,0.11999999999999922,0.040000000000000924,0.8800000000000008,2024-12-09 11:15:00,3.24,3.238,399301.0,107973.9,0.014285714285715873,2024-12-09 11:16:00,3.1,3.1592,0.4228571428571403,0.04320987654320991,0.04012345679012342,2.0,32.64094955489613,1.0999999999999996,4.47,2024-12-09 14:31:00,3.8575667655786314,0.1299999999999999,3.5,2024-12-09 11:27:00,False,,True,2024-12-09 11:44:00,3.08,2.8292543934786774,3.14374718077229,3.030261169447752,0.11374003671431643,0.03067714643118491,0.08306289028313152
SKYQ,2026-04-10,2026-04-10 11:11:00,True,clean_breakout,previous_high_break_with_pullback_low_support_or_previous_resistance,9.1,9.35,9.1,9.275,80752.0,55089.35,1.465836863204957,0.7000000000000028,0.29999999999999716,0.0,0.7000000000000028,2026-04-10 11:03:00,9.21,9.1335,58834.0,55387.4,0.5464285714285773,2026-04-10 11:07:00,8.88,8.9699,0.6421428571428633,0.035830618892508145,0.007057546145493973,8.0,65.4986522911051,6.074999999999999,15.35,2026-04-10 15:27:00,14.824797843665769,1.375,10.65,2026-04-10 11:41:00,True,22.0,True,2026-04-10 11:18:00,8.8601,8.411187743794203,9.080267321764211,8.935960531421653,0.18501445807802952,-0.01642451207367454,0.20143897015170406
SKYQ,2026-04-10,2026-04-10 11:45:00,True,clean_breakout,previous_high_break_with_pullback_low_support_or_previous_resistance,10.57,10.99,10.4814,10.925,219108.0,120788.95,1.8139738775773777,0.697994494691311,0.12780180888714032,0.17420369642154868,0.8721981911128597,2026-04-10 11:43:00,10.66,10.58,106550.0,111601.3,0.5,2026-04-10 11:44:00,10.41,10.55,0.7777777777777821,0.02345215759849906,0.024859287054409058,2.0,40.50343249427916,4.424999999999999,15.35,2026-04-10 15:27:00,17.62013729977116,1.924999999999999,12.85,2026-04-10 12:08:00,True,21.0,False,,,9.097211615938873,10.528040937907011,10.217482000892659,0.3650307514486215,0.014247537750985195,0.3507832136976363
SKYQ,2026-04-10,2026-04-10 12:08:00,True,clean_breakout,previous_high_break_with_pullback_low_support_or_previous_resistance,12.05,12.85,11.9403,12.7999,404189.0,158322.2,2.552952144424471,0.8243376937451898,0.05507310102231563,0.1205892052324945,0.9449268989776843,2026-04-10 12:06:00,12.25,12.2016,328186.0,163231.85,0.06453333333333451,2026-04-10 12:07:00,11.87,12.06,0.47500000000000275,0.03102040816326537,0.04488979591836728,2.0,19.92281189696795,2.5501000000000005,15.35,2026-04-10 15:27:00,0.1562512207126724,0.02000000000000135,12.8199,2026-04-10 12:09:00,False,,True,2026-04-10 12:13:00,11.72,10.037739669228438,11.867660702237629,11.510023273614,0.39670453270654704,0.08906282597487425,0.3076417067316728
BGDE,2026-04-08,2026-04-08 12:25:00,True,clean_breakout,previous_high_break_with_pullback_low_support_or_previous_resistance,3.7603,3.83,3.7603,3.8184,37780.0,11504.7,3.283875285752779,0.833572453371592,0.16642754662840803,0.0,0.833572453371592,2026-04-08 12:21:00,3.7848,3.74,3876.0,9359.55,0.14732142857143232,2026-04-08 12:22:00,3.71,3.7709,0.44999999999999907,0.019763263580638395,0.008877615726062105,4.0,28.061491724282416,1.0715,4.8899,2026-04-08 13:17:00,9.469935051330394,0.3615999999999997,4.18,2026-04-08 12:55:00,False,,True,2026-04-08 12:34:00,3.5,3.338690732690319,3.759739793739912,3.706299094728507,0.06775772916022538,-0.0023429755926310802,0.07010070475285646
BGDE,2026-04-08,2026-04-08 12:55:00,True,clean_breakout,previous_high_break_with_pullback_low_support_or_previous_resistance,4.06,4.18,4.04,4.14,104488.0,31964.9,3.2688355039433876,0.5714285714285733,0.28571428571428664,0.14285714285714013,0.7142857142857134,2026-04-08 12:53:00,4.09,4.06,66518.0,33701.8,0.5059021922428418,2026-04-08 12:54:00,3.95,4.07,0.9230769230769247,0.03422982885085567,0.012224938875305581,2.0,18.113526570048315,0.7499000000000002,4.8899,2026-04-08 13:17:00,18.113526570048315,0.7499000000000002,4.8899,2026-04-08 13:17:00,True,14.0,False,,,3.637466357193173,4.016262273792289,3.939415371917535,0.07932855505501157,0.023488634988153477,0.0558399200668581
NEON,2025-06-13,2025-06-13 13:11:00,True,clean_breakout,previous_high_break_with_pullback_low_support_or_previous_resistance,14.04,14.97,14.04,14.89,41958.0,20211.75,2.075921184459535,0.913978494623656,0.08602150537634402,0.0,0.913978494623656,2025-06-13 13:06:00,14.86,14.755,41610.0,17184.35,0.09051724137930917,2025-06-13 13:10:00,14.04,14.1897,0.1600000000000037,0.05518169582772546,0.0020188425302827147,5.0,20.886501007387505,3.1099999999999994,18.0,2025-06-13 13:41:00,20.886501007387505,3.1099999999999994,18.0,2025-06-13 13:41:00,True,16.0,True,2025-06-13 13:14:00,14.0,12.747492298371515,14.169849799226293,13.43336459055375,0.85415781892989,0.04624812250441679,0.8079096964254732
NEON,2025-06-13,2025-06-13 13:23:00,True,clean_breakout,previous_high_break_with_pullback_low_support_or_previous_resistance,15.0,16.11,14.9641,15.99,79952.0,29960.7,2.668562483520078,0.8639497338336686,0.10472117985862579,0.031329086307705596,0.8952788201413742,2025-06-13 13:12:00,15.59,15.0999,72814.0,23354.5,0.4804901960784316,2025-06-13 13:14:00,14.0,14.23,0.2072072072072077,0.10198845413726747,0.025657472738935237,11.0,12.570356472795496,2.01,18.0,2025-06-13 13:41:00,12.570356472795496,2.01,18.0,2025-06-13 13:41:00,True,17.0,False,,,13.640918249876856,14.995794012318832,14.472045444308595,0.6689346386941573,-0.008941472888870705,0.677876111583028
CATX,2026-01-29,2026-01-29 10:01:00,True,clean_breakout,previous_high_break_with_pullback_low_support_or_previous_resistance,2.7,2.74,2.695,2.7311,27174.0,7139.65,3.8060689249473016,0.6911111111111032,0.19777777777777902,0.1111111111111177,0.802222222222221,2026-01-29 09:59:00,2.7,2.7,14342.0,5696.2,0.0,2026-01-29 10:00:00,2.69,2.7,0.4999999999999778,0.003703703703703789,0.011518518518518484,2.0,125.5501446303687,3.4289,6.16,2026-01-29 13:08:00,14.422760060049061,0.3938999999999999,3.125,2026-01-29 10:30:00,True,25.0,False,,,2.6583933179420196,2.6914280138998032,2.668482672120653,0.025512413623366204,0.0041649636149138705,0.021347450008452333
CATX,2026-01-29,2026-01-29 11:56:00,True,clean_breakout,previous_high_break_with_pullback_low_support_or_previous_resistance,3.405,3.52,3.4013,3.5014,186286.0,103946.0,1.7921420737690723,0.8121314237573717,0.15669755686605027,0.031171019376578044,0.8433024431339498,2026-01-29 11:51:00,3.48,3.41,281416.0,92061.8,0.46555555555555683,2026-01-29 11:55:00,3.34,3.405,0.8371428571428567,0.0402298850574713,0.006149425287356283,5.0,75.92962814874052,2.6586000000000003,6.16,2026-01-29 13:08:00,23.950419832067173,0.8386,4.34,2026-01-29 12:25:00,True,24.0,False,,,3.140541984692551,3.4153307760908795,3.3507609590710907,0.07860111041909779,-0.00029118846313243296,0.07889229888223022
CATX,2026-01-29,2026-01-29 12:01:00,True,clean_breakout,previous_high_break_with_pullback_low_support_or_previous_resistance,3.525,3.58,3.51,3.5714,81719.0,112406.3,0.7269966185169336,0.6628571428571433,0.12285714285714151,0.2142857142857152,0.8771428571428584,2026-01-29 11:57:00,3.55,3.5283,169781.0,110331.6,0.3945454545454495,2026-01-29 11:58:00,3.51,3.5214,0.5700000000000033,0.011267605633802828,0.006028169014084594,4.0,72.48137985103881,2.5886,6.16,2026-01-29 13:08:00,21.520972167777334,0.7685999999999997,4.34,2026-01-29 12:25:00,True,21.0,False,,,3.1747742605927707,3.49928208470946,3.4243293534109385,0.0889639094540482,0.005660647605971167,0.08330326184807703
CATX,2026-01-29,2026-01-29 12:45:00,True,clean_breakout,previous_high_break_with_pullback_low_support_or_previous_resistance,4.51,4.69,4.5001,4.6601,541394.0,312258.75,1.7337992930542379,0.7904160084254851,0.15745129015271397,0.05213270142180088,0.842548709847286,2026-01-29 12:41:00,4.62,4.5214,539087.0,369161.25,0.6333333333333302,2026-01-29 12:44:00,4.43,4.505,0.6250000000000009,0.04112554112554121,0.008679653679653636,4.0,32.18600459217614,1.4999000000000002,6.16,2026-01-29 13:08:00,32.18600459217614,1.4999000000000002,6.16,2026-01-29 13:08:00,True,5.0,False,,,3.8386047688168827,4.50481704650049,4.363643456439447,0.17597951041108661,-0.0014721735857767537,0.17745168399686337
CATX,2026-01-29,2026-01-29 13:08:00,True,clean_breakout,previous_high_break_with_pullback_low_support_or_previous_resistance,5.72,6.16,5.7101,6.13,1359585.0,757529.1,1.7947627358473754,0.9113136252500551,0.0666814847743948,0.022004889975550147,0.9333185152256052,2026-01-29 13:05:00,5.82,5.71,864217.0,687273.8,0.37931034482758724,2026-01-29 13:06:00,5.575,5.71,0.8181818181818167,0.042096219931271495,0.05326460481099649,3.0,0.0,0.0,6.1299,2026-01-29 13:09:00,0.0,0.0,6.1299,2026-01-29 13:09:00,False,,True,2026-01-29 13:13:00,5.42,4.542105389340952,5.6367394064381,5.3483077421171785,0.3237706426509934,0.0543900324085439,0.2693806102424495
CATX,2026-01-29,2026-01-29 13:09:00,True,clean_breakout,previous_high_break_with_pullback_low_support_or_previous_resistance,6.125,6.1299,5.73,5.8295,1176488.0,792833.2,1.4839035499522473,0.7389347336834206,0.01225306326581678,0.24881220305076268,0.24881220305076268,2026-01-29 13:05:00,5.82,5.71,864217.0,687273.8,0.37931034482758724,2026-01-29 13:06:00,5.575,5.71,0.8181818181818167,0.042096219931271495,0.0016323024054982927,4.0,2.0670726477399404,0.12049999999999983,5.95,2026-01-29 13:10:00,2.0670726477399404,0.12049999999999983,5.95,2026-01-29 13:10:00,False,,True,2026-01-29 13:13:00,5.42,4.586939688639261,5.675291525150479,5.394135576201257,0.3224074979682712,0.0466813710323114,0.27572612693595977
AMC,2024-05-13,2024-05-13 11:00:00,True,clean_breakout,previous_high_break_with_pullback_low_support_or_previous_resistance,3.65,3.78,3.64,3.77,3189290.0,916476.95,3.4799456767570645,0.8571428571428599,0.07142857142857006,0.07142857142857006,0.9285714285714299,2024-05-13 10:58:00,3.62,3.6,590882.0,789115.15,0.0,2024-05-13 10:59:00,3.59,3.65,0.16666666666667038,0.008287292817679627,0.04143646408839777,2.0,72.6790450928382,2.7399999999999998,6.51,2024-05-13 19:57:00,7.161803713527852,0.27,4.04,2024-05-13 11:08:00,False,,False,,,3.4543766598029526,3.627663426735399,3.57183053247573,0.05757298336717476,0.014483798950647636,0.04308918441652712
AMC,2024-05-13,2024-05-13 11:04:00,True,clean_breakout,previous_high_break_with_pullback_low_support_or_previous_resistance,3.74,3.88,3.73,3.87,2141858.0,1135683.1,1.8859644913268498,0.8666666666666665,0.06666666666666529,0.06666666666666825,0.9333333333333347,2024-05-13 11:02:00,3.79,3.71,1459087.0,1024602.5,0.18181818181818218,2024-05-13 11:03:00,3.7,3.74,0.3333333333333358,0.023746701846965663,0.021108179419525086,2.0,68.21705426356588,2.6399999999999997,6.51,2024-05-13 19:57:00,4.392764857881136,0.16999999999999993,4.04,2024-05-13 11:08:00,False,,True,2024-05-13 11:30:00,3.61,3.4682971810735665,3.7181949395908203,3.638763101911085,0.0811460778847457,0.023345257111422837,0.05780082077332287
AMC,2024-05-13,2024-05-13 14:13:00,True,clean_breakout,previous_high_break_with_pullback_low_support_or_previous_resistance,4.63,4.73,4.61,4.72,1597680.0,944520.2,1.691525496225491,0.7499999999999981,0.08333333333333888,0.16666666666666297,0.9166666666666611,2024-05-13 14:11:00,4.68,4.64,577770.0,881097.95,0.7499999999999833,2024-05-13 14:12:00,4.61,4.63,0.4999999999999889,0.01495726495726483,0.008547008547008555,2.0,37.92372881355933,1.79,6.51,2024-05-13 19:57:00,11.864406779661028,0.5600000000000005,5.28,2024-05-13 14:39:00,True,26.0,True,2024-05-13 14:19:00,4.57,3.8292234120267765,4.646566327905912,4.582193691060878,0.07755480662407344,-0.00038139943486992234,0.07793620605894336
AMC,2024-05-13,2024-05-13 14:38:00,True,clean_breakout,previous_high_break_with_pullback_low_support_or_previous_resistance,4.98,5.17,4.96,5.16,3042090.0,1119061.05,2.718430777302096,0.857142857142856,0.04761904761904661,0.09523809523809745,0.9523809523809534,2024-05-13 14:36:00,4.95,4.93,819170.0,968323.65,0.5000000000000111,2024-05-13 14:37:00,4.92,4.97,0.16666666666666174,0.006060606060606111,0.04242424242424241,2.0,26.16279069767441,1.3499999999999996,6.51,2024-05-13 19:57:00,11.43410852713178,0.5899999999999999,5.75,2024-05-13 15:07:00,True,29.0,False,,,3.9174244950476513,4.9493220040614485,4.8571677399973,0.09999981093187582,0.0194125894896143,0.08058722144226152
MRKR,2025-07-17,2025-07-17 09:51:00,True,clean_breakout,previous_high_break_with_pullback_low_support_or_previous_resistance,2.0776,2.27,2.06,2.27,165500.0,29877.35,5.539313225570541,0.916190476190477,0.0,0.08380952380952306,1.0,2025-07-17 09:48:00,2.1075,2.1075,42596.0,19535.1,0.0,2025-07-17 09:49:00,2.0,2.0684,0.6846846846846857,0.05100830367734279,0.07710557532621594,3.0,79.29515418502203,1.8000000000000003,4.07,2025-07-17 10:12:00,79.29515418502203,1.8000000000000003,4.07,2025-07-17 10:12:00,True,8.0,False,,,2.0248741148616802,2.084818525220428,1.9918443448602323,0.09825836959775303,0.021136032611243194,0.07712233698650983
LTBR,2024-10-29,2024-10-29 13:23:00,True,clean_breakout,previous_high_break_with_pullback_low_support_or_previous_resistance,12.2901,12.63,12.16,12.62,116518.0,40536.5,2.8743971482491086,0.7019148936170172,0.021276595744684147,0.27680851063829864,0.9787234042553159,2024-10-29 13:21:00,12.48,12.4299,81492.0,43729.25,0.05882352941176348,2024-10-29 13:22:00,12.25,12.3,0.2777777777777822,0.018429487179487215,0.01121794871794862,2.0,12.519809825673537,1.58,14.2,2024-10-29 15:05:00,1.6632329635499294,0.20990000000000109,12.8299,2024-10-29 13:25:00,False,,True,2024-10-29 13:35:00,12.01,11.09557787557033,12.329684419658626,12.140232026753695,0.20468413302975108,0.03244970070884312,0.17223443232090796
CATX,2026-01-29,2026-01-29 10:01:00,True,clean_breakout,previous_high_break_with_pullback_low_support_or_previous_resistance,2.7,2.74,2.695,2.7311,27174.0,7139.65,3.8060689249473016,0.6911111111111032,0.19777777777777902,0.1111111111111177,0.802222222222221,2026-01-29 09:59:00,2.7,2.7,14342.0,5696.2,0.0,2026-01-29 10:00:00,2.69,2.7,0.4999999999999778,0.003703703703703789,0.011518518518518484,2.0,125.5501446303687,3.4289,6.16,2026-01-29 13:08:00,14.422760060049061,0.3938999999999999,3.125,2026-01-29 10:30:00,True,25.0,False,,,2.6583933179420196,2.6914280138998032,2.668482672120653,0.025512413623366204,0.0041649636149138705,0.021347450008452333
CATX,2026-01-29,2026-01-29 11:56:00,True,clean_breakout,previous_high_break_with_pullback_low_support_or_previous_resistance,3.405,3.52,3.4013,3.5014,186286.0,103946.0,1.7921420737690723,0.8121314237573717,0.15669755686605027,0.031171019376578044,0.8433024431339498,2026-01-29 11:51:00,3.48,3.41,281416.0,92061.8,0.46555555555555683,2026-01-29 11:55:00,3.34,3.405,0.8371428571428567,0.0402298850574713,0.006149425287356283,5.0,75.92962814874052,2.6586000000000003,6.16,2026-01-29 13:08:00,23.950419832067173,0.8386,4.34,2026-01-29 12:25:00,True,24.0,False,,,3.140541984692551,3.4153307760908795,3.3507609590710907,0.07860111041909779,-0.00029118846313243296,0.07889229888223022
CATX,2026-01-29,2026-01-29 12:01:00,True,clean_breakout,previous_high_break_with_pullback_low_support_or_previous_resistance,3.525,3.58,3.51,3.5714,81719.0,112406.3,0.7269966185169336,0.6628571428571433,0.12285714285714151,0.2142857142857152,0.8771428571428584,2026-01-29 11:57:00,3.55,3.5283,169781.0,110331.6,0.3945454545454495,2026-01-29 11:58:00,3.51,3.5214,0.5700000000000033,0.011267605633802828,0.006028169014084594,4.0,72.48137985103881,2.5886,6.16,2026-01-29 13:08:00,21.520972167777334,0.7685999999999997,4.34,2026-01-29 12:25:00,True,21.0,False,,,3.1747742605927707,3.49928208470946,3.4243293534109385,0.0889639094540482,0.005660647605971167,0.08330326184807703
CATX,2026-01-29,2026-01-29 12:45:00,True,clean_breakout,previous_high_break_with_pullback_low_support_or_previous_resistance,4.51,4.69,4.5001,4.6601,541394.0,312258.75,1.7337992930542379,0.7904160084254851,0.15745129015271397,0.05213270142180088,0.842548709847286,2026-01-29 12:41:00,4.62,4.5214,539087.0,369161.25,0.6333333333333302,2026-01-29 12:44:00,4.43,4.505,0.6250000000000009,0.04112554112554121,0.008679653679653636,4.0,32.18600459217614,1.4999000000000002,6.16,2026-01-29 13:08:00,32.18600459217614,1.4999000000000002,6.16,2026-01-29 13:08:00,True,5.0,False,,,3.8386047688168827,4.50481704650049,4.363643456439447,0.17597951041108661,-0.0014721735857767537,0.17745168399686337
CATX,2026-01-29,2026-01-29 13:08:00,True,clean_breakout,previous_high_break_with_pullback_low_support_or_previous_resistance,5.72,6.16,5.7101,6.13,1359585.0,757529.1,1.7947627358473754,0.9113136252500551,0.0666814847743948,0.022004889975550147,0.9333185152256052,2026-01-29 13:05:00,5.82,5.71,864217.0,687273.8,0.37931034482758724,2026-01-29 13:06:00,5.575,5.71,0.8181818181818167,0.042096219931271495,0.05326460481099649,3.0,0.0,0.0,6.1299,2026-01-29 13:09:00,0.0,0.0,6.1299,2026-01-29 13:09:00,False,,True,2026-01-29 13:13:00,5.42,4.542105389340952,5.6367394064381,5.3483077421171785,0.3237706426509934,0.0543900324085439,0.2693806102424495
CATX,2026-01-29,2026-01-29 13:09:00,True,clean_breakout,previous_high_break_with_pullback_low_support_or_previous_resistance,6.125,6.1299,5.73,5.8295,1176488.0,792833.2,1.4839035499522473,0.7389347336834206,0.01225306326581678,0.24881220305076268,0.24881220305076268,2026-01-29 13:05:00,5.82,5.71,864217.0,687273.8,0.37931034482758724,2026-01-29 13:06:00,5.575,5.71,0.8181818181818167,0.042096219931271495,0.0016323024054982927,4.0,2.0670726477399404,0.12049999999999983,5.95,2026-01-29 13:10:00,2.0670726477399404,0.12049999999999983,5.95,2026-01-29 13:10:00,False,,True,2026-01-29 13:13:00,5.42,4.586939688639261,5.675291525150479,5.394135576201257,0.3224074979682712,0.0466813710323114,0.27572612693595977
PHIO,2025-01-16,2025-01-16 11:22:00,True,clean_breakout,previous_high_break_with_pullback_low_support_or_previous_resistance,3.375,3.77,3.3633,3.75,546948.0,122709.05,4.457275156151889,0.9220555692156385,0.049176297024834094,0.02876813375952748,0.9508237029751659,2025-01-16 11:16:00,3.49,3.4243,185862.0,57406.15,0.2857142857142857,2025-01-16 11:19:00,3.2356,3.26,0.14841849148418468,0.07289398280802303,0.07449856733524349,6.0,20.800000000000008,0.7800000000000002,4.53,2025-01-16 11:53:00,18.933333333333334,0.71,4.46,2025-01-16 11:52:00,True,19.0,False,,,3.1608076317053126,3.3976664560558554,3.237783243527923,0.17622227858028205,0.020175513131805295,0.15604676544847676
KULR,2024-12-18,2024-12-18 09:49:00,True,clean_breakout,previous_high_break_with_pullback_low_support_or_previous_resistance,13.4,13.92,13.36,13.8496,69595.5,59247.85625,1.1746500954623147,0.8028571428571425,0.12571428571428445,0.07142857142857302,0.8742857142857156,2024-12-18 09:47:00,13.6,13.4408,26641.75,54591.50625,0.7499999999999944,2024-12-18 09:48:00,13.36,13.4624,0.6400000000000067,0.01764705882352943,0.01835294117647066,2.0,52.495378927911275,7.2704,21.12,2024-12-18 13:18:00,10.90573012939001,1.5103999999999989,15.36,2024-12-18 10:03:00,True,14.0,True,2024-12-18 09:52:00,13.28,12.778705288798081,13.355713357363319,12.979221454212322,0.4113157497427409,0.05998294565994211,0.35133280408279877
KULR,2024-12-18,2024-12-18 09:56:00,True,clean_breakout,previous_high_break_with_pullback_low_support_or_previous_resistance,13.44,14.0,13.44,13.96,113626.5,59261.7125,1.9173678114684924,0.9285714285714302,0.07142857142856984,0.0,0.9285714285714302,2024-12-18 09:50:00,13.92,13.8,69834.375,59904.425,0.09999999999999779,2024-12-18 09:52:00,13.28,13.3216,0.08695652173913189,0.045977011494252915,0.002873563218390871,6.0,51.28939828080229,7.16,21.12,2024-12-18 13:18:00,10.02865329512893,1.3999999999999986,15.36,2024-12-18 10:03:00,True,7.0,False,,,12.965025572737476,13.551566638682122,13.28617757207422,0.3409578070708772,-0.03220422718177485,0.37316203425265204
KULR,2024-12-18,2024-12-18 11:04:00,True,clean_breakout,previous_high_break_with_pullback_low_support_or_previous_resistance,17.0232,18.0,16.88,18.0,167046.375,73079.96875,2.2858024963235906,0.8721428571428571,0.0,0.12785714285714295,1.0,2024-12-18 11:01:00,17.36,16.7184,77595.5,63365.6125,0.18181818181818218,2024-12-18 11:02:00,16.64,16.96,0.1366666666666663,0.04147465437788012,0.03686635944700464,3.0,17.33333333333334,3.120000000000001,21.12,2024-12-18 13:18:00,5.777777777777773,1.0399999999999991,19.04,2024-12-18 11:13:00,False,,True,2024-12-18 11:08:00,16.48,14.555198796801054,16.934695305022668,16.327257716068544,0.6607543085843304,0.08667869641354486,0.5740756121707855
HIND,2025-08-14,2025-08-14 10:02:00,True,clean_breakout,previous_high_break_with_pullback_low_support_or_previous_resistance,13.8396,14.9596,13.6,14.52,36842.75,19578.2,1.881825193327272,0.5004413062665479,0.32333039129155655,0.17622830244189547,0.6766696087084434,2025-08-14 09:58:00,14.48,14.2252,40157.0,18116.475,0.3197791164658646,2025-08-14 10:00:00,13.6,14.14,0.5263157894736848,0.06077348066298348,0.0027624309392264602,4.0,28.09917355371902,4.080000000000002,18.6,2025-08-14 10:23:00,28.09917355371902,4.080000000000002,18.6,2025-08-14 10:23:00,True,7.0,False,,,12.631736508684298,13.801262057538178,13.256125393481758,0.5554859029889148,0.1404663491226535,0.41501955386626127
NA,2025-06-09,2025-06-09 13:44:00,True,clean_breakout,previous_high_break_with_pullback_low_support_or_previous_resistance,11.29,11.44,11.09,11.09,2737.0,2312.9,1.1833628777724934,0.57142857142857,0.42857142857143005,0.0,0.0,2025-06-09 13:42:00,11.04,11.0,8812.0,2264.05,0.8,2025-06-09 13:43:00,10.96,11.29,0.0,0.007246376811594049,0.004528985507246441,2.0,6.402164111812452,0.7100000000000009,11.8,2025-06-09 14:01:00,6.402164111812452,0.7100000000000009,11.8,2025-06-09 14:01:00,False,,False,,,10.200087295518928,11.05228555690853,10.962743586475215,0.0937745800439167,0.01614241319403298,0.07763216684988372
NA,2025-06-09,2025-06-09 14:00:00,True,clean_breakout,previous_high_break_with_pullback_low_support_or_previous_resistance,11.44,11.66,11.44,11.66,3602.0,2799.55,1.2866353521101606,1.0,0.0,0.0,1.0,2025-06-09 13:58:00,11.59,11.45,2652.0,2620.9,0.26666666666666033,2025-06-09 13:59:00,11.44,11.45,0.16666666666666174,0.012942191544434888,0.006039689387402958,2.0,1.2006861063464884,0.14000000000000057,11.8,2025-06-09 14:01:00,1.2006861063464884,0.14000000000000057,11.8,2025-06-09 14:01:00,False,,True,2025-06-09 14:07:00,11.15,10.225486881813026,11.410582052636421,11.27198165985977,0.15086076076090826,0.02738732686775415,0.12347343389315411
OCC,2024-12-23,2024-12-23 11:20:00,True,clean_breakout,previous_high_break_with_pullback_low_support_or_previous_resistance,3.15,3.5,3.06,3.4089,38642.0,3706.95,10.424203185907553,0.5884090909090913,0.20704545454545448,0.20454545454545425,0.7929545454545456,2024-12-23 11:18:00,2.9897,2.9897,200.0,1201.6,0.0,2024-12-23 11:19:00,2.95,3.15,0.0,0.013278924306786583,0.14021473726460848,2.0,105.3448326439614,3.5911,7.0,2024-12-23 11:55:00,100.9445862301622,3.4410999999999996,6.85,2024-12-23 11:45:00,True,2.0,False,,,2.843995248200576,3.062849997080532,2.9768972517751067,0.07716236767907114,0.04252917140734512,0.03463319627172602
RMSG,2026-04-16,2026-04-16 11:15:00,True,clean_breakout,previous_high_break_with_pullback_low_support_or_previous_resistance,2.4191,2.75,2.4191,2.64,697012.0,156487.1,4.454117943268167,0.6675732849803572,0.3324267150196428,0.0,0.6675732849803572,2026-04-16 11:08:00,2.46,2.4314,346067.0,103457.2,0.1682352941176469,2026-04-16 11:09:00,2.26,2.33,0.3888888888888901,0.08130081300813015,0.07317073170731714,7.0,26.89393939393939,0.71,3.35,2026-04-16 11:29:00,26.89393939393939,0.71,3.35,2026-04-16 11:29:00,True,3.0,False,,,2.2116669475646336,2.4110413299273175,2.290734295945422,0.13244828018073918,0.019766763399058945,0.11268151678168023
HWH,2025-09-02,2025-09-02 10:03:00,True,clean_breakout,previous_high_break_with_pullback_low_support_or_previous_resistance,3.1558,3.6999,3.14,3.5,3070759.0,1314908.65,2.335340177433619,0.6147526343989997,0.35702804072155747,0.02821932487944283,0.6429719592784425,2025-09-02 09:59:00,3.28,3.201,1471411.0,1121442.55,0.08333333333333179,2025-09-02 10:00:00,3.07,3.1365,0.4749999999999996,0.06402439024390243,0.06707317073170738,4.0,122.0,4.27,7.77,2025-09-02 12:24:00,34.28571428571429,1.2000000000000002,4.7,2025-09-02 10:12:00,True,1.0,False,,,2.821617585684284,3.178494772812205,3.003206735893466,0.1875741137153466,0.028616320476493762,0.15895779323885284
HWH,2025-09-02,2025-09-02 11:27:00,True,clean_breakout,previous_high_break_with_pullback_low_support_or_previous_resistance,6.44,6.85,6.295,6.85,1510099.0,1258392.05,1.2000226797364144,0.7387387387387377,0.0,0.2612612612612622,1.0,2025-09-02 11:23:00,6.8,6.7663,1687963.0,1356887.05,0.10212121212121095,2025-09-02 11:25:00,6.27,6.47,0.7692307692307679,0.07794117647058828,0.007352941176470562,4.0,13.43065693430657,0.9199999999999999,7.77,2025-09-02 12:24:00,8.613138686131398,0.5900000000000007,7.44,2025-09-02 11:31:00,False,,True,2025-09-02 11:38:00,6.17,3.960746187374431,6.356073856478499,5.915471557188225,0.47444051438157775,0.10531857315175602,0.3691219412298217
KOSS,2024-07-03,2024-07-03 13:51:00,True,clean_breakout,previous_high_break_with_pullback_low_support_or_previous_resistance,12.4701,13.1597,12.4701,13.13,77896.0,51798.0,1.5038418471755666,0.9569315545243618,0.04306844547563811,0.0,0.9569315545243618,2024-07-03 13:45:00,13.1299,12.85,47710.0,45778.65,0.6362534101242808,2024-07-03 13:48:00,12.15,12.3999,0.4544462629569024,0.07463118530986519,7.616204236250338e-06,6.0,0.4569687738004472,0.05999999999999872,13.19,2024-07-03 13:52:00,0.4569687738004472,0.05999999999999872,13.19,2024-07-03 13:52:00,False,,True,2024-07-03 13:58:00,12.1,9.72494005731754,12.633222050059288,12.228881268571937,0.46986197798865703,-0.008241431785147635,0.47810340977380467
FUSE,2026-04-10,2026-04-10 09:36:00,True,clean_breakout,previous_high_break_with_pullback_low_support_or_previous_resistance,1.11,1.2,1.1,1.1611,279016.0,69380.75,4.021518937169172,0.5109999999999999,0.38899999999999985,0.10000000000000023,0.6110000000000001,2026-04-10 09:32:00,1.12,1.08,205358.0,41413.2,0.125,2026-04-10 09:33:00,1.05,1.0897,0.6,0.06250000000000006,0.03669642857142849,4.0,91.19800189475498,1.0589000000000002,2.22,2026-04-10 16:17:00,1.6277667728877718,0.018899999999999917,1.18,2026-04-10 09:37:00,False,,True,2026-04-10 09:39:00,1.01,1.0456458655522745,1.0821919390180765,1.0449948700164677,0.03438771734832091,0.018703584996233306,0.015684132352087606
FUSE,2026-04-10,2026-04-10 12:48:00,True,clean_breakout,previous_high_break_with_pullback_low_support_or_previous_resistance,1.6504,1.74,1.65,1.73,728616.0,304501.4,2.3928165847513343,0.8844444444444425,0.1111111111111111,0.0044444444444464186,0.8888888888888888,2026-04-10 12:46:00,1.72,1.695,882561.0,250008.3,0.35714285714285554,2026-04-10 12:47:00,1.64,1.65,0.14285714285714285,0.046511627906976785,0.005813953488372098,2.0,28.32369942196533,0.4900000000000002,2.22,2026-04-10 16:17:00,9.248554913294793,0.15999999999999992,1.89,2026-04-10 12:51:00,False,,True,2026-04-10 12:56:00,1.59,1.4765601278009433,1.6445900460922651,1.5953606456621945,0.04882848843184684,0.016897571791804525,0.031930916640042314
FUSE,2026-04-10,2026-04-10 13:32:00,True,clean_breakout,previous_high_break_with_pullback_low_support_or_previous_resistance,1.8901,2.01,1.85,1.9898,1302296.0,550776.9,2.36447098634674,0.6231250000000019,0.12624999999999884,0.25062499999999927,0.8737500000000011,2026-04-10 13:30:00,1.95,1.92,529273.0,482804.6,0.09999999999999779,2026-04-10 13:31:00,1.87,1.895,0.5,0.04102564102564095,0.02041025641025644,2.0,11.569001909739681,0.23020000000000018,2.22,2026-04-10 16:17:00,0.010051261433308773,0.00019999999999997797,1.99,2026-04-10 13:33:00,False,,True,2026-04-10 13:36:00,1.86,1.5569013706730683,1.9029930097103733,1.847265140353142,0.06375459334950873,0.004903847627102387,0.05885074572240634
QURE,2024-07-10,2024-07-10 10:51:00,True,clean_breakout,previous_high_break_with_pullback_low_support_or_previous_resistance,8.41,8.59,8.36,8.58,386225.0,174617.75,2.2118312714486357,0.739130434782607,0.04347826086956421,0.21739130434782877,0.9565217391304358,2024-07-10 10:46:00,8.52,8.45,337147.0,190907.65,0.46666666666666745,2024-07-10 10:49:00,8.36,8.43,0.5833333333333308,0.018779342723004713,0.00704225352112682,5.0,32.28438228438228,2.7699999999999996,11.35,2024-07-10 15:16:00,7.925407925407922,0.6799999999999997,9.26,2024-07-10 11:15:00,False,,False,,,7.713195873172828,8.426551283436066,8.308511144649566,0.15132906882206498,0.0020800278106780645,0.14924904101138692
QMCO,2024-12-26,2024-12-26 09:49:00,True,clean_breakout,previous_high_break_with_pullback_low_support_or_previous_resistance,48.0,49.37,47.94,49.17,28675.0,9140.25,3.137222723667296,0.8181818181818196,0.1398601398601369,0.041958041958043556,0.8601398601398631,2024-12-26 09:46:00,48.5,48.23,18025.0,7112.0,0.40909090909091594,2024-12-26 09:48:00,47.81,48.2,0.8974358974358816,0.014226804123711294,0.013814432989690756,3.0,61.663616026032116,30.319999999999993,79.49,2024-12-26 19:30:00,8.704494610534882,4.280000000000001,53.45,2024-12-26 09:58:00,False,,False,,,46.74396086649204,47.87145324427343,46.85826868524047,1.0678872879578165,0.19855053826895197,0.8693367496888645
QMCO,2024-12-26,2024-12-26 09:56:00,True,clean_breakout,previous_high_break_with_pullback_low_support_or_previous_resistance,49.04,50.88,48.97,50.88,35929.0,13000.6,2.7636416780763966,0.963350785340314,0.0,0.036649214659685944,1.0,2024-12-26 09:50:00,49.49,49.01,23302.0,9625.3,0.38095238095237977,2024-12-26 09:55:00,48.17,49.3,0.3008849557522103,0.026672054960598105,0.028086482117599527,6.0,56.23034591194966,28.609999999999992,79.49,2024-12-26 19:30:00,5.051100628930818,2.5700000000000003,53.45,2024-12-26 09:58:00,False,,False,,,47.69759468133307,49.136015999413466,48.106811630159136,1.1702252096232613,0.08725151900197448,1.0829736906212868
QMCO,2024-12-26,2024-12-26 12:37:00,True,clean_breakout,previous_high_break_with_pullback_low_support_or_previous_resistance,59.78,62.7,59.78,62.56,65992.0,10628.9,6.2087327945507065,0.9520547945205478,0.04794520547945222,0.0,0.9520547945205478,2024-12-26 12:34:00,59.9,59.51,9718.0,8142.5,0.12820512820512073,2024-12-26 12:35:00,58.86,59.3,0.555555555555552,0.017362270450751238,0.044407345575959996,3.0,27.062020460358045,16.929999999999993,79.49,2024-12-26 19:30:00,7.832480818414308,4.8999999999999915,67.46,2024-12-26 12:43:00,False,,False,,,53.5325963301368,59.88677979734848,59.02438034873874,0.826339608289345,0.2900698873304135,0.5362697209589316
QMCO,2024-12-26,2024-12-26 15:51:00,True,clean_breakout,previous_high_break_with_pullback_low_support_or_previous_resistance,69.65,70.58,69.49,70.58,30108.0,12731.5,2.3648431056827555,0.8532110091743025,0.0,0.14678899082569752,1.0,2024-12-26 15:49:00,69.7,69.69,8779.0,11719.95,0.028571428571442493,2024-12-26 15:50:00,69.35,69.67,0.5333333333333381,0.0050215208034434505,0.012625538020086018,2.0,12.62397279682629,8.909999999999997,79.49,2024-12-26 19:30:00,1.9127231510342995,1.3500000000000085,71.93,2024-12-26 15:53:00,False,,True,2024-12-26 15:56:00,69.3,59.03516649213518,69.34378438698077,68.49604380445604,1.029956488754948,0.05637234122653789,0.97358414752841
KOSS,2024-07-03,2024-07-03 13:51:00,True,clean_breakout,previous_high_break_with_pullback_low_support_or_previous_resistance,12.4701,13.1597,12.4701,13.13,77896.0,51798.0,1.5038418471755666,0.9569315545243618,0.04306844547563811,0.0,0.9569315545243618,2024-07-03 13:45:00,13.1299,12.85,47710.0,45778.65,0.6362534101242808,2024-07-03 13:48:00,12.15,12.3999,0.4544462629569024,0.07463118530986519,7.616204236250338e-06,6.0,0.4569687738004472,0.05999999999999872,13.19,2024-07-03 13:52:00,0.4569687738004472,0.05999999999999872,13.19,2024-07-03 13:52:00,False,,True,2024-07-03 13:58:00,12.1,9.72494005731754,12.633222050059288,12.228881268571937,0.46986197798865703,-0.008241431785147635,0.47810340977380467
HERE,2025-04-01,2025-04-01 09:49:00,True,clean_breakout,previous_high_break_with_pullback_low_support_or_previous_resistance,5.0,5.2,4.99,5.17,162217.0,80003.0,2.027636463632614,0.8095238095238093,0.14285714285714407,0.04761904761904661,0.857142857142856,2025-04-01 09:44:00,5.08,5.05,86470.0,56247.15,0.25000000000000183,2025-04-01 09:47:00,4.83,4.8889,0.4908333333333288,0.049212598425196846,0.017716535433070838,5.0,27.6595744680851,1.4299999999999997,6.6,2025-04-01 17:25:00,9.284332688588016,0.4800000000000004,5.65,2025-04-01 09:54:00,False,,False,,,4.773574885960615,4.971871859804716,4.826782634663744,0.16448582654059685,0.011175899572608172,0.15330992696798867
HERE,2025-04-01,2025-04-01 09:51:00,True,clean_breakout,previous_high_break_with_pullback_low_support_or_previous_resistance,5.08,5.2999,5.076,5.26,128504.0,84259.2,1.5251034901826745,0.8039303260384072,0.17820455560518175,0.017865118356411077,0.8217954443948182,2025-04-01 09:49:00,5.2,5.17,162217.0,80003.0,0.14285714285714407,2025-04-01 09:50:00,5.04,5.085,0.28124999999999933,0.030769230769230795,0.011538461538461463,2.0,25.47528517110266,1.3399999999999999,6.6,2025-04-01 17:25:00,7.414448669201532,0.39000000000000057,5.65,2025-04-01 09:54:00,False,,False,,,4.816677865453909,5.047597990275018,4.890291453772362,0.17697140405946943,0.015127045279496626,0.1618443587799728
HERE,2025-04-01,2025-04-01 15:00:00,True,clean_breakout,previous_high_break_with_pullback_low_support_or_previous_resistance,6.15,6.33,6.125,6.255,55963.0,9117.25,6.1381447256574075,0.5121951219512171,0.3658536585365861,0.12195121951219681,0.6341463414634139,2025-04-01 14:58:00,6.15,6.15,3684.0,6190.45,0.0,2025-04-01 14:59:00,6.12,6.15,0.0,0.004878048780487845,0.017073170731707242,2.0,5.515587529976015,0.34499999999999975,6.6,2025-04-01 17:25:00,1.8385291766586764,0.11500000000000021,6.37,2025-04-01 15:01:00,False,,False,,,5.432926550841083,6.118590312562401,6.083432219717768,0.03382989141732651,0.013687407038302266,0.02014248437902424
HERE,2025-04-01,2025-04-01 15:56:00,True,clean_breakout,previous_high_break_with_pullback_low_support_or_previous_resistance,6.38,6.5,6.3445,6.478,34704.0,6772.0,5.1246308328411105,0.6302250803858513,0.14147909967845818,0.22829581993569048,0.8585209003215418,2025-04-01 15:54:00,6.44,6.44,6323.0,5242.0,0.0,2025-04-01 15:55:00,6.38,6.4,0.4000000000000107,0.00931677018633548,0.005900621118012324,2.0,1.8832973139857965,0.12199999999999989,6.6,2025-04-01 17:25:00,1.6718122877431283,0.10829999999999984,6.5863,2025-04-01 15:59:00,False,,False,,,5.466407434048086,6.391258663784959,6.330878498886596,0.061695378718182425,0.014021526387558304,0.04767385233062412
JEM,2026-04-08,2026-04-08 14:37:00,True,clean_breakout,previous_high_break_with_pullback_low_support_or_previous_resistance,4.874,5.27,4.874,5.2,162857.5,61867.642499999994,2.6323534147919085,0.8232323232323248,0.1767676767676753,0.0,0.8232323232323248,2026-04-08 14:35:00,4.97,4.878,84609.2,58309.749999999985,0.2833333333333315,2026-04-08 14:36:00,4.84,4.92,0.45000000000000556,0.026156941649899377,0.04627766599597594,2.0,6.692307692307689,0.34799999999999986,5.548,2026-04-08 14:48:00,6.692307692307689,0.34799999999999986,5.548,2026-04-08 14:48:00,False,,True,2026-04-08 14:54:00,4.804,3.830061002955422,4.884633096805838,4.677110530489706,0.20959767288451214,0.05120546223027844,0.1583922106542337
JEM,2026-04-08,2026-04-08 14:47:00,True,clean_breakout,previous_high_break_with_pullback_low_support_or_previous_resistance,5.196,5.46,5.192,5.46,133187.5,88310.39,1.5081747459160808,0.9850746268656733,0.0,0.014925373134326726,1.0,2026-04-08 14:38:00,5.454,5.204,131585.9,66931.39000000001,0.905797101449276,2026-04-08 14:42:00,4.854,4.92,0.1907514450867047,0.11001100110010995,0.001100110011001142,9.0,1.6117216117216133,0.08800000000000008,5.548,2026-04-08 14:48:00,1.6117216117216133,0.08800000000000008,5.548,2026-04-08 14:48:00,False,,True,2026-04-08 14:54:00,4.804,3.890590687209818,5.154888858635907,4.983550783780805,0.20470705086178054,-0.004581668275102979,0.20928871913688352
QUBT,2024-12-16,2024-12-16 09:57:00,True,clean_breakout,previous_high_break_with_pullback_low_support_or_previous_resistance,7.6311,7.8,7.6311,7.8,281269.0,241890.15,1.1627964181261619,1.0,0.0,0.0,1.0,2024-12-16 09:55:00,7.77,7.675,270356.0,253379.65,0.29999999999999466,2024-12-16 09:56:00,7.64,7.64,0.0,0.016731016731016717,0.003861003861003893,2.0,57.43589743589743,4.4799999999999995,12.28,2024-12-16 13:27:00,5.641025641025646,0.4400000000000004,8.24,2024-12-16 10:27:00,False,,True,2024-12-16 10:13:00,7.63,7.306843999702187,7.631699663657143,7.506760463914142,0.14001117693709375,0.017274934495161487,0.12273624244193226
QUBT,2024-12-16,2024-12-16 10:31:00,True,clean_breakout,previous_high_break_with_pullback_low_support_or_previous_resistance,8.19,8.44,8.17,8.3399,424805.0,205971.6,2.062444531187795,0.5551851851851882,0.37074074074073915,0.07407407407407261,0.6292592592592609,2024-12-16 10:29:00,8.3,8.2999,187849.0,189492.3,0.001015228426411593,2024-12-16 10:30:00,8.17,8.174,0.03333333333332988,0.01566265060240973,0.0048072289156625755,2.0,47.24397175026078,3.9400999999999993,12.28,2024-12-16 13:27:00,4.557608604419724,0.38010000000000055,8.72,2024-12-16 11:01:00,False,,False,,,7.609074123569057,8.17391211440618,8.04624681856017,0.13902489127639317,0.0316528922393899,0.10737199903700327
QUBT,2024-12-16,2024-12-16 12:46:00,True,clean_breakout,previous_high_break_with_pullback_low_support_or_previous_resistance,10.18,10.42,10.1788,10.41,497616.0,445112.9,1.1179545683802918,0.9535655058043168,0.04145936981757803,0.004975124378105239,0.958540630182422,2024-12-16 12:42:00,10.35,10.1988,578424.0,387928.45,0.1309090909090933,2024-12-16 12:44:00,9.9,10.038,0.3209302325581395,0.04347826086956515,0.005797101449275411,4.0,17.963496637848213,1.8699999999999992,12.28,2024-12-16 13:27:00,5.0912584053794365,0.5299999999999994,10.94,2024-12-16 13:16:00,False,,True,2024-12-16 12:54:00,9.74,8.635459399885118,10.17142245638186,9.992920785254723,0.21000072053847774,0.010483527101595613,0.19951719343688212
ELAB,2026-04-01,2026-04-01 15:12:00,True,clean_breakout,previous_high_break_with_pullback_low_support_or_previous_resistance,10.6001,11.99,10.6001,11.9396,672042.0,304137.2,2.209667215980156,0.9637383984459316,0.036261601554068455,0.0,0.9637383984459316,2026-04-01 15:06:00,11.09,10.4625,382040.0,230399.75,0.626865671641791,2026-04-01 15:09:00,10.26,10.3304,0.19555555555555407,0.07484220018034266,0.076609558160505,6.0,25.632349492445307,3.0603999999999996,15.0,2026-04-01 16:00:00,7.625046065194807,0.9103999999999992,12.85,2026-04-01 15:26:00,False,,False,,,8.124625716001091,10.689448285615246,9.905330231133377,0.8923288506821301,0.043174407821299665,0.8491544428608304
LTBR,2024-10-18,2024-10-18 14:23:00,True,clean_breakout,previous_high_break_with_pullback_low_support_or_previous_resistance,6.629,7.11,6.6,7.0001,161206.0,62528.35,2.5781265617915716,0.7276470588235289,0.21549019607843217,0.05686274509803897,0.7845098039215679,2024-10-18 14:21:00,6.6,6.5691,86639.0,58316.4,0.11035714285714285,2024-10-18 14:22:00,6.476,6.6358,0.6396551724137914,0.01878787878787874,0.060621212121212145,2.0,13.569806145626497,0.9499000000000004,7.95,2024-10-18 19:55:00,2.7128183883087473,0.18990000000000062,7.19,2024-10-18 14:24:00,False,,True,2024-10-18 14:47:00,6.38,5.720319764335456,6.520746313053598,6.33896739194317,0.18152990835842076,0.06692780004895134,0.11460210830946942
MAAS,2026-04-20,2026-04-20 11:40:00,True,clean_breakout,previous_high_break_with_pullback_low_support_or_previous_resistance,12.49,12.98,12.44,12.98,9331.0,2335.9,3.994605933473179,0.9074074074074062,0.0,0.09259259259259375,1.0,2026-04-20 11:38:00,12.5,12.3,2700.0,1831.25,0.0,2026-04-20 11:39:00,12.3,12.4,0.05263157894736744,0.015999999999999945,0.03840000000000003,2.0,60.939907550077045,7.91,20.89,2026-04-20 14:16:00,5.469953775038514,0.7099999999999991,13.69,2026-04-20 11:56:00,False,,True,2026-04-20 11:44:00,12.21,11.140017185258744,12.359269646591025,12.105498777775175,0.2843374316857261,0.04980964572987984,0.23452778595584628
MAAS,2026-04-20,2026-04-20 11:53:00,True,clean_breakout,previous_high_break_with_pullback_low_support_or_previous_resistance,12.75,13.15,12.75,13.07,9578.0,2802.6,3.417540854920431,0.8,0.2,0.0,0.8,2026-04-20 11:40:00,12.98,12.98,9331.0,2335.9,0.0,2026-04-20 11:44:00,12.21,12.34,0.29999999999999466,0.05932203389830505,0.006933744221879804,13.0,59.83167559296098,7.82,20.89,2026-04-20 14:16:00,11.247130833970918,1.4699999999999989,14.54,2026-04-20 12:23:00,True,30.0,False,,,11.483258323480525,12.68816278857516,12.506106963362452,0.23035594612879606,-9.196474523348597e-05,0.23044791087402955
MAAS,2026-04-20,2026-04-20 14:00:00,True,clean_breakout,previous_high_break_with_pullback_low_support_or_previous_resistance,15.26,15.68,15.17,15.52,11082.0,6779.85,1.6345494369344453,0.5098039215686272,0.3137254901960788,0.1764705882352939,0.6862745098039211,2026-04-20 13:58:00,15.28,15.07,12126.0,6711.15,0.3333333333333277,2026-04-20 13:59:00,14.7,15.0,0.6000000000000014,0.03795811518324608,0.015706806282722526,2.0,34.60051546391753,5.370000000000001,20.89,2026-04-20 14:16:00,34.60051546391753,5.370000000000001,20.89,2026-04-20 14:16:00,True,7.0,False,,,13.692168481265112,15.087651574692714,14.904644735979865,0.2066595548846113,0.03646045709652032,0.17019909778809098
MAAS,2026-04-20,2026-04-20 14:07:00,True,clean_breakout,previous_high_break_with_pullback_low_support_or_previous_resistance,16.85,18.1,16.59,17.88,32302.0,15334.7,2.106464423823094,0.682119205298011,0.14569536423841203,0.172185430463577,0.854304635761588,2026-04-20 14:05:00,17.01,16.79,65182.0,12802.7,0.2588235294117671,2026-04-20 14:06:00,16.5,16.84,0.7555555555555564,0.029982363315696738,0.05114638447971766,2.0,16.834451901566005,3.0100000000000016,20.89,2026-04-20 14:16:00,16.834451901566005,3.0100000000000016,20.89,2026-04-20 14:16:00,True,7.0,False,,,14.228506177892019,16.374712875517,15.727964142273402,0.6133138834733529,0.25810183608427306,0.35521204738907985
BNAI,2024-05-31,2024-05-31 12:43:00,True,clean_breakout,previous_high_break_with_pullback_low_support_or_previous_resistance,43.898,46.5,43.1,45.99,56250.6,23217.659999999996,2.4227506131108822,0.6152941176470587,0.14999999999999947,0.23470588235294182,0.8500000000000005,2024-05-31 12:38:00,45.4,42.617,52322.5,17146.469999999994,0.8977419354838709,2024-05-31 12:39:00,42.5,43.8,0.16666666666666535,0.06387665198237882,0.012995594713656463,5.0,83.30071754729288,38.309999999999995,84.3,2024-05-31 13:44:00,52.42444009567295,24.109999999999992,70.1,2024-05-31 13:06:00,True,6.0,False,,,37.6769979278959,43.25446191019138,41.22252032769522,2.1720731878654504,0.35191487917566056,1.82015830868979
BNAI,2024-05-31,2024-05-31 12:48:00,True,clean_breakout,previous_high_break_with_pullback_low_support_or_previous_resistance,45.8,49.799,45.8,49.2,46321.9,29750.754999999994,1.5569991417024547,0.8502125531382855,0.1497874468617145,0.0,0.8502125531382855,2024-05-31 12:46:00,47.8,47.501,26520.5,26549.409999999996,0.23000000000000012,2024-05-31 12:47:00,45.8,45.9,0.058788947677837385,0.041841004184100423,0.029288702928870414,2.0,71.34146341463413,35.099999999999994,84.3,2024-05-31 13:44:00,42.47967479674794,20.89999999999999,70.1,2024-05-31 13:06:00,True,11.0,False,,,38.44783544496053,46.04344607873153,43.60636819777127,2.674509172443692,0.38047326295151285,2.294035909492179
BNAI,2024-05-31,2024-05-31 12:58:00,True,clean_breakout,previous_high_break_with_pullback_low_support_or_previous_resistance,51.5,54.0,50.5,54.0,55479.3,35605.24,1.5581779535821134,0.7142857142857143,0.0,0.2857142857142857,1.0,2024-05-31 12:52:00,51.1,48.889,61347.4,35752.755,0.4831034482758635,2024-05-31 12:53:00,47.2,47.5,0.16666666666666535,0.07632093933463793,0.05675146771037179,6.0,56.1111111111111,30.299999999999997,84.3,2024-05-31 13:44:00,29.814814814814806,16.099999999999994,70.1,2024-05-31 13:06:00,True,4.0,False,,,40.18265362568112,50.2640714255823,47.78117496941353,2.8948621198363824,0.18075614974183019,2.7141059700945522
BNAI,2024-05-31,2024-05-31 13:02:00,True,clean_breakout,previous_high_break_with_pullback_low_support_or_previous_resistance,53.8,59.5,53.75,58.153,66988.7,40097.8,1.6706328027971606,0.7570434782608698,0.2342608695652176,0.00869565217391255,0.7657391304347824,2024-05-31 13:00:00,55.0,52.999,45856.7,37795.315,0.14296296296296385,2024-05-31 13:01:00,52.6,53.8,0.06250000000000083,0.04363636363636361,0.057327272727272706,2.0,44.96242670197582,26.147,84.3,2024-05-31 13:44:00,20.54408199061097,11.946999999999996,70.1,2024-05-31 13:06:00,True,3.0,False,,,41.153574904032304,53.207717255918524,50.17952277697533,3.416496328083298,0.5050123817233918,2.911483946359906
BTAI,2025-08-05,2025-08-05 10:06:00,True,clean_breakout,previous_high_break_with_pullback_low_support_or_previous_resistance,2.815,2.98,2.8,2.96,526098.0,290808.15,1.809089600824461,0.8055555555555549,0.1111111111111111,0.08333333333333395,0.8888888888888888,2025-08-05 09:58:00,2.94,2.86,538428.0,151444.2,0.37499999999999906,2025-08-05 10:01:00,2.71,2.76,0.7142857142857134,0.07823129251700679,0.00680272108843538,8.0,17.56756756756757,0.52,3.48,2025-08-05 13:42:00,3.7162162162162122,0.10999999999999988,3.07,2025-08-05 10:33:00,False,,True,2025-08-05 10:13:00,2.69,2.609147761252417,2.8201703943351752,2.6920856289530812,0.14125759299999796,0.010520944133774135,0.13073664886622383
BTAI,2025-08-05,2025-08-05 13:32:00,True,clean_breakout,previous_high_break_with_pullback_low_support_or_previous_resistance,3.2801,3.37,3.28,3.36,175780.0,155795.85,1.1282713884869204,0.8877777777777732,0.1111111111111133,0.0011111111111134521,0.8888888888888867,2025-08-05 13:28:00,3.35,3.345,259000.0,122707.7,0.06297229219143431,2025-08-05 13:29:00,3.25,3.2999,0.554444444444446,0.029850746268656744,0.002985074626865608,4.0,3.5714285714285747,0.1200000000000001,3.48,2025-08-05 13:42:00,3.5714285714285747,0.1200000000000001,3.48,2025-08-05 13:42:00,False,,False,,,2.859630897911621,3.29028228479971,3.227145431552102,0.0699311416176398,0.009591369598658361,0.06033977201898144
CYCU,2026-04-15,2026-04-15 13:01:00,True,clean_breakout,previous_high_break_with_pullback_low_support_or_previous_resistance,1.305,1.38,1.305,1.38,86343.0,24856.05,3.4737216894880723,1.0,0.0,0.0,1.0,2026-04-15 12:59:00,1.31,1.29,19375.0,21241.65,0.03666666666667,2026-04-15 13:00:00,1.3,1.3098,0.9800000000000022,0.007633587786259549,0.05343511450381667,2.0,26.08695652173914,0.3600000000000001,1.74,2026-04-15 14:03:00,5.072463768115947,0.07000000000000006,1.45,2026-04-15 13:23:00,False,,False,,,1.2059640201991273,1.309534259740372,1.2774765638745422,0.03390407676981466,0.005675952995131933,0.02822812377468273
CYCU,2026-04-15,2026-04-15 13:07:00,True,clean_breakout,previous_high_break_with_pullback_low_support_or_previous_resistance,1.36,1.41,1.35,1.41,28203.0,30822.1,0.9150252578506981,0.8333333333333327,0.0,0.1666666666666673,1.0,2026-04-15 13:02:00,1.38,1.35,46787.0,27185.4,0.0,2026-04-15 13:04:00,1.325,1.3497,0.7057142857142813,0.03985507246376807,0.02173913043478263,5.0,23.40425531914894,0.33000000000000007,1.74,2026-04-15 14:03:00,4.964539007092203,0.07000000000000006,1.48,2026-04-15 13:35:00,False,,False,,,1.2265174890545925,1.3516814289853805,1.3159934094831058,0.039640999781257236,0.005135713169645464,0.03450528661161177
RPGL,2026-01-29,2026-01-29 13:49:00,True,clean_breakout,previous_high_break_with_pullback_low_support_or_previous_resistance,14.154,16.834,13.682,16.442,85167.0,22638.73,3.7620043173799944,0.7258883248730967,0.1243654822335024,0.1497461928934009,0.8756345177664976,2026-01-29 13:41:00,14.77,13.034,57735.85,8484.56,0.7917570498915398,2026-01-29 13:42:00,12.46,12.9,0.43912175648702595,0.15639810426540277,0.11320243737305354,8.0,129.8990390463447,21.357999999999997,37.8,2026-01-29 18:30:00,9.475732879211773,1.5579999999999998,18.0,2026-01-29 13:52:00,False,,False,,,11.387205153663292,13.884647735232093,12.769328985718614,1.088748363114096,0.3231153122263326,0.7656330508877633
BNAI,2026-01-23,2026-01-23 10:46:00,True,clean_breakout,previous_high_break_with_pullback_low_support_or_previous_resistance,14.5101,15.5,14.48,15.3111,272127.0,162549.15,1.674121334993139,0.7852941176470593,0.18519607843137292,0.029509803921567785,0.8148039215686271,2026-01-23 10:44:00,15.27,14.555,323328.0,153558.75,0.25534631343760006,2026-01-23 10:45:00,14.11,14.54,0.6603773584905673,0.07596594629993453,0.0026915520628683783,2.0,344.7753590532359,52.7889,68.1,2026-01-23 18:39:00,19.521131727962075,2.988900000000001,18.3,2026-01-23 11:14:00,True,20.0,False,,,12.796876758136944,14.514989238161805,13.941832812313063,0.644567148172591,0.07517818911245244,0.5693889590601385
MTC,2025-11-11,2025-11-11 10:49:00,True,clean_breakout,previous_high_break_with_pullback_low_support_or_previous_resistance,2.8199,2.91,2.8128,2.895,80248.0,35794.65,2.241899278244095,0.7726337448559669,0.15432098765432234,0.07304526748971078,0.8456790123456777,2025-11-11 10:45:00,2.89,2.84,80023.0,40009.5,0.4166666666666685,2025-11-11 10:46:00,2.78,2.825,0.48596112311015516,0.03806228373702433,0.0017301038062283367,4.0,17.098445595854926,0.4950000000000001,3.39,2025-11-11 11:53:00,8.80829015544041,0.2549999999999999,3.15,2025-11-11 10:53:00,False,,False,,,2.6052820479880268,2.8086090448903756,2.7596752554592263,0.05725120816549678,0.011473069602615654,0.04577813856288113
LVWR,2025-06-04,2025-06-04 12:00:00,True,clean_breakout,previous_high_break_with_pullback_low_support_or_previous_resistance,4.28,4.3484,4.28,4.3484,18672.0,4568.5,4.087118310167451,1.0,0.0,0.0,1.0,2025-06-04 11:55:00,4.31,4.2902,7853.0,2814.4,0.4201680672268889,2025-06-04 11:59:00,4.26,4.28,1.0,0.0116009280742459,0.008909512761020932,5.0,35.68208996412475,1.5516000000000005,5.9,2025-06-04 16:00:00,8.085732683285816,0.35160000000000036,4.7,2025-06-04 12:15:00,False,,False,,,4.186250497876614,4.282570003982678,4.252621563538979,0.03211787635228447,0.005914331779582619,0.02620354457270185
OMER,2024-11-14,2024-11-14 10:12:00,True,clean_breakout,previous_high_break_with_pullback_low_support_or_previous_resistance,5.69,5.75,5.6644,5.74,18689.0,15318.3,1.2200439996605368,0.5841121495327058,0.1168224299065391,0.299065420560755,0.8831775700934609,2024-11-14 10:10:00,5.72,5.6801,8833.0,16228.85,0.12499999999999722,2024-11-14 10:11:00,5.67,5.68,0.3333333333333235,0.00874125874125871,0.0034965034965035776,2.0,30.8362369337979,1.7699999999999996,7.51,2024-11-14 10:36:00,30.8362369337979,1.7699999999999996,7.51,2024-11-14 10:36:00,True,9.0,False,,,5.316876076976797,5.649853291521707,5.5370741881362235,0.14885197713603127,-0.0025978271130194797,0.15144980424905075
OMER,2024-11-14,2024-11-14 10:20:00,True,clean_breakout,previous_high_break_with_pullback_low_support_or_previous_resistance,5.9999,6.1694,5.97,6.15,48678.0,35473.25,1.3722452834177867,0.7527582748244714,0.09729187562688073,0.14994984954864785,0.9027081243731193,2024-11-14 10:18:00,6.1394,6.112,53081.0,27545.95,0.285119667013529,2024-11-14 10:19:00,5.85,5.96,0.28947368421052655,0.047138156823142416,0.001726553083363222,2.0,22.11382113821137,1.3599999999999994,7.51,2024-11-14 10:36:00,22.11382113821137,1.3599999999999994,7.51,2024-11-14 10:36:00,True,13.0,False,,,5.577945997981048,5.967431104801707,5.796079486417661,0.2004651471826957,0.025074778109914708,0.175390369072781
OMER,2024-11-14,2024-11-14 10:35:00,True,clean_breakout,previous_high_break_with_pullback_low_support_or_previous_resistance,6.8,7.22,6.75,7.22,365727.0,138242.1,2.645554429511704,0.893617021276596,0.0,0.10638297872340394,1.0,2024-11-14 10:33:00,6.79,6.79,182542.0,111765.7,0.0,2024-11-14 10:34:00,6.75,6.82,0.1934235976789167,0.005891016200294556,0.06332842415316638,2.0,4.016620498614959,0.29000000000000004,7.51,2024-11-14 10:36:00,4.016620498614959,0.29000000000000004,7.51,2024-11-14 10:36:00,False,,True,2024-11-14 10:42:00,6.67,6.213426640094186,6.670524499748592,6.385854299446596,0.3049510282700272,0.07331442876738264,0.23163659950264454
MRKR,2025-07-17,2025-07-17 09:51:00,True,clean_breakout,previous_high_break_with_pullback_low_support_or_previous_resistance,2.0776,2.27,2.06,2.27,165500.0,29877.35,5.539313225570541,0.916190476190477,0.0,0.08380952380952306,1.0,2025-07-17 09:48:00,2.1075,2.1075,42596.0,19535.1,0.0,2025-07-17 09:49:00,2.0,2.0684,0.6846846846846857,0.05100830367734279,0.07710557532621594,3.0,79.29515418502203,1.8000000000000003,4.07,2025-07-17 10:12:00,79.29515418502203,1.8000000000000003,4.07,2025-07-17 10:12:00,True,8.0,False,,,2.0248741148616802,2.084818525220428,1.9918443448602323,0.09825836959775303,0.021136032611243194,0.07712233698650983
PHIO,2025-01-13,2025-01-13 10:13:00,True,clean_breakout,previous_high_break_with_pullback_low_support_or_previous_resistance,6.8292,8.0299,6.82,7.9215,2900977.0,1838894.05,1.5775661463475832,0.9028018844532609,0.08959418133730034,0.007603934209438698,0.9104058186626997,2025-01-13 10:11:00,7.3852,7.2301,2422306.0,1832876.8,0.3484610199955066,2025-01-13 10:12:00,6.75,6.83,0.14814814814814828,0.08600985755294376,0.07261820939175645,2.0,23.587704348923804,1.8684999999999992,9.79,2025-01-13 10:58:00,19.926781543899512,1.5785,9.5,2025-01-13 10:16:00,True,2.0,False,,,4.87095820504214,6.812663222260198,6.20671278968231,0.6267155600654135,0.16670727889163928,0.46000828117377424
BNAI,2025-02-10,2025-02-10 10:15:00,True,clean_breakout,previous_high_break_with_pullback_low_support_or_previous_resistance,9.234,9.827,9.131,9.657,448615.8,296816.08,1.5114268741774366,0.6077586206896555,0.24425287356321837,0.14798850574712616,0.7557471264367817,2025-02-10 10:12:00,9.6,9.409,448055.8,291872.93000000005,0.19099999999999895,2025-02-10 10:14:00,8.8,9.23,0.7962962962962971,0.08333333333333323,0.00593750000000004,3.0,8.71906389147769,0.8420000000000005,10.499,2025-02-10 10:18:00,8.71906389147769,0.8420000000000005,10.499,2025-02-10 10:18:00,False,,True,2025-02-10 10:33:00,8.566,8.093787946141878,9.118343181549335,8.551611132707572,0.711652049209837,0.0007486232925041358,0.7109034259173329
BIAF,2026-03-23,2026-03-23 10:42:00,True,clean_breakout,previous_high_break_with_pullback_low_support_or_previous_resistance,3.37,3.44,3.3614,3.4399,52529.0,27084.75,1.9394308605396025,0.8893129770992401,0.0012722646310402955,0.10941475826971965,0.9987277353689598,2026-03-23 10:38:00,3.38,3.3443,59405.0,22491.75,0.6296296296296297,2026-03-23 10:39:00,3.31,3.3698,0.5997001499250382,0.020710059171597586,0.017721893491124345,4.0,56.399895345794924,1.9400999999999997,5.38,2026-03-23 12:52:00,23.55010320067443,0.8100999999999998,4.25,2026-03-23 11:03:00,True,7.0,False,,,3.1294276060449806,3.345757629976798,3.2904180281704454,0.05807841125107727,0.01735049376978625,0.040727917481291016
BIAF,2026-03-23,2026-03-23 11:53:00,True,clean_breakout,previous_high_break_with_pullback_low_support_or_previous_resistance,4.5019,4.72,4.45,4.6851,511211.0,295332.2,1.7309693964965553,0.6785185185185205,0.12925925925925758,0.1922222222222219,0.8707407407407425,2026-03-23 11:50:00,4.56,4.45,595148.0,265187.75,0.5502751375687829,2026-03-23 11:51:00,4.39,4.5177,0.40000000000000235,0.037280701754385956,0.027434210526315936,3.0,14.832127382553193,0.6948999999999996,5.38,2026-03-23 12:52:00,10.990160295404577,0.5148999999999999,5.2,2026-03-23 12:22:00,True,28.0,False,,,4.05371632680908,4.4676045374257916,4.371985608810136,0.10142646149458745,0.025388187685482275,0.07603827380910518
QNTM,2025-02-05,2025-02-05 11:01:00,True,clean_breakout,previous_high_break_with_pullback_low_support_or_previous_resistance,6.59,6.77,6.59,6.77,30198.0,8082.15,3.7363820270596317,1.0,0.0,0.0,1.0,2025-02-05 10:59:00,6.65,6.56,12930.0,6510.05,0.40000000000000235,2025-02-05 11:00:00,6.5,6.59,0.0,0.02255639097744366,0.01804511278195477,2.0,48.44903988183163,3.280000000000001,10.05,2025-02-05 13:24:00,15.214180206794687,1.0300000000000002,7.8,2025-02-05 11:20:00,True,19.0,False,,,6.2574699057268655,6.565493563110963,6.478870353113991,0.08305397989959395,0.03671922317669506,0.0463347567228989
QNTM,2025-02-05,2025-02-05 11:14:00,True,clean_breakout,previous_high_break_with_pullback_low_support_or_previous_resistance,6.88,7.2,6.87,7.14,66509.0,19090.95,3.4837972966248403,0.7878787878787871,0.1818181818181833,0.03030303030302965,0.8181818181818167,2025-02-05 11:12:00,6.98,6.92,46871.0,16016.95,0.3000000000000022,2025-02-05 11:13:00,6.86,6.9,0.0,0.01719197707736391,0.022922636103151754,2.0,40.75630252100842,2.910000000000001,10.05,2025-02-05 13:24:00,11.904761904761912,0.8500000000000005,7.99,2025-02-05 11:43:00,True,19.0,False,,,6.339405428628221,6.866406335381252,6.738639826297581,0.13620436302965722,0.026215454675374394,0.10998890835428282
QNTM,2025-02-05,2025-02-05 13:00:00,True,clean_breakout,previous_high_break_with_pullback_low_support_or_previous_resistance,9.08,9.72,9.06,9.7,268039.0,103309.95,2.5945129196171326,0.939393939393938,0.03030303030303234,0.03030303030302965,0.9696969696969676,2025-02-05 12:58:00,9.4,9.4,229580.0,78383.45,0.0,2025-02-05 12:59:00,9.03,9.08,0.1351351351351367,0.03936170212765968,0.03191489361702116,2.0,3.608247422680427,0.3500000000000014,10.05,2025-02-05 13:24:00,3.608247422680427,0.3500000000000014,10.05,2025-02-05 13:24:00,False,,True,2025-02-05 13:10:00,8.87,7.577692477298546,8.991324983128285,8.584968972231463,0.41313091554214587,0.10993452811009341,0.30319638743205246
MGIH,2025-09-08,2025-09-08 13:28:00,True,clean_breakout,previous_high_break_with_pullback_low_support_or_previous_resistance,2.2,2.47,2.16,2.4694,311573.0,84794.15,3.674463391637277,0.8690322580645148,0.001935483870968961,0.1290322580645162,0.998064516129031,2025-09-08 13:26:00,2.27,2.235,160816.0,54245.95,0.17500000000000054,2025-09-08 13:27:00,2.17,2.21,0.13333333333333333,0.044052863436123385,0.08784140969162987,2.0,95.99902810399288,2.3706,4.84,2025-09-08 14:25:00,42.94970438163117,1.0606,3.53,2025-09-08 13:41:00,True,2.0,False,,,2.104416722592625,2.1412881538078103,2.0021737401557256,0.14216855910490267,0.036364744665437265,0.1058038144394654
SBET,2025-05-29,2025-05-29 13:47:00,True,clean_breakout,previous_high_break_with_pullback_low_support_or_previous_resistance,54.33,55.8,54.0,55.28,52189.0,47705.45,1.0939840206936524,0.5277777777777802,0.28888888888888714,0.18333333333333268,0.7111111111111129,2025-05-29 13:44:00,54.74,54.2,56252.0,45463.7,0.033613445378150406,2025-05-29 13:45:00,53.5,54.05,0.624999999999995,0.022652539276580234,0.009864815491413942,3.0,93.25253256150505,51.55,106.83,2025-05-29 16:17:00,9.442836468885671,5.219999999999999,60.5,2025-05-29 13:54:00,False,,False,,,43.971015784127864,53.983643266443906,52.72772038223666,1.5027871642882928,0.03391409250164967,1.4688730717866432
BTAI,2025-08-11,2025-08-11 09:54:00,True,clean_breakout,previous_high_break_with_pullback_low_support_or_previous_resistance,4.7399,4.84,4.7101,4.8399,174003.0,118079.55,1.4736082581615528,0.7698229407236369,0.0007698229407218387,0.22940723633564125,0.9992301770592782,2025-08-11 09:44:00,4.8,4.7296,145131.0,112995.3,0.5118181818181866,2025-08-11 09:47:00,4.52,4.625,0.7276867030965367,0.05833333333333339,0.008312500000000056,10.0,53.928800181821934,2.6101,7.45,2025-08-11 16:45:00,7.233620529349786,0.3501000000000003,5.19,2025-08-11 10:07:00,False,,False,,,4.514139802023368,4.718373734749927,4.637916260513429,0.09439146180957625,0.001927965698450551,0.0924634961111257
BTAI,2025-08-11,2025-08-11 13:21:00,True,clean_breakout,previous_high_break_with_pullback_low_support_or_previous_resistance,5.375,5.52,5.36,5.5001,217721.0,67230.8,3.2384115613677062,0.7818750000000022,0.12437499999999937,0.09374999999999843,0.8756250000000007,2025-08-11 13:17:00,5.5,5.48,288367.0,46967.65,0.08333333333333148,2025-08-11 13:20:00,5.35,5.3706,0.5149999999999983,0.027272727272727337,1.8181818181775807e-05,4.0,35.45208268940566,1.9499000000000004,7.45,2025-08-11 16:45:00,15.997890947437321,0.8799000000000001,6.38,2025-08-11 13:47:00,True,23.0,False,,,4.886211038637619,5.358844564901199,5.291362830262661,0.06653107970748184,0.028641622111729242,0.0378894575957526
NVNI,2025-09-22,2025-09-22 12:12:00,True,clean_breakout,previous_high_break_with_pullback_low_support_or_previous_resistance,14.293,14.8,14.2,14.75,45129.0,11557.484999999997,3.904742251450035,0.761666666666666,0.08333333333333431,0.15499999999999958,0.9166666666666656,2025-09-22 12:07:00,14.3,14.15,33055.8,8995.079999999998,0.16666666666666863,2025-09-22 12:09:00,14.0,14.199,0.9900000000000055,0.02097902097902103,0.031468531468531416,5.0,1.0169491525423753,0.15000000000000036,14.9,2025-09-22 12:13:00,1.0169491525423753,0.15000000000000036,14.9,2025-09-22 12:13:00,False,,True,2025-09-22 12:22:00,13.9,12.309620793706431,14.168383487898346,13.855467233600137,0.31231346058027754,0.10397125452444098,0.20834220605583656
NVNI,2025-09-22,2025-09-22 14:34:00,True,clean_breakout,previous_high_break_with_pullback_low_support_or_previous_resistance,13.501,13.6,13.501,13.6,2050.0,1825.6199999999997,1.1229061907735456,1.0,0.0,0.0,1.0,2025-09-22 14:32:00,13.559,13.55,1658.5,1809.205,0.1525423728813335,2025-09-22 14:33:00,13.5,13.55,0.5000000000000089,0.004351353344641882,0.0030238218157681517,2.0,9.55882352941177,1.3000000000000007,14.9,2025-09-22 15:56:00,2.205882352941182,0.3000000000000007,13.9,2025-09-22 14:49:00,False,,True,2025-09-22 15:03:00,13.4,12.79502176219265,13.484673458720636,13.39071149031398,0.10818538696159585,0.012985884820367721,0.09519950214122813
RPGL,2026-01-29,2026-01-29 13:49:00,True,clean_breakout,previous_high_break_with_pullback_low_support_or_previous_resistance,14.154,16.834,13.682,16.442,85167.0,22638.73,3.7620043173799944,0.7258883248730967,0.1243654822335024,0.1497461928934009,0.8756345177664976,2026-01-29 13:41:00,14.77,13.034,57735.85,8484.56,0.7917570498915398,2026-01-29 13:42:00,12.46,12.9,0.43912175648702595,0.15639810426540277,0.11320243737305354,8.0,129.8990390463447,21.357999999999997,37.8,2026-01-29 18:30:00,9.475732879211773,1.5579999999999998,18.0,2026-01-29 13:52:00,False,,False,,,11.387205153663292,13.884647735232093,12.769328985718614,1.088748363114096,0.3231153122263326,0.7656330508877633
AIFF,2025-02-11,2025-02-11 10:19:00,True,clean_breakout,previous_high_break_with_pullback_low_support_or_previous_resistance,5.11,5.58,5.095,5.4571,2216932.0,927599.0,2.389968078878912,0.7156701030927816,0.2534020618556709,0.030927835051547545,0.7465979381443292,2025-02-11 10:10:00,5.38,5.26,1218931.0,600247.2,0.29268292682926844,2025-02-11 10:11:00,4.86,5.1292,0.6260465116279066,0.09665427509293673,0.01433085501858731,9.0,110.91788678968683,6.0529,11.51,2025-02-11 12:16:00,13.246962672481724,0.7229000000000001,6.18,2025-02-11 10:49:00,True,30.0,True,2025-02-11 10:24:00,4.77,4.524292307105225,5.0961198351574595,4.903944921095158,0.20979251521735076,0.018203272328396275,0.1915892428889545
AIFF,2025-02-11,2025-02-11 10:54:00,True,clean_breakout,previous_high_break_with_pullback_low_support_or_previous_resistance,5.9399,6.4,5.81,6.3,1998898.0,738597.65,2.706342214871656,0.6103389830508469,0.1694915254237295,0.22016949152542367,0.8305084745762705,2025-02-11 10:49:00,6.18,5.9251,1826608.0,672177.15,0.6217073170731708,2025-02-11 10:50:00,5.54,5.625,0.19318181818181793,0.10355987055016176,0.01941747572815536,5.0,82.69841269841271,5.21,11.51,2025-02-11 12:16:00,39.20634920634921,2.4699999999999998,8.77,2025-02-11 11:22:00,True,9.0,False,,,4.790688822317883,5.780388835996039,5.507098422361891,0.27519831865871325,0.08991016267137794,0.1852881559873353
AIFF,2025-02-11,2025-02-11 11:03:00,True,clean_breakout,previous_high_break_with_pullback_low_support_or_previous_resistance,6.44,7.26,6.41,7.26,1649898.0,911353.7,1.8103816333877836,0.9647058823529409,0.0,0.03529411764705913,1.0,2025-02-11 10:57:00,6.81,6.81,198503.0,824755.45,0.0,2025-02-11 11:02:00,6.13,6.4398,0.45558823529411796,0.09985315712187955,0.06607929515418505,6.0,58.539944903581265,4.25,11.51,2025-02-11 12:16:00,20.79889807162534,1.5099999999999998,8.77,2025-02-11 11:22:00,True,12.0,False,,,4.930538511343358,6.470514613779183,6.006178704912503,0.4678400216937577,0.1393358739087871,0.3285041477849706
AIFF,2025-02-11,2025-02-11 11:22:00,True,clean_breakout,previous_high_break_with_pullback_low_support_or_previous_resistance,7.95,8.77,7.9,8.665,1556667.0,1089963.1,1.4281832109729218,0.8218390804597697,0.1206896551724144,0.05747126436781594,0.8793103448275856,2025-02-11 11:20:00,8.15,7.87,948685.0,1109111.55,0.0,2025-02-11 11:21:00,7.7,7.92,0.40473684210526195,0.05521472392638039,0.0631901840490796,2.0,32.8332371609925,2.8450000000000006,11.51,2025-02-11 12:16:00,0.0,0.0,8.6646,2025-02-11 11:23:00,False,,True,2025-02-11 11:25:00,7.65,5.285755806468048,7.765999291589274,7.157198811546782,0.6740059701241101,0.0855728754076559,0.5884330947164542
LFS,2025-11-11,2025-11-11 15:49:00,True,clean_breakout,previous_high_break_with_pullback_low_support_or_previous_resistance,8.79,10.41,8.7127,10.09,495189.0,248719.85,1.9909508629890216,0.7659223472574092,0.18853473163259307,0.04554292110999779,0.811465268367407,2025-11-11 15:47:00,9.6,9.1999,316802.0,236096.5,0.5334666666666669,2025-11-11 15:48:00,8.41,8.79,0.5100671140939589,0.12395833333333328,0.051041666666666693,2.0,90.28741328047572,9.11,19.2,2025-11-11 16:56:00,47.37363726461843,4.779999999999999,14.87,2025-11-11 16:10:00,True,1.0,False,,,5.095067720480006,8.462779044929372,7.530000858784915,0.9159840839774898,0.37880965525589083,0.5371744287215989
CNCK,2025-12-01,2025-12-01 11:50:00,True,clean_breakout,previous_high_break_with_pullback_low_support_or_previous_resistance,3.84,3.99,3.83,3.99,200.0,816.8,0.2448579823702253,0.9375000000000013,0.0,0.06249999999999861,1.0,2025-12-01 11:46:00,3.91,3.81,2598.0,1280.45,0.7000000000000022,2025-12-01 11:49:00,3.89,3.9,0.09090909090908908,0.005115089514066501,0.020460358056266004,4.0,133.33333333333331,5.32,9.31,2025-12-01 15:41:00,23.30827067669172,0.9299999999999997,4.92,2025-12-01 12:03:00,True,11.0,True,2025-12-01 11:58:00,3.79,3.6084697736011626,3.8371058921934327,3.776375864391629,0.06706436439095587,0.016914831000319173,0.05014953339063669
CNCK,2025-12-01,2025-12-01 15:41:00,True,clean_breakout,previous_high_break_with_pullback_low_support_or_previous_resistance,8.5,9.31,8.5,9.21,256230.0,165719.2,1.5461696653133734,0.8765432098765438,0.12345679012345627,0.0,0.8765432098765438,2025-12-01 15:36:00,8.95,8.47,267929.0,147728.1,0.3088235294117635,2025-12-01 15:40:00,8.4,8.52,0.3749999999999972,0.061452513966480334,0.029050279329609116,5.0,1.0857763300760004,0.09999999999999964,9.31,2025-12-01 15:42:00,1.0857763300760004,0.09999999999999964,9.31,2025-12-01 15:42:00,False,,True,2025-12-01 15:47:00,8.28,7.07671067393961,8.64488753292386,8.334211397110458,0.3450975111261467,0.026340673339633802,0.3187568377865129
DDC,2024-06-12,2024-06-12 10:37:00,True,clean_breakout,previous_high_break_with_pullback_low_support_or_previous_resistance,37.125,40.9975,36.5,39.025,55296.2,27344.106000000007,2.0222347002311936,0.42245692051139466,0.4385769872151201,0.1389660922734852,0.5614230127848799,2024-06-12 10:33:00,39.0,37.625,47936.44,25851.1,0.25,2024-06-12 10:34:00,35.75,36.75,0.5,0.08333333333333333,0.0006410256410256046,4.0,62.07559256886612,24.225,63.25,2024-06-12 11:19:00,39.65406790518899,15.475000000000001,54.5,2024-06-12 11:02:00,True,14.0,True,2024-06-12 10:38:00,35.5025,32.60548980910459,36.81799297790248,35.15375530763908,2.03404290853495,0.2324788961877693,1.8015640123471806
DDC,2024-06-12,2024-06-12 10:54:00,True,clean_breakout,previous_high_break_with_pullback_low_support_or_previous_resistance,42.5,46.25,42.0,45.5,36650.6,26906.798,1.362131607038489,0.7058823529411765,0.17647058823529413,0.11764705882352941,0.8235294117647058,2024-06-12 10:52:00,45.0,45.0,43699.8,27234.99,0.0,2024-06-12 10:53:00,42.0,42.5225,0.17416666666666694,0.06666666666666667,0.011111111111111112,2.0,39.010989010989015,17.75,63.25,2024-06-12 11:19:00,39.010989010989015,17.75,63.25,2024-06-12 11:19:00,True,8.0,False,,,34.634454319006956,41.93402735752715,39.6467101447208,2.4444321339435717,0.7026099751454442,1.7418221587981275
FNUC,2025-10-13,2025-10-13 10:04:00,True,clean_breakout,previous_high_break_with_pullback_low_support_or_previous_resistance,5.07,5.19,5.05,5.1727,68722.0,17543.4,3.9172566321237614,0.7335714285714225,0.12357142857143191,0.14285714285714557,0.8764285714285681,2025-10-13 10:02:00,5.04,5.035,14475.0,13083.95,0.0833333333333321,2025-10-13 10:03:00,5.02,5.08,0.34625000000000317,0.00396825396825406,0.026329365079365043,2.0,43.638718657567615,2.2573,7.43,2025-10-13 12:03:00,8.26067624258124,0.4272999999999998,5.6,2025-10-13 10:12:00,False,,False,,,4.895184291183742,5.023650108897051,4.944468944573646,0.07949338429503339,0.0221818593747908,0.057311524920242586
FNUC,2025-10-13,2025-10-13 10:11:00,True,clean_breakout,previous_high_break_with_pullback_low_support_or_previous_resistance,5.2461,5.4,5.2,5.4,121404.0,35336.15,3.435688381445064,0.7695000000000001,0.0,0.23049999999999995,1.0,2025-10-13 10:09:00,5.2,5.174,47101.0,24370.85,0.18571428571428353,2025-10-13 10:10:00,5.17,5.255,0.22461538461538738,0.005769230769230817,0.03846153846153849,2.0,37.59259259259258,2.0299999999999994,7.43,2025-10-13 12:03:00,3.7037037037036904,0.1999999999999993,5.6,2025-10-13 10:12:00,False,,True,2025-10-13 10:18:00,5.16,5.026043921876496,5.173242667317368,5.066829276365675,0.1099270232156071,0.025190374180337705,0.0847366490352694
FNUC,2025-10-13,2025-10-13 11:58:00,True,clean_breakout,previous_high_break_with_pullback_low_support_or_previous_resistance,6.4777,7.04,6.44,7.04,421466.0,114172.6,3.691481143461741,0.937166666666668,0.0,0.062833333333332,1.0,2025-10-13 11:56:00,6.57,6.5,333521.0,77174.45,0.25925925925925986,2025-10-13 11:57:00,6.365,6.46,0.3015873015873013,0.031202435312024362,0.07153729071537286,2.0,5.539772727272723,0.3899999999999997,7.43,2025-10-13 12:03:00,5.539772727272723,0.3899999999999997,7.43,2025-10-13 12:03:00,False,,True,2025-10-13 12:15:00,6.33,5.652713602175242,6.339743224096552,6.037366356023564,0.28328063715866136,0.12156378292055858,0.16171685423810278
CHAI,2025-05-22,2025-05-22 10:05:00,True,clean_breakout,previous_high_break_with_pullback_low_support_or_previous_resistance,24.3688,25.52,24.3688,25.3776,53454.75,17079.175,3.1298203806682703,0.8763029881862416,0.12369701181375835,0.0,0.8763029881862416,2025-05-22 09:41:00,25.12,23.992,76070.0,18847.8125,0.6774193548387085,2025-05-22 09:42:00,23.2,23.6688,0.5860000000000015,0.07643312101910835,0.010254777070063696,24.0,39.768930080070604,10.092399999999998,35.47,2025-05-22 11:11:00,23.57354517369648,5.982399999999998,31.36,2025-05-22 10:19:00,True,8.0,False,,,23.388249146994028,24.565246538706937,24.177968659814724,0.5098126286330675,-0.02467364555731999,0.5344862741903875
SBET,2025-05-29,2025-05-29 13:47:00,True,clean_breakout,previous_high_break_with_pullback_low_support_or_previous_resistance,54.33,55.8,54.0,55.28,52189.0,47705.45,1.0939840206936524,0.5277777777777802,0.28888888888888714,0.18333333333333268,0.7111111111111129,2025-05-29 13:44:00,54.74,54.2,56252.0,45463.7,0.033613445378150406,2025-05-29 13:45:00,53.5,54.05,0.624999999999995,0.022652539276580234,0.009864815491413942,3.0,93.25253256150505,51.55,106.83,2025-05-29 16:17:00,9.442836468885671,5.219999999999999,60.5,2025-05-29 13:54:00,False,,False,,,43.971015784127864,53.983643266443906,52.72772038223666,1.5027871642882928,0.03391409250164967,1.4688730717866432
REBN,2025-01-31,2025-01-31 11:19:00,True,clean_breakout,previous_high_break_with_pullback_low_support_or_previous_resistance,4.0,4.5,3.9901,4.36,1139116.0,499096.8,2.2823548457934413,0.7060207883898809,0.2745636399293973,0.01941557168072175,0.7254363600706027,2025-01-31 11:10:00,4.0,3.76,897562.0,366813.6,0.22580645161290266,2025-01-31 11:15:00,3.6,3.84,0.40000000000000036,0.09999999999999998,0.09000000000000008,9.0,23.85321100917431,1.04,5.4,2025-01-31 11:23:00,23.85321100917431,1.04,5.4,2025-01-31 11:23:00,True,1.0,False,,,3.461129584466778,3.920789822381871,3.708128943284945,0.2389372682870432,0.02378781114214598,0.21514945714489722
REBN,2025-01-31,2025-01-31 11:20:00,True,clean_breakout,previous_high_break_with_pullback_low_support_or_previous_resistance,4.37,5.0,4.22,4.87,1489964.0,555832.65,2.680598198036765,0.6410256410256409,0.16666666666666646,0.1923076923076927,0.8333333333333335,2025-01-31 11:18:00,4.0,3.9993,647151.0,444824.75,0.004117647058824384,2025-01-31 11:19:00,3.9901,4.36,0.01941557168072175,0.002475000000000005,0.21750000000000003,2.0,10.882956878850107,0.5300000000000002,5.4,2025-01-31 11:23:00,10.882956878850107,0.5300000000000002,5.4,2025-01-31 11:23:00,True,3.0,False,,,3.56578028553121,4.1106318579054975,3.8187833296387597,0.30218811040768356,0.07144515124593734,0.23074295916174623
SST,2026-03-27,2026-03-27 14:49:00,True,clean_breakout,previous_high_break_with_pullback_low_support_or_previous_resistance,3.814,3.97,3.78,3.9699,747200.0,307337.6,2.4312026904615642,0.8205263157894717,0.0005263157894747938,0.1789473684210536,0.9994736842105252,2026-03-27 14:47:00,3.88,3.71,425312.0,270503.45,0.6799999999999997,2026-03-27 14:48:00,3.705,3.8483,0.03030303030302965,0.04510309278350511,0.02317010309278353,2.0,19.65036902692763,0.7801,4.75,2026-03-27 15:07:00,19.65036902692763,0.7801,4.75,2026-03-27 15:07:00,True,15.0,False,,,2.9894829228158555,3.7730823320734794,3.67993545639295,0.10505009815903943,0.006867359296495845,0.09818273886254358
RPGL,2026-01-29,2026-01-29 13:49:00,True,clean_breakout,previous_high_break_with_pullback_low_support_or_previous_resistance,14.154,16.834,13.682,16.442,85167.0,22638.73,3.7620043173799944,0.7258883248730967,0.1243654822335024,0.1497461928934009,0.8756345177664976,2026-01-29 13:41:00,14.77,13.034,57735.85,8484.56,0.7917570498915398,2026-01-29 13:42:00,12.46,12.9,0.43912175648702595,0.15639810426540277,0.11320243737305354,8.0,129.8990390463447,21.357999999999997,37.8,2026-01-29 18:30:00,9.475732879211773,1.5579999999999998,18.0,2026-01-29 13:52:00,False,,False,,,11.387205153663292,13.884647735232093,12.769328985718614,1.088748363114096,0.3231153122263326,0.7656330508877633
CRVO,2025-03-12,2025-03-12 10:19:00,True,clean_breakout,previous_high_break_with_pullback_low_support_or_previous_resistance,4.06,4.48,4.02,4.3726,1026384.0,781829.65,1.3127974872787185,0.6795652173913045,0.23347826086956514,0.08695652173913035,0.7665217391304349,2025-03-12 10:16:00,4.19,4.159,916820.0,720423.5,0.14090909090909343,2025-03-12 10:17:00,3.95,4.009,0.2567449956483906,0.057279236276849686,0.04357995226730307,3.0,71.06527009102136,3.1074,7.48,2025-03-12 16:18:00,34.24507158212505,1.4973999999999998,5.87,2025-03-12 10:45:00,True,15.0,True,2025-03-12 10:27:00,3.83,3.7347261544151826,4.028637892111599,3.7612891368467283,0.31493601599524723,0.025727397317085288,0.28920861867816194
CRVO,2025-03-12,2025-03-12 10:36:00,True,clean_breakout,previous_high_break_with_pullback_low_support_or_previous_resistance,4.6004,5.15,4.57,4.94,1425057.0,768183.9,1.855098759554841,0.5855172413793116,0.36206896551724127,0.05241379310344709,0.6379310344827587,2025-03-12 10:34:00,4.82,4.699,1050375.0,746529.65,0.5041666666666681,2025-03-12 10:35:00,4.44,4.61,0.5151515151515162,0.07883817427385889,0.024896265560165994,2.0,51.417004048582996,2.54,7.48,2025-03-12 16:18:00,32.38866396761132,1.5999999999999996,6.54,2025-03-12 10:56:00,True,5.0,False,,,3.9989850004213436,4.4561365474375725,4.230309009985399,0.25095993161628805,0.06466226616056928,0.18629766545571877
SWMR,2026-04-02,2026-04-02 15:02:00,True,clean_breakout,previous_high_break_with_pullback_low_support_or_previous_resistance,63.73,65.45,63.6,65.45,81146.0,9417.95,8.61610010671112,0.9297297297297322,0.0,0.07027027027026776,1.0,2026-04-02 15:00:00,64.0,63.99,15292.0,5475.45,0.02325581395348376,2026-04-02 15:01:00,63.66,63.81,0.4411764705882476,0.005312500000000053,0.022656250000000044,2.0,9.228418640183333,6.039999999999992,71.49,2026-04-02 16:12:00,5.378151260504195,3.519999999999996,68.97,2026-04-02 15:11:00,False,,False,,,59.210134717477445,63.66903870719296,62.90856683422303,0.6629962040232655,0.37193498441575656,0.29106121960750897
GXAI,2024-12-10,2024-12-10 10:49:00,True,clean_breakout,previous_high_break_with_pullback_low_support_or_previous_resistance,5.0516,5.4,5.01,5.3107,347135.0,82318.85,4.216956383622949,0.6643589743589736,0.2289743589743602,0.10666666666666615,0.7710256410256399,2024-12-10 10:47:00,4.95,4.9101,114388.0,56574.6,0.0,2024-12-10 10:48:00,4.89,5.06,0.13857142857143132,0.012121212121212222,0.07286868686868678,2.0,41.224320711017384,2.1893000000000002,7.5,2024-12-10 11:26:00,29.167529704182133,1.5490000000000004,6.8597,2024-12-10 11:19:00,True,2.0,False,,,4.457687608365526,4.938911619608013,4.800782980204197,0.1311775310986043,0.06046578820317189,0.07071174289543242
GXAI,2024-12-10,2024-12-10 11:19:00,True,clean_breakout,previous_high_break_with_pullback_low_support_or_previous_resistance,6.3315,6.8597,6.28,6.82,918368.0,474125.35,1.9369729966980251,0.8426772468518203,0.06848369846472288,0.08883905468345676,0.9315163015352771,2024-12-10 11:15:00,6.61,6.56,856901.0,467364.15,0.16129032258064718,2024-12-10 11:18:00,6.11,6.3198,0.26528343831048595,0.075642965204236,0.031770045385779114,4.0,9.970674486803514,0.6799999999999997,7.5,2024-12-10 11:26:00,9.970674486803514,0.6799999999999997,7.5,2024-12-10 11:26:00,False,,False,,,5.412192302299376,6.303732656936945,5.986254586996409,0.3510735006269403,0.06171133612656782,0.2893621645003725
GXAI,2024-12-10,2024-12-10 11:26:00,True,clean_breakout,previous_high_break_with_pullback_low_support_or_previous_resistance,6.8022,7.5,6.78,7.3343,1228916.0,600739.85,2.045670850701847,0.7390277777777777,0.23013888888888923,0.030833333333333032,0.7698611111111108,2024-12-10 11:21:00,7.2,6.9001,762987.0,501284.65,0.4471052631578953,2024-12-10 11:24:00,6.62,6.72,0.3846153846153836,0.08055555555555556,0.018652777777777726,5.0,2.259247644628665,0.16570000000000018,7.5,2024-12-10 11:27:00,2.259247644628665,0.16570000000000018,7.5,2024-12-10 11:27:00,False,,True,2024-12-10 11:30:00,6.52,5.71479958326092,6.825739076496063,6.469053527111086,0.4148446592188959,0.030102221410146013,0.3847424378087499
INBS,2026-01-05,2026-01-05 12:29:00,True,clean_breakout,previous_high_break_with_pullback_low_support_or_previous_resistance,12.415,13.3,12.3901,13.135,225016.0,70721.1,3.1817378406161665,0.7912957467853614,0.18133860863831283,0.027365644576325752,0.8186613913616871,2026-01-05 12:23:00,12.82,12.581,144995.0,66097.7,0.41164934300843514,2026-01-05 12:28:00,12.08,12.39,0.7045454545454565,0.05772230889235571,0.024570982839313533,6.0,16.102017510468215,2.115,15.25,2026-01-05 13:12:00,13.894175866006861,1.825000000000001,14.96,2026-01-05 12:40:00,True,10.0,False,,,11.246514662503978,12.514801636418765,12.153961900649954,0.40312101558738256,0.06223237984551305,0.3408886357418695
AGRZ,2026-03-12,2026-03-12 10:24:00,True,clean_breakout,previous_high_break_with_pullback_low_support_or_previous_resistance,0.6958,0.775,0.695,0.7407,2473442.0,1326444.7,1.8647155060440892,0.5612500000000001,0.4287499999999996,0.010000000000000278,0.5712500000000004,2026-03-12 10:20:00,0.7267,0.7002,2258901.0,1158709.2,0.6279620853080559,2026-03-12 10:23:00,0.67,0.6959,0.5807174887892363,0.0780239438557864,0.01926517132241642,4.0,66.05913325232888,0.48929999999999996,1.23,2026-03-12 16:08:00,2.1331173214526697,0.015799999999999925,0.7565,2026-03-12 10:32:00,False,,True,2026-03-12 10:39:00,0.663,0.6404880160796762,0.6851734488418746,0.6467237479693975,0.04385291437517691,0.00682639609301202,0.03702651828216489
LFS,2025-11-11,2025-11-11 15:49:00,True,clean_breakout,previous_high_break_with_pullback_low_support_or_previous_resistance,8.79,10.41,8.7127,10.09,495189.0,248719.85,1.9909508629890216,0.7659223472574092,0.18853473163259307,0.04554292110999779,0.811465268367407,2025-11-11 15:47:00,9.6,9.1999,316802.0,236096.5,0.5334666666666669,2025-11-11 15:48:00,8.41,8.79,0.5100671140939589,0.12395833333333328,0.051041666666666693,2.0,90.28741328047572,9.11,19.2,2025-11-11 16:56:00,47.37363726461843,4.779999999999999,14.87,2025-11-11 16:10:00,True,1.0,False,,,5.095067720480006,8.462779044929372,7.530000858784915,0.9159840839774898,0.37880965525589083,0.5371744287215989
PHAT,2025-06-06,2025-06-06 11:32:00,True,clean_breakout,previous_high_break_with_pullback_low_support_or_previous_resistance,4.87,5.12,4.8,5.08,307671.0,19120.9,16.090822084734505,0.6562499999999993,0.125,0.2187500000000007,0.875,2025-06-06 11:29:00,4.79,4.79,100.0,1275.25,0.0,2025-06-06 11:31:00,4.78,4.87,0.09999999999999823,0.002087682672233776,0.0605427974947808,3.0,142.5196850393701,7.24,12.32,2025-06-06 12:21:00,66.33858267716533,3.369999999999999,8.45,2025-06-06 11:55:00,True,8.0,False,,,4.922726880096503,4.855306239232622,4.813065573950704,0.034443314167313055,0.024032120814438684,0.010411193352874371
CHAI,2025-05-16,2025-05-16 14:49:00,True,clean_breakout,previous_high_break_with_pullback_low_support_or_previous_resistance,8.92,9.46,8.86,9.3568,81286.0,23537.1625,3.4535173897873204,0.727999999999998,0.17200000000000137,0.10000000000000059,0.8279999999999986,2025-05-16 14:31:00,9.12,9.0396,53206.0,10353.1875,0.182727272727271,2025-05-16 14:41:00,8.6,8.7216,0.5,0.05701754385964908,0.02596491228070182,18.0,36.79890560875514,3.443200000000001,12.8,2025-05-16 15:14:00,36.79890560875514,3.443200000000001,12.8,2025-05-16 15:14:00,True,21.0,False,,,7.998057258965797,8.92084126002829,8.808434696784072,0.10653279720833808,0.04390464095505453,0.06262815625328355
RDZN,2024-12-19,2024-12-19 12:18:00,True,clean_breakout,previous_high_break_with_pullback_low_support_or_previous_resistance,2.194,2.3,2.16,2.25,37165.0,20679.55,1.797186108982062,0.40000000000000124,0.3571428571428567,0.24285714285714205,0.6428571428571433,2024-12-19 12:16:00,2.22,2.21,30272.0,18274.1,0.25000000000000555,2024-12-19 12:17:00,2.1494,2.2,0.6487179487179525,0.0318018018018019,0.013513513513513424,2.0,5.777777777777773,0.1299999999999999,2.38,2024-12-19 12:22:00,5.777777777777773,0.1299999999999999,2.38,2024-12-19 12:22:00,False,,True,2024-12-19 12:26:00,2.0699,1.8983315440244446,2.1794955961604323,2.1052308737632877,0.08318031530427294,0.007818297117719988,0.07536201818655296
RDZN,2024-12-19,2024-12-19 12:21:00,True,clean_breakout,previous_high_break_with_pullback_low_support_or_previous_resistance,2.2299,2.35,2.2299,2.32,48973.0,26289.45,1.8628385150697333,0.7502081598667754,0.24979184013322464,0.0,0.7502081598667754,2024-12-19 12:18:00,2.3,2.25,37165.0,20679.55,0.3571428571428567,2024-12-19 12:19:00,2.19,2.22,0.40485829959514474,0.04782608695652169,0.008695652173913052,3.0,2.5862068965517264,0.06000000000000005,2.38,2024-12-19 12:22:00,2.5862068965517264,0.06000000000000005,2.38,2024-12-19 12:22:00,False,,True,2024-12-19 12:26:00,2.0699,1.9226029561832096,2.2192617452341414,2.144522034676859,0.08575225063711933,0.004895472449186089,0.08085677818793324
AGPU,2026-04-01,2026-04-01 11:25:00,True,clean_breakout,previous_high_break_with_pullback_low_support_or_previous_resistance,3.38,3.7,3.36,3.63,946325.0,420021.7,2.253038354923091,0.7352941176470582,0.20588235294117713,0.058823529411764705,0.7941176470588229,2026-04-01 11:22:00,3.45,3.375,445433.0,407114.45,0.5016666666666665,2026-04-01 11:23:00,3.33,3.355,0.3124999999999986,0.0347826086956522,0.052173913043478175,3.0,32.231404958677686,1.17,4.8,2026-04-01 16:52:00,14.87603305785124,0.54,4.17,2026-04-01 11:36:00,True,10.0,False,,,2.983299969792951,3.381005510263421,3.2687659095260453,0.12011253704205638,0.028971421235267816,0.09114111580678856
AGPU,2026-04-01,2026-04-01 11:35:00,True,clean_breakout,previous_high_break_with_pullback_low_support_or_previous_resistance,3.74,4.0399,3.73,3.96,1027053.0,624207.8,1.6453703398131199,0.709906421426265,0.2578251048725403,0.03226847370119465,0.7421748951274597,2026-04-01 11:32:00,3.95,3.7303,894144.0,577481.6,0.24227272727272764,2026-04-01 11:34:00,3.68,3.73,0.1999999999999993,0.06835443037974684,0.002531645569620199,3.0,21.21212121212121,0.8399999999999999,4.8,2026-04-01 16:52:00,5.303030303030303,0.20999999999999996,4.17,2026-04-01 11:36:00,False,,True,2026-04-01 11:49:00,3.65,3.148283374826703,3.7840061532088303,3.622491428466232,0.1909339952363065,0.002582299555957901,0.1883516956803486
BIRD,2026-04-15,2026-04-15 13:57:00,True,clean_breakout,previous_high_break_with_pullback_low_support_or_previous_resistance,19.71,21.9,19.51,21.63,1064319.0,258379.3,4.119211562226541,0.8033472803347282,0.11297071129707109,0.08368200836820064,0.8870292887029289,2026-04-15 13:55:00,19.5,19.18,331739.0,217908.4,0.4,2026-04-15 13:56:00,18.95,19.68,0.2804878048780492,0.02820512820512824,0.10923076923076917,2.0,0.0,0.0,21.63,2026-04-15 13:58:00,0.0,0.0,21.63,2026-04-15 13:58:00,False,,True,2026-04-15 14:13:00,17.22,12.427221484199052,19.340171162364356,18.750202402510215,0.494162993337266,0.3203387711188526,0.17382422221841337
GSIT,2025-01-17,2025-01-17 10:21:00,True,clean_breakout,previous_high_break_with_pullback_low_support_or_previous_resistance,3.7292,3.99,3.68,3.9867,638508.0,248743.15,2.5669370191701764,0.830645161290322,0.010645161290323555,0.15870967741935452,0.9893548387096764,2025-01-17 10:19:00,3.9,3.84,380950.0,182129.3,0.31254811393379467,2025-01-17 10:20:00,3.66,3.7265,0.23750000000000018,0.06153846153846148,0.02223076923076923,2.0,22.90867133217951,0.9133000000000004,4.9,2025-01-17 10:45:00,22.90867133217951,0.9133000000000004,4.9,2025-01-17 10:45:00,True,5.0,False,,,3.6216730785513214,3.7578070099960392,3.5913887929184756,0.17631840467460425,0.03324324281818791,0.14307516185641633
PHAT,2025-06-06,2025-06-06 11:32:00,True,clean_breakout,previous_high_break_with_pullback_low_support_or_previous_resistance,4.87,5.12,4.8,5.08,307671.0,19120.9,16.090822084734505,0.6562499999999993,0.125,0.2187500000000007,0.875,2025-06-06 11:29:00,4.79,4.79,100.0,1275.25,0.0,2025-06-06 11:31:00,4.78,4.87,0.09999999999999823,0.002087682672233776,0.0605427974947808,3.0,142.5196850393701,7.24,12.32,2025-06-06 12:21:00,66.33858267716533,3.369999999999999,8.45,2025-06-06 11:55:00,True,8.0,False,,,4.922726880096503,4.855306239232622,4.813065573950704,0.034443314167313055,0.024032120814438684,0.010411193352874371
QTTB,2025-07-10,2025-07-10 10:42:00,True,clean_breakout,previous_high_break_with_pullback_low_support_or_previous_resistance,2.12,2.29,2.08,2.285,444831.0,151642.8,2.9334132579984016,0.785714285714286,0.023809523809523305,0.1904761904761907,0.9761904761904767,2025-07-10 10:38:00,2.1899,2.17,412099.0,72648.6,0.12445278298936963,2025-07-10 10:39:00,1.95,2.06,0.4782608695652174,0.1095483812046213,0.04342664048586691,4.0,64.11378555798686,1.4649999999999999,3.75,2025-07-10 15:55:00,26.914660831509835,0.6149999999999998,2.9,2025-07-10 10:59:00,True,2.0,False,,,2.0303173110249975,2.0818448927104662,1.9668491719874583,0.11608174394841742,0.03560832898140892,0.0804734149670085
QTTB,2025-07-10,2025-07-10 15:45:00,True,clean_breakout,previous_high_break_with_pullback_low_support_or_previous_resistance,2.764,2.94,2.73,2.9371,461860.0,208853.55,2.211406030685138,0.8242857142857156,0.013809523809523348,0.16190476190476102,0.9861904761904766,2025-07-10 15:43:00,2.9,2.845,313781.0,174816.6,0.499999999999998,2025-07-10 15:44:00,2.72,2.7489,0.2064285714285698,0.06206896551724128,0.012793103448275908,2.0,27.67696026692996,0.8129,3.75,2025-07-10 15:55:00,27.67696026692996,0.8129,3.75,2025-07-10 15:55:00,True,8.0,False,,,2.4040279092235957,2.770934744753392,2.6585325866199585,0.11902660350945604,0.018835077998475253,0.10019152551098079
QTTB,2025-07-10,2025-07-10 15:53:00,True,clean_breakout,previous_high_break_with_pullback_low_support_or_previous_resistance,2.91,3.24,2.91,3.23,800330.0,365648.5,2.1887960705431584,0.9696969696969691,0.030303030303030998,0.0,0.9696969696969691,2025-07-10 15:49:00,3.15,2.99,541380.0,312987.4,0.7500000000000006,2025-07-10 15:52:00,2.76,2.9198,0.7052941176470593,0.12380952380952386,0.02539682539682542,4.0,16.09907120743034,0.52,3.75,2025-07-10 15:55:00,16.09907120743034,0.52,3.75,2025-07-10 15:55:00,True,1.0,False,,,2.449834304315544,2.9699600564023263,2.8448085769787146,0.1429070569638382,0.010344692282049844,0.13256236468178836
TURB,2026-03-03,2026-03-03 10:32:00,True,clean_breakout,previous_high_break_with_pullback_low_support_or_previous_resistance,1.79,1.89,1.7801,1.8878,273064.0,92590.45,2.9491594435495236,0.8898999090081892,0.020018198362147244,0.09008189262966361,0.9799818016378528,2026-03-03 10:27:00,1.88,1.795,301479.0,41014.5,0.4473684210526315,2026-03-03 10:31:00,1.7301,1.79,0.5450409463148317,0.07973404255319146,0.004148936170212782,5.0,79.57410742663419,1.5022000000000002,3.39,2026-03-03 16:01:00,1.1759720309354804,0.022199999999999998,1.91,2026-03-03 10:33:00,False,,True,2026-03-03 10:38:00,1.72,1.6037210461358429,1.7778152251742205,1.7042015878092416,0.07322571860267635,0.025752746772425616,0.04747297183025073
TURB,2026-03-03,2026-03-03 15:45:00,True,clean_breakout,previous_high_break_with_pullback_low_support_or_previous_resistance,2.805,3.0,2.77,2.99,285121.0,164109.65,1.7373810741781486,0.8043478260869568,0.04347826086956429,0.15217391304347888,0.9565217391304357,2026-03-03 15:41:00,2.94,2.865,460699.0,137083.45,0.6249999999999972,2026-03-03 15:43:00,2.72,2.79,0.6363636363636356,0.07482993197278903,0.017006802721088527,4.0,13.377926421404679,0.3999999999999999,3.39,2026-03-03 16:01:00,13.377926421404679,0.3999999999999999,3.39,2026-03-03 16:01:00,True,16.0,False,,,2.0692112661952597,2.7999675155748873,2.6833352696836776,0.1227910146535307,0.027456106074413317,0.09533490857911739
LTBR,2024-10-29,2024-10-29 13:23:00,True,clean_breakout,previous_high_break_with_pullback_low_support_or_previous_resistance,12.2901,12.63,12.16,12.62,116518.0,40536.5,2.8743971482491086,0.7019148936170172,0.021276595744684147,0.27680851063829864,0.9787234042553159,2024-10-29 13:21:00,12.48,12.4299,81492.0,43729.25,0.05882352941176348,2024-10-29 13:22:00,12.25,12.3,0.2777777777777822,0.018429487179487215,0.01121794871794862,2.0,12.519809825673537,1.58,14.2,2024-10-29 15:05:00,1.6632329635499294,0.20990000000000109,12.8299,2024-10-29 13:25:00,False,,True,2024-10-29 13:35:00,12.01,11.09557787557033,12.329684419658626,12.140232026753695,0.20468413302975108,0.03244970070884312,0.17223443232090796
EGG,2025-07-09,2025-07-09 09:52:00,True,clean_breakout,previous_high_break_with_pullback_low_support_or_previous_resistance,6.76,7.16,6.75,7.09,13535.0,2483.5,5.449969800684518,0.8048780487804877,0.1707317073170738,0.024390243902438494,0.8292682926829262,2025-07-09 09:50:00,6.84,6.77,3196.0,1782.7,0.33333333333333476,2025-07-09 09:51:00,6.76,6.79,0.0,0.01169590643274855,0.03654970760233918,2.0,95.76868829337096,6.790000000000001,13.88,2025-07-09 12:32:00,13.681241184767288,0.9700000000000006,8.06,2025-07-09 10:06:00,True,14.0,False,,,6.5312057530230865,6.697073133844884,6.457333238177443,0.23758245224290153,0.06396731930407268,0.17361513293882885
AIIO,2026-05-14,2026-05-14 13:00:00,True,clean_breakout,previous_high_break_with_pullback_low_support_or_previous_resistance,4.4903,5.53,4.48,5.375,2258239.0,236231.35,9.559438237134911,0.8425714285714283,0.14761904761904787,0.009809523809523789,0.8523809523809521,2026-05-14 12:58:00,4.6199,4.47,203607.0,127795.0,0.7004461440407926,2026-05-14 12:59:00,4.46,4.4998,0.296000000000004,0.03461113876923751,0.1634450962142037,2.0,71.16279069767441,3.8249999999999993,9.2,2026-05-14 13:15:00,71.16279069767441,3.8249999999999993,9.2,2026-05-14 13:15:00,True,3.0,False,,,4.127629178252073,4.627877596434069,4.467073095564514,0.14456487167153753,0.07099215753956527,0.07357271413197226
MGIH,2025-09-08,2025-09-08 13:28:00,True,clean_breakout,previous_high_break_with_pullback_low_support_or_previous_resistance,2.2,2.47,2.16,2.4694,311573.0,84794.15,3.674463391637277,0.8690322580645148,0.001935483870968961,0.1290322580645162,0.998064516129031,2025-09-08 13:26:00,2.27,2.235,160816.0,54245.95,0.17500000000000054,2025-09-08 13:27:00,2.17,2.21,0.13333333333333333,0.044052863436123385,0.08784140969162987,2.0,95.99902810399288,2.3706,4.84,2025-09-08 14:25:00,42.94970438163117,1.0606,3.53,2025-09-08 13:41:00,True,2.0,False,,,2.104416722592625,2.1412881538078103,2.0021737401557256,0.14216855910490267,0.036364744665437265,0.1058038144394654
BATL,2026-04-21,2026-04-21 10:55:00,True,clean_breakout,previous_high_break_with_pullback_low_support_or_previous_resistance,3.5299,3.61,3.5299,3.6,91129.0,24190.9,3.76707770277253,0.8751560549313382,0.12484394506866175,0.0,0.8751560549313382,2026-04-21 10:52:00,3.54,3.5199,27584.0,18851.6,0.33333333333333826,2026-04-21 10:54:00,3.52,3.525,0.009999999999976908,0.005649717514124299,0.016949152542372895,3.0,34.444444444444436,1.2399999999999998,4.84,2026-04-21 16:00:00,1.94444444444444,0.06999999999999984,3.67,2026-04-21 11:01:00,False,,True,2026-04-21 11:10:00,3.49,3.377210652755096,3.524558679886932,3.493459654647283,0.03160726556955051,0.00948104476181797,0.022126220807732543
CATX,2026-02-02,2026-02-02 10:30:00,True,clean_breakout,previous_high_break_with_pullback_low_support_or_previous_resistance,4.3513,4.3951,4.34,4.3886,40373.0,28589.85,1.4121445198208455,0.6769509981851154,0.11796733212341028,0.2050816696914743,0.8820326678765897,2026-02-02 10:26:00,4.3787,4.3706,16181.0,28882.3,0.2093023255814103,2026-02-02 10:29:00,4.3213,4.355,0.4832041343669185,0.013108913604494562,0.002260945029346614,4.0,34.211365811420485,1.5013999999999994,5.89,2026-02-02 11:07:00,25.096841817436083,1.1014,5.49,2026-02-02 10:59:00,True,10.0,False,,,4.153316821150866,4.338035263188468,4.281967314679944,0.05972817269554298,0.00970961339601454,0.05001855929952844
CATX,2026-02-02,2026-02-02 10:32:00,True,clean_breakout,previous_high_break_with_pullback_low_support_or_previous_resistance,4.365,4.445,4.365,4.445,75122.0,33305.65,2.2555332203394918,1.0,0.0,0.0,1.0,2026-02-02 10:30:00,4.3951,4.3886,40373.0,28589.85,0.11796733212341028,2026-02-02 10:31:00,4.36,4.3638,0.10857142857143162,0.007986166412595825,0.011353552820186128,2.0,32.5084364454443,1.4449999999999994,5.89,2026-02-02 11:07:00,25.084364454443175,1.1149999999999993,5.56,2026-02-02 11:02:00,True,16.0,False,,,4.162722193004407,4.36355056844062,4.304545579590612,0.06380455828105536,0.008275127751004398,0.05552943053005096
CATX,2026-02-02,2026-02-02 11:02:00,True,clean_breakout,previous_high_break_with_pullback_low_support_or_previous_resistance,5.2398,5.56,5.19,5.5097,370385.0,165815.0,2.233724331333112,0.7294594594594604,0.13594594594594625,0.13459459459459325,0.8640540540540538,2026-02-02 10:59:00,5.49,5.23,445019.0,159405.4,0.1390000000000018,2026-02-02 11:00:00,5.04,5.17,0.590909090909091,0.08196721311475413,0.003588342440801345,3.0,6.902372179973504,0.3803000000000001,5.89,2026-02-02 11:07:00,6.902372179973504,0.3803000000000001,5.89,2026-02-02 11:07:00,False,,True,2026-02-02 11:14:00,4.92,4.672305363669655,5.203382814401558,5.013270658502368,0.20793005800230624,0.04262171670438353,0.1653083412979227
CATX,2026-02-02,2026-02-02 11:05:00,True,clean_breakout,previous_high_break_with_pullback_low_support_or_previous_resistance,5.415,5.75,5.41,5.75,531616.0,215025.95,2.4723341531568632,0.9852941176470591,0.0,0.01470588235294087,1.0,2026-02-02 11:02:00,5.56,5.5097,370385.0,165815.0,0.13594594594594625,2026-02-02 11:03:00,5.1,5.3014,0.47952380952381074,0.08273381294964029,0.03417266187050367,3.0,2.4347826086956466,0.13999999999999968,5.89,2026-02-02 11:07:00,2.4347826086956466,0.13999999999999968,5.89,2026-02-02 11:07:00,False,,True,2026-02-02 11:13:00,5.05,4.7920703004670395,5.358311200973599,5.140083602922766,0.23732690942930734,0.043582059783358634,0.1937448496459487
EDSA,2026-03-06,2026-03-06 11:12:00,True,clean_breakout,previous_high_break_with_pullback_low_support_or_previous_resistance,4.58,4.7309,4.58,4.72,53381.0,19014.4,2.8073986031639175,0.9277667329357167,0.0722332670642833,0.0,0.9277667329357167,2026-03-06 10:58:00,4.6477,4.62,55423.0,11002.25,0.18754231550440223,2026-03-06 11:05:00,4.42,4.485,0.5416666666666694,0.04899197452503398,0.015556081502678606,14.0,69.49152542372882,3.2800000000000002,8.0,2026-03-06 16:03:00,6.991525423728816,0.33000000000000007,5.05,2026-03-06 11:36:00,False,,False,,,4.2386619672178325,4.588844167083265,4.522975245370885,0.07587855071341743,0.006747387970269303,0.06913116274314812
EDSA,2026-03-06,2026-03-06 11:15:00,True,clean_breakout,previous_high_break_with_pullback_low_support_or_previous_resistance,4.67,4.82,4.66,4.79,29829.0,19933.35,1.4964368758889,0.75,0.1875000000000014,0.06249999999999861,0.8124999999999987,2026-03-06 11:13:00,4.74,4.68,37937.0,20841.25,0.2503128911138972,2026-03-06 11:14:00,4.66,4.71,0.0,0.016877637130801704,0.010548523206751016,2.0,67.01461377870564,3.21,8.0,2026-03-06 16:03:00,5.427974947807929,0.2599999999999998,5.05,2026-03-06 11:36:00,False,,False,,,4.262433169863234,4.660128213546632,4.576763546917061,0.09171503660256253,0.016444554665814487,0.07527048193674804
PHIO,2025-01-13,2025-01-13 10:13:00,True,clean_breakout,previous_high_break_with_pullback_low_support_or_previous_resistance,6.8292,8.0299,6.82,7.9215,2900977.0,1838894.05,1.5775661463475832,0.9028018844532609,0.08959418133730034,0.007603934209438698,0.9104058186626997,2025-01-13 10:11:00,7.3852,7.2301,2422306.0,1832876.8,0.3484610199955066,2025-01-13 10:12:00,6.75,6.83,0.14814814814814828,0.08600985755294376,0.07261820939175645,2.0,23.587704348923804,1.8684999999999992,9.79,2025-01-13 10:58:00,19.926781543899512,1.5785,9.5,2025-01-13 10:16:00,True,2.0,False,,,4.87095820504214,6.812663222260198,6.20671278968231,0.6267155600654135,0.16670727889163928,0.46000828117377424
ANRO,2025-10-20,2025-10-20 10:02:00,True,clean_breakout,previous_high_break_with_pullback_low_support_or_previous_resistance,9.68,10.25,9.48,10.08,338469.0,138444.85,2.4447929988006054,0.5194805194805202,0.2207792207792208,0.25974025974025894,0.7792207792207791,2025-10-20 10:00:00,9.7,9.6,253878.0,114743.65,0.2564102564102563,2025-10-20 10:01:00,9.4434,9.64,0.2498770290211502,0.02645360824742256,0.039175257731958846,2.0,20.932539682539677,2.1099999999999994,12.19,2025-10-20 10:24:00,20.932539682539677,2.1099999999999994,12.19,2025-10-20 10:24:00,True,8.0,False,,,8.898023340952795,9.45309635427591,8.897877928423183,0.6210746154864655,0.0698641807548398,0.5512104347316257
ANRO,2025-10-20,2025-10-20 10:18:00,True,clean_breakout,previous_high_break_with_pullback_low_support_or_previous_resistance,11.0501,11.5996,11.05,11.5091,244998.0,217871.45,1.1245071348265225,0.8351528384279471,0.16466521106259188,0.0001819505094610025,0.8353347889374081,2025-10-20 10:16:00,11.33,11.18,272450.0,222506.25,0.2500000000000007,2025-10-20 10:17:00,10.95,11.1499,0.7688461538461542,0.033539276257722926,0.015807590467784644,2.0,5.916188059883043,0.6808999999999994,12.19,2025-10-20 10:24:00,5.916188059883043,0.6808999999999994,12.19,2025-10-20 10:24:00,False,,True,2025-10-20 10:26:00,10.9,9.809088768850456,10.98567554643822,10.46295615997266,0.6555869565221659,-0.014154574995454805,0.6697415315176207
HIND,2025-08-14,2025-08-14 10:02:00,True,clean_breakout,previous_high_break_with_pullback_low_support_or_previous_resistance,13.8396,14.9596,13.6,14.52,36842.75,19578.2,1.881825193327272,0.5004413062665479,0.32333039129155655,0.17622830244189547,0.6766696087084434,2025-08-14 09:58:00,14.48,14.2252,40157.0,18116.475,0.3197791164658646,2025-08-14 10:00:00,13.6,14.14,0.5263157894736848,0.06077348066298348,0.0027624309392264602,4.0,28.09917355371902,4.080000000000002,18.6,2025-08-14 10:23:00,28.09917355371902,4.080000000000002,18.6,2025-08-14 10:23:00,True,7.0,False,,,12.631736508684298,13.801262057538178,13.256125393481758,0.5554859029889148,0.1404663491226535,0.41501955386626127
RIME,2026-02-13,2026-02-13 14:11:00,True,clean_breakout,previous_high_break_with_pullback_low_support_or_previous_resistance,1.46,1.65,1.445,1.602,1364949.0,275009.15,4.963285767037205,0.6926829268292695,0.23414634146341393,0.07317073170731665,0.765853658536586,2026-02-13 14:09:00,1.49,1.455,761913.0,136052.25,0.3888888888888877,2026-02-13 14:10:00,1.41,1.4565,0.35769230769230725,0.05369127516778528,0.07516778523489939,2.0,288.2646691635455,4.617999999999999,6.22,2026-02-13 17:34:00,26.716604244694114,0.4279999999999997,2.03,2026-02-13 14:33:00,True,7.0,False,,,1.3060339718604057,1.4190232637422195,1.352668138392334,0.05779619527877777,0.03288060584817648,0.024915589430601296
RIME,2026-02-13,2026-02-13 15:59:00,True,clean_breakout,previous_high_break_with_pullback_low_support_or_previous_resistance,3.15,3.65,3.07,3.5,1412732.0,864692.35,1.6337972690518194,0.6034482758620691,0.2586206896551722,0.13793103448275873,0.7413793103448277,2026-02-13 15:50:00,3.43,3.42,1134648.0,776736.4,0.03571428571428651,2026-02-13 15:52:00,2.92,2.99,0.30434782608695776,0.14868804664723037,0.020408163265306076,9.0,77.71428571428571,2.7199999999999998,6.22,2026-02-13 17:34:00,11.142857142857146,0.3900000000000001,3.89,2026-02-13 16:05:00,True,1.0,False,,,1.9405299609822606,3.168147430544435,2.9447093306650505,0.2513747782497946,0.011877258213040365,0.23949752003675423
GOVX,2024-08-16,2024-08-16 10:13:00,True,clean_breakout,previous_high_break_with_pullback_low_support_or_previous_resistance,110.75,116.75,109.75,116.15,29387.0,10201.431999999997,2.8806740073354415,0.7714285714285722,0.0857142857142849,0.14285714285714285,0.9142857142857151,2024-08-16 10:11:00,110.25,108.98,12530.4,8188.281999999997,0.2822222222222213,2024-08-16 10:12:00,108.75,110.8925,0.1421428571428578,0.013605442176870748,0.05351473922902499,2.0,82.95307791648729,96.35,212.5,2024-08-16 14:30:00,23.7602238484718,27.597499999999997,143.7475,2024-08-16 10:36:00,True,9.0,False,,,103.99833151377945,108.96911415003399,106.73067557674058,2.391130531446038,0.6397286303947252,1.7514019010513127
GOVX,2024-08-16,2024-08-16 10:28:00,True,clean_breakout,previous_high_break_with_pullback_low_support_or_previous_resistance,131.25,137.75,130.0,137.75,26894.56,23423.953999999998,1.148164823069581,0.8387096774193549,0.0,0.16129032258064516,1.0,2024-08-16 10:26:00,136.25,135.26,34047.48,20600.841999999997,0.193832599118945,2024-08-16 10:27:00,128.75,131.2475,0.27000000000000024,0.05504587155963303,0.011009174311926606,2.0,54.264972776769504,74.75,212.5,2024-08-16 14:30:00,4.3539019963702374,5.997500000000002,143.7475,2024-08-16 10:36:00,False,,True,2024-08-16 10:32:00,127.75,114.64673952080483,130.15741704969332,123.39360472092908,7.352377903249987,1.185626668074434,6.166751235175553
GOVX,2024-08-16,2024-08-16 13:35:00,True,clean_breakout,previous_high_break_with_pullback_low_support_or_previous_resistance,150.285,155.5,150.25,154.5,17921.68,8401.02,2.133274292883483,0.8028571428571435,0.19047619047619047,0.0066666666666660174,0.8095238095238095,2024-08-16 13:29:00,153.75,151.45,10219.32,7419.463999999998,0.49733333333333574,2024-08-16 13:30:00,146.15,147.25,0.19642857142857062,0.049430894308943055,0.004878048780487805,6.0,37.54045307443366,58.0,212.5,2024-08-16 14:30:00,25.080906148867317,38.75,193.25,2024-08-16 13:59:00,True,8.0,False,,,128.39769721390587,149.89184651158823,147.24878551242702,2.914461556999356,0.33192966710128324,2.582531889898073
GOVX,2024-08-16,2024-08-16 13:42:00,True,clean_breakout,previous_high_break_with_pullback_low_support_or_previous_resistance,157.535,163.75,157.535,162.75,13377.44,10978.290000000003,1.2185358557662438,0.839098954143202,0.160901045856798,0.0,0.839098954143202,2024-08-16 13:37:00,161.5,159.25,22737.84,9576.994000000002,0.3215434083601285,2024-08-16 13:41:00,155.5,157.75,0.75,0.03715170278637771,0.007739938080495356,5.0,30.568356374807987,49.75,212.5,2024-08-16 14:30:00,22.58064516129032,36.75,199.5,2024-08-16 14:09:00,True,13.0,False,,,129.39560260479112,157.45830608954705,153.24154235714562,4.5979272453428734,0.8434206930911001,3.7545065522517733
GOVX,2024-08-16,2024-08-16 13:43:00,True,clean_breakout,previous_high_break_with_pullback_low_support_or_previous_resistance,163.2375,176.75,162.7525,173.25,24798.0,12065.718,2.0552444537490433,0.7153063046972664,0.2500446508305054,0.03464904447222815,0.7499553491694946,2024-08-16 13:37:00,161.5,159.25,22737.84,9576.994000000002,0.3215434083601285,2024-08-16 13:41:00,155.5,157.75,0.75,0.03715170278637771,0.07275541795665634,6.0,22.655122655122657,39.25,212.5,2024-08-16 14:30:00,15.151515151515152,26.25,199.5,2024-08-16 14:09:00,True,16.0,False,,,129.78230647974914,160.61664487163765,155.14710975170317,5.622248793646605,1.4814544506970018,4.1407943429496035
GOVX,2024-08-16,2024-08-16 13:55:00,True,clean_breakout,previous_high_break_with_pullback_low_support_or_previous_resistance,168.375,180.75,167.5,179.2,32914.0,14270.990000000002,2.3063571623272106,0.8169811320754709,0.11698113207547256,0.0660377358490566,0.8830188679245274,2024-08-16 13:43:00,176.75,173.25,24798.0,12065.718,0.2500446508305054,2024-08-16 13:49:00,163.25,167.5,0.5059523809523806,0.07637906647807638,0.013861386138613797,12.0,18.582589285714292,33.30000000000001,212.5,2024-08-16 14:30:00,16.90848214285715,30.30000000000001,209.5,2024-08-16 14:18:00,True,14.0,False,,,132.26972795789808,170.08093958838998,165.58723644254314,5.563986301658588,-0.274026616224746,5.838012917883334
ACRV,2025-09-08,2025-09-08 11:03:00,True,clean_breakout,previous_high_break_with_pullback_low_support_or_previous_resistance,1.705,1.795,1.7,1.775,244689.0,69088.0,3.541700440018527,0.7368421052631564,0.21052631578947392,0.05263157894736965,0.7894736842105261,2025-09-08 11:00:00,1.72,1.7099,49707.0,62475.9,0.3494809688581323,2025-09-08 11:02:00,1.69,1.7002,0.25000000000000555,0.017441860465116296,0.03197674418604648,3.0,50.42253521126761,0.895,2.67,2025-09-08 14:51:00,5.633802816901413,0.10000000000000009,1.875,2025-09-08 11:07:00,False,,False,,,1.570779546965364,1.7130009656211105,1.6909315320301608,0.029050334636266717,-0.0011607521473637715,0.03021108678363049
ACRV,2025-09-08,2025-09-08 14:34:00,True,clean_breakout,previous_high_break_with_pullback_low_support_or_previous_resistance,1.8206,1.86,1.8206,1.86,71984.0,17030.4,4.226794438181135,1.0,0.0,0.0,1.0,2025-09-08 14:32:00,1.84,1.84,27314.0,12782.25,0.0,2025-09-08 14:33:00,1.82,1.8211,0.054999999999993894,0.010869565217391313,0.010869565217391313,2.0,43.548387096774185,0.8099999999999998,2.67,2025-09-08 14:51:00,43.548387096774185,0.8099999999999998,2.67,2025-09-08 14:51:00,True,3.0,False,,,1.6316170169468898,1.8283243214631866,1.8152675999365444,0.012432228277248214,0.0057494392179525755,0.0066827890592956385
ACRV,2025-09-08,2025-09-08 14:35:00,True,clean_breakout,previous_high_break_with_pullback_low_support_or_previous_resistance,1.8599,1.96,1.85,1.955,262635.0,28936.35,9.076300224458164,0.8645454545454552,0.04545454545454454,0.09000000000000029,0.9545454545454555,2025-09-08 14:33:00,1.84,1.8211,22318.0,13521.2,0.0,2025-09-08 14:34:00,1.8206,1.86,0.0,0.01054347826086961,0.06249999999999999,2.0,36.57289002557544,0.7149999999999999,2.67,2025-09-08 14:51:00,36.57289002557544,0.7149999999999999,2.67,2025-09-08 14:51:00,True,11.0,False,,,1.6348391605032129,1.8536594571705494,1.8285754475616354,0.022000713024832752,0.012605154523769316,0.009395558501063436
MLGO,2025-03-24,2025-03-24 10:35:00,True,clean_breakout,previous_high_break_with_pullback_low_support_or_previous_resistance,173.5637,185.4019,173.1017,183.0018,65933.540658,28380.181195350004,2.3232247956472873,0.7673127266223295,0.1951269085055532,0.037560364872117266,0.8048730914944467,2025-03-24 10:32:00,176.7018,175.5018,44167.424988,25830.515025599998,0.18569814766097553,2025-03-24 10:33:00,172.8017,173.6717,0.2899903336555393,0.022071648392942126,0.03565328706328975,3.0,176.55744369727512,323.1033,506.1051,2025-03-24 16:40:00,28.195077862622114,51.5975,234.5993,2025-03-24 11:05:00,True,18.0,True,2025-03-24 10:42:00,165.9017,139.7921347415795,172.9092542359448,167.38150501419238,6.1233226862450465,0.99001679482123,5.1333058914238165
MLGO,2025-03-24,2025-03-24 11:05:00,True,clean_breakout,previous_high_break_with_pullback_low_support_or_previous_resistance,218.1022,234.5993,217.8322,227.9783,51517.184823,34074.017589749994,1.5119198869726824,0.5890165860524468,0.3948804504058549,0.01610296354169834,0.6051195495941452,2025-03-24 11:02:00,227.7023,222.6022,57000.76332,33134.870314650005,0.2656274413808189,2025-03-24 11:03:00,214.8021,217.6522,0.3275939357018885,0.056653797524223566,0.001212108968596198,3.0,121.99704971920573,278.1268,506.1051,2025-03-24 16:40:00,4.616272689111202,10.524100000000004,238.5024,2025-03-24 11:07:00,False,,True,2025-03-24 11:19:00,208.5021,153.8106616432668,215.30883494349828,205.1544849742609,11.463706598118847,1.0883282221473252,10.375378375971522
KULR,2024-12-18,2024-12-18 09:49:00,True,clean_breakout,previous_high_break_with_pullback_low_support_or_previous_resistance,13.4,13.92,13.36,13.8496,69595.5,59247.85625,1.1746500954623147,0.8028571428571425,0.12571428571428445,0.07142857142857302,0.8742857142857156,2024-12-18 09:47:00,13.6,13.4408,26641.75,54591.50625,0.7499999999999944,2024-12-18 09:48:00,13.36,13.4624,0.6400000000000067,0.01764705882352943,0.01835294117647066,2.0,52.495378927911275,7.2704,21.12,2024-12-18 13:18:00,10.90573012939001,1.5103999999999989,15.36,2024-12-18 10:03:00,True,14.0,True,2024-12-18 09:52:00,13.28,12.778705288798081,13.355713357363319,12.979221454212322,0.4113157497427409,0.05998294565994211,0.35133280408279877
KULR,2024-12-18,2024-12-18 09:56:00,True,clean_breakout,previous_high_break_with_pullback_low_support_or_previous_resistance,13.44,14.0,13.44,13.96,113626.5,59261.7125,1.9173678114684924,0.9285714285714302,0.07142857142856984,0.0,0.9285714285714302,2024-12-18 09:50:00,13.92,13.8,69834.375,59904.425,0.09999999999999779,2024-12-18 09:52:00,13.28,13.3216,0.08695652173913189,0.045977011494252915,0.002873563218390871,6.0,51.28939828080229,7.16,21.12,2024-12-18 13:18:00,10.02865329512893,1.3999999999999986,15.36,2024-12-18 10:03:00,True,7.0,False,,,12.965025572737476,13.551566638682122,13.28617757207422,0.3409578070708772,-0.03220422718177485,0.37316203425265204
KULR,2024-12-18,2024-12-18 11:04:00,True,clean_breakout,previous_high_break_with_pullback_low_support_or_previous_resistance,17.0232,18.0,16.88,18.0,167046.375,73079.96875,2.2858024963235906,0.8721428571428571,0.0,0.12785714285714295,1.0,2024-12-18 11:01:00,17.36,16.7184,77595.5,63365.6125,0.18181818181818218,2024-12-18 11:02:00,16.64,16.96,0.1366666666666663,0.04147465437788012,0.03686635944700464,3.0,17.33333333333334,3.120000000000001,21.12,2024-12-18 13:18:00,5.777777777777773,1.0399999999999991,19.04,2024-12-18 11:13:00,False,,True,2024-12-18 11:08:00,16.48,14.555198796801054,16.934695305022668,16.327257716068544,0.6607543085843304,0.08667869641354486,0.5740756121707855
HWH,2025-07-29,2025-07-29 10:44:00,True,clean_breakout,previous_high_break_with_pullback_low_support_or_previous_resistance,1.66,1.7198,1.66,1.705,21405.0,15049.1,1.4223441933404655,0.752508361204015,0.24749163879598504,0.0,0.752508361204015,2025-07-29 10:42:00,1.68,1.6698,6084.0,14498.6,0.33999999999999925,2025-07-29 10:43:00,1.6501,1.66,0.4974874371859299,0.01779761904761907,0.014880952380952462,2.0,85.33137829912022,1.4548999999999999,3.1599,2025-07-29 11:38:00,51.90615835777125,0.8849999999999998,2.59,2025-07-29 11:14:00,True,20.0,True,2025-07-29 10:51:00,1.631,1.5711902984762651,1.6577595092906283,1.6204145538215962,0.0444772804072433,-8.439499036934361e-05,0.044561675397612646
HWH,2025-07-29,2025-07-29 10:45:00,True,clean_breakout,previous_high_break_with_pullback_low_support_or_previous_resistance,1.7001,1.83,1.68,1.7798,85614.0,19314.5,4.43262833622408,0.5313333333333335,0.3346666666666665,0.13399999999999992,0.6653333333333334,2025-07-29 10:42:00,1.68,1.6698,6084.0,14498.6,0.33999999999999925,2025-07-29 10:43:00,1.6501,1.66,0.4974874371859299,0.01779761904761907,0.059404761904761974,3.0,77.54242049668501,1.3800999999999999,3.1599,2025-07-29 11:38:00,50.016855826497356,0.8901999999999999,2.67,2025-07-29 11:15:00,True,19.0,True,2025-07-29 10:51:00,1.631,1.588706674314703,1.6821676074325027,1.6355941201243012,0.05173960628025642,0.0056757833410395545,0.04606382293921687
HWH,2025-07-29,2025-07-29 11:38:00,True,clean_breakout,previous_high_break_with_pullback_low_support_or_previous_resistance,2.91,3.1599,2.88,3.025,1671692.0,976471.7,1.7119717857670633,0.4108610217934968,0.4819578420864595,0.10718113612004375,0.5180421579135406,2025-07-29 11:36:00,2.95,2.895,1138393.0,937758.65,0.36666666666666686,2025-07-29 11:37:00,2.87,2.9105,0.3749999999999972,0.027118644067796634,0.02542372881355923,2.0,2.1487603305785106,0.06499999999999995,3.09,2025-07-29 11:39:00,2.1487603305785106,0.06499999999999995,3.09,2025-07-29 11:39:00,False,,True,2025-07-29 11:40:00,2.8,2.5363349074766726,2.851920002362201,2.7088258914807755,0.17616349046730173,0.007468519651010946,0.16869497081629078
HIND,2025-08-13,2025-08-13 12:10:00,True,clean_breakout,previous_high_break_with_pullback_low_support_or_previous_resistance,10.5584,11.28,10.4,11.28,47933.5,9936.3,4.824079385686826,0.8199999999999994,0.0,0.18000000000000058,1.0,2025-08-13 12:08:00,10.36,10.344,16650.25,8647.525,0.05,2025-08-13 12:09:00,10.16,10.54,0.3273333333333345,0.01930501930501924,0.0888030888030888,2.0,43.61702127659575,4.92,16.2,2025-08-13 12:24:00,43.61702127659575,4.92,16.2,2025-08-13 12:24:00,True,5.0,False,,,9.80431408449971,10.240047316050397,9.820218153719187,0.4247984832838618,0.11866588161268854,0.3061326016711733
BAOS,2025-09-03,2025-09-03 11:22:00,True,clean_breakout,previous_high_break_with_pullback_low_support_or_previous_resistance,4.13,4.77,4.1235,4.69,575361.0,179234.8,3.2100964768002647,0.8662026295436981,0.1237432327919555,0.01005413766434641,0.8762567672080445,2025-09-03 11:20:00,4.44,4.2501,313337.0,142528.3,0.47619047619047883,2025-09-03 11:21:00,4.03,4.15,0.3428571428571435,0.09234234234234237,0.0563063063063063,2.0,15.138592750533048,0.71,5.4,2025-09-03 11:42:00,15.138592750533048,0.71,5.4,2025-09-03 11:42:00,True,17.0,True,2025-09-03 11:28:00,3.9,3.6038820724133713,4.1832507435816435,3.8959851712947655,0.2968331300281841,0.07266777952311651,0.2241653505050676
MAAS,2026-04-20,2026-04-20 11:40:00,True,clean_breakout,previous_high_break_with_pullback_low_support_or_previous_resistance,12.49,12.98,12.44,12.98,9331.0,2335.9,3.994605933473179,0.9074074074074062,0.0,0.09259259259259375,1.0,2026-04-20 11:38:00,12.5,12.3,2700.0,1831.25,0.0,2026-04-20 11:39:00,12.3,12.4,0.05263157894736744,0.015999999999999945,0.03840000000000003,2.0,60.939907550077045,7.91,20.89,2026-04-20 14:16:00,5.469953775038514,0.7099999999999991,13.69,2026-04-20 11:56:00,False,,True,2026-04-20 11:44:00,12.21,11.140017185258744,12.359269646591025,12.105498777775175,0.2843374316857261,0.04980964572987984,0.23452778595584628
MAAS,2026-04-20,2026-04-20 11:53:00,True,clean_breakout,previous_high_break_with_pullback_low_support_or_previous_resistance,12.75,13.15,12.75,13.07,9578.0,2802.6,3.417540854920431,0.8,0.2,0.0,0.8,2026-04-20 11:40:00,12.98,12.98,9331.0,2335.9,0.0,2026-04-20 11:44:00,12.21,12.34,0.29999999999999466,0.05932203389830505,0.006933744221879804,13.0,59.83167559296098,7.82,20.89,2026-04-20 14:16:00,11.247130833970918,1.4699999999999989,14.54,2026-04-20 12:23:00,True,30.0,False,,,11.483258323480525,12.68816278857516,12.506106963362452,0.23035594612879606,-9.196474523348597e-05,0.23044791087402955
MAAS,2026-04-20,2026-04-20 14:00:00,True,clean_breakout,previous_high_break_with_pullback_low_support_or_previous_resistance,15.26,15.68,15.17,15.52,11082.0,6779.85,1.6345494369344453,0.5098039215686272,0.3137254901960788,0.1764705882352939,0.6862745098039211,2026-04-20 13:58:00,15.28,15.07,12126.0,6711.15,0.3333333333333277,2026-04-20 13:59:00,14.7,15.0,0.6000000000000014,0.03795811518324608,0.015706806282722526,2.0,34.60051546391753,5.370000000000001,20.89,2026-04-20 14:16:00,34.60051546391753,5.370000000000001,20.89,2026-04-20 14:16:00,True,7.0,False,,,13.692168481265112,15.087651574692714,14.904644735979865,0.2066595548846113,0.03646045709652032,0.17019909778809098
MAAS,2026-04-20,2026-04-20 14:07:00,True,clean_breakout,previous_high_break_with_pullback_low_support_or_previous_resistance,16.85,18.1,16.59,17.88,32302.0,15334.7,2.106464423823094,0.682119205298011,0.14569536423841203,0.172185430463577,0.854304635761588,2026-04-20 14:05:00,17.01,16.79,65182.0,12802.7,0.2588235294117671,2026-04-20 14:06:00,16.5,16.84,0.7555555555555564,0.029982363315696738,0.05114638447971766,2.0,16.834451901566005,3.0100000000000016,20.89,2026-04-20 14:16:00,16.834451901566005,3.0100000000000016,20.89,2026-04-20 14:16:00,True,7.0,False,,,14.228506177892019,16.374712875517,15.727964142273402,0.6133138834733529,0.25810183608427306,0.35521204738907985
MLEC,2026-02-18,2026-02-18 10:19:00,True,clean_breakout,previous_high_break_with_pullback_low_support_or_previous_resistance,16.75,19.03,16.51,18.37,165804.0,61056.35,2.715589778950101,0.6428571428571433,0.26190476190476203,0.09523809523809464,0.738095238095238,2026-02-18 10:17:00,17.62,17.01,50071.0,51542.5,0.0,2026-02-18 10:18:00,16.74,16.8,0.05660377358490768,0.04994324631101036,0.04256526674233825,2.0,6.15133369624387,1.129999999999999,19.5,2026-02-18 10:40:00,6.15133369624387,1.129999999999999,19.5,2026-02-18 10:40:00,False,,True,2026-02-18 10:23:00,16.33,14.56175206317053,16.26614117190093,14.727699978526237,1.6584315584639224,0.33254824608439915,1.3258833123795233
ALOY,2025-01-22,2025-01-22 10:48:00,True,clean_breakout,previous_high_break_with_pullback_low_support_or_previous_resistance,4.2099,4.9599,4.1901,4.7,2305358.0,1305375.55,1.7660496245697261,0.6366588724343984,0.33762016108080023,0.025720966484801298,0.6623798389191998,2025-01-22 10:46:00,4.2,4.1299,1648132.0,1211623.0,0.22612903225806463,2025-01-22 10:47:00,4.1,4.205,0.10718113612004358,0.023809523809523937,0.11904761904761904,2.0,41.063829787234035,1.9299999999999997,6.63,2025-01-22 16:34:00,1.4893617021276466,0.0699999999999994,4.77,2025-01-22 10:49:00,False,,True,2025-01-22 10:53:00,4.08,3.3543740917775455,4.094063734954213,3.7708338576388454,0.32433902253535596,0.09252969814955364,0.23180932438580232
ALOY,2025-01-22,2025-01-22 13:22:00,True,clean_breakout,previous_high_break_with_pullback_low_support_or_previous_resistance,4.0105,4.67,4.01,4.4406,1879841.0,403787.25,4.655523422297262,0.6516666666666657,0.3475757575757576,0.0007575757575766833,0.6524242424242425,2025-01-22 13:20:00,4.0,3.955,547720.0,283803.5,0.4499999999999989,2025-01-22 13:21:00,3.95,4.015,0.06600000000000036,0.012499999999999956,0.11014999999999997,2.0,49.304148088096206,2.1894,6.63,2025-01-22 16:34:00,1.112462279872097,0.04940000000000033,4.49,2025-01-22 13:23:00,False,,True,2025-01-22 13:49:00,3.8817,3.579894804283695,3.9947274522436373,3.8658428421504265,0.118427248724577,0.05785456134170211,0.060572687382874885
SBLX,2026-04-28,2026-04-28 11:15:00,True,clean_breakout,previous_high_break_with_pullback_low_support_or_previous_resistance,3.45,3.67,3.45,3.65,653256.0,226920.9,2.878782871035678,0.909090909090909,0.09090909090909109,0.0,0.909090909090909,2026-04-28 11:12:00,3.6,3.54,335513.0,200577.2,0.46153846153846234,2026-04-28 11:14:00,3.37,3.4494,0.8512499999999971,0.06388888888888888,0.01388888888888884,3.0,32.052054794520544,1.1698999999999997,4.8199,2026-04-28 11:53:00,20.547945205479465,0.7500000000000004,4.4,2026-04-28 11:23:00,True,3.0,False,,,3.1942813487080204,3.4730530195740594,3.3571573257204737,0.1263490708381525,0.017963901019359546,0.10838516981879295
FJET,2025-12-22,2025-12-22 10:31:00,True,clean_breakout,previous_high_break_with_pullback_low_support_or_previous_resistance,10.91,11.42,10.8,11.41,183999.0,106756.0,1.7235471542583087,0.8064516129032269,0.016129032258064193,0.177419354838709,0.9838709677419358,2025-12-22 10:28:00,11.33,11.16,173821.0,95255.6,0.12500000000000092,2025-12-22 10:29:00,10.63,11.08,0.7894736842105271,0.06178287731685784,0.007060900264783766,3.0,198.8606485539001,22.69,34.1,2025-12-22 16:00:00,7.887817703768627,0.9000000000000004,12.31,2025-12-22 10:47:00,False,,False,,,9.612040850056253,10.76624747542431,10.255709884293072,0.5189908654174609,0.17871271287595247,0.3402781525415084
FJET,2025-12-22,2025-12-22 11:39:00,True,clean_breakout,previous_high_break_with_pullback_low_support_or_previous_resistance,13.39,14.2,13.33,14.12,155231.0,79682.55,1.9481178752437014,0.8390804597701141,0.09195402298850591,0.06896551724137995,0.9080459770114941,2025-12-22 11:22:00,14.0,13.8,164316.0,109386.2,0.3124999999999986,2025-12-22 11:24:00,12.64,12.87,0.26744186046511487,0.0971428571428571,0.008571428571428516,17.0,141.50141643059493,19.980000000000004,34.1,2025-12-22 16:00:00,16.713881019830037,2.360000000000001,16.48,2025-12-22 11:48:00,True,7.0,False,,,11.144546066362775,13.425816111455674,13.217393576338825,0.26064665942614873,0.02624073305009786,0.23440592637605087
FJET,2025-12-22,2025-12-22 15:28:00,True,clean_breakout,previous_high_break_with_pullback_low_support_or_previous_resistance,24.41,26.4,24.28,25.52,400688.0,158143.15,2.5337044317126605,0.5235849056603777,0.41509433962264153,0.06132075471698074,0.5849056603773585,2025-12-22 15:18:00,25.44,24.7,213977.0,156006.25,0.521126760563381,2025-12-22 15:21:00,23.08,23.6,0.5416666666666694,0.0927672955974844,0.0031446540880502474,10.0,33.62068965517242,8.580000000000002,34.1,2025-12-22 16:00:00,23.275862068965523,5.940000000000001,31.46,2025-12-22 15:56:00,True,18.0,False,,,16.220838715905813,24.220305198370593,23.676178174772645,0.7099629039951552,-0.04937019648030305,0.7593331004754582
FJET,2025-12-22,2025-12-22 15:56:00,True,clean_breakout,previous_high_break_with_pullback_low_support_or_previous_resistance,29.2,31.46,29.15,31.46,339863.0,167508.3,2.0289322976831596,0.9783549783549781,0.0,0.021645021645021932,1.0,2025-12-22 15:48:00,29.34,29.19,328401.0,151718.0,0.10416666666666559,2025-12-22 15:52:00,27.23,27.85,0.7126436781609199,0.07191547375596453,0.07225630538513977,8.0,8.391608391608393,2.6400000000000006,34.1,2025-12-22 16:00:00,8.391608391608393,2.6400000000000006,34.1,2025-12-22 16:00:00,False,,True,2025-12-22 16:05:00,27.22,17.419413557881146,28.98458049542282,27.837206143508112,1.2866254587367578,0.1464397451923276,1.1401857135444302
CPIX,2025-02-05,2025-02-05 09:45:00,True,clean_breakout,previous_high_break_with_pullback_low_support_or_previous_resistance,4.6107,5.0,4.595,4.98,1739241.0,414337.2,4.197646264926249,0.9118518518518534,0.04938271604938163,0.03876543209876498,0.9506172839506184,2025-02-05 09:42:00,4.8599,4.4602,718242.0,279093.95,0.8764691172793189,2025-02-05 09:43:00,4.41,4.57,0.28947368421052555,0.0925739212741002,0.024712442642852894,3.0,31.52610441767067,1.5699999999999994,6.55,2025-02-05 19:23:00,29.1164658634538,1.4499999999999993,6.43,2025-02-05 10:01:00,True,9.0,False,,,4.380353567504186,4.559876292315711,4.371445269165055,0.18716800038977333,0.05476634555440596,0.13240165483536737
CPIX,2025-02-05,2025-02-05 09:47:00,True,clean_breakout,previous_high_break_with_pullback_low_support_or_previous_resistance,4.8148,5.2,4.7201,5.0996,1241326.0,538412.75,2.305528611645991,0.5934569702021252,0.20921025213586275,0.1973327776620121,0.7907897478641372,2025-02-05 09:45:00,5.0,4.98,1739241.0,414337.2,0.04938271604938163,2025-02-05 09:46:00,4.73,4.8108,0.23092312089168338,0.053999999999999916,0.019919999999999938,2.0,28.441446387952002,1.4504000000000001,6.55,2025-02-05 19:23:00,26.088320652600206,1.3304,6.43,2025-02-05 10:01:00,True,8.0,False,,,4.471715277056333,4.707968827082055,4.478651569543277,0.22813690492635086,0.06973345106397733,0.15840345386237353
DWTX,2025-01-23,2025-01-23 09:56:00,True,clean_breakout,previous_high_break_with_pullback_low_support_or_previous_resistance,3.21,3.42,3.1875,3.4189,38471.0,5487.55,7.010596714380735,0.8984946236559137,0.00473118279569936,0.09677419354838697,0.9952688172043006,2025-01-23 09:52:00,3.33,3.33,7248.0,2244.7,0.0,2025-01-23 09:55:00,3.1119,3.32,0.32815126050420196,0.06549549549549555,0.026696696696696623,4.0,756.4158062534734,25.8611,29.28,2025-01-23 13:40:00,9.976893152768433,0.34109999999999996,3.76,2025-01-23 10:10:00,False,,False,,,3.1644509372109253,3.2359619822937655,3.118871811075616,0.12403830319531339,0.025847488261976775,0.09819081493333662
DWTX,2025-01-23,2025-01-23 09:57:00,True,clean_breakout,previous_high_break_with_pullback_low_support_or_previous_resistance,3.42,3.74,3.33,3.61,71335.0,9039.3,7.891650902171629,0.46341463414634115,0.31707317073170804,0.2195121951219508,0.682926829268292,2025-01-23 09:55:00,3.3499,3.32,20557.0,3569.0,0.1256302521008405,2025-01-23 09:56:00,3.1875,3.4189,0.09677419354838697,0.04847905907639031,0.07764410877936655,2.0,711.0803324099724,25.67,29.28,2025-01-23 13:40:00,4.15512465373961,0.1499999999999999,3.76,2025-01-23 10:10:00,False,,False,,,3.309468449373757,3.3107695858350126,3.16564592430651,0.14770592888067302,0.04076773043020296,0.10693819845047006
DWTX,2025-01-23,2025-01-23 12:40:00,True,clean_breakout,previous_high_break_with_pullback_low_support_or_previous_resistance,15.89,17.78,15.15,17.695,848857.0,632588.9,1.3418777977292993,0.686311787072243,0.032319391634981307,0.2813688212927757,0.9676806083650187,2025-01-23 12:38:00,15.6,14.7991,895236.0,604469.6,0.3795914498317458,2025-01-23 12:39:00,14.5,15.8854,0.1798561151079136,0.0705128205128205,0.13429487179487185,2.0,65.4704718847132,11.585,29.28,2025-01-23 13:40:00,62.47527550155411,11.055,28.75,2025-01-23 12:56:00,True,8.0,False,,,8.415149681078843,14.742969594551502,13.147930139757982,1.7164042886678104,0.2613031943667763,1.455101094301034
DWTX,2025-01-23,2025-01-23 12:48:00,True,clean_breakout,previous_high_break_with_pullback_low_support_or_previous_resistance,17.83,21.82,17.6001,20.25,878115.0,589226.9,1.4902832847583842,0.5734733050546227,0.3720467309651889,0.05447996398018843,0.6279532690348111,2025-01-23 12:41:00,18.25,18.25,283558.0,582693.1,0.0,2025-01-23 12:46:00,15.5,17.21,0.6333333333333339,0.1506849315068493,0.1095890410958904,7.0,44.5925925925926,9.030000000000001,29.28,2025-01-23 13:40:00,41.9753086419753,8.5,28.75,2025-01-23 12:56:00,True,1.0,False,,,8.824144989591373,17.013200345928297,14.904327742778985,2.2396871007702526,0.4911204066730426,1.74856669409721
QUBT,2024-12-16,2024-12-16 09:57:00,True,clean_breakout,previous_high_break_with_pullback_low_support_or_previous_resistance,7.6311,7.8,7.6311,7.8,281269.0,241890.15,1.1627964181261619,1.0,0.0,0.0,1.0,2024-12-16 09:55:00,7.77,7.675,270356.0,253379.65,0.29999999999999466,2024-12-16 09:56:00,7.64,7.64,0.0,0.016731016731016717,0.003861003861003893,2.0,57.43589743589743,4.4799999999999995,12.28,2024-12-16 13:27:00,5.641025641025646,0.4400000000000004,8.24,2024-12-16 10:27:00,False,,True,2024-12-16 10:13:00,7.63,7.306843999702187,7.631699663657143,7.506760463914142,0.14001117693709375,0.017274934495161487,0.12273624244193226
QUBT,2024-12-16,2024-12-16 10:31:00,True,clean_breakout,previous_high_break_with_pullback_low_support_or_previous_resistance,8.19,8.44,8.17,8.3399,424805.0,205971.6,2.062444531187795,0.5551851851851882,0.37074074074073915,0.07407407407407261,0.6292592592592609,2024-12-16 10:29:00,8.3,8.2999,187849.0,189492.3,0.001015228426411593,2024-12-16 10:30:00,8.17,8.174,0.03333333333332988,0.01566265060240973,0.0048072289156625755,2.0,47.24397175026078,3.9400999999999993,12.28,2024-12-16 13:27:00,4.557608604419724,0.38010000000000055,8.72,2024-12-16 11:01:00,False,,False,,,7.609074123569057,8.17391211440618,8.04624681856017,0.13902489127639317,0.0316528922393899,0.10737199903700327
QUBT,2024-12-16,2024-12-16 12:46:00,True,clean_breakout,previous_high_break_with_pullback_low_support_or_previous_resistance,10.18,10.42,10.1788,10.41,497616.0,445112.9,1.1179545683802918,0.9535655058043168,0.04145936981757803,0.004975124378105239,0.958540630182422,2024-12-16 12:42:00,10.35,10.1988,578424.0,387928.45,0.1309090909090933,2024-12-16 12:44:00,9.9,10.038,0.3209302325581395,0.04347826086956515,0.005797101449275411,4.0,17.963496637848213,1.8699999999999992,12.28,2024-12-16 13:27:00,5.0912584053794365,0.5299999999999994,10.94,2024-12-16 13:16:00,False,,True,2024-12-16 12:54:00,9.74,8.635459399885118,10.17142245638186,9.992920785254723,0.21000072053847774,0.010483527101595613,0.19951719343688212
MGX,2024-12-09,2024-12-09 11:17:00,True,clean_breakout,previous_high_break_with_pullback_low_support_or_previous_resistance,3.16,3.4,3.15,3.37,542666.0,146079.1,3.714877761431991,0.8399999999999999,0.11999999999999922,0.040000000000000924,0.8800000000000008,2024-12-09 11:15:00,3.24,3.238,399301.0,107973.9,0.014285714285715873,2024-12-09 11:16:00,3.1,3.1592,0.4228571428571403,0.04320987654320991,0.04012345679012342,2.0,32.64094955489613,1.0999999999999996,4.47,2024-12-09 14:31:00,3.8575667655786314,0.1299999999999999,3.5,2024-12-09 11:27:00,False,,True,2024-12-09 11:44:00,3.08,2.8292543934786774,3.14374718077229,3.030261169447752,0.11374003671431643,0.03067714643118491,0.08306289028313152
GDC,2024-08-21,2024-08-21 10:35:00,True,clean_breakout,previous_high_break_with_pullback_low_support_or_previous_resistance,2.94,3.15,2.93,3.15,659013.0,222830.3,2.9574658383532224,0.9545454545454555,0.0,0.04545454545454454,1.0,2024-08-21 10:32:00,3.08,2.91,530417.0,180946.9,0.6181818181818182,2024-08-21 10:33:00,2.89,2.9599,0.1538461538461541,0.06168831168831167,0.022727272727272676,3.0,84.44444444444443,2.6599999999999997,5.81,2024-08-21 15:05:00,25.71428571428572,0.81,3.96,2024-08-21 10:43:00,True,1.0,False,,,2.5507087059165947,2.9079867312151713,2.8030593327313005,0.10287034077712542,0.04023174317495683,0.0626385976021686
GDC,2024-08-21,2024-08-21 10:36:00,True,clean_breakout,previous_high_break_with_pullback_low_support_or_previous_resistance,3.14,3.56,3.12,3.56,439755.0,238650.6,1.8426729285407202,0.9545454545454545,0.0,0.0454545454545455,1.0,2024-08-21 10:32:00,3.08,2.91,530417.0,180946.9,0.6181818181818182,2024-08-21 10:33:00,2.89,2.9599,0.1538461538461541,0.06168831168831167,0.15584415584415584,4.0,63.20224719101122,2.2499999999999996,5.81,2024-08-21 15:05:00,11.235955056179773,0.3999999999999999,3.96,2024-08-21 10:43:00,True,7.0,False,,,2.5687280872386404,3.0383893849721373,2.875148920090224,0.15029190303958506,0.07071749176956159,0.07957441127002347
GDC,2024-08-21,2024-08-21 14:48:00,True,clean_breakout,previous_high_break_with_pullback_low_support_or_previous_resistance,4.27,4.67,4.24,4.61,526192.0,267478.1,1.96723395298531,0.7906976744186069,0.13953488372092943,0.06976744186046367,0.8604651162790706,2024-08-21 14:44:00,4.5,4.32,906462.0,281791.0,0.31039834454216203,2024-08-21 14:46:00,4.13,4.1999,0.4992857142857191,0.08222222222222225,0.024444444444444515,4.0,26.030368763557465,1.1999999999999993,5.81,2024-08-21 15:05:00,26.030368763557465,1.1999999999999993,5.81,2024-08-21 15:05:00,True,13.0,False,,,3.0955276227912893,4.2030807429571855,4.025776438199879,0.1770957970640339,0.0645069414595082,0.1125888556045257
OPEN,2025-07-21,2025-07-21 10:07:00,True,clean_breakout,previous_high_break_with_pullback_low_support_or_previous_resistance,3.1803,3.31,3.18,3.3098,7486430.0,5537827.9,1.3518711912300487,0.9961538461538483,0.0015384615384613702,0.0023076923076903472,0.9984615384615386,2025-07-21 10:05:00,3.24,3.18,5593335.0,5198800.4,0.19285714285714303,2025-07-21 10:06:00,3.13,3.1801,0.8349999999999999,0.03395061728395071,0.021543209876543165,2.0,50.16013052148165,1.6601999999999997,4.97,2025-07-21 14:46:00,2.1209740769834977,0.07019999999999982,3.38,2025-07-21 10:10:00,False,,True,2025-07-21 10:18:00,3.06,2.9092061402831284,3.1866823190413034,3.0918847466449266,0.10551996166485633,0.011013452577145574,0.09450650908771076
OPEN,2025-07-21,2025-07-21 10:59:00,True,clean_breakout,previous_high_break_with_pullback_low_support_or_previous_resistance,3.615,3.74,3.61,3.73,4325649.0,4220186.65,1.0249899728961038,0.8846153846153806,0.0769230769230785,0.038461538461540955,0.9230769230769215,2025-07-21 10:57:00,3.7,3.6585,5002076.0,4025291.35,0.16666666666667038,2025-07-21 10:58:00,3.61,3.6108,0.013333333333331853,0.024324324324324405,0.008108108108108055,2.0,33.24396782841823,1.2399999999999998,4.97,2025-07-21 14:46:00,9.11528150134049,0.3400000000000003,4.07,2025-07-21 11:29:00,False,,True,2025-07-21 11:01:00,3.6,3.0732333079714644,3.6052038376958975,3.4944835721545826,0.12078161037268931,0.018303521429656605,0.1024780889430327
OPEN,2025-07-21,2025-07-21 13:08:00,True,clean_breakout,previous_high_break_with_pullback_low_support_or_previous_resistance,4.3548,4.48,4.35,4.48,7100512.0,3587621.6,1.979169709536814,0.9630769230769205,0.0,0.036923076923079466,1.0,2025-07-21 13:06:00,4.38,4.35,2848988.0,3716213.0,0.5000000000000074,2025-07-21 13:07:00,4.32,4.3546,0.5974999999999836,0.013698630136986212,0.022831050228310626,2.0,10.937499999999984,0.4899999999999993,4.97,2025-07-21 14:46:00,0.22321428571428092,0.009999999999999787,4.49,2025-07-21 13:09:00,False,,True,2025-07-21 13:12:00,4.31,3.5362846867370186,4.330309488132499,4.240540702663363,0.10047111636137096,0.011098888101776158,0.0893722282595948
RIME,2026-02-13,2026-02-13 14:11:00,True,clean_breakout,previous_high_break_with_pullback_low_support_or_previous_resistance,1.46,1.65,1.445,1.602,1364949.0,275009.15,4.963285767037205,0.6926829268292695,0.23414634146341393,0.07317073170731665,0.765853658536586,2026-02-13 14:09:00,1.49,1.455,761913.0,136052.25,0.3888888888888877,2026-02-13 14:10:00,1.41,1.4565,0.35769230769230725,0.05369127516778528,0.07516778523489939,2.0,288.2646691635455,4.617999999999999,6.22,2026-02-13 17:34:00,26.716604244694114,0.4279999999999997,2.03,2026-02-13 14:33:00,True,7.0,False,,,1.3060339718604057,1.4190232637422195,1.352668138392334,0.05779619527877777,0.03288060584817648,0.024915589430601296
RIME,2026-02-13,2026-02-13 15:59:00,True,clean_breakout,previous_high_break_with_pullback_low_support_or_previous_resistance,3.15,3.65,3.07,3.5,1412732.0,864692.35,1.6337972690518194,0.6034482758620691,0.2586206896551722,0.13793103448275873,0.7413793103448277,2026-02-13 15:50:00,3.43,3.42,1134648.0,776736.4,0.03571428571428651,2026-02-13 15:52:00,2.92,2.99,0.30434782608695776,0.14868804664723037,0.020408163265306076,9.0,77.71428571428571,2.7199999999999998,6.22,2026-02-13 17:34:00,11.142857142857146,0.3900000000000001,3.89,2026-02-13 16:05:00,True,1.0,False,,,1.9405299609822606,3.168147430544435,2.9447093306650505,0.2513747782497946,0.011877258213040365,0.23949752003675423
TURB,2026-03-09,2026-03-09 10:39:00,True,clean_breakout,previous_high_break_with_pullback_low_support_or_previous_resistance,5.96,6.0599,5.94,6.04,115585.0,173402.65,0.6665699745649792,0.667222685571313,0.16597164303586237,0.16680567139282457,0.8340283569641377,2026-03-09 10:37:00,6.02,5.98,152138.0,162952.85,0.36363636363635776,2026-03-09 10:38:00,5.92,5.96,0.5,0.016611295681063065,0.0033222591362127014,2.0,7.6158940397351,0.45999999999999996,6.5,2026-03-09 11:02:00,7.6158940397351,0.45999999999999996,6.5,2026-03-09 11:02:00,False,,True,2026-03-09 10:45:00,5.86,5.291228992813608,5.925860320886971,5.7839694732585825,0.17229191122108034,0.00564902103765777,0.16664289018342257
FLNA,2024-08-05,2024-08-05 11:57:00,True,clean_breakout,previous_high_break_with_pullback_low_support_or_previous_resistance,30.3899,30.9223,30.224,30.9223,42796.0,15321.25,2.793244676511381,0.76242302735214,0.0,0.23757697264786004,1.0,2024-08-05 11:54:00,30.6507,30.325,37100.0,16626.25,0.5164922296225827,2024-08-05 11:55:00,29.89,30.245,0.6120689655172439,0.024818356513880594,0.00886113530849212,3.0,36.471090442819595,11.277700000000003,42.2,2024-08-05 15:15:00,13.186923353049417,4.0777,35.0,2024-08-05 12:23:00,True,19.0,False,,,28.086061800114944,30.13523557419404,29.716639867476932,0.4552872107251815,0.11156526791570515,0.3437219428094764
FLNA,2024-08-05,2024-08-05 12:15:00,True,clean_breakout,previous_high_break_with_pullback_low_support_or_previous_resistance,32.6375,33.6,32.57,33.6,88534.0,41079.8,2.1551711546794285,0.9344660194174733,0.0,0.06553398058252669,1.0,2024-08-05 12:06:00,33.24,32.995,91165.0,29697.2,0.1683848797250888,2024-08-05 12:10:00,31.6,31.69,0.11539941018079256,0.049338146811071015,0.010830324909747275,9.0,25.5952380952381,8.600000000000001,42.2,2024-08-05 15:15:00,4.1666666666666625,1.3999999999999986,35.0,2024-08-05 12:23:00,False,,False,,,29.15205347274686,32.49647132900634,31.837082463572322,0.7777066241659014,0.023878368035992525,0.7538282561299089
FLNA,2024-08-05,2024-08-05 13:40:00,True,clean_breakout,previous_high_break_with_pullback_low_support_or_previous_resistance,37.2999,37.7437,37.13,37.68,45135.0,39896.05,1.131315004868903,0.6193579925044848,0.10379664331106044,0.2768453641844549,0.8962033566889396,2024-08-05 13:38:00,37.45,37.45,45341.0,36948.7,0.0,2024-08-05 13:39:00,37.0,37.3,0.6666666666666562,0.012016021361815829,0.0061415220293724124,2.0,11.995753715498946,4.520000000000003,42.2,2024-08-05 15:15:00,2.7866242038216487,1.0499999999999972,38.73,2024-08-05 13:48:00,False,,True,2024-08-05 13:54:00,36.6,32.07587700782142,37.074519346468676,36.57311807913449,0.5575940621948448,0.08097823918771874,0.476615823007126
FLNA,2024-08-05,2024-08-05 13:43:00,True,clean_breakout,previous_high_break_with_pullback_low_support_or_previous_resistance,37.34,38.17,37.34,37.97,72897.0,47137.95,1.5464609725285041,0.7590361445783094,0.24096385542169066,0.0,0.7590361445783094,2024-08-05 13:41:00,37.76,37.7,51617.0,41307.0,0.1304347826086849,2024-08-05 13:42:00,37.11,37.35,0.3037974683544332,0.017213983050847422,0.005561440677966124,2.0,11.140373979457477,4.230000000000004,42.2,2024-08-05 15:15:00,2.001580194890698,0.759999999999998,38.73,2024-08-05 13:48:00,False,,True,2024-08-05 13:50:00,37.0,32.25604188887786,37.37775390539197,36.860949887137835,0.5894077621911293,0.0679719067805965,0.5214358554105328
FLNA,2024-08-05,2024-08-05 15:15:00,True,clean_breakout,previous_high_break_with_pullback_low_support_or_previous_resistance,41.54,42.2,41.4,42.005,38979.0,43490.15,0.896271914444995,0.5812500000000012,0.24374999999999905,0.17499999999999977,0.756250000000001,2024-08-05 15:09:00,42.0,41.0401,83090.0,43286.6,0.6651699152974804,2024-08-05 15:10:00,41.0401,41.36,0.1907619567194044,0.022854761904761847,0.00011904761904767995,6.0,0.3451970003570909,0.14499999999999602,42.15,2024-08-05 15:16:00,0.3451970003570909,0.14499999999999602,42.15,2024-08-05 15:16:00,False,,True,2024-08-05 15:16:00,40.58,34.76506543753774,41.41962986562423,40.87929562390514,0.6034239148502962,0.09992016968597373,0.5035037451643225
VCIG,2026-05-26,2026-05-26 12:26:00,True,clean_breakout,previous_high_break_with_pullback_low_support_or_previous_resistance,1.8102,1.84,1.8,1.8395,62816.0,23257.85,2.700851540447634,0.7324999999999964,0.012500000000004164,0.25499999999999945,0.9874999999999958,2026-05-26 12:24:00,1.82,1.815,79180.0,19493.05,0.08333333333333519,2026-05-26 12:25:00,1.79,1.8117,0.7233333333333345,0.016483516483516498,0.010714285714285631,2.0,44.06088611035608,0.8105,2.65,2026-05-26 13:28:00,31.55748844794781,0.5805,2.42,2026-05-26 12:52:00,True,16.0,False,,,1.7116192820484937,1.798514405526717,1.78339078180065,0.014843621463133339,0.006421120117699412,0.008422501345433927
QURE,2024-07-10,2024-07-10 10:51:00,True,clean_breakout,previous_high_break_with_pullback_low_support_or_previous_resistance,8.41,8.59,8.36,8.58,386225.0,174617.75,2.2118312714486357,0.739130434782607,0.04347826086956421,0.21739130434782877,0.9565217391304358,2024-07-10 10:46:00,8.52,8.45,337147.0,190907.65,0.46666666666666745,2024-07-10 10:49:00,8.36,8.43,0.5833333333333308,0.018779342723004713,0.00704225352112682,5.0,32.28438228438228,2.7699999999999996,11.35,2024-07-10 15:16:00,7.925407925407922,0.6799999999999997,9.26,2024-07-10 11:15:00,False,,False,,,7.713195873172828,8.426551283436066,8.308511144649566,0.15132906882206498,0.0020800278106780645,0.14924904101138692
NMAX,2025-04-03,2025-04-03 12:02:00,True,clean_breakout,previous_high_break_with_pullback_low_support_or_previous_resistance,52.49,54.75,51.86,54.5,49782.0,19264.85,2.5840844854748415,0.6955017301038054,0.08650519031141866,0.21799307958477593,0.9134948096885813,2025-04-03 11:59:00,53.63,51.65,35085.0,16421.05,0.12130177514793,2025-04-03 12:00:00,50.73,52.26,0.5317919075144506,0.054074212194667265,0.0162222636584001,3.0,38.44036697247707,20.950000000000003,75.45,2025-04-03 14:14:00,9.522935779816509,5.189999999999998,59.69,2025-04-03 12:24:00,False,,False,,,45.69104896655495,51.614331711059684,49.880825636720814,1.7060950741537013,0.6032020279252523,1.102893046228449
NMAX,2025-04-03,2025-04-03 14:03:00,True,clean_breakout,previous_high_break_with_pullback_low_support_or_previous_resistance,64.86,67.98,64.0,67.13,53131.0,44007.5,1.2073169346134183,0.5703517587939683,0.21356783919598182,0.21608040201004988,0.7864321608040181,2025-04-03 13:56:00,67.0,65.79,76860.0,36068.8,0.3166666666666676,2025-04-03 14:00:00,63.1,63.99,0.20143884892086508,0.058208955223880574,0.0019402985074626186,7.0,12.393862654550883,8.320000000000007,75.45,2025-04-03 14:14:00,12.393862654550883,8.320000000000007,75.45,2025-04-03 14:14:00,True,6.0,False,,,52.41133233071946,64.61181323334331,62.588219508166965,2.2788670628116634,0.12363428385872721,2.155232778952936
NMAX,2025-04-03,2025-04-03 14:04:00,True,clean_breakout,previous_high_break_with_pullback_low_support_or_previous_resistance,66.71,69.49,66.06,68.65,97781.0,48482.05,2.0168495350341002,0.5655976676384886,0.24489795918367085,0.1895043731778405,0.7551020408163291,2025-04-03 13:56:00,67.0,65.79,76860.0,36068.8,0.3166666666666676,2025-04-03 14:00:00,63.1,63.99,0.20143884892086508,0.058208955223880574,0.024626865671641875,8.0,9.905316824471955,6.799999999999997,75.45,2025-04-03 14:14:00,9.905316824471955,6.799999999999997,75.45,2025-04-03 14:14:00,False,,True,2025-04-03 14:22:00,61.03,52.67698877371127,65.41945058667466,63.16553193596059,2.479603747807019,0.22408073948196305,2.255523008325056
NVNI,2025-04-30,2025-04-30 10:26:00,True,clean_breakout,previous_high_break_with_pullback_low_support_or_previous_resistance,2.987,3.153,2.978,3.141,292602.9,137544.965,2.127325416819147,0.8800000000000004,0.0685714285714287,0.05142857142857089,0.9314285714285713,2025-04-30 10:22:00,3.1,3.008,292459.8,110342.44999999998,0.5348837209302325,2025-04-30 10:24:00,2.923,2.962,0.4020618556701047,0.0570967741935484,0.013225806451612879,4.0,77.07736389684815,2.4210000000000003,5.562,2025-04-30 16:33:00,11.42948105698822,0.359,3.5,2025-04-30 10:55:00,True,29.0,True,2025-04-30 10:36:00,2.868,2.6676917060169925,2.9665677719501513,2.838226517746735,0.135189847659682,0.025669337072390747,0.10952051058729126
NVNI,2025-04-30,2025-04-30 12:26:00,True,clean_breakout,previous_high_break_with_pullback_low_support_or_previous_resistance,3.192,3.303,3.192,3.281,157496.2,61081.78500000001,2.57844789571883,0.8018018018018032,0.19819819819819678,0.0,0.8018018018018032,2025-04-30 12:24:00,3.252,3.206,84214.7,56022.365000000005,0.12195121951219275,2025-04-30 12:25:00,3.171,3.195,0.4363636363636355,0.024907749077490764,0.00891758917589187,2.0,69.52148735141725,2.281,5.562,2025-04-30 16:33:00,2.0115818348064565,0.06599999999999984,3.347,2025-04-30 12:39:00,False,,True,2025-04-30 12:38:00,3.152,2.9912362177232956,3.1869208340869988,3.1420767347927088,0.04530630259456547,0.012241094386016053,0.03306520820854942
NVNI,2025-04-30,2025-04-30 14:17:00,True,clean_breakout,previous_high_break_with_pullback_low_support_or_previous_resistance,3.381,3.685,3.381,3.656,339395.7,45662.39000000001,7.432718699130728,0.9046052631578951,0.0953947368421049,0.0,0.9046052631578951,2025-04-30 14:14:00,3.303,3.263,118266.3,19716.104999999996,0.5128205128205143,2025-04-30 14:15:00,3.263,3.299,0.4594594594594578,0.01211020284589768,0.10687254011504699,3.0,52.13347921225383,1.9060000000000001,5.562,2025-04-30 16:33:00,1.2035010940919049,0.04400000000000004,3.7,2025-04-30 14:18:00,False,,True,2025-04-30 14:19:00,3.2,3.020736754794557,3.3211494162951,3.216219310375209,0.08966496553997194,0.053674622940526356,0.035990342599445585
NVNI,2025-04-30,2025-04-30 15:45:00,True,clean_breakout,previous_high_break_with_pullback_low_support_or_previous_resistance,4.089,4.2,4.05,4.198,164946.2,121883.15499999996,1.3533141638809734,0.7266666666666648,0.013333333333331834,0.26000000000000334,0.9866666666666681,2025-04-30 15:42:00,4.19,4.126,177951.3,106392.85499999998,0.5120000000000005,2025-04-30 15:44:00,3.986,4.1,0.2192982456140354,0.04868735083532223,0.0019093078758949896,3.0,32.49166269652215,1.3639999999999999,5.562,2025-04-30 16:33:00,31.014768937589317,1.3019999999999996,5.5,2025-04-30 16:01:00,True,11.0,False,,,3.164960002232514,4.024725147772363,3.8805876408398463,0.14988900596124477,0.03629626325041621,0.11359274271082856
NVNI,2025-04-30,2025-04-30 15:50:00,True,clean_breakout,previous_high_break_with_pullback_low_support_or_previous_resistance,4.179,4.372,4.167,4.351,123318.3,125123.41500000001,0.985573323745999,0.8390243902439007,0.10243902439024341,0.058536585365855855,0.8975609756097566,2025-04-30 15:47:00,4.259,4.14,112575.0,121442.51499999998,0.42105263157894773,2025-04-30 15:48:00,4.101,4.238,0.18840579710144797,0.03709791030758402,0.021601314862643727,3.0,27.83268214203632,1.2110000000000003,5.562,2025-04-30 16:33:00,26.407722362675244,1.149,5.5,2025-04-30 16:01:00,True,10.0,False,,,3.18457793295785,4.166053616422049,4.016611967944941,0.16648833619282222,0.01694585162802506,0.14954248456479716
EDSA,2026-04-27,2026-04-27 13:09:00,True,clean_breakout,previous_high_break_with_pullback_low_support_or_previous_resistance,10.35,10.64,10.29,10.64,70356.0,37412.15,1.880565538200825,0.8285714285714278,0.0,0.17142857142857215,1.0,2026-04-27 13:04:00,10.5997,10.17,105089.0,27518.5,0.4779203828583852,2026-04-27 13:06:00,9.94,10.09,0.5769230769230788,0.06223761049841041,0.0038019943960678343,5.0,11.578007518796987,1.2318999999999996,11.8719,2026-04-27 14:37:00,5.733082706766911,0.6099999999999994,11.25,2026-04-27 13:14:00,False,,False,,,9.471386391198006,10.277577640676524,10.040417647974804,0.2745322122596434,0.00884683285972665,0.26568537939991677
DFDV,2025-05-22,2025-05-22 09:47:00,True,clean_breakout,previous_high_break_with_pullback_low_support_or_previous_resistance,38.25,41.56,38.25,41.56,34777.0,14224.8,2.444814689837467,1.0,0.0,0.0,1.0,2025-05-22 09:34:00,38.912,37.9,32112.0,7579.1,0.5569620253164559,2025-05-22 09:38:00,34.99,35.6374,0.5297029702970274,0.10079152960526308,0.06805098684210535,13.0,29.643888354186714,12.32,53.88,2025-05-22 12:58:00,18.455245428296426,7.669999999999995,49.23,2025-05-22 10:10:00,True,8.0,False,,,34.63456786477747,37.89928429173824,36.611119710934794,1.346464242019188,0.32662120997008204,1.0198430320491059
MYSE,2025-01-10,2025-01-10 11:55:00,True,clean_breakout,previous_high_break_with_pullback_low_support_or_previous_resistance,6.72,7.23,6.69,7.0598,1593666.0,839296.95,1.8988106652836045,0.6292592592592599,0.3151851851851858,0.055555555555554366,0.6848148148148142,2025-01-10 11:49:00,7.0,6.77,1108041.0,877139.7,0.2999999999999997,2025-01-10 11:51:00,6.6,6.83,0.22080000000000055,0.0571428571428572,0.008542857142857154,6.0,6.235304116263916,0.4401999999999999,7.5,2025-01-10 12:04:00,6.235304116263916,0.4401999999999999,7.5,2025-01-10 12:04:00,False,,True,2025-01-10 12:22:00,6.54,5.576746841275358,6.791017399600646,6.625282868763184,0.20575026381526307,-0.008370295114476706,0.21412055892973977
MYSE,2025-01-10,2025-01-10 11:58:00,True,clean_breakout,previous_high_break_with_pullback_low_support_or_previous_resistance,6.9922,7.3,6.92,7.2711,1232267.0,915976.45,1.345304237898256,0.7339473684210509,0.07605263157894777,0.19000000000000133,0.9239473684210522,2025-01-10 11:55:00,7.23,7.0598,1593666.0,839296.95,0.3151851851851858,2025-01-10 11:56:00,6.9,7.0099,0.4397759103641455,0.04564315352697096,0.00568464730290446,3.0,3.1480793827618974,0.22890000000000033,7.5,2025-01-10 12:04:00,3.1480793827618974,0.22890000000000033,7.5,2025-01-10 12:04:00,False,,True,2025-01-10 12:07:00,6.86,5.62781550995982,6.948488108595532,6.749063081400139,0.23326626490969904,0.016894469965203718,0.21637179494449532
KULR,2024-11-29,2024-11-29 11:03:00,True,clean_breakout,previous_high_break_with_pullback_low_support_or_previous_resistance,7.1624,7.3984,7.1592,7.3976,85633.5,37286.5,2.2966355115122097,0.9832775919732459,0.0033444816053508106,0.013377926421403242,0.9966555183946492,2024-11-29 10:59:00,7.28,7.2696,108769.0,38094.275,0.081761006289313,2024-11-29 11:01:00,7.1376,7.1992,0.6525423728813575,0.0195604395604396,0.01615384615384608,4.0,51.4004542013626,3.8023999999999996,11.2,2024-11-29 15:20:00,3.8174543095057856,0.2824,7.68,2024-11-29 11:09:00,False,,False,,,6.688750905190006,7.213165831564228,7.128008654926037,0.0993015014376466,0.013366347491335667,0.08593515394631093
KULR,2024-11-29,2024-11-29 12:42:00,True,clean_breakout,previous_high_break_with_pullback_low_support_or_previous_resistance,8.36,8.72,8.32,8.64,137331.0,37010.95625,3.7105498996665345,0.7000000000000022,0.2,0.09999999999999779,0.8,2024-11-29 12:40:00,8.4,8.3928,17276.5,31342.85,0.09000000000001221,2024-11-29 12:41:00,8.32,8.36,0.4999999999999889,0.009523809523809532,0.028571428571428595,2.0,29.629629629629612,2.5599999999999987,11.2,2024-11-29 15:20:00,11.1111111111111,0.9599999999999991,9.6,2024-11-29 12:51:00,True,9.0,False,,,7.449138680927386,8.345950709830896,8.214368592788368,0.1160882372315779,0.06232997447479138,0.05375826275678652
KULR,2024-11-29,2024-11-29 15:17:00,True,clean_breakout,previous_high_break_with_pullback_low_support_or_previous_resistance,10.4,10.72,10.32,10.72,11494.625,8078.34375,1.4228937707682965,0.8,0.0,0.2,1.0,2024-11-29 15:11:00,10.4,10.24,14809.0,5158.3125,0.0,2024-11-29 15:13:00,10.16,10.3192,0.5,0.023076923076923096,0.030769230769230795,6.0,4.477611940298495,0.47999999999999865,11.2,2024-11-29 15:20:00,4.477611940298495,0.47999999999999865,11.2,2024-11-29 15:20:00,False,,True,2024-11-29 15:23:00,9.76,7.7846984390744565,10.286962420435877,9.979272766227993,0.3274309453907911,0.061219977954093785,0.2662109674366973
RPGL,2026-01-29,2026-01-29 13:49:00,True,clean_breakout,previous_high_break_with_pullback_low_support_or_previous_resistance,14.154,16.834,13.682,16.442,85167.0,22638.73,3.7620043173799944,0.7258883248730967,0.1243654822335024,0.1497461928934009,0.8756345177664976,2026-01-29 13:41:00,14.77,13.034,57735.85,8484.56,0.7917570498915398,2026-01-29 13:42:00,12.46,12.9,0.43912175648702595,0.15639810426540277,0.11320243737305354,8.0,129.8990390463447,21.357999999999997,37.8,2026-01-29 18:30:00,9.475732879211773,1.5579999999999998,18.0,2026-01-29 13:52:00,False,,False,,,11.387205153663292,13.884647735232093,12.769328985718614,1.088748363114096,0.3231153122263326,0.7656330508877633
GCTS,2026-01-29,2026-01-29 11:07:00,True,clean_breakout,previous_high_break_with_pullback_low_support_or_previous_resistance,1.475,1.54,1.45,1.525,1333001.0,576985.75,2.3102840928047184,0.5555555555555531,0.1666666666666679,0.277777777777779,0.8333333333333321,2026-01-29 11:01:00,1.49,1.4506,581221.0,494344.2,0.44,2026-01-29 11:05:00,1.41,1.455,0.0,0.05369127516778528,0.023489932885905986,6.0,20.655737704918046,0.31500000000000017,1.84,2026-01-29 11:21:00,20.655737704918046,0.31500000000000017,1.84,2026-01-29 11:21:00,True,8.0,False,,,1.2879974082646604,1.4643112934390958,1.4345190306768918,0.033597101128394646,0.002036713317566309,0.03156038781082834
AIXC,2025-09-25,2025-09-25 10:54:00,True,clean_breakout,previous_high_break_with_pullback_low_support_or_previous_resistance,5.03,5.2,5.03,5.1799,34957.0,8706.25,4.01516152189519,0.8817647058823516,0.11823529411764845,0.0,0.8817647058823516,2025-09-25 10:52:00,5.02,4.99,9603.0,6639.65,0.31347962382444505,2025-09-25 10:53:00,5.0,5.03,0.3333333333333235,0.003984063745019836,0.031852589641434344,2.0,25.09894013397943,1.3001000000000005,6.48,2025-09-25 11:11:00,25.09894013397943,1.3001000000000005,6.48,2025-09-25 11:11:00,True,6.0,False,,,4.732102395274449,5.007484454503624,4.94253555504311,0.06819613196217222,0.015473221370736999,0.052722910591435225
GOVX,2024-08-16,2024-08-16 10:13:00,True,clean_breakout,previous_high_break_with_pullback_low_support_or_previous_resistance,110.75,116.75,109.75,116.15,29387.0,10201.431999999997,2.8806740073354415,0.7714285714285722,0.0857142857142849,0.14285714285714285,0.9142857142857151,2024-08-16 10:11:00,110.25,108.98,12530.4,8188.281999999997,0.2822222222222213,2024-08-16 10:12:00,108.75,110.8925,0.1421428571428578,0.013605442176870748,0.05351473922902499,2.0,82.95307791648729,96.35,212.5,2024-08-16 14:30:00,23.7602238484718,27.597499999999997,143.7475,2024-08-16 10:36:00,True,9.0,False,,,103.99833151377945,108.96911415003399,106.73067557674058,2.391130531446038,0.6397286303947252,1.7514019010513127
GOVX,2024-08-16,2024-08-16 10:28:00,True,clean_breakout,previous_high_break_with_pullback_low_support_or_previous_resistance,131.25,137.75,130.0,137.75,26894.56,23423.953999999998,1.148164823069581,0.8387096774193549,0.0,0.16129032258064516,1.0,2024-08-16 10:26:00,136.25,135.26,34047.48,20600.841999999997,0.193832599118945,2024-08-16 10:27:00,128.75,131.2475,0.27000000000000024,0.05504587155963303,0.011009174311926606,2.0,54.264972776769504,74.75,212.5,2024-08-16 14:30:00,4.3539019963702374,5.997500000000002,143.7475,2024-08-16 10:36:00,False,,True,2024-08-16 10:32:00,127.75,114.64673952080483,130.15741704969332,123.39360472092908,7.352377903249987,1.185626668074434,6.166751235175553
GOVX,2024-08-16,2024-08-16 13:35:00,True,clean_breakout,previous_high_break_with_pullback_low_support_or_previous_resistance,150.285,155.5,150.25,154.5,17921.68,8401.02,2.133274292883483,0.8028571428571435,0.19047619047619047,0.0066666666666660174,0.8095238095238095,2024-08-16 13:29:00,153.75,151.45,10219.32,7419.463999999998,0.49733333333333574,2024-08-16 13:30:00,146.15,147.25,0.19642857142857062,0.049430894308943055,0.004878048780487805,6.0,37.54045307443366,58.0,212.5,2024-08-16 14:30:00,25.080906148867317,38.75,193.25,2024-08-16 13:59:00,True,8.0,False,,,128.39769721390587,149.89184651158823,147.24878551242702,2.914461556999356,0.33192966710128324,2.582531889898073
GOVX,2024-08-16,2024-08-16 13:42:00,True,clean_breakout,previous_high_break_with_pullback_low_support_or_previous_resistance,157.535,163.75,157.535,162.75,13377.44,10978.290000000003,1.2185358557662438,0.839098954143202,0.160901045856798,0.0,0.839098954143202,2024-08-16 13:37:00,161.5,159.25,22737.84,9576.994000000002,0.3215434083601285,2024-08-16 13:41:00,155.5,157.75,0.75,0.03715170278637771,0.007739938080495356,5.0,30.568356374807987,49.75,212.5,2024-08-16 14:30:00,22.58064516129032,36.75,199.5,2024-08-16 14:09:00,True,13.0,False,,,129.39560260479112,157.45830608954705,153.24154235714562,4.5979272453428734,0.8434206930911001,3.7545065522517733
GOVX,2024-08-16,2024-08-16 13:43:00,True,clean_breakout,previous_high_break_with_pullback_low_support_or_previous_resistance,163.2375,176.75,162.7525,173.25,24798.0,12065.718,2.0552444537490433,0.7153063046972664,0.2500446508305054,0.03464904447222815,0.7499553491694946,2024-08-16 13:37:00,161.5,159.25,22737.84,9576.994000000002,0.3215434083601285,2024-08-16 13:41:00,155.5,157.75,0.75,0.03715170278637771,0.07275541795665634,6.0,22.655122655122657,39.25,212.5,2024-08-16 14:30:00,15.151515151515152,26.25,199.5,2024-08-16 14:09:00,True,16.0,False,,,129.78230647974914,160.61664487163765,155.14710975170317,5.622248793646605,1.4814544506970018,4.1407943429496035
GOVX,2024-08-16,2024-08-16 13:55:00,True,clean_breakout,previous_high_break_with_pullback_low_support_or_previous_resistance,168.375,180.75,167.5,179.2,32914.0,14270.990000000002,2.3063571623272106,0.8169811320754709,0.11698113207547256,0.0660377358490566,0.8830188679245274,2024-08-16 13:43:00,176.75,173.25,24798.0,12065.718,0.2500446508305054,2024-08-16 13:49:00,163.25,167.5,0.5059523809523806,0.07637906647807638,0.013861386138613797,12.0,18.582589285714292,33.30000000000001,212.5,2024-08-16 14:30:00,16.90848214285715,30.30000000000001,209.5,2024-08-16 14:18:00,True,14.0,False,,,132.26972795789808,170.08093958838998,165.58723644254314,5.563986301658588,-0.274026616224746,5.838012917883334
CRML,2025-06-16,2025-06-16 13:25:00,True,clean_breakout,previous_high_break_with_pullback_low_support_or_previous_resistance,2.735,2.84,2.73,2.82,269569.0,105744.1,2.5492580673531666,0.7727272727272733,0.18181818181818218,0.04545454545454454,0.8181818181818178,2025-06-16 13:22:00,2.77,2.75,107844.0,109091.75,0.5,2025-06-16 13:24:00,2.73,2.73,0.0,0.014440433212996403,0.018050541516245425,3.0,26.95035460992909,0.7600000000000002,3.58,2025-06-16 15:09:00,1.7730496453900804,0.050000000000000266,2.87,2025-06-16 13:33:00,False,,True,2025-06-16 13:48:00,2.7,2.421247124935671,2.7455369775040346,2.698897648612861,0.05573145741493679,0.0010796805072222082,0.05465177690771458
CRML,2025-06-16,2025-06-16 13:29:00,True,clean_breakout,previous_high_break_with_pullback_low_support_or_previous_resistance,2.8041,2.86,2.7933,2.85,99315.0,107467.35,0.9241411461248462,0.6881559220389815,0.1499250374812562,0.1619190404797623,0.8500749625187438,2025-06-16 13:25:00,2.84,2.82,269569.0,105744.1,0.18181818181818218,2025-06-16 13:28:00,2.75,2.81,0.585714285714286,0.03169014084507037,0.003521126760563462,4.0,25.614035087719294,0.73,3.58,2025-06-16 15:09:00,0.7017543859649129,0.020000000000000018,2.87,2025-06-16 13:33:00,False,,True,2025-06-16 13:41:00,2.745,2.4326606962641306,2.7913399459856523,2.7392859994800345,0.06126807919256372,0.004121312696021048,0.05714676649654267
MOBX,2026-03-03,2026-03-03 13:56:00,True,clean_breakout,previous_high_break_with_pullback_low_support_or_previous_resistance,8.3,8.54,8.297,8.521,337629.4,261883.82,1.2892335234761736,0.9094650205761374,0.07818930041151631,0.012345679012346221,0.9218106995884837,2026-03-03 13:52:00,8.472,8.4,405610.7,266792.495,0.034364261168384105,2026-03-03 13:55:00,8.2,8.349,0.17333333333334344,0.03210576015108596,0.005783758262511953,4.0,63.12639361577278,5.379,13.9,2026-03-03 16:12:00,0.22297852364743984,0.01899999999999835,8.54,2026-03-03 13:57:00,False,,True,2026-03-03 13:58:00,8.067,5.796665616299169,8.259208401661638,8.011983236591638,0.2770635020849852,0.047546807909407796,0.2295166941755774
MOBX,2026-03-03,2026-03-03 14:45:00,True,clean_breakout,previous_high_break_with_pullback_low_support_or_previous_resistance,8.809,9.632,8.761,9.502,605538.0,211423.61499999993,2.8640982228971925,0.7956371986222744,0.14925373134328238,0.05510907003444319,0.8507462686567177,2026-03-03 14:42:00,8.944,8.743,290390.9,191481.41999999998,0.7414448669201484,2026-03-03 14:43:00,8.718,8.879,0.06172839506172677,0.02526833631484804,0.06238819320214667,3.0,46.28499263312986,4.398,13.9,2026-03-03 16:12:00,12.60787202694168,1.1979999999999986,10.7,2026-03-03 14:57:00,True,12.0,False,,,6.025089688733695,8.699997343088697,8.362456859435548,0.29931123654675496,0.15593680876062782,0.14337442778612713
MOBX,2026-03-03,2026-03-03 14:57:00,True,clean_breakout,previous_high_break_with_pullback_low_support_or_previous_resistance,9.895,10.7,9.856,10.6,666360.3,350903.875,1.8989824492533747,0.8353080568720386,0.11848341232227454,0.04620853080568688,0.8815165876777254,2026-03-03 14:52:00,10.0,9.919,348816.0,299306.035,0.16199999999999903,2026-03-03 14:53:00,9.628,9.823,0.5571428571428585,0.03719999999999999,0.05999999999999996,5.0,31.132075471698123,3.3000000000000007,13.9,2026-03-03 16:12:00,13.207547169811324,1.4000000000000004,12.0,2026-03-03 15:26:00,True,28.0,True,2026-03-03 14:59:00,9.387,6.184487785229099,9.904271732721359,9.440832347819116,0.5200955701608052,0.033567196984966574,0.48652837317583864
BTAI,2025-08-11,2025-08-11 09:54:00,True,clean_breakout,previous_high_break_with_pullback_low_support_or_previous_resistance,4.7399,4.84,4.7101,4.8399,174003.0,118079.55,1.4736082581615528,0.7698229407236369,0.0007698229407218387,0.22940723633564125,0.9992301770592782,2025-08-11 09:44:00,4.8,4.7296,145131.0,112995.3,0.5118181818181866,2025-08-11 09:47:00,4.52,4.625,0.7276867030965367,0.05833333333333339,0.008312500000000056,10.0,53.928800181821934,2.6101,7.45,2025-08-11 16:45:00,7.233620529349786,0.3501000000000003,5.19,2025-08-11 10:07:00,False,,False,,,4.514139802023368,4.718373734749927,4.637916260513429,0.09439146180957625,0.001927965698450551,0.0924634961111257
BTAI,2025-08-11,2025-08-11 13:21:00,True,clean_breakout,previous_high_break_with_pullback_low_support_or_previous_resistance,5.375,5.52,5.36,5.5001,217721.0,67230.8,3.2384115613677062,0.7818750000000022,0.12437499999999937,0.09374999999999843,0.8756250000000007,2025-08-11 13:17:00,5.5,5.48,288367.0,46967.65,0.08333333333333148,2025-08-11 13:20:00,5.35,5.3706,0.5149999999999983,0.027272727272727337,1.8181818181775807e-05,4.0,35.45208268940566,1.9499000000000004,7.45,2025-08-11 16:45:00,15.997890947437321,0.8799000000000001,6.38,2025-08-11 13:47:00,True,23.0,False,,,4.886211038637619,5.358844564901199,5.291362830262661,0.06653107970748184,0.028641622111729242,0.0378894575957526
PSNL,2024-07-19,2024-07-19 12:10:00,True,clean_breakout,previous_high_break_with_pullback_low_support_or_previous_resistance,2.97,3.03,2.96,3.01,54195.0,11089.4,4.8870993922123835,0.5714285714285668,0.28571428571428664,0.14285714285714649,0.7142857142857134,2024-07-19 11:50:00,3.0,2.9534,67633.0,14072.8,0.21244635193133,2024-07-19 11:53:00,2.91,2.92,0.4999999999999889,0.029999999999999954,0.0033333333333332624,20.0,50.16611295681063,1.5099999999999998,4.52,2024-07-19 13:56:00,8.305647840531561,0.25,3.26,2024-07-19 12:40:00,False,,False,,,2.801309786234469,2.966964681073656,2.9549310719570445,0.01545418210511329,-0.0001450852256200605,0.01559926733073335
PSNL,2024-07-19,2024-07-19 12:43:00,True,clean_breakout,previous_high_break_with_pullback_low_support_or_previous_resistance,3.2202,3.3099,3.2202,3.3099,49532.0,31174.05,1.5888856276293906,1.0,0.0,0.0,1.0,2024-07-19 12:41:00,3.2799,3.27,44457.0,27747.8,0.19839679358717452,2024-07-19 12:42:00,3.22,3.23,0.19999999999999646,0.018262751913168035,0.0091466203237903,2.0,36.56001691894014,1.2100999999999997,4.52,2024-07-19 13:56:00,7.5198646484788165,0.24890000000000034,3.5588,2024-07-19 13:13:00,False,,False,,,2.945398090380134,3.2249010260084914,3.176070260529701,0.053290346239627695,0.011567760043664888,0.04172258619596281
PSNL,2024-07-19,2024-07-19 12:49:00,True,clean_breakout,previous_high_break_with_pullback_low_support_or_previous_resistance,3.2513,3.316,3.25,3.315,40466.0,35122.85,1.1521274611826775,0.9651515151515155,0.01515151515151352,0.01969696969697094,0.9848484848484865,2024-07-19 12:44:00,3.31,3.3,64596.0,33584.2,0.2712328767123278,2024-07-19 12:46:00,3.24,3.2699,0.9966666666666596,0.021148036253776387,0.001510574018126856,5.0,36.34992458521869,1.2049999999999996,4.52,2024-07-19 13:56:00,11.309200603318258,0.37490000000000023,3.6899,2024-07-19 13:18:00,True,26.0,False,,,2.9704172399347457,3.264631014561971,3.2220252909901257,0.051978682901821394,0.0006158964971146874,0.051362786404706706
PSNL,2024-07-19,2024-07-19 12:50:00,True,clean_breakout,previous_high_break_with_pullback_low_support_or_previous_resistance,3.32,3.4,3.3,3.37,94075.0,37627.95,2.5001362019456286,0.5000000000000022,0.29999999999999777,0.2,0.7000000000000022,2024-07-19 12:44:00,3.31,3.3,64596.0,33584.2,0.2712328767123278,2024-07-19 12:46:00,3.24,3.2699,0.9966666666666596,0.021148036253776387,0.018126888217522674,6.0,34.12462908011868,1.1499999999999995,4.52,2024-07-19 13:56:00,9.492581602373889,0.3199000000000001,3.6899,2024-07-19 13:18:00,False,,False,,,2.9835729600949636,3.285704811649577,3.2361181204196376,0.057474730950947794,0.004127180158162602,0.05334755079278519
PSNL,2024-07-19,2024-07-19 13:13:00,True,clean_breakout,previous_high_break_with_pullback_low_support_or_previous_resistance,3.4588,3.5588,3.4588,3.5588,82805.0,48824.9,1.6959584146613715,1.0,0.0,0.0,1.0,2024-07-19 13:09:00,3.52,3.4908,63790.0,52740.85,0.3649999999999983,2024-07-19 13:12:00,3.45,3.455,0.24999999999999445,0.01988636363636359,0.011022727272727321,4.0,27.009104192424395,0.9611999999999994,4.52,2024-07-19 13:56:00,13.802405305159033,0.49119999999999964,4.05,2024-07-19 13:42:00,True,26.0,False,,,3.10960856288776,3.4667947631033176,3.4123827424607027,0.06198664373053653,0.010055021205638719,0.05193162252489781
PSNL,2024-07-19,2024-07-19 13:51:00,True,clean_breakout,previous_high_break_with_pullback_low_support_or_previous_resistance,4.1188,4.22,4.0999,4.215,303817.0,178554.7,1.7015345997613056,0.8009991673605306,0.04163197335553621,0.15736885928393324,0.9583680266444637,2024-07-19 13:49:00,4.19,4.14,213693.0,169152.25,0.17166666666666483,2024-07-19 13:50:00,4.03,4.12,0.7499999999999981,0.03818615751789979,0.00596658711217171,2.0,7.236061684460254,0.3049999999999997,4.52,2024-07-19 13:56:00,7.236061684460254,0.3049999999999997,4.52,2024-07-19 13:56:00,False,,True,2024-07-19 13:58:00,3.7609,3.552317753961268,4.091966168603543,3.9677271441215276,0.1397286974918579,0.0184404818026572,0.1212882156892007
GOVX,2024-08-16,2024-08-16 10:13:00,True,clean_breakout,previous_high_break_with_pullback_low_support_or_previous_resistance,110.75,116.75,109.75,116.15,29387.0,10201.431999999997,2.8806740073354415,0.7714285714285722,0.0857142857142849,0.14285714285714285,0.9142857142857151,2024-08-16 10:11:00,110.25,108.98,12530.4,8188.281999999997,0.2822222222222213,2024-08-16 10:12:00,108.75,110.8925,0.1421428571428578,0.013605442176870748,0.05351473922902499,2.0,82.95307791648729,96.35,212.5,2024-08-16 14:30:00,23.7602238484718,27.597499999999997,143.7475,2024-08-16 10:36:00,True,9.0,False,,,103.99833151377945,108.96911415003399,106.73067557674058,2.391130531446038,0.6397286303947252,1.7514019010513127
GOVX,2024-08-16,2024-08-16 10:28:00,True,clean_breakout,previous_high_break_with_pullback_low_support_or_previous_resistance,131.25,137.75,130.0,137.75,26894.56,23423.953999999998,1.148164823069581,0.8387096774193549,0.0,0.16129032258064516,1.0,2024-08-16 10:26:00,136.25,135.26,34047.48,20600.841999999997,0.193832599118945,2024-08-16 10:27:00,128.75,131.2475,0.27000000000000024,0.05504587155963303,0.011009174311926606,2.0,54.264972776769504,74.75,212.5,2024-08-16 14:30:00,4.3539019963702374,5.997500000000002,143.7475,2024-08-16 10:36:00,False,,True,2024-08-16 10:32:00,127.75,114.64673952080483,130.15741704969332,123.39360472092908,7.352377903249987,1.185626668074434,6.166751235175553
GOVX,2024-08-16,2024-08-16 13:35:00,True,clean_breakout,previous_high_break_with_pullback_low_support_or_previous_resistance,150.285,155.5,150.25,154.5,17921.68,8401.02,2.133274292883483,0.8028571428571435,0.19047619047619047,0.0066666666666660174,0.8095238095238095,2024-08-16 13:29:00,153.75,151.45,10219.32,7419.463999999998,0.49733333333333574,2024-08-16 13:30:00,146.15,147.25,0.19642857142857062,0.049430894308943055,0.004878048780487805,6.0,37.54045307443366,58.0,212.5,2024-08-16 14:30:00,25.080906148867317,38.75,193.25,2024-08-16 13:59:00,True,8.0,False,,,128.39769721390587,149.89184651158823,147.24878551242702,2.914461556999356,0.33192966710128324,2.582531889898073
GOVX,2024-08-16,2024-08-16 13:42:00,True,clean_breakout,previous_high_break_with_pullback_low_support_or_previous_resistance,157.535,163.75,157.535,162.75,13377.44,10978.290000000003,1.2185358557662438,0.839098954143202,0.160901045856798,0.0,0.839098954143202,2024-08-16 13:37:00,161.5,159.25,22737.84,9576.994000000002,0.3215434083601285,2024-08-16 13:41:00,155.5,157.75,0.75,0.03715170278637771,0.007739938080495356,5.0,30.568356374807987,49.75,212.5,2024-08-16 14:30:00,22.58064516129032,36.75,199.5,2024-08-16 14:09:00,True,13.0,False,,,129.39560260479112,157.45830608954705,153.24154235714562,4.5979272453428734,0.8434206930911001,3.7545065522517733
GOVX,2024-08-16,2024-08-16 13:43:00,True,clean_breakout,previous_high_break_with_pullback_low_support_or_previous_resistance,163.2375,176.75,162.7525,173.25,24798.0,12065.718,2.0552444537490433,0.7153063046972664,0.2500446508305054,0.03464904447222815,0.7499553491694946,2024-08-16 13:37:00,161.5,159.25,22737.84,9576.994000000002,0.3215434083601285,2024-08-16 13:41:00,155.5,157.75,0.75,0.03715170278637771,0.07275541795665634,6.0,22.655122655122657,39.25,212.5,2024-08-16 14:30:00,15.151515151515152,26.25,199.5,2024-08-16 14:09:00,True,16.0,False,,,129.78230647974914,160.61664487163765,155.14710975170317,5.622248793646605,1.4814544506970018,4.1407943429496035
GOVX,2024-08-16,2024-08-16 13:55:00,True,clean_breakout,previous_high_break_with_pullback_low_support_or_previous_resistance,168.375,180.75,167.5,179.2,32914.0,14270.990000000002,2.3063571623272106,0.8169811320754709,0.11698113207547256,0.0660377358490566,0.8830188679245274,2024-08-16 13:43:00,176.75,173.25,24798.0,12065.718,0.2500446508305054,2024-08-16 13:49:00,163.25,167.5,0.5059523809523806,0.07637906647807638,0.013861386138613797,12.0,18.582589285714292,33.30000000000001,212.5,2024-08-16 14:30:00,16.90848214285715,30.30000000000001,209.5,2024-08-16 14:18:00,True,14.0,False,,,132.26972795789808,170.08093958838998,165.58723644254314,5.563986301658588,-0.274026616224746,5.838012917883334
QURE,2024-07-10,2024-07-10 10:51:00,True,clean_breakout,previous_high_break_with_pullback_low_support_or_previous_resistance,8.41,8.59,8.36,8.58,386225.0,174617.75,2.2118312714486357,0.739130434782607,0.04347826086956421,0.21739130434782877,0.9565217391304358,2024-07-10 10:46:00,8.52,8.45,337147.0,190907.65,0.46666666666666745,2024-07-10 10:49:00,8.36,8.43,0.5833333333333308,0.018779342723004713,0.00704225352112682,5.0,32.28438228438228,2.7699999999999996,11.35,2024-07-10 15:16:00,7.925407925407922,0.6799999999999997,9.26,2024-07-10 11:15:00,False,,False,,,7.713195873172828,8.426551283436066,8.308511144649566,0.15132906882206498,0.0020800278106780645,0.14924904101138692
CWD,2025-08-05,2025-08-05 10:22:00,True,clean_breakout,previous_high_break_with_pullback_low_support_or_previous_resistance,5.77,6.48,5.65,6.32,879910.0,612016.25,1.437723263066953,0.6626506024096394,0.19277108433734955,0.1445783132530111,0.8072289156626504,2025-08-05 10:20:00,6.15,5.87,773987.0,543779.15,0.44827586206896813,2025-08-05 10:21:00,5.61,5.77,0.36363636363636237,0.08780487804878048,0.027642276422764213,2.0,31.962025316455687,2.0199999999999996,8.34,2025-08-05 10:42:00,31.962025316455687,2.0199999999999996,8.34,2025-08-05 10:42:00,True,4.0,False,,,5.229362902954794,5.729934695777752,5.185036835486451,0.6424402105725973,0.02300067866040756,0.6194395319121897
CWD,2025-08-05,2025-08-05 10:36:00,True,clean_breakout,previous_high_break_with_pullback_low_support_or_previous_resistance,6.89,7.96,6.5,7.6,1815670.0,924603.9,1.9637273863975697,0.4863013698630137,0.24657534246575366,0.26712328767123267,0.7534246575342464,2025-08-05 10:27:00,7.44,7.26,1016765.0,783015.0,0.3913043478260883,2025-08-05 10:30:00,6.15,6.48,0.767441860465117,0.17338709677419353,0.02150537634408592,9.0,9.736842105263161,0.7400000000000002,8.34,2025-08-05 10:42:00,9.736842105263161,0.7400000000000002,8.34,2025-08-05 10:42:00,False,,False,,,6.060612062932939,6.943976489436993,6.494607390899148,0.5944093482067476,-0.05694382696405742,0.651353175170805
PSTV,2025-03-20,2025-03-20 10:04:00,True,clean_breakout,previous_high_break_with_pullback_low_support_or_previous_resistance,16.845,17.9725,16.7525,17.95,34654.6,15142.475999999999,2.288568923602719,0.905737704918034,0.018442622950820386,0.07581967213114563,0.9815573770491796,2025-03-20 09:59:00,16.93,16.415,28992.16,10274.376,0.3495145631067952,2025-03-20 10:03:00,16.0725,16.9125,0.11889596602972162,0.05064973419964549,0.06024808033077375,5.0,189.69359331476323,34.05,52.0,2025-03-20 15:00:00,21.169916434540394,3.8000000000000007,21.75,2025-03-20 10:34:00,True,17.0,False,,,15.34285729911393,16.619112153821376,16.057236457446287,0.5806762145457629,0.16218536331010824,0.41849085123565466
PSTV,2025-03-20,2025-03-20 10:07:00,True,clean_breakout,previous_high_break_with_pullback_low_support_or_previous_resistance,17.4375,18.5675,17.4375,18.3,70036.84,19368.338,3.616048005771068,0.7632743362831872,0.23672566371681286,0.0,0.7632743362831872,2025-03-20 10:04:00,17.9725,17.95,34654.6,15142.475999999999,0.018442622950820386,2025-03-20 10:06:00,17.19,17.5,0.561085972850678,0.04353873974127132,0.018222284045068888,3.0,184.15300546448088,33.7,52.0,2025-03-20 15:00:00,19.726775956284147,3.6099999999999994,21.91,2025-03-20 10:35:00,True,14.0,True,2025-03-20 10:12:00,17.08,15.64556881942726,17.237145422756548,16.524784025658576,0.7365263562217201,0.19185526314823986,0.5446710930734803
PSTV,2025-03-20,2025-03-20 10:40:00,True,clean_breakout,previous_high_break_with_pullback_low_support_or_previous_resistance,20.5275,23.25,20.5275,22.4475,84002.64,44959.202,1.8684192837764337,0.7052341597796149,0.2947658402203851,0.0,0.7052341597796149,2025-03-20 10:35:00,21.91,21.79,39557.6,44208.182,0.2926829268292706,2025-03-20 10:39:00,20.4325,20.545,0.24590163934426407,0.06743496120492921,0.024532177088087696,5.0,131.651631584809,29.5525,52.0,2025-03-20 15:00:00,3.5750083528232475,0.8024999999999984,23.25,2025-03-20 10:43:00,False,,True,2025-03-20 10:45:00,20.2775,17.913847436829073,21.14220454407039,20.423590937649927,0.8943110242973731,-0.010865233568138288,0.9051762578655114
PSTV,2025-03-20,2025-03-20 11:45:00,True,clean_breakout,previous_high_break_with_pullback_low_support_or_previous_resistance,27.5,28.75,27.0,28.23,57957.08,58229.367999999995,0.9953238716243668,0.41714285714285737,0.2971428571428569,0.2857142857142857,0.7028571428571431,2025-03-20 11:43:00,28.0,26.9975,53911.6,59306.945999999996,0.5,2025-03-20 11:44:00,26.75,27.4725,0.3133333333333326,0.044642857142857144,0.00821428571428573,2.0,84.20120439249025,23.77,52.0,2025-03-20 15:00:00,10.69783917817924,3.0199999999999996,31.25,2025-03-20 11:54:00,True,9.0,False,,,20.618493541829526,26.84566867154922,25.680571875091342,1.3639184341730584,0.10211265554613047,1.2618057786269279
PSTV,2025-03-20,2025-03-20 11:49:00,True,clean_breakout,previous_high_break_with_pullback_low_support_or_previous_resistance,27.9875,29.25,27.75,29.02,89508.04,49082.92199999999,1.823608627049547,0.6883333333333326,0.15333333333333363,0.1583333333333338,0.8466666666666663,2025-03-20 11:45:00,28.75,28.23,57957.08,58229.367999999995,0.2971428571428569,2025-03-20 11:47:00,26.75,27.375,0.5,0.06956521739130435,0.009391304347826071,4.0,79.1867677463818,22.98,52.0,2025-03-20 15:00:00,7.684355616815991,2.2300000000000004,31.25,2025-03-20 11:54:00,False,,True,2025-03-20 12:04:00,26.5,20.872123282256506,27.61048188786657,26.471909453025123,1.3714961527372758,0.07457300896701691,1.2969231437702589
PSTV,2025-03-20,2025-03-20 14:25:00,True,clean_breakout,previous_high_break_with_pullback_low_support_or_previous_resistance,43.625,45.5,43.25,44.875,75024.52,40012.770000000004,1.8750144016522725,0.5555555555555556,0.2777777777777778,0.16666666666666666,0.7222222222222222,2025-03-20 14:21:00,43.75,43.375,48751.84,43116.02,0.25041736227045036,2025-03-20 14:22:00,42.25,43.25,0.8,0.03428571428571429,0.025714285714285714,4.0,15.87743732590529,7.125,52.0,2025-03-20 15:00:00,15.32033426183844,6.875,51.75,2025-03-20 14:52:00,True,25.0,False,,,27.568424909078157,42.864672165303766,41.35401548671063,1.6303580936523545,0.3265241193337438,1.3038339743186107
CODX,2025-10-27,2025-10-27 11:49:00,True,clean_breakout,previous_high_break_with_pullback_low_support_or_previous_resistance,31.1493,33.0003,30.9003,32.5503,130017.533145,142104.00727904998,0.9149462821951547,0.6671428571428566,0.2142857142857155,0.11857142857142791,0.7857142857142845,2025-10-27 11:45:00,32.1003,30.7503,140034.899637,134004.65327339998,0.33333333333333265,2025-10-27 11:47:00,29.8203,30.7503,0.8611111111111094,0.07102737357594782,0.01401856057420033,4.0,42.85736229773613,13.950200000000002,46.5005,2025-10-27 14:35:00,15.20754032988943,4.950099999999999,37.5004,2025-10-27 11:55:00,True,5.0,False,,,23.476307860217833,30.724840482278214,29.46484944577732,1.353353582014865,0.25866294011911206,1.094690641895753
CODX,2025-10-27,2025-10-27 11:52:00,True,clean_breakout,previous_high_break_with_pullback_low_support_or_previous_resistance,32.4003,34.8003,32.1003,34.4703,206438.002266,140881.4878377,1.4653309347770604,0.7666666666666659,0.12222222222222147,0.11111111111111258,0.8777777777777785,2025-10-27 11:50:00,33.0003,32.5503,137734.522641,144680.29484925,0.3750000000000015,2025-10-27 11:51:00,31.8003,32.4003,0.5,0.03636330578812928,0.04454504959045823,2.0,34.900189438444116,12.0302,46.5005,2025-10-27 14:35:00,8.790465995364118,3.0300999999999974,37.5004,2025-10-27 11:55:00,False,,True,2025-10-27 12:03:00,30.9003,23.677351220636957,31.97566472692645,30.43504620975992,1.6366463254216335,0.3202355113417086,1.3164108140799249
SMX,2026-02-06,2026-02-06 10:51:00,True,clean_breakout,previous_high_break_with_pullback_low_support_or_previous_resistance,77.1973,84.375,74.8535,83.3008,88915.5584,32676.741120000002,2.7210656678850595,0.6410229480649052,0.11281835845192505,0.24615869348316977,0.887181641548075,2026-02-06 10:45:00,77.6367,77.6367,14984.8064,26955.43808,0.0,2026-02-06 10:50:00,74.3164,77.373,0.7452213770236005,0.04276714491986397,0.07295647548131219,6.0,20.1635518506425,16.796400000000006,100.0972,2026-02-06 12:43:00,4.454819161400622,3.7109000000000094,87.0117,2026-02-06 10:52:00,False,,True,2026-02-06 11:05:00,72.2656,65.79337490558497,75.1068560290719,71.17428214351676,4.186578683132112,1.1460728340991877,3.040505849032924
SMX,2026-02-06,2026-02-06 12:36:00,True,clean_breakout,previous_high_break_with_pullback_low_support_or_previous_resistance,94.9707,96.5332,90.8203,92.4521,47902.5152,29368.4224,1.6310891524088131,0.440861909012935,0.27350382467748474,0.2856342663095803,0.2856342663095803,2026-02-06 12:34:00,92.2852,90.9668,26206.4128,26189.711359999998,0.539995904157278,2026-02-06 12:35:00,90.4297,94.9707,0.06194722343047815,0.020106149198354736,0.0018085240103505034,2.0,8.269255106157674,7.645099999999999,100.0972,2026-02-06 12:43:00,8.269255106157674,7.645099999999999,100.0972,2026-02-06 12:43:00,False,,True,2026-02-06 12:44:00,88.77,75.0297246088783,89.85905207452456,86.9853826386543,2.9234677315332362,0.9656658899291197,1.9578018416041165
SMX,2026-02-06,2026-02-06 12:43:00,True,clean_breakout,previous_high_break_with_pullback_low_support_or_previous_resistance,94.2383,100.0972,93.7505,98.0713,60528.8448,33279.436799999996,1.8188061644120133,0.6039359036979847,0.31920525627491575,0.0768588400270996,0.6807947437250843,2026-02-06 12:36:00,96.5332,92.4521,47902.5152,29368.4224,0.27350382467748474,2026-02-06 12:40:00,92.0898,93.75,0.400010239606798,0.04602975970961283,0.015933378361019837,7.0,0.17375113820251264,0.17040000000000077,98.2417,2026-02-06 12:44:00,0.17375113820251264,0.17040000000000077,98.2417,2026-02-06 12:44:00,False,,True,2026-02-06 12:44:00,88.77,75.87370815910857,93.67450637937935,90.68965867493404,3.3549302952373807,0.31767633561901043,3.0372539596183703
LUMN,2024-07-30,2024-07-30 10:18:00,True,clean_breakout,previous_high_break_with_pullback_low_support_or_previous_resistance,2.21,2.26,2.2,2.26,998018.0,263402.5,3.788946574159319,0.8333333333333358,0.0,0.1666666666666642,1.0,2024-07-30 10:16:00,2.24,2.24,324942.0,221059.9,0.0,2024-07-30 10:17:00,2.2,2.2,0.0,0.01785714285714287,0.008928571428571237,2.0,52.212389380530986,1.1800000000000002,3.44,2024-07-30 10:45:00,52.212389380530986,1.1800000000000002,3.44,2024-07-30 10:45:00,True,11.0,False,,,2.1170230567227786,2.2224837192604046,2.1973245799199677,0.031167843221969527,-3.1936901248665744e-05,0.031199780123218192
LUMN,2024-07-30,2024-07-30 10:26:00,True,clean_breakout,previous_high_break_with_pullback_low_support_or_previous_resistance,2.31,2.37,2.305,2.37,562169.0,397979.15,1.4125589242552028,0.9230769230769247,0.0,0.07692307692307535,1.0,2024-07-30 10:24:00,2.32,2.305,288492.0,365612.2,0.7499999999999833,2024-07-30 10:25:00,2.3,2.31,0.46000000000001556,0.008620689655172422,0.02155172413793115,2.0,45.147679324894504,1.0699999999999998,3.44,2024-07-30 10:45:00,45.147679324894504,1.0699999999999998,3.44,2024-07-30 10:45:00,True,8.0,False,,,2.1542038611238024,2.2997619277451524,2.258012516348938,0.04622372964994259,0.008323965732246683,0.03789976391769591
ARAI,2026-04-14,2026-04-14 11:02:00,True,clean_breakout,previous_high_break_with_pullback_low_support_or_previous_resistance,0.9603,0.999,0.9603,0.999,149299.0,35847.0,4.164895249253773,1.0,0.0,0.0,1.0,2026-04-14 10:59:00,0.9766,0.9699,39986.0,26879.8,0.10958904109589396,2026-04-14 11:01:00,0.9601,0.963,0.2929292929292937,0.01689535121851328,0.022936719229981542,3.0,88.18818818818818,0.8809999999999999,1.88,2026-04-14 16:02:00,27.127127127127125,0.271,1.27,2026-04-14 11:14:00,True,5.0,False,,,0.9312668102478737,0.9691819999386888,0.9550737664030982,0.014786581716349056,0.0032352350333827804,0.011551346682966276
ARAI,2026-04-14,2026-04-14 11:05:00,True,clean_breakout,previous_high_break_with_pullback_low_support_or_previous_resistance,1.01,1.05,1.0,1.05,181339.0,53208.7,3.4080704847139662,0.8,0.0,0.2,1.0,2026-04-14 11:03:00,0.999,0.9855,92352.0,39455.45,0.10052910052910105,2026-04-14 11:04:00,0.9855,1.01,0.3061224489795903,0.01351351351351347,0.051051051051051094,2.0,79.04761904761904,0.8299999999999998,1.88,2026-04-14 16:02:00,20.95238095238095,0.21999999999999997,1.27,2026-04-14 11:14:00,True,4.0,False,,,0.9398837451064866,0.9939651839686088,0.9712193028570186,0.022321298102747966,0.007287286512729561,0.015034011590018406
ARAI,2026-04-14,2026-04-14 14:29:00,True,clean_breakout,previous_high_break_with_pullback_low_support_or_previous_resistance,1.355,1.4,1.35,1.3999,376298.0,100300.1,3.7517210850238434,0.898000000000002,0.0019999999999997867,0.09999999999999823,0.9980000000000002,2026-04-14 14:27:00,1.36,1.3305,177434.0,79338.9,0.16666666666667038,2026-04-14 14:28:00,1.3301,1.36,0.16387959866220395,0.021985294117647085,0.029338235294117516,2.0,34.29530680762912,0.48009999999999997,1.88,2026-04-14 16:02:00,17.865561825844704,0.2501,1.65,2026-04-14 14:59:00,True,10.0,False,,,1.2102661524300276,1.3463803040102307,1.3313693373410644,0.013672849667126563,0.007091954157437897,0.006580895509688666
ARAI,2026-04-14,2026-04-14 14:37:00,True,clean_breakout,previous_high_break_with_pullback_low_support_or_previous_resistance,1.4099,1.46,1.4,1.4589,382261.0,177667.95,2.1515473105869685,0.8166666666666685,0.018333333333331297,0.16500000000000017,0.9816666666666687,2026-04-14 14:34:00,1.42,1.41,217813.0,153444.55,0.3333333333333333,2026-04-14 14:36:00,1.38,1.4099,0.16666666666667038,0.028169014084507067,0.02739436619718321,3.0,28.86421276304063,0.4210999999999998,1.88,2026-04-14 16:02:00,22.009733360751245,0.32109999999999994,1.78,2026-04-14 15:03:00,True,20.0,False,,,1.2190526325009792,1.4009279797852536,1.3727929916784474,0.028301464223285944,0.007812127593048182,0.02048933663023776
ARAI,2026-04-14,2026-04-14 14:47:00,True,clean_breakout,previous_high_break_with_pullback_low_support_or_previous_resistance,1.51,1.59,1.5,1.5899,745055.0,374531.75,1.9892973025651364,0.8877777777777779,0.0011111111111109877,0.1111111111111111,0.998888888888889,2026-04-14 14:40:00,1.56,1.455,920399.0,274772.7,0.25,2026-04-14 14:42:00,1.43,1.465,0.5,0.0833333333333334,0.01916666666666669,7.0,18.24643059311905,0.2900999999999998,1.88,2026-04-14 16:02:00,11.956726838165919,0.19009999999999994,1.78,2026-04-14 15:03:00,True,16.0,False,,,1.2479853748243177,1.498685689326726,1.45299562162862,0.04859791224351051,0.008142309862269312,0.0404556023812412
PSTV,2025-03-20,2025-03-20 10:04:00,True,clean_breakout,previous_high_break_with_pullback_low_support_or_previous_resistance,16.845,17.9725,16.7525,17.95,34654.6,15142.475999999999,2.288568923602719,0.905737704918034,0.018442622950820386,0.07581967213114563,0.9815573770491796,2025-03-20 09:59:00,16.93,16.415,28992.16,10274.376,0.3495145631067952,2025-03-20 10:03:00,16.0725,16.9125,0.11889596602972162,0.05064973419964549,0.06024808033077375,5.0,189.69359331476323,34.05,52.0,2025-03-20 15:00:00,21.169916434540394,3.8000000000000007,21.75,2025-03-20 10:34:00,True,17.0,False,,,15.34285729911393,16.619112153821376,16.057236457446287,0.5806762145457629,0.16218536331010824,0.41849085123565466
PSTV,2025-03-20,2025-03-20 10:07:00,True,clean_breakout,previous_high_break_with_pullback_low_support_or_previous_resistance,17.4375,18.5675,17.4375,18.3,70036.84,19368.338,3.616048005771068,0.7632743362831872,0.23672566371681286,0.0,0.7632743362831872,2025-03-20 10:04:00,17.9725,17.95,34654.6,15142.475999999999,0.018442622950820386,2025-03-20 10:06:00,17.19,17.5,0.561085972850678,0.04353873974127132,0.018222284045068888,3.0,184.15300546448088,33.7,52.0,2025-03-20 15:00:00,19.726775956284147,3.6099999999999994,21.91,2025-03-20 10:35:00,True,14.0,True,2025-03-20 10:12:00,17.08,15.64556881942726,17.237145422756548,16.524784025658576,0.7365263562217201,0.19185526314823986,0.5446710930734803
PSTV,2025-03-20,2025-03-20 10:40:00,True,clean_breakout,previous_high_break_with_pullback_low_support_or_previous_resistance,20.5275,23.25,20.5275,22.4475,84002.64,44959.202,1.8684192837764337,0.7052341597796149,0.2947658402203851,0.0,0.7052341597796149,2025-03-20 10:35:00,21.91,21.79,39557.6,44208.182,0.2926829268292706,2025-03-20 10:39:00,20.4325,20.545,0.24590163934426407,0.06743496120492921,0.024532177088087696,5.0,131.651631584809,29.5525,52.0,2025-03-20 15:00:00,3.5750083528232475,0.8024999999999984,23.25,2025-03-20 10:43:00,False,,True,2025-03-20 10:45:00,20.2775,17.913847436829073,21.14220454407039,20.423590937649927,0.8943110242973731,-0.010865233568138288,0.9051762578655114
PSTV,2025-03-20,2025-03-20 11:45:00,True,clean_breakout,previous_high_break_with_pullback_low_support_or_previous_resistance,27.5,28.75,27.0,28.23,57957.08,58229.367999999995,0.9953238716243668,0.41714285714285737,0.2971428571428569,0.2857142857142857,0.7028571428571431,2025-03-20 11:43:00,28.0,26.9975,53911.6,59306.945999999996,0.5,2025-03-20 11:44:00,26.75,27.4725,0.3133333333333326,0.044642857142857144,0.00821428571428573,2.0,84.20120439249025,23.77,52.0,2025-03-20 15:00:00,10.69783917817924,3.0199999999999996,31.25,2025-03-20 11:54:00,True,9.0,False,,,20.618493541829526,26.84566867154922,25.680571875091342,1.3639184341730584,0.10211265554613047,1.2618057786269279
PSTV,2025-03-20,2025-03-20 11:49:00,True,clean_breakout,previous_high_break_with_pullback_low_support_or_previous_resistance,27.9875,29.25,27.75,29.02,89508.04,49082.92199999999,1.823608627049547,0.6883333333333326,0.15333333333333363,0.1583333333333338,0.8466666666666663,2025-03-20 11:45:00,28.75,28.23,57957.08,58229.367999999995,0.2971428571428569,2025-03-20 11:47:00,26.75,27.375,0.5,0.06956521739130435,0.009391304347826071,4.0,79.1867677463818,22.98,52.0,2025-03-20 15:00:00,7.684355616815991,2.2300000000000004,31.25,2025-03-20 11:54:00,False,,True,2025-03-20 12:04:00,26.5,20.872123282256506,27.61048188786657,26.471909453025123,1.3714961527372758,0.07457300896701691,1.2969231437702589
PSTV,2025-03-20,2025-03-20 14:25:00,True,clean_breakout,previous_high_break_with_pullback_low_support_or_previous_resistance,43.625,45.5,43.25,44.875,75024.52,40012.770000000004,1.8750144016522725,0.5555555555555556,0.2777777777777778,0.16666666666666666,0.7222222222222222,2025-03-20 14:21:00,43.75,43.375,48751.84,43116.02,0.25041736227045036,2025-03-20 14:22:00,42.25,43.25,0.8,0.03428571428571429,0.025714285714285714,4.0,15.87743732590529,7.125,52.0,2025-03-20 15:00:00,15.32033426183844,6.875,51.75,2025-03-20 14:52:00,True,25.0,False,,,27.568424909078157,42.864672165303766,41.35401548671063,1.6303580936523545,0.3265241193337438,1.3038339743186107
UGRO,2026-03-25,2026-03-25 10:41:00,True,clean_breakout,previous_high_break_with_pullback_low_support_or_previous_resistance,8.71,9.31,8.64,9.23,509437.0,178008.4,2.8618705634116144,0.7761194029850741,0.11940298507462699,0.10447761194029895,0.880597014925373,2026-03-25 10:33:00,8.99,8.72,236051.0,127551.35,0.21621621621621584,2026-03-25 10:38:00,8.51,8.6,0.2432432432432422,0.053392658509454995,0.026696329254727497,8.0,512.7843986998915,47.33,56.56,2026-03-25 16:27:00,28.92741061755146,2.67,11.9,2026-03-25 11:04:00,True,7.0,False,,,8.2371538803892,8.759350465462074,8.571818775107152,0.21935791513737968,-0.007840046770875131,0.2271979619082548
DUO,2024-09-30,2024-09-30 10:45:00,True,clean_breakout,previous_high_break_with_pullback_low_support_or_previous_resistance,43.84,47.36,43.68,46.72,136007.9375,77167.434375,1.7625043336164434,0.7826086956521727,0.17391304347826103,0.04347826086956622,0.8260869565217389,2024-09-30 10:39:00,44.96,44.32,126037.125,83282.821875,0.21052631578947392,2024-09-30 10:41:00,40.8,41.12,0.39999999999999825,0.09252669039145915,0.039145907473309566,6.0,33.21917808219179,15.520000000000003,62.24,2024-09-30 19:09:00,22.945205479452053,10.719999999999999,57.44,2024-09-30 10:50:00,True,3.0,False,,,35.118817938697234,42.99110360385368,40.64936381414721,2.5776167598145463,0.49075365407800264,2.0868631057365437
DUO,2024-09-30,2024-09-30 14:05:00,True,clean_breakout,previous_high_break_with_pullback_low_support_or_previous_resistance,48.96,50.72,48.8,50.72,35117.375,20359.96875,1.7248246021988614,0.9166666666666649,0.0,0.08333333333333519,1.0,2024-09-30 14:03:00,50.24,49.28,51772.6875,17849.215625,0.5,2024-09-30 14:04:00,48.8,48.96,0.20000000000000356,0.0286624203821657,0.009554140127388472,2.0,22.712933753943222,11.520000000000003,62.24,2024-09-30 19:09:00,3.154574132492116,1.6000000000000014,52.32,2024-09-30 14:09:00,False,,True,2024-09-30 14:16:00,46.72,42.287476774680265,48.829453637545235,47.9427976403014,0.8591864955745123,0.30361054084768535,0.555575954726827
DWTX,2025-01-27,2025-01-27 10:35:00,True,clean_breakout,previous_high_break_with_pullback_low_support_or_previous_resistance,16.215,17.4899,16.215,17.31,188385.0,66862.55,2.8174964909355085,0.8588908934034041,0.1411091065965959,0.0,0.8588908934034041,2025-01-27 10:26:00,17.29,15.925,159589.0,63861.1,0.0,2025-01-27 10:33:00,15.72,16.055,0.47857142857142654,0.09080393290919599,0.0011567379988432374,9.0,25.823223570190656,4.470000000000002,21.78,2025-01-27 12:17:00,11.495667244367432,1.9899000000000022,19.2999,2025-01-27 10:52:00,True,17.0,False,,,14.883992791767346,16.342226838023464,15.746480799122232,0.7153198033224211,0.0027502643310156616,0.7125695389914054
BNAI,2026-01-14,2026-01-14 10:00:00,True,clean_breakout,previous_high_break_with_pullback_low_support_or_previous_resistance,5.63,5.9,5.53,5.84,776480.0,436357.9,1.7794567257748741,0.5675675675675673,0.16216216216216345,0.27027027027026923,0.8378378378378365,2026-01-14 09:53:00,5.83,5.685,567594.0,312656.15,0.48333333333333517,2026-01-14 09:57:00,5.37,5.44,0.200000000000001,0.07890222984562606,0.0017152658662092258,7.0,15.582191780821923,0.9100000000000001,6.75,2026-01-14 10:12:00,15.582191780821923,0.9100000000000001,6.75,2026-01-14 10:12:00,True,10.0,False,,,5.292342167351061,5.56234412506304,5.2865138626393815,0.33484583959920045,-0.011795150343908156,0.3466409899431086
AIXI,2026-04-07,2026-04-07 12:29:00,True,clean_breakout,previous_high_break_with_pullback_low_support_or_previous_resistance,1.6389,1.89,1.63,1.89,3208118.0,812050.15,3.9506402406304586,0.9657692307692303,0.0,0.03423076923076973,1.0,2026-04-07 12:27:00,1.6,1.595,508922.0,598679.85,0.0,2026-04-07 12:28:00,1.57,1.6371,0.2272727272727267,0.018750000000000017,0.18124999999999988,2.0,43.386243386243386,0.8200000000000001,2.71,2026-04-07 12:57:00,43.386243386243386,0.8200000000000001,2.71,2026-04-07 12:57:00,True,5.0,False,,,1.321799929792786,1.6442581809920145,1.5885058766951499,0.04707450275753633,0.026762266319771317,0.020312236437765013
ANTX,2026-03-09,2026-03-09 11:50:00,True,clean_breakout,previous_high_break_with_pullback_low_support_or_previous_resistance,4.5329,4.75,4.5301,4.715,281761.0,114413.45,2.462656269870369,0.8281036834924973,0.15916325602546677,0.012733060482035888,0.8408367439745332,2026-03-09 11:47:00,4.67,4.505,344161.0,110825.25,0.3124999999999986,2026-03-09 11:49:00,4.49,4.535,0.7500000000000037,0.03854389721627403,0.009635974304068507,3.0,46.55143160127255,2.1949000000000005,6.9099,2026-03-09 12:28:00,31.071049840933192,1.4649999999999999,6.18,2026-03-09 12:15:00,True,8.0,False,,,3.8996749446769368,4.552484740713834,4.465024028739977,0.10046252426048419,0.00824640348808453,0.09221612077239966
AGPU,2026-04-01,2026-04-01 11:25:00,True,clean_breakout,previous_high_break_with_pullback_low_support_or_previous_resistance,3.38,3.7,3.36,3.63,946325.0,420021.7,2.253038354923091,0.7352941176470582,0.20588235294117713,0.058823529411764705,0.7941176470588229,2026-04-01 11:22:00,3.45,3.375,445433.0,407114.45,0.5016666666666665,2026-04-01 11:23:00,3.33,3.355,0.3124999999999986,0.0347826086956522,0.052173913043478175,3.0,32.231404958677686,1.17,4.8,2026-04-01 16:52:00,14.87603305785124,0.54,4.17,2026-04-01 11:36:00,True,10.0,False,,,2.983299969792951,3.381005510263421,3.2687659095260453,0.12011253704205638,0.028971421235267816,0.09114111580678856
AGPU,2026-04-01,2026-04-01 11:35:00,True,clean_breakout,previous_high_break_with_pullback_low_support_or_previous_resistance,3.74,4.0399,3.73,3.96,1027053.0,624207.8,1.6453703398131199,0.709906421426265,0.2578251048725403,0.03226847370119465,0.7421748951274597,2026-04-01 11:32:00,3.95,3.7303,894144.0,577481.6,0.24227272727272764,2026-04-01 11:34:00,3.68,3.73,0.1999999999999993,0.06835443037974684,0.002531645569620199,3.0,21.21212121212121,0.8399999999999999,4.8,2026-04-01 16:52:00,5.303030303030303,0.20999999999999996,4.17,2026-04-01 11:36:00,False,,True,2026-04-01 11:49:00,3.65,3.148283374826703,3.7840061532088303,3.622491428466232,0.1909339952363065,0.002582299555957901,0.1883516956803486
CMPX,2025-01-08,2025-01-08 11:44:00,True,clean_breakout,previous_high_break_with_pullback_low_support_or_previous_resistance,2.0599,2.22,2.0401,2.21,421170.0,93065.2,4.52553693539583,0.8343524180100044,0.05558643690939527,0.11006114508060032,0.9444135630906048,2025-01-08 11:37:00,2.06,1.985,196509.0,39764.9,0.5733944954128436,2025-01-08 11:38:00,1.89,2.016,0.7692307692307693,0.08252427184466027,0.07281553398058248,7.0,21.266968325791865,0.4700000000000002,2.68,2025-01-08 11:50:00,21.266968325791865,0.4700000000000002,2.68,2025-01-08 11:50:00,True,2.0,False,,,1.8715136177896499,2.0147550537520704,1.9405259109020432,0.07601751710764071,0.019194610832715037,0.05682290627492567
LRMR,2026-02-25,2026-02-25 10:11:00,True,clean_breakout,previous_high_break_with_pullback_low_support_or_previous_resistance,4.86,4.97,4.85,4.955,312329.0,253735.9,1.2309215999785603,0.7916666666666639,0.12499999999999722,0.08333333333333888,0.8750000000000028,2026-02-25 10:09:00,4.95,4.9,262080.0,267496.95,0.38461538461538775,2026-02-25 10:10:00,4.84,4.855,0.18750000000000694,0.022222222222222286,0.0010101010101009886,2.0,29.566094853683143,1.4649999999999999,6.42,2026-02-25 13:35:00,10.393541876892023,0.5149999999999997,5.47,2026-02-25 10:21:00,True,10.0,False,,,4.505072604131821,4.842058641054029,4.722514887077861,0.153698946806192,0.0003172173446640558,0.15338172946152795
LRMR,2026-02-25,2026-02-25 11:21:00,True,clean_breakout,previous_high_break_with_pullback_low_support_or_previous_resistance,5.7551,5.99,5.7537,5.9886,837185.0,392066.6,2.135313235047311,0.9881506559458328,0.005924672027085443,0.005924672027081684,0.9940753279729145,2026-02-25 11:19:00,5.82,5.7616,474748.0,377609.2,0.5845845845845921,2026-02-25 11:20:00,5.74,5.75,0.33444816053511445,0.013745704467353964,0.02896907216494839,2.0,7.203687005310089,0.4314,6.42,2026-02-25 13:35:00,1.8602010486591145,0.11139999999999972,6.1,2026-02-25 11:34:00,False,,True,2026-02-25 11:43:00,5.72,5.159497500225111,5.756251751535321,5.677062954696194,0.09014770373153436,0.012891337150006163,0.0772563665815282
SBET,2025-05-29,2025-05-29 13:47:00,True,clean_breakout,previous_high_break_with_pullback_low_support_or_previous_resistance,54.33,55.8,54.0,55.28,52189.0,47705.45,1.0939840206936524,0.5277777777777802,0.28888888888888714,0.18333333333333268,0.7111111111111129,2025-05-29 13:44:00,54.74,54.2,56252.0,45463.7,0.033613445378150406,2025-05-29 13:45:00,53.5,54.05,0.624999999999995,0.022652539276580234,0.009864815491413942,3.0,93.25253256150505,51.55,106.83,2025-05-29 16:17:00,9.442836468885671,5.219999999999999,60.5,2025-05-29 13:54:00,False,,False,,,43.971015784127864,53.983643266443906,52.72772038223666,1.5027871642882928,0.03391409250164967,1.4688730717866432
QMCO,2024-12-18,2024-12-18 09:49:00,True,clean_breakout,previous_high_break_with_pullback_low_support_or_previous_resistance,24.98,26.0,24.78,25.95,35056.0,26977.25,1.2994652901982227,0.7950819672131145,0.04098360655737767,0.16393442622950777,0.9590163934426224,2024-12-18 09:47:00,25.5,25.4,39647.0,23366.75,0.1298701298701318,2024-12-18 09:48:00,24.55,24.78,0.24210526315789538,0.037254901960784285,0.017647058823529384,2.0,151.4450867052023,39.3,65.25,2024-12-18 16:32:00,9.441233140655104,2.4499999999999993,28.4,2024-12-18 10:14:00,False,,False,,,23.49220913597272,24.670816227859895,23.951661358475445,0.6831692346922615,0.24591857132290101,0.4372506633693605
QMCO,2024-12-18,2024-12-18 11:21:00,True,clean_breakout,previous_high_break_with_pullback_low_support_or_previous_resistance,29.0,30.0,28.98,29.99,73092.0,16184.45,4.516186833658233,0.9705882352941165,0.009803921568628988,0.019607843137254492,0.990196078431371,2024-12-18 11:18:00,29.0,28.6,17204.0,13063.9,0.6250000000000009,2024-12-18 11:19:00,28.18,28.5,0.5423728813559329,0.028275862068965527,0.034137931034482705,3.0,117.57252417472492,35.260000000000005,65.25,2024-12-18 16:32:00,23.941313771257096,7.180000000000003,37.17,2024-12-18 11:45:00,True,12.0,False,,,25.739331003036597,28.843544281522814,28.313415363077976,0.599822819378879,0.0604865153899099,0.5393363039889691
QMCO,2024-12-18,2024-12-18 11:33:00,True,clean_breakout,previous_high_break_with_pullback_low_support_or_previous_resistance,31.45,33.34,31.45,33.2,69616.0,27201.65,2.5592565156893055,0.9259259259259258,0.07407407407407421,0.0,0.9259259259259258,2024-12-18 11:28:00,31.75,31.51,45865.0,24290.45,0.44444444444444225,2024-12-18 11:30:00,31.07,31.21,0.2641509433962269,0.02141732283464566,0.04566929133858277,5.0,96.53614457831323,32.05,65.25,2024-12-18 16:32:00,28.012048192771072,9.299999999999997,42.5,2024-12-18 12:00:00,True,11.0,False,,,26.53043997494374,31.46430053227182,30.49442843198001,1.0954258039808273,0.1041427129242789,0.9912830910565484
QMCO,2024-12-18,2024-12-18 11:39:00,True,clean_breakout,previous_high_break_with_pullback_low_support_or_previous_resistance,32.91,33.9,32.6,33.9,41481.0,33156.5,1.2510669099573235,0.7615384615384647,0.0,0.23846153846153526,1.0,2024-12-18 11:35:00,33.5,32.5,55926.0,30303.35,0.4098360655737709,2024-12-18 11:36:00,32.2,32.68,0.3896103896103879,0.038805970149253646,0.011940298507462643,4.0,92.4778761061947,31.35,65.25,2024-12-18 16:32:00,25.368731563421836,8.600000000000001,42.5,2024-12-18 12:00:00,True,14.0,False,,,26.95268822499795,32.722272958731864,31.66968090598324,1.2264823739433481,0.09803632316198652,1.1284460507813616
QMCO,2024-12-18,2024-12-18 11:44:00,True,clean_breakout,previous_high_break_with_pullback_low_support_or_previous_resistance,34.5,36.7,34.23,36.21,80585.0,39974.25,2.015922750270487,0.692307692307691,0.19838056680161975,0.10931174089068926,0.8016194331983802,2024-12-18 11:41:00,35.53,35.31,77945.0,36088.6,0.18032786885245825,2024-12-18 11:43:00,33.3,34.45,0.22500000000000206,0.06276386152547155,0.019138755980861236,3.0,80.19884009942004,29.04,65.25,2024-12-18 16:32:00,17.37089201877934,6.289999999999999,42.5,2024-12-18 12:00:00,True,15.0,False,,,27.771907453912164,34.22945840311726,32.93579587811961,1.4723313545110557,0.17165933469663375,1.300672019814422
QMCO,2024-12-18,2024-12-18 11:53:00,True,clean_breakout,previous_high_break_with_pullback_low_support_or_previous_resistance,35.63,38.09,35.44,37.98,108312.0,50756.3,2.133961695395448,0.8867924528301846,0.04150943396226653,0.07169811320754883,0.9584905660377335,2024-12-18 11:45:00,37.17,36.34,64926.0,41205.3,0.6102941176470579,2024-12-18 11:49:00,33.33,33.6,0.3417721518987385,0.1033091202582729,0.02179176755447929,8.0,71.80094786729859,27.270000000000003,65.25,2024-12-18 16:32:00,17.03528172722487,6.470000000000006,44.45,2024-12-18 12:22:00,True,7.0,False,,,28.806964742074985,35.406253508416924,34.397367687425806,1.2575648764148397,-0.05262227831586541,1.3101871547307051
BMNR,2025-07-03,2025-07-03 10:00:00,True,clean_breakout,previous_high_break_with_pullback_low_support_or_previous_resistance,70.8,73.86,70.0,73.32,244357.0,120567.6,2.026721938563926,0.6528497409326416,0.13989637305699645,0.207253886010362,0.8601036269430036,2025-07-03 09:55:00,72.0,70.82,150488.0,118800.95,0.5444444444444475,2025-07-03 09:57:00,68.51,69.96,0.7397959183673435,0.04847222222222215,0.01833333333333324,5.0,119.58537915984726,87.68,161.0,2025-07-03 12:37:00,21.385706492089483,15.680000000000007,89.0,2025-07-03 10:14:00,True,5.0,False,,,65.39930604647914,70.03019309038217,67.66296647876015,2.6347004769782387,0.4061793355562613,2.2285211414219774
BMNR,2025-07-03,2025-07-03 10:02:00,True,clean_breakout,previous_high_break_with_pullback_low_support_or_previous_resistance,74.96,79.77,73.14,79.06,236738.0,133465.15,1.7737813953680044,0.6184012066365024,0.10708898944192975,0.27450980392156776,0.8929110105580702,2025-07-03 10:00:00,73.86,73.32,244357.0,120567.6,0.13989637305699645,2025-07-03 10:01:00,73.01,74.96,0.17270194986072207,0.011508258868128816,0.07040346601678855,2.0,103.64280293448014,81.94,161.0,2025-07-03 12:37:00,12.572729572476597,9.939999999999998,89.0,2025-07-03 10:14:00,True,11.0,False,,,66.65411420511025,72.6249235778446,69.37716757104856,3.38547031454344,0.8007421048653112,2.5847282096781288
BMNR,2025-07-03,2025-07-03 10:13:00,True,clean_breakout,previous_high_break_with_pullback_low_support_or_previous_resistance,81.5,88.7,81.06,86.5,348463.0,196120.6,1.776779185868287,0.6544502617801047,0.28795811518324643,0.057591623036648915,0.7120418848167536,2025-07-03 10:05:00,84.0,83.64,332210.0,147392.85,0.05546995377503848,2025-07-03 10:06:00,77.51,78.28,0.11882716049382673,0.0772619047619047,0.02976190476190476,8.0,86.1271676300578,74.5,161.0,2025-07-03 12:37:00,18.497109826589593,16.0,102.5,2025-07-03 10:43:00,True,21.0,False,,,71.76095656738786,80.95211630514686,77.21249721501918,4.381108607148462,0.14629639815329298,4.234812208995169
BMNR,2025-07-03,2025-07-03 12:29:00,True,clean_breakout,previous_high_break_with_pullback_low_support_or_previous_resistance,128.35,141.25,128.0,141.25,342354.0,112200.35,3.0512739042257886,0.9735849056603778,0.0,0.026415094339622212,1.0,2025-07-03 12:27:00,132.99,129.44,246325.0,96740.25,0.45454545454545586,2025-07-03 12:28:00,124.0,128.29,0.7857142857142831,0.06759906759906767,0.06210993307767494,2.0,13.982300884955754,19.75,161.0,2025-07-03 12:37:00,13.982300884955754,19.75,161.0,2025-07-03 12:37:00,True,7.0,False,,,95.61954287574572,126.81612612321624,121.22995791867196,5.351229157206774,2.23780807317418,3.113421084032594
PLYX,2026-03-10,2026-03-10 12:32:00,True,clean_breakout,previous_high_break_with_pullback_low_support_or_previous_resistance,4.41,4.5,4.4,4.49,11144.0,4070.95,2.7374445768186786,0.8000000000000036,0.09999999999999823,0.09999999999999823,0.9000000000000018,2026-03-10 12:30:00,4.45,4.4,5307.0,3448.7,0.4000000000000107,2026-03-10 12:31:00,4.42,4.45,0.6666666666666765,0.006741573033707921,0.008988764044943828,2.0,64.58797327394208,2.8999999999999995,7.39,2026-03-10 14:08:00,7.572383073496655,0.33999999999999986,4.83,2026-03-10 13:00:00,False,,True,2026-03-10 12:39:00,4.41,4.02275558722932,4.411411587494721,4.377953461278222,0.036808224954497426,0.009662933629950268,0.02714529132454716
PLYX,2026-03-10,2026-03-10 12:58:00,True,clean_breakout,previous_high_break_with_pullback_low_support_or_previous_resistance,4.59,4.69,4.59,4.68,11149.0,5089.6,2.190545425966677,0.8999999999999938,0.10000000000000622,0.0,0.8999999999999938,2026-03-10 12:56:00,4.65,4.61,4853.0,5485.8,0.5714285714285696,2026-03-10 12:57:00,4.64,4.64,0.0,0.002150537634408747,0.0064516129032256685,2.0,57.90598290598291,2.71,7.39,2026-03-10 14:08:00,4.700854700854714,0.22000000000000064,4.9,2026-03-10 13:28:00,False,,True,2026-03-10 13:02:00,4.49,4.138067022887966,4.591664902815623,4.53134646255025,0.06151378567170607,0.02001457591552859,0.04149920975617748
PLYX,2026-03-10,2026-03-10 13:00:00,True,clean_breakout,previous_high_break_with_pullback_low_support_or_previous_resistance,4.65,4.83,4.65,4.8,13935.0,5871.85,2.37318732597052,0.8333333333333317,0.16666666666666832,0.0,0.8333333333333317,2026-03-10 12:58:00,4.69,4.68,11149.0,5089.6,0.10000000000000622,2026-03-10 12:59:00,4.64,4.64,0.0,0.010660980810234692,0.023454157782515868,2.0,53.95833333333333,2.59,7.39,2026-03-10 14:08:00,2.7083333333333313,0.1299999999999999,4.93,2026-03-10 13:29:00,False,,True,2026-03-10 13:02:00,4.49,4.166512744173251,4.641065537801999,4.566294950069479,0.07528038282632199,0.023329216079925802,0.05195116674639619
PLYX,2026-03-10,2026-03-10 13:35:00,True,clean_breakout,previous_high_break_with_pullback_low_support_or_previous_resistance,4.98,5.36,4.93,5.35,90285.0,16905.6,5.340538046564452,0.8604651162790667,0.02325581395348991,0.11627906976744334,0.9767441860465101,2026-03-10 13:33:00,4.93,4.92,12605.0,10260.6,0.09999999999999823,2026-03-10 13:34:00,4.91,4.98,0.24999999999999445,0.004056795131845756,0.08519269776876266,2.0,38.13084112149533,2.04,7.39,2026-03-10 14:08:00,28.785046728971963,1.54,6.89,2026-03-10 13:58:00,True,11.0,False,,,4.4814393673233,4.962613133375025,4.848739759511964,0.11003063484671305,0.03996435427551337,0.07006628057119968
PLYX,2026-03-10,2026-03-10 13:58:00,True,clean_breakout,previous_high_break_with_pullback_low_support_or_previous_resistance,6.47,6.89,6.37,6.82,515033.0,251213.25,2.0501824644997826,0.6730769230769247,0.13461538461538355,0.1923076923076918,0.8653846153846164,2026-03-10 13:55:00,6.48,6.32,267760.0,212027.1,0.6153846153846143,2026-03-10 13:56:00,6.21,6.42,0.5769230769230788,0.041666666666666734,0.05246913580246911,3.0,8.357771260997058,0.5699999999999994,7.39,2026-03-10 14:08:00,8.357771260997058,0.5699999999999994,7.39,2026-03-10 14:08:00,False,,False,,,5.748149984870175,6.340173734799153,6.004090158615942,0.3754835850182321,0.045451082335770665,0.3300325026824614
PSNL,2024-07-19,2024-07-19 12:10:00,True,clean_breakout,previous_high_break_with_pullback_low_support_or_previous_resistance,2.97,3.03,2.96,3.01,54195.0,11089.4,4.8870993922123835,0.5714285714285668,0.28571428571428664,0.14285714285714649,0.7142857142857134,2024-07-19 11:50:00,3.0,2.9534,67633.0,14072.8,0.21244635193133,2024-07-19 11:53:00,2.91,2.92,0.4999999999999889,0.029999999999999954,0.0033333333333332624,20.0,50.16611295681063,1.5099999999999998,4.52,2024-07-19 13:56:00,8.305647840531561,0.25,3.26,2024-07-19 12:40:00,False,,False,,,2.801309786234469,2.966964681073656,2.9549310719570445,0.01545418210511329,-0.0001450852256200605,0.01559926733073335
PSNL,2024-07-19,2024-07-19 12:43:00,True,clean_breakout,previous_high_break_with_pullback_low_support_or_previous_resistance,3.2202,3.3099,3.2202,3.3099,49532.0,31174.05,1.5888856276293906,1.0,0.0,0.0,1.0,2024-07-19 12:41:00,3.2799,3.27,44457.0,27747.8,0.19839679358717452,2024-07-19 12:42:00,3.22,3.23,0.19999999999999646,0.018262751913168035,0.0091466203237903,2.0,36.56001691894014,1.2100999999999997,4.52,2024-07-19 13:56:00,7.5198646484788165,0.24890000000000034,3.5588,2024-07-19 13:13:00,False,,False,,,2.945398090380134,3.2249010260084914,3.176070260529701,0.053290346239627695,0.011567760043664888,0.04172258619596281
PSNL,2024-07-19,2024-07-19 12:49:00,True,clean_breakout,previous_high_break_with_pullback_low_support_or_previous_resistance,3.2513,3.316,3.25,3.315,40466.0,35122.85,1.1521274611826775,0.9651515151515155,0.01515151515151352,0.01969696969697094,0.9848484848484865,2024-07-19 12:44:00,3.31,3.3,64596.0,33584.2,0.2712328767123278,2024-07-19 12:46:00,3.24,3.2699,0.9966666666666596,0.021148036253776387,0.001510574018126856,5.0,36.34992458521869,1.2049999999999996,4.52,2024-07-19 13:56:00,11.309200603318258,0.37490000000000023,3.6899,2024-07-19 13:18:00,True,26.0,False,,,2.9704172399347457,3.264631014561971,3.2220252909901257,0.051978682901821394,0.0006158964971146874,0.051362786404706706
PSNL,2024-07-19,2024-07-19 12:50:00,True,clean_breakout,previous_high_break_with_pullback_low_support_or_previous_resistance,3.32,3.4,3.3,3.37,94075.0,37627.95,2.5001362019456286,0.5000000000000022,0.29999999999999777,0.2,0.7000000000000022,2024-07-19 12:44:00,3.31,3.3,64596.0,33584.2,0.2712328767123278,2024-07-19 12:46:00,3.24,3.2699,0.9966666666666596,0.021148036253776387,0.018126888217522674,6.0,34.12462908011868,1.1499999999999995,4.52,2024-07-19 13:56:00,9.492581602373889,0.3199000000000001,3.6899,2024-07-19 13:18:00,False,,False,,,2.9835729600949636,3.285704811649577,3.2361181204196376,0.057474730950947794,0.004127180158162602,0.05334755079278519
PSNL,2024-07-19,2024-07-19 13:13:00,True,clean_breakout,previous_high_break_with_pullback_low_support_or_previous_resistance,3.4588,3.5588,3.4588,3.5588,82805.0,48824.9,1.6959584146613715,1.0,0.0,0.0,1.0,2024-07-19 13:09:00,3.52,3.4908,63790.0,52740.85,0.3649999999999983,2024-07-19 13:12:00,3.45,3.455,0.24999999999999445,0.01988636363636359,0.011022727272727321,4.0,27.009104192424395,0.9611999999999994,4.52,2024-07-19 13:56:00,13.802405305159033,0.49119999999999964,4.05,2024-07-19 13:42:00,True,26.0,False,,,3.10960856288776,3.4667947631033176,3.4123827424607027,0.06198664373053653,0.010055021205638719,0.05193162252489781
PSNL,2024-07-19,2024-07-19 13:51:00,True,clean_breakout,previous_high_break_with_pullback_low_support_or_previous_resistance,4.1188,4.22,4.0999,4.215,303817.0,178554.7,1.7015345997613056,0.8009991673605306,0.04163197335553621,0.15736885928393324,0.9583680266444637,2024-07-19 13:49:00,4.19,4.14,213693.0,169152.25,0.17166666666666483,2024-07-19 13:50:00,4.03,4.12,0.7499999999999981,0.03818615751789979,0.00596658711217171,2.0,7.236061684460254,0.3049999999999997,4.52,2024-07-19 13:56:00,7.236061684460254,0.3049999999999997,4.52,2024-07-19 13:56:00,False,,True,2024-07-19 13:58:00,3.7609,3.552317753961268,4.091966168603543,3.9677271441215276,0.1397286974918579,0.0184404818026572,0.1212882156892007
PSTV,2025-03-20,2025-03-20 10:04:00,True,clean_breakout,previous_high_break_with_pullback_low_support_or_previous_resistance,16.845,17.9725,16.7525,17.95,34654.6,15142.475999999999,2.288568923602719,0.905737704918034,0.018442622950820386,0.07581967213114563,0.9815573770491796,2025-03-20 09:59:00,16.93,16.415,28992.16,10274.376,0.3495145631067952,2025-03-20 10:03:00,16.0725,16.9125,0.11889596602972162,0.05064973419964549,0.06024808033077375,5.0,189.69359331476323,34.05,52.0,2025-03-20 15:00:00,21.169916434540394,3.8000000000000007,21.75,2025-03-20 10:34:00,True,17.0,False,,,15.34285729911393,16.619112153821376,16.057236457446287,0.5806762145457629,0.16218536331010824,0.41849085123565466
PSTV,2025-03-20,2025-03-20 10:07:00,True,clean_breakout,previous_high_break_with_pullback_low_support_or_previous_resistance,17.4375,18.5675,17.4375,18.3,70036.84,19368.338,3.616048005771068,0.7632743362831872,0.23672566371681286,0.0,0.7632743362831872,2025-03-20 10:04:00,17.9725,17.95,34654.6,15142.475999999999,0.018442622950820386,2025-03-20 10:06:00,17.19,17.5,0.561085972850678,0.04353873974127132,0.018222284045068888,3.0,184.15300546448088,33.7,52.0,2025-03-20 15:00:00,19.726775956284147,3.6099999999999994,21.91,2025-03-20 10:35:00,True,14.0,True,2025-03-20 10:12:00,17.08,15.64556881942726,17.237145422756548,16.524784025658576,0.7365263562217201,0.19185526314823986,0.5446710930734803
PSTV,2025-03-20,2025-03-20 10:40:00,True,clean_breakout,previous_high_break_with_pullback_low_support_or_previous_resistance,20.5275,23.25,20.5275,22.4475,84002.64,44959.202,1.8684192837764337,0.7052341597796149,0.2947658402203851,0.0,0.7052341597796149,2025-03-20 10:35:00,21.91,21.79,39557.6,44208.182,0.2926829268292706,2025-03-20 10:39:00,20.4325,20.545,0.24590163934426407,0.06743496120492921,0.024532177088087696,5.0,131.651631584809,29.5525,52.0,2025-03-20 15:00:00,3.5750083528232475,0.8024999999999984,23.25,2025-03-20 10:43:00,False,,True,2025-03-20 10:45:00,20.2775,17.913847436829073,21.14220454407039,20.423590937649927,0.8943110242973731,-0.010865233568138288,0.9051762578655114
PSTV,2025-03-20,2025-03-20 11:45:00,True,clean_breakout,previous_high_break_with_pullback_low_support_or_previous_resistance,27.5,28.75,27.0,28.23,57957.08,58229.367999999995,0.9953238716243668,0.41714285714285737,0.2971428571428569,0.2857142857142857,0.7028571428571431,2025-03-20 11:43:00,28.0,26.9975,53911.6,59306.945999999996,0.5,2025-03-20 11:44:00,26.75,27.4725,0.3133333333333326,0.044642857142857144,0.00821428571428573,2.0,84.20120439249025,23.77,52.0,2025-03-20 15:00:00,10.69783917817924,3.0199999999999996,31.25,2025-03-20 11:54:00,True,9.0,False,,,20.618493541829526,26.84566867154922,25.680571875091342,1.3639184341730584,0.10211265554613047,1.2618057786269279
PSTV,2025-03-20,2025-03-20 11:49:00,True,clean_breakout,previous_high_break_with_pullback_low_support_or_previous_resistance,27.9875,29.25,27.75,29.02,89508.04,49082.92199999999,1.823608627049547,0.6883333333333326,0.15333333333333363,0.1583333333333338,0.8466666666666663,2025-03-20 11:45:00,28.75,28.23,57957.08,58229.367999999995,0.2971428571428569,2025-03-20 11:47:00,26.75,27.375,0.5,0.06956521739130435,0.009391304347826071,4.0,79.1867677463818,22.98,52.0,2025-03-20 15:00:00,7.684355616815991,2.2300000000000004,31.25,2025-03-20 11:54:00,False,,True,2025-03-20 12:04:00,26.5,20.872123282256506,27.61048188786657,26.471909453025123,1.3714961527372758,0.07457300896701691,1.2969231437702589
PSTV,2025-03-20,2025-03-20 14:25:00,True,clean_breakout,previous_high_break_with_pullback_low_support_or_previous_resistance,43.625,45.5,43.25,44.875,75024.52,40012.770000000004,1.8750144016522725,0.5555555555555556,0.2777777777777778,0.16666666666666666,0.7222222222222222,2025-03-20 14:21:00,43.75,43.375,48751.84,43116.02,0.25041736227045036,2025-03-20 14:22:00,42.25,43.25,0.8,0.03428571428571429,0.025714285714285714,4.0,15.87743732590529,7.125,52.0,2025-03-20 15:00:00,15.32033426183844,6.875,51.75,2025-03-20 14:52:00,True,25.0,False,,,27.568424909078157,42.864672165303766,41.35401548671063,1.6303580936523545,0.3265241193337438,1.3038339743186107
AMPG,2026-05-21,2026-05-21 13:16:00,True,clean_breakout,previous_high_break_with_pullback_low_support_or_previous_resistance,4.999,5.13,4.995,5.125,229233.0,40349.0,5.68125604104191,0.9333333333333372,0.037037037037036306,0.029629629629626415,0.9629629629629637,2026-05-21 13:10:00,5.01,4.9974,353202.0,25341.85,0.5040000000000086,2026-05-21 13:15:00,4.99,5.0,0.0,0.003992015968063787,0.02295409181636731,6.0,7.317073170731707,0.375,5.5,2026-05-21 14:19:00,3.4146341463414602,0.17499999999999982,5.3,2026-05-21 13:46:00,False,,False,,,4.829898648515198,5.014450348419683,4.985894234027623,0.02604750218410956,0.011485199506714611,0.01456230267739495
RZLV,2024-12-17,2024-12-17 11:15:00,True,clean_breakout,previous_high_break_with_pullback_low_support_or_previous_resistance,2.82,2.94,2.82,2.9299,283173.0,131623.7,2.1513830715896907,0.9158333333333334,0.08416666666666657,0.0,0.9158333333333334,2024-12-17 11:12:00,2.89,2.879,226516.0,94065.95,0.18363939899833168,2024-12-17 11:13:00,2.77,2.869,0.9900000000000011,0.041522491349481,0.013806228373702361,3.0,36.52343083381685,1.0701,4.0,2024-12-17 13:17:00,4.7441892214751435,0.13900000000000023,3.0689,2024-12-17 11:22:00,False,,True,2024-12-17 11:28:00,2.73,2.530948089988276,2.812545939068267,2.7425956031272287,0.0653519967095022,0.029175490694298978,0.036176506015203225
ROLR,2026-01-14,2026-01-14 13:29:00,True,clean_breakout,previous_high_break_with_pullback_low_support_or_previous_resistance,25.24,27.15,24.95,26.98,192891.0,122365.2,1.5763550421198185,0.7909090909090921,0.07727272727272645,0.13181818181818147,0.9227272727272735,2026-01-14 13:22:00,26.41,26.41,12285.0,108602.45,0.0,2026-01-14 13:27:00,24.11,25.54,0.7044334975369453,0.08708822415751612,0.021582733812949652,7.0,24.833209785025943,6.699999999999999,33.68,2026-01-14 13:39:00,24.833209785025943,6.699999999999999,33.68,2026-01-14 13:39:00,True,6.0,False,,,16.11287161054043,25.14163695762173,24.108053649903308,0.9674332490224096,0.4677413910050824,0.4996918580173272
LAES,2024-12-26,2024-12-26 10:08:00,True,clean_breakout,previous_high_break_with_pullback_low_support_or_previous_resistance,6.875,7.15,6.81,7.1047,1620692.0,806241.75,2.0101811894509307,0.6755882352941168,0.13323529411764712,0.19117647058823603,0.8667647058823529,2024-12-26 10:02:00,6.88,6.7702,2244688.0,809581.6,0.23890339425587445,2024-12-26 10:03:00,6.48,6.5899,0.35463052597612044,0.05813953488372085,0.03265988372093028,6.0,31.18076766084423,2.2153,9.32,2024-12-26 14:03:00,8.378960406491476,0.5952999999999999,7.7,2024-12-26 10:10:00,False,,False,,,6.0811333696704395,6.763512172057805,6.510547361857532,0.28995252242709046,0.033384230260657954,0.2565682921664325
LAES,2024-12-26,2024-12-26 11:01:00,True,clean_breakout,previous_high_break_with_pullback_low_support_or_previous_resistance,7.8699,8.08,7.82,8.0399,958391.0,649813.95,1.4748698454380673,0.6538461538461507,0.154230769230772,0.1919230769230773,0.8457692307692279,2024-12-26 10:59:00,8.0,7.9799,1091773.0,572066.5,0.15461538461538651,2024-12-26 11:00:00,7.85,7.85,0.0,0.018750000000000044,0.0049874999999999226,2.0,15.92183982387842,1.280100000000001,9.32,2024-12-26 14:03:00,8.707819749001864,0.7001000000000008,8.74,2024-12-26 11:13:00,False,,False,,,6.731889887835715,7.796035394560402,7.5770841732952485,0.21967183784971756,0.07378647139321676,0.1458853664565008
LAES,2024-12-26,2024-12-26 11:09:00,True,clean_breakout,previous_high_break_with_pullback_low_support_or_previous_resistance,8.1,8.39,8.1,8.375,1627916.0,932087.65,1.746526734905242,0.9482758620689637,0.05172413793103628,0.0,0.9482758620689637,2024-12-26 11:07:00,8.2,8.0823,529197.0,842987.8,0.12499999999999074,2024-12-26 11:08:00,8.05,8.1,0.48638132295719544,0.018292682926829097,0.021341463414634235,2.0,11.283582089552242,0.9450000000000003,9.32,2024-12-26 14:03:00,4.3582089552238825,0.3650000000000002,8.74,2024-12-26 11:13:00,False,,True,2024-12-26 11:24:00,7.92,6.8683015595775725,8.111766247981851,7.897164463727025,0.24825994504472249,0.009849958889953575,0.2384099861547689
LAES,2024-12-26,2024-12-26 14:01:00,True,clean_breakout,previous_high_break_with_pullback_low_support_or_previous_resistance,9.13,9.27,9.12,9.21,684426.0,327574.1,2.0893776400515183,0.5333333333333325,0.39999999999999053,0.06666666666667694,0.6000000000000095,2024-12-26 13:59:00,9.19,9.1301,371331.0,301696.45,0.4991666666666612,2024-12-26 14:00:00,9.08,9.13,0.7142857142857215,0.011969532100108753,0.002176278563656295,2.0,1.1943539630835986,0.10999999999999943,9.32,2024-12-26 14:03:00,1.1943539630835986,0.10999999999999943,9.32,2024-12-26 14:03:00,False,,True,2024-12-26 14:05:00,9.03,7.54802944472595,9.099030630130045,9.00197753159436,0.10446675379990467,0.015187495520476726,0.08927925827942794
NAMM,2026-01-22,2026-01-22 10:46:00,True,clean_breakout,previous_high_break_with_pullback_low_support_or_previous_resistance,3.57,3.86,3.56,3.83,1607349.0,859574.2,1.8699363010197376,0.8666666666666679,0.09999999999999941,0.033333333333332646,0.9000000000000006,2026-01-22 10:44:00,3.72,3.585,1276437.0,744480.5,0.8437500000000007,2026-01-22 10:45:00,3.51,3.575,0.38257798705120855,0.056451612903225916,0.029569892473118243,2.0,36.29242819843341,1.3899999999999997,5.22,2026-01-22 12:33:00,12.271540469973884,0.46999999999999975,4.3,2026-01-22 10:48:00,True,2.0,False,,,2.8527069723625607,3.507652113428941,3.2561612466161916,0.27151201032650407,0.044834126112667655,0.22667788421383642
DUO,2024-09-30,2024-09-30 10:45:00,True,clean_breakout,previous_high_break_with_pullback_low_support_or_previous_resistance,43.84,47.36,43.68,46.72,136007.9375,77167.434375,1.7625043336164434,0.7826086956521727,0.17391304347826103,0.04347826086956622,0.8260869565217389,2024-09-30 10:39:00,44.96,44.32,126037.125,83282.821875,0.21052631578947392,2024-09-30 10:41:00,40.8,41.12,0.39999999999999825,0.09252669039145915,0.039145907473309566,6.0,33.21917808219179,15.520000000000003,62.24,2024-09-30 19:09:00,22.945205479452053,10.719999999999999,57.44,2024-09-30 10:50:00,True,3.0,False,,,35.118817938697234,42.99110360385368,40.64936381414721,2.5776167598145463,0.49075365407800264,2.0868631057365437
DUO,2024-09-30,2024-09-30 14:05:00,True,clean_breakout,previous_high_break_with_pullback_low_support_or_previous_resistance,48.96,50.72,48.8,50.72,35117.375,20359.96875,1.7248246021988614,0.9166666666666649,0.0,0.08333333333333519,1.0,2024-09-30 14:03:00,50.24,49.28,51772.6875,17849.215625,0.5,2024-09-30 14:04:00,48.8,48.96,0.20000000000000356,0.0286624203821657,0.009554140127388472,2.0,22.712933753943222,11.520000000000003,62.24,2024-09-30 19:09:00,3.154574132492116,1.6000000000000014,52.32,2024-09-30 14:09:00,False,,True,2024-09-30 14:16:00,46.72,42.287476774680265,48.829453637545235,47.9427976403014,0.8591864955745123,0.30361054084768535,0.555575954726827
NUAI,2025-10-09,2025-10-09 09:50:00,True,clean_breakout,previous_high_break_with_pullback_low_support_or_previous_resistance,1.6131,1.65,1.6131,1.6489,126730.0,37495.9,3.379836195424033,0.9701897018970222,0.029810298102977802,0.0,0.9701897018970222,2025-10-09 09:48:00,1.61,1.61,19673.0,34145.0,0.0,2025-10-09 09:49:00,1.61,1.62,0.0,0.0,0.024161490683229772,2.0,92.85584328946571,1.5311000000000001,3.18,2025-10-09 14:05:00,15.228334040875726,0.2510999999999999,1.9,2025-10-09 10:19:00,True,18.0,False,,,1.5952306938730105,1.6080615402329228,1.596659922542008,0.011165808288657875,0.0032780831441051803,0.007887725144552694
NUAI,2025-10-09,2025-10-09 10:54:00,True,clean_breakout,previous_high_break_with_pullback_low_support_or_previous_resistance,2.0112,2.09,2.0,2.075,982057.0,234087.7,4.195252463072601,0.7088888888888909,0.16666666666666338,0.12444444444444573,0.8333333333333366,2025-10-09 10:52:00,1.99,1.985,131012.0,179144.45,0.06500000000000389,2025-10-09 10:53:00,1.98,2.01,0.0,0.005025125628140708,0.042713567839196075,2.0,53.25301204819276,1.105,3.18,2025-10-09 14:05:00,1.2048192771084292,0.02499999999999991,2.1,2025-10-09 10:55:00,False,,True,2025-10-09 11:02:00,1.97,1.8435062047509296,1.9901361262514328,1.950710261012561,0.041981605093240004,0.009159833738788176,0.03282177135445183
NUAI,2025-10-09,2025-10-09 11:55:00,True,clean_breakout,previous_high_break_with_pullback_low_support_or_previous_resistance,2.18,2.25,2.18,2.2399,526648.0,237493.25,2.21752828764607,0.8557142857142854,0.14428571428571457,0.0,0.8557142857142854,2025-10-09 11:51:00,2.2,2.1892,295103.0,211890.1,0.16666666666667654,2025-10-09 11:54:00,2.17,2.185,0.17500000000001387,0.013636363636363748,0.018136363636363555,4.0,41.97062368855754,0.9401000000000002,3.18,2025-10-09 14:05:00,10.272780034822992,0.2301000000000002,2.47,2025-10-09 12:24:00,True,29.0,False,,,1.9486992719100664,2.1864133608600693,2.1482521644888495,0.04449277076717184,0.0020472342432234086,0.04244553652394843
NUAI,2025-10-09,2025-10-09 12:02:00,True,clean_breakout,previous_high_break_with_pullback_low_support_or_previous_resistance,2.2812,2.34,2.27,2.3285,557569.0,336500.8,1.6569618853803616,0.6757142857142858,0.16428571428571243,0.16000000000000178,0.8357142857142875,2025-10-09 11:59:00,2.3,2.2801,655992.0,306061.15,0.6633333333333312,2025-10-09 12:01:00,2.25,2.29,0.22999999999999668,0.021739130434782532,0.012391304347826171,3.0,36.5686063989693,0.8515000000000001,3.18,2025-10-09 14:05:00,14.236633025552937,0.33150000000000013,2.66,2025-10-09 12:28:00,True,26.0,True,2025-10-09 12:14:00,2.22,1.9825548984051338,2.2612917376554424,2.2117540518289056,0.05610398785682147,0.007282467742844488,0.04882152011397698
NUAI,2025-10-09,2025-10-09 12:08:00,True,clean_breakout,previous_high_break_with_pullback_low_support_or_previous_resistance,2.2801,2.355,2.28,2.35,487061.0,338007.4,1.4409773277153102,0.9319999999999987,0.06666666666666508,0.001333333333336144,0.9333333333333349,2025-10-09 12:02:00,2.34,2.3285,557569.0,336500.8,0.16428571428571243,2025-10-09 12:05:00,2.26,2.2989,0.5500000000000056,0.03418803418803422,0.004273504273504373,6.0,35.319148936170215,0.8300000000000001,3.18,2025-10-09 14:05:00,13.19148936170213,0.31000000000000005,2.66,2025-10-09 12:28:00,True,20.0,True,2025-10-09 12:14:00,2.22,2.0023446182937055,2.294956758875949,2.2530218946780924,0.051885583330408824,-0.00048540614062390214,0.052370989471032726
CNCK,2025-12-01,2025-12-01 11:50:00,True,clean_breakout,previous_high_break_with_pullback_low_support_or_previous_resistance,3.84,3.99,3.83,3.99,200.0,816.8,0.2448579823702253,0.9375000000000013,0.0,0.06249999999999861,1.0,2025-12-01 11:46:00,3.91,3.81,2598.0,1280.45,0.7000000000000022,2025-12-01 11:49:00,3.89,3.9,0.09090909090908908,0.005115089514066501,0.020460358056266004,4.0,133.33333333333331,5.32,9.31,2025-12-01 15:41:00,23.30827067669172,0.9299999999999997,4.92,2025-12-01 12:03:00,True,11.0,True,2025-12-01 11:58:00,3.79,3.6084697736011626,3.8371058921934327,3.776375864391629,0.06706436439095587,0.016914831000319173,0.05014953339063669
CNCK,2025-12-01,2025-12-01 15:41:00,True,clean_breakout,previous_high_break_with_pullback_low_support_or_previous_resistance,8.5,9.31,8.5,9.21,256230.0,165719.2,1.5461696653133734,0.8765432098765438,0.12345679012345627,0.0,0.8765432098765438,2025-12-01 15:36:00,8.95,8.47,267929.0,147728.1,0.3088235294117635,2025-12-01 15:40:00,8.4,8.52,0.3749999999999972,0.061452513966480334,0.029050279329609116,5.0,1.0857763300760004,0.09999999999999964,9.31,2025-12-01 15:42:00,1.0857763300760004,0.09999999999999964,9.31,2025-12-01 15:42:00,False,,True,2025-12-01 15:47:00,8.28,7.07671067393961,8.64488753292386,8.334211397110458,0.3450975111261467,0.026340673339633802,0.3187568377865129
RXT,2026-02-26,2026-02-26 14:42:00,True,clean_breakout,previous_high_break_with_pullback_low_support_or_previous_resistance,2.2537,2.36,2.24,2.355,1565718.0,592359.55,2.643188583690429,0.8441666666666704,0.041666666666665894,0.11416666666666367,0.9583333333333341,2026-02-26 14:38:00,2.29,2.2533,622027.0,585474.35,0.7196078431372561,2026-02-26 14:40:00,2.2301,2.2555,0.6649214659685866,0.026157205240174602,0.02838427947598251,4.0,12.526539278131633,0.29499999999999993,2.65,2026-02-26 16:21:00,1.9108280254777041,0.04499999999999993,2.4,2026-02-26 14:43:00,False,,True,2026-02-26 14:59:00,2.15,1.81656568506541,2.262620400865745,2.211785494108931,0.06200592422833706,0.002016862114069394,0.05998906211426767
QMCO,2024-12-26,2024-12-26 09:49:00,True,clean_breakout,previous_high_break_with_pullback_low_support_or_previous_resistance,48.0,49.37,47.94,49.17,28675.0,9140.25,3.137222723667296,0.8181818181818196,0.1398601398601369,0.041958041958043556,0.8601398601398631,2024-12-26 09:46:00,48.5,48.23,18025.0,7112.0,0.40909090909091594,2024-12-26 09:48:00,47.81,48.2,0.8974358974358816,0.014226804123711294,0.013814432989690756,3.0,61.663616026032116,30.319999999999993,79.49,2024-12-26 19:30:00,8.704494610534882,4.280000000000001,53.45,2024-12-26 09:58:00,False,,False,,,46.74396086649204,47.87145324427343,46.85826868524047,1.0678872879578165,0.19855053826895197,0.8693367496888645
QMCO,2024-12-26,2024-12-26 09:56:00,True,clean_breakout,previous_high_break_with_pullback_low_support_or_previous_resistance,49.04,50.88,48.97,50.88,35929.0,13000.6,2.7636416780763966,0.963350785340314,0.0,0.036649214659685944,1.0,2024-12-26 09:50:00,49.49,49.01,23302.0,9625.3,0.38095238095237977,2024-12-26 09:55:00,48.17,49.3,0.3008849557522103,0.026672054960598105,0.028086482117599527,6.0,56.23034591194966,28.609999999999992,79.49,2024-12-26 19:30:00,5.051100628930818,2.5700000000000003,53.45,2024-12-26 09:58:00,False,,False,,,47.69759468133307,49.136015999413466,48.106811630159136,1.1702252096232613,0.08725151900197448,1.0829736906212868
QMCO,2024-12-26,2024-12-26 12:37:00,True,clean_breakout,previous_high_break_with_pullback_low_support_or_previous_resistance,59.78,62.7,59.78,62.56,65992.0,10628.9,6.2087327945507065,0.9520547945205478,0.04794520547945222,0.0,0.9520547945205478,2024-12-26 12:34:00,59.9,59.51,9718.0,8142.5,0.12820512820512073,2024-12-26 12:35:00,58.86,59.3,0.555555555555552,0.017362270450751238,0.044407345575959996,3.0,27.062020460358045,16.929999999999993,79.49,2024-12-26 19:30:00,7.832480818414308,4.8999999999999915,67.46,2024-12-26 12:43:00,False,,False,,,53.5325963301368,59.88677979734848,59.02438034873874,0.826339608289345,0.2900698873304135,0.5362697209589316
QMCO,2024-12-26,2024-12-26 15:51:00,True,clean_breakout,previous_high_break_with_pullback_low_support_or_previous_resistance,69.65,70.58,69.49,70.58,30108.0,12731.5,2.3648431056827555,0.8532110091743025,0.0,0.14678899082569752,1.0,2024-12-26 15:49:00,69.7,69.69,8779.0,11719.95,0.028571428571442493,2024-12-26 15:50:00,69.35,69.67,0.5333333333333381,0.0050215208034434505,0.012625538020086018,2.0,12.62397279682629,8.909999999999997,79.49,2024-12-26 19:30:00,1.9127231510342995,1.3500000000000085,71.93,2024-12-26 15:53:00,False,,True,2024-12-26 15:56:00,69.3,59.03516649213518,69.34378438698077,68.49604380445604,1.029956488754948,0.05637234122653789,0.97358414752841
INDO,2024-08-12,2024-08-12 11:11:00,True,clean_breakout,previous_high_break_with_pullback_low_support_or_previous_resistance,3.591,3.73,3.591,3.6799,394391.0,39294.7,10.036747958376067,0.6395683453237402,0.36043165467625976,0.0,0.6395683453237402,2024-08-12 11:09:00,3.61,3.59,14157.0,20546.05,0.014999999999987232,2024-08-12 11:10:00,3.59,3.5988,0.10000000000003109,0.005540166204986155,0.019362880886426615,2.0,32.8840457621131,1.2100999999999997,4.89,2024-08-12 14:39:00,14.677029267099645,0.5400999999999998,4.22,2024-08-12 11:39:00,True,24.0,False,,,3.48854374031762,3.5938759874842185,3.558194086121736,0.03918445283545058,0.005619508690877517,0.03356494414457306
GME,2024-06-06,2024-06-06 12:13:00,True,clean_breakout,previous_high_break_with_pullback_low_support_or_previous_resistance,33.87,34.22,33.81,34.2,415009.0,117554.4,3.5303570091804306,0.8048780487805077,0.04878048780486875,0.1463414634146236,0.9512195121951312,2024-06-06 12:11:00,33.96,33.78,121617.0,96866.4,0.6153846153846343,2024-06-06 12:12:00,33.61,33.84,0.6800000000000068,0.010306242638398157,0.007067137809187337,2.0,97.36842105263156,33.3,67.5,2024-06-06 19:42:00,3.011695906432731,1.029999999999994,35.23,2024-06-06 12:41:00,False,,True,2024-06-06 12:26:00,33.51,32.94120861364268,33.83547791347825,33.67314672320145,0.1643908037388755,0.043587191304765655,0.12080361243410984
GME,2024-06-06,2024-06-06 13:36:00,True,clean_breakout,previous_high_break_with_pullback_low_support_or_previous_resistance,39.88,41.64,39.84,41.64,1526294.0,656942.55,2.323329490531554,0.9777777777777782,0.0,0.022222222222221782,1.0,2024-06-06 13:34:00,39.74,39.7,650353.0,570448.15,0.07692307692307482,2024-06-06 13:35:00,39.46,39.93,0.5000000000000074,0.007045797684952218,0.04781077000503267,2.0,62.10374639769453,25.86,67.5,2024-06-06 19:42:00,6.652257444764639,2.769999999999996,44.41,2024-06-06 13:44:00,False,,True,2024-06-06 13:57:00,39.03,34.95590413771734,39.6498750702514,38.71864136182832,0.9800064245256266,0.23703735216733746,0.7429690723582891
NEON,2024-08-21,2024-08-21 13:27:00,True,clean_breakout,previous_high_break_with_pullback_low_support_or_previous_resistance,4.7902,5.24,4.7902,5.24,100049.0,8447.75,11.843271877127046,1.0,0.0,0.0,1.0,2024-08-21 13:25:00,4.77,4.7593,10501.0,3485.5,0.1528571428571432,2024-08-21 13:26:00,4.76,4.799,0.7500000000000056,0.002096436058700165,0.09853249475891,2.0,2.2900763358778646,0.1200000000000001,5.36,2024-08-21 13:30:00,2.2900763358778646,0.1200000000000001,5.36,2024-08-21 13:30:00,False,,True,2024-08-21 13:51:00,4.68,4.486465814792175,4.8300291527952215,4.737967603407918,0.08205872697957073,0.03891229660699906,0.04314643037257167
LIDR,2024-05-21,2024-05-21 10:03:00,True,clean_breakout,previous_high_break_with_pullback_low_support_or_previous_resistance,2.77,2.82,2.76,2.82,23603.0,13452.05,1.754602458361365,0.8333333333333296,0.0,0.16666666666667038,1.0,2024-05-21 10:01:00,2.7812,2.775,6608.0,11899.5,0.2924528301886844,2024-05-21 10:02:00,2.75,2.78,0.9900000000000084,0.011218179203221672,0.013950812598878082,2.0,101.77304964539009,2.8700000000000006,5.69,2024-05-21 16:17:00,23.049645390070935,0.6500000000000004,3.47,2024-05-21 10:28:00,True,20.0,False,,,2.6629092697886705,2.750337067000047,2.694228803394698,0.06532743894036219,0.0031016908360416012,0.06222574810432059
MYSE,2025-01-07,2025-01-07 12:43:00,True,clean_breakout,previous_high_break_with_pullback_low_support_or_previous_resistance,3.81,4.1,3.74,4.084,1542770.0,467662.2,3.2988982218361884,0.7611111111111112,0.04444444444444456,0.1944444444444443,0.9555555555555555,2025-01-07 12:41:00,3.9799,3.8797,1123300.0,371139.6,0.5897586815773983,2025-01-07 12:42:00,3.78,3.82,0.30769230769230715,0.05022739264805658,0.026156436091358932,2.0,131.63565132223314,5.376000000000001,9.46,2025-01-07 16:02:00,7.002938295788455,0.2860000000000005,4.37,2025-01-07 13:13:00,False,,True,2025-01-07 12:52:00,3.77,3.2289013250446033,3.787699932377195,3.654779194220075,0.1277887679515275,0.047727155795069434,0.08006161215645806
VELO,2026-04-21,2026-04-21 10:13:00,True,clean_breakout,previous_high_break_with_pullback_low_support_or_previous_resistance,14.12,14.3,14.08,14.3,72296.0,56058.05,1.2896631259917175,0.8181818181818226,0.0,0.1818181818181774,1.0,2026-04-21 10:05:00,14.2,14.14,53340.0,48389.95,0.2608695652173873,2026-04-21 10:08:00,13.82,14.05,0.6521739130434786,0.02676056338028162,0.007042253521126861,8.0,12.587412587412592,1.8000000000000007,16.1,2026-04-21 11:22:00,6.5034965034965015,0.9299999999999997,15.23,2026-04-21 10:36:00,False,,False,,,13.515836146386594,14.081839284603888,13.898283119203649,0.2394078098151482,-0.0124947555083198,0.251902565323468
CNTN,2025-08-20,2025-08-20 14:59:00,True,clean_breakout,previous_high_break_with_pullback_low_support_or_previous_resistance,2.965,3.19,2.93,3.14,1997022.0,568179.15,3.5147752253844584,0.6730769230769247,0.1923076923076918,0.13461538461538355,0.8076923076923083,2025-08-20 14:55:00,3.0699,2.8589,1026567.0,439810.6,0.6808647950951909,2025-08-20 14:58:00,2.83,2.968,0.6428571428571412,0.07814586794358122,0.022834620020196112,4.0,91.0828025477707,2.86,6.0,2025-08-20 17:39:00,28.977707006369425,0.9098999999999999,4.0499,2025-08-20 15:25:00,True,8.0,False,,,2.2579093421103558,2.8910501416435315,2.7784702321556187,0.10646380451493487,0.045954136170221344,0.060509668344713524
CNTN,2025-08-20,2025-08-20 15:23:00,True,clean_breakout,previous_high_break_with_pullback_low_support_or_previous_resistance,3.635,3.84,3.58,3.81,1306539.0,1033789.7,1.2638344142914173,0.6730769230769247,0.11538461538461472,0.21153846153846062,0.8846153846153852,2025-08-20 15:20:00,3.7399,3.5749,775403.0,987824.75,0.5157861831822445,2025-08-20 15:21:00,3.51,3.63,0.5000000000000016,0.061472231877857754,0.018743816679590377,3.0,57.48031496062992,2.19,6.0,2025-08-20 17:39:00,6.296587926509186,0.2399,4.0499,2025-08-20 15:25:00,False,,True,2025-08-20 15:27:00,3.4708,2.3538903007312184,3.569129799720962,3.4161899793178683,0.17963985290846507,0.017087136040612017,0.16255271686785305
IMRX,2024-09-16,2024-09-16 10:50:00,True,clean_breakout,previous_high_break_with_pullback_low_support_or_previous_resistance,2.0808,2.11,2.0801,2.0994,52211.0,32614.0,1.6008769240203593,0.6220735785953226,0.3545150501672143,0.02341137123746301,0.6454849498327857,2024-09-16 10:48:00,2.09,2.08,32160.0,30277.85,0.3999999999999929,2024-09-16 10:49:00,2.08,2.085,0.1538461538461407,0.004784688995215209,0.004497607655502535,2.0,82.43307611698579,1.7306,3.83,2024-09-16 15:18:00,5.744498428122323,0.12060000000000004,2.22,2024-09-16 11:08:00,False,,False,,,1.9866556097027102,2.078790643733391,2.0564944511815777,0.026549982496425262,-0.0006064795952974746,0.027156462091722736
IMRX,2024-09-16,2024-09-16 11:06:00,True,clean_breakout,previous_high_break_with_pullback_low_support_or_previous_resistance,2.135,2.18,2.135,2.178,111877.0,29227.45,3.827805710043127,0.9555555555555509,0.04444444444444905,0.0,0.9555555555555509,2024-09-16 11:04:00,2.15,2.1303,50605.0,24786.9,0.6198347107438068,2024-09-16 11:05:00,2.13,2.13,0.0,0.009302325581395357,0.013023255813953501,2.0,75.8494031221304,1.6520000000000001,3.83,2024-09-16 15:18:00,1.9283746556473949,0.04200000000000026,2.22,2024-09-16 11:08:00,False,,False,,,2.0045564743863857,2.1319862658680995,2.112460869145737,0.024088348227917056,0.0009550767461987755,0.02313327148171828
IMRX,2024-09-16,2024-09-16 12:11:00,True,clean_breakout,previous_high_break_with_pullback_low_support_or_previous_resistance,2.345,2.42,2.345,2.42,172320.0,61161.15,2.8174748185735554,1.0,0.0,0.0,1.0,2024-09-16 12:09:00,2.37,2.345,39135.0,52446.4,0.36363636363636803,2024-09-16 12:10:00,2.34,2.35,0.0,0.01265822784810137,0.021097046413502032,2.0,58.26446280991736,1.4100000000000001,3.83,2024-09-16 15:18:00,9.917355371900834,0.2400000000000002,2.66,2024-09-16 12:39:00,False,,False,,,2.0963852925360165,2.35151662268727,2.3127463324839765,0.043498883649695674,0.003975338108794878,0.0395235455409008
IMRX,2024-09-16,2024-09-16 15:15:00,True,clean_breakout,previous_high_break_with_pullback_low_support_or_previous_resistance,3.495,3.73,3.49,3.71,861022.0,505328.85,1.7038845100571638,0.8958333333333336,0.08333333333333348,0.02083333333333291,0.9166666666666665,2024-09-16 15:05:00,3.59,3.546,648602.0,566959.95,0.23157894736842133,2024-09-16 15:10:00,3.4,3.449,0.0,0.05292479108635096,0.03342618384401117,10.0,3.234501347708898,0.1200000000000001,3.83,2024-09-16 15:18:00,3.234501347708898,0.1200000000000001,3.83,2024-09-16 15:18:00,False,,True,2024-09-16 15:21:00,3.34,2.884184006307707,3.5169316010599623,3.434133260544073,0.10633517036803353,-0.004392226426343987,0.11072739679437751
BRLS,2024-05-21,2024-05-21 12:07:00,True,clean_breakout,previous_high_break_with_pullback_low_support_or_previous_resistance,8.4,9.47,8.27,9.47,68668.0,32139.95,2.1365310151384804,0.8916666666666662,0.0,0.10833333333333389,1.0,2024-05-21 12:05:00,8.9,8.6,61509.0,24997.55,0.333333333333334,2024-05-21 12:06:00,8.11,8.32,0.23595505617977608,0.08876404494382033,0.06404494382022474,2.0,13.516367476240754,1.2799999999999994,10.75,2024-05-21 12:18:00,13.516367476240754,1.2799999999999994,10.75,2024-05-21 12:18:00,True,8.0,False,,,7.198557754405146,8.154403206347887,7.473944572844188,0.6790378368748868,0.23809713865256554,0.4409406982223213
FJET,2025-12-22,2025-12-22 10:31:00,True,clean_breakout,previous_high_break_with_pullback_low_support_or_previous_resistance,10.91,11.42,10.8,11.41,183999.0,106756.0,1.7235471542583087,0.8064516129032269,0.016129032258064193,0.177419354838709,0.9838709677419358,2025-12-22 10:28:00,11.33,11.16,173821.0,95255.6,0.12500000000000092,2025-12-22 10:29:00,10.63,11.08,0.7894736842105271,0.06178287731685784,0.007060900264783766,3.0,198.8606485539001,22.69,34.1,2025-12-22 16:00:00,7.887817703768627,0.9000000000000004,12.31,2025-12-22 10:47:00,False,,False,,,9.612040850056253,10.76624747542431,10.255709884293072,0.5189908654174609,0.17871271287595247,0.3402781525415084
FJET,2025-12-22,2025-12-22 11:39:00,True,clean_breakout,previous_high_break_with_pullback_low_support_or_previous_resistance,13.39,14.2,13.33,14.12,155231.0,79682.55,1.9481178752437014,0.8390804597701141,0.09195402298850591,0.06896551724137995,0.9080459770114941,2025-12-22 11:22:00,14.0,13.8,164316.0,109386.2,0.3124999999999986,2025-12-22 11:24:00,12.64,12.87,0.26744186046511487,0.0971428571428571,0.008571428571428516,17.0,141.50141643059493,19.980000000000004,34.1,2025-12-22 16:00:00,16.713881019830037,2.360000000000001,16.48,2025-12-22 11:48:00,True,7.0,False,,,11.144546066362775,13.425816111455674,13.217393576338825,0.26064665942614873,0.02624073305009786,0.23440592637605087
FJET,2025-12-22,2025-12-22 15:28:00,True,clean_breakout,previous_high_break_with_pullback_low_support_or_previous_resistance,24.41,26.4,24.28,25.52,400688.0,158143.15,2.5337044317126605,0.5235849056603777,0.41509433962264153,0.06132075471698074,0.5849056603773585,2025-12-22 15:18:00,25.44,24.7,213977.0,156006.25,0.521126760563381,2025-12-22 15:21:00,23.08,23.6,0.5416666666666694,0.0927672955974844,0.0031446540880502474,10.0,33.62068965517242,8.580000000000002,34.1,2025-12-22 16:00:00,23.275862068965523,5.940000000000001,31.46,2025-12-22 15:56:00,True,18.0,False,,,16.220838715905813,24.220305198370593,23.676178174772645,0.7099629039951552,-0.04937019648030305,0.7593331004754582
FJET,2025-12-22,2025-12-22 15:56:00,True,clean_breakout,previous_high_break_with_pullback_low_support_or_previous_resistance,29.2,31.46,29.15,31.46,339863.0,167508.3,2.0289322976831596,0.9783549783549781,0.0,0.021645021645021932,1.0,2025-12-22 15:48:00,29.34,29.19,328401.0,151718.0,0.10416666666666559,2025-12-22 15:52:00,27.23,27.85,0.7126436781609199,0.07191547375596453,0.07225630538513977,8.0,8.391608391608393,2.6400000000000006,34.1,2025-12-22 16:00:00,8.391608391608393,2.6400000000000006,34.1,2025-12-22 16:00:00,False,,True,2025-12-22 16:05:00,27.22,17.419413557881146,28.98458049542282,27.837206143508112,1.2866254587367578,0.1464397451923276,1.1401857135444302
PDYN,2024-11-22,2024-11-22 10:09:00,True,clean_breakout,previous_high_break_with_pullback_low_support_or_previous_resistance,2.75,2.9,2.69,2.855,398481.0,70168.6,5.678907659551423,0.5,0.214285714285714,0.28571428571428603,0.785714285714286,2024-11-22 10:07:00,2.65,2.6199,76114.0,46842.0,0.24999999999999445,2024-11-22 10:08:00,2.61,2.745,0.05555555555555679,0.015094339622641523,0.07735849056603776,2.0,76.88266199649738,2.195,5.05,2024-11-22 15:25:00,22.59194395796848,0.645,3.5,2024-11-22 10:37:00,True,8.0,False,,,2.5305039062753774,2.657421415211804,2.5753277146917695,0.08885468036546218,0.018502974021290516,0.07035170634417166
PDYN,2024-11-22,2024-11-22 10:17:00,True,clean_breakout,previous_high_break_with_pullback_low_support_or_previous_resistance,2.891,3.16,2.89,3.09,985326.0,206620.95,4.768761347772333,0.7370370370370364,0.2592592592592603,0.0037037037037032958,0.7407407407407397,2024-11-22 10:11:00,2.92,2.84,428989.0,103717.25,0.6446414182111213,2024-11-22 10:14:00,2.65,2.7495,0.6666666666666666,0.09246575342465754,0.05821917808219176,6.0,63.43042071197411,1.96,5.05,2024-11-22 15:25:00,13.268608414239488,0.41000000000000014,3.5,2024-11-22 10:37:00,True,7.0,False,,,2.73885741974421,2.842752870060342,2.7297184833936585,0.12214215870280265,0.021757587516588392,0.10038457118621426
RYOJ,2026-05-22,2026-05-22 11:56:00,True,clean_breakout,previous_high_break_with_pullback_low_support_or_previous_resistance,3.02,3.22,3.0001,3.19,72457.0,30120.35,2.405582936453262,0.7730786721236923,0.13642564802182924,0.09049567985447844,0.8635743519781708,2026-05-22 11:54:00,3.12,3.04,55603.0,26505.5,0.2167871039466379,2026-05-22 11:55:00,3.01,3.0323,0.5575000000000103,0.03525641025641036,0.022435897435897384,2.0,153.91849529780566,4.91,8.1,2026-05-22 12:40:00,152.0376175548589,4.85,8.04,2026-05-22 12:22:00,True,1.0,False,,,2.7969293586586734,3.0413050392012355,2.9700769119772006,0.07347990901933077,0.017095365432085508,0.05638454358724526
RYOJ,2026-05-22,2026-05-22 11:57:00,True,clean_breakout,previous_high_break_with_pullback_low_support_or_previous_resistance,3.2,3.72,3.11,3.68,304634.0,44702.15,6.814750520948097,0.7868852459016389,0.0655737704918033,0.1475409836065578,0.9344262295081966,2026-05-22 11:54:00,3.12,3.04,55603.0,26505.5,0.2167871039466379,2026-05-22 11:56:00,3.0001,3.19,0.09049567985447844,0.038429487179487146,0.1794871794871795,3.0,120.1086956521739,4.42,8.1,2026-05-22 12:40:00,118.47826086956519,4.359999999999999,8.04,2026-05-22 12:22:00,True,3.0,False,,,2.833417490467692,3.169044031360989,3.0376886346460386,0.12085320083296525,0.05241029778377834,0.0684429030491869
RILY,2025-02-26,2025-02-26 10:24:00,True,clean_breakout,previous_high_break_with_pullback_low_support_or_previous_resistance,4.75,4.8,4.73,4.8,2775.0,9050.4,0.306616282153275,0.714285714285718,0.0,0.2857142857142821,1.0,2025-02-26 10:22:00,4.78,4.78,11027.0,8441.75,0.0,2025-02-26 10:23:00,4.72,4.74,0.33333333333333826,0.01255230125523023,0.004184100418409952,2.0,32.291666666666664,1.5499999999999998,6.35,2025-02-26 14:56:00,1.8749999999999971,0.08999999999999986,4.89,2025-02-26 10:52:00,False,,False,,,4.515788842630135,4.72523245574415,4.67592135295316,0.05971495709239871,0.006394218808998806,0.05332073828339991
RILY,2025-02-26,2025-02-26 11:34:00,True,clean_breakout,previous_high_break_with_pullback_low_support_or_previous_resistance,4.98,5.05,4.97,5.02,62296.0,16233.6,3.837472895722452,0.4999999999999889,0.3750000000000028,0.12500000000000833,0.6249999999999972,2025-02-26 11:31:00,5.0,4.96,18711.0,12956.5,0.0,2025-02-26 11:32:00,4.92,4.93,0.16666666666666174,0.016000000000000014,0.003999999999999915,3.0,26.494023904382473,1.33,6.35,2025-02-26 14:56:00,11.155378486055788,0.5600000000000005,5.58,2025-02-26 12:04:00,True,20.0,False,,,4.723971127174447,4.963580747222123,4.928686673627903,0.037085301400776594,0.0061680597505514335,0.03091724165022516
RILY,2025-02-26,2025-02-26 11:44:00,True,clean_breakout,previous_high_break_with_pullback_low_support_or_previous_resistance,5.03,5.1,5.02,5.1,32057.0,21099.4,1.519332303288245,0.8749999999999917,0.0,0.12500000000000833,1.0,2025-02-26 11:36:00,5.05,4.99,56284.0,20433.45,0.33333333333333665,2025-02-26 11:38:00,4.95,4.97,0.3999999999999929,0.019801980198019733,0.009900990099009866,8.0,24.50980392156863,1.25,6.35,2025-02-26 14:56:00,13.52941176470589,0.6900000000000004,5.79,2025-02-26 12:14:00,True,26.0,False,,,4.758942702772832,5.0271574247013575,4.989416982926912,0.04252111612534826,0.0045483272501741084,0.03797278887517415
RILY,2025-02-26,2025-02-26 11:45:00,True,clean_breakout,previous_high_break_with_pullback_low_support_or_previous_resistance,5.1,5.23,5.09,5.22,112296.0,25770.75,4.357498326591194,0.8571428571428544,0.07142857142857596,0.07142857142856962,0.928571428571424,2025-02-26 11:43:00,5.05,5.03,11572.0,19847.95,0.666666666666647,2025-02-26 11:44:00,5.02,5.1,0.12500000000000833,0.00594059405940599,0.03366336633663365,2.0,21.64750957854406,1.13,6.35,2025-02-26 14:56:00,12.452107279693495,0.6500000000000004,5.87,2025-02-26 12:15:00,True,29.0,False,,,4.783425176383599,5.065725939761085,5.011377270267206,0.055678259689866394,0.014825730170328039,0.040852529519538355
PONY,2025-04-28,2025-04-28 10:16:00,True,clean_breakout,previous_high_break_with_pullback_low_support_or_previous_resistance,8.23,8.46,8.21,8.44,226937.0,135000.8,1.6810048533045732,0.8399999999999963,0.0800000000000054,0.0799999999999983,0.9199999999999946,2025-04-28 10:12:00,8.31,8.25,162540.0,123864.9,0.07142857142856962,2025-04-28 10:14:00,8.2,8.28,0.12500000000001943,0.01323706377858017,0.015643802647412636,4.0,34.47867298578199,2.91,11.35,2025-04-28 13:06:00,8.412322274881527,0.7100000000000009,9.15,2025-04-28 10:44:00,False,,False,,,7.8187192244845605,8.248740977866902,8.109861967313288,0.16415843353801485,0.006133639269656821,0.15802479426835803
PONY,2025-04-28,2025-04-28 10:42:00,True,clean_breakout,previous_high_break_with_pullback_low_support_or_previous_resistance,8.79,9.0,8.72,8.98,333863.0,159798.7,2.0892723157322304,0.6785714285714347,0.07142857142857006,0.24999999999999525,0.9285714285714299,2025-04-28 10:36:00,8.95,8.89,370953.0,171068.65,0.33333333333332676,2025-04-28 10:41:00,8.78,8.79,0.14285714285713924,0.018994413407821223,0.0033519553072626973,6.0,26.391982182628055,2.369999999999999,11.35,2025-04-28 13:06:00,4.565701559020046,0.41000000000000014,9.39,2025-04-28 11:05:00,False,,False,,,8.18313391649498,8.826624324577505,8.706277911704285,0.15360425846653136,0.0017646654603410694,0.1518395930061903
PONY,2025-04-28,2025-04-28 10:44:00,True,clean_breakout,previous_high_break_with_pullback_low_support_or_previous_resistance,8.92,9.15,8.91,9.13,393055.0,178231.3,2.205308495196972,0.8750000000000028,0.08333333333333148,0.04166666666666574,0.9166666666666685,2025-04-28 10:42:00,9.0,8.98,333863.0,159798.7,0.07142857142857006,2025-04-28 10:43:00,8.87,8.92,0.38461538461538775,0.01444444444444453,0.01444444444444453,2.0,24.31544359255201,2.219999999999999,11.35,2025-04-28 13:06:00,2.847754654983568,0.2599999999999998,9.39,2025-04-28 11:05:00,False,,False,,,8.230349129376735,8.902239567729605,8.765048358560652,0.1662716102124211,0.008968047543033847,0.15730356266938725
PONY,2025-04-28,2025-04-28 12:47:00,True,clean_breakout,previous_high_break_with_pullback_low_support_or_previous_resistance,10.53,10.95,10.51,10.92,638132.0,283341.85,2.2521628908683984,0.8863636363636387,0.0681818181818168,0.04545454545454454,0.9318181818181832,2025-04-28 12:45:00,10.79,10.57,504893.0,257814.8,0.7857142857142835,2025-04-28 12:46:00,10.47,10.52,0.2777777777777723,0.02965708989805362,0.01204819277108441,2.0,3.937728937728935,0.4299999999999997,11.35,2025-04-28 13:06:00,3.937728937728935,0.4299999999999997,11.35,2025-04-28 13:06:00,False,,False,,,9.391406239027912,10.550201215942078,10.34278179056954,0.21280448053231282,0.039983027790371745,0.17282145274194108
RDZN,2024-12-19,2024-12-19 12:18:00,True,clean_breakout,previous_high_break_with_pullback_low_support_or_previous_resistance,2.194,2.3,2.16,2.25,37165.0,20679.55,1.797186108982062,0.40000000000000124,0.3571428571428567,0.24285714285714205,0.6428571428571433,2024-12-19 12:16:00,2.22,2.21,30272.0,18274.1,0.25000000000000555,2024-12-19 12:17:00,2.1494,2.2,0.6487179487179525,0.0318018018018019,0.013513513513513424,2.0,5.777777777777773,0.1299999999999999,2.38,2024-12-19 12:22:00,5.777777777777773,0.1299999999999999,2.38,2024-12-19 12:22:00,False,,True,2024-12-19 12:26:00,2.0699,1.8983315440244446,2.1794955961604323,2.1052308737632877,0.08318031530427294,0.007818297117719988,0.07536201818655296
RDZN,2024-12-19,2024-12-19 12:21:00,True,clean_breakout,previous_high_break_with_pullback_low_support_or_previous_resistance,2.2299,2.35,2.2299,2.32,48973.0,26289.45,1.8628385150697333,0.7502081598667754,0.24979184013322464,0.0,0.7502081598667754,2024-12-19 12:18:00,2.3,2.25,37165.0,20679.55,0.3571428571428567,2024-12-19 12:19:00,2.19,2.22,0.40485829959514474,0.04782608695652169,0.008695652173913052,3.0,2.5862068965517264,0.06000000000000005,2.38,2024-12-19 12:22:00,2.5862068965517264,0.06000000000000005,2.38,2024-12-19 12:22:00,False,,True,2024-12-19 12:26:00,2.0699,1.9226029561832096,2.2192617452341414,2.144522034676859,0.08575225063711933,0.004895472449186089,0.08085677818793324
NMAX,2026-04-22,2026-04-22 09:55:00,True,clean_breakout,previous_high_break_with_pullback_low_support_or_previous_resistance,8.15,8.5,8.06,8.36,94355.0,25470.4,3.7044961995100194,0.47727272727272574,0.31818181818181984,0.20454545454545445,0.6818181818181802,2026-04-22 09:53:00,8.13,8.1,59815.0,18888.45,0.12000000000000412,2026-04-22 09:54:00,8.06,8.16,0.3684210526315814,0.008610086100861043,0.02829028290282886,2.0,33.97129186602871,2.84,11.2,2026-04-22 11:35:00,3.1100478468899495,0.2599999999999998,8.62,2026-04-22 10:25:00,False,,False,,,7.792676679256261,8.004660832890663,7.817110905046526,0.17185556582487393,0.073435476987664,0.09842008883720993
NMAX,2026-04-22,2026-04-22 10:28:00,True,clean_breakout,previous_high_break_with_pullback_low_support_or_previous_resistance,8.61,8.85,8.6,8.82,41483.0,28922.7,1.434271350876647,0.8400000000000034,0.11999999999999744,0.03999999999999915,0.8800000000000026,2026-04-22 10:26:00,8.74,8.63,123726.0,30339.7,0.523809523809519,2026-04-22 10:27:00,8.53,8.65,0.38461538461538775,0.024027459954233506,0.009153318077803212,2.0,26.98412698412697,2.379999999999999,11.2,2026-04-22 11:35:00,6.349206349206354,0.5600000000000005,9.38,2026-04-22 10:58:00,False,,False,,,8.141779499320457,8.581223060672002,8.469373017833094,0.12998960425146322,0.023049366232245752,0.10694023801921747
NMAX,2026-04-22,2026-04-22 10:29:00,True,clean_breakout,previous_high_break_with_pullback_low_support_or_previous_resistance,8.8,9.16,8.72,9.05,212858.0,37437.55,5.685681888905657,0.5681818181818188,0.249999999999999,0.18181818181818218,0.750000000000001,2026-04-22 10:26:00,8.74,8.63,123726.0,30339.7,0.523809523809519,2026-04-22 10:27:00,8.53,8.65,0.38461538461538775,0.024027459954233506,0.03546910755148747,3.0,23.75690607734805,2.1499999999999986,11.2,2026-04-22 11:35:00,4.0883977900552395,0.3699999999999992,9.42,2026-04-22 10:59:00,False,,False,,,8.240497977810541,8.674978448537603,8.524670825658514,0.16061862167361518,0.04692891657579848,0.1136897050978167
DUO,2024-09-26,2024-09-26 09:43:00,True,clean_breakout,previous_high_break_with_pullback_low_support_or_previous_resistance,13.5984,15.04,13.5536,15.0288,210956.8125,87631.403125,2.4073198074791184,0.9623250807319704,0.0075349838536052,0.030139935414424383,0.9924650161463948,2024-09-26 09:35:00,14.3664,14.1248,183310.375,49789.11875,0.20026525198938988,2024-09-26 09:37:00,12.9264,13.2288,0.25830258302583037,0.10023387905111937,0.04610758436351486,8.0,52.241030554668356,7.851199999999999,22.88,2024-09-26 10:25:00,36.27169168529756,5.4512,20.48,2024-09-26 10:00:00,True,10.0,False,,,12.426584322318236,13.650535670381698,13.02596796138891,0.6580117285785168,0.13417421592973966,0.5238375126487771
DUO,2024-09-26,2024-09-26 09:49:00,True,clean_breakout,previous_high_break_with_pullback_low_support_or_previous_resistance,15.296,16.16,15.024,16.08,182101.75,128936.875,1.4123325852282367,0.690140845070421,0.07042253521126916,0.23943661971830985,0.9295774647887308,2024-09-26 09:47:00,15.52,14.7968,141249.375,115982.046875,0.7171717171717169,2024-09-26 09:48:00,14.728,15.2608,0.1105263157894731,0.05103092783505154,0.036082474226804044,2.0,42.28855721393035,6.800000000000001,22.88,2024-09-26 10:25:00,33.33333333333336,5.360000000000003,21.44,2024-09-26 10:19:00,True,5.0,False,,,13.111590263070761,14.857871085176543,14.012943853768498,0.9096125228995078,0.17061630650320192,0.7389962163963059
DUO,2024-09-26,2024-09-26 12:37:00,True,clean_breakout,previous_high_break_with_pullback_low_support_or_previous_resistance,20.9664,22.72,20.96,22.2416,126879.125,36721.10625,3.4552097678157505,0.7245454545454543,0.27181818181818246,0.00363636363636324,0.7281818181818175,2024-09-26 12:30:00,21.6,21.2,48685.625,29540.33125,0.0,2024-09-26 12:32:00,20.48,20.6224,0.444999999999995,0.05185185185185189,0.029703703703703555,7.0,1.4315516869290001,0.31840000000000046,22.56,2024-09-26 12:38:00,1.4315516869290001,0.31840000000000046,22.56,2024-09-26 12:38:00,False,,True,2024-09-26 12:43:00,19.52,17.59252518335851,21.092965323572827,20.585331758708275,0.5346862842229818,0.08872818258863518,0.4459581016343466
BCG,2024-05-23,2024-05-23 09:53:00,True,clean_breakout,previous_high_break_with_pullback_low_support_or_previous_resistance,5.25,5.51,5.16,5.5,24286.0,9185.8,2.643863354307736,0.714285714285715,0.02857142857142799,0.257142857142857,0.971428571428572,2024-05-23 09:40:00,5.47,5.37,18709.0,5344.65,0.07317073170731549,2024-05-23 09:42:00,4.75,5.0,0.6410256410256415,0.13162705667276048,0.0054844606946984,13.0,45.27272727272727,2.49,7.99,2024-05-23 15:42:00,34.0,1.87,7.37,2024-05-23 10:23:00,True,11.0,False,,,4.9917578662033115,5.128494968647505,4.968907342417113,0.20167503033733514,-0.014528649853759013,0.21620368019109415
BCG,2024-05-23,2024-05-23 15:28:00,True,clean_breakout,previous_high_break_with_pullback_low_support_or_previous_resistance,7.4,7.7,7.31,7.7,153683.0,55260.6,2.781059199501996,0.7692307692307676,0.0,0.23076923076923234,1.0,2024-05-23 15:26:00,7.43,7.33,75771.0,43878.4,0.41666666666666635,2024-05-23 15:27:00,7.2,7.45,0.6428571428571412,0.03095558546433372,0.036339165545087544,2.0,3.766233766233767,0.29000000000000004,7.99,2024-05-23 15:42:00,3.766233766233767,0.29000000000000004,7.99,2024-05-23 15:42:00,False,,True,2024-05-23 15:34:00,7.18,6.7996200658253025,7.311342898088863,7.146321859996608,0.1744750391586205,0.034196326302528335,0.14027871285609217
PSNL,2024-07-19,2024-07-19 12:10:00,True,clean_breakout,previous_high_break_with_pullback_low_support_or_previous_resistance,2.97,3.03,2.96,3.01,54195.0,11089.4,4.8870993922123835,0.5714285714285668,0.28571428571428664,0.14285714285714649,0.7142857142857134,2024-07-19 11:50:00,3.0,2.9534,67633.0,14072.8,0.21244635193133,2024-07-19 11:53:00,2.91,2.92,0.4999999999999889,0.029999999999999954,0.0033333333333332624,20.0,50.16611295681063,1.5099999999999998,4.52,2024-07-19 13:56:00,8.305647840531561,0.25,3.26,2024-07-19 12:40:00,False,,False,,,2.801309786234469,2.966964681073656,2.9549310719570445,0.01545418210511329,-0.0001450852256200605,0.01559926733073335
PSNL,2024-07-19,2024-07-19 12:43:00,True,clean_breakout,previous_high_break_with_pullback_low_support_or_previous_resistance,3.2202,3.3099,3.2202,3.3099,49532.0,31174.05,1.5888856276293906,1.0,0.0,0.0,1.0,2024-07-19 12:41:00,3.2799,3.27,44457.0,27747.8,0.19839679358717452,2024-07-19 12:42:00,3.22,3.23,0.19999999999999646,0.018262751913168035,0.0091466203237903,2.0,36.56001691894014,1.2100999999999997,4.52,2024-07-19 13:56:00,7.5198646484788165,0.24890000000000034,3.5588,2024-07-19 13:13:00,False,,False,,,2.945398090380134,3.2249010260084914,3.176070260529701,0.053290346239627695,0.011567760043664888,0.04172258619596281
PSNL,2024-07-19,2024-07-19 12:49:00,True,clean_breakout,previous_high_break_with_pullback_low_support_or_previous_resistance,3.2513,3.316,3.25,3.315,40466.0,35122.85,1.1521274611826775,0.9651515151515155,0.01515151515151352,0.01969696969697094,0.9848484848484865,2024-07-19 12:44:00,3.31,3.3,64596.0,33584.2,0.2712328767123278,2024-07-19 12:46:00,3.24,3.2699,0.9966666666666596,0.021148036253776387,0.001510574018126856,5.0,36.34992458521869,1.2049999999999996,4.52,2024-07-19 13:56:00,11.309200603318258,0.37490000000000023,3.6899,2024-07-19 13:18:00,True,26.0,False,,,2.9704172399347457,3.264631014561971,3.2220252909901257,0.051978682901821394,0.0006158964971146874,0.051362786404706706
PSNL,2024-07-19,2024-07-19 12:50:00,True,clean_breakout,previous_high_break_with_pullback_low_support_or_previous_resistance,3.32,3.4,3.3,3.37,94075.0,37627.95,2.5001362019456286,0.5000000000000022,0.29999999999999777,0.2,0.7000000000000022,2024-07-19 12:44:00,3.31,3.3,64596.0,33584.2,0.2712328767123278,2024-07-19 12:46:00,3.24,3.2699,0.9966666666666596,0.021148036253776387,0.018126888217522674,6.0,34.12462908011868,1.1499999999999995,4.52,2024-07-19 13:56:00,9.492581602373889,0.3199000000000001,3.6899,2024-07-19 13:18:00,False,,False,,,2.9835729600949636,3.285704811649577,3.2361181204196376,0.057474730950947794,0.004127180158162602,0.05334755079278519
PSNL,2024-07-19,2024-07-19 13:13:00,True,clean_breakout,previous_high_break_with_pullback_low_support_or_previous_resistance,3.4588,3.5588,3.4588,3.5588,82805.0,48824.9,1.6959584146613715,1.0,0.0,0.0,1.0,2024-07-19 13:09:00,3.52,3.4908,63790.0,52740.85,0.3649999999999983,2024-07-19 13:12:00,3.45,3.455,0.24999999999999445,0.01988636363636359,0.011022727272727321,4.0,27.009104192424395,0.9611999999999994,4.52,2024-07-19 13:56:00,13.802405305159033,0.49119999999999964,4.05,2024-07-19 13:42:00,True,26.0,False,,,3.10960856288776,3.4667947631033176,3.4123827424607027,0.06198664373053653,0.010055021205638719,0.05193162252489781
PSNL,2024-07-19,2024-07-19 13:51:00,True,clean_breakout,previous_high_break_with_pullback_low_support_or_previous_resistance,4.1188,4.22,4.0999,4.215,303817.0,178554.7,1.7015345997613056,0.8009991673605306,0.04163197335553621,0.15736885928393324,0.9583680266444637,2024-07-19 13:49:00,4.19,4.14,213693.0,169152.25,0.17166666666666483,2024-07-19 13:50:00,4.03,4.12,0.7499999999999981,0.03818615751789979,0.00596658711217171,2.0,7.236061684460254,0.3049999999999997,4.52,2024-07-19 13:56:00,7.236061684460254,0.3049999999999997,4.52,2024-07-19 13:56:00,False,,True,2024-07-19 13:58:00,3.7609,3.552317753961268,4.091966168603543,3.9677271441215276,0.1397286974918579,0.0184404818026572,0.1212882156892007
QUBT,2024-12-16,2024-12-16 09:57:00,True,clean_breakout,previous_high_break_with_pullback_low_support_or_previous_resistance,7.6311,7.8,7.6311,7.8,281269.0,241890.15,1.1627964181261619,1.0,0.0,0.0,1.0,2024-12-16 09:55:00,7.77,7.675,270356.0,253379.65,0.29999999999999466,2024-12-16 09:56:00,7.64,7.64,0.0,0.016731016731016717,0.003861003861003893,2.0,57.43589743589743,4.4799999999999995,12.28,2024-12-16 13:27:00,5.641025641025646,0.4400000000000004,8.24,2024-12-16 10:27:00,False,,True,2024-12-16 10:13:00,7.63,7.306843999702187,7.631699663657143,7.506760463914142,0.14001117693709375,0.017274934495161487,0.12273624244193226
QUBT,2024-12-16,2024-12-16 10:31:00,True,clean_breakout,previous_high_break_with_pullback_low_support_or_previous_resistance,8.19,8.44,8.17,8.3399,424805.0,205971.6,2.062444531187795,0.5551851851851882,0.37074074074073915,0.07407407407407261,0.6292592592592609,2024-12-16 10:29:00,8.3,8.2999,187849.0,189492.3,0.001015228426411593,2024-12-16 10:30:00,8.17,8.174,0.03333333333332988,0.01566265060240973,0.0048072289156625755,2.0,47.24397175026078,3.9400999999999993,12.28,2024-12-16 13:27:00,4.557608604419724,0.38010000000000055,8.72,2024-12-16 11:01:00,False,,False,,,7.609074123569057,8.17391211440618,8.04624681856017,0.13902489127639317,0.0316528922393899,0.10737199903700327
QUBT,2024-12-16,2024-12-16 12:46:00,True,clean_breakout,previous_high_break_with_pullback_low_support_or_previous_resistance,10.18,10.42,10.1788,10.41,497616.0,445112.9,1.1179545683802918,0.9535655058043168,0.04145936981757803,0.004975124378105239,0.958540630182422,2024-12-16 12:42:00,10.35,10.1988,578424.0,387928.45,0.1309090909090933,2024-12-16 12:44:00,9.9,10.038,0.3209302325581395,0.04347826086956515,0.005797101449275411,4.0,17.963496637848213,1.8699999999999992,12.28,2024-12-16 13:27:00,5.0912584053794365,0.5299999999999994,10.94,2024-12-16 13:16:00,False,,True,2024-12-16 12:54:00,9.74,8.635459399885118,10.17142245638186,9.992920785254723,0.21000072053847774,0.010483527101595613,0.19951719343688212
QMCO,2025-02-12,2025-02-12 13:03:00,True,clean_breakout,previous_high_break_with_pullback_low_support_or_previous_resistance,21.4,22.06,21.39,21.91,31757.0,13567.5,2.3406670351943983,0.7611940298507507,0.22388059701492388,0.01492537313432543,0.7761194029850761,2025-02-12 13:01:00,21.45,21.3,5403.0,12984.15,0.20833333333333764,2025-02-12 13:02:00,21.1,21.36,0.38461538461537936,0.01631701631701622,0.021445221445221485,2.0,34.09402099497946,7.469999999999999,29.38,2025-02-12 16:29:00,5.248744865358277,1.1499999999999986,23.06,2025-02-12 13:29:00,False,,False,,,19.365148986000637,21.28470405284494,20.916085570891713,0.4351171712481907,0.022887111404065408,0.4122300598441253
QMCO,2025-02-12,2025-02-12 13:37:00,True,clean_breakout,previous_high_break_with_pullback_low_support_or_previous_resistance,23.6,23.6,23.01,23.16,20057.0,11809.75,1.6983424712631512,0.7457627118644091,0.0,0.2542372881355909,0.2542372881355909,2025-02-12 13:35:00,23.15,23.08,27544.0,10872.05,0.1707317073170738,2025-02-12 13:36:00,23.07,23.6,0.012499999999997503,0.0034557235421165573,0.0004319654427646464,2.0,26.856649395509496,6.219999999999999,29.38,2025-02-12 16:29:00,9.930915371329881,2.3000000000000007,25.46,2025-02-12 13:57:00,False,,True,2025-02-12 13:38:00,22.37,20.587881909874024,23.05856824596196,22.8357608196221,0.3023344684355571,-0.007899735518936135,0.31023420395449325
LAES,2024-12-26,2024-12-26 10:08:00,True,clean_breakout,previous_high_break_with_pullback_low_support_or_previous_resistance,6.875,7.15,6.81,7.1047,1620692.0,806241.75,2.0101811894509307,0.6755882352941168,0.13323529411764712,0.19117647058823603,0.8667647058823529,2024-12-26 10:02:00,6.88,6.7702,2244688.0,809581.6,0.23890339425587445,2024-12-26 10:03:00,6.48,6.5899,0.35463052597612044,0.05813953488372085,0.03265988372093028,6.0,31.18076766084423,2.2153,9.32,2024-12-26 14:03:00,8.378960406491476,0.5952999999999999,7.7,2024-12-26 10:10:00,False,,False,,,6.0811333696704395,6.763512172057805,6.510547361857532,0.28995252242709046,0.033384230260657954,0.2565682921664325
LAES,2024-12-26,2024-12-26 11:01:00,True,clean_breakout,previous_high_break_with_pullback_low_support_or_previous_resistance,7.8699,8.08,7.82,8.0399,958391.0,649813.95,1.4748698454380673,0.6538461538461507,0.154230769230772,0.1919230769230773,0.8457692307692279,2024-12-26 10:59:00,8.0,7.9799,1091773.0,572066.5,0.15461538461538651,2024-12-26 11:00:00,7.85,7.85,0.0,0.018750000000000044,0.0049874999999999226,2.0,15.92183982387842,1.280100000000001,9.32,2024-12-26 14:03:00,8.707819749001864,0.7001000000000008,8.74,2024-12-26 11:13:00,False,,False,,,6.731889887835715,7.796035394560402,7.5770841732952485,0.21967183784971756,0.07378647139321676,0.1458853664565008
LAES,2024-12-26,2024-12-26 11:09:00,True,clean_breakout,previous_high_break_with_pullback_low_support_or_previous_resistance,8.1,8.39,8.1,8.375,1627916.0,932087.65,1.746526734905242,0.9482758620689637,0.05172413793103628,0.0,0.9482758620689637,2024-12-26 11:07:00,8.2,8.0823,529197.0,842987.8,0.12499999999999074,2024-12-26 11:08:00,8.05,8.1,0.48638132295719544,0.018292682926829097,0.021341463414634235,2.0,11.283582089552242,0.9450000000000003,9.32,2024-12-26 14:03:00,4.3582089552238825,0.3650000000000002,8.74,2024-12-26 11:13:00,False,,True,2024-12-26 11:24:00,7.92,6.8683015595775725,8.111766247981851,7.897164463727025,0.24825994504472249,0.009849958889953575,0.2384099861547689
LAES,2024-12-26,2024-12-26 14:01:00,True,clean_breakout,previous_high_break_with_pullback_low_support_or_previous_resistance,9.13,9.27,9.12,9.21,684426.0,327574.1,2.0893776400515183,0.5333333333333325,0.39999999999999053,0.06666666666667694,0.6000000000000095,2024-12-26 13:59:00,9.19,9.1301,371331.0,301696.45,0.4991666666666612,2024-12-26 14:00:00,9.08,9.13,0.7142857142857215,0.011969532100108753,0.002176278563656295,2.0,1.1943539630835986,0.10999999999999943,9.32,2024-12-26 14:03:00,1.1943539630835986,0.10999999999999943,9.32,2024-12-26 14:03:00,False,,True,2024-12-26 14:05:00,9.03,7.54802944472595,9.099030630130045,9.00197753159436,0.10446675379990467,0.015187495520476726,0.08927925827942794
AQMS,2025-10-14,2025-10-14 11:12:00,True,clean_breakout,previous_high_break_with_pullback_low_support_or_previous_resistance,18.685,21.14,18.61,21.14,251937.0,61084.95,4.124371060302088,0.9703557312252967,0.0,0.029644268774703265,1.0,2025-10-14 11:08:00,19.62,19.1047,87115.0,44674.1,0.0967741935483906,2025-10-14 11:11:00,18.61,18.6327,0.03401258615522979,0.051478083588175405,0.07747196738022423,4.0,86.37653736991484,18.259999999999998,39.4,2025-10-14 15:37:00,8.751182592242184,1.8499999999999979,22.99,2025-10-14 11:19:00,False,,False,,,17.854550285380842,19.24325741859089,18.58507217358277,0.6286990852226779,0.2534073925846769,0.375291692638001
AQMS,2025-10-14,2025-10-14 15:10:00,True,clean_breakout,previous_high_break_with_pullback_low_support_or_previous_resistance,32.0999,34.27,31.7405,33.65,225914.0,107315.35,2.1051415291475077,0.6128088555050402,0.2451077288001597,0.14208341569480012,0.7548922711998403,2025-10-14 15:03:00,32.9,31.3094,214097.0,97556.45,0.5243902439024393,2025-10-14 15:06:00,30.5,32.25,0.4545454545454555,0.07294832826747716,0.022796352583586626,7.0,17.087667161961367,5.75,39.4,2025-10-14 15:37:00,17.087667161961367,5.75,39.4,2025-10-14 15:37:00,True,4.0,False,,,22.681898974362277,31.587372277654392,30.061411226968218,1.7100854642734333,0.1505774039218728,1.5595080603515605
AQMS,2025-10-14,2025-10-14 15:14:00,True,clean_breakout,previous_high_break_with_pullback_low_support_or_previous_resistance,34.2788,37.57,33.86,37.57,302243.0,129746.65,2.3294859636067677,0.8871159029649603,0.0,0.11288409703503971,1.0,2025-10-14 15:11:00,35.44,34.6,227181.0,117503.2,0.35729476818375017,2025-10-14 15:12:00,33.39,34.1,0.46499443316523803,0.05784424379232498,0.06010158013544026,3.0,4.8709076390737245,1.8299999999999983,39.4,2025-10-14 15:37:00,4.8709076390737245,1.8299999999999983,39.4,2025-10-14 15:37:00,False,,True,2025-10-14 15:18:00,33.27,23.07952607853546,33.84002768492724,31.772426162502892,2.221226726230654,0.39192399184496685,1.8293027343856871
BTCS,2024-11-12,2024-11-12 10:32:00,True,clean_breakout,previous_high_break_with_pullback_low_support_or_previous_resistance,2.09,2.1362,2.08,2.12,50830.0,22420.45,2.2671266633809757,0.5338078291814988,0.28825622775800686,0.17793594306049434,0.7117437722419931,2024-11-12 10:26:00,2.1,2.06,70959.0,17333.95,0.7272727272727258,2024-11-12 10:28:00,2.04,2.04,0.0,0.028571428571428595,0.009523809523809532,6.0,108.01886792452831,2.29,4.41,2024-11-12 11:05:00,74.0566037735849,1.5699999999999998,3.69,2024-11-12 10:54:00,True,5.0,False,,,1.985178535103478,2.069469770969765,2.0351038715000853,0.040390598792010124,0.002482547640212711,0.03790805115179741
BTCS,2024-11-12,2024-11-12 10:39:00,True,clean_breakout,previous_high_break_with_pullback_low_support_or_previous_resistance,2.25,2.47,2.25,2.36,124701.0,39395.35,3.1653735783537904,0.499999999999999,0.500000000000001,0.0,0.499999999999999,2024-11-12 10:37:00,2.3499,2.34,112049.0,32697.1,0.07621247113164006,2024-11-12 10:38:00,2.24,2.245,0.049999999999999115,0.04676794757223698,0.004298055236393037,2.0,86.86440677966102,2.0500000000000003,4.41,2024-11-12 11:05:00,86.86440677966102,2.0500000000000003,4.41,2024-11-12 11:05:00,True,8.0,False,,,2.0921806175760844,2.2242858589128787,2.1424650975638033,0.08308423823128086,0.02595958217592864,0.05712465605535222
BTCS,2024-11-12,2024-11-12 10:49:00,True,clean_breakout,previous_high_break_with_pullback_low_support_or_previous_resistance,2.59,2.79,2.55,2.78,334891.0,133824.05,2.5024724629093202,0.7916666666666657,0.041666666666667594,0.16666666666666666,0.9583333333333324,2024-11-12 10:47:00,2.73,2.73,395935.0,98152.85,0.0,2024-11-12 10:48:00,2.5,2.59,0.40909090909090806,0.08424908424908424,0.01831501831501825,2.0,58.633093525179866,1.6300000000000003,4.41,2024-11-12 11:05:00,58.633093525179866,1.6300000000000003,4.41,2024-11-12 11:05:00,True,1.0,False,,,2.3726347726033854,2.530619604827693,2.3789516354879954,0.15514342900549183,0.04178888003835486,0.11335454896713697
GLUE,2024-10-28,2024-10-28 10:01:00,True,clean_breakout,previous_high_break_with_pullback_low_support_or_previous_resistance,7.87,8.22,7.75,8.11,774280.0,409205.2,1.8921558181567584,0.5106382978723383,0.23404255319149161,0.2553191489361701,0.7659574468085084,2024-10-28 09:59:00,7.95,7.77,387374.0,401369.5,0.28124999999999933,2024-10-28 10:00:00,7.77,7.88,0.11764705882353156,0.02264150943396234,0.020125786163521918,2.0,52.897657213316904,4.290000000000001,12.4,2024-10-28 14:21:00,4.192355117139333,0.33999999999999986,8.45,2024-10-28 10:03:00,False,,True,2024-10-28 10:24:00,7.73,7.080728029034461,7.744560509771661,7.4428282321926424,0.33028109892653656,0.0575700078339777,0.27271109109255887
QURE,2024-07-10,2024-07-10 10:51:00,True,clean_breakout,previous_high_break_with_pullback_low_support_or_previous_resistance,8.41,8.59,8.36,8.58,386225.0,174617.75,2.2118312714486357,0.739130434782607,0.04347826086956421,0.21739130434782877,0.9565217391304358,2024-07-10 10:46:00,8.52,8.45,337147.0,190907.65,0.46666666666666745,2024-07-10 10:49:00,8.36,8.43,0.5833333333333308,0.018779342723004713,0.00704225352112682,5.0,32.28438228438228,2.7699999999999996,11.35,2024-07-10 15:16:00,7.925407925407922,0.6799999999999997,9.26,2024-07-10 11:15:00,False,,False,,,7.713195873172828,8.426551283436066,8.308511144649566,0.15132906882206498,0.0020800278106780645,0.14924904101138692
AQMS,2025-10-14,2025-10-14 11:12:00,True,clean_breakout,previous_high_break_with_pullback_low_support_or_previous_resistance,18.685,21.14,18.61,21.14,251937.0,61084.95,4.124371060302088,0.9703557312252967,0.0,0.029644268774703265,1.0,2025-10-14 11:08:00,19.62,19.1047,87115.0,44674.1,0.0967741935483906,2025-10-14 11:11:00,18.61,18.6327,0.03401258615522979,0.051478083588175405,0.07747196738022423,4.0,86.37653736991484,18.259999999999998,39.4,2025-10-14 15:37:00,8.751182592242184,1.8499999999999979,22.99,2025-10-14 11:19:00,False,,False,,,17.854550285380842,19.24325741859089,18.58507217358277,0.6286990852226779,0.2534073925846769,0.375291692638001
AQMS,2025-10-14,2025-10-14 15:10:00,True,clean_breakout,previous_high_break_with_pullback_low_support_or_previous_resistance,32.0999,34.27,31.7405,33.65,225914.0,107315.35,2.1051415291475077,0.6128088555050402,0.2451077288001597,0.14208341569480012,0.7548922711998403,2025-10-14 15:03:00,32.9,31.3094,214097.0,97556.45,0.5243902439024393,2025-10-14 15:06:00,30.5,32.25,0.4545454545454555,0.07294832826747716,0.022796352583586626,7.0,17.087667161961367,5.75,39.4,2025-10-14 15:37:00,17.087667161961367,5.75,39.4,2025-10-14 15:37:00,True,4.0,False,,,22.681898974362277,31.587372277654392,30.061411226968218,1.7100854642734333,0.1505774039218728,1.5595080603515605
AQMS,2025-10-14,2025-10-14 15:14:00,True,clean_breakout,previous_high_break_with_pullback_low_support_or_previous_resistance,34.2788,37.57,33.86,37.57,302243.0,129746.65,2.3294859636067677,0.8871159029649603,0.0,0.11288409703503971,1.0,2025-10-14 15:11:00,35.44,34.6,227181.0,117503.2,0.35729476818375017,2025-10-14 15:12:00,33.39,34.1,0.46499443316523803,0.05784424379232498,0.06010158013544026,3.0,4.8709076390737245,1.8299999999999983,39.4,2025-10-14 15:37:00,4.8709076390737245,1.8299999999999983,39.4,2025-10-14 15:37:00,False,,True,2025-10-14 15:18:00,33.27,23.07952607853546,33.84002768492724,31.772426162502892,2.221226726230654,0.39192399184496685,1.8293027343856871
AQMS,2025-10-30,2025-10-30 11:43:00,True,clean_breakout,previous_high_break_with_pullback_low_support_or_previous_resistance,7.3441,7.5425,7.3441,7.5425,13312.0,3238.4,4.1106719367588935,1.0,0.0,0.0,1.0,2025-10-30 11:39:00,7.4,7.36,3107.0,2321.7,0.6153846153846122,2025-10-30 11:40:00,7.3396,7.3396,0.0,0.008162162162162223,0.019256756756756765,4.0,52.20417633410672,3.9375,11.48,2025-10-30 14:30:00,25.290023201856133,1.9074999999999989,9.45,2025-10-30 11:58:00,True,12.0,False,,,7.179954955671198,7.37508722922732,7.3205501427957085,0.05476879660590761,0.019945913112110636,0.034822883493796974
KULR,2024-12-18,2024-12-18 09:49:00,True,clean_breakout,previous_high_break_with_pullback_low_support_or_previous_resistance,13.4,13.92,13.36,13.8496,69595.5,59247.85625,1.1746500954623147,0.8028571428571425,0.12571428571428445,0.07142857142857302,0.8742857142857156,2024-12-18 09:47:00,13.6,13.4408,26641.75,54591.50625,0.7499999999999944,2024-12-18 09:48:00,13.36,13.4624,0.6400000000000067,0.01764705882352943,0.01835294117647066,2.0,52.495378927911275,7.2704,21.12,2024-12-18 13:18:00,10.90573012939001,1.5103999999999989,15.36,2024-12-18 10:03:00,True,14.0,True,2024-12-18 09:52:00,13.28,12.778705288798081,13.355713357363319,12.979221454212322,0.4113157497427409,0.05998294565994211,0.35133280408279877
KULR,2024-12-18,2024-12-18 09:56:00,True,clean_breakout,previous_high_break_with_pullback_low_support_or_previous_resistance,13.44,14.0,13.44,13.96,113626.5,59261.7125,1.9173678114684924,0.9285714285714302,0.07142857142856984,0.0,0.9285714285714302,2024-12-18 09:50:00,13.92,13.8,69834.375,59904.425,0.09999999999999779,2024-12-18 09:52:00,13.28,13.3216,0.08695652173913189,0.045977011494252915,0.002873563218390871,6.0,51.28939828080229,7.16,21.12,2024-12-18 13:18:00,10.02865329512893,1.3999999999999986,15.36,2024-12-18 10:03:00,True,7.0,False,,,12.965025572737476,13.551566638682122,13.28617757207422,0.3409578070708772,-0.03220422718177485,0.37316203425265204
KULR,2024-12-18,2024-12-18 11:04:00,True,clean_breakout,previous_high_break_with_pullback_low_support_or_previous_resistance,17.0232,18.0,16.88,18.0,167046.375,73079.96875,2.2858024963235906,0.8721428571428571,0.0,0.12785714285714295,1.0,2024-12-18 11:01:00,17.36,16.7184,77595.5,63365.6125,0.18181818181818218,2024-12-18 11:02:00,16.64,16.96,0.1366666666666663,0.04147465437788012,0.03686635944700464,3.0,17.33333333333334,3.120000000000001,21.12,2024-12-18 13:18:00,5.777777777777773,1.0399999999999991,19.04,2024-12-18 11:13:00,False,,True,2024-12-18 11:08:00,16.48,14.555198796801054,16.934695305022668,16.327257716068544,0.6607543085843304,0.08667869641354486,0.5740756121707855
MLGO,2025-03-27,2025-03-27 09:44:00,True,clean_breakout,previous_high_break_with_pullback_low_support_or_previous_resistance,371.7037,389.1039,371.4037,387.0039,12759.405738,3582.1108452,3.5619795951031223,0.8644083117704865,0.1186427272008239,0.016948961028689587,0.8813572727991761,2025-03-27 09:42:00,375.0038,373.8037,6157.705089,2878.7728786499997,0.1454649034557176,2025-03-27 09:43:00,369.0037,370.8037,0.35294117647058887,0.016000104532274156,0.031999942400583604,2.0,60.77517565068465,235.20229999999998,622.2062,2025-03-27 10:49:00,19.379830539175444,75.0007,462.0046,2025-03-27 10:14:00,True,7.0,False,,,356.5231738492101,368.68077121898966,358.4122574545584,10.126413243005743,3.4168156101532228,6.70959763285252
FLNA,2024-08-05,2024-08-05 11:57:00,True,clean_breakout,previous_high_break_with_pullback_low_support_or_previous_resistance,30.3899,30.9223,30.224,30.9223,42796.0,15321.25,2.793244676511381,0.76242302735214,0.0,0.23757697264786004,1.0,2024-08-05 11:54:00,30.6507,30.325,37100.0,16626.25,0.5164922296225827,2024-08-05 11:55:00,29.89,30.245,0.6120689655172439,0.024818356513880594,0.00886113530849212,3.0,36.471090442819595,11.277700000000003,42.2,2024-08-05 15:15:00,13.186923353049417,4.0777,35.0,2024-08-05 12:23:00,True,19.0,False,,,28.086061800114944,30.13523557419404,29.716639867476932,0.4552872107251815,0.11156526791570515,0.3437219428094764
FLNA,2024-08-05,2024-08-05 12:15:00,True,clean_breakout,previous_high_break_with_pullback_low_support_or_previous_resistance,32.6375,33.6,32.57,33.6,88534.0,41079.8,2.1551711546794285,0.9344660194174733,0.0,0.06553398058252669,1.0,2024-08-05 12:06:00,33.24,32.995,91165.0,29697.2,0.1683848797250888,2024-08-05 12:10:00,31.6,31.69,0.11539941018079256,0.049338146811071015,0.010830324909747275,9.0,25.5952380952381,8.600000000000001,42.2,2024-08-05 15:15:00,4.1666666666666625,1.3999999999999986,35.0,2024-08-05 12:23:00,False,,False,,,29.15205347274686,32.49647132900634,31.837082463572322,0.7777066241659014,0.023878368035992525,0.7538282561299089
FLNA,2024-08-05,2024-08-05 13:40:00,True,clean_breakout,previous_high_break_with_pullback_low_support_or_previous_resistance,37.2999,37.7437,37.13,37.68,45135.0,39896.05,1.131315004868903,0.6193579925044848,0.10379664331106044,0.2768453641844549,0.8962033566889396,2024-08-05 13:38:00,37.45,37.45,45341.0,36948.7,0.0,2024-08-05 13:39:00,37.0,37.3,0.6666666666666562,0.012016021361815829,0.0061415220293724124,2.0,11.995753715498946,4.520000000000003,42.2,2024-08-05 15:15:00,2.7866242038216487,1.0499999999999972,38.73,2024-08-05 13:48:00,False,,True,2024-08-05 13:54:00,36.6,32.07587700782142,37.074519346468676,36.57311807913449,0.5575940621948448,0.08097823918771874,0.476615823007126
FLNA,2024-08-05,2024-08-05 13:43:00,True,clean_breakout,previous_high_break_with_pullback_low_support_or_previous_resistance,37.34,38.17,37.34,37.97,72897.0,47137.95,1.5464609725285041,0.7590361445783094,0.24096385542169066,0.0,0.7590361445783094,2024-08-05 13:41:00,37.76,37.7,51617.0,41307.0,0.1304347826086849,2024-08-05 13:42:00,37.11,37.35,0.3037974683544332,0.017213983050847422,0.005561440677966124,2.0,11.140373979457477,4.230000000000004,42.2,2024-08-05 15:15:00,2.001580194890698,0.759999999999998,38.73,2024-08-05 13:48:00,False,,True,2024-08-05 13:50:00,37.0,32.25604188887786,37.37775390539197,36.860949887137835,0.5894077621911293,0.0679719067805965,0.5214358554105328
FLNA,2024-08-05,2024-08-05 15:15:00,True,clean_breakout,previous_high_break_with_pullback_low_support_or_previous_resistance,41.54,42.2,41.4,42.005,38979.0,43490.15,0.896271914444995,0.5812500000000012,0.24374999999999905,0.17499999999999977,0.756250000000001,2024-08-05 15:09:00,42.0,41.0401,83090.0,43286.6,0.6651699152974804,2024-08-05 15:10:00,41.0401,41.36,0.1907619567194044,0.022854761904761847,0.00011904761904767995,6.0,0.3451970003570909,0.14499999999999602,42.15,2024-08-05 15:16:00,0.3451970003570909,0.14499999999999602,42.15,2024-08-05 15:16:00,False,,True,2024-08-05 15:16:00,40.58,34.76506543753774,41.41962986562423,40.87929562390514,0.6034239148502962,0.09992016968597373,0.5035037451643225
NCI,2024-09-19,2024-09-19 13:50:00,True,clean_breakout,previous_high_break_with_pullback_low_support_or_previous_resistance,2.9505,3.0775,2.9505,3.0775,1387.2,912.5799999999999,1.5200859102763595,1.0,0.0,0.0,1.0,2024-09-19 13:47:00,3.0375,3.013,140.0,763.9100000000001,0.0,2024-09-19 13:49:00,2.95,3.077,0.7843137254901936,0.028806584362139887,0.013168724279835403,3.0,54.34606011372867,1.6724999999999999,4.75,2024-09-19 15:29:00,17.14053614947197,0.5274999999999999,3.605,2024-09-19 14:12:00,True,10.0,False,,,2.820307706325187,3.0115558066308292,2.961764689451453,0.04709221739684866,0.019621879784287997,0.02747033761256066
KULR,2024-12-18,2024-12-18 09:49:00,True,clean_breakout,previous_high_break_with_pullback_low_support_or_previous_resistance,13.4,13.92,13.36,13.8496,69595.5,59247.85625,1.1746500954623147,0.8028571428571425,0.12571428571428445,0.07142857142857302,0.8742857142857156,2024-12-18 09:47:00,13.6,13.4408,26641.75,54591.50625,0.7499999999999944,2024-12-18 09:48:00,13.36,13.4624,0.6400000000000067,0.01764705882352943,0.01835294117647066,2.0,52.495378927911275,7.2704,21.12,2024-12-18 13:18:00,10.90573012939001,1.5103999999999989,15.36,2024-12-18 10:03:00,True,14.0,True,2024-12-18 09:52:00,13.28,12.778705288798081,13.355713357363319,12.979221454212322,0.4113157497427409,0.05998294565994211,0.35133280408279877
KULR,2024-12-18,2024-12-18 09:56:00,True,clean_breakout,previous_high_break_with_pullback_low_support_or_previous_resistance,13.44,14.0,13.44,13.96,113626.5,59261.7125,1.9173678114684924,0.9285714285714302,0.07142857142856984,0.0,0.9285714285714302,2024-12-18 09:50:00,13.92,13.8,69834.375,59904.425,0.09999999999999779,2024-12-18 09:52:00,13.28,13.3216,0.08695652173913189,0.045977011494252915,0.002873563218390871,6.0,51.28939828080229,7.16,21.12,2024-12-18 13:18:00,10.02865329512893,1.3999999999999986,15.36,2024-12-18 10:03:00,True,7.0,False,,,12.965025572737476,13.551566638682122,13.28617757207422,0.3409578070708772,-0.03220422718177485,0.37316203425265204
KULR,2024-12-18,2024-12-18 11:04:00,True,clean_breakout,previous_high_break_with_pullback_low_support_or_previous_resistance,17.0232,18.0,16.88,18.0,167046.375,73079.96875,2.2858024963235906,0.8721428571428571,0.0,0.12785714285714295,1.0,2024-12-18 11:01:00,17.36,16.7184,77595.5,63365.6125,0.18181818181818218,2024-12-18 11:02:00,16.64,16.96,0.1366666666666663,0.04147465437788012,0.03686635944700464,3.0,17.33333333333334,3.120000000000001,21.12,2024-12-18 13:18:00,5.777777777777773,1.0399999999999991,19.04,2024-12-18 11:13:00,False,,True,2024-12-18 11:08:00,16.48,14.555198796801054,16.934695305022668,16.327257716068544,0.6607543085843304,0.08667869641354486,0.5740756121707855
HKD,2025-05-29,2025-05-29 10:56:00,True,clean_breakout,previous_high_break_with_pullback_low_support_or_previous_resistance,2.86,3.2101,2.86,3.2101,397308.0,160438.2,2.4763927792757583,1.0,0.0,0.0,1.0,2025-05-29 10:50:00,3.03,2.8631,355264.0,105186.75,0.26470588235294085,2025-05-29 10:54:00,2.72,2.7581,0.22411764705882375,0.10231023102310219,0.05943894389438956,6.0,7.161770661350106,0.22989999999999977,3.44,2025-05-29 10:57:00,7.161770661350106,0.22989999999999977,3.44,2025-05-29 10:57:00,False,,False,,,2.636508926062552,2.8975045432486946,2.745860106407486,0.1675676772264727,0.012526524518399945,0.15504115270807275
BTCT,2025-01-17,2025-01-17 12:45:00,True,clean_breakout,previous_high_break_with_pullback_low_support_or_previous_resistance,6.62,6.8,6.56,6.765,210072.0,78036.75,2.6919624407730973,0.6041666666666644,0.1458333333333338,0.25000000000000183,0.8541666666666662,2025-01-17 12:43:00,6.66,6.6499,58432.0,68197.2,0.07915360501567735,2025-01-17 12:44:00,6.53,6.62,0.8181818181818211,0.019519519519519503,0.015765765765765695,2.0,46.339985218034016,3.134900000000001,9.8999,2025-01-17 14:50:00,14.855875831485587,1.005,7.77,2025-01-17 13:11:00,True,22.0,False,,,6.069092734606579,6.590445888749314,6.492466679739639,0.1040754592510611,0.02789927653903576,0.07617618271202534
BTCT,2025-01-17,2025-01-17 12:51:00,True,clean_breakout,previous_high_break_with_pullback_low_support_or_previous_resistance,6.8907,7.14,6.88,7.0643,387645.0,123340.95,3.142873473894923,0.6676923076923098,0.2911538461538442,0.04115384615384592,0.7088461538461558,2025-01-17 12:49:00,7.0,6.824,281360.0,108811.75,0.1031390134529133,2025-01-17 12:50:00,6.83,6.9399,0.07615384615384636,0.024285714285714275,0.009185714285714321,2.0,40.13985816004417,2.8356000000000003,9.8999,2025-01-17 14:50:00,9.989666350523043,0.7056999999999993,7.77,2025-01-17 13:11:00,False,,False,,,6.147846820078934,6.848368247060302,6.6883732075313995,0.16821849575669034,0.040310169701252896,0.12790832605543745
BTCT,2025-01-17,2025-01-17 14:21:00,True,clean_breakout,previous_high_break_with_pullback_low_support_or_previous_resistance,8.2599,8.49,8.1956,8.38,472205.0,250316.95,1.8864283860921123,0.4079483695652206,0.3736413043478247,0.21841032608695468,0.6263586956521753,2025-01-17 14:18:00,8.3,8.1704,357769.0,236915.0,0.6821052631578898,2025-01-17 14:19:00,8.11,8.2479,0.07324147933285946,0.022891566265060392,0.009638554216867478,3.0,18.137231503579947,1.5198999999999998,9.8999,2025-01-17 14:50:00,18.137231503579947,1.5198999999999998,9.8999,2025-01-17 14:50:00,True,24.0,True,2025-01-17 14:26:00,8.07,6.876269668968985,8.149473269069244,7.945357050972591,0.21280157712702596,0.045787182587881226,0.16701439453914474
CODX,2026-05-22,2026-05-22 15:05:00,True,clean_breakout,previous_high_break_with_pullback_low_support_or_previous_resistance,4.66,4.8499,4.6,4.815,109888.0,28366.05,3.8739267539893643,0.6202480992396963,0.1396558623449358,0.24009603841536792,0.8603441376550642,2026-05-22 15:02:00,4.77,4.7,120863.0,23678.25,0.3684210526315767,2026-05-22 15:04:00,4.65,4.7,0.2857142857142821,0.025157232704402354,0.009433962264151115,3.0,11.734164070612657,0.5649999999999995,5.38,2026-05-22 15:38:00,10.072689511941837,0.48499999999999943,5.3,2026-05-22 15:32:00,True,27.0,True,2026-05-22 15:12:00,4.59,3.8549827887215113,4.595648308875271,4.485031165317247,0.1061929389352354,0.048455441951993014,0.05773749698324239
IXHL,2025-05-14,2025-05-14 09:58:00,True,clean_breakout,previous_high_break_with_pullback_low_support_or_previous_resistance,15.7742,17.3372,15.7502,16.9622,383041.236216,242169.97494269995,1.5817040750267728,0.7485822306238179,0.23629489603024578,0.015122873345936304,0.7637051039697542,2025-05-14 09:42:00,16.7882,14.4361,631840.3482,216175.70155470003,0.5957549200881437,2025-05-14 09:45:00,13.8541,14.2621,0.30422787264186096,0.17477156574260486,0.010364422630180692,16.0,119.3135324427256,20.238200000000003,37.2004,2025-05-14 17:17:00,48.58508919833512,8.2411,25.2033,2025-05-14 10:11:00,True,4.0,False,,,10.962548534817836,15.785661107992016,14.913409464110622,1.0339149000118297,-0.0046338373605741,1.0385487373724038
IXHL,2025-05-14,2025-05-14 10:02:00,True,clean_breakout,previous_high_break_with_pullback_low_support_or_previous_resistance,17.1872,21.0002,17.1002,19.9832,425895.40767,231126.7587093,1.84269190658997,0.716923076923077,0.26076923076923075,0.02230769230769225,0.7392307692307692,2025-05-14 10:00:00,17.9702,16.7552,250754.692428,243390.64440254998,0.3877551020408144,2025-05-14 10:01:00,16.5902,17.1872,0.2014388489208625,0.07679380307397798,0.11201878665791154,2.0,86.15837303334803,17.217200000000002,37.2004,2025-05-14 17:17:00,26.122442851995668,5.220099999999999,25.2033,2025-05-14 10:11:00,True,2.0,False,,,11.372638870101568,17.13577286983353,15.909055942597789,1.334811090865145,0.2253833732129369,1.109427717652208
IXHL,2025-05-14,2025-05-14 12:59:00,True,clean_breakout,previous_high_break_with_pullback_low_support_or_previous_resistance,26.6223,28.2603,26.5983,27.7203,256571.867589,145360.86971010003,1.7650683302920054,0.6606498194945853,0.3249097472924177,0.014440433212996914,0.6750902527075823,2025-05-14 12:47:00,26.9883,26.6763,217067.862633,95757.27575099998,0.20967741935483716,2025-05-14 12:51:00,24.6002,25.8993,0.6185895909718588,0.08848649229480916,0.02712286435233056,12.0,34.19912482909637,9.4801,37.2004,2025-05-14 17:17:00,2.056254802437191,0.5699999999999967,28.2903,2025-05-14 13:00:00,False,,True,2025-05-14 13:02:00,22.5002,16.487700124392532,26.380639794420457,25.451522808953463,1.1151587695574072,-0.04279754429400029,1.1579563138514075
HYPD,2025-06-17,2025-06-17 10:01:00,True,clean_breakout,previous_high_break_with_pullback_low_support_or_previous_resistance,3.55,3.69,3.5298,3.62,61076.0,19695.7,3.1009814324954177,0.43695380774032605,0.4369538077403233,0.1260923845193507,0.5630461922596768,2025-06-17 09:57:00,3.575,3.5688,25433.0,16219.35,0.09538461538461797,2025-06-17 09:59:00,3.51,3.53,0.5,0.018181818181818292,0.012587412587412567,4.0,126.79558011049726,4.590000000000001,8.21,2025-06-17 15:06:00,35.35911602209945,1.2800000000000002,4.9,2025-06-17 10:26:00,True,6.0,False,,,3.37637400580586,3.5258073936113123,3.434139404985724,0.09804588361726863,0.01409734286866357,0.08394854074860505
HYPD,2025-06-17,2025-06-17 14:57:00,True,clean_breakout,previous_high_break_with_pullback_low_support_or_previous_resistance,5.58,6.4194,5.51,6.3,573913.0,82273.0,6.975714997629842,0.791730811524081,0.13129535957774416,0.07697382889817488,0.8687046404222558,2025-06-17 14:55:00,5.55,5.4245,521531.0,31254.5,0.17676056338028132,2025-06-17 14:56:00,5.27,5.5503,0.4577006507592203,0.0504504504504505,0.13513513513513514,2.0,30.317460317460338,1.910000000000001,8.21,2025-06-17 15:06:00,30.317460317460338,1.910000000000001,8.21,2025-06-17 15:06:00,True,3.0,False,,,4.664601228078562,5.3335207146650285,5.1053465212008105,0.1838895079872902,0.13293386676992303,0.05095564121736717
ARTV,2025-12-15,2025-12-15 10:50:00,True,clean_breakout,previous_high_break_with_pullback_low_support_or_previous_resistance,4.9056,5.12,4.9014,5.0801,281973.0,102621.4,2.747701746419363,0.7982616651418107,0.1825251601097905,0.019213174748398787,0.8174748398902095,2025-12-15 10:48:00,5.06,4.9339,287435.0,90570.4,0.6914219919401288,2025-12-15 10:49:00,4.88,4.9099,0.3737500000000057,0.035573122529644216,0.003972332015810322,2.0,42.71372610775379,2.1699,7.25,2025-12-15 15:12:00,10.234050510816713,0.5198999999999998,5.6,2025-12-15 11:16:00,True,25.0,True,2025-12-15 11:02:00,4.83,4.626998633921399,4.8867416384964955,4.802485219269703,0.0920728913790203,0.02099171005675768,0.07108118132226263
ARTV,2025-12-15,2025-12-15 15:00:00,True,clean_breakout,previous_high_break_with_pullback_low_support_or_previous_resistance,6.7501,6.98,6.67,6.93,194596.0,139616.5,1.3937894160074202,0.5803225806451602,0.16129032258064718,0.25838709677419264,0.8387096774193528,2025-12-15 14:58:00,6.85,6.81,290813.0,118673.7,0.19900497512437865,2025-12-15 14:59:00,6.65,6.7581,0.38997113997113836,0.0291970802919707,0.011678832116788333,2.0,4.617604617604622,0.3200000000000003,7.25,2025-12-15 15:12:00,4.617604617604622,0.3200000000000003,7.25,2025-12-15 15:12:00,False,,True,2025-12-15 15:14:00,6.63,5.392693859402582,6.630435181383523,6.410584011275532,0.2121205394157153,0.06985021906730315,0.14227032034841214
HSAI,2024-11-26,2024-11-26 10:51:00,True,clean_breakout,previous_high_break_with_pullback_low_support_or_previous_resistance,7.21,7.53,7.17,7.48,340464.0,240178.35,1.4175465856935066,0.7500000000000007,0.13888888888888828,0.1111111111111111,0.8611111111111117,2024-11-26 10:49:00,7.32,7.21,179426.0,240672.2,0.2777777777777808,2024-11-26 10:50:00,7.15,7.22,0.6363636363636341,0.023224043715846986,0.021857923497267777,2.0,14.3048128342246,1.0700000000000003,8.55,2024-11-26 11:07:00,14.3048128342246,1.0700000000000003,8.55,2024-11-26 11:07:00,True,14.0,False,,,6.205592599724588,7.151579415310147,6.886765747670464,0.32290246400880385,0.014554500481318455,0.3083479635274854
RGC,2025-07-03,2025-07-03 10:42:00,True,clean_breakout,previous_high_break_with_pullback_low_support_or_previous_resistance,20.66,21.88,20.53,21.7,186531.0,117063.8,1.5934131644453708,0.7703703703703709,0.13333333333333333,0.09629629629629571,0.8666666666666667,2025-07-03 10:31:00,21.5,21.25,110320.0,113828.4,0.3521126760563376,2025-07-03 10:35:00,19.13,19.32,0.13868613138686214,0.11023255813953493,0.009302325581395316,11.0,29.03225806451613,6.300000000000001,28.0,2025-07-03 10:54:00,29.03225806451613,6.300000000000001,28.0,2025-07-03 10:54:00,True,4.0,False,,,17.815208327012158,20.510612212482453,19.82896325957806,0.9188435668763404,-0.09067828355060814,1.0095218504269485
BNAI,2025-02-10,2025-02-10 10:15:00,True,clean_breakout,previous_high_break_with_pullback_low_support_or_previous_resistance,9.234,9.827,9.131,9.657,448615.8,296816.08,1.5114268741774366,0.6077586206896555,0.24425287356321837,0.14798850574712616,0.7557471264367817,2025-02-10 10:12:00,9.6,9.409,448055.8,291872.93000000005,0.19099999999999895,2025-02-10 10:14:00,8.8,9.23,0.7962962962962971,0.08333333333333323,0.00593750000000004,3.0,8.71906389147769,0.8420000000000005,10.499,2025-02-10 10:18:00,8.71906389147769,0.8420000000000005,10.499,2025-02-10 10:18:00,False,,True,2025-02-10 10:33:00,8.566,8.093787946141878,9.118343181549335,8.551611132707572,0.711652049209837,0.0007486232925041358,0.7109034259173329
EVTV,2026-03-18,2026-03-18 11:28:00,True,clean_breakout,previous_high_break_with_pullback_low_support_or_previous_resistance,1.72,1.74,1.72,1.74,12895.0,7513.95,1.7161413104958112,1.0,0.0,0.0,1.0,2026-03-18 11:26:00,1.73,1.73,6607.0,6844.2,0.0,2026-03-18 11:27:00,1.725,1.725,0.0,0.0028901734104045626,0.0057803468208092535,2.0,25.86206896551724,0.44999999999999996,2.19,2026-03-18 14:10:00,0.5747126436781614,0.010000000000000009,1.75,2026-03-18 11:37:00,False,,True,2026-03-18 11:31:00,1.72,1.6405168637165706,1.7200316451321496,1.7028286209210033,0.01990688786278083,0.0019830018815364947,0.017923885981244336
EVTV,2026-03-18,2026-03-18 12:56:00,True,clean_breakout,previous_high_break_with_pullback_low_support_or_previous_resistance,1.88,1.94,1.88,1.9308,20747.0,10693.45,1.9401596304279722,0.8466666666666689,0.1533333333333311,0.0,0.8466666666666689,2026-03-18 12:54:00,1.9,1.8997,39930.0,8982.3,0.01304347826086818,2026-03-18 12:55:00,1.86,1.88,0.4999999999999972,0.02105263157894727,0.01621052631578956,2.0,13.424487259167178,0.2591999999999999,2.19,2026-03-18 14:10:00,0.9944064636420076,0.019199999999999884,1.95,2026-03-18 12:57:00,False,,True,2026-03-18 13:01:00,1.84,1.718581861969797,1.8793686187893994,1.8486279324792958,0.03381066230948493,0.005357508192444942,0.028453154117039987
IVF,2025-10-16,2025-10-16 13:57:00,True,clean_breakout,previous_high_break_with_pullback_low_support_or_previous_resistance,65.164,72.0,64.8,70.8,46867.45,27700.123750000006,1.691958145132835,0.7827777777777769,0.166666666666667,0.05055555555555614,0.833333333333333,2025-10-16 13:55:00,67.6,66.0,35746.025,25690.358750000007,0.21428571428571247,2025-10-16 13:56:00,64.8,64.8,0.0,0.04142011834319523,0.04733727810650892,2.0,19.20338983050848,13.596000000000004,84.396,2025-10-16 15:46:00,14.689265536723173,10.400000000000006,81.2,2025-10-16 14:04:00,True,4.0,False,,,55.63093794517719,64.45732973294457,61.0706696222956,3.647493196324916,0.8419080703269937,2.8055851259979225
MTVA,2025-09-15,2025-09-15 13:41:00,True,clean_breakout,previous_high_break_with_pullback_low_support_or_previous_resistance,10.956,11.99,10.6931,11.66,65446.661826,23518.89011745,2.7827274798754815,0.5428329092451232,0.2544529262086513,0.2027141645462256,0.7455470737913487,2025-09-15 13:39:00,11.22,11.2178,66823.205904,18803.699378100002,0.0031545741324924027,2025-09-15 13:40:00,10.5721,10.923,0.5415959252971128,0.057745098039215674,0.039215686274509755,2.0,63.198113207547166,7.3689,19.0289,2025-09-15 15:51:00,35.84905660377358,4.18,15.84,2025-09-15 14:10:00,True,15.0,True,2025-09-15 13:48:00,9.9,10.262963125257746,10.610260753231982,9.86436157785502,0.777913474761311,0.1896455397799761,0.5882679349813349
MTVA,2025-09-15,2025-09-15 14:10:00,True,clean_breakout,previous_high_break_with_pullback_low_support_or_previous_resistance,14.6234,15.84,14.52,15.6222,143859.037959,84746.13798105,1.6975291309577811,0.7566666666666659,0.16500000000000029,0.07833333333333377,0.8349999999999997,2025-09-15 14:07:00,15.62,15.0579,129916.506447,75751.26970319999,0.3005882352941173,2025-09-15 14:09:00,14.08,14.6245,0.7071428571428566,0.0985915492957746,0.00014084507042254815,3.0,21.806787776369532,3.4067000000000007,19.0289,2025-09-15 15:51:00,0.69004365582313,0.107800000000001,15.73,2025-09-15 14:11:00,False,,True,2025-09-15 14:16:00,13.31,12.429984670395614,14.473871213480734,13.44490711841081,1.1677562095191245,0.13397120142355812,1.0337850080955664
BTCS,2024-11-12,2024-11-12 10:32:00,True,clean_breakout,previous_high_break_with_pullback_low_support_or_previous_resistance,2.09,2.1362,2.08,2.12,50830.0,22420.45,2.2671266633809757,0.5338078291814988,0.28825622775800686,0.17793594306049434,0.7117437722419931,2024-11-12 10:26:00,2.1,2.06,70959.0,17333.95,0.7272727272727258,2024-11-12 10:28:00,2.04,2.04,0.0,0.028571428571428595,0.009523809523809532,6.0,108.01886792452831,2.29,4.41,2024-11-12 11:05:00,74.0566037735849,1.5699999999999998,3.69,2024-11-12 10:54:00,True,5.0,False,,,1.985178535103478,2.069469770969765,2.0351038715000853,0.040390598792010124,0.002482547640212711,0.03790805115179741
BTCS,2024-11-12,2024-11-12 10:39:00,True,clean_breakout,previous_high_break_with_pullback_low_support_or_previous_resistance,2.25,2.47,2.25,2.36,124701.0,39395.35,3.1653735783537904,0.499999999999999,0.500000000000001,0.0,0.499999999999999,2024-11-12 10:37:00,2.3499,2.34,112049.0,32697.1,0.07621247113164006,2024-11-12 10:38:00,2.24,2.245,0.049999999999999115,0.04676794757223698,0.004298055236393037,2.0,86.86440677966102,2.0500000000000003,4.41,2024-11-12 11:05:00,86.86440677966102,2.0500000000000003,4.41,2024-11-12 11:05:00,True,8.0,False,,,2.0921806175760844,2.2242858589128787,2.1424650975638033,0.08308423823128086,0.02595958217592864,0.05712465605535222
BTCS,2024-11-12,2024-11-12 10:49:00,True,clean_breakout,previous_high_break_with_pullback_low_support_or_previous_resistance,2.59,2.79,2.55,2.78,334891.0,133824.05,2.5024724629093202,0.7916666666666657,0.041666666666667594,0.16666666666666666,0.9583333333333324,2024-11-12 10:47:00,2.73,2.73,395935.0,98152.85,0.0,2024-11-12 10:48:00,2.5,2.59,0.40909090909090806,0.08424908424908424,0.01831501831501825,2.0,58.633093525179866,1.6300000000000003,4.41,2024-11-12 11:05:00,58.633093525179866,1.6300000000000003,4.41,2024-11-12 11:05:00,True,1.0,False,,,2.3726347726033854,2.530619604827693,2.3789516354879954,0.15514342900549183,0.04178888003835486,0.11335454896713697
PDYN,2024-11-22,2024-11-22 10:09:00,True,clean_breakout,previous_high_break_with_pullback_low_support_or_previous_resistance,2.75,2.9,2.69,2.855,398481.0,70168.6,5.678907659551423,0.5,0.214285714285714,0.28571428571428603,0.785714285714286,2024-11-22 10:07:00,2.65,2.6199,76114.0,46842.0,0.24999999999999445,2024-11-22 10:08:00,2.61,2.745,0.05555555555555679,0.015094339622641523,0.07735849056603776,2.0,76.88266199649738,2.195,5.05,2024-11-22 15:25:00,22.59194395796848,0.645,3.5,2024-11-22 10:37:00,True,8.0,False,,,2.5305039062753774,2.657421415211804,2.5753277146917695,0.08885468036546218,0.018502974021290516,0.07035170634417166
PDYN,2024-11-22,2024-11-22 10:17:00,True,clean_breakout,previous_high_break_with_pullback_low_support_or_previous_resistance,2.891,3.16,2.89,3.09,985326.0,206620.95,4.768761347772333,0.7370370370370364,0.2592592592592603,0.0037037037037032958,0.7407407407407397,2024-11-22 10:11:00,2.92,2.84,428989.0,103717.25,0.6446414182111213,2024-11-22 10:14:00,2.65,2.7495,0.6666666666666666,0.09246575342465754,0.05821917808219176,6.0,63.43042071197411,1.96,5.05,2024-11-22 15:25:00,13.268608414239488,0.41000000000000014,3.5,2024-11-22 10:37:00,True,7.0,False,,,2.73885741974421,2.842752870060342,2.7297184833936585,0.12214215870280265,0.021757587516588392,0.10038457118621426
AUST,2026-01-23,2026-01-23 09:51:00,True,clean_breakout,previous_high_break_with_pullback_low_support_or_previous_resistance,2.3489,2.5,2.3489,2.4751,55517.0,36891.0,1.50489279227996,0.8352084712111175,0.16479152878888248,0.0,0.8352084712111175,2026-01-23 09:48:00,2.45,2.3635,83623.0,29124.1,0.6178571428571424,2026-01-23 09:50:00,2.3,2.45,0.4333333333333349,0.061224489795918505,0.010244897959183541,3.0,58.37339905458367,1.4448000000000003,3.9199,2026-01-23 13:10:00,13.934790513514606,0.3449,2.82,2026-01-23 09:54:00,True,2.0,False,,,2.226792274940707,2.330812695536056,2.21390755547707,0.11167997063178703,0.04134668687757982,0.07033328375420721
AUST,2026-01-23,2026-01-23 12:22:00,True,clean_breakout,previous_high_break_with_pullback_low_support_or_previous_resistance,2.49,2.6,2.49,2.58,49531.0,11526.05,4.297309138863705,0.8181818181818178,0.18181818181818218,0.0,0.8181818181818178,2026-01-23 12:17:00,2.5,2.4504,16243.0,10399.2,0.0,2026-01-23 12:21:00,2.48,2.49,0.4999999999999778,0.008000000000000007,0.03200000000000003,5.0,51.934108527131784,1.3399,3.9199,2026-01-23 13:10:00,27.51937984496124,0.71,3.29,2026-01-23 12:50:00,True,13.0,False,,,2.3894642889761104,2.496991554367537,2.462063922292575,0.03897816175241875,0.004123882745291456,0.034854279007127294
AUST,2026-01-23,2026-01-23 13:09:00,True,clean_breakout,previous_high_break_with_pullback_low_support_or_previous_resistance,3.54,3.79,3.5,3.748,710055.0,513961.05,1.381534651312585,0.7172413793103454,0.1448275862068959,0.13793103448275873,0.8551724137931042,2026-01-23 13:06:00,3.69,3.58,514568.0,508819.65,0.6470588235294114,2026-01-23 13:07:00,3.42,3.5001,0.4450000000000012,0.07317073170731708,0.01571815718157189,3.0,4.586446104589113,0.17189999999999994,3.9199,2026-01-23 13:10:00,4.586446104589113,0.17189999999999994,3.9199,2026-01-23 13:10:00,False,,True,2026-01-23 13:11:00,3.3751,3.0703988058646297,3.557878299354317,3.420659425413637,0.1740330260723879,-0.008863578416325235,0.18289660448871314
HWH,2025-09-02,2025-09-02 10:03:00,True,clean_breakout,previous_high_break_with_pullback_low_support_or_previous_resistance,3.1558,3.6999,3.14,3.5,3070759.0,1314908.65,2.335340177433619,0.6147526343989997,0.35702804072155747,0.02821932487944283,0.6429719592784425,2025-09-02 09:59:00,3.28,3.201,1471411.0,1121442.55,0.08333333333333179,2025-09-02 10:00:00,3.07,3.1365,0.4749999999999996,0.06402439024390243,0.06707317073170738,4.0,122.0,4.27,7.77,2025-09-02 12:24:00,34.28571428571429,1.2000000000000002,4.7,2025-09-02 10:12:00,True,1.0,False,,,2.821617585684284,3.178494772812205,3.003206735893466,0.1875741137153466,0.028616320476493762,0.15895779323885284
HWH,2025-09-02,2025-09-02 11:27:00,True,clean_breakout,previous_high_break_with_pullback_low_support_or_previous_resistance,6.44,6.85,6.295,6.85,1510099.0,1258392.05,1.2000226797364144,0.7387387387387377,0.0,0.2612612612612622,1.0,2025-09-02 11:23:00,6.8,6.7663,1687963.0,1356887.05,0.10212121212121095,2025-09-02 11:25:00,6.27,6.47,0.7692307692307679,0.07794117647058828,0.007352941176470562,4.0,13.43065693430657,0.9199999999999999,7.77,2025-09-02 12:24:00,8.613138686131398,0.5900000000000007,7.44,2025-09-02 11:31:00,False,,True,2025-09-02 11:38:00,6.17,3.960746187374431,6.356073856478499,5.915471557188225,0.47444051438157775,0.10531857315175602,0.3691219412298217
PDYN,2024-11-22,2024-11-22 10:09:00,True,clean_breakout,previous_high_break_with_pullback_low_support_or_previous_resistance,2.75,2.9,2.69,2.855,398481.0,70168.6,5.678907659551423,0.5,0.214285714285714,0.28571428571428603,0.785714285714286,2024-11-22 10:07:00,2.65,2.6199,76114.0,46842.0,0.24999999999999445,2024-11-22 10:08:00,2.61,2.745,0.05555555555555679,0.015094339622641523,0.07735849056603776,2.0,76.88266199649738,2.195,5.05,2024-11-22 15:25:00,22.59194395796848,0.645,3.5,2024-11-22 10:37:00,True,8.0,False,,,2.5305039062753774,2.657421415211804,2.5753277146917695,0.08885468036546218,0.018502974021290516,0.07035170634417166
PDYN,2024-11-22,2024-11-22 10:17:00,True,clean_breakout,previous_high_break_with_pullback_low_support_or_previous_resistance,2.891,3.16,2.89,3.09,985326.0,206620.95,4.768761347772333,0.7370370370370364,0.2592592592592603,0.0037037037037032958,0.7407407407407397,2024-11-22 10:11:00,2.92,2.84,428989.0,103717.25,0.6446414182111213,2024-11-22 10:14:00,2.65,2.7495,0.6666666666666666,0.09246575342465754,0.05821917808219176,6.0,63.43042071197411,1.96,5.05,2024-11-22 15:25:00,13.268608414239488,0.41000000000000014,3.5,2024-11-22 10:37:00,True,7.0,False,,,2.73885741974421,2.842752870060342,2.7297184833936585,0.12214215870280265,0.021757587516588392,0.10038457118621426
ELAB,2026-03-31,2026-03-31 15:46:00,True,clean_breakout,previous_high_break_with_pullback_low_support_or_previous_resistance,6.02,6.36,6.0,6.3015,464151.0,217924.95,2.129866268180858,0.7819444444444446,0.1625000000000011,0.055555555555554324,0.8374999999999989,2026-03-31 15:39:00,6.07,6.028,454771.0,200918.4,0.16806722689075895,2026-03-31 15:41:00,5.79,5.805,0.11538461538461302,0.046128500823723266,0.0381383855024711,7.0,40.44275172577957,2.5484999999999998,8.85,2026-03-31 18:31:00,14.734587003094509,0.9285000000000005,7.23,2026-03-31 16:16:00,True,27.0,True,2026-03-31 15:56:00,5.78,4.548227679727895,5.971525729018545,5.77692136015434,0.22560055204342255,0.021129446683587738,0.20447110535983481
OPTX,2024-12-20,2024-12-20 10:02:00,True,clean_breakout,previous_high_break_with_pullback_low_support_or_previous_resistance,2.2,2.29,2.2,2.26,14753.0,11328.0,1.302348163841808,0.6666666666666634,0.33333333333333665,0.0,0.6666666666666634,2024-12-20 09:54:00,2.22,2.205,9511.0,8699.6,0.31772575250836294,2024-12-20 09:55:00,2.1563,2.1999,0.8119180633147117,0.02869369369369383,0.018018018018017834,8.0,98.67256637168144,2.2300000000000004,4.49,2024-12-20 15:23:00,13.256637168141609,0.2996000000000003,2.5596,2024-12-20 10:29:00,True,22.0,True,2024-12-20 10:03:00,2.1558,2.0194577819710218,2.1934604388145154,2.1406703902726343,0.06328444745059247,-0.0010506081336995737,0.06433505558429205
OPTX,2024-12-20,2024-12-20 10:14:00,True,clean_breakout,previous_high_break_with_pullback_low_support_or_previous_resistance,2.2801,2.35,2.2801,2.3364,13550.0,11556.0,1.1725510557286258,0.8054363376251751,0.19456366237482495,0.0,0.8054363376251751,2024-12-20 10:11:00,2.32,2.29,9528.0,11703.0,0.023333333333323512,2024-12-20 10:12:00,2.2401,2.2999,0.834448160535117,0.034439655172413736,0.007068965517241367,3.0,92.17599726074305,2.1536000000000004,4.49,2024-12-20 15:23:00,41.264338298236616,0.9641000000000002,3.3005,2024-12-20 10:36:00,True,20.0,False,,,2.0835268966765996,2.2865274526115678,2.2385723488253784,0.06010124904952541,0.0010770617246348424,0.059024187324890565
DRMA,2026-01-26,2026-01-26 12:27:00,True,clean_breakout,previous_high_break_with_pullback_low_support_or_previous_resistance,3.44,3.84,3.3401,3.81,722628.0,226025.7,3.197105461901014,0.7401480296059217,0.06001200240047973,0.19983996799359857,0.9399879975995202,2026-01-26 12:23:00,3.64,3.35,447206.0,161292.1,0.1470588235294124,2026-01-26 12:26:00,3.28,3.4386,0.8823529411764708,0.09890109890109898,0.04670329670329668,4.0,22.30971128608924,0.8500000000000001,4.66,2026-01-26 12:33:00,22.30971128608924,0.8500000000000001,4.66,2026-01-26 12:33:00,True,2.0,False,,,3.2329299587266696,3.4409257438563494,3.201183298454272,0.2588456274571187,0.036886014222828334,0.22195961323429036
BENF,2025-09-30,2025-09-30 11:44:00,True,clean_breakout,previous_high_break_with_pullback_low_support_or_previous_resistance,5.16,5.52,5.1496,5.3656,325481.375,109839.89375,2.9632346125607936,0.5550755939524838,0.41684665226781914,0.02807775377969699,0.5831533477321809,2025-09-30 11:41:00,5.28,5.2168,294555.75,89448.51875,0.3434782608695657,2025-09-30 11:43:00,5.088,5.1576,0.4531250000000023,0.0363636363636364,0.01621212121212111,3.0,61.025793946622954,3.274400000000001,8.64,2025-09-30 14:46:00,14.805427165647838,0.7944000000000004,6.16,2025-09-30 11:56:00,True,11.0,False,,,4.818054273464528,5.130286565788387,5.026336538899129,0.09657101553710756,0.0532642953286523,0.04330672020845526
BENF,2025-09-30,2025-09-30 11:45:00,True,clean_breakout,previous_high_break_with_pullback_low_support_or_previous_resistance,5.3752,5.696,5.2808,5.5888,345160.375,123600.15,2.7925562792601792,0.5144508670520226,0.25818882466281273,0.22736030828516465,0.7418111753371872,2025-09-30 11:41:00,5.28,5.2168,294555.75,89448.51875,0.3434782608695657,2025-09-30 11:43:00,5.088,5.1576,0.4531250000000023,0.0363636363636364,0.05848484848484843,4.0,54.594904093902095,3.0512000000000006,8.64,2025-09-30 14:46:00,10.22044088176353,0.5712000000000002,6.16,2025-09-30 11:56:00,True,11.0,False,,,4.826058963180405,5.22198925263071,5.079904487575402,0.12915041086776213,0.0711154983625081,0.05803491250525402
NCI,2026-02-11,2026-02-11 10:42:00,True,clean_breakout,previous_high_break_with_pullback_low_support_or_previous_resistance,1.1601,1.38,1.1601,1.38,359508.0,40917.2,8.786231706959422,1.0,0.0,0.0,1.0,2026-02-11 10:40:00,1.16,1.11,105196.0,16083.15,0.3129999999999993,2026-02-11 10:41:00,1.1001,1.1637,0.0,0.05163793103448262,0.1896551724137931,2.0,147.10144927536234,2.0300000000000002,3.41,2026-02-11 15:58:00,36.94927536231884,0.5099,1.8899,2026-02-11 11:08:00,True,22.0,False,,,1.1634179107367808,1.1460458199712091,1.0759279644148783,0.06605569800123057,0.028046968333774444,0.03800872966745612
NCI,2026-02-11,2026-02-11 11:17:00,True,clean_breakout,previous_high_break_with_pullback_low_support_or_previous_resistance,1.76,2.03,1.73,1.98,1244327.0,786034.55,1.5830436461094488,0.7333333333333337,0.16666666666666619,0.10000000000000014,0.8333333333333338,2026-02-11 11:15:00,1.94,1.8179,1002801.0,704059.7,0.5405405405405399,2026-02-11 11:16:00,1.74,1.7506,0.09636363636363576,0.10309278350515462,0.020618556701030948,2.0,72.22222222222223,1.4300000000000002,3.41,2026-02-11 15:58:00,5.555555555555549,0.10999999999999988,2.09,2026-02-11 11:21:00,False,,True,2026-02-11 11:28:00,1.64,1.5945968309900977,1.8016862525001134,1.659899976134887,0.1670866128334274,0.0034331403845866415,0.16365347244884076
NCI,2026-02-11,2026-02-11 15:01:00,True,clean_breakout,previous_high_break_with_pullback_low_support_or_previous_resistance,1.895,2.22,1.86,2.22,711494.0,219465.15,3.241945247343371,0.902777777777778,0.0,0.09722222222222197,1.0,2026-02-11 14:59:00,1.87,1.83,250843.0,164259.5,0.5706134094151214,2026-02-11 15:00:00,1.83,1.9,0.0,0.021390374331550818,0.18716577540106955,2.0,53.6036036036036,1.19,3.41,2026-02-11 15:58:00,35.13063063063061,0.7798999999999996,2.9999,2026-02-11 15:26:00,True,6.0,False,,,1.641251242769152,1.8628738374900062,1.7390446691128232,0.11480044507824139,0.04570899182655448,0.0690914532516869
EDHL,2025-10-14,2025-10-14 09:58:00,True,clean_breakout,previous_high_break_with_pullback_low_support_or_previous_resistance,17.12,19.04,17.12,19.0336,114155.6875,46089.75,2.4768129030858272,0.996666666666667,0.0033333333333329693,0.0,0.996666666666667,2025-10-14 09:51:00,17.92,16.6192,75979.375,45719.221875,0.7390909090909098,2025-10-14 09:52:00,14.9936,15.8256,0.5053449951409129,0.16330357142857146,0.062142857142857034,7.0,1.7148621385339589,0.3263999999999996,19.36,2025-10-14 09:59:00,1.7148621385339589,0.3263999999999996,19.36,2025-10-14 09:59:00,False,,True,2025-10-14 10:06:00,14.7936,14.847226628008418,16.888459028512855,15.808306505294892,1.2119409451870382,0.12721309963268945,1.0847278455543488
EDHL,2025-10-14,2025-10-14 15:55:00,True,clean_breakout,previous_high_break_with_pullback_low_support_or_previous_resistance,15.84,17.28,15.84,17.2656,32949.4375,5546.603125,5.940471448459728,0.9899999999999987,0.010000000000001357,0.0,0.9899999999999987,2025-10-14 15:52:00,15.976,15.888,8991.9375,3763.625,0.0,2025-10-14 15:53:00,15.464,15.7904,0.6986301369863004,0.03204807210816227,0.08072108162243354,3.0,3.7901955333148143,0.6544000000000025,17.92,2025-10-14 15:58:00,3.7901955333148143,0.6544000000000025,17.92,2025-10-14 15:58:00,False,,True,2025-10-14 16:09:00,15.04,15.241702515173683,15.954348483043898,15.588376897409882,0.3298208931364961,0.15120861304751668,0.17861228008897942
AQMS,2025-10-14,2025-10-14 11:12:00,True,clean_breakout,previous_high_break_with_pullback_low_support_or_previous_resistance,18.685,21.14,18.61,21.14,251937.0,61084.95,4.124371060302088,0.9703557312252967,0.0,0.029644268774703265,1.0,2025-10-14 11:08:00,19.62,19.1047,87115.0,44674.1,0.0967741935483906,2025-10-14 11:11:00,18.61,18.6327,0.03401258615522979,0.051478083588175405,0.07747196738022423,4.0,86.37653736991484,18.259999999999998,39.4,2025-10-14 15:37:00,8.751182592242184,1.8499999999999979,22.99,2025-10-14 11:19:00,False,,False,,,17.854550285380842,19.24325741859089,18.58507217358277,0.6286990852226779,0.2534073925846769,0.375291692638001
AQMS,2025-10-14,2025-10-14 15:10:00,True,clean_breakout,previous_high_break_with_pullback_low_support_or_previous_resistance,32.0999,34.27,31.7405,33.65,225914.0,107315.35,2.1051415291475077,0.6128088555050402,0.2451077288001597,0.14208341569480012,0.7548922711998403,2025-10-14 15:03:00,32.9,31.3094,214097.0,97556.45,0.5243902439024393,2025-10-14 15:06:00,30.5,32.25,0.4545454545454555,0.07294832826747716,0.022796352583586626,7.0,17.087667161961367,5.75,39.4,2025-10-14 15:37:00,17.087667161961367,5.75,39.4,2025-10-14 15:37:00,True,4.0,False,,,22.681898974362277,31.587372277654392,30.061411226968218,1.7100854642734333,0.1505774039218728,1.5595080603515605
AQMS,2025-10-14,2025-10-14 15:14:00,True,clean_breakout,previous_high_break_with_pullback_low_support_or_previous_resistance,34.2788,37.57,33.86,37.57,302243.0,129746.65,2.3294859636067677,0.8871159029649603,0.0,0.11288409703503971,1.0,2025-10-14 15:11:00,35.44,34.6,227181.0,117503.2,0.35729476818375017,2025-10-14 15:12:00,33.39,34.1,0.46499443316523803,0.05784424379232498,0.06010158013544026,3.0,4.8709076390737245,1.8299999999999983,39.4,2025-10-14 15:37:00,4.8709076390737245,1.8299999999999983,39.4,2025-10-14 15:37:00,False,,True,2025-10-14 15:18:00,33.27,23.07952607853546,33.84002768492724,31.772426162502892,2.221226726230654,0.39192399184496685,1.8293027343856871
BAOS,2025-05-12,2025-05-12 12:42:00,True,clean_breakout,previous_high_break_with_pullback_low_support_or_previous_resistance,6.365,7.21,6.08,7.07,820229.0,563492.1,1.455617567664214,0.6238938053097346,0.12389380530973425,0.25221238938053114,0.8761061946902657,2025-05-12 12:33:00,6.47,5.8935,709166.0,330918.2,0.7234482758620688,2025-05-12 12:34:00,5.5,5.625,0.24509803921568638,0.14992272024729517,0.0927357032457497,9.0,17.3974540311174,1.2300000000000004,8.3,2025-05-12 12:47:00,17.3974540311174,1.2300000000000004,8.3,2025-05-12 12:47:00,True,3.0,False,,,5.21951446617185,6.174739211909953,5.48184824241544,0.8293022378637493,0.000158573989123445,0.8291436638746259
PSNL,2024-07-19,2024-07-19 12:10:00,True,clean_breakout,previous_high_break_with_pullback_low_support_or_previous_resistance,2.97,3.03,2.96,3.01,54195.0,11089.4,4.8870993922123835,0.5714285714285668,0.28571428571428664,0.14285714285714649,0.7142857142857134,2024-07-19 11:50:00,3.0,2.9534,67633.0,14072.8,0.21244635193133,2024-07-19 11:53:00,2.91,2.92,0.4999999999999889,0.029999999999999954,0.0033333333333332624,20.0,50.16611295681063,1.5099999999999998,4.52,2024-07-19 13:56:00,8.305647840531561,0.25,3.26,2024-07-19 12:40:00,False,,False,,,2.801309786234469,2.966964681073656,2.9549310719570445,0.01545418210511329,-0.0001450852256200605,0.01559926733073335
PSNL,2024-07-19,2024-07-19 12:43:00,True,clean_breakout,previous_high_break_with_pullback_low_support_or_previous_resistance,3.2202,3.3099,3.2202,3.3099,49532.0,31174.05,1.5888856276293906,1.0,0.0,0.0,1.0,2024-07-19 12:41:00,3.2799,3.27,44457.0,27747.8,0.19839679358717452,2024-07-19 12:42:00,3.22,3.23,0.19999999999999646,0.018262751913168035,0.0091466203237903,2.0,36.56001691894014,1.2100999999999997,4.52,2024-07-19 13:56:00,7.5198646484788165,0.24890000000000034,3.5588,2024-07-19 13:13:00,False,,False,,,2.945398090380134,3.2249010260084914,3.176070260529701,0.053290346239627695,0.011567760043664888,0.04172258619596281
PSNL,2024-07-19,2024-07-19 12:49:00,True,clean_breakout,previous_high_break_with_pullback_low_support_or_previous_resistance,3.2513,3.316,3.25,3.315,40466.0,35122.85,1.1521274611826775,0.9651515151515155,0.01515151515151352,0.01969696969697094,0.9848484848484865,2024-07-19 12:44:00,3.31,3.3,64596.0,33584.2,0.2712328767123278,2024-07-19 12:46:00,3.24,3.2699,0.9966666666666596,0.021148036253776387,0.001510574018126856,5.0,36.34992458521869,1.2049999999999996,4.52,2024-07-19 13:56:00,11.309200603318258,0.37490000000000023,3.6899,2024-07-19 13:18:00,True,26.0,False,,,2.9704172399347457,3.264631014561971,3.2220252909901257,0.051978682901821394,0.0006158964971146874,0.051362786404706706
PSNL,2024-07-19,2024-07-19 12:50:00,True,clean_breakout,previous_high_break_with_pullback_low_support_or_previous_resistance,3.32,3.4,3.3,3.37,94075.0,37627.95,2.5001362019456286,0.5000000000000022,0.29999999999999777,0.2,0.7000000000000022,2024-07-19 12:44:00,3.31,3.3,64596.0,33584.2,0.2712328767123278,2024-07-19 12:46:00,3.24,3.2699,0.9966666666666596,0.021148036253776387,0.018126888217522674,6.0,34.12462908011868,1.1499999999999995,4.52,2024-07-19 13:56:00,9.492581602373889,0.3199000000000001,3.6899,2024-07-19 13:18:00,False,,False,,,2.9835729600949636,3.285704811649577,3.2361181204196376,0.057474730950947794,0.004127180158162602,0.05334755079278519
PSNL,2024-07-19,2024-07-19 13:13:00,True,clean_breakout,previous_high_break_with_pullback_low_support_or_previous_resistance,3.4588,3.5588,3.4588,3.5588,82805.0,48824.9,1.6959584146613715,1.0,0.0,0.0,1.0,2024-07-19 13:09:00,3.52,3.4908,63790.0,52740.85,0.3649999999999983,2024-07-19 13:12:00,3.45,3.455,0.24999999999999445,0.01988636363636359,0.011022727272727321,4.0,27.009104192424395,0.9611999999999994,4.52,2024-07-19 13:56:00,13.802405305159033,0.49119999999999964,4.05,2024-07-19 13:42:00,True,26.0,False,,,3.10960856288776,3.4667947631033176,3.4123827424607027,0.06198664373053653,0.010055021205638719,0.05193162252489781
PSNL,2024-07-19,2024-07-19 13:51:00,True,clean_breakout,previous_high_break_with_pullback_low_support_or_previous_resistance,4.1188,4.22,4.0999,4.215,303817.0,178554.7,1.7015345997613056,0.8009991673605306,0.04163197335553621,0.15736885928393324,0.9583680266444637,2024-07-19 13:49:00,4.19,4.14,213693.0,169152.25,0.17166666666666483,2024-07-19 13:50:00,4.03,4.12,0.7499999999999981,0.03818615751789979,0.00596658711217171,2.0,7.236061684460254,0.3049999999999997,4.52,2024-07-19 13:56:00,7.236061684460254,0.3049999999999997,4.52,2024-07-19 13:56:00,False,,True,2024-07-19 13:58:00,3.7609,3.552317753961268,4.091966168603543,3.9677271441215276,0.1397286974918579,0.0184404818026572,0.1212882156892007
AIRE,2025-10-23,2025-10-23 09:47:00,True,clean_breakout,previous_high_break_with_pullback_low_support_or_previous_resistance,17.85,18.7475,17.7025,18.5175,16750.52,7077.246000000002,2.3668133056276406,0.6387559808612422,0.2200956937799051,0.14114832535885274,0.7799043062200949,2025-10-23 09:45:00,17.7475,17.575,10381.36,5474.872,0.36702127659574435,2025-10-23 09:46:00,17.6525,17.85,0.2589928057553952,0.005352866600929645,0.04338639244964077,2.0,41.75779667881735,7.732500000000002,26.25,2025-10-23 14:41:00,7.8709329013095894,1.4575000000000031,19.975,2025-10-23 10:17:00,False,,False,,,16.57840794896881,17.54818869817393,17.187710537658116,0.3343673561250071,0.13192817375081758,0.20243918237418954
AIRE,2025-10-23,2025-10-23 14:41:00,True,clean_breakout,previous_high_break_with_pullback_low_support_or_previous_resistance,25.305,26.25,25.25,25.9975,39506.6,19714.006,2.00398640438681,0.692499999999999,0.2525000000000013,0.054999999999999716,0.7474999999999987,2025-10-23 14:34:00,25.5,25.225,58775.68,17076.220000000005,0.21999999999999886,2025-10-23 14:36:00,24.625,24.75,0.3333333333333333,0.03431372549019608,0.019509803921568578,7.0,0.9712472353110926,0.2525000000000013,26.25,2025-10-23 14:42:00,0.9712472353110926,0.2525000000000013,26.25,2025-10-23 14:42:00,False,,True,2025-10-23 14:49:00,24.5,21.716875723740568,25.22883712136802,24.745756429719794,0.5295098178762458,0.06967443146910735,0.4598353864071385
ACRV,2025-09-08,2025-09-08 11:03:00,True,clean_breakout,previous_high_break_with_pullback_low_support_or_previous_resistance,1.705,1.795,1.7,1.775,244689.0,69088.0,3.541700440018527,0.7368421052631564,0.21052631578947392,0.05263157894736965,0.7894736842105261,2025-09-08 11:00:00,1.72,1.7099,49707.0,62475.9,0.3494809688581323,2025-09-08 11:02:00,1.69,1.7002,0.25000000000000555,0.017441860465116296,0.03197674418604648,3.0,50.42253521126761,0.895,2.67,2025-09-08 14:51:00,5.633802816901413,0.10000000000000009,1.875,2025-09-08 11:07:00,False,,False,,,1.570779546965364,1.7130009656211105,1.6909315320301608,0.029050334636266717,-0.0011607521473637715,0.03021108678363049
ACRV,2025-09-08,2025-09-08 14:34:00,True,clean_breakout,previous_high_break_with_pullback_low_support_or_previous_resistance,1.8206,1.86,1.8206,1.86,71984.0,17030.4,4.226794438181135,1.0,0.0,0.0,1.0,2025-09-08 14:32:00,1.84,1.84,27314.0,12782.25,0.0,2025-09-08 14:33:00,1.82,1.8211,0.054999999999993894,0.010869565217391313,0.010869565217391313,2.0,43.548387096774185,0.8099999999999998,2.67,2025-09-08 14:51:00,43.548387096774185,0.8099999999999998,2.67,2025-09-08 14:51:00,True,3.0,False,,,1.6316170169468898,1.8283243214631866,1.8152675999365444,0.012432228277248214,0.0057494392179525755,0.0066827890592956385
ACRV,2025-09-08,2025-09-08 14:35:00,True,clean_breakout,previous_high_break_with_pullback_low_support_or_previous_resistance,1.8599,1.96,1.85,1.955,262635.0,28936.35,9.076300224458164,0.8645454545454552,0.04545454545454454,0.09000000000000029,0.9545454545454555,2025-09-08 14:33:00,1.84,1.8211,22318.0,13521.2,0.0,2025-09-08 14:34:00,1.8206,1.86,0.0,0.01054347826086961,0.06249999999999999,2.0,36.57289002557544,0.7149999999999999,2.67,2025-09-08 14:51:00,36.57289002557544,0.7149999999999999,2.67,2025-09-08 14:51:00,True,11.0,False,,,1.6348391605032129,1.8536594571705494,1.8285754475616354,0.022000713024832752,0.012605154523769316,0.009395558501063436
HOUR,2024-12-24,2024-12-24 10:14:00,True,clean_breakout,previous_high_break_with_pullback_low_support_or_previous_resistance,3.35,3.85,3.27,3.8192,1280131.0,722206.4,1.7725279089191122,0.8089655172413789,0.05310344827586234,0.13793103448275873,0.9468965517241377,2024-12-24 10:09:00,3.58,3.5199,1203107.0,524307.35,0.18810641627543112,2024-12-24 10:12:00,3.05,3.3298,0.24415765608650242,0.14804469273743023,0.06681564245810052,5.0,80.66610808546294,3.0808000000000004,6.9,2024-12-24 11:24:00,53.17343946376204,2.0307999999999997,5.85,2024-12-24 10:33:00,True,8.0,False,,,2.7681360496740357,3.2910136726739374,2.971375646976348,0.3364301100687186,0.06980284450246493,0.26662726556625366
AGIG,2025-01-21,2025-01-21 11:06:00,True,clean_breakout,previous_high_break_with_pullback_low_support_or_previous_resistance,20.3,21.2,20.1,20.901,10585.7,2098.1300000000006,5.045302245332747,0.5463636363636366,0.2718181818181819,0.18181818181818152,0.7281818181818182,2025-01-21 11:04:00,20.0,19.899,3065.2,1278.8149999999998,0.33333333333333726,2025-01-21 11:05:00,19.8,20.373,0.1745200698080241,0.009999999999999964,0.04504999999999999,2.0,53.10272235778193,11.099,32.0,2025-01-21 12:00:00,17.697717812544862,3.6990000000000016,24.6,2025-01-21 11:23:00,True,16.0,False,,,18.997458108071985,19.95236611179246,19.514609717384303,0.4486273159994951,0.13001630131312758,0.31861101468636754
AGIG,2025-01-21,2025-01-21 11:23:00,True,clean_breakout,previous_high_break_with_pullback_low_support_or_previous_resistance,22.819,24.6,22.7,24.5,29000.7,7304.540000000001,3.97022947372456,0.8847368421052627,0.05263157894736911,0.06263157894736823,0.9473684210526309,2025-01-21 11:20:00,22.9,21.95,12143.3,4508.679999999999,0.1999999999999993,2025-01-21 11:21:00,21.5,22.75,0.30769230769230643,0.06113537117903924,0.06986899563318784,3.0,30.612244897959183,7.5,32.0,2025-01-21 12:00:00,14.285714285714285,3.5,28.0,2025-01-21 11:45:00,True,20.0,False,,,21.06680877662496,22.46382000201703,21.504335415950834,0.9759546383570452,0.29236562920875586,0.6835890091482894
AGIG,2025-01-21,2025-01-21 11:57:00,True,clean_breakout,previous_high_break_with_pullback_low_support_or_previous_resistance,26.7,28.3,26.6,28.2,61706.7,32280.695,1.9115666499745436,0.882352941176471,0.058823529411765565,0.05882352941176348,0.9411764705882344,2025-01-21 11:45:00,28.0,27.241,47106.3,24195.515000000003,0.6999999999999993,2025-01-21 11:50:00,25.7,26.0,0.25,0.08214285714285717,0.0071428571428571175,12.0,13.475177304964541,3.8000000000000007,32.0,2025-01-21 12:00:00,13.475177304964541,3.8000000000000007,32.0,2025-01-21 12:00:00,True,1.0,False,,,24.754748081243328,26.778430555584517,26.088131602447802,0.9251663238947749,-0.09053735200912927,1.0157036759039042
QMCO,2024-12-18,2024-12-18 09:49:00,True,clean_breakout,previous_high_break_with_pullback_low_support_or_previous_resistance,24.98,26.0,24.78,25.95,35056.0,26977.25,1.2994652901982227,0.7950819672131145,0.04098360655737767,0.16393442622950777,0.9590163934426224,2024-12-18 09:47:00,25.5,25.4,39647.0,23366.75,0.1298701298701318,2024-12-18 09:48:00,24.55,24.78,0.24210526315789538,0.037254901960784285,0.017647058823529384,2.0,151.4450867052023,39.3,65.25,2024-12-18 16:32:00,9.441233140655104,2.4499999999999993,28.4,2024-12-18 10:14:00,False,,False,,,23.49220913597272,24.670816227859895,23.951661358475445,0.6831692346922615,0.24591857132290101,0.4372506633693605
QMCO,2024-12-18,2024-12-18 11:21:00,True,clean_breakout,previous_high_break_with_pullback_low_support_or_previous_resistance,29.0,30.0,28.98,29.99,73092.0,16184.45,4.516186833658233,0.9705882352941165,0.009803921568628988,0.019607843137254492,0.990196078431371,2024-12-18 11:18:00,29.0,28.6,17204.0,13063.9,0.6250000000000009,2024-12-18 11:19:00,28.18,28.5,0.5423728813559329,0.028275862068965527,0.034137931034482705,3.0,117.57252417472492,35.260000000000005,65.25,2024-12-18 16:32:00,23.941313771257096,7.180000000000003,37.17,2024-12-18 11:45:00,True,12.0,False,,,25.739331003036597,28.843544281522814,28.313415363077976,0.599822819378879,0.0604865153899099,0.5393363039889691
QMCO,2024-12-18,2024-12-18 11:33:00,True,clean_breakout,previous_high_break_with_pullback_low_support_or_previous_resistance,31.45,33.34,31.45,33.2,69616.0,27201.65,2.5592565156893055,0.9259259259259258,0.07407407407407421,0.0,0.9259259259259258,2024-12-18 11:28:00,31.75,31.51,45865.0,24290.45,0.44444444444444225,2024-12-18 11:30:00,31.07,31.21,0.2641509433962269,0.02141732283464566,0.04566929133858277,5.0,96.53614457831323,32.05,65.25,2024-12-18 16:32:00,28.012048192771072,9.299999999999997,42.5,2024-12-18 12:00:00,True,11.0,False,,,26.53043997494374,31.46430053227182,30.49442843198001,1.0954258039808273,0.1041427129242789,0.9912830910565484
QMCO,2024-12-18,2024-12-18 11:39:00,True,clean_breakout,previous_high_break_with_pullback_low_support_or_previous_resistance,32.91,33.9,32.6,33.9,41481.0,33156.5,1.2510669099573235,0.7615384615384647,0.0,0.23846153846153526,1.0,2024-12-18 11:35:00,33.5,32.5,55926.0,30303.35,0.4098360655737709,2024-12-18 11:36:00,32.2,32.68,0.3896103896103879,0.038805970149253646,0.011940298507462643,4.0,92.4778761061947,31.35,65.25,2024-12-18 16:32:00,25.368731563421836,8.600000000000001,42.5,2024-12-18 12:00:00,True,14.0,False,,,26.95268822499795,32.722272958731864,31.66968090598324,1.2264823739433481,0.09803632316198652,1.1284460507813616
QMCO,2024-12-18,2024-12-18 11:44:00,True,clean_breakout,previous_high_break_with_pullback_low_support_or_previous_resistance,34.5,36.7,34.23,36.21,80585.0,39974.25,2.015922750270487,0.692307692307691,0.19838056680161975,0.10931174089068926,0.8016194331983802,2024-12-18 11:41:00,35.53,35.31,77945.0,36088.6,0.18032786885245825,2024-12-18 11:43:00,33.3,34.45,0.22500000000000206,0.06276386152547155,0.019138755980861236,3.0,80.19884009942004,29.04,65.25,2024-12-18 16:32:00,17.37089201877934,6.289999999999999,42.5,2024-12-18 12:00:00,True,15.0,False,,,27.771907453912164,34.22945840311726,32.93579587811961,1.4723313545110557,0.17165933469663375,1.300672019814422
QMCO,2024-12-18,2024-12-18 11:53:00,True,clean_breakout,previous_high_break_with_pullback_low_support_or_previous_resistance,35.63,38.09,35.44,37.98,108312.0,50756.3,2.133961695395448,0.8867924528301846,0.04150943396226653,0.07169811320754883,0.9584905660377335,2024-12-18 11:45:00,37.17,36.34,64926.0,41205.3,0.6102941176470579,2024-12-18 11:49:00,33.33,33.6,0.3417721518987385,0.1033091202582729,0.02179176755447929,8.0,71.80094786729859,27.270000000000003,65.25,2024-12-18 16:32:00,17.03528172722487,6.470000000000006,44.45,2024-12-18 12:22:00,True,7.0,False,,,28.806964742074985,35.406253508416924,34.397367687425806,1.2575648764148397,-0.05262227831586541,1.3101871547307051
GME,2024-06-06,2024-06-06 12:13:00,True,clean_breakout,previous_high_break_with_pullback_low_support_or_previous_resistance,33.87,34.22,33.81,34.2,415009.0,117554.4,3.5303570091804306,0.8048780487805077,0.04878048780486875,0.1463414634146236,0.9512195121951312,2024-06-06 12:11:00,33.96,33.78,121617.0,96866.4,0.6153846153846343,2024-06-06 12:12:00,33.61,33.84,0.6800000000000068,0.010306242638398157,0.007067137809187337,2.0,97.36842105263156,33.3,67.5,2024-06-06 19:42:00,3.011695906432731,1.029999999999994,35.23,2024-06-06 12:41:00,False,,True,2024-06-06 12:26:00,33.51,32.94120861364268,33.83547791347825,33.67314672320145,0.1643908037388755,0.043587191304765655,0.12080361243410984
GME,2024-06-06,2024-06-06 13:36:00,True,clean_breakout,previous_high_break_with_pullback_low_support_or_previous_resistance,39.88,41.64,39.84,41.64,1526294.0,656942.55,2.323329490531554,0.9777777777777782,0.0,0.022222222222221782,1.0,2024-06-06 13:34:00,39.74,39.7,650353.0,570448.15,0.07692307692307482,2024-06-06 13:35:00,39.46,39.93,0.5000000000000074,0.007045797684952218,0.04781077000503267,2.0,62.10374639769453,25.86,67.5,2024-06-06 19:42:00,6.652257444764639,2.769999999999996,44.41,2024-06-06 13:44:00,False,,True,2024-06-06 13:57:00,39.03,34.95590413771734,39.6498750702514,38.71864136182832,0.9800064245256266,0.23703735216733746,0.7429690723582891
DFLI,2025-10-03,2025-10-03 12:41:00,True,clean_breakout,previous_high_break_with_pullback_low_support_or_previous_resistance,20.35,21.4,20.3,21.188,237344.4,111981.96500000004,2.119487722866802,0.761818181818181,0.19272727272727286,0.04545454545454619,0.8072727272727271,2025-10-03 12:38:00,20.9,20.613,120383.7,97571.90499999998,0.0024999999999941822,2025-10-03 12:39:00,20.2,20.399,0.39800000000000324,0.033492822966507144,0.013779904306220109,3.0,7.608080045308673,1.6120000000000019,22.8,2025-10-03 12:51:00,7.608080045308673,1.6120000000000019,22.8,2025-10-03 12:51:00,False,,True,2025-10-03 12:51:00,20.1,16.303085218192862,20.335708310247494,19.746302428151566,0.6183096733883673,0.14284075584497424,0.47546891754339304
PDYN,2024-11-22,2024-11-22 10:09:00,True,clean_breakout,previous_high_break_with_pullback_low_support_or_previous_resistance,2.75,2.9,2.69,2.855,398481.0,70168.6,5.678907659551423,0.5,0.214285714285714,0.28571428571428603,0.785714285714286,2024-11-22 10:07:00,2.65,2.6199,76114.0,46842.0,0.24999999999999445,2024-11-22 10:08:00,2.61,2.745,0.05555555555555679,0.015094339622641523,0.07735849056603776,2.0,76.88266199649738,2.195,5.05,2024-11-22 15:25:00,22.59194395796848,0.645,3.5,2024-11-22 10:37:00,True,8.0,False,,,2.5305039062753774,2.657421415211804,2.5753277146917695,0.08885468036546218,0.018502974021290516,0.07035170634417166
PDYN,2024-11-22,2024-11-22 10:17:00,True,clean_breakout,previous_high_break_with_pullback_low_support_or_previous_resistance,2.891,3.16,2.89,3.09,985326.0,206620.95,4.768761347772333,0.7370370370370364,0.2592592592592603,0.0037037037037032958,0.7407407407407397,2024-11-22 10:11:00,2.92,2.84,428989.0,103717.25,0.6446414182111213,2024-11-22 10:14:00,2.65,2.7495,0.6666666666666666,0.09246575342465754,0.05821917808219176,6.0,63.43042071197411,1.96,5.05,2024-11-22 15:25:00,13.268608414239488,0.41000000000000014,3.5,2024-11-22 10:37:00,True,7.0,False,,,2.73885741974421,2.842752870060342,2.7297184833936585,0.12214215870280265,0.021757587516588392,0.10038457118621426
DMRA,2025-11-11,2025-11-11 12:11:00,True,clean_breakout,previous_high_break_with_pullback_low_support_or_previous_resistance,19.7,20.48,19.7,20.41,36952.0,6866.05,5.381842544111971,0.91025641025641,0.08974358974358998,0.0,0.91025641025641,2025-11-11 12:08:00,20.0,19.64,25113.0,5346.05,0.6101694915254229,2025-11-11 12:10:00,19.64,19.7,0.06249999999998751,0.01799999999999997,0.020500000000000008,3.0,64.625183733464,13.190000000000001,33.6,2025-11-11 14:41:00,5.340519353258206,1.0899999999999999,21.5,2025-11-11 12:41:00,False,,False,,,18.988869813286403,19.627098661324577,19.40084948133165,0.201843438305918,0.11364585768428254,0.08819758062163546
DMRA,2025-11-11,2025-11-11 12:21:00,True,clean_breakout,previous_high_break_with_pullback_low_support_or_previous_resistance,20.16,20.64,20.12,20.63,34502.0,10323.15,3.342196906951851,0.9038461538461524,0.019230769230772254,0.07692307692307535,0.9807692307692277,2025-11-11 12:11:00,20.48,20.41,36952.0,6866.05,0.08974358974358998,2025-11-11 12:16:00,19.8,19.86,0.0,0.033203124999999986,0.007324218749999931,10.0,62.86960736791083,12.970000000000002,33.6,2025-11-11 14:41:00,5.8652447891420305,1.2100000000000009,21.84,2025-11-11 12:51:00,False,,True,2025-11-11 12:27:00,19.7,19.04929360075284,20.173177138779867,19.88820508572673,0.3045088539572305,0.0462123847129457,0.2582964692442848
NVNI,2025-09-22,2025-09-22 12:12:00,True,clean_breakout,previous_high_break_with_pullback_low_support_or_previous_resistance,14.293,14.8,14.2,14.75,45129.0,11557.484999999997,3.904742251450035,0.761666666666666,0.08333333333333431,0.15499999999999958,0.9166666666666656,2025-09-22 12:07:00,14.3,14.15,33055.8,8995.079999999998,0.16666666666666863,2025-09-22 12:09:00,14.0,14.199,0.9900000000000055,0.02097902097902103,0.031468531468531416,5.0,1.0169491525423753,0.15000000000000036,14.9,2025-09-22 12:13:00,1.0169491525423753,0.15000000000000036,14.9,2025-09-22 12:13:00,False,,True,2025-09-22 12:22:00,13.9,12.309620793706431,14.168383487898346,13.855467233600137,0.31231346058027754,0.10397125452444098,0.20834220605583656
NVNI,2025-09-22,2025-09-22 14:34:00,True,clean_breakout,previous_high_break_with_pullback_low_support_or_previous_resistance,13.501,13.6,13.501,13.6,2050.0,1825.6199999999997,1.1229061907735456,1.0,0.0,0.0,1.0,2025-09-22 14:32:00,13.559,13.55,1658.5,1809.205,0.1525423728813335,2025-09-22 14:33:00,13.5,13.55,0.5000000000000089,0.004351353344641882,0.0030238218157681517,2.0,9.55882352941177,1.3000000000000007,14.9,2025-09-22 15:56:00,2.205882352941182,0.3000000000000007,13.9,2025-09-22 14:49:00,False,,True,2025-09-22 15:03:00,13.4,12.79502176219265,13.484673458720636,13.39071149031398,0.10818538696159585,0.012985884820367721,0.09519950214122813
IXHL,2025-07-18,2025-07-18 10:14:00,True,clean_breakout,previous_high_break_with_pullback_low_support_or_previous_resistance,13.8721,14.8051,13.8691,14.7691,90647.660181,24749.50416915,3.6626050995393826,0.9583333333333337,0.038461538461538027,0.003205128205128327,0.961538461538462,2025-07-18 10:12:00,14.0041,13.9291,50194.398051,22671.274951650004,0.24752475247524597,2025-07-18 10:13:00,13.8661,13.8691,0.04347826086956633,0.009854256967602339,0.054626859276926086,2.0,35.40567807110793,5.229100000000001,19.9982,2025-07-18 16:13:00,12.899228795254952,1.9050999999999991,16.6742,2025-07-18 10:33:00,True,18.0,False,,,13.122825145960128,13.812616102147153,13.566543723994084,0.21161050292816874,0.1406556009024516,0.07095490202571715
IXHL,2025-07-18,2025-07-18 14:40:00,True,clean_breakout,previous_high_break_with_pullback_low_support_or_previous_resistance,18.4742,18.9392,18.4442,18.7592,98820.34512,55742.29923809999,1.772807122610688,0.5757575757575749,0.3636363636363623,0.06060606060606278,0.6363636363636377,2025-07-18 14:37:00,18.7472,18.4982,90861.491376,49377.5762193,0.6039603960396017,2025-07-18 14:39:00,18.1772,18.4712,0.22772277227723572,0.030404540411368114,0.0006400955876077737,3.0,6.604759264787415,1.2390000000000008,19.9982,2025-07-18 16:13:00,5.34137916329054,1.001999999999999,19.7612,2025-07-18 14:42:00,False,,True,2025-07-18 14:59:00,18.1712,15.506345003631095,18.360465399650067,18.022720300968558,0.3908336290988359,0.03297640555667808,0.3578572235421578
IXHL,2025-07-18,2025-07-18 14:41:00,True,clean_breakout,previous_high_break_with_pullback_low_support_or_previous_resistance,18.7592,19.4972,18.6182,19.2002,117052.262799,59963.01703050001,1.9520742717042028,0.5017064846416383,0.33788395904437013,0.16040955631399156,0.6621160409556298,2025-07-18 14:37:00,18.7472,18.4982,90861.491376,49377.5762193,0.6039603960396017,2025-07-18 14:39:00,18.1772,18.4712,0.22772277227723572,0.030404540411368114,0.02416360843219251,4.0,4.1562067061801535,0.7980000000000018,19.9982,2025-07-18 16:13:00,2.921844564119124,0.5609999999999999,19.7612,2025-07-18 14:42:00,False,,True,2025-07-18 14:59:00,18.1712,15.539536257313797,18.528412319720054,18.13486122468584,0.4368742994592516,0.06342636556579428,0.3734479338934573
RVSN,2025-10-07,2025-10-07 12:49:00,True,clean_breakout,previous_high_break_with_pullback_low_support_or_previous_resistance,20.1632,20.7002,20.0822,20.7002,7855.554777,2990.6584264500007,2.6266974213851544,0.868932038834952,0.0,0.13106796116504807,1.0,2025-10-07 12:43:00,20.4002,20.3732,5134.315323,2262.9040374000006,0.10588235294117943,2025-10-07 12:47:00,20.0282,20.1302,0.6764705882353177,0.018235115342006617,0.01470573817903732,6.0,42.85514149621744,8.871100000000002,29.5713,2025-10-07 13:14:00,42.85514149621744,8.871100000000002,29.5713,2025-10-07 13:14:00,True,8.0,False,,,18.664882101462503,20.23701548549621,19.981027179807732,0.28213487979801855,0.02879798623016222,0.2533368935678563
RVSN,2025-10-07,2025-10-07 13:06:00,True,clean_breakout,previous_high_break_with_pullback_low_support_or_previous_resistance,25.5003,27.0003,25.0473,26.5773,61300.586988,34294.79038199999,1.787460611515337,0.5514592933947783,0.21658986175115125,0.23195084485407041,0.7834101382488488,2025-10-07 13:04:00,26.4003,25.9893,58571.580945,30198.486345449994,0.24289344601382978,2025-10-07 13:05:00,25.5003,25.5033,0.006134969325153597,0.03409052169861714,0.0067044692673946735,2.0,11.265252678037271,2.9939999999999998,29.5713,2025-10-07 13:14:00,11.265252678037271,2.9939999999999998,29.5713,2025-10-07 13:14:00,True,8.0,False,,,22.116429149771232,24.961194375187034,23.54019250705265,1.5004681856882485,0.2989225776973745,1.201545607990874
MTVA,2026-05-20,2026-05-20 10:46:00,True,clean_breakout,previous_high_break_with_pullback_low_support_or_previous_resistance,2.5291,2.74,2.51,2.74,430286.0,160714.35,2.6773340401774948,0.9169565217391291,0.0,0.08304347826087088,1.0,2026-05-20 10:44:00,2.73,2.685,567426.0,95484.85,0.24324324324324278,2026-05-20 10:45:00,2.49,2.5208,0.12946616225304644,0.08791208791208782,0.0036630036630037476,2.0,12.408759124087585,0.33999999999999986,3.08,2026-05-20 10:51:00,12.408759124087585,0.33999999999999986,3.08,2026-05-20 10:51:00,True,5.0,False,,,2.2027665838901993,2.505227680095442,2.3862678217533055,0.10999561553631354,0.05226719860218362,0.05772841693412992
TORO,2026-04-22,2026-04-22 12:06:00,True,clean_breakout,previous_high_break_with_pullback_low_support_or_previous_resistance,6.0,6.36,5.98,6.33,369623.0,134289.0,2.7524443550849287,0.8684210526315794,0.07894736842105331,0.052631578947367315,0.9210526315789467,2026-04-22 12:03:00,6.14,6.0392,171842.0,120325.25,0.6300000000000001,2026-04-22 12:05:00,5.99,6.01,0.2857142857142821,0.02442996742671001,0.03094462540716619,3.0,21.642969984202214,1.37,7.7,2026-04-22 13:43:00,5.650868878357036,0.35770000000000035,6.6877,2026-04-22 12:27:00,False,,False,,,5.368365476102299,5.970271569577595,5.74000624152594,0.249939624821228,0.046398377221929965,0.20354124759929804
IXHL,2025-05-14,2025-05-14 09:58:00,True,clean_breakout,previous_high_break_with_pullback_low_support_or_previous_resistance,15.7742,17.3372,15.7502,16.9622,383041.236216,242169.97494269995,1.5817040750267728,0.7485822306238179,0.23629489603024578,0.015122873345936304,0.7637051039697542,2025-05-14 09:42:00,16.7882,14.4361,631840.3482,216175.70155470003,0.5957549200881437,2025-05-14 09:45:00,13.8541,14.2621,0.30422787264186096,0.17477156574260486,0.010364422630180692,16.0,119.3135324427256,20.238200000000003,37.2004,2025-05-14 17:17:00,48.58508919833512,8.2411,25.2033,2025-05-14 10:11:00,True,4.0,False,,,10.962548534817836,15.785661107992016,14.913409464110622,1.0339149000118297,-0.0046338373605741,1.0385487373724038
IXHL,2025-05-14,2025-05-14 10:02:00,True,clean_breakout,previous_high_break_with_pullback_low_support_or_previous_resistance,17.1872,21.0002,17.1002,19.9832,425895.40767,231126.7587093,1.84269190658997,0.716923076923077,0.26076923076923075,0.02230769230769225,0.7392307692307692,2025-05-14 10:00:00,17.9702,16.7552,250754.692428,243390.64440254998,0.3877551020408144,2025-05-14 10:01:00,16.5902,17.1872,0.2014388489208625,0.07679380307397798,0.11201878665791154,2.0,86.15837303334803,17.217200000000002,37.2004,2025-05-14 17:17:00,26.122442851995668,5.220099999999999,25.2033,2025-05-14 10:11:00,True,2.0,False,,,11.372638870101568,17.13577286983353,15.909055942597789,1.334811090865145,0.2253833732129369,1.109427717652208
IXHL,2025-05-14,2025-05-14 12:59:00,True,clean_breakout,previous_high_break_with_pullback_low_support_or_previous_resistance,26.6223,28.2603,26.5983,27.7203,256571.867589,145360.86971010003,1.7650683302920054,0.6606498194945853,0.3249097472924177,0.014440433212996914,0.6750902527075823,2025-05-14 12:47:00,26.9883,26.6763,217067.862633,95757.27575099998,0.20967741935483716,2025-05-14 12:51:00,24.6002,25.8993,0.6185895909718588,0.08848649229480916,0.02712286435233056,12.0,34.19912482909637,9.4801,37.2004,2025-05-14 17:17:00,2.056254802437191,0.5699999999999967,28.2903,2025-05-14 13:00:00,False,,True,2025-05-14 13:02:00,22.5002,16.487700124392532,26.380639794420457,25.451522808953463,1.1151587695574072,-0.04279754429400029,1.1579563138514075
LIDR,2024-05-10,2024-05-10 14:33:00,True,clean_breakout,previous_high_break_with_pullback_low_support_or_previous_resistance,2.3139,2.38,2.3139,2.37,388461.0,268282.8,1.4479534282481024,0.8487140695915313,0.1512859304084687,0.0,0.8487140695915313,2024-05-10 14:29:00,2.36,2.3215,377482.0,292624.5,0.7700000000000023,2024-05-10 14:32:00,2.3,2.32,0.36000000000000176,0.025423728813559344,0.004237288135593318,4.0,36.28691983122362,0.8599999999999999,3.23,2024-05-10 14:42:00,36.28691983122362,0.8599999999999999,3.23,2024-05-10 14:42:00,True,4.0,False,,,2.0190535045418594,2.3169819952995594,2.278600808002486,0.04468799602836304,0.0038011414378825506,0.04088685459048049
BMNR,2025-07-03,2025-07-03 10:00:00,True,clean_breakout,previous_high_break_with_pullback_low_support_or_previous_resistance,70.8,73.86,70.0,73.32,244357.0,120567.6,2.026721938563926,0.6528497409326416,0.13989637305699645,0.207253886010362,0.8601036269430036,2025-07-03 09:55:00,72.0,70.82,150488.0,118800.95,0.5444444444444475,2025-07-03 09:57:00,68.51,69.96,0.7397959183673435,0.04847222222222215,0.01833333333333324,5.0,119.58537915984726,87.68,161.0,2025-07-03 12:37:00,21.385706492089483,15.680000000000007,89.0,2025-07-03 10:14:00,True,5.0,False,,,65.39930604647914,70.03019309038217,67.66296647876015,2.6347004769782387,0.4061793355562613,2.2285211414219774
BMNR,2025-07-03,2025-07-03 10:02:00,True,clean_breakout,previous_high_break_with_pullback_low_support_or_previous_resistance,74.96,79.77,73.14,79.06,236738.0,133465.15,1.7737813953680044,0.6184012066365024,0.10708898944192975,0.27450980392156776,0.8929110105580702,2025-07-03 10:00:00,73.86,73.32,244357.0,120567.6,0.13989637305699645,2025-07-03 10:01:00,73.01,74.96,0.17270194986072207,0.011508258868128816,0.07040346601678855,2.0,103.64280293448014,81.94,161.0,2025-07-03 12:37:00,12.572729572476597,9.939999999999998,89.0,2025-07-03 10:14:00,True,11.0,False,,,66.65411420511025,72.6249235778446,69.37716757104856,3.38547031454344,0.8007421048653112,2.5847282096781288
BMNR,2025-07-03,2025-07-03 10:13:00,True,clean_breakout,previous_high_break_with_pullback_low_support_or_previous_resistance,81.5,88.7,81.06,86.5,348463.0,196120.6,1.776779185868287,0.6544502617801047,0.28795811518324643,0.057591623036648915,0.7120418848167536,2025-07-03 10:05:00,84.0,83.64,332210.0,147392.85,0.05546995377503848,2025-07-03 10:06:00,77.51,78.28,0.11882716049382673,0.0772619047619047,0.02976190476190476,8.0,86.1271676300578,74.5,161.0,2025-07-03 12:37:00,18.497109826589593,16.0,102.5,2025-07-03 10:43:00,True,21.0,False,,,71.76095656738786,80.95211630514686,77.21249721501918,4.381108607148462,0.14629639815329298,4.234812208995169
BMNR,2025-07-03,2025-07-03 12:29:00,True,clean_breakout,previous_high_break_with_pullback_low_support_or_previous_resistance,128.35,141.25,128.0,141.25,342354.0,112200.35,3.0512739042257886,0.9735849056603778,0.0,0.026415094339622212,1.0,2025-07-03 12:27:00,132.99,129.44,246325.0,96740.25,0.45454545454545586,2025-07-03 12:28:00,124.0,128.29,0.7857142857142831,0.06759906759906767,0.06210993307767494,2.0,13.982300884955754,19.75,161.0,2025-07-03 12:37:00,13.982300884955754,19.75,161.0,2025-07-03 12:37:00,True,7.0,False,,,95.61954287574572,126.81612612321624,121.22995791867196,5.351229157206774,2.23780807317418,3.113421084032594
KOSS,2024-07-03,2024-07-03 13:51:00,True,clean_breakout,previous_high_break_with_pullback_low_support_or_previous_resistance,12.4701,13.1597,12.4701,13.13,77896.0,51798.0,1.5038418471755666,0.9569315545243618,0.04306844547563811,0.0,0.9569315545243618,2024-07-03 13:45:00,13.1299,12.85,47710.0,45778.65,0.6362534101242808,2024-07-03 13:48:00,12.15,12.3999,0.4544462629569024,0.07463118530986519,7.616204236250338e-06,6.0,0.4569687738004472,0.05999999999999872,13.19,2024-07-03 13:52:00,0.4569687738004472,0.05999999999999872,13.19,2024-07-03 13:52:00,False,,True,2024-07-03 13:58:00,12.1,9.72494005731754,12.633222050059288,12.228881268571937,0.46986197798865703,-0.008241431785147635,0.47810340977380467
NMAX,2026-04-22,2026-04-22 09:55:00,True,clean_breakout,previous_high_break_with_pullback_low_support_or_previous_resistance,8.15,8.5,8.06,8.36,94355.0,25470.4,3.7044961995100194,0.47727272727272574,0.31818181818181984,0.20454545454545445,0.6818181818181802,2026-04-22 09:53:00,8.13,8.1,59815.0,18888.45,0.12000000000000412,2026-04-22 09:54:00,8.06,8.16,0.3684210526315814,0.008610086100861043,0.02829028290282886,2.0,33.97129186602871,2.84,11.2,2026-04-22 11:35:00,3.1100478468899495,0.2599999999999998,8.62,2026-04-22 10:25:00,False,,False,,,7.792676679256261,8.004660832890663,7.817110905046526,0.17185556582487393,0.073435476987664,0.09842008883720993
NMAX,2026-04-22,2026-04-22 10:28:00,True,clean_breakout,previous_high_break_with_pullback_low_support_or_previous_resistance,8.61,8.85,8.6,8.82,41483.0,28922.7,1.434271350876647,0.8400000000000034,0.11999999999999744,0.03999999999999915,0.8800000000000026,2026-04-22 10:26:00,8.74,8.63,123726.0,30339.7,0.523809523809519,2026-04-22 10:27:00,8.53,8.65,0.38461538461538775,0.024027459954233506,0.009153318077803212,2.0,26.98412698412697,2.379999999999999,11.2,2026-04-22 11:35:00,6.349206349206354,0.5600000000000005,9.38,2026-04-22 10:58:00,False,,False,,,8.141779499320457,8.581223060672002,8.469373017833094,0.12998960425146322,0.023049366232245752,0.10694023801921747
NMAX,2026-04-22,2026-04-22 10:29:00,True,clean_breakout,previous_high_break_with_pullback_low_support_or_previous_resistance,8.8,9.16,8.72,9.05,212858.0,37437.55,5.685681888905657,0.5681818181818188,0.249999999999999,0.18181818181818218,0.750000000000001,2026-04-22 10:26:00,8.74,8.63,123726.0,30339.7,0.523809523809519,2026-04-22 10:27:00,8.53,8.65,0.38461538461538775,0.024027459954233506,0.03546910755148747,3.0,23.75690607734805,2.1499999999999986,11.2,2026-04-22 11:35:00,4.0883977900552395,0.3699999999999992,9.42,2026-04-22 10:59:00,False,,False,,,8.240497977810541,8.674978448537603,8.524670825658514,0.16061862167361518,0.04692891657579848,0.1136897050978167
FLNA,2024-08-05,2024-08-05 11:57:00,True,clean_breakout,previous_high_break_with_pullback_low_support_or_previous_resistance,30.3899,30.9223,30.224,30.9223,42796.0,15321.25,2.793244676511381,0.76242302735214,0.0,0.23757697264786004,1.0,2024-08-05 11:54:00,30.6507,30.325,37100.0,16626.25,0.5164922296225827,2024-08-05 11:55:00,29.89,30.245,0.6120689655172439,0.024818356513880594,0.00886113530849212,3.0,36.471090442819595,11.277700000000003,42.2,2024-08-05 15:15:00,13.186923353049417,4.0777,35.0,2024-08-05 12:23:00,True,19.0,False,,,28.086061800114944,30.13523557419404,29.716639867476932,0.4552872107251815,0.11156526791570515,0.3437219428094764
FLNA,2024-08-05,2024-08-05 12:15:00,True,clean_breakout,previous_high_break_with_pullback_low_support_or_previous_resistance,32.6375,33.6,32.57,33.6,88534.0,41079.8,2.1551711546794285,0.9344660194174733,0.0,0.06553398058252669,1.0,2024-08-05 12:06:00,33.24,32.995,91165.0,29697.2,0.1683848797250888,2024-08-05 12:10:00,31.6,31.69,0.11539941018079256,0.049338146811071015,0.010830324909747275,9.0,25.5952380952381,8.600000000000001,42.2,2024-08-05 15:15:00,4.1666666666666625,1.3999999999999986,35.0,2024-08-05 12:23:00,False,,False,,,29.15205347274686,32.49647132900634,31.837082463572322,0.7777066241659014,0.023878368035992525,0.7538282561299089
FLNA,2024-08-05,2024-08-05 13:40:00,True,clean_breakout,previous_high_break_with_pullback_low_support_or_previous_resistance,37.2999,37.7437,37.13,37.68,45135.0,39896.05,1.131315004868903,0.6193579925044848,0.10379664331106044,0.2768453641844549,0.8962033566889396,2024-08-05 13:38:00,37.45,37.45,45341.0,36948.7,0.0,2024-08-05 13:39:00,37.0,37.3,0.6666666666666562,0.012016021361815829,0.0061415220293724124,2.0,11.995753715498946,4.520000000000003,42.2,2024-08-05 15:15:00,2.7866242038216487,1.0499999999999972,38.73,2024-08-05 13:48:00,False,,True,2024-08-05 13:54:00,36.6,32.07587700782142,37.074519346468676,36.57311807913449,0.5575940621948448,0.08097823918771874,0.476615823007126
FLNA,2024-08-05,2024-08-05 13:43:00,True,clean_breakout,previous_high_break_with_pullback_low_support_or_previous_resistance,37.34,38.17,37.34,37.97,72897.0,47137.95,1.5464609725285041,0.7590361445783094,0.24096385542169066,0.0,0.7590361445783094,2024-08-05 13:41:00,37.76,37.7,51617.0,41307.0,0.1304347826086849,2024-08-05 13:42:00,37.11,37.35,0.3037974683544332,0.017213983050847422,0.005561440677966124,2.0,11.140373979457477,4.230000000000004,42.2,2024-08-05 15:15:00,2.001580194890698,0.759999999999998,38.73,2024-08-05 13:48:00,False,,True,2024-08-05 13:50:00,37.0,32.25604188887786,37.37775390539197,36.860949887137835,0.5894077621911293,0.0679719067805965,0.5214358554105328
FLNA,2024-08-05,2024-08-05 15:15:00,True,clean_breakout,previous_high_break_with_pullback_low_support_or_previous_resistance,41.54,42.2,41.4,42.005,38979.0,43490.15,0.896271914444995,0.5812500000000012,0.24374999999999905,0.17499999999999977,0.756250000000001,2024-08-05 15:09:00,42.0,41.0401,83090.0,43286.6,0.6651699152974804,2024-08-05 15:10:00,41.0401,41.36,0.1907619567194044,0.022854761904761847,0.00011904761904767995,6.0,0.3451970003570909,0.14499999999999602,42.15,2024-08-05 15:16:00,0.3451970003570909,0.14499999999999602,42.15,2024-08-05 15:16:00,False,,True,2024-08-05 15:16:00,40.58,34.76506543753774,41.41962986562423,40.87929562390514,0.6034239148502962,0.09992016968597373,0.5035037451643225
SDEV,2025-09-04,2025-09-04 10:57:00,True,clean_breakout,previous_high_break_with_pullback_low_support_or_previous_resistance,17.475,18.0,17.45,17.9005,24314.8,9324.990000000002,2.6074880509255234,0.7736363636363618,0.1809090909090889,0.04545454545454927,0.8190909090909111,2025-09-04 10:55:00,17.5,17.425,23286.0,7990.2400000000025,0.007518796992481471,2025-09-04 10:56:00,17.3,17.4935,0.6250000000000022,0.011428571428571389,0.022885714285714343,2.0,35.75039803357448,6.3995,24.3,2025-09-04 17:37:00,4.187033881735133,0.7494999999999976,18.65,2025-09-04 11:17:00,False,,True,2025-09-04 10:58:00,17.05,15.753006934366272,17.40208978653579,17.054489096096546,0.3794806656180967,0.05862620802491281,0.3208544575931839
SDEV,2025-09-04,2025-09-04 14:00:00,True,clean_breakout,previous_high_break_with_pullback_low_support_or_previous_resistance,19.2,19.95,19.2,19.8995,41582.2,12082.91,3.4414060851235337,0.9326666666666673,0.06733333333333273,0.0,0.9326666666666673,2025-09-04 13:52:00,19.25,19.0,16787.2,7492.0,0.16666666666666863,2025-09-04 13:53:00,18.25,18.85,0.8005336891260847,0.05194805194805195,0.03374025974025973,8.0,22.113620945249885,4.400500000000001,24.3,2025-09-04 17:37:00,0.0,0.0,19.8995,2025-09-04 14:04:00,False,,False,,,16.98199687770225,19.109500248289695,18.88030415619808,0.25636729445487205,0.027943857447210174,0.22842343700766188
SDEV,2025-09-04,2025-09-04 14:01:00,True,clean_breakout,previous_high_break_with_pullback_low_support_or_previous_resistance,19.7,19.85,19.157,19.3075,29260.2,13408.16,2.182268111359053,0.5663780663780628,0.21645021645021909,0.21717171717171813,0.21717171717171813,2025-09-04 13:59:00,19.25,19.25,16019.0,10042.45,0.0,2025-09-04 14:00:00,19.2,19.8995,0.0,0.0025974025974026343,0.002987012987013039,2.0,25.857827269195905,4.9925,24.3,2025-09-04 17:37:00,3.0661659976692928,0.5919999999999987,19.8995,2025-09-04 14:04:00,False,,True,2025-09-04 14:08:00,19.1,17.01733148865882,19.149100198631757,18.920989474655403,0.259078741612754,0.03433142911679027,0.22474731249596375
SDEV,2025-09-04,2025-09-04 14:53:00,True,clean_breakout,previous_high_break_with_pullback_low_support_or_previous_resistance,20.5955,21.4,20.5,21.203,34991.0,14865.540000000003,2.353833093180604,0.674999999999999,0.21888888888888833,0.10611111111111267,0.7811111111111116,2025-09-04 14:43:00,21.0,20.6,37186.2,11009.380000000001,0.5361930294906156,2025-09-04 14:47:00,20.3,20.592,0.17500000000000132,0.0333333333333333,0.009666666666666638,10.0,14.606423619299164,3.0970000000000013,24.3,2025-09-04 17:37:00,4.7021647880016975,0.9969999999999999,22.2,2025-09-04 15:07:00,False,,False,,,17.644210178524144,20.626284030490265,20.361045412429853,0.3166430402572651,0.004350397696954111,0.312292642560311
MLGO,2025-03-24,2025-03-24 10:35:00,True,clean_breakout,previous_high_break_with_pullback_low_support_or_previous_resistance,173.5637,185.4019,173.1017,183.0018,65933.540658,28380.181195350004,2.3232247956472873,0.7673127266223295,0.1951269085055532,0.037560364872117266,0.8048730914944467,2025-03-24 10:32:00,176.7018,175.5018,44167.424988,25830.515025599998,0.18569814766097553,2025-03-24 10:33:00,172.8017,173.6717,0.2899903336555393,0.022071648392942126,0.03565328706328975,3.0,176.55744369727512,323.1033,506.1051,2025-03-24 16:40:00,28.195077862622114,51.5975,234.5993,2025-03-24 11:05:00,True,18.0,True,2025-03-24 10:42:00,165.9017,139.7921347415795,172.9092542359448,167.38150501419238,6.1233226862450465,0.99001679482123,5.1333058914238165
MLGO,2025-03-24,2025-03-24 11:05:00,True,clean_breakout,previous_high_break_with_pullback_low_support_or_previous_resistance,218.1022,234.5993,217.8322,227.9783,51517.184823,34074.017589749994,1.5119198869726824,0.5890165860524468,0.3948804504058549,0.01610296354169834,0.6051195495941452,2025-03-24 11:02:00,227.7023,222.6022,57000.76332,33134.870314650005,0.2656274413808189,2025-03-24 11:03:00,214.8021,217.6522,0.3275939357018885,0.056653797524223566,0.001212108968596198,3.0,121.99704971920573,278.1268,506.1051,2025-03-24 16:40:00,4.616272689111202,10.524100000000004,238.5024,2025-03-24 11:07:00,False,,True,2025-03-24 11:19:00,208.5021,153.8106616432668,215.30883494349828,205.1544849742609,11.463706598118847,1.0883282221473252,10.375378375971522
DRMA,2026-01-26,2026-01-26 12:27:00,True,clean_breakout,previous_high_break_with_pullback_low_support_or_previous_resistance,3.44,3.84,3.3401,3.81,722628.0,226025.7,3.197105461901014,0.7401480296059217,0.06001200240047973,0.19983996799359857,0.9399879975995202,2026-01-26 12:23:00,3.64,3.35,447206.0,161292.1,0.1470588235294124,2026-01-26 12:26:00,3.28,3.4386,0.8823529411764708,0.09890109890109898,0.04670329670329668,4.0,22.30971128608924,0.8500000000000001,4.66,2026-01-26 12:33:00,22.30971128608924,0.8500000000000001,4.66,2026-01-26 12:33:00,True,2.0,False,,,3.2329299587266696,3.4409257438563494,3.201183298454272,0.2588456274571187,0.036886014222828334,0.22195961323429036
DXST,2026-02-11,2026-02-11 14:12:00,True,clean_breakout,previous_high_break_with_pullback_low_support_or_previous_resistance,9.295,10.4575,9.16,10.0475,97710.68,64405.784,1.5171103266129016,0.5799614643545278,0.31599229287090586,0.10404624277456635,0.6840077071290942,2026-02-11 14:05:00,9.675,9.3375,90323.08,66152.85399999999,0.03076923076923283,2026-02-11 14:08:00,8.8,8.95,0.3749999999999978,0.0904392764857881,0.03850129198966395,7.0,19.50734013436179,1.9600000000000009,12.0075,2026-02-11 16:22:00,12.664842000497645,1.2725000000000009,11.32,2026-02-11 14:19:00,True,6.0,False,,,7.239640123691254,9.320842373532258,8.870660564399975,0.5383438643942657,-0.008079189216148808,0.5464230536104145
MYSE,2025-01-07,2025-01-07 12:43:00,True,clean_breakout,previous_high_break_with_pullback_low_support_or_previous_resistance,3.81,4.1,3.74,4.084,1542770.0,467662.2,3.2988982218361884,0.7611111111111112,0.04444444444444456,0.1944444444444443,0.9555555555555555,2025-01-07 12:41:00,3.9799,3.8797,1123300.0,371139.6,0.5897586815773983,2025-01-07 12:42:00,3.78,3.82,0.30769230769230715,0.05022739264805658,0.026156436091358932,2.0,131.63565132223314,5.376000000000001,9.46,2025-01-07 16:02:00,7.002938295788455,0.2860000000000005,4.37,2025-01-07 13:13:00,False,,True,2025-01-07 12:52:00,3.77,3.2289013250446033,3.787699932377195,3.654779194220075,0.1277887679515275,0.047727155795069434,0.08006161215645806
DWTX,2025-01-23,2025-01-23 09:56:00,True,clean_breakout,previous_high_break_with_pullback_low_support_or_previous_resistance,3.21,3.42,3.1875,3.4189,38471.0,5487.55,7.010596714380735,0.8984946236559137,0.00473118279569936,0.09677419354838697,0.9952688172043006,2025-01-23 09:52:00,3.33,3.33,7248.0,2244.7,0.0,2025-01-23 09:55:00,3.1119,3.32,0.32815126050420196,0.06549549549549555,0.026696696696696623,4.0,756.4158062534734,25.8611,29.28,2025-01-23 13:40:00,9.976893152768433,0.34109999999999996,3.76,2025-01-23 10:10:00,False,,False,,,3.1644509372109253,3.2359619822937655,3.118871811075616,0.12403830319531339,0.025847488261976775,0.09819081493333662
DWTX,2025-01-23,2025-01-23 09:57:00,True,clean_breakout,previous_high_break_with_pullback_low_support_or_previous_resistance,3.42,3.74,3.33,3.61,71335.0,9039.3,7.891650902171629,0.46341463414634115,0.31707317073170804,0.2195121951219508,0.682926829268292,2025-01-23 09:55:00,3.3499,3.32,20557.0,3569.0,0.1256302521008405,2025-01-23 09:56:00,3.1875,3.4189,0.09677419354838697,0.04847905907639031,0.07764410877936655,2.0,711.0803324099724,25.67,29.28,2025-01-23 13:40:00,4.15512465373961,0.1499999999999999,3.76,2025-01-23 10:10:00,False,,False,,,3.309468449373757,3.3107695858350126,3.16564592430651,0.14770592888067302,0.04076773043020296,0.10693819845047006
DWTX,2025-01-23,2025-01-23 12:40:00,True,clean_breakout,previous_high_break_with_pullback_low_support_or_previous_resistance,15.89,17.78,15.15,17.695,848857.0,632588.9,1.3418777977292993,0.686311787072243,0.032319391634981307,0.2813688212927757,0.9676806083650187,2025-01-23 12:38:00,15.6,14.7991,895236.0,604469.6,0.3795914498317458,2025-01-23 12:39:00,14.5,15.8854,0.1798561151079136,0.0705128205128205,0.13429487179487185,2.0,65.4704718847132,11.585,29.28,2025-01-23 13:40:00,62.47527550155411,11.055,28.75,2025-01-23 12:56:00,True,8.0,False,,,8.415149681078843,14.742969594551502,13.147930139757982,1.7164042886678104,0.2613031943667763,1.455101094301034
DWTX,2025-01-23,2025-01-23 12:48:00,True,clean_breakout,previous_high_break_with_pullback_low_support_or_previous_resistance,17.83,21.82,17.6001,20.25,878115.0,589226.9,1.4902832847583842,0.5734733050546227,0.3720467309651889,0.05447996398018843,0.6279532690348111,2025-01-23 12:41:00,18.25,18.25,283558.0,582693.1,0.0,2025-01-23 12:46:00,15.5,17.21,0.6333333333333339,0.1506849315068493,0.1095890410958904,7.0,44.5925925925926,9.030000000000001,29.28,2025-01-23 13:40:00,41.9753086419753,8.5,28.75,2025-01-23 12:56:00,True,1.0,False,,,8.824144989591373,17.013200345928297,14.904327742778985,2.2396871007702526,0.4911204066730426,1.74856669409721
RGC,2025-07-03,2025-07-03 10:42:00,True,clean_breakout,previous_high_break_with_pullback_low_support_or_previous_resistance,20.66,21.88,20.53,21.7,186531.0,117063.8,1.5934131644453708,0.7703703703703709,0.13333333333333333,0.09629629629629571,0.8666666666666667,2025-07-03 10:31:00,21.5,21.25,110320.0,113828.4,0.3521126760563376,2025-07-03 10:35:00,19.13,19.32,0.13868613138686214,0.11023255813953493,0.009302325581395316,11.0,29.03225806451613,6.300000000000001,28.0,2025-07-03 10:54:00,29.03225806451613,6.300000000000001,28.0,2025-07-03 10:54:00,True,4.0,False,,,17.815208327012158,20.510612212482453,19.82896325957806,0.9188435668763404,-0.09067828355060814,1.0095218504269485
QMCO,2024-11-22,2024-11-22 11:19:00,True,clean_breakout,previous_high_break_with_pullback_low_support_or_previous_resistance,7.2,8.13,7.2,8.08,574693.0,199997.85,2.873495890080818,0.9462365591397842,0.05376344086021578,0.0,0.9462365591397842,2024-11-22 11:17:00,7.69,7.33,258605.0,173351.0,0.48717948717948745,2024-11-22 11:18:00,7.12,7.2,0.26666666666666705,0.07412223667100133,0.05071521456436927,2.0,41.95544554455446,3.3900000000000006,11.47,2024-11-22 19:14:00,16.0891089108911,1.3000000000000007,9.38,2024-11-22 11:26:00,True,7.0,False,,,6.620931806819565,7.270912623115695,6.8503590329852475,0.4535545760855415,0.102947870757091,0.3506067053284505
QMCO,2024-11-22,2024-11-22 13:57:00,True,clean_breakout,previous_high_break_with_pullback_low_support_or_previous_resistance,8.44,9.3,8.42,9.0,370649.0,93214.8,3.97628917296395,0.6363636363636364,0.34090909090909144,0.02272727272727222,0.6590909090909086,2024-11-22 13:53:00,8.97,8.65,183003.0,64598.4,0.744186046511626,2024-11-22 13:56:00,8.38,8.52,0.3103448275862073,0.06577480490523967,0.003344481605351099,4.0,27.44444444444445,2.4700000000000006,11.47,2024-11-22 19:14:00,13.999999999999998,1.2599999999999998,10.26,2024-11-22 14:27:00,True,7.0,False,,,7.760285637916442,8.420411085595266,8.063768805853638,0.34091277155446154,0.1410179613975468,0.19989481015691474
NAMM,2026-01-22,2026-01-22 10:46:00,True,clean_breakout,previous_high_break_with_pullback_low_support_or_previous_resistance,3.57,3.86,3.56,3.83,1607349.0,859574.2,1.8699363010197376,0.8666666666666679,0.09999999999999941,0.033333333333332646,0.9000000000000006,2026-01-22 10:44:00,3.72,3.585,1276437.0,744480.5,0.8437500000000007,2026-01-22 10:45:00,3.51,3.575,0.38257798705120855,0.056451612903225916,0.029569892473118243,2.0,36.29242819843341,1.3899999999999997,5.22,2026-01-22 12:33:00,12.271540469973884,0.46999999999999975,4.3,2026-01-22 10:48:00,True,2.0,False,,,2.8527069723625607,3.507652113428941,3.2561612466161916,0.27151201032650407,0.044834126112667655,0.22667788421383642
HBIO,2025-10-30,2025-10-30 12:35:00,True,clean_breakout,previous_high_break_with_pullback_low_support_or_previous_resistance,6.902,7.3,6.87,7.178,125998.2,31586.71,3.988962446547931,0.641860465116279,0.28372093023255807,0.0744186046511629,0.7162790697674419,2025-10-30 12:33:00,7.0,6.989,71583.7,22587.29,0.05820105820105882,2025-10-30 12:34:00,6.9,6.9,0.0,0.014285714285714235,0.02542857142857142,2.0,30.95569796600725,2.2220000000000004,9.4,2025-10-30 14:09:00,8.038450821955976,0.577,7.755,2025-10-30 12:38:00,False,,True,2025-10-30 12:52:00,6.82,6.227518780427495,6.853314834010642,6.738353313338431,0.11790753040134128,0.03452359094276304,0.08338393945857824
MOBX,2026-03-03,2026-03-03 13:56:00,True,clean_breakout,previous_high_break_with_pullback_low_support_or_previous_resistance,8.3,8.54,8.297,8.521,337629.4,261883.82,1.2892335234761736,0.9094650205761374,0.07818930041151631,0.012345679012346221,0.9218106995884837,2026-03-03 13:52:00,8.472,8.4,405610.7,266792.495,0.034364261168384105,2026-03-03 13:55:00,8.2,8.349,0.17333333333334344,0.03210576015108596,0.005783758262511953,4.0,63.12639361577278,5.379,13.9,2026-03-03 16:12:00,0.22297852364743984,0.01899999999999835,8.54,2026-03-03 13:57:00,False,,True,2026-03-03 13:58:00,8.067,5.796665616299169,8.259208401661638,8.011983236591638,0.2770635020849852,0.047546807909407796,0.2295166941755774
MOBX,2026-03-03,2026-03-03 14:45:00,True,clean_breakout,previous_high_break_with_pullback_low_support_or_previous_resistance,8.809,9.632,8.761,9.502,605538.0,211423.61499999993,2.8640982228971925,0.7956371986222744,0.14925373134328238,0.05510907003444319,0.8507462686567177,2026-03-03 14:42:00,8.944,8.743,290390.9,191481.41999999998,0.7414448669201484,2026-03-03 14:43:00,8.718,8.879,0.06172839506172677,0.02526833631484804,0.06238819320214667,3.0,46.28499263312986,4.398,13.9,2026-03-03 16:12:00,12.60787202694168,1.1979999999999986,10.7,2026-03-03 14:57:00,True,12.0,False,,,6.025089688733695,8.699997343088697,8.362456859435548,0.29931123654675496,0.15593680876062782,0.14337442778612713
MOBX,2026-03-03,2026-03-03 14:57:00,True,clean_breakout,previous_high_break_with_pullback_low_support_or_previous_resistance,9.895,10.7,9.856,10.6,666360.3,350903.875,1.8989824492533747,0.8353080568720386,0.11848341232227454,0.04620853080568688,0.8815165876777254,2026-03-03 14:52:00,10.0,9.919,348816.0,299306.035,0.16199999999999903,2026-03-03 14:53:00,9.628,9.823,0.5571428571428585,0.03719999999999999,0.05999999999999996,5.0,31.132075471698123,3.3000000000000007,13.9,2026-03-03 16:12:00,13.207547169811324,1.4000000000000004,12.0,2026-03-03 15:26:00,True,28.0,True,2026-03-03 14:59:00,9.387,6.184487785229099,9.904271732721359,9.440832347819116,0.5200955701608052,0.033567196984966574,0.48652837317583864
SBET,2025-05-29,2025-05-29 13:47:00,True,clean_breakout,previous_high_break_with_pullback_low_support_or_previous_resistance,54.33,55.8,54.0,55.28,52189.0,47705.45,1.0939840206936524,0.5277777777777802,0.28888888888888714,0.18333333333333268,0.7111111111111129,2025-05-29 13:44:00,54.74,54.2,56252.0,45463.7,0.033613445378150406,2025-05-29 13:45:00,53.5,54.05,0.624999999999995,0.022652539276580234,0.009864815491413942,3.0,93.25253256150505,51.55,106.83,2025-05-29 16:17:00,9.442836468885671,5.219999999999999,60.5,2025-05-29 13:54:00,False,,False,,,43.971015784127864,53.983643266443906,52.72772038223666,1.5027871642882928,0.03391409250164967,1.4688730717866432
FNUC,2025-10-13,2025-10-13 10:04:00,True,clean_breakout,previous_high_break_with_pullback_low_support_or_previous_resistance,5.07,5.19,5.05,5.1727,68722.0,17543.4,3.9172566321237614,0.7335714285714225,0.12357142857143191,0.14285714285714557,0.8764285714285681,2025-10-13 10:02:00,5.04,5.035,14475.0,13083.95,0.0833333333333321,2025-10-13 10:03:00,5.02,5.08,0.34625000000000317,0.00396825396825406,0.026329365079365043,2.0,43.638718657567615,2.2573,7.43,2025-10-13 12:03:00,8.26067624258124,0.4272999999999998,5.6,2025-10-13 10:12:00,False,,False,,,4.895184291183742,5.023650108897051,4.944468944573646,0.07949338429503339,0.0221818593747908,0.057311524920242586
FNUC,2025-10-13,2025-10-13 10:11:00,True,clean_breakout,previous_high_break_with_pullback_low_support_or_previous_resistance,5.2461,5.4,5.2,5.4,121404.0,35336.15,3.435688381445064,0.7695000000000001,0.0,0.23049999999999995,1.0,2025-10-13 10:09:00,5.2,5.174,47101.0,24370.85,0.18571428571428353,2025-10-13 10:10:00,5.17,5.255,0.22461538461538738,0.005769230769230817,0.03846153846153849,2.0,37.59259259259258,2.0299999999999994,7.43,2025-10-13 12:03:00,3.7037037037036904,0.1999999999999993,5.6,2025-10-13 10:12:00,False,,True,2025-10-13 10:18:00,5.16,5.026043921876496,5.173242667317368,5.066829276365675,0.1099270232156071,0.025190374180337705,0.0847366490352694
FNUC,2025-10-13,2025-10-13 11:58:00,True,clean_breakout,previous_high_break_with_pullback_low_support_or_previous_resistance,6.4777,7.04,6.44,7.04,421466.0,114172.6,3.691481143461741,0.937166666666668,0.0,0.062833333333332,1.0,2025-10-13 11:56:00,6.57,6.5,333521.0,77174.45,0.25925925925925986,2025-10-13 11:57:00,6.365,6.46,0.3015873015873013,0.031202435312024362,0.07153729071537286,2.0,5.539772727272723,0.3899999999999997,7.43,2025-10-13 12:03:00,5.539772727272723,0.3899999999999997,7.43,2025-10-13 12:03:00,False,,True,2025-10-13 12:15:00,6.33,5.652713602175242,6.339743224096552,6.037366356023564,0.28328063715866136,0.12156378292055858,0.16171685423810278
ASTI,2025-12-19,2025-12-19 09:41:00,True,clean_breakout,previous_high_break_with_pullback_low_support_or_previous_resistance,3.41,3.54,3.41,3.4948,15728.0,3855.05,4.079843322395299,0.6523076923076927,0.34769230769230725,0.0,0.6523076923076927,2025-12-19 09:39:00,3.4399,3.4193,6670.0,3107.25,0.343906510851424,2025-12-19 09:40:00,3.42,3.44,0.0,0.005785051891043417,0.01595976627227534,2.0,41.352867116859336,1.4452000000000003,4.94,2025-12-19 15:19:00,4.440883598489178,0.15519999999999978,3.65,2025-12-19 10:10:00,False,,True,2025-12-19 09:42:00,3.34,3.3575622307890653,3.397584890763246,3.333148689736563,0.06800213856673176,0.015321136851148075,0.05268100171558369
ASTI,2025-12-19,2025-12-19 12:58:00,True,clean_breakout,previous_high_break_with_pullback_low_support_or_previous_resistance,3.91,3.98,3.91,3.9452,21645.0,5998.3,3.6085224146841606,0.5028571428571393,0.4971428571428606,0.0,0.5028571428571393,2025-12-19 12:53:00,3.94,3.92,10500.0,4683.05,0.5714285714285696,2025-12-19 12:54:00,3.8816,3.91,0.6093749999999944,0.014822335025380657,0.0013197969543146883,5.0,25.21545168812736,0.9948000000000006,4.94,2025-12-19 15:19:00,6.4584811923349985,0.25480000000000036,4.2,2025-12-19 13:28:00,False,,True,2025-12-19 13:08:00,3.85,3.654007485523669,3.904015119363846,3.845369947229742,0.06104675454938002,0.012210453441395208,0.048836301107984814
ASTI,2025-12-19,2025-12-19 14:42:00,True,clean_breakout,previous_high_break_with_pullback_low_support_or_previous_resistance,4.36,4.44,4.3368,4.41,20279.0,9105.6,2.227091020910209,0.48449612403100517,0.29069767441860656,0.22480620155038827,0.7093023255813935,2025-12-19 14:40:00,4.38,4.37,10413.0,8667.95,0.45871559633026926,2025-12-19 14:41:00,4.33,4.3751,0.24799999999999134,0.01141552511415521,0.0068493150684932076,2.0,12.018140589569166,0.5300000000000002,4.94,2025-12-19 15:19:00,8.843537414965978,0.3899999999999997,4.8,2025-12-19 15:09:00,False,,True,2025-12-19 14:48:00,4.31,3.9558886798856507,4.335424397942861,4.283338098350657,0.05312429549646591,0.017569047299128865,0.03555524819733705
LUMN,2024-07-30,2024-07-30 10:18:00,True,clean_breakout,previous_high_break_with_pullback_low_support_or_previous_resistance,2.21,2.26,2.2,2.26,998018.0,263402.5,3.788946574159319,0.8333333333333358,0.0,0.1666666666666642,1.0,2024-07-30 10:16:00,2.24,2.24,324942.0,221059.9,0.0,2024-07-30 10:17:00,2.2,2.2,0.0,0.01785714285714287,0.008928571428571237,2.0,52.212389380530986,1.1800000000000002,3.44,2024-07-30 10:45:00,52.212389380530986,1.1800000000000002,3.44,2024-07-30 10:45:00,True,11.0,False,,,2.1170230567227786,2.2224837192604046,2.1973245799199677,0.031167843221969527,-3.1936901248665744e-05,0.031199780123218192
LUMN,2024-07-30,2024-07-30 10:26:00,True,clean_breakout,previous_high_break_with_pullback_low_support_or_previous_resistance,2.31,2.37,2.305,2.37,562169.0,397979.15,1.4125589242552028,0.9230769230769247,0.0,0.07692307692307535,1.0,2024-07-30 10:24:00,2.32,2.305,288492.0,365612.2,0.7499999999999833,2024-07-30 10:25:00,2.3,2.31,0.46000000000001556,0.008620689655172422,0.02155172413793115,2.0,45.147679324894504,1.0699999999999998,3.44,2024-07-30 10:45:00,45.147679324894504,1.0699999999999998,3.44,2024-07-30 10:45:00,True,8.0,False,,,2.1542038611238024,2.2997619277451524,2.258012516348938,0.04622372964994259,0.008323965732246683,0.03789976391769591
CODX,2026-05-22,2026-05-22 15:05:00,True,clean_breakout,previous_high_break_with_pullback_low_support_or_previous_resistance,4.66,4.8499,4.6,4.815,109888.0,28366.05,3.8739267539893643,0.6202480992396963,0.1396558623449358,0.24009603841536792,0.8603441376550642,2026-05-22 15:02:00,4.77,4.7,120863.0,23678.25,0.3684210526315767,2026-05-22 15:04:00,4.65,4.7,0.2857142857142821,0.025157232704402354,0.009433962264151115,3.0,11.734164070612657,0.5649999999999995,5.38,2026-05-22 15:38:00,10.072689511941837,0.48499999999999943,5.3,2026-05-22 15:32:00,True,27.0,True,2026-05-22 15:12:00,4.59,3.8549827887215113,4.595648308875271,4.485031165317247,0.1061929389352354,0.048455441951993014,0.05773749698324239
ANVS,2024-07-08,2024-07-08 12:09:00,True,clean_breakout,previous_high_break_with_pullback_low_support_or_previous_resistance,16.48,17.2,16.28,17.08,254447.0,145620.15,1.7473337309431423,0.6521739130434773,0.130434782608697,0.21739130434782575,0.869565217391303,2024-07-08 12:07:00,16.45,16.21,192503.0,142619.7,0.28235294117646886,2024-07-08 12:08:00,15.95,16.46,0.38235294117647306,0.030395136778115502,0.038297872340425476,2.0,1.4051522248243677,0.240000000000002,17.32,2024-07-08 12:10:00,1.4051522248243677,0.240000000000002,17.32,2024-07-08 12:10:00,False,,True,2024-07-08 12:14:00,15.76,13.997753476064394,16.12065985278166,15.634346927588618,0.5260613944116006,0.1281490747810783,0.3979123196305223
PDYN,2024-11-22,2024-11-22 10:09:00,True,clean_breakout,previous_high_break_with_pullback_low_support_or_previous_resistance,2.75,2.9,2.69,2.855,398481.0,70168.6,5.678907659551423,0.5,0.214285714285714,0.28571428571428603,0.785714285714286,2024-11-22 10:07:00,2.65,2.6199,76114.0,46842.0,0.24999999999999445,2024-11-22 10:08:00,2.61,2.745,0.05555555555555679,0.015094339622641523,0.07735849056603776,2.0,76.88266199649738,2.195,5.05,2024-11-22 15:25:00,22.59194395796848,0.645,3.5,2024-11-22 10:37:00,True,8.0,False,,,2.5305039062753774,2.657421415211804,2.5753277146917695,0.08885468036546218,0.018502974021290516,0.07035170634417166
PDYN,2024-11-22,2024-11-22 10:17:00,True,clean_breakout,previous_high_break_with_pullback_low_support_or_previous_resistance,2.891,3.16,2.89,3.09,985326.0,206620.95,4.768761347772333,0.7370370370370364,0.2592592592592603,0.0037037037037032958,0.7407407407407397,2024-11-22 10:11:00,2.92,2.84,428989.0,103717.25,0.6446414182111213,2024-11-22 10:14:00,2.65,2.7495,0.6666666666666666,0.09246575342465754,0.05821917808219176,6.0,63.43042071197411,1.96,5.05,2024-11-22 15:25:00,13.268608414239488,0.41000000000000014,3.5,2024-11-22 10:37:00,True,7.0,False,,,2.73885741974421,2.842752870060342,2.7297184833936585,0.12214215870280265,0.021757587516588392,0.10038457118621426
GME,2024-06-06,2024-06-06 12:13:00,True,clean_breakout,previous_high_break_with_pullback_low_support_or_previous_resistance,33.87,34.22,33.81,34.2,415009.0,117554.4,3.5303570091804306,0.8048780487805077,0.04878048780486875,0.1463414634146236,0.9512195121951312,2024-06-06 12:11:00,33.96,33.78,121617.0,96866.4,0.6153846153846343,2024-06-06 12:12:00,33.61,33.84,0.6800000000000068,0.010306242638398157,0.007067137809187337,2.0,97.36842105263156,33.3,67.5,2024-06-06 19:42:00,3.011695906432731,1.029999999999994,35.23,2024-06-06 12:41:00,False,,True,2024-06-06 12:26:00,33.51,32.94120861364268,33.83547791347825,33.67314672320145,0.1643908037388755,0.043587191304765655,0.12080361243410984
GME,2024-06-06,2024-06-06 13:36:00,True,clean_breakout,previous_high_break_with_pullback_low_support_or_previous_resistance,39.88,41.64,39.84,41.64,1526294.0,656942.55,2.323329490531554,0.9777777777777782,0.0,0.022222222222221782,1.0,2024-06-06 13:34:00,39.74,39.7,650353.0,570448.15,0.07692307692307482,2024-06-06 13:35:00,39.46,39.93,0.5000000000000074,0.007045797684952218,0.04781077000503267,2.0,62.10374639769453,25.86,67.5,2024-06-06 19:42:00,6.652257444764639,2.769999999999996,44.41,2024-06-06 13:44:00,False,,True,2024-06-06 13:57:00,39.03,34.95590413771734,39.6498750702514,38.71864136182832,0.9800064245256266,0.23703735216733746,0.7429690723582891
FRMM,2026-04-17,2026-04-17 13:29:00,True,clean_breakout,previous_high_break_with_pullback_low_support_or_previous_resistance,3.025,3.1,3.025,3.0907,12229.0,20159.25,0.6066197899227401,0.8759999999999991,0.12400000000000086,0.0,0.8759999999999991,2026-04-17 13:27:00,3.07,3.0601,10916.0,13402.7,0.8299999999999929,2026-04-17 13:28:00,3.01,3.02,0.20000000000000356,0.019543973941368097,0.00674267100977204,2.0,79.57097097744847,2.4593,5.55,2026-04-17 15:19:00,8.551460834115248,0.2643,3.355,2026-04-17 13:57:00,False,,False,,,2.9309775646012524,3.0378862829606628,2.9990882024579264,0.042323781970842855,0.006207620431971095,0.03611616153887176
FRMM,2026-04-17,2026-04-17 15:13:00,True,clean_breakout,previous_high_break_with_pullback_low_support_or_previous_resistance,4.53,4.89,4.5001,4.8884,911726.0,376014.05,2.424712587202526,0.9192100538599632,0.004103616311874388,0.07668632982816231,0.9958963836881256,2026-04-17 15:10:00,4.645,4.3601,555026.0,287603.1,0.2631578947368403,2026-04-17 15:11:00,4.25,4.33,0.3333333333333333,0.08503767491926795,0.05240043057050599,3.0,13.534080680795352,0.6616,5.55,2026-04-17 15:19:00,13.534080680795352,0.6616,5.55,2026-04-17 15:19:00,True,6.0,False,,,3.74987437839708,4.461905880107434,4.201577059585359,0.2790573747118099,0.04566539875822545,0.23339197595358446
BAOS,2025-05-12,2025-05-12 12:42:00,True,clean_breakout,previous_high_break_with_pullback_low_support_or_previous_resistance,6.365,7.21,6.08,7.07,820229.0,563492.1,1.455617567664214,0.6238938053097346,0.12389380530973425,0.25221238938053114,0.8761061946902657,2025-05-12 12:33:00,6.47,5.8935,709166.0,330918.2,0.7234482758620688,2025-05-12 12:34:00,5.5,5.625,0.24509803921568638,0.14992272024729517,0.0927357032457497,9.0,17.3974540311174,1.2300000000000004,8.3,2025-05-12 12:47:00,17.3974540311174,1.2300000000000004,8.3,2025-05-12 12:47:00,True,3.0,False,,,5.21951446617185,6.174739211909953,5.48184824241544,0.8293022378637493,0.000158573989123445,0.8291436638746259
MLGO,2025-03-25,2025-03-25 11:16:00,True,clean_breakout,previous_high_break_with_pullback_low_support_or_previous_resistance,433.8043,470.1047,426.6043,466.2047,25240.380927,9309.240240000001,2.7113255514179313,0.7448299325983214,0.08965434800599491,0.16551571939568363,0.9103456519940051,2025-03-25 11:14:00,441.0044,440.6774,14860.218063,6965.773674900001,0.016268494840847286,2025-03-25 11:15:00,427.5043,433.6543,0.2733309037252991,0.030612166227819895,0.057142967281052136,2.0,26.70462138198092,124.4982,590.7029,2025-03-25 11:33:00,26.70462138198092,124.4982,590.7029,2025-03-25 11:33:00,True,7.0,False,,,360.6749822595201,422.5976311206731,395.7995743063624,26.516772586527054,7.9739150487684505,18.542857537758604
ANVS,2024-07-02,2024-07-02 11:55:00,True,clean_breakout,previous_high_break_with_pullback_low_support_or_previous_resistance,5.88,6.16,5.88,6.07,52787.0,8863.4,5.955615226662455,0.6785714285714294,0.3214285714285706,0.0,0.6785714285714294,2024-07-02 11:52:00,5.95,5.91,14506.0,6761.55,0.2857142857142848,2024-07-02 11:54:00,5.82,5.88,0.3333333333333284,0.0218487394957983,0.020168067226890775,3.0,106.09555189456341,6.4399999999999995,12.51,2024-07-02 13:34:00,12.191103789126842,0.7399999999999993,6.81,2024-07-02 12:03:00,True,4.0,False,,,5.258948218172418,5.846286220480377,5.691190900523611,0.174620543422499,0.021653772096496077,0.15296677132600292
ANVS,2024-07-02,2024-07-02 11:57:00,True,clean_breakout,previous_high_break_with_pullback_low_support_or_previous_resistance,6.17,6.55,6.02,6.55,69735.0,15697.15,4.442526191060161,0.7169811320754712,0.0,0.28301886792452885,1.0,2024-07-02 11:55:00,6.16,6.07,52787.0,8863.4,0.3214285714285706,2024-07-02 11:56:00,6.02,6.15,0.15151515151515363,0.022727272727272818,0.06331168831168826,2.0,90.99236641221374,5.96,12.51,2024-07-02 13:34:00,3.9694656488549587,0.2599999999999998,6.81,2024-07-02 12:03:00,False,,True,2024-07-02 12:09:00,5.91,5.355527062970995,6.035623181107443,5.812516814260824,0.23124504084754705,0.05762666939206462,0.17361837145548242
ANVS,2024-07-02,2024-07-02 13:32:00,True,clean_breakout,previous_high_break_with_pullback_low_support_or_previous_resistance,10.9,12.0,10.62,11.65,827800.0,251231.7,3.2949663597388383,0.5434782608695649,0.2536231884057967,0.2028985507246384,0.7463768115942033,2024-07-02 13:26:00,10.62,10.62,234335.0,227367.3,0.0,2024-07-02 13:31:00,10.7,10.87,0.21249999999999972,-0.007532956685499066,0.09698681732580049,6.0,7.381974248927034,0.8599999999999994,12.51,2024-07-02 13:34:00,7.381974248927034,0.8599999999999994,12.51,2024-07-02 13:34:00,False,,True,2024-07-02 13:44:00,10.25,8.457152696490189,10.378141497562721,9.850263645484096,0.5362748817282235,0.20237118082865824,0.3339037008995652
NRXP,2024-12-31,2024-12-31 11:54:00,True,clean_breakout,previous_high_break_with_pullback_low_support_or_previous_resistance,1.54,1.5899,1.53,1.585,43436.0,4370.2,9.939133220447577,0.7512520868113503,0.08180300500834926,0.16694490818030047,0.9181969949916508,2024-12-31 11:48:00,1.53,1.52,12428.0,2189.9,0.3225806451612915,2024-12-31 11:53:00,1.51,1.53,0.0,0.013071895424836612,0.03594771241830061,6.0,62.77602523659307,0.9950000000000001,2.58,2024-12-31 14:12:00,4.100946372239744,0.06499999999999995,1.65,2024-12-31 12:03:00,False,,False,,,1.5123275090158013,1.5268903519080899,1.5152420446671389,0.008496283674866545,0.008342597873845057,0.00015368580102148826
NRXP,2024-12-31,2024-12-31 12:46:00,True,clean_breakout,previous_high_break_with_pullback_low_support_or_previous_resistance,1.795,1.83,1.78,1.82,32798.0,19613.9,1.672181463146034,0.5000000000000022,0.2,0.29999999999999777,0.8,2024-12-31 12:43:00,1.8,1.7845,19238.0,16349.25,0.3333333333333333,2024-12-31 12:44:00,1.76,1.7778,0.8900000000000011,0.02222222222222224,0.01111111111111112,3.0,41.75824175824176,0.76,2.58,2024-12-31 14:12:00,3.8461538461538374,0.06999999999999984,1.89,2024-12-31 13:07:00,False,,True,2024-12-31 12:51:00,1.75,1.6334604486212654,1.7790130810523659,1.7355369456360323,0.04860270613432682,0.006065690155039299,0.042537015979287524
NRXP,2024-12-31,2024-12-31 14:05:00,True,clean_breakout,previous_high_break_with_pullback_low_support_or_previous_resistance,2.1095,2.2,2.1,2.2,87333.0,37605.2,2.3223649920755642,0.9049999999999995,0.0,0.09500000000000056,1.0,2024-12-31 14:02:00,2.18,2.155,70687.0,28006.25,0.2691065662002185,2024-12-31 14:03:00,2.04,2.125,0.7083333333333324,0.06422018348623859,0.009174311926605512,3.0,17.272727272727266,0.3799999999999999,2.58,2024-12-31 14:12:00,17.272727272727266,0.3799999999999999,2.58,2024-12-31 14:12:00,True,6.0,False,,,1.854312405704764,2.107751814862754,2.0494292591638534,0.05993088076278541,0.018611993023240223,0.04131888773954519
NRXP,2024-12-31,2024-12-31 14:06:00,True,clean_breakout,previous_high_break_with_pullback_low_support_or_previous_resistance,2.1815,2.32,2.17,2.3,291248.0,51711.3,5.632192576864244,0.7899999999999978,0.13333333333333353,0.07666666666666863,0.8666666666666665,2024-12-31 14:02:00,2.18,2.155,70687.0,28006.25,0.2691065662002185,2024-12-31 14:03:00,2.04,2.125,0.7083333333333324,0.06422018348623859,0.05504587155963287,4.0,12.173913043478272,0.28000000000000025,2.58,2024-12-31 14:12:00,12.173913043478272,0.28000000000000025,2.58,2024-12-31 14:12:00,True,5.0,False,,,1.8952777226269508,2.146201451890203,2.0732931392434866,0.07240451531569558,0.025128574639339187,0.0472759406763564
BWEN,2026-05-12,2026-05-12 14:12:00,True,clean_breakout,previous_high_break_with_pullback_low_support_or_previous_resistance,3.34,3.43,3.34,3.43,43299.0,50781.05,0.8526605889401656,1.0,0.0,0.0,1.0,2026-05-12 14:10:00,3.4,3.35,60216.0,52503.9,0.9980000000000047,2026-05-12 14:11:00,3.33,3.3316,0.053333333333327806,0.0205882352941176,0.008823529411764779,2.0,44.31486880466472,1.52,4.95,2026-05-12 16:06:00,1.4577259475218607,0.04999999999999982,3.48,2026-05-12 14:29:00,False,,True,2026-05-12 14:23:00,3.3204,2.974693084063374,3.3509118523700248,3.301630113756426,0.05985992850452693,0.0021528836881841637,0.05770704481634276
BWEN,2026-05-12,2026-05-12 15:56:00,True,clean_breakout,previous_high_break_with_pullback_low_support_or_previous_resistance,4.27,4.475,4.23,4.45,230853.0,177600.65,1.2998432156639066,0.7346938775510252,0.10204081632652877,0.16326530612244602,0.8979591836734713,2026-05-12 15:50:00,4.3,4.25,189150.0,143294.95,0.05005005005004905,2026-05-12 15:52:00,4.02,4.11,0.8181818181818226,0.0651162790697675,0.03488372093023264,6.0,11.235955056179774,0.5,4.95,2026-05-12 16:06:00,11.235955056179774,0.5,4.95,2026-05-12 16:06:00,True,10.0,False,,,3.363876991827566,4.206980179716993,4.0736605465010065,0.1531298628241009,0.005575870008645872,0.14755399281545503
LAES,2024-12-26,2024-12-26 10:08:00,True,clean_breakout,previous_high_break_with_pullback_low_support_or_previous_resistance,6.875,7.15,6.81,7.1047,1620692.0,806241.75,2.0101811894509307,0.6755882352941168,0.13323529411764712,0.19117647058823603,0.8667647058823529,2024-12-26 10:02:00,6.88,6.7702,2244688.0,809581.6,0.23890339425587445,2024-12-26 10:03:00,6.48,6.5899,0.35463052597612044,0.05813953488372085,0.03265988372093028,6.0,31.18076766084423,2.2153,9.32,2024-12-26 14:03:00,8.378960406491476,0.5952999999999999,7.7,2024-12-26 10:10:00,False,,False,,,6.0811333696704395,6.763512172057805,6.510547361857532,0.28995252242709046,0.033384230260657954,0.2565682921664325
LAES,2024-12-26,2024-12-26 11:01:00,True,clean_breakout,previous_high_break_with_pullback_low_support_or_previous_resistance,7.8699,8.08,7.82,8.0399,958391.0,649813.95,1.4748698454380673,0.6538461538461507,0.154230769230772,0.1919230769230773,0.8457692307692279,2024-12-26 10:59:00,8.0,7.9799,1091773.0,572066.5,0.15461538461538651,2024-12-26 11:00:00,7.85,7.85,0.0,0.018750000000000044,0.0049874999999999226,2.0,15.92183982387842,1.280100000000001,9.32,2024-12-26 14:03:00,8.707819749001864,0.7001000000000008,8.74,2024-12-26 11:13:00,False,,False,,,6.731889887835715,7.796035394560402,7.5770841732952485,0.21967183784971756,0.07378647139321676,0.1458853664565008
LAES,2024-12-26,2024-12-26 11:09:00,True,clean_breakout,previous_high_break_with_pullback_low_support_or_previous_resistance,8.1,8.39,8.1,8.375,1627916.0,932087.65,1.746526734905242,0.9482758620689637,0.05172413793103628,0.0,0.9482758620689637,2024-12-26 11:07:00,8.2,8.0823,529197.0,842987.8,0.12499999999999074,2024-12-26 11:08:00,8.05,8.1,0.48638132295719544,0.018292682926829097,0.021341463414634235,2.0,11.283582089552242,0.9450000000000003,9.32,2024-12-26 14:03:00,4.3582089552238825,0.3650000000000002,8.74,2024-12-26 11:13:00,False,,True,2024-12-26 11:24:00,7.92,6.8683015595775725,8.111766247981851,7.897164463727025,0.24825994504472249,0.009849958889953575,0.2384099861547689
LAES,2024-12-26,2024-12-26 14:01:00,True,clean_breakout,previous_high_break_with_pullback_low_support_or_previous_resistance,9.13,9.27,9.12,9.21,684426.0,327574.1,2.0893776400515183,0.5333333333333325,0.39999999999999053,0.06666666666667694,0.6000000000000095,2024-12-26 13:59:00,9.19,9.1301,371331.0,301696.45,0.4991666666666612,2024-12-26 14:00:00,9.08,9.13,0.7142857142857215,0.011969532100108753,0.002176278563656295,2.0,1.1943539630835986,0.10999999999999943,9.32,2024-12-26 14:03:00,1.1943539630835986,0.10999999999999943,9.32,2024-12-26 14:03:00,False,,True,2024-12-26 14:05:00,9.03,7.54802944472595,9.099030630130045,9.00197753159436,0.10446675379990467,0.015187495520476726,0.08927925827942794
NAMM,2026-01-28,2026-01-28 14:47:00,True,clean_breakout,previous_high_break_with_pullback_low_support_or_previous_resistance,4.9168,4.96,4.9,4.955,43715.0,25552.15,1.7108149412084697,0.6366666666666673,0.0833333333333321,0.2800000000000006,0.9166666666666679,2026-01-28 14:39:00,4.93,4.89,35445.0,21479.6,0.8000000000000036,2026-01-28 14:42:00,4.83,4.8699,0.9975000000000058,0.02028397565922914,0.005070993914807375,8.0,43.289606458123096,2.1449999999999996,7.1,2026-01-28 15:53:00,21.089808274470233,1.045,6.0,2026-01-28 15:15:00,True,6.0,False,,,4.77794540484235,4.900844029173388,4.870686400113732,0.030924669895132872,0.006653970353750715,0.024270699541382158
NAMM,2026-01-28,2026-01-28 14:50:00,True,clean_breakout,previous_high_break_with_pullback_low_support_or_previous_resistance,4.9999,5.2,4.99,5.1985,400268.0,52315.25,7.651076884847153,0.9457142857142853,0.007142857142857415,0.04714285714285724,0.9928571428571425,2026-01-28 14:48:00,4.995,4.95,94995.0,30176.9,0.42105263157894884,2026-01-28 14:49:00,4.94,4.99,0.7466666666666633,0.011011011011010954,0.040740740740740744,2.0,36.577858997787814,1.9014999999999995,7.1,2026-01-28 15:53:00,15.417909012215059,0.8014999999999999,6.0,2026-01-28 15:15:00,True,11.0,False,,,4.791321716410538,4.980932142936775,4.918371128212945,0.05796768844898548,0.024372338917442227,0.03359534953154325
CRNC,2024-11-21,2024-11-21 12:34:00,True,clean_breakout,previous_high_break_with_pullback_low_support_or_previous_resistance,5.25,5.4,5.24,5.39,316815.0,127389.7,2.4869750066135645,0.8749999999999972,0.06250000000000416,0.06249999999999861,0.9374999999999959,2024-11-21 12:29:00,5.37,5.31,234105.0,109856.65,0.3000000000000022,2024-11-21 12:31:00,5.15,5.21,0.5714285714285768,0.04096834264432025,0.0037243947858472204,5.0,18.923933209647505,1.0200000000000005,6.41,2024-11-21 14:48:00,3.710575139146571,0.20000000000000018,5.59,2024-11-21 12:39:00,False,,False,,,4.906654999208667,5.237981115030288,5.179142296331563,0.06573009895868775,0.013779198780764383,0.05195090017792337
CRNC,2024-11-21,2024-11-21 12:39:00,True,clean_breakout,previous_high_break_with_pullback_low_support_or_previous_resistance,5.39,5.59,5.37,5.54,756592.0,165278.9,4.577668413814468,0.6818181818181842,0.2272727272727267,0.09090909090908908,0.7727272727272733,2024-11-21 12:35:00,5.4,5.36,202890.0,131787.15,0.0,2024-11-21 12:38:00,5.31,5.4,0.6666666666666666,0.016666666666666805,0.025925925925925866,4.0,15.703971119133575,0.8700000000000001,6.41,2024-11-21 14:48:00,3.7906137184115516,0.20999999999999996,5.75,2024-11-21 13:08:00,False,,True,2024-11-21 12:42:00,5.22,4.9248662109386885,5.366768851773125,5.273835299568813,0.09785015949062803,0.02560731328489578,0.07224284620573225
CRNC,2024-11-21,2024-11-21 12:40:00,True,clean_breakout,previous_high_break_with_pullback_low_support_or_previous_resistance,5.54,5.54,5.39,5.42,379853.0,180505.95,2.1043793847238828,0.7999999999999988,0.0,0.20000000000000118,0.20000000000000118,2024-11-21 12:38:00,5.4,5.4,208992.0,132517.3,0.0,2024-11-21 12:39:00,5.37,5.54,0.09090909090908908,0.005555555555555601,0.0037037037037036245,2.0,18.265682656826574,0.9900000000000002,6.41,2024-11-21 14:48:00,6.0885608856088576,0.33000000000000007,5.75,2024-11-21 13:08:00,False,,True,2024-11-21 12:42:00,5.22,4.929701559157787,5.377415081418501,5.2877557472289265,0.09733064215681253,0.021156192096053572,0.07617445006075896
LTBR,2025-01-23,2025-01-23 15:25:00,True,clean_breakout,previous_high_break_with_pullback_low_support_or_previous_resistance,9.76,9.9,9.74,9.895,82359.0,34920.15,2.3584950236468054,0.8437499999999979,0.03125000000000486,0.12499999999999722,0.9687499999999951,2025-01-23 15:23:00,9.83,9.79,64249.0,31191.2,0.22234574763758164,2025-01-23 15:24:00,9.73,9.7898,0.6549835706462096,0.010172939979654084,0.006612410986775128,2.0,5.709954522486117,0.5650000000000013,10.46,2025-01-23 17:35:00,5.608893380495196,0.5549999999999997,10.45,2025-01-23 15:53:00,False,,True,2025-01-23 15:31:00,9.7101,8.567068228161524,9.716585649232641,9.585975711351542,0.14149000205992657,0.02234862559142274,0.11914137646850383
RMSG,2026-04-13,2026-04-13 11:54:00,True,clean_breakout,previous_high_break_with_pullback_low_support_or_previous_resistance,1.435,1.5,1.41,1.485,1320600.0,905640.35,1.4581947458502704,0.5555555555555556,0.16666666666666544,0.277777777777779,0.8333333333333346,2026-04-13 11:49:00,1.48,1.391,1731525.0,697667.9,0.14999999999999888,2026-04-13 11:51:00,1.377,1.39,0.39634146341463183,0.06959459459459458,0.0033783783783784566,5.0,165.993265993266,2.465,3.95,2026-04-13 18:00:00,13.131313131313119,0.19499999999999984,1.68,2026-04-13 12:07:00,True,13.0,False,,,1.0410213441418477,1.405091216735718,1.3226224344493631,0.08480236132371344,0.01580886351891482,0.06899349780479862
RMSG,2026-04-13,2026-04-13 11:55:00,True,clean_breakout,previous_high_break_with_pullback_low_support_or_previous_resistance,1.4801,1.61,1.47,1.6067,2633622.0,1029117.45,2.5591073205492725,0.9042857142857138,0.023571428571429128,0.07214285714285706,0.9764285714285709,2026-04-13 11:49:00,1.48,1.391,1731525.0,697667.9,0.14999999999999888,2026-04-13 11:51:00,1.377,1.39,0.39634146341463183,0.06959459459459458,0.08560810810810814,6.0,145.84552187713948,2.3433,3.95,2026-04-13 18:00:00,4.562146013568178,0.07329999999999992,1.68,2026-04-13 12:07:00,False,,False,,,1.046895322310508,1.4454129733885743,1.349677440692281,0.0967064926059813,0.020718054890478704,0.0759884377155026
RMSG,2026-04-13,2026-04-13 12:07:00,True,clean_breakout,previous_high_break_with_pullback_low_support_or_previous_resistance,1.58,1.68,1.575,1.6418,1861419.0,1221321.7,1.5241021264094465,0.5885714285714273,0.36380952380952397,0.04761904761904873,0.636190476190476,2026-04-13 11:58:00,1.63,1.57,1212249.0,1243461.05,0.12499999999999757,2026-04-13 12:00:00,1.46,1.5,0.26666666666666666,0.10429447852760733,0.007239263803681002,9.0,140.58959678401757,2.3082000000000003,3.95,2026-04-13 18:00:00,1.717626994761847,0.028200000000000003,1.67,2026-04-13 12:08:00,False,,False,,,1.075339693804798,1.559403399146465,1.496864953819013,0.08069520197892999,-0.008352611990984055,0.08904781396991404
RMSG,2026-04-13,2026-04-13 13:39:00,True,clean_breakout,previous_high_break_with_pullback_low_support_or_previous_resistance,1.9822,2.13,1.965,2.0999,2371018.0,866383.25,2.7366849486067513,0.7133333333333336,0.18242424242424274,0.10424242424242365,0.8175757575757573,2026-04-13 13:33:00,2.0,1.955,1341496.0,690531.65,0.6428571428571412,2026-04-13 13:34:00,1.87,1.92,0.5555555555555545,0.06499999999999995,0.04994999999999994,6.0,88.10419543787802,1.8501000000000003,3.95,2026-04-13 18:00:00,2.862041049573802,0.060100000000000264,2.16,2026-04-13 13:41:00,False,,False,,,1.1938061913879197,1.9506691284491529,1.871246438836875,0.08436864631453034,0.020195263598970503,0.06417338271555983
RMSG,2026-04-13,2026-04-13 15:29:00,True,clean_breakout,previous_high_break_with_pullback_low_support_or_previous_resistance,2.36,2.47,2.34,2.435,1503363.0,896792.4,1.6763779443269144,0.5769230769230768,0.2692307692307696,0.15384615384615358,0.7307692307692304,2026-04-13 15:27:00,2.4,2.3499,1627284.0,913367.95,0.5009999999999999,2026-04-13 15:28:00,2.32,2.3684,0.2857142857142848,0.03333333333333337,0.014583333333333393,2.0,62.21765913757701,1.5150000000000001,3.95,2026-04-13 18:00:00,12.114989733059545,0.29499999999999993,2.73,2026-04-13 15:55:00,True,26.0,True,2026-04-13 15:44:00,2.24,1.3467681751888403,2.3326057033673617,2.25938230226531,0.08425642746460626,0.010430224432164237,0.07382620303244203
AKAN,2026-04-29,2026-04-29 11:57:00,True,clean_breakout,previous_high_break_with_pullback_low_support_or_previous_resistance,25.74,27.16,25.25,26.93,120126.0,32897.25,3.6515514214713996,0.6230366492146603,0.12041884816753948,0.2565445026178002,0.8795811518324606,2026-04-29 11:52:00,25.98,25.57,74501.0,31200.5,0.5466666666666669,2026-04-29 11:53:00,24.33,25.15,0.6949152542372865,0.06351039260969985,0.03656658968437257,5.0,6.72112885258076,1.8099999999999987,28.74,2026-04-29 11:58:00,6.72112885258076,1.8099999999999987,28.74,2026-04-29 11:58:00,False,,False,,,22.17742177876325,25.481588240825896,24.6884450835989,0.8709898950545707,0.14451946752196365,0.726470427532607
AKAN,2026-04-29,2026-04-29 11:58:00,True,clean_breakout,previous_high_break_with_pullback_low_support_or_previous_resistance,26.78,28.74,26.5,28.74,79283.0,36309.7,2.1835212078315163,0.8749999999999994,0.0,0.12500000000000058,1.0,2026-04-29 11:52:00,25.98,25.57,74501.0,31200.5,0.5466666666666669,2026-04-29 11:53:00,24.33,25.15,0.6949152542372865,0.06351039260969985,0.10623556581986135,6.0,0.0,0.0,,,0.0,0.0,,,False,,False,,,22.32069962191586,26.13327059266072,25.07430745658948,1.0863111130148013,0.2932145825266831,0.7930965304881182
BTCT,2025-01-17,2025-01-17 12:45:00,True,clean_breakout,previous_high_break_with_pullback_low_support_or_previous_resistance,6.62,6.8,6.56,6.765,210072.0,78036.75,2.6919624407730973,0.6041666666666644,0.1458333333333338,0.25000000000000183,0.8541666666666662,2025-01-17 12:43:00,6.66,6.6499,58432.0,68197.2,0.07915360501567735,2025-01-17 12:44:00,6.53,6.62,0.8181818181818211,0.019519519519519503,0.015765765765765695,2.0,46.339985218034016,3.134900000000001,9.8999,2025-01-17 14:50:00,14.855875831485587,1.005,7.77,2025-01-17 13:11:00,True,22.0,False,,,6.069092734606579,6.590445888749314,6.492466679739639,0.1040754592510611,0.02789927653903576,0.07617618271202534
BTCT,2025-01-17,2025-01-17 12:51:00,True,clean_breakout,previous_high_break_with_pullback_low_support_or_previous_resistance,6.8907,7.14,6.88,7.0643,387645.0,123340.95,3.142873473894923,0.6676923076923098,0.2911538461538442,0.04115384615384592,0.7088461538461558,2025-01-17 12:49:00,7.0,6.824,281360.0,108811.75,0.1031390134529133,2025-01-17 12:50:00,6.83,6.9399,0.07615384615384636,0.024285714285714275,0.009185714285714321,2.0,40.13985816004417,2.8356000000000003,9.8999,2025-01-17 14:50:00,9.989666350523043,0.7056999999999993,7.77,2025-01-17 13:11:00,False,,False,,,6.147846820078934,6.848368247060302,6.6883732075313995,0.16821849575669034,0.040310169701252896,0.12790832605543745
BTCT,2025-01-17,2025-01-17 14:21:00,True,clean_breakout,previous_high_break_with_pullback_low_support_or_previous_resistance,8.2599,8.49,8.1956,8.38,472205.0,250316.95,1.8864283860921123,0.4079483695652206,0.3736413043478247,0.21841032608695468,0.6263586956521753,2025-01-17 14:18:00,8.3,8.1704,357769.0,236915.0,0.6821052631578898,2025-01-17 14:19:00,8.11,8.2479,0.07324147933285946,0.022891566265060392,0.009638554216867478,3.0,18.137231503579947,1.5198999999999998,9.8999,2025-01-17 14:50:00,18.137231503579947,1.5198999999999998,9.8999,2025-01-17 14:50:00,True,24.0,True,2025-01-17 14:26:00,8.07,6.876269668968985,8.149473269069244,7.945357050972591,0.21280157712702596,0.045787182587881226,0.16701439453914474
IVVD,2025-02-21,2025-02-21 11:26:00,True,clean_breakout,previous_high_break_with_pullback_low_support_or_previous_resistance,1.62,1.68,1.6109,1.6798,258723.0,43527.35,5.9439180193602414,0.8654124457308235,0.0028943560057883956,0.13169319826338807,0.9971056439942116,2025-02-21 11:24:00,1.6,1.5999,35302.0,28201.45,0.003344481605350798,2025-02-21 11:25:00,1.59,1.6199,0.3333333333333333,0.0062500000000000056,0.04987499999999992,2.0,25.014882724133834,0.42020000000000013,2.1,2025-02-21 12:57:00,4.17906893677819,0.07020000000000004,1.75,2025-02-21 11:46:00,False,,False,,,1.4864634199461855,1.5986293983879694,1.5700684054487133,0.02787417598891473,0.01000521993626297,0.01786895605265176
SBET,2025-05-29,2025-05-29 13:47:00,True,clean_breakout,previous_high_break_with_pullback_low_support_or_previous_resistance,54.33,55.8,54.0,55.28,52189.0,47705.45,1.0939840206936524,0.5277777777777802,0.28888888888888714,0.18333333333333268,0.7111111111111129,2025-05-29 13:44:00,54.74,54.2,56252.0,45463.7,0.033613445378150406,2025-05-29 13:45:00,53.5,54.05,0.624999999999995,0.022652539276580234,0.009864815491413942,3.0,93.25253256150505,51.55,106.83,2025-05-29 16:17:00,9.442836468885671,5.219999999999999,60.5,2025-05-29 13:54:00,False,,False,,,43.971015784127864,53.983643266443906,52.72772038223666,1.5027871642882928,0.03391409250164967,1.4688730717866432
RILY,2025-02-24,2025-02-24 11:15:00,True,clean_breakout,previous_high_break_with_pullback_low_support_or_previous_resistance,4.19,4.27,4.18,4.27,58329.0,25335.9,2.3022272743419414,0.8888888888888812,0.0,0.1111111111111188,1.0,2025-02-24 11:12:00,4.19,4.17,61843.0,22196.0,0.33333333333333826,2025-02-24 11:14:00,4.14,4.19,0.5,0.011933174224343843,0.019093078758949684,3.0,23.653395784543342,1.0100000000000007,5.28,2025-02-24 12:51:00,13.34894613583139,0.5700000000000003,4.84,2025-02-24 11:24:00,True,5.0,False,,,3.8734625913739555,4.16248660736793,4.105239835158537,0.059628595693157926,0.016165449438367646,0.04346314625479028
RILY,2025-02-24,2025-02-24 11:20:00,True,clean_breakout,previous_high_break_with_pullback_low_support_or_previous_resistance,4.39,4.75,4.36,4.71,368265.0,61376.85,6.000063541872873,0.8205128205128219,0.10256410256410274,0.07692307692307535,0.8974358974358972,2025-02-24 11:18:00,4.41,4.35,65775.0,39327.5,0.20000000000000356,2025-02-24 11:19:00,4.34,4.38,0.12500000000000278,0.015873015873015938,0.06802721088435369,2.0,12.101910828025483,0.5700000000000003,5.28,2025-02-24 12:51:00,2.760084925690019,0.1299999999999999,4.84,2025-02-24 11:24:00,False,,True,2025-02-24 11:40:00,4.11,4.039998400942412,4.3647412115023245,4.237537654087453,0.12222125413435059,0.04692813436425046,0.07529311977010013
HYPD,2025-06-24,2025-06-24 11:15:00,True,clean_breakout,previous_high_break_with_pullback_low_support_or_previous_resistance,9.275,9.68,9.21,9.5576,342105.0,253246.6,1.350876971299911,0.6012765957446832,0.26042553191489204,0.13829787234042482,0.739574468085108,2025-06-24 11:09:00,9.48,9.4294,451743.0,224383.85,0.12050488211479178,2025-06-24 11:13:00,9.0501,9.3366,0.39375568354046414,0.045348101265822775,0.008185654008438854,6.0,12.475935381267254,1.1923999999999992,10.75,2025-06-24 11:22:00,12.475935381267254,1.1923999999999992,10.75,2025-06-24 11:22:00,True,7.0,False,,,8.175278716762419,9.259847077159876,8.99222496460728,0.3338186647802388,0.006493887551455468,0.32732477722878334
HYPD,2025-06-24,2025-06-24 11:19:00,True,clean_breakout,previous_high_break_with_pullback_low_support_or_previous_resistance,9.5799,9.99,9.5799,9.8664,393699.0,275378.35,1.4296657671164057,0.698610095098757,0.30138990490124296,0.0,0.698610095098757,2025-06-24 11:16:00,9.84,9.5957,461155.0,274038.45,0.6979999999999981,2025-06-24 11:18:00,9.52,9.57,0.31250000000000416,0.032520325203252064,0.0026829268292683584,3.0,8.955647449931075,0.8835999999999995,10.75,2025-06-24 11:22:00,8.955647449931075,0.8835999999999995,10.75,2025-06-24 11:22:00,False,,True,2025-06-24 11:28:00,9.46,8.313635310286614,9.507433042804687,9.21443566730213,0.35624700063960013,0.015471345371876832,0.3407756552677233
FLNA,2024-08-05,2024-08-05 11:57:00,True,clean_breakout,previous_high_break_with_pullback_low_support_or_previous_resistance,30.3899,30.9223,30.224,30.9223,42796.0,15321.25,2.793244676511381,0.76242302735214,0.0,0.23757697264786004,1.0,2024-08-05 11:54:00,30.6507,30.325,37100.0,16626.25,0.5164922296225827,2024-08-05 11:55:00,29.89,30.245,0.6120689655172439,0.024818356513880594,0.00886113530849212,3.0,36.471090442819595,11.277700000000003,42.2,2024-08-05 15:15:00,13.186923353049417,4.0777,35.0,2024-08-05 12:23:00,True,19.0,False,,,28.086061800114944,30.13523557419404,29.716639867476932,0.4552872107251815,0.11156526791570515,0.3437219428094764
FLNA,2024-08-05,2024-08-05 12:15:00,True,clean_breakout,previous_high_break_with_pullback_low_support_or_previous_resistance,32.6375,33.6,32.57,33.6,88534.0,41079.8,2.1551711546794285,0.9344660194174733,0.0,0.06553398058252669,1.0,2024-08-05 12:06:00,33.24,32.995,91165.0,29697.2,0.1683848797250888,2024-08-05 12:10:00,31.6,31.69,0.11539941018079256,0.049338146811071015,0.010830324909747275,9.0,25.5952380952381,8.600000000000001,42.2,2024-08-05 15:15:00,4.1666666666666625,1.3999999999999986,35.0,2024-08-05 12:23:00,False,,False,,,29.15205347274686,32.49647132900634,31.837082463572322,0.7777066241659014,0.023878368035992525,0.7538282561299089
FLNA,2024-08-05,2024-08-05 13:40:00,True,clean_breakout,previous_high_break_with_pullback_low_support_or_previous_resistance,37.2999,37.7437,37.13,37.68,45135.0,39896.05,1.131315004868903,0.6193579925044848,0.10379664331106044,0.2768453641844549,0.8962033566889396,2024-08-05 13:38:00,37.45,37.45,45341.0,36948.7,0.0,2024-08-05 13:39:00,37.0,37.3,0.6666666666666562,0.012016021361815829,0.0061415220293724124,2.0,11.995753715498946,4.520000000000003,42.2,2024-08-05 15:15:00,2.7866242038216487,1.0499999999999972,38.73,2024-08-05 13:48:00,False,,True,2024-08-05 13:54:00,36.6,32.07587700782142,37.074519346468676,36.57311807913449,0.5575940621948448,0.08097823918771874,0.476615823007126
FLNA,2024-08-05,2024-08-05 13:43:00,True,clean_breakout,previous_high_break_with_pullback_low_support_or_previous_resistance,37.34,38.17,37.34,37.97,72897.0,47137.95,1.5464609725285041,0.7590361445783094,0.24096385542169066,0.0,0.7590361445783094,2024-08-05 13:41:00,37.76,37.7,51617.0,41307.0,0.1304347826086849,2024-08-05 13:42:00,37.11,37.35,0.3037974683544332,0.017213983050847422,0.005561440677966124,2.0,11.140373979457477,4.230000000000004,42.2,2024-08-05 15:15:00,2.001580194890698,0.759999999999998,38.73,2024-08-05 13:48:00,False,,True,2024-08-05 13:50:00,37.0,32.25604188887786,37.37775390539197,36.860949887137835,0.5894077621911293,0.0679719067805965,0.5214358554105328
FLNA,2024-08-05,2024-08-05 15:15:00,True,clean_breakout,previous_high_break_with_pullback_low_support_or_previous_resistance,41.54,42.2,41.4,42.005,38979.0,43490.15,0.896271914444995,0.5812500000000012,0.24374999999999905,0.17499999999999977,0.756250000000001,2024-08-05 15:09:00,42.0,41.0401,83090.0,43286.6,0.6651699152974804,2024-08-05 15:10:00,41.0401,41.36,0.1907619567194044,0.022854761904761847,0.00011904761904767995,6.0,0.3451970003570909,0.14499999999999602,42.15,2024-08-05 15:16:00,0.3451970003570909,0.14499999999999602,42.15,2024-08-05 15:16:00,False,,True,2024-08-05 15:16:00,40.58,34.76506543753774,41.41962986562423,40.87929562390514,0.6034239148502962,0.09992016968597373,0.5035037451643225
LTBR,2025-01-23,2025-01-23 15:25:00,True,clean_breakout,previous_high_break_with_pullback_low_support_or_previous_resistance,9.76,9.9,9.74,9.895,82359.0,34920.15,2.3584950236468054,0.8437499999999979,0.03125000000000486,0.12499999999999722,0.9687499999999951,2025-01-23 15:23:00,9.83,9.79,64249.0,31191.2,0.22234574763758164,2025-01-23 15:24:00,9.73,9.7898,0.6549835706462096,0.010172939979654084,0.006612410986775128,2.0,5.709954522486117,0.5650000000000013,10.46,2025-01-23 17:35:00,5.608893380495196,0.5549999999999997,10.45,2025-01-23 15:53:00,False,,True,2025-01-23 15:31:00,9.7101,8.567068228161524,9.716585649232641,9.585975711351542,0.14149000205992657,0.02234862559142274,0.11914137646850383
NEGG,2025-06-05,2025-06-05 10:56:00,True,clean_breakout,previous_high_break_with_pullback_low_support_or_previous_resistance,7.6,8.22,7.58,8.2,51622.0,8895.6,5.803093664283466,0.9374999999999987,0.03125000000000208,0.031249999999999306,0.9687499999999979,2025-06-05 10:51:00,7.98,7.91,29355.0,3706.1,0.23333333333333373,2025-06-05 10:55:00,7.49,7.6,0.30555555555555447,0.06140350877192985,0.027568922305764267,5.0,62.073170731707314,5.09,13.29,2025-06-05 14:31:00,11.585365853658551,0.9500000000000011,9.15,2025-06-05 11:01:00,True,4.0,False,,,7.5257652177754215,7.72209364345258,7.415115136946199,0.3270405634195601,0.07714402442101773,0.2498965389985424
NEGG,2025-06-05,2025-06-05 14:22:00,True,clean_breakout,previous_high_break_with_pullback_low_support_or_previous_resistance,11.22,11.57,11.11,11.57,66540.0,39090.3,1.7022125693586387,0.7608695652173891,0.0,0.23913043478261087,1.0,2025-06-05 14:14:00,11.5,11.19,97821.0,25052.8,0.620000000000001,2025-06-05 14:18:00,10.8,10.81,0.02941176470588174,0.060869565217391244,0.0060869565217391555,8.0,14.866032843560923,1.7199999999999989,13.29,2025-06-05 14:31:00,14.866032843560923,1.7199999999999989,13.29,2025-06-05 14:31:00,True,8.0,False,,,9.772938663516964,11.143415200036104,10.883892203347136,0.2829943329993707,0.01834104578740353,0.2646532872119672
NEGG,2025-06-05,2025-06-05 14:28:00,True,clean_breakout,previous_high_break_with_pullback_low_support_or_previous_resistance,11.82,12.44,11.74,12.42,200970.0,67451.2,2.9794873923666296,0.8571428571428575,0.02857142857142799,0.1142857142857145,0.971428571428572,2025-06-05 14:25:00,11.95,11.85,80597.0,53756.9,0.3333333333333333,2025-06-05 14:26:00,11.54,11.6,0.17142857142857215,0.03430962343096236,0.03933054393305445,3.0,7.00483091787439,0.8699999999999992,13.29,2025-06-05 14:31:00,7.00483091787439,0.8699999999999992,13.29,2025-06-05 14:31:00,False,,True,2025-06-05 14:56:00,11.0,9.983762685750994,11.698043434198265,11.318780034082423,0.4037937852631508,0.08199951341841616,0.32179427184473464
BMNR,2025-07-03,2025-07-03 10:00:00,True,clean_breakout,previous_high_break_with_pullback_low_support_or_previous_resistance,70.8,73.86,70.0,73.32,244357.0,120567.6,2.026721938563926,0.6528497409326416,0.13989637305699645,0.207253886010362,0.8601036269430036,2025-07-03 09:55:00,72.0,70.82,150488.0,118800.95,0.5444444444444475,2025-07-03 09:57:00,68.51,69.96,0.7397959183673435,0.04847222222222215,0.01833333333333324,5.0,119.58537915984726,87.68,161.0,2025-07-03 12:37:00,21.385706492089483,15.680000000000007,89.0,2025-07-03 10:14:00,True,5.0,False,,,65.39930604647914,70.03019309038217,67.66296647876015,2.6347004769782387,0.4061793355562613,2.2285211414219774
BMNR,2025-07-03,2025-07-03 10:02:00,True,clean_breakout,previous_high_break_with_pullback_low_support_or_previous_resistance,74.96,79.77,73.14,79.06,236738.0,133465.15,1.7737813953680044,0.6184012066365024,0.10708898944192975,0.27450980392156776,0.8929110105580702,2025-07-03 10:00:00,73.86,73.32,244357.0,120567.6,0.13989637305699645,2025-07-03 10:01:00,73.01,74.96,0.17270194986072207,0.011508258868128816,0.07040346601678855,2.0,103.64280293448014,81.94,161.0,2025-07-03 12:37:00,12.572729572476597,9.939999999999998,89.0,2025-07-03 10:14:00,True,11.0,False,,,66.65411420511025,72.6249235778446,69.37716757104856,3.38547031454344,0.8007421048653112,2.5847282096781288
BMNR,2025-07-03,2025-07-03 10:13:00,True,clean_breakout,previous_high_break_with_pullback_low_support_or_previous_resistance,81.5,88.7,81.06,86.5,348463.0,196120.6,1.776779185868287,0.6544502617801047,0.28795811518324643,0.057591623036648915,0.7120418848167536,2025-07-03 10:05:00,84.0,83.64,332210.0,147392.85,0.05546995377503848,2025-07-03 10:06:00,77.51,78.28,0.11882716049382673,0.0772619047619047,0.02976190476190476,8.0,86.1271676300578,74.5,161.0,2025-07-03 12:37:00,18.497109826589593,16.0,102.5,2025-07-03 10:43:00,True,21.0,False,,,71.76095656738786,80.95211630514686,77.21249721501918,4.381108607148462,0.14629639815329298,4.234812208995169
BMNR,2025-07-03,2025-07-03 12:29:00,True,clean_breakout,previous_high_break_with_pullback_low_support_or_previous_resistance,128.35,141.25,128.0,141.25,342354.0,112200.35,3.0512739042257886,0.9735849056603778,0.0,0.026415094339622212,1.0,2025-07-03 12:27:00,132.99,129.44,246325.0,96740.25,0.45454545454545586,2025-07-03 12:28:00,124.0,128.29,0.7857142857142831,0.06759906759906767,0.06210993307767494,2.0,13.982300884955754,19.75,161.0,2025-07-03 12:37:00,13.982300884955754,19.75,161.0,2025-07-03 12:37:00,True,7.0,False,,,95.61954287574572,126.81612612321624,121.22995791867196,5.351229157206774,2.23780807317418,3.113421084032594
PONY,2025-04-28,2025-04-28 10:16:00,True,clean_breakout,previous_high_break_with_pullback_low_support_or_previous_resistance,8.23,8.46,8.21,8.44,226937.0,135000.8,1.6810048533045732,0.8399999999999963,0.0800000000000054,0.0799999999999983,0.9199999999999946,2025-04-28 10:12:00,8.31,8.25,162540.0,123864.9,0.07142857142856962,2025-04-28 10:14:00,8.2,8.28,0.12500000000001943,0.01323706377858017,0.015643802647412636,4.0,34.47867298578199,2.91,11.35,2025-04-28 13:06:00,8.412322274881527,0.7100000000000009,9.15,2025-04-28 10:44:00,False,,False,,,7.8187192244845605,8.248740977866902,8.109861967313288,0.16415843353801485,0.006133639269656821,0.15802479426835803
PONY,2025-04-28,2025-04-28 10:42:00,True,clean_breakout,previous_high_break_with_pullback_low_support_or_previous_resistance,8.79,9.0,8.72,8.98,333863.0,159798.7,2.0892723157322304,0.6785714285714347,0.07142857142857006,0.24999999999999525,0.9285714285714299,2025-04-28 10:36:00,8.95,8.89,370953.0,171068.65,0.33333333333332676,2025-04-28 10:41:00,8.78,8.79,0.14285714285713924,0.018994413407821223,0.0033519553072626973,6.0,26.391982182628055,2.369999999999999,11.35,2025-04-28 13:06:00,4.565701559020046,0.41000000000000014,9.39,2025-04-28 11:05:00,False,,False,,,8.18313391649498,8.826624324577505,8.706277911704285,0.15360425846653136,0.0017646654603410694,0.1518395930061903
PONY,2025-04-28,2025-04-28 10:44:00,True,clean_breakout,previous_high_break_with_pullback_low_support_or_previous_resistance,8.92,9.15,8.91,9.13,393055.0,178231.3,2.205308495196972,0.8750000000000028,0.08333333333333148,0.04166666666666574,0.9166666666666685,2025-04-28 10:42:00,9.0,8.98,333863.0,159798.7,0.07142857142857006,2025-04-28 10:43:00,8.87,8.92,0.38461538461538775,0.01444444444444453,0.01444444444444453,2.0,24.31544359255201,2.219999999999999,11.35,2025-04-28 13:06:00,2.847754654983568,0.2599999999999998,9.39,2025-04-28 11:05:00,False,,False,,,8.230349129376735,8.902239567729605,8.765048358560652,0.1662716102124211,0.008968047543033847,0.15730356266938725
PONY,2025-04-28,2025-04-28 12:47:00,True,clean_breakout,previous_high_break_with_pullback_low_support_or_previous_resistance,10.53,10.95,10.51,10.92,638132.0,283341.85,2.2521628908683984,0.8863636363636387,0.0681818181818168,0.04545454545454454,0.9318181818181832,2025-04-28 12:45:00,10.79,10.57,504893.0,257814.8,0.7857142857142835,2025-04-28 12:46:00,10.47,10.52,0.2777777777777723,0.02965708989805362,0.01204819277108441,2.0,3.937728937728935,0.4299999999999997,11.35,2025-04-28 13:06:00,3.937728937728935,0.4299999999999997,11.35,2025-04-28 13:06:00,False,,False,,,9.391406239027912,10.550201215942078,10.34278179056954,0.21280448053231282,0.039983027790371745,0.17282145274194108
SBET,2025-06-11,2025-06-11 09:58:00,True,clean_breakout,previous_high_break_with_pullback_low_support_or_previous_resistance,38.25,40.0,38.0,39.25,71415.0,23810.75,2.9992755373098285,0.5,0.375,0.125,0.625,2025-06-11 09:47:00,38.81,38.65,29120.0,17369.95,0.20779220779221175,2025-06-11 09:53:00,37.0,37.34,0.4415584415584442,0.046637464570986914,0.011337284205101718,11.0,26.165605095541412,10.270000000000003,49.52,2025-06-11 12:02:00,5.7324840764331215,2.25,41.5,2025-06-11 10:19:00,False,,True,2025-06-11 10:05:00,36.56,36.709146161498936,38.04706274375175,37.35318108941684,0.8005365496719676,0.006759586183417321,0.7937769634885503
SBET,2025-06-11,2025-06-11 10:44:00,True,clean_breakout,previous_high_break_with_pullback_low_support_or_previous_resistance,42.77,44.0,42.27,43.48,60570.0,22664.5,2.672461338216153,0.4104046242774538,0.3005780346820833,0.28901734104046295,0.6994219653179167,2025-06-11 10:42:00,43.36,43.36,38556.0,19974.7,0.0,2025-06-11 10:43:00,42.55,42.76,0.2727272727272727,0.018680811808118133,0.0027675276752766936,2.0,13.891444342226325,6.040000000000006,49.52,2025-06-11 12:02:00,9.59061637534499,4.170000000000002,47.65,2025-06-11 11:07:00,False,,True,2025-06-11 10:45:00,42.43,38.745207699877525,42.31724028846546,41.4582446289532,0.9524903951674162,0.1789708062561588,0.7735195889112574
MLGO,2025-03-24,2025-03-24 10:35:00,True,clean_breakout,previous_high_break_with_pullback_low_support_or_previous_resistance,173.5637,185.4019,173.1017,183.0018,65933.540658,28380.181195350004,2.3232247956472873,0.7673127266223295,0.1951269085055532,0.037560364872117266,0.8048730914944467,2025-03-24 10:32:00,176.7018,175.5018,44167.424988,25830.515025599998,0.18569814766097553,2025-03-24 10:33:00,172.8017,173.6717,0.2899903336555393,0.022071648392942126,0.03565328706328975,3.0,176.55744369727512,323.1033,506.1051,2025-03-24 16:40:00,28.195077862622114,51.5975,234.5993,2025-03-24 11:05:00,True,18.0,True,2025-03-24 10:42:00,165.9017,139.7921347415795,172.9092542359448,167.38150501419238,6.1233226862450465,0.99001679482123,5.1333058914238165
MLGO,2025-03-24,2025-03-24 11:05:00,True,clean_breakout,previous_high_break_with_pullback_low_support_or_previous_resistance,218.1022,234.5993,217.8322,227.9783,51517.184823,34074.017589749994,1.5119198869726824,0.5890165860524468,0.3948804504058549,0.01610296354169834,0.6051195495941452,2025-03-24 11:02:00,227.7023,222.6022,57000.76332,33134.870314650005,0.2656274413808189,2025-03-24 11:03:00,214.8021,217.6522,0.3275939357018885,0.056653797524223566,0.001212108968596198,3.0,121.99704971920573,278.1268,506.1051,2025-03-24 16:40:00,4.616272689111202,10.524100000000004,238.5024,2025-03-24 11:07:00,False,,True,2025-03-24 11:19:00,208.5021,153.8106616432668,215.30883494349828,205.1544849742609,11.463706598118847,1.0883282221473252,10.375378375971522
QBTS,2024-12-16,2024-12-16 11:31:00,True,clean_breakout,previous_high_break_with_pullback_low_support_or_previous_resistance,6.4303,6.66,6.43,6.6003,993273.0,474103.45,2.095055414593587,0.739130434782607,0.2595652173913052,0.0013043478260877758,0.7404347826086948,2024-12-16 11:28:00,6.46,6.45,270363.0,459934.5,0.12499999999999722,2024-12-16 11:29:00,6.4,6.44,0.6677796327212043,0.009287925696594366,0.02171826625386995,3.0,16.66136387739952,1.0997000000000003,7.7,2024-12-16 15:06:00,0.9029892580640356,0.05960000000000054,6.6599,2024-12-16 11:32:00,False,,True,2024-12-16 11:33:00,6.34,5.716209411506065,6.426724984693607,6.321696488678447,0.10714066167973524,0.026858210512724967,0.08028245116701027
QBTS,2024-12-16,2024-12-16 13:36:00,True,clean_breakout,previous_high_break_with_pullback_low_support_or_previous_resistance,6.9601,7.19,6.96,7.1273,824175.0,463406.2,1.7785152637146417,0.7269565217391302,0.27260869565217527,0.0004347826086946381,0.7273913043478247,2024-12-16 13:34:00,7.1,7.035,386032.0,403906.95,0.3076923076923035,2024-12-16 13:35:00,6.91,6.9753,0.5117554858934139,0.02676056338028162,0.003845070422535257,2.0,8.035300885328247,0.5727000000000002,7.7,2024-12-16 15:06:00,1.3006327781908968,0.09269999999999978,7.22,2024-12-16 13:37:00,False,,True,2024-12-16 13:49:00,6.82,6.036382137363066,6.998981245673862,6.881304715991099,0.1290716455945926,0.015461114498856829,0.11361053109573578
QBTS,2024-12-16,2024-12-16 14:51:00,True,clean_breakout,previous_high_break_with_pullback_low_support_or_previous_resistance,7.32,7.44,7.32,7.42,358628.0,345299.25,1.0386005761669046,0.8333333333333296,0.16666666666667038,0.0,0.8333333333333296,2024-12-16 14:49:00,7.4,7.39,215440.0,344356.3,0.12500000000000833,2024-12-16 14:50:00,7.32,7.3201,0.0012499999999970857,0.01081081081081082,0.002702702702702645,2.0,3.7735849056603805,0.28000000000000025,7.7,2024-12-16 15:06:00,3.7735849056603805,0.28000000000000025,7.7,2024-12-16 15:06:00,False,,True,2024-12-16 15:16:00,7.2,6.197209158101605,7.306357162984241,7.191883225027022,0.11690578547025599,0.02604642840339501,0.09085935706686098
QBTS,2024-12-16,2024-12-16 14:54:00,True,clean_breakout,previous_high_break_with_pullback_low_support_or_previous_resistance,7.38,7.47,7.37,7.46,426560.0,369804.4,1.1534746476786106,0.8000000000000036,0.09999999999999823,0.09999999999999823,0.9000000000000018,2024-12-16 14:52:00,7.45,7.45,361427.0,348412.4,0.0,2024-12-16 14:53:00,7.38,7.3873,0.0912499999999982,0.009395973154362454,0.0013422818791946022,2.0,3.2171581769437028,0.2400000000000002,7.7,2024-12-16 15:06:00,3.2171581769437028,0.2400000000000002,7.7,2024-12-16 15:06:00,False,,True,2024-12-16 15:16:00,7.2,6.207808666671551,7.368422867447932,7.254379920144729,0.12375859444086323,0.014935016494781489,0.10882357794608175
QBTS,2024-12-16,2024-12-16 14:55:00,True,clean_breakout,previous_high_break_with_pullback_low_support_or_previous_resistance,7.46,7.6,7.43,7.5985,930296.0,410025.8,2.268871861234098,0.8147058823529393,0.008823529411765044,0.17647058823529566,0.991176470588235,2024-12-16 14:53:00,7.46,7.3873,300022.0,353446.1,0.17500000000000276,2024-12-16 14:54:00,7.37,7.46,0.09999999999999823,0.012064343163538854,0.018565683646112552,2.0,1.3357899585444575,0.10150000000000059,7.7,2024-12-16 15:06:00,1.3357899585444575,0.10150000000000059,7.7,2024-12-16 15:06:00,False,,True,2024-12-16 15:16:00,7.2,6.217595524068348,7.414438293958346,7.2871532610833265,0.1357106033890627,0.020104861229086474,0.11560574215997624
MLGO,2025-02-21,2025-02-21 11:35:00,True,clean_breakout,previous_high_break_with_pullback_low_support_or_previous_resistance,190.2019,206.4021,189.0019,205.7991,62023.679757,55098.18401265,1.1256937205545643,0.8963805013735491,0.03465477408305541,0.06896472454339546,0.9653452259169446,2025-02-21 11:29:00,203.402,192.2629,56930.264025,62035.85296860001,0.07139479538918254,2025-02-21 11:30:00,182.4018,186.9049,0.4548539913738243,0.10324480585244973,0.011785036528647817,6.0,70.70215564596734,145.50439999999998,351.3035,2025-02-21 14:35:00,27.552841581911657,56.70349999999996,262.5026,2025-02-21 12:04:00,True,5.0,False,,,125.59160195882771,193.36321605741287,185.14189882596085,10.34449209950472,-0.760550672778809,11.105042772283529
MLGO,2025-02-21,2025-02-21 11:36:00,True,clean_breakout,previous_high_break_with_pullback_low_support_or_previous_resistance,205.2021,223.2022,202.502,220.5022,103498.331673,56553.264461700004,1.8301035786023097,0.7391281243659477,0.1304335223814271,0.13043835325262523,0.8695664776185729,2025-02-21 11:29:00,203.402,192.2629,56930.264025,62035.85296860001,0.07139479538918254,2025-02-21 11:30:00,182.4018,186.9049,0.4548539913738243,0.10324480585244973,0.08407095308797358,7.0,59.31972560817987,130.8013,351.3035,2025-02-21 14:35:00,19.047610409329245,42.000399999999985,262.5026,2025-02-21 12:04:00,True,28.0,False,,,126.6621287849451,198.7910128459303,188.50954655682173,11.91421554193036,0.6216151456980032,11.292600396232357
NEON,2025-06-13,2025-06-13 13:11:00,True,clean_breakout,previous_high_break_with_pullback_low_support_or_previous_resistance,14.04,14.97,14.04,14.89,41958.0,20211.75,2.075921184459535,0.913978494623656,0.08602150537634402,0.0,0.913978494623656,2025-06-13 13:06:00,14.86,14.755,41610.0,17184.35,0.09051724137930917,2025-06-13 13:10:00,14.04,14.1897,0.1600000000000037,0.05518169582772546,0.0020188425302827147,5.0,20.886501007387505,3.1099999999999994,18.0,2025-06-13 13:41:00,20.886501007387505,3.1099999999999994,18.0,2025-06-13 13:41:00,True,16.0,True,2025-06-13 13:14:00,14.0,12.747492298371515,14.169849799226293,13.43336459055375,0.85415781892989,0.04624812250441679,0.8079096964254732
NEON,2025-06-13,2025-06-13 13:23:00,True,clean_breakout,previous_high_break_with_pullback_low_support_or_previous_resistance,15.0,16.11,14.9641,15.99,79952.0,29960.7,2.668562483520078,0.8639497338336686,0.10472117985862579,0.031329086307705596,0.8952788201413742,2025-06-13 13:12:00,15.59,15.0999,72814.0,23354.5,0.4804901960784316,2025-06-13 13:14:00,14.0,14.23,0.2072072072072077,0.10198845413726747,0.025657472738935237,11.0,12.570356472795496,2.01,18.0,2025-06-13 13:41:00,12.570356472795496,2.01,18.0,2025-06-13 13:41:00,True,17.0,False,,,13.640918249876856,14.995794012318832,14.472045444308595,0.6689346386941573,-0.008941472888870705,0.677876111583028
NCI,2026-02-11,2026-02-11 10:42:00,True,clean_breakout,previous_high_break_with_pullback_low_support_or_previous_resistance,1.1601,1.38,1.1601,1.38,359508.0,40917.2,8.786231706959422,1.0,0.0,0.0,1.0,2026-02-11 10:40:00,1.16,1.11,105196.0,16083.15,0.3129999999999993,2026-02-11 10:41:00,1.1001,1.1637,0.0,0.05163793103448262,0.1896551724137931,2.0,147.10144927536234,2.0300000000000002,3.41,2026-02-11 15:58:00,36.94927536231884,0.5099,1.8899,2026-02-11 11:08:00,True,22.0,False,,,1.1634179107367808,1.1460458199712091,1.0759279644148783,0.06605569800123057,0.028046968333774444,0.03800872966745612
NCI,2026-02-11,2026-02-11 11:17:00,True,clean_breakout,previous_high_break_with_pullback_low_support_or_previous_resistance,1.76,2.03,1.73,1.98,1244327.0,786034.55,1.5830436461094488,0.7333333333333337,0.16666666666666619,0.10000000000000014,0.8333333333333338,2026-02-11 11:15:00,1.94,1.8179,1002801.0,704059.7,0.5405405405405399,2026-02-11 11:16:00,1.74,1.7506,0.09636363636363576,0.10309278350515462,0.020618556701030948,2.0,72.22222222222223,1.4300000000000002,3.41,2026-02-11 15:58:00,5.555555555555549,0.10999999999999988,2.09,2026-02-11 11:21:00,False,,True,2026-02-11 11:28:00,1.64,1.5945968309900977,1.8016862525001134,1.659899976134887,0.1670866128334274,0.0034331403845866415,0.16365347244884076
NCI,2026-02-11,2026-02-11 15:01:00,True,clean_breakout,previous_high_break_with_pullback_low_support_or_previous_resistance,1.895,2.22,1.86,2.22,711494.0,219465.15,3.241945247343371,0.902777777777778,0.0,0.09722222222222197,1.0,2026-02-11 14:59:00,1.87,1.83,250843.0,164259.5,0.5706134094151214,2026-02-11 15:00:00,1.83,1.9,0.0,0.021390374331550818,0.18716577540106955,2.0,53.6036036036036,1.19,3.41,2026-02-11 15:58:00,35.13063063063061,0.7798999999999996,2.9999,2026-02-11 15:26:00,True,6.0,False,,,1.641251242769152,1.8628738374900062,1.7390446691128232,0.11480044507824139,0.04570899182655448,0.0690914532516869
INTS,2025-10-30,2025-10-30 11:58:00,True,clean_breakout,previous_high_break_with_pullback_low_support_or_previous_resistance,21.0,22.75,20.875,22.2475,273229.08,122725.42199999999,2.2263445954987224,0.6653333333333327,0.2680000000000007,0.06666666666666667,0.7319999999999993,2025-10-30 11:55:00,21.4875,20.4025,301148.16,110486.57800000001,0.4637037037037051,2025-10-30 11:56:00,20.305,20.5425,0.30857142857143216,0.05503199534613152,0.035369400814426896,3.0,95.52758736936735,21.2525,43.5,2025-10-30 13:53:00,23.60939431396787,5.252500000000001,27.5,2025-10-30 12:26:00,True,18.0,False,,,18.56569099865451,20.89122107967039,20.330273751930935,0.605082838001394,0.07354160234412621,0.5315412356572677
INTS,2025-10-30,2025-10-30 13:20:00,True,clean_breakout,previous_high_break_with_pullback_low_support_or_previous_resistance,29.25,32.25,28.75,31.275,257447.96,129384.71600000001,1.9897864907011116,0.5785714285714282,0.27857142857142897,0.14285714285714285,0.721428571428571,2025-10-30 13:16:00,30.75,28.9975,228261.04,126424.312,0.1875,2025-10-30 13:17:00,28.5,29.2475,0.21714285714285658,0.07317073170731707,0.01707317073170727,4.0,39.08872901678658,12.225000000000001,43.5,2025-10-30 13:53:00,26.298960831334938,8.225000000000001,39.5,2025-10-30 13:47:00,True,16.0,False,,,20.373964828671248,29.42148597252364,28.22188423271515,1.3044784435578762,0.17993854298415934,1.1245399005737169
ANTX,2026-03-09,2026-03-09 11:50:00,True,clean_breakout,previous_high_break_with_pullback_low_support_or_previous_resistance,4.5329,4.75,4.5301,4.715,281761.0,114413.45,2.462656269870369,0.8281036834924973,0.15916325602546677,0.012733060482035888,0.8408367439745332,2026-03-09 11:47:00,4.67,4.505,344161.0,110825.25,0.3124999999999986,2026-03-09 11:49:00,4.49,4.535,0.7500000000000037,0.03854389721627403,0.009635974304068507,3.0,46.55143160127255,2.1949000000000005,6.9099,2026-03-09 12:28:00,31.071049840933192,1.4649999999999999,6.18,2026-03-09 12:15:00,True,8.0,False,,,3.8996749446769368,4.552484740713834,4.465024028739977,0.10046252426048419,0.00824640348808453,0.09221612077239966
BTAI,2025-08-11,2025-08-11 09:54:00,True,clean_breakout,previous_high_break_with_pullback_low_support_or_previous_resistance,4.7399,4.84,4.7101,4.8399,174003.0,118079.55,1.4736082581615528,0.7698229407236369,0.0007698229407218387,0.22940723633564125,0.9992301770592782,2025-08-11 09:44:00,4.8,4.7296,145131.0,112995.3,0.5118181818181866,2025-08-11 09:47:00,4.52,4.625,0.7276867030965367,0.05833333333333339,0.008312500000000056,10.0,53.928800181821934,2.6101,7.45,2025-08-11 16:45:00,7.233620529349786,0.3501000000000003,5.19,2025-08-11 10:07:00,False,,False,,,4.514139802023368,4.718373734749927,4.637916260513429,0.09439146180957625,0.001927965698450551,0.0924634961111257
BTAI,2025-08-11,2025-08-11 13:21:00,True,clean_breakout,previous_high_break_with_pullback_low_support_or_previous_resistance,5.375,5.52,5.36,5.5001,217721.0,67230.8,3.2384115613677062,0.7818750000000022,0.12437499999999937,0.09374999999999843,0.8756250000000007,2025-08-11 13:17:00,5.5,5.48,288367.0,46967.65,0.08333333333333148,2025-08-11 13:20:00,5.35,5.3706,0.5149999999999983,0.027272727272727337,1.8181818181775807e-05,4.0,35.45208268940566,1.9499000000000004,7.45,2025-08-11 16:45:00,15.997890947437321,0.8799000000000001,6.38,2025-08-11 13:47:00,True,23.0,False,,,4.886211038637619,5.358844564901199,5.291362830262661,0.06653107970748184,0.028641622111729242,0.0378894575957526
PHIO,2026-02-13,2026-02-13 09:51:00,True,clean_breakout,previous_high_break_with_pullback_low_support_or_previous_resistance,1.3601,1.4,1.35,1.382,108039.0,31866.75,3.3903363223422534,0.4379999999999977,0.3600000000000016,0.20200000000000068,0.6399999999999983,2026-02-13 09:49:00,1.37,1.355,6199.0,32748.3,0.6666666666666617,2026-02-13 09:50:00,1.35,1.365,0.0,0.014598540145985413,0.008759124087591086,2.0,36.03473227206947,0.498,1.88,2026-02-13 14:08:00,3.4732272069464574,0.04800000000000004,1.43,2026-02-13 10:07:00,False,,False,,,1.3170599200549282,1.3585153573272628,1.3339879404297457,0.030130700209086037,-0.0006988673735811059,0.030829567582667142
PHIO,2026-02-13,2026-02-13 10:58:00,True,clean_breakout,previous_high_break_with_pullback_low_support_or_previous_resistance,1.4541,1.55,1.4541,1.519,335326.0,34979.65,9.586316615517879,0.6767466110531792,0.3232533889468207,0.0,0.6767466110531792,2026-02-13 10:56:00,1.45,1.4466,88498.0,16927.9,0.11333333333332815,2026-02-13 10:57:00,1.44,1.4594,0.0,0.006896551724137937,0.04758620689655169,2.0,23.765635286372614,0.361,1.88,2026-02-13 14:08:00,9.940750493745888,0.15100000000000002,1.67,2026-02-13 11:28:00,False,,False,,,1.3881974444244822,1.4482779709943276,1.4305132326634415,0.015982803926904543,0.008448374063945252,0.007534429862959291
PHIO,2026-02-13,2026-02-13 11:32:00,True,clean_breakout,previous_high_break_with_pullback_low_support_or_previous_resistance,1.65,1.7,1.65,1.7,180341.0,153292.15,1.1764529364354275,1.0,0.0,0.0,1.0,2026-02-13 11:30:00,1.68,1.6697,251919.0,147850.9,0.11444444444444436,2026-02-13 11:31:00,1.64,1.66,0.6666666666666666,0.023809523809523832,0.011904761904761916,2.0,10.588235294117645,0.17999999999999994,1.88,2026-02-13 14:08:00,2.941176470588238,0.050000000000000044,1.75,2026-02-13 11:37:00,False,,True,2026-02-13 11:34:00,1.63,1.5435123060113916,1.6482199199182734,1.6258542668720048,0.028598129927050575,0.0006193060977506756,0.0279788238292999
CNTN,2025-08-20,2025-08-20 14:59:00,True,clean_breakout,previous_high_break_with_pullback_low_support_or_previous_resistance,2.965,3.19,2.93,3.14,1997022.0,568179.15,3.5147752253844584,0.6730769230769247,0.1923076923076918,0.13461538461538355,0.8076923076923083,2025-08-20 14:55:00,3.0699,2.8589,1026567.0,439810.6,0.6808647950951909,2025-08-20 14:58:00,2.83,2.968,0.6428571428571412,0.07814586794358122,0.022834620020196112,4.0,91.0828025477707,2.86,6.0,2025-08-20 17:39:00,28.977707006369425,0.9098999999999999,4.0499,2025-08-20 15:25:00,True,8.0,False,,,2.2579093421103558,2.8910501416435315,2.7784702321556187,0.10646380451493487,0.045954136170221344,0.060509668344713524
CNTN,2025-08-20,2025-08-20 15:23:00,True,clean_breakout,previous_high_break_with_pullback_low_support_or_previous_resistance,3.635,3.84,3.58,3.81,1306539.0,1033789.7,1.2638344142914173,0.6730769230769247,0.11538461538461472,0.21153846153846062,0.8846153846153852,2025-08-20 15:20:00,3.7399,3.5749,775403.0,987824.75,0.5157861831822445,2025-08-20 15:21:00,3.51,3.63,0.5000000000000016,0.061472231877857754,0.018743816679590377,3.0,57.48031496062992,2.19,6.0,2025-08-20 17:39:00,6.296587926509186,0.2399,4.0499,2025-08-20 15:25:00,False,,True,2025-08-20 15:27:00,3.4708,2.3538903007312184,3.569129799720962,3.4161899793178683,0.17963985290846507,0.017087136040612017,0.16255271686785305
CLYM,2025-12-15,2025-12-15 12:21:00,True,clean_breakout,previous_high_break_with_pullback_low_support_or_previous_resistance,4.3,4.45,4.28,4.3996,170733.0,99773.35,1.7112084539609023,0.5858823529411801,0.29647058823529293,0.11764705882352695,0.7035294117647071,2025-12-15 12:18:00,4.3644,4.325,229160.0,79172.2,0.5295698924731151,2025-12-15 12:20:00,4.29,4.3,0.07692307692307535,0.017047016772064844,0.008065255246998571,3.0,9.555414128557139,0.4203999999999999,4.82,2025-12-15 12:30:00,9.555414128557139,0.4203999999999999,4.82,2025-12-15 12:30:00,False,,True,2025-12-15 12:32:00,4.17,3.8607661951891634,4.281377872074058,4.201011609320023,0.08510052510337918,0.022604399475989974,0.0624961256273892
CLYM,2025-12-15,2025-12-15 12:27:00,True,clean_breakout,previous_high_break_with_pullback_low_support_or_previous_resistance,4.445,4.63,4.43,4.57,210973.0,128202.95,1.64561735903893,0.6249999999999994,0.29999999999999777,0.07500000000000277,0.7000000000000022,2025-12-15 12:23:00,4.5,4.435,224152.0,120061.7,0.5555555555555545,2025-12-15 12:25:00,4.4,4.4401,0.44555555555555404,0.022222222222222143,0.01555555555555562,4.0,5.470459518599562,0.25,4.82,2025-12-15 12:30:00,5.470459518599562,0.25,4.82,2025-12-15 12:30:00,False,,True,2025-12-15 12:32:00,4.17,3.9311915690749477,4.430781040896983,4.325700728760816,0.11492757010870402,0.01896830083103182,0.0959592692776722
HSAI,2024-11-26,2024-11-26 10:51:00,True,clean_breakout,previous_high_break_with_pullback_low_support_or_previous_resistance,7.21,7.53,7.17,7.48,340464.0,240178.35,1.4175465856935066,0.7500000000000007,0.13888888888888828,0.1111111111111111,0.8611111111111117,2024-11-26 10:49:00,7.32,7.21,179426.0,240672.2,0.2777777777777808,2024-11-26 10:50:00,7.15,7.22,0.6363636363636341,0.023224043715846986,0.021857923497267777,2.0,14.3048128342246,1.0700000000000003,8.55,2024-11-26 11:07:00,14.3048128342246,1.0700000000000003,8.55,2024-11-26 11:07:00,True,14.0,False,,,6.205592599724588,7.151579415310147,6.886765747670464,0.32290246400880385,0.014554500481318455,0.3083479635274854
NVNI,2025-04-30,2025-04-30 10:26:00,True,clean_breakout,previous_high_break_with_pullback_low_support_or_previous_resistance,2.987,3.153,2.978,3.141,292602.9,137544.965,2.127325416819147,0.8800000000000004,0.0685714285714287,0.05142857142857089,0.9314285714285713,2025-04-30 10:22:00,3.1,3.008,292459.8,110342.44999999998,0.5348837209302325,2025-04-30 10:24:00,2.923,2.962,0.4020618556701047,0.0570967741935484,0.013225806451612879,4.0,77.07736389684815,2.4210000000000003,5.562,2025-04-30 16:33:00,11.42948105698822,0.359,3.5,2025-04-30 10:55:00,True,29.0,True,2025-04-30 10:36:00,2.868,2.6676917060169925,2.9665677719501513,2.838226517746735,0.135189847659682,0.025669337072390747,0.10952051058729126
NVNI,2025-04-30,2025-04-30 12:26:00,True,clean_breakout,previous_high_break_with_pullback_low_support_or_previous_resistance,3.192,3.303,3.192,3.281,157496.2,61081.78500000001,2.57844789571883,0.8018018018018032,0.19819819819819678,0.0,0.8018018018018032,2025-04-30 12:24:00,3.252,3.206,84214.7,56022.365000000005,0.12195121951219275,2025-04-30 12:25:00,3.171,3.195,0.4363636363636355,0.024907749077490764,0.00891758917589187,2.0,69.52148735141725,2.281,5.562,2025-04-30 16:33:00,2.0115818348064565,0.06599999999999984,3.347,2025-04-30 12:39:00,False,,True,2025-04-30 12:38:00,3.152,2.9912362177232956,3.1869208340869988,3.1420767347927088,0.04530630259456547,0.012241094386016053,0.03306520820854942
NVNI,2025-04-30,2025-04-30 14:17:00,True,clean_breakout,previous_high_break_with_pullback_low_support_or_previous_resistance,3.381,3.685,3.381,3.656,339395.7,45662.39000000001,7.432718699130728,0.9046052631578951,0.0953947368421049,0.0,0.9046052631578951,2025-04-30 14:14:00,3.303,3.263,118266.3,19716.104999999996,0.5128205128205143,2025-04-30 14:15:00,3.263,3.299,0.4594594594594578,0.01211020284589768,0.10687254011504699,3.0,52.13347921225383,1.9060000000000001,5.562,2025-04-30 16:33:00,1.2035010940919049,0.04400000000000004,3.7,2025-04-30 14:18:00,False,,True,2025-04-30 14:19:00,3.2,3.020736754794557,3.3211494162951,3.216219310375209,0.08966496553997194,0.053674622940526356,0.035990342599445585
NVNI,2025-04-30,2025-04-30 15:45:00,True,clean_breakout,previous_high_break_with_pullback_low_support_or_previous_resistance,4.089,4.2,4.05,4.198,164946.2,121883.15499999996,1.3533141638809734,0.7266666666666648,0.013333333333331834,0.26000000000000334,0.9866666666666681,2025-04-30 15:42:00,4.19,4.126,177951.3,106392.85499999998,0.5120000000000005,2025-04-30 15:44:00,3.986,4.1,0.2192982456140354,0.04868735083532223,0.0019093078758949896,3.0,32.49166269652215,1.3639999999999999,5.562,2025-04-30 16:33:00,31.014768937589317,1.3019999999999996,5.5,2025-04-30 16:01:00,True,11.0,False,,,3.164960002232514,4.024725147772363,3.8805876408398463,0.14988900596124477,0.03629626325041621,0.11359274271082856
NVNI,2025-04-30,2025-04-30 15:50:00,True,clean_breakout,previous_high_break_with_pullback_low_support_or_previous_resistance,4.179,4.372,4.167,4.351,123318.3,125123.41500000001,0.985573323745999,0.8390243902439007,0.10243902439024341,0.058536585365855855,0.8975609756097566,2025-04-30 15:47:00,4.259,4.14,112575.0,121442.51499999998,0.42105263157894773,2025-04-30 15:48:00,4.101,4.238,0.18840579710144797,0.03709791030758402,0.021601314862643727,3.0,27.83268214203632,1.2110000000000003,5.562,2025-04-30 16:33:00,26.407722362675244,1.149,5.5,2025-04-30 16:01:00,True,10.0,False,,,3.18457793295785,4.166053616422049,4.016611967944941,0.16648833619282222,0.01694585162802506,0.14954248456479716
IBRX,2024-10-25,2024-10-25 13:57:00,True,clean_breakout,previous_high_break_with_pullback_low_support_or_previous_resistance,6.4095,6.595,6.4,6.575,409551.0,141152.65,2.901475813596132,0.8487179487179501,0.1025641025641007,0.0487179487179492,0.8974358974358994,2024-10-25 13:55:00,6.37,6.36,144633.0,121622.25,0.14285714285713924,2024-10-25 13:56:00,6.345,6.41,0.23076923076923814,0.003924646781789695,0.03218210361067505,2.0,13.764258555133082,0.9050000000000002,7.48,2024-10-25 14:07:00,13.764258555133082,0.9050000000000002,7.48,2024-10-25 14:07:00,True,10.0,False,,,5.592284696364039,6.367406249061824,6.287058612338853,0.08115194898910172,0.02382609281846039,0.05732585617064133
IBRX,2024-10-25,2024-10-25 14:06:00,True,clean_breakout,previous_high_break_with_pullback_low_support_or_previous_resistance,6.9348,7.1799,6.84,7.1799,564223.0,229548.2,2.4579717898027513,0.7210944395410409,0.0,0.2789055604589591,1.0,2024-10-25 14:04:00,6.8,6.8,202142.0,192197.05,0.0,2024-10-25 14:05:00,6.77,6.9309,0.11764705882353156,0.004411764705882389,0.05586764705882355,2.0,4.179723951587076,0.3001000000000005,7.48,2024-10-25 14:07:00,4.179723951587076,0.3001000000000005,7.48,2024-10-25 14:07:00,False,,True,2024-10-25 14:18:00,6.61,5.686798319685233,6.805693621480482,6.606493813358066,0.20080356142422495,0.05635796809855964,0.1444455933256653
HWH,2025-09-02,2025-09-02 10:03:00,True,clean_breakout,previous_high_break_with_pullback_low_support_or_previous_resistance,3.1558,3.6999,3.14,3.5,3070759.0,1314908.65,2.335340177433619,0.6147526343989997,0.35702804072155747,0.02821932487944283,0.6429719592784425,2025-09-02 09:59:00,3.28,3.201,1471411.0,1121442.55,0.08333333333333179,2025-09-02 10:00:00,3.07,3.1365,0.4749999999999996,0.06402439024390243,0.06707317073170738,4.0,122.0,4.27,7.77,2025-09-02 12:24:00,34.28571428571429,1.2000000000000002,4.7,2025-09-02 10:12:00,True,1.0,False,,,2.821617585684284,3.178494772812205,3.003206735893466,0.1875741137153466,0.028616320476493762,0.15895779323885284
HWH,2025-09-02,2025-09-02 11:27:00,True,clean_breakout,previous_high_break_with_pullback_low_support_or_previous_resistance,6.44,6.85,6.295,6.85,1510099.0,1258392.05,1.2000226797364144,0.7387387387387377,0.0,0.2612612612612622,1.0,2025-09-02 11:23:00,6.8,6.7663,1687963.0,1356887.05,0.10212121212121095,2025-09-02 11:25:00,6.27,6.47,0.7692307692307679,0.07794117647058828,0.007352941176470562,4.0,13.43065693430657,0.9199999999999999,7.77,2025-09-02 12:24:00,8.613138686131398,0.5900000000000007,7.44,2025-09-02 11:31:00,False,,True,2025-09-02 11:38:00,6.17,3.960746187374431,6.356073856478499,5.915471557188225,0.47444051438157775,0.10531857315175602,0.3691219412298217
DWTX,2025-01-23,2025-01-23 09:56:00,True,clean_breakout,previous_high_break_with_pullback_low_support_or_previous_resistance,3.21,3.42,3.1875,3.4189,38471.0,5487.55,7.010596714380735,0.8984946236559137,0.00473118279569936,0.09677419354838697,0.9952688172043006,2025-01-23 09:52:00,3.33,3.33,7248.0,2244.7,0.0,2025-01-23 09:55:00,3.1119,3.32,0.32815126050420196,0.06549549549549555,0.026696696696696623,4.0,756.4158062534734,25.8611,29.28,2025-01-23 13:40:00,9.976893152768433,0.34109999999999996,3.76,2025-01-23 10:10:00,False,,False,,,3.1644509372109253,3.2359619822937655,3.118871811075616,0.12403830319531339,0.025847488261976775,0.09819081493333662
DWTX,2025-01-23,2025-01-23 09:57:00,True,clean_breakout,previous_high_break_with_pullback_low_support_or_previous_resistance,3.42,3.74,3.33,3.61,71335.0,9039.3,7.891650902171629,0.46341463414634115,0.31707317073170804,0.2195121951219508,0.682926829268292,2025-01-23 09:55:00,3.3499,3.32,20557.0,3569.0,0.1256302521008405,2025-01-23 09:56:00,3.1875,3.4189,0.09677419354838697,0.04847905907639031,0.07764410877936655,2.0,711.0803324099724,25.67,29.28,2025-01-23 13:40:00,4.15512465373961,0.1499999999999999,3.76,2025-01-23 10:10:00,False,,False,,,3.309468449373757,3.3107695858350126,3.16564592430651,0.14770592888067302,0.04076773043020296,0.10693819845047006
DWTX,2025-01-23,2025-01-23 12:40:00,True,clean_breakout,previous_high_break_with_pullback_low_support_or_previous_resistance,15.89,17.78,15.15,17.695,848857.0,632588.9,1.3418777977292993,0.686311787072243,0.032319391634981307,0.2813688212927757,0.9676806083650187,2025-01-23 12:38:00,15.6,14.7991,895236.0,604469.6,0.3795914498317458,2025-01-23 12:39:00,14.5,15.8854,0.1798561151079136,0.0705128205128205,0.13429487179487185,2.0,65.4704718847132,11.585,29.28,2025-01-23 13:40:00,62.47527550155411,11.055,28.75,2025-01-23 12:56:00,True,8.0,False,,,8.415149681078843,14.742969594551502,13.147930139757982,1.7164042886678104,0.2613031943667763,1.455101094301034
DWTX,2025-01-23,2025-01-23 12:48:00,True,clean_breakout,previous_high_break_with_pullback_low_support_or_previous_resistance,17.83,21.82,17.6001,20.25,878115.0,589226.9,1.4902832847583842,0.5734733050546227,0.3720467309651889,0.05447996398018843,0.6279532690348111,2025-01-23 12:41:00,18.25,18.25,283558.0,582693.1,0.0,2025-01-23 12:46:00,15.5,17.21,0.6333333333333339,0.1506849315068493,0.1095890410958904,7.0,44.5925925925926,9.030000000000001,29.28,2025-01-23 13:40:00,41.9753086419753,8.5,28.75,2025-01-23 12:56:00,True,1.0,False,,,8.824144989591373,17.013200345928297,14.904327742778985,2.2396871007702526,0.4911204066730426,1.74856669409721
LIDR,2025-07-25,2025-07-25 10:16:00,True,clean_breakout,previous_high_break_with_pullback_low_support_or_previous_resistance,3.9193,4.03,3.9088,3.9955,1773662.0,1115382.7,1.5901824548650432,0.6287128712871269,0.2846534653465371,0.08663366336633595,0.7153465346534629,2025-07-25 10:14:00,3.96,3.96,1468714.0,902005.85,0.0,2025-07-25 10:15:00,3.84,3.92,0.3200000000000003,0.03030303030303033,0.00896464646464643,2.0,34.15091978475787,1.3645000000000005,5.36,2025-07-25 11:20:00,11.37279439369292,0.4544000000000006,4.4499,2025-07-25 10:27:00,True,11.0,False,,,3.663687215725501,3.8910708903095292,3.819462932868412,0.07851694054330993,0.016905348444522593,0.06161159209878734
LIDR,2025-07-25,2025-07-25 11:03:00,True,clean_breakout,previous_high_break_with_pullback_low_support_or_previous_resistance,4.7212,5.0,4.67,4.99,3439399.0,1344811.65,2.5575321272685287,0.8145454545454561,0.03030303030302965,0.15515151515151418,0.9696969696969704,2025-07-25 11:01:00,4.7,4.68,1529549.0,1142000.05,0.1333333333333361,2025-07-25 11:02:00,4.64,4.7202,0.2864285714285752,0.012765957446808616,0.061702127659574474,2.0,7.414829659318639,0.3700000000000001,5.36,2025-07-25 11:20:00,7.414829659318639,0.3700000000000001,5.36,2025-07-25 11:20:00,False,,True,2025-07-25 11:06:00,4.63,3.9239451933522487,4.629251220503213,4.451271921048988,0.17405813017207805,0.06283757092780723,0.11122055924427082
LIDR,2025-07-25,2025-07-25 11:15:00,True,clean_breakout,previous_high_break_with_pullback_low_support_or_previous_resistance,4.8394,5.17,4.8301,5.0408,4350061.0,1892190.05,2.298955646659277,0.5925272138864358,0.3801117975875256,0.02736098852603862,0.6198882024124744,2025-07-25 11:03:00,5.0,4.99,3439399.0,1344811.65,0.03030303030302965,2025-07-25 11:09:00,4.58,4.6892,0.5091666666666638,0.08399999999999999,0.00815999999999999,12.0,6.332328201872726,0.3192000000000004,5.36,2025-07-25 11:20:00,6.332328201872726,0.3192000000000004,5.36,2025-07-25 11:20:00,False,,False,,,4.03442394548183,4.814440816370672,4.692272173504472,0.1477808610915332,0.0011329147762186853,0.14664794631531453
QBTS,2024-12-16,2024-12-16 11:31:00,True,clean_breakout,previous_high_break_with_pullback_low_support_or_previous_resistance,6.4303,6.66,6.43,6.6003,993273.0,474103.45,2.095055414593587,0.739130434782607,0.2595652173913052,0.0013043478260877758,0.7404347826086948,2024-12-16 11:28:00,6.46,6.45,270363.0,459934.5,0.12499999999999722,2024-12-16 11:29:00,6.4,6.44,0.6677796327212043,0.009287925696594366,0.02171826625386995,3.0,16.66136387739952,1.0997000000000003,7.7,2024-12-16 15:06:00,0.9029892580640356,0.05960000000000054,6.6599,2024-12-16 11:32:00,False,,True,2024-12-16 11:33:00,6.34,5.716209411506065,6.426724984693607,6.321696488678447,0.10714066167973524,0.026858210512724967,0.08028245116701027
QBTS,2024-12-16,2024-12-16 13:36:00,True,clean_breakout,previous_high_break_with_pullback_low_support_or_previous_resistance,6.9601,7.19,6.96,7.1273,824175.0,463406.2,1.7785152637146417,0.7269565217391302,0.27260869565217527,0.0004347826086946381,0.7273913043478247,2024-12-16 13:34:00,7.1,7.035,386032.0,403906.95,0.3076923076923035,2024-12-16 13:35:00,6.91,6.9753,0.5117554858934139,0.02676056338028162,0.003845070422535257,2.0,8.035300885328247,0.5727000000000002,7.7,2024-12-16 15:06:00,1.3006327781908968,0.09269999999999978,7.22,2024-12-16 13:37:00,False,,True,2024-12-16 13:49:00,6.82,6.036382137363066,6.998981245673862,6.881304715991099,0.1290716455945926,0.015461114498856829,0.11361053109573578
QBTS,2024-12-16,2024-12-16 14:51:00,True,clean_breakout,previous_high_break_with_pullback_low_support_or_previous_resistance,7.32,7.44,7.32,7.42,358628.0,345299.25,1.0386005761669046,0.8333333333333296,0.16666666666667038,0.0,0.8333333333333296,2024-12-16 14:49:00,7.4,7.39,215440.0,344356.3,0.12500000000000833,2024-12-16 14:50:00,7.32,7.3201,0.0012499999999970857,0.01081081081081082,0.002702702702702645,2.0,3.7735849056603805,0.28000000000000025,7.7,2024-12-16 15:06:00,3.7735849056603805,0.28000000000000025,7.7,2024-12-16 15:06:00,False,,True,2024-12-16 15:16:00,7.2,6.197209158101605,7.306357162984241,7.191883225027022,0.11690578547025599,0.02604642840339501,0.09085935706686098
QBTS,2024-12-16,2024-12-16 14:54:00,True,clean_breakout,previous_high_break_with_pullback_low_support_or_previous_resistance,7.38,7.47,7.37,7.46,426560.0,369804.4,1.1534746476786106,0.8000000000000036,0.09999999999999823,0.09999999999999823,0.9000000000000018,2024-12-16 14:52:00,7.45,7.45,361427.0,348412.4,0.0,2024-12-16 14:53:00,7.38,7.3873,0.0912499999999982,0.009395973154362454,0.0013422818791946022,2.0,3.2171581769437028,0.2400000000000002,7.7,2024-12-16 15:06:00,3.2171581769437028,0.2400000000000002,7.7,2024-12-16 15:06:00,False,,True,2024-12-16 15:16:00,7.2,6.207808666671551,7.368422867447932,7.254379920144729,0.12375859444086323,0.014935016494781489,0.10882357794608175
QBTS,2024-12-16,2024-12-16 14:55:00,True,clean_breakout,previous_high_break_with_pullback_low_support_or_previous_resistance,7.46,7.6,7.43,7.5985,930296.0,410025.8,2.268871861234098,0.8147058823529393,0.008823529411765044,0.17647058823529566,0.991176470588235,2024-12-16 14:53:00,7.46,7.3873,300022.0,353446.1,0.17500000000000276,2024-12-16 14:54:00,7.37,7.46,0.09999999999999823,0.012064343163538854,0.018565683646112552,2.0,1.3357899585444575,0.10150000000000059,7.7,2024-12-16 15:06:00,1.3357899585444575,0.10150000000000059,7.7,2024-12-16 15:06:00,False,,True,2024-12-16 15:16:00,7.2,6.217595524068348,7.414438293958346,7.2871532610833265,0.1357106033890627,0.020104861229086474,0.11560574215997624
CODX,2025-10-27,2025-10-27 11:49:00,True,clean_breakout,previous_high_break_with_pullback_low_support_or_previous_resistance,31.1493,33.0003,30.9003,32.5503,130017.533145,142104.00727904998,0.9149462821951547,0.6671428571428566,0.2142857142857155,0.11857142857142791,0.7857142857142845,2025-10-27 11:45:00,32.1003,30.7503,140034.899637,134004.65327339998,0.33333333333333265,2025-10-27 11:47:00,29.8203,30.7503,0.8611111111111094,0.07102737357594782,0.01401856057420033,4.0,42.85736229773613,13.950200000000002,46.5005,2025-10-27 14:35:00,15.20754032988943,4.950099999999999,37.5004,2025-10-27 11:55:00,True,5.0,False,,,23.476307860217833,30.724840482278214,29.46484944577732,1.353353582014865,0.25866294011911206,1.094690641895753
CODX,2025-10-27,2025-10-27 11:52:00,True,clean_breakout,previous_high_break_with_pullback_low_support_or_previous_resistance,32.4003,34.8003,32.1003,34.4703,206438.002266,140881.4878377,1.4653309347770604,0.7666666666666659,0.12222222222222147,0.11111111111111258,0.8777777777777785,2025-10-27 11:50:00,33.0003,32.5503,137734.522641,144680.29484925,0.3750000000000015,2025-10-27 11:51:00,31.8003,32.4003,0.5,0.03636330578812928,0.04454504959045823,2.0,34.900189438444116,12.0302,46.5005,2025-10-27 14:35:00,8.790465995364118,3.0300999999999974,37.5004,2025-10-27 11:55:00,False,,True,2025-10-27 12:03:00,30.9003,23.677351220636957,31.97566472692645,30.43504620975992,1.6366463254216335,0.3202355113417086,1.3164108140799249
AKAN,2026-04-30,2026-04-30 11:08:00,True,clean_breakout,previous_high_break_with_pullback_low_support_or_previous_resistance,42.6,44.51,42.34,44.13,77817.0,29260.9,2.659419224972574,0.7050691244239654,0.17511520737327024,0.11981566820276436,0.8248847926267298,2026-04-30 11:00:00,43.7,42.32,57513.0,20349.4,0.6,2026-04-30 11:02:00,40.56,40.65,0.07627118644067485,0.07185354691075516,0.009839816933638437,8.0,45.02605937004305,19.869999999999997,64.0,2026-04-30 17:02:00,8.769544527532284,3.8699999999999974,48.0,2026-04-30 11:12:00,False,,False,,,36.50506024303733,42.14780141436208,40.78422511741832,1.4892316959154996,0.1843227386421371,1.3049089572733625
AKAN,2026-04-30,2026-04-30 15:02:00,True,clean_breakout,previous_high_break_with_pullback_low_support_or_previous_resistance,45.19,48.36,45.19,47.86,51695.0,11314.3,4.568996756317227,0.8422712933753944,0.15772870662460559,0.0,0.8422712933753944,2026-04-30 15:00:00,46.81,45.66,30457.0,8474.55,0.6927710843373512,2026-04-30 15:01:00,45.15,45.27,0.12631578947368863,0.03546250801110881,0.022431104464857875,2.0,33.72335979941496,16.14,64.0,2026-04-30 17:02:00,7.521938988717094,3.6000000000000014,51.46,2026-04-30 15:27:00,False,,False,,,41.96413793835909,45.25586477203784,44.189566160350296,0.9850294731226157,0.47761513905368624,0.5074143340689294
RPGL,2025-12-29,2025-12-29 11:01:00,True,clean_breakout,previous_high_break_with_pullback_low_support_or_previous_resistance,11.272,12.6,11.246,12.172,235206.6,123529.48749999997,1.9040522612060546,0.6646971935007392,0.3161004431314618,0.01920236336779898,0.6838995568685382,2025-12-29 10:57:00,12.0,11.47,251491.7,105665.55249999999,0.3092182030338385,2025-12-29 10:59:00,11.014,11.4,0.6587030716723563,0.08216666666666672,0.014333333333333384,4.0,42.91817285573447,5.224,17.396,2025-12-29 12:54:00,7.328294446270123,0.8919999999999995,13.064,2025-12-29 11:10:00,False,,False,,,9.96969148077873,11.214997484710736,10.775829547712554,0.476928958169065,0.10968828185162965,0.36724067631743534
PIII,2026-05-15,2026-05-15 11:34:00,True,clean_breakout,previous_high_break_with_pullback_low_support_or_previous_resistance,13.155,14.0,13.0401,13.98,470681.0,394574.0,1.192883971067531,0.8594645275549554,0.020835503698301477,0.11969996874674316,0.9791644963016986,2026-05-15 11:30:00,13.5551,12.8,350085.0,403844.6,0.2749386036720841,2026-05-15 11:31:00,12.4,12.71,0.5636363636363656,0.08521515887009311,0.03134613540291115,4.0,2.6466380543633705,0.3699999999999992,14.35,2026-05-15 11:36:00,2.6466380543633705,0.3699999999999992,14.35,2026-05-15 11:36:00,False,,True,2026-05-15 11:38:00,12.12,9.51531527782211,12.906242072455875,11.98388007224478,1.0407228208731212,0.07698425523068808,0.9637385656424331
RZLV,2024-09-25,2024-09-25 13:27:00,True,clean_breakout,previous_high_break_with_pullback_low_support_or_previous_resistance,7.1,7.3,7.1,7.3,8704.0,1628.5,5.344795824378262,1.0,0.0,0.0,1.0,2024-09-25 13:25:00,7.2,7.19,6915.0,1579.45,0.03448275862068892,2024-09-25 13:26:00,7.1,7.17,0.5714285714285696,0.013888888888888963,0.01388888888888884,2.0,11.232876712328759,0.8199999999999994,8.12,2024-09-25 14:05:00,8.219178082191789,0.6000000000000005,7.9,2024-09-25 13:57:00,False,,True,2024-09-25 13:28:00,7.05,6.740179907785934,7.070894332239859,6.979334683047556,0.0841417127984041,0.036721507503610695,0.047420205294793405
KOD,2025-09-22,2025-09-22 13:42:00,True,clean_breakout,previous_high_break_with_pullback_low_support_or_previous_resistance,14.1003,14.71,14.1003,14.3672,47028.0,8816.75,5.333938242549692,0.4377562735771685,0.5622437264228315,0.0,0.4377562735771685,2025-09-22 13:40:00,14.15,14.09,37045.0,6554.2,0.3529411764705913,2025-09-22 13:41:00,14.022,14.13,0.0,0.009045936395759725,0.015349823321554774,2.0,13.452864858845148,1.9328000000000003,16.3,2025-09-22 15:32:00,10.320730552926104,1.4827999999999992,15.85,2025-09-22 14:04:00,True,21.0,False,,,12.87978077471096,13.99071783218654,13.848382097433317,0.13212661561795258,0.06492613018992996,0.06720048542802262
NDRA,2024-10-22,2024-10-22 09:54:00,True,clean_breakout,previous_high_break_with_pullback_low_support_or_previous_resistance,9.1596,9.8001,9.1596,9.7406,2194.852791,2166.8132115999997,1.0129404690953012,0.9071038251366124,0.09289617486338762,0.0,0.9071038251366124,2024-10-22 09:52:00,9.5866,9.4466,4369.905879,1843.1580664999997,0.30075187969924905,2024-10-22 09:53:00,9.1316,9.3906,0.38947368421052464,0.04746208249014249,0.016064089458202063,2.0,132.84294601975236,12.939699999999998,22.6803,2024-10-22 11:42:00,23.608401946492,2.2996,12.0402,2024-10-22 10:23:00,True,4.0,False,,,8.77762495444724,9.168347117663409,8.806534982612895,0.35809320500137964,0.10573298841236134,0.2523602165890183
NDRA,2024-10-22,2024-10-22 09:58:00,True,clean_breakout,previous_high_break_with_pullback_low_support_or_previous_resistance,10.1992,10.8292,9.9401,10.7382,14972.06113,4641.351807249998,3.2257975158472094,0.6062310201327196,0.10235069171071783,0.2914182881565626,0.8976493082892821,2024-10-22 09:56:00,10.2307,9.8001,9232.461511,3344.0226960499995,0.8662240997787143,2024-10-22 09:57:00,9.7896,10.3112,0.01754092883394656,0.043115329351852805,0.04960559883487936,2.0,111.21137620830304,11.942099999999998,22.6803,2024-10-22 11:42:00,25.814382298709265,2.7719999999999985,13.5102,2024-10-22 10:28:00,True,25.0,True,2024-10-22 10:01:00,9.4501,9.448532824203564,9.825066019394933,9.277574073915165,0.5424990526433255,0.1727207613866607,0.36977829125666484
NDRA,2024-10-22,2024-10-22 11:36:00,True,clean_breakout,previous_high_break_with_pullback_low_support_or_previous_resistance,19.2993,20.9058,19.1803,20.6888,158653.363021,102912.48343245001,1.5416338011621042,0.8052738336714005,0.12576064908722034,0.06896551724137917,0.8742393509127796,2024-10-22 11:33:00,20.1253,18.9003,113807.72143,96967.3254683,0.5902061855670107,2024-10-22 11:35:00,18.4908,19.1768,0.6787003610108316,0.08121618062836326,0.027999582614917605,3.0,9.625981207223225,1.9914999999999985,22.6803,2024-10-22 11:42:00,9.625981207223225,1.9914999999999985,22.6803,2024-10-22 11:42:00,False,,True,2024-10-22 11:53:00,17.8538,15.571265176160123,18.970494162426284,17.97211076052782,1.1113535599280198,0.22688800973291123,0.8844655501951085
NDRA,2024-10-22,2024-10-22 11:38:00,True,clean_breakout,previous_high_break_with_pullback_low_support_or_previous_resistance,19.1838,21.0003,18.8058,20.9268,107580.643409,103321.90586245,1.0412181474102844,0.7942583732057418,0.03349282296650686,0.1722488038277514,0.9665071770334931,2024-10-22 11:36:00,20.9058,20.6888,158653.363021,102912.48343245001,0.12576064908722034,2024-10-22 11:37:00,18.5503,19.1873,0.2704309063893019,0.11267208143194708,0.001004505926585005,2.0,8.37920752336716,1.753499999999999,22.6803,2024-10-22 11:42:00,8.37920752336716,1.753499999999999,22.6803,2024-10-22 11:42:00,False,,True,2024-10-22 11:53:00,17.8538,15.745418937925432,19.396444263952827,18.358219919615742,1.1670566220298113,0.206648231219542,0.9604083908102693
RZLV,2024-12-17,2024-12-17 11:15:00,True,clean_breakout,previous_high_break_with_pullback_low_support_or_previous_resistance,2.82,2.94,2.82,2.9299,283173.0,131623.7,2.1513830715896907,0.9158333333333334,0.08416666666666657,0.0,0.9158333333333334,2024-12-17 11:12:00,2.89,2.879,226516.0,94065.95,0.18363939899833168,2024-12-17 11:13:00,2.77,2.869,0.9900000000000011,0.041522491349481,0.013806228373702361,3.0,36.52343083381685,1.0701,4.0,2024-12-17 13:17:00,4.7441892214751435,0.13900000000000023,3.0689,2024-12-17 11:22:00,False,,True,2024-12-17 11:28:00,2.73,2.530948089988276,2.812545939068267,2.7425956031272287,0.0653519967095022,0.029175490694298978,0.036176506015203225
SBET,2025-05-29,2025-05-29 13:47:00,True,clean_breakout,previous_high_break_with_pullback_low_support_or_previous_resistance,54.33,55.8,54.0,55.28,52189.0,47705.45,1.0939840206936524,0.5277777777777802,0.28888888888888714,0.18333333333333268,0.7111111111111129,2025-05-29 13:44:00,54.74,54.2,56252.0,45463.7,0.033613445378150406,2025-05-29 13:45:00,53.5,54.05,0.624999999999995,0.022652539276580234,0.009864815491413942,3.0,93.25253256150505,51.55,106.83,2025-05-29 16:17:00,9.442836468885671,5.219999999999999,60.5,2025-05-29 13:54:00,False,,False,,,43.971015784127864,53.983643266443906,52.72772038223666,1.5027871642882928,0.03391409250164967,1.4688730717866432
IXHL,2025-07-18,2025-07-18 10:14:00,True,clean_breakout,previous_high_break_with_pullback_low_support_or_previous_resistance,13.8721,14.8051,13.8691,14.7691,90647.660181,24749.50416915,3.6626050995393826,0.9583333333333337,0.038461538461538027,0.003205128205128327,0.961538461538462,2025-07-18 10:12:00,14.0041,13.9291,50194.398051,22671.274951650004,0.24752475247524597,2025-07-18 10:13:00,13.8661,13.8691,0.04347826086956633,0.009854256967602339,0.054626859276926086,2.0,35.40567807110793,5.229100000000001,19.9982,2025-07-18 16:13:00,12.899228795254952,1.9050999999999991,16.6742,2025-07-18 10:33:00,True,18.0,False,,,13.122825145960128,13.812616102147153,13.566543723994084,0.21161050292816874,0.1406556009024516,0.07095490202571715
IXHL,2025-07-18,2025-07-18 14:40:00,True,clean_breakout,previous_high_break_with_pullback_low_support_or_previous_resistance,18.4742,18.9392,18.4442,18.7592,98820.34512,55742.29923809999,1.772807122610688,0.5757575757575749,0.3636363636363623,0.06060606060606278,0.6363636363636377,2025-07-18 14:37:00,18.7472,18.4982,90861.491376,49377.5762193,0.6039603960396017,2025-07-18 14:39:00,18.1772,18.4712,0.22772277227723572,0.030404540411368114,0.0006400955876077737,3.0,6.604759264787415,1.2390000000000008,19.9982,2025-07-18 16:13:00,5.34137916329054,1.001999999999999,19.7612,2025-07-18 14:42:00,False,,True,2025-07-18 14:59:00,18.1712,15.506345003631095,18.360465399650067,18.022720300968558,0.3908336290988359,0.03297640555667808,0.3578572235421578
IXHL,2025-07-18,2025-07-18 14:41:00,True,clean_breakout,previous_high_break_with_pullback_low_support_or_previous_resistance,18.7592,19.4972,18.6182,19.2002,117052.262799,59963.01703050001,1.9520742717042028,0.5017064846416383,0.33788395904437013,0.16040955631399156,0.6621160409556298,2025-07-18 14:37:00,18.7472,18.4982,90861.491376,49377.5762193,0.6039603960396017,2025-07-18 14:39:00,18.1772,18.4712,0.22772277227723572,0.030404540411368114,0.02416360843219251,4.0,4.1562067061801535,0.7980000000000018,19.9982,2025-07-18 16:13:00,2.921844564119124,0.5609999999999999,19.7612,2025-07-18 14:42:00,False,,True,2025-07-18 14:59:00,18.1712,15.539536257313797,18.528412319720054,18.13486122468584,0.4368742994592516,0.06342636556579428,0.3734479338934573
CPIX,2025-02-05,2025-02-05 09:45:00,True,clean_breakout,previous_high_break_with_pullback_low_support_or_previous_resistance,4.6107,5.0,4.595,4.98,1739241.0,414337.2,4.197646264926249,0.9118518518518534,0.04938271604938163,0.03876543209876498,0.9506172839506184,2025-02-05 09:42:00,4.8599,4.4602,718242.0,279093.95,0.8764691172793189,2025-02-05 09:43:00,4.41,4.57,0.28947368421052555,0.0925739212741002,0.024712442642852894,3.0,31.52610441767067,1.5699999999999994,6.55,2025-02-05 19:23:00,29.1164658634538,1.4499999999999993,6.43,2025-02-05 10:01:00,True,9.0,False,,,4.380353567504186,4.559876292315711,4.371445269165055,0.18716800038977333,0.05476634555440596,0.13240165483536737
CPIX,2025-02-05,2025-02-05 09:47:00,True,clean_breakout,previous_high_break_with_pullback_low_support_or_previous_resistance,4.8148,5.2,4.7201,5.0996,1241326.0,538412.75,2.305528611645991,0.5934569702021252,0.20921025213586275,0.1973327776620121,0.7907897478641372,2025-02-05 09:45:00,5.0,4.98,1739241.0,414337.2,0.04938271604938163,2025-02-05 09:46:00,4.73,4.8108,0.23092312089168338,0.053999999999999916,0.019919999999999938,2.0,28.441446387952002,1.4504000000000001,6.55,2025-02-05 19:23:00,26.088320652600206,1.3304,6.43,2025-02-05 10:01:00,True,8.0,False,,,4.471715277056333,4.707968827082055,4.478651569543277,0.22813690492635086,0.06973345106397733,0.15840345386237353
IVF,2025-10-16,2025-10-16 13:57:00,True,clean_breakout,previous_high_break_with_pullback_low_support_or_previous_resistance,65.164,72.0,64.8,70.8,46867.45,27700.123750000006,1.691958145132835,0.7827777777777769,0.166666666666667,0.05055555555555614,0.833333333333333,2025-10-16 13:55:00,67.6,66.0,35746.025,25690.358750000007,0.21428571428571247,2025-10-16 13:56:00,64.8,64.8,0.0,0.04142011834319523,0.04733727810650892,2.0,19.20338983050848,13.596000000000004,84.396,2025-10-16 15:46:00,14.689265536723173,10.400000000000006,81.2,2025-10-16 14:04:00,True,4.0,False,,,55.63093794517719,64.45732973294457,61.0706696222956,3.647493196324916,0.8419080703269937,2.8055851259979225
MGIH,2025-09-08,2025-09-08 13:28:00,True,clean_breakout,previous_high_break_with_pullback_low_support_or_previous_resistance,2.2,2.47,2.16,2.4694,311573.0,84794.15,3.674463391637277,0.8690322580645148,0.001935483870968961,0.1290322580645162,0.998064516129031,2025-09-08 13:26:00,2.27,2.235,160816.0,54245.95,0.17500000000000054,2025-09-08 13:27:00,2.17,2.21,0.13333333333333333,0.044052863436123385,0.08784140969162987,2.0,95.99902810399288,2.3706,4.84,2025-09-08 14:25:00,42.94970438163117,1.0606,3.53,2025-09-08 13:41:00,True,2.0,False,,,2.104416722592625,2.1412881538078103,2.0021737401557256,0.14216855910490267,0.036364744665437265,0.1058038144394654
WOK,2026-05-11,2026-05-11 14:28:00,True,clean_breakout,previous_high_break_with_pullback_low_support_or_previous_resistance,1.759,1.98,1.71,1.98,1133083.0,346809.9,3.267158751811871,0.8185185185185188,0.0,0.18148148148148122,1.0,2026-05-11 14:26:00,1.79,1.7004,384951.0,299657.45,0.49777777777777865,2026-05-11 14:27:00,1.67,1.755,0.3009999999999999,0.06703910614525145,0.10614525139664802,2.0,239.89898989898992,4.75,6.73,2026-05-11 16:03:00,7.575757575757572,0.1499999999999999,2.13,2026-05-11 14:34:00,False,,True,2026-05-11 14:38:00,1.52,0.8682173461792974,1.659457251880648,1.5142034995049423,0.14344925733047953,0.05516275415302771,0.08828650317745182
WOK,2026-05-11,2026-05-11 15:37:00,True,clean_breakout,previous_high_break_with_pullback_low_support_or_previous_resistance,2.31,2.959,2.24,2.68,1324404.0,473550.75,2.7967519848717375,0.514603616133519,0.388038942976356,0.09735744089012498,0.611961057023644,2026-05-11 15:33:00,2.315,2.3103,1356792.0,374114.9,0.01253333333333373,2026-05-11 15:34:00,2.11,2.1789,0.3445000000000006,0.0885529157667387,0.15766738660907137,4.0,151.11940298507466,4.050000000000001,6.73,2026-05-11 16:03:00,151.11940298507466,4.050000000000001,6.73,2026-05-11 16:03:00,True,1.0,False,,,1.1206687604595689,2.2121485105622316,2.0157818258988796,0.17685047400912612,0.08314395084537049,0.09370652316375563
AIFF,2025-02-11,2025-02-11 10:19:00,True,clean_breakout,previous_high_break_with_pullback_low_support_or_previous_resistance,5.11,5.58,5.095,5.4571,2216932.0,927599.0,2.389968078878912,0.7156701030927816,0.2534020618556709,0.030927835051547545,0.7465979381443292,2025-02-11 10:10:00,5.38,5.26,1218931.0,600247.2,0.29268292682926844,2025-02-11 10:11:00,4.86,5.1292,0.6260465116279066,0.09665427509293673,0.01433085501858731,9.0,110.91788678968683,6.0529,11.51,2025-02-11 12:16:00,13.246962672481724,0.7229000000000001,6.18,2025-02-11 10:49:00,True,30.0,True,2025-02-11 10:24:00,4.77,4.524292307105225,5.0961198351574595,4.903944921095158,0.20979251521735076,0.018203272328396275,0.1915892428889545
AIFF,2025-02-11,2025-02-11 10:54:00,True,clean_breakout,previous_high_break_with_pullback_low_support_or_previous_resistance,5.9399,6.4,5.81,6.3,1998898.0,738597.65,2.706342214871656,0.6103389830508469,0.1694915254237295,0.22016949152542367,0.8305084745762705,2025-02-11 10:49:00,6.18,5.9251,1826608.0,672177.15,0.6217073170731708,2025-02-11 10:50:00,5.54,5.625,0.19318181818181793,0.10355987055016176,0.01941747572815536,5.0,82.69841269841271,5.21,11.51,2025-02-11 12:16:00,39.20634920634921,2.4699999999999998,8.77,2025-02-11 11:22:00,True,9.0,False,,,4.790688822317883,5.780388835996039,5.507098422361891,0.27519831865871325,0.08991016267137794,0.1852881559873353
AIFF,2025-02-11,2025-02-11 11:03:00,True,clean_breakout,previous_high_break_with_pullback_low_support_or_previous_resistance,6.44,7.26,6.41,7.26,1649898.0,911353.7,1.8103816333877836,0.9647058823529409,0.0,0.03529411764705913,1.0,2025-02-11 10:57:00,6.81,6.81,198503.0,824755.45,0.0,2025-02-11 11:02:00,6.13,6.4398,0.45558823529411796,0.09985315712187955,0.06607929515418505,6.0,58.539944903581265,4.25,11.51,2025-02-11 12:16:00,20.79889807162534,1.5099999999999998,8.77,2025-02-11 11:22:00,True,12.0,False,,,4.930538511343358,6.470514613779183,6.006178704912503,0.4678400216937577,0.1393358739087871,0.3285041477849706
AIFF,2025-02-11,2025-02-11 11:22:00,True,clean_breakout,previous_high_break_with_pullback_low_support_or_previous_resistance,7.95,8.77,7.9,8.665,1556667.0,1089963.1,1.4281832109729218,0.8218390804597697,0.1206896551724144,0.05747126436781594,0.8793103448275856,2025-02-11 11:20:00,8.15,7.87,948685.0,1109111.55,0.0,2025-02-11 11:21:00,7.7,7.92,0.40473684210526195,0.05521472392638039,0.0631901840490796,2.0,32.8332371609925,2.8450000000000006,11.51,2025-02-11 12:16:00,0.0,0.0,8.6646,2025-02-11 11:23:00,False,,True,2025-02-11 11:25:00,7.65,5.285755806468048,7.765999291589274,7.157198811546782,0.6740059701241101,0.0855728754076559,0.5884330947164542
EGG,2025-07-09,2025-07-09 09:52:00,True,clean_breakout,previous_high_break_with_pullback_low_support_or_previous_resistance,6.76,7.16,6.75,7.09,13535.0,2483.5,5.449969800684518,0.8048780487804877,0.1707317073170738,0.024390243902438494,0.8292682926829262,2025-07-09 09:50:00,6.84,6.77,3196.0,1782.7,0.33333333333333476,2025-07-09 09:51:00,6.76,6.79,0.0,0.01169590643274855,0.03654970760233918,2.0,95.76868829337096,6.790000000000001,13.88,2025-07-09 12:32:00,13.681241184767288,0.9700000000000006,8.06,2025-07-09 10:06:00,True,14.0,False,,,6.5312057530230865,6.697073133844884,6.457333238177443,0.23758245224290153,0.06396731930407268,0.17361513293882885
DXST,2026-03-10,2026-03-10 10:32:00,True,clean_breakout,previous_high_break_with_pullback_low_support_or_previous_resistance,9.52,10.7125,9.4825,10.375,219178.16,109886.01799999997,1.994595527157969,0.6951219512195123,0.2743902439024392,0.03048780487804848,0.7256097560975607,2026-03-10 10:24:00,9.9975,9.935,148160.84,75738.75800000002,0.12626262626262602,2026-03-10 10:29:00,9.3475,9.595,0.4711538461538485,0.06501625406351591,0.03775943985996494,8.0,17.831325301204814,1.8499999999999996,12.225,2026-03-10 10:55:00,17.831325301204814,1.8499999999999996,12.225,2026-03-10 10:55:00,True,11.0,False,,,8.754168469403544,9.67898808235665,9.251705290106864,0.5145350079791484,-0.013953893912042936,0.5284889018911914
FRMM,2026-04-17,2026-04-17 13:29:00,True,clean_breakout,previous_high_break_with_pullback_low_support_or_previous_resistance,3.025,3.1,3.025,3.0907,12229.0,20159.25,0.6066197899227401,0.8759999999999991,0.12400000000000086,0.0,0.8759999999999991,2026-04-17 13:27:00,3.07,3.0601,10916.0,13402.7,0.8299999999999929,2026-04-17 13:28:00,3.01,3.02,0.20000000000000356,0.019543973941368097,0.00674267100977204,2.0,79.57097097744847,2.4593,5.55,2026-04-17 15:19:00,8.551460834115248,0.2643,3.355,2026-04-17 13:57:00,False,,False,,,2.9309775646012524,3.0378862829606628,2.9990882024579264,0.042323781970842855,0.006207620431971095,0.03611616153887176
FRMM,2026-04-17,2026-04-17 15:13:00,True,clean_breakout,previous_high_break_with_pullback_low_support_or_previous_resistance,4.53,4.89,4.5001,4.8884,911726.0,376014.05,2.424712587202526,0.9192100538599632,0.004103616311874388,0.07668632982816231,0.9958963836881256,2026-04-17 15:10:00,4.645,4.3601,555026.0,287603.1,0.2631578947368403,2026-04-17 15:11:00,4.25,4.33,0.3333333333333333,0.08503767491926795,0.05240043057050599,3.0,13.534080680795352,0.6616,5.55,2026-04-17 15:19:00,13.534080680795352,0.6616,5.55,2026-04-17 15:19:00,True,6.0,False,,,3.74987437839708,4.461905880107434,4.201577059585359,0.2790573747118099,0.04566539875822545,0.23339197595358446
SMX,2026-04-06,2026-04-06 10:09:00,True,clean_breakout,previous_high_break_with_pullback_low_support_or_previous_resistance,11.56,12.6,11.43,12.59,78980.0,25857.0,3.054492013768032,0.8803418803418799,0.008547008547008366,0.11111111111111178,0.9914529914529916,2026-04-06 10:02:00,11.69,11.41,45783.0,16942.55,0.5714285714285698,2026-04-06 10:07:00,11.0,11.19,0.4222222222222218,0.0590248075278015,0.07698887938408899,7.0,56.314535345512304,7.09,19.68,2026-04-06 10:40:00,53.93169181890388,6.789999999999999,19.38,2026-04-06 10:39:00,True,5.0,False,,,10.843713515463469,11.501536683293057,11.00416783085906,0.5757087561672432,0.04540246703245998,0.5303062891347832
PSTV,2025-03-06,2025-03-06 14:48:00,True,clean_breakout,previous_high_break_with_pullback_low_support_or_previous_resistance,24.0,26.75,24.0,25.25,79718.68,41873.39599999999,1.9038025958056999,0.45454545454545453,0.5454545454545454,0.0,0.45454545454545453,2025-03-06 14:39:00,24.975,23.705,49634.8,38480.88799999999,0.7191176470588224,2025-03-06 14:40:00,23.05,23.805,0.5458333333333316,0.0770770770770771,0.011011011011010954,9.0,157.42574257425744,39.75,65.0,2025-03-06 16:58:00,29.7029702970297,7.5,32.75,2025-03-06 15:18:00,True,26.0,True,2025-03-06 14:59:00,22.5775,16.637045208860833,24.21748387770827,23.390330731121903,1.014277395443532,0.013057295802576085,1.001220099640956
PSTV,2025-03-06,2025-03-06 14:49:00,True,clean_breakout,previous_high_break_with_pullback_low_support_or_previous_resistance,25.275,27.25,25.0,26.42,64287.56,42475.768,1.5135114213826575,0.5088888888888903,0.36888888888888816,0.1222222222222216,0.6311111111111118,2025-03-06 14:39:00,24.975,23.705,49634.8,38480.88799999999,0.7191176470588224,2025-03-06 14:40:00,23.05,23.805,0.5458333333333316,0.0770770770770771,0.05785785785785787,10.0,146.0257380772142,38.58,65.0,2025-03-06 16:58:00,26.797880393641172,7.079999999999998,33.5,2025-03-06 15:19:00,True,28.0,True,2025-03-06 14:59:00,22.5775,16.696081036452565,24.657987102166615,23.678870661491246,1.133283205670164,0.1021066090313707,1.0311765966387934
FJET,2025-12-22,2025-12-22 10:31:00,True,clean_breakout,previous_high_break_with_pullback_low_support_or_previous_resistance,10.91,11.42,10.8,11.41,183999.0,106756.0,1.7235471542583087,0.8064516129032269,0.016129032258064193,0.177419354838709,0.9838709677419358,2025-12-22 10:28:00,11.33,11.16,173821.0,95255.6,0.12500000000000092,2025-12-22 10:29:00,10.63,11.08,0.7894736842105271,0.06178287731685784,0.007060900264783766,3.0,198.8606485539001,22.69,34.1,2025-12-22 16:00:00,7.887817703768627,0.9000000000000004,12.31,2025-12-22 10:47:00,False,,False,,,9.612040850056253,10.76624747542431,10.255709884293072,0.5189908654174609,0.17871271287595247,0.3402781525415084
FJET,2025-12-22,2025-12-22 11:39:00,True,clean_breakout,previous_high_break_with_pullback_low_support_or_previous_resistance,13.39,14.2,13.33,14.12,155231.0,79682.55,1.9481178752437014,0.8390804597701141,0.09195402298850591,0.06896551724137995,0.9080459770114941,2025-12-22 11:22:00,14.0,13.8,164316.0,109386.2,0.3124999999999986,2025-12-22 11:24:00,12.64,12.87,0.26744186046511487,0.0971428571428571,0.008571428571428516,17.0,141.50141643059493,19.980000000000004,34.1,2025-12-22 16:00:00,16.713881019830037,2.360000000000001,16.48,2025-12-22 11:48:00,True,7.0,False,,,11.144546066362775,13.425816111455674,13.217393576338825,0.26064665942614873,0.02624073305009786,0.23440592637605087
FJET,2025-12-22,2025-12-22 15:28:00,True,clean_breakout,previous_high_break_with_pullback_low_support_or_previous_resistance,24.41,26.4,24.28,25.52,400688.0,158143.15,2.5337044317126605,0.5235849056603777,0.41509433962264153,0.06132075471698074,0.5849056603773585,2025-12-22 15:18:00,25.44,24.7,213977.0,156006.25,0.521126760563381,2025-12-22 15:21:00,23.08,23.6,0.5416666666666694,0.0927672955974844,0.0031446540880502474,10.0,33.62068965517242,8.580000000000002,34.1,2025-12-22 16:00:00,23.275862068965523,5.940000000000001,31.46,2025-12-22 15:56:00,True,18.0,False,,,16.220838715905813,24.220305198370593,23.676178174772645,0.7099629039951552,-0.04937019648030305,0.7593331004754582
FJET,2025-12-22,2025-12-22 15:56:00,True,clean_breakout,previous_high_break_with_pullback_low_support_or_previous_resistance,29.2,31.46,29.15,31.46,339863.0,167508.3,2.0289322976831596,0.9783549783549781,0.0,0.021645021645021932,1.0,2025-12-22 15:48:00,29.34,29.19,328401.0,151718.0,0.10416666666666559,2025-12-22 15:52:00,27.23,27.85,0.7126436781609199,0.07191547375596453,0.07225630538513977,8.0,8.391608391608393,2.6400000000000006,34.1,2025-12-22 16:00:00,8.391608391608393,2.6400000000000006,34.1,2025-12-22 16:00:00,False,,True,2025-12-22 16:05:00,27.22,17.419413557881146,28.98458049542282,27.837206143508112,1.2866254587367578,0.1464397451923276,1.1401857135444302
ANTX,2026-03-09,2026-03-09 11:50:00,True,clean_breakout,previous_high_break_with_pullback_low_support_or_previous_resistance,4.5329,4.75,4.5301,4.715,281761.0,114413.45,2.462656269870369,0.8281036834924973,0.15916325602546677,0.012733060482035888,0.8408367439745332,2026-03-09 11:47:00,4.67,4.505,344161.0,110825.25,0.3124999999999986,2026-03-09 11:49:00,4.49,4.535,0.7500000000000037,0.03854389721627403,0.009635974304068507,3.0,46.55143160127255,2.1949000000000005,6.9099,2026-03-09 12:28:00,31.071049840933192,1.4649999999999999,6.18,2026-03-09 12:15:00,True,8.0,False,,,3.8996749446769368,4.552484740713834,4.465024028739977,0.10046252426048419,0.00824640348808453,0.09221612077239966
AGPU,2026-04-01,2026-04-01 11:25:00,True,clean_breakout,previous_high_break_with_pullback_low_support_or_previous_resistance,3.38,3.7,3.36,3.63,946325.0,420021.7,2.253038354923091,0.7352941176470582,0.20588235294117713,0.058823529411764705,0.7941176470588229,2026-04-01 11:22:00,3.45,3.375,445433.0,407114.45,0.5016666666666665,2026-04-01 11:23:00,3.33,3.355,0.3124999999999986,0.0347826086956522,0.052173913043478175,3.0,32.231404958677686,1.17,4.8,2026-04-01 16:52:00,14.87603305785124,0.54,4.17,2026-04-01 11:36:00,True,10.0,False,,,2.983299969792951,3.381005510263421,3.2687659095260453,0.12011253704205638,0.028971421235267816,0.09114111580678856
AGPU,2026-04-01,2026-04-01 11:35:00,True,clean_breakout,previous_high_break_with_pullback_low_support_or_previous_resistance,3.74,4.0399,3.73,3.96,1027053.0,624207.8,1.6453703398131199,0.709906421426265,0.2578251048725403,0.03226847370119465,0.7421748951274597,2026-04-01 11:32:00,3.95,3.7303,894144.0,577481.6,0.24227272727272764,2026-04-01 11:34:00,3.68,3.73,0.1999999999999993,0.06835443037974684,0.002531645569620199,3.0,21.21212121212121,0.8399999999999999,4.8,2026-04-01 16:52:00,5.303030303030303,0.20999999999999996,4.17,2026-04-01 11:36:00,False,,True,2026-04-01 11:49:00,3.65,3.148283374826703,3.7840061532088303,3.622491428466232,0.1909339952363065,0.002582299555957901,0.1883516956803486
BLNE,2025-07-22,2025-07-22 10:20:00,True,clean_breakout,previous_high_break_with_pullback_low_support_or_previous_resistance,1.8004,1.89,1.8,1.8877,72851.0,12487.5,5.833913913913914,0.9700000000000008,0.02555555555555525,0.004444444444443962,0.9744444444444448,2025-07-22 10:18:00,1.8096,1.795,39586.0,7105.5,0.7487179487179546,2025-07-22 10:19:00,1.8,1.805,0.0,0.005305039787798438,0.043158709106984876,2.0,50.977379880277596,0.9623000000000002,2.85,2025-07-22 16:00:00,16.543942363723062,0.31230000000000024,2.2,2025-07-22 10:34:00,True,11.0,False,,,1.743736757867472,1.8023373658472672,1.7680997323125678,0.03401185382284,0.008633191446043475,0.025378662376796524
AWX,2025-10-14,2025-10-14 15:22:00,True,clean_breakout,previous_high_break_with_pullback_low_support_or_previous_resistance,3.9424,4.2,3.89,4.1463,86864.0,11964.15,7.260356983153839,0.6577419354838707,0.17322580645161315,0.1690322580645161,0.8267741935483869,2025-10-14 14:53:00,4.1,4.0,58688.0,20575.15,0.4012841091492768,2025-10-14 14:59:00,3.7,3.8,0.3571428571428567,0.09756097560975598,0.011292682926829379,29.0,80.8841617827943,3.3537,7.5,2025-10-14 16:12:00,30.96013313074306,1.2836999999999996,5.43,2025-10-14 15:44:00,True,8.0,False,,,3.488310157064853,3.893271359421578,3.8469569724147084,0.04843756233828067,0.02253512067174116,0.02590244166653951
AWX,2025-10-14,2025-10-14 15:30:00,True,clean_breakout,previous_high_break_with_pullback_low_support_or_previous_resistance,4.36,4.7,4.24,4.58,163807.0,39461.95,4.151011290622993,0.4782608695652169,0.2608695652173916,0.2608695652173916,0.7391304347826084,2025-10-14 15:25:00,4.5,4.26,106595.0,23429.45,0.7199999999999989,2025-10-14 15:27:00,4.03,4.1399,0.5361930294906186,0.1044444444444444,0.017777777777777795,5.0,63.755458515283834,2.92,7.5,2025-10-14 16:12:00,33.40611353711791,1.5300000000000002,6.11,2025-10-14 16:00:00,True,2.0,False,,,3.6721142414391386,4.230207886876296,4.085393488458523,0.14662149337974117,0.042891752959320004,0.10372974042042117
QTTB,2025-07-10,2025-07-10 10:42:00,True,clean_breakout,previous_high_break_with_pullback_low_support_or_previous_resistance,2.12,2.29,2.08,2.285,444831.0,151642.8,2.9334132579984016,0.785714285714286,0.023809523809523305,0.1904761904761907,0.9761904761904767,2025-07-10 10:38:00,2.1899,2.17,412099.0,72648.6,0.12445278298936963,2025-07-10 10:39:00,1.95,2.06,0.4782608695652174,0.1095483812046213,0.04342664048586691,4.0,64.11378555798686,1.4649999999999999,3.75,2025-07-10 15:55:00,26.914660831509835,0.6149999999999998,2.9,2025-07-10 10:59:00,True,2.0,False,,,2.0303173110249975,2.0818448927104662,1.9668491719874583,0.11608174394841742,0.03560832898140892,0.0804734149670085
QTTB,2025-07-10,2025-07-10 15:45:00,True,clean_breakout,previous_high_break_with_pullback_low_support_or_previous_resistance,2.764,2.94,2.73,2.9371,461860.0,208853.55,2.211406030685138,0.8242857142857156,0.013809523809523348,0.16190476190476102,0.9861904761904766,2025-07-10 15:43:00,2.9,2.845,313781.0,174816.6,0.499999999999998,2025-07-10 15:44:00,2.72,2.7489,0.2064285714285698,0.06206896551724128,0.012793103448275908,2.0,27.67696026692996,0.8129,3.75,2025-07-10 15:55:00,27.67696026692996,0.8129,3.75,2025-07-10 15:55:00,True,8.0,False,,,2.4040279092235957,2.770934744753392,2.6585325866199585,0.11902660350945604,0.018835077998475253,0.10019152551098079
QTTB,2025-07-10,2025-07-10 15:53:00,True,clean_breakout,previous_high_break_with_pullback_low_support_or_previous_resistance,2.91,3.24,2.91,3.23,800330.0,365648.5,2.1887960705431584,0.9696969696969691,0.030303030303030998,0.0,0.9696969696969691,2025-07-10 15:49:00,3.15,2.99,541380.0,312987.4,0.7500000000000006,2025-07-10 15:52:00,2.76,2.9198,0.7052941176470593,0.12380952380952386,0.02539682539682542,4.0,16.09907120743034,0.52,3.75,2025-07-10 15:55:00,16.09907120743034,0.52,3.75,2025-07-10 15:55:00,True,1.0,False,,,2.449834304315544,2.9699600564023263,2.8448085769787146,0.1429070569638382,0.010344692282049844,0.13256236468178836
NXTT,2026-03-25,2026-03-25 12:59:00,True,clean_breakout,previous_high_break_with_pullback_low_support_or_previous_resistance,1.28,1.34,1.28,1.33,149688.0,44430.25,3.369055992257527,0.8333333333333334,0.16666666666666666,0.0,0.8333333333333334,2026-03-25 12:57:00,1.3,1.28,30278.0,39223.75,0.6666666666666666,2026-03-25 12:58:00,1.27,1.285,0.6666666666666716,0.023076923076923096,0.023076923076923096,2.0,48.87218045112781,0.6499999999999999,1.98,2026-03-25 15:26:00,0.7518796992481209,0.010000000000000009,1.34,2026-03-25 13:00:00,False,,True,2026-03-25 13:01:00,1.24,1.1746440633894293,1.273966424576726,1.2356952188063963,0.04056289471195362,0.006943290772424428,0.033619603939529195
NXTT,2026-03-25,2026-03-25 15:26:00,True,clean_breakout,previous_high_break_with_pullback_low_support_or_previous_resistance,1.855,1.98,1.85,1.9401,514549.0,379157.95,1.3570835056999333,0.6546153846153848,0.3069230769230775,0.03846153846153767,0.6930769230769225,2026-03-25 15:24:00,1.93,1.88,437589.0,373896.1,1.0,2026-03-25 15:25:00,1.85,1.855,0.12499999999999792,0.041450777202072464,0.0052331606217616575,2.0,2.056595020875215,0.03990000000000005,1.98,2026-03-25 15:27:00,2.056595020875215,0.03990000000000005,1.98,2026-03-25 15:27:00,False,,True,2026-03-25 15:30:00,1.82,1.2891716795412484,1.8488979715053258,1.7666045399075605,0.09759318787701377,0.004015875707993916,0.09357731216901985
LVWR,2025-05-30,2025-05-30 09:51:00,True,clean_breakout,previous_high_break_with_pullback_low_support_or_previous_resistance,3.891,4.1,3.8601,4.0892,633120.0,287151.85,2.204826470733168,0.8261775739891634,0.04501875781575539,0.1288036681950812,0.9549812421842446,2025-05-30 09:49:00,4.0,3.915,516313.0,249025.8,0.22222222222222276,2025-05-30 09:50:00,3.85,3.8911,0.540789473684206,0.03749999999999998,0.022299999999999986,2.0,25.94150445074832,1.0608000000000004,5.15,2025-05-30 10:32:00,21.05057223906877,0.8608000000000002,4.95,2025-05-30 10:00:00,True,4.0,False,,,3.671802314978142,3.8823571085196167,3.738628259451744,0.15033915125224162,0.03151706074497104,0.11882209050727058
LVWR,2025-05-30,2025-05-30 10:00:00,True,clean_breakout,previous_high_break_with_pullback_low_support_or_previous_resistance,4.59,4.95,4.5801,4.86,1410951.0,682533.5,2.0672260042913644,0.7299270072992706,0.24330900243308942,0.026763990267639932,0.7566909975669106,2025-05-30 09:57:00,4.77,4.4958,1411256.0,545252.25,0.022888888888888872,2025-05-30 09:58:00,4.4812,4.65,0.04426559356136793,0.06054507337526191,0.018867924528302046,3.0,5.967078189300413,0.29000000000000004,5.15,2025-05-30 10:32:00,4.732510288065834,0.22999999999999954,5.09,2025-05-30 10:30:00,False,,True,2025-05-30 10:04:00,4.34,4.121032985704097,4.515750672105353,4.227835048107713,0.30519338040462607,0.06428979120650191,0.24090358919812416
LVWR,2025-05-30,2025-05-30 13:34:00,True,clean_breakout,previous_high_break_with_pullback_low_support_or_previous_resistance,4.6993,4.7898,4.6804,4.765,193537.0,48839.45,3.9627186628842055,0.6005484460694669,0.22669104204753152,0.17276051188300157,0.7733089579524685,2025-05-30 13:32:00,4.7,4.661,87895.0,40059.05,0.28571428571429114,2025-05-30 13:33:00,4.6601,4.6988,0.24812030075187852,0.008489361702127716,0.013829787234042447,2.0,4.721930745015751,0.22500000000000053,4.99,2025-05-30 15:04:00,1.783840503672612,0.08499999999999996,4.85,2025-05-30 13:40:00,False,,True,2025-05-30 13:43:00,4.6,4.444438573883478,4.660115232123745,4.5929181235964185,0.07241102679799472,0.011873555930502905,0.06053747086749181
HURA,2024-05-29,2024-05-29 15:06:00,True,clean_breakout,previous_high_break_with_pullback_low_support_or_previous_resistance,8.7536,9.4501,8.7536,9.2331,17882.446045,4344.8719688,4.115759031200846,0.6884422110552758,0.31155778894472425,0.0,0.6884422110552758,2024-05-29 15:02:00,9.0861,8.7361,8101.221337,3323.1058669500003,0.22834645669291287,2024-05-29 15:03:00,8.7186,8.8901,0.10204081632653103,0.04044639614355991,0.016178558457424004,4.0,51.63054662031169,4.767099999999999,14.0002,2024-05-29 17:53:00,14.746943063543114,1.3615999999999993,10.5947,2024-05-29 15:25:00,True,5.0,False,,,7.96771071991965,8.827435428850935,8.673431951626736,0.14449963957130763,0.06571905744571893,0.0787805821255887
CAPR,2024-09-30,2024-09-30 10:00:00,True,clean_breakout,previous_high_break_with_pullback_low_support_or_previous_resistance,11.19,11.37,11.13,11.37,16844.0,25650.5,0.6566733591937779,0.7500000000000037,0.0,0.2499999999999963,1.0,2024-09-30 09:57:00,11.3,11.21,32306.0,29844.55,0.49999999999999506,2024-09-30 09:59:00,11.16,11.24,0.5555555555555644,0.012389380530973501,0.006194690265486593,3.0,38.962181178540035,4.4300000000000015,15.8,2024-09-30 19:45:00,9.93843447669306,1.1300000000000008,12.5,2024-09-30 10:28:00,False,,True,2024-09-30 10:05:00,11.15,10.740700380740053,11.19442810449205,11.015427467289406,0.2252617581468126,-0.00747218787045309,0.23273394601726569
BTAI,2025-08-04,2025-08-04 13:00:00,True,clean_breakout,previous_high_break_with_pullback_low_support_or_previous_resistance,1.8192,1.85,1.81,1.8399,125835.0,35713.4,3.523467381991073,0.5175000000000036,0.2524999999999997,0.22999999999999668,0.7475000000000003,2025-08-04 12:58:00,1.82,1.8199,91277.0,30409.3,0.0030395136778112015,2025-08-04 12:59:00,1.81,1.8109,0.08999999999999,0.005494505494505499,0.01093406593406595,2.0,49.464644817653124,0.9100999999999999,2.75,2025-08-04 15:49:00,6.527528670036407,0.12009999999999987,1.96,2025-08-04 13:25:00,False,,False,,,1.740569545520618,1.8035435538713396,1.7872371135145624,0.016603661730004493,0.0053822350964483415,0.011221426633556152
BTAI,2025-08-04,2025-08-04 13:09:00,True,clean_breakout,previous_high_break_with_pullback_low_support_or_previous_resistance,1.87,1.94,1.87,1.91,351722.0,71372.5,4.927976461522295,0.5714285714285701,0.42857142857142994,0.0,0.5714285714285701,2025-08-04 13:06:00,1.88,1.86,56510.0,51387.6,0.49999999999999445,2025-08-04 13:08:00,1.86,1.875,0.5999999999999971,0.010638297872340318,0.015957446808510654,3.0,43.97905759162305,0.8400000000000001,2.75,2025-08-04 15:49:00,8.863874345549739,0.1693,2.0793,2025-08-04 13:31:00,False,,False,,,1.7439333010055953,1.859796627551257,1.8308974064252332,0.029893650284392725,0.007353140662787003,0.022540509621605722
BTAI,2025-08-04,2025-08-04 13:25:00,True,clean_breakout,previous_high_break_with_pullback_low_support_or_previous_resistance,1.92,1.96,1.915,1.95,217616.0,103920.95,2.0940532202602076,0.6666666666666683,0.22222222222222276,0.11111111111110891,0.7777777777777772,2025-08-04 13:10:00,1.94,1.909,218431.0,80981.3,0.8314285714285706,2025-08-04 13:18:00,1.87,1.8808,0.5400000000000016,0.036082474226804044,0.005154639175257737,15.0,41.02564102564103,0.8,2.75,2025-08-04 15:49:00,6.6307692307692285,0.12929999999999997,2.0793,2025-08-04 13:31:00,False,,False,,,1.7509249392357762,1.9105524090104038,1.891193906108997,0.024686431180825474,-0.0005557510195294407,0.025242182200354915
BTAI,2025-08-04,2025-08-04 14:07:00,True,clean_breakout,previous_high_break_with_pullback_low_support_or_previous_resistance,2.095,2.19,2.09,2.1592,511714.0,152565.8,3.3540544473269898,0.6419999999999954,0.30800000000000133,0.05000000000000333,0.6919999999999986,2025-08-04 14:05:00,2.15,2.1101,355825.0,124648.55,0.49874999999999736,2025-08-04 14:06:00,2.09,2.1,0.33333333333333826,0.027906976744186074,0.004279069767441803,2.0,27.361985920711383,0.5908000000000002,2.75,2025-08-04 15:49:00,11.152278621711751,0.24080000000000013,2.4,2025-08-04 14:16:00,True,9.0,False,,,1.7912359282729007,2.088635383454872,2.0479389615206904,0.03980732987423208,0.016644117532518876,0.023163212341713202
HSAI,2024-11-26,2024-11-26 10:51:00,True,clean_breakout,previous_high_break_with_pullback_low_support_or_previous_resistance,7.21,7.53,7.17,7.48,340464.0,240178.35,1.4175465856935066,0.7500000000000007,0.13888888888888828,0.1111111111111111,0.8611111111111117,2024-11-26 10:49:00,7.32,7.21,179426.0,240672.2,0.2777777777777808,2024-11-26 10:50:00,7.15,7.22,0.6363636363636341,0.023224043715846986,0.021857923497267777,2.0,14.3048128342246,1.0700000000000003,8.55,2024-11-26 11:07:00,14.3048128342246,1.0700000000000003,8.55,2024-11-26 11:07:00,True,14.0,False,,,6.205592599724588,7.151579415310147,6.886765747670464,0.32290246400880385,0.014554500481318455,0.3083479635274854
CATX,2026-01-29,2026-01-29 10:01:00,True,clean_breakout,previous_high_break_with_pullback_low_support_or_previous_resistance,2.7,2.74,2.695,2.7311,27174.0,7139.65,3.8060689249473016,0.6911111111111032,0.19777777777777902,0.1111111111111177,0.802222222222221,2026-01-29 09:59:00,2.7,2.7,14342.0,5696.2,0.0,2026-01-29 10:00:00,2.69,2.7,0.4999999999999778,0.003703703703703789,0.011518518518518484,2.0,125.5501446303687,3.4289,6.16,2026-01-29 13:08:00,14.422760060049061,0.3938999999999999,3.125,2026-01-29 10:30:00,True,25.0,False,,,2.6583933179420196,2.6914280138998032,2.668482672120653,0.025512413623366204,0.0041649636149138705,0.021347450008452333
CATX,2026-01-29,2026-01-29 11:56:00,True,clean_breakout,previous_high_break_with_pullback_low_support_or_previous_resistance,3.405,3.52,3.4013,3.5014,186286.0,103946.0,1.7921420737690723,0.8121314237573717,0.15669755686605027,0.031171019376578044,0.8433024431339498,2026-01-29 11:51:00,3.48,3.41,281416.0,92061.8,0.46555555555555683,2026-01-29 11:55:00,3.34,3.405,0.8371428571428567,0.0402298850574713,0.006149425287356283,5.0,75.92962814874052,2.6586000000000003,6.16,2026-01-29 13:08:00,23.950419832067173,0.8386,4.34,2026-01-29 12:25:00,True,24.0,False,,,3.140541984692551,3.4153307760908795,3.3507609590710907,0.07860111041909779,-0.00029118846313243296,0.07889229888223022
CATX,2026-01-29,2026-01-29 12:01:00,True,clean_breakout,previous_high_break_with_pullback_low_support_or_previous_resistance,3.525,3.58,3.51,3.5714,81719.0,112406.3,0.7269966185169336,0.6628571428571433,0.12285714285714151,0.2142857142857152,0.8771428571428584,2026-01-29 11:57:00,3.55,3.5283,169781.0,110331.6,0.3945454545454495,2026-01-29 11:58:00,3.51,3.5214,0.5700000000000033,0.011267605633802828,0.006028169014084594,4.0,72.48137985103881,2.5886,6.16,2026-01-29 13:08:00,21.520972167777334,0.7685999999999997,4.34,2026-01-29 12:25:00,True,21.0,False,,,3.1747742605927707,3.49928208470946,3.4243293534109385,0.0889639094540482,0.005660647605971167,0.08330326184807703
CATX,2026-01-29,2026-01-29 12:45:00,True,clean_breakout,previous_high_break_with_pullback_low_support_or_previous_resistance,4.51,4.69,4.5001,4.6601,541394.0,312258.75,1.7337992930542379,0.7904160084254851,0.15745129015271397,0.05213270142180088,0.842548709847286,2026-01-29 12:41:00,4.62,4.5214,539087.0,369161.25,0.6333333333333302,2026-01-29 12:44:00,4.43,4.505,0.6250000000000009,0.04112554112554121,0.008679653679653636,4.0,32.18600459217614,1.4999000000000002,6.16,2026-01-29 13:08:00,32.18600459217614,1.4999000000000002,6.16,2026-01-29 13:08:00,True,5.0,False,,,3.8386047688168827,4.50481704650049,4.363643456439447,0.17597951041108661,-0.0014721735857767537,0.17745168399686337
CATX,2026-01-29,2026-01-29 13:08:00,True,clean_breakout,previous_high_break_with_pullback_low_support_or_previous_resistance,5.72,6.16,5.7101,6.13,1359585.0,757529.1,1.7947627358473754,0.9113136252500551,0.0666814847743948,0.022004889975550147,0.9333185152256052,2026-01-29 13:05:00,5.82,5.71,864217.0,687273.8,0.37931034482758724,2026-01-29 13:06:00,5.575,5.71,0.8181818181818167,0.042096219931271495,0.05326460481099649,3.0,0.0,0.0,6.1299,2026-01-29 13:09:00,0.0,0.0,6.1299,2026-01-29 13:09:00,False,,True,2026-01-29 13:13:00,5.42,4.542105389340952,5.6367394064381,5.3483077421171785,0.3237706426509934,0.0543900324085439,0.2693806102424495
CATX,2026-01-29,2026-01-29 13:09:00,True,clean_breakout,previous_high_break_with_pullback_low_support_or_previous_resistance,6.125,6.1299,5.73,5.8295,1176488.0,792833.2,1.4839035499522473,0.7389347336834206,0.01225306326581678,0.24881220305076268,0.24881220305076268,2026-01-29 13:05:00,5.82,5.71,864217.0,687273.8,0.37931034482758724,2026-01-29 13:06:00,5.575,5.71,0.8181818181818167,0.042096219931271495,0.0016323024054982927,4.0,2.0670726477399404,0.12049999999999983,5.95,2026-01-29 13:10:00,2.0670726477399404,0.12049999999999983,5.95,2026-01-29 13:10:00,False,,True,2026-01-29 13:13:00,5.42,4.586939688639261,5.675291525150479,5.394135576201257,0.3224074979682712,0.0466813710323114,0.27572612693595977
PSNL,2024-07-19,2024-07-19 12:10:00,True,clean_breakout,previous_high_break_with_pullback_low_support_or_previous_resistance,2.97,3.03,2.96,3.01,54195.0,11089.4,4.8870993922123835,0.5714285714285668,0.28571428571428664,0.14285714285714649,0.7142857142857134,2024-07-19 11:50:00,3.0,2.9534,67633.0,14072.8,0.21244635193133,2024-07-19 11:53:00,2.91,2.92,0.4999999999999889,0.029999999999999954,0.0033333333333332624,20.0,50.16611295681063,1.5099999999999998,4.52,2024-07-19 13:56:00,8.305647840531561,0.25,3.26,2024-07-19 12:40:00,False,,False,,,2.801309786234469,2.966964681073656,2.9549310719570445,0.01545418210511329,-0.0001450852256200605,0.01559926733073335
PSNL,2024-07-19,2024-07-19 12:43:00,True,clean_breakout,previous_high_break_with_pullback_low_support_or_previous_resistance,3.2202,3.3099,3.2202,3.3099,49532.0,31174.05,1.5888856276293906,1.0,0.0,0.0,1.0,2024-07-19 12:41:00,3.2799,3.27,44457.0,27747.8,0.19839679358717452,2024-07-19 12:42:00,3.22,3.23,0.19999999999999646,0.018262751913168035,0.0091466203237903,2.0,36.56001691894014,1.2100999999999997,4.52,2024-07-19 13:56:00,7.5198646484788165,0.24890000000000034,3.5588,2024-07-19 13:13:00,False,,False,,,2.945398090380134,3.2249010260084914,3.176070260529701,0.053290346239627695,0.011567760043664888,0.04172258619596281
PSNL,2024-07-19,2024-07-19 12:49:00,True,clean_breakout,previous_high_break_with_pullback_low_support_or_previous_resistance,3.2513,3.316,3.25,3.315,40466.0,35122.85,1.1521274611826775,0.9651515151515155,0.01515151515151352,0.01969696969697094,0.9848484848484865,2024-07-19 12:44:00,3.31,3.3,64596.0,33584.2,0.2712328767123278,2024-07-19 12:46:00,3.24,3.2699,0.9966666666666596,0.021148036253776387,0.001510574018126856,5.0,36.34992458521869,1.2049999999999996,4.52,2024-07-19 13:56:00,11.309200603318258,0.37490000000000023,3.6899,2024-07-19 13:18:00,True,26.0,False,,,2.9704172399347457,3.264631014561971,3.2220252909901257,0.051978682901821394,0.0006158964971146874,0.051362786404706706
PSNL,2024-07-19,2024-07-19 12:50:00,True,clean_breakout,previous_high_break_with_pullback_low_support_or_previous_resistance,3.32,3.4,3.3,3.37,94075.0,37627.95,2.5001362019456286,0.5000000000000022,0.29999999999999777,0.2,0.7000000000000022,2024-07-19 12:44:00,3.31,3.3,64596.0,33584.2,0.2712328767123278,2024-07-19 12:46:00,3.24,3.2699,0.9966666666666596,0.021148036253776387,0.018126888217522674,6.0,34.12462908011868,1.1499999999999995,4.52,2024-07-19 13:56:00,9.492581602373889,0.3199000000000001,3.6899,2024-07-19 13:18:00,False,,False,,,2.9835729600949636,3.285704811649577,3.2361181204196376,0.057474730950947794,0.004127180158162602,0.05334755079278519
PSNL,2024-07-19,2024-07-19 13:13:00,True,clean_breakout,previous_high_break_with_pullback_low_support_or_previous_resistance,3.4588,3.5588,3.4588,3.5588,82805.0,48824.9,1.6959584146613715,1.0,0.0,0.0,1.0,2024-07-19 13:09:00,3.52,3.4908,63790.0,52740.85,0.3649999999999983,2024-07-19 13:12:00,3.45,3.455,0.24999999999999445,0.01988636363636359,0.011022727272727321,4.0,27.009104192424395,0.9611999999999994,4.52,2024-07-19 13:56:00,13.802405305159033,0.49119999999999964,4.05,2024-07-19 13:42:00,True,26.0,False,,,3.10960856288776,3.4667947631033176,3.4123827424607027,0.06198664373053653,0.010055021205638719,0.05193162252489781
PSNL,2024-07-19,2024-07-19 13:51:00,True,clean_breakout,previous_high_break_with_pullback_low_support_or_previous_resistance,4.1188,4.22,4.0999,4.215,303817.0,178554.7,1.7015345997613056,0.8009991673605306,0.04163197335553621,0.15736885928393324,0.9583680266444637,2024-07-19 13:49:00,4.19,4.14,213693.0,169152.25,0.17166666666666483,2024-07-19 13:50:00,4.03,4.12,0.7499999999999981,0.03818615751789979,0.00596658711217171,2.0,7.236061684460254,0.3049999999999997,4.52,2024-07-19 13:56:00,7.236061684460254,0.3049999999999997,4.52,2024-07-19 13:56:00,False,,True,2024-07-19 13:58:00,3.7609,3.552317753961268,4.091966168603543,3.9677271441215276,0.1397286974918579,0.0184404818026572,0.1212882156892007
MLGO,2025-02-21,2025-02-21 11:35:00,True,clean_breakout,previous_high_break_with_pullback_low_support_or_previous_resistance,190.2019,206.4021,189.0019,205.7991,62023.679757,55098.18401265,1.1256937205545643,0.8963805013735491,0.03465477408305541,0.06896472454339546,0.9653452259169446,2025-02-21 11:29:00,203.402,192.2629,56930.264025,62035.85296860001,0.07139479538918254,2025-02-21 11:30:00,182.4018,186.9049,0.4548539913738243,0.10324480585244973,0.011785036528647817,6.0,70.70215564596734,145.50439999999998,351.3035,2025-02-21 14:35:00,27.552841581911657,56.70349999999996,262.5026,2025-02-21 12:04:00,True,5.0,False,,,125.59160195882771,193.36321605741287,185.14189882596085,10.34449209950472,-0.760550672778809,11.105042772283529
MLGO,2025-02-21,2025-02-21 11:36:00,True,clean_breakout,previous_high_break_with_pullback_low_support_or_previous_resistance,205.2021,223.2022,202.502,220.5022,103498.331673,56553.264461700004,1.8301035786023097,0.7391281243659477,0.1304335223814271,0.13043835325262523,0.8695664776185729,2025-02-21 11:29:00,203.402,192.2629,56930.264025,62035.85296860001,0.07139479538918254,2025-02-21 11:30:00,182.4018,186.9049,0.4548539913738243,0.10324480585244973,0.08407095308797358,7.0,59.31972560817987,130.8013,351.3035,2025-02-21 14:35:00,19.047610409329245,42.000399999999985,262.5026,2025-02-21 12:04:00,True,28.0,False,,,126.6621287849451,198.7910128459303,188.50954655682173,11.91421554193036,0.6216151456980032,11.292600396232357
PDYN,2024-12-27,2024-12-27 09:37:00,True,clean_breakout,previous_high_break_with_pullback_low_support_or_previous_resistance,9.9502,11.0,9.93,10.6999,948944.0,301824.6,3.1440247083902375,0.7006542056074755,0.28046728971962653,0.018878504672898016,0.7195327102803735,2024-12-27 09:35:00,10.48,10.416,677457.0,219020.35,0.13333333333333333,2024-12-27 09:36:00,9.74,9.9777,0.32121621621621643,0.07061068702290078,0.02098282442748083,2.0,31.3096384078356,3.350100000000001,14.05,2024-12-27 12:46:00,9.627192777502602,1.030100000000001,11.73,2024-12-27 09:45:00,False,,True,2024-12-27 10:05:00,9.19,9.495259987250023,9.881388663210794,9.362207015780614,0.47377134117188113,0.2348770101368724,0.23889433103500873
PDYN,2024-12-27,2024-12-27 12:32:00,True,clean_breakout,previous_high_break_with_pullback_low_support_or_previous_resistance,10.9401,11.2857,10.9401,11.26,239990.0,90571.05,2.6497429366226846,0.9256365740740728,0.07436342592592715,0.0,0.9256365740740728,2024-12-27 12:29:00,11.09,10.9611,279944.0,72740.4,0.8333333333333314,2024-12-27 12:30:00,10.82,10.9693,0.8294444444444469,0.024346257889990945,0.015329125338142464,3.0,24.77797513321493,2.790000000000001,14.05,2024-12-27 12:46:00,24.77797513321493,2.790000000000001,14.05,2024-12-27 12:46:00,True,7.0,False,,,10.216500487287481,10.956682388914784,10.783353682776672,0.16583837661655565,0.05413702161489323,0.11170135500166242
PDYN,2024-12-27,2024-12-27 12:43:00,True,clean_breakout,previous_high_break_with_pullback_low_support_or_previous_resistance,12.5913,13.5885,12.42,13.4752,737993.0,325953.9,2.2641023776675167,0.7564398801882746,0.09696191698759148,0.1465982028241339,0.9030380830124085,2024-12-27 12:41:00,12.99,12.7394,538990.0,281677.35,0.4728301886792466,2024-12-27 12:42:00,12.55,12.64,0.4931506849315082,0.03387220939183984,0.03735180908391062,2.0,4.265613868439813,0.5748000000000015,14.05,2024-12-27 12:46:00,4.265613868439813,0.5748000000000015,14.05,2024-12-27 12:46:00,False,,True,2024-12-27 12:53:00,12.4037,10.439336356818346,12.435741913304167,11.839803066613044,0.5902264267515775,0.18390182574549402,0.40632460100608353
CYCN,2025-02-03,2025-02-03 12:10:00,True,clean_breakout,previous_high_break_with_pullback_low_support_or_previous_resistance,4.72,4.9,4.72,4.875,234420.0,35148.55,6.669407415099626,0.8611111111111096,0.1388888888888904,0.0,0.8611111111111096,2025-02-03 12:08:00,4.8,4.79,111099.0,27394.75,0.07698229407236164,2025-02-03 12:09:00,4.7,4.7,0.0,0.02083333333333326,0.015625000000000038,2.0,28.205128205128204,1.375,6.25,2025-02-03 14:37:00,6.6666666666666705,0.3250000000000002,5.2,2025-02-03 12:19:00,False,,False,,,4.444992919412159,4.706144137467829,4.640337003673694,0.06442757629759477,0.024564376036881996,0.03986320026071277
CYCN,2025-02-03,2025-02-03 14:04:00,True,clean_breakout,previous_high_break_with_pullback_low_support_or_previous_resistance,5.38,5.6244,5.33,5.58,314794.0,62668.9,5.023129494853109,0.6793478260869582,0.15081521739130305,0.16983695652173877,0.8491847826086969,2025-02-03 14:02:00,5.44,5.41,126779.0,44552.15,0.3333333333333333,2025-02-03 14:03:00,5.32,5.38,0.5454545454545447,0.022058823529411783,0.025735294117647,2.0,12.00716845878136,0.6699999999999999,6.25,2025-02-03 14:37:00,11.648745519713268,0.6500000000000004,6.23,2025-02-03 14:24:00,True,16.0,False,,,4.702855452065165,5.348959159405851,5.251262415295168,0.09208066397001424,0.040455276045194444,0.0516253879248198
SXTP,2026-03-11,2026-03-11 12:02:00,True,clean_breakout,previous_high_break_with_pullback_low_support_or_previous_resistance,2.255,2.33,2.25,2.29,34351.0,9581.5,3.585138026405051,0.4375000000000014,0.5,0.06249999999999861,0.5,2026-03-11 12:00:00,2.27,2.2455,48691.0,7977.4,0.7000000000000025,2026-03-11 12:01:00,2.25,2.26,0.0,0.008810572687224677,0.008810572687224677,2.0,52.838427947598255,1.21,3.5,2026-03-11 16:05:00,20.96069868995633,0.48,2.77,2026-03-11 12:32:00,True,21.0,False,,,2.171058928159795,2.241713307532853,2.221266611216317,0.019959339993695036,0.0073737099586217505,0.012585630035073285
RADX,2025-03-03,2025-03-03 11:48:00,True,clean_breakout,previous_high_break_with_pullback_low_support_or_previous_resistance,9.44,10.48,9.3,10.48,125847.0,121771.35,1.0334696954579217,0.8813559322033908,0.0,0.11864406779660917,1.0,2025-03-03 11:42:00,10.27,10.04,211283.0,101817.0,0.4035087719298251,2025-03-03 11:45:00,9.3,9.68,0.4999999999999985,0.09444985394352472,0.020447906523855974,6.0,4.961832061068698,0.5199999999999996,11.0,2025-03-03 11:50:00,4.961832061068698,0.5199999999999996,11.0,2025-03-03 11:50:00,False,,True,2025-03-03 12:03:00,8.4,8.791558835870115,9.729387181382739,9.198700499374135,0.6675720520044468,-0.036570182570557996,0.7041422345750048
PHIO,2025-01-16,2025-01-16 11:22:00,True,clean_breakout,previous_high_break_with_pullback_low_support_or_previous_resistance,3.375,3.77,3.3633,3.75,546948.0,122709.05,4.457275156151889,0.9220555692156385,0.049176297024834094,0.02876813375952748,0.9508237029751659,2025-01-16 11:16:00,3.49,3.4243,185862.0,57406.15,0.2857142857142857,2025-01-16 11:19:00,3.2356,3.26,0.14841849148418468,0.07289398280802303,0.07449856733524349,6.0,20.800000000000008,0.7800000000000002,4.53,2025-01-16 11:53:00,18.933333333333334,0.71,4.46,2025-01-16 11:52:00,True,19.0,False,,,3.1608076317053126,3.3976664560558554,3.237783243527923,0.17622227858028205,0.020175513131805295,0.15604676544847676
IBIO,2025-12-10,2025-12-10 10:41:00,True,clean_breakout,previous_high_break_with_pullback_low_support_or_previous_resistance,2.5,2.61,2.49,2.595,288440.0,105202.45,2.741761242252438,0.7916666666666705,0.12499999999999768,0.08333333333333179,0.8750000000000023,2025-12-10 10:38:00,2.56,2.5552,130650.0,81217.0,0.15999999999999587,2025-12-10 10:40:00,2.49,2.49,0.0,0.027343749999999938,0.013671875000000056,3.0,47.20616570327551,1.2249999999999996,3.82,2025-12-10 11:38:00,21.0019267822736,0.5449999999999999,3.14,2025-12-10 11:11:00,True,16.0,False,,,2.3480087050134846,2.5069556099169494,2.44634781143274,0.06383639226135163,0.012599234058912105,0.05123715820243952
IBIO,2025-12-10,2025-12-10 10:44:00,True,clean_breakout,previous_high_break_with_pullback_low_support_or_previous_resistance,2.6,2.67,2.575,2.6599,278979.0,134992.95,2.066619034549582,0.6305263157894737,0.10631578947368446,0.26315789473684187,0.8936842105263155,2025-12-10 10:42:00,2.64,2.64,164505.0,113023.35,0.0,2025-12-10 10:43:00,2.595,2.595,0.0,0.017045454545454516,0.007537878787878714,2.0,43.614421594796795,1.1601,3.82,2025-12-10 11:38:00,23.688860483476827,0.6301000000000001,3.29,2025-12-10 11:14:00,True,17.0,True,2025-12-10 10:48:00,2.58,2.384991273191536,2.568661272277478,2.494592531974642,0.07815894316893424,0.01538137842969138,0.06277756473924286
IBIO,2025-12-10,2025-12-10 11:11:00,True,clean_breakout,previous_high_break_with_pullback_low_support_or_previous_resistance,2.9499,3.14,2.94,3.1222,873138.0,427393.65,2.042936295380149,0.8614999999999987,0.08900000000000122,0.04950000000000006,0.9109999999999988,2025-12-10 11:06:00,3.09,3.0554,422714.0,331344.9,0.5766666666666619,2025-12-10 11:10:00,2.87,2.95,0.4999999999999978,0.07119741100323616,0.010420711974110035,5.0,22.349625264236757,0.6978,3.82,2025-12-10 11:38:00,22.349625264236757,0.6978,3.82,2025-12-10 11:38:00,True,27.0,False,,,2.699643261163687,2.972817632545144,2.8744604965405642,0.11744149518947511,0.0017464958291269345,0.11569499936034817
IBIO,2025-12-10,2025-12-10 11:14:00,True,clean_breakout,previous_high_break_with_pullback_low_support_or_previous_resistance,3.0944,3.29,3.09,3.278,1059932.0,517391.1,2.048608876341321,0.9180000000000003,0.06,0.021999999999999777,0.94,2025-12-10 11:12:00,3.16,3.1,662005.0,455797.3,0.2919099249374482,2025-12-10 11:13:00,3.08,3.095,0.30000000000000354,0.025316455696202552,0.0373417721518987,2.0,16.53447223917022,0.5419999999999998,3.82,2025-12-10 11:38:00,16.53447223917022,0.5419999999999998,3.82,2025-12-10 11:38:00,True,24.0,True,2025-12-10 11:21:00,3.06,2.7587491095348233,3.069682627863114,2.949479596779152,0.13623565031499707,0.012874510301582848,0.12336114001341422
BMNR,2025-06-30,2025-06-30 10:27:00,True,clean_breakout,previous_high_break_with_pullback_low_support_or_previous_resistance,18.19,19.21,17.84,18.87,479261.0,362360.3,1.3226090164954605,0.4963503649635031,0.24817518248175155,0.2554744525547454,0.7518248175182485,2025-06-30 10:25:00,18.68,18.4,560719.0,367203.25,0.23728813559322137,2025-06-30 10:26:00,17.64,18.16,0.658227848101266,0.05567451820128475,0.010171306209850175,2.0,179.0673025967143,33.78999999999999,52.66,2025-06-30 18:15:00,35.93004769475356,6.779999999999998,25.65,2025-06-30 10:51:00,True,6.0,False,,,13.539540204888127,17.693392433088764,16.871977679874668,0.8903354181273109,0.18074862004747094,0.7095867980798399
BMNR,2025-06-30,2025-06-30 10:33:00,True,clean_breakout,previous_high_break_with_pullback_low_support_or_previous_resistance,19.01,21.06,19.0,20.89,622025.0,323963.0,1.9200495118269678,0.912621359223301,0.08252427184465935,0.004854368932039597,0.9174757281553406,2025-06-30 10:29:00,19.93,18.77,491792.0,346124.85,0.42142857142857176,2025-06-30 10:31:00,18.2,18.54,0.30630630630630634,0.08680381334671353,0.04816859006522834,4.0,152.08233604595497,31.769999999999996,52.66,2025-06-30 18:15:00,22.786022020105303,4.759999999999998,25.65,2025-06-30 10:51:00,True,7.0,False,,,13.9097957671334,19.016700505979625,18.00256750543772,1.1171520405328934,0.17279415245309337,0.9443578880798
TPET,2026-03-05,2026-03-05 12:53:00,True,clean_breakout,previous_high_break_with_pullback_low_support_or_previous_resistance,1.6517,1.69,1.64,1.685,650979.0,535025.95,1.2167241607626698,0.6660000000000016,0.09999999999999779,0.23400000000000068,0.9000000000000022,2026-03-05 12:49:00,1.67,1.655,885631.0,552996.7,0.21399999999999939,2026-03-05 12:52:00,1.64,1.6599,0.0,0.017964071856287442,0.008982035928143787,4.0,48.36795252225519,0.815,2.5,2026-03-05 14:13:00,12.759643916913937,0.21499999999999986,1.9,2026-03-05 13:18:00,True,8.0,False,,,1.3321389563060864,1.6438965568333053,1.6175846543103412,0.027868133245547932,0.0075500404807035786,0.020318092764844354
TPET,2026-03-05,2026-03-05 12:55:00,True,clean_breakout,previous_high_break_with_pullback_low_support_or_previous_resistance,1.68,1.735,1.672,1.73,1111759.0,569562.9,1.9519512243511647,0.7936507936507923,0.07936507936508098,0.12698412698412676,0.920634920634919,2026-03-05 12:53:00,1.69,1.685,650979.0,535025.95,0.09999999999999779,2026-03-05 12:54:00,1.64,1.68,0.8,0.029585798816568074,0.023668639053254458,2.0,44.50867052023121,0.77,2.5,2026-03-05 14:13:00,9.826589595375719,0.16999999999999993,1.9,2026-03-05 13:18:00,False,,False,,,1.337175159968887,1.6668937963733157,1.6336690707619796,0.034225262108810384,0.009338947465738871,0.024886314643071512
TPET,2026-03-05,2026-03-05 14:10:00,True,clean_breakout,previous_high_break_with_pullback_low_support_or_previous_resistance,2.29,2.39,2.27,2.3881,2630169.0,1603905.05,1.6398533067777297,0.8174999999999999,0.015833333333333425,0.16666666666666666,0.9841666666666665,2026-03-05 14:08:00,2.3,2.29,2064274.0,1533906.55,0.2079002079002043,2026-03-05 14:09:00,2.27,2.285,0.5000000000000074,0.013043478260869481,0.03830434782608708,2.0,4.685733428248393,0.11189999999999989,2.5,2026-03-05 14:13:00,4.685733428248393,0.11189999999999989,2.5,2026-03-05 14:13:00,False,,True,2026-03-05 14:13:00,2.26,1.5841535334900303,2.2623632826850018,2.1946643973002904,0.07824196404081141,0.0066897700655749875,0.07155219397523642
MBAI,2026-01-26,2026-01-26 10:22:00,True,clean_breakout,previous_high_break_with_pullback_low_support_or_previous_resistance,1.88,1.99,1.86,1.99,56181.0,10687.25,5.256824721046106,0.8461538461538476,0.0,0.1538461538461524,1.0,2026-01-26 10:19:00,1.93,1.9,10084.0,8670.2,0.0,2026-01-26 10:20:00,1.85,1.9,0.8480000000000029,0.041450777202072464,0.03108808290155443,3.0,98.99497487437185,1.97,3.96,2026-01-26 16:18:00,49.2462311557789,0.9800000000000002,2.97,2026-01-26 10:38:00,True,2.0,True,2026-01-26 10:23:00,1.78,1.7788243867550755,1.890967288344354,1.834173783874602,0.061231460215658284,0.011895298739825595,0.04933616147583269
MBAI,2026-01-26,2026-01-26 10:28:00,True,clean_breakout,previous_high_break_with_pullback_low_support_or_previous_resistance,2.1194,2.3,2.11,2.28,429015.0,86017.1,4.987554800150202,0.8452631578947352,0.10526315789473696,0.04947368421052789,0.894736842105263,2026-01-26 10:25:00,2.25,2.055,380802.0,47899.85,0.1851851851851845,2026-01-26 10:26:00,2.0101,2.11,0.2495826377295493,0.10662222222222223,0.013333333333333246,3.0,73.68421052631581,1.6800000000000002,3.96,2026-01-26 16:18:00,30.263157894736864,0.6900000000000004,2.97,2026-01-26 10:38:00,True,1.0,False,,,2.047037854470607,2.0812883208357427,1.9700198376079552,0.1133391743097727,0.032308533016621566,0.08103064129315113
MBAI,2026-01-26,2026-01-26 10:33:00,True,clean_breakout,previous_high_break_with_pullback_low_support_or_previous_resistance,2.31,2.63,2.27,2.5595,723464.0,228826.6,3.1616254403989745,0.6930555555555553,0.19583333333333341,0.11111111111111124,0.8041666666666666,2026-01-26 10:29:00,2.55,2.51,682584.0,119960.9,0.14301036825169858,2026-01-26 10:32:00,2.27,2.3183,0.2683333333333319,0.10980392156862738,0.0037254901960784566,4.0,54.717718304356325,1.4005,3.96,2026-01-26 16:18:00,18.382496581363544,0.4704999999999999,3.03,2026-01-26 11:02:00,True,3.0,False,,,2.272198534662069,2.3239157569714566,2.1550401442768483,0.17558930537706052,0.042669059541990684,0.13292024583506984
MBAI,2026-01-26,2026-01-26 11:32:00,True,clean_breakout,previous_high_break_with_pullback_low_support_or_previous_resistance,3.5397,3.7699,3.5286,3.73,955733.0,1060908.7,0.9008626284241048,0.7886448404475767,0.1653543307086608,0.04600082884376251,0.8346456692913392,2026-01-26 11:29:00,3.72,3.582,1077827.0,1057486.9,0.7263157894736846,2026-01-26 11:30:00,3.43,3.58,0.7500000000000006,0.07795698924731183,0.0026881720430106952,3.0,6.166219839142091,0.22999999999999998,3.96,2026-01-26 16:18:00,5.093833780160857,0.18999999999999995,3.92,2026-01-26 11:45:00,False,,True,2026-01-26 11:36:00,3.3001,2.904579729921336,3.530770889424834,3.348868549408046,0.21722642644181578,0.013883048487772387,0.2033433779540434
PLYX,2026-03-10,2026-03-10 12:32:00,True,clean_breakout,previous_high_break_with_pullback_low_support_or_previous_resistance,4.41,4.5,4.4,4.49,11144.0,4070.95,2.7374445768186786,0.8000000000000036,0.09999999999999823,0.09999999999999823,0.9000000000000018,2026-03-10 12:30:00,4.45,4.4,5307.0,3448.7,0.4000000000000107,2026-03-10 12:31:00,4.42,4.45,0.6666666666666765,0.006741573033707921,0.008988764044943828,2.0,64.58797327394208,2.8999999999999995,7.39,2026-03-10 14:08:00,7.572383073496655,0.33999999999999986,4.83,2026-03-10 13:00:00,False,,True,2026-03-10 12:39:00,4.41,4.02275558722932,4.411411587494721,4.377953461278222,0.036808224954497426,0.009662933629950268,0.02714529132454716
PLYX,2026-03-10,2026-03-10 12:58:00,True,clean_breakout,previous_high_break_with_pullback_low_support_or_previous_resistance,4.59,4.69,4.59,4.68,11149.0,5089.6,2.190545425966677,0.8999999999999938,0.10000000000000622,0.0,0.8999999999999938,2026-03-10 12:56:00,4.65,4.61,4853.0,5485.8,0.5714285714285696,2026-03-10 12:57:00,4.64,4.64,0.0,0.002150537634408747,0.0064516129032256685,2.0,57.90598290598291,2.71,7.39,2026-03-10 14:08:00,4.700854700854714,0.22000000000000064,4.9,2026-03-10 13:28:00,False,,True,2026-03-10 13:02:00,4.49,4.138067022887966,4.591664902815623,4.53134646255025,0.06151378567170607,0.02001457591552859,0.04149920975617748
PLYX,2026-03-10,2026-03-10 13:00:00,True,clean_breakout,previous_high_break_with_pullback_low_support_or_previous_resistance,4.65,4.83,4.65,4.8,13935.0,5871.85,2.37318732597052,0.8333333333333317,0.16666666666666832,0.0,0.8333333333333317,2026-03-10 12:58:00,4.69,4.68,11149.0,5089.6,0.10000000000000622,2026-03-10 12:59:00,4.64,4.64,0.0,0.010660980810234692,0.023454157782515868,2.0,53.95833333333333,2.59,7.39,2026-03-10 14:08:00,2.7083333333333313,0.1299999999999999,4.93,2026-03-10 13:29:00,False,,True,2026-03-10 13:02:00,4.49,4.166512744173251,4.641065537801999,4.566294950069479,0.07528038282632199,0.023329216079925802,0.05195116674639619
PLYX,2026-03-10,2026-03-10 13:35:00,True,clean_breakout,previous_high_break_with_pullback_low_support_or_previous_resistance,4.98,5.36,4.93,5.35,90285.0,16905.6,5.340538046564452,0.8604651162790667,0.02325581395348991,0.11627906976744334,0.9767441860465101,2026-03-10 13:33:00,4.93,4.92,12605.0,10260.6,0.09999999999999823,2026-03-10 13:34:00,4.91,4.98,0.24999999999999445,0.004056795131845756,0.08519269776876266,2.0,38.13084112149533,2.04,7.39,2026-03-10 14:08:00,28.785046728971963,1.54,6.89,2026-03-10 13:58:00,True,11.0,False,,,4.4814393673233,4.962613133375025,4.848739759511964,0.11003063484671305,0.03996435427551337,0.07006628057119968
PLYX,2026-03-10,2026-03-10 13:58:00,True,clean_breakout,previous_high_break_with_pullback_low_support_or_previous_resistance,6.47,6.89,6.37,6.82,515033.0,251213.25,2.0501824644997826,0.6730769230769247,0.13461538461538355,0.1923076923076918,0.8653846153846164,2026-03-10 13:55:00,6.48,6.32,267760.0,212027.1,0.6153846153846143,2026-03-10 13:56:00,6.21,6.42,0.5769230769230788,0.041666666666666734,0.05246913580246911,3.0,8.357771260997058,0.5699999999999994,7.39,2026-03-10 14:08:00,8.357771260997058,0.5699999999999994,7.39,2026-03-10 14:08:00,False,,False,,,5.748149984870175,6.340173734799153,6.004090158615942,0.3754835850182321,0.045451082335770665,0.3300325026824614
PSTV,2025-03-06,2025-03-06 14:48:00,True,clean_breakout,previous_high_break_with_pullback_low_support_or_previous_resistance,24.0,26.75,24.0,25.25,79718.68,41873.39599999999,1.9038025958056999,0.45454545454545453,0.5454545454545454,0.0,0.45454545454545453,2025-03-06 14:39:00,24.975,23.705,49634.8,38480.88799999999,0.7191176470588224,2025-03-06 14:40:00,23.05,23.805,0.5458333333333316,0.0770770770770771,0.011011011011010954,9.0,157.42574257425744,39.75,65.0,2025-03-06 16:58:00,29.7029702970297,7.5,32.75,2025-03-06 15:18:00,True,26.0,True,2025-03-06 14:59:00,22.5775,16.637045208860833,24.21748387770827,23.390330731121903,1.014277395443532,0.013057295802576085,1.001220099640956
PSTV,2025-03-06,2025-03-06 14:49:00,True,clean_breakout,previous_high_break_with_pullback_low_support_or_previous_resistance,25.275,27.25,25.0,26.42,64287.56,42475.768,1.5135114213826575,0.5088888888888903,0.36888888888888816,0.1222222222222216,0.6311111111111118,2025-03-06 14:39:00,24.975,23.705,49634.8,38480.88799999999,0.7191176470588224,2025-03-06 14:40:00,23.05,23.805,0.5458333333333316,0.0770770770770771,0.05785785785785787,10.0,146.0257380772142,38.58,65.0,2025-03-06 16:58:00,26.797880393641172,7.079999999999998,33.5,2025-03-06 15:19:00,True,28.0,True,2025-03-06 14:59:00,22.5775,16.696081036452565,24.657987102166615,23.678870661491246,1.133283205670164,0.1021066090313707,1.0311765966387934
FATN,2025-04-17,2025-04-17 14:17:00,True,clean_breakout,previous_high_break_with_pullback_low_support_or_previous_resistance,14.6,14.9,14.5,14.88,15982.0,15455.5,1.0340655430105787,0.7000000000000022,0.04999999999999889,0.2499999999999989,0.9500000000000011,2025-04-17 14:13:00,14.87,14.39,33803.0,13978.0,0.2769230769230771,2025-04-17 14:14:00,14.31,14.62,0.2,0.03765971755211828,0.000672494956287933,4.0,14.247311827956983,2.119999999999999,17.0,2025-04-17 14:23:00,14.247311827956983,2.119999999999999,17.0,2025-04-17 14:23:00,True,4.0,False,,,11.783083762632577,14.473488669087581,14.130371176407564,0.3795336168671053,0.053966765091817415,0.3255668517752879
FATN,2025-04-17,2025-04-17 14:20:00,True,clean_breakout,previous_high_break_with_pullback_low_support_or_previous_resistance,14.81,16.29,14.79,16.26,79508.0,19436.2,4.090717321287083,0.9666666666666673,0.01999999999999839,0.013333333333334233,0.9800000000000016,2025-04-17 14:18:00,14.9,14.72,16861.0,15913.55,0.0,2025-04-17 14:19:00,14.61,14.79,0.7826086956521712,0.01946308724832221,0.09127516778523498,2.0,4.551045510455094,0.7399999999999984,17.0,2025-04-17 14:23:00,4.551045510455094,0.7399999999999984,17.0,2025-04-17 14:23:00,False,,True,2025-04-17 14:24:00,14.33,11.951634793277726,14.912986198572844,14.435999989091835,0.4948879331096325,0.1134856952522974,0.3814022378573351
AIHS,2025-09-03,2025-09-03 10:20:00,True,clean_breakout,previous_high_break_with_pullback_low_support_or_previous_resistance,7.59,8.07,7.57,8.01,1626140.0,1264657.15,1.285834662777971,0.8399999999999999,0.120000000000001,0.03999999999999915,0.879999999999999,2025-09-03 10:17:00,7.87,7.7016,1315252.0,1294821.4,0.5103030303030305,2025-09-03 10:19:00,7.38,7.5893,0.41039215686274494,0.06226175349428211,0.017789072426937697,3.0,3.1210986267166043,0.25,8.26,2025-09-03 10:22:00,3.1210986267166043,0.25,8.26,2025-09-03 10:22:00,False,,True,2025-09-03 10:23:00,6.93,5.244027987289512,7.5250910594448195,7.045850308995743,0.5939942904932582,0.015615186330625419,0.5783791041626328
BGL,2026-01-22,2026-01-22 11:39:00,True,clean_breakout,previous_high_break_with_pullback_low_support_or_previous_resistance,2.64,2.8,2.635,2.8,30074.0,3784.8,7.945994504333122,0.9696969696969676,0.0,0.03030303030303234,1.0,2026-01-22 11:37:00,2.65,2.64,8585.0,2424.55,0.09999999999999779,2026-01-22 11:38:00,2.5801,2.64,0.869375907111758,0.026377358490566067,0.05660377358490563,2.0,80.71428571428572,2.26,5.06,2026-01-22 17:24:00,9.285714285714294,0.26000000000000023,3.06,2026-01-22 11:48:00,False,,True,2026-01-22 12:02:00,2.56,2.413789080826105,2.6043638009878465,2.5421255766532505,0.05570953987316596,0.030717208947554968,0.02499233092561099
BGL,2026-01-22,2026-01-22 14:04:00,True,clean_breakout,previous_high_break_with_pullback_low_support_or_previous_resistance,2.92,3.03,2.92,3.03,75339.0,16240.25,4.6390295715891074,1.0,0.0,0.0,1.0,2026-01-22 14:01:00,2.95,2.92,31099.0,11766.05,0.20696721311475236,2026-01-22 14:02:00,2.85,2.9,0.8333333333333296,0.03389830508474579,0.02711864406779648,3.0,66.996699669967,2.03,5.06,2026-01-22 17:24:00,23.10231023102311,0.7000000000000002,3.73,2026-01-22 14:32:00,True,6.0,False,,,2.744340490863747,2.907195870306871,2.84213244064825,0.06358130931541472,0.02026259984811342,0.043318709467301306
BGL,2026-01-22,2026-01-22 15:48:00,True,clean_breakout,previous_high_break_with_pullback_low_support_or_previous_resistance,4.2101,4.47,4.18,4.45,304660.0,140308.85,2.17135269799446,0.8272413793103462,0.06896551724137784,0.1037931034482759,0.9310344827586222,2026-01-22 15:44:00,4.39,4.2505,265537.0,167902.4,0.37937668333974356,2026-01-22 15:47:00,4.15,4.22,0.6363636363636341,0.054669703872437206,0.013667425968109454,4.0,13.707865168539312,0.6099999999999994,5.06,2026-01-22 17:24:00,10.112359550561802,0.4500000000000002,4.9,2026-01-22 16:01:00,True,13.0,False,,,3.534699732415313,4.2141189016117515,4.0916151207687035,0.12435565953064032,0.04039336968488577,0.08396228984575455
MYSE,2025-01-10,2025-01-10 11:55:00,True,clean_breakout,previous_high_break_with_pullback_low_support_or_previous_resistance,6.72,7.23,6.69,7.0598,1593666.0,839296.95,1.8988106652836045,0.6292592592592599,0.3151851851851858,0.055555555555554366,0.6848148148148142,2025-01-10 11:49:00,7.0,6.77,1108041.0,877139.7,0.2999999999999997,2025-01-10 11:51:00,6.6,6.83,0.22080000000000055,0.0571428571428572,0.008542857142857154,6.0,6.235304116263916,0.4401999999999999,7.5,2025-01-10 12:04:00,6.235304116263916,0.4401999999999999,7.5,2025-01-10 12:04:00,False,,True,2025-01-10 12:22:00,6.54,5.576746841275358,6.791017399600646,6.625282868763184,0.20575026381526307,-0.008370295114476706,0.21412055892973977
MYSE,2025-01-10,2025-01-10 11:58:00,True,clean_breakout,previous_high_break_with_pullback_low_support_or_previous_resistance,6.9922,7.3,6.92,7.2711,1232267.0,915976.45,1.345304237898256,0.7339473684210509,0.07605263157894777,0.19000000000000133,0.9239473684210522,2025-01-10 11:55:00,7.23,7.0598,1593666.0,839296.95,0.3151851851851858,2025-01-10 11:56:00,6.9,7.0099,0.4397759103641455,0.04564315352697096,0.00568464730290446,3.0,3.1480793827618974,0.22890000000000033,7.5,2025-01-10 12:04:00,3.1480793827618974,0.22890000000000033,7.5,2025-01-10 12:04:00,False,,True,2025-01-10 12:07:00,6.86,5.62781550995982,6.948488108595532,6.749063081400139,0.23326626490969904,0.016894469965203718,0.21637179494449532
CRML,2025-06-16,2025-06-16 13:25:00,True,clean_breakout,previous_high_break_with_pullback_low_support_or_previous_resistance,2.735,2.84,2.73,2.82,269569.0,105744.1,2.5492580673531666,0.7727272727272733,0.18181818181818218,0.04545454545454454,0.8181818181818178,2025-06-16 13:22:00,2.77,2.75,107844.0,109091.75,0.5,2025-06-16 13:24:00,2.73,2.73,0.0,0.014440433212996403,0.018050541516245425,3.0,26.95035460992909,0.7600000000000002,3.58,2025-06-16 15:09:00,1.7730496453900804,0.050000000000000266,2.87,2025-06-16 13:33:00,False,,True,2025-06-16 13:48:00,2.7,2.421247124935671,2.7455369775040346,2.698897648612861,0.05573145741493679,0.0010796805072222082,0.05465177690771458
CRML,2025-06-16,2025-06-16 13:29:00,True,clean_breakout,previous_high_break_with_pullback_low_support_or_previous_resistance,2.8041,2.86,2.7933,2.85,99315.0,107467.35,0.9241411461248462,0.6881559220389815,0.1499250374812562,0.1619190404797623,0.8500749625187438,2025-06-16 13:25:00,2.84,2.82,269569.0,105744.1,0.18181818181818218,2025-06-16 13:28:00,2.75,2.81,0.585714285714286,0.03169014084507037,0.003521126760563462,4.0,25.614035087719294,0.73,3.58,2025-06-16 15:09:00,0.7017543859649129,0.020000000000000018,2.87,2025-06-16 13:33:00,False,,True,2025-06-16 13:41:00,2.745,2.4326606962641306,2.7913399459856523,2.7392859994800345,0.06126807919256372,0.004121312696021048,0.05714676649654267
BCG,2025-02-27,2025-02-27 12:15:00,True,clean_breakout,previous_high_break_with_pullback_low_support_or_previous_resistance,4.4101,5.1299,4.32,4.905,882706.0,466374.2,1.8926990386689486,0.6110630942091622,0.27768860353130004,0.11124830225953777,0.7223113964686999,2025-02-27 12:05:00,4.4,4.2692,658887.0,441968.1,0.39636363636363836,2025-02-27 12:11:00,4.01,4.2499,0.8749999999999991,0.08863636363636376,0.11477272727272723,10.0,18.450560652395502,0.9049999999999994,5.81,2025-02-27 12:20:00,18.450560652395502,0.9049999999999994,5.81,2025-02-27 12:20:00,True,1.0,False,,,3.64534899548686,4.356344132348155,4.119323431802952,0.26653972424345884,0.03502658692244345,0.2315131373210154
BCG,2025-02-27,2025-02-27 12:20:00,True,clean_breakout,previous_high_break_with_pullback_low_support_or_previous_resistance,5.1604,5.81,4.9901,5.6826,728052.0,510905.75,1.4250221298155286,0.636906939870716,0.15538480302475888,0.20770825710452517,0.8446151969752411,2025-02-27 12:17:00,5.5,5.39,553352.0,478463.1,0.5238095238095254,2025-02-27 12:19:00,5.03,5.16,0.351351351351351,0.08545454545454541,0.03319999999999998,3.0,1.5380283672966546,0.0873999999999997,5.77,2025-02-27 12:22:00,1.5380283672966546,0.0873999999999997,5.77,2025-02-27 12:22:00,False,,True,2025-02-27 12:24:00,4.92,3.839692206164991,5.054217149287844,4.61585191129305,0.4574182297859979,0.12499269553211789,0.33242553425388
NAMM,2026-02-25,2026-02-25 10:13:00,True,clean_breakout,previous_high_break_with_pullback_low_support_or_previous_resistance,3.805,3.85,3.805,3.83,38826.0,13028.75,2.9800249448335414,0.5555555555555545,0.44444444444444553,0.0,0.5555555555555545,2026-02-25 10:04:00,3.8274,3.82,20211.0,16545.7,0.19839142091152953,2026-02-25 10:12:00,3.8,3.805,0.0,0.007158906829701649,0.0006793123269060349,9.0,15.40469973890339,0.5899999999999999,4.42,2026-02-25 13:37:00,1.8276762402088733,0.06999999999999984,3.9,2026-02-25 10:42:00,False,,True,2026-02-25 10:21:00,3.79,3.7184056137821244,3.8041875479511336,3.774270142554831,0.03753164999785508,-0.002086703129809485,0.03961835312766456
NAMM,2026-02-25,2026-02-25 13:20:00,True,clean_breakout,previous_high_break_with_pullback_low_support_or_previous_resistance,3.9226,3.98,3.9226,3.9794,4879.0,4037.05,1.2085557523439145,0.9895470383275272,0.010452961672472736,0.0,0.9895470383275272,2026-02-25 13:09:00,3.9299,3.9299,3823.0,3245.6,0.0,2026-02-25 13:13:00,3.9,3.92,0.5000000000000111,0.0076083360899768535,0.012595740349627243,11.0,11.07202090767452,0.4405999999999999,4.42,2026-02-25 13:37:00,11.07202090767452,0.4405999999999999,4.42,2026-02-25 13:37:00,True,16.0,False,,,3.814750388064102,3.9252527344527,3.8949755307972107,0.032537513070836965,0.0026866318893013393,0.029850881181535626
RIME,2026-02-13,2026-02-13 14:11:00,True,clean_breakout,previous_high_break_with_pullback_low_support_or_previous_resistance,1.46,1.65,1.445,1.602,1364949.0,275009.15,4.963285767037205,0.6926829268292695,0.23414634146341393,0.07317073170731665,0.765853658536586,2026-02-13 14:09:00,1.49,1.455,761913.0,136052.25,0.3888888888888877,2026-02-13 14:10:00,1.41,1.4565,0.35769230769230725,0.05369127516778528,0.07516778523489939,2.0,288.2646691635455,4.617999999999999,6.22,2026-02-13 17:34:00,26.716604244694114,0.4279999999999997,2.03,2026-02-13 14:33:00,True,7.0,False,,,1.3060339718604057,1.4190232637422195,1.352668138392334,0.05779619527877777,0.03288060584817648,0.024915589430601296
RIME,2026-02-13,2026-02-13 15:59:00,True,clean_breakout,previous_high_break_with_pullback_low_support_or_previous_resistance,3.15,3.65,3.07,3.5,1412732.0,864692.35,1.6337972690518194,0.6034482758620691,0.2586206896551722,0.13793103448275873,0.7413793103448277,2026-02-13 15:50:00,3.43,3.42,1134648.0,776736.4,0.03571428571428651,2026-02-13 15:52:00,2.92,2.99,0.30434782608695776,0.14868804664723037,0.020408163265306076,9.0,77.71428571428571,2.7199999999999998,6.22,2026-02-13 17:34:00,11.142857142857146,0.3900000000000001,3.89,2026-02-13 16:05:00,True,1.0,False,,,1.9405299609822606,3.168147430544435,2.9447093306650505,0.2513747782497946,0.011877258213040365,0.23949752003675423
BATL,2026-03-05,2026-03-05 09:38:00,True,clean_breakout,previous_high_break_with_pullback_low_support_or_previous_resistance,17.85,18.86,17.85,18.42,227887.0,63317.5,3.5991155683657756,0.5643564356435657,0.43564356435643425,0.0,0.5643564356435657,2026-03-05 09:34:00,18.3999,18.175,112244.0,44574.15,0.36874897524184,2026-03-05 09:36:00,17.5,17.57,0.16666666666666666,0.04890787449931787,0.0010923972412895122,4.0,49.511400651465785,9.119999999999997,27.54,2026-03-05 13:52:00,11.02062975027143,2.0299999999999976,20.45,2026-03-05 09:43:00,True,5.0,False,,,17.25225411977926,17.854699430665203,17.465242888148033,0.45816966739022646,0.02413251812533368,0.4340371492648928
BATL,2026-03-05,2026-03-05 10:39:00,True,clean_breakout,previous_high_break_with_pullback_low_support_or_previous_resistance,22.775,23.5799,22.77,23.4962,180673.0,128170.55,1.4096295911970418,0.8904803062106483,0.10334609211013321,0.006173601679218437,0.8966539078898668,2026-03-05 10:37:00,23.0999,22.84,176619.0,128331.8,0.7139182623606725,2026-03-05 10:38:00,22.55,22.78,0.5111111111111128,0.023805297858432328,0.017155918423889284,2.0,17.210442539644696,4.043799999999997,27.54,2026-03-05 13:52:00,4.2721801823273475,1.0037999999999982,24.5,2026-03-05 10:46:00,False,,True,2026-03-05 10:50:00,22.32,19.90943262202506,22.744552495859583,22.26891525583676,0.5920201683021062,0.0076474434407224345,0.5843727248613838
RKDA,2025-10-08,2025-10-08 14:01:00,True,clean_breakout,previous_high_break_with_pullback_low_support_or_previous_resistance,5.14,5.46,5.14,5.45,137898.0,52240.55,2.6396735868975343,0.9687500000000007,0.031249999999999306,0.0,0.9687500000000007,2025-10-08 13:58:00,5.29,5.175,95877.0,48034.0,0.5,2025-10-08 14:00:00,5.0,5.16,0.26315789473684065,0.054820415879017016,0.03024574669187148,3.0,23.119266055045866,1.2599999999999998,6.71,2025-10-08 14:14:00,23.119266055045866,1.2599999999999998,6.71,2025-10-08 14:14:00,True,7.0,False,,,4.8211842667563065,5.097231896273135,4.917470432724004,0.20038871771112543,0.04319584833264034,0.1571928693784851
MSGM,2025-04-17,2025-04-17 14:40:00,True,clean_breakout,previous_high_break_with_pullback_low_support_or_previous_resistance,2.2,2.37,2.2,2.3303,297723.0,177648.45,1.675911047915138,0.7664705882352923,0.23352941176470768,0.0,0.7664705882352923,2025-04-17 14:29:00,2.32,2.265,291396.0,162032.35,0.499999999999998,2025-04-17 14:35:00,2.13,2.2098,0.12500000000000278,0.08189655172413791,0.004439655172413783,11.0,33.03008196369567,0.7697000000000003,3.1,2025-04-17 15:40:00,8.998841350899037,0.20970000000000022,2.54,2025-04-17 14:46:00,False,,False,,,1.9005988298141019,2.2352838859465645,2.178699410596032,0.06762795626720353,0.001058486538294226,0.0665694697289093
SST,2026-04-20,2026-04-20 10:09:00,True,clean_breakout,previous_high_break_with_pullback_low_support_or_previous_resistance,2.9345,3.05,2.9,3.04,102227.0,42594.15,2.4000244164985096,0.7033333333333347,0.06666666666666529,0.22999999999999998,0.9333333333333347,2026-04-20 09:58:00,2.97,2.8997,93019.0,38715.35,0.4013333333333326,2026-04-20 10:03:00,2.7657,2.822,0.5397890699904131,0.06878787878787891,0.023569023569023514,11.0,18.42105263157895,0.56,3.6,2026-04-20 10:13:00,18.42105263157895,0.56,3.6,2026-04-20 10:13:00,True,3.0,False,,,2.7569366567323432,2.8897572717573814,2.8230342058270104,0.08134001217025677,0.0004995387593896283,0.08084047341086714
SST,2026-04-20,2026-04-20 10:12:00,True,clean_breakout,previous_high_break_with_pullback_low_support_or_previous_resistance,3.24,3.5,3.15,3.4433,415672.0,76725.25,5.417668889967775,0.5808571428571415,0.1620000000000005,0.25714285714285795,0.8379999999999995,2026-04-20 10:10:00,3.14,3.14,164418.0,49689.7,0.0,2026-04-20 10:11:00,3.06,3.2698,0.3078106964217009,0.02547770700636945,0.09659235668789798,2.0,4.550866900938062,0.15670000000000028,3.6,2026-04-20 10:13:00,4.550866900938062,0.15670000000000028,3.6,2026-04-20 10:13:00,False,,True,2026-04-20 10:17:00,3.03,2.953041064566333,3.0933037231397797,2.94531504349071,0.1474372333101246,0.052144933351772824,0.09529229995835177
AHMA,2026-01-15,2026-01-15 10:08:00,True,clean_breakout,previous_high_break_with_pullback_low_support_or_previous_resistance,18.49,19.77,18.49,19.24,18892.0,6962.25,2.7134906100757656,0.5859374999999994,0.4140625000000005,0.0,0.5859374999999994,2026-01-15 10:03:00,18.96,18.76,11583.0,4919.95,0.3076923076923056,2026-01-15 10:07:00,18.07,18.5,0.4375000000000014,0.046940928270042225,0.014767932489451348,5.0,58.52390852390854,11.260000000000002,30.5,2026-01-15 15:49:00,19.28274428274429,3.710000000000001,22.95,2026-01-15 10:36:00,True,3.0,False,,,17.045430827203646,18.294522138915234,17.497994165033695,0.810203495127972,0.20892306783739045,0.6012804272905815
PSTV,2025-03-20,2025-03-20 10:04:00,True,clean_breakout,previous_high_break_with_pullback_low_support_or_previous_resistance,16.845,17.9725,16.7525,17.95,34654.6,15142.475999999999,2.288568923602719,0.905737704918034,0.018442622950820386,0.07581967213114563,0.9815573770491796,2025-03-20 09:59:00,16.93,16.415,28992.16,10274.376,0.3495145631067952,2025-03-20 10:03:00,16.0725,16.9125,0.11889596602972162,0.05064973419964549,0.06024808033077375,5.0,189.69359331476323,34.05,52.0,2025-03-20 15:00:00,21.169916434540394,3.8000000000000007,21.75,2025-03-20 10:34:00,True,17.0,False,,,15.34285729911393,16.619112153821376,16.057236457446287,0.5806762145457629,0.16218536331010824,0.41849085123565466
PSTV,2025-03-20,2025-03-20 10:07:00,True,clean_breakout,previous_high_break_with_pullback_low_support_or_previous_resistance,17.4375,18.5675,17.4375,18.3,70036.84,19368.338,3.616048005771068,0.7632743362831872,0.23672566371681286,0.0,0.7632743362831872,2025-03-20 10:04:00,17.9725,17.95,34654.6,15142.475999999999,0.018442622950820386,2025-03-20 10:06:00,17.19,17.5,0.561085972850678,0.04353873974127132,0.018222284045068888,3.0,184.15300546448088,33.7,52.0,2025-03-20 15:00:00,19.726775956284147,3.6099999999999994,21.91,2025-03-20 10:35:00,True,14.0,True,2025-03-20 10:12:00,17.08,15.64556881942726,17.237145422756548,16.524784025658576,0.7365263562217201,0.19185526314823986,0.5446710930734803
PSTV,2025-03-20,2025-03-20 10:40:00,True,clean_breakout,previous_high_break_with_pullback_low_support_or_previous_resistance,20.5275,23.25,20.5275,22.4475,84002.64,44959.202,1.8684192837764337,0.7052341597796149,0.2947658402203851,0.0,0.7052341597796149,2025-03-20 10:35:00,21.91,21.79,39557.6,44208.182,0.2926829268292706,2025-03-20 10:39:00,20.4325,20.545,0.24590163934426407,0.06743496120492921,0.024532177088087696,5.0,131.651631584809,29.5525,52.0,2025-03-20 15:00:00,3.5750083528232475,0.8024999999999984,23.25,2025-03-20 10:43:00,False,,True,2025-03-20 10:45:00,20.2775,17.913847436829073,21.14220454407039,20.423590937649927,0.8943110242973731,-0.010865233568138288,0.9051762578655114
PSTV,2025-03-20,2025-03-20 11:45:00,True,clean_breakout,previous_high_break_with_pullback_low_support_or_previous_resistance,27.5,28.75,27.0,28.23,57957.08,58229.367999999995,0.9953238716243668,0.41714285714285737,0.2971428571428569,0.2857142857142857,0.7028571428571431,2025-03-20 11:43:00,28.0,26.9975,53911.6,59306.945999999996,0.5,2025-03-20 11:44:00,26.75,27.4725,0.3133333333333326,0.044642857142857144,0.00821428571428573,2.0,84.20120439249025,23.77,52.0,2025-03-20 15:00:00,10.69783917817924,3.0199999999999996,31.25,2025-03-20 11:54:00,True,9.0,False,,,20.618493541829526,26.84566867154922,25.680571875091342,1.3639184341730584,0.10211265554613047,1.2618057786269279
PSTV,2025-03-20,2025-03-20 11:49:00,True,clean_breakout,previous_high_break_with_pullback_low_support_or_previous_resistance,27.9875,29.25,27.75,29.02,89508.04,49082.92199999999,1.823608627049547,0.6883333333333326,0.15333333333333363,0.1583333333333338,0.8466666666666663,2025-03-20 11:45:00,28.75,28.23,57957.08,58229.367999999995,0.2971428571428569,2025-03-20 11:47:00,26.75,27.375,0.5,0.06956521739130435,0.009391304347826071,4.0,79.1867677463818,22.98,52.0,2025-03-20 15:00:00,7.684355616815991,2.2300000000000004,31.25,2025-03-20 11:54:00,False,,True,2025-03-20 12:04:00,26.5,20.872123282256506,27.61048188786657,26.471909453025123,1.3714961527372758,0.07457300896701691,1.2969231437702589
PSTV,2025-03-20,2025-03-20 14:25:00,True,clean_breakout,previous_high_break_with_pullback_low_support_or_previous_resistance,43.625,45.5,43.25,44.875,75024.52,40012.770000000004,1.8750144016522725,0.5555555555555556,0.2777777777777778,0.16666666666666666,0.7222222222222222,2025-03-20 14:21:00,43.75,43.375,48751.84,43116.02,0.25041736227045036,2025-03-20 14:22:00,42.25,43.25,0.8,0.03428571428571429,0.025714285714285714,4.0,15.87743732590529,7.125,52.0,2025-03-20 15:00:00,15.32033426183844,6.875,51.75,2025-03-20 14:52:00,True,25.0,False,,,27.568424909078157,42.864672165303766,41.35401548671063,1.6303580936523545,0.3265241193337438,1.3038339743186107
PSTV,2025-03-20,2025-03-20 10:04:00,True,clean_breakout,previous_high_break_with_pullback_low_support_or_previous_resistance,16.845,17.9725,16.7525,17.95,34654.6,15142.475999999999,2.288568923602719,0.905737704918034,0.018442622950820386,0.07581967213114563,0.9815573770491796,2025-03-20 09:59:00,16.93,16.415,28992.16,10274.376,0.3495145631067952,2025-03-20 10:03:00,16.0725,16.9125,0.11889596602972162,0.05064973419964549,0.06024808033077375,5.0,189.69359331476323,34.05,52.0,2025-03-20 15:00:00,21.169916434540394,3.8000000000000007,21.75,2025-03-20 10:34:00,True,17.0,False,,,15.34285729911393,16.619112153821376,16.057236457446287,0.5806762145457629,0.16218536331010824,0.41849085123565466
PSTV,2025-03-20,2025-03-20 10:07:00,True,clean_breakout,previous_high_break_with_pullback_low_support_or_previous_resistance,17.4375,18.5675,17.4375,18.3,70036.84,19368.338,3.616048005771068,0.7632743362831872,0.23672566371681286,0.0,0.7632743362831872,2025-03-20 10:04:00,17.9725,17.95,34654.6,15142.475999999999,0.018442622950820386,2025-03-20 10:06:00,17.19,17.5,0.561085972850678,0.04353873974127132,0.018222284045068888,3.0,184.15300546448088,33.7,52.0,2025-03-20 15:00:00,19.726775956284147,3.6099999999999994,21.91,2025-03-20 10:35:00,True,14.0,True,2025-03-20 10:12:00,17.08,15.64556881942726,17.237145422756548,16.524784025658576,0.7365263562217201,0.19185526314823986,0.5446710930734803
PSTV,2025-03-20,2025-03-20 10:40:00,True,clean_breakout,previous_high_break_with_pullback_low_support_or_previous_resistance,20.5275,23.25,20.5275,22.4475,84002.64,44959.202,1.8684192837764337,0.7052341597796149,0.2947658402203851,0.0,0.7052341597796149,2025-03-20 10:35:00,21.91,21.79,39557.6,44208.182,0.2926829268292706,2025-03-20 10:39:00,20.4325,20.545,0.24590163934426407,0.06743496120492921,0.024532177088087696,5.0,131.651631584809,29.5525,52.0,2025-03-20 15:00:00,3.5750083528232475,0.8024999999999984,23.25,2025-03-20 10:43:00,False,,True,2025-03-20 10:45:00,20.2775,17.913847436829073,21.14220454407039,20.423590937649927,0.8943110242973731,-0.010865233568138288,0.9051762578655114
PSTV,2025-03-20,2025-03-20 11:45:00,True,clean_breakout,previous_high_break_with_pullback_low_support_or_previous_resistance,27.5,28.75,27.0,28.23,57957.08,58229.367999999995,0.9953238716243668,0.41714285714285737,0.2971428571428569,0.2857142857142857,0.7028571428571431,2025-03-20 11:43:00,28.0,26.9975,53911.6,59306.945999999996,0.5,2025-03-20 11:44:00,26.75,27.4725,0.3133333333333326,0.044642857142857144,0.00821428571428573,2.0,84.20120439249025,23.77,52.0,2025-03-20 15:00:00,10.69783917817924,3.0199999999999996,31.25,2025-03-20 11:54:00,True,9.0,False,,,20.618493541829526,26.84566867154922,25.680571875091342,1.3639184341730584,0.10211265554613047,1.2618057786269279
PSTV,2025-03-20,2025-03-20 11:49:00,True,clean_breakout,previous_high_break_with_pullback_low_support_or_previous_resistance,27.9875,29.25,27.75,29.02,89508.04,49082.92199999999,1.823608627049547,0.6883333333333326,0.15333333333333363,0.1583333333333338,0.8466666666666663,2025-03-20 11:45:00,28.75,28.23,57957.08,58229.367999999995,0.2971428571428569,2025-03-20 11:47:00,26.75,27.375,0.5,0.06956521739130435,0.009391304347826071,4.0,79.1867677463818,22.98,52.0,2025-03-20 15:00:00,7.684355616815991,2.2300000000000004,31.25,2025-03-20 11:54:00,False,,True,2025-03-20 12:04:00,26.5,20.872123282256506,27.61048188786657,26.471909453025123,1.3714961527372758,0.07457300896701691,1.2969231437702589
PSTV,2025-03-20,2025-03-20 14:25:00,True,clean_breakout,previous_high_break_with_pullback_low_support_or_previous_resistance,43.625,45.5,43.25,44.875,75024.52,40012.770000000004,1.8750144016522725,0.5555555555555556,0.2777777777777778,0.16666666666666666,0.7222222222222222,2025-03-20 14:21:00,43.75,43.375,48751.84,43116.02,0.25041736227045036,2025-03-20 14:22:00,42.25,43.25,0.8,0.03428571428571429,0.025714285714285714,4.0,15.87743732590529,7.125,52.0,2025-03-20 15:00:00,15.32033426183844,6.875,51.75,2025-03-20 14:52:00,True,25.0,False,,,27.568424909078157,42.864672165303766,41.35401548671063,1.6303580936523545,0.3265241193337438,1.3038339743186107
LTBR,2025-01-23,2025-01-23 15:25:00,True,clean_breakout,previous_high_break_with_pullback_low_support_or_previous_resistance,9.76,9.9,9.74,9.895,82359.0,34920.15,2.3584950236468054,0.8437499999999979,0.03125000000000486,0.12499999999999722,0.9687499999999951,2025-01-23 15:23:00,9.83,9.79,64249.0,31191.2,0.22234574763758164,2025-01-23 15:24:00,9.73,9.7898,0.6549835706462096,0.010172939979654084,0.006612410986775128,2.0,5.709954522486117,0.5650000000000013,10.46,2025-01-23 17:35:00,5.608893380495196,0.5549999999999997,10.45,2025-01-23 15:53:00,False,,True,2025-01-23 15:31:00,9.7101,8.567068228161524,9.716585649232641,9.585975711351542,0.14149000205992657,0.02234862559142274,0.11914137646850383
IBIO,2025-12-10,2025-12-10 10:41:00,True,clean_breakout,previous_high_break_with_pullback_low_support_or_previous_resistance,2.5,2.61,2.49,2.595,288440.0,105202.45,2.741761242252438,0.7916666666666705,0.12499999999999768,0.08333333333333179,0.8750000000000023,2025-12-10 10:38:00,2.56,2.5552,130650.0,81217.0,0.15999999999999587,2025-12-10 10:40:00,2.49,2.49,0.0,0.027343749999999938,0.013671875000000056,3.0,47.20616570327551,1.2249999999999996,3.82,2025-12-10 11:38:00,21.0019267822736,0.5449999999999999,3.14,2025-12-10 11:11:00,True,16.0,False,,,2.3480087050134846,2.5069556099169494,2.44634781143274,0.06383639226135163,0.012599234058912105,0.05123715820243952
IBIO,2025-12-10,2025-12-10 10:44:00,True,clean_breakout,previous_high_break_with_pullback_low_support_or_previous_resistance,2.6,2.67,2.575,2.6599,278979.0,134992.95,2.066619034549582,0.6305263157894737,0.10631578947368446,0.26315789473684187,0.8936842105263155,2025-12-10 10:42:00,2.64,2.64,164505.0,113023.35,0.0,2025-12-10 10:43:00,2.595,2.595,0.0,0.017045454545454516,0.007537878787878714,2.0,43.614421594796795,1.1601,3.82,2025-12-10 11:38:00,23.688860483476827,0.6301000000000001,3.29,2025-12-10 11:14:00,True,17.0,True,2025-12-10 10:48:00,2.58,2.384991273191536,2.568661272277478,2.494592531974642,0.07815894316893424,0.01538137842969138,0.06277756473924286
IBIO,2025-12-10,2025-12-10 11:11:00,True,clean_breakout,previous_high_break_with_pullback_low_support_or_previous_resistance,2.9499,3.14,2.94,3.1222,873138.0,427393.65,2.042936295380149,0.8614999999999987,0.08900000000000122,0.04950000000000006,0.9109999999999988,2025-12-10 11:06:00,3.09,3.0554,422714.0,331344.9,0.5766666666666619,2025-12-10 11:10:00,2.87,2.95,0.4999999999999978,0.07119741100323616,0.010420711974110035,5.0,22.349625264236757,0.6978,3.82,2025-12-10 11:38:00,22.349625264236757,0.6978,3.82,2025-12-10 11:38:00,True,27.0,False,,,2.699643261163687,2.972817632545144,2.8744604965405642,0.11744149518947511,0.0017464958291269345,0.11569499936034817
IBIO,2025-12-10,2025-12-10 11:14:00,True,clean_breakout,previous_high_break_with_pullback_low_support_or_previous_resistance,3.0944,3.29,3.09,3.278,1059932.0,517391.1,2.048608876341321,0.9180000000000003,0.06,0.021999999999999777,0.94,2025-12-10 11:12:00,3.16,3.1,662005.0,455797.3,0.2919099249374482,2025-12-10 11:13:00,3.08,3.095,0.30000000000000354,0.025316455696202552,0.0373417721518987,2.0,16.53447223917022,0.5419999999999998,3.82,2025-12-10 11:38:00,16.53447223917022,0.5419999999999998,3.82,2025-12-10 11:38:00,True,24.0,True,2025-12-10 11:21:00,3.06,2.7587491095348233,3.069682627863114,2.949479596779152,0.13623565031499707,0.012874510301582848,0.12336114001341422
GOAI,2026-03-19,2026-03-19 11:30:00,True,clean_breakout,previous_high_break_with_pullback_low_support_or_previous_resistance,6.14,6.49,6.13,6.44,289246.0,109064.8,2.652056392163191,0.8333333333333346,0.13888888888888828,0.027777777777777162,0.8611111111111117,2026-03-19 11:23:00,6.29,6.14,169745.0,67694.1,0.6086956521739105,2026-03-19 11:28:00,5.83,5.97,0.11764705882352695,0.07313195548489665,0.023847376788553316,7.0,3.571428571428564,0.22999999999999954,6.67,2026-03-19 11:31:00,3.571428571428564,0.22999999999999954,6.67,2026-03-19 11:31:00,False,,True,2026-03-19 11:59:00,5.73,5.893597425035343,6.096549314067875,5.889853641602531,0.2613279009715148,-0.015496147503454183,0.276824048474969
HURA,2024-05-29,2024-05-29 15:06:00,True,clean_breakout,previous_high_break_with_pullback_low_support_or_previous_resistance,8.7536,9.4501,8.7536,9.2331,17882.446045,4344.8719688,4.115759031200846,0.6884422110552758,0.31155778894472425,0.0,0.6884422110552758,2024-05-29 15:02:00,9.0861,8.7361,8101.221337,3323.1058669500003,0.22834645669291287,2024-05-29 15:03:00,8.7186,8.8901,0.10204081632653103,0.04044639614355991,0.016178558457424004,4.0,51.63054662031169,4.767099999999999,14.0002,2024-05-29 17:53:00,14.746943063543114,1.3615999999999993,10.5947,2024-05-29 15:25:00,True,5.0,False,,,7.96771071991965,8.827435428850935,8.673431951626736,0.14449963957130763,0.06571905744571893,0.0787805821255887
BRLS,2024-05-21,2024-05-21 12:07:00,True,clean_breakout,previous_high_break_with_pullback_low_support_or_previous_resistance,8.4,9.47,8.27,9.47,68668.0,32139.95,2.1365310151384804,0.8916666666666662,0.0,0.10833333333333389,1.0,2024-05-21 12:05:00,8.9,8.6,61509.0,24997.55,0.333333333333334,2024-05-21 12:06:00,8.11,8.32,0.23595505617977608,0.08876404494382033,0.06404494382022474,2.0,13.516367476240754,1.2799999999999994,10.75,2024-05-21 12:18:00,13.516367476240754,1.2799999999999994,10.75,2024-05-21 12:18:00,True,8.0,False,,,7.198557754405146,8.154403206347887,7.473944572844188,0.6790378368748868,0.23809713865256554,0.4409406982223213
RZLV,2024-12-17,2024-12-17 11:15:00,True,clean_breakout,previous_high_break_with_pullback_low_support_or_previous_resistance,2.82,2.94,2.82,2.9299,283173.0,131623.7,2.1513830715896907,0.9158333333333334,0.08416666666666657,0.0,0.9158333333333334,2024-12-17 11:12:00,2.89,2.879,226516.0,94065.95,0.18363939899833168,2024-12-17 11:13:00,2.77,2.869,0.9900000000000011,0.041522491349481,0.013806228373702361,3.0,36.52343083381685,1.0701,4.0,2024-12-17 13:17:00,4.7441892214751435,0.13900000000000023,3.0689,2024-12-17 11:22:00,False,,True,2024-12-17 11:28:00,2.73,2.530948089988276,2.812545939068267,2.7425956031272287,0.0653519967095022,0.029175490694298978,0.036176506015203225
GOAI,2026-03-19,2026-03-19 11:30:00,True,clean_breakout,previous_high_break_with_pullback_low_support_or_previous_resistance,6.14,6.49,6.13,6.44,289246.0,109064.8,2.652056392163191,0.8333333333333346,0.13888888888888828,0.027777777777777162,0.8611111111111117,2026-03-19 11:23:00,6.29,6.14,169745.0,67694.1,0.6086956521739105,2026-03-19 11:28:00,5.83,5.97,0.11764705882352695,0.07313195548489665,0.023847376788553316,7.0,3.571428571428564,0.22999999999999954,6.67,2026-03-19 11:31:00,3.571428571428564,0.22999999999999954,6.67,2026-03-19 11:31:00,False,,True,2026-03-19 11:59:00,5.73,5.893597425035343,6.096549314067875,5.889853641602531,0.2613279009715148,-0.015496147503454183,0.276824048474969
PHIO,2025-01-16,2025-01-16 11:22:00,True,clean_breakout,previous_high_break_with_pullback_low_support_or_previous_resistance,3.375,3.77,3.3633,3.75,546948.0,122709.05,4.457275156151889,0.9220555692156385,0.049176297024834094,0.02876813375952748,0.9508237029751659,2025-01-16 11:16:00,3.49,3.4243,185862.0,57406.15,0.2857142857142857,2025-01-16 11:19:00,3.2356,3.26,0.14841849148418468,0.07289398280802303,0.07449856733524349,6.0,20.800000000000008,0.7800000000000002,4.53,2025-01-16 11:53:00,18.933333333333334,0.71,4.46,2025-01-16 11:52:00,True,19.0,False,,,3.1608076317053126,3.3976664560558554,3.237783243527923,0.17622227858028205,0.020175513131805295,0.15604676544847676
FEED,2026-01-28,2026-01-28 10:51:00,True,clean_breakout,previous_high_break_with_pullback_low_support_or_previous_resistance,1.935,2.09,1.93,2.015,1929955.0,829094.4,2.3277867996696155,0.5000000000000007,0.46874999999999856,0.031250000000000736,0.5312500000000014,2026-01-28 10:49:00,1.97,1.945,1372976.0,790461.05,0.35714285714285554,2026-01-28 10:50:00,1.89,1.9399,0.8316666666666669,0.0406091370558376,0.022842639593908705,2.0,51.36476426799006,1.0349999999999997,3.05,2026-01-28 12:01:00,28.034739454094275,0.5648999999999997,2.5799,2026-01-28 11:05:00,True,10.0,False,,,1.663562546275725,1.9071400391687534,1.8377283212583095,0.07368772319617323,0.014630899797390948,0.05905682339878228
NVTS,2025-05-27,2025-05-27 10:47:00,True,clean_breakout,previous_high_break_with_pullback_low_support_or_previous_resistance,5.425,5.58,5.42,5.5194,839644.0,454892.0,1.845809554795424,0.5900000000000011,0.3787499999999996,0.031249999999999306,0.6212500000000004,2025-05-27 10:45:00,5.5,5.46,575905.0,452896.5,0.4166666666666753,2025-05-27 10:46:00,5.41,5.43,0.3333333333333284,0.016363636363636337,0.0035272727272727426,2.0,36.40975468348008,2.0096,7.529,2025-05-27 12:13:00,19.5782150233721,1.0805999999999996,6.6,2025-05-27 11:17:00,True,13.0,False,,,5.084876063549705,5.452603153507186,5.40396991773899,0.0651271882315072,-0.004411490088206058,0.06953867831971326
NVTS,2025-05-27,2025-05-27 12:07:00,True,clean_breakout,previous_high_break_with_pullback_low_support_or_previous_resistance,7.2405,7.4,7.24,7.3811,997106.0,963580.5,1.0347926301954014,0.8787499999999996,0.11812500000000214,0.0031249999999982654,0.8818749999999979,2025-05-27 12:03:00,7.35,7.195,1476374.0,981610.6,0.09090909090908908,2025-05-27 12:04:00,7.16,7.18,0.22222222222221782,0.025850340136054355,0.004231292517006851,4.0,2.0037663762853763,0.14789999999999992,7.529,2025-05-27 12:13:00,2.0037663762853763,0.14789999999999992,7.529,2025-05-27 12:13:00,False,,True,2025-05-27 12:17:00,7.12,6.071643383029607,7.216911232127542,7.092803777789881,0.1422738310994367,0.01822678471861544,0.12404704638082126
BMNR,2025-06-30,2025-06-30 10:27:00,True,clean_breakout,previous_high_break_with_pullback_low_support_or_previous_resistance,18.19,19.21,17.84,18.87,479261.0,362360.3,1.3226090164954605,0.4963503649635031,0.24817518248175155,0.2554744525547454,0.7518248175182485,2025-06-30 10:25:00,18.68,18.4,560719.0,367203.25,0.23728813559322137,2025-06-30 10:26:00,17.64,18.16,0.658227848101266,0.05567451820128475,0.010171306209850175,2.0,179.0673025967143,33.78999999999999,52.66,2025-06-30 18:15:00,35.93004769475356,6.779999999999998,25.65,2025-06-30 10:51:00,True,6.0,False,,,13.539540204888127,17.693392433088764,16.871977679874668,0.8903354181273109,0.18074862004747094,0.7095867980798399
BMNR,2025-06-30,2025-06-30 10:33:00,True,clean_breakout,previous_high_break_with_pullback_low_support_or_previous_resistance,19.01,21.06,19.0,20.89,622025.0,323963.0,1.9200495118269678,0.912621359223301,0.08252427184465935,0.004854368932039597,0.9174757281553406,2025-06-30 10:29:00,19.93,18.77,491792.0,346124.85,0.42142857142857176,2025-06-30 10:31:00,18.2,18.54,0.30630630630630634,0.08680381334671353,0.04816859006522834,4.0,152.08233604595497,31.769999999999996,52.66,2025-06-30 18:15:00,22.786022020105303,4.759999999999998,25.65,2025-06-30 10:51:00,True,7.0,False,,,13.9097957671334,19.016700505979625,18.00256750543772,1.1171520405328934,0.17279415245309337,0.9443578880798
DRUG,2024-10-18,2024-10-18 10:14:00,True,clean_breakout,previous_high_break_with_pullback_low_support_or_previous_resistance,44.24,50.66,44.14,50.66,283006.0,122173.95,2.316418516385858,0.9846625766871163,0.0,0.015337423312883663,1.0,2024-10-18 10:07:00,48.0,46.55,142494.0,104377.45,0.5087719298245621,2024-10-18 10:13:00,43.01,44.04,0.3843426993544534,0.10395833333333337,0.05541666666666659,7.0,55.98105013817608,28.36,79.02,2024-10-18 15:11:00,13.936044216344262,7.060000000000002,57.72,2024-10-18 10:37:00,True,22.0,False,,,38.47175233780167,45.73831867735846,43.18915969709115,2.7722259340743065,0.2188937478503683,2.553332186223938
DUO,2024-09-26,2024-09-26 09:43:00,True,clean_breakout,previous_high_break_with_pullback_low_support_or_previous_resistance,13.5984,15.04,13.5536,15.0288,210956.8125,87631.403125,2.4073198074791184,0.9623250807319704,0.0075349838536052,0.030139935414424383,0.9924650161463948,2024-09-26 09:35:00,14.3664,14.1248,183310.375,49789.11875,0.20026525198938988,2024-09-26 09:37:00,12.9264,13.2288,0.25830258302583037,0.10023387905111937,0.04610758436351486,8.0,52.241030554668356,7.851199999999999,22.88,2024-09-26 10:25:00,36.27169168529756,5.4512,20.48,2024-09-26 10:00:00,True,10.0,False,,,12.426584322318236,13.650535670381698,13.02596796138891,0.6580117285785168,0.13417421592973966,0.5238375126487771
DUO,2024-09-26,2024-09-26 09:49:00,True,clean_breakout,previous_high_break_with_pullback_low_support_or_previous_resistance,15.296,16.16,15.024,16.08,182101.75,128936.875,1.4123325852282367,0.690140845070421,0.07042253521126916,0.23943661971830985,0.9295774647887308,2024-09-26 09:47:00,15.52,14.7968,141249.375,115982.046875,0.7171717171717169,2024-09-26 09:48:00,14.728,15.2608,0.1105263157894731,0.05103092783505154,0.036082474226804044,2.0,42.28855721393035,6.800000000000001,22.88,2024-09-26 10:25:00,33.33333333333336,5.360000000000003,21.44,2024-09-26 10:19:00,True,5.0,False,,,13.111590263070761,14.857871085176543,14.012943853768498,0.9096125228995078,0.17061630650320192,0.7389962163963059
DUO,2024-09-26,2024-09-26 12:37:00,True,clean_breakout,previous_high_break_with_pullback_low_support_or_previous_resistance,20.9664,22.72,20.96,22.2416,126879.125,36721.10625,3.4552097678157505,0.7245454545454543,0.27181818181818246,0.00363636363636324,0.7281818181818175,2024-09-26 12:30:00,21.6,21.2,48685.625,29540.33125,0.0,2024-09-26 12:32:00,20.48,20.6224,0.444999999999995,0.05185185185185189,0.029703703703703555,7.0,1.4315516869290001,0.31840000000000046,22.56,2024-09-26 12:38:00,1.4315516869290001,0.31840000000000046,22.56,2024-09-26 12:38:00,False,,True,2024-09-26 12:43:00,19.52,17.59252518335851,21.092965323572827,20.585331758708275,0.5346862842229818,0.08872818258863518,0.4459581016343466
