symbol,trade_date,bar_time,is_positive,breakout_type,reason,open,high,low,close,volume,volume_average,volume_ratio,candle_body_pct_of_range,upper_wick_pct_of_range,lower_wick_pct_of_range,close_position_in_range,previous_highest_high_time,previous_highest_high,previous_highest_high_close,previous_highest_high_volume,previous_highest_high_volume_average,previous_highest_high_bar_wick_percentage,lowest_low_since_previous_high_time,lowest_low_since_previous_high,lowest_low_since_previous_high_close,lowest_low_since_previous_high_bar_lower_wick_percentage,previous_high_to_lowest_low_pullback_pct,breakout_close_above_previous_high_pct,minutes_since_previous_high,max_gain_after_breakout_pct,max_gain_after_breakout_abs,max_gain_after_breakout_high,max_gain_after_breakout_high_time,max_gain_after_breakout_next_30_minutes_pct,max_gain_after_breakout_next_30_minutes_abs,max_gain_after_breakout_next_30_minutes_high,max_gain_after_breakout_next_30_minutes_high_time,reached_10_percent_gain_within_30_minutes,minutes_until_10_percent_gain,went_below_lowest_low_before_10_percent_gain_30_minutes,lowest_low_break_before_10_percent_gain_30_minutes_time,lowest_low_break_before_10_percent_gain_30_minutes_price,vwap,ema_9,ema_20,macd,histogram,signal_line
SDEV,2025-09-04,2025-09-04 10:57:00,False,clean_breakout,previous_high_break_with_pullback_low_support_or_previous_resistance,17.475,18.0,17.45,17.9005,24314.8,9324.990000000002,2.6074880509255234,0.7736363636363618,0.1809090909090889,0.04545454545454927,0.8190909090909111,2025-09-04 10:55:00,17.5,17.425,23286.0,7990.2400000000025,0.007518796992481471,2025-09-04 10:56:00,17.3,17.4935,0.6250000000000022,0.011428571428571389,0.022885714285714343,2.0,35.75039803357448,6.3995,24.3,2025-09-04 17:37:00,4.187033881735133,0.7494999999999976,18.65,2025-09-04 11:17:00,False,,True,2025-09-04 10:58:00,17.05,15.753006934366272,17.40208978653579,17.054489096096546,0.3794806656180967,0.05862620802491281,0.3208544575931839
SDEV,2025-09-04,2025-09-04 14:00:00,False,clean_breakout,previous_high_break_with_pullback_low_support_or_previous_resistance,19.2,19.95,19.2,19.8995,41582.2,12082.91,3.4414060851235337,0.9326666666666673,0.06733333333333273,0.0,0.9326666666666673,2025-09-04 13:52:00,19.25,19.0,16787.2,7492.0,0.16666666666666863,2025-09-04 13:53:00,18.25,18.85,0.8005336891260847,0.05194805194805195,0.03374025974025973,8.0,22.113620945249885,4.400500000000001,24.3,2025-09-04 17:37:00,0.0,0.0,19.8995,2025-09-04 14:04:00,False,,False,,,16.98199687770225,19.109500248289695,18.88030415619808,0.25636729445487205,0.027943857447210174,0.22842343700766188
SDEV,2025-09-04,2025-09-04 14:01:00,False,clean_breakout,previous_high_break_with_pullback_low_support_or_previous_resistance,19.7,19.85,19.157,19.3075,29260.2,13408.16,2.182268111359053,0.5663780663780628,0.21645021645021909,0.21717171717171813,0.21717171717171813,2025-09-04 13:59:00,19.25,19.25,16019.0,10042.45,0.0,2025-09-04 14:00:00,19.2,19.8995,0.0,0.0025974025974026343,0.002987012987013039,2.0,25.857827269195905,4.9925,24.3,2025-09-04 17:37:00,3.0661659976692928,0.5919999999999987,19.8995,2025-09-04 14:04:00,False,,True,2025-09-04 14:08:00,19.1,17.01733148865882,19.149100198631757,18.920989474655403,0.259078741612754,0.03433142911679027,0.22474731249596375
SDEV,2025-09-04,2025-09-04 14:53:00,False,clean_breakout,previous_high_break_with_pullback_low_support_or_previous_resistance,20.5955,21.4,20.5,21.203,34991.0,14865.540000000003,2.353833093180604,0.674999999999999,0.21888888888888833,0.10611111111111267,0.7811111111111116,2025-09-04 14:43:00,21.0,20.6,37186.2,11009.380000000001,0.5361930294906156,2025-09-04 14:47:00,20.3,20.592,0.17500000000000132,0.0333333333333333,0.009666666666666638,10.0,14.606423619299164,3.0970000000000013,24.3,2025-09-04 17:37:00,4.7021647880016975,0.9969999999999999,22.2,2025-09-04 15:07:00,False,,False,,,17.644210178524144,20.626284030490265,20.361045412429853,0.3166430402572651,0.004350397696954111,0.312292642560311
QNTM,2026-03-24,2026-03-24 13:39:00,False,clean_breakout,previous_high_break_with_pullback_low_support_or_previous_resistance,4.04,4.2,4.04,4.14,21660.0,5252.5,4.1237505949547835,0.6249999999999972,0.3750000000000028,0.0,0.6249999999999972,2026-03-24 13:34:00,4.11,4.06,5730.0,3833.7,0.0,2026-03-24 13:36:00,3.97,4.03,0.5454545454545465,0.03406326034063263,0.007299270072992544,5.0,25.120772946859905,1.04,5.18,2026-03-24 19:01:00,10.386473429951707,0.4300000000000006,4.57,2026-03-24 14:08:00,True,29.0,False,,,3.6986428085565892,4.05641266399593,4.020156274965907,0.03726022477172819,0.011510831657755339,0.02574939311397285
QNTM,2026-03-24,2026-03-24 15:47:00,False,clean_breakout,previous_high_break_with_pullback_low_support_or_previous_resistance,4.71,4.83,4.71,4.79,22501.0,5949.75,3.781839573091306,0.6666666666666666,0.3333333333333333,0.0,0.6666666666666666,2026-03-24 15:45:00,4.75,4.74,24146.0,4046.3,0.0909090909090887,2026-03-24 15:46:00,4.63,4.75,0.833333333333337,0.025263157894736866,0.008421052631578954,2.0,8.141962421711893,0.3899999999999997,5.18,2026-03-24 19:01:00,0.2087682672233776,0.009999999999999787,4.8,2026-03-24 15:48:00,False,,True,2026-03-24 15:51:00,4.6,4.1220726769174805,4.693296567077301,4.641214849801957,0.04801924839399696,0.021489153467982268,0.026530094926014693
POLA,2025-09-04,2025-09-04 12:04:00,False,clean_breakout,previous_high_break_with_pullback_low_support_or_previous_resistance,3.38,3.58,3.3101,3.5699,544849.0,285469.0,1.9086100417208174,0.7035939236754354,0.037421267135976245,0.2589848091885884,0.9625787328640237,2025-09-04 11:57:00,3.5,3.3216,439974.0,177691.05,0.09666666666666766,2025-09-04 11:59:00,3.16,3.24,0.7272727272727287,0.0971428571428571,0.01997142857142859,7.0,2.8040001120479525,0.10009999999999986,3.67,2025-09-04 12:06:00,2.8040001120479525,0.10009999999999986,3.67,2025-09-04 12:06:00,False,,True,2025-09-04 12:11:00,3.0,3.1673032996011634,3.3718695912995598,3.249149253337005,0.15578367963700757,-0.01215651531972739,0.16794019495673496
BENF,2025-05-30,2025-05-30 11:20:00,False,clean_breakout,previous_high_break_with_pullback_low_support_or_previous_resistance,4.1544,4.6336,4.1328,4.5608,142700.625,81002.81875,1.7616748059153187,0.8115015974440892,0.1453674121405748,0.04313099041533597,0.8546325878594252,2025-05-30 11:18:00,4.56,4.3088,162753.0,77995.30625,0.4958158995815893,2025-05-30 11:19:00,4.0864,4.144,0.25899280575539574,0.10385964912280689,0.00017543859649140354,2.0,7.9459743904577955,0.36239999999999917,4.9232,2025-05-30 11:27:00,7.9459743904577955,0.36239999999999917,4.9232,2025-05-30 11:27:00,False,,True,2025-05-30 11:31:00,3.84,3.9674359812059103,4.175482567318289,3.9804747638922726,0.21279528386802848,0.044403506423191075,0.1683917774448374
QUBT,2024-12-16,2024-12-16 09:57:00,False,clean_breakout,previous_high_break_with_pullback_low_support_or_previous_resistance,7.6311,7.8,7.6311,7.8,281269.0,241890.15,1.1627964181261619,1.0,0.0,0.0,1.0,2024-12-16 09:55:00,7.77,7.675,270356.0,253379.65,0.29999999999999466,2024-12-16 09:56:00,7.64,7.64,0.0,0.016731016731016717,0.003861003861003893,2.0,57.43589743589743,4.4799999999999995,12.28,2024-12-16 13:27:00,5.641025641025646,0.4400000000000004,8.24,2024-12-16 10:27:00,False,,True,2024-12-16 10:13:00,7.63,7.306843999702187,7.631699663657143,7.506760463914142,0.14001117693709375,0.017274934495161487,0.12273624244193226
QUBT,2024-12-16,2024-12-16 10:31:00,False,clean_breakout,previous_high_break_with_pullback_low_support_or_previous_resistance,8.19,8.44,8.17,8.3399,424805.0,205971.6,2.062444531187795,0.5551851851851882,0.37074074074073915,0.07407407407407261,0.6292592592592609,2024-12-16 10:29:00,8.3,8.2999,187849.0,189492.3,0.001015228426411593,2024-12-16 10:30:00,8.17,8.174,0.03333333333332988,0.01566265060240973,0.0048072289156625755,2.0,47.24397175026078,3.9400999999999993,12.28,2024-12-16 13:27:00,4.557608604419724,0.38010000000000055,8.72,2024-12-16 11:01:00,False,,False,,,7.609074123569057,8.17391211440618,8.04624681856017,0.13902489127639317,0.0316528922393899,0.10737199903700327
QUBT,2024-12-16,2024-12-16 12:46:00,False,clean_breakout,previous_high_break_with_pullback_low_support_or_previous_resistance,10.18,10.42,10.1788,10.41,497616.0,445112.9,1.1179545683802918,0.9535655058043168,0.04145936981757803,0.004975124378105239,0.958540630182422,2024-12-16 12:42:00,10.35,10.1988,578424.0,387928.45,0.1309090909090933,2024-12-16 12:44:00,9.9,10.038,0.3209302325581395,0.04347826086956515,0.005797101449275411,4.0,17.963496637848213,1.8699999999999992,12.28,2024-12-16 13:27:00,5.0912584053794365,0.5299999999999994,10.94,2024-12-16 13:16:00,False,,True,2024-12-16 12:54:00,9.74,8.635459399885118,10.17142245638186,9.992920785254723,0.21000072053847774,0.010483527101595613,0.19951719343688212
DXST,2026-03-10,2026-03-10 10:32:00,False,clean_breakout,previous_high_break_with_pullback_low_support_or_previous_resistance,9.52,10.7125,9.4825,10.375,219178.16,109886.01799999997,1.994595527157969,0.6951219512195123,0.2743902439024392,0.03048780487804848,0.7256097560975607,2026-03-10 10:24:00,9.9975,9.935,148160.84,75738.75800000002,0.12626262626262602,2026-03-10 10:29:00,9.3475,9.595,0.4711538461538485,0.06501625406351591,0.03775943985996494,8.0,17.831325301204814,1.8499999999999996,12.225,2026-03-10 10:55:00,17.831325301204814,1.8499999999999996,12.225,2026-03-10 10:55:00,True,11.0,False,,,8.754168469403544,9.67898808235665,9.251705290106864,0.5145350079791484,-0.013953893912042936,0.5284889018911914
ACXP,2026-03-10,2026-03-10 09:56:00,False,clean_breakout,previous_high_break_with_pullback_low_support_or_previous_resistance,2.6482,2.92,2.6482,2.885,660250.0,158869.95,4.155914948043981,0.8712288447387779,0.1287711552612221,0.0,0.8712288447387779,2026-03-10 09:54:00,2.7,2.68,214537.0,117232.05,0.13333333333333314,2026-03-10 09:55:00,2.59,2.6312,0.3745454545454566,0.040740740740740855,0.06851851851851837,2.0,21.317157712305036,0.6150000000000002,3.5,2026-03-10 18:00:00,3.639514731369166,0.10500000000000043,2.99,2026-03-10 09:59:00,False,,True,2026-03-10 10:01:00,2.45,2.4639056920415667,2.6174131240901577,2.486010546473973,0.1358439198272241,0.03649385582736586,0.09935006399985824
RGTI,2024-12-10,2024-12-10 12:03:00,False,clean_breakout,previous_high_break_with_pullback_low_support_or_previous_resistance,6.05,6.19,6.04,6.1895,829432.0,559917.25,1.4813474669694495,0.9299999999999975,0.0033333333333373993,0.06666666666666508,0.9966666666666626,2024-12-10 11:59:00,6.15,6.105,847775.0,472827.75,0.40909090909090723,2024-12-10 12:01:00,6.0,6.0,0.0,0.02439024390243908,0.006422764227642182,4.0,30.70522659342435,1.9005,8.09,2024-12-10 19:21:00,9.944260441069552,0.6154999999999999,6.805,2024-12-10 12:30:00,False,,False,,,5.340733878300545,6.012421986378615,5.87898775085425,0.1369204822297192,0.03502107187358053,0.10189941035613867
RGTI,2024-12-10,2024-12-10 12:30:00,False,clean_breakout,previous_high_break_with_pullback_low_support_or_previous_resistance,6.585,6.805,6.58,6.76,1361344.0,850043.7,1.6014988405890191,0.7777777777777782,0.2,0.022222222222221782,0.8,2024-12-10 12:28:00,6.63,6.615,970670.0,865251.6,0.12571428571428406,2024-12-10 12:29:00,6.55,6.59,0.5,0.012066365007541489,0.019607843137254888,2.0,19.674556213017752,1.33,8.09,2024-12-10 19:21:00,0.14792899408283708,0.009999999999999787,6.77,2024-12-10 12:31:00,False,,True,2024-12-10 12:32:00,6.44,5.519255854478543,6.573503088974477,6.461818856244936,0.13767723931289577,0.008598542690591654,0.12907869662230412
RGTI,2024-12-10,2024-12-10 13:48:00,False,clean_breakout,previous_high_break_with_pullback_low_support_or_previous_resistance,6.765,6.89,6.75,6.8804,1033532.0,516507.35,2.0010015346345025,0.8242857142857174,0.06857142857142752,0.1071428571428551,0.9314285714285725,2024-12-10 13:45:00,6.81,6.7982,481095.0,487947.6,0.1966666666666685,2024-12-10 13:46:00,6.7,6.7199,0.19899999999999876,0.016152716593245145,0.01033773861967698,3.0,17.580373234114298,1.2096,8.09,2024-12-10 19:21:00,0.13952677169931735,0.009599999999999831,6.89,2024-12-10 13:49:00,False,,True,2024-12-10 13:52:00,6.66,5.7321706691387,6.759502290485842,6.686510499104461,0.08229101361072555,0.01089312837693314,0.07139788523379241
SBET,2025-05-29,2025-05-29 13:47:00,False,clean_breakout,previous_high_break_with_pullback_low_support_or_previous_resistance,54.33,55.8,54.0,55.28,52189.0,47705.45,1.0939840206936524,0.5277777777777802,0.28888888888888714,0.18333333333333268,0.7111111111111129,2025-05-29 13:44:00,54.74,54.2,56252.0,45463.7,0.033613445378150406,2025-05-29 13:45:00,53.5,54.05,0.624999999999995,0.022652539276580234,0.009864815491413942,3.0,93.25253256150505,51.55,106.83,2025-05-29 16:17:00,9.442836468885671,5.219999999999999,60.5,2025-05-29 13:54:00,False,,False,,,43.971015784127864,53.983643266443906,52.72772038223666,1.5027871642882928,0.03391409250164967,1.4688730717866432
PSNL,2024-07-19,2024-07-19 12:10:00,False,clean_breakout,previous_high_break_with_pullback_low_support_or_previous_resistance,2.97,3.03,2.96,3.01,54195.0,11089.4,4.8870993922123835,0.5714285714285668,0.28571428571428664,0.14285714285714649,0.7142857142857134,2024-07-19 11:50:00,3.0,2.9534,67633.0,14072.8,0.21244635193133,2024-07-19 11:53:00,2.91,2.92,0.4999999999999889,0.029999999999999954,0.0033333333333332624,20.0,50.16611295681063,1.5099999999999998,4.52,2024-07-19 13:56:00,8.305647840531561,0.25,3.26,2024-07-19 12:40:00,False,,False,,,2.801309786234469,2.966964681073656,2.9549310719570445,0.01545418210511329,-0.0001450852256200605,0.01559926733073335
PSNL,2024-07-19,2024-07-19 12:43:00,False,clean_breakout,previous_high_break_with_pullback_low_support_or_previous_resistance,3.2202,3.3099,3.2202,3.3099,49532.0,31174.05,1.5888856276293906,1.0,0.0,0.0,1.0,2024-07-19 12:41:00,3.2799,3.27,44457.0,27747.8,0.19839679358717452,2024-07-19 12:42:00,3.22,3.23,0.19999999999999646,0.018262751913168035,0.0091466203237903,2.0,36.56001691894014,1.2100999999999997,4.52,2024-07-19 13:56:00,7.5198646484788165,0.24890000000000034,3.5588,2024-07-19 13:13:00,False,,False,,,2.945398090380134,3.2249010260084914,3.176070260529701,0.053290346239627695,0.011567760043664888,0.04172258619596281
PSNL,2024-07-19,2024-07-19 12:49:00,False,clean_breakout,previous_high_break_with_pullback_low_support_or_previous_resistance,3.2513,3.316,3.25,3.315,40466.0,35122.85,1.1521274611826775,0.9651515151515155,0.01515151515151352,0.01969696969697094,0.9848484848484865,2024-07-19 12:44:00,3.31,3.3,64596.0,33584.2,0.2712328767123278,2024-07-19 12:46:00,3.24,3.2699,0.9966666666666596,0.021148036253776387,0.001510574018126856,5.0,36.34992458521869,1.2049999999999996,4.52,2024-07-19 13:56:00,11.309200603318258,0.37490000000000023,3.6899,2024-07-19 13:18:00,True,26.0,False,,,2.9704172399347457,3.264631014561971,3.2220252909901257,0.051978682901821394,0.0006158964971146874,0.051362786404706706
PSNL,2024-07-19,2024-07-19 12:50:00,False,clean_breakout,previous_high_break_with_pullback_low_support_or_previous_resistance,3.32,3.4,3.3,3.37,94075.0,37627.95,2.5001362019456286,0.5000000000000022,0.29999999999999777,0.2,0.7000000000000022,2024-07-19 12:44:00,3.31,3.3,64596.0,33584.2,0.2712328767123278,2024-07-19 12:46:00,3.24,3.2699,0.9966666666666596,0.021148036253776387,0.018126888217522674,6.0,34.12462908011868,1.1499999999999995,4.52,2024-07-19 13:56:00,9.492581602373889,0.3199000000000001,3.6899,2024-07-19 13:18:00,False,,False,,,2.9835729600949636,3.285704811649577,3.2361181204196376,0.057474730950947794,0.004127180158162602,0.05334755079278519
PSNL,2024-07-19,2024-07-19 13:13:00,False,clean_breakout,previous_high_break_with_pullback_low_support_or_previous_resistance,3.4588,3.5588,3.4588,3.5588,82805.0,48824.9,1.6959584146613715,1.0,0.0,0.0,1.0,2024-07-19 13:09:00,3.52,3.4908,63790.0,52740.85,0.3649999999999983,2024-07-19 13:12:00,3.45,3.455,0.24999999999999445,0.01988636363636359,0.011022727272727321,4.0,27.009104192424395,0.9611999999999994,4.52,2024-07-19 13:56:00,13.802405305159033,0.49119999999999964,4.05,2024-07-19 13:42:00,True,26.0,False,,,3.10960856288776,3.4667947631033176,3.4123827424607027,0.06198664373053653,0.010055021205638719,0.05193162252489781
PSNL,2024-07-19,2024-07-19 13:51:00,False,clean_breakout,previous_high_break_with_pullback_low_support_or_previous_resistance,4.1188,4.22,4.0999,4.215,303817.0,178554.7,1.7015345997613056,0.8009991673605306,0.04163197335553621,0.15736885928393324,0.9583680266444637,2024-07-19 13:49:00,4.19,4.14,213693.0,169152.25,0.17166666666666483,2024-07-19 13:50:00,4.03,4.12,0.7499999999999981,0.03818615751789979,0.00596658711217171,2.0,7.236061684460254,0.3049999999999997,4.52,2024-07-19 13:56:00,7.236061684460254,0.3049999999999997,4.52,2024-07-19 13:56:00,False,,True,2024-07-19 13:58:00,3.7609,3.552317753961268,4.091966168603543,3.9677271441215276,0.1397286974918579,0.0184404818026572,0.1212882156892007
RADX,2025-03-03,2025-03-03 11:48:00,False,clean_breakout,previous_high_break_with_pullback_low_support_or_previous_resistance,9.44,10.48,9.3,10.48,125847.0,121771.35,1.0334696954579217,0.8813559322033908,0.0,0.11864406779660917,1.0,2025-03-03 11:42:00,10.27,10.04,211283.0,101817.0,0.4035087719298251,2025-03-03 11:45:00,9.3,9.68,0.4999999999999985,0.09444985394352472,0.020447906523855974,6.0,4.961832061068698,0.5199999999999996,11.0,2025-03-03 11:50:00,4.961832061068698,0.5199999999999996,11.0,2025-03-03 11:50:00,False,,True,2025-03-03 12:03:00,8.4,8.791558835870115,9.729387181382739,9.198700499374135,0.6675720520044468,-0.036570182570557996,0.7041422345750048
BMNR,2025-06-30,2025-06-30 10:27:00,False,clean_breakout,previous_high_break_with_pullback_low_support_or_previous_resistance,18.19,19.21,17.84,18.87,479261.0,362360.3,1.3226090164954605,0.4963503649635031,0.24817518248175155,0.2554744525547454,0.7518248175182485,2025-06-30 10:25:00,18.68,18.4,560719.0,367203.25,0.23728813559322137,2025-06-30 10:26:00,17.64,18.16,0.658227848101266,0.05567451820128475,0.010171306209850175,2.0,179.0673025967143,33.78999999999999,52.66,2025-06-30 18:15:00,35.93004769475356,6.779999999999998,25.65,2025-06-30 10:51:00,True,6.0,False,,,13.539540204888127,17.693392433088764,16.871977679874668,0.8903354181273109,0.18074862004747094,0.7095867980798399
BMNR,2025-06-30,2025-06-30 10:33:00,False,clean_breakout,previous_high_break_with_pullback_low_support_or_previous_resistance,19.01,21.06,19.0,20.89,622025.0,323963.0,1.9200495118269678,0.912621359223301,0.08252427184465935,0.004854368932039597,0.9174757281553406,2025-06-30 10:29:00,19.93,18.77,491792.0,346124.85,0.42142857142857176,2025-06-30 10:31:00,18.2,18.54,0.30630630630630634,0.08680381334671353,0.04816859006522834,4.0,152.08233604595497,31.769999999999996,52.66,2025-06-30 18:15:00,22.786022020105303,4.759999999999998,25.65,2025-06-30 10:51:00,True,7.0,False,,,13.9097957671334,19.016700505979625,18.00256750543772,1.1171520405328934,0.17279415245309337,0.9443578880798
ATOM,2026-02-13,2026-02-13 10:53:00,False,clean_breakout,previous_high_break_with_pullback_low_support_or_previous_resistance,3.355,3.47,3.3421,3.4431,88768.0,57094.7,1.5547502657864916,0.6888193901485504,0.21032056293979903,0.1008600469116505,0.7896794370602009,2026-02-13 10:51:00,3.4399,3.4386,111847.0,48009.6,0.009292351679771806,2026-02-13 10:52:00,3.3002,3.3599,0.4270386266094438,0.04061164568737474,0.0009302596005696815,2.0,35.05271412389999,1.2069000000000005,4.65,2026-02-13 17:01:00,8.332607243472458,0.28690000000000015,3.73,2026-02-13 11:23:00,False,,False,,,3.2255436248976688,3.366225691312277,3.338779101784839,0.030890457810019534,0.004549058503152244,0.02634139930686729
ATOM,2026-02-13,2026-02-13 11:11:00,False,clean_breakout,previous_high_break_with_pullback_low_support_or_previous_resistance,3.47,3.59,3.453,3.58,151780.0,87850.25,1.7277127839704498,0.8029197080291961,0.07299270072992545,0.12408759124087844,0.9270072992700745,2026-02-13 11:00:00,3.52,3.45,165906.0,88233.15,0.48874999999999846,2026-02-13 11:01:00,3.39,3.43,0.5,0.03693181818181815,0.01704545454545456,11.0,29.88826815642459,1.0700000000000003,4.65,2026-02-13 17:01:00,8.100558659217878,0.29000000000000004,3.87,2026-02-13 11:28:00,False,,False,,,3.2699901529722144,3.484239470647424,3.4505452195060067,0.0400526657655087,0.002819916202954867,0.03723274956255383
INAB,2024-10-21,2024-10-21 09:39:00,False,clean_breakout,previous_high_break_with_pullback_low_support_or_previous_resistance,8.6101,9.1891,8.5921,9.0001,184.231491,160.94339054999998,1.1446974639369558,0.653266331658293,0.3165829145728647,0.030150753768842412,0.6834170854271353,2024-10-21 09:37:00,8.7001,8.7001,352.629807,150.21683114999996,0.0,2024-10-21 09:38:00,8.6521,8.7001,0.0,0.0055171779634716886,0.0344823622716979,2.0,85.53349407228808,7.6981,16.6982,2024-10-21 15:19:00,28.833012966522602,2.5950000000000006,11.5951,2024-10-21 10:06:00,True,5.0,False,,,8.264170498303324,8.527985246636685,8.341699755504756,0.16169064965045088,0.08917369482042387,0.07251695483002701
INAB,2024-10-21,2024-10-21 09:44:00,False,clean_breakout,previous_high_break_with_pullback_low_support_or_previous_resistance,9.3601,10.6051,9.3211,10.0501,1725.616077,306.27360389999996,5.634230488773767,0.5373831775700941,0.43224299065420513,0.030373831775700685,0.5677570093457949,2024-10-21 09:42:00,9.4291,9.4291,516.32817,209.4845718,0.0,2024-10-21 09:43:00,9.0901,9.5371,0.6686390532544391,0.03595252993392799,0.06585994421524859,2.0,66.1495905513378,6.6480999999999995,16.6982,2024-10-21 15:19:00,15.372981363369517,1.545,11.5951,2024-10-21 10:06:00,True,17.0,False,,,8.834802705879392,9.215275837617911,8.79309891971466,0.3879260888391389,0.17632287635431868,0.21160321248482025
INAB,2024-10-21,2024-10-21 10:00:00,False,clean_breakout,previous_high_break_with_pullback_low_support_or_previous_resistance,10.4251,11.0251,10.3801,11.0251,3013.436532,1571.5176179999999,1.9175327705425702,0.930232558139535,0.0,0.06976744186046505,1.0,2024-10-21 09:44:00,10.6051,10.0501,1725.616077,306.27360389999996,0.43224299065420513,2024-10-21 09:46:00,9.1801,9.7501,0.0,0.13436931287776643,0.03960358695344692,16.0,51.456222619295964,5.6731,16.6982,2024-10-21 15:19:00,5.170021133595163,0.5700000000000003,11.5951,2024-10-21 10:06:00,False,,True,2024-10-21 10:11:00,8.8801,9.816021259619534,10.368708905601899,9.94148898937163,0.49255063178513225,0.0386732720286046,0.45387735975652765
INAB,2024-10-21,2024-10-21 15:19:00,False,clean_breakout,previous_high_break_with_pullback_low_support_or_previous_resistance,14.4001,16.6982,14.2681,16.0382,32790.238761,20620.7837901,1.5901548212121082,0.6740874861116827,0.27159376157359794,0.054318752314719436,0.7284062384264021,2024-10-21 15:13:00,15.7562,15.5972,29872.501272,15198.3246819,0.09600869512710518,2024-10-21 15:16:00,14.1001,14.9791,0.57674224218995,0.10510783056828425,0.017897716454475066,6.0,0.5424548889526241,0.08699999999999974,16.1252,2024-10-21 15:20:00,0.5424548889526241,0.08699999999999974,16.1252,2024-10-21 15:20:00,False,,True,2024-10-21 15:21:00,13.5001,12.639055395914994,14.75012033256991,13.854704464289659,1.0698011637038434,0.0284337805488577,1.0413673831549857
NAMM,2026-02-19,2026-02-19 10:16:00,False,clean_breakout,previous_high_break_with_pullback_low_support_or_previous_resistance,2.84,2.94,2.84,2.92,50618.0,13956.55,3.626827546922413,0.8,0.2,0.0,0.8,2026-02-19 10:14:00,2.849,2.825,2523.0,11087.05,0.27916666666668194,2026-02-19 10:15:00,2.8,2.8436,0.7999999999999965,0.01719901719901733,0.024921024921024826,2.0,39.38356164383563,1.1500000000000004,4.07,2026-02-19 15:40:00,5.479452054794526,0.16000000000000014,3.08,2026-02-19 10:41:00,False,,False,,,2.7298303624103286,2.8285898980133295,2.7891124102379172,0.04020292017511329,0.01237039709433354,0.02783252308077975
NAMM,2026-02-19,2026-02-19 11:44:00,False,clean_breakout,previous_high_break_with_pullback_low_support_or_previous_resistance,3.09,3.13,3.0827,3.125,19670.0,10558.4,1.862971662373087,0.7399577167019074,0.10570824524312694,0.1543340380549657,0.8942917547568731,2026-02-19 11:42:00,3.1,3.1,31052.0,9553.95,0.0,2026-02-19 11:43:00,3.0827,3.0827,0.0,0.005580645161290352,0.008064516129032228,2.0,30.240000000000013,0.9450000000000003,4.07,2026-02-19 15:40:00,8.159999999999997,0.2549999999999999,3.38,2026-02-19 12:12:00,False,,True,2026-02-19 11:46:00,3.06,2.918151900918855,3.073738895546125,3.039806485612369,0.029318862731151363,0.01563948842880723,0.013679374302344133
DFLI,2025-10-03,2025-10-03 12:41:00,False,clean_breakout,previous_high_break_with_pullback_low_support_or_previous_resistance,20.35,21.4,20.3,21.188,237344.4,111981.96500000004,2.119487722866802,0.761818181818181,0.19272727272727286,0.04545454545454619,0.8072727272727271,2025-10-03 12:38:00,20.9,20.613,120383.7,97571.90499999998,0.0024999999999941822,2025-10-03 12:39:00,20.2,20.399,0.39800000000000324,0.033492822966507144,0.013779904306220109,3.0,7.608080045308673,1.6120000000000019,22.8,2025-10-03 12:51:00,7.608080045308673,1.6120000000000019,22.8,2025-10-03 12:51:00,False,,True,2025-10-03 12:51:00,20.1,16.303085218192862,20.335708310247494,19.746302428151566,0.6183096733883673,0.14284075584497424,0.47546891754339304
PEPG,2025-02-27,2025-02-27 10:54:00,False,clean_breakout,previous_high_break_with_pullback_low_support_or_previous_resistance,1.8276,1.9,1.8276,1.8799,47534.0,7601.2,6.253486291638162,0.7223756906077348,0.27762430939226523,0.0,0.7223756906077348,2025-02-27 10:52:00,1.8396,1.8176,650.0,5430.8,0.8909090909090919,2025-02-27 10:53:00,1.79,1.81,0.4,0.026962383126766618,0.021906936290497937,2.0,64.90238842491624,1.2201000000000002,3.1,2025-02-27 17:29:00,3.7289217511569794,0.07010000000000005,1.95,2025-02-27 10:57:00,False,,False,,,1.6874034060228895,1.8138318547744825,1.780324066444257,0.037972686245566045,0.004452698763182397,0.03351998748238365
PEPG,2025-02-27,2025-02-27 12:30:00,False,clean_breakout,previous_high_break_with_pullback_low_support_or_previous_resistance,2.0101,2.07,2.0101,2.07,59702.0,11062.7,5.396693393113797,1.0,0.0,0.0,1.0,2025-02-27 12:28:00,2.05,2.0207,41196.0,8646.2,0.3906666666666635,2025-02-27 12:29:00,2.01,2.0193,0.26571428571428707,0.019512195121951237,0.009756097560975618,2.0,49.75845410628021,1.0300000000000002,3.1,2025-02-27 17:29:00,7.246376811594221,0.15000000000000036,2.22,2025-02-27 12:48:00,False,,True,2025-02-27 12:37:00,1.97,1.8531827293162064,2.0029086349231138,1.9799879379070102,0.024121530933262747,0.006714324362901161,0.017407206570361586
PEPG,2025-02-27,2025-02-27 12:34:00,False,clean_breakout,previous_high_break_with_pullback_low_support_or_previous_resistance,2.069,2.12,2.06,2.12,57256.0,23459.8,2.4406005166284452,0.8500000000000019,0.0,0.14999999999999816,1.0,2025-02-27 12:32:00,2.08,2.075,25988.0,15297.15,0.19999999999999646,2025-02-27 12:33:00,2.06,2.06,0.0,0.009615384615384623,0.019230769230769246,2.0,46.226415094339615,0.98,3.1,2025-02-27 17:29:00,8.490566037735835,0.17999999999999972,2.3,2025-02-27 13:03:00,False,,True,2025-02-27 12:37:00,1.97,1.8870604804486384,2.050576336864508,2.0132961330720196,0.037700672367221966,0.013417732803647511,0.024282939563574454
PEPG,2025-02-27,2025-02-27 15:58:00,False,clean_breakout,previous_high_break_with_pullback_low_support_or_previous_resistance,2.405,2.51,2.4,2.5001,447959.0,97312.35,4.603310885000722,0.8645454545454592,0.08999999999999625,0.04545454545454454,0.9100000000000038,2025-02-27 15:56:00,2.45,2.41,171304.0,77175.0,0.0,2025-02-27 15:57:00,2.4,2.405,0.25641025641024706,0.02040816326530623,0.020448979591836745,2.0,23.995040198392058,0.5998999999999999,3.1,2025-02-27 17:29:00,19.19523219071236,0.47989999999999977,2.98,2025-02-27 16:03:00,True,4.0,False,,,2.239771925000667,2.4088114326327394,2.3658230959617765,0.04045330508235567,0.014051914621503452,0.02640139046085222
PLYX,2026-03-10,2026-03-10 12:32:00,False,clean_breakout,previous_high_break_with_pullback_low_support_or_previous_resistance,4.41,4.5,4.4,4.49,11144.0,4070.95,2.7374445768186786,0.8000000000000036,0.09999999999999823,0.09999999999999823,0.9000000000000018,2026-03-10 12:30:00,4.45,4.4,5307.0,3448.7,0.4000000000000107,2026-03-10 12:31:00,4.42,4.45,0.6666666666666765,0.006741573033707921,0.008988764044943828,2.0,64.58797327394208,2.8999999999999995,7.39,2026-03-10 14:08:00,7.572383073496655,0.33999999999999986,4.83,2026-03-10 13:00:00,False,,True,2026-03-10 12:39:00,4.41,4.02275558722932,4.411411587494721,4.377953461278222,0.036808224954497426,0.009662933629950268,0.02714529132454716
PLYX,2026-03-10,2026-03-10 12:58:00,False,clean_breakout,previous_high_break_with_pullback_low_support_or_previous_resistance,4.59,4.69,4.59,4.68,11149.0,5089.6,2.190545425966677,0.8999999999999938,0.10000000000000622,0.0,0.8999999999999938,2026-03-10 12:56:00,4.65,4.61,4853.0,5485.8,0.5714285714285696,2026-03-10 12:57:00,4.64,4.64,0.0,0.002150537634408747,0.0064516129032256685,2.0,57.90598290598291,2.71,7.39,2026-03-10 14:08:00,4.700854700854714,0.22000000000000064,4.9,2026-03-10 13:28:00,False,,True,2026-03-10 13:02:00,4.49,4.138067022887966,4.591664902815623,4.53134646255025,0.06151378567170607,0.02001457591552859,0.04149920975617748
PLYX,2026-03-10,2026-03-10 13:00:00,False,clean_breakout,previous_high_break_with_pullback_low_support_or_previous_resistance,4.65,4.83,4.65,4.8,13935.0,5871.85,2.37318732597052,0.8333333333333317,0.16666666666666832,0.0,0.8333333333333317,2026-03-10 12:58:00,4.69,4.68,11149.0,5089.6,0.10000000000000622,2026-03-10 12:59:00,4.64,4.64,0.0,0.010660980810234692,0.023454157782515868,2.0,53.95833333333333,2.59,7.39,2026-03-10 14:08:00,2.7083333333333313,0.1299999999999999,4.93,2026-03-10 13:29:00,False,,True,2026-03-10 13:02:00,4.49,4.166512744173251,4.641065537801999,4.566294950069479,0.07528038282632199,0.023329216079925802,0.05195116674639619
PLYX,2026-03-10,2026-03-10 13:35:00,False,clean_breakout,previous_high_break_with_pullback_low_support_or_previous_resistance,4.98,5.36,4.93,5.35,90285.0,16905.6,5.340538046564452,0.8604651162790667,0.02325581395348991,0.11627906976744334,0.9767441860465101,2026-03-10 13:33:00,4.93,4.92,12605.0,10260.6,0.09999999999999823,2026-03-10 13:34:00,4.91,4.98,0.24999999999999445,0.004056795131845756,0.08519269776876266,2.0,38.13084112149533,2.04,7.39,2026-03-10 14:08:00,28.785046728971963,1.54,6.89,2026-03-10 13:58:00,True,11.0,False,,,4.4814393673233,4.962613133375025,4.848739759511964,0.11003063484671305,0.03996435427551337,0.07006628057119968
PLYX,2026-03-10,2026-03-10 13:58:00,False,clean_breakout,previous_high_break_with_pullback_low_support_or_previous_resistance,6.47,6.89,6.37,6.82,515033.0,251213.25,2.0501824644997826,0.6730769230769247,0.13461538461538355,0.1923076923076918,0.8653846153846164,2026-03-10 13:55:00,6.48,6.32,267760.0,212027.1,0.6153846153846143,2026-03-10 13:56:00,6.21,6.42,0.5769230769230788,0.041666666666666734,0.05246913580246911,3.0,8.357771260997058,0.5699999999999994,7.39,2026-03-10 14:08:00,8.357771260997058,0.5699999999999994,7.39,2026-03-10 14:08:00,False,,False,,,5.748149984870175,6.340173734799153,6.004090158615942,0.3754835850182321,0.045451082335770665,0.3300325026824614
RIME,2026-02-13,2026-02-13 14:11:00,False,clean_breakout,previous_high_break_with_pullback_low_support_or_previous_resistance,1.46,1.65,1.445,1.602,1364949.0,275009.15,4.963285767037205,0.6926829268292695,0.23414634146341393,0.07317073170731665,0.765853658536586,2026-02-13 14:09:00,1.49,1.455,761913.0,136052.25,0.3888888888888877,2026-02-13 14:10:00,1.41,1.4565,0.35769230769230725,0.05369127516778528,0.07516778523489939,2.0,288.2646691635455,4.617999999999999,6.22,2026-02-13 17:34:00,26.716604244694114,0.4279999999999997,2.03,2026-02-13 14:33:00,True,7.0,False,,,1.3060339718604057,1.4190232637422195,1.352668138392334,0.05779619527877777,0.03288060584817648,0.024915589430601296
RIME,2026-02-13,2026-02-13 15:59:00,False,clean_breakout,previous_high_break_with_pullback_low_support_or_previous_resistance,3.15,3.65,3.07,3.5,1412732.0,864692.35,1.6337972690518194,0.6034482758620691,0.2586206896551722,0.13793103448275873,0.7413793103448277,2026-02-13 15:50:00,3.43,3.42,1134648.0,776736.4,0.03571428571428651,2026-02-13 15:52:00,2.92,2.99,0.30434782608695776,0.14868804664723037,0.020408163265306076,9.0,77.71428571428571,2.7199999999999998,6.22,2026-02-13 17:34:00,11.142857142857146,0.3900000000000001,3.89,2026-02-13 16:05:00,True,1.0,False,,,1.9405299609822606,3.168147430544435,2.9447093306650505,0.2513747782497946,0.011877258213040365,0.23949752003675423
DFSC,2025-02-18,2025-02-18 09:49:00,False,clean_breakout,previous_high_break_with_pullback_low_support_or_previous_resistance,23.3331,26.46,22.68,25.4226,309842.833014,152470.53086265002,2.0321489750246595,0.5527777777777769,0.2744444444444448,0.17277777777777825,0.7255555555555552,2025-02-18 09:43:00,24.36,24.36,6063.851079,122307.97531095003,0.0,2025-02-18 09:48:00,21.84,23.415,0.5769230769230765,0.10344827586206895,0.04362068965517241,6.0,1.602511151495123,0.4073999999999991,25.83,2025-02-18 09:50:00,1.602511151495123,0.4073999999999991,25.83,2025-02-18 09:50:00,False,,True,2025-02-18 09:55:00,21.63,17.817802037288843,22.715920820868877,20.56731370452978,2.192793168590324,0.599903053303239,1.592890115287085
EGG,2025-07-03,2025-07-03 11:10:00,False,clean_breakout,previous_high_break_with_pullback_low_support_or_previous_resistance,4.48,4.61,4.48,4.55,5606.0,1492.35,3.7564914396756794,0.5384615384615342,0.4615384615384657,0.0,0.5384615384615342,2025-07-03 11:01:00,4.48,4.41,600.0,1065.0,0.14285714285715193,2025-07-03 11:04:00,4.4,4.41,1.0,0.01785714285714287,0.015624999999999863,9.0,53.406593406593416,2.4300000000000006,6.98,2025-07-03 11:54:00,25.054945054945065,1.1400000000000006,5.69,2025-07-03 11:36:00,True,15.0,False,,,4.181931165246824,4.45548239152671,4.387586567661635,0.08575864656473708,-0.0021218999718561754,0.08788054653659326
EGG,2025-07-03,2025-07-03 11:25:00,False,clean_breakout,previous_high_break_with_pullback_low_support_or_previous_resistance,4.79,5.15,4.67,5.15,21767.0,3598.4,6.049077367718986,0.75,0.0,0.25,1.0,2025-07-03 11:23:00,4.8,4.59,14648.0,2204.7,0.8749999999999991,2025-07-03 11:24:00,4.58,4.79,0.0,0.04583333333333328,0.07291666666666678,2.0,35.53398058252427,1.83,6.98,2025-07-03 11:54:00,35.53398058252427,1.83,6.98,2025-07-03 11:54:00,True,11.0,False,,,4.4332616343699485,4.699225934870414,4.576821850444257,0.12393307696862799,0.0385783473444478,0.08535472962418018
HYPD,2025-06-17,2025-06-17 10:01:00,False,clean_breakout,previous_high_break_with_pullback_low_support_or_previous_resistance,3.55,3.69,3.5298,3.62,61076.0,19695.7,3.1009814324954177,0.43695380774032605,0.4369538077403233,0.1260923845193507,0.5630461922596768,2025-06-17 09:57:00,3.575,3.5688,25433.0,16219.35,0.09538461538461797,2025-06-17 09:59:00,3.51,3.53,0.5,0.018181818181818292,0.012587412587412567,4.0,126.79558011049726,4.590000000000001,8.21,2025-06-17 15:06:00,35.35911602209945,1.2800000000000002,4.9,2025-06-17 10:26:00,True,6.0,False,,,3.37637400580586,3.5258073936113123,3.434139404985724,0.09804588361726863,0.01409734286866357,0.08394854074860505
HYPD,2025-06-17,2025-06-17 14:57:00,False,clean_breakout,previous_high_break_with_pullback_low_support_or_previous_resistance,5.58,6.4194,5.51,6.3,573913.0,82273.0,6.975714997629842,0.791730811524081,0.13129535957774416,0.07697382889817488,0.8687046404222558,2025-06-17 14:55:00,5.55,5.4245,521531.0,31254.5,0.17676056338028132,2025-06-17 14:56:00,5.27,5.5503,0.4577006507592203,0.0504504504504505,0.13513513513513514,2.0,30.317460317460338,1.910000000000001,8.21,2025-06-17 15:06:00,30.317460317460338,1.910000000000001,8.21,2025-06-17 15:06:00,True,3.0,False,,,4.664601228078562,5.3335207146650285,5.1053465212008105,0.1838895079872902,0.13293386676992303,0.05095564121736717
RPGL,2025-12-29,2025-12-29 11:01:00,False,clean_breakout,previous_high_break_with_pullback_low_support_or_previous_resistance,11.272,12.6,11.246,12.172,235206.6,123529.48749999997,1.9040522612060546,0.6646971935007392,0.3161004431314618,0.01920236336779898,0.6838995568685382,2025-12-29 10:57:00,12.0,11.47,251491.7,105665.55249999999,0.3092182030338385,2025-12-29 10:59:00,11.014,11.4,0.6587030716723563,0.08216666666666672,0.014333333333333384,4.0,42.91817285573447,5.224,17.396,2025-12-29 12:54:00,7.328294446270123,0.8919999999999995,13.064,2025-12-29 11:10:00,False,,False,,,9.96969148077873,11.214997484710736,10.775829547712554,0.476928958169065,0.10968828185162965,0.36724067631743534
GVH,2025-12-29,2025-12-29 11:19:00,False,clean_breakout,previous_high_break_with_pullback_low_support_or_previous_resistance,4.11,4.45,4.1,4.39,283573.0,96198.3,2.9477963747800118,0.7999999999999969,0.1714285714285726,0.028571428571430458,0.8285714285714274,2025-12-29 11:13:00,4.3,4.24,254999.0,55240.85,0.23999999999999844,2025-12-29 11:14:00,3.99,4.15,0.592592592592594,0.07209302325581386,0.020930232558139503,6.0,11.617312072892954,0.5100000000000007,4.9,2025-12-29 11:28:00,11.617312072892954,0.5100000000000007,4.9,2025-12-29 11:28:00,True,9.0,False,,,3.8366439520440867,4.125397575883092,3.9718708433853243,0.1591964623473916,0.03169070957034442,0.12750575277704718
FATN,2025-04-17,2025-04-17 14:17:00,False,clean_breakout,previous_high_break_with_pullback_low_support_or_previous_resistance,14.6,14.9,14.5,14.88,15982.0,15455.5,1.0340655430105787,0.7000000000000022,0.04999999999999889,0.2499999999999989,0.9500000000000011,2025-04-17 14:13:00,14.87,14.39,33803.0,13978.0,0.2769230769230771,2025-04-17 14:14:00,14.31,14.62,0.2,0.03765971755211828,0.000672494956287933,4.0,14.247311827956983,2.119999999999999,17.0,2025-04-17 14:23:00,14.247311827956983,2.119999999999999,17.0,2025-04-17 14:23:00,True,4.0,False,,,11.783083762632577,14.473488669087581,14.130371176407564,0.3795336168671053,0.053966765091817415,0.3255668517752879
FATN,2025-04-17,2025-04-17 14:20:00,False,clean_breakout,previous_high_break_with_pullback_low_support_or_previous_resistance,14.81,16.29,14.79,16.26,79508.0,19436.2,4.090717321287083,0.9666666666666673,0.01999999999999839,0.013333333333334233,0.9800000000000016,2025-04-17 14:18:00,14.9,14.72,16861.0,15913.55,0.0,2025-04-17 14:19:00,14.61,14.79,0.7826086956521712,0.01946308724832221,0.09127516778523498,2.0,4.551045510455094,0.7399999999999984,17.0,2025-04-17 14:23:00,4.551045510455094,0.7399999999999984,17.0,2025-04-17 14:23:00,False,,True,2025-04-17 14:24:00,14.33,11.951634793277726,14.912986198572844,14.435999989091835,0.4948879331096325,0.1134856952522974,0.3814022378573351
INBS,2026-01-05,2026-01-05 12:29:00,False,clean_breakout,previous_high_break_with_pullback_low_support_or_previous_resistance,12.415,13.3,12.3901,13.135,225016.0,70721.1,3.1817378406161665,0.7912957467853614,0.18133860863831283,0.027365644576325752,0.8186613913616871,2026-01-05 12:23:00,12.82,12.581,144995.0,66097.7,0.41164934300843514,2026-01-05 12:28:00,12.08,12.39,0.7045454545454565,0.05772230889235571,0.024570982839313533,6.0,16.102017510468215,2.115,15.25,2026-01-05 13:12:00,13.894175866006861,1.825000000000001,14.96,2026-01-05 12:40:00,True,10.0,False,,,11.246514662503978,12.514801636418765,12.153961900649954,0.40312101558738256,0.06223237984551305,0.3408886357418695
MNPR,2024-10-24,2024-10-24 09:56:00,False,clean_breakout,previous_high_break_with_pullback_low_support_or_previous_resistance,5.54,5.7,5.54,5.69,5103.0,3671.75,1.3898005038469394,0.9375000000000013,0.06249999999999861,0.0,0.9375000000000013,2024-10-24 09:51:00,5.68,5.64,15766.0,3166.2,0.22222222222222276,2024-10-24 09:53:00,5.43,5.55,0.5833333333333351,0.04401408450704226,0.001760563380281809,5.0,585.4130052724078,33.31,39.0,2024-10-24 16:14:00,5.44815465729349,0.3099999999999996,6.0,2024-10-24 10:13:00,False,,False,,,5.356707055267832,5.52635798013054,5.389620340398725,0.141377020304164,0.02873535065887059,0.1126416696452934
QBTS,2024-12-16,2024-12-16 11:31:00,False,clean_breakout,previous_high_break_with_pullback_low_support_or_previous_resistance,6.4303,6.66,6.43,6.6003,993273.0,474103.45,2.095055414593587,0.739130434782607,0.2595652173913052,0.0013043478260877758,0.7404347826086948,2024-12-16 11:28:00,6.46,6.45,270363.0,459934.5,0.12499999999999722,2024-12-16 11:29:00,6.4,6.44,0.6677796327212043,0.009287925696594366,0.02171826625386995,3.0,16.66136387739952,1.0997000000000003,7.7,2024-12-16 15:06:00,0.9029892580640356,0.05960000000000054,6.6599,2024-12-16 11:32:00,False,,True,2024-12-16 11:33:00,6.34,5.716209411506065,6.426724984693607,6.321696488678447,0.10714066167973524,0.026858210512724967,0.08028245116701027
QBTS,2024-12-16,2024-12-16 13:36:00,False,clean_breakout,previous_high_break_with_pullback_low_support_or_previous_resistance,6.9601,7.19,6.96,7.1273,824175.0,463406.2,1.7785152637146417,0.7269565217391302,0.27260869565217527,0.0004347826086946381,0.7273913043478247,2024-12-16 13:34:00,7.1,7.035,386032.0,403906.95,0.3076923076923035,2024-12-16 13:35:00,6.91,6.9753,0.5117554858934139,0.02676056338028162,0.003845070422535257,2.0,8.035300885328247,0.5727000000000002,7.7,2024-12-16 15:06:00,1.3006327781908968,0.09269999999999978,7.22,2024-12-16 13:37:00,False,,True,2024-12-16 13:49:00,6.82,6.036382137363066,6.998981245673862,6.881304715991099,0.1290716455945926,0.015461114498856829,0.11361053109573578
QBTS,2024-12-16,2024-12-16 14:51:00,False,clean_breakout,previous_high_break_with_pullback_low_support_or_previous_resistance,7.32,7.44,7.32,7.42,358628.0,345299.25,1.0386005761669046,0.8333333333333296,0.16666666666667038,0.0,0.8333333333333296,2024-12-16 14:49:00,7.4,7.39,215440.0,344356.3,0.12500000000000833,2024-12-16 14:50:00,7.32,7.3201,0.0012499999999970857,0.01081081081081082,0.002702702702702645,2.0,3.7735849056603805,0.28000000000000025,7.7,2024-12-16 15:06:00,3.7735849056603805,0.28000000000000025,7.7,2024-12-16 15:06:00,False,,True,2024-12-16 15:16:00,7.2,6.197209158101605,7.306357162984241,7.191883225027022,0.11690578547025599,0.02604642840339501,0.09085935706686098
QBTS,2024-12-16,2024-12-16 14:54:00,False,clean_breakout,previous_high_break_with_pullback_low_support_or_previous_resistance,7.38,7.47,7.37,7.46,426560.0,369804.4,1.1534746476786106,0.8000000000000036,0.09999999999999823,0.09999999999999823,0.9000000000000018,2024-12-16 14:52:00,7.45,7.45,361427.0,348412.4,0.0,2024-12-16 14:53:00,7.38,7.3873,0.0912499999999982,0.009395973154362454,0.0013422818791946022,2.0,3.2171581769437028,0.2400000000000002,7.7,2024-12-16 15:06:00,3.2171581769437028,0.2400000000000002,7.7,2024-12-16 15:06:00,False,,True,2024-12-16 15:16:00,7.2,6.207808666671551,7.368422867447932,7.254379920144729,0.12375859444086323,0.014935016494781489,0.10882357794608175
QBTS,2024-12-16,2024-12-16 14:55:00,False,clean_breakout,previous_high_break_with_pullback_low_support_or_previous_resistance,7.46,7.6,7.43,7.5985,930296.0,410025.8,2.268871861234098,0.8147058823529393,0.008823529411765044,0.17647058823529566,0.991176470588235,2024-12-16 14:53:00,7.46,7.3873,300022.0,353446.1,0.17500000000000276,2024-12-16 14:54:00,7.37,7.46,0.09999999999999823,0.012064343163538854,0.018565683646112552,2.0,1.3357899585444575,0.10150000000000059,7.7,2024-12-16 15:06:00,1.3357899585444575,0.10150000000000059,7.7,2024-12-16 15:06:00,False,,True,2024-12-16 15:16:00,7.2,6.217595524068348,7.414438293958346,7.2871532610833265,0.1357106033890627,0.020104861229086474,0.11560574215997624
NEON,2024-08-21,2024-08-21 13:27:00,False,clean_breakout,previous_high_break_with_pullback_low_support_or_previous_resistance,4.7902,5.24,4.7902,5.24,100049.0,8447.75,11.843271877127046,1.0,0.0,0.0,1.0,2024-08-21 13:25:00,4.77,4.7593,10501.0,3485.5,0.1528571428571432,2024-08-21 13:26:00,4.76,4.799,0.7500000000000056,0.002096436058700165,0.09853249475891,2.0,2.2900763358778646,0.1200000000000001,5.36,2024-08-21 13:30:00,2.2900763358778646,0.1200000000000001,5.36,2024-08-21 13:30:00,False,,True,2024-08-21 13:51:00,4.68,4.486465814792175,4.8300291527952215,4.737967603407918,0.08205872697957073,0.03891229660699906,0.04314643037257167
GDC,2024-08-21,2024-08-21 10:35:00,False,clean_breakout,previous_high_break_with_pullback_low_support_or_previous_resistance,2.94,3.15,2.93,3.15,659013.0,222830.3,2.9574658383532224,0.9545454545454555,0.0,0.04545454545454454,1.0,2024-08-21 10:32:00,3.08,2.91,530417.0,180946.9,0.6181818181818182,2024-08-21 10:33:00,2.89,2.9599,0.1538461538461541,0.06168831168831167,0.022727272727272676,3.0,84.44444444444443,2.6599999999999997,5.81,2024-08-21 15:05:00,25.71428571428572,0.81,3.96,2024-08-21 10:43:00,True,1.0,False,,,2.5507087059165947,2.9079867312151713,2.8030593327313005,0.10287034077712542,0.04023174317495683,0.0626385976021686
GDC,2024-08-21,2024-08-21 10:36:00,False,clean_breakout,previous_high_break_with_pullback_low_support_or_previous_resistance,3.14,3.56,3.12,3.56,439755.0,238650.6,1.8426729285407202,0.9545454545454545,0.0,0.0454545454545455,1.0,2024-08-21 10:32:00,3.08,2.91,530417.0,180946.9,0.6181818181818182,2024-08-21 10:33:00,2.89,2.9599,0.1538461538461541,0.06168831168831167,0.15584415584415584,4.0,63.20224719101122,2.2499999999999996,5.81,2024-08-21 15:05:00,11.235955056179773,0.3999999999999999,3.96,2024-08-21 10:43:00,True,7.0,False,,,2.5687280872386404,3.0383893849721373,2.875148920090224,0.15029190303958506,0.07071749176956159,0.07957441127002347
GDC,2024-08-21,2024-08-21 14:48:00,False,clean_breakout,previous_high_break_with_pullback_low_support_or_previous_resistance,4.27,4.67,4.24,4.61,526192.0,267478.1,1.96723395298531,0.7906976744186069,0.13953488372092943,0.06976744186046367,0.8604651162790706,2024-08-21 14:44:00,4.5,4.32,906462.0,281791.0,0.31039834454216203,2024-08-21 14:46:00,4.13,4.1999,0.4992857142857191,0.08222222222222225,0.024444444444444515,4.0,26.030368763557465,1.1999999999999993,5.81,2024-08-21 15:05:00,26.030368763557465,1.1999999999999993,5.81,2024-08-21 15:05:00,True,13.0,False,,,3.0955276227912893,4.2030807429571855,4.025776438199879,0.1770957970640339,0.0645069414595082,0.1125888556045257
SBET,2025-05-29,2025-05-29 13:47:00,False,clean_breakout,previous_high_break_with_pullback_low_support_or_previous_resistance,54.33,55.8,54.0,55.28,52189.0,47705.45,1.0939840206936524,0.5277777777777802,0.28888888888888714,0.18333333333333268,0.7111111111111129,2025-05-29 13:44:00,54.74,54.2,56252.0,45463.7,0.033613445378150406,2025-05-29 13:45:00,53.5,54.05,0.624999999999995,0.022652539276580234,0.009864815491413942,3.0,93.25253256150505,51.55,106.83,2025-05-29 16:17:00,9.442836468885671,5.219999999999999,60.5,2025-05-29 13:54:00,False,,False,,,43.971015784127864,53.983643266443906,52.72772038223666,1.5027871642882928,0.03391409250164967,1.4688730717866432
QNTM,2025-02-05,2025-02-05 11:01:00,False,clean_breakout,previous_high_break_with_pullback_low_support_or_previous_resistance,6.59,6.77,6.59,6.77,30198.0,8082.15,3.7363820270596317,1.0,0.0,0.0,1.0,2025-02-05 10:59:00,6.65,6.56,12930.0,6510.05,0.40000000000000235,2025-02-05 11:00:00,6.5,6.59,0.0,0.02255639097744366,0.01804511278195477,2.0,48.44903988183163,3.280000000000001,10.05,2025-02-05 13:24:00,15.214180206794687,1.0300000000000002,7.8,2025-02-05 11:20:00,True,19.0,False,,,6.2574699057268655,6.565493563110963,6.478870353113991,0.08305397989959395,0.03671922317669506,0.0463347567228989
QNTM,2025-02-05,2025-02-05 11:14:00,False,clean_breakout,previous_high_break_with_pullback_low_support_or_previous_resistance,6.88,7.2,6.87,7.14,66509.0,19090.95,3.4837972966248403,0.7878787878787871,0.1818181818181833,0.03030303030302965,0.8181818181818167,2025-02-05 11:12:00,6.98,6.92,46871.0,16016.95,0.3000000000000022,2025-02-05 11:13:00,6.86,6.9,0.0,0.01719197707736391,0.022922636103151754,2.0,40.75630252100842,2.910000000000001,10.05,2025-02-05 13:24:00,11.904761904761912,0.8500000000000005,7.99,2025-02-05 11:43:00,True,19.0,False,,,6.339405428628221,6.866406335381252,6.738639826297581,0.13620436302965722,0.026215454675374394,0.10998890835428282
QNTM,2025-02-05,2025-02-05 13:00:00,False,clean_breakout,previous_high_break_with_pullback_low_support_or_previous_resistance,9.08,9.72,9.06,9.7,268039.0,103309.95,2.5945129196171326,0.939393939393938,0.03030303030303234,0.03030303030302965,0.9696969696969676,2025-02-05 12:58:00,9.4,9.4,229580.0,78383.45,0.0,2025-02-05 12:59:00,9.03,9.08,0.1351351351351367,0.03936170212765968,0.03191489361702116,2.0,3.608247422680427,0.3500000000000014,10.05,2025-02-05 13:24:00,3.608247422680427,0.3500000000000014,10.05,2025-02-05 13:24:00,False,,True,2025-02-05 13:10:00,8.87,7.577692477298546,8.991324983128285,8.584968972231463,0.41313091554214587,0.10993452811009341,0.30319638743205246
ATGL,2024-09-30,2024-09-30 12:20:00,False,clean_breakout,previous_high_break_with_pullback_low_support_or_previous_resistance,7.34,7.88,7.34,7.7,125478.0,62883.4,1.9954073730110014,0.6666666666666672,0.33333333333333276,0.0,0.6666666666666672,2024-09-30 12:14:00,7.63,7.5455,88528.0,46343.4,0.407621804148578,2024-09-30 12:16:00,7.23,7.415,0.4545454545454534,0.05242463958060281,0.009174311926605542,6.0,4.935064935064934,0.3799999999999999,8.08,2024-09-30 12:22:00,4.935064935064934,0.3799999999999999,8.08,2024-09-30 12:22:00,False,,True,2024-09-30 12:32:00,7.15,6.529372350816404,7.414123344953297,7.163863972678752,0.3042433662018862,-0.0075001898956924,0.3117435560975786
MNPR,2024-10-24,2024-10-24 09:56:00,False,clean_breakout,previous_high_break_with_pullback_low_support_or_previous_resistance,5.54,5.7,5.54,5.69,5103.0,3671.75,1.3898005038469394,0.9375000000000013,0.06249999999999861,0.0,0.9375000000000013,2024-10-24 09:51:00,5.68,5.64,15766.0,3166.2,0.22222222222222276,2024-10-24 09:53:00,5.43,5.55,0.5833333333333351,0.04401408450704226,0.001760563380281809,5.0,585.4130052724078,33.31,39.0,2024-10-24 16:14:00,5.44815465729349,0.3099999999999996,6.0,2024-10-24 10:13:00,False,,False,,,5.356707055267832,5.52635798013054,5.389620340398725,0.141377020304164,0.02873535065887059,0.1126416696452934
MTVA,2025-09-15,2025-09-15 13:41:00,False,clean_breakout,previous_high_break_with_pullback_low_support_or_previous_resistance,10.956,11.99,10.6931,11.66,65446.661826,23518.89011745,2.7827274798754815,0.5428329092451232,0.2544529262086513,0.2027141645462256,0.7455470737913487,2025-09-15 13:39:00,11.22,11.2178,66823.205904,18803.699378100002,0.0031545741324924027,2025-09-15 13:40:00,10.5721,10.923,0.5415959252971128,0.057745098039215674,0.039215686274509755,2.0,63.198113207547166,7.3689,19.0289,2025-09-15 15:51:00,35.84905660377358,4.18,15.84,2025-09-15 14:10:00,True,15.0,True,2025-09-15 13:48:00,9.9,10.262963125257746,10.610260753231982,9.86436157785502,0.777913474761311,0.1896455397799761,0.5882679349813349
MTVA,2025-09-15,2025-09-15 14:10:00,False,clean_breakout,previous_high_break_with_pullback_low_support_or_previous_resistance,14.6234,15.84,14.52,15.6222,143859.037959,84746.13798105,1.6975291309577811,0.7566666666666659,0.16500000000000029,0.07833333333333377,0.8349999999999997,2025-09-15 14:07:00,15.62,15.0579,129916.506447,75751.26970319999,0.3005882352941173,2025-09-15 14:09:00,14.08,14.6245,0.7071428571428566,0.0985915492957746,0.00014084507042254815,3.0,21.806787776369532,3.4067000000000007,19.0289,2025-09-15 15:51:00,0.69004365582313,0.107800000000001,15.73,2025-09-15 14:11:00,False,,True,2025-09-15 14:16:00,13.31,12.429984670395614,14.473871213480734,13.44490711841081,1.1677562095191245,0.13397120142355812,1.0337850080955664
MTVA,2026-05-27,2026-05-27 09:51:00,False,clean_breakout,previous_high_break_with_pullback_low_support_or_previous_resistance,3.46,3.62,3.45,3.61,146291.0,62229.55,2.3508285051073003,0.8823529411764705,0.058823529411766086,0.05882352941176348,0.941176470588234,2026-05-27 09:36:00,3.5799,3.45,213279.0,25781.4,0.7583187390542888,2026-05-27 09:39:00,3.2199,3.3,0.42535915053091733,0.10056146819743565,0.008408056090952265,15.0,5.263157894736841,0.18999999999999995,3.8,2026-05-27 10:13:00,5.263157894736841,0.18999999999999995,3.8,2026-05-27 10:13:00,False,,False,,,3.1856512166201516,3.437931621964043,3.3154860958686445,0.1515743523369708,-0.001346468045857363,0.15292082038282817
VCIG,2026-05-26,2026-05-26 12:26:00,False,clean_breakout,previous_high_break_with_pullback_low_support_or_previous_resistance,1.8102,1.84,1.8,1.8395,62816.0,23257.85,2.700851540447634,0.7324999999999964,0.012500000000004164,0.25499999999999945,0.9874999999999958,2026-05-26 12:24:00,1.82,1.815,79180.0,19493.05,0.08333333333333519,2026-05-26 12:25:00,1.79,1.8117,0.7233333333333345,0.016483516483516498,0.010714285714285631,2.0,44.06088611035608,0.8105,2.65,2026-05-26 13:28:00,31.55748844794781,0.5805,2.42,2026-05-26 12:52:00,True,16.0,False,,,1.7116192820484937,1.798514405526717,1.78339078180065,0.014843621463133339,0.006421120117699412,0.008422501345433927
TPET,2026-03-05,2026-03-05 12:53:00,False,clean_breakout,previous_high_break_with_pullback_low_support_or_previous_resistance,1.6517,1.69,1.64,1.685,650979.0,535025.95,1.2167241607626698,0.6660000000000016,0.09999999999999779,0.23400000000000068,0.9000000000000022,2026-03-05 12:49:00,1.67,1.655,885631.0,552996.7,0.21399999999999939,2026-03-05 12:52:00,1.64,1.6599,0.0,0.017964071856287442,0.008982035928143787,4.0,48.36795252225519,0.815,2.5,2026-03-05 14:13:00,12.759643916913937,0.21499999999999986,1.9,2026-03-05 13:18:00,True,8.0,False,,,1.3321389563060864,1.6438965568333053,1.6175846543103412,0.027868133245547932,0.0075500404807035786,0.020318092764844354
TPET,2026-03-05,2026-03-05 12:55:00,False,clean_breakout,previous_high_break_with_pullback_low_support_or_previous_resistance,1.68,1.735,1.672,1.73,1111759.0,569562.9,1.9519512243511647,0.7936507936507923,0.07936507936508098,0.12698412698412676,0.920634920634919,2026-03-05 12:53:00,1.69,1.685,650979.0,535025.95,0.09999999999999779,2026-03-05 12:54:00,1.64,1.68,0.8,0.029585798816568074,0.023668639053254458,2.0,44.50867052023121,0.77,2.5,2026-03-05 14:13:00,9.826589595375719,0.16999999999999993,1.9,2026-03-05 13:18:00,False,,False,,,1.337175159968887,1.6668937963733157,1.6336690707619796,0.034225262108810384,0.009338947465738871,0.024886314643071512
TPET,2026-03-05,2026-03-05 14:10:00,False,clean_breakout,previous_high_break_with_pullback_low_support_or_previous_resistance,2.29,2.39,2.27,2.3881,2630169.0,1603905.05,1.6398533067777297,0.8174999999999999,0.015833333333333425,0.16666666666666666,0.9841666666666665,2026-03-05 14:08:00,2.3,2.29,2064274.0,1533906.55,0.2079002079002043,2026-03-05 14:09:00,2.27,2.285,0.5000000000000074,0.013043478260869481,0.03830434782608708,2.0,4.685733428248393,0.11189999999999989,2.5,2026-03-05 14:13:00,4.685733428248393,0.11189999999999989,2.5,2026-03-05 14:13:00,False,,True,2026-03-05 14:13:00,2.26,1.5841535334900303,2.2623632826850018,2.1946643973002904,0.07824196404081141,0.0066897700655749875,0.07155219397523642
PDYN,2024-10-08,2024-10-08 11:14:00,False,clean_breakout,previous_high_break_with_pullback_low_support_or_previous_resistance,2.2749,2.3944,2.2749,2.3944,15226.0,5965.6,2.5522998524875953,1.0,0.0,0.0,1.0,2024-10-08 11:12:00,2.35,2.27,37981.0,4980.8,0.5454545454545465,2024-10-08 11:13:00,2.2809,2.33,0.5926680244399194,0.029404255319149003,0.018893617021276593,2.0,27.380554627464072,0.6555999999999997,3.05,2024-10-08 12:34:00,5.663214166388228,0.13559999999999972,2.53,2024-10-08 11:36:00,False,,True,2024-10-08 11:16:00,2.27,2.164945994649786,2.2787285212078103,2.20457004437406,0.07990159679175335,0.015434170699443639,0.06446742609230971
PDYN,2024-10-08,2024-10-08 12:19:00,False,clean_breakout,previous_high_break_with_pullback_low_support_or_previous_resistance,2.62,2.73,2.58,2.7197,245811.0,48147.65,5.105358205436818,0.6646666666666664,0.06866666666666654,0.26666666666666705,0.9313333333333335,2024-10-08 12:14:00,2.6,2.53,115774.0,23050.85,0.5388760585065452,2024-10-08 12:16:00,2.45,2.5251,0.0,0.057692307692307654,0.04603846153846151,5.0,12.144721844321058,0.3302999999999998,3.05,2024-10-08 12:34:00,12.144721844321058,0.3302999999999998,3.05,2024-10-08 12:34:00,True,9.0,False,,,2.4327950516620005,2.5569274612611057,2.4840860595133925,0.07081363274908714,0.02452072472640563,0.04629290802268151
AGIG,2025-01-21,2025-01-21 11:06:00,False,clean_breakout,previous_high_break_with_pullback_low_support_or_previous_resistance,20.3,21.2,20.1,20.901,10585.7,2098.1300000000006,5.045302245332747,0.5463636363636366,0.2718181818181819,0.18181818181818152,0.7281818181818182,2025-01-21 11:04:00,20.0,19.899,3065.2,1278.8149999999998,0.33333333333333726,2025-01-21 11:05:00,19.8,20.373,0.1745200698080241,0.009999999999999964,0.04504999999999999,2.0,53.10272235778193,11.099,32.0,2025-01-21 12:00:00,17.697717812544862,3.6990000000000016,24.6,2025-01-21 11:23:00,True,16.0,False,,,18.997458108071985,19.95236611179246,19.514609717384303,0.4486273159994951,0.13001630131312758,0.31861101468636754
AGIG,2025-01-21,2025-01-21 11:23:00,False,clean_breakout,previous_high_break_with_pullback_low_support_or_previous_resistance,22.819,24.6,22.7,24.5,29000.7,7304.540000000001,3.97022947372456,0.8847368421052627,0.05263157894736911,0.06263157894736823,0.9473684210526309,2025-01-21 11:20:00,22.9,21.95,12143.3,4508.679999999999,0.1999999999999993,2025-01-21 11:21:00,21.5,22.75,0.30769230769230643,0.06113537117903924,0.06986899563318784,3.0,30.612244897959183,7.5,32.0,2025-01-21 12:00:00,14.285714285714285,3.5,28.0,2025-01-21 11:45:00,True,20.0,False,,,21.06680877662496,22.46382000201703,21.504335415950834,0.9759546383570452,0.29236562920875586,0.6835890091482894
AGIG,2025-01-21,2025-01-21 11:57:00,False,clean_breakout,previous_high_break_with_pullback_low_support_or_previous_resistance,26.7,28.3,26.6,28.2,61706.7,32280.695,1.9115666499745436,0.882352941176471,0.058823529411765565,0.05882352941176348,0.9411764705882344,2025-01-21 11:45:00,28.0,27.241,47106.3,24195.515000000003,0.6999999999999993,2025-01-21 11:50:00,25.7,26.0,0.25,0.08214285714285717,0.0071428571428571175,12.0,13.475177304964541,3.8000000000000007,32.0,2025-01-21 12:00:00,13.475177304964541,3.8000000000000007,32.0,2025-01-21 12:00:00,True,1.0,False,,,24.754748081243328,26.778430555584517,26.088131602447802,0.9251663238947749,-0.09053735200912927,1.0157036759039042
CNTN,2025-08-20,2025-08-20 14:59:00,False,clean_breakout,previous_high_break_with_pullback_low_support_or_previous_resistance,2.965,3.19,2.93,3.14,1997022.0,568179.15,3.5147752253844584,0.6730769230769247,0.1923076923076918,0.13461538461538355,0.8076923076923083,2025-08-20 14:55:00,3.0699,2.8589,1026567.0,439810.6,0.6808647950951909,2025-08-20 14:58:00,2.83,2.968,0.6428571428571412,0.07814586794358122,0.022834620020196112,4.0,91.0828025477707,2.86,6.0,2025-08-20 17:39:00,28.977707006369425,0.9098999999999999,4.0499,2025-08-20 15:25:00,True,8.0,False,,,2.2579093421103558,2.8910501416435315,2.7784702321556187,0.10646380451493487,0.045954136170221344,0.060509668344713524
CNTN,2025-08-20,2025-08-20 15:23:00,False,clean_breakout,previous_high_break_with_pullback_low_support_or_previous_resistance,3.635,3.84,3.58,3.81,1306539.0,1033789.7,1.2638344142914173,0.6730769230769247,0.11538461538461472,0.21153846153846062,0.8846153846153852,2025-08-20 15:20:00,3.7399,3.5749,775403.0,987824.75,0.5157861831822445,2025-08-20 15:21:00,3.51,3.63,0.5000000000000016,0.061472231877857754,0.018743816679590377,3.0,57.48031496062992,2.19,6.0,2025-08-20 17:39:00,6.296587926509186,0.2399,4.0499,2025-08-20 15:25:00,False,,True,2025-08-20 15:27:00,3.4708,2.3538903007312184,3.569129799720962,3.4161899793178683,0.17963985290846507,0.017087136040612017,0.16255271686785305
GLUE,2024-10-28,2024-10-28 10:01:00,False,clean_breakout,previous_high_break_with_pullback_low_support_or_previous_resistance,7.87,8.22,7.75,8.11,774280.0,409205.2,1.8921558181567584,0.5106382978723383,0.23404255319149161,0.2553191489361701,0.7659574468085084,2024-10-28 09:59:00,7.95,7.77,387374.0,401369.5,0.28124999999999933,2024-10-28 10:00:00,7.77,7.88,0.11764705882353156,0.02264150943396234,0.020125786163521918,2.0,52.897657213316904,4.290000000000001,12.4,2024-10-28 14:21:00,4.192355117139333,0.33999999999999986,8.45,2024-10-28 10:03:00,False,,True,2024-10-28 10:24:00,7.73,7.080728029034461,7.744560509771661,7.4428282321926424,0.33028109892653656,0.0575700078339777,0.27271109109255887
PSNL,2024-07-19,2024-07-19 12:10:00,False,clean_breakout,previous_high_break_with_pullback_low_support_or_previous_resistance,2.97,3.03,2.96,3.01,54195.0,11089.4,4.8870993922123835,0.5714285714285668,0.28571428571428664,0.14285714285714649,0.7142857142857134,2024-07-19 11:50:00,3.0,2.9534,67633.0,14072.8,0.21244635193133,2024-07-19 11:53:00,2.91,2.92,0.4999999999999889,0.029999999999999954,0.0033333333333332624,20.0,50.16611295681063,1.5099999999999998,4.52,2024-07-19 13:56:00,8.305647840531561,0.25,3.26,2024-07-19 12:40:00,False,,False,,,2.801309786234469,2.966964681073656,2.9549310719570445,0.01545418210511329,-0.0001450852256200605,0.01559926733073335
PSNL,2024-07-19,2024-07-19 12:43:00,False,clean_breakout,previous_high_break_with_pullback_low_support_or_previous_resistance,3.2202,3.3099,3.2202,3.3099,49532.0,31174.05,1.5888856276293906,1.0,0.0,0.0,1.0,2024-07-19 12:41:00,3.2799,3.27,44457.0,27747.8,0.19839679358717452,2024-07-19 12:42:00,3.22,3.23,0.19999999999999646,0.018262751913168035,0.0091466203237903,2.0,36.56001691894014,1.2100999999999997,4.52,2024-07-19 13:56:00,7.5198646484788165,0.24890000000000034,3.5588,2024-07-19 13:13:00,False,,False,,,2.945398090380134,3.2249010260084914,3.176070260529701,0.053290346239627695,0.011567760043664888,0.04172258619596281
PSNL,2024-07-19,2024-07-19 12:49:00,False,clean_breakout,previous_high_break_with_pullback_low_support_or_previous_resistance,3.2513,3.316,3.25,3.315,40466.0,35122.85,1.1521274611826775,0.9651515151515155,0.01515151515151352,0.01969696969697094,0.9848484848484865,2024-07-19 12:44:00,3.31,3.3,64596.0,33584.2,0.2712328767123278,2024-07-19 12:46:00,3.24,3.2699,0.9966666666666596,0.021148036253776387,0.001510574018126856,5.0,36.34992458521869,1.2049999999999996,4.52,2024-07-19 13:56:00,11.309200603318258,0.37490000000000023,3.6899,2024-07-19 13:18:00,True,26.0,False,,,2.9704172399347457,3.264631014561971,3.2220252909901257,0.051978682901821394,0.0006158964971146874,0.051362786404706706
PSNL,2024-07-19,2024-07-19 12:50:00,False,clean_breakout,previous_high_break_with_pullback_low_support_or_previous_resistance,3.32,3.4,3.3,3.37,94075.0,37627.95,2.5001362019456286,0.5000000000000022,0.29999999999999777,0.2,0.7000000000000022,2024-07-19 12:44:00,3.31,3.3,64596.0,33584.2,0.2712328767123278,2024-07-19 12:46:00,3.24,3.2699,0.9966666666666596,0.021148036253776387,0.018126888217522674,6.0,34.12462908011868,1.1499999999999995,4.52,2024-07-19 13:56:00,9.492581602373889,0.3199000000000001,3.6899,2024-07-19 13:18:00,False,,False,,,2.9835729600949636,3.285704811649577,3.2361181204196376,0.057474730950947794,0.004127180158162602,0.05334755079278519
PSNL,2024-07-19,2024-07-19 13:13:00,False,clean_breakout,previous_high_break_with_pullback_low_support_or_previous_resistance,3.4588,3.5588,3.4588,3.5588,82805.0,48824.9,1.6959584146613715,1.0,0.0,0.0,1.0,2024-07-19 13:09:00,3.52,3.4908,63790.0,52740.85,0.3649999999999983,2024-07-19 13:12:00,3.45,3.455,0.24999999999999445,0.01988636363636359,0.011022727272727321,4.0,27.009104192424395,0.9611999999999994,4.52,2024-07-19 13:56:00,13.802405305159033,0.49119999999999964,4.05,2024-07-19 13:42:00,True,26.0,False,,,3.10960856288776,3.4667947631033176,3.4123827424607027,0.06198664373053653,0.010055021205638719,0.05193162252489781
PSNL,2024-07-19,2024-07-19 13:51:00,False,clean_breakout,previous_high_break_with_pullback_low_support_or_previous_resistance,4.1188,4.22,4.0999,4.215,303817.0,178554.7,1.7015345997613056,0.8009991673605306,0.04163197335553621,0.15736885928393324,0.9583680266444637,2024-07-19 13:49:00,4.19,4.14,213693.0,169152.25,0.17166666666666483,2024-07-19 13:50:00,4.03,4.12,0.7499999999999981,0.03818615751789979,0.00596658711217171,2.0,7.236061684460254,0.3049999999999997,4.52,2024-07-19 13:56:00,7.236061684460254,0.3049999999999997,4.52,2024-07-19 13:56:00,False,,True,2024-07-19 13:58:00,3.7609,3.552317753961268,4.091966168603543,3.9677271441215276,0.1397286974918579,0.0184404818026572,0.1212882156892007
QBTS,2024-12-16,2024-12-16 11:31:00,False,clean_breakout,previous_high_break_with_pullback_low_support_or_previous_resistance,6.4303,6.66,6.43,6.6003,993273.0,474103.45,2.095055414593587,0.739130434782607,0.2595652173913052,0.0013043478260877758,0.7404347826086948,2024-12-16 11:28:00,6.46,6.45,270363.0,459934.5,0.12499999999999722,2024-12-16 11:29:00,6.4,6.44,0.6677796327212043,0.009287925696594366,0.02171826625386995,3.0,16.66136387739952,1.0997000000000003,7.7,2024-12-16 15:06:00,0.9029892580640356,0.05960000000000054,6.6599,2024-12-16 11:32:00,False,,True,2024-12-16 11:33:00,6.34,5.716209411506065,6.426724984693607,6.321696488678447,0.10714066167973524,0.026858210512724967,0.08028245116701027
QBTS,2024-12-16,2024-12-16 13:36:00,False,clean_breakout,previous_high_break_with_pullback_low_support_or_previous_resistance,6.9601,7.19,6.96,7.1273,824175.0,463406.2,1.7785152637146417,0.7269565217391302,0.27260869565217527,0.0004347826086946381,0.7273913043478247,2024-12-16 13:34:00,7.1,7.035,386032.0,403906.95,0.3076923076923035,2024-12-16 13:35:00,6.91,6.9753,0.5117554858934139,0.02676056338028162,0.003845070422535257,2.0,8.035300885328247,0.5727000000000002,7.7,2024-12-16 15:06:00,1.3006327781908968,0.09269999999999978,7.22,2024-12-16 13:37:00,False,,True,2024-12-16 13:49:00,6.82,6.036382137363066,6.998981245673862,6.881304715991099,0.1290716455945926,0.015461114498856829,0.11361053109573578
QBTS,2024-12-16,2024-12-16 14:51:00,False,clean_breakout,previous_high_break_with_pullback_low_support_or_previous_resistance,7.32,7.44,7.32,7.42,358628.0,345299.25,1.0386005761669046,0.8333333333333296,0.16666666666667038,0.0,0.8333333333333296,2024-12-16 14:49:00,7.4,7.39,215440.0,344356.3,0.12500000000000833,2024-12-16 14:50:00,7.32,7.3201,0.0012499999999970857,0.01081081081081082,0.002702702702702645,2.0,3.7735849056603805,0.28000000000000025,7.7,2024-12-16 15:06:00,3.7735849056603805,0.28000000000000025,7.7,2024-12-16 15:06:00,False,,True,2024-12-16 15:16:00,7.2,6.197209158101605,7.306357162984241,7.191883225027022,0.11690578547025599,0.02604642840339501,0.09085935706686098
QBTS,2024-12-16,2024-12-16 14:54:00,False,clean_breakout,previous_high_break_with_pullback_low_support_or_previous_resistance,7.38,7.47,7.37,7.46,426560.0,369804.4,1.1534746476786106,0.8000000000000036,0.09999999999999823,0.09999999999999823,0.9000000000000018,2024-12-16 14:52:00,7.45,7.45,361427.0,348412.4,0.0,2024-12-16 14:53:00,7.38,7.3873,0.0912499999999982,0.009395973154362454,0.0013422818791946022,2.0,3.2171581769437028,0.2400000000000002,7.7,2024-12-16 15:06:00,3.2171581769437028,0.2400000000000002,7.7,2024-12-16 15:06:00,False,,True,2024-12-16 15:16:00,7.2,6.207808666671551,7.368422867447932,7.254379920144729,0.12375859444086323,0.014935016494781489,0.10882357794608175
QBTS,2024-12-16,2024-12-16 14:55:00,False,clean_breakout,previous_high_break_with_pullback_low_support_or_previous_resistance,7.46,7.6,7.43,7.5985,930296.0,410025.8,2.268871861234098,0.8147058823529393,0.008823529411765044,0.17647058823529566,0.991176470588235,2024-12-16 14:53:00,7.46,7.3873,300022.0,353446.1,0.17500000000000276,2024-12-16 14:54:00,7.37,7.46,0.09999999999999823,0.012064343163538854,0.018565683646112552,2.0,1.3357899585444575,0.10150000000000059,7.7,2024-12-16 15:06:00,1.3357899585444575,0.10150000000000059,7.7,2024-12-16 15:06:00,False,,True,2024-12-16 15:16:00,7.2,6.217595524068348,7.414438293958346,7.2871532610833265,0.1357106033890627,0.020104861229086474,0.11560574215997624
RGS,2024-06-25,2024-06-25 09:50:00,False,clean_breakout,previous_high_break_with_pullback_low_support_or_previous_resistance,16.78,18.16,16.21,17.98,370651.0,262514.75,1.411924472815337,0.6153846153846152,0.0923076923076922,0.29230769230769255,0.9076923076923078,2024-06-25 09:44:00,17.5,17.43,281879.0,196820.7,0.14000000000000057,2024-06-25 09:47:00,15.64,16.46,0.45333333333333314,0.10628571428571425,0.02742857142857145,6.0,34.983314794215794,6.289999999999999,24.27,2024-06-25 14:57:00,11.06785317018909,1.9899999999999984,19.97,2024-06-25 09:57:00,True,7.0,False,,,12.591685147288917,16.65642913870581,15.866238498612471,0.7998877507989235,0.1955304710725354,0.6043572797263881
RGS,2024-06-25,2024-06-25 14:56:00,False,clean_breakout,previous_high_break_with_pullback_low_support_or_previous_resistance,22.3,23.85,21.7,23.6,241714.0,77549.05,3.116917615367306,0.6046511627906974,0.11627906976744175,0.27906976744186085,0.8837209302325583,2024-06-25 14:54:00,21.91,21.7,96376.0,63315.8,0.39622641509434037,2024-06-25 14:55:00,21.21,22.39,0.3445378151260512,0.031948881789137344,0.07713372889091745,2.0,2.8389830508474496,0.6699999999999982,24.27,2024-06-25 14:57:00,2.8389830508474496,0.6699999999999982,24.27,2024-06-25 14:57:00,False,,True,2024-06-25 15:04:00,20.84,15.304013749418585,21.842218965706543,21.042808528758368,0.7999219154691737,0.23946361282302553,0.5604583026461482
RGC,2025-07-03,2025-07-03 10:42:00,False,clean_breakout,previous_high_break_with_pullback_low_support_or_previous_resistance,20.66,21.88,20.53,21.7,186531.0,117063.8,1.5934131644453708,0.7703703703703709,0.13333333333333333,0.09629629629629571,0.8666666666666667,2025-07-03 10:31:00,21.5,21.25,110320.0,113828.4,0.3521126760563376,2025-07-03 10:35:00,19.13,19.32,0.13868613138686214,0.11023255813953493,0.009302325581395316,11.0,29.03225806451613,6.300000000000001,28.0,2025-07-03 10:54:00,29.03225806451613,6.300000000000001,28.0,2025-07-03 10:54:00,True,4.0,False,,,17.815208327012158,20.510612212482453,19.82896325957806,0.9188435668763404,-0.09067828355060814,1.0095218504269485
PHIO,2025-01-13,2025-01-13 10:13:00,False,clean_breakout,previous_high_break_with_pullback_low_support_or_previous_resistance,6.8292,8.0299,6.82,7.9215,2900977.0,1838894.05,1.5775661463475832,0.9028018844532609,0.08959418133730034,0.007603934209438698,0.9104058186626997,2025-01-13 10:11:00,7.3852,7.2301,2422306.0,1832876.8,0.3484610199955066,2025-01-13 10:12:00,6.75,6.83,0.14814814814814828,0.08600985755294376,0.07261820939175645,2.0,23.587704348923804,1.8684999999999992,9.79,2025-01-13 10:58:00,19.926781543899512,1.5785,9.5,2025-01-13 10:16:00,True,2.0,False,,,4.87095820504214,6.812663222260198,6.20671278968231,0.6267155600654135,0.16670727889163928,0.46000828117377424
RXT,2026-02-26,2026-02-26 14:42:00,False,clean_breakout,previous_high_break_with_pullback_low_support_or_previous_resistance,2.2537,2.36,2.24,2.355,1565718.0,592359.55,2.643188583690429,0.8441666666666704,0.041666666666665894,0.11416666666666367,0.9583333333333341,2026-02-26 14:38:00,2.29,2.2533,622027.0,585474.35,0.7196078431372561,2026-02-26 14:40:00,2.2301,2.2555,0.6649214659685866,0.026157205240174602,0.02838427947598251,4.0,12.526539278131633,0.29499999999999993,2.65,2026-02-26 16:21:00,1.9108280254777041,0.04499999999999993,2.4,2026-02-26 14:43:00,False,,True,2026-02-26 14:59:00,2.15,1.81656568506541,2.262620400865745,2.211785494108931,0.06200592422833706,0.002016862114069394,0.05998906211426767
QNTM,2026-03-24,2026-03-24 13:39:00,False,clean_breakout,previous_high_break_with_pullback_low_support_or_previous_resistance,4.04,4.2,4.04,4.14,21660.0,5252.5,4.1237505949547835,0.6249999999999972,0.3750000000000028,0.0,0.6249999999999972,2026-03-24 13:34:00,4.11,4.06,5730.0,3833.7,0.0,2026-03-24 13:36:00,3.97,4.03,0.5454545454545465,0.03406326034063263,0.007299270072992544,5.0,25.120772946859905,1.04,5.18,2026-03-24 19:01:00,10.386473429951707,0.4300000000000006,4.57,2026-03-24 14:08:00,True,29.0,False,,,3.6986428085565892,4.05641266399593,4.020156274965907,0.03726022477172819,0.011510831657755339,0.02574939311397285
QNTM,2026-03-24,2026-03-24 15:47:00,False,clean_breakout,previous_high_break_with_pullback_low_support_or_previous_resistance,4.71,4.83,4.71,4.79,22501.0,5949.75,3.781839573091306,0.6666666666666666,0.3333333333333333,0.0,0.6666666666666666,2026-03-24 15:45:00,4.75,4.74,24146.0,4046.3,0.0909090909090887,2026-03-24 15:46:00,4.63,4.75,0.833333333333337,0.025263157894736866,0.008421052631578954,2.0,8.141962421711893,0.3899999999999997,5.18,2026-03-24 19:01:00,0.2087682672233776,0.009999999999999787,4.8,2026-03-24 15:48:00,False,,True,2026-03-24 15:51:00,4.6,4.1220726769174805,4.693296567077301,4.641214849801957,0.04801924839399696,0.021489153467982268,0.026530094926014693
SDEV,2025-09-04,2025-09-04 10:57:00,False,clean_breakout,previous_high_break_with_pullback_low_support_or_previous_resistance,17.475,18.0,17.45,17.9005,24314.8,9324.990000000002,2.6074880509255234,0.7736363636363618,0.1809090909090889,0.04545454545454927,0.8190909090909111,2025-09-04 10:55:00,17.5,17.425,23286.0,7990.2400000000025,0.007518796992481471,2025-09-04 10:56:00,17.3,17.4935,0.6250000000000022,0.011428571428571389,0.022885714285714343,2.0,35.75039803357448,6.3995,24.3,2025-09-04 17:37:00,4.187033881735133,0.7494999999999976,18.65,2025-09-04 11:17:00,False,,True,2025-09-04 10:58:00,17.05,15.753006934366272,17.40208978653579,17.054489096096546,0.3794806656180967,0.05862620802491281,0.3208544575931839
SDEV,2025-09-04,2025-09-04 14:00:00,False,clean_breakout,previous_high_break_with_pullback_low_support_or_previous_resistance,19.2,19.95,19.2,19.8995,41582.2,12082.91,3.4414060851235337,0.9326666666666673,0.06733333333333273,0.0,0.9326666666666673,2025-09-04 13:52:00,19.25,19.0,16787.2,7492.0,0.16666666666666863,2025-09-04 13:53:00,18.25,18.85,0.8005336891260847,0.05194805194805195,0.03374025974025973,8.0,22.113620945249885,4.400500000000001,24.3,2025-09-04 17:37:00,0.0,0.0,19.8995,2025-09-04 14:04:00,False,,False,,,16.98199687770225,19.109500248289695,18.88030415619808,0.25636729445487205,0.027943857447210174,0.22842343700766188
SDEV,2025-09-04,2025-09-04 14:01:00,False,clean_breakout,previous_high_break_with_pullback_low_support_or_previous_resistance,19.7,19.85,19.157,19.3075,29260.2,13408.16,2.182268111359053,0.5663780663780628,0.21645021645021909,0.21717171717171813,0.21717171717171813,2025-09-04 13:59:00,19.25,19.25,16019.0,10042.45,0.0,2025-09-04 14:00:00,19.2,19.8995,0.0,0.0025974025974026343,0.002987012987013039,2.0,25.857827269195905,4.9925,24.3,2025-09-04 17:37:00,3.0661659976692928,0.5919999999999987,19.8995,2025-09-04 14:04:00,False,,True,2025-09-04 14:08:00,19.1,17.01733148865882,19.149100198631757,18.920989474655403,0.259078741612754,0.03433142911679027,0.22474731249596375
SDEV,2025-09-04,2025-09-04 14:53:00,False,clean_breakout,previous_high_break_with_pullback_low_support_or_previous_resistance,20.5955,21.4,20.5,21.203,34991.0,14865.540000000003,2.353833093180604,0.674999999999999,0.21888888888888833,0.10611111111111267,0.7811111111111116,2025-09-04 14:43:00,21.0,20.6,37186.2,11009.380000000001,0.5361930294906156,2025-09-04 14:47:00,20.3,20.592,0.17500000000000132,0.0333333333333333,0.009666666666666638,10.0,14.606423619299164,3.0970000000000013,24.3,2025-09-04 17:37:00,4.7021647880016975,0.9969999999999999,22.2,2025-09-04 15:07:00,False,,False,,,17.644210178524144,20.626284030490265,20.361045412429853,0.3166430402572651,0.004350397696954111,0.312292642560311
BLNE,2025-07-22,2025-07-22 10:20:00,False,clean_breakout,previous_high_break_with_pullback_low_support_or_previous_resistance,1.8004,1.89,1.8,1.8877,72851.0,12487.5,5.833913913913914,0.9700000000000008,0.02555555555555525,0.004444444444443962,0.9744444444444448,2025-07-22 10:18:00,1.8096,1.795,39586.0,7105.5,0.7487179487179546,2025-07-22 10:19:00,1.8,1.805,0.0,0.005305039787798438,0.043158709106984876,2.0,50.977379880277596,0.9623000000000002,2.85,2025-07-22 16:00:00,16.543942363723062,0.31230000000000024,2.2,2025-07-22 10:34:00,True,11.0,False,,,1.743736757867472,1.8023373658472672,1.7680997323125678,0.03401185382284,0.008633191446043475,0.025378662376796524
QURE,2024-07-10,2024-07-10 10:51:00,False,clean_breakout,previous_high_break_with_pullback_low_support_or_previous_resistance,8.41,8.59,8.36,8.58,386225.0,174617.75,2.2118312714486357,0.739130434782607,0.04347826086956421,0.21739130434782877,0.9565217391304358,2024-07-10 10:46:00,8.52,8.45,337147.0,190907.65,0.46666666666666745,2024-07-10 10:49:00,8.36,8.43,0.5833333333333308,0.018779342723004713,0.00704225352112682,5.0,32.28438228438228,2.7699999999999996,11.35,2024-07-10 15:16:00,7.925407925407922,0.6799999999999997,9.26,2024-07-10 11:15:00,False,,False,,,7.713195873172828,8.426551283436066,8.308511144649566,0.15132906882206498,0.0020800278106780645,0.14924904101138692
DXYZ,2024-11-08,2024-11-08 10:01:00,False,clean_breakout,previous_high_break_with_pullback_low_support_or_previous_resistance,26.26,27.34,26.15,27.34,79559.0,48473.85,1.6412766883587748,0.9075630252100816,0.0,0.09243697478991837,1.0,2024-11-08 09:59:00,27.0,26.4,54700.0,45272.55,0.6499999999999994,2024-11-08 10:00:00,26.09,26.38,0.4461538461538458,0.03370370370370371,0.012592592592592588,2.0,56.437454279444054,15.430000000000003,42.77,2024-11-08 14:15:00,13.3138258961229,3.6400000000000006,30.98,2024-11-08 10:15:00,True,13.0,False,,,25.253627327421565,26.516494164487778,26.012034508700438,0.530795482885889,0.08467391889713388,0.4461215639887551
DXYZ,2024-11-08,2024-11-08 10:02:00,False,clean_breakout,previous_high_break_with_pullback_low_support_or_previous_resistance,27.35,28.5,27.1,28.1,143674.0,54825.85,2.6205521665418776,0.5357142857142863,0.285714285714285,0.17857142857142874,0.714285714285715,2024-11-08 09:59:00,27.0,26.4,54700.0,45272.55,0.6499999999999994,2024-11-08 10:00:00,26.09,26.38,0.4461538461538458,0.03370370370370371,0.04074074074074079,3.0,52.20640569395019,14.670000000000002,42.77,2024-11-08 14:15:00,10.249110320284693,2.879999999999999,30.98,2024-11-08 10:15:00,True,13.0,False,,,25.449207224409246,26.833195331590225,26.210888365014682,0.6303354244436612,0.141390768070718,0.4889446563729432
DXYZ,2024-11-08,2024-11-08 13:41:00,False,clean_breakout,previous_high_break_with_pullback_low_support_or_previous_resistance,37.19,37.9,36.9,37.85,53435.0,41812.1,1.277979340908493,0.6600000000000037,0.04999999999999716,0.28999999999999915,0.9500000000000028,2024-11-08 13:35:00,37.5,36.28,73195.0,39376.25,0.21608040201004988,2024-11-08 13:36:00,36.25,36.76,0.027397260273977004,0.03333333333333333,0.00933333333333337,6.0,12.998678996036992,4.920000000000002,42.77,2024-11-08 14:15:00,6.737120211360627,2.549999999999997,40.4,2024-11-08 14:08:00,False,,True,2024-11-08 13:50:00,35.86,29.98763787470922,36.87483522886549,36.07416835049976,0.873599240199141,0.11355561687221072,0.7600436233269303
DXYZ,2024-11-08,2024-11-08 15:56:00,False,clean_breakout,previous_high_break_with_pullback_low_support_or_previous_resistance,35.73,37.0,35.6,36.88,75931.0,28052.2,2.7067752261854685,0.8214285714285763,0.08571428571428398,0.09285714285713971,0.914285714285716,2024-11-08 15:42:00,35.9,35.82,25895.0,30908.35,0.12307692307692072,2024-11-08 15:44:00,34.63,35.32,0.5402298850574715,0.035376044568245016,0.027298050139275876,14.0,11.144251626898045,4.109999999999999,40.99,2024-11-08 19:44:00,1.8980477223427212,0.6999999999999957,37.58,2024-11-08 16:15:00,False,,True,2024-11-08 16:05:00,34.5,32.56255254469077,35.64733738285593,35.2518727248705,0.45685412500709077,0.0508712550267344,0.4059828699803564
QMCO,2024-12-26,2024-12-26 09:49:00,False,clean_breakout,previous_high_break_with_pullback_low_support_or_previous_resistance,48.0,49.37,47.94,49.17,28675.0,9140.25,3.137222723667296,0.8181818181818196,0.1398601398601369,0.041958041958043556,0.8601398601398631,2024-12-26 09:46:00,48.5,48.23,18025.0,7112.0,0.40909090909091594,2024-12-26 09:48:00,47.81,48.2,0.8974358974358816,0.014226804123711294,0.013814432989690756,3.0,61.663616026032116,30.319999999999993,79.49,2024-12-26 19:30:00,8.704494610534882,4.280000000000001,53.45,2024-12-26 09:58:00,False,,False,,,46.74396086649204,47.87145324427343,46.85826868524047,1.0678872879578165,0.19855053826895197,0.8693367496888645
QMCO,2024-12-26,2024-12-26 09:56:00,False,clean_breakout,previous_high_break_with_pullback_low_support_or_previous_resistance,49.04,50.88,48.97,50.88,35929.0,13000.6,2.7636416780763966,0.963350785340314,0.0,0.036649214659685944,1.0,2024-12-26 09:50:00,49.49,49.01,23302.0,9625.3,0.38095238095237977,2024-12-26 09:55:00,48.17,49.3,0.3008849557522103,0.026672054960598105,0.028086482117599527,6.0,56.23034591194966,28.609999999999992,79.49,2024-12-26 19:30:00,5.051100628930818,2.5700000000000003,53.45,2024-12-26 09:58:00,False,,False,,,47.69759468133307,49.136015999413466,48.106811630159136,1.1702252096232613,0.08725151900197448,1.0829736906212868
QMCO,2024-12-26,2024-12-26 12:37:00,False,clean_breakout,previous_high_break_with_pullback_low_support_or_previous_resistance,59.78,62.7,59.78,62.56,65992.0,10628.9,6.2087327945507065,0.9520547945205478,0.04794520547945222,0.0,0.9520547945205478,2024-12-26 12:34:00,59.9,59.51,9718.0,8142.5,0.12820512820512073,2024-12-26 12:35:00,58.86,59.3,0.555555555555552,0.017362270450751238,0.044407345575959996,3.0,27.062020460358045,16.929999999999993,79.49,2024-12-26 19:30:00,7.832480818414308,4.8999999999999915,67.46,2024-12-26 12:43:00,False,,False,,,53.5325963301368,59.88677979734848,59.02438034873874,0.826339608289345,0.2900698873304135,0.5362697209589316
QMCO,2024-12-26,2024-12-26 15:51:00,False,clean_breakout,previous_high_break_with_pullback_low_support_or_previous_resistance,69.65,70.58,69.49,70.58,30108.0,12731.5,2.3648431056827555,0.8532110091743025,0.0,0.14678899082569752,1.0,2024-12-26 15:49:00,69.7,69.69,8779.0,11719.95,0.028571428571442493,2024-12-26 15:50:00,69.35,69.67,0.5333333333333381,0.0050215208034434505,0.012625538020086018,2.0,12.62397279682629,8.909999999999997,79.49,2024-12-26 19:30:00,1.9127231510342995,1.3500000000000085,71.93,2024-12-26 15:53:00,False,,True,2024-12-26 15:56:00,69.3,59.03516649213518,69.34378438698077,68.49604380445604,1.029956488754948,0.05637234122653789,0.97358414752841
NCI,2024-09-19,2024-09-19 13:50:00,False,clean_breakout,previous_high_break_with_pullback_low_support_or_previous_resistance,2.9505,3.0775,2.9505,3.0775,1387.2,912.5799999999999,1.5200859102763595,1.0,0.0,0.0,1.0,2024-09-19 13:47:00,3.0375,3.013,140.0,763.9100000000001,0.0,2024-09-19 13:49:00,2.95,3.077,0.7843137254901936,0.028806584362139887,0.013168724279835403,3.0,54.34606011372867,1.6724999999999999,4.75,2024-09-19 15:29:00,17.14053614947197,0.5274999999999999,3.605,2024-09-19 14:12:00,True,10.0,False,,,2.820307706325187,3.0115558066308292,2.961764689451453,0.04709221739684866,0.019621879784287997,0.02747033761256066
RGC,2025-07-03,2025-07-03 10:42:00,False,clean_breakout,previous_high_break_with_pullback_low_support_or_previous_resistance,20.66,21.88,20.53,21.7,186531.0,117063.8,1.5934131644453708,0.7703703703703709,0.13333333333333333,0.09629629629629571,0.8666666666666667,2025-07-03 10:31:00,21.5,21.25,110320.0,113828.4,0.3521126760563376,2025-07-03 10:35:00,19.13,19.32,0.13868613138686214,0.11023255813953493,0.009302325581395316,11.0,29.03225806451613,6.300000000000001,28.0,2025-07-03 10:54:00,29.03225806451613,6.300000000000001,28.0,2025-07-03 10:54:00,True,4.0,False,,,17.815208327012158,20.510612212482453,19.82896325957806,0.9188435668763404,-0.09067828355060814,1.0095218504269485
RGTI,2024-12-10,2024-12-10 12:03:00,False,clean_breakout,previous_high_break_with_pullback_low_support_or_previous_resistance,6.05,6.19,6.04,6.1895,829432.0,559917.25,1.4813474669694495,0.9299999999999975,0.0033333333333373993,0.06666666666666508,0.9966666666666626,2024-12-10 11:59:00,6.15,6.105,847775.0,472827.75,0.40909090909090723,2024-12-10 12:01:00,6.0,6.0,0.0,0.02439024390243908,0.006422764227642182,4.0,30.70522659342435,1.9005,8.09,2024-12-10 19:21:00,9.944260441069552,0.6154999999999999,6.805,2024-12-10 12:30:00,False,,False,,,5.340733878300545,6.012421986378615,5.87898775085425,0.1369204822297192,0.03502107187358053,0.10189941035613867
RGTI,2024-12-10,2024-12-10 12:30:00,False,clean_breakout,previous_high_break_with_pullback_low_support_or_previous_resistance,6.585,6.805,6.58,6.76,1361344.0,850043.7,1.6014988405890191,0.7777777777777782,0.2,0.022222222222221782,0.8,2024-12-10 12:28:00,6.63,6.615,970670.0,865251.6,0.12571428571428406,2024-12-10 12:29:00,6.55,6.59,0.5,0.012066365007541489,0.019607843137254888,2.0,19.674556213017752,1.33,8.09,2024-12-10 19:21:00,0.14792899408283708,0.009999999999999787,6.77,2024-12-10 12:31:00,False,,True,2024-12-10 12:32:00,6.44,5.519255854478543,6.573503088974477,6.461818856244936,0.13767723931289577,0.008598542690591654,0.12907869662230412
RGTI,2024-12-10,2024-12-10 13:48:00,False,clean_breakout,previous_high_break_with_pullback_low_support_or_previous_resistance,6.765,6.89,6.75,6.8804,1033532.0,516507.35,2.0010015346345025,0.8242857142857174,0.06857142857142752,0.1071428571428551,0.9314285714285725,2024-12-10 13:45:00,6.81,6.7982,481095.0,487947.6,0.1966666666666685,2024-12-10 13:46:00,6.7,6.7199,0.19899999999999876,0.016152716593245145,0.01033773861967698,3.0,17.580373234114298,1.2096,8.09,2024-12-10 19:21:00,0.13952677169931735,0.009599999999999831,6.89,2024-12-10 13:49:00,False,,True,2024-12-10 13:52:00,6.66,5.7321706691387,6.759502290485842,6.686510499104461,0.08229101361072555,0.01089312837693314,0.07139788523379241
RZLV,2024-12-17,2024-12-17 11:15:00,False,clean_breakout,previous_high_break_with_pullback_low_support_or_previous_resistance,2.82,2.94,2.82,2.9299,283173.0,131623.7,2.1513830715896907,0.9158333333333334,0.08416666666666657,0.0,0.9158333333333334,2024-12-17 11:12:00,2.89,2.879,226516.0,94065.95,0.18363939899833168,2024-12-17 11:13:00,2.77,2.869,0.9900000000000011,0.041522491349481,0.013806228373702361,3.0,36.52343083381685,1.0701,4.0,2024-12-17 13:17:00,4.7441892214751435,0.13900000000000023,3.0689,2024-12-17 11:22:00,False,,True,2024-12-17 11:28:00,2.73,2.530948089988276,2.812545939068267,2.7425956031272287,0.0653519967095022,0.029175490694298978,0.036176506015203225
FRMM,2026-04-17,2026-04-17 13:29:00,False,clean_breakout,previous_high_break_with_pullback_low_support_or_previous_resistance,3.025,3.1,3.025,3.0907,12229.0,20159.25,0.6066197899227401,0.8759999999999991,0.12400000000000086,0.0,0.8759999999999991,2026-04-17 13:27:00,3.07,3.0601,10916.0,13402.7,0.8299999999999929,2026-04-17 13:28:00,3.01,3.02,0.20000000000000356,0.019543973941368097,0.00674267100977204,2.0,79.57097097744847,2.4593,5.55,2026-04-17 15:19:00,8.551460834115248,0.2643,3.355,2026-04-17 13:57:00,False,,False,,,2.9309775646012524,3.0378862829606628,2.9990882024579264,0.042323781970842855,0.006207620431971095,0.03611616153887176
FRMM,2026-04-17,2026-04-17 15:13:00,False,clean_breakout,previous_high_break_with_pullback_low_support_or_previous_resistance,4.53,4.89,4.5001,4.8884,911726.0,376014.05,2.424712587202526,0.9192100538599632,0.004103616311874388,0.07668632982816231,0.9958963836881256,2026-04-17 15:10:00,4.645,4.3601,555026.0,287603.1,0.2631578947368403,2026-04-17 15:11:00,4.25,4.33,0.3333333333333333,0.08503767491926795,0.05240043057050599,3.0,13.534080680795352,0.6616,5.55,2026-04-17 15:19:00,13.534080680795352,0.6616,5.55,2026-04-17 15:19:00,True,6.0,False,,,3.74987437839708,4.461905880107434,4.201577059585359,0.2790573747118099,0.04566539875822545,0.23339197595358446
KZIA,2024-07-10,2024-07-10 11:05:00,False,clean_breakout,previous_high_break_with_pullback_low_support_or_previous_resistance,29.565,37.5,29.55,37.5,81854.5,55293.58799999999,1.4803615203990743,0.9981132075471697,0.0,0.0018867924528302603,1.0,2024-07-10 10:59:00,32.5,30.5,93385.68,43004.484000000004,0.5882352941176473,2024-07-10 11:02:00,28.665,29.845,0.7023809523809523,0.11800000000000002,0.15384615384615385,6.0,44.0,16.5,54.0,2024-07-10 11:36:00,39.98666666666666,14.994999999999997,52.495,2024-07-10 11:35:00,True,6.0,False,,,21.92511523667576,30.848540780723468,28.046135807255922,2.949657233784837,0.5633363051147184,2.3863209286701186
PEPG,2025-02-27,2025-02-27 10:54:00,False,clean_breakout,previous_high_break_with_pullback_low_support_or_previous_resistance,1.8276,1.9,1.8276,1.8799,47534.0,7601.2,6.253486291638162,0.7223756906077348,0.27762430939226523,0.0,0.7223756906077348,2025-02-27 10:52:00,1.8396,1.8176,650.0,5430.8,0.8909090909090919,2025-02-27 10:53:00,1.79,1.81,0.4,0.026962383126766618,0.021906936290497937,2.0,64.90238842491624,1.2201000000000002,3.1,2025-02-27 17:29:00,3.7289217511569794,0.07010000000000005,1.95,2025-02-27 10:57:00,False,,False,,,1.6874034060228895,1.8138318547744825,1.780324066444257,0.037972686245566045,0.004452698763182397,0.03351998748238365
PEPG,2025-02-27,2025-02-27 12:30:00,False,clean_breakout,previous_high_break_with_pullback_low_support_or_previous_resistance,2.0101,2.07,2.0101,2.07,59702.0,11062.7,5.396693393113797,1.0,0.0,0.0,1.0,2025-02-27 12:28:00,2.05,2.0207,41196.0,8646.2,0.3906666666666635,2025-02-27 12:29:00,2.01,2.0193,0.26571428571428707,0.019512195121951237,0.009756097560975618,2.0,49.75845410628021,1.0300000000000002,3.1,2025-02-27 17:29:00,7.246376811594221,0.15000000000000036,2.22,2025-02-27 12:48:00,False,,True,2025-02-27 12:37:00,1.97,1.8531827293162064,2.0029086349231138,1.9799879379070102,0.024121530933262747,0.006714324362901161,0.017407206570361586
PEPG,2025-02-27,2025-02-27 12:34:00,False,clean_breakout,previous_high_break_with_pullback_low_support_or_previous_resistance,2.069,2.12,2.06,2.12,57256.0,23459.8,2.4406005166284452,0.8500000000000019,0.0,0.14999999999999816,1.0,2025-02-27 12:32:00,2.08,2.075,25988.0,15297.15,0.19999999999999646,2025-02-27 12:33:00,2.06,2.06,0.0,0.009615384615384623,0.019230769230769246,2.0,46.226415094339615,0.98,3.1,2025-02-27 17:29:00,8.490566037735835,0.17999999999999972,2.3,2025-02-27 13:03:00,False,,True,2025-02-27 12:37:00,1.97,1.8870604804486384,2.050576336864508,2.0132961330720196,0.037700672367221966,0.013417732803647511,0.024282939563574454
PEPG,2025-02-27,2025-02-27 15:58:00,False,clean_breakout,previous_high_break_with_pullback_low_support_or_previous_resistance,2.405,2.51,2.4,2.5001,447959.0,97312.35,4.603310885000722,0.8645454545454592,0.08999999999999625,0.04545454545454454,0.9100000000000038,2025-02-27 15:56:00,2.45,2.41,171304.0,77175.0,0.0,2025-02-27 15:57:00,2.4,2.405,0.25641025641024706,0.02040816326530623,0.020448979591836745,2.0,23.995040198392058,0.5998999999999999,3.1,2025-02-27 17:29:00,19.19523219071236,0.47989999999999977,2.98,2025-02-27 16:03:00,True,4.0,False,,,2.239771925000667,2.4088114326327394,2.3658230959617765,0.04045330508235567,0.014051914621503452,0.02640139046085222
QUBT,2024-12-16,2024-12-16 09:57:00,False,clean_breakout,previous_high_break_with_pullback_low_support_or_previous_resistance,7.6311,7.8,7.6311,7.8,281269.0,241890.15,1.1627964181261619,1.0,0.0,0.0,1.0,2024-12-16 09:55:00,7.77,7.675,270356.0,253379.65,0.29999999999999466,2024-12-16 09:56:00,7.64,7.64,0.0,0.016731016731016717,0.003861003861003893,2.0,57.43589743589743,4.4799999999999995,12.28,2024-12-16 13:27:00,5.641025641025646,0.4400000000000004,8.24,2024-12-16 10:27:00,False,,True,2024-12-16 10:13:00,7.63,7.306843999702187,7.631699663657143,7.506760463914142,0.14001117693709375,0.017274934495161487,0.12273624244193226
QUBT,2024-12-16,2024-12-16 10:31:00,False,clean_breakout,previous_high_break_with_pullback_low_support_or_previous_resistance,8.19,8.44,8.17,8.3399,424805.0,205971.6,2.062444531187795,0.5551851851851882,0.37074074074073915,0.07407407407407261,0.6292592592592609,2024-12-16 10:29:00,8.3,8.2999,187849.0,189492.3,0.001015228426411593,2024-12-16 10:30:00,8.17,8.174,0.03333333333332988,0.01566265060240973,0.0048072289156625755,2.0,47.24397175026078,3.9400999999999993,12.28,2024-12-16 13:27:00,4.557608604419724,0.38010000000000055,8.72,2024-12-16 11:01:00,False,,False,,,7.609074123569057,8.17391211440618,8.04624681856017,0.13902489127639317,0.0316528922393899,0.10737199903700327
QUBT,2024-12-16,2024-12-16 12:46:00,False,clean_breakout,previous_high_break_with_pullback_low_support_or_previous_resistance,10.18,10.42,10.1788,10.41,497616.0,445112.9,1.1179545683802918,0.9535655058043168,0.04145936981757803,0.004975124378105239,0.958540630182422,2024-12-16 12:42:00,10.35,10.1988,578424.0,387928.45,0.1309090909090933,2024-12-16 12:44:00,9.9,10.038,0.3209302325581395,0.04347826086956515,0.005797101449275411,4.0,17.963496637848213,1.8699999999999992,12.28,2024-12-16 13:27:00,5.0912584053794365,0.5299999999999994,10.94,2024-12-16 13:16:00,False,,True,2024-12-16 12:54:00,9.74,8.635459399885118,10.17142245638186,9.992920785254723,0.21000072053847774,0.010483527101595613,0.19951719343688212
INBS,2026-01-05,2026-01-05 12:29:00,False,clean_breakout,previous_high_break_with_pullback_low_support_or_previous_resistance,12.415,13.3,12.3901,13.135,225016.0,70721.1,3.1817378406161665,0.7912957467853614,0.18133860863831283,0.027365644576325752,0.8186613913616871,2026-01-05 12:23:00,12.82,12.581,144995.0,66097.7,0.41164934300843514,2026-01-05 12:28:00,12.08,12.39,0.7045454545454565,0.05772230889235571,0.024570982839313533,6.0,16.102017510468215,2.115,15.25,2026-01-05 13:12:00,13.894175866006861,1.825000000000001,14.96,2026-01-05 12:40:00,True,10.0,False,,,11.246514662503978,12.514801636418765,12.153961900649954,0.40312101558738256,0.06223237984551305,0.3408886357418695
PSNL,2024-07-19,2024-07-19 12:10:00,False,clean_breakout,previous_high_break_with_pullback_low_support_or_previous_resistance,2.97,3.03,2.96,3.01,54195.0,11089.4,4.8870993922123835,0.5714285714285668,0.28571428571428664,0.14285714285714649,0.7142857142857134,2024-07-19 11:50:00,3.0,2.9534,67633.0,14072.8,0.21244635193133,2024-07-19 11:53:00,2.91,2.92,0.4999999999999889,0.029999999999999954,0.0033333333333332624,20.0,50.16611295681063,1.5099999999999998,4.52,2024-07-19 13:56:00,8.305647840531561,0.25,3.26,2024-07-19 12:40:00,False,,False,,,2.801309786234469,2.966964681073656,2.9549310719570445,0.01545418210511329,-0.0001450852256200605,0.01559926733073335
PSNL,2024-07-19,2024-07-19 12:43:00,False,clean_breakout,previous_high_break_with_pullback_low_support_or_previous_resistance,3.2202,3.3099,3.2202,3.3099,49532.0,31174.05,1.5888856276293906,1.0,0.0,0.0,1.0,2024-07-19 12:41:00,3.2799,3.27,44457.0,27747.8,0.19839679358717452,2024-07-19 12:42:00,3.22,3.23,0.19999999999999646,0.018262751913168035,0.0091466203237903,2.0,36.56001691894014,1.2100999999999997,4.52,2024-07-19 13:56:00,7.5198646484788165,0.24890000000000034,3.5588,2024-07-19 13:13:00,False,,False,,,2.945398090380134,3.2249010260084914,3.176070260529701,0.053290346239627695,0.011567760043664888,0.04172258619596281
PSNL,2024-07-19,2024-07-19 12:49:00,False,clean_breakout,previous_high_break_with_pullback_low_support_or_previous_resistance,3.2513,3.316,3.25,3.315,40466.0,35122.85,1.1521274611826775,0.9651515151515155,0.01515151515151352,0.01969696969697094,0.9848484848484865,2024-07-19 12:44:00,3.31,3.3,64596.0,33584.2,0.2712328767123278,2024-07-19 12:46:00,3.24,3.2699,0.9966666666666596,0.021148036253776387,0.001510574018126856,5.0,36.34992458521869,1.2049999999999996,4.52,2024-07-19 13:56:00,11.309200603318258,0.37490000000000023,3.6899,2024-07-19 13:18:00,True,26.0,False,,,2.9704172399347457,3.264631014561971,3.2220252909901257,0.051978682901821394,0.0006158964971146874,0.051362786404706706
PSNL,2024-07-19,2024-07-19 12:50:00,False,clean_breakout,previous_high_break_with_pullback_low_support_or_previous_resistance,3.32,3.4,3.3,3.37,94075.0,37627.95,2.5001362019456286,0.5000000000000022,0.29999999999999777,0.2,0.7000000000000022,2024-07-19 12:44:00,3.31,3.3,64596.0,33584.2,0.2712328767123278,2024-07-19 12:46:00,3.24,3.2699,0.9966666666666596,0.021148036253776387,0.018126888217522674,6.0,34.12462908011868,1.1499999999999995,4.52,2024-07-19 13:56:00,9.492581602373889,0.3199000000000001,3.6899,2024-07-19 13:18:00,False,,False,,,2.9835729600949636,3.285704811649577,3.2361181204196376,0.057474730950947794,0.004127180158162602,0.05334755079278519
PSNL,2024-07-19,2024-07-19 13:13:00,False,clean_breakout,previous_high_break_with_pullback_low_support_or_previous_resistance,3.4588,3.5588,3.4588,3.5588,82805.0,48824.9,1.6959584146613715,1.0,0.0,0.0,1.0,2024-07-19 13:09:00,3.52,3.4908,63790.0,52740.85,0.3649999999999983,2024-07-19 13:12:00,3.45,3.455,0.24999999999999445,0.01988636363636359,0.011022727272727321,4.0,27.009104192424395,0.9611999999999994,4.52,2024-07-19 13:56:00,13.802405305159033,0.49119999999999964,4.05,2024-07-19 13:42:00,True,26.0,False,,,3.10960856288776,3.4667947631033176,3.4123827424607027,0.06198664373053653,0.010055021205638719,0.05193162252489781
PSNL,2024-07-19,2024-07-19 13:51:00,False,clean_breakout,previous_high_break_with_pullback_low_support_or_previous_resistance,4.1188,4.22,4.0999,4.215,303817.0,178554.7,1.7015345997613056,0.8009991673605306,0.04163197335553621,0.15736885928393324,0.9583680266444637,2024-07-19 13:49:00,4.19,4.14,213693.0,169152.25,0.17166666666666483,2024-07-19 13:50:00,4.03,4.12,0.7499999999999981,0.03818615751789979,0.00596658711217171,2.0,7.236061684460254,0.3049999999999997,4.52,2024-07-19 13:56:00,7.236061684460254,0.3049999999999997,4.52,2024-07-19 13:56:00,False,,True,2024-07-19 13:58:00,3.7609,3.552317753961268,4.091966168603543,3.9677271441215276,0.1397286974918579,0.0184404818026572,0.1212882156892007
TPET,2026-03-05,2026-03-05 12:53:00,False,clean_breakout,previous_high_break_with_pullback_low_support_or_previous_resistance,1.6517,1.69,1.64,1.685,650979.0,535025.95,1.2167241607626698,0.6660000000000016,0.09999999999999779,0.23400000000000068,0.9000000000000022,2026-03-05 12:49:00,1.67,1.655,885631.0,552996.7,0.21399999999999939,2026-03-05 12:52:00,1.64,1.6599,0.0,0.017964071856287442,0.008982035928143787,4.0,48.36795252225519,0.815,2.5,2026-03-05 14:13:00,12.759643916913937,0.21499999999999986,1.9,2026-03-05 13:18:00,True,8.0,False,,,1.3321389563060864,1.6438965568333053,1.6175846543103412,0.027868133245547932,0.0075500404807035786,0.020318092764844354
TPET,2026-03-05,2026-03-05 12:55:00,False,clean_breakout,previous_high_break_with_pullback_low_support_or_previous_resistance,1.68,1.735,1.672,1.73,1111759.0,569562.9,1.9519512243511647,0.7936507936507923,0.07936507936508098,0.12698412698412676,0.920634920634919,2026-03-05 12:53:00,1.69,1.685,650979.0,535025.95,0.09999999999999779,2026-03-05 12:54:00,1.64,1.68,0.8,0.029585798816568074,0.023668639053254458,2.0,44.50867052023121,0.77,2.5,2026-03-05 14:13:00,9.826589595375719,0.16999999999999993,1.9,2026-03-05 13:18:00,False,,False,,,1.337175159968887,1.6668937963733157,1.6336690707619796,0.034225262108810384,0.009338947465738871,0.024886314643071512
TPET,2026-03-05,2026-03-05 14:10:00,False,clean_breakout,previous_high_break_with_pullback_low_support_or_previous_resistance,2.29,2.39,2.27,2.3881,2630169.0,1603905.05,1.6398533067777297,0.8174999999999999,0.015833333333333425,0.16666666666666666,0.9841666666666665,2026-03-05 14:08:00,2.3,2.29,2064274.0,1533906.55,0.2079002079002043,2026-03-05 14:09:00,2.27,2.285,0.5000000000000074,0.013043478260869481,0.03830434782608708,2.0,4.685733428248393,0.11189999999999989,2.5,2026-03-05 14:13:00,4.685733428248393,0.11189999999999989,2.5,2026-03-05 14:13:00,False,,True,2026-03-05 14:13:00,2.26,1.5841535334900303,2.2623632826850018,2.1946643973002904,0.07824196404081141,0.0066897700655749875,0.07155219397523642
QUBT,2024-12-16,2024-12-16 09:57:00,False,clean_breakout,previous_high_break_with_pullback_low_support_or_previous_resistance,7.6311,7.8,7.6311,7.8,281269.0,241890.15,1.1627964181261619,1.0,0.0,0.0,1.0,2024-12-16 09:55:00,7.77,7.675,270356.0,253379.65,0.29999999999999466,2024-12-16 09:56:00,7.64,7.64,0.0,0.016731016731016717,0.003861003861003893,2.0,57.43589743589743,4.4799999999999995,12.28,2024-12-16 13:27:00,5.641025641025646,0.4400000000000004,8.24,2024-12-16 10:27:00,False,,True,2024-12-16 10:13:00,7.63,7.306843999702187,7.631699663657143,7.506760463914142,0.14001117693709375,0.017274934495161487,0.12273624244193226
QUBT,2024-12-16,2024-12-16 10:31:00,False,clean_breakout,previous_high_break_with_pullback_low_support_or_previous_resistance,8.19,8.44,8.17,8.3399,424805.0,205971.6,2.062444531187795,0.5551851851851882,0.37074074074073915,0.07407407407407261,0.6292592592592609,2024-12-16 10:29:00,8.3,8.2999,187849.0,189492.3,0.001015228426411593,2024-12-16 10:30:00,8.17,8.174,0.03333333333332988,0.01566265060240973,0.0048072289156625755,2.0,47.24397175026078,3.9400999999999993,12.28,2024-12-16 13:27:00,4.557608604419724,0.38010000000000055,8.72,2024-12-16 11:01:00,False,,False,,,7.609074123569057,8.17391211440618,8.04624681856017,0.13902489127639317,0.0316528922393899,0.10737199903700327
QUBT,2024-12-16,2024-12-16 12:46:00,False,clean_breakout,previous_high_break_with_pullback_low_support_or_previous_resistance,10.18,10.42,10.1788,10.41,497616.0,445112.9,1.1179545683802918,0.9535655058043168,0.04145936981757803,0.004975124378105239,0.958540630182422,2024-12-16 12:42:00,10.35,10.1988,578424.0,387928.45,0.1309090909090933,2024-12-16 12:44:00,9.9,10.038,0.3209302325581395,0.04347826086956515,0.005797101449275411,4.0,17.963496637848213,1.8699999999999992,12.28,2024-12-16 13:27:00,5.0912584053794365,0.5299999999999994,10.94,2024-12-16 13:16:00,False,,True,2024-12-16 12:54:00,9.74,8.635459399885118,10.17142245638186,9.992920785254723,0.21000072053847774,0.010483527101595613,0.19951719343688212
QUBT,2024-12-16,2024-12-16 09:57:00,False,clean_breakout,previous_high_break_with_pullback_low_support_or_previous_resistance,7.6311,7.8,7.6311,7.8,281269.0,241890.15,1.1627964181261619,1.0,0.0,0.0,1.0,2024-12-16 09:55:00,7.77,7.675,270356.0,253379.65,0.29999999999999466,2024-12-16 09:56:00,7.64,7.64,0.0,0.016731016731016717,0.003861003861003893,2.0,57.43589743589743,4.4799999999999995,12.28,2024-12-16 13:27:00,5.641025641025646,0.4400000000000004,8.24,2024-12-16 10:27:00,False,,True,2024-12-16 10:13:00,7.63,7.306843999702187,7.631699663657143,7.506760463914142,0.14001117693709375,0.017274934495161487,0.12273624244193226
QUBT,2024-12-16,2024-12-16 10:31:00,False,clean_breakout,previous_high_break_with_pullback_low_support_or_previous_resistance,8.19,8.44,8.17,8.3399,424805.0,205971.6,2.062444531187795,0.5551851851851882,0.37074074074073915,0.07407407407407261,0.6292592592592609,2024-12-16 10:29:00,8.3,8.2999,187849.0,189492.3,0.001015228426411593,2024-12-16 10:30:00,8.17,8.174,0.03333333333332988,0.01566265060240973,0.0048072289156625755,2.0,47.24397175026078,3.9400999999999993,12.28,2024-12-16 13:27:00,4.557608604419724,0.38010000000000055,8.72,2024-12-16 11:01:00,False,,False,,,7.609074123569057,8.17391211440618,8.04624681856017,0.13902489127639317,0.0316528922393899,0.10737199903700327
QUBT,2024-12-16,2024-12-16 12:46:00,False,clean_breakout,previous_high_break_with_pullback_low_support_or_previous_resistance,10.18,10.42,10.1788,10.41,497616.0,445112.9,1.1179545683802918,0.9535655058043168,0.04145936981757803,0.004975124378105239,0.958540630182422,2024-12-16 12:42:00,10.35,10.1988,578424.0,387928.45,0.1309090909090933,2024-12-16 12:44:00,9.9,10.038,0.3209302325581395,0.04347826086956515,0.005797101449275411,4.0,17.963496637848213,1.8699999999999992,12.28,2024-12-16 13:27:00,5.0912584053794365,0.5299999999999994,10.94,2024-12-16 13:16:00,False,,True,2024-12-16 12:54:00,9.74,8.635459399885118,10.17142245638186,9.992920785254723,0.21000072053847774,0.010483527101595613,0.19951719343688212
LTBR,2024-10-18,2024-10-18 14:23:00,False,clean_breakout,previous_high_break_with_pullback_low_support_or_previous_resistance,6.629,7.11,6.6,7.0001,161206.0,62528.35,2.5781265617915716,0.7276470588235289,0.21549019607843217,0.05686274509803897,0.7845098039215679,2024-10-18 14:21:00,6.6,6.5691,86639.0,58316.4,0.11035714285714285,2024-10-18 14:22:00,6.476,6.6358,0.6396551724137914,0.01878787878787874,0.060621212121212145,2.0,13.569806145626497,0.9499000000000004,7.95,2024-10-18 19:55:00,2.7128183883087473,0.18990000000000062,7.19,2024-10-18 14:24:00,False,,True,2024-10-18 14:47:00,6.38,5.720319764335456,6.520746313053598,6.33896739194317,0.18152990835842076,0.06692780004895134,0.11460210830946942
RGC,2025-07-03,2025-07-03 10:42:00,False,clean_breakout,previous_high_break_with_pullback_low_support_or_previous_resistance,20.66,21.88,20.53,21.7,186531.0,117063.8,1.5934131644453708,0.7703703703703709,0.13333333333333333,0.09629629629629571,0.8666666666666667,2025-07-03 10:31:00,21.5,21.25,110320.0,113828.4,0.3521126760563376,2025-07-03 10:35:00,19.13,19.32,0.13868613138686214,0.11023255813953493,0.009302325581395316,11.0,29.03225806451613,6.300000000000001,28.0,2025-07-03 10:54:00,29.03225806451613,6.300000000000001,28.0,2025-07-03 10:54:00,True,4.0,False,,,17.815208327012158,20.510612212482453,19.82896325957806,0.9188435668763404,-0.09067828355060814,1.0095218504269485
PSTV,2025-03-06,2025-03-06 14:48:00,False,clean_breakout,previous_high_break_with_pullback_low_support_or_previous_resistance,24.0,26.75,24.0,25.25,79718.68,41873.39599999999,1.9038025958056999,0.45454545454545453,0.5454545454545454,0.0,0.45454545454545453,2025-03-06 14:39:00,24.975,23.705,49634.8,38480.88799999999,0.7191176470588224,2025-03-06 14:40:00,23.05,23.805,0.5458333333333316,0.0770770770770771,0.011011011011010954,9.0,157.42574257425744,39.75,65.0,2025-03-06 16:58:00,29.7029702970297,7.5,32.75,2025-03-06 15:18:00,True,26.0,True,2025-03-06 14:59:00,22.5775,16.637045208860833,24.21748387770827,23.390330731121903,1.014277395443532,0.013057295802576085,1.001220099640956
PSTV,2025-03-06,2025-03-06 14:49:00,False,clean_breakout,previous_high_break_with_pullback_low_support_or_previous_resistance,25.275,27.25,25.0,26.42,64287.56,42475.768,1.5135114213826575,0.5088888888888903,0.36888888888888816,0.1222222222222216,0.6311111111111118,2025-03-06 14:39:00,24.975,23.705,49634.8,38480.88799999999,0.7191176470588224,2025-03-06 14:40:00,23.05,23.805,0.5458333333333316,0.0770770770770771,0.05785785785785787,10.0,146.0257380772142,38.58,65.0,2025-03-06 16:58:00,26.797880393641172,7.079999999999998,33.5,2025-03-06 15:19:00,True,28.0,True,2025-03-06 14:59:00,22.5775,16.696081036452565,24.657987102166615,23.678870661491246,1.133283205670164,0.1021066090313707,1.0311765966387934
SCWO,2025-10-23,2025-10-23 10:34:00,False,clean_breakout,previous_high_break_with_pullback_low_support_or_previous_resistance,4.066,4.155,4.066,4.154,5688.5,1260.375,4.513339283943271,0.9887640449438165,0.011235955056183475,0.0,0.9887640449438165,2025-10-23 10:32:00,4.1,4.092,2002.2,900.0899999999999,0.8749999999999584,2025-10-23 10:33:00,4.081,4.094,0.7647058823529597,0.00463414634146323,0.01317073170731714,2.0,39.62445835339432,1.646,5.8,2025-10-23 14:46:00,2.3110255175734253,0.09600000000000009,4.25,2025-10-23 10:37:00,False,,True,2025-10-23 10:42:00,4.066,3.894042811783309,4.0578282069524665,4.008532651012586,0.04632724959961543,0.02226004627440885,0.02406720332520658
SCWO,2025-10-23,2025-10-23 12:06:00,False,clean_breakout,previous_high_break_with_pullback_low_support_or_previous_resistance,4.117,4.178,4.117,4.149,1133.2,860.9649999999999,1.3161975225473743,0.5245901639344271,0.4754098360655728,0.0,0.5245901639344271,2025-10-23 12:03:00,4.133,4.133,1320.0,845.265,0.0,2025-10-23 12:04:00,4.101,4.101,0.0,0.0077425598838616085,0.0038712799419308042,3.0,39.79272113762352,1.6509999999999998,5.8,2025-10-23 14:46:00,3.15738732224633,0.13100000000000023,4.28,2025-10-23 12:20:00,False,,False,,,3.9699333845488227,4.115220929614461,4.096979990412706,0.018474074939046403,0.003963907762430489,0.014510167176615914
SCWO,2025-10-23,2025-10-23 14:02:00,False,clean_breakout,previous_high_break_with_pullback_low_support_or_previous_resistance,4.425,4.674,4.406,4.651,12923.9,2322.41,5.564865807501691,0.84328358208955,0.08582089552238999,0.07089552238806,0.91417910447761,2025-10-23 14:00:00,4.444,4.443,2566.0,1492.895,0.020408163265312782,2025-10-23 14:01:00,4.4,4.432,0.031249999999982653,0.00990099009900981,0.04657965796579654,2.0,24.704364652762848,1.149,5.8,2025-10-23 14:46:00,11.803913136959803,0.5490000000000004,5.2,2025-10-23 14:23:00,True,21.0,True,2025-10-23 14:07:00,4.126,4.090085172393232,4.431841457021698,4.35751956824688,0.07029286049074113,0.026166258861821563,0.044126601628919564
ANRO,2025-10-03,2025-10-03 12:10:00,False,clean_breakout,previous_high_break_with_pullback_low_support_or_previous_resistance,6.7499,6.99,6.7499,6.88,217212.0,49195.95,4.4152414985379895,0.5418575593502694,0.45814244064973064,0.0,0.5418575593502694,2025-10-03 12:08:00,6.75,6.7176,63866.0,48049.45,0.46285714285714075,2025-10-03 12:09:00,6.69,6.7482,0.4999999999999926,0.008888888888888832,0.019259259259259243,2.0,22.96511627906978,1.580000000000001,8.46,2025-10-03 15:06:00,2.469476744186049,0.16990000000000016,7.0499,2025-10-03 12:27:00,False,,True,2025-10-03 12:40:00,6.62,6.323103923916981,6.713270311694713,6.652166506739619,0.06213688699037068,0.019268562686913057,0.04286832430345762
SBET,2025-05-29,2025-05-29 13:47:00,False,clean_breakout,previous_high_break_with_pullback_low_support_or_previous_resistance,54.33,55.8,54.0,55.28,52189.0,47705.45,1.0939840206936524,0.5277777777777802,0.28888888888888714,0.18333333333333268,0.7111111111111129,2025-05-29 13:44:00,54.74,54.2,56252.0,45463.7,0.033613445378150406,2025-05-29 13:45:00,53.5,54.05,0.624999999999995,0.022652539276580234,0.009864815491413942,3.0,93.25253256150505,51.55,106.83,2025-05-29 16:17:00,9.442836468885671,5.219999999999999,60.5,2025-05-29 13:54:00,False,,False,,,43.971015784127864,53.983643266443906,52.72772038223666,1.5027871642882928,0.03391409250164967,1.4688730717866432
HYPD,2025-06-24,2025-06-24 11:15:00,False,clean_breakout,previous_high_break_with_pullback_low_support_or_previous_resistance,9.275,9.68,9.21,9.5576,342105.0,253246.6,1.350876971299911,0.6012765957446832,0.26042553191489204,0.13829787234042482,0.739574468085108,2025-06-24 11:09:00,9.48,9.4294,451743.0,224383.85,0.12050488211479178,2025-06-24 11:13:00,9.0501,9.3366,0.39375568354046414,0.045348101265822775,0.008185654008438854,6.0,12.475935381267254,1.1923999999999992,10.75,2025-06-24 11:22:00,12.475935381267254,1.1923999999999992,10.75,2025-06-24 11:22:00,True,7.0,False,,,8.175278716762419,9.259847077159876,8.99222496460728,0.3338186647802388,0.006493887551455468,0.32732477722878334
HYPD,2025-06-24,2025-06-24 11:19:00,False,clean_breakout,previous_high_break_with_pullback_low_support_or_previous_resistance,9.5799,9.99,9.5799,9.8664,393699.0,275378.35,1.4296657671164057,0.698610095098757,0.30138990490124296,0.0,0.698610095098757,2025-06-24 11:16:00,9.84,9.5957,461155.0,274038.45,0.6979999999999981,2025-06-24 11:18:00,9.52,9.57,0.31250000000000416,0.032520325203252064,0.0026829268292683584,3.0,8.955647449931075,0.8835999999999995,10.75,2025-06-24 11:22:00,8.955647449931075,0.8835999999999995,10.75,2025-06-24 11:22:00,False,,True,2025-06-24 11:28:00,9.46,8.313635310286614,9.507433042804687,9.21443566730213,0.35624700063960013,0.015471345371876832,0.3407756552677233
QMCO,2024-12-18,2024-12-18 09:49:00,False,clean_breakout,previous_high_break_with_pullback_low_support_or_previous_resistance,24.98,26.0,24.78,25.95,35056.0,26977.25,1.2994652901982227,0.7950819672131145,0.04098360655737767,0.16393442622950777,0.9590163934426224,2024-12-18 09:47:00,25.5,25.4,39647.0,23366.75,0.1298701298701318,2024-12-18 09:48:00,24.55,24.78,0.24210526315789538,0.037254901960784285,0.017647058823529384,2.0,151.4450867052023,39.3,65.25,2024-12-18 16:32:00,9.441233140655104,2.4499999999999993,28.4,2024-12-18 10:14:00,False,,False,,,23.49220913597272,24.670816227859895,23.951661358475445,0.6831692346922615,0.24591857132290101,0.4372506633693605
QMCO,2024-12-18,2024-12-18 11:21:00,False,clean_breakout,previous_high_break_with_pullback_low_support_or_previous_resistance,29.0,30.0,28.98,29.99,73092.0,16184.45,4.516186833658233,0.9705882352941165,0.009803921568628988,0.019607843137254492,0.990196078431371,2024-12-18 11:18:00,29.0,28.6,17204.0,13063.9,0.6250000000000009,2024-12-18 11:19:00,28.18,28.5,0.5423728813559329,0.028275862068965527,0.034137931034482705,3.0,117.57252417472492,35.260000000000005,65.25,2024-12-18 16:32:00,23.941313771257096,7.180000000000003,37.17,2024-12-18 11:45:00,True,12.0,False,,,25.739331003036597,28.843544281522814,28.313415363077976,0.599822819378879,0.0604865153899099,0.5393363039889691
QMCO,2024-12-18,2024-12-18 11:33:00,False,clean_breakout,previous_high_break_with_pullback_low_support_or_previous_resistance,31.45,33.34,31.45,33.2,69616.0,27201.65,2.5592565156893055,0.9259259259259258,0.07407407407407421,0.0,0.9259259259259258,2024-12-18 11:28:00,31.75,31.51,45865.0,24290.45,0.44444444444444225,2024-12-18 11:30:00,31.07,31.21,0.2641509433962269,0.02141732283464566,0.04566929133858277,5.0,96.53614457831323,32.05,65.25,2024-12-18 16:32:00,28.012048192771072,9.299999999999997,42.5,2024-12-18 12:00:00,True,11.0,False,,,26.53043997494374,31.46430053227182,30.49442843198001,1.0954258039808273,0.1041427129242789,0.9912830910565484
QMCO,2024-12-18,2024-12-18 11:39:00,False,clean_breakout,previous_high_break_with_pullback_low_support_or_previous_resistance,32.91,33.9,32.6,33.9,41481.0,33156.5,1.2510669099573235,0.7615384615384647,0.0,0.23846153846153526,1.0,2024-12-18 11:35:00,33.5,32.5,55926.0,30303.35,0.4098360655737709,2024-12-18 11:36:00,32.2,32.68,0.3896103896103879,0.038805970149253646,0.011940298507462643,4.0,92.4778761061947,31.35,65.25,2024-12-18 16:32:00,25.368731563421836,8.600000000000001,42.5,2024-12-18 12:00:00,True,14.0,False,,,26.95268822499795,32.722272958731864,31.66968090598324,1.2264823739433481,0.09803632316198652,1.1284460507813616
QMCO,2024-12-18,2024-12-18 11:44:00,False,clean_breakout,previous_high_break_with_pullback_low_support_or_previous_resistance,34.5,36.7,34.23,36.21,80585.0,39974.25,2.015922750270487,0.692307692307691,0.19838056680161975,0.10931174089068926,0.8016194331983802,2024-12-18 11:41:00,35.53,35.31,77945.0,36088.6,0.18032786885245825,2024-12-18 11:43:00,33.3,34.45,0.22500000000000206,0.06276386152547155,0.019138755980861236,3.0,80.19884009942004,29.04,65.25,2024-12-18 16:32:00,17.37089201877934,6.289999999999999,42.5,2024-12-18 12:00:00,True,15.0,False,,,27.771907453912164,34.22945840311726,32.93579587811961,1.4723313545110557,0.17165933469663375,1.300672019814422
QMCO,2024-12-18,2024-12-18 11:53:00,False,clean_breakout,previous_high_break_with_pullback_low_support_or_previous_resistance,35.63,38.09,35.44,37.98,108312.0,50756.3,2.133961695395448,0.8867924528301846,0.04150943396226653,0.07169811320754883,0.9584905660377335,2024-12-18 11:45:00,37.17,36.34,64926.0,41205.3,0.6102941176470579,2024-12-18 11:49:00,33.33,33.6,0.3417721518987385,0.1033091202582729,0.02179176755447929,8.0,71.80094786729859,27.270000000000003,65.25,2024-12-18 16:32:00,17.03528172722487,6.470000000000006,44.45,2024-12-18 12:22:00,True,7.0,False,,,28.806964742074985,35.406253508416924,34.397367687425806,1.2575648764148397,-0.05262227831586541,1.3101871547307051
RKDA,2025-10-08,2025-10-08 14:01:00,False,clean_breakout,previous_high_break_with_pullback_low_support_or_previous_resistance,5.14,5.46,5.14,5.45,137898.0,52240.55,2.6396735868975343,0.9687500000000007,0.031249999999999306,0.0,0.9687500000000007,2025-10-08 13:58:00,5.29,5.175,95877.0,48034.0,0.5,2025-10-08 14:00:00,5.0,5.16,0.26315789473684065,0.054820415879017016,0.03024574669187148,3.0,23.119266055045866,1.2599999999999998,6.71,2025-10-08 14:14:00,23.119266055045866,1.2599999999999998,6.71,2025-10-08 14:14:00,True,7.0,False,,,4.8211842667563065,5.097231896273135,4.917470432724004,0.20038871771112543,0.04319584833264034,0.1571928693784851
RADX,2025-03-03,2025-03-03 11:48:00,False,clean_breakout,previous_high_break_with_pullback_low_support_or_previous_resistance,9.44,10.48,9.3,10.48,125847.0,121771.35,1.0334696954579217,0.8813559322033908,0.0,0.11864406779660917,1.0,2025-03-03 11:42:00,10.27,10.04,211283.0,101817.0,0.4035087719298251,2025-03-03 11:45:00,9.3,9.68,0.4999999999999985,0.09444985394352472,0.020447906523855974,6.0,4.961832061068698,0.5199999999999996,11.0,2025-03-03 11:50:00,4.961832061068698,0.5199999999999996,11.0,2025-03-03 11:50:00,False,,True,2025-03-03 12:03:00,8.4,8.791558835870115,9.729387181382739,9.198700499374135,0.6675720520044468,-0.036570182570557996,0.7041422345750048
RZLV,2024-12-17,2024-12-17 11:15:00,False,clean_breakout,previous_high_break_with_pullback_low_support_or_previous_resistance,2.82,2.94,2.82,2.9299,283173.0,131623.7,2.1513830715896907,0.9158333333333334,0.08416666666666657,0.0,0.9158333333333334,2024-12-17 11:12:00,2.89,2.879,226516.0,94065.95,0.18363939899833168,2024-12-17 11:13:00,2.77,2.869,0.9900000000000011,0.041522491349481,0.013806228373702361,3.0,36.52343083381685,1.0701,4.0,2024-12-17 13:17:00,4.7441892214751435,0.13900000000000023,3.0689,2024-12-17 11:22:00,False,,True,2024-12-17 11:28:00,2.73,2.530948089988276,2.812545939068267,2.7425956031272287,0.0653519967095022,0.029175490694298978,0.036176506015203225
QNTM,2026-03-24,2026-03-24 13:39:00,False,clean_breakout,previous_high_break_with_pullback_low_support_or_previous_resistance,4.04,4.2,4.04,4.14,21660.0,5252.5,4.1237505949547835,0.6249999999999972,0.3750000000000028,0.0,0.6249999999999972,2026-03-24 13:34:00,4.11,4.06,5730.0,3833.7,0.0,2026-03-24 13:36:00,3.97,4.03,0.5454545454545465,0.03406326034063263,0.007299270072992544,5.0,25.120772946859905,1.04,5.18,2026-03-24 19:01:00,10.386473429951707,0.4300000000000006,4.57,2026-03-24 14:08:00,True,29.0,False,,,3.6986428085565892,4.05641266399593,4.020156274965907,0.03726022477172819,0.011510831657755339,0.02574939311397285
QNTM,2026-03-24,2026-03-24 15:47:00,False,clean_breakout,previous_high_break_with_pullback_low_support_or_previous_resistance,4.71,4.83,4.71,4.79,22501.0,5949.75,3.781839573091306,0.6666666666666666,0.3333333333333333,0.0,0.6666666666666666,2026-03-24 15:45:00,4.75,4.74,24146.0,4046.3,0.0909090909090887,2026-03-24 15:46:00,4.63,4.75,0.833333333333337,0.025263157894736866,0.008421052631578954,2.0,8.141962421711893,0.3899999999999997,5.18,2026-03-24 19:01:00,0.2087682672233776,0.009999999999999787,4.8,2026-03-24 15:48:00,False,,True,2026-03-24 15:51:00,4.6,4.1220726769174805,4.693296567077301,4.641214849801957,0.04801924839399696,0.021489153467982268,0.026530094926014693
NMG,2025-10-13,2025-10-13 13:29:00,False,clean_breakout,previous_high_break_with_pullback_low_support_or_previous_resistance,4.265,4.35,4.265,4.35,33222.0,6599.3,5.034170290788417,1.0,0.0,0.0,1.0,2025-10-13 13:27:00,4.3,4.3,3952.0,5252.95,0.0,2025-10-13 13:28:00,4.26,4.275,0.4999999999999778,0.009302325581395357,0.011627906976744146,2.0,83.90804597701151,3.6500000000000004,8.0,2025-10-13 19:05:00,9.195402298850585,0.40000000000000036,4.75,2025-10-13 13:41:00,False,,False,,,3.8678382430818927,4.282338505073427,4.256041298654273,0.028479607860612433,0.00863259208909781,0.019847015771514622
NMG,2025-10-13,2025-10-13 13:31:00,False,clean_breakout,previous_high_break_with_pullback_low_support_or_previous_resistance,4.331,4.4,4.311,4.3937,22130.0,7450.6,2.9702305854562048,0.7044943820224634,0.07078651685393693,0.22471910112359966,0.9292134831460631,2025-10-13 13:29:00,4.35,4.35,33222.0,6599.3,0.0,2025-10-13 13:30:00,4.32,4.35,0.7499999999999833,0.006896551724137784,0.01004597701149432,2.0,82.07888567721966,3.6063,8.0,2025-10-13 19:05:00,8.109338370849171,0.35630000000000006,4.75,2025-10-13 13:41:00,False,,False,,,3.8765172788048483,4.3154366432469935,4.27724786579182,0.038767797714704066,0.013948783553734499,0.024819014160969568
RYOJ,2026-05-22,2026-05-22 11:56:00,False,clean_breakout,previous_high_break_with_pullback_low_support_or_previous_resistance,3.02,3.22,3.0001,3.19,72457.0,30120.35,2.405582936453262,0.7730786721236923,0.13642564802182924,0.09049567985447844,0.8635743519781708,2026-05-22 11:54:00,3.12,3.04,55603.0,26505.5,0.2167871039466379,2026-05-22 11:55:00,3.01,3.0323,0.5575000000000103,0.03525641025641036,0.022435897435897384,2.0,153.91849529780566,4.91,8.1,2026-05-22 12:40:00,152.0376175548589,4.85,8.04,2026-05-22 12:22:00,True,1.0,False,,,2.7969293586586734,3.0413050392012355,2.9700769119772006,0.07347990901933077,0.017095365432085508,0.05638454358724526
RYOJ,2026-05-22,2026-05-22 11:57:00,False,clean_breakout,previous_high_break_with_pullback_low_support_or_previous_resistance,3.2,3.72,3.11,3.68,304634.0,44702.15,6.814750520948097,0.7868852459016389,0.0655737704918033,0.1475409836065578,0.9344262295081966,2026-05-22 11:54:00,3.12,3.04,55603.0,26505.5,0.2167871039466379,2026-05-22 11:56:00,3.0001,3.19,0.09049567985447844,0.038429487179487146,0.1794871794871795,3.0,120.1086956521739,4.42,8.1,2026-05-22 12:40:00,118.47826086956519,4.359999999999999,8.04,2026-05-22 12:22:00,True,3.0,False,,,2.833417490467692,3.169044031360989,3.0376886346460386,0.12085320083296525,0.05241029778377834,0.0684429030491869
NUAI,2025-10-09,2025-10-09 09:50:00,False,clean_breakout,previous_high_break_with_pullback_low_support_or_previous_resistance,1.6131,1.65,1.6131,1.6489,126730.0,37495.9,3.379836195424033,0.9701897018970222,0.029810298102977802,0.0,0.9701897018970222,2025-10-09 09:48:00,1.61,1.61,19673.0,34145.0,0.0,2025-10-09 09:49:00,1.61,1.62,0.0,0.0,0.024161490683229772,2.0,92.85584328946571,1.5311000000000001,3.18,2025-10-09 14:05:00,15.228334040875726,0.2510999999999999,1.9,2025-10-09 10:19:00,True,18.0,False,,,1.5952306938730105,1.6080615402329228,1.596659922542008,0.011165808288657875,0.0032780831441051803,0.007887725144552694
NUAI,2025-10-09,2025-10-09 10:54:00,False,clean_breakout,previous_high_break_with_pullback_low_support_or_previous_resistance,2.0112,2.09,2.0,2.075,982057.0,234087.7,4.195252463072601,0.7088888888888909,0.16666666666666338,0.12444444444444573,0.8333333333333366,2025-10-09 10:52:00,1.99,1.985,131012.0,179144.45,0.06500000000000389,2025-10-09 10:53:00,1.98,2.01,0.0,0.005025125628140708,0.042713567839196075,2.0,53.25301204819276,1.105,3.18,2025-10-09 14:05:00,1.2048192771084292,0.02499999999999991,2.1,2025-10-09 10:55:00,False,,True,2025-10-09 11:02:00,1.97,1.8435062047509296,1.9901361262514328,1.950710261012561,0.041981605093240004,0.009159833738788176,0.03282177135445183
NUAI,2025-10-09,2025-10-09 11:55:00,False,clean_breakout,previous_high_break_with_pullback_low_support_or_previous_resistance,2.18,2.25,2.18,2.2399,526648.0,237493.25,2.21752828764607,0.8557142857142854,0.14428571428571457,0.0,0.8557142857142854,2025-10-09 11:51:00,2.2,2.1892,295103.0,211890.1,0.16666666666667654,2025-10-09 11:54:00,2.17,2.185,0.17500000000001387,0.013636363636363748,0.018136363636363555,4.0,41.97062368855754,0.9401000000000002,3.18,2025-10-09 14:05:00,10.272780034822992,0.2301000000000002,2.47,2025-10-09 12:24:00,True,29.0,False,,,1.9486992719100664,2.1864133608600693,2.1482521644888495,0.04449277076717184,0.0020472342432234086,0.04244553652394843
NUAI,2025-10-09,2025-10-09 12:02:00,False,clean_breakout,previous_high_break_with_pullback_low_support_or_previous_resistance,2.2812,2.34,2.27,2.3285,557569.0,336500.8,1.6569618853803616,0.6757142857142858,0.16428571428571243,0.16000000000000178,0.8357142857142875,2025-10-09 11:59:00,2.3,2.2801,655992.0,306061.15,0.6633333333333312,2025-10-09 12:01:00,2.25,2.29,0.22999999999999668,0.021739130434782532,0.012391304347826171,3.0,36.5686063989693,0.8515000000000001,3.18,2025-10-09 14:05:00,14.236633025552937,0.33150000000000013,2.66,2025-10-09 12:28:00,True,26.0,True,2025-10-09 12:14:00,2.22,1.9825548984051338,2.2612917376554424,2.2117540518289056,0.05610398785682147,0.007282467742844488,0.04882152011397698
NUAI,2025-10-09,2025-10-09 12:08:00,False,clean_breakout,previous_high_break_with_pullback_low_support_or_previous_resistance,2.2801,2.355,2.28,2.35,487061.0,338007.4,1.4409773277153102,0.9319999999999987,0.06666666666666508,0.001333333333336144,0.9333333333333349,2025-10-09 12:02:00,2.34,2.3285,557569.0,336500.8,0.16428571428571243,2025-10-09 12:05:00,2.26,2.2989,0.5500000000000056,0.03418803418803422,0.004273504273504373,6.0,35.319148936170215,0.8300000000000001,3.18,2025-10-09 14:05:00,13.19148936170213,0.31000000000000005,2.66,2025-10-09 12:28:00,True,20.0,True,2025-10-09 12:14:00,2.22,2.0023446182937055,2.294956758875949,2.2530218946780924,0.051885583330408824,-0.00048540614062390214,0.052370989471032726
DFLI,2025-10-03,2025-10-03 12:41:00,False,clean_breakout,previous_high_break_with_pullback_low_support_or_previous_resistance,20.35,21.4,20.3,21.188,237344.4,111981.96500000004,2.119487722866802,0.761818181818181,0.19272727272727286,0.04545454545454619,0.8072727272727271,2025-10-03 12:38:00,20.9,20.613,120383.7,97571.90499999998,0.0024999999999941822,2025-10-03 12:39:00,20.2,20.399,0.39800000000000324,0.033492822966507144,0.013779904306220109,3.0,7.608080045308673,1.6120000000000019,22.8,2025-10-03 12:51:00,7.608080045308673,1.6120000000000019,22.8,2025-10-03 12:51:00,False,,True,2025-10-03 12:51:00,20.1,16.303085218192862,20.335708310247494,19.746302428151566,0.6183096733883673,0.14284075584497424,0.47546891754339304
PHIO,2025-01-16,2025-01-16 11:22:00,False,clean_breakout,previous_high_break_with_pullback_low_support_or_previous_resistance,3.375,3.77,3.3633,3.75,546948.0,122709.05,4.457275156151889,0.9220555692156385,0.049176297024834094,0.02876813375952748,0.9508237029751659,2025-01-16 11:16:00,3.49,3.4243,185862.0,57406.15,0.2857142857142857,2025-01-16 11:19:00,3.2356,3.26,0.14841849148418468,0.07289398280802303,0.07449856733524349,6.0,20.800000000000008,0.7800000000000002,4.53,2025-01-16 11:53:00,18.933333333333334,0.71,4.46,2025-01-16 11:52:00,True,19.0,False,,,3.1608076317053126,3.3976664560558554,3.237783243527923,0.17622227858028205,0.020175513131805295,0.15604676544847676
RZLV,2024-09-25,2024-09-25 13:27:00,False,clean_breakout,previous_high_break_with_pullback_low_support_or_previous_resistance,7.1,7.3,7.1,7.3,8704.0,1628.5,5.344795824378262,1.0,0.0,0.0,1.0,2024-09-25 13:25:00,7.2,7.19,6915.0,1579.45,0.03448275862068892,2024-09-25 13:26:00,7.1,7.17,0.5714285714285696,0.013888888888888963,0.01388888888888884,2.0,11.232876712328759,0.8199999999999994,8.12,2024-09-25 14:05:00,8.219178082191789,0.6000000000000005,7.9,2024-09-25 13:57:00,False,,True,2024-09-25 13:28:00,7.05,6.740179907785934,7.070894332239859,6.979334683047556,0.0841417127984041,0.036721507503610695,0.047420205294793405
QMCO,2024-12-26,2024-12-26 09:49:00,False,clean_breakout,previous_high_break_with_pullback_low_support_or_previous_resistance,48.0,49.37,47.94,49.17,28675.0,9140.25,3.137222723667296,0.8181818181818196,0.1398601398601369,0.041958041958043556,0.8601398601398631,2024-12-26 09:46:00,48.5,48.23,18025.0,7112.0,0.40909090909091594,2024-12-26 09:48:00,47.81,48.2,0.8974358974358816,0.014226804123711294,0.013814432989690756,3.0,61.663616026032116,30.319999999999993,79.49,2024-12-26 19:30:00,8.704494610534882,4.280000000000001,53.45,2024-12-26 09:58:00,False,,False,,,46.74396086649204,47.87145324427343,46.85826868524047,1.0678872879578165,0.19855053826895197,0.8693367496888645
QMCO,2024-12-26,2024-12-26 09:56:00,False,clean_breakout,previous_high_break_with_pullback_low_support_or_previous_resistance,49.04,50.88,48.97,50.88,35929.0,13000.6,2.7636416780763966,0.963350785340314,0.0,0.036649214659685944,1.0,2024-12-26 09:50:00,49.49,49.01,23302.0,9625.3,0.38095238095237977,2024-12-26 09:55:00,48.17,49.3,0.3008849557522103,0.026672054960598105,0.028086482117599527,6.0,56.23034591194966,28.609999999999992,79.49,2024-12-26 19:30:00,5.051100628930818,2.5700000000000003,53.45,2024-12-26 09:58:00,False,,False,,,47.69759468133307,49.136015999413466,48.106811630159136,1.1702252096232613,0.08725151900197448,1.0829736906212868
QMCO,2024-12-26,2024-12-26 12:37:00,False,clean_breakout,previous_high_break_with_pullback_low_support_or_previous_resistance,59.78,62.7,59.78,62.56,65992.0,10628.9,6.2087327945507065,0.9520547945205478,0.04794520547945222,0.0,0.9520547945205478,2024-12-26 12:34:00,59.9,59.51,9718.0,8142.5,0.12820512820512073,2024-12-26 12:35:00,58.86,59.3,0.555555555555552,0.017362270450751238,0.044407345575959996,3.0,27.062020460358045,16.929999999999993,79.49,2024-12-26 19:30:00,7.832480818414308,4.8999999999999915,67.46,2024-12-26 12:43:00,False,,False,,,53.5325963301368,59.88677979734848,59.02438034873874,0.826339608289345,0.2900698873304135,0.5362697209589316
QMCO,2024-12-26,2024-12-26 15:51:00,False,clean_breakout,previous_high_break_with_pullback_low_support_or_previous_resistance,69.65,70.58,69.49,70.58,30108.0,12731.5,2.3648431056827555,0.8532110091743025,0.0,0.14678899082569752,1.0,2024-12-26 15:49:00,69.7,69.69,8779.0,11719.95,0.028571428571442493,2024-12-26 15:50:00,69.35,69.67,0.5333333333333381,0.0050215208034434505,0.012625538020086018,2.0,12.62397279682629,8.909999999999997,79.49,2024-12-26 19:30:00,1.9127231510342995,1.3500000000000085,71.93,2024-12-26 15:53:00,False,,True,2024-12-26 15:56:00,69.3,59.03516649213518,69.34378438698077,68.49604380445604,1.029956488754948,0.05637234122653789,0.97358414752841
MLGO,2025-03-24,2025-03-24 10:35:00,False,clean_breakout,previous_high_break_with_pullback_low_support_or_previous_resistance,173.5637,185.4019,173.1017,183.0018,65933.540658,28380.181195350004,2.3232247956472873,0.7673127266223295,0.1951269085055532,0.037560364872117266,0.8048730914944467,2025-03-24 10:32:00,176.7018,175.5018,44167.424988,25830.515025599998,0.18569814766097553,2025-03-24 10:33:00,172.8017,173.6717,0.2899903336555393,0.022071648392942126,0.03565328706328975,3.0,176.55744369727512,323.1033,506.1051,2025-03-24 16:40:00,28.195077862622114,51.5975,234.5993,2025-03-24 11:05:00,True,18.0,True,2025-03-24 10:42:00,165.9017,139.7921347415795,172.9092542359448,167.38150501419238,6.1233226862450465,0.99001679482123,5.1333058914238165
MLGO,2025-03-24,2025-03-24 11:05:00,False,clean_breakout,previous_high_break_with_pullback_low_support_or_previous_resistance,218.1022,234.5993,217.8322,227.9783,51517.184823,34074.017589749994,1.5119198869726824,0.5890165860524468,0.3948804504058549,0.01610296354169834,0.6051195495941452,2025-03-24 11:02:00,227.7023,222.6022,57000.76332,33134.870314650005,0.2656274413808189,2025-03-24 11:03:00,214.8021,217.6522,0.3275939357018885,0.056653797524223566,0.001212108968596198,3.0,121.99704971920573,278.1268,506.1051,2025-03-24 16:40:00,4.616272689111202,10.524100000000004,238.5024,2025-03-24 11:07:00,False,,True,2025-03-24 11:19:00,208.5021,153.8106616432668,215.30883494349828,205.1544849742609,11.463706598118847,1.0883282221473252,10.375378375971522
PCLA,2025-12-26,2025-12-26 10:39:00,False,clean_breakout,previous_high_break_with_pullback_low_support_or_previous_resistance,12.0001,13.0621,12.0001,12.8401,109709.036232,52058.719407599994,2.107409430743387,0.7909604519774015,0.20903954802259855,0.0,0.7909604519774015,2025-12-26 10:34:00,12.7351,12.3331,99673.503255,34533.15633164999,0.36118598382749273,2025-12-26 10:38:00,11.7001,11.9971,0.7021276595744652,0.08127144663174993,0.008244929368438444,5.0,14.485868490120804,1.8600000000000012,14.7001,2025-12-26 12:59:00,12.149438088488411,1.5600000000000005,14.4001,2025-12-26 11:00:00,True,21.0,False,,,10.714763133998796,11.902594881562147,11.137686034806762,0.8229408388916539,0.12358600498823424,0.6993548339034197
PCLA,2025-12-26,2025-12-26 12:55:00,False,clean_breakout,previous_high_break_with_pullback_low_support_or_previous_resistance,13.4521,14.2501,13.2151,13.9801,60692.426403,47544.8878797,1.2765289626208907,0.5101449275362323,0.26086956521739085,0.22898550724637687,0.7391304347826091,2025-12-26 12:52:00,13.8991,13.4011,80835.8583,42076.00590239999,0.13265306122449158,2025-12-26 12:54:00,13.1251,13.4761,0.035897435897437206,0.055687058874315666,0.005827715463591132,3.0,5.150177752662718,0.7200000000000006,14.7001,2025-12-26 12:59:00,5.150177752662718,0.7200000000000006,14.7001,2025-12-26 12:59:00,False,,False,,,12.252037204518338,13.331584989732297,12.957416421538964,0.4009760820564363,0.07797148255564901,0.3230045995007873
PCLA,2025-12-26,2025-12-26 12:59:00,False,clean_breakout,previous_high_break_with_pullback_low_support_or_previous_resistance,13.8871,14.7001,13.8031,14.4331,106158.471738,56020.434790050014,1.894995498265129,0.6086956521739122,0.2976588628762555,0.09364548494983234,0.7023411371237446,2025-12-26 12:57:00,14.4001,14.2471,107295.493701,49956.915425850006,0.21888412017167455,2025-12-26 12:58:00,13.7761,13.8721,0.16580310880829013,0.043333032409497194,0.002291650752425294,2.0,1.060063326658864,0.15300000000000047,14.5861,2025-12-26 13:06:00,1.060063326658864,0.15300000000000047,14.5861,2025-12-26 13:06:00,False,,True,2025-12-26 13:01:00,13.7551,12.343997059022032,13.799538651794352,13.33400844026604,0.4997590987040468,0.09751307161169331,0.40224602709235346
CODX,2025-09-16,2025-09-16 11:18:00,False,clean_breakout,previous_high_break_with_pullback_low_support_or_previous_resistance,13.6471,15.2222,13.5781,14.4931,47426.459064,6686.703132299999,7.092652107569625,0.5145672404354962,0.44346450945806215,0.04196825010644168,0.5565354905419378,2025-09-16 11:16:00,14.0281,14.0281,17384.726151,3160.2917300999998,0.0,2025-09-16 11:17:00,13.4611,13.6471,0.3212435233160617,0.04041887354666706,0.0331477534377428,2.0,49.0378179961499,7.107100000000001,21.6002,2025-09-16 16:00:00,39.84723765102014,5.7751,20.2682,2025-09-16 11:43:00,True,5.0,False,,,13.38448478696653,13.391978266056682,12.728100430450443,0.670495985086788,0.19017257065143722,0.48032341443535076
CODX,2025-09-16,2025-09-16 11:23:00,False,clean_breakout,previous_high_break_with_pullback_low_support_or_previous_resistance,14.3251,17.3642,14.2141,17.0972,94374.289581,21460.72039065,4.3975359569996995,0.880003809402876,0.08475921399320639,0.035236976603917544,0.9152407860067936,2025-09-16 11:18:00,15.2222,14.4931,47426.459064,6686.703132299999,0.44346450945806215,2025-09-16 11:22:00,13.8001,14.3641,0.5838509316770191,0.09342276412082355,0.12317536229979897,5.0,26.337645930327774,4.503,21.6002,2025-09-16 16:00:00,18.54689656785906,3.1709999999999994,20.2682,2025-09-16 11:43:00,True,1.0,False,,,14.424046335994415,14.611559470221456,13.642909034849508,0.9775223867476228,0.26852088922664485,0.709001497520978
BMNR,2025-07-03,2025-07-03 10:00:00,False,clean_breakout,previous_high_break_with_pullback_low_support_or_previous_resistance,70.8,73.86,70.0,73.32,244357.0,120567.6,2.026721938563926,0.6528497409326416,0.13989637305699645,0.207253886010362,0.8601036269430036,2025-07-03 09:55:00,72.0,70.82,150488.0,118800.95,0.5444444444444475,2025-07-03 09:57:00,68.51,69.96,0.7397959183673435,0.04847222222222215,0.01833333333333324,5.0,119.58537915984726,87.68,161.0,2025-07-03 12:37:00,21.385706492089483,15.680000000000007,89.0,2025-07-03 10:14:00,True,5.0,False,,,65.39930604647914,70.03019309038217,67.66296647876015,2.6347004769782387,0.4061793355562613,2.2285211414219774
BMNR,2025-07-03,2025-07-03 10:02:00,False,clean_breakout,previous_high_break_with_pullback_low_support_or_previous_resistance,74.96,79.77,73.14,79.06,236738.0,133465.15,1.7737813953680044,0.6184012066365024,0.10708898944192975,0.27450980392156776,0.8929110105580702,2025-07-03 10:00:00,73.86,73.32,244357.0,120567.6,0.13989637305699645,2025-07-03 10:01:00,73.01,74.96,0.17270194986072207,0.011508258868128816,0.07040346601678855,2.0,103.64280293448014,81.94,161.0,2025-07-03 12:37:00,12.572729572476597,9.939999999999998,89.0,2025-07-03 10:14:00,True,11.0,False,,,66.65411420511025,72.6249235778446,69.37716757104856,3.38547031454344,0.8007421048653112,2.5847282096781288
BMNR,2025-07-03,2025-07-03 10:13:00,False,clean_breakout,previous_high_break_with_pullback_low_support_or_previous_resistance,81.5,88.7,81.06,86.5,348463.0,196120.6,1.776779185868287,0.6544502617801047,0.28795811518324643,0.057591623036648915,0.7120418848167536,2025-07-03 10:05:00,84.0,83.64,332210.0,147392.85,0.05546995377503848,2025-07-03 10:06:00,77.51,78.28,0.11882716049382673,0.0772619047619047,0.02976190476190476,8.0,86.1271676300578,74.5,161.0,2025-07-03 12:37:00,18.497109826589593,16.0,102.5,2025-07-03 10:43:00,True,21.0,False,,,71.76095656738786,80.95211630514686,77.21249721501918,4.381108607148462,0.14629639815329298,4.234812208995169
BMNR,2025-07-03,2025-07-03 12:29:00,False,clean_breakout,previous_high_break_with_pullback_low_support_or_previous_resistance,128.35,141.25,128.0,141.25,342354.0,112200.35,3.0512739042257886,0.9735849056603778,0.0,0.026415094339622212,1.0,2025-07-03 12:27:00,132.99,129.44,246325.0,96740.25,0.45454545454545586,2025-07-03 12:28:00,124.0,128.29,0.7857142857142831,0.06759906759906767,0.06210993307767494,2.0,13.982300884955754,19.75,161.0,2025-07-03 12:37:00,13.982300884955754,19.75,161.0,2025-07-03 12:37:00,True,7.0,False,,,95.61954287574572,126.81612612321624,121.22995791867196,5.351229157206774,2.23780807317418,3.113421084032594
RMSG,2026-04-16,2026-04-16 11:15:00,False,clean_breakout,previous_high_break_with_pullback_low_support_or_previous_resistance,2.4191,2.75,2.4191,2.64,697012.0,156487.1,4.454117943268167,0.6675732849803572,0.3324267150196428,0.0,0.6675732849803572,2026-04-16 11:08:00,2.46,2.4314,346067.0,103457.2,0.1682352941176469,2026-04-16 11:09:00,2.26,2.33,0.3888888888888901,0.08130081300813015,0.07317073170731714,7.0,26.89393939393939,0.71,3.35,2026-04-16 11:29:00,26.89393939393939,0.71,3.35,2026-04-16 11:29:00,True,3.0,False,,,2.2116669475646336,2.4110413299273175,2.290734295945422,0.13244828018073918,0.019766763399058945,0.11268151678168023
IPWR,2026-05-14,2026-05-14 15:58:00,False,clean_breakout,previous_high_break_with_pullback_low_support_or_previous_resistance,7.295,7.4,7.29,7.4,18175.0,4898.6,3.710243743110276,0.9545454545454557,0.0,0.04545454545454435,1.0,2026-05-14 15:56:00,7.38,7.35,9092.0,3586.2,0.0,2026-05-14 15:57:00,7.29,7.3248,0.4349999999999961,0.012195121951219494,0.002710027100271065,2.0,0.0,0.0,7.4,2026-05-14 16:16:00,0.0,0.0,7.4,2026-05-14 16:16:00,False,,True,2026-05-14 16:19:00,7.26,7.002611216131631,7.331049720220428,7.306775316644045,0.02695486516160983,0.005419247938713546,0.021535617222896285
SBET,2025-05-29,2025-05-29 13:47:00,False,clean_breakout,previous_high_break_with_pullback_low_support_or_previous_resistance,54.33,55.8,54.0,55.28,52189.0,47705.45,1.0939840206936524,0.5277777777777802,0.28888888888888714,0.18333333333333268,0.7111111111111129,2025-05-29 13:44:00,54.74,54.2,56252.0,45463.7,0.033613445378150406,2025-05-29 13:45:00,53.5,54.05,0.624999999999995,0.022652539276580234,0.009864815491413942,3.0,93.25253256150505,51.55,106.83,2025-05-29 16:17:00,9.442836468885671,5.219999999999999,60.5,2025-05-29 13:54:00,False,,False,,,43.971015784127864,53.983643266443906,52.72772038223666,1.5027871642882928,0.03391409250164967,1.4688730717866432
PSTV,2025-03-20,2025-03-20 10:04:00,False,clean_breakout,previous_high_break_with_pullback_low_support_or_previous_resistance,16.845,17.9725,16.7525,17.95,34654.6,15142.475999999999,2.288568923602719,0.905737704918034,0.018442622950820386,0.07581967213114563,0.9815573770491796,2025-03-20 09:59:00,16.93,16.415,28992.16,10274.376,0.3495145631067952,2025-03-20 10:03:00,16.0725,16.9125,0.11889596602972162,0.05064973419964549,0.06024808033077375,5.0,189.69359331476323,34.05,52.0,2025-03-20 15:00:00,21.169916434540394,3.8000000000000007,21.75,2025-03-20 10:34:00,True,17.0,False,,,15.34285729911393,16.619112153821376,16.057236457446287,0.5806762145457629,0.16218536331010824,0.41849085123565466
PSTV,2025-03-20,2025-03-20 10:07:00,False,clean_breakout,previous_high_break_with_pullback_low_support_or_previous_resistance,17.4375,18.5675,17.4375,18.3,70036.84,19368.338,3.616048005771068,0.7632743362831872,0.23672566371681286,0.0,0.7632743362831872,2025-03-20 10:04:00,17.9725,17.95,34654.6,15142.475999999999,0.018442622950820386,2025-03-20 10:06:00,17.19,17.5,0.561085972850678,0.04353873974127132,0.018222284045068888,3.0,184.15300546448088,33.7,52.0,2025-03-20 15:00:00,19.726775956284147,3.6099999999999994,21.91,2025-03-20 10:35:00,True,14.0,True,2025-03-20 10:12:00,17.08,15.64556881942726,17.237145422756548,16.524784025658576,0.7365263562217201,0.19185526314823986,0.5446710930734803
PSTV,2025-03-20,2025-03-20 10:40:00,False,clean_breakout,previous_high_break_with_pullback_low_support_or_previous_resistance,20.5275,23.25,20.5275,22.4475,84002.64,44959.202,1.8684192837764337,0.7052341597796149,0.2947658402203851,0.0,0.7052341597796149,2025-03-20 10:35:00,21.91,21.79,39557.6,44208.182,0.2926829268292706,2025-03-20 10:39:00,20.4325,20.545,0.24590163934426407,0.06743496120492921,0.024532177088087696,5.0,131.651631584809,29.5525,52.0,2025-03-20 15:00:00,3.5750083528232475,0.8024999999999984,23.25,2025-03-20 10:43:00,False,,True,2025-03-20 10:45:00,20.2775,17.913847436829073,21.14220454407039,20.423590937649927,0.8943110242973731,-0.010865233568138288,0.9051762578655114
PSTV,2025-03-20,2025-03-20 11:45:00,False,clean_breakout,previous_high_break_with_pullback_low_support_or_previous_resistance,27.5,28.75,27.0,28.23,57957.08,58229.367999999995,0.9953238716243668,0.41714285714285737,0.2971428571428569,0.2857142857142857,0.7028571428571431,2025-03-20 11:43:00,28.0,26.9975,53911.6,59306.945999999996,0.5,2025-03-20 11:44:00,26.75,27.4725,0.3133333333333326,0.044642857142857144,0.00821428571428573,2.0,84.20120439249025,23.77,52.0,2025-03-20 15:00:00,10.69783917817924,3.0199999999999996,31.25,2025-03-20 11:54:00,True,9.0,False,,,20.618493541829526,26.84566867154922,25.680571875091342,1.3639184341730584,0.10211265554613047,1.2618057786269279
PSTV,2025-03-20,2025-03-20 11:49:00,False,clean_breakout,previous_high_break_with_pullback_low_support_or_previous_resistance,27.9875,29.25,27.75,29.02,89508.04,49082.92199999999,1.823608627049547,0.6883333333333326,0.15333333333333363,0.1583333333333338,0.8466666666666663,2025-03-20 11:45:00,28.75,28.23,57957.08,58229.367999999995,0.2971428571428569,2025-03-20 11:47:00,26.75,27.375,0.5,0.06956521739130435,0.009391304347826071,4.0,79.1867677463818,22.98,52.0,2025-03-20 15:00:00,7.684355616815991,2.2300000000000004,31.25,2025-03-20 11:54:00,False,,True,2025-03-20 12:04:00,26.5,20.872123282256506,27.61048188786657,26.471909453025123,1.3714961527372758,0.07457300896701691,1.2969231437702589
PSTV,2025-03-20,2025-03-20 14:25:00,False,clean_breakout,previous_high_break_with_pullback_low_support_or_previous_resistance,43.625,45.5,43.25,44.875,75024.52,40012.770000000004,1.8750144016522725,0.5555555555555556,0.2777777777777778,0.16666666666666666,0.7222222222222222,2025-03-20 14:21:00,43.75,43.375,48751.84,43116.02,0.25041736227045036,2025-03-20 14:22:00,42.25,43.25,0.8,0.03428571428571429,0.025714285714285714,4.0,15.87743732590529,7.125,52.0,2025-03-20 15:00:00,15.32033426183844,6.875,51.75,2025-03-20 14:52:00,True,25.0,False,,,27.568424909078157,42.864672165303766,41.35401548671063,1.6303580936523545,0.3265241193337438,1.3038339743186107
MRM,2025-05-21,2025-05-21 10:35:00,False,clean_breakout,previous_high_break_with_pullback_low_support_or_previous_resistance,1.59,1.76,1.5845,1.7552,97663.0,14336.75,6.81207386611331,0.9413105413105415,0.02735042735042687,0.03133903133903169,0.9726495726495731,2025-05-21 10:32:00,1.59,1.58,9659.0,14914.5,0.3333333333333333,2025-05-21 10:34:00,1.56,1.5899,0.0,0.018867924528301903,0.10389937106918239,3.0,15.656335460346382,0.2747999999999997,2.03,2025-05-21 13:30:00,4.831358249772104,0.08479999999999999,1.84,2025-05-21 10:38:00,False,,True,2025-05-21 10:39:00,1.5,1.4421001925982013,1.594012093228811,1.5430729267948684,0.05457813078228324,0.012292100339998564,0.042286030442284676
MRM,2025-05-21,2025-05-21 13:29:00,False,clean_breakout,previous_high_break_with_pullback_low_support_or_previous_resistance,1.911,2.0,1.9,1.97,101480.0,26339.65,3.8527467145539136,0.5899999999999989,0.3,0.11000000000000111,0.7,2025-05-21 13:27:00,1.96,1.94,99188.0,19289.25,0.3333333333333333,2025-05-21 13:28:00,1.89,1.91,0.4,0.03571428571428575,0.005102040816326535,2.0,3.0456852791878086,0.05999999999999983,2.03,2025-05-21 13:30:00,3.0456852791878086,0.05999999999999983,2.03,2025-05-21 13:30:00,False,,True,2025-05-21 13:32:00,1.67,1.68883909663412,1.9131326139732638,1.8850060614475428,0.027563622455000214,0.010591762772698764,0.01697185968230145
CPIX,2025-01-14,2025-01-14 10:59:00,False,clean_breakout,previous_high_break_with_pullback_low_support_or_previous_resistance,3.27,3.33,3.03,3.085,117923.0,16729.3,7.048890270363972,0.6166666666666663,0.2,0.1833333333333337,0.1833333333333337,2025-01-14 10:57:00,2.97,2.97,23476.0,5523.65,0.0,2025-01-14 10:58:00,2.9626,3.2844,0.0,0.002491582491582516,0.03872053872053864,2.0,27.390599675850897,0.8450000000000002,3.93,2025-01-14 11:09:00,27.390599675850897,0.8450000000000002,3.93,2025-01-14 11:09:00,True,4.0,True,2025-01-14 11:00:00,2.83,2.902291580286071,3.002502868420354,2.9176941536071,0.08543531790533931,0.02865831978168927,0.056776998123650044
RVSN,2025-10-07,2025-10-07 12:49:00,False,clean_breakout,previous_high_break_with_pullback_low_support_or_previous_resistance,20.1632,20.7002,20.0822,20.7002,7855.554777,2990.6584264500007,2.6266974213851544,0.868932038834952,0.0,0.13106796116504807,1.0,2025-10-07 12:43:00,20.4002,20.3732,5134.315323,2262.9040374000006,0.10588235294117943,2025-10-07 12:47:00,20.0282,20.1302,0.6764705882353177,0.018235115342006617,0.01470573817903732,6.0,42.85514149621744,8.871100000000002,29.5713,2025-10-07 13:14:00,42.85514149621744,8.871100000000002,29.5713,2025-10-07 13:14:00,True,8.0,False,,,18.664882101462503,20.23701548549621,19.981027179807732,0.28213487979801855,0.02879798623016222,0.2533368935678563
RVSN,2025-10-07,2025-10-07 13:06:00,False,clean_breakout,previous_high_break_with_pullback_low_support_or_previous_resistance,25.5003,27.0003,25.0473,26.5773,61300.586988,34294.79038199999,1.787460611515337,0.5514592933947783,0.21658986175115125,0.23195084485407041,0.7834101382488488,2025-10-07 13:04:00,26.4003,25.9893,58571.580945,30198.486345449994,0.24289344601382978,2025-10-07 13:05:00,25.5003,25.5033,0.006134969325153597,0.03409052169861714,0.0067044692673946735,2.0,11.265252678037271,2.9939999999999998,29.5713,2025-10-07 13:14:00,11.265252678037271,2.9939999999999998,29.5713,2025-10-07 13:14:00,True,8.0,False,,,22.116429149771232,24.961194375187034,23.54019250705265,1.5004681856882485,0.2989225776973745,1.201545607990874
SKK,2026-05-15,2026-05-15 12:14:00,False,clean_breakout,previous_high_break_with_pullback_low_support_or_previous_resistance,4.89,5.3,4.8559,5.2999,176707.0,22416.25,7.882986672614733,0.9229903174960609,0.00022517451024491557,0.07678450799369421,0.999774825489755,2026-05-15 12:10:00,4.94,4.89,71692.0,10226.6,0.23809523809524152,2026-05-15 12:12:00,4.66,4.72,0.4636785162287468,0.05668016194331989,0.07285425101214568,4.0,3.773656106718998,0.20000000000000018,5.4999,2026-05-15 12:26:00,3.773656106718998,0.20000000000000018,5.4999,2026-05-15 12:26:00,False,,False,,,4.371933570731885,4.81370532597142,4.639758037453833,0.15409182496181817,0.08461097527686562,0.06948084968495255
SKK,2026-05-15,2026-05-15 12:19:00,False,clean_breakout,previous_high_break_with_pullback_low_support_or_previous_resistance,5.105,5.48,5.0502,5.36,116534.0,41961.25,2.7771813280109625,0.5932992089343876,0.27919962773382984,0.1275011633317826,0.7208003722661702,2026-05-15 12:14:00,5.3,5.2999,176707.0,22416.25,0.00022517451024491557,2026-05-15 12:17:00,4.83,4.9683,0.9219999999999984,0.08867924528301882,0.011320754716981227,5.0,2.61007462686567,0.1398999999999999,5.4999,2026-05-15 12:26:00,2.61007462686567,0.1398999999999999,5.4999,2026-05-15 12:26:00,False,,True,2026-05-15 12:30:00,4.6793,4.454894750241325,5.018007761214316,4.818835594315958,0.199042743519664,0.05382861295457095,0.14521413056509305
MYSE,2025-01-07,2025-01-07 12:43:00,False,clean_breakout,previous_high_break_with_pullback_low_support_or_previous_resistance,3.81,4.1,3.74,4.084,1542770.0,467662.2,3.2988982218361884,0.7611111111111112,0.04444444444444456,0.1944444444444443,0.9555555555555555,2025-01-07 12:41:00,3.9799,3.8797,1123300.0,371139.6,0.5897586815773983,2025-01-07 12:42:00,3.78,3.82,0.30769230769230715,0.05022739264805658,0.026156436091358932,2.0,131.63565132223314,5.376000000000001,9.46,2025-01-07 16:02:00,7.002938295788455,0.2860000000000005,4.37,2025-01-07 13:13:00,False,,True,2025-01-07 12:52:00,3.77,3.2289013250446033,3.787699932377195,3.654779194220075,0.1277887679515275,0.047727155795069434,0.08006161215645806
RXT,2026-02-26,2026-02-26 14:42:00,False,clean_breakout,previous_high_break_with_pullback_low_support_or_previous_resistance,2.2537,2.36,2.24,2.355,1565718.0,592359.55,2.643188583690429,0.8441666666666704,0.041666666666665894,0.11416666666666367,0.9583333333333341,2026-02-26 14:38:00,2.29,2.2533,622027.0,585474.35,0.7196078431372561,2026-02-26 14:40:00,2.2301,2.2555,0.6649214659685866,0.026157205240174602,0.02838427947598251,4.0,12.526539278131633,0.29499999999999993,2.65,2026-02-26 16:21:00,1.9108280254777041,0.04499999999999993,2.4,2026-02-26 14:43:00,False,,True,2026-02-26 14:59:00,2.15,1.81656568506541,2.262620400865745,2.211785494108931,0.06200592422833706,0.002016862114069394,0.05998906211426767
FLWS,2026-04-20,2026-04-20 12:01:00,False,clean_breakout,previous_high_break_with_pullback_low_support_or_previous_resistance,4.75,4.86,4.74,4.86,40055.0,16570.8,2.4172037560045383,0.9166666666666685,0.0,0.08333333333333148,1.0,2026-04-20 11:57:00,4.8,4.76,15232.0,15977.6,0.8000000000000036,2026-04-20 11:58:00,4.73,4.75,0.6666666666666666,0.014583333333333209,0.012500000000000105,4.0,7.613168724279837,0.3700000000000001,5.23,2026-04-20 13:28:00,1.646090534979425,0.08000000000000007,4.94,2026-04-20 12:12:00,False,,False,,,4.429816335812646,4.771186896551765,4.728210921608071,0.04754799547658628,0.006241264290977475,0.041306731185608805
FLWS,2026-04-20,2026-04-20 13:27:00,False,clean_breakout,previous_high_break_with_pullback_low_support_or_previous_resistance,5.09,5.18,5.09,5.17,39007.0,25217.1,1.5468471790967242,0.8888888888888911,0.11111111111110891,0.0,0.8888888888888911,2026-04-20 13:25:00,5.12,5.1,18968.0,24682.85,0.5000000000000111,2026-04-20 13:26:00,5.09,5.1,0.4999999999999778,0.005859375000000049,0.009765624999999965,2.0,1.1605415860735107,0.0600000000000005,5.23,2026-04-20 13:28:00,1.1605415860735107,0.0600000000000005,5.23,2026-04-20 13:28:00,False,,True,2026-04-20 13:28:00,5.07,4.641828277971045,5.0892599043205315,5.0381349251328675,0.055151759269015166,0.007559270428062738,0.04759248884095243
SUNE,2026-03-20,2026-03-20 13:59:00,False,clean_breakout,previous_high_break_with_pullback_low_support_or_previous_resistance,2.1864,2.37,2.18,2.308,193661.0,19645.85,9.857603514228197,0.6399999999999998,0.3263157894736858,0.03368421052631443,0.6736842105263142,2026-03-20 13:50:00,2.17,2.16,41474.0,10011.2,0.3333333333333284,2026-03-20 13:52:00,2.1201,2.1201,0.0,0.02299539170506915,0.0635944700460829,9.0,10.48526863084922,0.242,2.55,2026-03-20 15:22:00,7.885615251299844,0.18200000000000038,2.49,2026-03-20 14:17:00,False,,False,,,2.036275091268015,2.1816148272135987,2.1530450412935673,0.02795157344577648,0.008482003692389856,0.019469569753386623
SUNE,2026-03-20,2026-03-20 14:17:00,False,clean_breakout,previous_high_break_with_pullback_low_support_or_previous_resistance,2.42,2.49,2.42,2.49,52908.0,49205.75,1.0752401904248996,1.0,0.0,0.0,1.0,2026-03-20 14:15:00,2.47,2.44,98040.0,45049.05,0.7425742574257489,2026-03-20 14:16:00,2.4,2.42,0.3333333333333333,0.02834008097166003,0.008097165991902841,2.0,2.4096385542168517,0.05999999999999961,2.55,2026-03-20 15:22:00,0.0,0.0,2.485,2026-03-20 14:18:00,False,,True,2026-03-20 14:20:00,2.37,2.1000297746702197,2.4228958250338968,2.367991236889751,0.06726577133160028,-0.0012394778782551241,0.0685052492098554
RZLV,2024-12-17,2024-12-17 11:15:00,False,clean_breakout,previous_high_break_with_pullback_low_support_or_previous_resistance,2.82,2.94,2.82,2.9299,283173.0,131623.7,2.1513830715896907,0.9158333333333334,0.08416666666666657,0.0,0.9158333333333334,2024-12-17 11:12:00,2.89,2.879,226516.0,94065.95,0.18363939899833168,2024-12-17 11:13:00,2.77,2.869,0.9900000000000011,0.041522491349481,0.013806228373702361,3.0,36.52343083381685,1.0701,4.0,2024-12-17 13:17:00,4.7441892214751435,0.13900000000000023,3.0689,2024-12-17 11:22:00,False,,True,2024-12-17 11:28:00,2.73,2.530948089988276,2.812545939068267,2.7425956031272287,0.0653519967095022,0.029175490694298978,0.036176506015203225
MAAS,2026-04-22,2026-04-22 09:54:00,False,clean_breakout,previous_high_break_with_pullback_low_support_or_previous_resistance,10.35,10.91,10.28,10.91,12708.0,3879.05,3.276059860017272,0.8888888888888886,0.0,0.11111111111111142,1.0,2026-04-22 09:52:00,10.9,10.14,15324.0,2662.7,0.0,2026-04-22 09:53:00,10.14,10.28,0.43749999999999584,0.06972477064220181,0.0009174311926605309,2.0,30.6141154903758,3.34,14.25,2026-04-22 10:20:00,30.6141154903758,3.34,14.25,2026-04-22 10:20:00,True,18.0,False,,,9.9955455250834,10.22353494581029,9.79546228640225,0.4172707072640218,0.1607851436751117,0.2564855635889101
IMRX,2024-09-16,2024-09-16 10:50:00,False,clean_breakout,previous_high_break_with_pullback_low_support_or_previous_resistance,2.0808,2.11,2.0801,2.0994,52211.0,32614.0,1.6008769240203593,0.6220735785953226,0.3545150501672143,0.02341137123746301,0.6454849498327857,2024-09-16 10:48:00,2.09,2.08,32160.0,30277.85,0.3999999999999929,2024-09-16 10:49:00,2.08,2.085,0.1538461538461407,0.004784688995215209,0.004497607655502535,2.0,82.43307611698579,1.7306,3.83,2024-09-16 15:18:00,5.744498428122323,0.12060000000000004,2.22,2024-09-16 11:08:00,False,,False,,,1.9866556097027102,2.078790643733391,2.0564944511815777,0.026549982496425262,-0.0006064795952974746,0.027156462091722736
IMRX,2024-09-16,2024-09-16 11:06:00,False,clean_breakout,previous_high_break_with_pullback_low_support_or_previous_resistance,2.135,2.18,2.135,2.178,111877.0,29227.45,3.827805710043127,0.9555555555555509,0.04444444444444905,0.0,0.9555555555555509,2024-09-16 11:04:00,2.15,2.1303,50605.0,24786.9,0.6198347107438068,2024-09-16 11:05:00,2.13,2.13,0.0,0.009302325581395357,0.013023255813953501,2.0,75.8494031221304,1.6520000000000001,3.83,2024-09-16 15:18:00,1.9283746556473949,0.04200000000000026,2.22,2024-09-16 11:08:00,False,,False,,,2.0045564743863857,2.1319862658680995,2.112460869145737,0.024088348227917056,0.0009550767461987755,0.02313327148171828
IMRX,2024-09-16,2024-09-16 12:11:00,False,clean_breakout,previous_high_break_with_pullback_low_support_or_previous_resistance,2.345,2.42,2.345,2.42,172320.0,61161.15,2.8174748185735554,1.0,0.0,0.0,1.0,2024-09-16 12:09:00,2.37,2.345,39135.0,52446.4,0.36363636363636803,2024-09-16 12:10:00,2.34,2.35,0.0,0.01265822784810137,0.021097046413502032,2.0,58.26446280991736,1.4100000000000001,3.83,2024-09-16 15:18:00,9.917355371900834,0.2400000000000002,2.66,2024-09-16 12:39:00,False,,False,,,2.0963852925360165,2.35151662268727,2.3127463324839765,0.043498883649695674,0.003975338108794878,0.0395235455409008
IMRX,2024-09-16,2024-09-16 15:15:00,False,clean_breakout,previous_high_break_with_pullback_low_support_or_previous_resistance,3.495,3.73,3.49,3.71,861022.0,505328.85,1.7038845100571638,0.8958333333333336,0.08333333333333348,0.02083333333333291,0.9166666666666665,2024-09-16 15:05:00,3.59,3.546,648602.0,566959.95,0.23157894736842133,2024-09-16 15:10:00,3.4,3.449,0.0,0.05292479108635096,0.03342618384401117,10.0,3.234501347708898,0.1200000000000001,3.83,2024-09-16 15:18:00,3.234501347708898,0.1200000000000001,3.83,2024-09-16 15:18:00,False,,True,2024-09-16 15:21:00,3.34,2.884184006307707,3.5169316010599623,3.434133260544073,0.10633517036803353,-0.004392226426343987,0.11072739679437751
POLA,2025-09-04,2025-09-04 12:04:00,False,clean_breakout,previous_high_break_with_pullback_low_support_or_previous_resistance,3.38,3.58,3.3101,3.5699,544849.0,285469.0,1.9086100417208174,0.7035939236754354,0.037421267135976245,0.2589848091885884,0.9625787328640237,2025-09-04 11:57:00,3.5,3.3216,439974.0,177691.05,0.09666666666666766,2025-09-04 11:59:00,3.16,3.24,0.7272727272727287,0.0971428571428571,0.01997142857142859,7.0,2.8040001120479525,0.10009999999999986,3.67,2025-09-04 12:06:00,2.8040001120479525,0.10009999999999986,3.67,2025-09-04 12:06:00,False,,True,2025-09-04 12:11:00,3.0,3.1673032996011634,3.3718695912995598,3.249149253337005,0.15578367963700757,-0.01215651531972739,0.16794019495673496
PBM,2024-12-19,2024-12-19 12:07:00,False,clean_breakout,previous_high_break_with_pullback_low_support_or_previous_resistance,337.7274,378.5686,329.2594,364.128,32549.92772432,16991.415317376002,1.9156690079273933,0.5354092136964301,0.29285812789499777,0.17173265840857213,0.7071418721050022,2024-12-19 11:52:00,361.1392,354.026,21943.11126832,14862.617116599999,0.1680003023117403,2024-12-19 11:57:00,275.9602,291.9001,0.4262296160997849,0.23586196126036726,0.008276033175019409,15.0,7.660740179277618,27.894900000000007,392.0229,2024-12-19 12:08:00,7.660740179277618,27.894900000000007,392.0229,2024-12-19 12:08:00,False,,True,2024-12-19 12:22:00,260.5184,228.24468770921823,321.59063712385597,302.7194009149995,23.6925120295777,0.9912295129337636,22.701282516643936
SBET,2025-05-29,2025-05-29 13:47:00,False,clean_breakout,previous_high_break_with_pullback_low_support_or_previous_resistance,54.33,55.8,54.0,55.28,52189.0,47705.45,1.0939840206936524,0.5277777777777802,0.28888888888888714,0.18333333333333268,0.7111111111111129,2025-05-29 13:44:00,54.74,54.2,56252.0,45463.7,0.033613445378150406,2025-05-29 13:45:00,53.5,54.05,0.624999999999995,0.022652539276580234,0.009864815491413942,3.0,93.25253256150505,51.55,106.83,2025-05-29 16:17:00,9.442836468885671,5.219999999999999,60.5,2025-05-29 13:54:00,False,,False,,,43.971015784127864,53.983643266443906,52.72772038223666,1.5027871642882928,0.03391409250164967,1.4688730717866432
GWH,2025-10-10,2025-10-10 13:30:00,False,clean_breakout,previous_high_break_with_pullback_low_support_or_previous_resistance,4.93,5.3,4.8955,5.2602,1799696.0,962234.55,1.8703298483722082,0.8163164400494457,0.09839307787391754,0.08529048207663674,0.9016069221260824,2025-10-10 13:28:00,5.11,4.92,1604593.0,911323.65,0.8095238095238093,2025-10-10 13:29:00,4.83,4.9297,0.5941213258286433,0.05479452054794525,0.029393346379647727,2.0,1.3269457435078487,0.06979999999999986,5.33,2025-10-10 13:31:00,1.3269457435078487,0.06979999999999986,5.33,2025-10-10 13:31:00,False,,True,2025-10-10 13:36:00,4.64,3.7553937615623134,4.836400256569329,4.60274044052669,0.23508921631054225,0.07300437949002747,0.16208483682051478
MOBX,2026-03-03,2026-03-03 13:56:00,False,clean_breakout,previous_high_break_with_pullback_low_support_or_previous_resistance,8.3,8.54,8.297,8.521,337629.4,261883.82,1.2892335234761736,0.9094650205761374,0.07818930041151631,0.012345679012346221,0.9218106995884837,2026-03-03 13:52:00,8.472,8.4,405610.7,266792.495,0.034364261168384105,2026-03-03 13:55:00,8.2,8.349,0.17333333333334344,0.03210576015108596,0.005783758262511953,4.0,63.12639361577278,5.379,13.9,2026-03-03 16:12:00,0.22297852364743984,0.01899999999999835,8.54,2026-03-03 13:57:00,False,,True,2026-03-03 13:58:00,8.067,5.796665616299169,8.259208401661638,8.011983236591638,0.2770635020849852,0.047546807909407796,0.2295166941755774
MOBX,2026-03-03,2026-03-03 14:45:00,False,clean_breakout,previous_high_break_with_pullback_low_support_or_previous_resistance,8.809,9.632,8.761,9.502,605538.0,211423.61499999993,2.8640982228971925,0.7956371986222744,0.14925373134328238,0.05510907003444319,0.8507462686567177,2026-03-03 14:42:00,8.944,8.743,290390.9,191481.41999999998,0.7414448669201484,2026-03-03 14:43:00,8.718,8.879,0.06172839506172677,0.02526833631484804,0.06238819320214667,3.0,46.28499263312986,4.398,13.9,2026-03-03 16:12:00,12.60787202694168,1.1979999999999986,10.7,2026-03-03 14:57:00,True,12.0,False,,,6.025089688733695,8.699997343088697,8.362456859435548,0.29931123654675496,0.15593680876062782,0.14337442778612713
MOBX,2026-03-03,2026-03-03 14:57:00,False,clean_breakout,previous_high_break_with_pullback_low_support_or_previous_resistance,9.895,10.7,9.856,10.6,666360.3,350903.875,1.8989824492533747,0.8353080568720386,0.11848341232227454,0.04620853080568688,0.8815165876777254,2026-03-03 14:52:00,10.0,9.919,348816.0,299306.035,0.16199999999999903,2026-03-03 14:53:00,9.628,9.823,0.5571428571428585,0.03719999999999999,0.05999999999999996,5.0,31.132075471698123,3.3000000000000007,13.9,2026-03-03 16:12:00,13.207547169811324,1.4000000000000004,12.0,2026-03-03 15:26:00,True,28.0,True,2026-03-03 14:59:00,9.387,6.184487785229099,9.904271732721359,9.440832347819116,0.5200955701608052,0.033567196984966574,0.48652837317583864
SBET,2025-05-29,2025-05-29 13:47:00,False,clean_breakout,previous_high_break_with_pullback_low_support_or_previous_resistance,54.33,55.8,54.0,55.28,52189.0,47705.45,1.0939840206936524,0.5277777777777802,0.28888888888888714,0.18333333333333268,0.7111111111111129,2025-05-29 13:44:00,54.74,54.2,56252.0,45463.7,0.033613445378150406,2025-05-29 13:45:00,53.5,54.05,0.624999999999995,0.022652539276580234,0.009864815491413942,3.0,93.25253256150505,51.55,106.83,2025-05-29 16:17:00,9.442836468885671,5.219999999999999,60.5,2025-05-29 13:54:00,False,,False,,,43.971015784127864,53.983643266443906,52.72772038223666,1.5027871642882928,0.03391409250164967,1.4688730717866432
QMCO,2025-02-12,2025-02-12 13:03:00,False,clean_breakout,previous_high_break_with_pullback_low_support_or_previous_resistance,21.4,22.06,21.39,21.91,31757.0,13567.5,2.3406670351943983,0.7611940298507507,0.22388059701492388,0.01492537313432543,0.7761194029850761,2025-02-12 13:01:00,21.45,21.3,5403.0,12984.15,0.20833333333333764,2025-02-12 13:02:00,21.1,21.36,0.38461538461537936,0.01631701631701622,0.021445221445221485,2.0,34.09402099497946,7.469999999999999,29.38,2025-02-12 16:29:00,5.248744865358277,1.1499999999999986,23.06,2025-02-12 13:29:00,False,,False,,,19.365148986000637,21.28470405284494,20.916085570891713,0.4351171712481907,0.022887111404065408,0.4122300598441253
QMCO,2025-02-12,2025-02-12 13:37:00,False,clean_breakout,previous_high_break_with_pullback_low_support_or_previous_resistance,23.6,23.6,23.01,23.16,20057.0,11809.75,1.6983424712631512,0.7457627118644091,0.0,0.2542372881355909,0.2542372881355909,2025-02-12 13:35:00,23.15,23.08,27544.0,10872.05,0.1707317073170738,2025-02-12 13:36:00,23.07,23.6,0.012499999999997503,0.0034557235421165573,0.0004319654427646464,2.0,26.856649395509496,6.219999999999999,29.38,2025-02-12 16:29:00,9.930915371329881,2.3000000000000007,25.46,2025-02-12 13:57:00,False,,True,2025-02-12 13:38:00,22.37,20.587881909874024,23.05856824596196,22.8357608196221,0.3023344684355571,-0.007899735518936135,0.31023420395449325
DFLI,2025-10-02,2025-10-02 12:45:00,False,clean_breakout,previous_high_break_with_pullback_low_support_or_previous_resistance,8.917,9.1,8.911,9.067,186348.7,78414.975,2.376442764918308,0.7936507936507953,0.17460317460317176,0.03174603174603294,0.8253968253968282,2025-10-02 12:42:00,9.0,8.951,180352.6,64675.125000000015,0.1599999999999801,2025-10-02 12:43:00,8.758,8.862,0.5148514851485153,0.026888888888888986,0.007444444444444464,3.0,80.87570309915074,7.332999999999998,16.4,2025-10-02 16:51:00,6.981360979375749,0.6329999999999991,9.7,2025-10-02 12:55:00,False,,False,,,8.187058151049296,8.878230066934835,8.743693906600114,0.1349842084893087,0.03228936265318477,0.10269484583612393
KPLT,2025-01-16,2025-01-16 12:15:00,False,clean_breakout,previous_high_break_with_pullback_low_support_or_previous_resistance,8.88,9.36,8.88,9.3,4864.0,1417.0,3.432604093154552,0.8750000000000023,0.12499999999999768,0.0,0.8750000000000023,2025-01-16 12:09:00,8.89,8.68,1070.0,1197.55,0.0,2025-01-16 12:12:00,8.7,8.84,0.0714285714285823,0.021372328458942776,0.04611923509561306,6.0,30.53763440860215,2.84,12.14,2025-01-16 13:38:00,5.268817204301058,0.48999999999999844,9.79,2025-01-16 12:16:00,False,,True,2025-01-16 12:18:00,8.61,8.26751126126126,8.825162033687484,8.482066179812644,0.38778548079308095,0.03944358385047597,0.348341896942605
ATOM,2026-04-30,2026-04-30 11:06:00,False,clean_breakout,previous_high_break_with_pullback_low_support_or_previous_resistance,7.645,7.74,7.6301,7.74,10219.0,7324.8,1.3951234163390127,0.8644222020018213,0.0,0.1355777979981787,1.0,2026-04-30 11:03:00,7.72,7.7,13427.0,5826.75,0.4999999999999889,2026-04-30 11:05:00,7.62,7.63,0.19999999999999646,0.012953367875647622,0.0025906735751295936,3.0,10.465116279069774,0.8100000000000005,8.55,2026-04-30 16:55:00,1.2919896640826827,0.09999999999999964,7.84,2026-04-30 11:10:00,False,,False,,,7.383648309448486,7.651922093132234,7.594507934612995,0.06588410473268791,0.006431184325161286,0.05945292040752662
CODX,2025-09-16,2025-09-16 11:18:00,False,clean_breakout,previous_high_break_with_pullback_low_support_or_previous_resistance,13.6471,15.2222,13.5781,14.4931,47426.459064,6686.703132299999,7.092652107569625,0.5145672404354962,0.44346450945806215,0.04196825010644168,0.5565354905419378,2025-09-16 11:16:00,14.0281,14.0281,17384.726151,3160.2917300999998,0.0,2025-09-16 11:17:00,13.4611,13.6471,0.3212435233160617,0.04041887354666706,0.0331477534377428,2.0,49.0378179961499,7.107100000000001,21.6002,2025-09-16 16:00:00,39.84723765102014,5.7751,20.2682,2025-09-16 11:43:00,True,5.0,False,,,13.38448478696653,13.391978266056682,12.728100430450443,0.670495985086788,0.19017257065143722,0.48032341443535076
CODX,2025-09-16,2025-09-16 11:23:00,False,clean_breakout,previous_high_break_with_pullback_low_support_or_previous_resistance,14.3251,17.3642,14.2141,17.0972,94374.289581,21460.72039065,4.3975359569996995,0.880003809402876,0.08475921399320639,0.035236976603917544,0.9152407860067936,2025-09-16 11:18:00,15.2222,14.4931,47426.459064,6686.703132299999,0.44346450945806215,2025-09-16 11:22:00,13.8001,14.3641,0.5838509316770191,0.09342276412082355,0.12317536229979897,5.0,26.337645930327774,4.503,21.6002,2025-09-16 16:00:00,18.54689656785906,3.1709999999999994,20.2682,2025-09-16 11:43:00,True,1.0,False,,,14.424046335994415,14.611559470221456,13.642909034849508,0.9775223867476228,0.26852088922664485,0.709001497520978
SBET,2025-06-11,2025-06-11 09:58:00,False,clean_breakout,previous_high_break_with_pullback_low_support_or_previous_resistance,38.25,40.0,38.0,39.25,71415.0,23810.75,2.9992755373098285,0.5,0.375,0.125,0.625,2025-06-11 09:47:00,38.81,38.65,29120.0,17369.95,0.20779220779221175,2025-06-11 09:53:00,37.0,37.34,0.4415584415584442,0.046637464570986914,0.011337284205101718,11.0,26.165605095541412,10.270000000000003,49.52,2025-06-11 12:02:00,5.7324840764331215,2.25,41.5,2025-06-11 10:19:00,False,,True,2025-06-11 10:05:00,36.56,36.709146161498936,38.04706274375175,37.35318108941684,0.8005365496719676,0.006759586183417321,0.7937769634885503
SBET,2025-06-11,2025-06-11 10:44:00,False,clean_breakout,previous_high_break_with_pullback_low_support_or_previous_resistance,42.77,44.0,42.27,43.48,60570.0,22664.5,2.672461338216153,0.4104046242774538,0.3005780346820833,0.28901734104046295,0.6994219653179167,2025-06-11 10:42:00,43.36,43.36,38556.0,19974.7,0.0,2025-06-11 10:43:00,42.55,42.76,0.2727272727272727,0.018680811808118133,0.0027675276752766936,2.0,13.891444342226325,6.040000000000006,49.52,2025-06-11 12:02:00,9.59061637534499,4.170000000000002,47.65,2025-06-11 11:07:00,False,,True,2025-06-11 10:45:00,42.43,38.745207699877525,42.31724028846546,41.4582446289532,0.9524903951674162,0.1789708062561588,0.7735195889112574
QNTM,2026-03-24,2026-03-24 13:39:00,False,clean_breakout,previous_high_break_with_pullback_low_support_or_previous_resistance,4.04,4.2,4.04,4.14,21660.0,5252.5,4.1237505949547835,0.6249999999999972,0.3750000000000028,0.0,0.6249999999999972,2026-03-24 13:34:00,4.11,4.06,5730.0,3833.7,0.0,2026-03-24 13:36:00,3.97,4.03,0.5454545454545465,0.03406326034063263,0.007299270072992544,5.0,25.120772946859905,1.04,5.18,2026-03-24 19:01:00,10.386473429951707,0.4300000000000006,4.57,2026-03-24 14:08:00,True,29.0,False,,,3.6986428085565892,4.05641266399593,4.020156274965907,0.03726022477172819,0.011510831657755339,0.02574939311397285
QNTM,2026-03-24,2026-03-24 15:47:00,False,clean_breakout,previous_high_break_with_pullback_low_support_or_previous_resistance,4.71,4.83,4.71,4.79,22501.0,5949.75,3.781839573091306,0.6666666666666666,0.3333333333333333,0.0,0.6666666666666666,2026-03-24 15:45:00,4.75,4.74,24146.0,4046.3,0.0909090909090887,2026-03-24 15:46:00,4.63,4.75,0.833333333333337,0.025263157894736866,0.008421052631578954,2.0,8.141962421711893,0.3899999999999997,5.18,2026-03-24 19:01:00,0.2087682672233776,0.009999999999999787,4.8,2026-03-24 15:48:00,False,,True,2026-03-24 15:51:00,4.6,4.1220726769174805,4.693296567077301,4.641214849801957,0.04801924839399696,0.021489153467982268,0.026530094926014693
IBRX,2024-10-25,2024-10-25 13:57:00,False,clean_breakout,previous_high_break_with_pullback_low_support_or_previous_resistance,6.4095,6.595,6.4,6.575,409551.0,141152.65,2.901475813596132,0.8487179487179501,0.1025641025641007,0.0487179487179492,0.8974358974358994,2024-10-25 13:55:00,6.37,6.36,144633.0,121622.25,0.14285714285713924,2024-10-25 13:56:00,6.345,6.41,0.23076923076923814,0.003924646781789695,0.03218210361067505,2.0,13.764258555133082,0.9050000000000002,7.48,2024-10-25 14:07:00,13.764258555133082,0.9050000000000002,7.48,2024-10-25 14:07:00,True,10.0,False,,,5.592284696364039,6.367406249061824,6.287058612338853,0.08115194898910172,0.02382609281846039,0.05732585617064133
IBRX,2024-10-25,2024-10-25 14:06:00,False,clean_breakout,previous_high_break_with_pullback_low_support_or_previous_resistance,6.9348,7.1799,6.84,7.1799,564223.0,229548.2,2.4579717898027513,0.7210944395410409,0.0,0.2789055604589591,1.0,2024-10-25 14:04:00,6.8,6.8,202142.0,192197.05,0.0,2024-10-25 14:05:00,6.77,6.9309,0.11764705882353156,0.004411764705882389,0.05586764705882355,2.0,4.179723951587076,0.3001000000000005,7.48,2024-10-25 14:07:00,4.179723951587076,0.3001000000000005,7.48,2024-10-25 14:07:00,False,,True,2024-10-25 14:18:00,6.61,5.686798319685233,6.805693621480482,6.606493813358066,0.20080356142422495,0.05635796809855964,0.1444455933256653
RADX,2025-03-03,2025-03-03 11:48:00,False,clean_breakout,previous_high_break_with_pullback_low_support_or_previous_resistance,9.44,10.48,9.3,10.48,125847.0,121771.35,1.0334696954579217,0.8813559322033908,0.0,0.11864406779660917,1.0,2025-03-03 11:42:00,10.27,10.04,211283.0,101817.0,0.4035087719298251,2025-03-03 11:45:00,9.3,9.68,0.4999999999999985,0.09444985394352472,0.020447906523855974,6.0,4.961832061068698,0.5199999999999996,11.0,2025-03-03 11:50:00,4.961832061068698,0.5199999999999996,11.0,2025-03-03 11:50:00,False,,True,2025-03-03 12:03:00,8.4,8.791558835870115,9.729387181382739,9.198700499374135,0.6675720520044468,-0.036570182570557996,0.7041422345750048
NXTT,2026-03-27,2026-03-27 10:06:00,False,clean_breakout,previous_high_break_with_pullback_low_support_or_previous_resistance,1.77,2.03,1.77,1.9401,162943.0,27199.15,5.990738681172021,0.6542307692307695,0.34576923076923055,0.0,0.6542307692307695,2026-03-27 10:03:00,1.83,1.77,34192.0,18153.45,0.42887776983559683,2026-03-27 10:04:00,1.71,1.74,0.5,0.06557377049180334,0.06016393442622943,3.0,37.106334725014186,0.7199000000000002,2.66,2026-03-27 14:07:00,7.210968506778008,0.13990000000000014,2.08,2026-03-27 10:13:00,False,,True,2026-03-27 10:15:00,1.685,1.6948245814069973,1.7508669935921652,1.6487580809173346,0.10344697993179319,0.02383687203984214,0.07961010789195105
AMPG,2026-05-21,2026-05-21 13:16:00,False,clean_breakout,previous_high_break_with_pullback_low_support_or_previous_resistance,4.999,5.13,4.995,5.125,229233.0,40349.0,5.68125604104191,0.9333333333333372,0.037037037037036306,0.029629629629626415,0.9629629629629637,2026-05-21 13:10:00,5.01,4.9974,353202.0,25341.85,0.5040000000000086,2026-05-21 13:15:00,4.99,5.0,0.0,0.003992015968063787,0.02295409181636731,6.0,7.317073170731707,0.375,5.5,2026-05-21 14:19:00,3.4146341463414602,0.17499999999999982,5.3,2026-05-21 13:46:00,False,,False,,,4.829898648515198,5.014450348419683,4.985894234027623,0.02604750218410956,0.011485199506714611,0.01456230267739495
MTVA,2025-09-15,2025-09-15 13:41:00,False,clean_breakout,previous_high_break_with_pullback_low_support_or_previous_resistance,10.956,11.99,10.6931,11.66,65446.661826,23518.89011745,2.7827274798754815,0.5428329092451232,0.2544529262086513,0.2027141645462256,0.7455470737913487,2025-09-15 13:39:00,11.22,11.2178,66823.205904,18803.699378100002,0.0031545741324924027,2025-09-15 13:40:00,10.5721,10.923,0.5415959252971128,0.057745098039215674,0.039215686274509755,2.0,63.198113207547166,7.3689,19.0289,2025-09-15 15:51:00,35.84905660377358,4.18,15.84,2025-09-15 14:10:00,True,15.0,True,2025-09-15 13:48:00,9.9,10.262963125257746,10.610260753231982,9.86436157785502,0.777913474761311,0.1896455397799761,0.5882679349813349
MTVA,2025-09-15,2025-09-15 14:10:00,False,clean_breakout,previous_high_break_with_pullback_low_support_or_previous_resistance,14.6234,15.84,14.52,15.6222,143859.037959,84746.13798105,1.6975291309577811,0.7566666666666659,0.16500000000000029,0.07833333333333377,0.8349999999999997,2025-09-15 14:07:00,15.62,15.0579,129916.506447,75751.26970319999,0.3005882352941173,2025-09-15 14:09:00,14.08,14.6245,0.7071428571428566,0.0985915492957746,0.00014084507042254815,3.0,21.806787776369532,3.4067000000000007,19.0289,2025-09-15 15:51:00,0.69004365582313,0.107800000000001,15.73,2025-09-15 14:11:00,False,,True,2025-09-15 14:16:00,13.31,12.429984670395614,14.473871213480734,13.44490711841081,1.1677562095191245,0.13397120142355812,1.0337850080955664
PLYX,2026-03-10,2026-03-10 12:32:00,False,clean_breakout,previous_high_break_with_pullback_low_support_or_previous_resistance,4.41,4.5,4.4,4.49,11144.0,4070.95,2.7374445768186786,0.8000000000000036,0.09999999999999823,0.09999999999999823,0.9000000000000018,2026-03-10 12:30:00,4.45,4.4,5307.0,3448.7,0.4000000000000107,2026-03-10 12:31:00,4.42,4.45,0.6666666666666765,0.006741573033707921,0.008988764044943828,2.0,64.58797327394208,2.8999999999999995,7.39,2026-03-10 14:08:00,7.572383073496655,0.33999999999999986,4.83,2026-03-10 13:00:00,False,,True,2026-03-10 12:39:00,4.41,4.02275558722932,4.411411587494721,4.377953461278222,0.036808224954497426,0.009662933629950268,0.02714529132454716
PLYX,2026-03-10,2026-03-10 12:58:00,False,clean_breakout,previous_high_break_with_pullback_low_support_or_previous_resistance,4.59,4.69,4.59,4.68,11149.0,5089.6,2.190545425966677,0.8999999999999938,0.10000000000000622,0.0,0.8999999999999938,2026-03-10 12:56:00,4.65,4.61,4853.0,5485.8,0.5714285714285696,2026-03-10 12:57:00,4.64,4.64,0.0,0.002150537634408747,0.0064516129032256685,2.0,57.90598290598291,2.71,7.39,2026-03-10 14:08:00,4.700854700854714,0.22000000000000064,4.9,2026-03-10 13:28:00,False,,True,2026-03-10 13:02:00,4.49,4.138067022887966,4.591664902815623,4.53134646255025,0.06151378567170607,0.02001457591552859,0.04149920975617748
PLYX,2026-03-10,2026-03-10 13:00:00,False,clean_breakout,previous_high_break_with_pullback_low_support_or_previous_resistance,4.65,4.83,4.65,4.8,13935.0,5871.85,2.37318732597052,0.8333333333333317,0.16666666666666832,0.0,0.8333333333333317,2026-03-10 12:58:00,4.69,4.68,11149.0,5089.6,0.10000000000000622,2026-03-10 12:59:00,4.64,4.64,0.0,0.010660980810234692,0.023454157782515868,2.0,53.95833333333333,2.59,7.39,2026-03-10 14:08:00,2.7083333333333313,0.1299999999999999,4.93,2026-03-10 13:29:00,False,,True,2026-03-10 13:02:00,4.49,4.166512744173251,4.641065537801999,4.566294950069479,0.07528038282632199,0.023329216079925802,0.05195116674639619
PLYX,2026-03-10,2026-03-10 13:35:00,False,clean_breakout,previous_high_break_with_pullback_low_support_or_previous_resistance,4.98,5.36,4.93,5.35,90285.0,16905.6,5.340538046564452,0.8604651162790667,0.02325581395348991,0.11627906976744334,0.9767441860465101,2026-03-10 13:33:00,4.93,4.92,12605.0,10260.6,0.09999999999999823,2026-03-10 13:34:00,4.91,4.98,0.24999999999999445,0.004056795131845756,0.08519269776876266,2.0,38.13084112149533,2.04,7.39,2026-03-10 14:08:00,28.785046728971963,1.54,6.89,2026-03-10 13:58:00,True,11.0,False,,,4.4814393673233,4.962613133375025,4.848739759511964,0.11003063484671305,0.03996435427551337,0.07006628057119968
PLYX,2026-03-10,2026-03-10 13:58:00,False,clean_breakout,previous_high_break_with_pullback_low_support_or_previous_resistance,6.47,6.89,6.37,6.82,515033.0,251213.25,2.0501824644997826,0.6730769230769247,0.13461538461538355,0.1923076923076918,0.8653846153846164,2026-03-10 13:55:00,6.48,6.32,267760.0,212027.1,0.6153846153846143,2026-03-10 13:56:00,6.21,6.42,0.5769230769230788,0.041666666666666734,0.05246913580246911,3.0,8.357771260997058,0.5699999999999994,7.39,2026-03-10 14:08:00,8.357771260997058,0.5699999999999994,7.39,2026-03-10 14:08:00,False,,False,,,5.748149984870175,6.340173734799153,6.004090158615942,0.3754835850182321,0.045451082335770665,0.3300325026824614
BMNR,2025-07-02,2025-07-02 13:26:00,False,clean_breakout,previous_high_break_with_pullback_low_support_or_previous_resistance,58.01,62.0,58.01,60.66,343028.0,57789.05,5.93586501248939,0.6641604010025056,0.33583959899749444,0.0,0.6641604010025056,2025-07-02 13:24:00,58.7,58.34,61346.0,45277.3,0.25179856115108007,2025-07-02 13:25:00,57.85,58.01,0.2857142857142821,0.01448040885860309,0.03339011925042579,2.0,4.813715792944283,2.9200000000000017,63.58,2025-07-02 15:08:00,2.5881965051104525,1.5700000000000003,62.23,2025-07-02 13:27:00,False,,True,2025-07-02 13:34:00,57.51,53.049271159390585,57.996949266143446,56.97535217418088,1.0582710224181966,0.2860954596513554,0.7721755627668412
BMNR,2025-07-02,2025-07-02 14:37:00,False,clean_breakout,previous_high_break_with_pullback_low_support_or_previous_resistance,59.42,61.0,59.05,60.92,77773.0,43557.2,1.7855371786983554,0.7692307692307682,0.04102564102564009,0.1897435897435918,0.9589743589743599,2025-07-02 14:35:00,59.26,59.18,48652.0,35252.85,0.13333333333333017,2025-07-02 14:36:00,58.99,59.07,0.0,0.004556193047586838,0.02801214984812696,2.0,4.366382140512141,2.6599999999999966,63.58,2025-07-02 15:08:00,3.414313854235059,2.0799999999999983,63.0,2025-07-02 15:07:00,False,,True,2025-07-02 14:40:00,58.13,53.77736027717554,58.807980544667984,57.93094776618152,0.8287259803990921,0.352700912542109,0.47602506785698306
RPGL,2026-01-29,2026-01-29 13:49:00,False,clean_breakout,previous_high_break_with_pullback_low_support_or_previous_resistance,14.154,16.834,13.682,16.442,85167.0,22638.73,3.7620043173799944,0.7258883248730967,0.1243654822335024,0.1497461928934009,0.8756345177664976,2026-01-29 13:41:00,14.77,13.034,57735.85,8484.56,0.7917570498915398,2026-01-29 13:42:00,12.46,12.9,0.43912175648702595,0.15639810426540277,0.11320243737305354,8.0,129.8990390463447,21.357999999999997,37.8,2026-01-29 18:30:00,9.475732879211773,1.5579999999999998,18.0,2026-01-29 13:52:00,False,,False,,,11.387205153663292,13.884647735232093,12.769328985718614,1.088748363114096,0.3231153122263326,0.7656330508877633
QNRX,2024-10-18,2024-10-18 09:40:00,False,clean_breakout,previous_high_break_with_pullback_low_support_or_previous_resistance,25.2039,26.6424,25.2039,26.2504,600.27671,349.39475900000014,1.7180472646986664,0.7274939172749391,0.2725060827250609,0.0,0.7274939172749391,2024-10-18 09:32:00,25.5504,25.2004,1028.784568,129.11663464999998,0.2659574468085119,2024-10-18 09:39:00,24.5039,25.2004,0.799196787148593,0.040958262884338334,0.02739683136076145,8.0,73.33335872977175,19.250300000000003,45.5007,2024-10-18 11:47:00,9.333191113278271,2.4499999999999993,28.7004,2024-10-18 09:48:00,False,,False,,,24.795152552768247,25.26138312372428,24.835298943130482,0.42939487070129445,0.11885611825479364,0.3105387524465008
QNRX,2024-10-18,2024-10-18 09:45:00,False,clean_breakout,previous_high_break_with_pullback_low_support_or_previous_resistance,26.4709,27.2934,26.3204,27.2934,569.477172,504.89671215,1.127908259839913,0.8453237410071931,0.0,0.1546762589928069,1.0,2024-10-18 09:41:00,26.9504,26.2504,965.899797,396.83261885000013,0.2144846796657361,2024-10-18 09:42:00,25.7324,26.6809,0.5461254612546117,0.04519413440987889,0.012727083828069342,4.0,66.70953417309681,18.207300000000004,45.5007,2024-10-18 11:47:00,5.155092439930533,1.407,28.7004,2024-10-18 09:48:00,False,,True,2024-10-18 09:50:00,25.6309,25.277482580087366,26.22245814998198,25.546095474765792,0.6868748206245243,0.19433038277683712,0.4925444378476872
QNRX,2024-10-18,2024-10-18 11:16:00,False,clean_breakout,previous_high_break_with_pullback_low_support_or_previous_resistance,30.8495,33.9015,30.804,33.604,10442.614787,1201.2162672000002,8.693367774099022,0.8892655367231639,0.0960451977401128,0.014689265536723338,0.9039548022598872,2024-10-18 11:14:00,30.8005,30.258,1119.326067,601.3924075499998,0.6651544874938702,2024-10-18 11:15:00,30.279,30.846,0.0,0.01693154331910195,0.09102124965503806,2.0,35.402630639209626,11.896700000000003,45.5007,2024-10-18 11:47:00,32.27800261873586,10.846699999999998,44.4507,2024-10-18 11:42:00,True,12.0,False,,,28.25585229841378,30.50359268894692,29.620006856756884,0.8031801476043157,0.4420019608827106,0.36117818672160507
QNRX,2024-10-18,2024-10-18 11:17:00,False,clean_breakout,previous_high_break_with_pullback_low_support_or_previous_resistance,33.6075,33.8805,31.2205,31.5775,5839.226696,1486.3477044500003,3.9285738313571215,0.7631578947368435,0.1026315789473671,0.1342105263157894,0.1342105263157894,2024-10-18 11:15:00,30.846,30.846,1965.827655,697.7338195499999,0.0,2024-10-18 11:16:00,30.804,33.604,0.014689265536723338,0.0013616028010115279,0.023714582117616564,2.0,44.09215422373526,13.923200000000001,45.5007,2024-10-18 11:47:00,44.09215422373526,13.923200000000001,45.5007,2024-10-18 11:47:00,True,10.0,False,,,28.55186775199504,30.718374151157537,29.80643477516099,0.8568826448640365,0.42559002490894404,0.4312926199550925
MTC,2025-11-11,2025-11-11 10:49:00,False,clean_breakout,previous_high_break_with_pullback_low_support_or_previous_resistance,2.8199,2.91,2.8128,2.895,80248.0,35794.65,2.241899278244095,0.7726337448559669,0.15432098765432234,0.07304526748971078,0.8456790123456777,2025-11-11 10:45:00,2.89,2.84,80023.0,40009.5,0.4166666666666685,2025-11-11 10:46:00,2.78,2.825,0.48596112311015516,0.03806228373702433,0.0017301038062283367,4.0,17.098445595854926,0.4950000000000001,3.39,2025-11-11 11:53:00,8.80829015544041,0.2549999999999999,3.15,2025-11-11 10:53:00,False,,False,,,2.6052820479880268,2.8086090448903756,2.7596752554592263,0.05725120816549678,0.011473069602615654,0.04577813856288113
NVTS,2025-05-27,2025-05-27 10:47:00,False,clean_breakout,previous_high_break_with_pullback_low_support_or_previous_resistance,5.425,5.58,5.42,5.5194,839644.0,454892.0,1.845809554795424,0.5900000000000011,0.3787499999999996,0.031249999999999306,0.6212500000000004,2025-05-27 10:45:00,5.5,5.46,575905.0,452896.5,0.4166666666666753,2025-05-27 10:46:00,5.41,5.43,0.3333333333333284,0.016363636363636337,0.0035272727272727426,2.0,36.40975468348008,2.0096,7.529,2025-05-27 12:13:00,19.5782150233721,1.0805999999999996,6.6,2025-05-27 11:17:00,True,13.0,False,,,5.084876063549705,5.452603153507186,5.40396991773899,0.0651271882315072,-0.004411490088206058,0.06953867831971326
NVTS,2025-05-27,2025-05-27 12:07:00,False,clean_breakout,previous_high_break_with_pullback_low_support_or_previous_resistance,7.2405,7.4,7.24,7.3811,997106.0,963580.5,1.0347926301954014,0.8787499999999996,0.11812500000000214,0.0031249999999982654,0.8818749999999979,2025-05-27 12:03:00,7.35,7.195,1476374.0,981610.6,0.09090909090908908,2025-05-27 12:04:00,7.16,7.18,0.22222222222221782,0.025850340136054355,0.004231292517006851,4.0,2.0037663762853763,0.14789999999999992,7.529,2025-05-27 12:13:00,2.0037663762853763,0.14789999999999992,7.529,2025-05-27 12:13:00,False,,True,2025-05-27 12:17:00,7.12,6.071643383029607,7.216911232127542,7.092803777789881,0.1422738310994367,0.01822678471861544,0.12404704638082126
QURE,2024-07-10,2024-07-10 10:51:00,False,clean_breakout,previous_high_break_with_pullback_low_support_or_previous_resistance,8.41,8.59,8.36,8.58,386225.0,174617.75,2.2118312714486357,0.739130434782607,0.04347826086956421,0.21739130434782877,0.9565217391304358,2024-07-10 10:46:00,8.52,8.45,337147.0,190907.65,0.46666666666666745,2024-07-10 10:49:00,8.36,8.43,0.5833333333333308,0.018779342723004713,0.00704225352112682,5.0,32.28438228438228,2.7699999999999996,11.35,2024-07-10 15:16:00,7.925407925407922,0.6799999999999997,9.26,2024-07-10 11:15:00,False,,False,,,7.713195873172828,8.426551283436066,8.308511144649566,0.15132906882206498,0.0020800278106780645,0.14924904101138692
QMCO,2024-12-26,2024-12-26 09:49:00,False,clean_breakout,previous_high_break_with_pullback_low_support_or_previous_resistance,48.0,49.37,47.94,49.17,28675.0,9140.25,3.137222723667296,0.8181818181818196,0.1398601398601369,0.041958041958043556,0.8601398601398631,2024-12-26 09:46:00,48.5,48.23,18025.0,7112.0,0.40909090909091594,2024-12-26 09:48:00,47.81,48.2,0.8974358974358816,0.014226804123711294,0.013814432989690756,3.0,61.663616026032116,30.319999999999993,79.49,2024-12-26 19:30:00,8.704494610534882,4.280000000000001,53.45,2024-12-26 09:58:00,False,,False,,,46.74396086649204,47.87145324427343,46.85826868524047,1.0678872879578165,0.19855053826895197,0.8693367496888645
QMCO,2024-12-26,2024-12-26 09:56:00,False,clean_breakout,previous_high_break_with_pullback_low_support_or_previous_resistance,49.04,50.88,48.97,50.88,35929.0,13000.6,2.7636416780763966,0.963350785340314,0.0,0.036649214659685944,1.0,2024-12-26 09:50:00,49.49,49.01,23302.0,9625.3,0.38095238095237977,2024-12-26 09:55:00,48.17,49.3,0.3008849557522103,0.026672054960598105,0.028086482117599527,6.0,56.23034591194966,28.609999999999992,79.49,2024-12-26 19:30:00,5.051100628930818,2.5700000000000003,53.45,2024-12-26 09:58:00,False,,False,,,47.69759468133307,49.136015999413466,48.106811630159136,1.1702252096232613,0.08725151900197448,1.0829736906212868
QMCO,2024-12-26,2024-12-26 12:37:00,False,clean_breakout,previous_high_break_with_pullback_low_support_or_previous_resistance,59.78,62.7,59.78,62.56,65992.0,10628.9,6.2087327945507065,0.9520547945205478,0.04794520547945222,0.0,0.9520547945205478,2024-12-26 12:34:00,59.9,59.51,9718.0,8142.5,0.12820512820512073,2024-12-26 12:35:00,58.86,59.3,0.555555555555552,0.017362270450751238,0.044407345575959996,3.0,27.062020460358045,16.929999999999993,79.49,2024-12-26 19:30:00,7.832480818414308,4.8999999999999915,67.46,2024-12-26 12:43:00,False,,False,,,53.5325963301368,59.88677979734848,59.02438034873874,0.826339608289345,0.2900698873304135,0.5362697209589316
QMCO,2024-12-26,2024-12-26 15:51:00,False,clean_breakout,previous_high_break_with_pullback_low_support_or_previous_resistance,69.65,70.58,69.49,70.58,30108.0,12731.5,2.3648431056827555,0.8532110091743025,0.0,0.14678899082569752,1.0,2024-12-26 15:49:00,69.7,69.69,8779.0,11719.95,0.028571428571442493,2024-12-26 15:50:00,69.35,69.67,0.5333333333333381,0.0050215208034434505,0.012625538020086018,2.0,12.62397279682629,8.909999999999997,79.49,2024-12-26 19:30:00,1.9127231510342995,1.3500000000000085,71.93,2024-12-26 15:53:00,False,,True,2024-12-26 15:56:00,69.3,59.03516649213518,69.34378438698077,68.49604380445604,1.029956488754948,0.05637234122653789,0.97358414752841
QUBT,2024-12-18,2024-12-18 09:43:00,False,clean_breakout,previous_high_break_with_pullback_low_support_or_previous_resistance,21.15,22.77,21.0,22.34,1871993.0,1299135.15,1.440953237236326,0.6723163841807919,0.24293785310734453,0.08474576271186363,0.7570621468926555,2024-12-18 09:41:00,22.28,20.9799,2222664.0,1138639.15,0.03680981595092158,2024-12-18 09:42:00,20.5615,21.15,0.34216985763377666,0.07713195691202883,0.002692998204667806,2.0,21.530886302596233,4.809999999999999,27.15,2024-12-18 15:54:00,8.325872873769022,1.8599999999999994,24.2,2024-12-18 09:50:00,False,,False,,,19.760925565009835,20.950291622866903,20.20731948298622,0.6658108916610246,0.35254894895819766,0.3132619427028269
GLUE,2024-10-28,2024-10-28 10:01:00,False,clean_breakout,previous_high_break_with_pullback_low_support_or_previous_resistance,7.87,8.22,7.75,8.11,774280.0,409205.2,1.8921558181567584,0.5106382978723383,0.23404255319149161,0.2553191489361701,0.7659574468085084,2024-10-28 09:59:00,7.95,7.77,387374.0,401369.5,0.28124999999999933,2024-10-28 10:00:00,7.77,7.88,0.11764705882353156,0.02264150943396234,0.020125786163521918,2.0,52.897657213316904,4.290000000000001,12.4,2024-10-28 14:21:00,4.192355117139333,0.33999999999999986,8.45,2024-10-28 10:03:00,False,,True,2024-10-28 10:24:00,7.73,7.080728029034461,7.744560509771661,7.4428282321926424,0.33028109892653656,0.0575700078339777,0.27271109109255887
PSTV,2025-03-20,2025-03-20 10:04:00,False,clean_breakout,previous_high_break_with_pullback_low_support_or_previous_resistance,16.845,17.9725,16.7525,17.95,34654.6,15142.475999999999,2.288568923602719,0.905737704918034,0.018442622950820386,0.07581967213114563,0.9815573770491796,2025-03-20 09:59:00,16.93,16.415,28992.16,10274.376,0.3495145631067952,2025-03-20 10:03:00,16.0725,16.9125,0.11889596602972162,0.05064973419964549,0.06024808033077375,5.0,189.69359331476323,34.05,52.0,2025-03-20 15:00:00,21.169916434540394,3.8000000000000007,21.75,2025-03-20 10:34:00,True,17.0,False,,,15.34285729911393,16.619112153821376,16.057236457446287,0.5806762145457629,0.16218536331010824,0.41849085123565466
PSTV,2025-03-20,2025-03-20 10:07:00,False,clean_breakout,previous_high_break_with_pullback_low_support_or_previous_resistance,17.4375,18.5675,17.4375,18.3,70036.84,19368.338,3.616048005771068,0.7632743362831872,0.23672566371681286,0.0,0.7632743362831872,2025-03-20 10:04:00,17.9725,17.95,34654.6,15142.475999999999,0.018442622950820386,2025-03-20 10:06:00,17.19,17.5,0.561085972850678,0.04353873974127132,0.018222284045068888,3.0,184.15300546448088,33.7,52.0,2025-03-20 15:00:00,19.726775956284147,3.6099999999999994,21.91,2025-03-20 10:35:00,True,14.0,True,2025-03-20 10:12:00,17.08,15.64556881942726,17.237145422756548,16.524784025658576,0.7365263562217201,0.19185526314823986,0.5446710930734803
PSTV,2025-03-20,2025-03-20 10:40:00,False,clean_breakout,previous_high_break_with_pullback_low_support_or_previous_resistance,20.5275,23.25,20.5275,22.4475,84002.64,44959.202,1.8684192837764337,0.7052341597796149,0.2947658402203851,0.0,0.7052341597796149,2025-03-20 10:35:00,21.91,21.79,39557.6,44208.182,0.2926829268292706,2025-03-20 10:39:00,20.4325,20.545,0.24590163934426407,0.06743496120492921,0.024532177088087696,5.0,131.651631584809,29.5525,52.0,2025-03-20 15:00:00,3.5750083528232475,0.8024999999999984,23.25,2025-03-20 10:43:00,False,,True,2025-03-20 10:45:00,20.2775,17.913847436829073,21.14220454407039,20.423590937649927,0.8943110242973731,-0.010865233568138288,0.9051762578655114
PSTV,2025-03-20,2025-03-20 11:45:00,False,clean_breakout,previous_high_break_with_pullback_low_support_or_previous_resistance,27.5,28.75,27.0,28.23,57957.08,58229.367999999995,0.9953238716243668,0.41714285714285737,0.2971428571428569,0.2857142857142857,0.7028571428571431,2025-03-20 11:43:00,28.0,26.9975,53911.6,59306.945999999996,0.5,2025-03-20 11:44:00,26.75,27.4725,0.3133333333333326,0.044642857142857144,0.00821428571428573,2.0,84.20120439249025,23.77,52.0,2025-03-20 15:00:00,10.69783917817924,3.0199999999999996,31.25,2025-03-20 11:54:00,True,9.0,False,,,20.618493541829526,26.84566867154922,25.680571875091342,1.3639184341730584,0.10211265554613047,1.2618057786269279
PSTV,2025-03-20,2025-03-20 11:49:00,False,clean_breakout,previous_high_break_with_pullback_low_support_or_previous_resistance,27.9875,29.25,27.75,29.02,89508.04,49082.92199999999,1.823608627049547,0.6883333333333326,0.15333333333333363,0.1583333333333338,0.8466666666666663,2025-03-20 11:45:00,28.75,28.23,57957.08,58229.367999999995,0.2971428571428569,2025-03-20 11:47:00,26.75,27.375,0.5,0.06956521739130435,0.009391304347826071,4.0,79.1867677463818,22.98,52.0,2025-03-20 15:00:00,7.684355616815991,2.2300000000000004,31.25,2025-03-20 11:54:00,False,,True,2025-03-20 12:04:00,26.5,20.872123282256506,27.61048188786657,26.471909453025123,1.3714961527372758,0.07457300896701691,1.2969231437702589
PSTV,2025-03-20,2025-03-20 14:25:00,False,clean_breakout,previous_high_break_with_pullback_low_support_or_previous_resistance,43.625,45.5,43.25,44.875,75024.52,40012.770000000004,1.8750144016522725,0.5555555555555556,0.2777777777777778,0.16666666666666666,0.7222222222222222,2025-03-20 14:21:00,43.75,43.375,48751.84,43116.02,0.25041736227045036,2025-03-20 14:22:00,42.25,43.25,0.8,0.03428571428571429,0.025714285714285714,4.0,15.87743732590529,7.125,52.0,2025-03-20 15:00:00,15.32033426183844,6.875,51.75,2025-03-20 14:52:00,True,25.0,False,,,27.568424909078157,42.864672165303766,41.35401548671063,1.6303580936523545,0.3265241193337438,1.3038339743186107
FRMM,2025-08-12,2025-08-12 14:19:00,False,clean_breakout,previous_high_break_with_pullback_low_support_or_previous_resistance,97.712,101.999,97.7,101.2,61352.7,54649.69499999999,1.1226540239611584,0.8113514770876962,0.18585717608746075,0.0027913468248430976,0.8141428239125392,2025-08-12 14:15:00,100.0,99.001,90638.8,49133.225,0.27749999999999914,2025-08-12 14:18:00,97.0,97.7,0.2916666666666672,0.03,0.012000000000000028,4.0,25.889328063241106,26.200000000000003,127.4,2025-08-12 14:47:00,25.889328063241106,26.200000000000003,127.4,2025-08-12 14:47:00,True,8.0,True,2025-08-12 14:22:00,94.801,68.6188628606653,97.69394257345925,95.027067582322,2.8481771788303973,0.5317846010798712,2.316392577750526
FRMM,2025-08-12,2025-08-12 14:25:00,False,clean_breakout,previous_high_break_with_pullback_low_support_or_previous_resistance,101.3,107.383,100.8,105.9,121803.9,62776.58,1.9402761348260766,0.6987695579523029,0.2252772292267948,0.07595321282090234,0.7747227707732052,2025-08-12 14:19:00,101.999,101.2,61352.7,54649.69499999999,0.18585717608746075,2025-08-12 14:23:00,94.2,97.9,0.375,0.07646153393660715,0.038245472994833385,6.0,20.30217186024551,21.5,127.4,2025-08-12 14:47:00,20.30217186024551,21.5,127.4,2025-08-12 14:47:00,True,8.0,False,,,69.45797110305884,99.92931793797693,97.36820431980222,2.8849832596950904,0.21877118607652468,2.6662120736185657
QNTM,2025-02-05,2025-02-05 11:01:00,False,clean_breakout,previous_high_break_with_pullback_low_support_or_previous_resistance,6.59,6.77,6.59,6.77,30198.0,8082.15,3.7363820270596317,1.0,0.0,0.0,1.0,2025-02-05 10:59:00,6.65,6.56,12930.0,6510.05,0.40000000000000235,2025-02-05 11:00:00,6.5,6.59,0.0,0.02255639097744366,0.01804511278195477,2.0,48.44903988183163,3.280000000000001,10.05,2025-02-05 13:24:00,15.214180206794687,1.0300000000000002,7.8,2025-02-05 11:20:00,True,19.0,False,,,6.2574699057268655,6.565493563110963,6.478870353113991,0.08305397989959395,0.03671922317669506,0.0463347567228989
QNTM,2025-02-05,2025-02-05 11:14:00,False,clean_breakout,previous_high_break_with_pullback_low_support_or_previous_resistance,6.88,7.2,6.87,7.14,66509.0,19090.95,3.4837972966248403,0.7878787878787871,0.1818181818181833,0.03030303030302965,0.8181818181818167,2025-02-05 11:12:00,6.98,6.92,46871.0,16016.95,0.3000000000000022,2025-02-05 11:13:00,6.86,6.9,0.0,0.01719197707736391,0.022922636103151754,2.0,40.75630252100842,2.910000000000001,10.05,2025-02-05 13:24:00,11.904761904761912,0.8500000000000005,7.99,2025-02-05 11:43:00,True,19.0,False,,,6.339405428628221,6.866406335381252,6.738639826297581,0.13620436302965722,0.026215454675374394,0.10998890835428282
QNTM,2025-02-05,2025-02-05 13:00:00,False,clean_breakout,previous_high_break_with_pullback_low_support_or_previous_resistance,9.08,9.72,9.06,9.7,268039.0,103309.95,2.5945129196171326,0.939393939393938,0.03030303030303234,0.03030303030302965,0.9696969696969676,2025-02-05 12:58:00,9.4,9.4,229580.0,78383.45,0.0,2025-02-05 12:59:00,9.03,9.08,0.1351351351351367,0.03936170212765968,0.03191489361702116,2.0,3.608247422680427,0.3500000000000014,10.05,2025-02-05 13:24:00,3.608247422680427,0.3500000000000014,10.05,2025-02-05 13:24:00,False,,True,2025-02-05 13:10:00,8.87,7.577692477298546,8.991324983128285,8.584968972231463,0.41313091554214587,0.10993452811009341,0.30319638743205246
PBM,2024-12-19,2024-12-19 12:07:00,False,clean_breakout,previous_high_break_with_pullback_low_support_or_previous_resistance,337.7274,378.5686,329.2594,364.128,32549.92772432,16991.415317376002,1.9156690079273933,0.5354092136964301,0.29285812789499777,0.17173265840857213,0.7071418721050022,2024-12-19 11:52:00,361.1392,354.026,21943.11126832,14862.617116599999,0.1680003023117403,2024-12-19 11:57:00,275.9602,291.9001,0.4262296160997849,0.23586196126036726,0.008276033175019409,15.0,7.660740179277618,27.894900000000007,392.0229,2024-12-19 12:08:00,7.660740179277618,27.894900000000007,392.0229,2024-12-19 12:08:00,False,,True,2024-12-19 12:22:00,260.5184,228.24468770921823,321.59063712385597,302.7194009149995,23.6925120295777,0.9912295129337636,22.701282516643936
HYPD,2025-06-17,2025-06-17 10:01:00,False,clean_breakout,previous_high_break_with_pullback_low_support_or_previous_resistance,3.55,3.69,3.5298,3.62,61076.0,19695.7,3.1009814324954177,0.43695380774032605,0.4369538077403233,0.1260923845193507,0.5630461922596768,2025-06-17 09:57:00,3.575,3.5688,25433.0,16219.35,0.09538461538461797,2025-06-17 09:59:00,3.51,3.53,0.5,0.018181818181818292,0.012587412587412567,4.0,126.79558011049726,4.590000000000001,8.21,2025-06-17 15:06:00,35.35911602209945,1.2800000000000002,4.9,2025-06-17 10:26:00,True,6.0,False,,,3.37637400580586,3.5258073936113123,3.434139404985724,0.09804588361726863,0.01409734286866357,0.08394854074860505
HYPD,2025-06-17,2025-06-17 14:57:00,False,clean_breakout,previous_high_break_with_pullback_low_support_or_previous_resistance,5.58,6.4194,5.51,6.3,573913.0,82273.0,6.975714997629842,0.791730811524081,0.13129535957774416,0.07697382889817488,0.8687046404222558,2025-06-17 14:55:00,5.55,5.4245,521531.0,31254.5,0.17676056338028132,2025-06-17 14:56:00,5.27,5.5503,0.4577006507592203,0.0504504504504505,0.13513513513513514,2.0,30.317460317460338,1.910000000000001,8.21,2025-06-17 15:06:00,30.317460317460338,1.910000000000001,8.21,2025-06-17 15:06:00,True,3.0,False,,,4.664601228078562,5.3335207146650285,5.1053465212008105,0.1838895079872902,0.13293386676992303,0.05095564121736717
NVNI,2025-04-30,2025-04-30 10:26:00,False,clean_breakout,previous_high_break_with_pullback_low_support_or_previous_resistance,2.987,3.153,2.978,3.141,292602.9,137544.965,2.127325416819147,0.8800000000000004,0.0685714285714287,0.05142857142857089,0.9314285714285713,2025-04-30 10:22:00,3.1,3.008,292459.8,110342.44999999998,0.5348837209302325,2025-04-30 10:24:00,2.923,2.962,0.4020618556701047,0.0570967741935484,0.013225806451612879,4.0,77.07736389684815,2.4210000000000003,5.562,2025-04-30 16:33:00,11.42948105698822,0.359,3.5,2025-04-30 10:55:00,True,29.0,True,2025-04-30 10:36:00,2.868,2.6676917060169925,2.9665677719501513,2.838226517746735,0.135189847659682,0.025669337072390747,0.10952051058729126
NVNI,2025-04-30,2025-04-30 12:26:00,False,clean_breakout,previous_high_break_with_pullback_low_support_or_previous_resistance,3.192,3.303,3.192,3.281,157496.2,61081.78500000001,2.57844789571883,0.8018018018018032,0.19819819819819678,0.0,0.8018018018018032,2025-04-30 12:24:00,3.252,3.206,84214.7,56022.365000000005,0.12195121951219275,2025-04-30 12:25:00,3.171,3.195,0.4363636363636355,0.024907749077490764,0.00891758917589187,2.0,69.52148735141725,2.281,5.562,2025-04-30 16:33:00,2.0115818348064565,0.06599999999999984,3.347,2025-04-30 12:39:00,False,,True,2025-04-30 12:38:00,3.152,2.9912362177232956,3.1869208340869988,3.1420767347927088,0.04530630259456547,0.012241094386016053,0.03306520820854942
NVNI,2025-04-30,2025-04-30 14:17:00,False,clean_breakout,previous_high_break_with_pullback_low_support_or_previous_resistance,3.381,3.685,3.381,3.656,339395.7,45662.39000000001,7.432718699130728,0.9046052631578951,0.0953947368421049,0.0,0.9046052631578951,2025-04-30 14:14:00,3.303,3.263,118266.3,19716.104999999996,0.5128205128205143,2025-04-30 14:15:00,3.263,3.299,0.4594594594594578,0.01211020284589768,0.10687254011504699,3.0,52.13347921225383,1.9060000000000001,5.562,2025-04-30 16:33:00,1.2035010940919049,0.04400000000000004,3.7,2025-04-30 14:18:00,False,,True,2025-04-30 14:19:00,3.2,3.020736754794557,3.3211494162951,3.216219310375209,0.08966496553997194,0.053674622940526356,0.035990342599445585
NVNI,2025-04-30,2025-04-30 15:45:00,False,clean_breakout,previous_high_break_with_pullback_low_support_or_previous_resistance,4.089,4.2,4.05,4.198,164946.2,121883.15499999996,1.3533141638809734,0.7266666666666648,0.013333333333331834,0.26000000000000334,0.9866666666666681,2025-04-30 15:42:00,4.19,4.126,177951.3,106392.85499999998,0.5120000000000005,2025-04-30 15:44:00,3.986,4.1,0.2192982456140354,0.04868735083532223,0.0019093078758949896,3.0,32.49166269652215,1.3639999999999999,5.562,2025-04-30 16:33:00,31.014768937589317,1.3019999999999996,5.5,2025-04-30 16:01:00,True,11.0,False,,,3.164960002232514,4.024725147772363,3.8805876408398463,0.14988900596124477,0.03629626325041621,0.11359274271082856
NVNI,2025-04-30,2025-04-30 15:50:00,False,clean_breakout,previous_high_break_with_pullback_low_support_or_previous_resistance,4.179,4.372,4.167,4.351,123318.3,125123.41500000001,0.985573323745999,0.8390243902439007,0.10243902439024341,0.058536585365855855,0.8975609756097566,2025-04-30 15:47:00,4.259,4.14,112575.0,121442.51499999998,0.42105263157894773,2025-04-30 15:48:00,4.101,4.238,0.18840579710144797,0.03709791030758402,0.021601314862643727,3.0,27.83268214203632,1.2110000000000003,5.562,2025-04-30 16:33:00,26.407722362675244,1.149,5.5,2025-04-30 16:01:00,True,10.0,False,,,3.18457793295785,4.166053616422049,4.016611967944941,0.16648833619282222,0.01694585162802506,0.14954248456479716
QMCO,2025-02-12,2025-02-12 13:03:00,False,clean_breakout,previous_high_break_with_pullback_low_support_or_previous_resistance,21.4,22.06,21.39,21.91,31757.0,13567.5,2.3406670351943983,0.7611940298507507,0.22388059701492388,0.01492537313432543,0.7761194029850761,2025-02-12 13:01:00,21.45,21.3,5403.0,12984.15,0.20833333333333764,2025-02-12 13:02:00,21.1,21.36,0.38461538461537936,0.01631701631701622,0.021445221445221485,2.0,34.09402099497946,7.469999999999999,29.38,2025-02-12 16:29:00,5.248744865358277,1.1499999999999986,23.06,2025-02-12 13:29:00,False,,False,,,19.365148986000637,21.28470405284494,20.916085570891713,0.4351171712481907,0.022887111404065408,0.4122300598441253
QMCO,2025-02-12,2025-02-12 13:37:00,False,clean_breakout,previous_high_break_with_pullback_low_support_or_previous_resistance,23.6,23.6,23.01,23.16,20057.0,11809.75,1.6983424712631512,0.7457627118644091,0.0,0.2542372881355909,0.2542372881355909,2025-02-12 13:35:00,23.15,23.08,27544.0,10872.05,0.1707317073170738,2025-02-12 13:36:00,23.07,23.6,0.012499999999997503,0.0034557235421165573,0.0004319654427646464,2.0,26.856649395509496,6.219999999999999,29.38,2025-02-12 16:29:00,9.930915371329881,2.3000000000000007,25.46,2025-02-12 13:57:00,False,,True,2025-02-12 13:38:00,22.37,20.587881909874024,23.05856824596196,22.8357608196221,0.3023344684355571,-0.007899735518936135,0.31023420395449325
LIDR,2024-05-10,2024-05-10 14:33:00,False,clean_breakout,previous_high_break_with_pullback_low_support_or_previous_resistance,2.3139,2.38,2.3139,2.37,388461.0,268282.8,1.4479534282481024,0.8487140695915313,0.1512859304084687,0.0,0.8487140695915313,2024-05-10 14:29:00,2.36,2.3215,377482.0,292624.5,0.7700000000000023,2024-05-10 14:32:00,2.3,2.32,0.36000000000000176,0.025423728813559344,0.004237288135593318,4.0,36.28691983122362,0.8599999999999999,3.23,2024-05-10 14:42:00,36.28691983122362,0.8599999999999999,3.23,2024-05-10 14:42:00,True,4.0,False,,,2.0190535045418594,2.3169819952995594,2.278600808002486,0.04468799602836304,0.0038011414378825506,0.04088685459048049
MLGO,2025-02-21,2025-02-21 11:35:00,False,clean_breakout,previous_high_break_with_pullback_low_support_or_previous_resistance,190.2019,206.4021,189.0019,205.7991,62023.679757,55098.18401265,1.1256937205545643,0.8963805013735491,0.03465477408305541,0.06896472454339546,0.9653452259169446,2025-02-21 11:29:00,203.402,192.2629,56930.264025,62035.85296860001,0.07139479538918254,2025-02-21 11:30:00,182.4018,186.9049,0.4548539913738243,0.10324480585244973,0.011785036528647817,6.0,70.70215564596734,145.50439999999998,351.3035,2025-02-21 14:35:00,27.552841581911657,56.70349999999996,262.5026,2025-02-21 12:04:00,True,5.0,False,,,125.59160195882771,193.36321605741287,185.14189882596085,10.34449209950472,-0.760550672778809,11.105042772283529
MLGO,2025-02-21,2025-02-21 11:36:00,False,clean_breakout,previous_high_break_with_pullback_low_support_or_previous_resistance,205.2021,223.2022,202.502,220.5022,103498.331673,56553.264461700004,1.8301035786023097,0.7391281243659477,0.1304335223814271,0.13043835325262523,0.8695664776185729,2025-02-21 11:29:00,203.402,192.2629,56930.264025,62035.85296860001,0.07139479538918254,2025-02-21 11:30:00,182.4018,186.9049,0.4548539913738243,0.10324480585244973,0.08407095308797358,7.0,59.31972560817987,130.8013,351.3035,2025-02-21 14:35:00,19.047610409329245,42.000399999999985,262.5026,2025-02-21 12:04:00,True,28.0,False,,,126.6621287849451,198.7910128459303,188.50954655682173,11.91421554193036,0.6216151456980032,11.292600396232357
RFIL,2026-03-17,2026-03-17 14:42:00,False,clean_breakout,previous_high_break_with_pullback_low_support_or_previous_resistance,12.99,13.1,12.98,13.06,50446.0,3839.4,13.13903214043861,0.5833333333333395,0.3333333333333284,0.0833333333333321,0.6666666666666716,2026-03-17 14:38:00,13.0,12.98,5807.0,1510.1,0.3333333333333235,2026-03-17 14:41:00,12.98,13.0,1.0,0.0015384615384615057,0.004615384615384654,4.0,3.675344563552822,0.47999999999999865,13.54,2026-03-17 14:59:00,3.675344563552822,0.47999999999999865,13.54,2026-03-17 14:59:00,False,,False,,,11.803115436722697,12.989559033210428,12.966599524173068,0.029101003919542734,0.005260338467561746,0.023840665451980988
GVH,2025-12-29,2025-12-29 11:19:00,False,clean_breakout,previous_high_break_with_pullback_low_support_or_previous_resistance,4.11,4.45,4.1,4.39,283573.0,96198.3,2.9477963747800118,0.7999999999999969,0.1714285714285726,0.028571428571430458,0.8285714285714274,2025-12-29 11:13:00,4.3,4.24,254999.0,55240.85,0.23999999999999844,2025-12-29 11:14:00,3.99,4.15,0.592592592592594,0.07209302325581386,0.020930232558139503,6.0,11.617312072892954,0.5100000000000007,4.9,2025-12-29 11:28:00,11.617312072892954,0.5100000000000007,4.9,2025-12-29 11:28:00,True,9.0,False,,,3.8366439520440867,4.125397575883092,3.9718708433853243,0.1591964623473916,0.03169070957034442,0.12750575277704718
ATGL,2024-09-30,2024-09-30 12:20:00,False,clean_breakout,previous_high_break_with_pullback_low_support_or_previous_resistance,7.34,7.88,7.34,7.7,125478.0,62883.4,1.9954073730110014,0.6666666666666672,0.33333333333333276,0.0,0.6666666666666672,2024-09-30 12:14:00,7.63,7.5455,88528.0,46343.4,0.407621804148578,2024-09-30 12:16:00,7.23,7.415,0.4545454545454534,0.05242463958060281,0.009174311926605542,6.0,4.935064935064934,0.3799999999999999,8.08,2024-09-30 12:22:00,4.935064935064934,0.3799999999999999,8.08,2024-09-30 12:22:00,False,,True,2024-09-30 12:32:00,7.15,6.529372350816404,7.414123344953297,7.163863972678752,0.3042433662018862,-0.0075001898956924,0.3117435560975786
SBET,2025-05-29,2025-05-29 13:47:00,False,clean_breakout,previous_high_break_with_pullback_low_support_or_previous_resistance,54.33,55.8,54.0,55.28,52189.0,47705.45,1.0939840206936524,0.5277777777777802,0.28888888888888714,0.18333333333333268,0.7111111111111129,2025-05-29 13:44:00,54.74,54.2,56252.0,45463.7,0.033613445378150406,2025-05-29 13:45:00,53.5,54.05,0.624999999999995,0.022652539276580234,0.009864815491413942,3.0,93.25253256150505,51.55,106.83,2025-05-29 16:17:00,9.442836468885671,5.219999999999999,60.5,2025-05-29 13:54:00,False,,False,,,43.971015784127864,53.983643266443906,52.72772038223666,1.5027871642882928,0.03391409250164967,1.4688730717866432
QNTM,2026-03-24,2026-03-24 13:39:00,False,clean_breakout,previous_high_break_with_pullback_low_support_or_previous_resistance,4.04,4.2,4.04,4.14,21660.0,5252.5,4.1237505949547835,0.6249999999999972,0.3750000000000028,0.0,0.6249999999999972,2026-03-24 13:34:00,4.11,4.06,5730.0,3833.7,0.0,2026-03-24 13:36:00,3.97,4.03,0.5454545454545465,0.03406326034063263,0.007299270072992544,5.0,25.120772946859905,1.04,5.18,2026-03-24 19:01:00,10.386473429951707,0.4300000000000006,4.57,2026-03-24 14:08:00,True,29.0,False,,,3.6986428085565892,4.05641266399593,4.020156274965907,0.03726022477172819,0.011510831657755339,0.02574939311397285
QNTM,2026-03-24,2026-03-24 15:47:00,False,clean_breakout,previous_high_break_with_pullback_low_support_or_previous_resistance,4.71,4.83,4.71,4.79,22501.0,5949.75,3.781839573091306,0.6666666666666666,0.3333333333333333,0.0,0.6666666666666666,2026-03-24 15:45:00,4.75,4.74,24146.0,4046.3,0.0909090909090887,2026-03-24 15:46:00,4.63,4.75,0.833333333333337,0.025263157894736866,0.008421052631578954,2.0,8.141962421711893,0.3899999999999997,5.18,2026-03-24 19:01:00,0.2087682672233776,0.009999999999999787,4.8,2026-03-24 15:48:00,False,,True,2026-03-24 15:51:00,4.6,4.1220726769174805,4.693296567077301,4.641214849801957,0.04801924839399696,0.021489153467982268,0.026530094926014693
CHAI,2025-05-19,2025-05-19 14:07:00,False,clean_breakout,previous_high_break_with_pullback_low_support_or_previous_resistance,14.6804,15.4,14.6804,15.2048,115186.25,36639.8625,3.143741328177746,0.7287381878821569,0.27126181211784306,0.0,0.7287381878821569,2025-05-19 13:59:00,14.96,14.84,78770.75,24803.275,0.25000000000000183,2025-05-19 14:03:00,14.4,14.492,0.5750000000000027,0.037433155080213935,0.01636363636363634,8.0,55.214142902241406,8.3952,23.6,2025-05-19 17:22:00,1.5468799326528397,0.23519999999999897,15.44,2025-05-19 14:15:00,False,,True,2025-05-19 14:24:00,14.04,12.905247393280957,14.65675743169707,14.349235131323468,0.34648117724207594,0.014178738722236517,0.3323024385198394
ANTX,2026-03-12,2026-03-12 14:35:00,False,clean_breakout,previous_high_break_with_pullback_low_support_or_previous_resistance,5.74,5.99,5.74,5.99,100689.0,12919.9,7.793326573735091,1.0,0.0,0.0,1.0,2026-03-12 14:33:00,5.76,5.7,9880.0,8025.45,0.4999999999999926,2026-03-12 14:34:00,5.74,5.74,0.0,0.0034722222222221483,0.03993055555555563,2.0,0.16694490818029692,0.009999999999999787,6.0,2026-03-12 14:36:00,0.16694490818029692,0.009999999999999787,6.0,2026-03-12 14:36:00,False,,True,2026-03-12 14:40:00,5.66,5.427517758475233,5.716860538086259,5.640311750943874,0.06457339034735998,0.038260340457088975,0.026313049890271008
PTHS,2025-01-21,2025-01-21 09:38:00,False,clean_breakout,previous_high_break_with_pullback_low_support_or_previous_resistance,21.9,24.0,21.1,23.976,8278.4,1799.1699999999996,4.601232790675701,0.7158620689655177,0.008275862068965835,0.2758620689655164,0.9917241379310342,2025-01-21 09:35:00,22.1,21.5,3299.7,1333.34,0.27272727272727304,2025-01-21 09:36:00,21.15,21.5,0.0,0.04298642533936664,0.0848868778280542,3.0,58.49182515849183,14.024000000000001,38.0,2025-01-21 10:38:00,54.738071404738086,13.124000000000002,37.1,2025-01-21 09:50:00,True,1.0,False,,,20.58510731868413,21.532306156619974,20.752765419440014,0.6873451280583609,0.37471774131530666,0.31262738674305424
PTHS,2025-01-21,2025-01-21 09:39:00,False,clean_breakout,previous_high_break_with_pullback_low_support_or_previous_resistance,23.5,28.3,22.2,28.3,17878.1,2692.3599999999997,6.640308131156309,0.7868852459016393,0.0,0.21311475409836073,1.0,2025-01-21 09:35:00,22.1,21.5,3299.7,1333.34,0.27272727272727304,2025-01-21 09:38:00,21.1,23.976,0.2758620689655164,0.04524886877828054,0.2805429864253393,4.0,34.275618374558306,9.7,38.0,2025-01-21 10:38:00,31.095406360424032,8.8,37.1,2025-01-21 09:50:00,True,5.0,False,,,22.053963043675264,22.88584492529598,21.471549665207633,1.2004657293629748,0.7269540730511976,0.4735116563117771
ASTI,2026-04-15,2026-04-15 12:48:00,False,clean_breakout,previous_high_break_with_pullback_low_support_or_previous_resistance,5.64,5.85,5.6001,5.81,101581.0,56150.8,1.8090748484438333,0.680272108843539,0.16006402561024466,0.15966386554621642,0.8399359743897553,2026-04-15 12:46:00,5.76,5.6,89703.0,56585.2,0.457142857142858,2026-04-15 12:47:00,5.58,5.62,0.3636363636363629,0.03124999999999995,0.008680555555555525,2.0,18.07228915662652,1.0500000000000007,6.86,2026-04-15 14:19:00,6.024096385542179,0.35000000000000053,6.16,2026-04-15 12:51:00,False,,True,2026-04-15 13:01:00,5.565,5.017821706606208,5.578444383657288,5.479087194738129,0.1095981189278481,0.022854813296085366,0.08674330563176273
ASTI,2026-04-15,2026-04-15 14:10:00,False,clean_breakout,previous_high_break_with_pullback_low_support_or_previous_resistance,6.17,6.27,6.14,6.26,53216.0,25113.75,2.1189985565676173,0.6923076923076917,0.07692307692307535,0.23076923076923286,0.9230769230769247,2026-04-15 14:08:00,6.19,6.107,69517.0,22933.65,0.22000000000000125,2026-04-15 14:09:00,6.1,6.1699,0.25000000000000555,0.014539579967689942,0.011308562197091986,2.0,9.584664536741224,0.6000000000000005,6.86,2026-04-15 14:19:00,9.584664536741224,0.6000000000000005,6.86,2026-04-15 14:19:00,False,,True,2026-04-15 14:35:00,5.84,5.469119655867588,6.114273990130751,6.041025100968135,0.0758656477515709,0.02098814905847214,0.054877498693098756
ASTI,2026-04-15,2026-04-15 14:13:00,False,clean_breakout,previous_high_break_with_pullback_low_support_or_previous_resistance,6.285,6.75,6.2701,6.7,233571.0,39981.9,5.841918468106818,0.8647634923942493,0.10418837257762002,0.031048135028130693,0.89581162742238,2026-04-15 14:11:00,6.3192,6.3192,90052.0,28952.35,0.0,2026-04-15 14:12:00,6.23,6.2992,0.40729841082989865,0.014115710849474607,0.06026079250538039,2.0,2.3880597014925393,0.16000000000000014,6.86,2026-04-15 14:19:00,2.3880597014925393,0.16000000000000014,6.86,2026-04-15 14:19:00,False,,True,2026-04-15 14:34:00,6.21,5.523415718325844,6.287237882946945,6.147717867135345,0.13256480348810395,0.055039861444438204,0.07752494204366575
ASTI,2026-04-15,2026-04-15 14:18:00,False,clean_breakout,previous_high_break_with_pullback_low_support_or_previous_resistance,6.4701,6.84,6.3601,6.84,266437.0,72112.2,3.6947562271016556,0.7707855803292345,0.0,0.22921441967076553,1.0,2026-04-15 14:14:00,6.8,6.73,183611.0,48765.1,0.2916666666666639,2026-04-15 14:15:00,6.4301,6.5799,0.49949983327775893,0.05439705882352933,0.005882352941176476,4.0,0.2923976608187202,0.020000000000000462,6.86,2026-04-15 14:19:00,0.2923976608187202,0.020000000000000462,6.86,2026-04-15 14:19:00,False,,True,2026-04-15 14:26:00,6.43,5.627136844963128,6.524361469484058,6.338876768007442,0.19043077544607012,0.051781401671745886,0.13864937377432424
CYCN,2026-04-01,2026-04-01 09:40:00,False,clean_breakout,previous_high_break_with_pullback_low_support_or_previous_resistance,6.29,7.35,6.16,7.35,3348152.0,1477856.6,2.265545926445096,0.8907563025210085,0.0,0.10924369747899156,1.0,2026-04-01 09:30:00,6.59,5.67,4674256.0,787120.35,0.7540983606557378,2026-04-01 09:31:00,5.5,5.87,0.30357142857142866,0.16540212443095598,0.11532625189681332,10.0,15.374149659863956,1.1300000000000008,8.48,2026-04-01 10:03:00,15.374149659863956,1.1300000000000008,8.48,2026-04-01 10:03:00,True,23.0,False,,,4.423578069775099,6.2158006520644795,5.781711063783775,0.43874544255045844,0.1117593130247207,0.32698612952573775
PSNL,2024-07-19,2024-07-19 12:10:00,False,clean_breakout,previous_high_break_with_pullback_low_support_or_previous_resistance,2.97,3.03,2.96,3.01,54195.0,11089.4,4.8870993922123835,0.5714285714285668,0.28571428571428664,0.14285714285714649,0.7142857142857134,2024-07-19 11:50:00,3.0,2.9534,67633.0,14072.8,0.21244635193133,2024-07-19 11:53:00,2.91,2.92,0.4999999999999889,0.029999999999999954,0.0033333333333332624,20.0,50.16611295681063,1.5099999999999998,4.52,2024-07-19 13:56:00,8.305647840531561,0.25,3.26,2024-07-19 12:40:00,False,,False,,,2.801309786234469,2.966964681073656,2.9549310719570445,0.01545418210511329,-0.0001450852256200605,0.01559926733073335
PSNL,2024-07-19,2024-07-19 12:43:00,False,clean_breakout,previous_high_break_with_pullback_low_support_or_previous_resistance,3.2202,3.3099,3.2202,3.3099,49532.0,31174.05,1.5888856276293906,1.0,0.0,0.0,1.0,2024-07-19 12:41:00,3.2799,3.27,44457.0,27747.8,0.19839679358717452,2024-07-19 12:42:00,3.22,3.23,0.19999999999999646,0.018262751913168035,0.0091466203237903,2.0,36.56001691894014,1.2100999999999997,4.52,2024-07-19 13:56:00,7.5198646484788165,0.24890000000000034,3.5588,2024-07-19 13:13:00,False,,False,,,2.945398090380134,3.2249010260084914,3.176070260529701,0.053290346239627695,0.011567760043664888,0.04172258619596281
PSNL,2024-07-19,2024-07-19 12:49:00,False,clean_breakout,previous_high_break_with_pullback_low_support_or_previous_resistance,3.2513,3.316,3.25,3.315,40466.0,35122.85,1.1521274611826775,0.9651515151515155,0.01515151515151352,0.01969696969697094,0.9848484848484865,2024-07-19 12:44:00,3.31,3.3,64596.0,33584.2,0.2712328767123278,2024-07-19 12:46:00,3.24,3.2699,0.9966666666666596,0.021148036253776387,0.001510574018126856,5.0,36.34992458521869,1.2049999999999996,4.52,2024-07-19 13:56:00,11.309200603318258,0.37490000000000023,3.6899,2024-07-19 13:18:00,True,26.0,False,,,2.9704172399347457,3.264631014561971,3.2220252909901257,0.051978682901821394,0.0006158964971146874,0.051362786404706706
PSNL,2024-07-19,2024-07-19 12:50:00,False,clean_breakout,previous_high_break_with_pullback_low_support_or_previous_resistance,3.32,3.4,3.3,3.37,94075.0,37627.95,2.5001362019456286,0.5000000000000022,0.29999999999999777,0.2,0.7000000000000022,2024-07-19 12:44:00,3.31,3.3,64596.0,33584.2,0.2712328767123278,2024-07-19 12:46:00,3.24,3.2699,0.9966666666666596,0.021148036253776387,0.018126888217522674,6.0,34.12462908011868,1.1499999999999995,4.52,2024-07-19 13:56:00,9.492581602373889,0.3199000000000001,3.6899,2024-07-19 13:18:00,False,,False,,,2.9835729600949636,3.285704811649577,3.2361181204196376,0.057474730950947794,0.004127180158162602,0.05334755079278519
PSNL,2024-07-19,2024-07-19 13:13:00,False,clean_breakout,previous_high_break_with_pullback_low_support_or_previous_resistance,3.4588,3.5588,3.4588,3.5588,82805.0,48824.9,1.6959584146613715,1.0,0.0,0.0,1.0,2024-07-19 13:09:00,3.52,3.4908,63790.0,52740.85,0.3649999999999983,2024-07-19 13:12:00,3.45,3.455,0.24999999999999445,0.01988636363636359,0.011022727272727321,4.0,27.009104192424395,0.9611999999999994,4.52,2024-07-19 13:56:00,13.802405305159033,0.49119999999999964,4.05,2024-07-19 13:42:00,True,26.0,False,,,3.10960856288776,3.4667947631033176,3.4123827424607027,0.06198664373053653,0.010055021205638719,0.05193162252489781
PSNL,2024-07-19,2024-07-19 13:51:00,False,clean_breakout,previous_high_break_with_pullback_low_support_or_previous_resistance,4.1188,4.22,4.0999,4.215,303817.0,178554.7,1.7015345997613056,0.8009991673605306,0.04163197335553621,0.15736885928393324,0.9583680266444637,2024-07-19 13:49:00,4.19,4.14,213693.0,169152.25,0.17166666666666483,2024-07-19 13:50:00,4.03,4.12,0.7499999999999981,0.03818615751789979,0.00596658711217171,2.0,7.236061684460254,0.3049999999999997,4.52,2024-07-19 13:56:00,7.236061684460254,0.3049999999999997,4.52,2024-07-19 13:56:00,False,,True,2024-07-19 13:58:00,3.7609,3.552317753961268,4.091966168603543,3.9677271441215276,0.1397286974918579,0.0184404818026572,0.1212882156892007
PDYN,2024-12-27,2024-12-27 09:37:00,False,clean_breakout,previous_high_break_with_pullback_low_support_or_previous_resistance,9.9502,11.0,9.93,10.6999,948944.0,301824.6,3.1440247083902375,0.7006542056074755,0.28046728971962653,0.018878504672898016,0.7195327102803735,2024-12-27 09:35:00,10.48,10.416,677457.0,219020.35,0.13333333333333333,2024-12-27 09:36:00,9.74,9.9777,0.32121621621621643,0.07061068702290078,0.02098282442748083,2.0,31.3096384078356,3.350100000000001,14.05,2024-12-27 12:46:00,9.627192777502602,1.030100000000001,11.73,2024-12-27 09:45:00,False,,True,2024-12-27 10:05:00,9.19,9.495259987250023,9.881388663210794,9.362207015780614,0.47377134117188113,0.2348770101368724,0.23889433103500873
PDYN,2024-12-27,2024-12-27 12:32:00,False,clean_breakout,previous_high_break_with_pullback_low_support_or_previous_resistance,10.9401,11.2857,10.9401,11.26,239990.0,90571.05,2.6497429366226846,0.9256365740740728,0.07436342592592715,0.0,0.9256365740740728,2024-12-27 12:29:00,11.09,10.9611,279944.0,72740.4,0.8333333333333314,2024-12-27 12:30:00,10.82,10.9693,0.8294444444444469,0.024346257889990945,0.015329125338142464,3.0,24.77797513321493,2.790000000000001,14.05,2024-12-27 12:46:00,24.77797513321493,2.790000000000001,14.05,2024-12-27 12:46:00,True,7.0,False,,,10.216500487287481,10.956682388914784,10.783353682776672,0.16583837661655565,0.05413702161489323,0.11170135500166242
PDYN,2024-12-27,2024-12-27 12:43:00,False,clean_breakout,previous_high_break_with_pullback_low_support_or_previous_resistance,12.5913,13.5885,12.42,13.4752,737993.0,325953.9,2.2641023776675167,0.7564398801882746,0.09696191698759148,0.1465982028241339,0.9030380830124085,2024-12-27 12:41:00,12.99,12.7394,538990.0,281677.35,0.4728301886792466,2024-12-27 12:42:00,12.55,12.64,0.4931506849315082,0.03387220939183984,0.03735180908391062,2.0,4.265613868439813,0.5748000000000015,14.05,2024-12-27 12:46:00,4.265613868439813,0.5748000000000015,14.05,2024-12-27 12:46:00,False,,True,2024-12-27 12:53:00,12.4037,10.439336356818346,12.435741913304167,11.839803066613044,0.5902264267515775,0.18390182574549402,0.40632460100608353
CNTN,2025-08-20,2025-08-20 14:59:00,False,clean_breakout,previous_high_break_with_pullback_low_support_or_previous_resistance,2.965,3.19,2.93,3.14,1997022.0,568179.15,3.5147752253844584,0.6730769230769247,0.1923076923076918,0.13461538461538355,0.8076923076923083,2025-08-20 14:55:00,3.0699,2.8589,1026567.0,439810.6,0.6808647950951909,2025-08-20 14:58:00,2.83,2.968,0.6428571428571412,0.07814586794358122,0.022834620020196112,4.0,91.0828025477707,2.86,6.0,2025-08-20 17:39:00,28.977707006369425,0.9098999999999999,4.0499,2025-08-20 15:25:00,True,8.0,False,,,2.2579093421103558,2.8910501416435315,2.7784702321556187,0.10646380451493487,0.045954136170221344,0.060509668344713524
CNTN,2025-08-20,2025-08-20 15:23:00,False,clean_breakout,previous_high_break_with_pullback_low_support_or_previous_resistance,3.635,3.84,3.58,3.81,1306539.0,1033789.7,1.2638344142914173,0.6730769230769247,0.11538461538461472,0.21153846153846062,0.8846153846153852,2025-08-20 15:20:00,3.7399,3.5749,775403.0,987824.75,0.5157861831822445,2025-08-20 15:21:00,3.51,3.63,0.5000000000000016,0.061472231877857754,0.018743816679590377,3.0,57.48031496062992,2.19,6.0,2025-08-20 17:39:00,6.296587926509186,0.2399,4.0499,2025-08-20 15:25:00,False,,True,2025-08-20 15:27:00,3.4708,2.3538903007312184,3.569129799720962,3.4161899793178683,0.17963985290846507,0.017087136040612017,0.16255271686785305
PEPG,2025-02-27,2025-02-27 10:54:00,False,clean_breakout,previous_high_break_with_pullback_low_support_or_previous_resistance,1.8276,1.9,1.8276,1.8799,47534.0,7601.2,6.253486291638162,0.7223756906077348,0.27762430939226523,0.0,0.7223756906077348,2025-02-27 10:52:00,1.8396,1.8176,650.0,5430.8,0.8909090909090919,2025-02-27 10:53:00,1.79,1.81,0.4,0.026962383126766618,0.021906936290497937,2.0,64.90238842491624,1.2201000000000002,3.1,2025-02-27 17:29:00,3.7289217511569794,0.07010000000000005,1.95,2025-02-27 10:57:00,False,,False,,,1.6874034060228895,1.8138318547744825,1.780324066444257,0.037972686245566045,0.004452698763182397,0.03351998748238365
PEPG,2025-02-27,2025-02-27 12:30:00,False,clean_breakout,previous_high_break_with_pullback_low_support_or_previous_resistance,2.0101,2.07,2.0101,2.07,59702.0,11062.7,5.396693393113797,1.0,0.0,0.0,1.0,2025-02-27 12:28:00,2.05,2.0207,41196.0,8646.2,0.3906666666666635,2025-02-27 12:29:00,2.01,2.0193,0.26571428571428707,0.019512195121951237,0.009756097560975618,2.0,49.75845410628021,1.0300000000000002,3.1,2025-02-27 17:29:00,7.246376811594221,0.15000000000000036,2.22,2025-02-27 12:48:00,False,,True,2025-02-27 12:37:00,1.97,1.8531827293162064,2.0029086349231138,1.9799879379070102,0.024121530933262747,0.006714324362901161,0.017407206570361586
PEPG,2025-02-27,2025-02-27 12:34:00,False,clean_breakout,previous_high_break_with_pullback_low_support_or_previous_resistance,2.069,2.12,2.06,2.12,57256.0,23459.8,2.4406005166284452,0.8500000000000019,0.0,0.14999999999999816,1.0,2025-02-27 12:32:00,2.08,2.075,25988.0,15297.15,0.19999999999999646,2025-02-27 12:33:00,2.06,2.06,0.0,0.009615384615384623,0.019230769230769246,2.0,46.226415094339615,0.98,3.1,2025-02-27 17:29:00,8.490566037735835,0.17999999999999972,2.3,2025-02-27 13:03:00,False,,True,2025-02-27 12:37:00,1.97,1.8870604804486384,2.050576336864508,2.0132961330720196,0.037700672367221966,0.013417732803647511,0.024282939563574454
PEPG,2025-02-27,2025-02-27 15:58:00,False,clean_breakout,previous_high_break_with_pullback_low_support_or_previous_resistance,2.405,2.51,2.4,2.5001,447959.0,97312.35,4.603310885000722,0.8645454545454592,0.08999999999999625,0.04545454545454454,0.9100000000000038,2025-02-27 15:56:00,2.45,2.41,171304.0,77175.0,0.0,2025-02-27 15:57:00,2.4,2.405,0.25641025641024706,0.02040816326530623,0.020448979591836745,2.0,23.995040198392058,0.5998999999999999,3.1,2025-02-27 17:29:00,19.19523219071236,0.47989999999999977,2.98,2025-02-27 16:03:00,True,4.0,False,,,2.239771925000667,2.4088114326327394,2.3658230959617765,0.04045330508235567,0.014051914621503452,0.02640139046085222
RADX,2025-03-03,2025-03-03 11:48:00,False,clean_breakout,previous_high_break_with_pullback_low_support_or_previous_resistance,9.44,10.48,9.3,10.48,125847.0,121771.35,1.0334696954579217,0.8813559322033908,0.0,0.11864406779660917,1.0,2025-03-03 11:42:00,10.27,10.04,211283.0,101817.0,0.4035087719298251,2025-03-03 11:45:00,9.3,9.68,0.4999999999999985,0.09444985394352472,0.020447906523855974,6.0,4.961832061068698,0.5199999999999996,11.0,2025-03-03 11:50:00,4.961832061068698,0.5199999999999996,11.0,2025-03-03 11:50:00,False,,True,2025-03-03 12:03:00,8.4,8.791558835870115,9.729387181382739,9.198700499374135,0.6675720520044468,-0.036570182570557996,0.7041422345750048
LTBR,2024-10-18,2024-10-18 14:23:00,False,clean_breakout,previous_high_break_with_pullback_low_support_or_previous_resistance,6.629,7.11,6.6,7.0001,161206.0,62528.35,2.5781265617915716,0.7276470588235289,0.21549019607843217,0.05686274509803897,0.7845098039215679,2024-10-18 14:21:00,6.6,6.5691,86639.0,58316.4,0.11035714285714285,2024-10-18 14:22:00,6.476,6.6358,0.6396551724137914,0.01878787878787874,0.060621212121212145,2.0,13.569806145626497,0.9499000000000004,7.95,2024-10-18 19:55:00,2.7128183883087473,0.18990000000000062,7.19,2024-10-18 14:24:00,False,,True,2024-10-18 14:47:00,6.38,5.720319764335456,6.520746313053598,6.33896739194317,0.18152990835842076,0.06692780004895134,0.11460210830946942
PSTV,2025-03-06,2025-03-06 14:48:00,False,clean_breakout,previous_high_break_with_pullback_low_support_or_previous_resistance,24.0,26.75,24.0,25.25,79718.68,41873.39599999999,1.9038025958056999,0.45454545454545453,0.5454545454545454,0.0,0.45454545454545453,2025-03-06 14:39:00,24.975,23.705,49634.8,38480.88799999999,0.7191176470588224,2025-03-06 14:40:00,23.05,23.805,0.5458333333333316,0.0770770770770771,0.011011011011010954,9.0,157.42574257425744,39.75,65.0,2025-03-06 16:58:00,29.7029702970297,7.5,32.75,2025-03-06 15:18:00,True,26.0,True,2025-03-06 14:59:00,22.5775,16.637045208860833,24.21748387770827,23.390330731121903,1.014277395443532,0.013057295802576085,1.001220099640956
PSTV,2025-03-06,2025-03-06 14:49:00,False,clean_breakout,previous_high_break_with_pullback_low_support_or_previous_resistance,25.275,27.25,25.0,26.42,64287.56,42475.768,1.5135114213826575,0.5088888888888903,0.36888888888888816,0.1222222222222216,0.6311111111111118,2025-03-06 14:39:00,24.975,23.705,49634.8,38480.88799999999,0.7191176470588224,2025-03-06 14:40:00,23.05,23.805,0.5458333333333316,0.0770770770770771,0.05785785785785787,10.0,146.0257380772142,38.58,65.0,2025-03-06 16:58:00,26.797880393641172,7.079999999999998,33.5,2025-03-06 15:19:00,True,28.0,True,2025-03-06 14:59:00,22.5775,16.696081036452565,24.657987102166615,23.678870661491246,1.133283205670164,0.1021066090313707,1.0311765966387934
RMSG,2026-04-16,2026-04-16 11:15:00,False,clean_breakout,previous_high_break_with_pullback_low_support_or_previous_resistance,2.4191,2.75,2.4191,2.64,697012.0,156487.1,4.454117943268167,0.6675732849803572,0.3324267150196428,0.0,0.6675732849803572,2026-04-16 11:08:00,2.46,2.4314,346067.0,103457.2,0.1682352941176469,2026-04-16 11:09:00,2.26,2.33,0.3888888888888901,0.08130081300813015,0.07317073170731714,7.0,26.89393939393939,0.71,3.35,2026-04-16 11:29:00,26.89393939393939,0.71,3.35,2026-04-16 11:29:00,True,3.0,False,,,2.2116669475646336,2.4110413299273175,2.290734295945422,0.13244828018073918,0.019766763399058945,0.11268151678168023
MOBX,2026-03-03,2026-03-03 13:56:00,False,clean_breakout,previous_high_break_with_pullback_low_support_or_previous_resistance,8.3,8.54,8.297,8.521,337629.4,261883.82,1.2892335234761736,0.9094650205761374,0.07818930041151631,0.012345679012346221,0.9218106995884837,2026-03-03 13:52:00,8.472,8.4,405610.7,266792.495,0.034364261168384105,2026-03-03 13:55:00,8.2,8.349,0.17333333333334344,0.03210576015108596,0.005783758262511953,4.0,63.12639361577278,5.379,13.9,2026-03-03 16:12:00,0.22297852364743984,0.01899999999999835,8.54,2026-03-03 13:57:00,False,,True,2026-03-03 13:58:00,8.067,5.796665616299169,8.259208401661638,8.011983236591638,0.2770635020849852,0.047546807909407796,0.2295166941755774
MOBX,2026-03-03,2026-03-03 14:45:00,False,clean_breakout,previous_high_break_with_pullback_low_support_or_previous_resistance,8.809,9.632,8.761,9.502,605538.0,211423.61499999993,2.8640982228971925,0.7956371986222744,0.14925373134328238,0.05510907003444319,0.8507462686567177,2026-03-03 14:42:00,8.944,8.743,290390.9,191481.41999999998,0.7414448669201484,2026-03-03 14:43:00,8.718,8.879,0.06172839506172677,0.02526833631484804,0.06238819320214667,3.0,46.28499263312986,4.398,13.9,2026-03-03 16:12:00,12.60787202694168,1.1979999999999986,10.7,2026-03-03 14:57:00,True,12.0,False,,,6.025089688733695,8.699997343088697,8.362456859435548,0.29931123654675496,0.15593680876062782,0.14337442778612713
MOBX,2026-03-03,2026-03-03 14:57:00,False,clean_breakout,previous_high_break_with_pullback_low_support_or_previous_resistance,9.895,10.7,9.856,10.6,666360.3,350903.875,1.8989824492533747,0.8353080568720386,0.11848341232227454,0.04620853080568688,0.8815165876777254,2026-03-03 14:52:00,10.0,9.919,348816.0,299306.035,0.16199999999999903,2026-03-03 14:53:00,9.628,9.823,0.5571428571428585,0.03719999999999999,0.05999999999999996,5.0,31.132075471698123,3.3000000000000007,13.9,2026-03-03 16:12:00,13.207547169811324,1.4000000000000004,12.0,2026-03-03 15:26:00,True,28.0,True,2026-03-03 14:59:00,9.387,6.184487785229099,9.904271732721359,9.440832347819116,0.5200955701608052,0.033567196984966574,0.48652837317583864
PLYX,2026-03-13,2026-03-13 10:39:00,False,clean_breakout,previous_high_break_with_pullback_low_support_or_previous_resistance,5.45,5.6,5.45,5.55,14550.0,8418.75,1.7282850779510022,0.6666666666666666,0.3333333333333333,0.0,0.6666666666666666,2026-03-13 10:35:00,5.54,5.51,32296.0,7527.2,0.14285714285713924,2026-03-13 10:38:00,5.4,5.45,0.714285714285718,0.025270758122743625,0.0018050541516245102,4.0,27.74774774774775,1.54,7.09,2026-03-13 14:59:00,8.10810810810811,0.4500000000000002,6.0,2026-03-13 10:50:00,False,,False,,,5.090961050651947,5.456541601273391,5.330095313437741,0.16415745476656873,-0.01309473007845896,0.1772521848450277
PLYX,2026-03-13,2026-03-13 14:32:00,False,clean_breakout,previous_high_break_with_pullback_low_support_or_previous_resistance,6.78,7.06,6.75,7.03,125954.0,41839.95,3.010376446434568,0.8064516129032269,0.09677419354838515,0.09677419354838802,0.9032258064516149,2026-03-13 14:30:00,6.84,6.8,50856.0,34454.0,0.5,2026-03-13 14:31:00,6.72,6.78,0.7500000000000056,0.017543859649122823,0.027777777777777835,2.0,0.8534850640113741,0.05999999999999961,7.09,2026-03-13 14:59:00,0.8534850640113741,0.05999999999999961,7.09,2026-03-13 14:59:00,False,,False,,,6.040555854099726,6.741142935154528,6.516317385009948,0.22932097517006067,0.04978792781596397,0.1795330473540967
RADX,2025-03-03,2025-03-03 11:48:00,False,clean_breakout,previous_high_break_with_pullback_low_support_or_previous_resistance,9.44,10.48,9.3,10.48,125847.0,121771.35,1.0334696954579217,0.8813559322033908,0.0,0.11864406779660917,1.0,2025-03-03 11:42:00,10.27,10.04,211283.0,101817.0,0.4035087719298251,2025-03-03 11:45:00,9.3,9.68,0.4999999999999985,0.09444985394352472,0.020447906523855974,6.0,4.961832061068698,0.5199999999999996,11.0,2025-03-03 11:50:00,4.961832061068698,0.5199999999999996,11.0,2025-03-03 11:50:00,False,,True,2025-03-03 12:03:00,8.4,8.791558835870115,9.729387181382739,9.198700499374135,0.6675720520044468,-0.036570182570557996,0.7041422345750048
SDEV,2025-09-04,2025-09-04 10:57:00,False,clean_breakout,previous_high_break_with_pullback_low_support_or_previous_resistance,17.475,18.0,17.45,17.9005,24314.8,9324.990000000002,2.6074880509255234,0.7736363636363618,0.1809090909090889,0.04545454545454927,0.8190909090909111,2025-09-04 10:55:00,17.5,17.425,23286.0,7990.2400000000025,0.007518796992481471,2025-09-04 10:56:00,17.3,17.4935,0.6250000000000022,0.011428571428571389,0.022885714285714343,2.0,35.75039803357448,6.3995,24.3,2025-09-04 17:37:00,4.187033881735133,0.7494999999999976,18.65,2025-09-04 11:17:00,False,,True,2025-09-04 10:58:00,17.05,15.753006934366272,17.40208978653579,17.054489096096546,0.3794806656180967,0.05862620802491281,0.3208544575931839
SDEV,2025-09-04,2025-09-04 14:00:00,False,clean_breakout,previous_high_break_with_pullback_low_support_or_previous_resistance,19.2,19.95,19.2,19.8995,41582.2,12082.91,3.4414060851235337,0.9326666666666673,0.06733333333333273,0.0,0.9326666666666673,2025-09-04 13:52:00,19.25,19.0,16787.2,7492.0,0.16666666666666863,2025-09-04 13:53:00,18.25,18.85,0.8005336891260847,0.05194805194805195,0.03374025974025973,8.0,22.113620945249885,4.400500000000001,24.3,2025-09-04 17:37:00,0.0,0.0,19.8995,2025-09-04 14:04:00,False,,False,,,16.98199687770225,19.109500248289695,18.88030415619808,0.25636729445487205,0.027943857447210174,0.22842343700766188
SDEV,2025-09-04,2025-09-04 14:01:00,False,clean_breakout,previous_high_break_with_pullback_low_support_or_previous_resistance,19.7,19.85,19.157,19.3075,29260.2,13408.16,2.182268111359053,0.5663780663780628,0.21645021645021909,0.21717171717171813,0.21717171717171813,2025-09-04 13:59:00,19.25,19.25,16019.0,10042.45,0.0,2025-09-04 14:00:00,19.2,19.8995,0.0,0.0025974025974026343,0.002987012987013039,2.0,25.857827269195905,4.9925,24.3,2025-09-04 17:37:00,3.0661659976692928,0.5919999999999987,19.8995,2025-09-04 14:04:00,False,,True,2025-09-04 14:08:00,19.1,17.01733148865882,19.149100198631757,18.920989474655403,0.259078741612754,0.03433142911679027,0.22474731249596375
SDEV,2025-09-04,2025-09-04 14:53:00,False,clean_breakout,previous_high_break_with_pullback_low_support_or_previous_resistance,20.5955,21.4,20.5,21.203,34991.0,14865.540000000003,2.353833093180604,0.674999999999999,0.21888888888888833,0.10611111111111267,0.7811111111111116,2025-09-04 14:43:00,21.0,20.6,37186.2,11009.380000000001,0.5361930294906156,2025-09-04 14:47:00,20.3,20.592,0.17500000000000132,0.0333333333333333,0.009666666666666638,10.0,14.606423619299164,3.0970000000000013,24.3,2025-09-04 17:37:00,4.7021647880016975,0.9969999999999999,22.2,2025-09-04 15:07:00,False,,False,,,17.644210178524144,20.626284030490265,20.361045412429853,0.3166430402572651,0.004350397696954111,0.312292642560311
RZLV,2024-12-17,2024-12-17 11:15:00,False,clean_breakout,previous_high_break_with_pullback_low_support_or_previous_resistance,2.82,2.94,2.82,2.9299,283173.0,131623.7,2.1513830715896907,0.9158333333333334,0.08416666666666657,0.0,0.9158333333333334,2024-12-17 11:12:00,2.89,2.879,226516.0,94065.95,0.18363939899833168,2024-12-17 11:13:00,2.77,2.869,0.9900000000000011,0.041522491349481,0.013806228373702361,3.0,36.52343083381685,1.0701,4.0,2024-12-17 13:17:00,4.7441892214751435,0.13900000000000023,3.0689,2024-12-17 11:22:00,False,,True,2024-12-17 11:28:00,2.73,2.530948089988276,2.812545939068267,2.7425956031272287,0.0653519967095022,0.029175490694298978,0.036176506015203225
QMCO,2024-11-22,2024-11-22 11:19:00,False,clean_breakout,previous_high_break_with_pullback_low_support_or_previous_resistance,7.2,8.13,7.2,8.08,574693.0,199997.85,2.873495890080818,0.9462365591397842,0.05376344086021578,0.0,0.9462365591397842,2024-11-22 11:17:00,7.69,7.33,258605.0,173351.0,0.48717948717948745,2024-11-22 11:18:00,7.12,7.2,0.26666666666666705,0.07412223667100133,0.05071521456436927,2.0,41.95544554455446,3.3900000000000006,11.47,2024-11-22 19:14:00,16.0891089108911,1.3000000000000007,9.38,2024-11-22 11:26:00,True,7.0,False,,,6.620931806819565,7.270912623115695,6.8503590329852475,0.4535545760855415,0.102947870757091,0.3506067053284505
QMCO,2024-11-22,2024-11-22 13:57:00,False,clean_breakout,previous_high_break_with_pullback_low_support_or_previous_resistance,8.44,9.3,8.42,9.0,370649.0,93214.8,3.97628917296395,0.6363636363636364,0.34090909090909144,0.02272727272727222,0.6590909090909086,2024-11-22 13:53:00,8.97,8.65,183003.0,64598.4,0.744186046511626,2024-11-22 13:56:00,8.38,8.52,0.3103448275862073,0.06577480490523967,0.003344481605351099,4.0,27.44444444444445,2.4700000000000006,11.47,2024-11-22 19:14:00,13.999999999999998,1.2599999999999998,10.26,2024-11-22 14:27:00,True,7.0,False,,,7.760285637916442,8.420411085595266,8.063768805853638,0.34091277155446154,0.1410179613975468,0.19989481015691474
HYPD,2025-07-02,2025-07-02 12:48:00,False,clean_breakout,previous_high_break_with_pullback_low_support_or_previous_resistance,15.21,15.7,15.21,15.7,25684.0,20439.65,1.2565772897285423,1.0,0.0,0.0,1.0,2025-07-02 12:46:00,15.48,15.385,51520.0,19379.5,0.21839080459770238,2025-07-02 12:47:00,15.2101,15.419,0.7869794159885058,0.017435400516795853,0.014211886304909487,2.0,9.426751592356691,1.4800000000000004,17.18,2025-07-02 14:51:00,0.25477707006370015,0.040000000000000924,15.74,2025-07-02 12:49:00,False,,True,2025-07-02 12:50:00,15.15,13.228304311019718,15.210584412936697,14.964048015500417,0.26735724486990264,0.06594194973345455,0.2014152951364481
LIDR,2025-01-07,2025-01-07 09:45:00,False,clean_breakout,previous_high_break_with_pullback_low_support_or_previous_resistance,3.3798,3.75,3.33,3.73,1697468.0,472901.05,3.5894781794204094,0.8338095238095241,0.04761904761904767,0.11857142857142822,0.9523809523809523,2025-01-07 09:37:00,3.59,3.31,910956.0,166676.75,0.1416666666666659,2025-01-07 09:38:00,3.0301,3.2,0.5860641600551924,0.15596100278551528,0.0389972144846797,8.0,15.28150134048257,0.5699999999999998,4.3,2025-01-07 09:50:00,15.28150134048257,0.5699999999999998,4.3,2025-01-07 09:50:00,True,4.0,False,,,3.272573406774187,3.3488460246033074,3.1068384624709853,0.2573254027031209,0.0344727684340691,0.22285263426905177
UCAR,2026-04-23,2026-04-23 10:03:00,False,clean_breakout,previous_high_break_with_pullback_low_support_or_previous_resistance,1.64,1.67,1.64,1.67,16259.0,6190.6,2.6264013181274835,1.0,0.0,0.0,1.0,2026-04-23 10:01:00,1.665,1.655,12863.0,5191.9,0.294985250737463,2026-04-23 10:02:00,1.64,1.6492,0.0,0.015015015015015095,0.003003003003002939,2.0,12.574850299401197,0.20999999999999996,1.88,2026-04-23 10:16:00,12.574850299401197,0.20999999999999996,1.88,2026-04-23 10:16:00,True,12.0,False,,,1.588453324838434,1.6404377698218708,1.6211759582985592,0.02107980917799468,0.0029766130904443217,0.018103196087550358
UCAR,2026-04-23,2026-04-23 10:15:00,False,clean_breakout,previous_high_break_with_pullback_low_support_or_previous_resistance,1.7668,1.87,1.76,1.86,113589.0,23541.8,4.824992141637428,0.8472727272727281,0.09090909090909091,0.06181818181818101,0.9090909090909091,2026-04-23 10:13:00,1.78,1.7799,50719.0,15973.05,0.002222222222221981,2026-04-23 10:14:00,1.74,1.76,0.6666666666666666,0.02247191011235957,0.04494382022471914,2.0,1.0752688172042901,0.019999999999999796,1.88,2026-04-23 10:16:00,1.0752688172042901,0.019999999999999796,1.88,2026-04-23 10:16:00,False,,True,2026-04-23 10:20:00,1.71,1.6908385207650425,1.7539234505476504,1.704920422342654,0.04923117847595648,0.015471171383698669,0.033760007092257814
CYCN,2025-02-03,2025-02-03 12:10:00,False,clean_breakout,previous_high_break_with_pullback_low_support_or_previous_resistance,4.72,4.9,4.72,4.875,234420.0,35148.55,6.669407415099626,0.8611111111111096,0.1388888888888904,0.0,0.8611111111111096,2025-02-03 12:08:00,4.8,4.79,111099.0,27394.75,0.07698229407236164,2025-02-03 12:09:00,4.7,4.7,0.0,0.02083333333333326,0.015625000000000038,2.0,28.205128205128204,1.375,6.25,2025-02-03 14:37:00,6.6666666666666705,0.3250000000000002,5.2,2025-02-03 12:19:00,False,,False,,,4.444992919412159,4.706144137467829,4.640337003673694,0.06442757629759477,0.024564376036881996,0.03986320026071277
CYCN,2025-02-03,2025-02-03 14:04:00,False,clean_breakout,previous_high_break_with_pullback_low_support_or_previous_resistance,5.38,5.6244,5.33,5.58,314794.0,62668.9,5.023129494853109,0.6793478260869582,0.15081521739130305,0.16983695652173877,0.8491847826086969,2025-02-03 14:02:00,5.44,5.41,126779.0,44552.15,0.3333333333333333,2025-02-03 14:03:00,5.32,5.38,0.5454545454545447,0.022058823529411783,0.025735294117647,2.0,12.00716845878136,0.6699999999999999,6.25,2025-02-03 14:37:00,11.648745519713268,0.6500000000000004,6.23,2025-02-03 14:24:00,True,16.0,False,,,4.702855452065165,5.348959159405851,5.251262415295168,0.09208066397001424,0.040455276045194444,0.0516253879248198
SDEV,2025-09-04,2025-09-04 10:57:00,False,clean_breakout,previous_high_break_with_pullback_low_support_or_previous_resistance,17.475,18.0,17.45,17.9005,24314.8,9324.990000000002,2.6074880509255234,0.7736363636363618,0.1809090909090889,0.04545454545454927,0.8190909090909111,2025-09-04 10:55:00,17.5,17.425,23286.0,7990.2400000000025,0.007518796992481471,2025-09-04 10:56:00,17.3,17.4935,0.6250000000000022,0.011428571428571389,0.022885714285714343,2.0,35.75039803357448,6.3995,24.3,2025-09-04 17:37:00,4.187033881735133,0.7494999999999976,18.65,2025-09-04 11:17:00,False,,True,2025-09-04 10:58:00,17.05,15.753006934366272,17.40208978653579,17.054489096096546,0.3794806656180967,0.05862620802491281,0.3208544575931839
SDEV,2025-09-04,2025-09-04 14:00:00,False,clean_breakout,previous_high_break_with_pullback_low_support_or_previous_resistance,19.2,19.95,19.2,19.8995,41582.2,12082.91,3.4414060851235337,0.9326666666666673,0.06733333333333273,0.0,0.9326666666666673,2025-09-04 13:52:00,19.25,19.0,16787.2,7492.0,0.16666666666666863,2025-09-04 13:53:00,18.25,18.85,0.8005336891260847,0.05194805194805195,0.03374025974025973,8.0,22.113620945249885,4.400500000000001,24.3,2025-09-04 17:37:00,0.0,0.0,19.8995,2025-09-04 14:04:00,False,,False,,,16.98199687770225,19.109500248289695,18.88030415619808,0.25636729445487205,0.027943857447210174,0.22842343700766188
SDEV,2025-09-04,2025-09-04 14:01:00,False,clean_breakout,previous_high_break_with_pullback_low_support_or_previous_resistance,19.7,19.85,19.157,19.3075,29260.2,13408.16,2.182268111359053,0.5663780663780628,0.21645021645021909,0.21717171717171813,0.21717171717171813,2025-09-04 13:59:00,19.25,19.25,16019.0,10042.45,0.0,2025-09-04 14:00:00,19.2,19.8995,0.0,0.0025974025974026343,0.002987012987013039,2.0,25.857827269195905,4.9925,24.3,2025-09-04 17:37:00,3.0661659976692928,0.5919999999999987,19.8995,2025-09-04 14:04:00,False,,True,2025-09-04 14:08:00,19.1,17.01733148865882,19.149100198631757,18.920989474655403,0.259078741612754,0.03433142911679027,0.22474731249596375
SDEV,2025-09-04,2025-09-04 14:53:00,False,clean_breakout,previous_high_break_with_pullback_low_support_or_previous_resistance,20.5955,21.4,20.5,21.203,34991.0,14865.540000000003,2.353833093180604,0.674999999999999,0.21888888888888833,0.10611111111111267,0.7811111111111116,2025-09-04 14:43:00,21.0,20.6,37186.2,11009.380000000001,0.5361930294906156,2025-09-04 14:47:00,20.3,20.592,0.17500000000000132,0.0333333333333333,0.009666666666666638,10.0,14.606423619299164,3.0970000000000013,24.3,2025-09-04 17:37:00,4.7021647880016975,0.9969999999999999,22.2,2025-09-04 15:07:00,False,,False,,,17.644210178524144,20.626284030490265,20.361045412429853,0.3166430402572651,0.004350397696954111,0.312292642560311
QMCO,2024-11-22,2024-11-22 11:19:00,False,clean_breakout,previous_high_break_with_pullback_low_support_or_previous_resistance,7.2,8.13,7.2,8.08,574693.0,199997.85,2.873495890080818,0.9462365591397842,0.05376344086021578,0.0,0.9462365591397842,2024-11-22 11:17:00,7.69,7.33,258605.0,173351.0,0.48717948717948745,2024-11-22 11:18:00,7.12,7.2,0.26666666666666705,0.07412223667100133,0.05071521456436927,2.0,41.95544554455446,3.3900000000000006,11.47,2024-11-22 19:14:00,16.0891089108911,1.3000000000000007,9.38,2024-11-22 11:26:00,True,7.0,False,,,6.620931806819565,7.270912623115695,6.8503590329852475,0.4535545760855415,0.102947870757091,0.3506067053284505
QMCO,2024-11-22,2024-11-22 13:57:00,False,clean_breakout,previous_high_break_with_pullback_low_support_or_previous_resistance,8.44,9.3,8.42,9.0,370649.0,93214.8,3.97628917296395,0.6363636363636364,0.34090909090909144,0.02272727272727222,0.6590909090909086,2024-11-22 13:53:00,8.97,8.65,183003.0,64598.4,0.744186046511626,2024-11-22 13:56:00,8.38,8.52,0.3103448275862073,0.06577480490523967,0.003344481605351099,4.0,27.44444444444445,2.4700000000000006,11.47,2024-11-22 19:14:00,13.999999999999998,1.2599999999999998,10.26,2024-11-22 14:27:00,True,7.0,False,,,7.760285637916442,8.420411085595266,8.063768805853638,0.34091277155446154,0.1410179613975468,0.19989481015691474
PBM,2024-12-19,2024-12-19 12:07:00,False,clean_breakout,previous_high_break_with_pullback_low_support_or_previous_resistance,337.7274,378.5686,329.2594,364.128,32549.92772432,16991.415317376002,1.9156690079273933,0.5354092136964301,0.29285812789499777,0.17173265840857213,0.7071418721050022,2024-12-19 11:52:00,361.1392,354.026,21943.11126832,14862.617116599999,0.1680003023117403,2024-12-19 11:57:00,275.9602,291.9001,0.4262296160997849,0.23586196126036726,0.008276033175019409,15.0,7.660740179277618,27.894900000000007,392.0229,2024-12-19 12:08:00,7.660740179277618,27.894900000000007,392.0229,2024-12-19 12:08:00,False,,True,2024-12-19 12:22:00,260.5184,228.24468770921823,321.59063712385597,302.7194009149995,23.6925120295777,0.9912295129337636,22.701282516643936
LVWR,2025-05-30,2025-05-30 09:51:00,False,clean_breakout,previous_high_break_with_pullback_low_support_or_previous_resistance,3.891,4.1,3.8601,4.0892,633120.0,287151.85,2.204826470733168,0.8261775739891634,0.04501875781575539,0.1288036681950812,0.9549812421842446,2025-05-30 09:49:00,4.0,3.915,516313.0,249025.8,0.22222222222222276,2025-05-30 09:50:00,3.85,3.8911,0.540789473684206,0.03749999999999998,0.022299999999999986,2.0,25.94150445074832,1.0608000000000004,5.15,2025-05-30 10:32:00,21.05057223906877,0.8608000000000002,4.95,2025-05-30 10:00:00,True,4.0,False,,,3.671802314978142,3.8823571085196167,3.738628259451744,0.15033915125224162,0.03151706074497104,0.11882209050727058
LVWR,2025-05-30,2025-05-30 10:00:00,False,clean_breakout,previous_high_break_with_pullback_low_support_or_previous_resistance,4.59,4.95,4.5801,4.86,1410951.0,682533.5,2.0672260042913644,0.7299270072992706,0.24330900243308942,0.026763990267639932,0.7566909975669106,2025-05-30 09:57:00,4.77,4.4958,1411256.0,545252.25,0.022888888888888872,2025-05-30 09:58:00,4.4812,4.65,0.04426559356136793,0.06054507337526191,0.018867924528302046,3.0,5.967078189300413,0.29000000000000004,5.15,2025-05-30 10:32:00,4.732510288065834,0.22999999999999954,5.09,2025-05-30 10:30:00,False,,True,2025-05-30 10:04:00,4.34,4.121032985704097,4.515750672105353,4.227835048107713,0.30519338040462607,0.06428979120650191,0.24090358919812416
LVWR,2025-05-30,2025-05-30 13:34:00,False,clean_breakout,previous_high_break_with_pullback_low_support_or_previous_resistance,4.6993,4.7898,4.6804,4.765,193537.0,48839.45,3.9627186628842055,0.6005484460694669,0.22669104204753152,0.17276051188300157,0.7733089579524685,2025-05-30 13:32:00,4.7,4.661,87895.0,40059.05,0.28571428571429114,2025-05-30 13:33:00,4.6601,4.6988,0.24812030075187852,0.008489361702127716,0.013829787234042447,2.0,4.721930745015751,0.22500000000000053,4.99,2025-05-30 15:04:00,1.783840503672612,0.08499999999999996,4.85,2025-05-30 13:40:00,False,,True,2025-05-30 13:43:00,4.6,4.444438573883478,4.660115232123745,4.5929181235964185,0.07241102679799472,0.011873555930502905,0.06053747086749181
RGS,2024-06-25,2024-06-25 09:50:00,False,clean_breakout,previous_high_break_with_pullback_low_support_or_previous_resistance,16.78,18.16,16.21,17.98,370651.0,262514.75,1.411924472815337,0.6153846153846152,0.0923076923076922,0.29230769230769255,0.9076923076923078,2024-06-25 09:44:00,17.5,17.43,281879.0,196820.7,0.14000000000000057,2024-06-25 09:47:00,15.64,16.46,0.45333333333333314,0.10628571428571425,0.02742857142857145,6.0,34.983314794215794,6.289999999999999,24.27,2024-06-25 14:57:00,11.06785317018909,1.9899999999999984,19.97,2024-06-25 09:57:00,True,7.0,False,,,12.591685147288917,16.65642913870581,15.866238498612471,0.7998877507989235,0.1955304710725354,0.6043572797263881
RGS,2024-06-25,2024-06-25 14:56:00,False,clean_breakout,previous_high_break_with_pullback_low_support_or_previous_resistance,22.3,23.85,21.7,23.6,241714.0,77549.05,3.116917615367306,0.6046511627906974,0.11627906976744175,0.27906976744186085,0.8837209302325583,2024-06-25 14:54:00,21.91,21.7,96376.0,63315.8,0.39622641509434037,2024-06-25 14:55:00,21.21,22.39,0.3445378151260512,0.031948881789137344,0.07713372889091745,2.0,2.8389830508474496,0.6699999999999982,24.27,2024-06-25 14:57:00,2.8389830508474496,0.6699999999999982,24.27,2024-06-25 14:57:00,False,,True,2024-06-25 15:04:00,20.84,15.304013749418585,21.842218965706543,21.042808528758368,0.7999219154691737,0.23946361282302553,0.5604583026461482
FRMM,2025-08-12,2025-08-12 14:19:00,False,clean_breakout,previous_high_break_with_pullback_low_support_or_previous_resistance,97.712,101.999,97.7,101.2,61352.7,54649.69499999999,1.1226540239611584,0.8113514770876962,0.18585717608746075,0.0027913468248430976,0.8141428239125392,2025-08-12 14:15:00,100.0,99.001,90638.8,49133.225,0.27749999999999914,2025-08-12 14:18:00,97.0,97.7,0.2916666666666672,0.03,0.012000000000000028,4.0,25.889328063241106,26.200000000000003,127.4,2025-08-12 14:47:00,25.889328063241106,26.200000000000003,127.4,2025-08-12 14:47:00,True,8.0,True,2025-08-12 14:22:00,94.801,68.6188628606653,97.69394257345925,95.027067582322,2.8481771788303973,0.5317846010798712,2.316392577750526
FRMM,2025-08-12,2025-08-12 14:25:00,False,clean_breakout,previous_high_break_with_pullback_low_support_or_previous_resistance,101.3,107.383,100.8,105.9,121803.9,62776.58,1.9402761348260766,0.6987695579523029,0.2252772292267948,0.07595321282090234,0.7747227707732052,2025-08-12 14:19:00,101.999,101.2,61352.7,54649.69499999999,0.18585717608746075,2025-08-12 14:23:00,94.2,97.9,0.375,0.07646153393660715,0.038245472994833385,6.0,20.30217186024551,21.5,127.4,2025-08-12 14:47:00,20.30217186024551,21.5,127.4,2025-08-12 14:47:00,True,8.0,False,,,69.45797110305884,99.92931793797693,97.36820431980222,2.8849832596950904,0.21877118607652468,2.6662120736185657
HYPD,2025-06-24,2025-06-24 11:15:00,False,clean_breakout,previous_high_break_with_pullback_low_support_or_previous_resistance,9.275,9.68,9.21,9.5576,342105.0,253246.6,1.350876971299911,0.6012765957446832,0.26042553191489204,0.13829787234042482,0.739574468085108,2025-06-24 11:09:00,9.48,9.4294,451743.0,224383.85,0.12050488211479178,2025-06-24 11:13:00,9.0501,9.3366,0.39375568354046414,0.045348101265822775,0.008185654008438854,6.0,12.475935381267254,1.1923999999999992,10.75,2025-06-24 11:22:00,12.475935381267254,1.1923999999999992,10.75,2025-06-24 11:22:00,True,7.0,False,,,8.175278716762419,9.259847077159876,8.99222496460728,0.3338186647802388,0.006493887551455468,0.32732477722878334
HYPD,2025-06-24,2025-06-24 11:19:00,False,clean_breakout,previous_high_break_with_pullback_low_support_or_previous_resistance,9.5799,9.99,9.5799,9.8664,393699.0,275378.35,1.4296657671164057,0.698610095098757,0.30138990490124296,0.0,0.698610095098757,2025-06-24 11:16:00,9.84,9.5957,461155.0,274038.45,0.6979999999999981,2025-06-24 11:18:00,9.52,9.57,0.31250000000000416,0.032520325203252064,0.0026829268292683584,3.0,8.955647449931075,0.8835999999999995,10.75,2025-06-24 11:22:00,8.955647449931075,0.8835999999999995,10.75,2025-06-24 11:22:00,False,,True,2025-06-24 11:28:00,9.46,8.313635310286614,9.507433042804687,9.21443566730213,0.35624700063960013,0.015471345371876832,0.3407756552677233
PLYX,2026-03-10,2026-03-10 12:32:00,False,clean_breakout,previous_high_break_with_pullback_low_support_or_previous_resistance,4.41,4.5,4.4,4.49,11144.0,4070.95,2.7374445768186786,0.8000000000000036,0.09999999999999823,0.09999999999999823,0.9000000000000018,2026-03-10 12:30:00,4.45,4.4,5307.0,3448.7,0.4000000000000107,2026-03-10 12:31:00,4.42,4.45,0.6666666666666765,0.006741573033707921,0.008988764044943828,2.0,64.58797327394208,2.8999999999999995,7.39,2026-03-10 14:08:00,7.572383073496655,0.33999999999999986,4.83,2026-03-10 13:00:00,False,,True,2026-03-10 12:39:00,4.41,4.02275558722932,4.411411587494721,4.377953461278222,0.036808224954497426,0.009662933629950268,0.02714529132454716
PLYX,2026-03-10,2026-03-10 12:58:00,False,clean_breakout,previous_high_break_with_pullback_low_support_or_previous_resistance,4.59,4.69,4.59,4.68,11149.0,5089.6,2.190545425966677,0.8999999999999938,0.10000000000000622,0.0,0.8999999999999938,2026-03-10 12:56:00,4.65,4.61,4853.0,5485.8,0.5714285714285696,2026-03-10 12:57:00,4.64,4.64,0.0,0.002150537634408747,0.0064516129032256685,2.0,57.90598290598291,2.71,7.39,2026-03-10 14:08:00,4.700854700854714,0.22000000000000064,4.9,2026-03-10 13:28:00,False,,True,2026-03-10 13:02:00,4.49,4.138067022887966,4.591664902815623,4.53134646255025,0.06151378567170607,0.02001457591552859,0.04149920975617748
PLYX,2026-03-10,2026-03-10 13:00:00,False,clean_breakout,previous_high_break_with_pullback_low_support_or_previous_resistance,4.65,4.83,4.65,4.8,13935.0,5871.85,2.37318732597052,0.8333333333333317,0.16666666666666832,0.0,0.8333333333333317,2026-03-10 12:58:00,4.69,4.68,11149.0,5089.6,0.10000000000000622,2026-03-10 12:59:00,4.64,4.64,0.0,0.010660980810234692,0.023454157782515868,2.0,53.95833333333333,2.59,7.39,2026-03-10 14:08:00,2.7083333333333313,0.1299999999999999,4.93,2026-03-10 13:29:00,False,,True,2026-03-10 13:02:00,4.49,4.166512744173251,4.641065537801999,4.566294950069479,0.07528038282632199,0.023329216079925802,0.05195116674639619
PLYX,2026-03-10,2026-03-10 13:35:00,False,clean_breakout,previous_high_break_with_pullback_low_support_or_previous_resistance,4.98,5.36,4.93,5.35,90285.0,16905.6,5.340538046564452,0.8604651162790667,0.02325581395348991,0.11627906976744334,0.9767441860465101,2026-03-10 13:33:00,4.93,4.92,12605.0,10260.6,0.09999999999999823,2026-03-10 13:34:00,4.91,4.98,0.24999999999999445,0.004056795131845756,0.08519269776876266,2.0,38.13084112149533,2.04,7.39,2026-03-10 14:08:00,28.785046728971963,1.54,6.89,2026-03-10 13:58:00,True,11.0,False,,,4.4814393673233,4.962613133375025,4.848739759511964,0.11003063484671305,0.03996435427551337,0.07006628057119968
PLYX,2026-03-10,2026-03-10 13:58:00,False,clean_breakout,previous_high_break_with_pullback_low_support_or_previous_resistance,6.47,6.89,6.37,6.82,515033.0,251213.25,2.0501824644997826,0.6730769230769247,0.13461538461538355,0.1923076923076918,0.8653846153846164,2026-03-10 13:55:00,6.48,6.32,267760.0,212027.1,0.6153846153846143,2026-03-10 13:56:00,6.21,6.42,0.5769230769230788,0.041666666666666734,0.05246913580246911,3.0,8.357771260997058,0.5699999999999994,7.39,2026-03-10 14:08:00,8.357771260997058,0.5699999999999994,7.39,2026-03-10 14:08:00,False,,False,,,5.748149984870175,6.340173734799153,6.004090158615942,0.3754835850182321,0.045451082335770665,0.3300325026824614
FATN,2025-04-17,2025-04-17 14:17:00,False,clean_breakout,previous_high_break_with_pullback_low_support_or_previous_resistance,14.6,14.9,14.5,14.88,15982.0,15455.5,1.0340655430105787,0.7000000000000022,0.04999999999999889,0.2499999999999989,0.9500000000000011,2025-04-17 14:13:00,14.87,14.39,33803.0,13978.0,0.2769230769230771,2025-04-17 14:14:00,14.31,14.62,0.2,0.03765971755211828,0.000672494956287933,4.0,14.247311827956983,2.119999999999999,17.0,2025-04-17 14:23:00,14.247311827956983,2.119999999999999,17.0,2025-04-17 14:23:00,True,4.0,False,,,11.783083762632577,14.473488669087581,14.130371176407564,0.3795336168671053,0.053966765091817415,0.3255668517752879
FATN,2025-04-17,2025-04-17 14:20:00,False,clean_breakout,previous_high_break_with_pullback_low_support_or_previous_resistance,14.81,16.29,14.79,16.26,79508.0,19436.2,4.090717321287083,0.9666666666666673,0.01999999999999839,0.013333333333334233,0.9800000000000016,2025-04-17 14:18:00,14.9,14.72,16861.0,15913.55,0.0,2025-04-17 14:19:00,14.61,14.79,0.7826086956521712,0.01946308724832221,0.09127516778523498,2.0,4.551045510455094,0.7399999999999984,17.0,2025-04-17 14:23:00,4.551045510455094,0.7399999999999984,17.0,2025-04-17 14:23:00,False,,True,2025-04-17 14:24:00,14.33,11.951634793277726,14.912986198572844,14.435999989091835,0.4948879331096325,0.1134856952522974,0.3814022378573351
SBET,2025-05-29,2025-05-29 13:47:00,False,clean_breakout,previous_high_break_with_pullback_low_support_or_previous_resistance,54.33,55.8,54.0,55.28,52189.0,47705.45,1.0939840206936524,0.5277777777777802,0.28888888888888714,0.18333333333333268,0.7111111111111129,2025-05-29 13:44:00,54.74,54.2,56252.0,45463.7,0.033613445378150406,2025-05-29 13:45:00,53.5,54.05,0.624999999999995,0.022652539276580234,0.009864815491413942,3.0,93.25253256150505,51.55,106.83,2025-05-29 16:17:00,9.442836468885671,5.219999999999999,60.5,2025-05-29 13:54:00,False,,False,,,43.971015784127864,53.983643266443906,52.72772038223666,1.5027871642882928,0.03391409250164967,1.4688730717866432
MSAI,2025-10-23,2025-10-23 13:53:00,False,clean_breakout,previous_high_break_with_pullback_low_support_or_previous_resistance,43.4,46.0,43.2,45.192,10669.925,4528.6475,2.3560952801029447,0.6400000000000012,0.2885714285714288,0.07142857142856998,0.7114285714285712,2025-10-23 13:51:00,43.6,43.4,6314.7,3876.1675000000005,0.4310344827586281,2025-10-23 13:52:00,43.2,43.6,0.2399999999999922,0.009174311926605472,0.03651376146788988,2.0,29.22641175429279,13.207999999999998,58.4,2025-10-23 16:00:00,7.983713931669316,3.607999999999997,48.8,2025-10-23 14:07:00,False,,False,,,40.54423495404442,43.229203696814174,42.157060995279295,1.0933935505313315,0.27638196386525793,0.8170115866660735
MSAI,2025-10-23,2025-10-23 15:40:00,False,clean_breakout,previous_high_break_with_pullback_low_support_or_previous_resistance,45.6,48.0,45.204,47.992,9061.45,2226.1199999999994,4.070512820512822,0.8555078683834036,0.002861230329042444,0.14163090128755396,0.9971387696709576,2025-10-23 15:38:00,45.6,45.204,4623.775,1722.6112500000004,0.49499999999999833,2025-10-23 15:39:00,45.204,45.596,0.4949494949494888,0.008684210526315806,0.052456140350877103,2.0,21.686947824637443,10.408000000000001,58.4,2025-10-23 16:00:00,21.686947824637443,10.408000000000001,58.4,2025-10-23 16:00:00,True,2.0,False,,,41.45293231136051,45.546545847366126,44.7890511609835,0.7497354150357936,0.22770307544771717,0.5220323395880764
CBIO,2024-10-29,2024-10-29 15:15:00,False,clean_breakout,previous_high_break_with_pullback_low_support_or_previous_resistance,54.01,56.0,53.56,55.51,21717.85,10215.368999999999,2.125997602240311,0.6147540983606563,0.20081967213114854,0.18442622950819515,0.7991803278688514,2024-10-29 15:12:00,55.16,52.45,35742.01,9503.006,0.8630573248407641,2024-10-29 15:13:00,52.46,54.0,0.22705314009661778,0.04894851341551842,0.006345177664974645,3.0,0.46838407494146117,0.2600000000000051,55.77,2024-10-29 15:32:00,0.46838407494146117,0.2600000000000051,55.77,2024-10-29 15:32:00,False,,True,2024-10-29 15:34:00,52.0,48.09117953739179,53.2493170339651,52.094545858194515,1.135405961331763,0.376102058681138,0.7593039026506251
NAMM,2026-02-19,2026-02-19 10:16:00,False,clean_breakout,previous_high_break_with_pullback_low_support_or_previous_resistance,2.84,2.94,2.84,2.92,50618.0,13956.55,3.626827546922413,0.8,0.2,0.0,0.8,2026-02-19 10:14:00,2.849,2.825,2523.0,11087.05,0.27916666666668194,2026-02-19 10:15:00,2.8,2.8436,0.7999999999999965,0.01719901719901733,0.024921024921024826,2.0,39.38356164383563,1.1500000000000004,4.07,2026-02-19 15:40:00,5.479452054794526,0.16000000000000014,3.08,2026-02-19 10:41:00,False,,False,,,2.7298303624103286,2.8285898980133295,2.7891124102379172,0.04020292017511329,0.01237039709433354,0.02783252308077975
NAMM,2026-02-19,2026-02-19 11:44:00,False,clean_breakout,previous_high_break_with_pullback_low_support_or_previous_resistance,3.09,3.13,3.0827,3.125,19670.0,10558.4,1.862971662373087,0.7399577167019074,0.10570824524312694,0.1543340380549657,0.8942917547568731,2026-02-19 11:42:00,3.1,3.1,31052.0,9553.95,0.0,2026-02-19 11:43:00,3.0827,3.0827,0.0,0.005580645161290352,0.008064516129032228,2.0,30.240000000000013,0.9450000000000003,4.07,2026-02-19 15:40:00,8.159999999999997,0.2549999999999999,3.38,2026-02-19 12:12:00,False,,True,2026-02-19 11:46:00,3.06,2.918151900918855,3.073738895546125,3.039806485612369,0.029318862731151363,0.01563948842880723,0.013679374302344133
RMSG,2026-04-16,2026-04-16 11:15:00,False,clean_breakout,previous_high_break_with_pullback_low_support_or_previous_resistance,2.4191,2.75,2.4191,2.64,697012.0,156487.1,4.454117943268167,0.6675732849803572,0.3324267150196428,0.0,0.6675732849803572,2026-04-16 11:08:00,2.46,2.4314,346067.0,103457.2,0.1682352941176469,2026-04-16 11:09:00,2.26,2.33,0.3888888888888901,0.08130081300813015,0.07317073170731714,7.0,26.89393939393939,0.71,3.35,2026-04-16 11:29:00,26.89393939393939,0.71,3.35,2026-04-16 11:29:00,True,3.0,False,,,2.2116669475646336,2.4110413299273175,2.290734295945422,0.13244828018073918,0.019766763399058945,0.11268151678168023
RPGL,2025-12-29,2025-12-29 11:01:00,False,clean_breakout,previous_high_break_with_pullback_low_support_or_previous_resistance,11.272,12.6,11.246,12.172,235206.6,123529.48749999997,1.9040522612060546,0.6646971935007392,0.3161004431314618,0.01920236336779898,0.6838995568685382,2025-12-29 10:57:00,12.0,11.47,251491.7,105665.55249999999,0.3092182030338385,2025-12-29 10:59:00,11.014,11.4,0.6587030716723563,0.08216666666666672,0.014333333333333384,4.0,42.91817285573447,5.224,17.396,2025-12-29 12:54:00,7.328294446270123,0.8919999999999995,13.064,2025-12-29 11:10:00,False,,False,,,9.96969148077873,11.214997484710736,10.775829547712554,0.476928958169065,0.10968828185162965,0.36724067631743534
AMBO,2024-10-07,2024-10-07 11:15:00,False,clean_breakout,previous_high_break_with_pullback_low_support_or_previous_resistance,1.7,1.77,1.6901,1.7692,35748.0,8957.7,3.9907565558123177,0.8660826032540686,0.010012515644554581,0.12390488110137685,0.9899874843554454,2024-10-07 11:13:00,1.69,1.69,6930.0,6416.05,0.0,2024-10-07 11:14:00,1.69,1.7,0.5000000000000111,0.0,0.046863905325443884,2.0,243.6581505765318,4.3108,6.08,2024-10-07 16:18:00,7.393172055166166,0.1307999999999998,1.9,2024-10-07 11:19:00,False,,True,2024-10-07 11:37:00,1.68,1.6124822849605416,1.688882424196955,1.662156697959954,0.02546080573680376,0.010045873630579273,0.015414932106224487
AMBO,2024-10-07,2024-10-07 11:18:00,False,clean_breakout,previous_high_break_with_pullback_low_support_or_previous_resistance,1.752,1.86,1.72,1.85,103512.0,17401.85,5.948333079528902,0.7,0.07142857142857142,0.22857142857142856,0.9285714285714286,2024-10-07 11:16:00,1.77,1.7692,44939.0,10896.75,0.01142857142857016,2024-10-07 11:17:00,1.715,1.7566,0.7563636363636347,0.03107344632768358,0.04519774011299439,2.0,228.64864864864867,4.23,6.08,2024-10-07 16:18:00,2.7027027027026933,0.04999999999999982,1.9,2024-10-07 11:19:00,False,,True,2024-10-07 11:37:00,1.68,1.6211854834083865,1.7422214011888413,1.696529747468667,0.042810961096192646,0.018903921621892174,0.023907039474300472
AMBO,2024-10-07,2024-10-07 14:26:00,False,clean_breakout,previous_high_break_with_pullback_low_support_or_previous_resistance,2.5,2.62,2.4914,2.62,167849.0,143532.2,1.1694170367346142,0.9331259720062213,0.0,0.06687402799377867,1.0,2024-10-07 14:24:00,2.59,2.516,236803.0,147423.9,0.41666666666666635,2024-10-07 14:25:00,2.5,2.5,0.0,0.034749034749034693,0.01158301158301168,2.0,132.06106870229007,3.46,6.08,2024-10-07 16:18:00,22.90076335877863,0.6000000000000001,3.22,2024-10-07 14:42:00,True,2.0,False,,,2.0310765293993436,2.4770649426705087,2.397368267399674,0.08660110526363685,0.019374702337360272,0.06722640292627657
PHAT,2025-06-06,2025-06-06 11:32:00,False,clean_breakout,previous_high_break_with_pullback_low_support_or_previous_resistance,4.87,5.12,4.8,5.08,307671.0,19120.9,16.090822084734505,0.6562499999999993,0.125,0.2187500000000007,0.875,2025-06-06 11:29:00,4.79,4.79,100.0,1275.25,0.0,2025-06-06 11:31:00,4.78,4.87,0.09999999999999823,0.002087682672233776,0.0605427974947808,3.0,142.5196850393701,7.24,12.32,2025-06-06 12:21:00,66.33858267716533,3.369999999999999,8.45,2025-06-06 11:55:00,True,8.0,False,,,4.922726880096503,4.855306239232622,4.813065573950704,0.034443314167313055,0.024032120814438684,0.010411193352874371
AQMS,2025-10-14,2025-10-14 11:12:00,False,clean_breakout,previous_high_break_with_pullback_low_support_or_previous_resistance,18.685,21.14,18.61,21.14,251937.0,61084.95,4.124371060302088,0.9703557312252967,0.0,0.029644268774703265,1.0,2025-10-14 11:08:00,19.62,19.1047,87115.0,44674.1,0.0967741935483906,2025-10-14 11:11:00,18.61,18.6327,0.03401258615522979,0.051478083588175405,0.07747196738022423,4.0,86.37653736991484,18.259999999999998,39.4,2025-10-14 15:37:00,8.751182592242184,1.8499999999999979,22.99,2025-10-14 11:19:00,False,,False,,,17.854550285380842,19.24325741859089,18.58507217358277,0.6286990852226779,0.2534073925846769,0.375291692638001
AQMS,2025-10-14,2025-10-14 15:10:00,False,clean_breakout,previous_high_break_with_pullback_low_support_or_previous_resistance,32.0999,34.27,31.7405,33.65,225914.0,107315.35,2.1051415291475077,0.6128088555050402,0.2451077288001597,0.14208341569480012,0.7548922711998403,2025-10-14 15:03:00,32.9,31.3094,214097.0,97556.45,0.5243902439024393,2025-10-14 15:06:00,30.5,32.25,0.4545454545454555,0.07294832826747716,0.022796352583586626,7.0,17.087667161961367,5.75,39.4,2025-10-14 15:37:00,17.087667161961367,5.75,39.4,2025-10-14 15:37:00,True,4.0,False,,,22.681898974362277,31.587372277654392,30.061411226968218,1.7100854642734333,0.1505774039218728,1.5595080603515605
AQMS,2025-10-14,2025-10-14 15:14:00,False,clean_breakout,previous_high_break_with_pullback_low_support_or_previous_resistance,34.2788,37.57,33.86,37.57,302243.0,129746.65,2.3294859636067677,0.8871159029649603,0.0,0.11288409703503971,1.0,2025-10-14 15:11:00,35.44,34.6,227181.0,117503.2,0.35729476818375017,2025-10-14 15:12:00,33.39,34.1,0.46499443316523803,0.05784424379232498,0.06010158013544026,3.0,4.8709076390737245,1.8299999999999983,39.4,2025-10-14 15:37:00,4.8709076390737245,1.8299999999999983,39.4,2025-10-14 15:37:00,False,,True,2025-10-14 15:18:00,33.27,23.07952607853546,33.84002768492724,31.772426162502892,2.221226726230654,0.39192399184496685,1.8293027343856871
LTBR,2024-10-18,2024-10-18 14:23:00,False,clean_breakout,previous_high_break_with_pullback_low_support_or_previous_resistance,6.629,7.11,6.6,7.0001,161206.0,62528.35,2.5781265617915716,0.7276470588235289,0.21549019607843217,0.05686274509803897,0.7845098039215679,2024-10-18 14:21:00,6.6,6.5691,86639.0,58316.4,0.11035714285714285,2024-10-18 14:22:00,6.476,6.6358,0.6396551724137914,0.01878787878787874,0.060621212121212145,2.0,13.569806145626497,0.9499000000000004,7.95,2024-10-18 19:55:00,2.7128183883087473,0.18990000000000062,7.19,2024-10-18 14:24:00,False,,True,2024-10-18 14:47:00,6.38,5.720319764335456,6.520746313053598,6.33896739194317,0.18152990835842076,0.06692780004895134,0.11460210830946942
MYSE,2025-01-07,2025-01-07 12:43:00,False,clean_breakout,previous_high_break_with_pullback_low_support_or_previous_resistance,3.81,4.1,3.74,4.084,1542770.0,467662.2,3.2988982218361884,0.7611111111111112,0.04444444444444456,0.1944444444444443,0.9555555555555555,2025-01-07 12:41:00,3.9799,3.8797,1123300.0,371139.6,0.5897586815773983,2025-01-07 12:42:00,3.78,3.82,0.30769230769230715,0.05022739264805658,0.026156436091358932,2.0,131.63565132223314,5.376000000000001,9.46,2025-01-07 16:02:00,7.002938295788455,0.2860000000000005,4.37,2025-01-07 13:13:00,False,,True,2025-01-07 12:52:00,3.77,3.2289013250446033,3.787699932377195,3.654779194220075,0.1277887679515275,0.047727155795069434,0.08006161215645806
PCLA,2025-12-26,2025-12-26 10:39:00,False,clean_breakout,previous_high_break_with_pullback_low_support_or_previous_resistance,12.0001,13.0621,12.0001,12.8401,109709.036232,52058.719407599994,2.107409430743387,0.7909604519774015,0.20903954802259855,0.0,0.7909604519774015,2025-12-26 10:34:00,12.7351,12.3331,99673.503255,34533.15633164999,0.36118598382749273,2025-12-26 10:38:00,11.7001,11.9971,0.7021276595744652,0.08127144663174993,0.008244929368438444,5.0,14.485868490120804,1.8600000000000012,14.7001,2025-12-26 12:59:00,12.149438088488411,1.5600000000000005,14.4001,2025-12-26 11:00:00,True,21.0,False,,,10.714763133998796,11.902594881562147,11.137686034806762,0.8229408388916539,0.12358600498823424,0.6993548339034197
PCLA,2025-12-26,2025-12-26 12:55:00,False,clean_breakout,previous_high_break_with_pullback_low_support_or_previous_resistance,13.4521,14.2501,13.2151,13.9801,60692.426403,47544.8878797,1.2765289626208907,0.5101449275362323,0.26086956521739085,0.22898550724637687,0.7391304347826091,2025-12-26 12:52:00,13.8991,13.4011,80835.8583,42076.00590239999,0.13265306122449158,2025-12-26 12:54:00,13.1251,13.4761,0.035897435897437206,0.055687058874315666,0.005827715463591132,3.0,5.150177752662718,0.7200000000000006,14.7001,2025-12-26 12:59:00,5.150177752662718,0.7200000000000006,14.7001,2025-12-26 12:59:00,False,,False,,,12.252037204518338,13.331584989732297,12.957416421538964,0.4009760820564363,0.07797148255564901,0.3230045995007873
PCLA,2025-12-26,2025-12-26 12:59:00,False,clean_breakout,previous_high_break_with_pullback_low_support_or_previous_resistance,13.8871,14.7001,13.8031,14.4331,106158.471738,56020.434790050014,1.894995498265129,0.6086956521739122,0.2976588628762555,0.09364548494983234,0.7023411371237446,2025-12-26 12:57:00,14.4001,14.2471,107295.493701,49956.915425850006,0.21888412017167455,2025-12-26 12:58:00,13.7761,13.8721,0.16580310880829013,0.043333032409497194,0.002291650752425294,2.0,1.060063326658864,0.15300000000000047,14.5861,2025-12-26 13:06:00,1.060063326658864,0.15300000000000047,14.5861,2025-12-26 13:06:00,False,,True,2025-12-26 13:01:00,13.7551,12.343997059022032,13.799538651794352,13.33400844026604,0.4997590987040468,0.09751307161169331,0.40224602709235346
DXST,2026-03-04,2026-03-04 11:27:00,False,clean_breakout,previous_high_break_with_pullback_low_support_or_previous_resistance,5.11,5.75,5.1075,5.735,372221.56,128761.73200000003,2.8907778283069376,0.9727626459143968,0.023346303501945026,0.003891050583658195,0.976653696498055,2026-03-04 11:25:00,5.1225,5.0925,171638.6,110162.68000000001,0.10204081632652513,2026-03-04 11:26:00,4.985,5.1175,0.854838709677419,0.026842362127867114,0.11957052220595427,2.0,28.552746294681764,1.6374999999999993,7.3725,2026-03-04 12:10:00,23.75762859633827,1.3624999999999998,7.0975,2026-03-04 11:35:00,True,2.0,False,,,4.3457144422350416,5.06668911749084,4.766890850068597,0.27273747143224725,0.11064641823258897,0.16209105319965827
SDEV,2025-09-04,2025-09-04 10:57:00,False,clean_breakout,previous_high_break_with_pullback_low_support_or_previous_resistance,17.475,18.0,17.45,17.9005,24314.8,9324.990000000002,2.6074880509255234,0.7736363636363618,0.1809090909090889,0.04545454545454927,0.8190909090909111,2025-09-04 10:55:00,17.5,17.425,23286.0,7990.2400000000025,0.007518796992481471,2025-09-04 10:56:00,17.3,17.4935,0.6250000000000022,0.011428571428571389,0.022885714285714343,2.0,35.75039803357448,6.3995,24.3,2025-09-04 17:37:00,4.187033881735133,0.7494999999999976,18.65,2025-09-04 11:17:00,False,,True,2025-09-04 10:58:00,17.05,15.753006934366272,17.40208978653579,17.054489096096546,0.3794806656180967,0.05862620802491281,0.3208544575931839
SDEV,2025-09-04,2025-09-04 14:00:00,False,clean_breakout,previous_high_break_with_pullback_low_support_or_previous_resistance,19.2,19.95,19.2,19.8995,41582.2,12082.91,3.4414060851235337,0.9326666666666673,0.06733333333333273,0.0,0.9326666666666673,2025-09-04 13:52:00,19.25,19.0,16787.2,7492.0,0.16666666666666863,2025-09-04 13:53:00,18.25,18.85,0.8005336891260847,0.05194805194805195,0.03374025974025973,8.0,22.113620945249885,4.400500000000001,24.3,2025-09-04 17:37:00,0.0,0.0,19.8995,2025-09-04 14:04:00,False,,False,,,16.98199687770225,19.109500248289695,18.88030415619808,0.25636729445487205,0.027943857447210174,0.22842343700766188
SDEV,2025-09-04,2025-09-04 14:01:00,False,clean_breakout,previous_high_break_with_pullback_low_support_or_previous_resistance,19.7,19.85,19.157,19.3075,29260.2,13408.16,2.182268111359053,0.5663780663780628,0.21645021645021909,0.21717171717171813,0.21717171717171813,2025-09-04 13:59:00,19.25,19.25,16019.0,10042.45,0.0,2025-09-04 14:00:00,19.2,19.8995,0.0,0.0025974025974026343,0.002987012987013039,2.0,25.857827269195905,4.9925,24.3,2025-09-04 17:37:00,3.0661659976692928,0.5919999999999987,19.8995,2025-09-04 14:04:00,False,,True,2025-09-04 14:08:00,19.1,17.01733148865882,19.149100198631757,18.920989474655403,0.259078741612754,0.03433142911679027,0.22474731249596375
SDEV,2025-09-04,2025-09-04 14:53:00,False,clean_breakout,previous_high_break_with_pullback_low_support_or_previous_resistance,20.5955,21.4,20.5,21.203,34991.0,14865.540000000003,2.353833093180604,0.674999999999999,0.21888888888888833,0.10611111111111267,0.7811111111111116,2025-09-04 14:43:00,21.0,20.6,37186.2,11009.380000000001,0.5361930294906156,2025-09-04 14:47:00,20.3,20.592,0.17500000000000132,0.0333333333333333,0.009666666666666638,10.0,14.606423619299164,3.0970000000000013,24.3,2025-09-04 17:37:00,4.7021647880016975,0.9969999999999999,22.2,2025-09-04 15:07:00,False,,False,,,17.644210178524144,20.626284030490265,20.361045412429853,0.3166430402572651,0.004350397696954111,0.312292642560311
RZLV,2024-09-25,2024-09-25 13:27:00,False,clean_breakout,previous_high_break_with_pullback_low_support_or_previous_resistance,7.1,7.3,7.1,7.3,8704.0,1628.5,5.344795824378262,1.0,0.0,0.0,1.0,2024-09-25 13:25:00,7.2,7.19,6915.0,1579.45,0.03448275862068892,2024-09-25 13:26:00,7.1,7.17,0.5714285714285696,0.013888888888888963,0.01388888888888884,2.0,11.232876712328759,0.8199999999999994,8.12,2024-09-25 14:05:00,8.219178082191789,0.6000000000000005,7.9,2024-09-25 13:57:00,False,,True,2024-09-25 13:28:00,7.05,6.740179907785934,7.070894332239859,6.979334683047556,0.0841417127984041,0.036721507503610695,0.047420205294793405
RILY,2025-02-26,2025-02-26 10:24:00,False,clean_breakout,previous_high_break_with_pullback_low_support_or_previous_resistance,4.75,4.8,4.73,4.8,2775.0,9050.4,0.306616282153275,0.714285714285718,0.0,0.2857142857142821,1.0,2025-02-26 10:22:00,4.78,4.78,11027.0,8441.75,0.0,2025-02-26 10:23:00,4.72,4.74,0.33333333333333826,0.01255230125523023,0.004184100418409952,2.0,32.291666666666664,1.5499999999999998,6.35,2025-02-26 14:56:00,1.8749999999999971,0.08999999999999986,4.89,2025-02-26 10:52:00,False,,False,,,4.515788842630135,4.72523245574415,4.67592135295316,0.05971495709239871,0.006394218808998806,0.05332073828339991
RILY,2025-02-26,2025-02-26 11:34:00,False,clean_breakout,previous_high_break_with_pullback_low_support_or_previous_resistance,4.98,5.05,4.97,5.02,62296.0,16233.6,3.837472895722452,0.4999999999999889,0.3750000000000028,0.12500000000000833,0.6249999999999972,2025-02-26 11:31:00,5.0,4.96,18711.0,12956.5,0.0,2025-02-26 11:32:00,4.92,4.93,0.16666666666666174,0.016000000000000014,0.003999999999999915,3.0,26.494023904382473,1.33,6.35,2025-02-26 14:56:00,11.155378486055788,0.5600000000000005,5.58,2025-02-26 12:04:00,True,20.0,False,,,4.723971127174447,4.963580747222123,4.928686673627903,0.037085301400776594,0.0061680597505514335,0.03091724165022516
RILY,2025-02-26,2025-02-26 11:44:00,False,clean_breakout,previous_high_break_with_pullback_low_support_or_previous_resistance,5.03,5.1,5.02,5.1,32057.0,21099.4,1.519332303288245,0.8749999999999917,0.0,0.12500000000000833,1.0,2025-02-26 11:36:00,5.05,4.99,56284.0,20433.45,0.33333333333333665,2025-02-26 11:38:00,4.95,4.97,0.3999999999999929,0.019801980198019733,0.009900990099009866,8.0,24.50980392156863,1.25,6.35,2025-02-26 14:56:00,13.52941176470589,0.6900000000000004,5.79,2025-02-26 12:14:00,True,26.0,False,,,4.758942702772832,5.0271574247013575,4.989416982926912,0.04252111612534826,0.0045483272501741084,0.03797278887517415
RILY,2025-02-26,2025-02-26 11:45:00,False,clean_breakout,previous_high_break_with_pullback_low_support_or_previous_resistance,5.1,5.23,5.09,5.22,112296.0,25770.75,4.357498326591194,0.8571428571428544,0.07142857142857596,0.07142857142856962,0.928571428571424,2025-02-26 11:43:00,5.05,5.03,11572.0,19847.95,0.666666666666647,2025-02-26 11:44:00,5.02,5.1,0.12500000000000833,0.00594059405940599,0.03366336633663365,2.0,21.64750957854406,1.13,6.35,2025-02-26 14:56:00,12.452107279693495,0.6500000000000004,5.87,2025-02-26 12:15:00,True,29.0,False,,,4.783425176383599,5.065725939761085,5.011377270267206,0.055678259689866394,0.014825730170328039,0.040852529519538355
PSNL,2024-07-19,2024-07-19 12:10:00,False,clean_breakout,previous_high_break_with_pullback_low_support_or_previous_resistance,2.97,3.03,2.96,3.01,54195.0,11089.4,4.8870993922123835,0.5714285714285668,0.28571428571428664,0.14285714285714649,0.7142857142857134,2024-07-19 11:50:00,3.0,2.9534,67633.0,14072.8,0.21244635193133,2024-07-19 11:53:00,2.91,2.92,0.4999999999999889,0.029999999999999954,0.0033333333333332624,20.0,50.16611295681063,1.5099999999999998,4.52,2024-07-19 13:56:00,8.305647840531561,0.25,3.26,2024-07-19 12:40:00,False,,False,,,2.801309786234469,2.966964681073656,2.9549310719570445,0.01545418210511329,-0.0001450852256200605,0.01559926733073335
PSNL,2024-07-19,2024-07-19 12:43:00,False,clean_breakout,previous_high_break_with_pullback_low_support_or_previous_resistance,3.2202,3.3099,3.2202,3.3099,49532.0,31174.05,1.5888856276293906,1.0,0.0,0.0,1.0,2024-07-19 12:41:00,3.2799,3.27,44457.0,27747.8,0.19839679358717452,2024-07-19 12:42:00,3.22,3.23,0.19999999999999646,0.018262751913168035,0.0091466203237903,2.0,36.56001691894014,1.2100999999999997,4.52,2024-07-19 13:56:00,7.5198646484788165,0.24890000000000034,3.5588,2024-07-19 13:13:00,False,,False,,,2.945398090380134,3.2249010260084914,3.176070260529701,0.053290346239627695,0.011567760043664888,0.04172258619596281
PSNL,2024-07-19,2024-07-19 12:49:00,False,clean_breakout,previous_high_break_with_pullback_low_support_or_previous_resistance,3.2513,3.316,3.25,3.315,40466.0,35122.85,1.1521274611826775,0.9651515151515155,0.01515151515151352,0.01969696969697094,0.9848484848484865,2024-07-19 12:44:00,3.31,3.3,64596.0,33584.2,0.2712328767123278,2024-07-19 12:46:00,3.24,3.2699,0.9966666666666596,0.021148036253776387,0.001510574018126856,5.0,36.34992458521869,1.2049999999999996,4.52,2024-07-19 13:56:00,11.309200603318258,0.37490000000000023,3.6899,2024-07-19 13:18:00,True,26.0,False,,,2.9704172399347457,3.264631014561971,3.2220252909901257,0.051978682901821394,0.0006158964971146874,0.051362786404706706
PSNL,2024-07-19,2024-07-19 12:50:00,False,clean_breakout,previous_high_break_with_pullback_low_support_or_previous_resistance,3.32,3.4,3.3,3.37,94075.0,37627.95,2.5001362019456286,0.5000000000000022,0.29999999999999777,0.2,0.7000000000000022,2024-07-19 12:44:00,3.31,3.3,64596.0,33584.2,0.2712328767123278,2024-07-19 12:46:00,3.24,3.2699,0.9966666666666596,0.021148036253776387,0.018126888217522674,6.0,34.12462908011868,1.1499999999999995,4.52,2024-07-19 13:56:00,9.492581602373889,0.3199000000000001,3.6899,2024-07-19 13:18:00,False,,False,,,2.9835729600949636,3.285704811649577,3.2361181204196376,0.057474730950947794,0.004127180158162602,0.05334755079278519
PSNL,2024-07-19,2024-07-19 13:13:00,False,clean_breakout,previous_high_break_with_pullback_low_support_or_previous_resistance,3.4588,3.5588,3.4588,3.5588,82805.0,48824.9,1.6959584146613715,1.0,0.0,0.0,1.0,2024-07-19 13:09:00,3.52,3.4908,63790.0,52740.85,0.3649999999999983,2024-07-19 13:12:00,3.45,3.455,0.24999999999999445,0.01988636363636359,0.011022727272727321,4.0,27.009104192424395,0.9611999999999994,4.52,2024-07-19 13:56:00,13.802405305159033,0.49119999999999964,4.05,2024-07-19 13:42:00,True,26.0,False,,,3.10960856288776,3.4667947631033176,3.4123827424607027,0.06198664373053653,0.010055021205638719,0.05193162252489781
PSNL,2024-07-19,2024-07-19 13:51:00,False,clean_breakout,previous_high_break_with_pullback_low_support_or_previous_resistance,4.1188,4.22,4.0999,4.215,303817.0,178554.7,1.7015345997613056,0.8009991673605306,0.04163197335553621,0.15736885928393324,0.9583680266444637,2024-07-19 13:49:00,4.19,4.14,213693.0,169152.25,0.17166666666666483,2024-07-19 13:50:00,4.03,4.12,0.7499999999999981,0.03818615751789979,0.00596658711217171,2.0,7.236061684460254,0.3049999999999997,4.52,2024-07-19 13:56:00,7.236061684460254,0.3049999999999997,4.52,2024-07-19 13:56:00,False,,True,2024-07-19 13:58:00,3.7609,3.552317753961268,4.091966168603543,3.9677271441215276,0.1397286974918579,0.0184404818026572,0.1212882156892007
CNCK,2025-12-01,2025-12-01 11:50:00,False,clean_breakout,previous_high_break_with_pullback_low_support_or_previous_resistance,3.84,3.99,3.83,3.99,200.0,816.8,0.2448579823702253,0.9375000000000013,0.0,0.06249999999999861,1.0,2025-12-01 11:46:00,3.91,3.81,2598.0,1280.45,0.7000000000000022,2025-12-01 11:49:00,3.89,3.9,0.09090909090908908,0.005115089514066501,0.020460358056266004,4.0,133.33333333333331,5.32,9.31,2025-12-01 15:41:00,23.30827067669172,0.9299999999999997,4.92,2025-12-01 12:03:00,True,11.0,True,2025-12-01 11:58:00,3.79,3.6084697736011626,3.8371058921934327,3.776375864391629,0.06706436439095587,0.016914831000319173,0.05014953339063669
CNCK,2025-12-01,2025-12-01 15:41:00,False,clean_breakout,previous_high_break_with_pullback_low_support_or_previous_resistance,8.5,9.31,8.5,9.21,256230.0,165719.2,1.5461696653133734,0.8765432098765438,0.12345679012345627,0.0,0.8765432098765438,2025-12-01 15:36:00,8.95,8.47,267929.0,147728.1,0.3088235294117635,2025-12-01 15:40:00,8.4,8.52,0.3749999999999972,0.061452513966480334,0.029050279329609116,5.0,1.0857763300760004,0.09999999999999964,9.31,2025-12-01 15:42:00,1.0857763300760004,0.09999999999999964,9.31,2025-12-01 15:42:00,False,,True,2025-12-01 15:47:00,8.28,7.07671067393961,8.64488753292386,8.334211397110458,0.3450975111261467,0.026340673339633802,0.3187568377865129
UGRO,2026-03-30,2026-03-30 10:14:00,False,clean_breakout,previous_high_break_with_pullback_low_support_or_previous_resistance,25.81,27.4,25.81,27.05,128706.0,49155.3,2.618354480595175,0.7798742138364793,0.2201257861635207,0.0,0.7798742138364793,2026-03-30 10:12:00,26.0,25.53,75308.0,44303.2,0.0533333333333322,2026-03-30 10:13:00,25.25,25.82,0.22950819672131262,0.028846153846153848,0.040384615384615415,2.0,7.208872458410348,1.9499999999999993,29.0,2026-03-30 11:51:00,3.290203327171906,0.8900000000000006,27.94,2026-03-30 10:15:00,False,,True,2026-03-30 10:18:00,24.63,22.24320675735949,25.527809216255793,24.518077699614235,1.135045111736165,0.15766976550314338,0.9773753462330217
QMCO,2024-11-22,2024-11-22 11:19:00,False,clean_breakout,previous_high_break_with_pullback_low_support_or_previous_resistance,7.2,8.13,7.2,8.08,574693.0,199997.85,2.873495890080818,0.9462365591397842,0.05376344086021578,0.0,0.9462365591397842,2024-11-22 11:17:00,7.69,7.33,258605.0,173351.0,0.48717948717948745,2024-11-22 11:18:00,7.12,7.2,0.26666666666666705,0.07412223667100133,0.05071521456436927,2.0,41.95544554455446,3.3900000000000006,11.47,2024-11-22 19:14:00,16.0891089108911,1.3000000000000007,9.38,2024-11-22 11:26:00,True,7.0,False,,,6.620931806819565,7.270912623115695,6.8503590329852475,0.4535545760855415,0.102947870757091,0.3506067053284505
QMCO,2024-11-22,2024-11-22 13:57:00,False,clean_breakout,previous_high_break_with_pullback_low_support_or_previous_resistance,8.44,9.3,8.42,9.0,370649.0,93214.8,3.97628917296395,0.6363636363636364,0.34090909090909144,0.02272727272727222,0.6590909090909086,2024-11-22 13:53:00,8.97,8.65,183003.0,64598.4,0.744186046511626,2024-11-22 13:56:00,8.38,8.52,0.3103448275862073,0.06577480490523967,0.003344481605351099,4.0,27.44444444444445,2.4700000000000006,11.47,2024-11-22 19:14:00,13.999999999999998,1.2599999999999998,10.26,2024-11-22 14:27:00,True,7.0,False,,,7.760285637916442,8.420411085595266,8.063768805853638,0.34091277155446154,0.1410179613975468,0.19989481015691474
PULM,2024-11-13,2024-11-13 11:42:00,False,clean_breakout,previous_high_break_with_pullback_low_support_or_previous_resistance,2.99,3.19,2.9871,3.12,53410.0,9699.55,5.506441020459713,0.640709709216362,0.3449975357318867,0.014292755051751333,0.6550024642681133,2024-11-13 11:40:00,2.97,2.97,17317.0,10184.05,0.0,2024-11-13 11:41:00,2.95,2.9893,0.5,0.00673400673400674,0.05050505050505047,2.0,32.05128205128205,1.0,4.12,2024-11-13 14:09:00,2.3333333333333326,0.07279999999999998,3.1928,2024-11-13 11:43:00,False,,True,2024-11-13 11:49:00,2.89,2.7437857833441623,2.9608851539094574,2.9120376964151564,0.051391899261777674,0.014980893808394867,0.03641100545338281
PULM,2024-11-13,2024-11-13 11:43:00,False,clean_breakout,previous_high_break_with_pullback_low_support_or_previous_resistance,3.1151,3.1928,2.96,3.0,71702.0,11737.9,6.108588418712036,0.49441580756013714,0.3337628865979384,0.17182130584192445,0.17182130584192445,2024-11-13 11:41:00,2.99,2.9893,20504.0,9385.9,0.01750000000000361,2024-11-13 11:42:00,2.9871,3.12,0.014292755051751333,0.0009698996655519553,0.003344481605351099,2.0,37.333333333333336,1.12,4.12,2024-11-13 14:09:00,4.9999999999999964,0.1499999999999999,3.15,2024-11-13 11:46:00,False,,True,2024-11-13 11:44:00,2.96,2.7678942338322554,2.9687081231275663,2.920415058661332,0.052073240293948775,0.014474070471728794,0.03759916982221998
PULM,2024-11-13,2024-11-13 13:16:00,False,clean_breakout,previous_high_break_with_pullback_low_support_or_previous_resistance,3.06,3.09,3.06,3.0789,1167.0,2580.8,0.4521853688778673,0.6300000000000013,0.36999999999999866,0.0,0.6300000000000013,2024-11-13 13:08:00,3.0699,3.06,7499.0,2169.85,0.49748743718592436,2024-11-13 13:12:00,3.04,3.04,0.0,0.009739730935861115,0.0029316915860451145,8.0,33.814024489265655,1.0411000000000001,4.12,2024-11-13 14:09:00,2.9588489395563338,0.09109999999999996,3.17,2024-11-13 13:44:00,False,,True,2024-11-13 13:19:00,2.99,2.838390144292604,3.0546712867066534,3.0339396514311963,0.024445280677650505,0.000697455569270547,0.023747825108379958
SBET,2024-12-06,2024-12-06 14:33:00,False,clean_breakout,previous_high_break_with_pullback_low_support_or_previous_resistance,11.2032,13.0801,11.1156,13.0801,49251.719659,18035.19035895,2.7308677468191367,0.9554085008908119,0.0,0.044591499109188165,1.0,2024-12-06 14:26:00,12.24,11.9916,44962.736815,14549.858466999998,0.5149253731343285,2024-12-06 14:30:00,10.5816,11.0736,0.42948717948718007,0.1354901960784314,0.06863562091503264,7.0,2.752272536142686,0.35999999999999943,13.4401,2024-12-06 14:39:00,2.752272536142686,0.35999999999999943,13.4401,2024-12-06 14:39:00,False,,False,,,10.073345564740812,11.62855427582487,11.259823280445572,0.4179694984696489,0.0019059786959319536,0.41606351977371697
QUBT,2024-12-16,2024-12-16 09:57:00,False,clean_breakout,previous_high_break_with_pullback_low_support_or_previous_resistance,7.6311,7.8,7.6311,7.8,281269.0,241890.15,1.1627964181261619,1.0,0.0,0.0,1.0,2024-12-16 09:55:00,7.77,7.675,270356.0,253379.65,0.29999999999999466,2024-12-16 09:56:00,7.64,7.64,0.0,0.016731016731016717,0.003861003861003893,2.0,57.43589743589743,4.4799999999999995,12.28,2024-12-16 13:27:00,5.641025641025646,0.4400000000000004,8.24,2024-12-16 10:27:00,False,,True,2024-12-16 10:13:00,7.63,7.306843999702187,7.631699663657143,7.506760463914142,0.14001117693709375,0.017274934495161487,0.12273624244193226
QUBT,2024-12-16,2024-12-16 10:31:00,False,clean_breakout,previous_high_break_with_pullback_low_support_or_previous_resistance,8.19,8.44,8.17,8.3399,424805.0,205971.6,2.062444531187795,0.5551851851851882,0.37074074074073915,0.07407407407407261,0.6292592592592609,2024-12-16 10:29:00,8.3,8.2999,187849.0,189492.3,0.001015228426411593,2024-12-16 10:30:00,8.17,8.174,0.03333333333332988,0.01566265060240973,0.0048072289156625755,2.0,47.24397175026078,3.9400999999999993,12.28,2024-12-16 13:27:00,4.557608604419724,0.38010000000000055,8.72,2024-12-16 11:01:00,False,,False,,,7.609074123569057,8.17391211440618,8.04624681856017,0.13902489127639317,0.0316528922393899,0.10737199903700327
QUBT,2024-12-16,2024-12-16 12:46:00,False,clean_breakout,previous_high_break_with_pullback_low_support_or_previous_resistance,10.18,10.42,10.1788,10.41,497616.0,445112.9,1.1179545683802918,0.9535655058043168,0.04145936981757803,0.004975124378105239,0.958540630182422,2024-12-16 12:42:00,10.35,10.1988,578424.0,387928.45,0.1309090909090933,2024-12-16 12:44:00,9.9,10.038,0.3209302325581395,0.04347826086956515,0.005797101449275411,4.0,17.963496637848213,1.8699999999999992,12.28,2024-12-16 13:27:00,5.0912584053794365,0.5299999999999994,10.94,2024-12-16 13:16:00,False,,True,2024-12-16 12:54:00,9.74,8.635459399885118,10.17142245638186,9.992920785254723,0.21000072053847774,0.010483527101595613,0.19951719343688212
CMPX,2025-01-08,2025-01-08 11:44:00,False,clean_breakout,previous_high_break_with_pullback_low_support_or_previous_resistance,2.0599,2.22,2.0401,2.21,421170.0,93065.2,4.52553693539583,0.8343524180100044,0.05558643690939527,0.11006114508060032,0.9444135630906048,2025-01-08 11:37:00,2.06,1.985,196509.0,39764.9,0.5733944954128436,2025-01-08 11:38:00,1.89,2.016,0.7692307692307693,0.08252427184466027,0.07281553398058248,7.0,21.266968325791865,0.4700000000000002,2.68,2025-01-08 11:50:00,21.266968325791865,0.4700000000000002,2.68,2025-01-08 11:50:00,True,2.0,False,,,1.8715136177896499,2.0147550537520704,1.9405259109020432,0.07601751710764071,0.019194610832715037,0.05682290627492567
LTBR,2024-10-29,2024-10-29 13:23:00,False,clean_breakout,previous_high_break_with_pullback_low_support_or_previous_resistance,12.2901,12.63,12.16,12.62,116518.0,40536.5,2.8743971482491086,0.7019148936170172,0.021276595744684147,0.27680851063829864,0.9787234042553159,2024-10-29 13:21:00,12.48,12.4299,81492.0,43729.25,0.05882352941176348,2024-10-29 13:22:00,12.25,12.3,0.2777777777777822,0.018429487179487215,0.01121794871794862,2.0,12.519809825673537,1.58,14.2,2024-10-29 15:05:00,1.6632329635499294,0.20990000000000109,12.8299,2024-10-29 13:25:00,False,,True,2024-10-29 13:35:00,12.01,11.09557787557033,12.329684419658626,12.140232026753695,0.20468413302975108,0.03244970070884312,0.17223443232090796
PDYN,2024-10-08,2024-10-08 11:14:00,False,clean_breakout,previous_high_break_with_pullback_low_support_or_previous_resistance,2.2749,2.3944,2.2749,2.3944,15226.0,5965.6,2.5522998524875953,1.0,0.0,0.0,1.0,2024-10-08 11:12:00,2.35,2.27,37981.0,4980.8,0.5454545454545465,2024-10-08 11:13:00,2.2809,2.33,0.5926680244399194,0.029404255319149003,0.018893617021276593,2.0,27.380554627464072,0.6555999999999997,3.05,2024-10-08 12:34:00,5.663214166388228,0.13559999999999972,2.53,2024-10-08 11:36:00,False,,True,2024-10-08 11:16:00,2.27,2.164945994649786,2.2787285212078103,2.20457004437406,0.07990159679175335,0.015434170699443639,0.06446742609230971
PDYN,2024-10-08,2024-10-08 12:19:00,False,clean_breakout,previous_high_break_with_pullback_low_support_or_previous_resistance,2.62,2.73,2.58,2.7197,245811.0,48147.65,5.105358205436818,0.6646666666666664,0.06866666666666654,0.26666666666666705,0.9313333333333335,2024-10-08 12:14:00,2.6,2.53,115774.0,23050.85,0.5388760585065452,2024-10-08 12:16:00,2.45,2.5251,0.0,0.057692307692307654,0.04603846153846151,5.0,12.144721844321058,0.3302999999999998,3.05,2024-10-08 12:34:00,12.144721844321058,0.3302999999999998,3.05,2024-10-08 12:34:00,True,9.0,False,,,2.4327950516620005,2.5569274612611057,2.4840860595133925,0.07081363274908714,0.02452072472640563,0.04629290802268151
ONCO,2026-04-09,2026-04-09 10:56:00,False,clean_breakout,previous_high_break_with_pullback_low_support_or_previous_resistance,2.305,2.4,2.28,2.39,1525642.0,1300532.0,1.1730907044194223,0.7083333333333324,0.08333333333333148,0.20833333333333612,0.9166666666666685,2026-04-09 10:54:00,2.37,2.31,1590827.0,1242130.95,0.42857142857142855,2026-04-09 10:55:00,2.27,2.307,0.41111111111111087,0.04219409282700425,0.008438818565400852,2.0,17.991631799163166,0.4299999999999997,2.82,2026-04-09 11:06:00,17.991631799163166,0.4299999999999997,2.82,2026-04-09 11:06:00,True,8.0,False,,,1.9167150028355646,2.2704893804737623,2.187833491064745,0.09911047242842574,0.006834968778958922,0.09227550364946682
ONCO,2026-04-09,2026-04-09 11:04:00,False,clean_breakout,previous_high_break_with_pullback_low_support_or_previous_resistance,2.4601,2.64,2.44,2.6075,2389809.0,1169963.2,2.042636041885762,0.7369999999999981,0.16250000000000084,0.10050000000000106,0.8374999999999991,2026-04-09 11:02:00,2.5299,2.48,1436822.0,1111744.2,0.33288859239493,2026-04-09 11:03:00,2.43,2.465,0.49999999999999684,0.03948772678762002,0.030673149136329455,2.0,8.149568552253113,0.2124999999999999,2.82,2026-04-09 11:06:00,8.149568552253113,0.2124999999999999,2.82,2026-04-09 11:06:00,False,,True,2026-04-09 11:17:00,2.37,1.96247552876984,2.4327481076191453,2.3282707316660773,0.11928431613775814,0.015564423737084637,0.1037198924006735
PCLA,2025-12-26,2025-12-26 10:39:00,False,clean_breakout,previous_high_break_with_pullback_low_support_or_previous_resistance,12.0001,13.0621,12.0001,12.8401,109709.036232,52058.719407599994,2.107409430743387,0.7909604519774015,0.20903954802259855,0.0,0.7909604519774015,2025-12-26 10:34:00,12.7351,12.3331,99673.503255,34533.15633164999,0.36118598382749273,2025-12-26 10:38:00,11.7001,11.9971,0.7021276595744652,0.08127144663174993,0.008244929368438444,5.0,14.485868490120804,1.8600000000000012,14.7001,2025-12-26 12:59:00,12.149438088488411,1.5600000000000005,14.4001,2025-12-26 11:00:00,True,21.0,False,,,10.714763133998796,11.902594881562147,11.137686034806762,0.8229408388916539,0.12358600498823424,0.6993548339034197
PCLA,2025-12-26,2025-12-26 12:55:00,False,clean_breakout,previous_high_break_with_pullback_low_support_or_previous_resistance,13.4521,14.2501,13.2151,13.9801,60692.426403,47544.8878797,1.2765289626208907,0.5101449275362323,0.26086956521739085,0.22898550724637687,0.7391304347826091,2025-12-26 12:52:00,13.8991,13.4011,80835.8583,42076.00590239999,0.13265306122449158,2025-12-26 12:54:00,13.1251,13.4761,0.035897435897437206,0.055687058874315666,0.005827715463591132,3.0,5.150177752662718,0.7200000000000006,14.7001,2025-12-26 12:59:00,5.150177752662718,0.7200000000000006,14.7001,2025-12-26 12:59:00,False,,False,,,12.252037204518338,13.331584989732297,12.957416421538964,0.4009760820564363,0.07797148255564901,0.3230045995007873
PCLA,2025-12-26,2025-12-26 12:59:00,False,clean_breakout,previous_high_break_with_pullback_low_support_or_previous_resistance,13.8871,14.7001,13.8031,14.4331,106158.471738,56020.434790050014,1.894995498265129,0.6086956521739122,0.2976588628762555,0.09364548494983234,0.7023411371237446,2025-12-26 12:57:00,14.4001,14.2471,107295.493701,49956.915425850006,0.21888412017167455,2025-12-26 12:58:00,13.7761,13.8721,0.16580310880829013,0.043333032409497194,0.002291650752425294,2.0,1.060063326658864,0.15300000000000047,14.5861,2025-12-26 13:06:00,1.060063326658864,0.15300000000000047,14.5861,2025-12-26 13:06:00,False,,True,2025-12-26 13:01:00,13.7551,12.343997059022032,13.799538651794352,13.33400844026604,0.4997590987040468,0.09751307161169331,0.40224602709235346
QUBT,2024-12-18,2024-12-18 09:43:00,False,clean_breakout,previous_high_break_with_pullback_low_support_or_previous_resistance,21.15,22.77,21.0,22.34,1871993.0,1299135.15,1.440953237236326,0.6723163841807919,0.24293785310734453,0.08474576271186363,0.7570621468926555,2024-12-18 09:41:00,22.28,20.9799,2222664.0,1138639.15,0.03680981595092158,2024-12-18 09:42:00,20.5615,21.15,0.34216985763377666,0.07713195691202883,0.002692998204667806,2.0,21.530886302596233,4.809999999999999,27.15,2024-12-18 15:54:00,8.325872873769022,1.8599999999999994,24.2,2024-12-18 09:50:00,False,,False,,,19.760925565009835,20.950291622866903,20.20731948298622,0.6658108916610246,0.35254894895819766,0.3132619427028269
DFLI,2025-10-02,2025-10-02 12:45:00,False,clean_breakout,previous_high_break_with_pullback_low_support_or_previous_resistance,8.917,9.1,8.911,9.067,186348.7,78414.975,2.376442764918308,0.7936507936507953,0.17460317460317176,0.03174603174603294,0.8253968253968282,2025-10-02 12:42:00,9.0,8.951,180352.6,64675.125000000015,0.1599999999999801,2025-10-02 12:43:00,8.758,8.862,0.5148514851485153,0.026888888888888986,0.007444444444444464,3.0,80.87570309915074,7.332999999999998,16.4,2025-10-02 16:51:00,6.981360979375749,0.6329999999999991,9.7,2025-10-02 12:55:00,False,,False,,,8.187058151049296,8.878230066934835,8.743693906600114,0.1349842084893087,0.03228936265318477,0.10269484583612393
PSTV,2025-03-06,2025-03-06 14:48:00,False,clean_breakout,previous_high_break_with_pullback_low_support_or_previous_resistance,24.0,26.75,24.0,25.25,79718.68,41873.39599999999,1.9038025958056999,0.45454545454545453,0.5454545454545454,0.0,0.45454545454545453,2025-03-06 14:39:00,24.975,23.705,49634.8,38480.88799999999,0.7191176470588224,2025-03-06 14:40:00,23.05,23.805,0.5458333333333316,0.0770770770770771,0.011011011011010954,9.0,157.42574257425744,39.75,65.0,2025-03-06 16:58:00,29.7029702970297,7.5,32.75,2025-03-06 15:18:00,True,26.0,True,2025-03-06 14:59:00,22.5775,16.637045208860833,24.21748387770827,23.390330731121903,1.014277395443532,0.013057295802576085,1.001220099640956
PSTV,2025-03-06,2025-03-06 14:49:00,False,clean_breakout,previous_high_break_with_pullback_low_support_or_previous_resistance,25.275,27.25,25.0,26.42,64287.56,42475.768,1.5135114213826575,0.5088888888888903,0.36888888888888816,0.1222222222222216,0.6311111111111118,2025-03-06 14:39:00,24.975,23.705,49634.8,38480.88799999999,0.7191176470588224,2025-03-06 14:40:00,23.05,23.805,0.5458333333333316,0.0770770770770771,0.05785785785785787,10.0,146.0257380772142,38.58,65.0,2025-03-06 16:58:00,26.797880393641172,7.079999999999998,33.5,2025-03-06 15:19:00,True,28.0,True,2025-03-06 14:59:00,22.5775,16.696081036452565,24.657987102166615,23.678870661491246,1.133283205670164,0.1021066090313707,1.0311765966387934
AQMS,2025-10-14,2025-10-14 11:12:00,False,clean_breakout,previous_high_break_with_pullback_low_support_or_previous_resistance,18.685,21.14,18.61,21.14,251937.0,61084.95,4.124371060302088,0.9703557312252967,0.0,0.029644268774703265,1.0,2025-10-14 11:08:00,19.62,19.1047,87115.0,44674.1,0.0967741935483906,2025-10-14 11:11:00,18.61,18.6327,0.03401258615522979,0.051478083588175405,0.07747196738022423,4.0,86.37653736991484,18.259999999999998,39.4,2025-10-14 15:37:00,8.751182592242184,1.8499999999999979,22.99,2025-10-14 11:19:00,False,,False,,,17.854550285380842,19.24325741859089,18.58507217358277,0.6286990852226779,0.2534073925846769,0.375291692638001
AQMS,2025-10-14,2025-10-14 15:10:00,False,clean_breakout,previous_high_break_with_pullback_low_support_or_previous_resistance,32.0999,34.27,31.7405,33.65,225914.0,107315.35,2.1051415291475077,0.6128088555050402,0.2451077288001597,0.14208341569480012,0.7548922711998403,2025-10-14 15:03:00,32.9,31.3094,214097.0,97556.45,0.5243902439024393,2025-10-14 15:06:00,30.5,32.25,0.4545454545454555,0.07294832826747716,0.022796352583586626,7.0,17.087667161961367,5.75,39.4,2025-10-14 15:37:00,17.087667161961367,5.75,39.4,2025-10-14 15:37:00,True,4.0,False,,,22.681898974362277,31.587372277654392,30.061411226968218,1.7100854642734333,0.1505774039218728,1.5595080603515605
AQMS,2025-10-14,2025-10-14 15:14:00,False,clean_breakout,previous_high_break_with_pullback_low_support_or_previous_resistance,34.2788,37.57,33.86,37.57,302243.0,129746.65,2.3294859636067677,0.8871159029649603,0.0,0.11288409703503971,1.0,2025-10-14 15:11:00,35.44,34.6,227181.0,117503.2,0.35729476818375017,2025-10-14 15:12:00,33.39,34.1,0.46499443316523803,0.05784424379232498,0.06010158013544026,3.0,4.8709076390737245,1.8299999999999983,39.4,2025-10-14 15:37:00,4.8709076390737245,1.8299999999999983,39.4,2025-10-14 15:37:00,False,,True,2025-10-14 15:18:00,33.27,23.07952607853546,33.84002768492724,31.772426162502892,2.221226726230654,0.39192399184496685,1.8293027343856871
GWAV,2024-12-03,2024-12-03 09:47:00,False,clean_breakout,previous_high_break_with_pullback_low_support_or_previous_resistance,48.8395,52.7995,48.8395,52.6675,3971.303349,1420.3223848999996,2.796057705786005,0.9666666666666655,0.03333333333333459,0.0,0.9666666666666655,2024-12-03 09:44:00,52.4035,50.5005,3782.392369,1015.7306117499999,0.5389408099688472,2024-12-03 09:46:00,47.2995,48.9495,0.6180904522613072,0.09739807455608879,0.005037831442556238,3.0,82.89457445293587,43.6585,96.326,2024-12-03 10:58:00,6.516162718944332,3.431900000000006,56.0994,2024-12-03 10:01:00,False,,True,2024-12-03 10:02:00,46.1995,46.982813704750356,48.84125600329439,46.54050877662841,2.3898007710530607,0.5108792335564789,1.8789215374965818
GWAV,2024-12-03,2024-12-03 10:19:00,False,clean_breakout,previous_high_break_with_pullback_low_support_or_previous_resistance,58.6954,59.3774,55.2084,56.1104,9825.5528,4772.58272535,2.0587496048650338,0.6200527704485485,0.16358839050131962,0.21635883905013195,0.21635883905013195,2024-12-03 10:17:00,56.0994,55.6924,5647.320109,4243.4724343,0.19681802795106304,2024-12-03 10:18:00,54.9995,58.3874,0.14998068137912227,0.019606270298791167,0.00019608052849042377,2.0,71.67227465853033,40.215599999999995,96.326,2024-12-03 10:58:00,39.1688528329864,21.977800000000002,78.0882,2024-12-03 10:49:00,True,6.0,True,2024-12-03 10:21:00,53.3825,51.680411137993104,54.38759757935651,52.56293450617861,1.8255141891318587,0.7346878626851554,1.0908263264467033
GWAV,2024-12-03,2024-12-03 10:28:00,False,clean_breakout,previous_high_break_with_pullback_low_support_or_previous_resistance,60.3344,63.7994,58.8934,62.3584,20131.055854,7624.353060950001,2.6403624928003597,0.4125560538116595,0.29372197309416953,0.293721973094171,0.7062780269058304,2024-12-03 10:26:00,62.2594,57.2104,16552.238248,6233.8923383,0.3478260869565212,2024-12-03 10:27:00,56.9464,59.8284,0.07792207792207866,0.08533651143441798,0.001590121331076171,2.0,54.47157079078359,33.96759999999999,96.326,2024-12-03 10:58:00,54.47157079078359,33.96759999999999,96.326,2024-12-03 10:58:00,True,12.0,True,2024-12-03 10:29:00,54.2845,54.401894944091254,58.639011263612346,56.25604584853406,2.590925254959423,0.4062581603220998,2.184667094637323
BIAF,2026-03-23,2026-03-23 10:42:00,False,clean_breakout,previous_high_break_with_pullback_low_support_or_previous_resistance,3.37,3.44,3.3614,3.4399,52529.0,27084.75,1.9394308605396025,0.8893129770992401,0.0012722646310402955,0.10941475826971965,0.9987277353689598,2026-03-23 10:38:00,3.38,3.3443,59405.0,22491.75,0.6296296296296297,2026-03-23 10:39:00,3.31,3.3698,0.5997001499250382,0.020710059171597586,0.017721893491124345,4.0,56.399895345794924,1.9400999999999997,5.38,2026-03-23 12:52:00,23.55010320067443,0.8100999999999998,4.25,2026-03-23 11:03:00,True,7.0,False,,,3.1294276060449806,3.345757629976798,3.2904180281704454,0.05807841125107727,0.01735049376978625,0.040727917481291016
BIAF,2026-03-23,2026-03-23 11:53:00,False,clean_breakout,previous_high_break_with_pullback_low_support_or_previous_resistance,4.5019,4.72,4.45,4.6851,511211.0,295332.2,1.7309693964965553,0.6785185185185205,0.12925925925925758,0.1922222222222219,0.8707407407407425,2026-03-23 11:50:00,4.56,4.45,595148.0,265187.75,0.5502751375687829,2026-03-23 11:51:00,4.39,4.5177,0.40000000000000235,0.037280701754385956,0.027434210526315936,3.0,14.832127382553193,0.6948999999999996,5.38,2026-03-23 12:52:00,10.990160295404577,0.5148999999999999,5.2,2026-03-23 12:22:00,True,28.0,False,,,4.05371632680908,4.4676045374257916,4.371985608810136,0.10142646149458745,0.025388187685482275,0.07603827380910518
MOBX,2026-03-03,2026-03-03 13:56:00,False,clean_breakout,previous_high_break_with_pullback_low_support_or_previous_resistance,8.3,8.54,8.297,8.521,337629.4,261883.82,1.2892335234761736,0.9094650205761374,0.07818930041151631,0.012345679012346221,0.9218106995884837,2026-03-03 13:52:00,8.472,8.4,405610.7,266792.495,0.034364261168384105,2026-03-03 13:55:00,8.2,8.349,0.17333333333334344,0.03210576015108596,0.005783758262511953,4.0,63.12639361577278,5.379,13.9,2026-03-03 16:12:00,0.22297852364743984,0.01899999999999835,8.54,2026-03-03 13:57:00,False,,True,2026-03-03 13:58:00,8.067,5.796665616299169,8.259208401661638,8.011983236591638,0.2770635020849852,0.047546807909407796,0.2295166941755774
MOBX,2026-03-03,2026-03-03 14:45:00,False,clean_breakout,previous_high_break_with_pullback_low_support_or_previous_resistance,8.809,9.632,8.761,9.502,605538.0,211423.61499999993,2.8640982228971925,0.7956371986222744,0.14925373134328238,0.05510907003444319,0.8507462686567177,2026-03-03 14:42:00,8.944,8.743,290390.9,191481.41999999998,0.7414448669201484,2026-03-03 14:43:00,8.718,8.879,0.06172839506172677,0.02526833631484804,0.06238819320214667,3.0,46.28499263312986,4.398,13.9,2026-03-03 16:12:00,12.60787202694168,1.1979999999999986,10.7,2026-03-03 14:57:00,True,12.0,False,,,6.025089688733695,8.699997343088697,8.362456859435548,0.29931123654675496,0.15593680876062782,0.14337442778612713
MOBX,2026-03-03,2026-03-03 14:57:00,False,clean_breakout,previous_high_break_with_pullback_low_support_or_previous_resistance,9.895,10.7,9.856,10.6,666360.3,350903.875,1.8989824492533747,0.8353080568720386,0.11848341232227454,0.04620853080568688,0.8815165876777254,2026-03-03 14:52:00,10.0,9.919,348816.0,299306.035,0.16199999999999903,2026-03-03 14:53:00,9.628,9.823,0.5571428571428585,0.03719999999999999,0.05999999999999996,5.0,31.132075471698123,3.3000000000000007,13.9,2026-03-03 16:12:00,13.207547169811324,1.4000000000000004,12.0,2026-03-03 15:26:00,True,28.0,True,2026-03-03 14:59:00,9.387,6.184487785229099,9.904271732721359,9.440832347819116,0.5200955701608052,0.033567196984966574,0.48652837317583864
MBAI,2026-01-26,2026-01-26 10:22:00,False,clean_breakout,previous_high_break_with_pullback_low_support_or_previous_resistance,1.88,1.99,1.86,1.99,56181.0,10687.25,5.256824721046106,0.8461538461538476,0.0,0.1538461538461524,1.0,2026-01-26 10:19:00,1.93,1.9,10084.0,8670.2,0.0,2026-01-26 10:20:00,1.85,1.9,0.8480000000000029,0.041450777202072464,0.03108808290155443,3.0,98.99497487437185,1.97,3.96,2026-01-26 16:18:00,49.2462311557789,0.9800000000000002,2.97,2026-01-26 10:38:00,True,2.0,True,2026-01-26 10:23:00,1.78,1.7788243867550755,1.890967288344354,1.834173783874602,0.061231460215658284,0.011895298739825595,0.04933616147583269
MBAI,2026-01-26,2026-01-26 10:28:00,False,clean_breakout,previous_high_break_with_pullback_low_support_or_previous_resistance,2.1194,2.3,2.11,2.28,429015.0,86017.1,4.987554800150202,0.8452631578947352,0.10526315789473696,0.04947368421052789,0.894736842105263,2026-01-26 10:25:00,2.25,2.055,380802.0,47899.85,0.1851851851851845,2026-01-26 10:26:00,2.0101,2.11,0.2495826377295493,0.10662222222222223,0.013333333333333246,3.0,73.68421052631581,1.6800000000000002,3.96,2026-01-26 16:18:00,30.263157894736864,0.6900000000000004,2.97,2026-01-26 10:38:00,True,1.0,False,,,2.047037854470607,2.0812883208357427,1.9700198376079552,0.1133391743097727,0.032308533016621566,0.08103064129315113
MBAI,2026-01-26,2026-01-26 10:33:00,False,clean_breakout,previous_high_break_with_pullback_low_support_or_previous_resistance,2.31,2.63,2.27,2.5595,723464.0,228826.6,3.1616254403989745,0.6930555555555553,0.19583333333333341,0.11111111111111124,0.8041666666666666,2026-01-26 10:29:00,2.55,2.51,682584.0,119960.9,0.14301036825169858,2026-01-26 10:32:00,2.27,2.3183,0.2683333333333319,0.10980392156862738,0.0037254901960784566,4.0,54.717718304356325,1.4005,3.96,2026-01-26 16:18:00,18.382496581363544,0.4704999999999999,3.03,2026-01-26 11:02:00,True,3.0,False,,,2.272198534662069,2.3239157569714566,2.1550401442768483,0.17558930537706052,0.042669059541990684,0.13292024583506984
MBAI,2026-01-26,2026-01-26 11:32:00,False,clean_breakout,previous_high_break_with_pullback_low_support_or_previous_resistance,3.5397,3.7699,3.5286,3.73,955733.0,1060908.7,0.9008626284241048,0.7886448404475767,0.1653543307086608,0.04600082884376251,0.8346456692913392,2026-01-26 11:29:00,3.72,3.582,1077827.0,1057486.9,0.7263157894736846,2026-01-26 11:30:00,3.43,3.58,0.7500000000000006,0.07795698924731183,0.0026881720430106952,3.0,6.166219839142091,0.22999999999999998,3.96,2026-01-26 16:18:00,5.093833780160857,0.18999999999999995,3.92,2026-01-26 11:45:00,False,,True,2026-01-26 11:36:00,3.3001,2.904579729921336,3.530770889424834,3.348868549408046,0.21722642644181578,0.013883048487772387,0.2033433779540434
SST,2026-03-27,2026-03-27 14:49:00,False,clean_breakout,previous_high_break_with_pullback_low_support_or_previous_resistance,3.814,3.97,3.78,3.9699,747200.0,307337.6,2.4312026904615642,0.8205263157894717,0.0005263157894747938,0.1789473684210536,0.9994736842105252,2026-03-27 14:47:00,3.88,3.71,425312.0,270503.45,0.6799999999999997,2026-03-27 14:48:00,3.705,3.8483,0.03030303030302965,0.04510309278350511,0.02317010309278353,2.0,19.65036902692763,0.7801,4.75,2026-03-27 15:07:00,19.65036902692763,0.7801,4.75,2026-03-27 15:07:00,True,15.0,False,,,2.9894829228158555,3.7730823320734794,3.67993545639295,0.10505009815903943,0.006867359296495845,0.09818273886254358
QMCO,2024-12-26,2024-12-26 09:49:00,False,clean_breakout,previous_high_break_with_pullback_low_support_or_previous_resistance,48.0,49.37,47.94,49.17,28675.0,9140.25,3.137222723667296,0.8181818181818196,0.1398601398601369,0.041958041958043556,0.8601398601398631,2024-12-26 09:46:00,48.5,48.23,18025.0,7112.0,0.40909090909091594,2024-12-26 09:48:00,47.81,48.2,0.8974358974358816,0.014226804123711294,0.013814432989690756,3.0,61.663616026032116,30.319999999999993,79.49,2024-12-26 19:30:00,8.704494610534882,4.280000000000001,53.45,2024-12-26 09:58:00,False,,False,,,46.74396086649204,47.87145324427343,46.85826868524047,1.0678872879578165,0.19855053826895197,0.8693367496888645
QMCO,2024-12-26,2024-12-26 09:56:00,False,clean_breakout,previous_high_break_with_pullback_low_support_or_previous_resistance,49.04,50.88,48.97,50.88,35929.0,13000.6,2.7636416780763966,0.963350785340314,0.0,0.036649214659685944,1.0,2024-12-26 09:50:00,49.49,49.01,23302.0,9625.3,0.38095238095237977,2024-12-26 09:55:00,48.17,49.3,0.3008849557522103,0.026672054960598105,0.028086482117599527,6.0,56.23034591194966,28.609999999999992,79.49,2024-12-26 19:30:00,5.051100628930818,2.5700000000000003,53.45,2024-12-26 09:58:00,False,,False,,,47.69759468133307,49.136015999413466,48.106811630159136,1.1702252096232613,0.08725151900197448,1.0829736906212868
QMCO,2024-12-26,2024-12-26 12:37:00,False,clean_breakout,previous_high_break_with_pullback_low_support_or_previous_resistance,59.78,62.7,59.78,62.56,65992.0,10628.9,6.2087327945507065,0.9520547945205478,0.04794520547945222,0.0,0.9520547945205478,2024-12-26 12:34:00,59.9,59.51,9718.0,8142.5,0.12820512820512073,2024-12-26 12:35:00,58.86,59.3,0.555555555555552,0.017362270450751238,0.044407345575959996,3.0,27.062020460358045,16.929999999999993,79.49,2024-12-26 19:30:00,7.832480818414308,4.8999999999999915,67.46,2024-12-26 12:43:00,False,,False,,,53.5325963301368,59.88677979734848,59.02438034873874,0.826339608289345,0.2900698873304135,0.5362697209589316
QMCO,2024-12-26,2024-12-26 15:51:00,False,clean_breakout,previous_high_break_with_pullback_low_support_or_previous_resistance,69.65,70.58,69.49,70.58,30108.0,12731.5,2.3648431056827555,0.8532110091743025,0.0,0.14678899082569752,1.0,2024-12-26 15:49:00,69.7,69.69,8779.0,11719.95,0.028571428571442493,2024-12-26 15:50:00,69.35,69.67,0.5333333333333381,0.0050215208034434505,0.012625538020086018,2.0,12.62397279682629,8.909999999999997,79.49,2024-12-26 19:30:00,1.9127231510342995,1.3500000000000085,71.93,2024-12-26 15:53:00,False,,True,2024-12-26 15:56:00,69.3,59.03516649213518,69.34378438698077,68.49604380445604,1.029956488754948,0.05637234122653789,0.97358414752841
MGX,2024-12-09,2024-12-09 11:17:00,False,clean_breakout,previous_high_break_with_pullback_low_support_or_previous_resistance,3.16,3.4,3.15,3.37,542666.0,146079.1,3.714877761431991,0.8399999999999999,0.11999999999999922,0.040000000000000924,0.8800000000000008,2024-12-09 11:15:00,3.24,3.238,399301.0,107973.9,0.014285714285715873,2024-12-09 11:16:00,3.1,3.1592,0.4228571428571403,0.04320987654320991,0.04012345679012342,2.0,32.64094955489613,1.0999999999999996,4.47,2024-12-09 14:31:00,3.8575667655786314,0.1299999999999999,3.5,2024-12-09 11:27:00,False,,True,2024-12-09 11:44:00,3.08,2.8292543934786774,3.14374718077229,3.030261169447752,0.11374003671431643,0.03067714643118491,0.08306289028313152
MGX,2024-12-09,2024-12-09 11:17:00,False,clean_breakout,previous_high_break_with_pullback_low_support_or_previous_resistance,3.16,3.4,3.15,3.37,542666.0,146079.1,3.714877761431991,0.8399999999999999,0.11999999999999922,0.040000000000000924,0.8800000000000008,2024-12-09 11:15:00,3.24,3.238,399301.0,107973.9,0.014285714285715873,2024-12-09 11:16:00,3.1,3.1592,0.4228571428571403,0.04320987654320991,0.04012345679012342,2.0,32.64094955489613,1.0999999999999996,4.47,2024-12-09 14:31:00,3.8575667655786314,0.1299999999999999,3.5,2024-12-09 11:27:00,False,,True,2024-12-09 11:44:00,3.08,2.8292543934786774,3.14374718077229,3.030261169447752,0.11374003671431643,0.03067714643118491,0.08306289028313152
RYOJ,2026-05-22,2026-05-22 11:56:00,False,clean_breakout,previous_high_break_with_pullback_low_support_or_previous_resistance,3.02,3.22,3.0001,3.19,72457.0,30120.35,2.405582936453262,0.7730786721236923,0.13642564802182924,0.09049567985447844,0.8635743519781708,2026-05-22 11:54:00,3.12,3.04,55603.0,26505.5,0.2167871039466379,2026-05-22 11:55:00,3.01,3.0323,0.5575000000000103,0.03525641025641036,0.022435897435897384,2.0,153.91849529780566,4.91,8.1,2026-05-22 12:40:00,152.0376175548589,4.85,8.04,2026-05-22 12:22:00,True,1.0,False,,,2.7969293586586734,3.0413050392012355,2.9700769119772006,0.07347990901933077,0.017095365432085508,0.05638454358724526
RYOJ,2026-05-22,2026-05-22 11:57:00,False,clean_breakout,previous_high_break_with_pullback_low_support_or_previous_resistance,3.2,3.72,3.11,3.68,304634.0,44702.15,6.814750520948097,0.7868852459016389,0.0655737704918033,0.1475409836065578,0.9344262295081966,2026-05-22 11:54:00,3.12,3.04,55603.0,26505.5,0.2167871039466379,2026-05-22 11:56:00,3.0001,3.19,0.09049567985447844,0.038429487179487146,0.1794871794871795,3.0,120.1086956521739,4.42,8.1,2026-05-22 12:40:00,118.47826086956519,4.359999999999999,8.04,2026-05-22 12:22:00,True,3.0,False,,,2.833417490467692,3.169044031360989,3.0376886346460386,0.12085320083296525,0.05241029778377834,0.0684429030491869
QNTM,2026-03-24,2026-03-24 13:39:00,False,clean_breakout,previous_high_break_with_pullback_low_support_or_previous_resistance,4.04,4.2,4.04,4.14,21660.0,5252.5,4.1237505949547835,0.6249999999999972,0.3750000000000028,0.0,0.6249999999999972,2026-03-24 13:34:00,4.11,4.06,5730.0,3833.7,0.0,2026-03-24 13:36:00,3.97,4.03,0.5454545454545465,0.03406326034063263,0.007299270072992544,5.0,25.120772946859905,1.04,5.18,2026-03-24 19:01:00,10.386473429951707,0.4300000000000006,4.57,2026-03-24 14:08:00,True,29.0,False,,,3.6986428085565892,4.05641266399593,4.020156274965907,0.03726022477172819,0.011510831657755339,0.02574939311397285
QNTM,2026-03-24,2026-03-24 15:47:00,False,clean_breakout,previous_high_break_with_pullback_low_support_or_previous_resistance,4.71,4.83,4.71,4.79,22501.0,5949.75,3.781839573091306,0.6666666666666666,0.3333333333333333,0.0,0.6666666666666666,2026-03-24 15:45:00,4.75,4.74,24146.0,4046.3,0.0909090909090887,2026-03-24 15:46:00,4.63,4.75,0.833333333333337,0.025263157894736866,0.008421052631578954,2.0,8.141962421711893,0.3899999999999997,5.18,2026-03-24 19:01:00,0.2087682672233776,0.009999999999999787,4.8,2026-03-24 15:48:00,False,,True,2026-03-24 15:51:00,4.6,4.1220726769174805,4.693296567077301,4.641214849801957,0.04801924839399696,0.021489153467982268,0.026530094926014693
QNTM,2026-03-24,2026-03-24 13:39:00,False,clean_breakout,previous_high_break_with_pullback_low_support_or_previous_resistance,4.04,4.2,4.04,4.14,21660.0,5252.5,4.1237505949547835,0.6249999999999972,0.3750000000000028,0.0,0.6249999999999972,2026-03-24 13:34:00,4.11,4.06,5730.0,3833.7,0.0,2026-03-24 13:36:00,3.97,4.03,0.5454545454545465,0.03406326034063263,0.007299270072992544,5.0,25.120772946859905,1.04,5.18,2026-03-24 19:01:00,10.386473429951707,0.4300000000000006,4.57,2026-03-24 14:08:00,True,29.0,False,,,3.6986428085565892,4.05641266399593,4.020156274965907,0.03726022477172819,0.011510831657755339,0.02574939311397285
QNTM,2026-03-24,2026-03-24 15:47:00,False,clean_breakout,previous_high_break_with_pullback_low_support_or_previous_resistance,4.71,4.83,4.71,4.79,22501.0,5949.75,3.781839573091306,0.6666666666666666,0.3333333333333333,0.0,0.6666666666666666,2026-03-24 15:45:00,4.75,4.74,24146.0,4046.3,0.0909090909090887,2026-03-24 15:46:00,4.63,4.75,0.833333333333337,0.025263157894736866,0.008421052631578954,2.0,8.141962421711893,0.3899999999999997,5.18,2026-03-24 19:01:00,0.2087682672233776,0.009999999999999787,4.8,2026-03-24 15:48:00,False,,True,2026-03-24 15:51:00,4.6,4.1220726769174805,4.693296567077301,4.641214849801957,0.04801924839399696,0.021489153467982268,0.026530094926014693
PSTV,2025-03-20,2025-03-20 10:04:00,False,clean_breakout,previous_high_break_with_pullback_low_support_or_previous_resistance,16.845,17.9725,16.7525,17.95,34654.6,15142.475999999999,2.288568923602719,0.905737704918034,0.018442622950820386,0.07581967213114563,0.9815573770491796,2025-03-20 09:59:00,16.93,16.415,28992.16,10274.376,0.3495145631067952,2025-03-20 10:03:00,16.0725,16.9125,0.11889596602972162,0.05064973419964549,0.06024808033077375,5.0,189.69359331476323,34.05,52.0,2025-03-20 15:00:00,21.169916434540394,3.8000000000000007,21.75,2025-03-20 10:34:00,True,17.0,False,,,15.34285729911393,16.619112153821376,16.057236457446287,0.5806762145457629,0.16218536331010824,0.41849085123565466
PSTV,2025-03-20,2025-03-20 10:07:00,False,clean_breakout,previous_high_break_with_pullback_low_support_or_previous_resistance,17.4375,18.5675,17.4375,18.3,70036.84,19368.338,3.616048005771068,0.7632743362831872,0.23672566371681286,0.0,0.7632743362831872,2025-03-20 10:04:00,17.9725,17.95,34654.6,15142.475999999999,0.018442622950820386,2025-03-20 10:06:00,17.19,17.5,0.561085972850678,0.04353873974127132,0.018222284045068888,3.0,184.15300546448088,33.7,52.0,2025-03-20 15:00:00,19.726775956284147,3.6099999999999994,21.91,2025-03-20 10:35:00,True,14.0,True,2025-03-20 10:12:00,17.08,15.64556881942726,17.237145422756548,16.524784025658576,0.7365263562217201,0.19185526314823986,0.5446710930734803
PSTV,2025-03-20,2025-03-20 10:40:00,False,clean_breakout,previous_high_break_with_pullback_low_support_or_previous_resistance,20.5275,23.25,20.5275,22.4475,84002.64,44959.202,1.8684192837764337,0.7052341597796149,0.2947658402203851,0.0,0.7052341597796149,2025-03-20 10:35:00,21.91,21.79,39557.6,44208.182,0.2926829268292706,2025-03-20 10:39:00,20.4325,20.545,0.24590163934426407,0.06743496120492921,0.024532177088087696,5.0,131.651631584809,29.5525,52.0,2025-03-20 15:00:00,3.5750083528232475,0.8024999999999984,23.25,2025-03-20 10:43:00,False,,True,2025-03-20 10:45:00,20.2775,17.913847436829073,21.14220454407039,20.423590937649927,0.8943110242973731,-0.010865233568138288,0.9051762578655114
PSTV,2025-03-20,2025-03-20 11:45:00,False,clean_breakout,previous_high_break_with_pullback_low_support_or_previous_resistance,27.5,28.75,27.0,28.23,57957.08,58229.367999999995,0.9953238716243668,0.41714285714285737,0.2971428571428569,0.2857142857142857,0.7028571428571431,2025-03-20 11:43:00,28.0,26.9975,53911.6,59306.945999999996,0.5,2025-03-20 11:44:00,26.75,27.4725,0.3133333333333326,0.044642857142857144,0.00821428571428573,2.0,84.20120439249025,23.77,52.0,2025-03-20 15:00:00,10.69783917817924,3.0199999999999996,31.25,2025-03-20 11:54:00,True,9.0,False,,,20.618493541829526,26.84566867154922,25.680571875091342,1.3639184341730584,0.10211265554613047,1.2618057786269279
PSTV,2025-03-20,2025-03-20 11:49:00,False,clean_breakout,previous_high_break_with_pullback_low_support_or_previous_resistance,27.9875,29.25,27.75,29.02,89508.04,49082.92199999999,1.823608627049547,0.6883333333333326,0.15333333333333363,0.1583333333333338,0.8466666666666663,2025-03-20 11:45:00,28.75,28.23,57957.08,58229.367999999995,0.2971428571428569,2025-03-20 11:47:00,26.75,27.375,0.5,0.06956521739130435,0.009391304347826071,4.0,79.1867677463818,22.98,52.0,2025-03-20 15:00:00,7.684355616815991,2.2300000000000004,31.25,2025-03-20 11:54:00,False,,True,2025-03-20 12:04:00,26.5,20.872123282256506,27.61048188786657,26.471909453025123,1.3714961527372758,0.07457300896701691,1.2969231437702589
PSTV,2025-03-20,2025-03-20 14:25:00,False,clean_breakout,previous_high_break_with_pullback_low_support_or_previous_resistance,43.625,45.5,43.25,44.875,75024.52,40012.770000000004,1.8750144016522725,0.5555555555555556,0.2777777777777778,0.16666666666666666,0.7222222222222222,2025-03-20 14:21:00,43.75,43.375,48751.84,43116.02,0.25041736227045036,2025-03-20 14:22:00,42.25,43.25,0.8,0.03428571428571429,0.025714285714285714,4.0,15.87743732590529,7.125,52.0,2025-03-20 15:00:00,15.32033426183844,6.875,51.75,2025-03-20 14:52:00,True,25.0,False,,,27.568424909078157,42.864672165303766,41.35401548671063,1.6303580936523545,0.3265241193337438,1.3038339743186107
SCWO,2025-10-08,2025-10-08 14:10:00,False,clean_breakout,previous_high_break_with_pullback_low_support_or_previous_resistance,4.975,5.049,4.975,5.025,16917.5,6700.664999999998,2.524749409200431,0.6756756756756785,0.3243243243243214,0.0,0.6756756756756785,2025-10-08 14:08:00,5.0,4.988,4734.6,6064.574999999999,0.0,2025-10-08 14:09:00,4.976,4.987,0.458333333333338,0.004800000000000004,0.005000000000000071,2.0,98.80597014925372,4.965,9.99,2025-10-08 17:55:00,29.31343283582089,1.4729999999999999,6.498,2025-10-08 14:35:00,True,15.0,False,,,4.841792608137677,4.9731282437611855,4.909193367475297,0.07593685872013722,0.0014772016009834271,0.0744596571191538
SCWO,2025-10-08,2025-10-08 14:19:00,False,clean_breakout,previous_high_break_with_pullback_low_support_or_previous_resistance,5.199,5.378,5.199,5.378,18615.2,8706.405,2.138104073954749,1.0,0.0,0.0,1.0,2025-10-08 14:17:00,5.15,5.149,11326.5,8797.105,0.035714285714297044,2025-10-08 14:18:00,5.124,5.2,0.3289473684210551,0.005048543689320522,0.044271844660194126,2.0,85.75678690963183,4.612,9.99,2025-10-08 17:55:00,20.825585719598365,1.12,6.498,2025-10-08 14:35:00,True,11.0,True,2025-10-08 14:22:00,5.003,4.849381538677106,5.168724035754257,5.06597022637299,0.11201940149766898,0.0206345145415385,0.09138488695613048
SCWO,2025-10-08,2025-10-08 14:30:00,False,clean_breakout,previous_high_break_with_pullback_low_support_or_previous_resistance,5.647,6.0,5.647,5.996,68960.8,21781.7,3.1659971443918518,0.9886685552407944,0.011331444759205559,0.0,0.9886685552407944,2025-10-08 14:27:00,5.828,5.71,55906.9,16349.149999999998,0.5728155339805829,2025-10-08 14:29:00,5.603,5.647,0.39285714285714685,0.0386067261496226,0.0288263555250515,3.0,66.61107404936624,3.9939999999999998,9.99,2025-10-08 17:55:00,10.323549032688454,0.6189999999999998,6.615,2025-10-08 15:00:00,True,30.0,True,2025-10-08 14:45:00,5.577,4.903512794994665,5.608595906929875,5.40207828910415,0.21280086550103583,0.06077948915972575,0.15202137634131008
SCWO,2025-10-08,2025-10-08 14:31:00,False,clean_breakout,previous_high_break_with_pullback_low_support_or_previous_resistance,5.996,6.444,5.858,6.351,114570.1,26727.204999999998,4.286647256980294,0.6058020477815689,0.1587030716723548,0.2354948805460763,0.8412969283276451,2025-10-08 14:27:00,5.828,5.71,55906.9,16349.149999999998,0.5728155339805829,2025-10-08 14:29:00,5.603,5.647,0.39285714285714685,0.0386067261496226,0.08973919011667805,4.0,57.298063297118574,3.6390000000000002,9.99,2025-10-08 17:55:00,4.1568256967406745,0.26400000000000023,6.615,2025-10-08 15:00:00,False,,True,2025-10-08 14:45:00,5.577,4.935247252500311,5.7570767255439,5.492451785379945,0.2618236186344678,0.09147506020481627,0.17034855842965152
OPTX,2024-12-20,2024-12-20 10:02:00,False,clean_breakout,previous_high_break_with_pullback_low_support_or_previous_resistance,2.2,2.29,2.2,2.26,14753.0,11328.0,1.302348163841808,0.6666666666666634,0.33333333333333665,0.0,0.6666666666666634,2024-12-20 09:54:00,2.22,2.205,9511.0,8699.6,0.31772575250836294,2024-12-20 09:55:00,2.1563,2.1999,0.8119180633147117,0.02869369369369383,0.018018018018017834,8.0,98.67256637168144,2.2300000000000004,4.49,2024-12-20 15:23:00,13.256637168141609,0.2996000000000003,2.5596,2024-12-20 10:29:00,True,22.0,True,2024-12-20 10:03:00,2.1558,2.0194577819710218,2.1934604388145154,2.1406703902726343,0.06328444745059247,-0.0010506081336995737,0.06433505558429205
OPTX,2024-12-20,2024-12-20 10:14:00,False,clean_breakout,previous_high_break_with_pullback_low_support_or_previous_resistance,2.2801,2.35,2.2801,2.3364,13550.0,11556.0,1.1725510557286258,0.8054363376251751,0.19456366237482495,0.0,0.8054363376251751,2024-12-20 10:11:00,2.32,2.29,9528.0,11703.0,0.023333333333323512,2024-12-20 10:12:00,2.2401,2.2999,0.834448160535117,0.034439655172413736,0.007068965517241367,3.0,92.17599726074305,2.1536000000000004,4.49,2024-12-20 15:23:00,41.264338298236616,0.9641000000000002,3.3005,2024-12-20 10:36:00,True,20.0,False,,,2.0835268966765996,2.2865274526115678,2.2385723488253784,0.06010124904952541,0.0010770617246348424,0.059024187324890565
PULM,2024-11-13,2024-11-13 11:42:00,False,clean_breakout,previous_high_break_with_pullback_low_support_or_previous_resistance,2.99,3.19,2.9871,3.12,53410.0,9699.55,5.506441020459713,0.640709709216362,0.3449975357318867,0.014292755051751333,0.6550024642681133,2024-11-13 11:40:00,2.97,2.97,17317.0,10184.05,0.0,2024-11-13 11:41:00,2.95,2.9893,0.5,0.00673400673400674,0.05050505050505047,2.0,32.05128205128205,1.0,4.12,2024-11-13 14:09:00,2.3333333333333326,0.07279999999999998,3.1928,2024-11-13 11:43:00,False,,True,2024-11-13 11:49:00,2.89,2.7437857833441623,2.9608851539094574,2.9120376964151564,0.051391899261777674,0.014980893808394867,0.03641100545338281
PULM,2024-11-13,2024-11-13 11:43:00,False,clean_breakout,previous_high_break_with_pullback_low_support_or_previous_resistance,3.1151,3.1928,2.96,3.0,71702.0,11737.9,6.108588418712036,0.49441580756013714,0.3337628865979384,0.17182130584192445,0.17182130584192445,2024-11-13 11:41:00,2.99,2.9893,20504.0,9385.9,0.01750000000000361,2024-11-13 11:42:00,2.9871,3.12,0.014292755051751333,0.0009698996655519553,0.003344481605351099,2.0,37.333333333333336,1.12,4.12,2024-11-13 14:09:00,4.9999999999999964,0.1499999999999999,3.15,2024-11-13 11:46:00,False,,True,2024-11-13 11:44:00,2.96,2.7678942338322554,2.9687081231275663,2.920415058661332,0.052073240293948775,0.014474070471728794,0.03759916982221998
PULM,2024-11-13,2024-11-13 13:16:00,False,clean_breakout,previous_high_break_with_pullback_low_support_or_previous_resistance,3.06,3.09,3.06,3.0789,1167.0,2580.8,0.4521853688778673,0.6300000000000013,0.36999999999999866,0.0,0.6300000000000013,2024-11-13 13:08:00,3.0699,3.06,7499.0,2169.85,0.49748743718592436,2024-11-13 13:12:00,3.04,3.04,0.0,0.009739730935861115,0.0029316915860451145,8.0,33.814024489265655,1.0411000000000001,4.12,2024-11-13 14:09:00,2.9588489395563338,0.09109999999999996,3.17,2024-11-13 13:44:00,False,,True,2024-11-13 13:19:00,2.99,2.838390144292604,3.0546712867066534,3.0339396514311963,0.024445280677650505,0.000697455569270547,0.023747825108379958
RMSG,2026-04-16,2026-04-16 11:15:00,False,clean_breakout,previous_high_break_with_pullback_low_support_or_previous_resistance,2.4191,2.75,2.4191,2.64,697012.0,156487.1,4.454117943268167,0.6675732849803572,0.3324267150196428,0.0,0.6675732849803572,2026-04-16 11:08:00,2.46,2.4314,346067.0,103457.2,0.1682352941176469,2026-04-16 11:09:00,2.26,2.33,0.3888888888888901,0.08130081300813015,0.07317073170731714,7.0,26.89393939393939,0.71,3.35,2026-04-16 11:29:00,26.89393939393939,0.71,3.35,2026-04-16 11:29:00,True,3.0,False,,,2.2116669475646336,2.4110413299273175,2.290734295945422,0.13244828018073918,0.019766763399058945,0.11268151678168023
ROMA,2026-01-21,2026-01-21 13:15:00,False,clean_breakout,previous_high_break_with_pullback_low_support_or_previous_resistance,2.31,2.45,2.31,2.45,25515.0,2978.25,8.56711155880131,1.0,0.0,0.0,1.0,2026-01-21 13:13:00,2.3,2.3,6760.0,1235.4,0.0,2026-01-21 13:14:00,2.3,2.315,0.25000000000000183,0.0,0.06521739130434799,2.0,33.469387755102034,0.8199999999999998,3.27,2026-01-21 13:20:00,33.469387755102034,0.8199999999999998,3.27,2026-01-21 13:20:00,True,2.0,False,,,2.193258047343336,2.300525424977654,2.250117695600217,0.04508412761024383,0.020554423312091195,0.024529704298152634
VMAR,2025-12-16,2025-12-16 11:28:00,False,clean_breakout,previous_high_break_with_pullback_low_support_or_previous_resistance,40.076,48.0,40.0,47.096,86237.45,38212.765,2.2567707414001577,0.8774999999999995,0.11300000000000043,0.009500000000000064,0.8869999999999996,2025-12-16 11:22:00,42.0,42.0,59203.825,32843.22625,0.0,2025-12-16 11:27:00,40.0,40.0,0.0,0.047619047619047616,0.12133333333333325,6.0,23.28860200441652,10.968000000000004,58.064,2025-12-16 16:14:00,6.166128758280966,2.9040000000000035,50.0,2025-12-16 11:35:00,False,,True,2025-12-16 11:44:00,38.8,32.728421751889734,39.49422632951076,36.12736877838486,3.283401389758687,1.1159032573061682,2.167498132452519
ALOY,2025-01-22,2025-01-22 10:48:00,False,clean_breakout,previous_high_break_with_pullback_low_support_or_previous_resistance,4.2099,4.9599,4.1901,4.7,2305358.0,1305375.55,1.7660496245697261,0.6366588724343984,0.33762016108080023,0.025720966484801298,0.6623798389191998,2025-01-22 10:46:00,4.2,4.1299,1648132.0,1211623.0,0.22612903225806463,2025-01-22 10:47:00,4.1,4.205,0.10718113612004358,0.023809523809523937,0.11904761904761904,2.0,41.063829787234035,1.9299999999999997,6.63,2025-01-22 16:34:00,1.4893617021276466,0.0699999999999994,4.77,2025-01-22 10:49:00,False,,True,2025-01-22 10:53:00,4.08,3.3543740917775455,4.094063734954213,3.7708338576388454,0.32433902253535596,0.09252969814955364,0.23180932438580232
ALOY,2025-01-22,2025-01-22 13:22:00,False,clean_breakout,previous_high_break_with_pullback_low_support_or_previous_resistance,4.0105,4.67,4.01,4.4406,1879841.0,403787.25,4.655523422297262,0.6516666666666657,0.3475757575757576,0.0007575757575766833,0.6524242424242425,2025-01-22 13:20:00,4.0,3.955,547720.0,283803.5,0.4499999999999989,2025-01-22 13:21:00,3.95,4.015,0.06600000000000036,0.012499999999999956,0.11014999999999997,2.0,49.304148088096206,2.1894,6.63,2025-01-22 16:34:00,1.112462279872097,0.04940000000000033,4.49,2025-01-22 13:23:00,False,,True,2025-01-22 13:49:00,3.8817,3.579894804283695,3.9947274522436373,3.8658428421504265,0.118427248724577,0.05785456134170211,0.060572687382874885
INAB,2024-10-21,2024-10-21 09:39:00,False,clean_breakout,previous_high_break_with_pullback_low_support_or_previous_resistance,8.6101,9.1891,8.5921,9.0001,184.231491,160.94339054999998,1.1446974639369558,0.653266331658293,0.3165829145728647,0.030150753768842412,0.6834170854271353,2024-10-21 09:37:00,8.7001,8.7001,352.629807,150.21683114999996,0.0,2024-10-21 09:38:00,8.6521,8.7001,0.0,0.0055171779634716886,0.0344823622716979,2.0,85.53349407228808,7.6981,16.6982,2024-10-21 15:19:00,28.833012966522602,2.5950000000000006,11.5951,2024-10-21 10:06:00,True,5.0,False,,,8.264170498303324,8.527985246636685,8.341699755504756,0.16169064965045088,0.08917369482042387,0.07251695483002701
INAB,2024-10-21,2024-10-21 09:44:00,False,clean_breakout,previous_high_break_with_pullback_low_support_or_previous_resistance,9.3601,10.6051,9.3211,10.0501,1725.616077,306.27360389999996,5.634230488773767,0.5373831775700941,0.43224299065420513,0.030373831775700685,0.5677570093457949,2024-10-21 09:42:00,9.4291,9.4291,516.32817,209.4845718,0.0,2024-10-21 09:43:00,9.0901,9.5371,0.6686390532544391,0.03595252993392799,0.06585994421524859,2.0,66.1495905513378,6.6480999999999995,16.6982,2024-10-21 15:19:00,15.372981363369517,1.545,11.5951,2024-10-21 10:06:00,True,17.0,False,,,8.834802705879392,9.215275837617911,8.79309891971466,0.3879260888391389,0.17632287635431868,0.21160321248482025
INAB,2024-10-21,2024-10-21 10:00:00,False,clean_breakout,previous_high_break_with_pullback_low_support_or_previous_resistance,10.4251,11.0251,10.3801,11.0251,3013.436532,1571.5176179999999,1.9175327705425702,0.930232558139535,0.0,0.06976744186046505,1.0,2024-10-21 09:44:00,10.6051,10.0501,1725.616077,306.27360389999996,0.43224299065420513,2024-10-21 09:46:00,9.1801,9.7501,0.0,0.13436931287776643,0.03960358695344692,16.0,51.456222619295964,5.6731,16.6982,2024-10-21 15:19:00,5.170021133595163,0.5700000000000003,11.5951,2024-10-21 10:06:00,False,,True,2024-10-21 10:11:00,8.8801,9.816021259619534,10.368708905601899,9.94148898937163,0.49255063178513225,0.0386732720286046,0.45387735975652765
INAB,2024-10-21,2024-10-21 15:19:00,False,clean_breakout,previous_high_break_with_pullback_low_support_or_previous_resistance,14.4001,16.6982,14.2681,16.0382,32790.238761,20620.7837901,1.5901548212121082,0.6740874861116827,0.27159376157359794,0.054318752314719436,0.7284062384264021,2024-10-21 15:13:00,15.7562,15.5972,29872.501272,15198.3246819,0.09600869512710518,2024-10-21 15:16:00,14.1001,14.9791,0.57674224218995,0.10510783056828425,0.017897716454475066,6.0,0.5424548889526241,0.08699999999999974,16.1252,2024-10-21 15:20:00,0.5424548889526241,0.08699999999999974,16.1252,2024-10-21 15:20:00,False,,True,2024-10-21 15:21:00,13.5001,12.639055395914994,14.75012033256991,13.854704464289659,1.0698011637038434,0.0284337805488577,1.0413673831549857
QUBT,2024-12-16,2024-12-16 09:57:00,False,clean_breakout,previous_high_break_with_pullback_low_support_or_previous_resistance,7.6311,7.8,7.6311,7.8,281269.0,241890.15,1.1627964181261619,1.0,0.0,0.0,1.0,2024-12-16 09:55:00,7.77,7.675,270356.0,253379.65,0.29999999999999466,2024-12-16 09:56:00,7.64,7.64,0.0,0.016731016731016717,0.003861003861003893,2.0,57.43589743589743,4.4799999999999995,12.28,2024-12-16 13:27:00,5.641025641025646,0.4400000000000004,8.24,2024-12-16 10:27:00,False,,True,2024-12-16 10:13:00,7.63,7.306843999702187,7.631699663657143,7.506760463914142,0.14001117693709375,0.017274934495161487,0.12273624244193226
QUBT,2024-12-16,2024-12-16 10:31:00,False,clean_breakout,previous_high_break_with_pullback_low_support_or_previous_resistance,8.19,8.44,8.17,8.3399,424805.0,205971.6,2.062444531187795,0.5551851851851882,0.37074074074073915,0.07407407407407261,0.6292592592592609,2024-12-16 10:29:00,8.3,8.2999,187849.0,189492.3,0.001015228426411593,2024-12-16 10:30:00,8.17,8.174,0.03333333333332988,0.01566265060240973,0.0048072289156625755,2.0,47.24397175026078,3.9400999999999993,12.28,2024-12-16 13:27:00,4.557608604419724,0.38010000000000055,8.72,2024-12-16 11:01:00,False,,False,,,7.609074123569057,8.17391211440618,8.04624681856017,0.13902489127639317,0.0316528922393899,0.10737199903700327
QUBT,2024-12-16,2024-12-16 12:46:00,False,clean_breakout,previous_high_break_with_pullback_low_support_or_previous_resistance,10.18,10.42,10.1788,10.41,497616.0,445112.9,1.1179545683802918,0.9535655058043168,0.04145936981757803,0.004975124378105239,0.958540630182422,2024-12-16 12:42:00,10.35,10.1988,578424.0,387928.45,0.1309090909090933,2024-12-16 12:44:00,9.9,10.038,0.3209302325581395,0.04347826086956515,0.005797101449275411,4.0,17.963496637848213,1.8699999999999992,12.28,2024-12-16 13:27:00,5.0912584053794365,0.5299999999999994,10.94,2024-12-16 13:16:00,False,,True,2024-12-16 12:54:00,9.74,8.635459399885118,10.17142245638186,9.992920785254723,0.21000072053847774,0.010483527101595613,0.19951719343688212
RGTI,2024-12-10,2024-12-10 12:03:00,False,clean_breakout,previous_high_break_with_pullback_low_support_or_previous_resistance,6.05,6.19,6.04,6.1895,829432.0,559917.25,1.4813474669694495,0.9299999999999975,0.0033333333333373993,0.06666666666666508,0.9966666666666626,2024-12-10 11:59:00,6.15,6.105,847775.0,472827.75,0.40909090909090723,2024-12-10 12:01:00,6.0,6.0,0.0,0.02439024390243908,0.006422764227642182,4.0,30.70522659342435,1.9005,8.09,2024-12-10 19:21:00,9.944260441069552,0.6154999999999999,6.805,2024-12-10 12:30:00,False,,False,,,5.340733878300545,6.012421986378615,5.87898775085425,0.1369204822297192,0.03502107187358053,0.10189941035613867
RGTI,2024-12-10,2024-12-10 12:30:00,False,clean_breakout,previous_high_break_with_pullback_low_support_or_previous_resistance,6.585,6.805,6.58,6.76,1361344.0,850043.7,1.6014988405890191,0.7777777777777782,0.2,0.022222222222221782,0.8,2024-12-10 12:28:00,6.63,6.615,970670.0,865251.6,0.12571428571428406,2024-12-10 12:29:00,6.55,6.59,0.5,0.012066365007541489,0.019607843137254888,2.0,19.674556213017752,1.33,8.09,2024-12-10 19:21:00,0.14792899408283708,0.009999999999999787,6.77,2024-12-10 12:31:00,False,,True,2024-12-10 12:32:00,6.44,5.519255854478543,6.573503088974477,6.461818856244936,0.13767723931289577,0.008598542690591654,0.12907869662230412
RGTI,2024-12-10,2024-12-10 13:48:00,False,clean_breakout,previous_high_break_with_pullback_low_support_or_previous_resistance,6.765,6.89,6.75,6.8804,1033532.0,516507.35,2.0010015346345025,0.8242857142857174,0.06857142857142752,0.1071428571428551,0.9314285714285725,2024-12-10 13:45:00,6.81,6.7982,481095.0,487947.6,0.1966666666666685,2024-12-10 13:46:00,6.7,6.7199,0.19899999999999876,0.016152716593245145,0.01033773861967698,3.0,17.580373234114298,1.2096,8.09,2024-12-10 19:21:00,0.13952677169931735,0.009599999999999831,6.89,2024-12-10 13:49:00,False,,True,2024-12-10 13:52:00,6.66,5.7321706691387,6.759502290485842,6.686510499104461,0.08229101361072555,0.01089312837693314,0.07139788523379241
RBNE,2026-03-24,2026-03-24 10:58:00,False,clean_breakout,previous_high_break_with_pullback_low_support_or_previous_resistance,2.03,2.1999,2.02,2.11,1532387.0,915147.75,1.6744695050607947,0.4446914952751534,0.4997220678154537,0.05558643690939294,0.5002779321845463,2026-03-24 10:54:00,2.0999,2.0498,2133878.0,902098.7,0.33422281521014047,2026-03-24 10:57:00,1.98,2.0201,0.4000000000000018,0.05709795704557355,0.0048097528453735884,4.0,19.43127962085309,0.41000000000000014,2.52,2026-03-24 13:08:00,3.31753554502371,0.07000000000000028,2.18,2026-03-24 11:00:00,False,,True,2026-03-24 11:07:00,1.97,1.6840289730285303,2.000547520983905,1.9327631737807847,0.07527990127300832,0.014324909039462277,0.06095499223354604
EDSA,2026-03-06,2026-03-06 11:12:00,False,clean_breakout,previous_high_break_with_pullback_low_support_or_previous_resistance,4.58,4.7309,4.58,4.72,53381.0,19014.4,2.8073986031639175,0.9277667329357167,0.0722332670642833,0.0,0.9277667329357167,2026-03-06 10:58:00,4.6477,4.62,55423.0,11002.25,0.18754231550440223,2026-03-06 11:05:00,4.42,4.485,0.5416666666666694,0.04899197452503398,0.015556081502678606,14.0,69.49152542372882,3.2800000000000002,8.0,2026-03-06 16:03:00,6.991525423728816,0.33000000000000007,5.05,2026-03-06 11:36:00,False,,False,,,4.2386619672178325,4.588844167083265,4.522975245370885,0.07587855071341743,0.006747387970269303,0.06913116274314812
EDSA,2026-03-06,2026-03-06 11:15:00,False,clean_breakout,previous_high_break_with_pullback_low_support_or_previous_resistance,4.67,4.82,4.66,4.79,29829.0,19933.35,1.4964368758889,0.75,0.1875000000000014,0.06249999999999861,0.8124999999999987,2026-03-06 11:13:00,4.74,4.68,37937.0,20841.25,0.2503128911138972,2026-03-06 11:14:00,4.66,4.71,0.0,0.016877637130801704,0.010548523206751016,2.0,67.01461377870564,3.21,8.0,2026-03-06 16:03:00,5.427974947807929,0.2599999999999998,5.05,2026-03-06 11:36:00,False,,False,,,4.262433169863234,4.660128213546632,4.576763546917061,0.09171503660256253,0.016444554665814487,0.07527048193674804
CODX,2025-09-16,2025-09-16 11:18:00,False,clean_breakout,previous_high_break_with_pullback_low_support_or_previous_resistance,13.6471,15.2222,13.5781,14.4931,47426.459064,6686.703132299999,7.092652107569625,0.5145672404354962,0.44346450945806215,0.04196825010644168,0.5565354905419378,2025-09-16 11:16:00,14.0281,14.0281,17384.726151,3160.2917300999998,0.0,2025-09-16 11:17:00,13.4611,13.6471,0.3212435233160617,0.04041887354666706,0.0331477534377428,2.0,49.0378179961499,7.107100000000001,21.6002,2025-09-16 16:00:00,39.84723765102014,5.7751,20.2682,2025-09-16 11:43:00,True,5.0,False,,,13.38448478696653,13.391978266056682,12.728100430450443,0.670495985086788,0.19017257065143722,0.48032341443535076
CODX,2025-09-16,2025-09-16 11:23:00,False,clean_breakout,previous_high_break_with_pullback_low_support_or_previous_resistance,14.3251,17.3642,14.2141,17.0972,94374.289581,21460.72039065,4.3975359569996995,0.880003809402876,0.08475921399320639,0.035236976603917544,0.9152407860067936,2025-09-16 11:18:00,15.2222,14.4931,47426.459064,6686.703132299999,0.44346450945806215,2025-09-16 11:22:00,13.8001,14.3641,0.5838509316770191,0.09342276412082355,0.12317536229979897,5.0,26.337645930327774,4.503,21.6002,2025-09-16 16:00:00,18.54689656785906,3.1709999999999994,20.2682,2025-09-16 11:43:00,True,1.0,False,,,14.424046335994415,14.611559470221456,13.642909034849508,0.9775223867476228,0.26852088922664485,0.709001497520978
REBN,2025-01-31,2025-01-31 11:19:00,False,clean_breakout,previous_high_break_with_pullback_low_support_or_previous_resistance,4.0,4.5,3.9901,4.36,1139116.0,499096.8,2.2823548457934413,0.7060207883898809,0.2745636399293973,0.01941557168072175,0.7254363600706027,2025-01-31 11:10:00,4.0,3.76,897562.0,366813.6,0.22580645161290266,2025-01-31 11:15:00,3.6,3.84,0.40000000000000036,0.09999999999999998,0.09000000000000008,9.0,23.85321100917431,1.04,5.4,2025-01-31 11:23:00,23.85321100917431,1.04,5.4,2025-01-31 11:23:00,True,1.0,False,,,3.461129584466778,3.920789822381871,3.708128943284945,0.2389372682870432,0.02378781114214598,0.21514945714489722
REBN,2025-01-31,2025-01-31 11:20:00,False,clean_breakout,previous_high_break_with_pullback_low_support_or_previous_resistance,4.37,5.0,4.22,4.87,1489964.0,555832.65,2.680598198036765,0.6410256410256409,0.16666666666666646,0.1923076923076927,0.8333333333333335,2025-01-31 11:18:00,4.0,3.9993,647151.0,444824.75,0.004117647058824384,2025-01-31 11:19:00,3.9901,4.36,0.01941557168072175,0.002475000000000005,0.21750000000000003,2.0,10.882956878850107,0.5300000000000002,5.4,2025-01-31 11:23:00,10.882956878850107,0.5300000000000002,5.4,2025-01-31 11:23:00,True,3.0,False,,,3.56578028553121,4.1106318579054975,3.8187833296387597,0.30218811040768356,0.07144515124593734,0.23074295916174623
QMCO,2024-12-18,2024-12-18 09:49:00,False,clean_breakout,previous_high_break_with_pullback_low_support_or_previous_resistance,24.98,26.0,24.78,25.95,35056.0,26977.25,1.2994652901982227,0.7950819672131145,0.04098360655737767,0.16393442622950777,0.9590163934426224,2024-12-18 09:47:00,25.5,25.4,39647.0,23366.75,0.1298701298701318,2024-12-18 09:48:00,24.55,24.78,0.24210526315789538,0.037254901960784285,0.017647058823529384,2.0,151.4450867052023,39.3,65.25,2024-12-18 16:32:00,9.441233140655104,2.4499999999999993,28.4,2024-12-18 10:14:00,False,,False,,,23.49220913597272,24.670816227859895,23.951661358475445,0.6831692346922615,0.24591857132290101,0.4372506633693605
QMCO,2024-12-18,2024-12-18 11:21:00,False,clean_breakout,previous_high_break_with_pullback_low_support_or_previous_resistance,29.0,30.0,28.98,29.99,73092.0,16184.45,4.516186833658233,0.9705882352941165,0.009803921568628988,0.019607843137254492,0.990196078431371,2024-12-18 11:18:00,29.0,28.6,17204.0,13063.9,0.6250000000000009,2024-12-18 11:19:00,28.18,28.5,0.5423728813559329,0.028275862068965527,0.034137931034482705,3.0,117.57252417472492,35.260000000000005,65.25,2024-12-18 16:32:00,23.941313771257096,7.180000000000003,37.17,2024-12-18 11:45:00,True,12.0,False,,,25.739331003036597,28.843544281522814,28.313415363077976,0.599822819378879,0.0604865153899099,0.5393363039889691
QMCO,2024-12-18,2024-12-18 11:33:00,False,clean_breakout,previous_high_break_with_pullback_low_support_or_previous_resistance,31.45,33.34,31.45,33.2,69616.0,27201.65,2.5592565156893055,0.9259259259259258,0.07407407407407421,0.0,0.9259259259259258,2024-12-18 11:28:00,31.75,31.51,45865.0,24290.45,0.44444444444444225,2024-12-18 11:30:00,31.07,31.21,0.2641509433962269,0.02141732283464566,0.04566929133858277,5.0,96.53614457831323,32.05,65.25,2024-12-18 16:32:00,28.012048192771072,9.299999999999997,42.5,2024-12-18 12:00:00,True,11.0,False,,,26.53043997494374,31.46430053227182,30.49442843198001,1.0954258039808273,0.1041427129242789,0.9912830910565484
QMCO,2024-12-18,2024-12-18 11:39:00,False,clean_breakout,previous_high_break_with_pullback_low_support_or_previous_resistance,32.91,33.9,32.6,33.9,41481.0,33156.5,1.2510669099573235,0.7615384615384647,0.0,0.23846153846153526,1.0,2024-12-18 11:35:00,33.5,32.5,55926.0,30303.35,0.4098360655737709,2024-12-18 11:36:00,32.2,32.68,0.3896103896103879,0.038805970149253646,0.011940298507462643,4.0,92.4778761061947,31.35,65.25,2024-12-18 16:32:00,25.368731563421836,8.600000000000001,42.5,2024-12-18 12:00:00,True,14.0,False,,,26.95268822499795,32.722272958731864,31.66968090598324,1.2264823739433481,0.09803632316198652,1.1284460507813616
QMCO,2024-12-18,2024-12-18 11:44:00,False,clean_breakout,previous_high_break_with_pullback_low_support_or_previous_resistance,34.5,36.7,34.23,36.21,80585.0,39974.25,2.015922750270487,0.692307692307691,0.19838056680161975,0.10931174089068926,0.8016194331983802,2024-12-18 11:41:00,35.53,35.31,77945.0,36088.6,0.18032786885245825,2024-12-18 11:43:00,33.3,34.45,0.22500000000000206,0.06276386152547155,0.019138755980861236,3.0,80.19884009942004,29.04,65.25,2024-12-18 16:32:00,17.37089201877934,6.289999999999999,42.5,2024-12-18 12:00:00,True,15.0,False,,,27.771907453912164,34.22945840311726,32.93579587811961,1.4723313545110557,0.17165933469663375,1.300672019814422
QMCO,2024-12-18,2024-12-18 11:53:00,False,clean_breakout,previous_high_break_with_pullback_low_support_or_previous_resistance,35.63,38.09,35.44,37.98,108312.0,50756.3,2.133961695395448,0.8867924528301846,0.04150943396226653,0.07169811320754883,0.9584905660377335,2024-12-18 11:45:00,37.17,36.34,64926.0,41205.3,0.6102941176470579,2024-12-18 11:49:00,33.33,33.6,0.3417721518987385,0.1033091202582729,0.02179176755447929,8.0,71.80094786729859,27.270000000000003,65.25,2024-12-18 16:32:00,17.03528172722487,6.470000000000006,44.45,2024-12-18 12:22:00,True,7.0,False,,,28.806964742074985,35.406253508416924,34.397367687425806,1.2575648764148397,-0.05262227831586541,1.3101871547307051
SBET,2025-06-11,2025-06-11 09:58:00,False,clean_breakout,previous_high_break_with_pullback_low_support_or_previous_resistance,38.25,40.0,38.0,39.25,71415.0,23810.75,2.9992755373098285,0.5,0.375,0.125,0.625,2025-06-11 09:47:00,38.81,38.65,29120.0,17369.95,0.20779220779221175,2025-06-11 09:53:00,37.0,37.34,0.4415584415584442,0.046637464570986914,0.011337284205101718,11.0,26.165605095541412,10.270000000000003,49.52,2025-06-11 12:02:00,5.7324840764331215,2.25,41.5,2025-06-11 10:19:00,False,,True,2025-06-11 10:05:00,36.56,36.709146161498936,38.04706274375175,37.35318108941684,0.8005365496719676,0.006759586183417321,0.7937769634885503
SBET,2025-06-11,2025-06-11 10:44:00,False,clean_breakout,previous_high_break_with_pullback_low_support_or_previous_resistance,42.77,44.0,42.27,43.48,60570.0,22664.5,2.672461338216153,0.4104046242774538,0.3005780346820833,0.28901734104046295,0.6994219653179167,2025-06-11 10:42:00,43.36,43.36,38556.0,19974.7,0.0,2025-06-11 10:43:00,42.55,42.76,0.2727272727272727,0.018680811808118133,0.0027675276752766936,2.0,13.891444342226325,6.040000000000006,49.52,2025-06-11 12:02:00,9.59061637534499,4.170000000000002,47.65,2025-06-11 11:07:00,False,,True,2025-06-11 10:45:00,42.43,38.745207699877525,42.31724028846546,41.4582446289532,0.9524903951674162,0.1789708062561588,0.7735195889112574
FCUV,2025-01-03,2025-01-03 10:21:00,False,clean_breakout,previous_high_break_with_pullback_low_support_or_previous_resistance,61.66,75.0,61.16,71.0,49768.97,15213.485000000004,3.2713720754974935,0.6748554913294799,0.28901734104046234,0.03612716763005779,0.7109826589595376,2025-01-03 10:17:00,63.0,61.5,22762.51,11185.497999999998,0.2767527675276752,2025-01-03 10:20:00,55.0,61.67,0.42857142857142855,0.12698412698412698,0.12698412698412698,4.0,109.85915492957747,78.0,149.0,2025-01-03 18:05:00,9.366197183098599,6.650000000000006,77.65,2025-01-03 10:36:00,False,,False,,,53.32593236138016,61.210842176662254,57.44145413346332,3.872359539482808,0.7806671107676815,3.0916924287151266
FCUV,2025-01-03,2025-01-03 14:37:00,False,clean_breakout,previous_high_break_with_pullback_low_support_or_previous_resistance,66.21,75.0,65.74,73.57,14985.92,2128.7064999999993,7.039918372964993,0.7948164146868245,0.1544276457883376,0.05075593952483786,0.8455723542116624,2025-01-03 14:34:00,64.91,64.35,6384.73,975.4159999999999,0.19718309859155037,2025-01-03 14:36:00,63.01,66.23,0.35561497326203334,0.029271298721306405,0.13341549838237554,3.0,102.52820443115402,75.43,149.0,2025-01-03 18:05:00,42.721217887725984,31.430000000000007,105.0,2025-01-03 14:51:00,True,3.0,False,,,59.609217360412494,65.27374259832636,63.21052233053355,1.805401784204605,1.0469898847232426,0.7584118994813626
RPGL,2025-12-29,2025-12-29 11:01:00,False,clean_breakout,previous_high_break_with_pullback_low_support_or_previous_resistance,11.272,12.6,11.246,12.172,235206.6,123529.48749999997,1.9040522612060546,0.6646971935007392,0.3161004431314618,0.01920236336779898,0.6838995568685382,2025-12-29 10:57:00,12.0,11.47,251491.7,105665.55249999999,0.3092182030338385,2025-12-29 10:59:00,11.014,11.4,0.6587030716723563,0.08216666666666672,0.014333333333333384,4.0,42.91817285573447,5.224,17.396,2025-12-29 12:54:00,7.328294446270123,0.8919999999999995,13.064,2025-12-29 11:10:00,False,,False,,,9.96969148077873,11.214997484710736,10.775829547712554,0.476928958169065,0.10968828185162965,0.36724067631743534
ANNA,2026-03-24,2026-03-24 09:52:00,False,clean_breakout,previous_high_break_with_pullback_low_support_or_previous_resistance,8.05,8.41,8.05,8.36,822760.0,537793.1,1.529882030840485,0.8611111111111089,0.1388888888888911,0.0,0.8611111111111089,2026-03-24 09:43:00,8.27,8.19,676256.0,483188.45,0.3478260869565214,2026-03-24 09:45:00,7.76,7.84,0.1904761904761907,0.06166868198307132,0.010882708585247867,9.0,3.1100478468899495,0.2599999999999998,8.62,2026-03-24 13:50:00,1.6746411483253658,0.14000000000000057,8.5,2026-03-24 10:18:00,False,,True,2026-03-24 10:00:00,7.69,7.488649965217931,8.033163147487782,7.852320218682788,0.23149774925326838,-0.026638135809718855,0.25813588506298724
ASTI,2024-06-03,2024-06-03 12:24:00,False,clean_breakout,previous_high_break_with_pullback_low_support_or_previous_resistance,20.0,20.27,18.59,19.01,47308.91,18275.833499999997,2.5886047823755898,0.5892857142857134,0.16071428571428548,0.25000000000000105,0.25000000000000105,2024-06-03 12:22:00,19.0,18.96,32393.66,13847.713,0.03389830508474505,2024-06-03 12:23:00,18.95,19.99,0.0,0.0026315789473684583,0.0005263157894737665,2.0,0.0,0.0,19.01,2024-06-03 12:25:00,0.0,0.0,19.01,2024-06-03 12:25:00,False,,True,2024-06-03 12:25:00,18.22,16.162036364257375,18.302278677418702,17.161197149861742,1.2136656581419913,0.21328411733305686,1.0003815408089345
AGPU,2026-04-01,2026-04-01 11:25:00,False,clean_breakout,previous_high_break_with_pullback_low_support_or_previous_resistance,3.38,3.7,3.36,3.63,946325.0,420021.7,2.253038354923091,0.7352941176470582,0.20588235294117713,0.058823529411764705,0.7941176470588229,2026-04-01 11:22:00,3.45,3.375,445433.0,407114.45,0.5016666666666665,2026-04-01 11:23:00,3.33,3.355,0.3124999999999986,0.0347826086956522,0.052173913043478175,3.0,32.231404958677686,1.17,4.8,2026-04-01 16:52:00,14.87603305785124,0.54,4.17,2026-04-01 11:36:00,True,10.0,False,,,2.983299969792951,3.381005510263421,3.2687659095260453,0.12011253704205638,0.028971421235267816,0.09114111580678856
AGPU,2026-04-01,2026-04-01 11:35:00,False,clean_breakout,previous_high_break_with_pullback_low_support_or_previous_resistance,3.74,4.0399,3.73,3.96,1027053.0,624207.8,1.6453703398131199,0.709906421426265,0.2578251048725403,0.03226847370119465,0.7421748951274597,2026-04-01 11:32:00,3.95,3.7303,894144.0,577481.6,0.24227272727272764,2026-04-01 11:34:00,3.68,3.73,0.1999999999999993,0.06835443037974684,0.002531645569620199,3.0,21.21212121212121,0.8399999999999999,4.8,2026-04-01 16:52:00,5.303030303030303,0.20999999999999996,4.17,2026-04-01 11:36:00,False,,True,2026-04-01 11:49:00,3.65,3.148283374826703,3.7840061532088303,3.622491428466232,0.1909339952363065,0.002582299555957901,0.1883516956803486
QBTS,2024-12-16,2024-12-16 11:31:00,False,clean_breakout,previous_high_break_with_pullback_low_support_or_previous_resistance,6.4303,6.66,6.43,6.6003,993273.0,474103.45,2.095055414593587,0.739130434782607,0.2595652173913052,0.0013043478260877758,0.7404347826086948,2024-12-16 11:28:00,6.46,6.45,270363.0,459934.5,0.12499999999999722,2024-12-16 11:29:00,6.4,6.44,0.6677796327212043,0.009287925696594366,0.02171826625386995,3.0,16.66136387739952,1.0997000000000003,7.7,2024-12-16 15:06:00,0.9029892580640356,0.05960000000000054,6.6599,2024-12-16 11:32:00,False,,True,2024-12-16 11:33:00,6.34,5.716209411506065,6.426724984693607,6.321696488678447,0.10714066167973524,0.026858210512724967,0.08028245116701027
QBTS,2024-12-16,2024-12-16 13:36:00,False,clean_breakout,previous_high_break_with_pullback_low_support_or_previous_resistance,6.9601,7.19,6.96,7.1273,824175.0,463406.2,1.7785152637146417,0.7269565217391302,0.27260869565217527,0.0004347826086946381,0.7273913043478247,2024-12-16 13:34:00,7.1,7.035,386032.0,403906.95,0.3076923076923035,2024-12-16 13:35:00,6.91,6.9753,0.5117554858934139,0.02676056338028162,0.003845070422535257,2.0,8.035300885328247,0.5727000000000002,7.7,2024-12-16 15:06:00,1.3006327781908968,0.09269999999999978,7.22,2024-12-16 13:37:00,False,,True,2024-12-16 13:49:00,6.82,6.036382137363066,6.998981245673862,6.881304715991099,0.1290716455945926,0.015461114498856829,0.11361053109573578
QBTS,2024-12-16,2024-12-16 14:51:00,False,clean_breakout,previous_high_break_with_pullback_low_support_or_previous_resistance,7.32,7.44,7.32,7.42,358628.0,345299.25,1.0386005761669046,0.8333333333333296,0.16666666666667038,0.0,0.8333333333333296,2024-12-16 14:49:00,7.4,7.39,215440.0,344356.3,0.12500000000000833,2024-12-16 14:50:00,7.32,7.3201,0.0012499999999970857,0.01081081081081082,0.002702702702702645,2.0,3.7735849056603805,0.28000000000000025,7.7,2024-12-16 15:06:00,3.7735849056603805,0.28000000000000025,7.7,2024-12-16 15:06:00,False,,True,2024-12-16 15:16:00,7.2,6.197209158101605,7.306357162984241,7.191883225027022,0.11690578547025599,0.02604642840339501,0.09085935706686098
QBTS,2024-12-16,2024-12-16 14:54:00,False,clean_breakout,previous_high_break_with_pullback_low_support_or_previous_resistance,7.38,7.47,7.37,7.46,426560.0,369804.4,1.1534746476786106,0.8000000000000036,0.09999999999999823,0.09999999999999823,0.9000000000000018,2024-12-16 14:52:00,7.45,7.45,361427.0,348412.4,0.0,2024-12-16 14:53:00,7.38,7.3873,0.0912499999999982,0.009395973154362454,0.0013422818791946022,2.0,3.2171581769437028,0.2400000000000002,7.7,2024-12-16 15:06:00,3.2171581769437028,0.2400000000000002,7.7,2024-12-16 15:06:00,False,,True,2024-12-16 15:16:00,7.2,6.207808666671551,7.368422867447932,7.254379920144729,0.12375859444086323,0.014935016494781489,0.10882357794608175
QBTS,2024-12-16,2024-12-16 14:55:00,False,clean_breakout,previous_high_break_with_pullback_low_support_or_previous_resistance,7.46,7.6,7.43,7.5985,930296.0,410025.8,2.268871861234098,0.8147058823529393,0.008823529411765044,0.17647058823529566,0.991176470588235,2024-12-16 14:53:00,7.46,7.3873,300022.0,353446.1,0.17500000000000276,2024-12-16 14:54:00,7.37,7.46,0.09999999999999823,0.012064343163538854,0.018565683646112552,2.0,1.3357899585444575,0.10150000000000059,7.7,2024-12-16 15:06:00,1.3357899585444575,0.10150000000000059,7.7,2024-12-16 15:06:00,False,,True,2024-12-16 15:16:00,7.2,6.217595524068348,7.414438293958346,7.2871532610833265,0.1357106033890627,0.020104861229086474,0.11560574215997624
PSNL,2024-07-19,2024-07-19 12:10:00,False,clean_breakout,previous_high_break_with_pullback_low_support_or_previous_resistance,2.97,3.03,2.96,3.01,54195.0,11089.4,4.8870993922123835,0.5714285714285668,0.28571428571428664,0.14285714285714649,0.7142857142857134,2024-07-19 11:50:00,3.0,2.9534,67633.0,14072.8,0.21244635193133,2024-07-19 11:53:00,2.91,2.92,0.4999999999999889,0.029999999999999954,0.0033333333333332624,20.0,50.16611295681063,1.5099999999999998,4.52,2024-07-19 13:56:00,8.305647840531561,0.25,3.26,2024-07-19 12:40:00,False,,False,,,2.801309786234469,2.966964681073656,2.9549310719570445,0.01545418210511329,-0.0001450852256200605,0.01559926733073335
PSNL,2024-07-19,2024-07-19 12:43:00,False,clean_breakout,previous_high_break_with_pullback_low_support_or_previous_resistance,3.2202,3.3099,3.2202,3.3099,49532.0,31174.05,1.5888856276293906,1.0,0.0,0.0,1.0,2024-07-19 12:41:00,3.2799,3.27,44457.0,27747.8,0.19839679358717452,2024-07-19 12:42:00,3.22,3.23,0.19999999999999646,0.018262751913168035,0.0091466203237903,2.0,36.56001691894014,1.2100999999999997,4.52,2024-07-19 13:56:00,7.5198646484788165,0.24890000000000034,3.5588,2024-07-19 13:13:00,False,,False,,,2.945398090380134,3.2249010260084914,3.176070260529701,0.053290346239627695,0.011567760043664888,0.04172258619596281
PSNL,2024-07-19,2024-07-19 12:49:00,False,clean_breakout,previous_high_break_with_pullback_low_support_or_previous_resistance,3.2513,3.316,3.25,3.315,40466.0,35122.85,1.1521274611826775,0.9651515151515155,0.01515151515151352,0.01969696969697094,0.9848484848484865,2024-07-19 12:44:00,3.31,3.3,64596.0,33584.2,0.2712328767123278,2024-07-19 12:46:00,3.24,3.2699,0.9966666666666596,0.021148036253776387,0.001510574018126856,5.0,36.34992458521869,1.2049999999999996,4.52,2024-07-19 13:56:00,11.309200603318258,0.37490000000000023,3.6899,2024-07-19 13:18:00,True,26.0,False,,,2.9704172399347457,3.264631014561971,3.2220252909901257,0.051978682901821394,0.0006158964971146874,0.051362786404706706
PSNL,2024-07-19,2024-07-19 12:50:00,False,clean_breakout,previous_high_break_with_pullback_low_support_or_previous_resistance,3.32,3.4,3.3,3.37,94075.0,37627.95,2.5001362019456286,0.5000000000000022,0.29999999999999777,0.2,0.7000000000000022,2024-07-19 12:44:00,3.31,3.3,64596.0,33584.2,0.2712328767123278,2024-07-19 12:46:00,3.24,3.2699,0.9966666666666596,0.021148036253776387,0.018126888217522674,6.0,34.12462908011868,1.1499999999999995,4.52,2024-07-19 13:56:00,9.492581602373889,0.3199000000000001,3.6899,2024-07-19 13:18:00,False,,False,,,2.9835729600949636,3.285704811649577,3.2361181204196376,0.057474730950947794,0.004127180158162602,0.05334755079278519
PSNL,2024-07-19,2024-07-19 13:13:00,False,clean_breakout,previous_high_break_with_pullback_low_support_or_previous_resistance,3.4588,3.5588,3.4588,3.5588,82805.0,48824.9,1.6959584146613715,1.0,0.0,0.0,1.0,2024-07-19 13:09:00,3.52,3.4908,63790.0,52740.85,0.3649999999999983,2024-07-19 13:12:00,3.45,3.455,0.24999999999999445,0.01988636363636359,0.011022727272727321,4.0,27.009104192424395,0.9611999999999994,4.52,2024-07-19 13:56:00,13.802405305159033,0.49119999999999964,4.05,2024-07-19 13:42:00,True,26.0,False,,,3.10960856288776,3.4667947631033176,3.4123827424607027,0.06198664373053653,0.010055021205638719,0.05193162252489781
PSNL,2024-07-19,2024-07-19 13:51:00,False,clean_breakout,previous_high_break_with_pullback_low_support_or_previous_resistance,4.1188,4.22,4.0999,4.215,303817.0,178554.7,1.7015345997613056,0.8009991673605306,0.04163197335553621,0.15736885928393324,0.9583680266444637,2024-07-19 13:49:00,4.19,4.14,213693.0,169152.25,0.17166666666666483,2024-07-19 13:50:00,4.03,4.12,0.7499999999999981,0.03818615751789979,0.00596658711217171,2.0,7.236061684460254,0.3049999999999997,4.52,2024-07-19 13:56:00,7.236061684460254,0.3049999999999997,4.52,2024-07-19 13:56:00,False,,True,2024-07-19 13:58:00,3.7609,3.552317753961268,4.091966168603543,3.9677271441215276,0.1397286974918579,0.0184404818026572,0.1212882156892007
RKDA,2025-10-08,2025-10-08 14:01:00,False,clean_breakout,previous_high_break_with_pullback_low_support_or_previous_resistance,5.14,5.46,5.14,5.45,137898.0,52240.55,2.6396735868975343,0.9687500000000007,0.031249999999999306,0.0,0.9687500000000007,2025-10-08 13:58:00,5.29,5.175,95877.0,48034.0,0.5,2025-10-08 14:00:00,5.0,5.16,0.26315789473684065,0.054820415879017016,0.03024574669187148,3.0,23.119266055045866,1.2599999999999998,6.71,2025-10-08 14:14:00,23.119266055045866,1.2599999999999998,6.71,2025-10-08 14:14:00,True,7.0,False,,,4.8211842667563065,5.097231896273135,4.917470432724004,0.20038871771112543,0.04319584833264034,0.1571928693784851
QUBT,2024-12-18,2024-12-18 09:43:00,False,clean_breakout,previous_high_break_with_pullback_low_support_or_previous_resistance,21.15,22.77,21.0,22.34,1871993.0,1299135.15,1.440953237236326,0.6723163841807919,0.24293785310734453,0.08474576271186363,0.7570621468926555,2024-12-18 09:41:00,22.28,20.9799,2222664.0,1138639.15,0.03680981595092158,2024-12-18 09:42:00,20.5615,21.15,0.34216985763377666,0.07713195691202883,0.002692998204667806,2.0,21.530886302596233,4.809999999999999,27.15,2024-12-18 15:54:00,8.325872873769022,1.8599999999999994,24.2,2024-12-18 09:50:00,False,,False,,,19.760925565009835,20.950291622866903,20.20731948298622,0.6658108916610246,0.35254894895819766,0.3132619427028269
PNBK,2025-04-17,2025-04-17 15:03:00,False,clean_breakout,previous_high_break_with_pullback_low_support_or_previous_resistance,2.5006,2.58,2.5006,2.58,314.0,5684.85,0.05523452685646939,1.0,0.0,0.0,1.0,2025-04-17 14:57:00,2.55,2.5185,1257.0,5707.35,0.4000000000000018,2025-04-17 14:59:00,2.5099,2.54,0.0,0.015725490196078357,0.01176470588235304,6.0,41.86046511627907,1.08,3.66,2025-04-17 15:50:00,4.651162790697678,0.1200000000000001,2.7,2025-04-17 15:08:00,False,,True,2025-04-17 15:15:00,2.44,2.2801381859433465,2.5353519463529,2.4968127282517245,0.042181136611603165,0.005294548448173619,0.036886588163429546
PNBK,2025-04-17,2025-04-17 15:08:00,False,clean_breakout,previous_high_break_with_pullback_low_support_or_previous_resistance,2.5549,2.7,2.54,2.66,29887.0,7224.35,4.136981181698007,0.6568750000000007,0.25,0.09312499999999937,0.75,2025-04-17 15:05:00,2.6,2.6,1251.0,6144.7,0.0,2025-04-17 15:07:00,2.57,2.57,0.0,0.011538461538461635,0.023076923076923096,3.0,37.59398496240601,1.0,3.66,2025-04-17 15:50:00,1.5037593984962419,0.040000000000000036,2.7,2025-04-17 15:31:00,False,,True,2025-04-17 15:15:00,2.44,2.31615707968881,2.5847361257809185,2.539789505600221,0.05011007669063794,0.006098323250864207,0.04401175343977373
PNBK,2025-04-17,2025-04-17 15:50:00,False,clean_breakout,previous_high_break_with_pullback_low_support_or_previous_resistance,2.94,3.66,2.91,3.3562,69551.0,7892.65,8.812122671092727,0.5549333333333332,0.4050666666666671,0.03999999999999974,0.594933333333333,2025-04-17 15:48:00,2.84,2.8274,17259.0,5687.95,0.15749999999999917,2025-04-17 15:49:00,2.82,2.94,0.0,0.007042253521126767,0.1817605633802817,2.0,6.519277754603431,0.21880000000000033,3.575,2025-04-17 15:53:00,6.519277754603431,0.21880000000000033,3.575,2025-04-17 15:53:00,False,,True,2025-04-17 16:01:00,2.8,2.527235900608596,2.8973544166801295,2.777607874445317,0.10589388729751148,0.05933605818022608,0.0465578291172854
IPWR,2026-05-14,2026-05-14 15:58:00,False,clean_breakout,previous_high_break_with_pullback_low_support_or_previous_resistance,7.295,7.4,7.29,7.4,18175.0,4898.6,3.710243743110276,0.9545454545454557,0.0,0.04545454545454435,1.0,2026-05-14 15:56:00,7.38,7.35,9092.0,3586.2,0.0,2026-05-14 15:57:00,7.29,7.3248,0.4349999999999961,0.012195121951219494,0.002710027100271065,2.0,0.0,0.0,7.4,2026-05-14 16:16:00,0.0,0.0,7.4,2026-05-14 16:16:00,False,,True,2026-05-14 16:19:00,7.26,7.002611216131631,7.331049720220428,7.306775316644045,0.02695486516160983,0.005419247938713546,0.021535617222896285
CNCK,2025-12-01,2025-12-01 11:50:00,False,clean_breakout,previous_high_break_with_pullback_low_support_or_previous_resistance,3.84,3.99,3.83,3.99,200.0,816.8,0.2448579823702253,0.9375000000000013,0.0,0.06249999999999861,1.0,2025-12-01 11:46:00,3.91,3.81,2598.0,1280.45,0.7000000000000022,2025-12-01 11:49:00,3.89,3.9,0.09090909090908908,0.005115089514066501,0.020460358056266004,4.0,133.33333333333331,5.32,9.31,2025-12-01 15:41:00,23.30827067669172,0.9299999999999997,4.92,2025-12-01 12:03:00,True,11.0,True,2025-12-01 11:58:00,3.79,3.6084697736011626,3.8371058921934327,3.776375864391629,0.06706436439095587,0.016914831000319173,0.05014953339063669
CNCK,2025-12-01,2025-12-01 15:41:00,False,clean_breakout,previous_high_break_with_pullback_low_support_or_previous_resistance,8.5,9.31,8.5,9.21,256230.0,165719.2,1.5461696653133734,0.8765432098765438,0.12345679012345627,0.0,0.8765432098765438,2025-12-01 15:36:00,8.95,8.47,267929.0,147728.1,0.3088235294117635,2025-12-01 15:40:00,8.4,8.52,0.3749999999999972,0.061452513966480334,0.029050279329609116,5.0,1.0857763300760004,0.09999999999999964,9.31,2025-12-01 15:42:00,1.0857763300760004,0.09999999999999964,9.31,2025-12-01 15:42:00,False,,True,2025-12-01 15:47:00,8.28,7.07671067393961,8.64488753292386,8.334211397110458,0.3450975111261467,0.026340673339633802,0.3187568377865129
LWLG,2026-03-12,2026-03-12 12:47:00,False,clean_breakout,previous_high_break_with_pullback_low_support_or_previous_resistance,7.23,7.29,7.22,7.285,64099.0,47748.8,1.342421170793821,0.7857142857142785,0.07142857142856962,0.14285714285715193,0.9285714285714304,2026-03-12 12:44:00,7.27,7.24,85413.0,47765.8,0.40650406504064246,2026-03-12 12:45:00,7.21,7.2418,0.5000000000000111,0.008253094910591419,0.0020632737276479463,3.0,3.9121482498284164,0.28500000000000014,7.57,2026-03-12 19:59:00,3.6376115305422054,0.2649999999999997,7.55,2026-03-12 12:59:00,False,,True,2026-03-12 12:51:00,7.19,6.902493627275099,7.222967320966542,7.18121277290538,0.04279630024071146,0.013127220930730564,0.029669079309980896
PSNL,2024-07-19,2024-07-19 12:10:00,False,clean_breakout,previous_high_break_with_pullback_low_support_or_previous_resistance,2.97,3.03,2.96,3.01,54195.0,11089.4,4.8870993922123835,0.5714285714285668,0.28571428571428664,0.14285714285714649,0.7142857142857134,2024-07-19 11:50:00,3.0,2.9534,67633.0,14072.8,0.21244635193133,2024-07-19 11:53:00,2.91,2.92,0.4999999999999889,0.029999999999999954,0.0033333333333332624,20.0,50.16611295681063,1.5099999999999998,4.52,2024-07-19 13:56:00,8.305647840531561,0.25,3.26,2024-07-19 12:40:00,False,,False,,,2.801309786234469,2.966964681073656,2.9549310719570445,0.01545418210511329,-0.0001450852256200605,0.01559926733073335
PSNL,2024-07-19,2024-07-19 12:43:00,False,clean_breakout,previous_high_break_with_pullback_low_support_or_previous_resistance,3.2202,3.3099,3.2202,3.3099,49532.0,31174.05,1.5888856276293906,1.0,0.0,0.0,1.0,2024-07-19 12:41:00,3.2799,3.27,44457.0,27747.8,0.19839679358717452,2024-07-19 12:42:00,3.22,3.23,0.19999999999999646,0.018262751913168035,0.0091466203237903,2.0,36.56001691894014,1.2100999999999997,4.52,2024-07-19 13:56:00,7.5198646484788165,0.24890000000000034,3.5588,2024-07-19 13:13:00,False,,False,,,2.945398090380134,3.2249010260084914,3.176070260529701,0.053290346239627695,0.011567760043664888,0.04172258619596281
PSNL,2024-07-19,2024-07-19 12:49:00,False,clean_breakout,previous_high_break_with_pullback_low_support_or_previous_resistance,3.2513,3.316,3.25,3.315,40466.0,35122.85,1.1521274611826775,0.9651515151515155,0.01515151515151352,0.01969696969697094,0.9848484848484865,2024-07-19 12:44:00,3.31,3.3,64596.0,33584.2,0.2712328767123278,2024-07-19 12:46:00,3.24,3.2699,0.9966666666666596,0.021148036253776387,0.001510574018126856,5.0,36.34992458521869,1.2049999999999996,4.52,2024-07-19 13:56:00,11.309200603318258,0.37490000000000023,3.6899,2024-07-19 13:18:00,True,26.0,False,,,2.9704172399347457,3.264631014561971,3.2220252909901257,0.051978682901821394,0.0006158964971146874,0.051362786404706706
PSNL,2024-07-19,2024-07-19 12:50:00,False,clean_breakout,previous_high_break_with_pullback_low_support_or_previous_resistance,3.32,3.4,3.3,3.37,94075.0,37627.95,2.5001362019456286,0.5000000000000022,0.29999999999999777,0.2,0.7000000000000022,2024-07-19 12:44:00,3.31,3.3,64596.0,33584.2,0.2712328767123278,2024-07-19 12:46:00,3.24,3.2699,0.9966666666666596,0.021148036253776387,0.018126888217522674,6.0,34.12462908011868,1.1499999999999995,4.52,2024-07-19 13:56:00,9.492581602373889,0.3199000000000001,3.6899,2024-07-19 13:18:00,False,,False,,,2.9835729600949636,3.285704811649577,3.2361181204196376,0.057474730950947794,0.004127180158162602,0.05334755079278519
PSNL,2024-07-19,2024-07-19 13:13:00,False,clean_breakout,previous_high_break_with_pullback_low_support_or_previous_resistance,3.4588,3.5588,3.4588,3.5588,82805.0,48824.9,1.6959584146613715,1.0,0.0,0.0,1.0,2024-07-19 13:09:00,3.52,3.4908,63790.0,52740.85,0.3649999999999983,2024-07-19 13:12:00,3.45,3.455,0.24999999999999445,0.01988636363636359,0.011022727272727321,4.0,27.009104192424395,0.9611999999999994,4.52,2024-07-19 13:56:00,13.802405305159033,0.49119999999999964,4.05,2024-07-19 13:42:00,True,26.0,False,,,3.10960856288776,3.4667947631033176,3.4123827424607027,0.06198664373053653,0.010055021205638719,0.05193162252489781
PSNL,2024-07-19,2024-07-19 13:51:00,False,clean_breakout,previous_high_break_with_pullback_low_support_or_previous_resistance,4.1188,4.22,4.0999,4.215,303817.0,178554.7,1.7015345997613056,0.8009991673605306,0.04163197335553621,0.15736885928393324,0.9583680266444637,2024-07-19 13:49:00,4.19,4.14,213693.0,169152.25,0.17166666666666483,2024-07-19 13:50:00,4.03,4.12,0.7499999999999981,0.03818615751789979,0.00596658711217171,2.0,7.236061684460254,0.3049999999999997,4.52,2024-07-19 13:56:00,7.236061684460254,0.3049999999999997,4.52,2024-07-19 13:56:00,False,,True,2024-07-19 13:58:00,3.7609,3.552317753961268,4.091966168603543,3.9677271441215276,0.1397286974918579,0.0184404818026572,0.1212882156892007
QUBT,2024-12-16,2024-12-16 09:57:00,False,clean_breakout,previous_high_break_with_pullback_low_support_or_previous_resistance,7.6311,7.8,7.6311,7.8,281269.0,241890.15,1.1627964181261619,1.0,0.0,0.0,1.0,2024-12-16 09:55:00,7.77,7.675,270356.0,253379.65,0.29999999999999466,2024-12-16 09:56:00,7.64,7.64,0.0,0.016731016731016717,0.003861003861003893,2.0,57.43589743589743,4.4799999999999995,12.28,2024-12-16 13:27:00,5.641025641025646,0.4400000000000004,8.24,2024-12-16 10:27:00,False,,True,2024-12-16 10:13:00,7.63,7.306843999702187,7.631699663657143,7.506760463914142,0.14001117693709375,0.017274934495161487,0.12273624244193226
QUBT,2024-12-16,2024-12-16 10:31:00,False,clean_breakout,previous_high_break_with_pullback_low_support_or_previous_resistance,8.19,8.44,8.17,8.3399,424805.0,205971.6,2.062444531187795,0.5551851851851882,0.37074074074073915,0.07407407407407261,0.6292592592592609,2024-12-16 10:29:00,8.3,8.2999,187849.0,189492.3,0.001015228426411593,2024-12-16 10:30:00,8.17,8.174,0.03333333333332988,0.01566265060240973,0.0048072289156625755,2.0,47.24397175026078,3.9400999999999993,12.28,2024-12-16 13:27:00,4.557608604419724,0.38010000000000055,8.72,2024-12-16 11:01:00,False,,False,,,7.609074123569057,8.17391211440618,8.04624681856017,0.13902489127639317,0.0316528922393899,0.10737199903700327
QUBT,2024-12-16,2024-12-16 12:46:00,False,clean_breakout,previous_high_break_with_pullback_low_support_or_previous_resistance,10.18,10.42,10.1788,10.41,497616.0,445112.9,1.1179545683802918,0.9535655058043168,0.04145936981757803,0.004975124378105239,0.958540630182422,2024-12-16 12:42:00,10.35,10.1988,578424.0,387928.45,0.1309090909090933,2024-12-16 12:44:00,9.9,10.038,0.3209302325581395,0.04347826086956515,0.005797101449275411,4.0,17.963496637848213,1.8699999999999992,12.28,2024-12-16 13:27:00,5.0912584053794365,0.5299999999999994,10.94,2024-12-16 13:16:00,False,,True,2024-12-16 12:54:00,9.74,8.635459399885118,10.17142245638186,9.992920785254723,0.21000072053847774,0.010483527101595613,0.19951719343688212
KZIA,2025-11-25,2025-11-25 13:23:00,False,clean_breakout,previous_high_break_with_pullback_low_support_or_previous_resistance,9.37,9.65,9.37,9.65,11728.0,1509.35,7.770232219167192,1.0,0.0,0.0,1.0,2025-11-25 13:18:00,9.4,9.28,9353.0,987.95,0.8571428571428608,2025-11-25 13:21:00,9.37,9.38,1.0,0.0031914893617022485,0.026595744680851064,5.0,49.4300518134715,4.77,14.42,2025-11-25 15:46:00,0.7253886010362723,0.07000000000000028,9.72,2025-11-25 13:52:00,False,,True,2025-11-25 13:28:00,9.35,9.11950037053001,9.324026792665961,9.243125319758235,0.07093886658655535,0.03871988234844979,0.03221898423810556
PEPG,2025-02-27,2025-02-27 10:54:00,False,clean_breakout,previous_high_break_with_pullback_low_support_or_previous_resistance,1.8276,1.9,1.8276,1.8799,47534.0,7601.2,6.253486291638162,0.7223756906077348,0.27762430939226523,0.0,0.7223756906077348,2025-02-27 10:52:00,1.8396,1.8176,650.0,5430.8,0.8909090909090919,2025-02-27 10:53:00,1.79,1.81,0.4,0.026962383126766618,0.021906936290497937,2.0,64.90238842491624,1.2201000000000002,3.1,2025-02-27 17:29:00,3.7289217511569794,0.07010000000000005,1.95,2025-02-27 10:57:00,False,,False,,,1.6874034060228895,1.8138318547744825,1.780324066444257,0.037972686245566045,0.004452698763182397,0.03351998748238365
PEPG,2025-02-27,2025-02-27 12:30:00,False,clean_breakout,previous_high_break_with_pullback_low_support_or_previous_resistance,2.0101,2.07,2.0101,2.07,59702.0,11062.7,5.396693393113797,1.0,0.0,0.0,1.0,2025-02-27 12:28:00,2.05,2.0207,41196.0,8646.2,0.3906666666666635,2025-02-27 12:29:00,2.01,2.0193,0.26571428571428707,0.019512195121951237,0.009756097560975618,2.0,49.75845410628021,1.0300000000000002,3.1,2025-02-27 17:29:00,7.246376811594221,0.15000000000000036,2.22,2025-02-27 12:48:00,False,,True,2025-02-27 12:37:00,1.97,1.8531827293162064,2.0029086349231138,1.9799879379070102,0.024121530933262747,0.006714324362901161,0.017407206570361586
PEPG,2025-02-27,2025-02-27 12:34:00,False,clean_breakout,previous_high_break_with_pullback_low_support_or_previous_resistance,2.069,2.12,2.06,2.12,57256.0,23459.8,2.4406005166284452,0.8500000000000019,0.0,0.14999999999999816,1.0,2025-02-27 12:32:00,2.08,2.075,25988.0,15297.15,0.19999999999999646,2025-02-27 12:33:00,2.06,2.06,0.0,0.009615384615384623,0.019230769230769246,2.0,46.226415094339615,0.98,3.1,2025-02-27 17:29:00,8.490566037735835,0.17999999999999972,2.3,2025-02-27 13:03:00,False,,True,2025-02-27 12:37:00,1.97,1.8870604804486384,2.050576336864508,2.0132961330720196,0.037700672367221966,0.013417732803647511,0.024282939563574454
PEPG,2025-02-27,2025-02-27 15:58:00,False,clean_breakout,previous_high_break_with_pullback_low_support_or_previous_resistance,2.405,2.51,2.4,2.5001,447959.0,97312.35,4.603310885000722,0.8645454545454592,0.08999999999999625,0.04545454545454454,0.9100000000000038,2025-02-27 15:56:00,2.45,2.41,171304.0,77175.0,0.0,2025-02-27 15:57:00,2.4,2.405,0.25641025641024706,0.02040816326530623,0.020448979591836745,2.0,23.995040198392058,0.5998999999999999,3.1,2025-02-27 17:29:00,19.19523219071236,0.47989999999999977,2.98,2025-02-27 16:03:00,True,4.0,False,,,2.239771925000667,2.4088114326327394,2.3658230959617765,0.04045330508235567,0.014051914621503452,0.02640139046085222
BMNR,2025-07-03,2025-07-03 10:00:00,False,clean_breakout,previous_high_break_with_pullback_low_support_or_previous_resistance,70.8,73.86,70.0,73.32,244357.0,120567.6,2.026721938563926,0.6528497409326416,0.13989637305699645,0.207253886010362,0.8601036269430036,2025-07-03 09:55:00,72.0,70.82,150488.0,118800.95,0.5444444444444475,2025-07-03 09:57:00,68.51,69.96,0.7397959183673435,0.04847222222222215,0.01833333333333324,5.0,119.58537915984726,87.68,161.0,2025-07-03 12:37:00,21.385706492089483,15.680000000000007,89.0,2025-07-03 10:14:00,True,5.0,False,,,65.39930604647914,70.03019309038217,67.66296647876015,2.6347004769782387,0.4061793355562613,2.2285211414219774
BMNR,2025-07-03,2025-07-03 10:02:00,False,clean_breakout,previous_high_break_with_pullback_low_support_or_previous_resistance,74.96,79.77,73.14,79.06,236738.0,133465.15,1.7737813953680044,0.6184012066365024,0.10708898944192975,0.27450980392156776,0.8929110105580702,2025-07-03 10:00:00,73.86,73.32,244357.0,120567.6,0.13989637305699645,2025-07-03 10:01:00,73.01,74.96,0.17270194986072207,0.011508258868128816,0.07040346601678855,2.0,103.64280293448014,81.94,161.0,2025-07-03 12:37:00,12.572729572476597,9.939999999999998,89.0,2025-07-03 10:14:00,True,11.0,False,,,66.65411420511025,72.6249235778446,69.37716757104856,3.38547031454344,0.8007421048653112,2.5847282096781288
BMNR,2025-07-03,2025-07-03 10:13:00,False,clean_breakout,previous_high_break_with_pullback_low_support_or_previous_resistance,81.5,88.7,81.06,86.5,348463.0,196120.6,1.776779185868287,0.6544502617801047,0.28795811518324643,0.057591623036648915,0.7120418848167536,2025-07-03 10:05:00,84.0,83.64,332210.0,147392.85,0.05546995377503848,2025-07-03 10:06:00,77.51,78.28,0.11882716049382673,0.0772619047619047,0.02976190476190476,8.0,86.1271676300578,74.5,161.0,2025-07-03 12:37:00,18.497109826589593,16.0,102.5,2025-07-03 10:43:00,True,21.0,False,,,71.76095656738786,80.95211630514686,77.21249721501918,4.381108607148462,0.14629639815329298,4.234812208995169
BMNR,2025-07-03,2025-07-03 12:29:00,False,clean_breakout,previous_high_break_with_pullback_low_support_or_previous_resistance,128.35,141.25,128.0,141.25,342354.0,112200.35,3.0512739042257886,0.9735849056603778,0.0,0.026415094339622212,1.0,2025-07-03 12:27:00,132.99,129.44,246325.0,96740.25,0.45454545454545586,2025-07-03 12:28:00,124.0,128.29,0.7857142857142831,0.06759906759906767,0.06210993307767494,2.0,13.982300884955754,19.75,161.0,2025-07-03 12:37:00,13.982300884955754,19.75,161.0,2025-07-03 12:37:00,True,7.0,False,,,95.61954287574572,126.81612612321624,121.22995791867196,5.351229157206774,2.23780807317418,3.113421084032594
TPET,2026-03-05,2026-03-05 12:53:00,False,clean_breakout,previous_high_break_with_pullback_low_support_or_previous_resistance,1.6517,1.69,1.64,1.685,650979.0,535025.95,1.2167241607626698,0.6660000000000016,0.09999999999999779,0.23400000000000068,0.9000000000000022,2026-03-05 12:49:00,1.67,1.655,885631.0,552996.7,0.21399999999999939,2026-03-05 12:52:00,1.64,1.6599,0.0,0.017964071856287442,0.008982035928143787,4.0,48.36795252225519,0.815,2.5,2026-03-05 14:13:00,12.759643916913937,0.21499999999999986,1.9,2026-03-05 13:18:00,True,8.0,False,,,1.3321389563060864,1.6438965568333053,1.6175846543103412,0.027868133245547932,0.0075500404807035786,0.020318092764844354
TPET,2026-03-05,2026-03-05 12:55:00,False,clean_breakout,previous_high_break_with_pullback_low_support_or_previous_resistance,1.68,1.735,1.672,1.73,1111759.0,569562.9,1.9519512243511647,0.7936507936507923,0.07936507936508098,0.12698412698412676,0.920634920634919,2026-03-05 12:53:00,1.69,1.685,650979.0,535025.95,0.09999999999999779,2026-03-05 12:54:00,1.64,1.68,0.8,0.029585798816568074,0.023668639053254458,2.0,44.50867052023121,0.77,2.5,2026-03-05 14:13:00,9.826589595375719,0.16999999999999993,1.9,2026-03-05 13:18:00,False,,False,,,1.337175159968887,1.6668937963733157,1.6336690707619796,0.034225262108810384,0.009338947465738871,0.024886314643071512
TPET,2026-03-05,2026-03-05 14:10:00,False,clean_breakout,previous_high_break_with_pullback_low_support_or_previous_resistance,2.29,2.39,2.27,2.3881,2630169.0,1603905.05,1.6398533067777297,0.8174999999999999,0.015833333333333425,0.16666666666666666,0.9841666666666665,2026-03-05 14:08:00,2.3,2.29,2064274.0,1533906.55,0.2079002079002043,2026-03-05 14:09:00,2.27,2.285,0.5000000000000074,0.013043478260869481,0.03830434782608708,2.0,4.685733428248393,0.11189999999999989,2.5,2026-03-05 14:13:00,4.685733428248393,0.11189999999999989,2.5,2026-03-05 14:13:00,False,,True,2026-03-05 14:13:00,2.26,1.5841535334900303,2.2623632826850018,2.1946643973002904,0.07824196404081141,0.0066897700655749875,0.07155219397523642
NUAI,2025-10-09,2025-10-09 09:50:00,False,clean_breakout,previous_high_break_with_pullback_low_support_or_previous_resistance,1.6131,1.65,1.6131,1.6489,126730.0,37495.9,3.379836195424033,0.9701897018970222,0.029810298102977802,0.0,0.9701897018970222,2025-10-09 09:48:00,1.61,1.61,19673.0,34145.0,0.0,2025-10-09 09:49:00,1.61,1.62,0.0,0.0,0.024161490683229772,2.0,92.85584328946571,1.5311000000000001,3.18,2025-10-09 14:05:00,15.228334040875726,0.2510999999999999,1.9,2025-10-09 10:19:00,True,18.0,False,,,1.5952306938730105,1.6080615402329228,1.596659922542008,0.011165808288657875,0.0032780831441051803,0.007887725144552694
NUAI,2025-10-09,2025-10-09 10:54:00,False,clean_breakout,previous_high_break_with_pullback_low_support_or_previous_resistance,2.0112,2.09,2.0,2.075,982057.0,234087.7,4.195252463072601,0.7088888888888909,0.16666666666666338,0.12444444444444573,0.8333333333333366,2025-10-09 10:52:00,1.99,1.985,131012.0,179144.45,0.06500000000000389,2025-10-09 10:53:00,1.98,2.01,0.0,0.005025125628140708,0.042713567839196075,2.0,53.25301204819276,1.105,3.18,2025-10-09 14:05:00,1.2048192771084292,0.02499999999999991,2.1,2025-10-09 10:55:00,False,,True,2025-10-09 11:02:00,1.97,1.8435062047509296,1.9901361262514328,1.950710261012561,0.041981605093240004,0.009159833738788176,0.03282177135445183
NUAI,2025-10-09,2025-10-09 11:55:00,False,clean_breakout,previous_high_break_with_pullback_low_support_or_previous_resistance,2.18,2.25,2.18,2.2399,526648.0,237493.25,2.21752828764607,0.8557142857142854,0.14428571428571457,0.0,0.8557142857142854,2025-10-09 11:51:00,2.2,2.1892,295103.0,211890.1,0.16666666666667654,2025-10-09 11:54:00,2.17,2.185,0.17500000000001387,0.013636363636363748,0.018136363636363555,4.0,41.97062368855754,0.9401000000000002,3.18,2025-10-09 14:05:00,10.272780034822992,0.2301000000000002,2.47,2025-10-09 12:24:00,True,29.0,False,,,1.9486992719100664,2.1864133608600693,2.1482521644888495,0.04449277076717184,0.0020472342432234086,0.04244553652394843
NUAI,2025-10-09,2025-10-09 12:02:00,False,clean_breakout,previous_high_break_with_pullback_low_support_or_previous_resistance,2.2812,2.34,2.27,2.3285,557569.0,336500.8,1.6569618853803616,0.6757142857142858,0.16428571428571243,0.16000000000000178,0.8357142857142875,2025-10-09 11:59:00,2.3,2.2801,655992.0,306061.15,0.6633333333333312,2025-10-09 12:01:00,2.25,2.29,0.22999999999999668,0.021739130434782532,0.012391304347826171,3.0,36.5686063989693,0.8515000000000001,3.18,2025-10-09 14:05:00,14.236633025552937,0.33150000000000013,2.66,2025-10-09 12:28:00,True,26.0,True,2025-10-09 12:14:00,2.22,1.9825548984051338,2.2612917376554424,2.2117540518289056,0.05610398785682147,0.007282467742844488,0.04882152011397698
NUAI,2025-10-09,2025-10-09 12:08:00,False,clean_breakout,previous_high_break_with_pullback_low_support_or_previous_resistance,2.2801,2.355,2.28,2.35,487061.0,338007.4,1.4409773277153102,0.9319999999999987,0.06666666666666508,0.001333333333336144,0.9333333333333349,2025-10-09 12:02:00,2.34,2.3285,557569.0,336500.8,0.16428571428571243,2025-10-09 12:05:00,2.26,2.2989,0.5500000000000056,0.03418803418803422,0.004273504273504373,6.0,35.319148936170215,0.8300000000000001,3.18,2025-10-09 14:05:00,13.19148936170213,0.31000000000000005,2.66,2025-10-09 12:28:00,True,20.0,True,2025-10-09 12:14:00,2.22,2.0023446182937055,2.294956758875949,2.2530218946780924,0.051885583330408824,-0.00048540614062390214,0.052370989471032726
PLYX,2026-03-13,2026-03-13 10:39:00,False,clean_breakout,previous_high_break_with_pullback_low_support_or_previous_resistance,5.45,5.6,5.45,5.55,14550.0,8418.75,1.7282850779510022,0.6666666666666666,0.3333333333333333,0.0,0.6666666666666666,2026-03-13 10:35:00,5.54,5.51,32296.0,7527.2,0.14285714285713924,2026-03-13 10:38:00,5.4,5.45,0.714285714285718,0.025270758122743625,0.0018050541516245102,4.0,27.74774774774775,1.54,7.09,2026-03-13 14:59:00,8.10810810810811,0.4500000000000002,6.0,2026-03-13 10:50:00,False,,False,,,5.090961050651947,5.456541601273391,5.330095313437741,0.16415745476656873,-0.01309473007845896,0.1772521848450277
PLYX,2026-03-13,2026-03-13 14:32:00,False,clean_breakout,previous_high_break_with_pullback_low_support_or_previous_resistance,6.78,7.06,6.75,7.03,125954.0,41839.95,3.010376446434568,0.8064516129032269,0.09677419354838515,0.09677419354838802,0.9032258064516149,2026-03-13 14:30:00,6.84,6.8,50856.0,34454.0,0.5,2026-03-13 14:31:00,6.72,6.78,0.7500000000000056,0.017543859649122823,0.027777777777777835,2.0,0.8534850640113741,0.05999999999999961,7.09,2026-03-13 14:59:00,0.8534850640113741,0.05999999999999961,7.09,2026-03-13 14:59:00,False,,False,,,6.040555854099726,6.741142935154528,6.516317385009948,0.22932097517006067,0.04978792781596397,0.1795330473540967
INDO,2024-08-12,2024-08-12 11:11:00,False,clean_breakout,previous_high_break_with_pullback_low_support_or_previous_resistance,3.591,3.73,3.591,3.6799,394391.0,39294.7,10.036747958376067,0.6395683453237402,0.36043165467625976,0.0,0.6395683453237402,2024-08-12 11:09:00,3.61,3.59,14157.0,20546.05,0.014999999999987232,2024-08-12 11:10:00,3.59,3.5988,0.10000000000003109,0.005540166204986155,0.019362880886426615,2.0,32.8840457621131,1.2100999999999997,4.89,2024-08-12 14:39:00,14.677029267099645,0.5400999999999998,4.22,2024-08-12 11:39:00,True,24.0,False,,,3.48854374031762,3.5938759874842185,3.558194086121736,0.03918445283545058,0.005619508690877517,0.03356494414457306
EDSA,2026-03-06,2026-03-06 11:12:00,False,clean_breakout,previous_high_break_with_pullback_low_support_or_previous_resistance,4.58,4.7309,4.58,4.72,53381.0,19014.4,2.8073986031639175,0.9277667329357167,0.0722332670642833,0.0,0.9277667329357167,2026-03-06 10:58:00,4.6477,4.62,55423.0,11002.25,0.18754231550440223,2026-03-06 11:05:00,4.42,4.485,0.5416666666666694,0.04899197452503398,0.015556081502678606,14.0,69.49152542372882,3.2800000000000002,8.0,2026-03-06 16:03:00,6.991525423728816,0.33000000000000007,5.05,2026-03-06 11:36:00,False,,False,,,4.2386619672178325,4.588844167083265,4.522975245370885,0.07587855071341743,0.006747387970269303,0.06913116274314812
EDSA,2026-03-06,2026-03-06 11:15:00,False,clean_breakout,previous_high_break_with_pullback_low_support_or_previous_resistance,4.67,4.82,4.66,4.79,29829.0,19933.35,1.4964368758889,0.75,0.1875000000000014,0.06249999999999861,0.8124999999999987,2026-03-06 11:13:00,4.74,4.68,37937.0,20841.25,0.2503128911138972,2026-03-06 11:14:00,4.66,4.71,0.0,0.016877637130801704,0.010548523206751016,2.0,67.01461377870564,3.21,8.0,2026-03-06 16:03:00,5.427974947807929,0.2599999999999998,5.05,2026-03-06 11:36:00,False,,False,,,4.262433169863234,4.660128213546632,4.576763546917061,0.09171503660256253,0.016444554665814487,0.07527048193674804
RILY,2025-02-24,2025-02-24 11:15:00,False,clean_breakout,previous_high_break_with_pullback_low_support_or_previous_resistance,4.19,4.27,4.18,4.27,58329.0,25335.9,2.3022272743419414,0.8888888888888812,0.0,0.1111111111111188,1.0,2025-02-24 11:12:00,4.19,4.17,61843.0,22196.0,0.33333333333333826,2025-02-24 11:14:00,4.14,4.19,0.5,0.011933174224343843,0.019093078758949684,3.0,23.653395784543342,1.0100000000000007,5.28,2025-02-24 12:51:00,13.34894613583139,0.5700000000000003,4.84,2025-02-24 11:24:00,True,5.0,False,,,3.8734625913739555,4.16248660736793,4.105239835158537,0.059628595693157926,0.016165449438367646,0.04346314625479028
RILY,2025-02-24,2025-02-24 11:20:00,False,clean_breakout,previous_high_break_with_pullback_low_support_or_previous_resistance,4.39,4.75,4.36,4.71,368265.0,61376.85,6.000063541872873,0.8205128205128219,0.10256410256410274,0.07692307692307535,0.8974358974358972,2025-02-24 11:18:00,4.41,4.35,65775.0,39327.5,0.20000000000000356,2025-02-24 11:19:00,4.34,4.38,0.12500000000000278,0.015873015873015938,0.06802721088435369,2.0,12.101910828025483,0.5700000000000003,5.28,2025-02-24 12:51:00,2.760084925690019,0.1299999999999999,4.84,2025-02-24 11:24:00,False,,True,2025-02-24 11:40:00,4.11,4.039998400942412,4.3647412115023245,4.237537654087453,0.12222125413435059,0.04692813436425046,0.07529311977010013
AIXI,2026-04-23,2026-04-23 09:44:00,False,clean_breakout,previous_high_break_with_pullback_low_support_or_previous_resistance,1.17,1.24,1.17,1.24,913356.0,463943.75,1.9686783149896943,1.0,0.0,0.0,1.0,2026-04-23 09:41:00,1.23,1.18,1976129.0,351942.55,0.6666666666666666,2026-04-23 09:43:00,1.17,1.17,0.0,0.04878048780487809,0.008130081300813016,3.0,12.903225806451607,0.15999999999999992,1.4,2026-04-23 10:02:00,12.903225806451607,0.15999999999999992,1.4,2026-04-23 10:02:00,True,18.0,False,,,1.1024710349392237,1.165726634355956,1.1174713418608282,0.04895604401802012,0.013042458167120997,0.03591358585089912
AIXI,2026-04-23,2026-04-23 10:01:00,False,clean_breakout,previous_high_break_with_pullback_low_support_or_previous_resistance,1.3,1.35,1.29,1.345,1872185.0,851725.5,2.198108428126198,0.7499999999999981,0.08333333333333519,0.16666666666666666,0.9166666666666649,2026-04-23 09:58:00,1.32,1.2837,800061.0,858545.95,0.2,2026-04-23 09:59:00,1.26,1.27,0.3333333333333333,0.04545454545454549,0.01893939393939387,3.0,4.0892193308550135,0.05499999999999994,1.4,2026-04-23 10:02:00,4.0892193308550135,0.05499999999999994,1.4,2026-04-23 10:02:00,False,,True,2026-04-23 10:09:00,1.24,1.1826430288382963,1.2831059607255844,1.237772126717695,0.052926662861693785,0.005374583601156009,0.047552079260537776
RZLV,2024-12-17,2024-12-17 11:15:00,False,clean_breakout,previous_high_break_with_pullback_low_support_or_previous_resistance,2.82,2.94,2.82,2.9299,283173.0,131623.7,2.1513830715896907,0.9158333333333334,0.08416666666666657,0.0,0.9158333333333334,2024-12-17 11:12:00,2.89,2.879,226516.0,94065.95,0.18363939899833168,2024-12-17 11:13:00,2.77,2.869,0.9900000000000011,0.041522491349481,0.013806228373702361,3.0,36.52343083381685,1.0701,4.0,2024-12-17 13:17:00,4.7441892214751435,0.13900000000000023,3.0689,2024-12-17 11:22:00,False,,True,2024-12-17 11:28:00,2.73,2.530948089988276,2.812545939068267,2.7425956031272287,0.0653519967095022,0.029175490694298978,0.036176506015203225
LVWR,2025-06-04,2025-06-04 12:00:00,False,clean_breakout,previous_high_break_with_pullback_low_support_or_previous_resistance,4.28,4.3484,4.28,4.3484,18672.0,4568.5,4.087118310167451,1.0,0.0,0.0,1.0,2025-06-04 11:55:00,4.31,4.2902,7853.0,2814.4,0.4201680672268889,2025-06-04 11:59:00,4.26,4.28,1.0,0.0116009280742459,0.008909512761020932,5.0,35.68208996412475,1.5516000000000005,5.9,2025-06-04 16:00:00,8.085732683285816,0.35160000000000036,4.7,2025-06-04 12:15:00,False,,False,,,4.186250497876614,4.282570003982678,4.252621563538979,0.03211787635228447,0.005914331779582619,0.02620354457270185
MTVA,2026-05-20,2026-05-20 10:46:00,False,clean_breakout,previous_high_break_with_pullback_low_support_or_previous_resistance,2.5291,2.74,2.51,2.74,430286.0,160714.35,2.6773340401774948,0.9169565217391291,0.0,0.08304347826087088,1.0,2026-05-20 10:44:00,2.73,2.685,567426.0,95484.85,0.24324324324324278,2026-05-20 10:45:00,2.49,2.5208,0.12946616225304644,0.08791208791208782,0.0036630036630037476,2.0,12.408759124087585,0.33999999999999986,3.08,2026-05-20 10:51:00,12.408759124087585,0.33999999999999986,3.08,2026-05-20 10:51:00,True,5.0,False,,,2.2027665838901993,2.505227680095442,2.3862678217533055,0.10999561553631354,0.05226719860218362,0.05772841693412992
FJET,2025-12-22,2025-12-22 10:31:00,False,clean_breakout,previous_high_break_with_pullback_low_support_or_previous_resistance,10.91,11.42,10.8,11.41,183999.0,106756.0,1.7235471542583087,0.8064516129032269,0.016129032258064193,0.177419354838709,0.9838709677419358,2025-12-22 10:28:00,11.33,11.16,173821.0,95255.6,0.12500000000000092,2025-12-22 10:29:00,10.63,11.08,0.7894736842105271,0.06178287731685784,0.007060900264783766,3.0,198.8606485539001,22.69,34.1,2025-12-22 16:00:00,7.887817703768627,0.9000000000000004,12.31,2025-12-22 10:47:00,False,,False,,,9.612040850056253,10.76624747542431,10.255709884293072,0.5189908654174609,0.17871271287595247,0.3402781525415084
FJET,2025-12-22,2025-12-22 11:39:00,False,clean_breakout,previous_high_break_with_pullback_low_support_or_previous_resistance,13.39,14.2,13.33,14.12,155231.0,79682.55,1.9481178752437014,0.8390804597701141,0.09195402298850591,0.06896551724137995,0.9080459770114941,2025-12-22 11:22:00,14.0,13.8,164316.0,109386.2,0.3124999999999986,2025-12-22 11:24:00,12.64,12.87,0.26744186046511487,0.0971428571428571,0.008571428571428516,17.0,141.50141643059493,19.980000000000004,34.1,2025-12-22 16:00:00,16.713881019830037,2.360000000000001,16.48,2025-12-22 11:48:00,True,7.0,False,,,11.144546066362775,13.425816111455674,13.217393576338825,0.26064665942614873,0.02624073305009786,0.23440592637605087
FJET,2025-12-22,2025-12-22 15:28:00,False,clean_breakout,previous_high_break_with_pullback_low_support_or_previous_resistance,24.41,26.4,24.28,25.52,400688.0,158143.15,2.5337044317126605,0.5235849056603777,0.41509433962264153,0.06132075471698074,0.5849056603773585,2025-12-22 15:18:00,25.44,24.7,213977.0,156006.25,0.521126760563381,2025-12-22 15:21:00,23.08,23.6,0.5416666666666694,0.0927672955974844,0.0031446540880502474,10.0,33.62068965517242,8.580000000000002,34.1,2025-12-22 16:00:00,23.275862068965523,5.940000000000001,31.46,2025-12-22 15:56:00,True,18.0,False,,,16.220838715905813,24.220305198370593,23.676178174772645,0.7099629039951552,-0.04937019648030305,0.7593331004754582
FJET,2025-12-22,2025-12-22 15:56:00,False,clean_breakout,previous_high_break_with_pullback_low_support_or_previous_resistance,29.2,31.46,29.15,31.46,339863.0,167508.3,2.0289322976831596,0.9783549783549781,0.0,0.021645021645021932,1.0,2025-12-22 15:48:00,29.34,29.19,328401.0,151718.0,0.10416666666666559,2025-12-22 15:52:00,27.23,27.85,0.7126436781609199,0.07191547375596453,0.07225630538513977,8.0,8.391608391608393,2.6400000000000006,34.1,2025-12-22 16:00:00,8.391608391608393,2.6400000000000006,34.1,2025-12-22 16:00:00,False,,True,2025-12-22 16:05:00,27.22,17.419413557881146,28.98458049542282,27.837206143508112,1.2866254587367578,0.1464397451923276,1.1401857135444302
NAAS,2024-07-18,2024-07-18 09:37:00,False,clean_breakout,previous_high_break_with_pullback_low_support_or_previous_resistance,91.04,98.72,91.04,98.72,4787.1875,896.121875,5.342116550831883,1.0,0.0,0.0,1.0,2024-07-18 09:35:00,92.32,89.44,3054.625,619.2875,0.5772972972972974,2024-07-18 09:36:00,88.0,89.9984,0.6,0.04679376083188901,0.06932409012131723,2.0,47.163695299837926,46.56,145.28,2024-07-18 16:30:00,5.348460291734199,5.280000000000001,104.0,2024-07-18 09:43:00,False,,True,2024-07-18 09:57:00,86.56,89.26128677661063,89.50525452464127,87.13305197047715,1.9713840300524055,1.350484063892682,0.6208999661597235
NAAS,2024-07-18,2024-07-18 11:52:00,False,clean_breakout,previous_high_break_with_pullback_low_support_or_previous_resistance,115.5216,122.72,114.08,122.4,23329.375,11176.653125,2.0873310407940213,0.796111111111111,0.037037037037036244,0.16685185185185278,0.9629629629629638,2024-07-18 11:47:00,119.84,117.44,12018.8125,11005.0625,0.7500000000000011,2024-07-18 11:48:00,114.88,116.16,0.3636363636363629,0.04138851802403211,0.021361815754339136,5.0,18.692810457516334,22.879999999999995,145.28,2024-07-18 16:30:00,6.143790849673188,7.519999999999982,129.92,2024-07-18 12:02:00,False,,True,2024-07-18 12:13:00,114.56,104.8909104600774,117.35509713757821,114.80871295877824,2.996260714486894,0.07990700575833376,2.9163537087285603
GME,2024-06-06,2024-06-06 12:13:00,False,clean_breakout,previous_high_break_with_pullback_low_support_or_previous_resistance,33.87,34.22,33.81,34.2,415009.0,117554.4,3.5303570091804306,0.8048780487805077,0.04878048780486875,0.1463414634146236,0.9512195121951312,2024-06-06 12:11:00,33.96,33.78,121617.0,96866.4,0.6153846153846343,2024-06-06 12:12:00,33.61,33.84,0.6800000000000068,0.010306242638398157,0.007067137809187337,2.0,97.36842105263156,33.3,67.5,2024-06-06 19:42:00,3.011695906432731,1.029999999999994,35.23,2024-06-06 12:41:00,False,,True,2024-06-06 12:26:00,33.51,32.94120861364268,33.83547791347825,33.67314672320145,0.1643908037388755,0.043587191304765655,0.12080361243410984
GME,2024-06-06,2024-06-06 13:36:00,False,clean_breakout,previous_high_break_with_pullback_low_support_or_previous_resistance,39.88,41.64,39.84,41.64,1526294.0,656942.55,2.323329490531554,0.9777777777777782,0.0,0.022222222222221782,1.0,2024-06-06 13:34:00,39.74,39.7,650353.0,570448.15,0.07692307692307482,2024-06-06 13:35:00,39.46,39.93,0.5000000000000074,0.007045797684952218,0.04781077000503267,2.0,62.10374639769453,25.86,67.5,2024-06-06 19:42:00,6.652257444764639,2.769999999999996,44.41,2024-06-06 13:44:00,False,,True,2024-06-06 13:57:00,39.03,34.95590413771734,39.6498750702514,38.71864136182832,0.9800064245256266,0.23703735216733746,0.7429690723582891
DDC,2024-06-12,2024-06-12 10:37:00,False,clean_breakout,previous_high_break_with_pullback_low_support_or_previous_resistance,37.125,40.9975,36.5,39.025,55296.2,27344.106000000007,2.0222347002311936,0.42245692051139466,0.4385769872151201,0.1389660922734852,0.5614230127848799,2024-06-12 10:33:00,39.0,37.625,47936.44,25851.1,0.25,2024-06-12 10:34:00,35.75,36.75,0.5,0.08333333333333333,0.0006410256410256046,4.0,62.07559256886612,24.225,63.25,2024-06-12 11:19:00,39.65406790518899,15.475000000000001,54.5,2024-06-12 11:02:00,True,14.0,True,2024-06-12 10:38:00,35.5025,32.60548980910459,36.81799297790248,35.15375530763908,2.03404290853495,0.2324788961877693,1.8015640123471806
DDC,2024-06-12,2024-06-12 10:54:00,False,clean_breakout,previous_high_break_with_pullback_low_support_or_previous_resistance,42.5,46.25,42.0,45.5,36650.6,26906.798,1.362131607038489,0.7058823529411765,0.17647058823529413,0.11764705882352941,0.8235294117647058,2024-06-12 10:52:00,45.0,45.0,43699.8,27234.99,0.0,2024-06-12 10:53:00,42.0,42.5225,0.17416666666666694,0.06666666666666667,0.011111111111111112,2.0,39.010989010989015,17.75,63.25,2024-06-12 11:19:00,39.010989010989015,17.75,63.25,2024-06-12 11:19:00,True,8.0,False,,,34.634454319006956,41.93402735752715,39.6467101447208,2.4444321339435717,0.7026099751454442,1.7418221587981275
RMSG,2026-04-16,2026-04-16 11:15:00,False,clean_breakout,previous_high_break_with_pullback_low_support_or_previous_resistance,2.4191,2.75,2.4191,2.64,697012.0,156487.1,4.454117943268167,0.6675732849803572,0.3324267150196428,0.0,0.6675732849803572,2026-04-16 11:08:00,2.46,2.4314,346067.0,103457.2,0.1682352941176469,2026-04-16 11:09:00,2.26,2.33,0.3888888888888901,0.08130081300813015,0.07317073170731714,7.0,26.89393939393939,0.71,3.35,2026-04-16 11:29:00,26.89393939393939,0.71,3.35,2026-04-16 11:29:00,True,3.0,False,,,2.2116669475646336,2.4110413299273175,2.290734295945422,0.13244828018073918,0.019766763399058945,0.11268151678168023
KOSS,2024-07-03,2024-07-03 13:51:00,False,clean_breakout,previous_high_break_with_pullback_low_support_or_previous_resistance,12.4701,13.1597,12.4701,13.13,77896.0,51798.0,1.5038418471755666,0.9569315545243618,0.04306844547563811,0.0,0.9569315545243618,2024-07-03 13:45:00,13.1299,12.85,47710.0,45778.65,0.6362534101242808,2024-07-03 13:48:00,12.15,12.3999,0.4544462629569024,0.07463118530986519,7.616204236250338e-06,6.0,0.4569687738004472,0.05999999999999872,13.19,2024-07-03 13:52:00,0.4569687738004472,0.05999999999999872,13.19,2024-07-03 13:52:00,False,,True,2024-07-03 13:58:00,12.1,9.72494005731754,12.633222050059288,12.228881268571937,0.46986197798865703,-0.008241431785147635,0.47810340977380467
RDHL,2024-08-01,2024-08-01 12:05:00,False,clean_breakout,previous_high_break_with_pullback_low_support_or_previous_resistance,15.7975,16.2925,15.7575,16.145,90288.8,28304.665999999997,3.1898910236213354,0.649532710280374,0.2757009345794408,0.0747663551401853,0.7242990654205592,2024-08-01 12:01:00,15.96,15.91,48387.6,24355.518000000004,0.0680272108843546,2024-08-01 12:03:00,15.4575,15.7175,0.5252525252525237,0.031484962406015116,0.011591478696741774,4.0,26.974295447506975,4.355,20.5,2024-08-01 16:06:00,18.798389594301643,3.035,19.18,2024-08-01 12:28:00,True,10.0,False,,,14.764601728207719,15.677042999265478,15.305499085546176,0.3836298975909127,0.09659853081745823,0.2870313667734545
MLGO,2025-03-24,2025-03-24 10:35:00,False,clean_breakout,previous_high_break_with_pullback_low_support_or_previous_resistance,173.5637,185.4019,173.1017,183.0018,65933.540658,28380.181195350004,2.3232247956472873,0.7673127266223295,0.1951269085055532,0.037560364872117266,0.8048730914944467,2025-03-24 10:32:00,176.7018,175.5018,44167.424988,25830.515025599998,0.18569814766097553,2025-03-24 10:33:00,172.8017,173.6717,0.2899903336555393,0.022071648392942126,0.03565328706328975,3.0,176.55744369727512,323.1033,506.1051,2025-03-24 16:40:00,28.195077862622114,51.5975,234.5993,2025-03-24 11:05:00,True,18.0,True,2025-03-24 10:42:00,165.9017,139.7921347415795,172.9092542359448,167.38150501419238,6.1233226862450465,0.99001679482123,5.1333058914238165
MLGO,2025-03-24,2025-03-24 11:05:00,False,clean_breakout,previous_high_break_with_pullback_low_support_or_previous_resistance,218.1022,234.5993,217.8322,227.9783,51517.184823,34074.017589749994,1.5119198869726824,0.5890165860524468,0.3948804504058549,0.01610296354169834,0.6051195495941452,2025-03-24 11:02:00,227.7023,222.6022,57000.76332,33134.870314650005,0.2656274413808189,2025-03-24 11:03:00,214.8021,217.6522,0.3275939357018885,0.056653797524223566,0.001212108968596198,3.0,121.99704971920573,278.1268,506.1051,2025-03-24 16:40:00,4.616272689111202,10.524100000000004,238.5024,2025-03-24 11:07:00,False,,True,2025-03-24 11:19:00,208.5021,153.8106616432668,215.30883494349828,205.1544849742609,11.463706598118847,1.0883282221473252,10.375378375971522
QUBT,2024-12-18,2024-12-18 09:43:00,False,clean_breakout,previous_high_break_with_pullback_low_support_or_previous_resistance,21.15,22.77,21.0,22.34,1871993.0,1299135.15,1.440953237236326,0.6723163841807919,0.24293785310734453,0.08474576271186363,0.7570621468926555,2024-12-18 09:41:00,22.28,20.9799,2222664.0,1138639.15,0.03680981595092158,2024-12-18 09:42:00,20.5615,21.15,0.34216985763377666,0.07713195691202883,0.002692998204667806,2.0,21.530886302596233,4.809999999999999,27.15,2024-12-18 15:54:00,8.325872873769022,1.8599999999999994,24.2,2024-12-18 09:50:00,False,,False,,,19.760925565009835,20.950291622866903,20.20731948298622,0.6658108916610246,0.35254894895819766,0.3132619427028269
CODX,2026-05-26,2026-05-26 12:04:00,False,clean_breakout,previous_high_break_with_pullback_low_support_or_previous_resistance,8.86,9.25,8.85,9.2001,368387.0,121758.8,3.0255472294405004,0.8502500000000027,0.12474999999999781,0.024999999999999446,0.8752500000000022,2026-05-26 12:01:00,9.14,8.97,389562.0,93493.85,0.4862068965517226,2026-05-26 12:02:00,8.75,8.8201,0.2809619238476963,0.04266958424507664,0.006575492341356702,3.0,17.390028369256854,1.5998999999999999,10.8,2026-05-26 13:21:00,2.716274823099732,0.24989999999999846,9.45,2026-05-26 12:22:00,False,,True,2026-05-26 12:07:00,8.67,7.579646969363369,8.793380550394716,8.568360459325906,0.20413112258026622,0.10702413922470586,0.09710698335556037
CODX,2026-05-26,2026-05-26 13:07:00,False,clean_breakout,previous_high_break_with_pullback_low_support_or_previous_resistance,9.58,9.78,9.5001,9.72,264632.0,106335.45,2.4886526553468293,0.5001786352268695,0.21436227224008148,0.285459092533049,0.7856377277599185,2026-05-26 13:03:00,9.6,9.52,168523.0,91815.25,0.3333333333333333,2026-05-26 13:05:00,9.42,9.49,0.5833333333333395,0.01874999999999997,0.012500000000000105,4.0,11.11111111111111,1.08,10.8,2026-05-26 13:21:00,11.11111111111111,1.08,10.8,2026-05-26 13:21:00,True,13.0,True,2026-05-26 13:09:00,9.34,7.967051104485972,9.477078070532944,9.29556622215892,0.17822007170700083,0.05616818571777535,0.12205188598922548
QMCO,2025-02-12,2025-02-12 13:03:00,False,clean_breakout,previous_high_break_with_pullback_low_support_or_previous_resistance,21.4,22.06,21.39,21.91,31757.0,13567.5,2.3406670351943983,0.7611940298507507,0.22388059701492388,0.01492537313432543,0.7761194029850761,2025-02-12 13:01:00,21.45,21.3,5403.0,12984.15,0.20833333333333764,2025-02-12 13:02:00,21.1,21.36,0.38461538461537936,0.01631701631701622,0.021445221445221485,2.0,34.09402099497946,7.469999999999999,29.38,2025-02-12 16:29:00,5.248744865358277,1.1499999999999986,23.06,2025-02-12 13:29:00,False,,False,,,19.365148986000637,21.28470405284494,20.916085570891713,0.4351171712481907,0.022887111404065408,0.4122300598441253
QMCO,2025-02-12,2025-02-12 13:37:00,False,clean_breakout,previous_high_break_with_pullback_low_support_or_previous_resistance,23.6,23.6,23.01,23.16,20057.0,11809.75,1.6983424712631512,0.7457627118644091,0.0,0.2542372881355909,0.2542372881355909,2025-02-12 13:35:00,23.15,23.08,27544.0,10872.05,0.1707317073170738,2025-02-12 13:36:00,23.07,23.6,0.012499999999997503,0.0034557235421165573,0.0004319654427646464,2.0,26.856649395509496,6.219999999999999,29.38,2025-02-12 16:29:00,9.930915371329881,2.3000000000000007,25.46,2025-02-12 13:57:00,False,,True,2025-02-12 13:38:00,22.37,20.587881909874024,23.05856824596196,22.8357608196221,0.3023344684355571,-0.007899735518936135,0.31023420395449325
MTVA,2026-05-27,2026-05-27 09:51:00,False,clean_breakout,previous_high_break_with_pullback_low_support_or_previous_resistance,3.46,3.62,3.45,3.61,146291.0,62229.55,2.3508285051073003,0.8823529411764705,0.058823529411766086,0.05882352941176348,0.941176470588234,2026-05-27 09:36:00,3.5799,3.45,213279.0,25781.4,0.7583187390542888,2026-05-27 09:39:00,3.2199,3.3,0.42535915053091733,0.10056146819743565,0.008408056090952265,15.0,5.263157894736841,0.18999999999999995,3.8,2026-05-27 10:13:00,5.263157894736841,0.18999999999999995,3.8,2026-05-27 10:13:00,False,,False,,,3.1856512166201516,3.437931621964043,3.3154860958686445,0.1515743523369708,-0.001346468045857363,0.15292082038282817
QURE,2024-07-10,2024-07-10 10:51:00,False,clean_breakout,previous_high_break_with_pullback_low_support_or_previous_resistance,8.41,8.59,8.36,8.58,386225.0,174617.75,2.2118312714486357,0.739130434782607,0.04347826086956421,0.21739130434782877,0.9565217391304358,2024-07-10 10:46:00,8.52,8.45,337147.0,190907.65,0.46666666666666745,2024-07-10 10:49:00,8.36,8.43,0.5833333333333308,0.018779342723004713,0.00704225352112682,5.0,32.28438228438228,2.7699999999999996,11.35,2024-07-10 15:16:00,7.925407925407922,0.6799999999999997,9.26,2024-07-10 11:15:00,False,,False,,,7.713195873172828,8.426551283436066,8.308511144649566,0.15132906882206498,0.0020800278106780645,0.14924904101138692
FATN,2025-04-17,2025-04-17 14:17:00,False,clean_breakout,previous_high_break_with_pullback_low_support_or_previous_resistance,14.6,14.9,14.5,14.88,15982.0,15455.5,1.0340655430105787,0.7000000000000022,0.04999999999999889,0.2499999999999989,0.9500000000000011,2025-04-17 14:13:00,14.87,14.39,33803.0,13978.0,0.2769230769230771,2025-04-17 14:14:00,14.31,14.62,0.2,0.03765971755211828,0.000672494956287933,4.0,14.247311827956983,2.119999999999999,17.0,2025-04-17 14:23:00,14.247311827956983,2.119999999999999,17.0,2025-04-17 14:23:00,True,4.0,False,,,11.783083762632577,14.473488669087581,14.130371176407564,0.3795336168671053,0.053966765091817415,0.3255668517752879
FATN,2025-04-17,2025-04-17 14:20:00,False,clean_breakout,previous_high_break_with_pullback_low_support_or_previous_resistance,14.81,16.29,14.79,16.26,79508.0,19436.2,4.090717321287083,0.9666666666666673,0.01999999999999839,0.013333333333334233,0.9800000000000016,2025-04-17 14:18:00,14.9,14.72,16861.0,15913.55,0.0,2025-04-17 14:19:00,14.61,14.79,0.7826086956521712,0.01946308724832221,0.09127516778523498,2.0,4.551045510455094,0.7399999999999984,17.0,2025-04-17 14:23:00,4.551045510455094,0.7399999999999984,17.0,2025-04-17 14:23:00,False,,True,2025-04-17 14:24:00,14.33,11.951634793277726,14.912986198572844,14.435999989091835,0.4948879331096325,0.1134856952522974,0.3814022378573351
PSTV,2025-03-20,2025-03-20 10:04:00,False,clean_breakout,previous_high_break_with_pullback_low_support_or_previous_resistance,16.845,17.9725,16.7525,17.95,34654.6,15142.475999999999,2.288568923602719,0.905737704918034,0.018442622950820386,0.07581967213114563,0.9815573770491796,2025-03-20 09:59:00,16.93,16.415,28992.16,10274.376,0.3495145631067952,2025-03-20 10:03:00,16.0725,16.9125,0.11889596602972162,0.05064973419964549,0.06024808033077375,5.0,189.69359331476323,34.05,52.0,2025-03-20 15:00:00,21.169916434540394,3.8000000000000007,21.75,2025-03-20 10:34:00,True,17.0,False,,,15.34285729911393,16.619112153821376,16.057236457446287,0.5806762145457629,0.16218536331010824,0.41849085123565466
PSTV,2025-03-20,2025-03-20 10:07:00,False,clean_breakout,previous_high_break_with_pullback_low_support_or_previous_resistance,17.4375,18.5675,17.4375,18.3,70036.84,19368.338,3.616048005771068,0.7632743362831872,0.23672566371681286,0.0,0.7632743362831872,2025-03-20 10:04:00,17.9725,17.95,34654.6,15142.475999999999,0.018442622950820386,2025-03-20 10:06:00,17.19,17.5,0.561085972850678,0.04353873974127132,0.018222284045068888,3.0,184.15300546448088,33.7,52.0,2025-03-20 15:00:00,19.726775956284147,3.6099999999999994,21.91,2025-03-20 10:35:00,True,14.0,True,2025-03-20 10:12:00,17.08,15.64556881942726,17.237145422756548,16.524784025658576,0.7365263562217201,0.19185526314823986,0.5446710930734803
PSTV,2025-03-20,2025-03-20 10:40:00,False,clean_breakout,previous_high_break_with_pullback_low_support_or_previous_resistance,20.5275,23.25,20.5275,22.4475,84002.64,44959.202,1.8684192837764337,0.7052341597796149,0.2947658402203851,0.0,0.7052341597796149,2025-03-20 10:35:00,21.91,21.79,39557.6,44208.182,0.2926829268292706,2025-03-20 10:39:00,20.4325,20.545,0.24590163934426407,0.06743496120492921,0.024532177088087696,5.0,131.651631584809,29.5525,52.0,2025-03-20 15:00:00,3.5750083528232475,0.8024999999999984,23.25,2025-03-20 10:43:00,False,,True,2025-03-20 10:45:00,20.2775,17.913847436829073,21.14220454407039,20.423590937649927,0.8943110242973731,-0.010865233568138288,0.9051762578655114
PSTV,2025-03-20,2025-03-20 11:45:00,False,clean_breakout,previous_high_break_with_pullback_low_support_or_previous_resistance,27.5,28.75,27.0,28.23,57957.08,58229.367999999995,0.9953238716243668,0.41714285714285737,0.2971428571428569,0.2857142857142857,0.7028571428571431,2025-03-20 11:43:00,28.0,26.9975,53911.6,59306.945999999996,0.5,2025-03-20 11:44:00,26.75,27.4725,0.3133333333333326,0.044642857142857144,0.00821428571428573,2.0,84.20120439249025,23.77,52.0,2025-03-20 15:00:00,10.69783917817924,3.0199999999999996,31.25,2025-03-20 11:54:00,True,9.0,False,,,20.618493541829526,26.84566867154922,25.680571875091342,1.3639184341730584,0.10211265554613047,1.2618057786269279
PSTV,2025-03-20,2025-03-20 11:49:00,False,clean_breakout,previous_high_break_with_pullback_low_support_or_previous_resistance,27.9875,29.25,27.75,29.02,89508.04,49082.92199999999,1.823608627049547,0.6883333333333326,0.15333333333333363,0.1583333333333338,0.8466666666666663,2025-03-20 11:45:00,28.75,28.23,57957.08,58229.367999999995,0.2971428571428569,2025-03-20 11:47:00,26.75,27.375,0.5,0.06956521739130435,0.009391304347826071,4.0,79.1867677463818,22.98,52.0,2025-03-20 15:00:00,7.684355616815991,2.2300000000000004,31.25,2025-03-20 11:54:00,False,,True,2025-03-20 12:04:00,26.5,20.872123282256506,27.61048188786657,26.471909453025123,1.3714961527372758,0.07457300896701691,1.2969231437702589
PSTV,2025-03-20,2025-03-20 14:25:00,False,clean_breakout,previous_high_break_with_pullback_low_support_or_previous_resistance,43.625,45.5,43.25,44.875,75024.52,40012.770000000004,1.8750144016522725,0.5555555555555556,0.2777777777777778,0.16666666666666666,0.7222222222222222,2025-03-20 14:21:00,43.75,43.375,48751.84,43116.02,0.25041736227045036,2025-03-20 14:22:00,42.25,43.25,0.8,0.03428571428571429,0.025714285714285714,4.0,15.87743732590529,7.125,52.0,2025-03-20 15:00:00,15.32033426183844,6.875,51.75,2025-03-20 14:52:00,True,25.0,False,,,27.568424909078157,42.864672165303766,41.35401548671063,1.6303580936523545,0.3265241193337438,1.3038339743186107
GPCR,2025-12-08,2025-12-08 14:52:00,False,clean_breakout,previous_high_break_with_pullback_low_support_or_previous_resistance,70.935,73.7321,70.935,73.7321,50164.0,20853.45,2.4055492016908473,1.0,0.0,0.0,1.0,2025-12-08 14:40:00,72.69,72.135,37890.0,13267.4,0.27339901477832135,2025-12-08 14:42:00,70.56,70.75,0.2435897435897403,0.029302517540239312,0.01433622231393596,12.0,2.750362460854909,2.0279000000000025,75.76,2025-12-08 14:57:00,2.750362460854909,2.0279000000000025,75.76,2025-12-08 14:57:00,False,,True,2025-12-08 15:06:00,70.51,67.00669739485915,71.73245768280421,70.98615984193285,0.918026215530773,-0.020069346366480945,0.938095561897254
MLGO,2025-03-24,2025-03-24 10:35:00,False,clean_breakout,previous_high_break_with_pullback_low_support_or_previous_resistance,173.5637,185.4019,173.1017,183.0018,65933.540658,28380.181195350004,2.3232247956472873,0.7673127266223295,0.1951269085055532,0.037560364872117266,0.8048730914944467,2025-03-24 10:32:00,176.7018,175.5018,44167.424988,25830.515025599998,0.18569814766097553,2025-03-24 10:33:00,172.8017,173.6717,0.2899903336555393,0.022071648392942126,0.03565328706328975,3.0,176.55744369727512,323.1033,506.1051,2025-03-24 16:40:00,28.195077862622114,51.5975,234.5993,2025-03-24 11:05:00,True,18.0,True,2025-03-24 10:42:00,165.9017,139.7921347415795,172.9092542359448,167.38150501419238,6.1233226862450465,0.99001679482123,5.1333058914238165
MLGO,2025-03-24,2025-03-24 11:05:00,False,clean_breakout,previous_high_break_with_pullback_low_support_or_previous_resistance,218.1022,234.5993,217.8322,227.9783,51517.184823,34074.017589749994,1.5119198869726824,0.5890165860524468,0.3948804504058549,0.01610296354169834,0.6051195495941452,2025-03-24 11:02:00,227.7023,222.6022,57000.76332,33134.870314650005,0.2656274413808189,2025-03-24 11:03:00,214.8021,217.6522,0.3275939357018885,0.056653797524223566,0.001212108968596198,3.0,121.99704971920573,278.1268,506.1051,2025-03-24 16:40:00,4.616272689111202,10.524100000000004,238.5024,2025-03-24 11:07:00,False,,True,2025-03-24 11:19:00,208.5021,153.8106616432668,215.30883494349828,205.1544849742609,11.463706598118847,1.0883282221473252,10.375378375971522
RBNE,2026-03-24,2026-03-24 10:58:00,False,clean_breakout,previous_high_break_with_pullback_low_support_or_previous_resistance,2.03,2.1999,2.02,2.11,1532387.0,915147.75,1.6744695050607947,0.4446914952751534,0.4997220678154537,0.05558643690939294,0.5002779321845463,2026-03-24 10:54:00,2.0999,2.0498,2133878.0,902098.7,0.33422281521014047,2026-03-24 10:57:00,1.98,2.0201,0.4000000000000018,0.05709795704557355,0.0048097528453735884,4.0,19.43127962085309,0.41000000000000014,2.52,2026-03-24 13:08:00,3.31753554502371,0.07000000000000028,2.18,2026-03-24 11:00:00,False,,True,2026-03-24 11:07:00,1.97,1.6840289730285303,2.000547520983905,1.9327631737807847,0.07527990127300832,0.014324909039462277,0.06095499223354604
MLGO,2025-03-24,2025-03-24 10:35:00,False,clean_breakout,previous_high_break_with_pullback_low_support_or_previous_resistance,173.5637,185.4019,173.1017,183.0018,65933.540658,28380.181195350004,2.3232247956472873,0.7673127266223295,0.1951269085055532,0.037560364872117266,0.8048730914944467,2025-03-24 10:32:00,176.7018,175.5018,44167.424988,25830.515025599998,0.18569814766097553,2025-03-24 10:33:00,172.8017,173.6717,0.2899903336555393,0.022071648392942126,0.03565328706328975,3.0,176.55744369727512,323.1033,506.1051,2025-03-24 16:40:00,28.195077862622114,51.5975,234.5993,2025-03-24 11:05:00,True,18.0,True,2025-03-24 10:42:00,165.9017,139.7921347415795,172.9092542359448,167.38150501419238,6.1233226862450465,0.99001679482123,5.1333058914238165
MLGO,2025-03-24,2025-03-24 11:05:00,False,clean_breakout,previous_high_break_with_pullback_low_support_or_previous_resistance,218.1022,234.5993,217.8322,227.9783,51517.184823,34074.017589749994,1.5119198869726824,0.5890165860524468,0.3948804504058549,0.01610296354169834,0.6051195495941452,2025-03-24 11:02:00,227.7023,222.6022,57000.76332,33134.870314650005,0.2656274413808189,2025-03-24 11:03:00,214.8021,217.6522,0.3275939357018885,0.056653797524223566,0.001212108968596198,3.0,121.99704971920573,278.1268,506.1051,2025-03-24 16:40:00,4.616272689111202,10.524100000000004,238.5024,2025-03-24 11:07:00,False,,True,2025-03-24 11:19:00,208.5021,153.8106616432668,215.30883494349828,205.1544849742609,11.463706598118847,1.0883282221473252,10.375378375971522
NVNI,2025-04-30,2025-04-30 10:26:00,False,clean_breakout,previous_high_break_with_pullback_low_support_or_previous_resistance,2.987,3.153,2.978,3.141,292602.9,137544.965,2.127325416819147,0.8800000000000004,0.0685714285714287,0.05142857142857089,0.9314285714285713,2025-04-30 10:22:00,3.1,3.008,292459.8,110342.44999999998,0.5348837209302325,2025-04-30 10:24:00,2.923,2.962,0.4020618556701047,0.0570967741935484,0.013225806451612879,4.0,77.07736389684815,2.4210000000000003,5.562,2025-04-30 16:33:00,11.42948105698822,0.359,3.5,2025-04-30 10:55:00,True,29.0,True,2025-04-30 10:36:00,2.868,2.6676917060169925,2.9665677719501513,2.838226517746735,0.135189847659682,0.025669337072390747,0.10952051058729126
NVNI,2025-04-30,2025-04-30 12:26:00,False,clean_breakout,previous_high_break_with_pullback_low_support_or_previous_resistance,3.192,3.303,3.192,3.281,157496.2,61081.78500000001,2.57844789571883,0.8018018018018032,0.19819819819819678,0.0,0.8018018018018032,2025-04-30 12:24:00,3.252,3.206,84214.7,56022.365000000005,0.12195121951219275,2025-04-30 12:25:00,3.171,3.195,0.4363636363636355,0.024907749077490764,0.00891758917589187,2.0,69.52148735141725,2.281,5.562,2025-04-30 16:33:00,2.0115818348064565,0.06599999999999984,3.347,2025-04-30 12:39:00,False,,True,2025-04-30 12:38:00,3.152,2.9912362177232956,3.1869208340869988,3.1420767347927088,0.04530630259456547,0.012241094386016053,0.03306520820854942
NVNI,2025-04-30,2025-04-30 14:17:00,False,clean_breakout,previous_high_break_with_pullback_low_support_or_previous_resistance,3.381,3.685,3.381,3.656,339395.7,45662.39000000001,7.432718699130728,0.9046052631578951,0.0953947368421049,0.0,0.9046052631578951,2025-04-30 14:14:00,3.303,3.263,118266.3,19716.104999999996,0.5128205128205143,2025-04-30 14:15:00,3.263,3.299,0.4594594594594578,0.01211020284589768,0.10687254011504699,3.0,52.13347921225383,1.9060000000000001,5.562,2025-04-30 16:33:00,1.2035010940919049,0.04400000000000004,3.7,2025-04-30 14:18:00,False,,True,2025-04-30 14:19:00,3.2,3.020736754794557,3.3211494162951,3.216219310375209,0.08966496553997194,0.053674622940526356,0.035990342599445585
NVNI,2025-04-30,2025-04-30 15:45:00,False,clean_breakout,previous_high_break_with_pullback_low_support_or_previous_resistance,4.089,4.2,4.05,4.198,164946.2,121883.15499999996,1.3533141638809734,0.7266666666666648,0.013333333333331834,0.26000000000000334,0.9866666666666681,2025-04-30 15:42:00,4.19,4.126,177951.3,106392.85499999998,0.5120000000000005,2025-04-30 15:44:00,3.986,4.1,0.2192982456140354,0.04868735083532223,0.0019093078758949896,3.0,32.49166269652215,1.3639999999999999,5.562,2025-04-30 16:33:00,31.014768937589317,1.3019999999999996,5.5,2025-04-30 16:01:00,True,11.0,False,,,3.164960002232514,4.024725147772363,3.8805876408398463,0.14988900596124477,0.03629626325041621,0.11359274271082856
NVNI,2025-04-30,2025-04-30 15:50:00,False,clean_breakout,previous_high_break_with_pullback_low_support_or_previous_resistance,4.179,4.372,4.167,4.351,123318.3,125123.41500000001,0.985573323745999,0.8390243902439007,0.10243902439024341,0.058536585365855855,0.8975609756097566,2025-04-30 15:47:00,4.259,4.14,112575.0,121442.51499999998,0.42105263157894773,2025-04-30 15:48:00,4.101,4.238,0.18840579710144797,0.03709791030758402,0.021601314862643727,3.0,27.83268214203632,1.2110000000000003,5.562,2025-04-30 16:33:00,26.407722362675244,1.149,5.5,2025-04-30 16:01:00,True,10.0,False,,,3.18457793295785,4.166053616422049,4.016611967944941,0.16648833619282222,0.01694585162802506,0.14954248456479716
PDYN,2024-11-22,2024-11-22 10:09:00,False,clean_breakout,previous_high_break_with_pullback_low_support_or_previous_resistance,2.75,2.9,2.69,2.855,398481.0,70168.6,5.678907659551423,0.5,0.214285714285714,0.28571428571428603,0.785714285714286,2024-11-22 10:07:00,2.65,2.6199,76114.0,46842.0,0.24999999999999445,2024-11-22 10:08:00,2.61,2.745,0.05555555555555679,0.015094339622641523,0.07735849056603776,2.0,76.88266199649738,2.195,5.05,2024-11-22 15:25:00,22.59194395796848,0.645,3.5,2024-11-22 10:37:00,True,8.0,False,,,2.5305039062753774,2.657421415211804,2.5753277146917695,0.08885468036546218,0.018502974021290516,0.07035170634417166
PDYN,2024-11-22,2024-11-22 10:17:00,False,clean_breakout,previous_high_break_with_pullback_low_support_or_previous_resistance,2.891,3.16,2.89,3.09,985326.0,206620.95,4.768761347772333,0.7370370370370364,0.2592592592592603,0.0037037037037032958,0.7407407407407397,2024-11-22 10:11:00,2.92,2.84,428989.0,103717.25,0.6446414182111213,2024-11-22 10:14:00,2.65,2.7495,0.6666666666666666,0.09246575342465754,0.05821917808219176,6.0,63.43042071197411,1.96,5.05,2024-11-22 15:25:00,13.268608414239488,0.41000000000000014,3.5,2024-11-22 10:37:00,True,7.0,False,,,2.73885741974421,2.842752870060342,2.7297184833936585,0.12214215870280265,0.021757587516588392,0.10038457118621426
RIME,2026-02-13,2026-02-13 14:11:00,False,clean_breakout,previous_high_break_with_pullback_low_support_or_previous_resistance,1.46,1.65,1.445,1.602,1364949.0,275009.15,4.963285767037205,0.6926829268292695,0.23414634146341393,0.07317073170731665,0.765853658536586,2026-02-13 14:09:00,1.49,1.455,761913.0,136052.25,0.3888888888888877,2026-02-13 14:10:00,1.41,1.4565,0.35769230769230725,0.05369127516778528,0.07516778523489939,2.0,288.2646691635455,4.617999999999999,6.22,2026-02-13 17:34:00,26.716604244694114,0.4279999999999997,2.03,2026-02-13 14:33:00,True,7.0,False,,,1.3060339718604057,1.4190232637422195,1.352668138392334,0.05779619527877777,0.03288060584817648,0.024915589430601296
RIME,2026-02-13,2026-02-13 15:59:00,False,clean_breakout,previous_high_break_with_pullback_low_support_or_previous_resistance,3.15,3.65,3.07,3.5,1412732.0,864692.35,1.6337972690518194,0.6034482758620691,0.2586206896551722,0.13793103448275873,0.7413793103448277,2026-02-13 15:50:00,3.43,3.42,1134648.0,776736.4,0.03571428571428651,2026-02-13 15:52:00,2.92,2.99,0.30434782608695776,0.14868804664723037,0.020408163265306076,9.0,77.71428571428571,2.7199999999999998,6.22,2026-02-13 17:34:00,11.142857142857146,0.3900000000000001,3.89,2026-02-13 16:05:00,True,1.0,False,,,1.9405299609822606,3.168147430544435,2.9447093306650505,0.2513747782497946,0.011877258213040365,0.23949752003675423
PONY,2025-04-28,2025-04-28 10:16:00,False,clean_breakout,previous_high_break_with_pullback_low_support_or_previous_resistance,8.23,8.46,8.21,8.44,226937.0,135000.8,1.6810048533045732,0.8399999999999963,0.0800000000000054,0.0799999999999983,0.9199999999999946,2025-04-28 10:12:00,8.31,8.25,162540.0,123864.9,0.07142857142856962,2025-04-28 10:14:00,8.2,8.28,0.12500000000001943,0.01323706377858017,0.015643802647412636,4.0,34.47867298578199,2.91,11.35,2025-04-28 13:06:00,8.412322274881527,0.7100000000000009,9.15,2025-04-28 10:44:00,False,,False,,,7.8187192244845605,8.248740977866902,8.109861967313288,0.16415843353801485,0.006133639269656821,0.15802479426835803
PONY,2025-04-28,2025-04-28 10:42:00,False,clean_breakout,previous_high_break_with_pullback_low_support_or_previous_resistance,8.79,9.0,8.72,8.98,333863.0,159798.7,2.0892723157322304,0.6785714285714347,0.07142857142857006,0.24999999999999525,0.9285714285714299,2025-04-28 10:36:00,8.95,8.89,370953.0,171068.65,0.33333333333332676,2025-04-28 10:41:00,8.78,8.79,0.14285714285713924,0.018994413407821223,0.0033519553072626973,6.0,26.391982182628055,2.369999999999999,11.35,2025-04-28 13:06:00,4.565701559020046,0.41000000000000014,9.39,2025-04-28 11:05:00,False,,False,,,8.18313391649498,8.826624324577505,8.706277911704285,0.15360425846653136,0.0017646654603410694,0.1518395930061903
PONY,2025-04-28,2025-04-28 10:44:00,False,clean_breakout,previous_high_break_with_pullback_low_support_or_previous_resistance,8.92,9.15,8.91,9.13,393055.0,178231.3,2.205308495196972,0.8750000000000028,0.08333333333333148,0.04166666666666574,0.9166666666666685,2025-04-28 10:42:00,9.0,8.98,333863.0,159798.7,0.07142857142857006,2025-04-28 10:43:00,8.87,8.92,0.38461538461538775,0.01444444444444453,0.01444444444444453,2.0,24.31544359255201,2.219999999999999,11.35,2025-04-28 13:06:00,2.847754654983568,0.2599999999999998,9.39,2025-04-28 11:05:00,False,,False,,,8.230349129376735,8.902239567729605,8.765048358560652,0.1662716102124211,0.008968047543033847,0.15730356266938725
PONY,2025-04-28,2025-04-28 12:47:00,False,clean_breakout,previous_high_break_with_pullback_low_support_or_previous_resistance,10.53,10.95,10.51,10.92,638132.0,283341.85,2.2521628908683984,0.8863636363636387,0.0681818181818168,0.04545454545454454,0.9318181818181832,2025-04-28 12:45:00,10.79,10.57,504893.0,257814.8,0.7857142857142835,2025-04-28 12:46:00,10.47,10.52,0.2777777777777723,0.02965708989805362,0.01204819277108441,2.0,3.937728937728935,0.4299999999999997,11.35,2025-04-28 13:06:00,3.937728937728935,0.4299999999999997,11.35,2025-04-28 13:06:00,False,,False,,,9.391406239027912,10.550201215942078,10.34278179056954,0.21280448053231282,0.039983027790371745,0.17282145274194108
MYSE,2025-01-07,2025-01-07 12:43:00,False,clean_breakout,previous_high_break_with_pullback_low_support_or_previous_resistance,3.81,4.1,3.74,4.084,1542770.0,467662.2,3.2988982218361884,0.7611111111111112,0.04444444444444456,0.1944444444444443,0.9555555555555555,2025-01-07 12:41:00,3.9799,3.8797,1123300.0,371139.6,0.5897586815773983,2025-01-07 12:42:00,3.78,3.82,0.30769230769230715,0.05022739264805658,0.026156436091358932,2.0,131.63565132223314,5.376000000000001,9.46,2025-01-07 16:02:00,7.002938295788455,0.2860000000000005,4.37,2025-01-07 13:13:00,False,,True,2025-01-07 12:52:00,3.77,3.2289013250446033,3.787699932377195,3.654779194220075,0.1277887679515275,0.047727155795069434,0.08006161215645806
CODX,2026-05-22,2026-05-22 15:05:00,False,clean_breakout,previous_high_break_with_pullback_low_support_or_previous_resistance,4.66,4.8499,4.6,4.815,109888.0,28366.05,3.8739267539893643,0.6202480992396963,0.1396558623449358,0.24009603841536792,0.8603441376550642,2026-05-22 15:02:00,4.77,4.7,120863.0,23678.25,0.3684210526315767,2026-05-22 15:04:00,4.65,4.7,0.2857142857142821,0.025157232704402354,0.009433962264151115,3.0,11.734164070612657,0.5649999999999995,5.38,2026-05-22 15:38:00,10.072689511941837,0.48499999999999943,5.3,2026-05-22 15:32:00,True,27.0,True,2026-05-22 15:12:00,4.59,3.8549827887215113,4.595648308875271,4.485031165317247,0.1061929389352354,0.048455441951993014,0.05773749698324239
PSTV,2025-03-06,2025-03-06 14:48:00,False,clean_breakout,previous_high_break_with_pullback_low_support_or_previous_resistance,24.0,26.75,24.0,25.25,79718.68,41873.39599999999,1.9038025958056999,0.45454545454545453,0.5454545454545454,0.0,0.45454545454545453,2025-03-06 14:39:00,24.975,23.705,49634.8,38480.88799999999,0.7191176470588224,2025-03-06 14:40:00,23.05,23.805,0.5458333333333316,0.0770770770770771,0.011011011011010954,9.0,157.42574257425744,39.75,65.0,2025-03-06 16:58:00,29.7029702970297,7.5,32.75,2025-03-06 15:18:00,True,26.0,True,2025-03-06 14:59:00,22.5775,16.637045208860833,24.21748387770827,23.390330731121903,1.014277395443532,0.013057295802576085,1.001220099640956
PSTV,2025-03-06,2025-03-06 14:49:00,False,clean_breakout,previous_high_break_with_pullback_low_support_or_previous_resistance,25.275,27.25,25.0,26.42,64287.56,42475.768,1.5135114213826575,0.5088888888888903,0.36888888888888816,0.1222222222222216,0.6311111111111118,2025-03-06 14:39:00,24.975,23.705,49634.8,38480.88799999999,0.7191176470588224,2025-03-06 14:40:00,23.05,23.805,0.5458333333333316,0.0770770770770771,0.05785785785785787,10.0,146.0257380772142,38.58,65.0,2025-03-06 16:58:00,26.797880393641172,7.079999999999998,33.5,2025-03-06 15:19:00,True,28.0,True,2025-03-06 14:59:00,22.5775,16.696081036452565,24.657987102166615,23.678870661491246,1.133283205670164,0.1021066090313707,1.0311765966387934
RYOJ,2026-05-22,2026-05-22 11:56:00,False,clean_breakout,previous_high_break_with_pullback_low_support_or_previous_resistance,3.02,3.22,3.0001,3.19,72457.0,30120.35,2.405582936453262,0.7730786721236923,0.13642564802182924,0.09049567985447844,0.8635743519781708,2026-05-22 11:54:00,3.12,3.04,55603.0,26505.5,0.2167871039466379,2026-05-22 11:55:00,3.01,3.0323,0.5575000000000103,0.03525641025641036,0.022435897435897384,2.0,153.91849529780566,4.91,8.1,2026-05-22 12:40:00,152.0376175548589,4.85,8.04,2026-05-22 12:22:00,True,1.0,False,,,2.7969293586586734,3.0413050392012355,2.9700769119772006,0.07347990901933077,0.017095365432085508,0.05638454358724526
RYOJ,2026-05-22,2026-05-22 11:57:00,False,clean_breakout,previous_high_break_with_pullback_low_support_or_previous_resistance,3.2,3.72,3.11,3.68,304634.0,44702.15,6.814750520948097,0.7868852459016389,0.0655737704918033,0.1475409836065578,0.9344262295081966,2026-05-22 11:54:00,3.12,3.04,55603.0,26505.5,0.2167871039466379,2026-05-22 11:56:00,3.0001,3.19,0.09049567985447844,0.038429487179487146,0.1794871794871795,3.0,120.1086956521739,4.42,8.1,2026-05-22 12:40:00,118.47826086956519,4.359999999999999,8.04,2026-05-22 12:22:00,True,3.0,False,,,2.833417490467692,3.169044031360989,3.0376886346460386,0.12085320083296525,0.05241029778377834,0.0684429030491869
RILY,2025-02-26,2025-02-26 10:24:00,False,clean_breakout,previous_high_break_with_pullback_low_support_or_previous_resistance,4.75,4.8,4.73,4.8,2775.0,9050.4,0.306616282153275,0.714285714285718,0.0,0.2857142857142821,1.0,2025-02-26 10:22:00,4.78,4.78,11027.0,8441.75,0.0,2025-02-26 10:23:00,4.72,4.74,0.33333333333333826,0.01255230125523023,0.004184100418409952,2.0,32.291666666666664,1.5499999999999998,6.35,2025-02-26 14:56:00,1.8749999999999971,0.08999999999999986,4.89,2025-02-26 10:52:00,False,,False,,,4.515788842630135,4.72523245574415,4.67592135295316,0.05971495709239871,0.006394218808998806,0.05332073828339991
RILY,2025-02-26,2025-02-26 11:34:00,False,clean_breakout,previous_high_break_with_pullback_low_support_or_previous_resistance,4.98,5.05,4.97,5.02,62296.0,16233.6,3.837472895722452,0.4999999999999889,0.3750000000000028,0.12500000000000833,0.6249999999999972,2025-02-26 11:31:00,5.0,4.96,18711.0,12956.5,0.0,2025-02-26 11:32:00,4.92,4.93,0.16666666666666174,0.016000000000000014,0.003999999999999915,3.0,26.494023904382473,1.33,6.35,2025-02-26 14:56:00,11.155378486055788,0.5600000000000005,5.58,2025-02-26 12:04:00,True,20.0,False,,,4.723971127174447,4.963580747222123,4.928686673627903,0.037085301400776594,0.0061680597505514335,0.03091724165022516
RILY,2025-02-26,2025-02-26 11:44:00,False,clean_breakout,previous_high_break_with_pullback_low_support_or_previous_resistance,5.03,5.1,5.02,5.1,32057.0,21099.4,1.519332303288245,0.8749999999999917,0.0,0.12500000000000833,1.0,2025-02-26 11:36:00,5.05,4.99,56284.0,20433.45,0.33333333333333665,2025-02-26 11:38:00,4.95,4.97,0.3999999999999929,0.019801980198019733,0.009900990099009866,8.0,24.50980392156863,1.25,6.35,2025-02-26 14:56:00,13.52941176470589,0.6900000000000004,5.79,2025-02-26 12:14:00,True,26.0,False,,,4.758942702772832,5.0271574247013575,4.989416982926912,0.04252111612534826,0.0045483272501741084,0.03797278887517415
RILY,2025-02-26,2025-02-26 11:45:00,False,clean_breakout,previous_high_break_with_pullback_low_support_or_previous_resistance,5.1,5.23,5.09,5.22,112296.0,25770.75,4.357498326591194,0.8571428571428544,0.07142857142857596,0.07142857142856962,0.928571428571424,2025-02-26 11:43:00,5.05,5.03,11572.0,19847.95,0.666666666666647,2025-02-26 11:44:00,5.02,5.1,0.12500000000000833,0.00594059405940599,0.03366336633663365,2.0,21.64750957854406,1.13,6.35,2025-02-26 14:56:00,12.452107279693495,0.6500000000000004,5.87,2025-02-26 12:15:00,True,29.0,False,,,4.783425176383599,5.065725939761085,5.011377270267206,0.055678259689866394,0.014825730170328039,0.040852529519538355
MRM,2025-05-21,2025-05-21 10:35:00,False,clean_breakout,previous_high_break_with_pullback_low_support_or_previous_resistance,1.59,1.76,1.5845,1.7552,97663.0,14336.75,6.81207386611331,0.9413105413105415,0.02735042735042687,0.03133903133903169,0.9726495726495731,2025-05-21 10:32:00,1.59,1.58,9659.0,14914.5,0.3333333333333333,2025-05-21 10:34:00,1.56,1.5899,0.0,0.018867924528301903,0.10389937106918239,3.0,15.656335460346382,0.2747999999999997,2.03,2025-05-21 13:30:00,4.831358249772104,0.08479999999999999,1.84,2025-05-21 10:38:00,False,,True,2025-05-21 10:39:00,1.5,1.4421001925982013,1.594012093228811,1.5430729267948684,0.05457813078228324,0.012292100339998564,0.042286030442284676
MRM,2025-05-21,2025-05-21 13:29:00,False,clean_breakout,previous_high_break_with_pullback_low_support_or_previous_resistance,1.911,2.0,1.9,1.97,101480.0,26339.65,3.8527467145539136,0.5899999999999989,0.3,0.11000000000000111,0.7,2025-05-21 13:27:00,1.96,1.94,99188.0,19289.25,0.3333333333333333,2025-05-21 13:28:00,1.89,1.91,0.4,0.03571428571428575,0.005102040816326535,2.0,3.0456852791878086,0.05999999999999983,2.03,2025-05-21 13:30:00,3.0456852791878086,0.05999999999999983,2.03,2025-05-21 13:30:00,False,,True,2025-05-21 13:32:00,1.67,1.68883909663412,1.9131326139732638,1.8850060614475428,0.027563622455000214,0.010591762772698764,0.01697185968230145
PTHS,2025-01-21,2025-01-21 09:38:00,False,clean_breakout,previous_high_break_with_pullback_low_support_or_previous_resistance,21.9,24.0,21.1,23.976,8278.4,1799.1699999999996,4.601232790675701,0.7158620689655177,0.008275862068965835,0.2758620689655164,0.9917241379310342,2025-01-21 09:35:00,22.1,21.5,3299.7,1333.34,0.27272727272727304,2025-01-21 09:36:00,21.15,21.5,0.0,0.04298642533936664,0.0848868778280542,3.0,58.49182515849183,14.024000000000001,38.0,2025-01-21 10:38:00,54.738071404738086,13.124000000000002,37.1,2025-01-21 09:50:00,True,1.0,False,,,20.58510731868413,21.532306156619974,20.752765419440014,0.6873451280583609,0.37471774131530666,0.31262738674305424
PTHS,2025-01-21,2025-01-21 09:39:00,False,clean_breakout,previous_high_break_with_pullback_low_support_or_previous_resistance,23.5,28.3,22.2,28.3,17878.1,2692.3599999999997,6.640308131156309,0.7868852459016393,0.0,0.21311475409836073,1.0,2025-01-21 09:35:00,22.1,21.5,3299.7,1333.34,0.27272727272727304,2025-01-21 09:38:00,21.1,23.976,0.2758620689655164,0.04524886877828054,0.2805429864253393,4.0,34.275618374558306,9.7,38.0,2025-01-21 10:38:00,31.095406360424032,8.8,37.1,2025-01-21 09:50:00,True,5.0,False,,,22.053963043675264,22.88584492529598,21.471549665207633,1.2004657293629748,0.7269540730511976,0.4735116563117771
DFLI,2025-10-02,2025-10-02 12:45:00,False,clean_breakout,previous_high_break_with_pullback_low_support_or_previous_resistance,8.917,9.1,8.911,9.067,186348.7,78414.975,2.376442764918308,0.7936507936507953,0.17460317460317176,0.03174603174603294,0.8253968253968282,2025-10-02 12:42:00,9.0,8.951,180352.6,64675.125000000015,0.1599999999999801,2025-10-02 12:43:00,8.758,8.862,0.5148514851485153,0.026888888888888986,0.007444444444444464,3.0,80.87570309915074,7.332999999999998,16.4,2025-10-02 16:51:00,6.981360979375749,0.6329999999999991,9.7,2025-10-02 12:55:00,False,,False,,,8.187058151049296,8.878230066934835,8.743693906600114,0.1349842084893087,0.03228936265318477,0.10269484583612393
FJET,2025-12-22,2025-12-22 10:31:00,False,clean_breakout,previous_high_break_with_pullback_low_support_or_previous_resistance,10.91,11.42,10.8,11.41,183999.0,106756.0,1.7235471542583087,0.8064516129032269,0.016129032258064193,0.177419354838709,0.9838709677419358,2025-12-22 10:28:00,11.33,11.16,173821.0,95255.6,0.12500000000000092,2025-12-22 10:29:00,10.63,11.08,0.7894736842105271,0.06178287731685784,0.007060900264783766,3.0,198.8606485539001,22.69,34.1,2025-12-22 16:00:00,7.887817703768627,0.9000000000000004,12.31,2025-12-22 10:47:00,False,,False,,,9.612040850056253,10.76624747542431,10.255709884293072,0.5189908654174609,0.17871271287595247,0.3402781525415084
FJET,2025-12-22,2025-12-22 11:39:00,False,clean_breakout,previous_high_break_with_pullback_low_support_or_previous_resistance,13.39,14.2,13.33,14.12,155231.0,79682.55,1.9481178752437014,0.8390804597701141,0.09195402298850591,0.06896551724137995,0.9080459770114941,2025-12-22 11:22:00,14.0,13.8,164316.0,109386.2,0.3124999999999986,2025-12-22 11:24:00,12.64,12.87,0.26744186046511487,0.0971428571428571,0.008571428571428516,17.0,141.50141643059493,19.980000000000004,34.1,2025-12-22 16:00:00,16.713881019830037,2.360000000000001,16.48,2025-12-22 11:48:00,True,7.0,False,,,11.144546066362775,13.425816111455674,13.217393576338825,0.26064665942614873,0.02624073305009786,0.23440592637605087
FJET,2025-12-22,2025-12-22 15:28:00,False,clean_breakout,previous_high_break_with_pullback_low_support_or_previous_resistance,24.41,26.4,24.28,25.52,400688.0,158143.15,2.5337044317126605,0.5235849056603777,0.41509433962264153,0.06132075471698074,0.5849056603773585,2025-12-22 15:18:00,25.44,24.7,213977.0,156006.25,0.521126760563381,2025-12-22 15:21:00,23.08,23.6,0.5416666666666694,0.0927672955974844,0.0031446540880502474,10.0,33.62068965517242,8.580000000000002,34.1,2025-12-22 16:00:00,23.275862068965523,5.940000000000001,31.46,2025-12-22 15:56:00,True,18.0,False,,,16.220838715905813,24.220305198370593,23.676178174772645,0.7099629039951552,-0.04937019648030305,0.7593331004754582
FJET,2025-12-22,2025-12-22 15:56:00,False,clean_breakout,previous_high_break_with_pullback_low_support_or_previous_resistance,29.2,31.46,29.15,31.46,339863.0,167508.3,2.0289322976831596,0.9783549783549781,0.0,0.021645021645021932,1.0,2025-12-22 15:48:00,29.34,29.19,328401.0,151718.0,0.10416666666666559,2025-12-22 15:52:00,27.23,27.85,0.7126436781609199,0.07191547375596453,0.07225630538513977,8.0,8.391608391608393,2.6400000000000006,34.1,2025-12-22 16:00:00,8.391608391608393,2.6400000000000006,34.1,2025-12-22 16:00:00,False,,True,2025-12-22 16:05:00,27.22,17.419413557881146,28.98458049542282,27.837206143508112,1.2866254587367578,0.1464397451923276,1.1401857135444302
RILY,2025-02-26,2025-02-26 10:24:00,False,clean_breakout,previous_high_break_with_pullback_low_support_or_previous_resistance,4.75,4.8,4.73,4.8,2775.0,9050.4,0.306616282153275,0.714285714285718,0.0,0.2857142857142821,1.0,2025-02-26 10:22:00,4.78,4.78,11027.0,8441.75,0.0,2025-02-26 10:23:00,4.72,4.74,0.33333333333333826,0.01255230125523023,0.004184100418409952,2.0,32.291666666666664,1.5499999999999998,6.35,2025-02-26 14:56:00,1.8749999999999971,0.08999999999999986,4.89,2025-02-26 10:52:00,False,,False,,,4.515788842630135,4.72523245574415,4.67592135295316,0.05971495709239871,0.006394218808998806,0.05332073828339991
RILY,2025-02-26,2025-02-26 11:34:00,False,clean_breakout,previous_high_break_with_pullback_low_support_or_previous_resistance,4.98,5.05,4.97,5.02,62296.0,16233.6,3.837472895722452,0.4999999999999889,0.3750000000000028,0.12500000000000833,0.6249999999999972,2025-02-26 11:31:00,5.0,4.96,18711.0,12956.5,0.0,2025-02-26 11:32:00,4.92,4.93,0.16666666666666174,0.016000000000000014,0.003999999999999915,3.0,26.494023904382473,1.33,6.35,2025-02-26 14:56:00,11.155378486055788,0.5600000000000005,5.58,2025-02-26 12:04:00,True,20.0,False,,,4.723971127174447,4.963580747222123,4.928686673627903,0.037085301400776594,0.0061680597505514335,0.03091724165022516
RILY,2025-02-26,2025-02-26 11:44:00,False,clean_breakout,previous_high_break_with_pullback_low_support_or_previous_resistance,5.03,5.1,5.02,5.1,32057.0,21099.4,1.519332303288245,0.8749999999999917,0.0,0.12500000000000833,1.0,2025-02-26 11:36:00,5.05,4.99,56284.0,20433.45,0.33333333333333665,2025-02-26 11:38:00,4.95,4.97,0.3999999999999929,0.019801980198019733,0.009900990099009866,8.0,24.50980392156863,1.25,6.35,2025-02-26 14:56:00,13.52941176470589,0.6900000000000004,5.79,2025-02-26 12:14:00,True,26.0,False,,,4.758942702772832,5.0271574247013575,4.989416982926912,0.04252111612534826,0.0045483272501741084,0.03797278887517415
RILY,2025-02-26,2025-02-26 11:45:00,False,clean_breakout,previous_high_break_with_pullback_low_support_or_previous_resistance,5.1,5.23,5.09,5.22,112296.0,25770.75,4.357498326591194,0.8571428571428544,0.07142857142857596,0.07142857142856962,0.928571428571424,2025-02-26 11:43:00,5.05,5.03,11572.0,19847.95,0.666666666666647,2025-02-26 11:44:00,5.02,5.1,0.12500000000000833,0.00594059405940599,0.03366336633663365,2.0,21.64750957854406,1.13,6.35,2025-02-26 14:56:00,12.452107279693495,0.6500000000000004,5.87,2025-02-26 12:15:00,True,29.0,False,,,4.783425176383599,5.065725939761085,5.011377270267206,0.055678259689866394,0.014825730170328039,0.040852529519538355
SBET,2025-05-29,2025-05-29 13:47:00,False,clean_breakout,previous_high_break_with_pullback_low_support_or_previous_resistance,54.33,55.8,54.0,55.28,52189.0,47705.45,1.0939840206936524,0.5277777777777802,0.28888888888888714,0.18333333333333268,0.7111111111111129,2025-05-29 13:44:00,54.74,54.2,56252.0,45463.7,0.033613445378150406,2025-05-29 13:45:00,53.5,54.05,0.624999999999995,0.022652539276580234,0.009864815491413942,3.0,93.25253256150505,51.55,106.83,2025-05-29 16:17:00,9.442836468885671,5.219999999999999,60.5,2025-05-29 13:54:00,False,,False,,,43.971015784127864,53.983643266443906,52.72772038223666,1.5027871642882928,0.03391409250164967,1.4688730717866432
MYSE,2025-01-10,2025-01-10 11:55:00,False,clean_breakout,previous_high_break_with_pullback_low_support_or_previous_resistance,6.72,7.23,6.69,7.0598,1593666.0,839296.95,1.8988106652836045,0.6292592592592599,0.3151851851851858,0.055555555555554366,0.6848148148148142,2025-01-10 11:49:00,7.0,6.77,1108041.0,877139.7,0.2999999999999997,2025-01-10 11:51:00,6.6,6.83,0.22080000000000055,0.0571428571428572,0.008542857142857154,6.0,6.235304116263916,0.4401999999999999,7.5,2025-01-10 12:04:00,6.235304116263916,0.4401999999999999,7.5,2025-01-10 12:04:00,False,,True,2025-01-10 12:22:00,6.54,5.576746841275358,6.791017399600646,6.625282868763184,0.20575026381526307,-0.008370295114476706,0.21412055892973977
MYSE,2025-01-10,2025-01-10 11:58:00,False,clean_breakout,previous_high_break_with_pullback_low_support_or_previous_resistance,6.9922,7.3,6.92,7.2711,1232267.0,915976.45,1.345304237898256,0.7339473684210509,0.07605263157894777,0.19000000000000133,0.9239473684210522,2025-01-10 11:55:00,7.23,7.0598,1593666.0,839296.95,0.3151851851851858,2025-01-10 11:56:00,6.9,7.0099,0.4397759103641455,0.04564315352697096,0.00568464730290446,3.0,3.1480793827618974,0.22890000000000033,7.5,2025-01-10 12:04:00,3.1480793827618974,0.22890000000000033,7.5,2025-01-10 12:04:00,False,,True,2025-01-10 12:07:00,6.86,5.62781550995982,6.948488108595532,6.749063081400139,0.23326626490969904,0.016894469965203718,0.21637179494449532
SEGG,2026-05-18,2026-05-18 10:08:00,False,clean_breakout,previous_high_break_with_pullback_low_support_or_previous_resistance,2.2,2.26,2.18,2.26,67727.0,25138.95,2.6941061579739807,0.7499999999999986,0.0,0.2500000000000014,1.0,2026-05-18 10:06:00,2.18,2.175,33322.0,19110.75,0.3333333333333531,2026-05-18 10:07:00,2.18,2.198,0.0,0.0,0.03669724770642185,2.0,14.154867256637171,0.3199000000000001,2.5799,2026-05-18 11:57:00,9.292035398230107,0.2100000000000004,2.47,2026-05-18 10:17:00,False,,False,,,2.07786542865218,2.178315334762509,2.1424384692666547,0.042324582727812476,0.004666690471004778,0.0376578922568077
RADX,2025-03-03,2025-03-03 11:48:00,False,clean_breakout,previous_high_break_with_pullback_low_support_or_previous_resistance,9.44,10.48,9.3,10.48,125847.0,121771.35,1.0334696954579217,0.8813559322033908,0.0,0.11864406779660917,1.0,2025-03-03 11:42:00,10.27,10.04,211283.0,101817.0,0.4035087719298251,2025-03-03 11:45:00,9.3,9.68,0.4999999999999985,0.09444985394352472,0.020447906523855974,6.0,4.961832061068698,0.5199999999999996,11.0,2025-03-03 11:50:00,4.961832061068698,0.5199999999999996,11.0,2025-03-03 11:50:00,False,,True,2025-03-03 12:03:00,8.4,8.791558835870115,9.729387181382739,9.198700499374135,0.6675720520044468,-0.036570182570557996,0.7041422345750048
RGTI,2024-12-10,2024-12-10 12:03:00,False,clean_breakout,previous_high_break_with_pullback_low_support_or_previous_resistance,6.05,6.19,6.04,6.1895,829432.0,559917.25,1.4813474669694495,0.9299999999999975,0.0033333333333373993,0.06666666666666508,0.9966666666666626,2024-12-10 11:59:00,6.15,6.105,847775.0,472827.75,0.40909090909090723,2024-12-10 12:01:00,6.0,6.0,0.0,0.02439024390243908,0.006422764227642182,4.0,30.70522659342435,1.9005,8.09,2024-12-10 19:21:00,9.944260441069552,0.6154999999999999,6.805,2024-12-10 12:30:00,False,,False,,,5.340733878300545,6.012421986378615,5.87898775085425,0.1369204822297192,0.03502107187358053,0.10189941035613867
RGTI,2024-12-10,2024-12-10 12:30:00,False,clean_breakout,previous_high_break_with_pullback_low_support_or_previous_resistance,6.585,6.805,6.58,6.76,1361344.0,850043.7,1.6014988405890191,0.7777777777777782,0.2,0.022222222222221782,0.8,2024-12-10 12:28:00,6.63,6.615,970670.0,865251.6,0.12571428571428406,2024-12-10 12:29:00,6.55,6.59,0.5,0.012066365007541489,0.019607843137254888,2.0,19.674556213017752,1.33,8.09,2024-12-10 19:21:00,0.14792899408283708,0.009999999999999787,6.77,2024-12-10 12:31:00,False,,True,2024-12-10 12:32:00,6.44,5.519255854478543,6.573503088974477,6.461818856244936,0.13767723931289577,0.008598542690591654,0.12907869662230412
RGTI,2024-12-10,2024-12-10 13:48:00,False,clean_breakout,previous_high_break_with_pullback_low_support_or_previous_resistance,6.765,6.89,6.75,6.8804,1033532.0,516507.35,2.0010015346345025,0.8242857142857174,0.06857142857142752,0.1071428571428551,0.9314285714285725,2024-12-10 13:45:00,6.81,6.7982,481095.0,487947.6,0.1966666666666685,2024-12-10 13:46:00,6.7,6.7199,0.19899999999999876,0.016152716593245145,0.01033773861967698,3.0,17.580373234114298,1.2096,8.09,2024-12-10 19:21:00,0.13952677169931735,0.009599999999999831,6.89,2024-12-10 13:49:00,False,,True,2024-12-10 13:52:00,6.66,5.7321706691387,6.759502290485842,6.686510499104461,0.08229101361072555,0.01089312837693314,0.07139788523379241
RXT,2026-02-26,2026-02-26 14:42:00,False,clean_breakout,previous_high_break_with_pullback_low_support_or_previous_resistance,2.2537,2.36,2.24,2.355,1565718.0,592359.55,2.643188583690429,0.8441666666666704,0.041666666666665894,0.11416666666666367,0.9583333333333341,2026-02-26 14:38:00,2.29,2.2533,622027.0,585474.35,0.7196078431372561,2026-02-26 14:40:00,2.2301,2.2555,0.6649214659685866,0.026157205240174602,0.02838427947598251,4.0,12.526539278131633,0.29499999999999993,2.65,2026-02-26 16:21:00,1.9108280254777041,0.04499999999999993,2.4,2026-02-26 14:43:00,False,,True,2026-02-26 14:59:00,2.15,1.81656568506541,2.262620400865745,2.211785494108931,0.06200592422833706,0.002016862114069394,0.05998906211426767
QMCO,2024-12-18,2024-12-18 09:49:00,False,clean_breakout,previous_high_break_with_pullback_low_support_or_previous_resistance,24.98,26.0,24.78,25.95,35056.0,26977.25,1.2994652901982227,0.7950819672131145,0.04098360655737767,0.16393442622950777,0.9590163934426224,2024-12-18 09:47:00,25.5,25.4,39647.0,23366.75,0.1298701298701318,2024-12-18 09:48:00,24.55,24.78,0.24210526315789538,0.037254901960784285,0.017647058823529384,2.0,151.4450867052023,39.3,65.25,2024-12-18 16:32:00,9.441233140655104,2.4499999999999993,28.4,2024-12-18 10:14:00,False,,False,,,23.49220913597272,24.670816227859895,23.951661358475445,0.6831692346922615,0.24591857132290101,0.4372506633693605
QMCO,2024-12-18,2024-12-18 11:21:00,False,clean_breakout,previous_high_break_with_pullback_low_support_or_previous_resistance,29.0,30.0,28.98,29.99,73092.0,16184.45,4.516186833658233,0.9705882352941165,0.009803921568628988,0.019607843137254492,0.990196078431371,2024-12-18 11:18:00,29.0,28.6,17204.0,13063.9,0.6250000000000009,2024-12-18 11:19:00,28.18,28.5,0.5423728813559329,0.028275862068965527,0.034137931034482705,3.0,117.57252417472492,35.260000000000005,65.25,2024-12-18 16:32:00,23.941313771257096,7.180000000000003,37.17,2024-12-18 11:45:00,True,12.0,False,,,25.739331003036597,28.843544281522814,28.313415363077976,0.599822819378879,0.0604865153899099,0.5393363039889691
QMCO,2024-12-18,2024-12-18 11:33:00,False,clean_breakout,previous_high_break_with_pullback_low_support_or_previous_resistance,31.45,33.34,31.45,33.2,69616.0,27201.65,2.5592565156893055,0.9259259259259258,0.07407407407407421,0.0,0.9259259259259258,2024-12-18 11:28:00,31.75,31.51,45865.0,24290.45,0.44444444444444225,2024-12-18 11:30:00,31.07,31.21,0.2641509433962269,0.02141732283464566,0.04566929133858277,5.0,96.53614457831323,32.05,65.25,2024-12-18 16:32:00,28.012048192771072,9.299999999999997,42.5,2024-12-18 12:00:00,True,11.0,False,,,26.53043997494374,31.46430053227182,30.49442843198001,1.0954258039808273,0.1041427129242789,0.9912830910565484
QMCO,2024-12-18,2024-12-18 11:39:00,False,clean_breakout,previous_high_break_with_pullback_low_support_or_previous_resistance,32.91,33.9,32.6,33.9,41481.0,33156.5,1.2510669099573235,0.7615384615384647,0.0,0.23846153846153526,1.0,2024-12-18 11:35:00,33.5,32.5,55926.0,30303.35,0.4098360655737709,2024-12-18 11:36:00,32.2,32.68,0.3896103896103879,0.038805970149253646,0.011940298507462643,4.0,92.4778761061947,31.35,65.25,2024-12-18 16:32:00,25.368731563421836,8.600000000000001,42.5,2024-12-18 12:00:00,True,14.0,False,,,26.95268822499795,32.722272958731864,31.66968090598324,1.2264823739433481,0.09803632316198652,1.1284460507813616
QMCO,2024-12-18,2024-12-18 11:44:00,False,clean_breakout,previous_high_break_with_pullback_low_support_or_previous_resistance,34.5,36.7,34.23,36.21,80585.0,39974.25,2.015922750270487,0.692307692307691,0.19838056680161975,0.10931174089068926,0.8016194331983802,2024-12-18 11:41:00,35.53,35.31,77945.0,36088.6,0.18032786885245825,2024-12-18 11:43:00,33.3,34.45,0.22500000000000206,0.06276386152547155,0.019138755980861236,3.0,80.19884009942004,29.04,65.25,2024-12-18 16:32:00,17.37089201877934,6.289999999999999,42.5,2024-12-18 12:00:00,True,15.0,False,,,27.771907453912164,34.22945840311726,32.93579587811961,1.4723313545110557,0.17165933469663375,1.300672019814422
QMCO,2024-12-18,2024-12-18 11:53:00,False,clean_breakout,previous_high_break_with_pullback_low_support_or_previous_resistance,35.63,38.09,35.44,37.98,108312.0,50756.3,2.133961695395448,0.8867924528301846,0.04150943396226653,0.07169811320754883,0.9584905660377335,2024-12-18 11:45:00,37.17,36.34,64926.0,41205.3,0.6102941176470579,2024-12-18 11:49:00,33.33,33.6,0.3417721518987385,0.1033091202582729,0.02179176755447929,8.0,71.80094786729859,27.270000000000003,65.25,2024-12-18 16:32:00,17.03528172722487,6.470000000000006,44.45,2024-12-18 12:22:00,True,7.0,False,,,28.806964742074985,35.406253508416924,34.397367687425806,1.2575648764148397,-0.05262227831586541,1.3101871547307051
QMCO,2024-12-18,2024-12-18 09:49:00,False,clean_breakout,previous_high_break_with_pullback_low_support_or_previous_resistance,24.98,26.0,24.78,25.95,35056.0,26977.25,1.2994652901982227,0.7950819672131145,0.04098360655737767,0.16393442622950777,0.9590163934426224,2024-12-18 09:47:00,25.5,25.4,39647.0,23366.75,0.1298701298701318,2024-12-18 09:48:00,24.55,24.78,0.24210526315789538,0.037254901960784285,0.017647058823529384,2.0,151.4450867052023,39.3,65.25,2024-12-18 16:32:00,9.441233140655104,2.4499999999999993,28.4,2024-12-18 10:14:00,False,,False,,,23.49220913597272,24.670816227859895,23.951661358475445,0.6831692346922615,0.24591857132290101,0.4372506633693605
QMCO,2024-12-18,2024-12-18 11:21:00,False,clean_breakout,previous_high_break_with_pullback_low_support_or_previous_resistance,29.0,30.0,28.98,29.99,73092.0,16184.45,4.516186833658233,0.9705882352941165,0.009803921568628988,0.019607843137254492,0.990196078431371,2024-12-18 11:18:00,29.0,28.6,17204.0,13063.9,0.6250000000000009,2024-12-18 11:19:00,28.18,28.5,0.5423728813559329,0.028275862068965527,0.034137931034482705,3.0,117.57252417472492,35.260000000000005,65.25,2024-12-18 16:32:00,23.941313771257096,7.180000000000003,37.17,2024-12-18 11:45:00,True,12.0,False,,,25.739331003036597,28.843544281522814,28.313415363077976,0.599822819378879,0.0604865153899099,0.5393363039889691
QMCO,2024-12-18,2024-12-18 11:33:00,False,clean_breakout,previous_high_break_with_pullback_low_support_or_previous_resistance,31.45,33.34,31.45,33.2,69616.0,27201.65,2.5592565156893055,0.9259259259259258,0.07407407407407421,0.0,0.9259259259259258,2024-12-18 11:28:00,31.75,31.51,45865.0,24290.45,0.44444444444444225,2024-12-18 11:30:00,31.07,31.21,0.2641509433962269,0.02141732283464566,0.04566929133858277,5.0,96.53614457831323,32.05,65.25,2024-12-18 16:32:00,28.012048192771072,9.299999999999997,42.5,2024-12-18 12:00:00,True,11.0,False,,,26.53043997494374,31.46430053227182,30.49442843198001,1.0954258039808273,0.1041427129242789,0.9912830910565484
QMCO,2024-12-18,2024-12-18 11:39:00,False,clean_breakout,previous_high_break_with_pullback_low_support_or_previous_resistance,32.91,33.9,32.6,33.9,41481.0,33156.5,1.2510669099573235,0.7615384615384647,0.0,0.23846153846153526,1.0,2024-12-18 11:35:00,33.5,32.5,55926.0,30303.35,0.4098360655737709,2024-12-18 11:36:00,32.2,32.68,0.3896103896103879,0.038805970149253646,0.011940298507462643,4.0,92.4778761061947,31.35,65.25,2024-12-18 16:32:00,25.368731563421836,8.600000000000001,42.5,2024-12-18 12:00:00,True,14.0,False,,,26.95268822499795,32.722272958731864,31.66968090598324,1.2264823739433481,0.09803632316198652,1.1284460507813616
QMCO,2024-12-18,2024-12-18 11:44:00,False,clean_breakout,previous_high_break_with_pullback_low_support_or_previous_resistance,34.5,36.7,34.23,36.21,80585.0,39974.25,2.015922750270487,0.692307692307691,0.19838056680161975,0.10931174089068926,0.8016194331983802,2024-12-18 11:41:00,35.53,35.31,77945.0,36088.6,0.18032786885245825,2024-12-18 11:43:00,33.3,34.45,0.22500000000000206,0.06276386152547155,0.019138755980861236,3.0,80.19884009942004,29.04,65.25,2024-12-18 16:32:00,17.37089201877934,6.289999999999999,42.5,2024-12-18 12:00:00,True,15.0,False,,,27.771907453912164,34.22945840311726,32.93579587811961,1.4723313545110557,0.17165933469663375,1.300672019814422
QMCO,2024-12-18,2024-12-18 11:53:00,False,clean_breakout,previous_high_break_with_pullback_low_support_or_previous_resistance,35.63,38.09,35.44,37.98,108312.0,50756.3,2.133961695395448,0.8867924528301846,0.04150943396226653,0.07169811320754883,0.9584905660377335,2024-12-18 11:45:00,37.17,36.34,64926.0,41205.3,0.6102941176470579,2024-12-18 11:49:00,33.33,33.6,0.3417721518987385,0.1033091202582729,0.02179176755447929,8.0,71.80094786729859,27.270000000000003,65.25,2024-12-18 16:32:00,17.03528172722487,6.470000000000006,44.45,2024-12-18 12:22:00,True,7.0,False,,,28.806964742074985,35.406253508416924,34.397367687425806,1.2575648764148397,-0.05262227831586541,1.3101871547307051
QMCO,2024-12-26,2024-12-26 09:49:00,False,clean_breakout,previous_high_break_with_pullback_low_support_or_previous_resistance,48.0,49.37,47.94,49.17,28675.0,9140.25,3.137222723667296,0.8181818181818196,0.1398601398601369,0.041958041958043556,0.8601398601398631,2024-12-26 09:46:00,48.5,48.23,18025.0,7112.0,0.40909090909091594,2024-12-26 09:48:00,47.81,48.2,0.8974358974358816,0.014226804123711294,0.013814432989690756,3.0,61.663616026032116,30.319999999999993,79.49,2024-12-26 19:30:00,8.704494610534882,4.280000000000001,53.45,2024-12-26 09:58:00,False,,False,,,46.74396086649204,47.87145324427343,46.85826868524047,1.0678872879578165,0.19855053826895197,0.8693367496888645
QMCO,2024-12-26,2024-12-26 09:56:00,False,clean_breakout,previous_high_break_with_pullback_low_support_or_previous_resistance,49.04,50.88,48.97,50.88,35929.0,13000.6,2.7636416780763966,0.963350785340314,0.0,0.036649214659685944,1.0,2024-12-26 09:50:00,49.49,49.01,23302.0,9625.3,0.38095238095237977,2024-12-26 09:55:00,48.17,49.3,0.3008849557522103,0.026672054960598105,0.028086482117599527,6.0,56.23034591194966,28.609999999999992,79.49,2024-12-26 19:30:00,5.051100628930818,2.5700000000000003,53.45,2024-12-26 09:58:00,False,,False,,,47.69759468133307,49.136015999413466,48.106811630159136,1.1702252096232613,0.08725151900197448,1.0829736906212868
QMCO,2024-12-26,2024-12-26 12:37:00,False,clean_breakout,previous_high_break_with_pullback_low_support_or_previous_resistance,59.78,62.7,59.78,62.56,65992.0,10628.9,6.2087327945507065,0.9520547945205478,0.04794520547945222,0.0,0.9520547945205478,2024-12-26 12:34:00,59.9,59.51,9718.0,8142.5,0.12820512820512073,2024-12-26 12:35:00,58.86,59.3,0.555555555555552,0.017362270450751238,0.044407345575959996,3.0,27.062020460358045,16.929999999999993,79.49,2024-12-26 19:30:00,7.832480818414308,4.8999999999999915,67.46,2024-12-26 12:43:00,False,,False,,,53.5325963301368,59.88677979734848,59.02438034873874,0.826339608289345,0.2900698873304135,0.5362697209589316
QMCO,2024-12-26,2024-12-26 15:51:00,False,clean_breakout,previous_high_break_with_pullback_low_support_or_previous_resistance,69.65,70.58,69.49,70.58,30108.0,12731.5,2.3648431056827555,0.8532110091743025,0.0,0.14678899082569752,1.0,2024-12-26 15:49:00,69.7,69.69,8779.0,11719.95,0.028571428571442493,2024-12-26 15:50:00,69.35,69.67,0.5333333333333381,0.0050215208034434505,0.012625538020086018,2.0,12.62397279682629,8.909999999999997,79.49,2024-12-26 19:30:00,1.9127231510342995,1.3500000000000085,71.93,2024-12-26 15:53:00,False,,True,2024-12-26 15:56:00,69.3,59.03516649213518,69.34378438698077,68.49604380445604,1.029956488754948,0.05637234122653789,0.97358414752841
CPIX,2025-01-14,2025-01-14 10:59:00,False,clean_breakout,previous_high_break_with_pullback_low_support_or_previous_resistance,3.27,3.33,3.03,3.085,117923.0,16729.3,7.048890270363972,0.6166666666666663,0.2,0.1833333333333337,0.1833333333333337,2025-01-14 10:57:00,2.97,2.97,23476.0,5523.65,0.0,2025-01-14 10:58:00,2.9626,3.2844,0.0,0.002491582491582516,0.03872053872053864,2.0,27.390599675850897,0.8450000000000002,3.93,2025-01-14 11:09:00,27.390599675850897,0.8450000000000002,3.93,2025-01-14 11:09:00,True,4.0,True,2025-01-14 11:00:00,2.83,2.902291580286071,3.002502868420354,2.9176941536071,0.08543531790533931,0.02865831978168927,0.056776998123650044
GME,2024-06-06,2024-06-06 12:13:00,False,clean_breakout,previous_high_break_with_pullback_low_support_or_previous_resistance,33.87,34.22,33.81,34.2,415009.0,117554.4,3.5303570091804306,0.8048780487805077,0.04878048780486875,0.1463414634146236,0.9512195121951312,2024-06-06 12:11:00,33.96,33.78,121617.0,96866.4,0.6153846153846343,2024-06-06 12:12:00,33.61,33.84,0.6800000000000068,0.010306242638398157,0.007067137809187337,2.0,97.36842105263156,33.3,67.5,2024-06-06 19:42:00,3.011695906432731,1.029999999999994,35.23,2024-06-06 12:41:00,False,,True,2024-06-06 12:26:00,33.51,32.94120861364268,33.83547791347825,33.67314672320145,0.1643908037388755,0.043587191304765655,0.12080361243410984
GME,2024-06-06,2024-06-06 13:36:00,False,clean_breakout,previous_high_break_with_pullback_low_support_or_previous_resistance,39.88,41.64,39.84,41.64,1526294.0,656942.55,2.323329490531554,0.9777777777777782,0.0,0.022222222222221782,1.0,2024-06-06 13:34:00,39.74,39.7,650353.0,570448.15,0.07692307692307482,2024-06-06 13:35:00,39.46,39.93,0.5000000000000074,0.007045797684952218,0.04781077000503267,2.0,62.10374639769453,25.86,67.5,2024-06-06 19:42:00,6.652257444764639,2.769999999999996,44.41,2024-06-06 13:44:00,False,,True,2024-06-06 13:57:00,39.03,34.95590413771734,39.6498750702514,38.71864136182832,0.9800064245256266,0.23703735216733746,0.7429690723582891
DFLI,2025-10-02,2025-10-02 12:45:00,False,clean_breakout,previous_high_break_with_pullback_low_support_or_previous_resistance,8.917,9.1,8.911,9.067,186348.7,78414.975,2.376442764918308,0.7936507936507953,0.17460317460317176,0.03174603174603294,0.8253968253968282,2025-10-02 12:42:00,9.0,8.951,180352.6,64675.125000000015,0.1599999999999801,2025-10-02 12:43:00,8.758,8.862,0.5148514851485153,0.026888888888888986,0.007444444444444464,3.0,80.87570309915074,7.332999999999998,16.4,2025-10-02 16:51:00,6.981360979375749,0.6329999999999991,9.7,2025-10-02 12:55:00,False,,False,,,8.187058151049296,8.878230066934835,8.743693906600114,0.1349842084893087,0.03228936265318477,0.10269484583612393
QMCO,2024-11-22,2024-11-22 11:19:00,False,clean_breakout,previous_high_break_with_pullback_low_support_or_previous_resistance,7.2,8.13,7.2,8.08,574693.0,199997.85,2.873495890080818,0.9462365591397842,0.05376344086021578,0.0,0.9462365591397842,2024-11-22 11:17:00,7.69,7.33,258605.0,173351.0,0.48717948717948745,2024-11-22 11:18:00,7.12,7.2,0.26666666666666705,0.07412223667100133,0.05071521456436927,2.0,41.95544554455446,3.3900000000000006,11.47,2024-11-22 19:14:00,16.0891089108911,1.3000000000000007,9.38,2024-11-22 11:26:00,True,7.0,False,,,6.620931806819565,7.270912623115695,6.8503590329852475,0.4535545760855415,0.102947870757091,0.3506067053284505
QMCO,2024-11-22,2024-11-22 13:57:00,False,clean_breakout,previous_high_break_with_pullback_low_support_or_previous_resistance,8.44,9.3,8.42,9.0,370649.0,93214.8,3.97628917296395,0.6363636363636364,0.34090909090909144,0.02272727272727222,0.6590909090909086,2024-11-22 13:53:00,8.97,8.65,183003.0,64598.4,0.744186046511626,2024-11-22 13:56:00,8.38,8.52,0.3103448275862073,0.06577480490523967,0.003344481605351099,4.0,27.44444444444445,2.4700000000000006,11.47,2024-11-22 19:14:00,13.999999999999998,1.2599999999999998,10.26,2024-11-22 14:27:00,True,7.0,False,,,7.760285637916442,8.420411085595266,8.063768805853638,0.34091277155446154,0.1410179613975468,0.19989481015691474
VLN,2026-01-09,2026-01-09 09:45:00,False,clean_breakout,previous_high_break_with_pullback_low_support_or_previous_resistance,1.78,1.96,1.76,1.96,612510.0,49616.0,12.345009674298613,0.8999999999999999,0.0,0.10000000000000012,1.0,2026-01-09 09:43:00,1.78,1.775,13328.0,16576.55,0.25000000000000555,2026-01-09 09:44:00,1.78,1.785,0.0,0.0,0.10112359550561795,2.0,38.77551020408164,0.7600000000000002,2.72,2026-01-09 15:07:00,1.4948979591836786,0.029300000000000104,1.9893,2026-01-09 10:01:00,False,,False,,,1.7963563083757874,1.7797778677256981,1.7340862316442762,0.03697444635359082,0.02732157400310486,0.009652872350485956
VLN,2026-01-09,2026-01-09 10:50:00,False,clean_breakout,previous_high_break_with_pullback_low_support_or_previous_resistance,2.0234,2.05,2.0201,2.05,91011.0,64166.3,1.4183613516752562,0.8896321070234013,0.0,0.11036789297659862,1.0,2026-01-09 10:48:00,2.03,2.025,65455.0,73378.1,0.24999999999999445,2026-01-09 10:49:00,2.0108,2.03,0.7395833333333343,0.009458128078817568,0.009852216748768483,2.0,32.68292682926832,0.6700000000000004,2.72,2026-01-09 15:07:00,3.4146341463414775,0.07000000000000028,2.12,2026-01-09 11:09:00,False,,False,,,1.9085204839665304,2.0143822817380257,1.9894618507370974,0.02709543027584349,0.006631577009632867,0.020463853266210624
VLN,2026-01-09,2026-01-09 11:33:00,False,clean_breakout,previous_high_break_with_pullback_low_support_or_previous_resistance,2.115,2.145,2.115,2.135,198320.0,63092.65,3.14331384083566,0.6666666666666567,0.3333333333333432,0.0,0.6666666666666567,2026-01-09 11:31:00,2.12,2.11,38403.0,55527.65,0.5000000000000111,2026-01-09 11:32:00,2.11,2.12,0.7999999999999823,0.004716981132075581,0.007075471698113057,2.0,27.400468384074962,0.5850000000000004,2.72,2026-01-09 15:07:00,3.0444964871194564,0.06500000000000039,2.2,2026-01-09 11:46:00,False,,True,2026-01-09 11:57:00,2.095,1.9640470097573715,2.1145451928627086,2.105186778708493,0.012662560671553358,-9.46530586396939e-05,0.012757213730193052
VLN,2026-01-09,2026-01-09 12:35:00,False,clean_breakout,previous_high_break_with_pullback_low_support_or_previous_resistance,2.26,2.3,2.26,2.2973,99525.0,97355.6,1.022283258487442,0.932500000000002,0.06749999999999806,0.0,0.932500000000002,2026-01-09 12:31:00,2.295,2.2742,262434.0,89954.7,0.11111111111110891,2026-01-09 12:34:00,2.25,2.26,0.0,0.01960784313725487,0.0010021786492374592,4.0,18.39986070604624,0.4227000000000003,2.72,2026-01-09 15:07:00,3.5955251817350904,0.08260000000000023,2.3799,2026-01-09 12:39:00,False,,False,,,2.0388282629025154,2.2562815501105637,2.22667011089586,0.032220336727585064,0.005683011102627627,0.026537325624957437
VLN,2026-01-09,2026-01-09 14:38:00,False,clean_breakout,previous_high_break_with_pullback_low_support_or_previous_resistance,2.42,2.46,2.4136,2.455,302690.0,124763.45,2.4261111727833753,0.754310344827593,0.1077586206896534,0.13793103448275368,0.8922413793103466,2026-01-09 14:35:00,2.41,2.3985,160369.0,112076.15,0.5750000000000138,2026-01-09 14:37:00,2.39,2.41,0.1666666666666642,0.008298755186721999,0.01867219917012445,3.0,10.794297352342163,0.2650000000000001,2.72,2026-01-09 15:07:00,10.794297352342163,0.2650000000000001,2.72,2026-01-09 15:07:00,True,29.0,False,,,2.145041978898829,2.4058464027770707,2.3836853877781365,0.024700525195365586,0.003741993247217419,0.020958531948148167
VLN,2026-01-09,2026-01-09 15:07:00,False,clean_breakout,previous_high_break_with_pullback_low_support_or_previous_resistance,2.64,2.72,2.63,2.715,451139.0,330792.8,1.363811425157984,0.8333333333333276,0.05555555555555912,0.1111111111111133,0.9444444444444409,2026-01-09 15:04:00,2.69,2.632,442668.0,335348.85,0.12624999999999986,2026-01-09 15:06:00,2.62,2.63,0.19999999999999646,0.026022304832713696,0.009293680297397737,3.0,0.14364640883978771,0.0039000000000002366,2.7189,2026-01-09 15:08:00,0.14364640883978771,0.0039000000000002366,2.7189,2026-01-09 15:08:00,False,,True,2026-01-09 15:15:00,2.52,2.273135602025638,2.651788817274494,2.609156161834301,0.052226717011935264,0.0011214167076170206,0.051105300304318244
MNTS,2025-08-13,2025-08-13 09:42:00,False,clean_breakout,previous_high_break_with_pullback_low_support_or_previous_resistance,37.305,40.1628,36.4143,39.4488,259838.15919,122731.23570810007,2.117131451426029,0.5719087635054019,0.1904761904761901,0.23761504601840802,0.8095238095238099,2025-08-13 09:35:00,38.9133,37.6941,244164.436074,75862.0372395,0.40177953534354927,2025-08-13 09:38:00,33.9152,35.7003,0.19232095147806647,0.12844194658381583,0.01376136179660936,7.0,10.407160674088944,4.105499999999999,43.5543,2025-08-13 14:57:00,5.42982296039424,2.142000000000003,41.5908,2025-08-13 09:46:00,False,,True,2025-08-13 10:10:00,33.7367,31.993074223722978,36.6174588525687,35.35648565213198,1.3522803463269142,0.25544104164748727,1.096839304679427
MNTS,2025-08-13,2025-08-13 14:41:00,False,clean_breakout,previous_high_break_with_pullback_low_support_or_previous_resistance,35.6878,38.3778,35.5432,36.9498,123460.387248,16699.6203888,7.393005611720472,0.4452127284272912,0.5037747830381699,0.0510124885345389,0.4962252169618301,2025-08-13 14:39:00,35.7003,35.254,13031.949684,11207.1534813,0.0033613445378072987,2025-08-13 14:40:00,35.1648,35.611,0.1665732959850576,0.014999873950639042,0.03499970588482463,2.0,17.874251010830893,6.6044999999999945,43.5543,2025-08-13 14:57:00,17.874251010830893,6.6044999999999945,43.5543,2025-08-13 14:57:00,True,15.0,False,,,33.23913636231062,35.39489130580437,34.754441103450226,0.6435306552103555,0.23659464600339297,0.4069360092069625
MNTS,2025-08-13,2025-08-13 14:56:00,False,clean_breakout,previous_high_break_with_pullback_low_support_or_previous_resistance,39.663,41.4123,39.2703,41.4123,96156.328866,41717.3649288,2.304947329010647,0.816666666666668,0.0,0.18333333333333207,1.0,2025-08-13 14:54:00,39.2703,38.9311,32064.75192,34995.304756499994,0.47507002801120285,2025-08-13 14:55:00,38.9133,39.804,0.1285314125650281,0.009090839642172312,0.05454503785303405,2.0,5.172376322976497,2.141999999999996,43.5543,2025-08-13 14:57:00,5.172376322976497,2.141999999999996,43.5543,2025-08-13 14:57:00,False,,True,2025-08-13 15:01:00,38.7348,33.459803804181355,39.04278679877046,37.8224123635286,1.3280256179120542,0.21807623354880468,1.1099493843632495
ANNA,2026-03-24,2026-03-24 09:52:00,False,clean_breakout,previous_high_break_with_pullback_low_support_or_previous_resistance,8.05,8.41,8.05,8.36,822760.0,537793.1,1.529882030840485,0.8611111111111089,0.1388888888888911,0.0,0.8611111111111089,2026-03-24 09:43:00,8.27,8.19,676256.0,483188.45,0.3478260869565214,2026-03-24 09:45:00,7.76,7.84,0.1904761904761907,0.06166868198307132,0.010882708585247867,9.0,3.1100478468899495,0.2599999999999998,8.62,2026-03-24 13:50:00,1.6746411483253658,0.14000000000000057,8.5,2026-03-24 10:18:00,False,,True,2026-03-24 10:00:00,7.69,7.488649965217931,8.033163147487782,7.852320218682788,0.23149774925326838,-0.026638135809718855,0.25813588506298724
RILY,2025-02-26,2025-02-26 10:24:00,False,clean_breakout,previous_high_break_with_pullback_low_support_or_previous_resistance,4.75,4.8,4.73,4.8,2775.0,9050.4,0.306616282153275,0.714285714285718,0.0,0.2857142857142821,1.0,2025-02-26 10:22:00,4.78,4.78,11027.0,8441.75,0.0,2025-02-26 10:23:00,4.72,4.74,0.33333333333333826,0.01255230125523023,0.004184100418409952,2.0,32.291666666666664,1.5499999999999998,6.35,2025-02-26 14:56:00,1.8749999999999971,0.08999999999999986,4.89,2025-02-26 10:52:00,False,,False,,,4.515788842630135,4.72523245574415,4.67592135295316,0.05971495709239871,0.006394218808998806,0.05332073828339991
RILY,2025-02-26,2025-02-26 11:34:00,False,clean_breakout,previous_high_break_with_pullback_low_support_or_previous_resistance,4.98,5.05,4.97,5.02,62296.0,16233.6,3.837472895722452,0.4999999999999889,0.3750000000000028,0.12500000000000833,0.6249999999999972,2025-02-26 11:31:00,5.0,4.96,18711.0,12956.5,0.0,2025-02-26 11:32:00,4.92,4.93,0.16666666666666174,0.016000000000000014,0.003999999999999915,3.0,26.494023904382473,1.33,6.35,2025-02-26 14:56:00,11.155378486055788,0.5600000000000005,5.58,2025-02-26 12:04:00,True,20.0,False,,,4.723971127174447,4.963580747222123,4.928686673627903,0.037085301400776594,0.0061680597505514335,0.03091724165022516
RILY,2025-02-26,2025-02-26 11:44:00,False,clean_breakout,previous_high_break_with_pullback_low_support_or_previous_resistance,5.03,5.1,5.02,5.1,32057.0,21099.4,1.519332303288245,0.8749999999999917,0.0,0.12500000000000833,1.0,2025-02-26 11:36:00,5.05,4.99,56284.0,20433.45,0.33333333333333665,2025-02-26 11:38:00,4.95,4.97,0.3999999999999929,0.019801980198019733,0.009900990099009866,8.0,24.50980392156863,1.25,6.35,2025-02-26 14:56:00,13.52941176470589,0.6900000000000004,5.79,2025-02-26 12:14:00,True,26.0,False,,,4.758942702772832,5.0271574247013575,4.989416982926912,0.04252111612534826,0.0045483272501741084,0.03797278887517415
RILY,2025-02-26,2025-02-26 11:45:00,False,clean_breakout,previous_high_break_with_pullback_low_support_or_previous_resistance,5.1,5.23,5.09,5.22,112296.0,25770.75,4.357498326591194,0.8571428571428544,0.07142857142857596,0.07142857142856962,0.928571428571424,2025-02-26 11:43:00,5.05,5.03,11572.0,19847.95,0.666666666666647,2025-02-26 11:44:00,5.02,5.1,0.12500000000000833,0.00594059405940599,0.03366336633663365,2.0,21.64750957854406,1.13,6.35,2025-02-26 14:56:00,12.452107279693495,0.6500000000000004,5.87,2025-02-26 12:15:00,True,29.0,False,,,4.783425176383599,5.065725939761085,5.011377270267206,0.055678259689866394,0.014825730170328039,0.040852529519538355
CRVO,2025-03-12,2025-03-12 10:19:00,False,clean_breakout,previous_high_break_with_pullback_low_support_or_previous_resistance,4.06,4.48,4.02,4.3726,1026384.0,781829.65,1.3127974872787185,0.6795652173913045,0.23347826086956514,0.08695652173913035,0.7665217391304349,2025-03-12 10:16:00,4.19,4.159,916820.0,720423.5,0.14090909090909343,2025-03-12 10:17:00,3.95,4.009,0.2567449956483906,0.057279236276849686,0.04357995226730307,3.0,71.06527009102136,3.1074,7.48,2025-03-12 16:18:00,34.24507158212505,1.4973999999999998,5.87,2025-03-12 10:45:00,True,15.0,True,2025-03-12 10:27:00,3.83,3.7347261544151826,4.028637892111599,3.7612891368467283,0.31493601599524723,0.025727397317085288,0.28920861867816194
CRVO,2025-03-12,2025-03-12 10:36:00,False,clean_breakout,previous_high_break_with_pullback_low_support_or_previous_resistance,4.6004,5.15,4.57,4.94,1425057.0,768183.9,1.855098759554841,0.5855172413793116,0.36206896551724127,0.05241379310344709,0.6379310344827587,2025-03-12 10:34:00,4.82,4.699,1050375.0,746529.65,0.5041666666666681,2025-03-12 10:35:00,4.44,4.61,0.5151515151515162,0.07883817427385889,0.024896265560165994,2.0,51.417004048582996,2.54,7.48,2025-03-12 16:18:00,32.38866396761132,1.5999999999999996,6.54,2025-03-12 10:56:00,True,5.0,False,,,3.9989850004213436,4.4561365474375725,4.230309009985399,0.25095993161628805,0.06466226616056928,0.18629766545571877
MYSE,2025-01-07,2025-01-07 12:43:00,False,clean_breakout,previous_high_break_with_pullback_low_support_or_previous_resistance,3.81,4.1,3.74,4.084,1542770.0,467662.2,3.2988982218361884,0.7611111111111112,0.04444444444444456,0.1944444444444443,0.9555555555555555,2025-01-07 12:41:00,3.9799,3.8797,1123300.0,371139.6,0.5897586815773983,2025-01-07 12:42:00,3.78,3.82,0.30769230769230715,0.05022739264805658,0.026156436091358932,2.0,131.63565132223314,5.376000000000001,9.46,2025-01-07 16:02:00,7.002938295788455,0.2860000000000005,4.37,2025-01-07 13:13:00,False,,True,2025-01-07 12:52:00,3.77,3.2289013250446033,3.787699932377195,3.654779194220075,0.1277887679515275,0.047727155795069434,0.08006161215645806
CRVO,2025-03-12,2025-03-12 10:19:00,False,clean_breakout,previous_high_break_with_pullback_low_support_or_previous_resistance,4.06,4.48,4.02,4.3726,1026384.0,781829.65,1.3127974872787185,0.6795652173913045,0.23347826086956514,0.08695652173913035,0.7665217391304349,2025-03-12 10:16:00,4.19,4.159,916820.0,720423.5,0.14090909090909343,2025-03-12 10:17:00,3.95,4.009,0.2567449956483906,0.057279236276849686,0.04357995226730307,3.0,71.06527009102136,3.1074,7.48,2025-03-12 16:18:00,34.24507158212505,1.4973999999999998,5.87,2025-03-12 10:45:00,True,15.0,True,2025-03-12 10:27:00,3.83,3.7347261544151826,4.028637892111599,3.7612891368467283,0.31493601599524723,0.025727397317085288,0.28920861867816194
CRVO,2025-03-12,2025-03-12 10:36:00,False,clean_breakout,previous_high_break_with_pullback_low_support_or_previous_resistance,4.6004,5.15,4.57,4.94,1425057.0,768183.9,1.855098759554841,0.5855172413793116,0.36206896551724127,0.05241379310344709,0.6379310344827587,2025-03-12 10:34:00,4.82,4.699,1050375.0,746529.65,0.5041666666666681,2025-03-12 10:35:00,4.44,4.61,0.5151515151515162,0.07883817427385889,0.024896265560165994,2.0,51.417004048582996,2.54,7.48,2025-03-12 16:18:00,32.38866396761132,1.5999999999999996,6.54,2025-03-12 10:56:00,True,5.0,False,,,3.9989850004213436,4.4561365474375725,4.230309009985399,0.25095993161628805,0.06466226616056928,0.18629766545571877
QMCO,2024-12-18,2024-12-18 09:49:00,False,clean_breakout,previous_high_break_with_pullback_low_support_or_previous_resistance,24.98,26.0,24.78,25.95,35056.0,26977.25,1.2994652901982227,0.7950819672131145,0.04098360655737767,0.16393442622950777,0.9590163934426224,2024-12-18 09:47:00,25.5,25.4,39647.0,23366.75,0.1298701298701318,2024-12-18 09:48:00,24.55,24.78,0.24210526315789538,0.037254901960784285,0.017647058823529384,2.0,151.4450867052023,39.3,65.25,2024-12-18 16:32:00,9.441233140655104,2.4499999999999993,28.4,2024-12-18 10:14:00,False,,False,,,23.49220913597272,24.670816227859895,23.951661358475445,0.6831692346922615,0.24591857132290101,0.4372506633693605
QMCO,2024-12-18,2024-12-18 11:21:00,False,clean_breakout,previous_high_break_with_pullback_low_support_or_previous_resistance,29.0,30.0,28.98,29.99,73092.0,16184.45,4.516186833658233,0.9705882352941165,0.009803921568628988,0.019607843137254492,0.990196078431371,2024-12-18 11:18:00,29.0,28.6,17204.0,13063.9,0.6250000000000009,2024-12-18 11:19:00,28.18,28.5,0.5423728813559329,0.028275862068965527,0.034137931034482705,3.0,117.57252417472492,35.260000000000005,65.25,2024-12-18 16:32:00,23.941313771257096,7.180000000000003,37.17,2024-12-18 11:45:00,True,12.0,False,,,25.739331003036597,28.843544281522814,28.313415363077976,0.599822819378879,0.0604865153899099,0.5393363039889691
QMCO,2024-12-18,2024-12-18 11:33:00,False,clean_breakout,previous_high_break_with_pullback_low_support_or_previous_resistance,31.45,33.34,31.45,33.2,69616.0,27201.65,2.5592565156893055,0.9259259259259258,0.07407407407407421,0.0,0.9259259259259258,2024-12-18 11:28:00,31.75,31.51,45865.0,24290.45,0.44444444444444225,2024-12-18 11:30:00,31.07,31.21,0.2641509433962269,0.02141732283464566,0.04566929133858277,5.0,96.53614457831323,32.05,65.25,2024-12-18 16:32:00,28.012048192771072,9.299999999999997,42.5,2024-12-18 12:00:00,True,11.0,False,,,26.53043997494374,31.46430053227182,30.49442843198001,1.0954258039808273,0.1041427129242789,0.9912830910565484
QMCO,2024-12-18,2024-12-18 11:39:00,False,clean_breakout,previous_high_break_with_pullback_low_support_or_previous_resistance,32.91,33.9,32.6,33.9,41481.0,33156.5,1.2510669099573235,0.7615384615384647,0.0,0.23846153846153526,1.0,2024-12-18 11:35:00,33.5,32.5,55926.0,30303.35,0.4098360655737709,2024-12-18 11:36:00,32.2,32.68,0.3896103896103879,0.038805970149253646,0.011940298507462643,4.0,92.4778761061947,31.35,65.25,2024-12-18 16:32:00,25.368731563421836,8.600000000000001,42.5,2024-12-18 12:00:00,True,14.0,False,,,26.95268822499795,32.722272958731864,31.66968090598324,1.2264823739433481,0.09803632316198652,1.1284460507813616
QMCO,2024-12-18,2024-12-18 11:44:00,False,clean_breakout,previous_high_break_with_pullback_low_support_or_previous_resistance,34.5,36.7,34.23,36.21,80585.0,39974.25,2.015922750270487,0.692307692307691,0.19838056680161975,0.10931174089068926,0.8016194331983802,2024-12-18 11:41:00,35.53,35.31,77945.0,36088.6,0.18032786885245825,2024-12-18 11:43:00,33.3,34.45,0.22500000000000206,0.06276386152547155,0.019138755980861236,3.0,80.19884009942004,29.04,65.25,2024-12-18 16:32:00,17.37089201877934,6.289999999999999,42.5,2024-12-18 12:00:00,True,15.0,False,,,27.771907453912164,34.22945840311726,32.93579587811961,1.4723313545110557,0.17165933469663375,1.300672019814422
QMCO,2024-12-18,2024-12-18 11:53:00,False,clean_breakout,previous_high_break_with_pullback_low_support_or_previous_resistance,35.63,38.09,35.44,37.98,108312.0,50756.3,2.133961695395448,0.8867924528301846,0.04150943396226653,0.07169811320754883,0.9584905660377335,2024-12-18 11:45:00,37.17,36.34,64926.0,41205.3,0.6102941176470579,2024-12-18 11:49:00,33.33,33.6,0.3417721518987385,0.1033091202582729,0.02179176755447929,8.0,71.80094786729859,27.270000000000003,65.25,2024-12-18 16:32:00,17.03528172722487,6.470000000000006,44.45,2024-12-18 12:22:00,True,7.0,False,,,28.806964742074985,35.406253508416924,34.397367687425806,1.2575648764148397,-0.05262227831586541,1.3101871547307051
CODX,2026-05-26,2026-05-26 12:04:00,False,clean_breakout,previous_high_break_with_pullback_low_support_or_previous_resistance,8.86,9.25,8.85,9.2001,368387.0,121758.8,3.0255472294405004,0.8502500000000027,0.12474999999999781,0.024999999999999446,0.8752500000000022,2026-05-26 12:01:00,9.14,8.97,389562.0,93493.85,0.4862068965517226,2026-05-26 12:02:00,8.75,8.8201,0.2809619238476963,0.04266958424507664,0.006575492341356702,3.0,17.390028369256854,1.5998999999999999,10.8,2026-05-26 13:21:00,2.716274823099732,0.24989999999999846,9.45,2026-05-26 12:22:00,False,,True,2026-05-26 12:07:00,8.67,7.579646969363369,8.793380550394716,8.568360459325906,0.20413112258026622,0.10702413922470586,0.09710698335556037
CODX,2026-05-26,2026-05-26 13:07:00,False,clean_breakout,previous_high_break_with_pullback_low_support_or_previous_resistance,9.58,9.78,9.5001,9.72,264632.0,106335.45,2.4886526553468293,0.5001786352268695,0.21436227224008148,0.285459092533049,0.7856377277599185,2026-05-26 13:03:00,9.6,9.52,168523.0,91815.25,0.3333333333333333,2026-05-26 13:05:00,9.42,9.49,0.5833333333333395,0.01874999999999997,0.012500000000000105,4.0,11.11111111111111,1.08,10.8,2026-05-26 13:21:00,11.11111111111111,1.08,10.8,2026-05-26 13:21:00,True,13.0,True,2026-05-26 13:09:00,9.34,7.967051104485972,9.477078070532944,9.29556622215892,0.17822007170700083,0.05616818571777535,0.12205188598922548
DXYZ,2024-11-08,2024-11-08 10:01:00,False,clean_breakout,previous_high_break_with_pullback_low_support_or_previous_resistance,26.26,27.34,26.15,27.34,79559.0,48473.85,1.6412766883587748,0.9075630252100816,0.0,0.09243697478991837,1.0,2024-11-08 09:59:00,27.0,26.4,54700.0,45272.55,0.6499999999999994,2024-11-08 10:00:00,26.09,26.38,0.4461538461538458,0.03370370370370371,0.012592592592592588,2.0,56.437454279444054,15.430000000000003,42.77,2024-11-08 14:15:00,13.3138258961229,3.6400000000000006,30.98,2024-11-08 10:15:00,True,13.0,False,,,25.253627327421565,26.516494164487778,26.012034508700438,0.530795482885889,0.08467391889713388,0.4461215639887551
DXYZ,2024-11-08,2024-11-08 10:02:00,False,clean_breakout,previous_high_break_with_pullback_low_support_or_previous_resistance,27.35,28.5,27.1,28.1,143674.0,54825.85,2.6205521665418776,0.5357142857142863,0.285714285714285,0.17857142857142874,0.714285714285715,2024-11-08 09:59:00,27.0,26.4,54700.0,45272.55,0.6499999999999994,2024-11-08 10:00:00,26.09,26.38,0.4461538461538458,0.03370370370370371,0.04074074074074079,3.0,52.20640569395019,14.670000000000002,42.77,2024-11-08 14:15:00,10.249110320284693,2.879999999999999,30.98,2024-11-08 10:15:00,True,13.0,False,,,25.449207224409246,26.833195331590225,26.210888365014682,0.6303354244436612,0.141390768070718,0.4889446563729432
DXYZ,2024-11-08,2024-11-08 13:41:00,False,clean_breakout,previous_high_break_with_pullback_low_support_or_previous_resistance,37.19,37.9,36.9,37.85,53435.0,41812.1,1.277979340908493,0.6600000000000037,0.04999999999999716,0.28999999999999915,0.9500000000000028,2024-11-08 13:35:00,37.5,36.28,73195.0,39376.25,0.21608040201004988,2024-11-08 13:36:00,36.25,36.76,0.027397260273977004,0.03333333333333333,0.00933333333333337,6.0,12.998678996036992,4.920000000000002,42.77,2024-11-08 14:15:00,6.737120211360627,2.549999999999997,40.4,2024-11-08 14:08:00,False,,True,2024-11-08 13:50:00,35.86,29.98763787470922,36.87483522886549,36.07416835049976,0.873599240199141,0.11355561687221072,0.7600436233269303
DXYZ,2024-11-08,2024-11-08 15:56:00,False,clean_breakout,previous_high_break_with_pullback_low_support_or_previous_resistance,35.73,37.0,35.6,36.88,75931.0,28052.2,2.7067752261854685,0.8214285714285763,0.08571428571428398,0.09285714285713971,0.914285714285716,2024-11-08 15:42:00,35.9,35.82,25895.0,30908.35,0.12307692307692072,2024-11-08 15:44:00,34.63,35.32,0.5402298850574715,0.035376044568245016,0.027298050139275876,14.0,11.144251626898045,4.109999999999999,40.99,2024-11-08 19:44:00,1.8980477223427212,0.6999999999999957,37.58,2024-11-08 16:15:00,False,,True,2024-11-08 16:05:00,34.5,32.56255254469077,35.64733738285593,35.2518727248705,0.45685412500709077,0.0508712550267344,0.4059828699803564
PDYN,2024-11-22,2024-11-22 10:09:00,False,clean_breakout,previous_high_break_with_pullback_low_support_or_previous_resistance,2.75,2.9,2.69,2.855,398481.0,70168.6,5.678907659551423,0.5,0.214285714285714,0.28571428571428603,0.785714285714286,2024-11-22 10:07:00,2.65,2.6199,76114.0,46842.0,0.24999999999999445,2024-11-22 10:08:00,2.61,2.745,0.05555555555555679,0.015094339622641523,0.07735849056603776,2.0,76.88266199649738,2.195,5.05,2024-11-22 15:25:00,22.59194395796848,0.645,3.5,2024-11-22 10:37:00,True,8.0,False,,,2.5305039062753774,2.657421415211804,2.5753277146917695,0.08885468036546218,0.018502974021290516,0.07035170634417166
PDYN,2024-11-22,2024-11-22 10:17:00,False,clean_breakout,previous_high_break_with_pullback_low_support_or_previous_resistance,2.891,3.16,2.89,3.09,985326.0,206620.95,4.768761347772333,0.7370370370370364,0.2592592592592603,0.0037037037037032958,0.7407407407407397,2024-11-22 10:11:00,2.92,2.84,428989.0,103717.25,0.6446414182111213,2024-11-22 10:14:00,2.65,2.7495,0.6666666666666666,0.09246575342465754,0.05821917808219176,6.0,63.43042071197411,1.96,5.05,2024-11-22 15:25:00,13.268608414239488,0.41000000000000014,3.5,2024-11-22 10:37:00,True,7.0,False,,,2.73885741974421,2.842752870060342,2.7297184833936585,0.12214215870280265,0.021757587516588392,0.10038457118621426
RZLV,2024-12-17,2024-12-17 11:15:00,False,clean_breakout,previous_high_break_with_pullback_low_support_or_previous_resistance,2.82,2.94,2.82,2.9299,283173.0,131623.7,2.1513830715896907,0.9158333333333334,0.08416666666666657,0.0,0.9158333333333334,2024-12-17 11:12:00,2.89,2.879,226516.0,94065.95,0.18363939899833168,2024-12-17 11:13:00,2.77,2.869,0.9900000000000011,0.041522491349481,0.013806228373702361,3.0,36.52343083381685,1.0701,4.0,2024-12-17 13:17:00,4.7441892214751435,0.13900000000000023,3.0689,2024-12-17 11:22:00,False,,True,2024-12-17 11:28:00,2.73,2.530948089988276,2.812545939068267,2.7425956031272287,0.0653519967095022,0.029175490694298978,0.036176506015203225
EONR,2026-03-12,2026-03-12 10:48:00,False,clean_breakout,previous_high_break_with_pullback_low_support_or_previous_resistance,1.135,1.15,1.13,1.147,678926.0,252769.5,2.6859490563537136,0.6,0.14999999999999444,0.25000000000000555,0.8500000000000055,2026-03-12 10:46:00,1.14,1.135,691540.0,235173.4,0.1666666666666642,2026-03-12 10:47:00,1.13,1.135,0.5000000000000111,0.008771929824561412,0.006140350877193086,2.0,35.13513513513514,0.403,1.55,2026-03-12 18:19:00,13.339145597210115,0.15300000000000002,1.3,2026-03-12 11:17:00,True,25.0,False,,,1.0512222135640623,1.1322058508645654,1.1209232998046554,0.012996079413277073,0.0006930001188552616,0.012303079294421811
EONR,2026-03-12,2026-03-12 10:52:00,False,clean_breakout,previous_high_break_with_pullback_low_support_or_previous_resistance,1.1405,1.16,1.14,1.1572,519664.0,264520.0,1.964554665053682,0.8349999999999961,0.13999999999999557,0.025000000000008328,0.8600000000000044,2026-03-12 10:50:00,1.15,1.1453,190060.0,245525.85,0.01999999999999778,2026-03-12 10:51:00,1.14,1.145,0.5000000000000111,0.008695652173913052,0.006260869565217475,2.0,33.944002765295544,0.39280000000000004,1.55,2026-03-12 18:19:00,15.796750777739376,0.18280000000000007,1.34,2026-03-12 11:20:00,True,21.0,False,,,1.054155416920335,1.1417259165141262,1.1296989029974265,0.013955484791146944,0.0010579567709071945,0.01289752802023975
EONR,2026-03-12,2026-03-12 11:04:00,False,clean_breakout,previous_high_break_with_pullback_low_support_or_previous_resistance,1.2,1.23,1.19,1.2293,1461149.0,494634.3,2.95399853993142,0.7325000000000019,0.01749999999999806,0.25,0.9825000000000019,2026-03-12 11:02:00,1.2,1.2,1266857.0,412525.35,0.0,2026-03-12 11:03:00,1.19,1.195,0.5000000000000111,0.008333333333333342,0.024416666666666753,2.0,26.088017570975346,0.3207,1.55,2026-03-12 18:19:00,17.139835678841607,0.2106999999999999,1.44,2026-03-12 11:32:00,True,22.0,True,2026-03-12 11:07:00,1.18,1.075331675036649,1.1942391326894306,1.1738527995431967,0.023037124857804514,0.0023526017436803597,0.020684523114124154
EONR,2026-03-12,2026-03-12 11:17:00,False,clean_breakout,previous_high_break_with_pullback_low_support_or_previous_resistance,1.2697,1.3,1.26,1.2995,1043708.0,853574.7,1.2227494559058512,0.7450000000000006,0.012499999999998613,0.24250000000000083,0.9875000000000014,2026-03-12 11:15:00,1.29,1.265,1635288.0,818134.35,0.12500000000000278,2026-03-12 11:16:00,1.26,1.265,0.24999999999999445,0.023255813953488393,0.007364341085271367,2.0,19.276644863408997,0.25049999999999994,1.55,2026-03-12 18:19:00,10.811850711812223,0.14049999999999985,1.44,2026-03-12 11:32:00,True,15.0,False,,,1.112463661145959,1.2621225622944425,1.2338746074357123,0.03203235291782969,0.004583676462687945,0.027448676455141742
EONR,2026-03-12,2026-03-12 11:32:00,False,clean_breakout,previous_high_break_with_pullback_low_support_or_previous_resistance,1.3801,1.44,1.3801,1.4331,1974146.0,1221225.0,1.6165293045917009,0.8848080133555939,0.11519198664440608,0.0,0.8848080133555939,2026-03-12 11:30:00,1.39,1.385,1162339.0,1142758.8,0.12499999999999792,2026-03-12 11:31:00,1.38,1.39,1.0,0.007194244604316554,0.03100719424460442,2.0,8.15714186030284,0.1169,1.55,2026-03-12 18:19:00,0.48147372828134155,0.006899999999999906,1.44,2026-03-12 11:33:00,False,,True,2026-03-12 11:34:00,1.37,1.1710842380739093,1.3724517102878817,1.3315212023908718,0.04627114996397452,0.006594660618094883,0.03967648934587964
EONR,2026-03-12,2026-03-12 15:00:00,False,clean_breakout,previous_high_break_with_pullback_low_support_or_previous_resistance,1.325,1.35,1.32,1.3423,511187.0,190928.75,2.6773704850631455,0.5766666666666692,0.25666666666666776,0.16666666666666297,0.7433333333333322,2026-03-12 14:58:00,1.32,1.3119,62775.0,163542.55,0.5000000000000111,2026-03-12 14:59:00,1.31,1.33,0.4000000000000018,0.007575757575757582,0.01689393939393938,2.0,15.473441108545034,0.2077,1.55,2026-03-12 18:19:00,2.808612083736858,0.037699999999999845,1.38,2026-03-12 15:06:00,False,,True,2026-03-12 15:10:00,1.3,1.226445122659399,1.316777624422846,1.303003386109551,0.014876974962079403,0.0030692660868150076,0.011807708875264396
QUBT,2024-12-16,2024-12-16 09:57:00,False,clean_breakout,previous_high_break_with_pullback_low_support_or_previous_resistance,7.6311,7.8,7.6311,7.8,281269.0,241890.15,1.1627964181261619,1.0,0.0,0.0,1.0,2024-12-16 09:55:00,7.77,7.675,270356.0,253379.65,0.29999999999999466,2024-12-16 09:56:00,7.64,7.64,0.0,0.016731016731016717,0.003861003861003893,2.0,57.43589743589743,4.4799999999999995,12.28,2024-12-16 13:27:00,5.641025641025646,0.4400000000000004,8.24,2024-12-16 10:27:00,False,,True,2024-12-16 10:13:00,7.63,7.306843999702187,7.631699663657143,7.506760463914142,0.14001117693709375,0.017274934495161487,0.12273624244193226
QUBT,2024-12-16,2024-12-16 10:31:00,False,clean_breakout,previous_high_break_with_pullback_low_support_or_previous_resistance,8.19,8.44,8.17,8.3399,424805.0,205971.6,2.062444531187795,0.5551851851851882,0.37074074074073915,0.07407407407407261,0.6292592592592609,2024-12-16 10:29:00,8.3,8.2999,187849.0,189492.3,0.001015228426411593,2024-12-16 10:30:00,8.17,8.174,0.03333333333332988,0.01566265060240973,0.0048072289156625755,2.0,47.24397175026078,3.9400999999999993,12.28,2024-12-16 13:27:00,4.557608604419724,0.38010000000000055,8.72,2024-12-16 11:01:00,False,,False,,,7.609074123569057,8.17391211440618,8.04624681856017,0.13902489127639317,0.0316528922393899,0.10737199903700327
QUBT,2024-12-16,2024-12-16 12:46:00,False,clean_breakout,previous_high_break_with_pullback_low_support_or_previous_resistance,10.18,10.42,10.1788,10.41,497616.0,445112.9,1.1179545683802918,0.9535655058043168,0.04145936981757803,0.004975124378105239,0.958540630182422,2024-12-16 12:42:00,10.35,10.1988,578424.0,387928.45,0.1309090909090933,2024-12-16 12:44:00,9.9,10.038,0.3209302325581395,0.04347826086956515,0.005797101449275411,4.0,17.963496637848213,1.8699999999999992,12.28,2024-12-16 13:27:00,5.0912584053794365,0.5299999999999994,10.94,2024-12-16 13:16:00,False,,True,2024-12-16 12:54:00,9.74,8.635459399885118,10.17142245638186,9.992920785254723,0.21000072053847774,0.010483527101595613,0.19951719343688212
RBNE,2026-03-24,2026-03-24 10:58:00,False,clean_breakout,previous_high_break_with_pullback_low_support_or_previous_resistance,2.03,2.1999,2.02,2.11,1532387.0,915147.75,1.6744695050607947,0.4446914952751534,0.4997220678154537,0.05558643690939294,0.5002779321845463,2026-03-24 10:54:00,2.0999,2.0498,2133878.0,902098.7,0.33422281521014047,2026-03-24 10:57:00,1.98,2.0201,0.4000000000000018,0.05709795704557355,0.0048097528453735884,4.0,19.43127962085309,0.41000000000000014,2.52,2026-03-24 13:08:00,3.31753554502371,0.07000000000000028,2.18,2026-03-24 11:00:00,False,,True,2026-03-24 11:07:00,1.97,1.6840289730285303,2.000547520983905,1.9327631737807847,0.07527990127300832,0.014324909039462277,0.06095499223354604
SDEV,2025-09-04,2025-09-04 10:57:00,False,clean_breakout,previous_high_break_with_pullback_low_support_or_previous_resistance,17.475,18.0,17.45,17.9005,24314.8,9324.990000000002,2.6074880509255234,0.7736363636363618,0.1809090909090889,0.04545454545454927,0.8190909090909111,2025-09-04 10:55:00,17.5,17.425,23286.0,7990.2400000000025,0.007518796992481471,2025-09-04 10:56:00,17.3,17.4935,0.6250000000000022,0.011428571428571389,0.022885714285714343,2.0,35.75039803357448,6.3995,24.3,2025-09-04 17:37:00,4.187033881735133,0.7494999999999976,18.65,2025-09-04 11:17:00,False,,True,2025-09-04 10:58:00,17.05,15.753006934366272,17.40208978653579,17.054489096096546,0.3794806656180967,0.05862620802491281,0.3208544575931839
SDEV,2025-09-04,2025-09-04 14:00:00,False,clean_breakout,previous_high_break_with_pullback_low_support_or_previous_resistance,19.2,19.95,19.2,19.8995,41582.2,12082.91,3.4414060851235337,0.9326666666666673,0.06733333333333273,0.0,0.9326666666666673,2025-09-04 13:52:00,19.25,19.0,16787.2,7492.0,0.16666666666666863,2025-09-04 13:53:00,18.25,18.85,0.8005336891260847,0.05194805194805195,0.03374025974025973,8.0,22.113620945249885,4.400500000000001,24.3,2025-09-04 17:37:00,0.0,0.0,19.8995,2025-09-04 14:04:00,False,,False,,,16.98199687770225,19.109500248289695,18.88030415619808,0.25636729445487205,0.027943857447210174,0.22842343700766188
SDEV,2025-09-04,2025-09-04 14:01:00,False,clean_breakout,previous_high_break_with_pullback_low_support_or_previous_resistance,19.7,19.85,19.157,19.3075,29260.2,13408.16,2.182268111359053,0.5663780663780628,0.21645021645021909,0.21717171717171813,0.21717171717171813,2025-09-04 13:59:00,19.25,19.25,16019.0,10042.45,0.0,2025-09-04 14:00:00,19.2,19.8995,0.0,0.0025974025974026343,0.002987012987013039,2.0,25.857827269195905,4.9925,24.3,2025-09-04 17:37:00,3.0661659976692928,0.5919999999999987,19.8995,2025-09-04 14:04:00,False,,True,2025-09-04 14:08:00,19.1,17.01733148865882,19.149100198631757,18.920989474655403,0.259078741612754,0.03433142911679027,0.22474731249596375
SDEV,2025-09-04,2025-09-04 14:53:00,False,clean_breakout,previous_high_break_with_pullback_low_support_or_previous_resistance,20.5955,21.4,20.5,21.203,34991.0,14865.540000000003,2.353833093180604,0.674999999999999,0.21888888888888833,0.10611111111111267,0.7811111111111116,2025-09-04 14:43:00,21.0,20.6,37186.2,11009.380000000001,0.5361930294906156,2025-09-04 14:47:00,20.3,20.592,0.17500000000000132,0.0333333333333333,0.009666666666666638,10.0,14.606423619299164,3.0970000000000013,24.3,2025-09-04 17:37:00,4.7021647880016975,0.9969999999999999,22.2,2025-09-04 15:07:00,False,,False,,,17.644210178524144,20.626284030490265,20.361045412429853,0.3166430402572651,0.004350397696954111,0.312292642560311
AMPG,2026-05-21,2026-05-21 13:16:00,False,clean_breakout,previous_high_break_with_pullback_low_support_or_previous_resistance,4.999,5.13,4.995,5.125,229233.0,40349.0,5.68125604104191,0.9333333333333372,0.037037037037036306,0.029629629629626415,0.9629629629629637,2026-05-21 13:10:00,5.01,4.9974,353202.0,25341.85,0.5040000000000086,2026-05-21 13:15:00,4.99,5.0,0.0,0.003992015968063787,0.02295409181636731,6.0,7.317073170731707,0.375,5.5,2026-05-21 14:19:00,3.4146341463414602,0.17499999999999982,5.3,2026-05-21 13:46:00,False,,False,,,4.829898648515198,5.014450348419683,4.985894234027623,0.02604750218410956,0.011485199506714611,0.01456230267739495
ATOM,2026-04-30,2026-04-30 11:06:00,False,clean_breakout,previous_high_break_with_pullback_low_support_or_previous_resistance,7.645,7.74,7.6301,7.74,10219.0,7324.8,1.3951234163390127,0.8644222020018213,0.0,0.1355777979981787,1.0,2026-04-30 11:03:00,7.72,7.7,13427.0,5826.75,0.4999999999999889,2026-04-30 11:05:00,7.62,7.63,0.19999999999999646,0.012953367875647622,0.0025906735751295936,3.0,10.465116279069774,0.8100000000000005,8.55,2026-04-30 16:55:00,1.2919896640826827,0.09999999999999964,7.84,2026-04-30 11:10:00,False,,False,,,7.383648309448486,7.651922093132234,7.594507934612995,0.06588410473268791,0.006431184325161286,0.05945292040752662
CRNC,2024-11-21,2024-11-21 12:34:00,False,clean_breakout,previous_high_break_with_pullback_low_support_or_previous_resistance,5.25,5.4,5.24,5.39,316815.0,127389.7,2.4869750066135645,0.8749999999999972,0.06250000000000416,0.06249999999999861,0.9374999999999959,2024-11-21 12:29:00,5.37,5.31,234105.0,109856.65,0.3000000000000022,2024-11-21 12:31:00,5.15,5.21,0.5714285714285768,0.04096834264432025,0.0037243947858472204,5.0,18.923933209647505,1.0200000000000005,6.41,2024-11-21 14:48:00,3.710575139146571,0.20000000000000018,5.59,2024-11-21 12:39:00,False,,False,,,4.906654999208667,5.237981115030288,5.179142296331563,0.06573009895868775,0.013779198780764383,0.05195090017792337
CRNC,2024-11-21,2024-11-21 12:39:00,False,clean_breakout,previous_high_break_with_pullback_low_support_or_previous_resistance,5.39,5.59,5.37,5.54,756592.0,165278.9,4.577668413814468,0.6818181818181842,0.2272727272727267,0.09090909090908908,0.7727272727272733,2024-11-21 12:35:00,5.4,5.36,202890.0,131787.15,0.0,2024-11-21 12:38:00,5.31,5.4,0.6666666666666666,0.016666666666666805,0.025925925925925866,4.0,15.703971119133575,0.8700000000000001,6.41,2024-11-21 14:48:00,3.7906137184115516,0.20999999999999996,5.75,2024-11-21 13:08:00,False,,True,2024-11-21 12:42:00,5.22,4.9248662109386885,5.366768851773125,5.273835299568813,0.09785015949062803,0.02560731328489578,0.07224284620573225
CRNC,2024-11-21,2024-11-21 12:40:00,False,clean_breakout,previous_high_break_with_pullback_low_support_or_previous_resistance,5.54,5.54,5.39,5.42,379853.0,180505.95,2.1043793847238828,0.7999999999999988,0.0,0.20000000000000118,0.20000000000000118,2024-11-21 12:38:00,5.4,5.4,208992.0,132517.3,0.0,2024-11-21 12:39:00,5.37,5.54,0.09090909090908908,0.005555555555555601,0.0037037037037036245,2.0,18.265682656826574,0.9900000000000002,6.41,2024-11-21 14:48:00,6.0885608856088576,0.33000000000000007,5.75,2024-11-21 13:08:00,False,,True,2024-11-21 12:42:00,5.22,4.929701559157787,5.377415081418501,5.2877557472289265,0.09733064215681253,0.021156192096053572,0.07617445006075896
HYPD,2025-06-24,2025-06-24 11:15:00,False,clean_breakout,previous_high_break_with_pullback_low_support_or_previous_resistance,9.275,9.68,9.21,9.5576,342105.0,253246.6,1.350876971299911,0.6012765957446832,0.26042553191489204,0.13829787234042482,0.739574468085108,2025-06-24 11:09:00,9.48,9.4294,451743.0,224383.85,0.12050488211479178,2025-06-24 11:13:00,9.0501,9.3366,0.39375568354046414,0.045348101265822775,0.008185654008438854,6.0,12.475935381267254,1.1923999999999992,10.75,2025-06-24 11:22:00,12.475935381267254,1.1923999999999992,10.75,2025-06-24 11:22:00,True,7.0,False,,,8.175278716762419,9.259847077159876,8.99222496460728,0.3338186647802388,0.006493887551455468,0.32732477722878334
HYPD,2025-06-24,2025-06-24 11:19:00,False,clean_breakout,previous_high_break_with_pullback_low_support_or_previous_resistance,9.5799,9.99,9.5799,9.8664,393699.0,275378.35,1.4296657671164057,0.698610095098757,0.30138990490124296,0.0,0.698610095098757,2025-06-24 11:16:00,9.84,9.5957,461155.0,274038.45,0.6979999999999981,2025-06-24 11:18:00,9.52,9.57,0.31250000000000416,0.032520325203252064,0.0026829268292683584,3.0,8.955647449931075,0.8835999999999995,10.75,2025-06-24 11:22:00,8.955647449931075,0.8835999999999995,10.75,2025-06-24 11:22:00,False,,True,2025-06-24 11:28:00,9.46,8.313635310286614,9.507433042804687,9.21443566730213,0.35624700063960013,0.015471345371876832,0.3407756552677233
RGC,2025-07-03,2025-07-03 10:42:00,False,clean_breakout,previous_high_break_with_pullback_low_support_or_previous_resistance,20.66,21.88,20.53,21.7,186531.0,117063.8,1.5934131644453708,0.7703703703703709,0.13333333333333333,0.09629629629629571,0.8666666666666667,2025-07-03 10:31:00,21.5,21.25,110320.0,113828.4,0.3521126760563376,2025-07-03 10:35:00,19.13,19.32,0.13868613138686214,0.11023255813953493,0.009302325581395316,11.0,29.03225806451613,6.300000000000001,28.0,2025-07-03 10:54:00,29.03225806451613,6.300000000000001,28.0,2025-07-03 10:54:00,True,4.0,False,,,17.815208327012158,20.510612212482453,19.82896325957806,0.9188435668763404,-0.09067828355060814,1.0095218504269485
MRM,2025-05-21,2025-05-21 10:35:00,False,clean_breakout,previous_high_break_with_pullback_low_support_or_previous_resistance,1.59,1.76,1.5845,1.7552,97663.0,14336.75,6.81207386611331,0.9413105413105415,0.02735042735042687,0.03133903133903169,0.9726495726495731,2025-05-21 10:32:00,1.59,1.58,9659.0,14914.5,0.3333333333333333,2025-05-21 10:34:00,1.56,1.5899,0.0,0.018867924528301903,0.10389937106918239,3.0,15.656335460346382,0.2747999999999997,2.03,2025-05-21 13:30:00,4.831358249772104,0.08479999999999999,1.84,2025-05-21 10:38:00,False,,True,2025-05-21 10:39:00,1.5,1.4421001925982013,1.594012093228811,1.5430729267948684,0.05457813078228324,0.012292100339998564,0.042286030442284676
MRM,2025-05-21,2025-05-21 13:29:00,False,clean_breakout,previous_high_break_with_pullback_low_support_or_previous_resistance,1.911,2.0,1.9,1.97,101480.0,26339.65,3.8527467145539136,0.5899999999999989,0.3,0.11000000000000111,0.7,2025-05-21 13:27:00,1.96,1.94,99188.0,19289.25,0.3333333333333333,2025-05-21 13:28:00,1.89,1.91,0.4,0.03571428571428575,0.005102040816326535,2.0,3.0456852791878086,0.05999999999999983,2.03,2025-05-21 13:30:00,3.0456852791878086,0.05999999999999983,2.03,2025-05-21 13:30:00,False,,True,2025-05-21 13:32:00,1.67,1.68883909663412,1.9131326139732638,1.8850060614475428,0.027563622455000214,0.010591762772698764,0.01697185968230145
VCIG,2026-05-26,2026-05-26 12:26:00,False,clean_breakout,previous_high_break_with_pullback_low_support_or_previous_resistance,1.8102,1.84,1.8,1.8395,62816.0,23257.85,2.700851540447634,0.7324999999999964,0.012500000000004164,0.25499999999999945,0.9874999999999958,2026-05-26 12:24:00,1.82,1.815,79180.0,19493.05,0.08333333333333519,2026-05-26 12:25:00,1.79,1.8117,0.7233333333333345,0.016483516483516498,0.010714285714285631,2.0,44.06088611035608,0.8105,2.65,2026-05-26 13:28:00,31.55748844794781,0.5805,2.42,2026-05-26 12:52:00,True,16.0,False,,,1.7116192820484937,1.798514405526717,1.78339078180065,0.014843621463133339,0.006421120117699412,0.008422501345433927
SBET,2024-12-06,2024-12-06 14:33:00,False,clean_breakout,previous_high_break_with_pullback_low_support_or_previous_resistance,11.2032,13.0801,11.1156,13.0801,49251.719659,18035.19035895,2.7308677468191367,0.9554085008908119,0.0,0.044591499109188165,1.0,2024-12-06 14:26:00,12.24,11.9916,44962.736815,14549.858466999998,0.5149253731343285,2024-12-06 14:30:00,10.5816,11.0736,0.42948717948718007,0.1354901960784314,0.06863562091503264,7.0,2.752272536142686,0.35999999999999943,13.4401,2024-12-06 14:39:00,2.752272536142686,0.35999999999999943,13.4401,2024-12-06 14:39:00,False,,False,,,10.073345564740812,11.62855427582487,11.259823280445572,0.4179694984696489,0.0019059786959319536,0.41606351977371697
BMR,2024-12-30,2024-12-30 10:56:00,False,clean_breakout,previous_high_break_with_pullback_low_support_or_previous_resistance,4.6801,4.77,4.6801,4.76,9593.0,8538.95,1.1234402356261601,0.8887652947719702,0.11123470522802976,0.0,0.8887652947719702,2024-12-30 10:54:00,4.72,4.72,5717.0,8159.3,0.0,2024-12-30 10:55:00,4.71,4.75,0.1666666666666642,0.002118644067796565,0.00847457627118645,2.0,24.78991596638657,1.1800000000000006,5.94,2024-12-30 13:15:00,2.100840336134465,0.10000000000000053,4.86,2024-12-30 11:19:00,False,,True,2024-12-30 10:59:00,4.69,4.369227806064485,4.6717272282971845,4.582086138418704,0.09366287533908046,0.020201141028027003,0.07346173431105346
BMR,2024-12-30,2024-12-30 11:18:00,False,clean_breakout,previous_high_break_with_pullback_low_support_or_previous_resistance,4.8118,4.8399,4.8,4.8399,8439.0,6657.6,1.2675739005046862,0.7042606516290738,0.0,0.29573934837092614,1.0,2024-12-30 11:16:00,4.82,4.8199,20372.0,7399.7,0.005000000000032641,2024-12-30 11:17:00,4.8144,4.8197,0.9464285714285403,0.001161825726141135,0.0041286307053941505,2.0,22.729808467117095,1.1001000000000003,5.94,2024-12-30 13:15:00,1.2417611934130925,0.060100000000000264,4.9,2024-12-30 11:47:00,False,,True,2024-12-30 11:21:00,4.8,4.438304282909,4.794112153218388,4.747871513300343,0.058393737860826356,0.001916787918149268,0.05647694994267709
BMR,2024-12-30,2024-12-30 12:01:00,False,clean_breakout,previous_high_break_with_pullback_low_support_or_previous_resistance,5.0,5.0699,4.98,5.05,40257.0,12769.05,3.1527012581202207,0.5561735261401587,0.2213570634037818,0.22246941045605953,0.7786429365962182,2024-12-30 11:59:00,5.0,4.9977,42296.0,9660.6,0.076666666666665,2024-12-30 12:00:00,4.96,5.0,0.8000000000000036,0.008000000000000007,0.009999999999999964,2.0,17.623762376237636,0.8900000000000006,5.94,2024-12-30 13:15:00,11.287128712871294,0.5700000000000003,5.62,2024-12-30 12:31:00,True,30.0,False,,,4.583754259467227,4.972085716795439,4.91872238051192,0.05633419950330598,0.012327424965666009,0.04400677453763997
BMR,2024-12-30,2024-12-30 12:10:00,False,clean_breakout,previous_high_break_with_pullback_low_support_or_previous_resistance,5.04,5.205,5.04,5.2,86845.0,17941.9,4.8403457827766285,0.9696969696969704,0.03030303030302965,0.0,0.9696969696969704,2024-12-30 12:03:00,5.07,5.0452,9136.0,13169.85,0.3547925608011409,2024-12-30 12:07:00,4.96,5.0,0.5714285714285696,0.021696252465483297,0.02564102564102562,7.0,14.230769230769235,0.7400000000000002,5.94,2024-12-30 13:15:00,12.30576923076923,0.6398999999999999,5.8399,2024-12-30 12:36:00,True,24.0,False,,,4.635888061436306,5.057064945737537,5.002745398195775,0.06243895592115578,0.0036053399710336276,0.05883361595012215
BMR,2024-12-30,2024-12-30 12:11:00,False,clean_breakout,previous_high_break_with_pullback_low_support_or_previous_resistance,5.0297,5.1555,5.0297,5.142,5568.0,17999.85,0.3093359111325928,0.8926868044515133,0.10731319554848674,0.0,0.8926868044515133,2024-12-30 12:03:00,5.07,5.0452,9136.0,13169.85,0.3547925608011409,2024-12-30 12:07:00,4.96,5.0,0.5714285714285696,0.021696252465483297,0.014201183431952674,8.0,15.519253208868145,0.798,5.94,2024-12-30 13:15:00,13.572539867755731,0.6978999999999997,5.8399,2024-12-30 12:36:00,True,23.0,False,,,4.637780951275898,5.07405195659003,5.016007741224748,0.06588756945806651,0.005821585785642222,0.060065983672424286
SCWO,2025-10-23,2025-10-23 10:34:00,False,clean_breakout,previous_high_break_with_pullback_low_support_or_previous_resistance,4.066,4.155,4.066,4.154,5688.5,1260.375,4.513339283943271,0.9887640449438165,0.011235955056183475,0.0,0.9887640449438165,2025-10-23 10:32:00,4.1,4.092,2002.2,900.0899999999999,0.8749999999999584,2025-10-23 10:33:00,4.081,4.094,0.7647058823529597,0.00463414634146323,0.01317073170731714,2.0,39.62445835339432,1.646,5.8,2025-10-23 14:46:00,2.3110255175734253,0.09600000000000009,4.25,2025-10-23 10:37:00,False,,True,2025-10-23 10:42:00,4.066,3.894042811783309,4.0578282069524665,4.008532651012586,0.04632724959961543,0.02226004627440885,0.02406720332520658
SCWO,2025-10-23,2025-10-23 12:06:00,False,clean_breakout,previous_high_break_with_pullback_low_support_or_previous_resistance,4.117,4.178,4.117,4.149,1133.2,860.9649999999999,1.3161975225473743,0.5245901639344271,0.4754098360655728,0.0,0.5245901639344271,2025-10-23 12:03:00,4.133,4.133,1320.0,845.265,0.0,2025-10-23 12:04:00,4.101,4.101,0.0,0.0077425598838616085,0.0038712799419308042,3.0,39.79272113762352,1.6509999999999998,5.8,2025-10-23 14:46:00,3.15738732224633,0.13100000000000023,4.28,2025-10-23 12:20:00,False,,False,,,3.9699333845488227,4.115220929614461,4.096979990412706,0.018474074939046403,0.003963907762430489,0.014510167176615914
SCWO,2025-10-23,2025-10-23 14:02:00,False,clean_breakout,previous_high_break_with_pullback_low_support_or_previous_resistance,4.425,4.674,4.406,4.651,12923.9,2322.41,5.564865807501691,0.84328358208955,0.08582089552238999,0.07089552238806,0.91417910447761,2025-10-23 14:00:00,4.444,4.443,2566.0,1492.895,0.020408163265312782,2025-10-23 14:01:00,4.4,4.432,0.031249999999982653,0.00990099009900981,0.04657965796579654,2.0,24.704364652762848,1.149,5.8,2025-10-23 14:46:00,11.803913136959803,0.5490000000000004,5.2,2025-10-23 14:23:00,True,21.0,True,2025-10-23 14:07:00,4.126,4.090085172393232,4.431841457021698,4.35751956824688,0.07029286049074113,0.026166258861821563,0.044126601628919564
RYOJ,2026-05-22,2026-05-22 11:56:00,False,clean_breakout,previous_high_break_with_pullback_low_support_or_previous_resistance,3.02,3.22,3.0001,3.19,72457.0,30120.35,2.405582936453262,0.7730786721236923,0.13642564802182924,0.09049567985447844,0.8635743519781708,2026-05-22 11:54:00,3.12,3.04,55603.0,26505.5,0.2167871039466379,2026-05-22 11:55:00,3.01,3.0323,0.5575000000000103,0.03525641025641036,0.022435897435897384,2.0,153.91849529780566,4.91,8.1,2026-05-22 12:40:00,152.0376175548589,4.85,8.04,2026-05-22 12:22:00,True,1.0,False,,,2.7969293586586734,3.0413050392012355,2.9700769119772006,0.07347990901933077,0.017095365432085508,0.05638454358724526
RYOJ,2026-05-22,2026-05-22 11:57:00,False,clean_breakout,previous_high_break_with_pullback_low_support_or_previous_resistance,3.2,3.72,3.11,3.68,304634.0,44702.15,6.814750520948097,0.7868852459016389,0.0655737704918033,0.1475409836065578,0.9344262295081966,2026-05-22 11:54:00,3.12,3.04,55603.0,26505.5,0.2167871039466379,2026-05-22 11:56:00,3.0001,3.19,0.09049567985447844,0.038429487179487146,0.1794871794871795,3.0,120.1086956521739,4.42,8.1,2026-05-22 12:40:00,118.47826086956519,4.359999999999999,8.04,2026-05-22 12:22:00,True,3.0,False,,,2.833417490467692,3.169044031360989,3.0376886346460386,0.12085320083296525,0.05241029778377834,0.0684429030491869
OPTX,2024-12-20,2024-12-20 10:02:00,False,clean_breakout,previous_high_break_with_pullback_low_support_or_previous_resistance,2.2,2.29,2.2,2.26,14753.0,11328.0,1.302348163841808,0.6666666666666634,0.33333333333333665,0.0,0.6666666666666634,2024-12-20 09:54:00,2.22,2.205,9511.0,8699.6,0.31772575250836294,2024-12-20 09:55:00,2.1563,2.1999,0.8119180633147117,0.02869369369369383,0.018018018018017834,8.0,98.67256637168144,2.2300000000000004,4.49,2024-12-20 15:23:00,13.256637168141609,0.2996000000000003,2.5596,2024-12-20 10:29:00,True,22.0,True,2024-12-20 10:03:00,2.1558,2.0194577819710218,2.1934604388145154,2.1406703902726343,0.06328444745059247,-0.0010506081336995737,0.06433505558429205
OPTX,2024-12-20,2024-12-20 10:14:00,False,clean_breakout,previous_high_break_with_pullback_low_support_or_previous_resistance,2.2801,2.35,2.2801,2.3364,13550.0,11556.0,1.1725510557286258,0.8054363376251751,0.19456366237482495,0.0,0.8054363376251751,2024-12-20 10:11:00,2.32,2.29,9528.0,11703.0,0.023333333333323512,2024-12-20 10:12:00,2.2401,2.2999,0.834448160535117,0.034439655172413736,0.007068965517241367,3.0,92.17599726074305,2.1536000000000004,4.49,2024-12-20 15:23:00,41.264338298236616,0.9641000000000002,3.3005,2024-12-20 10:36:00,True,20.0,False,,,2.0835268966765996,2.2865274526115678,2.2385723488253784,0.06010124904952541,0.0010770617246348424,0.059024187324890565
BIRD,2026-04-15,2026-04-15 13:57:00,False,clean_breakout,previous_high_break_with_pullback_low_support_or_previous_resistance,19.71,21.9,19.51,21.63,1064319.0,258379.3,4.119211562226541,0.8033472803347282,0.11297071129707109,0.08368200836820064,0.8870292887029289,2026-04-15 13:55:00,19.5,19.18,331739.0,217908.4,0.4,2026-04-15 13:56:00,18.95,19.68,0.2804878048780492,0.02820512820512824,0.10923076923076917,2.0,0.0,0.0,21.63,2026-04-15 13:58:00,0.0,0.0,21.63,2026-04-15 13:58:00,False,,True,2026-04-15 14:13:00,17.22,12.427221484199052,19.340171162364356,18.750202402510215,0.494162993337266,0.3203387711188526,0.17382422221841337
PLYX,2026-03-10,2026-03-10 12:32:00,False,clean_breakout,previous_high_break_with_pullback_low_support_or_previous_resistance,4.41,4.5,4.4,4.49,11144.0,4070.95,2.7374445768186786,0.8000000000000036,0.09999999999999823,0.09999999999999823,0.9000000000000018,2026-03-10 12:30:00,4.45,4.4,5307.0,3448.7,0.4000000000000107,2026-03-10 12:31:00,4.42,4.45,0.6666666666666765,0.006741573033707921,0.008988764044943828,2.0,64.58797327394208,2.8999999999999995,7.39,2026-03-10 14:08:00,7.572383073496655,0.33999999999999986,4.83,2026-03-10 13:00:00,False,,True,2026-03-10 12:39:00,4.41,4.02275558722932,4.411411587494721,4.377953461278222,0.036808224954497426,0.009662933629950268,0.02714529132454716
PLYX,2026-03-10,2026-03-10 12:58:00,False,clean_breakout,previous_high_break_with_pullback_low_support_or_previous_resistance,4.59,4.69,4.59,4.68,11149.0,5089.6,2.190545425966677,0.8999999999999938,0.10000000000000622,0.0,0.8999999999999938,2026-03-10 12:56:00,4.65,4.61,4853.0,5485.8,0.5714285714285696,2026-03-10 12:57:00,4.64,4.64,0.0,0.002150537634408747,0.0064516129032256685,2.0,57.90598290598291,2.71,7.39,2026-03-10 14:08:00,4.700854700854714,0.22000000000000064,4.9,2026-03-10 13:28:00,False,,True,2026-03-10 13:02:00,4.49,4.138067022887966,4.591664902815623,4.53134646255025,0.06151378567170607,0.02001457591552859,0.04149920975617748
PLYX,2026-03-10,2026-03-10 13:00:00,False,clean_breakout,previous_high_break_with_pullback_low_support_or_previous_resistance,4.65,4.83,4.65,4.8,13935.0,5871.85,2.37318732597052,0.8333333333333317,0.16666666666666832,0.0,0.8333333333333317,2026-03-10 12:58:00,4.69,4.68,11149.0,5089.6,0.10000000000000622,2026-03-10 12:59:00,4.64,4.64,0.0,0.010660980810234692,0.023454157782515868,2.0,53.95833333333333,2.59,7.39,2026-03-10 14:08:00,2.7083333333333313,0.1299999999999999,4.93,2026-03-10 13:29:00,False,,True,2026-03-10 13:02:00,4.49,4.166512744173251,4.641065537801999,4.566294950069479,0.07528038282632199,0.023329216079925802,0.05195116674639619
PLYX,2026-03-10,2026-03-10 13:35:00,False,clean_breakout,previous_high_break_with_pullback_low_support_or_previous_resistance,4.98,5.36,4.93,5.35,90285.0,16905.6,5.340538046564452,0.8604651162790667,0.02325581395348991,0.11627906976744334,0.9767441860465101,2026-03-10 13:33:00,4.93,4.92,12605.0,10260.6,0.09999999999999823,2026-03-10 13:34:00,4.91,4.98,0.24999999999999445,0.004056795131845756,0.08519269776876266,2.0,38.13084112149533,2.04,7.39,2026-03-10 14:08:00,28.785046728971963,1.54,6.89,2026-03-10 13:58:00,True,11.0,False,,,4.4814393673233,4.962613133375025,4.848739759511964,0.11003063484671305,0.03996435427551337,0.07006628057119968
PLYX,2026-03-10,2026-03-10 13:58:00,False,clean_breakout,previous_high_break_with_pullback_low_support_or_previous_resistance,6.47,6.89,6.37,6.82,515033.0,251213.25,2.0501824644997826,0.6730769230769247,0.13461538461538355,0.1923076923076918,0.8653846153846164,2026-03-10 13:55:00,6.48,6.32,267760.0,212027.1,0.6153846153846143,2026-03-10 13:56:00,6.21,6.42,0.5769230769230788,0.041666666666666734,0.05246913580246911,3.0,8.357771260997058,0.5699999999999994,7.39,2026-03-10 14:08:00,8.357771260997058,0.5699999999999994,7.39,2026-03-10 14:08:00,False,,False,,,5.748149984870175,6.340173734799153,6.004090158615942,0.3754835850182321,0.045451082335770665,0.3300325026824614
HWH,2025-07-29,2025-07-29 10:44:00,False,clean_breakout,previous_high_break_with_pullback_low_support_or_previous_resistance,1.66,1.7198,1.66,1.705,21405.0,15049.1,1.4223441933404655,0.752508361204015,0.24749163879598504,0.0,0.752508361204015,2025-07-29 10:42:00,1.68,1.6698,6084.0,14498.6,0.33999999999999925,2025-07-29 10:43:00,1.6501,1.66,0.4974874371859299,0.01779761904761907,0.014880952380952462,2.0,85.33137829912022,1.4548999999999999,3.1599,2025-07-29 11:38:00,51.90615835777125,0.8849999999999998,2.59,2025-07-29 11:14:00,True,20.0,True,2025-07-29 10:51:00,1.631,1.5711902984762651,1.6577595092906283,1.6204145538215962,0.0444772804072433,-8.439499036934361e-05,0.044561675397612646
HWH,2025-07-29,2025-07-29 10:45:00,False,clean_breakout,previous_high_break_with_pullback_low_support_or_previous_resistance,1.7001,1.83,1.68,1.7798,85614.0,19314.5,4.43262833622408,0.5313333333333335,0.3346666666666665,0.13399999999999992,0.6653333333333334,2025-07-29 10:42:00,1.68,1.6698,6084.0,14498.6,0.33999999999999925,2025-07-29 10:43:00,1.6501,1.66,0.4974874371859299,0.01779761904761907,0.059404761904761974,3.0,77.54242049668501,1.3800999999999999,3.1599,2025-07-29 11:38:00,50.016855826497356,0.8901999999999999,2.67,2025-07-29 11:15:00,True,19.0,True,2025-07-29 10:51:00,1.631,1.588706674314703,1.6821676074325027,1.6355941201243012,0.05173960628025642,0.0056757833410395545,0.04606382293921687
HWH,2025-07-29,2025-07-29 11:38:00,False,clean_breakout,previous_high_break_with_pullback_low_support_or_previous_resistance,2.91,3.1599,2.88,3.025,1671692.0,976471.7,1.7119717857670633,0.4108610217934968,0.4819578420864595,0.10718113612004375,0.5180421579135406,2025-07-29 11:36:00,2.95,2.895,1138393.0,937758.65,0.36666666666666686,2025-07-29 11:37:00,2.87,2.9105,0.3749999999999972,0.027118644067796634,0.02542372881355923,2.0,2.1487603305785106,0.06499999999999995,3.09,2025-07-29 11:39:00,2.1487603305785106,0.06499999999999995,3.09,2025-07-29 11:39:00,False,,True,2025-07-29 11:40:00,2.8,2.5363349074766726,2.851920002362201,2.7088258914807755,0.17616349046730173,0.007468519651010946,0.16869497081629078
QMCO,2024-11-22,2024-11-22 11:19:00,False,clean_breakout,previous_high_break_with_pullback_low_support_or_previous_resistance,7.2,8.13,7.2,8.08,574693.0,199997.85,2.873495890080818,0.9462365591397842,0.05376344086021578,0.0,0.9462365591397842,2024-11-22 11:17:00,7.69,7.33,258605.0,173351.0,0.48717948717948745,2024-11-22 11:18:00,7.12,7.2,0.26666666666666705,0.07412223667100133,0.05071521456436927,2.0,41.95544554455446,3.3900000000000006,11.47,2024-11-22 19:14:00,16.0891089108911,1.3000000000000007,9.38,2024-11-22 11:26:00,True,7.0,False,,,6.620931806819565,7.270912623115695,6.8503590329852475,0.4535545760855415,0.102947870757091,0.3506067053284505
QMCO,2024-11-22,2024-11-22 13:57:00,False,clean_breakout,previous_high_break_with_pullback_low_support_or_previous_resistance,8.44,9.3,8.42,9.0,370649.0,93214.8,3.97628917296395,0.6363636363636364,0.34090909090909144,0.02272727272727222,0.6590909090909086,2024-11-22 13:53:00,8.97,8.65,183003.0,64598.4,0.744186046511626,2024-11-22 13:56:00,8.38,8.52,0.3103448275862073,0.06577480490523967,0.003344481605351099,4.0,27.44444444444445,2.4700000000000006,11.47,2024-11-22 19:14:00,13.999999999999998,1.2599999999999998,10.26,2024-11-22 14:27:00,True,7.0,False,,,7.760285637916442,8.420411085595266,8.063768805853638,0.34091277155446154,0.1410179613975468,0.19989481015691474
QMCO,2024-12-18,2024-12-18 09:49:00,False,clean_breakout,previous_high_break_with_pullback_low_support_or_previous_resistance,24.98,26.0,24.78,25.95,35056.0,26977.25,1.2994652901982227,0.7950819672131145,0.04098360655737767,0.16393442622950777,0.9590163934426224,2024-12-18 09:47:00,25.5,25.4,39647.0,23366.75,0.1298701298701318,2024-12-18 09:48:00,24.55,24.78,0.24210526315789538,0.037254901960784285,0.017647058823529384,2.0,151.4450867052023,39.3,65.25,2024-12-18 16:32:00,9.441233140655104,2.4499999999999993,28.4,2024-12-18 10:14:00,False,,False,,,23.49220913597272,24.670816227859895,23.951661358475445,0.6831692346922615,0.24591857132290101,0.4372506633693605
QMCO,2024-12-18,2024-12-18 11:21:00,False,clean_breakout,previous_high_break_with_pullback_low_support_or_previous_resistance,29.0,30.0,28.98,29.99,73092.0,16184.45,4.516186833658233,0.9705882352941165,0.009803921568628988,0.019607843137254492,0.990196078431371,2024-12-18 11:18:00,29.0,28.6,17204.0,13063.9,0.6250000000000009,2024-12-18 11:19:00,28.18,28.5,0.5423728813559329,0.028275862068965527,0.034137931034482705,3.0,117.57252417472492,35.260000000000005,65.25,2024-12-18 16:32:00,23.941313771257096,7.180000000000003,37.17,2024-12-18 11:45:00,True,12.0,False,,,25.739331003036597,28.843544281522814,28.313415363077976,0.599822819378879,0.0604865153899099,0.5393363039889691
QMCO,2024-12-18,2024-12-18 11:33:00,False,clean_breakout,previous_high_break_with_pullback_low_support_or_previous_resistance,31.45,33.34,31.45,33.2,69616.0,27201.65,2.5592565156893055,0.9259259259259258,0.07407407407407421,0.0,0.9259259259259258,2024-12-18 11:28:00,31.75,31.51,45865.0,24290.45,0.44444444444444225,2024-12-18 11:30:00,31.07,31.21,0.2641509433962269,0.02141732283464566,0.04566929133858277,5.0,96.53614457831323,32.05,65.25,2024-12-18 16:32:00,28.012048192771072,9.299999999999997,42.5,2024-12-18 12:00:00,True,11.0,False,,,26.53043997494374,31.46430053227182,30.49442843198001,1.0954258039808273,0.1041427129242789,0.9912830910565484
QMCO,2024-12-18,2024-12-18 11:39:00,False,clean_breakout,previous_high_break_with_pullback_low_support_or_previous_resistance,32.91,33.9,32.6,33.9,41481.0,33156.5,1.2510669099573235,0.7615384615384647,0.0,0.23846153846153526,1.0,2024-12-18 11:35:00,33.5,32.5,55926.0,30303.35,0.4098360655737709,2024-12-18 11:36:00,32.2,32.68,0.3896103896103879,0.038805970149253646,0.011940298507462643,4.0,92.4778761061947,31.35,65.25,2024-12-18 16:32:00,25.368731563421836,8.600000000000001,42.5,2024-12-18 12:00:00,True,14.0,False,,,26.95268822499795,32.722272958731864,31.66968090598324,1.2264823739433481,0.09803632316198652,1.1284460507813616
QMCO,2024-12-18,2024-12-18 11:44:00,False,clean_breakout,previous_high_break_with_pullback_low_support_or_previous_resistance,34.5,36.7,34.23,36.21,80585.0,39974.25,2.015922750270487,0.692307692307691,0.19838056680161975,0.10931174089068926,0.8016194331983802,2024-12-18 11:41:00,35.53,35.31,77945.0,36088.6,0.18032786885245825,2024-12-18 11:43:00,33.3,34.45,0.22500000000000206,0.06276386152547155,0.019138755980861236,3.0,80.19884009942004,29.04,65.25,2024-12-18 16:32:00,17.37089201877934,6.289999999999999,42.5,2024-12-18 12:00:00,True,15.0,False,,,27.771907453912164,34.22945840311726,32.93579587811961,1.4723313545110557,0.17165933469663375,1.300672019814422
QMCO,2024-12-18,2024-12-18 11:53:00,False,clean_breakout,previous_high_break_with_pullback_low_support_or_previous_resistance,35.63,38.09,35.44,37.98,108312.0,50756.3,2.133961695395448,0.8867924528301846,0.04150943396226653,0.07169811320754883,0.9584905660377335,2024-12-18 11:45:00,37.17,36.34,64926.0,41205.3,0.6102941176470579,2024-12-18 11:49:00,33.33,33.6,0.3417721518987385,0.1033091202582729,0.02179176755447929,8.0,71.80094786729859,27.270000000000003,65.25,2024-12-18 16:32:00,17.03528172722487,6.470000000000006,44.45,2024-12-18 12:22:00,True,7.0,False,,,28.806964742074985,35.406253508416924,34.397367687425806,1.2575648764148397,-0.05262227831586541,1.3101871547307051
FLNA,2024-08-05,2024-08-05 11:57:00,False,clean_breakout,previous_high_break_with_pullback_low_support_or_previous_resistance,30.3899,30.9223,30.224,30.9223,42796.0,15321.25,2.793244676511381,0.76242302735214,0.0,0.23757697264786004,1.0,2024-08-05 11:54:00,30.6507,30.325,37100.0,16626.25,0.5164922296225827,2024-08-05 11:55:00,29.89,30.245,0.6120689655172439,0.024818356513880594,0.00886113530849212,3.0,36.471090442819595,11.277700000000003,42.2,2024-08-05 15:15:00,13.186923353049417,4.0777,35.0,2024-08-05 12:23:00,True,19.0,False,,,28.086061800114944,30.13523557419404,29.716639867476932,0.4552872107251815,0.11156526791570515,0.3437219428094764
FLNA,2024-08-05,2024-08-05 12:15:00,False,clean_breakout,previous_high_break_with_pullback_low_support_or_previous_resistance,32.6375,33.6,32.57,33.6,88534.0,41079.8,2.1551711546794285,0.9344660194174733,0.0,0.06553398058252669,1.0,2024-08-05 12:06:00,33.24,32.995,91165.0,29697.2,0.1683848797250888,2024-08-05 12:10:00,31.6,31.69,0.11539941018079256,0.049338146811071015,0.010830324909747275,9.0,25.5952380952381,8.600000000000001,42.2,2024-08-05 15:15:00,4.1666666666666625,1.3999999999999986,35.0,2024-08-05 12:23:00,False,,False,,,29.15205347274686,32.49647132900634,31.837082463572322,0.7777066241659014,0.023878368035992525,0.7538282561299089
FLNA,2024-08-05,2024-08-05 13:40:00,False,clean_breakout,previous_high_break_with_pullback_low_support_or_previous_resistance,37.2999,37.7437,37.13,37.68,45135.0,39896.05,1.131315004868903,0.6193579925044848,0.10379664331106044,0.2768453641844549,0.8962033566889396,2024-08-05 13:38:00,37.45,37.45,45341.0,36948.7,0.0,2024-08-05 13:39:00,37.0,37.3,0.6666666666666562,0.012016021361815829,0.0061415220293724124,2.0,11.995753715498946,4.520000000000003,42.2,2024-08-05 15:15:00,2.7866242038216487,1.0499999999999972,38.73,2024-08-05 13:48:00,False,,True,2024-08-05 13:54:00,36.6,32.07587700782142,37.074519346468676,36.57311807913449,0.5575940621948448,0.08097823918771874,0.476615823007126
FLNA,2024-08-05,2024-08-05 13:43:00,False,clean_breakout,previous_high_break_with_pullback_low_support_or_previous_resistance,37.34,38.17,37.34,37.97,72897.0,47137.95,1.5464609725285041,0.7590361445783094,0.24096385542169066,0.0,0.7590361445783094,2024-08-05 13:41:00,37.76,37.7,51617.0,41307.0,0.1304347826086849,2024-08-05 13:42:00,37.11,37.35,0.3037974683544332,0.017213983050847422,0.005561440677966124,2.0,11.140373979457477,4.230000000000004,42.2,2024-08-05 15:15:00,2.001580194890698,0.759999999999998,38.73,2024-08-05 13:48:00,False,,True,2024-08-05 13:50:00,37.0,32.25604188887786,37.37775390539197,36.860949887137835,0.5894077621911293,0.0679719067805965,0.5214358554105328
FLNA,2024-08-05,2024-08-05 15:15:00,False,clean_breakout,previous_high_break_with_pullback_low_support_or_previous_resistance,41.54,42.2,41.4,42.005,38979.0,43490.15,0.896271914444995,0.5812500000000012,0.24374999999999905,0.17499999999999977,0.756250000000001,2024-08-05 15:09:00,42.0,41.0401,83090.0,43286.6,0.6651699152974804,2024-08-05 15:10:00,41.0401,41.36,0.1907619567194044,0.022854761904761847,0.00011904761904767995,6.0,0.3451970003570909,0.14499999999999602,42.15,2024-08-05 15:16:00,0.3451970003570909,0.14499999999999602,42.15,2024-08-05 15:16:00,False,,True,2024-08-05 15:16:00,40.58,34.76506543753774,41.41962986562423,40.87929562390514,0.6034239148502962,0.09992016968597373,0.5035037451643225
QURE,2024-07-10,2024-07-10 10:51:00,False,clean_breakout,previous_high_break_with_pullback_low_support_or_previous_resistance,8.41,8.59,8.36,8.58,386225.0,174617.75,2.2118312714486357,0.739130434782607,0.04347826086956421,0.21739130434782877,0.9565217391304358,2024-07-10 10:46:00,8.52,8.45,337147.0,190907.65,0.46666666666666745,2024-07-10 10:49:00,8.36,8.43,0.5833333333333308,0.018779342723004713,0.00704225352112682,5.0,32.28438228438228,2.7699999999999996,11.35,2024-07-10 15:16:00,7.925407925407922,0.6799999999999997,9.26,2024-07-10 11:15:00,False,,False,,,7.713195873172828,8.426551283436066,8.308511144649566,0.15132906882206498,0.0020800278106780645,0.14924904101138692
QNTM,2025-02-05,2025-02-05 11:01:00,False,clean_breakout,previous_high_break_with_pullback_low_support_or_previous_resistance,6.59,6.77,6.59,6.77,30198.0,8082.15,3.7363820270596317,1.0,0.0,0.0,1.0,2025-02-05 10:59:00,6.65,6.56,12930.0,6510.05,0.40000000000000235,2025-02-05 11:00:00,6.5,6.59,0.0,0.02255639097744366,0.01804511278195477,2.0,48.44903988183163,3.280000000000001,10.05,2025-02-05 13:24:00,15.214180206794687,1.0300000000000002,7.8,2025-02-05 11:20:00,True,19.0,False,,,6.2574699057268655,6.565493563110963,6.478870353113991,0.08305397989959395,0.03671922317669506,0.0463347567228989
QNTM,2025-02-05,2025-02-05 11:14:00,False,clean_breakout,previous_high_break_with_pullback_low_support_or_previous_resistance,6.88,7.2,6.87,7.14,66509.0,19090.95,3.4837972966248403,0.7878787878787871,0.1818181818181833,0.03030303030302965,0.8181818181818167,2025-02-05 11:12:00,6.98,6.92,46871.0,16016.95,0.3000000000000022,2025-02-05 11:13:00,6.86,6.9,0.0,0.01719197707736391,0.022922636103151754,2.0,40.75630252100842,2.910000000000001,10.05,2025-02-05 13:24:00,11.904761904761912,0.8500000000000005,7.99,2025-02-05 11:43:00,True,19.0,False,,,6.339405428628221,6.866406335381252,6.738639826297581,0.13620436302965722,0.026215454675374394,0.10998890835428282
QNTM,2025-02-05,2025-02-05 13:00:00,False,clean_breakout,previous_high_break_with_pullback_low_support_or_previous_resistance,9.08,9.72,9.06,9.7,268039.0,103309.95,2.5945129196171326,0.939393939393938,0.03030303030303234,0.03030303030302965,0.9696969696969676,2025-02-05 12:58:00,9.4,9.4,229580.0,78383.45,0.0,2025-02-05 12:59:00,9.03,9.08,0.1351351351351367,0.03936170212765968,0.03191489361702116,2.0,3.608247422680427,0.3500000000000014,10.05,2025-02-05 13:24:00,3.608247422680427,0.3500000000000014,10.05,2025-02-05 13:24:00,False,,True,2025-02-05 13:10:00,8.87,7.577692477298546,8.991324983128285,8.584968972231463,0.41313091554214587,0.10993452811009341,0.30319638743205246
RZLV,2024-09-25,2024-09-25 13:27:00,False,clean_breakout,previous_high_break_with_pullback_low_support_or_previous_resistance,7.1,7.3,7.1,7.3,8704.0,1628.5,5.344795824378262,1.0,0.0,0.0,1.0,2024-09-25 13:25:00,7.2,7.19,6915.0,1579.45,0.03448275862068892,2024-09-25 13:26:00,7.1,7.17,0.5714285714285696,0.013888888888888963,0.01388888888888884,2.0,11.232876712328759,0.8199999999999994,8.12,2024-09-25 14:05:00,8.219178082191789,0.6000000000000005,7.9,2024-09-25 13:57:00,False,,True,2024-09-25 13:28:00,7.05,6.740179907785934,7.070894332239859,6.979334683047556,0.0841417127984041,0.036721507503610695,0.047420205294793405
AMPG,2026-05-21,2026-05-21 13:16:00,False,clean_breakout,previous_high_break_with_pullback_low_support_or_previous_resistance,4.999,5.13,4.995,5.125,229233.0,40349.0,5.68125604104191,0.9333333333333372,0.037037037037036306,0.029629629629626415,0.9629629629629637,2026-05-21 13:10:00,5.01,4.9974,353202.0,25341.85,0.5040000000000086,2026-05-21 13:15:00,4.99,5.0,0.0,0.003992015968063787,0.02295409181636731,6.0,7.317073170731707,0.375,5.5,2026-05-21 14:19:00,3.4146341463414602,0.17499999999999982,5.3,2026-05-21 13:46:00,False,,False,,,4.829898648515198,5.014450348419683,4.985894234027623,0.02604750218410956,0.011485199506714611,0.01456230267739495
MTVA,2025-09-15,2025-09-15 13:41:00,False,clean_breakout,previous_high_break_with_pullback_low_support_or_previous_resistance,10.956,11.99,10.6931,11.66,65446.661826,23518.89011745,2.7827274798754815,0.5428329092451232,0.2544529262086513,0.2027141645462256,0.7455470737913487,2025-09-15 13:39:00,11.22,11.2178,66823.205904,18803.699378100002,0.0031545741324924027,2025-09-15 13:40:00,10.5721,10.923,0.5415959252971128,0.057745098039215674,0.039215686274509755,2.0,63.198113207547166,7.3689,19.0289,2025-09-15 15:51:00,35.84905660377358,4.18,15.84,2025-09-15 14:10:00,True,15.0,True,2025-09-15 13:48:00,9.9,10.262963125257746,10.610260753231982,9.86436157785502,0.777913474761311,0.1896455397799761,0.5882679349813349
MTVA,2025-09-15,2025-09-15 14:10:00,False,clean_breakout,previous_high_break_with_pullback_low_support_or_previous_resistance,14.6234,15.84,14.52,15.6222,143859.037959,84746.13798105,1.6975291309577811,0.7566666666666659,0.16500000000000029,0.07833333333333377,0.8349999999999997,2025-09-15 14:07:00,15.62,15.0579,129916.506447,75751.26970319999,0.3005882352941173,2025-09-15 14:09:00,14.08,14.6245,0.7071428571428566,0.0985915492957746,0.00014084507042254815,3.0,21.806787776369532,3.4067000000000007,19.0289,2025-09-15 15:51:00,0.69004365582313,0.107800000000001,15.73,2025-09-15 14:11:00,False,,True,2025-09-15 14:16:00,13.31,12.429984670395614,14.473871213480734,13.44490711841081,1.1677562095191245,0.13397120142355812,1.0337850080955664
PSTV,2025-03-06,2025-03-06 14:48:00,False,clean_breakout,previous_high_break_with_pullback_low_support_or_previous_resistance,24.0,26.75,24.0,25.25,79718.68,41873.39599999999,1.9038025958056999,0.45454545454545453,0.5454545454545454,0.0,0.45454545454545453,2025-03-06 14:39:00,24.975,23.705,49634.8,38480.88799999999,0.7191176470588224,2025-03-06 14:40:00,23.05,23.805,0.5458333333333316,0.0770770770770771,0.011011011011010954,9.0,157.42574257425744,39.75,65.0,2025-03-06 16:58:00,29.7029702970297,7.5,32.75,2025-03-06 15:18:00,True,26.0,True,2025-03-06 14:59:00,22.5775,16.637045208860833,24.21748387770827,23.390330731121903,1.014277395443532,0.013057295802576085,1.001220099640956
PSTV,2025-03-06,2025-03-06 14:49:00,False,clean_breakout,previous_high_break_with_pullback_low_support_or_previous_resistance,25.275,27.25,25.0,26.42,64287.56,42475.768,1.5135114213826575,0.5088888888888903,0.36888888888888816,0.1222222222222216,0.6311111111111118,2025-03-06 14:39:00,24.975,23.705,49634.8,38480.88799999999,0.7191176470588224,2025-03-06 14:40:00,23.05,23.805,0.5458333333333316,0.0770770770770771,0.05785785785785787,10.0,146.0257380772142,38.58,65.0,2025-03-06 16:58:00,26.797880393641172,7.079999999999998,33.5,2025-03-06 15:19:00,True,28.0,True,2025-03-06 14:59:00,22.5775,16.696081036452565,24.657987102166615,23.678870661491246,1.133283205670164,0.1021066090313707,1.0311765966387934
RGTI,2024-12-10,2024-12-10 12:03:00,False,clean_breakout,previous_high_break_with_pullback_low_support_or_previous_resistance,6.05,6.19,6.04,6.1895,829432.0,559917.25,1.4813474669694495,0.9299999999999975,0.0033333333333373993,0.06666666666666508,0.9966666666666626,2024-12-10 11:59:00,6.15,6.105,847775.0,472827.75,0.40909090909090723,2024-12-10 12:01:00,6.0,6.0,0.0,0.02439024390243908,0.006422764227642182,4.0,30.70522659342435,1.9005,8.09,2024-12-10 19:21:00,9.944260441069552,0.6154999999999999,6.805,2024-12-10 12:30:00,False,,False,,,5.340733878300545,6.012421986378615,5.87898775085425,0.1369204822297192,0.03502107187358053,0.10189941035613867
RGTI,2024-12-10,2024-12-10 12:30:00,False,clean_breakout,previous_high_break_with_pullback_low_support_or_previous_resistance,6.585,6.805,6.58,6.76,1361344.0,850043.7,1.6014988405890191,0.7777777777777782,0.2,0.022222222222221782,0.8,2024-12-10 12:28:00,6.63,6.615,970670.0,865251.6,0.12571428571428406,2024-12-10 12:29:00,6.55,6.59,0.5,0.012066365007541489,0.019607843137254888,2.0,19.674556213017752,1.33,8.09,2024-12-10 19:21:00,0.14792899408283708,0.009999999999999787,6.77,2024-12-10 12:31:00,False,,True,2024-12-10 12:32:00,6.44,5.519255854478543,6.573503088974477,6.461818856244936,0.13767723931289577,0.008598542690591654,0.12907869662230412
RGTI,2024-12-10,2024-12-10 13:48:00,False,clean_breakout,previous_high_break_with_pullback_low_support_or_previous_resistance,6.765,6.89,6.75,6.8804,1033532.0,516507.35,2.0010015346345025,0.8242857142857174,0.06857142857142752,0.1071428571428551,0.9314285714285725,2024-12-10 13:45:00,6.81,6.7982,481095.0,487947.6,0.1966666666666685,2024-12-10 13:46:00,6.7,6.7199,0.19899999999999876,0.016152716593245145,0.01033773861967698,3.0,17.580373234114298,1.2096,8.09,2024-12-10 19:21:00,0.13952677169931735,0.009599999999999831,6.89,2024-12-10 13:49:00,False,,True,2024-12-10 13:52:00,6.66,5.7321706691387,6.759502290485842,6.686510499104461,0.08229101361072555,0.01089312837693314,0.07139788523379241
RVSN,2024-12-30,2024-12-30 14:54:00,False,clean_breakout,previous_high_break_with_pullback_low_support_or_previous_resistance,59.7186,62.1006,59.1006,61.9506,12713.106201,3103.852294500001,4.095912110098639,0.7439999999999998,0.049999999999999524,0.2060000000000007,0.9500000000000005,2024-12-30 14:52:00,59.7006,59.7006,4976.416902,2176.1732380500002,0.0,2024-12-30 14:53:00,59.4006,59.9976,0.5000000000000059,0.0050250751248731886,0.037688063436548375,2.0,53.51102329920937,33.1504,95.101,2024-12-30 16:07:00,31.71914396309318,19.650200000000005,81.6008,2024-12-30 15:00:00,True,3.0,False,,,49.156293498447226,58.947092741238365,57.22937085365402,1.5844038214026597,0.7140944135895078,0.8703094078131519
GWAV,2024-12-03,2024-12-03 09:47:00,False,clean_breakout,previous_high_break_with_pullback_low_support_or_previous_resistance,48.8395,52.7995,48.8395,52.6675,3971.303349,1420.3223848999996,2.796057705786005,0.9666666666666655,0.03333333333333459,0.0,0.9666666666666655,2024-12-03 09:44:00,52.4035,50.5005,3782.392369,1015.7306117499999,0.5389408099688472,2024-12-03 09:46:00,47.2995,48.9495,0.6180904522613072,0.09739807455608879,0.005037831442556238,3.0,82.89457445293587,43.6585,96.326,2024-12-03 10:58:00,6.516162718944332,3.431900000000006,56.0994,2024-12-03 10:01:00,False,,True,2024-12-03 10:02:00,46.1995,46.982813704750356,48.84125600329439,46.54050877662841,2.3898007710530607,0.5108792335564789,1.8789215374965818
GWAV,2024-12-03,2024-12-03 10:19:00,False,clean_breakout,previous_high_break_with_pullback_low_support_or_previous_resistance,58.6954,59.3774,55.2084,56.1104,9825.5528,4772.58272535,2.0587496048650338,0.6200527704485485,0.16358839050131962,0.21635883905013195,0.21635883905013195,2024-12-03 10:17:00,56.0994,55.6924,5647.320109,4243.4724343,0.19681802795106304,2024-12-03 10:18:00,54.9995,58.3874,0.14998068137912227,0.019606270298791167,0.00019608052849042377,2.0,71.67227465853033,40.215599999999995,96.326,2024-12-03 10:58:00,39.1688528329864,21.977800000000002,78.0882,2024-12-03 10:49:00,True,6.0,True,2024-12-03 10:21:00,53.3825,51.680411137993104,54.38759757935651,52.56293450617861,1.8255141891318587,0.7346878626851554,1.0908263264467033
GWAV,2024-12-03,2024-12-03 10:28:00,False,clean_breakout,previous_high_break_with_pullback_low_support_or_previous_resistance,60.3344,63.7994,58.8934,62.3584,20131.055854,7624.353060950001,2.6403624928003597,0.4125560538116595,0.29372197309416953,0.293721973094171,0.7062780269058304,2024-12-03 10:26:00,62.2594,57.2104,16552.238248,6233.8923383,0.3478260869565212,2024-12-03 10:27:00,56.9464,59.8284,0.07792207792207866,0.08533651143441798,0.001590121331076171,2.0,54.47157079078359,33.96759999999999,96.326,2024-12-03 10:58:00,54.47157079078359,33.96759999999999,96.326,2024-12-03 10:58:00,True,12.0,True,2024-12-03 10:29:00,54.2845,54.401894944091254,58.639011263612346,56.25604584853406,2.590925254959423,0.4062581603220998,2.184667094637323
QMCO,2024-12-18,2024-12-18 09:49:00,False,clean_breakout,previous_high_break_with_pullback_low_support_or_previous_resistance,24.98,26.0,24.78,25.95,35056.0,26977.25,1.2994652901982227,0.7950819672131145,0.04098360655737767,0.16393442622950777,0.9590163934426224,2024-12-18 09:47:00,25.5,25.4,39647.0,23366.75,0.1298701298701318,2024-12-18 09:48:00,24.55,24.78,0.24210526315789538,0.037254901960784285,0.017647058823529384,2.0,151.4450867052023,39.3,65.25,2024-12-18 16:32:00,9.441233140655104,2.4499999999999993,28.4,2024-12-18 10:14:00,False,,False,,,23.49220913597272,24.670816227859895,23.951661358475445,0.6831692346922615,0.24591857132290101,0.4372506633693605
QMCO,2024-12-18,2024-12-18 11:21:00,False,clean_breakout,previous_high_break_with_pullback_low_support_or_previous_resistance,29.0,30.0,28.98,29.99,73092.0,16184.45,4.516186833658233,0.9705882352941165,0.009803921568628988,0.019607843137254492,0.990196078431371,2024-12-18 11:18:00,29.0,28.6,17204.0,13063.9,0.6250000000000009,2024-12-18 11:19:00,28.18,28.5,0.5423728813559329,0.028275862068965527,0.034137931034482705,3.0,117.57252417472492,35.260000000000005,65.25,2024-12-18 16:32:00,23.941313771257096,7.180000000000003,37.17,2024-12-18 11:45:00,True,12.0,False,,,25.739331003036597,28.843544281522814,28.313415363077976,0.599822819378879,0.0604865153899099,0.5393363039889691
QMCO,2024-12-18,2024-12-18 11:33:00,False,clean_breakout,previous_high_break_with_pullback_low_support_or_previous_resistance,31.45,33.34,31.45,33.2,69616.0,27201.65,2.5592565156893055,0.9259259259259258,0.07407407407407421,0.0,0.9259259259259258,2024-12-18 11:28:00,31.75,31.51,45865.0,24290.45,0.44444444444444225,2024-12-18 11:30:00,31.07,31.21,0.2641509433962269,0.02141732283464566,0.04566929133858277,5.0,96.53614457831323,32.05,65.25,2024-12-18 16:32:00,28.012048192771072,9.299999999999997,42.5,2024-12-18 12:00:00,True,11.0,False,,,26.53043997494374,31.46430053227182,30.49442843198001,1.0954258039808273,0.1041427129242789,0.9912830910565484
QMCO,2024-12-18,2024-12-18 11:39:00,False,clean_breakout,previous_high_break_with_pullback_low_support_or_previous_resistance,32.91,33.9,32.6,33.9,41481.0,33156.5,1.2510669099573235,0.7615384615384647,0.0,0.23846153846153526,1.0,2024-12-18 11:35:00,33.5,32.5,55926.0,30303.35,0.4098360655737709,2024-12-18 11:36:00,32.2,32.68,0.3896103896103879,0.038805970149253646,0.011940298507462643,4.0,92.4778761061947,31.35,65.25,2024-12-18 16:32:00,25.368731563421836,8.600000000000001,42.5,2024-12-18 12:00:00,True,14.0,False,,,26.95268822499795,32.722272958731864,31.66968090598324,1.2264823739433481,0.09803632316198652,1.1284460507813616
QMCO,2024-12-18,2024-12-18 11:44:00,False,clean_breakout,previous_high_break_with_pullback_low_support_or_previous_resistance,34.5,36.7,34.23,36.21,80585.0,39974.25,2.015922750270487,0.692307692307691,0.19838056680161975,0.10931174089068926,0.8016194331983802,2024-12-18 11:41:00,35.53,35.31,77945.0,36088.6,0.18032786885245825,2024-12-18 11:43:00,33.3,34.45,0.22500000000000206,0.06276386152547155,0.019138755980861236,3.0,80.19884009942004,29.04,65.25,2024-12-18 16:32:00,17.37089201877934,6.289999999999999,42.5,2024-12-18 12:00:00,True,15.0,False,,,27.771907453912164,34.22945840311726,32.93579587811961,1.4723313545110557,0.17165933469663375,1.300672019814422
QMCO,2024-12-18,2024-12-18 11:53:00,False,clean_breakout,previous_high_break_with_pullback_low_support_or_previous_resistance,35.63,38.09,35.44,37.98,108312.0,50756.3,2.133961695395448,0.8867924528301846,0.04150943396226653,0.07169811320754883,0.9584905660377335,2024-12-18 11:45:00,37.17,36.34,64926.0,41205.3,0.6102941176470579,2024-12-18 11:49:00,33.33,33.6,0.3417721518987385,0.1033091202582729,0.02179176755447929,8.0,71.80094786729859,27.270000000000003,65.25,2024-12-18 16:32:00,17.03528172722487,6.470000000000006,44.45,2024-12-18 12:22:00,True,7.0,False,,,28.806964742074985,35.406253508416924,34.397367687425806,1.2575648764148397,-0.05262227831586541,1.3101871547307051
DFDV,2025-05-22,2025-05-22 09:47:00,False,clean_breakout,previous_high_break_with_pullback_low_support_or_previous_resistance,38.25,41.56,38.25,41.56,34777.0,14224.8,2.444814689837467,1.0,0.0,0.0,1.0,2025-05-22 09:34:00,38.912,37.9,32112.0,7579.1,0.5569620253164559,2025-05-22 09:38:00,34.99,35.6374,0.5297029702970274,0.10079152960526308,0.06805098684210535,13.0,29.643888354186714,12.32,53.88,2025-05-22 12:58:00,18.455245428296426,7.669999999999995,49.23,2025-05-22 10:10:00,True,8.0,False,,,34.63456786477747,37.89928429173824,36.611119710934794,1.346464242019188,0.32662120997008204,1.0198430320491059
AKAN,2026-05-21,2026-05-21 10:24:00,False,clean_breakout,previous_high_break_with_pullback_low_support_or_previous_resistance,15.36,15.85,15.36,15.85,1135.0,1004.1,1.1303655014440792,1.0,0.0,0.0,1.0,2026-05-21 10:22:00,15.68,15.67,1085.0,557.35,0.25,2026-05-21 10:23:00,15.66,15.68,0.6666666666666666,0.0012755102040816054,0.010841836734693874,2.0,85.6782334384858,13.58,29.43,2026-05-21 13:34:00,18.485804416403795,2.9300000000000015,18.78,2026-05-21 10:48:00,True,20.0,True,2026-05-21 10:25:00,15.65,15.239458328362963,15.396143277563532,15.072104011976199,0.29009781729915574,0.12210073209580166,0.16799708520335407
AKAN,2026-05-21,2026-05-21 10:57:00,False,clean_breakout,previous_high_break_with_pullback_low_support_or_previous_resistance,18.97,19.9,18.7,19.9,5450.0,3125.35,1.7438046938742862,0.7750000000000002,0.0,0.22499999999999978,1.0,2026-05-21 10:55:00,19.18,18.84,3336.0,2900.5,0.6415094339622625,2026-05-21 10:56:00,18.51,18.96,0.9375000000000047,0.03493222106360783,0.03753910323253383,2.0,47.889447236180914,9.530000000000001,29.43,2026-05-21 13:34:00,1.5577889447236295,0.3100000000000023,20.21,2026-05-21 11:22:00,False,,True,2026-05-21 10:59:00,18.42,16.906023740864498,18.62643761478373,17.89645299937644,0.8101249682106619,0.10826644737086766,0.7018585208397943
AKAN,2026-05-21,2026-05-21 11:53:00,False,clean_breakout,previous_high_break_with_pullback_low_support_or_previous_resistance,21.18,22.34,21.18,22.26,4988.0,4540.9,1.0984606575788942,0.9310344827586222,0.06896551724137784,0.0,0.9310344827586222,2026-05-21 11:50:00,21.72,20.8,11898.0,4287.7,0.0,2026-05-21 11:51:00,20.8,21.1,0.5806451612903241,0.042357274401473216,0.0248618784530388,3.0,32.210242587601066,7.169999999999998,29.43,2026-05-21 13:34:00,18.14914645103324,4.039999999999999,26.3,2026-05-21 12:23:00,True,27.0,True,2026-05-21 12:06:00,20.61,18.85562255324236,21.149538346545867,20.55181506378651,0.6321729147106474,0.10956955755016251,0.5226033571604849
RDZN,2024-12-19,2024-12-19 12:18:00,False,clean_breakout,previous_high_break_with_pullback_low_support_or_previous_resistance,2.194,2.3,2.16,2.25,37165.0,20679.55,1.797186108982062,0.40000000000000124,0.3571428571428567,0.24285714285714205,0.6428571428571433,2024-12-19 12:16:00,2.22,2.21,30272.0,18274.1,0.25000000000000555,2024-12-19 12:17:00,2.1494,2.2,0.6487179487179525,0.0318018018018019,0.013513513513513424,2.0,5.777777777777773,0.1299999999999999,2.38,2024-12-19 12:22:00,5.777777777777773,0.1299999999999999,2.38,2024-12-19 12:22:00,False,,True,2024-12-19 12:26:00,2.0699,1.8983315440244446,2.1794955961604323,2.1052308737632877,0.08318031530427294,0.007818297117719988,0.07536201818655296
RDZN,2024-12-19,2024-12-19 12:21:00,False,clean_breakout,previous_high_break_with_pullback_low_support_or_previous_resistance,2.2299,2.35,2.2299,2.32,48973.0,26289.45,1.8628385150697333,0.7502081598667754,0.24979184013322464,0.0,0.7502081598667754,2024-12-19 12:18:00,2.3,2.25,37165.0,20679.55,0.3571428571428567,2024-12-19 12:19:00,2.19,2.22,0.40485829959514474,0.04782608695652169,0.008695652173913052,3.0,2.5862068965517264,0.06000000000000005,2.38,2024-12-19 12:22:00,2.5862068965517264,0.06000000000000005,2.38,2024-12-19 12:22:00,False,,True,2024-12-19 12:26:00,2.0699,1.9226029561832096,2.2192617452341414,2.144522034676859,0.08575225063711933,0.004895472449186089,0.08085677818793324
BIYA,2026-05-26,2026-05-26 11:32:00,False,clean_breakout,previous_high_break_with_pullback_low_support_or_previous_resistance,1.845,1.89,1.8399,1.8899,227895.0,29173.6,7.811685907807059,0.8962075848303415,0.001996007984031724,0.10179640718562678,0.9980039920159682,2026-05-26 11:30:00,1.85,1.8492,81945.0,16940.7,0.02666666666667111,2026-05-26 11:31:00,1.84,1.845,0.4999999999999889,0.00540540540540541,0.02156756756756747,2.0,0.005291285253187417,9.999999999998899e-05,1.89,2026-05-26 11:33:00,0.005291285253187417,9.999999999998899e-05,1.89,2026-05-26 11:33:00,False,,True,2026-05-26 11:34:00,1.826,1.672630099641379,1.833248859712713,1.806807729965915,0.023218955955104814,0.011339611277528583,0.011879344677576231
BIYA,2026-05-26,2026-05-26 11:33:00,False,clean_breakout,previous_high_break_with_pullback_low_support_or_previous_resistance,1.885,1.89,1.84,1.852,92791.0,33506.3,2.7693597920391086,0.6600000000000007,0.09999999999999823,0.24000000000000107,0.24000000000000107,2026-05-26 11:31:00,1.85,1.845,57569.0,18729.35,0.11000000000000999,2026-05-26 11:32:00,1.8399,1.8899,0.10179640718562678,0.005459459459459458,0.001081081081081082,2.0,0.9665226781857346,0.017899999999999805,1.8699,2026-05-26 11:34:00,0.9665226781857346,0.017899999999999805,1.8699,2026-05-26 11:34:00,False,,True,2026-05-26 11:34:00,1.826,1.674343478668893,1.8369990877701705,1.8111117556834468,0.02378334152292849,0.009494167146880646,0.014289174376047846
PSNL,2024-07-19,2024-07-19 12:10:00,False,clean_breakout,previous_high_break_with_pullback_low_support_or_previous_resistance,2.97,3.03,2.96,3.01,54195.0,11089.4,4.8870993922123835,0.5714285714285668,0.28571428571428664,0.14285714285714649,0.7142857142857134,2024-07-19 11:50:00,3.0,2.9534,67633.0,14072.8,0.21244635193133,2024-07-19 11:53:00,2.91,2.92,0.4999999999999889,0.029999999999999954,0.0033333333333332624,20.0,50.16611295681063,1.5099999999999998,4.52,2024-07-19 13:56:00,8.305647840531561,0.25,3.26,2024-07-19 12:40:00,False,,False,,,2.801309786234469,2.966964681073656,2.9549310719570445,0.01545418210511329,-0.0001450852256200605,0.01559926733073335
PSNL,2024-07-19,2024-07-19 12:43:00,False,clean_breakout,previous_high_break_with_pullback_low_support_or_previous_resistance,3.2202,3.3099,3.2202,3.3099,49532.0,31174.05,1.5888856276293906,1.0,0.0,0.0,1.0,2024-07-19 12:41:00,3.2799,3.27,44457.0,27747.8,0.19839679358717452,2024-07-19 12:42:00,3.22,3.23,0.19999999999999646,0.018262751913168035,0.0091466203237903,2.0,36.56001691894014,1.2100999999999997,4.52,2024-07-19 13:56:00,7.5198646484788165,0.24890000000000034,3.5588,2024-07-19 13:13:00,False,,False,,,2.945398090380134,3.2249010260084914,3.176070260529701,0.053290346239627695,0.011567760043664888,0.04172258619596281
PSNL,2024-07-19,2024-07-19 12:49:00,False,clean_breakout,previous_high_break_with_pullback_low_support_or_previous_resistance,3.2513,3.316,3.25,3.315,40466.0,35122.85,1.1521274611826775,0.9651515151515155,0.01515151515151352,0.01969696969697094,0.9848484848484865,2024-07-19 12:44:00,3.31,3.3,64596.0,33584.2,0.2712328767123278,2024-07-19 12:46:00,3.24,3.2699,0.9966666666666596,0.021148036253776387,0.001510574018126856,5.0,36.34992458521869,1.2049999999999996,4.52,2024-07-19 13:56:00,11.309200603318258,0.37490000000000023,3.6899,2024-07-19 13:18:00,True,26.0,False,,,2.9704172399347457,3.264631014561971,3.2220252909901257,0.051978682901821394,0.0006158964971146874,0.051362786404706706
PSNL,2024-07-19,2024-07-19 12:50:00,False,clean_breakout,previous_high_break_with_pullback_low_support_or_previous_resistance,3.32,3.4,3.3,3.37,94075.0,37627.95,2.5001362019456286,0.5000000000000022,0.29999999999999777,0.2,0.7000000000000022,2024-07-19 12:44:00,3.31,3.3,64596.0,33584.2,0.2712328767123278,2024-07-19 12:46:00,3.24,3.2699,0.9966666666666596,0.021148036253776387,0.018126888217522674,6.0,34.12462908011868,1.1499999999999995,4.52,2024-07-19 13:56:00,9.492581602373889,0.3199000000000001,3.6899,2024-07-19 13:18:00,False,,False,,,2.9835729600949636,3.285704811649577,3.2361181204196376,0.057474730950947794,0.004127180158162602,0.05334755079278519
PSNL,2024-07-19,2024-07-19 13:13:00,False,clean_breakout,previous_high_break_with_pullback_low_support_or_previous_resistance,3.4588,3.5588,3.4588,3.5588,82805.0,48824.9,1.6959584146613715,1.0,0.0,0.0,1.0,2024-07-19 13:09:00,3.52,3.4908,63790.0,52740.85,0.3649999999999983,2024-07-19 13:12:00,3.45,3.455,0.24999999999999445,0.01988636363636359,0.011022727272727321,4.0,27.009104192424395,0.9611999999999994,4.52,2024-07-19 13:56:00,13.802405305159033,0.49119999999999964,4.05,2024-07-19 13:42:00,True,26.0,False,,,3.10960856288776,3.4667947631033176,3.4123827424607027,0.06198664373053653,0.010055021205638719,0.05193162252489781
PSNL,2024-07-19,2024-07-19 13:51:00,False,clean_breakout,previous_high_break_with_pullback_low_support_or_previous_resistance,4.1188,4.22,4.0999,4.215,303817.0,178554.7,1.7015345997613056,0.8009991673605306,0.04163197335553621,0.15736885928393324,0.9583680266444637,2024-07-19 13:49:00,4.19,4.14,213693.0,169152.25,0.17166666666666483,2024-07-19 13:50:00,4.03,4.12,0.7499999999999981,0.03818615751789979,0.00596658711217171,2.0,7.236061684460254,0.3049999999999997,4.52,2024-07-19 13:56:00,7.236061684460254,0.3049999999999997,4.52,2024-07-19 13:56:00,False,,True,2024-07-19 13:58:00,3.7609,3.552317753961268,4.091966168603543,3.9677271441215276,0.1397286974918579,0.0184404818026572,0.1212882156892007
QUBT,2024-12-18,2024-12-18 09:43:00,False,clean_breakout,previous_high_break_with_pullback_low_support_or_previous_resistance,21.15,22.77,21.0,22.34,1871993.0,1299135.15,1.440953237236326,0.6723163841807919,0.24293785310734453,0.08474576271186363,0.7570621468926555,2024-12-18 09:41:00,22.28,20.9799,2222664.0,1138639.15,0.03680981595092158,2024-12-18 09:42:00,20.5615,21.15,0.34216985763377666,0.07713195691202883,0.002692998204667806,2.0,21.530886302596233,4.809999999999999,27.15,2024-12-18 15:54:00,8.325872873769022,1.8599999999999994,24.2,2024-12-18 09:50:00,False,,False,,,19.760925565009835,20.950291622866903,20.20731948298622,0.6658108916610246,0.35254894895819766,0.3132619427028269
QUBT,2024-12-16,2024-12-16 09:57:00,False,clean_breakout,previous_high_break_with_pullback_low_support_or_previous_resistance,7.6311,7.8,7.6311,7.8,281269.0,241890.15,1.1627964181261619,1.0,0.0,0.0,1.0,2024-12-16 09:55:00,7.77,7.675,270356.0,253379.65,0.29999999999999466,2024-12-16 09:56:00,7.64,7.64,0.0,0.016731016731016717,0.003861003861003893,2.0,57.43589743589743,4.4799999999999995,12.28,2024-12-16 13:27:00,5.641025641025646,0.4400000000000004,8.24,2024-12-16 10:27:00,False,,True,2024-12-16 10:13:00,7.63,7.306843999702187,7.631699663657143,7.506760463914142,0.14001117693709375,0.017274934495161487,0.12273624244193226
QUBT,2024-12-16,2024-12-16 10:31:00,False,clean_breakout,previous_high_break_with_pullback_low_support_or_previous_resistance,8.19,8.44,8.17,8.3399,424805.0,205971.6,2.062444531187795,0.5551851851851882,0.37074074074073915,0.07407407407407261,0.6292592592592609,2024-12-16 10:29:00,8.3,8.2999,187849.0,189492.3,0.001015228426411593,2024-12-16 10:30:00,8.17,8.174,0.03333333333332988,0.01566265060240973,0.0048072289156625755,2.0,47.24397175026078,3.9400999999999993,12.28,2024-12-16 13:27:00,4.557608604419724,0.38010000000000055,8.72,2024-12-16 11:01:00,False,,False,,,7.609074123569057,8.17391211440618,8.04624681856017,0.13902489127639317,0.0316528922393899,0.10737199903700327
QUBT,2024-12-16,2024-12-16 12:46:00,False,clean_breakout,previous_high_break_with_pullback_low_support_or_previous_resistance,10.18,10.42,10.1788,10.41,497616.0,445112.9,1.1179545683802918,0.9535655058043168,0.04145936981757803,0.004975124378105239,0.958540630182422,2024-12-16 12:42:00,10.35,10.1988,578424.0,387928.45,0.1309090909090933,2024-12-16 12:44:00,9.9,10.038,0.3209302325581395,0.04347826086956515,0.005797101449275411,4.0,17.963496637848213,1.8699999999999992,12.28,2024-12-16 13:27:00,5.0912584053794365,0.5299999999999994,10.94,2024-12-16 13:16:00,False,,True,2024-12-16 12:54:00,9.74,8.635459399885118,10.17142245638186,9.992920785254723,0.21000072053847774,0.010483527101595613,0.19951719343688212
QUBT,2024-12-16,2024-12-16 09:57:00,False,clean_breakout,previous_high_break_with_pullback_low_support_or_previous_resistance,7.6311,7.8,7.6311,7.8,281269.0,241890.15,1.1627964181261619,1.0,0.0,0.0,1.0,2024-12-16 09:55:00,7.77,7.675,270356.0,253379.65,0.29999999999999466,2024-12-16 09:56:00,7.64,7.64,0.0,0.016731016731016717,0.003861003861003893,2.0,57.43589743589743,4.4799999999999995,12.28,2024-12-16 13:27:00,5.641025641025646,0.4400000000000004,8.24,2024-12-16 10:27:00,False,,True,2024-12-16 10:13:00,7.63,7.306843999702187,7.631699663657143,7.506760463914142,0.14001117693709375,0.017274934495161487,0.12273624244193226
QUBT,2024-12-16,2024-12-16 10:31:00,False,clean_breakout,previous_high_break_with_pullback_low_support_or_previous_resistance,8.19,8.44,8.17,8.3399,424805.0,205971.6,2.062444531187795,0.5551851851851882,0.37074074074073915,0.07407407407407261,0.6292592592592609,2024-12-16 10:29:00,8.3,8.2999,187849.0,189492.3,0.001015228426411593,2024-12-16 10:30:00,8.17,8.174,0.03333333333332988,0.01566265060240973,0.0048072289156625755,2.0,47.24397175026078,3.9400999999999993,12.28,2024-12-16 13:27:00,4.557608604419724,0.38010000000000055,8.72,2024-12-16 11:01:00,False,,False,,,7.609074123569057,8.17391211440618,8.04624681856017,0.13902489127639317,0.0316528922393899,0.10737199903700327
QUBT,2024-12-16,2024-12-16 12:46:00,False,clean_breakout,previous_high_break_with_pullback_low_support_or_previous_resistance,10.18,10.42,10.1788,10.41,497616.0,445112.9,1.1179545683802918,0.9535655058043168,0.04145936981757803,0.004975124378105239,0.958540630182422,2024-12-16 12:42:00,10.35,10.1988,578424.0,387928.45,0.1309090909090933,2024-12-16 12:44:00,9.9,10.038,0.3209302325581395,0.04347826086956515,0.005797101449275411,4.0,17.963496637848213,1.8699999999999992,12.28,2024-12-16 13:27:00,5.0912584053794365,0.5299999999999994,10.94,2024-12-16 13:16:00,False,,True,2024-12-16 12:54:00,9.74,8.635459399885118,10.17142245638186,9.992920785254723,0.21000072053847774,0.010483527101595613,0.19951719343688212
FEED,2026-01-28,2026-01-28 10:51:00,False,clean_breakout,previous_high_break_with_pullback_low_support_or_previous_resistance,1.935,2.09,1.93,2.015,1929955.0,829094.4,2.3277867996696155,0.5000000000000007,0.46874999999999856,0.031250000000000736,0.5312500000000014,2026-01-28 10:49:00,1.97,1.945,1372976.0,790461.05,0.35714285714285554,2026-01-28 10:50:00,1.89,1.9399,0.8316666666666669,0.0406091370558376,0.022842639593908705,2.0,51.36476426799006,1.0349999999999997,3.05,2026-01-28 12:01:00,28.034739454094275,0.5648999999999997,2.5799,2026-01-28 11:05:00,True,10.0,False,,,1.663562546275725,1.9071400391687534,1.8377283212583095,0.07368772319617323,0.014630899797390948,0.05905682339878228
NWTG,2025-02-14,2025-02-14 11:23:00,False,clean_breakout,previous_high_break_with_pullback_low_support_or_previous_resistance,34.5303,37.8004,34.5003,37.2034,72931.60401,40655.4434415,1.7938951794965134,0.8100057574012923,0.1809036089815464,0.009090633617161307,0.8190963910184537,2025-02-14 11:21:00,36.3004,34.8033,54621.653778,38260.6973892,0.24332657426182708,2025-02-14 11:22:00,33.6003,34.5093,0.6071738694809993,0.07438210047272223,0.02487575894480498,2.0,8.055715337845465,2.997,40.2004,2025-02-14 11:30:00,8.055715337845465,2.997,40.2004,2025-02-14 11:30:00,False,,True,2025-02-14 11:34:00,33.0003,29.443721216153303,34.336710970179524,32.559039401019305,2.000853346020868,0.3426688453392357,1.6581845006816325
LWLG,2026-03-13,2026-03-13 15:03:00,False,clean_breakout,previous_high_break_with_pullback_low_support_or_previous_resistance,7.5114,7.63,7.5114,7.63,133952.0,39261.25,3.4118119010474706,1.0,0.0,0.0,1.0,2026-03-13 15:00:00,7.55,7.53,94563.0,32304.45,0.22222222222221782,2026-03-13 15:01:00,7.505,7.53,0.5567928730512308,0.0059602649006622425,0.010596026490066236,3.0,2.2280471821756214,0.16999999999999993,7.8,2026-03-13 18:59:00,0.9161205766710421,0.06990000000000052,7.6999,2026-03-13 15:08:00,False,,True,2026-03-13 15:27:00,7.48,7.174276055219289,7.505180874506473,7.4244568647632105,0.0842813949835115,0.016731517614731517,0.06754987736877999
ENTA,2025-09-29,2025-09-29 10:03:00,False,clean_breakout,previous_high_break_with_pullback_low_support_or_previous_resistance,8.48,8.94,8.47,8.94,13856.0,10474.3,1.3228568973582961,0.9787234042553196,0.0,0.021276595744680448,1.0,2025-09-29 10:01:00,8.75,8.62,12633.0,8977.5,0.5652173913043502,2025-09-29 10:02:00,8.44,8.6,0.6249999999999972,0.03542857142857148,0.021714285714285658,2.0,77.62863534675617,6.940000000000001,15.88,2025-09-29 16:04:00,10.178970917225953,0.9100000000000001,9.85,2025-09-29 10:31:00,True,28.0,False,,,7.503431036238096,8.480904935603496,8.19080776032963,0.3074901129433094,0.06616790322631971,0.2413222097169897
ENTA,2025-09-29,2025-09-29 10:27:00,False,clean_breakout,previous_high_break_with_pullback_low_support_or_previous_resistance,9.5,9.79,9.5,9.66,27299.0,11824.65,2.30865184170356,0.5517241379310366,0.4482758620689634,0.0,0.5517241379310366,2025-09-29 10:23:00,9.6,9.46,11557.0,17504.1,0.6666666666666639,2025-09-29 10:24:00,9.42,9.45,0.07142857142856962,0.01874999999999997,0.006250000000000052,4.0,64.38923395445136,6.220000000000001,15.88,2025-09-29 16:04:00,2.5879917184265007,0.25,9.91,2025-09-29 10:40:00,False,,True,2025-09-29 10:53:00,9.33,7.888047094060849,9.46786450746933,9.272583197498697,0.2664495497888115,-0.024340263749042412,0.29078981353785394
ENTA,2025-09-29,2025-09-29 11:15:00,False,clean_breakout,previous_high_break_with_pullback_low_support_or_previous_resistance,9.93,10.32,9.93,10.12,41790.0,9055.95,4.614645619730674,0.48717948717948517,0.5128205128205148,0.0,0.48717948717948517,2025-09-29 11:13:00,9.95,9.93,7520.0,7147.45,0.10526315789473488,2025-09-29 11:14:00,9.85,9.86,0.12499999999999722,0.010050251256281372,0.017085427135678385,2.0,56.91699604743084,5.760000000000002,15.88,2025-09-29 16:04:00,4.743083003952574,0.4800000000000004,10.6,2025-09-29 11:45:00,False,,False,,,8.258078844667219,9.857038392282512,9.753504585843615,0.09807614764896577,0.04105330813388279,0.05702283951508298
ENTA,2025-09-29,2025-09-29 13:40:00,False,clean_breakout,previous_high_break_with_pullback_low_support_or_previous_resistance,12.54,12.97,12.48,12.97,114200.0,43551.15,2.6222040060939835,0.8775510204081659,0.0,0.12244897959183407,1.0,2025-09-29 13:38:00,12.66,12.45,80313.0,39043.55,0.6071428571428583,2025-09-29 13:39:00,12.3,12.51,0.6666666666666716,0.028436018957345925,0.024486571879936848,2.0,22.436391673091748,2.91,15.88,2025-09-29 16:04:00,10.71703932151117,1.3899999999999988,14.36,2025-09-29 14:03:00,True,23.0,False,,,10.303518508451193,12.383285234420086,12.112388259902653,0.27339467150970087,0.08020839964854329,0.19318627186115758
ENTA,2025-09-29,2025-09-29 13:58:00,False,clean_breakout,previous_high_break_with_pullback_low_support_or_previous_resistance,13.34,13.97,13.32,13.88,146491.0,81931.9,1.7879604891379306,0.8307692307692317,0.13846153846153816,0.030769230769230098,0.8615384615384618,2025-09-29 13:56:00,13.6,13.55,110281.0,77415.3,0.08771929824561212,2025-09-29 13:57:00,13.32,13.35,0.11111111111110891,0.0205882352941176,0.02058823529411773,2.0,14.409221902017292,2.0,15.88,2025-09-29 16:04:00,3.7463976945244926,0.5199999999999996,14.4,2025-09-29 14:17:00,False,,False,,,10.87126027043454,13.255869417960588,12.919962572944648,0.3592697508874778,0.09534170484416854,0.2639280460433093
EDSA,2026-04-27,2026-04-27 13:09:00,False,clean_breakout,previous_high_break_with_pullback_low_support_or_previous_resistance,10.35,10.64,10.29,10.64,70356.0,37412.15,1.880565538200825,0.8285714285714278,0.0,0.17142857142857215,1.0,2026-04-27 13:04:00,10.5997,10.17,105089.0,27518.5,0.4779203828583852,2026-04-27 13:06:00,9.94,10.09,0.5769230769230788,0.06223761049841041,0.0038019943960678343,5.0,11.578007518796987,1.2318999999999996,11.8719,2026-04-27 14:37:00,5.733082706766911,0.6099999999999994,11.25,2026-04-27 13:14:00,False,,False,,,9.471386391198006,10.277577640676524,10.040417647974804,0.2745322122596434,0.00884683285972665,0.26568537939991677
QBTS,2024-12-16,2024-12-16 11:31:00,False,clean_breakout,previous_high_break_with_pullback_low_support_or_previous_resistance,6.4303,6.66,6.43,6.6003,993273.0,474103.45,2.095055414593587,0.739130434782607,0.2595652173913052,0.0013043478260877758,0.7404347826086948,2024-12-16 11:28:00,6.46,6.45,270363.0,459934.5,0.12499999999999722,2024-12-16 11:29:00,6.4,6.44,0.6677796327212043,0.009287925696594366,0.02171826625386995,3.0,16.66136387739952,1.0997000000000003,7.7,2024-12-16 15:06:00,0.9029892580640356,0.05960000000000054,6.6599,2024-12-16 11:32:00,False,,True,2024-12-16 11:33:00,6.34,5.716209411506065,6.426724984693607,6.321696488678447,0.10714066167973524,0.026858210512724967,0.08028245116701027
QBTS,2024-12-16,2024-12-16 13:36:00,False,clean_breakout,previous_high_break_with_pullback_low_support_or_previous_resistance,6.9601,7.19,6.96,7.1273,824175.0,463406.2,1.7785152637146417,0.7269565217391302,0.27260869565217527,0.0004347826086946381,0.7273913043478247,2024-12-16 13:34:00,7.1,7.035,386032.0,403906.95,0.3076923076923035,2024-12-16 13:35:00,6.91,6.9753,0.5117554858934139,0.02676056338028162,0.003845070422535257,2.0,8.035300885328247,0.5727000000000002,7.7,2024-12-16 15:06:00,1.3006327781908968,0.09269999999999978,7.22,2024-12-16 13:37:00,False,,True,2024-12-16 13:49:00,6.82,6.036382137363066,6.998981245673862,6.881304715991099,0.1290716455945926,0.015461114498856829,0.11361053109573578
QBTS,2024-12-16,2024-12-16 14:51:00,False,clean_breakout,previous_high_break_with_pullback_low_support_or_previous_resistance,7.32,7.44,7.32,7.42,358628.0,345299.25,1.0386005761669046,0.8333333333333296,0.16666666666667038,0.0,0.8333333333333296,2024-12-16 14:49:00,7.4,7.39,215440.0,344356.3,0.12500000000000833,2024-12-16 14:50:00,7.32,7.3201,0.0012499999999970857,0.01081081081081082,0.002702702702702645,2.0,3.7735849056603805,0.28000000000000025,7.7,2024-12-16 15:06:00,3.7735849056603805,0.28000000000000025,7.7,2024-12-16 15:06:00,False,,True,2024-12-16 15:16:00,7.2,6.197209158101605,7.306357162984241,7.191883225027022,0.11690578547025599,0.02604642840339501,0.09085935706686098
QBTS,2024-12-16,2024-12-16 14:54:00,False,clean_breakout,previous_high_break_with_pullback_low_support_or_previous_resistance,7.38,7.47,7.37,7.46,426560.0,369804.4,1.1534746476786106,0.8000000000000036,0.09999999999999823,0.09999999999999823,0.9000000000000018,2024-12-16 14:52:00,7.45,7.45,361427.0,348412.4,0.0,2024-12-16 14:53:00,7.38,7.3873,0.0912499999999982,0.009395973154362454,0.0013422818791946022,2.0,3.2171581769437028,0.2400000000000002,7.7,2024-12-16 15:06:00,3.2171581769437028,0.2400000000000002,7.7,2024-12-16 15:06:00,False,,True,2024-12-16 15:16:00,7.2,6.207808666671551,7.368422867447932,7.254379920144729,0.12375859444086323,0.014935016494781489,0.10882357794608175
QBTS,2024-12-16,2024-12-16 14:55:00,False,clean_breakout,previous_high_break_with_pullback_low_support_or_previous_resistance,7.46,7.6,7.43,7.5985,930296.0,410025.8,2.268871861234098,0.8147058823529393,0.008823529411765044,0.17647058823529566,0.991176470588235,2024-12-16 14:53:00,7.46,7.3873,300022.0,353446.1,0.17500000000000276,2024-12-16 14:54:00,7.37,7.46,0.09999999999999823,0.012064343163538854,0.018565683646112552,2.0,1.3357899585444575,0.10150000000000059,7.7,2024-12-16 15:06:00,1.3357899585444575,0.10150000000000059,7.7,2024-12-16 15:06:00,False,,True,2024-12-16 15:16:00,7.2,6.217595524068348,7.414438293958346,7.2871532610833265,0.1357106033890627,0.020104861229086474,0.11560574215997624
RGS,2024-06-25,2024-06-25 09:50:00,False,clean_breakout,previous_high_break_with_pullback_low_support_or_previous_resistance,16.78,18.16,16.21,17.98,370651.0,262514.75,1.411924472815337,0.6153846153846152,0.0923076923076922,0.29230769230769255,0.9076923076923078,2024-06-25 09:44:00,17.5,17.43,281879.0,196820.7,0.14000000000000057,2024-06-25 09:47:00,15.64,16.46,0.45333333333333314,0.10628571428571425,0.02742857142857145,6.0,34.983314794215794,6.289999999999999,24.27,2024-06-25 14:57:00,11.06785317018909,1.9899999999999984,19.97,2024-06-25 09:57:00,True,7.0,False,,,12.591685147288917,16.65642913870581,15.866238498612471,0.7998877507989235,0.1955304710725354,0.6043572797263881
RGS,2024-06-25,2024-06-25 14:56:00,False,clean_breakout,previous_high_break_with_pullback_low_support_or_previous_resistance,22.3,23.85,21.7,23.6,241714.0,77549.05,3.116917615367306,0.6046511627906974,0.11627906976744175,0.27906976744186085,0.8837209302325583,2024-06-25 14:54:00,21.91,21.7,96376.0,63315.8,0.39622641509434037,2024-06-25 14:55:00,21.21,22.39,0.3445378151260512,0.031948881789137344,0.07713372889091745,2.0,2.8389830508474496,0.6699999999999982,24.27,2024-06-25 14:57:00,2.8389830508474496,0.6699999999999982,24.27,2024-06-25 14:57:00,False,,True,2024-06-25 15:04:00,20.84,15.304013749418585,21.842218965706543,21.042808528758368,0.7999219154691737,0.23946361282302553,0.5604583026461482
SBET,2025-05-29,2025-05-29 13:47:00,False,clean_breakout,previous_high_break_with_pullback_low_support_or_previous_resistance,54.33,55.8,54.0,55.28,52189.0,47705.45,1.0939840206936524,0.5277777777777802,0.28888888888888714,0.18333333333333268,0.7111111111111129,2025-05-29 13:44:00,54.74,54.2,56252.0,45463.7,0.033613445378150406,2025-05-29 13:45:00,53.5,54.05,0.624999999999995,0.022652539276580234,0.009864815491413942,3.0,93.25253256150505,51.55,106.83,2025-05-29 16:17:00,9.442836468885671,5.219999999999999,60.5,2025-05-29 13:54:00,False,,False,,,43.971015784127864,53.983643266443906,52.72772038223666,1.5027871642882928,0.03391409250164967,1.4688730717866432
CYCN,2025-02-03,2025-02-03 12:10:00,False,clean_breakout,previous_high_break_with_pullback_low_support_or_previous_resistance,4.72,4.9,4.72,4.875,234420.0,35148.55,6.669407415099626,0.8611111111111096,0.1388888888888904,0.0,0.8611111111111096,2025-02-03 12:08:00,4.8,4.79,111099.0,27394.75,0.07698229407236164,2025-02-03 12:09:00,4.7,4.7,0.0,0.02083333333333326,0.015625000000000038,2.0,28.205128205128204,1.375,6.25,2025-02-03 14:37:00,6.6666666666666705,0.3250000000000002,5.2,2025-02-03 12:19:00,False,,False,,,4.444992919412159,4.706144137467829,4.640337003673694,0.06442757629759477,0.024564376036881996,0.03986320026071277
CYCN,2025-02-03,2025-02-03 14:04:00,False,clean_breakout,previous_high_break_with_pullback_low_support_or_previous_resistance,5.38,5.6244,5.33,5.58,314794.0,62668.9,5.023129494853109,0.6793478260869582,0.15081521739130305,0.16983695652173877,0.8491847826086969,2025-02-03 14:02:00,5.44,5.41,126779.0,44552.15,0.3333333333333333,2025-02-03 14:03:00,5.32,5.38,0.5454545454545447,0.022058823529411783,0.025735294117647,2.0,12.00716845878136,0.6699999999999999,6.25,2025-02-03 14:37:00,11.648745519713268,0.6500000000000004,6.23,2025-02-03 14:24:00,True,16.0,False,,,4.702855452065165,5.348959159405851,5.251262415295168,0.09208066397001424,0.040455276045194444,0.0516253879248198
NAMM,2026-01-22,2026-01-22 10:46:00,False,clean_breakout,previous_high_break_with_pullback_low_support_or_previous_resistance,3.57,3.86,3.56,3.83,1607349.0,859574.2,1.8699363010197376,0.8666666666666679,0.09999999999999941,0.033333333333332646,0.9000000000000006,2026-01-22 10:44:00,3.72,3.585,1276437.0,744480.5,0.8437500000000007,2026-01-22 10:45:00,3.51,3.575,0.38257798705120855,0.056451612903225916,0.029569892473118243,2.0,36.29242819843341,1.3899999999999997,5.22,2026-01-22 12:33:00,12.271540469973884,0.46999999999999975,4.3,2026-01-22 10:48:00,True,2.0,False,,,2.8527069723625607,3.507652113428941,3.2561612466161916,0.27151201032650407,0.044834126112667655,0.22667788421383642
TMDE,2026-03-05,2026-03-05 13:48:00,False,clean_breakout,previous_high_break_with_pullback_low_support_or_previous_resistance,3.67,3.75,3.66,3.727,86672.0,41318.9,2.0976357066620843,0.6333333333333336,0.2555555555555574,0.11111111111110891,0.7444444444444426,2026-03-05 13:41:00,3.72,3.6896,49514.0,61471.8,0.31000000000001,2026-03-05 13:43:00,3.62,3.645,0.4166666666666648,0.026881720430107548,0.001881720430107439,7.0,8.666487791789642,0.32299999999999995,4.05,2026-03-05 17:18:00,3.3002414810839875,0.12300000000000022,3.85,2026-03-05 13:51:00,False,,True,2026-03-05 14:08:00,3.61,3.062436547575312,3.6729926840649507,3.625874340989755,0.0634057469452185,-0.006343582510358603,0.0697493294555771
MLGO,2025-03-27,2025-03-27 09:44:00,False,clean_breakout,previous_high_break_with_pullback_low_support_or_previous_resistance,371.7037,389.1039,371.4037,387.0039,12759.405738,3582.1108452,3.5619795951031223,0.8644083117704865,0.1186427272008239,0.016948961028689587,0.8813572727991761,2025-03-27 09:42:00,375.0038,373.8037,6157.705089,2878.7728786499997,0.1454649034557176,2025-03-27 09:43:00,369.0037,370.8037,0.35294117647058887,0.016000104532274156,0.031999942400583604,2.0,60.77517565068465,235.20229999999998,622.2062,2025-03-27 10:49:00,19.379830539175444,75.0007,462.0046,2025-03-27 10:14:00,True,7.0,False,,,356.5231738492101,368.68077121898966,358.4122574545584,10.126413243005743,3.4168156101532228,6.70959763285252
NAMM,2026-02-19,2026-02-19 10:16:00,False,clean_breakout,previous_high_break_with_pullback_low_support_or_previous_resistance,2.84,2.94,2.84,2.92,50618.0,13956.55,3.626827546922413,0.8,0.2,0.0,0.8,2026-02-19 10:14:00,2.849,2.825,2523.0,11087.05,0.27916666666668194,2026-02-19 10:15:00,2.8,2.8436,0.7999999999999965,0.01719901719901733,0.024921024921024826,2.0,39.38356164383563,1.1500000000000004,4.07,2026-02-19 15:40:00,5.479452054794526,0.16000000000000014,3.08,2026-02-19 10:41:00,False,,False,,,2.7298303624103286,2.8285898980133295,2.7891124102379172,0.04020292017511329,0.01237039709433354,0.02783252308077975
NAMM,2026-02-19,2026-02-19 11:44:00,False,clean_breakout,previous_high_break_with_pullback_low_support_or_previous_resistance,3.09,3.13,3.0827,3.125,19670.0,10558.4,1.862971662373087,0.7399577167019074,0.10570824524312694,0.1543340380549657,0.8942917547568731,2026-02-19 11:42:00,3.1,3.1,31052.0,9553.95,0.0,2026-02-19 11:43:00,3.0827,3.0827,0.0,0.005580645161290352,0.008064516129032228,2.0,30.240000000000013,0.9450000000000003,4.07,2026-02-19 15:40:00,8.159999999999997,0.2549999999999999,3.38,2026-02-19 12:12:00,False,,True,2026-02-19 11:46:00,3.06,2.918151900918855,3.073738895546125,3.039806485612369,0.029318862731151363,0.01563948842880723,0.013679374302344133
QMCO,2024-12-18,2024-12-18 09:49:00,False,clean_breakout,previous_high_break_with_pullback_low_support_or_previous_resistance,24.98,26.0,24.78,25.95,35056.0,26977.25,1.2994652901982227,0.7950819672131145,0.04098360655737767,0.16393442622950777,0.9590163934426224,2024-12-18 09:47:00,25.5,25.4,39647.0,23366.75,0.1298701298701318,2024-12-18 09:48:00,24.55,24.78,0.24210526315789538,0.037254901960784285,0.017647058823529384,2.0,151.4450867052023,39.3,65.25,2024-12-18 16:32:00,9.441233140655104,2.4499999999999993,28.4,2024-12-18 10:14:00,False,,False,,,23.49220913597272,24.670816227859895,23.951661358475445,0.6831692346922615,0.24591857132290101,0.4372506633693605
QMCO,2024-12-18,2024-12-18 11:21:00,False,clean_breakout,previous_high_break_with_pullback_low_support_or_previous_resistance,29.0,30.0,28.98,29.99,73092.0,16184.45,4.516186833658233,0.9705882352941165,0.009803921568628988,0.019607843137254492,0.990196078431371,2024-12-18 11:18:00,29.0,28.6,17204.0,13063.9,0.6250000000000009,2024-12-18 11:19:00,28.18,28.5,0.5423728813559329,0.028275862068965527,0.034137931034482705,3.0,117.57252417472492,35.260000000000005,65.25,2024-12-18 16:32:00,23.941313771257096,7.180000000000003,37.17,2024-12-18 11:45:00,True,12.0,False,,,25.739331003036597,28.843544281522814,28.313415363077976,0.599822819378879,0.0604865153899099,0.5393363039889691
QMCO,2024-12-18,2024-12-18 11:33:00,False,clean_breakout,previous_high_break_with_pullback_low_support_or_previous_resistance,31.45,33.34,31.45,33.2,69616.0,27201.65,2.5592565156893055,0.9259259259259258,0.07407407407407421,0.0,0.9259259259259258,2024-12-18 11:28:00,31.75,31.51,45865.0,24290.45,0.44444444444444225,2024-12-18 11:30:00,31.07,31.21,0.2641509433962269,0.02141732283464566,0.04566929133858277,5.0,96.53614457831323,32.05,65.25,2024-12-18 16:32:00,28.012048192771072,9.299999999999997,42.5,2024-12-18 12:00:00,True,11.0,False,,,26.53043997494374,31.46430053227182,30.49442843198001,1.0954258039808273,0.1041427129242789,0.9912830910565484
QMCO,2024-12-18,2024-12-18 11:39:00,False,clean_breakout,previous_high_break_with_pullback_low_support_or_previous_resistance,32.91,33.9,32.6,33.9,41481.0,33156.5,1.2510669099573235,0.7615384615384647,0.0,0.23846153846153526,1.0,2024-12-18 11:35:00,33.5,32.5,55926.0,30303.35,0.4098360655737709,2024-12-18 11:36:00,32.2,32.68,0.3896103896103879,0.038805970149253646,0.011940298507462643,4.0,92.4778761061947,31.35,65.25,2024-12-18 16:32:00,25.368731563421836,8.600000000000001,42.5,2024-12-18 12:00:00,True,14.0,False,,,26.95268822499795,32.722272958731864,31.66968090598324,1.2264823739433481,0.09803632316198652,1.1284460507813616
QMCO,2024-12-18,2024-12-18 11:44:00,False,clean_breakout,previous_high_break_with_pullback_low_support_or_previous_resistance,34.5,36.7,34.23,36.21,80585.0,39974.25,2.015922750270487,0.692307692307691,0.19838056680161975,0.10931174089068926,0.8016194331983802,2024-12-18 11:41:00,35.53,35.31,77945.0,36088.6,0.18032786885245825,2024-12-18 11:43:00,33.3,34.45,0.22500000000000206,0.06276386152547155,0.019138755980861236,3.0,80.19884009942004,29.04,65.25,2024-12-18 16:32:00,17.37089201877934,6.289999999999999,42.5,2024-12-18 12:00:00,True,15.0,False,,,27.771907453912164,34.22945840311726,32.93579587811961,1.4723313545110557,0.17165933469663375,1.300672019814422
QMCO,2024-12-18,2024-12-18 11:53:00,False,clean_breakout,previous_high_break_with_pullback_low_support_or_previous_resistance,35.63,38.09,35.44,37.98,108312.0,50756.3,2.133961695395448,0.8867924528301846,0.04150943396226653,0.07169811320754883,0.9584905660377335,2024-12-18 11:45:00,37.17,36.34,64926.0,41205.3,0.6102941176470579,2024-12-18 11:49:00,33.33,33.6,0.3417721518987385,0.1033091202582729,0.02179176755447929,8.0,71.80094786729859,27.270000000000003,65.25,2024-12-18 16:32:00,17.03528172722487,6.470000000000006,44.45,2024-12-18 12:22:00,True,7.0,False,,,28.806964742074985,35.406253508416924,34.397367687425806,1.2575648764148397,-0.05262227831586541,1.3101871547307051
DWTX,2025-01-27,2025-01-27 10:35:00,False,clean_breakout,previous_high_break_with_pullback_low_support_or_previous_resistance,16.215,17.4899,16.215,17.31,188385.0,66862.55,2.8174964909355085,0.8588908934034041,0.1411091065965959,0.0,0.8588908934034041,2025-01-27 10:26:00,17.29,15.925,159589.0,63861.1,0.0,2025-01-27 10:33:00,15.72,16.055,0.47857142857142654,0.09080393290919599,0.0011567379988432374,9.0,25.823223570190656,4.470000000000002,21.78,2025-01-27 12:17:00,11.495667244367432,1.9899000000000022,19.2999,2025-01-27 10:52:00,True,17.0,False,,,14.883992791767346,16.342226838023464,15.746480799122232,0.7153198033224211,0.0027502643310156616,0.7125695389914054
SBET,2025-06-11,2025-06-11 09:58:00,False,clean_breakout,previous_high_break_with_pullback_low_support_or_previous_resistance,38.25,40.0,38.0,39.25,71415.0,23810.75,2.9992755373098285,0.5,0.375,0.125,0.625,2025-06-11 09:47:00,38.81,38.65,29120.0,17369.95,0.20779220779221175,2025-06-11 09:53:00,37.0,37.34,0.4415584415584442,0.046637464570986914,0.011337284205101718,11.0,26.165605095541412,10.270000000000003,49.52,2025-06-11 12:02:00,5.7324840764331215,2.25,41.5,2025-06-11 10:19:00,False,,True,2025-06-11 10:05:00,36.56,36.709146161498936,38.04706274375175,37.35318108941684,0.8005365496719676,0.006759586183417321,0.7937769634885503
SBET,2025-06-11,2025-06-11 10:44:00,False,clean_breakout,previous_high_break_with_pullback_low_support_or_previous_resistance,42.77,44.0,42.27,43.48,60570.0,22664.5,2.672461338216153,0.4104046242774538,0.3005780346820833,0.28901734104046295,0.6994219653179167,2025-06-11 10:42:00,43.36,43.36,38556.0,19974.7,0.0,2025-06-11 10:43:00,42.55,42.76,0.2727272727272727,0.018680811808118133,0.0027675276752766936,2.0,13.891444342226325,6.040000000000006,49.52,2025-06-11 12:02:00,9.59061637534499,4.170000000000002,47.65,2025-06-11 11:07:00,False,,True,2025-06-11 10:45:00,42.43,38.745207699877525,42.31724028846546,41.4582446289532,0.9524903951674162,0.1789708062561588,0.7735195889112574
EDHL,2025-10-14,2025-10-14 09:58:00,False,clean_breakout,previous_high_break_with_pullback_low_support_or_previous_resistance,17.12,19.04,17.12,19.0336,114155.6875,46089.75,2.4768129030858272,0.996666666666667,0.0033333333333329693,0.0,0.996666666666667,2025-10-14 09:51:00,17.92,16.6192,75979.375,45719.221875,0.7390909090909098,2025-10-14 09:52:00,14.9936,15.8256,0.5053449951409129,0.16330357142857146,0.062142857142857034,7.0,1.7148621385339589,0.3263999999999996,19.36,2025-10-14 09:59:00,1.7148621385339589,0.3263999999999996,19.36,2025-10-14 09:59:00,False,,True,2025-10-14 10:06:00,14.7936,14.847226628008418,16.888459028512855,15.808306505294892,1.2119409451870382,0.12721309963268945,1.0847278455543488
EDHL,2025-10-14,2025-10-14 15:55:00,False,clean_breakout,previous_high_break_with_pullback_low_support_or_previous_resistance,15.84,17.28,15.84,17.2656,32949.4375,5546.603125,5.940471448459728,0.9899999999999987,0.010000000000001357,0.0,0.9899999999999987,2025-10-14 15:52:00,15.976,15.888,8991.9375,3763.625,0.0,2025-10-14 15:53:00,15.464,15.7904,0.6986301369863004,0.03204807210816227,0.08072108162243354,3.0,3.7901955333148143,0.6544000000000025,17.92,2025-10-14 15:58:00,3.7901955333148143,0.6544000000000025,17.92,2025-10-14 15:58:00,False,,True,2025-10-14 16:09:00,15.04,15.241702515173683,15.954348483043898,15.588376897409882,0.3298208931364961,0.15120861304751668,0.17861228008897942
QBTS,2024-12-16,2024-12-16 11:31:00,False,clean_breakout,previous_high_break_with_pullback_low_support_or_previous_resistance,6.4303,6.66,6.43,6.6003,993273.0,474103.45,2.095055414593587,0.739130434782607,0.2595652173913052,0.0013043478260877758,0.7404347826086948,2024-12-16 11:28:00,6.46,6.45,270363.0,459934.5,0.12499999999999722,2024-12-16 11:29:00,6.4,6.44,0.6677796327212043,0.009287925696594366,0.02171826625386995,3.0,16.66136387739952,1.0997000000000003,7.7,2024-12-16 15:06:00,0.9029892580640356,0.05960000000000054,6.6599,2024-12-16 11:32:00,False,,True,2024-12-16 11:33:00,6.34,5.716209411506065,6.426724984693607,6.321696488678447,0.10714066167973524,0.026858210512724967,0.08028245116701027
QBTS,2024-12-16,2024-12-16 13:36:00,False,clean_breakout,previous_high_break_with_pullback_low_support_or_previous_resistance,6.9601,7.19,6.96,7.1273,824175.0,463406.2,1.7785152637146417,0.7269565217391302,0.27260869565217527,0.0004347826086946381,0.7273913043478247,2024-12-16 13:34:00,7.1,7.035,386032.0,403906.95,0.3076923076923035,2024-12-16 13:35:00,6.91,6.9753,0.5117554858934139,0.02676056338028162,0.003845070422535257,2.0,8.035300885328247,0.5727000000000002,7.7,2024-12-16 15:06:00,1.3006327781908968,0.09269999999999978,7.22,2024-12-16 13:37:00,False,,True,2024-12-16 13:49:00,6.82,6.036382137363066,6.998981245673862,6.881304715991099,0.1290716455945926,0.015461114498856829,0.11361053109573578
QBTS,2024-12-16,2024-12-16 14:51:00,False,clean_breakout,previous_high_break_with_pullback_low_support_or_previous_resistance,7.32,7.44,7.32,7.42,358628.0,345299.25,1.0386005761669046,0.8333333333333296,0.16666666666667038,0.0,0.8333333333333296,2024-12-16 14:49:00,7.4,7.39,215440.0,344356.3,0.12500000000000833,2024-12-16 14:50:00,7.32,7.3201,0.0012499999999970857,0.01081081081081082,0.002702702702702645,2.0,3.7735849056603805,0.28000000000000025,7.7,2024-12-16 15:06:00,3.7735849056603805,0.28000000000000025,7.7,2024-12-16 15:06:00,False,,True,2024-12-16 15:16:00,7.2,6.197209158101605,7.306357162984241,7.191883225027022,0.11690578547025599,0.02604642840339501,0.09085935706686098
QBTS,2024-12-16,2024-12-16 14:54:00,False,clean_breakout,previous_high_break_with_pullback_low_support_or_previous_resistance,7.38,7.47,7.37,7.46,426560.0,369804.4,1.1534746476786106,0.8000000000000036,0.09999999999999823,0.09999999999999823,0.9000000000000018,2024-12-16 14:52:00,7.45,7.45,361427.0,348412.4,0.0,2024-12-16 14:53:00,7.38,7.3873,0.0912499999999982,0.009395973154362454,0.0013422818791946022,2.0,3.2171581769437028,0.2400000000000002,7.7,2024-12-16 15:06:00,3.2171581769437028,0.2400000000000002,7.7,2024-12-16 15:06:00,False,,True,2024-12-16 15:16:00,7.2,6.207808666671551,7.368422867447932,7.254379920144729,0.12375859444086323,0.014935016494781489,0.10882357794608175
QBTS,2024-12-16,2024-12-16 14:55:00,False,clean_breakout,previous_high_break_with_pullback_low_support_or_previous_resistance,7.46,7.6,7.43,7.5985,930296.0,410025.8,2.268871861234098,0.8147058823529393,0.008823529411765044,0.17647058823529566,0.991176470588235,2024-12-16 14:53:00,7.46,7.3873,300022.0,353446.1,0.17500000000000276,2024-12-16 14:54:00,7.37,7.46,0.09999999999999823,0.012064343163538854,0.018565683646112552,2.0,1.3357899585444575,0.10150000000000059,7.7,2024-12-16 15:06:00,1.3357899585444575,0.10150000000000059,7.7,2024-12-16 15:06:00,False,,True,2024-12-16 15:16:00,7.2,6.217595524068348,7.414438293958346,7.2871532610833265,0.1357106033890627,0.020104861229086474,0.11560574215997624
CHAI,2025-05-19,2025-05-19 14:07:00,False,clean_breakout,previous_high_break_with_pullback_low_support_or_previous_resistance,14.6804,15.4,14.6804,15.2048,115186.25,36639.8625,3.143741328177746,0.7287381878821569,0.27126181211784306,0.0,0.7287381878821569,2025-05-19 13:59:00,14.96,14.84,78770.75,24803.275,0.25000000000000183,2025-05-19 14:03:00,14.4,14.492,0.5750000000000027,0.037433155080213935,0.01636363636363634,8.0,55.214142902241406,8.3952,23.6,2025-05-19 17:22:00,1.5468799326528397,0.23519999999999897,15.44,2025-05-19 14:15:00,False,,True,2025-05-19 14:24:00,14.04,12.905247393280957,14.65675743169707,14.349235131323468,0.34648117724207594,0.014178738722236517,0.3323024385198394
QURE,2024-07-10,2024-07-10 10:51:00,False,clean_breakout,previous_high_break_with_pullback_low_support_or_previous_resistance,8.41,8.59,8.36,8.58,386225.0,174617.75,2.2118312714486357,0.739130434782607,0.04347826086956421,0.21739130434782877,0.9565217391304358,2024-07-10 10:46:00,8.52,8.45,337147.0,190907.65,0.46666666666666745,2024-07-10 10:49:00,8.36,8.43,0.5833333333333308,0.018779342723004713,0.00704225352112682,5.0,32.28438228438228,2.7699999999999996,11.35,2024-07-10 15:16:00,7.925407925407922,0.6799999999999997,9.26,2024-07-10 11:15:00,False,,False,,,7.713195873172828,8.426551283436066,8.308511144649566,0.15132906882206498,0.0020800278106780645,0.14924904101138692
KZIA,2025-11-25,2025-11-25 13:23:00,False,clean_breakout,previous_high_break_with_pullback_low_support_or_previous_resistance,9.37,9.65,9.37,9.65,11728.0,1509.35,7.770232219167192,1.0,0.0,0.0,1.0,2025-11-25 13:18:00,9.4,9.28,9353.0,987.95,0.8571428571428608,2025-11-25 13:21:00,9.37,9.38,1.0,0.0031914893617022485,0.026595744680851064,5.0,49.4300518134715,4.77,14.42,2025-11-25 15:46:00,0.7253886010362723,0.07000000000000028,9.72,2025-11-25 13:52:00,False,,True,2025-11-25 13:28:00,9.35,9.11950037053001,9.324026792665961,9.243125319758235,0.07093886658655535,0.03871988234844979,0.03221898423810556
JEM,2026-04-08,2026-04-08 14:37:00,False,clean_breakout,previous_high_break_with_pullback_low_support_or_previous_resistance,4.874,5.27,4.874,5.2,162857.5,61867.642499999994,2.6323534147919085,0.8232323232323248,0.1767676767676753,0.0,0.8232323232323248,2026-04-08 14:35:00,4.97,4.878,84609.2,58309.749999999985,0.2833333333333315,2026-04-08 14:36:00,4.84,4.92,0.45000000000000556,0.026156941649899377,0.04627766599597594,2.0,6.692307692307689,0.34799999999999986,5.548,2026-04-08 14:48:00,6.692307692307689,0.34799999999999986,5.548,2026-04-08 14:48:00,False,,True,2026-04-08 14:54:00,4.804,3.830061002955422,4.884633096805838,4.677110530489706,0.20959767288451214,0.05120546223027844,0.1583922106542337
JEM,2026-04-08,2026-04-08 14:47:00,False,clean_breakout,previous_high_break_with_pullback_low_support_or_previous_resistance,5.196,5.46,5.192,5.46,133187.5,88310.39,1.5081747459160808,0.9850746268656733,0.0,0.014925373134326726,1.0,2026-04-08 14:38:00,5.454,5.204,131585.9,66931.39000000001,0.905797101449276,2026-04-08 14:42:00,4.854,4.92,0.1907514450867047,0.11001100110010995,0.001100110011001142,9.0,1.6117216117216133,0.08800000000000008,5.548,2026-04-08 14:48:00,1.6117216117216133,0.08800000000000008,5.548,2026-04-08 14:48:00,False,,True,2026-04-08 14:54:00,4.804,3.890590687209818,5.154888858635907,4.983550783780805,0.20470705086178054,-0.004581668275102979,0.20928871913688352
HSAI,2024-11-26,2024-11-26 10:51:00,False,clean_breakout,previous_high_break_with_pullback_low_support_or_previous_resistance,7.21,7.53,7.17,7.48,340464.0,240178.35,1.4175465856935066,0.7500000000000007,0.13888888888888828,0.1111111111111111,0.8611111111111117,2024-11-26 10:49:00,7.32,7.21,179426.0,240672.2,0.2777777777777808,2024-11-26 10:50:00,7.15,7.22,0.6363636363636341,0.023224043715846986,0.021857923497267777,2.0,14.3048128342246,1.0700000000000003,8.55,2024-11-26 11:07:00,14.3048128342246,1.0700000000000003,8.55,2024-11-26 11:07:00,True,14.0,False,,,6.205592599724588,7.151579415310147,6.886765747670464,0.32290246400880385,0.014554500481318455,0.3083479635274854
PEPG,2025-02-27,2025-02-27 10:54:00,False,clean_breakout,previous_high_break_with_pullback_low_support_or_previous_resistance,1.8276,1.9,1.8276,1.8799,47534.0,7601.2,6.253486291638162,0.7223756906077348,0.27762430939226523,0.0,0.7223756906077348,2025-02-27 10:52:00,1.8396,1.8176,650.0,5430.8,0.8909090909090919,2025-02-27 10:53:00,1.79,1.81,0.4,0.026962383126766618,0.021906936290497937,2.0,64.90238842491624,1.2201000000000002,3.1,2025-02-27 17:29:00,3.7289217511569794,0.07010000000000005,1.95,2025-02-27 10:57:00,False,,False,,,1.6874034060228895,1.8138318547744825,1.780324066444257,0.037972686245566045,0.004452698763182397,0.03351998748238365
PEPG,2025-02-27,2025-02-27 12:30:00,False,clean_breakout,previous_high_break_with_pullback_low_support_or_previous_resistance,2.0101,2.07,2.0101,2.07,59702.0,11062.7,5.396693393113797,1.0,0.0,0.0,1.0,2025-02-27 12:28:00,2.05,2.0207,41196.0,8646.2,0.3906666666666635,2025-02-27 12:29:00,2.01,2.0193,0.26571428571428707,0.019512195121951237,0.009756097560975618,2.0,49.75845410628021,1.0300000000000002,3.1,2025-02-27 17:29:00,7.246376811594221,0.15000000000000036,2.22,2025-02-27 12:48:00,False,,True,2025-02-27 12:37:00,1.97,1.8531827293162064,2.0029086349231138,1.9799879379070102,0.024121530933262747,0.006714324362901161,0.017407206570361586
PEPG,2025-02-27,2025-02-27 12:34:00,False,clean_breakout,previous_high_break_with_pullback_low_support_or_previous_resistance,2.069,2.12,2.06,2.12,57256.0,23459.8,2.4406005166284452,0.8500000000000019,0.0,0.14999999999999816,1.0,2025-02-27 12:32:00,2.08,2.075,25988.0,15297.15,0.19999999999999646,2025-02-27 12:33:00,2.06,2.06,0.0,0.009615384615384623,0.019230769230769246,2.0,46.226415094339615,0.98,3.1,2025-02-27 17:29:00,8.490566037735835,0.17999999999999972,2.3,2025-02-27 13:03:00,False,,True,2025-02-27 12:37:00,1.97,1.8870604804486384,2.050576336864508,2.0132961330720196,0.037700672367221966,0.013417732803647511,0.024282939563574454
PEPG,2025-02-27,2025-02-27 15:58:00,False,clean_breakout,previous_high_break_with_pullback_low_support_or_previous_resistance,2.405,2.51,2.4,2.5001,447959.0,97312.35,4.603310885000722,0.8645454545454592,0.08999999999999625,0.04545454545454454,0.9100000000000038,2025-02-27 15:56:00,2.45,2.41,171304.0,77175.0,0.0,2025-02-27 15:57:00,2.4,2.405,0.25641025641024706,0.02040816326530623,0.020448979591836745,2.0,23.995040198392058,0.5998999999999999,3.1,2025-02-27 17:29:00,19.19523219071236,0.47989999999999977,2.98,2025-02-27 16:03:00,True,4.0,False,,,2.239771925000667,2.4088114326327394,2.3658230959617765,0.04045330508235567,0.014051914621503452,0.02640139046085222
MYSE,2025-01-07,2025-01-07 12:43:00,False,clean_breakout,previous_high_break_with_pullback_low_support_or_previous_resistance,3.81,4.1,3.74,4.084,1542770.0,467662.2,3.2988982218361884,0.7611111111111112,0.04444444444444456,0.1944444444444443,0.9555555555555555,2025-01-07 12:41:00,3.9799,3.8797,1123300.0,371139.6,0.5897586815773983,2025-01-07 12:42:00,3.78,3.82,0.30769230769230715,0.05022739264805658,0.026156436091358932,2.0,131.63565132223314,5.376000000000001,9.46,2025-01-07 16:02:00,7.002938295788455,0.2860000000000005,4.37,2025-01-07 13:13:00,False,,True,2025-01-07 12:52:00,3.77,3.2289013250446033,3.787699932377195,3.654779194220075,0.1277887679515275,0.047727155795069434,0.08006161215645806
VMAR,2025-12-16,2025-12-16 11:28:00,False,clean_breakout,previous_high_break_with_pullback_low_support_or_previous_resistance,40.076,48.0,40.0,47.096,86237.45,38212.765,2.2567707414001577,0.8774999999999995,0.11300000000000043,0.009500000000000064,0.8869999999999996,2025-12-16 11:22:00,42.0,42.0,59203.825,32843.22625,0.0,2025-12-16 11:27:00,40.0,40.0,0.0,0.047619047619047616,0.12133333333333325,6.0,23.28860200441652,10.968000000000004,58.064,2025-12-16 16:14:00,6.166128758280966,2.9040000000000035,50.0,2025-12-16 11:35:00,False,,True,2025-12-16 11:44:00,38.8,32.728421751889734,39.49422632951076,36.12736877838486,3.283401389758687,1.1159032573061682,2.167498132452519
DXST,2026-03-10,2026-03-10 10:32:00,False,clean_breakout,previous_high_break_with_pullback_low_support_or_previous_resistance,9.52,10.7125,9.4825,10.375,219178.16,109886.01799999997,1.994595527157969,0.6951219512195123,0.2743902439024392,0.03048780487804848,0.7256097560975607,2026-03-10 10:24:00,9.9975,9.935,148160.84,75738.75800000002,0.12626262626262602,2026-03-10 10:29:00,9.3475,9.595,0.4711538461538485,0.06501625406351591,0.03775943985996494,8.0,17.831325301204814,1.8499999999999996,12.225,2026-03-10 10:55:00,17.831325301204814,1.8499999999999996,12.225,2026-03-10 10:55:00,True,11.0,False,,,8.754168469403544,9.67898808235665,9.251705290106864,0.5145350079791484,-0.013953893912042936,0.5284889018911914
IMRX,2024-09-16,2024-09-16 10:50:00,False,clean_breakout,previous_high_break_with_pullback_low_support_or_previous_resistance,2.0808,2.11,2.0801,2.0994,52211.0,32614.0,1.6008769240203593,0.6220735785953226,0.3545150501672143,0.02341137123746301,0.6454849498327857,2024-09-16 10:48:00,2.09,2.08,32160.0,30277.85,0.3999999999999929,2024-09-16 10:49:00,2.08,2.085,0.1538461538461407,0.004784688995215209,0.004497607655502535,2.0,82.43307611698579,1.7306,3.83,2024-09-16 15:18:00,5.744498428122323,0.12060000000000004,2.22,2024-09-16 11:08:00,False,,False,,,1.9866556097027102,2.078790643733391,2.0564944511815777,0.026549982496425262,-0.0006064795952974746,0.027156462091722736
IMRX,2024-09-16,2024-09-16 11:06:00,False,clean_breakout,previous_high_break_with_pullback_low_support_or_previous_resistance,2.135,2.18,2.135,2.178,111877.0,29227.45,3.827805710043127,0.9555555555555509,0.04444444444444905,0.0,0.9555555555555509,2024-09-16 11:04:00,2.15,2.1303,50605.0,24786.9,0.6198347107438068,2024-09-16 11:05:00,2.13,2.13,0.0,0.009302325581395357,0.013023255813953501,2.0,75.8494031221304,1.6520000000000001,3.83,2024-09-16 15:18:00,1.9283746556473949,0.04200000000000026,2.22,2024-09-16 11:08:00,False,,False,,,2.0045564743863857,2.1319862658680995,2.112460869145737,0.024088348227917056,0.0009550767461987755,0.02313327148171828
IMRX,2024-09-16,2024-09-16 12:11:00,False,clean_breakout,previous_high_break_with_pullback_low_support_or_previous_resistance,2.345,2.42,2.345,2.42,172320.0,61161.15,2.8174748185735554,1.0,0.0,0.0,1.0,2024-09-16 12:09:00,2.37,2.345,39135.0,52446.4,0.36363636363636803,2024-09-16 12:10:00,2.34,2.35,0.0,0.01265822784810137,0.021097046413502032,2.0,58.26446280991736,1.4100000000000001,3.83,2024-09-16 15:18:00,9.917355371900834,0.2400000000000002,2.66,2024-09-16 12:39:00,False,,False,,,2.0963852925360165,2.35151662268727,2.3127463324839765,0.043498883649695674,0.003975338108794878,0.0395235455409008
IMRX,2024-09-16,2024-09-16 15:15:00,False,clean_breakout,previous_high_break_with_pullback_low_support_or_previous_resistance,3.495,3.73,3.49,3.71,861022.0,505328.85,1.7038845100571638,0.8958333333333336,0.08333333333333348,0.02083333333333291,0.9166666666666665,2024-09-16 15:05:00,3.59,3.546,648602.0,566959.95,0.23157894736842133,2024-09-16 15:10:00,3.4,3.449,0.0,0.05292479108635096,0.03342618384401117,10.0,3.234501347708898,0.1200000000000001,3.83,2024-09-16 15:18:00,3.234501347708898,0.1200000000000001,3.83,2024-09-16 15:18:00,False,,True,2024-09-16 15:21:00,3.34,2.884184006307707,3.5169316010599623,3.434133260544073,0.10633517036803353,-0.004392226426343987,0.11072739679437751
LTBR,2024-10-18,2024-10-18 14:23:00,False,clean_breakout,previous_high_break_with_pullback_low_support_or_previous_resistance,6.629,7.11,6.6,7.0001,161206.0,62528.35,2.5781265617915716,0.7276470588235289,0.21549019607843217,0.05686274509803897,0.7845098039215679,2024-10-18 14:21:00,6.6,6.5691,86639.0,58316.4,0.11035714285714285,2024-10-18 14:22:00,6.476,6.6358,0.6396551724137914,0.01878787878787874,0.060621212121212145,2.0,13.569806145626497,0.9499000000000004,7.95,2024-10-18 19:55:00,2.7128183883087473,0.18990000000000062,7.19,2024-10-18 14:24:00,False,,True,2024-10-18 14:47:00,6.38,5.720319764335456,6.520746313053598,6.33896739194317,0.18152990835842076,0.06692780004895134,0.11460210830946942
IBRX,2024-10-25,2024-10-25 13:57:00,False,clean_breakout,previous_high_break_with_pullback_low_support_or_previous_resistance,6.4095,6.595,6.4,6.575,409551.0,141152.65,2.901475813596132,0.8487179487179501,0.1025641025641007,0.0487179487179492,0.8974358974358994,2024-10-25 13:55:00,6.37,6.36,144633.0,121622.25,0.14285714285713924,2024-10-25 13:56:00,6.345,6.41,0.23076923076923814,0.003924646781789695,0.03218210361067505,2.0,13.764258555133082,0.9050000000000002,7.48,2024-10-25 14:07:00,13.764258555133082,0.9050000000000002,7.48,2024-10-25 14:07:00,True,10.0,False,,,5.592284696364039,6.367406249061824,6.287058612338853,0.08115194898910172,0.02382609281846039,0.05732585617064133
IBRX,2024-10-25,2024-10-25 14:06:00,False,clean_breakout,previous_high_break_with_pullback_low_support_or_previous_resistance,6.9348,7.1799,6.84,7.1799,564223.0,229548.2,2.4579717898027513,0.7210944395410409,0.0,0.2789055604589591,1.0,2024-10-25 14:04:00,6.8,6.8,202142.0,192197.05,0.0,2024-10-25 14:05:00,6.77,6.9309,0.11764705882353156,0.004411764705882389,0.05586764705882355,2.0,4.179723951587076,0.3001000000000005,7.48,2024-10-25 14:07:00,4.179723951587076,0.3001000000000005,7.48,2024-10-25 14:07:00,False,,True,2024-10-25 14:18:00,6.61,5.686798319685233,6.805693621480482,6.606493813358066,0.20080356142422495,0.05635796809855964,0.1444455933256653
SBET,2025-06-11,2025-06-11 09:58:00,False,clean_breakout,previous_high_break_with_pullback_low_support_or_previous_resistance,38.25,40.0,38.0,39.25,71415.0,23810.75,2.9992755373098285,0.5,0.375,0.125,0.625,2025-06-11 09:47:00,38.81,38.65,29120.0,17369.95,0.20779220779221175,2025-06-11 09:53:00,37.0,37.34,0.4415584415584442,0.046637464570986914,0.011337284205101718,11.0,26.165605095541412,10.270000000000003,49.52,2025-06-11 12:02:00,5.7324840764331215,2.25,41.5,2025-06-11 10:19:00,False,,True,2025-06-11 10:05:00,36.56,36.709146161498936,38.04706274375175,37.35318108941684,0.8005365496719676,0.006759586183417321,0.7937769634885503
SBET,2025-06-11,2025-06-11 10:44:00,False,clean_breakout,previous_high_break_with_pullback_low_support_or_previous_resistance,42.77,44.0,42.27,43.48,60570.0,22664.5,2.672461338216153,0.4104046242774538,0.3005780346820833,0.28901734104046295,0.6994219653179167,2025-06-11 10:42:00,43.36,43.36,38556.0,19974.7,0.0,2025-06-11 10:43:00,42.55,42.76,0.2727272727272727,0.018680811808118133,0.0027675276752766936,2.0,13.891444342226325,6.040000000000006,49.52,2025-06-11 12:02:00,9.59061637534499,4.170000000000002,47.65,2025-06-11 11:07:00,False,,True,2025-06-11 10:45:00,42.43,38.745207699877525,42.31724028846546,41.4582446289532,0.9524903951674162,0.1789708062561588,0.7735195889112574
RADX,2025-03-03,2025-03-03 11:48:00,False,clean_breakout,previous_high_break_with_pullback_low_support_or_previous_resistance,9.44,10.48,9.3,10.48,125847.0,121771.35,1.0334696954579217,0.8813559322033908,0.0,0.11864406779660917,1.0,2025-03-03 11:42:00,10.27,10.04,211283.0,101817.0,0.4035087719298251,2025-03-03 11:45:00,9.3,9.68,0.4999999999999985,0.09444985394352472,0.020447906523855974,6.0,4.961832061068698,0.5199999999999996,11.0,2025-03-03 11:50:00,4.961832061068698,0.5199999999999996,11.0,2025-03-03 11:50:00,False,,True,2025-03-03 12:03:00,8.4,8.791558835870115,9.729387181382739,9.198700499374135,0.6675720520044468,-0.036570182570557996,0.7041422345750048
KITT,2025-01-03,2025-01-03 10:50:00,False,clean_breakout,previous_high_break_with_pullback_low_support_or_previous_resistance,150.1202,164.8802,149.7601,163.109,5012.369987625,2326.8942008812496,2.154103089743701,0.8590419375533225,0.11714208239363445,0.023815980053043088,0.8828579176063656,2025-01-03 10:38:00,162.0002,158.7602,5183.064261375,1174.00090933125,0.4500000000000002,2025-01-03 10:43:00,138.9601,142.8913,0.6833541927409269,0.1422226639226371,0.006844435994523477,12.0,137.49443623589133,224.26579999999998,387.3748,2025-01-03 16:52:00,38.60682120545156,62.97119999999998,226.0802,2025-01-03 11:01:00,True,3.0,False,,,141.43777347416284,151.7233737013356,147.66835549564973,4.915014914956572,-0.05828952508268692,4.973304440039259
RVSN,2025-10-07,2025-10-07 12:49:00,False,clean_breakout,previous_high_break_with_pullback_low_support_or_previous_resistance,20.1632,20.7002,20.0822,20.7002,7855.554777,2990.6584264500007,2.6266974213851544,0.868932038834952,0.0,0.13106796116504807,1.0,2025-10-07 12:43:00,20.4002,20.3732,5134.315323,2262.9040374000006,0.10588235294117943,2025-10-07 12:47:00,20.0282,20.1302,0.6764705882353177,0.018235115342006617,0.01470573817903732,6.0,42.85514149621744,8.871100000000002,29.5713,2025-10-07 13:14:00,42.85514149621744,8.871100000000002,29.5713,2025-10-07 13:14:00,True,8.0,False,,,18.664882101462503,20.23701548549621,19.981027179807732,0.28213487979801855,0.02879798623016222,0.2533368935678563
RVSN,2025-10-07,2025-10-07 13:06:00,False,clean_breakout,previous_high_break_with_pullback_low_support_or_previous_resistance,25.5003,27.0003,25.0473,26.5773,61300.586988,34294.79038199999,1.787460611515337,0.5514592933947783,0.21658986175115125,0.23195084485407041,0.7834101382488488,2025-10-07 13:04:00,26.4003,25.9893,58571.580945,30198.486345449994,0.24289344601382978,2025-10-07 13:05:00,25.5003,25.5033,0.006134969325153597,0.03409052169861714,0.0067044692673946735,2.0,11.265252678037271,2.9939999999999998,29.5713,2025-10-07 13:14:00,11.265252678037271,2.9939999999999998,29.5713,2025-10-07 13:14:00,True,8.0,False,,,22.116429149771232,24.961194375187034,23.54019250705265,1.5004681856882485,0.2989225776973745,1.201545607990874
CAMP,2026-03-09,2026-03-09 12:17:00,False,clean_breakout,previous_high_break_with_pullback_low_support_or_previous_resistance,5.43,5.58,5.37,5.53,2568.0,1770.9,1.4501101135016092,0.47619047619047883,0.23809523809523728,0.2857142857142839,0.7619047619047628,2026-03-09 12:15:00,5.49,5.49,1938.0,1485.45,0.0,2026-03-09 12:16:00,5.4376,5.4376,0.0,0.009544626593807002,0.007285974499089259,2.0,40.14466546112115,2.2199999999999998,7.75,2026-03-09 13:52:00,27.305605786618443,1.5099999999999998,7.04,2026-03-09 12:38:00,True,17.0,False,,,5.019935295682956,5.371864756821038,5.20641464211102,0.18719039547274097,0.01643687980732536,0.1707535156654156
CAMP,2026-03-09,2026-03-09 13:51:00,False,clean_breakout,previous_high_break_with_pullback_low_support_or_previous_resistance,6.9556,7.43,6.9556,7.3299,123831.0,36877.9,3.3578647374172608,0.7889966273187197,0.2110033726812803,0.0,0.7889966273187197,2026-03-09 13:47:00,7.0,6.95,36665.0,30393.4,0.3846153846153836,2026-03-09 13:48:00,6.84,6.8828,0.3057142857142825,0.022857142857142878,0.04712857142857147,4.0,5.731319663296903,0.4200999999999997,7.75,2026-03-09 13:52:00,5.731319663296903,0.4200999999999997,7.75,2026-03-09 13:52:00,False,,True,2026-03-09 14:02:00,6.5101,6.423726182980856,6.971761609398165,6.821974651144114,0.17312914308018978,0.01350914923333385,0.15961999384685593
NVNI,2025-07-31,2025-07-31 10:09:00,False,clean_breakout,previous_high_break_with_pullback_low_support_or_previous_resistance,5.879,6.0,5.86,5.955,21894.5,11668.99,1.876297777271212,0.5428571428571477,0.3214285714285717,0.1357142857142806,0.6785714285714284,2025-07-31 10:05:00,5.925,5.86,12044.5,11414.869999999999,0.6478873239436681,2025-07-31 10:06:00,5.822,5.905,0.4418604651162805,0.0173839662447257,0.005063291139240548,4.0,26.112510495382026,1.5549999999999997,7.51,2025-07-31 12:19:00,8.933669185558355,0.532,6.487,2025-07-31 10:28:00,False,,False,,,5.545666010420889,5.864356365765652,5.765491197040189,0.12863434338980984,-0.003897574802945225,0.13253191819275506
NCI,2024-09-19,2024-09-19 13:50:00,False,clean_breakout,previous_high_break_with_pullback_low_support_or_previous_resistance,2.9505,3.0775,2.9505,3.0775,1387.2,912.5799999999999,1.5200859102763595,1.0,0.0,0.0,1.0,2024-09-19 13:47:00,3.0375,3.013,140.0,763.9100000000001,0.0,2024-09-19 13:49:00,2.95,3.077,0.7843137254901936,0.028806584362139887,0.013168724279835403,3.0,54.34606011372867,1.6724999999999999,4.75,2024-09-19 15:29:00,17.14053614947197,0.5274999999999999,3.605,2024-09-19 14:12:00,True,10.0,False,,,2.820307706325187,3.0115558066308292,2.961764689451453,0.04709221739684866,0.019621879784287997,0.02747033761256066
RGC,2025-07-03,2025-07-03 10:42:00,False,clean_breakout,previous_high_break_with_pullback_low_support_or_previous_resistance,20.66,21.88,20.53,21.7,186531.0,117063.8,1.5934131644453708,0.7703703703703709,0.13333333333333333,0.09629629629629571,0.8666666666666667,2025-07-03 10:31:00,21.5,21.25,110320.0,113828.4,0.3521126760563376,2025-07-03 10:35:00,19.13,19.32,0.13868613138686214,0.11023255813953493,0.009302325581395316,11.0,29.03225806451613,6.300000000000001,28.0,2025-07-03 10:54:00,29.03225806451613,6.300000000000001,28.0,2025-07-03 10:54:00,True,4.0,False,,,17.815208327012158,20.510612212482453,19.82896325957806,0.9188435668763404,-0.09067828355060814,1.0095218504269485
HYPD,2025-07-02,2025-07-02 12:48:00,False,clean_breakout,previous_high_break_with_pullback_low_support_or_previous_resistance,15.21,15.7,15.21,15.7,25684.0,20439.65,1.2565772897285423,1.0,0.0,0.0,1.0,2025-07-02 12:46:00,15.48,15.385,51520.0,19379.5,0.21839080459770238,2025-07-02 12:47:00,15.2101,15.419,0.7869794159885058,0.017435400516795853,0.014211886304909487,2.0,9.426751592356691,1.4800000000000004,17.18,2025-07-02 14:51:00,0.25477707006370015,0.040000000000000924,15.74,2025-07-02 12:49:00,False,,True,2025-07-02 12:50:00,15.15,13.228304311019718,15.210584412936697,14.964048015500417,0.26735724486990264,0.06594194973345455,0.2014152951364481
DLTH,2025-09-04,2025-09-04 10:47:00,False,clean_breakout,previous_high_break_with_pullback_low_support_or_previous_resistance,4.0297,4.25,4.0001,4.2199,891381.0,474077.7,1.8802424159583966,0.7611044417767097,0.12044817927170863,0.1184473789515817,0.8795518207282914,2025-09-04 10:45:00,4.19,3.97,934128.0,427858.4,0.2596296296296294,2025-09-04 10:46:00,3.92,4.03,0.4145818441744125,0.06443914081145595,0.00713603818615742,2.0,10.42915708903055,0.44010000000000016,4.66,2025-09-04 10:59:00,10.42915708903055,0.44010000000000016,4.66,2025-09-04 10:59:00,True,12.0,False,,,3.8033273478051024,3.982070995432253,3.8506313827166156,0.15081991358322755,0.025283109693943262,0.1255368038892843
DLTH,2025-09-04,2025-09-04 10:56:00,False,clean_breakout,previous_high_break_with_pullback_low_support_or_previous_resistance,4.24,4.56,4.23,4.48,1263145.0,669342.9,1.8871418521059982,0.7272727272727297,0.24242424242424054,0.03030303030302973,0.7575757575757595,2025-09-04 10:54:00,4.46,4.32,690328.0,641325.2,0.3749999999999972,2025-09-04 10:55:00,4.1101,4.2393,0.4615934262236519,0.07845291479820625,0.00448430493273553,2.0,4.017857142857136,0.17999999999999972,4.66,2025-09-04 10:59:00,4.017857142857136,0.17999999999999972,4.66,2025-09-04 10:59:00,False,,True,2025-09-04 11:09:00,3.95,3.980497014002355,4.303907056141616,4.144714452838562,0.19212328393257305,0.004979031809511314,0.18714425212306174
RILY,2025-02-24,2025-02-24 11:15:00,False,clean_breakout,previous_high_break_with_pullback_low_support_or_previous_resistance,4.19,4.27,4.18,4.27,58329.0,25335.9,2.3022272743419414,0.8888888888888812,0.0,0.1111111111111188,1.0,2025-02-24 11:12:00,4.19,4.17,61843.0,22196.0,0.33333333333333826,2025-02-24 11:14:00,4.14,4.19,0.5,0.011933174224343843,0.019093078758949684,3.0,23.653395784543342,1.0100000000000007,5.28,2025-02-24 12:51:00,13.34894613583139,0.5700000000000003,4.84,2025-02-24 11:24:00,True,5.0,False,,,3.8734625913739555,4.16248660736793,4.105239835158537,0.059628595693157926,0.016165449438367646,0.04346314625479028
RILY,2025-02-24,2025-02-24 11:20:00,False,clean_breakout,previous_high_break_with_pullback_low_support_or_previous_resistance,4.39,4.75,4.36,4.71,368265.0,61376.85,6.000063541872873,0.8205128205128219,0.10256410256410274,0.07692307692307535,0.8974358974358972,2025-02-24 11:18:00,4.41,4.35,65775.0,39327.5,0.20000000000000356,2025-02-24 11:19:00,4.34,4.38,0.12500000000000278,0.015873015873015938,0.06802721088435369,2.0,12.101910828025483,0.5700000000000003,5.28,2025-02-24 12:51:00,2.760084925690019,0.1299999999999999,4.84,2025-02-24 11:24:00,False,,True,2025-02-24 11:40:00,4.11,4.039998400942412,4.3647412115023245,4.237537654087453,0.12222125413435059,0.04692813436425046,0.07529311977010013
MLGO,2025-03-24,2025-03-24 10:35:00,False,clean_breakout,previous_high_break_with_pullback_low_support_or_previous_resistance,173.5637,185.4019,173.1017,183.0018,65933.540658,28380.181195350004,2.3232247956472873,0.7673127266223295,0.1951269085055532,0.037560364872117266,0.8048730914944467,2025-03-24 10:32:00,176.7018,175.5018,44167.424988,25830.515025599998,0.18569814766097553,2025-03-24 10:33:00,172.8017,173.6717,0.2899903336555393,0.022071648392942126,0.03565328706328975,3.0,176.55744369727512,323.1033,506.1051,2025-03-24 16:40:00,28.195077862622114,51.5975,234.5993,2025-03-24 11:05:00,True,18.0,True,2025-03-24 10:42:00,165.9017,139.7921347415795,172.9092542359448,167.38150501419238,6.1233226862450465,0.99001679482123,5.1333058914238165
MLGO,2025-03-24,2025-03-24 11:05:00,False,clean_breakout,previous_high_break_with_pullback_low_support_or_previous_resistance,218.1022,234.5993,217.8322,227.9783,51517.184823,34074.017589749994,1.5119198869726824,0.5890165860524468,0.3948804504058549,0.01610296354169834,0.6051195495941452,2025-03-24 11:02:00,227.7023,222.6022,57000.76332,33134.870314650005,0.2656274413808189,2025-03-24 11:03:00,214.8021,217.6522,0.3275939357018885,0.056653797524223566,0.001212108968596198,3.0,121.99704971920573,278.1268,506.1051,2025-03-24 16:40:00,4.616272689111202,10.524100000000004,238.5024,2025-03-24 11:07:00,False,,True,2025-03-24 11:19:00,208.5021,153.8106616432668,215.30883494349828,205.1544849742609,11.463706598118847,1.0883282221473252,10.375378375971522
LIDR,2025-01-07,2025-01-07 09:45:00,False,clean_breakout,previous_high_break_with_pullback_low_support_or_previous_resistance,3.3798,3.75,3.33,3.73,1697468.0,472901.05,3.5894781794204094,0.8338095238095241,0.04761904761904767,0.11857142857142822,0.9523809523809523,2025-01-07 09:37:00,3.59,3.31,910956.0,166676.75,0.1416666666666659,2025-01-07 09:38:00,3.0301,3.2,0.5860641600551924,0.15596100278551528,0.0389972144846797,8.0,15.28150134048257,0.5699999999999998,4.3,2025-01-07 09:50:00,15.28150134048257,0.5699999999999998,4.3,2025-01-07 09:50:00,True,4.0,False,,,3.272573406774187,3.3488460246033074,3.1068384624709853,0.2573254027031209,0.0344727684340691,0.22285263426905177
OPEN,2025-07-21,2025-07-21 10:07:00,False,clean_breakout,previous_high_break_with_pullback_low_support_or_previous_resistance,3.1803,3.31,3.18,3.3098,7486430.0,5537827.9,1.3518711912300487,0.9961538461538483,0.0015384615384613702,0.0023076923076903472,0.9984615384615386,2025-07-21 10:05:00,3.24,3.18,5593335.0,5198800.4,0.19285714285714303,2025-07-21 10:06:00,3.13,3.1801,0.8349999999999999,0.03395061728395071,0.021543209876543165,2.0,50.16013052148165,1.6601999999999997,4.97,2025-07-21 14:46:00,2.1209740769834977,0.07019999999999982,3.38,2025-07-21 10:10:00,False,,True,2025-07-21 10:18:00,3.06,2.9092061402831284,3.1866823190413034,3.0918847466449266,0.10551996166485633,0.011013452577145574,0.09450650908771076
OPEN,2025-07-21,2025-07-21 10:59:00,False,clean_breakout,previous_high_break_with_pullback_low_support_or_previous_resistance,3.615,3.74,3.61,3.73,4325649.0,4220186.65,1.0249899728961038,0.8846153846153806,0.0769230769230785,0.038461538461540955,0.9230769230769215,2025-07-21 10:57:00,3.7,3.6585,5002076.0,4025291.35,0.16666666666667038,2025-07-21 10:58:00,3.61,3.6108,0.013333333333331853,0.024324324324324405,0.008108108108108055,2.0,33.24396782841823,1.2399999999999998,4.97,2025-07-21 14:46:00,9.11528150134049,0.3400000000000003,4.07,2025-07-21 11:29:00,False,,True,2025-07-21 11:01:00,3.6,3.0732333079714644,3.6052038376958975,3.4944835721545826,0.12078161037268931,0.018303521429656605,0.1024780889430327
OPEN,2025-07-21,2025-07-21 13:08:00,False,clean_breakout,previous_high_break_with_pullback_low_support_or_previous_resistance,4.3548,4.48,4.35,4.48,7100512.0,3587621.6,1.979169709536814,0.9630769230769205,0.0,0.036923076923079466,1.0,2025-07-21 13:06:00,4.38,4.35,2848988.0,3716213.0,0.5000000000000074,2025-07-21 13:07:00,4.32,4.3546,0.5974999999999836,0.013698630136986212,0.022831050228310626,2.0,10.937499999999984,0.4899999999999993,4.97,2025-07-21 14:46:00,0.22321428571428092,0.009999999999999787,4.49,2025-07-21 13:09:00,False,,True,2025-07-21 13:12:00,4.31,3.5362846867370186,4.330309488132499,4.240540702663363,0.10047111636137096,0.011098888101776158,0.0893722282595948
QUBT,2024-12-16,2024-12-16 09:57:00,False,clean_breakout,previous_high_break_with_pullback_low_support_or_previous_resistance,7.6311,7.8,7.6311,7.8,281269.0,241890.15,1.1627964181261619,1.0,0.0,0.0,1.0,2024-12-16 09:55:00,7.77,7.675,270356.0,253379.65,0.29999999999999466,2024-12-16 09:56:00,7.64,7.64,0.0,0.016731016731016717,0.003861003861003893,2.0,57.43589743589743,4.4799999999999995,12.28,2024-12-16 13:27:00,5.641025641025646,0.4400000000000004,8.24,2024-12-16 10:27:00,False,,True,2024-12-16 10:13:00,7.63,7.306843999702187,7.631699663657143,7.506760463914142,0.14001117693709375,0.017274934495161487,0.12273624244193226
QUBT,2024-12-16,2024-12-16 10:31:00,False,clean_breakout,previous_high_break_with_pullback_low_support_or_previous_resistance,8.19,8.44,8.17,8.3399,424805.0,205971.6,2.062444531187795,0.5551851851851882,0.37074074074073915,0.07407407407407261,0.6292592592592609,2024-12-16 10:29:00,8.3,8.2999,187849.0,189492.3,0.001015228426411593,2024-12-16 10:30:00,8.17,8.174,0.03333333333332988,0.01566265060240973,0.0048072289156625755,2.0,47.24397175026078,3.9400999999999993,12.28,2024-12-16 13:27:00,4.557608604419724,0.38010000000000055,8.72,2024-12-16 11:01:00,False,,False,,,7.609074123569057,8.17391211440618,8.04624681856017,0.13902489127639317,0.0316528922393899,0.10737199903700327
QUBT,2024-12-16,2024-12-16 12:46:00,False,clean_breakout,previous_high_break_with_pullback_low_support_or_previous_resistance,10.18,10.42,10.1788,10.41,497616.0,445112.9,1.1179545683802918,0.9535655058043168,0.04145936981757803,0.004975124378105239,0.958540630182422,2024-12-16 12:42:00,10.35,10.1988,578424.0,387928.45,0.1309090909090933,2024-12-16 12:44:00,9.9,10.038,0.3209302325581395,0.04347826086956515,0.005797101449275411,4.0,17.963496637848213,1.8699999999999992,12.28,2024-12-16 13:27:00,5.0912584053794365,0.5299999999999994,10.94,2024-12-16 13:16:00,False,,True,2024-12-16 12:54:00,9.74,8.635459399885118,10.17142245638186,9.992920785254723,0.21000072053847774,0.010483527101595613,0.19951719343688212
QMCO,2024-12-26,2024-12-26 09:49:00,False,clean_breakout,previous_high_break_with_pullback_low_support_or_previous_resistance,48.0,49.37,47.94,49.17,28675.0,9140.25,3.137222723667296,0.8181818181818196,0.1398601398601369,0.041958041958043556,0.8601398601398631,2024-12-26 09:46:00,48.5,48.23,18025.0,7112.0,0.40909090909091594,2024-12-26 09:48:00,47.81,48.2,0.8974358974358816,0.014226804123711294,0.013814432989690756,3.0,61.663616026032116,30.319999999999993,79.49,2024-12-26 19:30:00,8.704494610534882,4.280000000000001,53.45,2024-12-26 09:58:00,False,,False,,,46.74396086649204,47.87145324427343,46.85826868524047,1.0678872879578165,0.19855053826895197,0.8693367496888645
QMCO,2024-12-26,2024-12-26 09:56:00,False,clean_breakout,previous_high_break_with_pullback_low_support_or_previous_resistance,49.04,50.88,48.97,50.88,35929.0,13000.6,2.7636416780763966,0.963350785340314,0.0,0.036649214659685944,1.0,2024-12-26 09:50:00,49.49,49.01,23302.0,9625.3,0.38095238095237977,2024-12-26 09:55:00,48.17,49.3,0.3008849557522103,0.026672054960598105,0.028086482117599527,6.0,56.23034591194966,28.609999999999992,79.49,2024-12-26 19:30:00,5.051100628930818,2.5700000000000003,53.45,2024-12-26 09:58:00,False,,False,,,47.69759468133307,49.136015999413466,48.106811630159136,1.1702252096232613,0.08725151900197448,1.0829736906212868
QMCO,2024-12-26,2024-12-26 12:37:00,False,clean_breakout,previous_high_break_with_pullback_low_support_or_previous_resistance,59.78,62.7,59.78,62.56,65992.0,10628.9,6.2087327945507065,0.9520547945205478,0.04794520547945222,0.0,0.9520547945205478,2024-12-26 12:34:00,59.9,59.51,9718.0,8142.5,0.12820512820512073,2024-12-26 12:35:00,58.86,59.3,0.555555555555552,0.017362270450751238,0.044407345575959996,3.0,27.062020460358045,16.929999999999993,79.49,2024-12-26 19:30:00,7.832480818414308,4.8999999999999915,67.46,2024-12-26 12:43:00,False,,False,,,53.5325963301368,59.88677979734848,59.02438034873874,0.826339608289345,0.2900698873304135,0.5362697209589316
QMCO,2024-12-26,2024-12-26 15:51:00,False,clean_breakout,previous_high_break_with_pullback_low_support_or_previous_resistance,69.65,70.58,69.49,70.58,30108.0,12731.5,2.3648431056827555,0.8532110091743025,0.0,0.14678899082569752,1.0,2024-12-26 15:49:00,69.7,69.69,8779.0,11719.95,0.028571428571442493,2024-12-26 15:50:00,69.35,69.67,0.5333333333333381,0.0050215208034434505,0.012625538020086018,2.0,12.62397279682629,8.909999999999997,79.49,2024-12-26 19:30:00,1.9127231510342995,1.3500000000000085,71.93,2024-12-26 15:53:00,False,,True,2024-12-26 15:56:00,69.3,59.03516649213518,69.34378438698077,68.49604380445604,1.029956488754948,0.05637234122653789,0.97358414752841
NAMM,2026-02-19,2026-02-19 10:16:00,False,clean_breakout,previous_high_break_with_pullback_low_support_or_previous_resistance,2.84,2.94,2.84,2.92,50618.0,13956.55,3.626827546922413,0.8,0.2,0.0,0.8,2026-02-19 10:14:00,2.849,2.825,2523.0,11087.05,0.27916666666668194,2026-02-19 10:15:00,2.8,2.8436,0.7999999999999965,0.01719901719901733,0.024921024921024826,2.0,39.38356164383563,1.1500000000000004,4.07,2026-02-19 15:40:00,5.479452054794526,0.16000000000000014,3.08,2026-02-19 10:41:00,False,,False,,,2.7298303624103286,2.8285898980133295,2.7891124102379172,0.04020292017511329,0.01237039709433354,0.02783252308077975
NAMM,2026-02-19,2026-02-19 11:44:00,False,clean_breakout,previous_high_break_with_pullback_low_support_or_previous_resistance,3.09,3.13,3.0827,3.125,19670.0,10558.4,1.862971662373087,0.7399577167019074,0.10570824524312694,0.1543340380549657,0.8942917547568731,2026-02-19 11:42:00,3.1,3.1,31052.0,9553.95,0.0,2026-02-19 11:43:00,3.0827,3.0827,0.0,0.005580645161290352,0.008064516129032228,2.0,30.240000000000013,0.9450000000000003,4.07,2026-02-19 15:40:00,8.159999999999997,0.2549999999999999,3.38,2026-02-19 12:12:00,False,,True,2026-02-19 11:46:00,3.06,2.918151900918855,3.073738895546125,3.039806485612369,0.029318862731151363,0.01563948842880723,0.013679374302344133
RVSN,2025-10-07,2025-10-07 12:49:00,False,clean_breakout,previous_high_break_with_pullback_low_support_or_previous_resistance,20.1632,20.7002,20.0822,20.7002,7855.554777,2990.6584264500007,2.6266974213851544,0.868932038834952,0.0,0.13106796116504807,1.0,2025-10-07 12:43:00,20.4002,20.3732,5134.315323,2262.9040374000006,0.10588235294117943,2025-10-07 12:47:00,20.0282,20.1302,0.6764705882353177,0.018235115342006617,0.01470573817903732,6.0,42.85514149621744,8.871100000000002,29.5713,2025-10-07 13:14:00,42.85514149621744,8.871100000000002,29.5713,2025-10-07 13:14:00,True,8.0,False,,,18.664882101462503,20.23701548549621,19.981027179807732,0.28213487979801855,0.02879798623016222,0.2533368935678563
RVSN,2025-10-07,2025-10-07 13:06:00,False,clean_breakout,previous_high_break_with_pullback_low_support_or_previous_resistance,25.5003,27.0003,25.0473,26.5773,61300.586988,34294.79038199999,1.787460611515337,0.5514592933947783,0.21658986175115125,0.23195084485407041,0.7834101382488488,2025-10-07 13:04:00,26.4003,25.9893,58571.580945,30198.486345449994,0.24289344601382978,2025-10-07 13:05:00,25.5003,25.5033,0.006134969325153597,0.03409052169861714,0.0067044692673946735,2.0,11.265252678037271,2.9939999999999998,29.5713,2025-10-07 13:14:00,11.265252678037271,2.9939999999999998,29.5713,2025-10-07 13:14:00,True,8.0,False,,,22.116429149771232,24.961194375187034,23.54019250705265,1.5004681856882485,0.2989225776973745,1.201545607990874
QNTM,2025-02-05,2025-02-05 11:01:00,False,clean_breakout,previous_high_break_with_pullback_low_support_or_previous_resistance,6.59,6.77,6.59,6.77,30198.0,8082.15,3.7363820270596317,1.0,0.0,0.0,1.0,2025-02-05 10:59:00,6.65,6.56,12930.0,6510.05,0.40000000000000235,2025-02-05 11:00:00,6.5,6.59,0.0,0.02255639097744366,0.01804511278195477,2.0,48.44903988183163,3.280000000000001,10.05,2025-02-05 13:24:00,15.214180206794687,1.0300000000000002,7.8,2025-02-05 11:20:00,True,19.0,False,,,6.2574699057268655,6.565493563110963,6.478870353113991,0.08305397989959395,0.03671922317669506,0.0463347567228989
QNTM,2025-02-05,2025-02-05 11:14:00,False,clean_breakout,previous_high_break_with_pullback_low_support_or_previous_resistance,6.88,7.2,6.87,7.14,66509.0,19090.95,3.4837972966248403,0.7878787878787871,0.1818181818181833,0.03030303030302965,0.8181818181818167,2025-02-05 11:12:00,6.98,6.92,46871.0,16016.95,0.3000000000000022,2025-02-05 11:13:00,6.86,6.9,0.0,0.01719197707736391,0.022922636103151754,2.0,40.75630252100842,2.910000000000001,10.05,2025-02-05 13:24:00,11.904761904761912,0.8500000000000005,7.99,2025-02-05 11:43:00,True,19.0,False,,,6.339405428628221,6.866406335381252,6.738639826297581,0.13620436302965722,0.026215454675374394,0.10998890835428282
QNTM,2025-02-05,2025-02-05 13:00:00,False,clean_breakout,previous_high_break_with_pullback_low_support_or_previous_resistance,9.08,9.72,9.06,9.7,268039.0,103309.95,2.5945129196171326,0.939393939393938,0.03030303030303234,0.03030303030302965,0.9696969696969676,2025-02-05 12:58:00,9.4,9.4,229580.0,78383.45,0.0,2025-02-05 12:59:00,9.03,9.08,0.1351351351351367,0.03936170212765968,0.03191489361702116,2.0,3.608247422680427,0.3500000000000014,10.05,2025-02-05 13:24:00,3.608247422680427,0.3500000000000014,10.05,2025-02-05 13:24:00,False,,True,2025-02-05 13:10:00,8.87,7.577692477298546,8.991324983128285,8.584968972231463,0.41313091554214587,0.10993452811009341,0.30319638743205246
OMER,2024-11-14,2024-11-14 10:12:00,False,clean_breakout,previous_high_break_with_pullback_low_support_or_previous_resistance,5.69,5.75,5.6644,5.74,18689.0,15318.3,1.2200439996605368,0.5841121495327058,0.1168224299065391,0.299065420560755,0.8831775700934609,2024-11-14 10:10:00,5.72,5.6801,8833.0,16228.85,0.12499999999999722,2024-11-14 10:11:00,5.67,5.68,0.3333333333333235,0.00874125874125871,0.0034965034965035776,2.0,30.8362369337979,1.7699999999999996,7.51,2024-11-14 10:36:00,30.8362369337979,1.7699999999999996,7.51,2024-11-14 10:36:00,True,9.0,False,,,5.316876076976797,5.649853291521707,5.5370741881362235,0.14885197713603127,-0.0025978271130194797,0.15144980424905075
OMER,2024-11-14,2024-11-14 10:20:00,False,clean_breakout,previous_high_break_with_pullback_low_support_or_previous_resistance,5.9999,6.1694,5.97,6.15,48678.0,35473.25,1.3722452834177867,0.7527582748244714,0.09729187562688073,0.14994984954864785,0.9027081243731193,2024-11-14 10:18:00,6.1394,6.112,53081.0,27545.95,0.285119667013529,2024-11-14 10:19:00,5.85,5.96,0.28947368421052655,0.047138156823142416,0.001726553083363222,2.0,22.11382113821137,1.3599999999999994,7.51,2024-11-14 10:36:00,22.11382113821137,1.3599999999999994,7.51,2024-11-14 10:36:00,True,13.0,False,,,5.577945997981048,5.967431104801707,5.796079486417661,0.2004651471826957,0.025074778109914708,0.175390369072781
OMER,2024-11-14,2024-11-14 10:35:00,False,clean_breakout,previous_high_break_with_pullback_low_support_or_previous_resistance,6.8,7.22,6.75,7.22,365727.0,138242.1,2.645554429511704,0.893617021276596,0.0,0.10638297872340394,1.0,2024-11-14 10:33:00,6.79,6.79,182542.0,111765.7,0.0,2024-11-14 10:34:00,6.75,6.82,0.1934235976789167,0.005891016200294556,0.06332842415316638,2.0,4.016620498614959,0.29000000000000004,7.51,2024-11-14 10:36:00,4.016620498614959,0.29000000000000004,7.51,2024-11-14 10:36:00,False,,True,2024-11-14 10:42:00,6.67,6.213426640094186,6.670524499748592,6.385854299446596,0.3049510282700272,0.07331442876738264,0.23163659950264454
RADX,2025-03-03,2025-03-03 11:48:00,False,clean_breakout,previous_high_break_with_pullback_low_support_or_previous_resistance,9.44,10.48,9.3,10.48,125847.0,121771.35,1.0334696954579217,0.8813559322033908,0.0,0.11864406779660917,1.0,2025-03-03 11:42:00,10.27,10.04,211283.0,101817.0,0.4035087719298251,2025-03-03 11:45:00,9.3,9.68,0.4999999999999985,0.09444985394352472,0.020447906523855974,6.0,4.961832061068698,0.5199999999999996,11.0,2025-03-03 11:50:00,4.961832061068698,0.5199999999999996,11.0,2025-03-03 11:50:00,False,,True,2025-03-03 12:03:00,8.4,8.791558835870115,9.729387181382739,9.198700499374135,0.6675720520044468,-0.036570182570557996,0.7041422345750048
NVNI,2025-09-22,2025-09-22 12:12:00,False,clean_breakout,previous_high_break_with_pullback_low_support_or_previous_resistance,14.293,14.8,14.2,14.75,45129.0,11557.484999999997,3.904742251450035,0.761666666666666,0.08333333333333431,0.15499999999999958,0.9166666666666656,2025-09-22 12:07:00,14.3,14.15,33055.8,8995.079999999998,0.16666666666666863,2025-09-22 12:09:00,14.0,14.199,0.9900000000000055,0.02097902097902103,0.031468531468531416,5.0,1.0169491525423753,0.15000000000000036,14.9,2025-09-22 12:13:00,1.0169491525423753,0.15000000000000036,14.9,2025-09-22 12:13:00,False,,True,2025-09-22 12:22:00,13.9,12.309620793706431,14.168383487898346,13.855467233600137,0.31231346058027754,0.10397125452444098,0.20834220605583656
NVNI,2025-09-22,2025-09-22 14:34:00,False,clean_breakout,previous_high_break_with_pullback_low_support_or_previous_resistance,13.501,13.6,13.501,13.6,2050.0,1825.6199999999997,1.1229061907735456,1.0,0.0,0.0,1.0,2025-09-22 14:32:00,13.559,13.55,1658.5,1809.205,0.1525423728813335,2025-09-22 14:33:00,13.5,13.55,0.5000000000000089,0.004351353344641882,0.0030238218157681517,2.0,9.55882352941177,1.3000000000000007,14.9,2025-09-22 15:56:00,2.205882352941182,0.3000000000000007,13.9,2025-09-22 14:49:00,False,,True,2025-09-22 15:03:00,13.4,12.79502176219265,13.484673458720636,13.39071149031398,0.10818538696159585,0.012985884820367721,0.09519950214122813
REBN,2025-01-31,2025-01-31 11:19:00,False,clean_breakout,previous_high_break_with_pullback_low_support_or_previous_resistance,4.0,4.5,3.9901,4.36,1139116.0,499096.8,2.2823548457934413,0.7060207883898809,0.2745636399293973,0.01941557168072175,0.7254363600706027,2025-01-31 11:10:00,4.0,3.76,897562.0,366813.6,0.22580645161290266,2025-01-31 11:15:00,3.6,3.84,0.40000000000000036,0.09999999999999998,0.09000000000000008,9.0,23.85321100917431,1.04,5.4,2025-01-31 11:23:00,23.85321100917431,1.04,5.4,2025-01-31 11:23:00,True,1.0,False,,,3.461129584466778,3.920789822381871,3.708128943284945,0.2389372682870432,0.02378781114214598,0.21514945714489722
REBN,2025-01-31,2025-01-31 11:20:00,False,clean_breakout,previous_high_break_with_pullback_low_support_or_previous_resistance,4.37,5.0,4.22,4.87,1489964.0,555832.65,2.680598198036765,0.6410256410256409,0.16666666666666646,0.1923076923076927,0.8333333333333335,2025-01-31 11:18:00,4.0,3.9993,647151.0,444824.75,0.004117647058824384,2025-01-31 11:19:00,3.9901,4.36,0.01941557168072175,0.002475000000000005,0.21750000000000003,2.0,10.882956878850107,0.5300000000000002,5.4,2025-01-31 11:23:00,10.882956878850107,0.5300000000000002,5.4,2025-01-31 11:23:00,True,3.0,False,,,3.56578028553121,4.1106318579054975,3.8187833296387597,0.30218811040768356,0.07144515124593734,0.23074295916174623
SBET,2024-12-06,2024-12-06 14:33:00,False,clean_breakout,previous_high_break_with_pullback_low_support_or_previous_resistance,11.2032,13.0801,11.1156,13.0801,49251.719659,18035.19035895,2.7308677468191367,0.9554085008908119,0.0,0.044591499109188165,1.0,2024-12-06 14:26:00,12.24,11.9916,44962.736815,14549.858466999998,0.5149253731343285,2024-12-06 14:30:00,10.5816,11.0736,0.42948717948718007,0.1354901960784314,0.06863562091503264,7.0,2.752272536142686,0.35999999999999943,13.4401,2024-12-06 14:39:00,2.752272536142686,0.35999999999999943,13.4401,2024-12-06 14:39:00,False,,False,,,10.073345564740812,11.62855427582487,11.259823280445572,0.4179694984696489,0.0019059786959319536,0.41606351977371697
QNTM,2026-03-24,2026-03-24 13:39:00,False,clean_breakout,previous_high_break_with_pullback_low_support_or_previous_resistance,4.04,4.2,4.04,4.14,21660.0,5252.5,4.1237505949547835,0.6249999999999972,0.3750000000000028,0.0,0.6249999999999972,2026-03-24 13:34:00,4.11,4.06,5730.0,3833.7,0.0,2026-03-24 13:36:00,3.97,4.03,0.5454545454545465,0.03406326034063263,0.007299270072992544,5.0,25.120772946859905,1.04,5.18,2026-03-24 19:01:00,10.386473429951707,0.4300000000000006,4.57,2026-03-24 14:08:00,True,29.0,False,,,3.6986428085565892,4.05641266399593,4.020156274965907,0.03726022477172819,0.011510831657755339,0.02574939311397285
QNTM,2026-03-24,2026-03-24 15:47:00,False,clean_breakout,previous_high_break_with_pullback_low_support_or_previous_resistance,4.71,4.83,4.71,4.79,22501.0,5949.75,3.781839573091306,0.6666666666666666,0.3333333333333333,0.0,0.6666666666666666,2026-03-24 15:45:00,4.75,4.74,24146.0,4046.3,0.0909090909090887,2026-03-24 15:46:00,4.63,4.75,0.833333333333337,0.025263157894736866,0.008421052631578954,2.0,8.141962421711893,0.3899999999999997,5.18,2026-03-24 19:01:00,0.2087682672233776,0.009999999999999787,4.8,2026-03-24 15:48:00,False,,True,2026-03-24 15:51:00,4.6,4.1220726769174805,4.693296567077301,4.641214849801957,0.04801924839399696,0.021489153467982268,0.026530094926014693
QURE,2024-07-10,2024-07-10 10:51:00,False,clean_breakout,previous_high_break_with_pullback_low_support_or_previous_resistance,8.41,8.59,8.36,8.58,386225.0,174617.75,2.2118312714486357,0.739130434782607,0.04347826086956421,0.21739130434782877,0.9565217391304358,2024-07-10 10:46:00,8.52,8.45,337147.0,190907.65,0.46666666666666745,2024-07-10 10:49:00,8.36,8.43,0.5833333333333308,0.018779342723004713,0.00704225352112682,5.0,32.28438228438228,2.7699999999999996,11.35,2024-07-10 15:16:00,7.925407925407922,0.6799999999999997,9.26,2024-07-10 11:15:00,False,,False,,,7.713195873172828,8.426551283436066,8.308511144649566,0.15132906882206498,0.0020800278106780645,0.14924904101138692
KZIA,2024-07-11,2024-07-11 09:40:00,False,clean_breakout,previous_high_break_with_pullback_low_support_or_previous_resistance,63.0,69.0,61.0,69.0,62698.36,26596.188999999995,2.3574189520160207,0.75,0.0,0.25,1.0,2024-07-11 09:36:00,65.0,58.0,57599.4,19430.569000000003,0.2653333333333336,2024-07-11 09:37:00,57.5,59.5,0.2475000000000005,0.11538461538461539,0.06153846153846154,4.0,14.492753623188406,10.0,79.0,2024-07-11 09:48:00,14.492753623188406,10.0,79.0,2024-07-11 09:48:00,True,8.0,False,,,52.96205583591068,61.335887230113585,58.0979145269118,3.090478748141777,1.1029260690229925,1.9875526791187845
KZIA,2024-07-11,2024-07-11 09:47:00,False,clean_breakout,previous_high_break_with_pullback_low_support_or_previous_resistance,66.005,74.5,66.005,72.25,74442.56,36743.349,2.026014558444305,0.7351383166568571,0.26486168334314286,0.0,0.7351383166568571,2024-07-11 09:41:00,69.0,69.0,4487.92,26605.603999999992,0.0,2024-07-11 09:46:00,64.5,66.5,0.19047619047619047,0.06521739130434782,0.04710144927536232,6.0,9.342560553633218,6.75,79.0,2024-07-11 09:48:00,9.342560553633218,6.75,79.0,2024-07-11 09:48:00,False,,True,2024-07-11 09:54:00,63.0,55.141245567387195,65.32597426181816,61.019662643352554,4.216955132474865,1.394230139084994,2.8227249933898713
HCWB,2026-05-18,2026-05-18 11:19:00,False,clean_breakout,previous_high_break_with_pullback_low_support_or_previous_resistance,1.1301,1.26,1.13,1.25,688422.0,94717.7,7.268145235790143,0.9223076923076907,0.07692307692307693,0.0007692307692323918,0.9230769230769231,2026-05-18 11:16:00,1.1699,1.125,110587.0,56490.95,0.0,2026-05-18 11:17:00,1.11,1.1301,0.2500000000000014,0.05120095734678164,0.0684673903752458,3.0,28.000000000000007,0.3500000000000001,1.6,2026-05-18 11:39:00,28.000000000000007,0.3500000000000001,1.6,2026-05-18 11:39:00,True,4.0,False,,,1.0596326679063612,1.1193450462767838,1.071846315860324,0.039634176836575774,0.024584555976817746,0.015049620859758027
PSNL,2024-07-19,2024-07-19 12:10:00,False,clean_breakout,previous_high_break_with_pullback_low_support_or_previous_resistance,2.97,3.03,2.96,3.01,54195.0,11089.4,4.8870993922123835,0.5714285714285668,0.28571428571428664,0.14285714285714649,0.7142857142857134,2024-07-19 11:50:00,3.0,2.9534,67633.0,14072.8,0.21244635193133,2024-07-19 11:53:00,2.91,2.92,0.4999999999999889,0.029999999999999954,0.0033333333333332624,20.0,50.16611295681063,1.5099999999999998,4.52,2024-07-19 13:56:00,8.305647840531561,0.25,3.26,2024-07-19 12:40:00,False,,False,,,2.801309786234469,2.966964681073656,2.9549310719570445,0.01545418210511329,-0.0001450852256200605,0.01559926733073335
PSNL,2024-07-19,2024-07-19 12:43:00,False,clean_breakout,previous_high_break_with_pullback_low_support_or_previous_resistance,3.2202,3.3099,3.2202,3.3099,49532.0,31174.05,1.5888856276293906,1.0,0.0,0.0,1.0,2024-07-19 12:41:00,3.2799,3.27,44457.0,27747.8,0.19839679358717452,2024-07-19 12:42:00,3.22,3.23,0.19999999999999646,0.018262751913168035,0.0091466203237903,2.0,36.56001691894014,1.2100999999999997,4.52,2024-07-19 13:56:00,7.5198646484788165,0.24890000000000034,3.5588,2024-07-19 13:13:00,False,,False,,,2.945398090380134,3.2249010260084914,3.176070260529701,0.053290346239627695,0.011567760043664888,0.04172258619596281
PSNL,2024-07-19,2024-07-19 12:49:00,False,clean_breakout,previous_high_break_with_pullback_low_support_or_previous_resistance,3.2513,3.316,3.25,3.315,40466.0,35122.85,1.1521274611826775,0.9651515151515155,0.01515151515151352,0.01969696969697094,0.9848484848484865,2024-07-19 12:44:00,3.31,3.3,64596.0,33584.2,0.2712328767123278,2024-07-19 12:46:00,3.24,3.2699,0.9966666666666596,0.021148036253776387,0.001510574018126856,5.0,36.34992458521869,1.2049999999999996,4.52,2024-07-19 13:56:00,11.309200603318258,0.37490000000000023,3.6899,2024-07-19 13:18:00,True,26.0,False,,,2.9704172399347457,3.264631014561971,3.2220252909901257,0.051978682901821394,0.0006158964971146874,0.051362786404706706
PSNL,2024-07-19,2024-07-19 12:50:00,False,clean_breakout,previous_high_break_with_pullback_low_support_or_previous_resistance,3.32,3.4,3.3,3.37,94075.0,37627.95,2.5001362019456286,0.5000000000000022,0.29999999999999777,0.2,0.7000000000000022,2024-07-19 12:44:00,3.31,3.3,64596.0,33584.2,0.2712328767123278,2024-07-19 12:46:00,3.24,3.2699,0.9966666666666596,0.021148036253776387,0.018126888217522674,6.0,34.12462908011868,1.1499999999999995,4.52,2024-07-19 13:56:00,9.492581602373889,0.3199000000000001,3.6899,2024-07-19 13:18:00,False,,False,,,2.9835729600949636,3.285704811649577,3.2361181204196376,0.057474730950947794,0.004127180158162602,0.05334755079278519
PSNL,2024-07-19,2024-07-19 13:13:00,False,clean_breakout,previous_high_break_with_pullback_low_support_or_previous_resistance,3.4588,3.5588,3.4588,3.5588,82805.0,48824.9,1.6959584146613715,1.0,0.0,0.0,1.0,2024-07-19 13:09:00,3.52,3.4908,63790.0,52740.85,0.3649999999999983,2024-07-19 13:12:00,3.45,3.455,0.24999999999999445,0.01988636363636359,0.011022727272727321,4.0,27.009104192424395,0.9611999999999994,4.52,2024-07-19 13:56:00,13.802405305159033,0.49119999999999964,4.05,2024-07-19 13:42:00,True,26.0,False,,,3.10960856288776,3.4667947631033176,3.4123827424607027,0.06198664373053653,0.010055021205638719,0.05193162252489781
PSNL,2024-07-19,2024-07-19 13:51:00,False,clean_breakout,previous_high_break_with_pullback_low_support_or_previous_resistance,4.1188,4.22,4.0999,4.215,303817.0,178554.7,1.7015345997613056,0.8009991673605306,0.04163197335553621,0.15736885928393324,0.9583680266444637,2024-07-19 13:49:00,4.19,4.14,213693.0,169152.25,0.17166666666666483,2024-07-19 13:50:00,4.03,4.12,0.7499999999999981,0.03818615751789979,0.00596658711217171,2.0,7.236061684460254,0.3049999999999997,4.52,2024-07-19 13:56:00,7.236061684460254,0.3049999999999997,4.52,2024-07-19 13:56:00,False,,True,2024-07-19 13:58:00,3.7609,3.552317753961268,4.091966168603543,3.9677271441215276,0.1397286974918579,0.0184404818026572,0.1212882156892007
HERE,2025-04-01,2025-04-01 09:49:00,False,clean_breakout,previous_high_break_with_pullback_low_support_or_previous_resistance,5.0,5.2,4.99,5.17,162217.0,80003.0,2.027636463632614,0.8095238095238093,0.14285714285714407,0.04761904761904661,0.857142857142856,2025-04-01 09:44:00,5.08,5.05,86470.0,56247.15,0.25000000000000183,2025-04-01 09:47:00,4.83,4.8889,0.4908333333333288,0.049212598425196846,0.017716535433070838,5.0,27.6595744680851,1.4299999999999997,6.6,2025-04-01 17:25:00,9.284332688588016,0.4800000000000004,5.65,2025-04-01 09:54:00,False,,False,,,4.773574885960615,4.971871859804716,4.826782634663744,0.16448582654059685,0.011175899572608172,0.15330992696798867
HERE,2025-04-01,2025-04-01 09:51:00,False,clean_breakout,previous_high_break_with_pullback_low_support_or_previous_resistance,5.08,5.2999,5.076,5.26,128504.0,84259.2,1.5251034901826745,0.8039303260384072,0.17820455560518175,0.017865118356411077,0.8217954443948182,2025-04-01 09:49:00,5.2,5.17,162217.0,80003.0,0.14285714285714407,2025-04-01 09:50:00,5.04,5.085,0.28124999999999933,0.030769230769230795,0.011538461538461463,2.0,25.47528517110266,1.3399999999999999,6.6,2025-04-01 17:25:00,7.414448669201532,0.39000000000000057,5.65,2025-04-01 09:54:00,False,,False,,,4.816677865453909,5.047597990275018,4.890291453772362,0.17697140405946943,0.015127045279496626,0.1618443587799728
HERE,2025-04-01,2025-04-01 15:00:00,False,clean_breakout,previous_high_break_with_pullback_low_support_or_previous_resistance,6.15,6.33,6.125,6.255,55963.0,9117.25,6.1381447256574075,0.5121951219512171,0.3658536585365861,0.12195121951219681,0.6341463414634139,2025-04-01 14:58:00,6.15,6.15,3684.0,6190.45,0.0,2025-04-01 14:59:00,6.12,6.15,0.0,0.004878048780487845,0.017073170731707242,2.0,5.515587529976015,0.34499999999999975,6.6,2025-04-01 17:25:00,1.8385291766586764,0.11500000000000021,6.37,2025-04-01 15:01:00,False,,False,,,5.432926550841083,6.118590312562401,6.083432219717768,0.03382989141732651,0.013687407038302266,0.02014248437902424
HERE,2025-04-01,2025-04-01 15:56:00,False,clean_breakout,previous_high_break_with_pullback_low_support_or_previous_resistance,6.38,6.5,6.3445,6.478,34704.0,6772.0,5.1246308328411105,0.6302250803858513,0.14147909967845818,0.22829581993569048,0.8585209003215418,2025-04-01 15:54:00,6.44,6.44,6323.0,5242.0,0.0,2025-04-01 15:55:00,6.38,6.4,0.4000000000000107,0.00931677018633548,0.005900621118012324,2.0,1.8832973139857965,0.12199999999999989,6.6,2025-04-01 17:25:00,1.6718122877431283,0.10829999999999984,6.5863,2025-04-01 15:59:00,False,,False,,,5.466407434048086,6.391258663784959,6.330878498886596,0.061695378718182425,0.014021526387558304,0.04767385233062412
BTAI,2025-08-05,2025-08-05 10:06:00,False,clean_breakout,previous_high_break_with_pullback_low_support_or_previous_resistance,2.815,2.98,2.8,2.96,526098.0,290808.15,1.809089600824461,0.8055555555555549,0.1111111111111111,0.08333333333333395,0.8888888888888888,2025-08-05 09:58:00,2.94,2.86,538428.0,151444.2,0.37499999999999906,2025-08-05 10:01:00,2.71,2.76,0.7142857142857134,0.07823129251700679,0.00680272108843538,8.0,17.56756756756757,0.52,3.48,2025-08-05 13:42:00,3.7162162162162122,0.10999999999999988,3.07,2025-08-05 10:33:00,False,,True,2025-08-05 10:13:00,2.69,2.609147761252417,2.8201703943351752,2.6920856289530812,0.14125759299999796,0.010520944133774135,0.13073664886622383
BTAI,2025-08-05,2025-08-05 13:32:00,False,clean_breakout,previous_high_break_with_pullback_low_support_or_previous_resistance,3.2801,3.37,3.28,3.36,175780.0,155795.85,1.1282713884869204,0.8877777777777732,0.1111111111111133,0.0011111111111134521,0.8888888888888867,2025-08-05 13:28:00,3.35,3.345,259000.0,122707.7,0.06297229219143431,2025-08-05 13:29:00,3.25,3.2999,0.554444444444446,0.029850746268656744,0.002985074626865608,4.0,3.5714285714285747,0.1200000000000001,3.48,2025-08-05 13:42:00,3.5714285714285747,0.1200000000000001,3.48,2025-08-05 13:42:00,False,,False,,,2.859630897911621,3.29028228479971,3.227145431552102,0.0699311416176398,0.009591369598658361,0.06033977201898144
SBET,2024-12-06,2024-12-06 14:33:00,False,clean_breakout,previous_high_break_with_pullback_low_support_or_previous_resistance,11.2032,13.0801,11.1156,13.0801,49251.719659,18035.19035895,2.7308677468191367,0.9554085008908119,0.0,0.044591499109188165,1.0,2024-12-06 14:26:00,12.24,11.9916,44962.736815,14549.858466999998,0.5149253731343285,2024-12-06 14:30:00,10.5816,11.0736,0.42948717948718007,0.1354901960784314,0.06863562091503264,7.0,2.752272536142686,0.35999999999999943,13.4401,2024-12-06 14:39:00,2.752272536142686,0.35999999999999943,13.4401,2024-12-06 14:39:00,False,,False,,,10.073345564740812,11.62855427582487,11.259823280445572,0.4179694984696489,0.0019059786959319536,0.41606351977371697
EDSA,2026-04-27,2026-04-27 13:09:00,False,clean_breakout,previous_high_break_with_pullback_low_support_or_previous_resistance,10.35,10.64,10.29,10.64,70356.0,37412.15,1.880565538200825,0.8285714285714278,0.0,0.17142857142857215,1.0,2026-04-27 13:04:00,10.5997,10.17,105089.0,27518.5,0.4779203828583852,2026-04-27 13:06:00,9.94,10.09,0.5769230769230788,0.06223761049841041,0.0038019943960678343,5.0,11.578007518796987,1.2318999999999996,11.8719,2026-04-27 14:37:00,5.733082706766911,0.6099999999999994,11.25,2026-04-27 13:14:00,False,,False,,,9.471386391198006,10.277577640676524,10.040417647974804,0.2745322122596434,0.00884683285972665,0.26568537939991677
RXT,2026-02-26,2026-02-26 14:42:00,False,clean_breakout,previous_high_break_with_pullback_low_support_or_previous_resistance,2.2537,2.36,2.24,2.355,1565718.0,592359.55,2.643188583690429,0.8441666666666704,0.041666666666665894,0.11416666666666367,0.9583333333333341,2026-02-26 14:38:00,2.29,2.2533,622027.0,585474.35,0.7196078431372561,2026-02-26 14:40:00,2.2301,2.2555,0.6649214659685866,0.026157205240174602,0.02838427947598251,4.0,12.526539278131633,0.29499999999999993,2.65,2026-02-26 16:21:00,1.9108280254777041,0.04499999999999993,2.4,2026-02-26 14:43:00,False,,True,2026-02-26 14:59:00,2.15,1.81656568506541,2.262620400865745,2.211785494108931,0.06200592422833706,0.002016862114069394,0.05998906211426767
QBTS,2024-12-16,2024-12-16 11:31:00,False,clean_breakout,previous_high_break_with_pullback_low_support_or_previous_resistance,6.4303,6.66,6.43,6.6003,993273.0,474103.45,2.095055414593587,0.739130434782607,0.2595652173913052,0.0013043478260877758,0.7404347826086948,2024-12-16 11:28:00,6.46,6.45,270363.0,459934.5,0.12499999999999722,2024-12-16 11:29:00,6.4,6.44,0.6677796327212043,0.009287925696594366,0.02171826625386995,3.0,16.66136387739952,1.0997000000000003,7.7,2024-12-16 15:06:00,0.9029892580640356,0.05960000000000054,6.6599,2024-12-16 11:32:00,False,,True,2024-12-16 11:33:00,6.34,5.716209411506065,6.426724984693607,6.321696488678447,0.10714066167973524,0.026858210512724967,0.08028245116701027
QBTS,2024-12-16,2024-12-16 13:36:00,False,clean_breakout,previous_high_break_with_pullback_low_support_or_previous_resistance,6.9601,7.19,6.96,7.1273,824175.0,463406.2,1.7785152637146417,0.7269565217391302,0.27260869565217527,0.0004347826086946381,0.7273913043478247,2024-12-16 13:34:00,7.1,7.035,386032.0,403906.95,0.3076923076923035,2024-12-16 13:35:00,6.91,6.9753,0.5117554858934139,0.02676056338028162,0.003845070422535257,2.0,8.035300885328247,0.5727000000000002,7.7,2024-12-16 15:06:00,1.3006327781908968,0.09269999999999978,7.22,2024-12-16 13:37:00,False,,True,2024-12-16 13:49:00,6.82,6.036382137363066,6.998981245673862,6.881304715991099,0.1290716455945926,0.015461114498856829,0.11361053109573578
QBTS,2024-12-16,2024-12-16 14:51:00,False,clean_breakout,previous_high_break_with_pullback_low_support_or_previous_resistance,7.32,7.44,7.32,7.42,358628.0,345299.25,1.0386005761669046,0.8333333333333296,0.16666666666667038,0.0,0.8333333333333296,2024-12-16 14:49:00,7.4,7.39,215440.0,344356.3,0.12500000000000833,2024-12-16 14:50:00,7.32,7.3201,0.0012499999999970857,0.01081081081081082,0.002702702702702645,2.0,3.7735849056603805,0.28000000000000025,7.7,2024-12-16 15:06:00,3.7735849056603805,0.28000000000000025,7.7,2024-12-16 15:06:00,False,,True,2024-12-16 15:16:00,7.2,6.197209158101605,7.306357162984241,7.191883225027022,0.11690578547025599,0.02604642840339501,0.09085935706686098
QBTS,2024-12-16,2024-12-16 14:54:00,False,clean_breakout,previous_high_break_with_pullback_low_support_or_previous_resistance,7.38,7.47,7.37,7.46,426560.0,369804.4,1.1534746476786106,0.8000000000000036,0.09999999999999823,0.09999999999999823,0.9000000000000018,2024-12-16 14:52:00,7.45,7.45,361427.0,348412.4,0.0,2024-12-16 14:53:00,7.38,7.3873,0.0912499999999982,0.009395973154362454,0.0013422818791946022,2.0,3.2171581769437028,0.2400000000000002,7.7,2024-12-16 15:06:00,3.2171581769437028,0.2400000000000002,7.7,2024-12-16 15:06:00,False,,True,2024-12-16 15:16:00,7.2,6.207808666671551,7.368422867447932,7.254379920144729,0.12375859444086323,0.014935016494781489,0.10882357794608175
QBTS,2024-12-16,2024-12-16 14:55:00,False,clean_breakout,previous_high_break_with_pullback_low_support_or_previous_resistance,7.46,7.6,7.43,7.5985,930296.0,410025.8,2.268871861234098,0.8147058823529393,0.008823529411765044,0.17647058823529566,0.991176470588235,2024-12-16 14:53:00,7.46,7.3873,300022.0,353446.1,0.17500000000000276,2024-12-16 14:54:00,7.37,7.46,0.09999999999999823,0.012064343163538854,0.018565683646112552,2.0,1.3357899585444575,0.10150000000000059,7.7,2024-12-16 15:06:00,1.3357899585444575,0.10150000000000059,7.7,2024-12-16 15:06:00,False,,True,2024-12-16 15:16:00,7.2,6.217595524068348,7.414438293958346,7.2871532610833265,0.1357106033890627,0.020104861229086474,0.11560574215997624
MAAS,2026-04-20,2026-04-20 11:40:00,False,clean_breakout,previous_high_break_with_pullback_low_support_or_previous_resistance,12.49,12.98,12.44,12.98,9331.0,2335.9,3.994605933473179,0.9074074074074062,0.0,0.09259259259259375,1.0,2026-04-20 11:38:00,12.5,12.3,2700.0,1831.25,0.0,2026-04-20 11:39:00,12.3,12.4,0.05263157894736744,0.015999999999999945,0.03840000000000003,2.0,60.939907550077045,7.91,20.89,2026-04-20 14:16:00,5.469953775038514,0.7099999999999991,13.69,2026-04-20 11:56:00,False,,True,2026-04-20 11:44:00,12.21,11.140017185258744,12.359269646591025,12.105498777775175,0.2843374316857261,0.04980964572987984,0.23452778595584628
MAAS,2026-04-20,2026-04-20 11:53:00,False,clean_breakout,previous_high_break_with_pullback_low_support_or_previous_resistance,12.75,13.15,12.75,13.07,9578.0,2802.6,3.417540854920431,0.8,0.2,0.0,0.8,2026-04-20 11:40:00,12.98,12.98,9331.0,2335.9,0.0,2026-04-20 11:44:00,12.21,12.34,0.29999999999999466,0.05932203389830505,0.006933744221879804,13.0,59.83167559296098,7.82,20.89,2026-04-20 14:16:00,11.247130833970918,1.4699999999999989,14.54,2026-04-20 12:23:00,True,30.0,False,,,11.483258323480525,12.68816278857516,12.506106963362452,0.23035594612879606,-9.196474523348597e-05,0.23044791087402955
MAAS,2026-04-20,2026-04-20 14:00:00,False,clean_breakout,previous_high_break_with_pullback_low_support_or_previous_resistance,15.26,15.68,15.17,15.52,11082.0,6779.85,1.6345494369344453,0.5098039215686272,0.3137254901960788,0.1764705882352939,0.6862745098039211,2026-04-20 13:58:00,15.28,15.07,12126.0,6711.15,0.3333333333333277,2026-04-20 13:59:00,14.7,15.0,0.6000000000000014,0.03795811518324608,0.015706806282722526,2.0,34.60051546391753,5.370000000000001,20.89,2026-04-20 14:16:00,34.60051546391753,5.370000000000001,20.89,2026-04-20 14:16:00,True,7.0,False,,,13.692168481265112,15.087651574692714,14.904644735979865,0.2066595548846113,0.03646045709652032,0.17019909778809098
MAAS,2026-04-20,2026-04-20 14:07:00,False,clean_breakout,previous_high_break_with_pullback_low_support_or_previous_resistance,16.85,18.1,16.59,17.88,32302.0,15334.7,2.106464423823094,0.682119205298011,0.14569536423841203,0.172185430463577,0.854304635761588,2026-04-20 14:05:00,17.01,16.79,65182.0,12802.7,0.2588235294117671,2026-04-20 14:06:00,16.5,16.84,0.7555555555555564,0.029982363315696738,0.05114638447971766,2.0,16.834451901566005,3.0100000000000016,20.89,2026-04-20 14:16:00,16.834451901566005,3.0100000000000016,20.89,2026-04-20 14:16:00,True,7.0,False,,,14.228506177892019,16.374712875517,15.727964142273402,0.6133138834733529,0.25810183608427306,0.35521204738907985
OPEN,2025-07-21,2025-07-21 10:07:00,False,clean_breakout,previous_high_break_with_pullback_low_support_or_previous_resistance,3.1803,3.31,3.18,3.3098,7486430.0,5537827.9,1.3518711912300487,0.9961538461538483,0.0015384615384613702,0.0023076923076903472,0.9984615384615386,2025-07-21 10:05:00,3.24,3.18,5593335.0,5198800.4,0.19285714285714303,2025-07-21 10:06:00,3.13,3.1801,0.8349999999999999,0.03395061728395071,0.021543209876543165,2.0,50.16013052148165,1.6601999999999997,4.97,2025-07-21 14:46:00,2.1209740769834977,0.07019999999999982,3.38,2025-07-21 10:10:00,False,,True,2025-07-21 10:18:00,3.06,2.9092061402831284,3.1866823190413034,3.0918847466449266,0.10551996166485633,0.011013452577145574,0.09450650908771076
OPEN,2025-07-21,2025-07-21 10:59:00,False,clean_breakout,previous_high_break_with_pullback_low_support_or_previous_resistance,3.615,3.74,3.61,3.73,4325649.0,4220186.65,1.0249899728961038,0.8846153846153806,0.0769230769230785,0.038461538461540955,0.9230769230769215,2025-07-21 10:57:00,3.7,3.6585,5002076.0,4025291.35,0.16666666666667038,2025-07-21 10:58:00,3.61,3.6108,0.013333333333331853,0.024324324324324405,0.008108108108108055,2.0,33.24396782841823,1.2399999999999998,4.97,2025-07-21 14:46:00,9.11528150134049,0.3400000000000003,4.07,2025-07-21 11:29:00,False,,True,2025-07-21 11:01:00,3.6,3.0732333079714644,3.6052038376958975,3.4944835721545826,0.12078161037268931,0.018303521429656605,0.1024780889430327
OPEN,2025-07-21,2025-07-21 13:08:00,False,clean_breakout,previous_high_break_with_pullback_low_support_or_previous_resistance,4.3548,4.48,4.35,4.48,7100512.0,3587621.6,1.979169709536814,0.9630769230769205,0.0,0.036923076923079466,1.0,2025-07-21 13:06:00,4.38,4.35,2848988.0,3716213.0,0.5000000000000074,2025-07-21 13:07:00,4.32,4.3546,0.5974999999999836,0.013698630136986212,0.022831050228310626,2.0,10.937499999999984,0.4899999999999993,4.97,2025-07-21 14:46:00,0.22321428571428092,0.009999999999999787,4.49,2025-07-21 13:09:00,False,,True,2025-07-21 13:12:00,4.31,3.5362846867370186,4.330309488132499,4.240540702663363,0.10047111636137096,0.011098888101776158,0.0893722282595948
BCG,2025-02-27,2025-02-27 12:15:00,False,clean_breakout,previous_high_break_with_pullback_low_support_or_previous_resistance,4.4101,5.1299,4.32,4.905,882706.0,466374.2,1.8926990386689486,0.6110630942091622,0.27768860353130004,0.11124830225953777,0.7223113964686999,2025-02-27 12:05:00,4.4,4.2692,658887.0,441968.1,0.39636363636363836,2025-02-27 12:11:00,4.01,4.2499,0.8749999999999991,0.08863636363636376,0.11477272727272723,10.0,18.450560652395502,0.9049999999999994,5.81,2025-02-27 12:20:00,18.450560652395502,0.9049999999999994,5.81,2025-02-27 12:20:00,True,1.0,False,,,3.64534899548686,4.356344132348155,4.119323431802952,0.26653972424345884,0.03502658692244345,0.2315131373210154
BCG,2025-02-27,2025-02-27 12:20:00,False,clean_breakout,previous_high_break_with_pullback_low_support_or_previous_resistance,5.1604,5.81,4.9901,5.6826,728052.0,510905.75,1.4250221298155286,0.636906939870716,0.15538480302475888,0.20770825710452517,0.8446151969752411,2025-02-27 12:17:00,5.5,5.39,553352.0,478463.1,0.5238095238095254,2025-02-27 12:19:00,5.03,5.16,0.351351351351351,0.08545454545454541,0.03319999999999998,3.0,1.5380283672966546,0.0873999999999997,5.77,2025-02-27 12:22:00,1.5380283672966546,0.0873999999999997,5.77,2025-02-27 12:22:00,False,,True,2025-02-27 12:24:00,4.92,3.839692206164991,5.054217149287844,4.61585191129305,0.4574182297859979,0.12499269553211789,0.33242553425388
PNBK,2025-04-17,2025-04-17 15:03:00,False,clean_breakout,previous_high_break_with_pullback_low_support_or_previous_resistance,2.5006,2.58,2.5006,2.58,314.0,5684.85,0.05523452685646939,1.0,0.0,0.0,1.0,2025-04-17 14:57:00,2.55,2.5185,1257.0,5707.35,0.4000000000000018,2025-04-17 14:59:00,2.5099,2.54,0.0,0.015725490196078357,0.01176470588235304,6.0,41.86046511627907,1.08,3.66,2025-04-17 15:50:00,4.651162790697678,0.1200000000000001,2.7,2025-04-17 15:08:00,False,,True,2025-04-17 15:15:00,2.44,2.2801381859433465,2.5353519463529,2.4968127282517245,0.042181136611603165,0.005294548448173619,0.036886588163429546
PNBK,2025-04-17,2025-04-17 15:08:00,False,clean_breakout,previous_high_break_with_pullback_low_support_or_previous_resistance,2.5549,2.7,2.54,2.66,29887.0,7224.35,4.136981181698007,0.6568750000000007,0.25,0.09312499999999937,0.75,2025-04-17 15:05:00,2.6,2.6,1251.0,6144.7,0.0,2025-04-17 15:07:00,2.57,2.57,0.0,0.011538461538461635,0.023076923076923096,3.0,37.59398496240601,1.0,3.66,2025-04-17 15:50:00,1.5037593984962419,0.040000000000000036,2.7,2025-04-17 15:31:00,False,,True,2025-04-17 15:15:00,2.44,2.31615707968881,2.5847361257809185,2.539789505600221,0.05011007669063794,0.006098323250864207,0.04401175343977373
PNBK,2025-04-17,2025-04-17 15:50:00,False,clean_breakout,previous_high_break_with_pullback_low_support_or_previous_resistance,2.94,3.66,2.91,3.3562,69551.0,7892.65,8.812122671092727,0.5549333333333332,0.4050666666666671,0.03999999999999974,0.594933333333333,2025-04-17 15:48:00,2.84,2.8274,17259.0,5687.95,0.15749999999999917,2025-04-17 15:49:00,2.82,2.94,0.0,0.007042253521126767,0.1817605633802817,2.0,6.519277754603431,0.21880000000000033,3.575,2025-04-17 15:53:00,6.519277754603431,0.21880000000000033,3.575,2025-04-17 15:53:00,False,,True,2025-04-17 16:01:00,2.8,2.527235900608596,2.8973544166801295,2.777607874445317,0.10589388729751148,0.05933605818022608,0.0465578291172854
PSNL,2024-07-19,2024-07-19 12:10:00,False,clean_breakout,previous_high_break_with_pullback_low_support_or_previous_resistance,2.97,3.03,2.96,3.01,54195.0,11089.4,4.8870993922123835,0.5714285714285668,0.28571428571428664,0.14285714285714649,0.7142857142857134,2024-07-19 11:50:00,3.0,2.9534,67633.0,14072.8,0.21244635193133,2024-07-19 11:53:00,2.91,2.92,0.4999999999999889,0.029999999999999954,0.0033333333333332624,20.0,50.16611295681063,1.5099999999999998,4.52,2024-07-19 13:56:00,8.305647840531561,0.25,3.26,2024-07-19 12:40:00,False,,False,,,2.801309786234469,2.966964681073656,2.9549310719570445,0.01545418210511329,-0.0001450852256200605,0.01559926733073335
PSNL,2024-07-19,2024-07-19 12:43:00,False,clean_breakout,previous_high_break_with_pullback_low_support_or_previous_resistance,3.2202,3.3099,3.2202,3.3099,49532.0,31174.05,1.5888856276293906,1.0,0.0,0.0,1.0,2024-07-19 12:41:00,3.2799,3.27,44457.0,27747.8,0.19839679358717452,2024-07-19 12:42:00,3.22,3.23,0.19999999999999646,0.018262751913168035,0.0091466203237903,2.0,36.56001691894014,1.2100999999999997,4.52,2024-07-19 13:56:00,7.5198646484788165,0.24890000000000034,3.5588,2024-07-19 13:13:00,False,,False,,,2.945398090380134,3.2249010260084914,3.176070260529701,0.053290346239627695,0.011567760043664888,0.04172258619596281
PSNL,2024-07-19,2024-07-19 12:49:00,False,clean_breakout,previous_high_break_with_pullback_low_support_or_previous_resistance,3.2513,3.316,3.25,3.315,40466.0,35122.85,1.1521274611826775,0.9651515151515155,0.01515151515151352,0.01969696969697094,0.9848484848484865,2024-07-19 12:44:00,3.31,3.3,64596.0,33584.2,0.2712328767123278,2024-07-19 12:46:00,3.24,3.2699,0.9966666666666596,0.021148036253776387,0.001510574018126856,5.0,36.34992458521869,1.2049999999999996,4.52,2024-07-19 13:56:00,11.309200603318258,0.37490000000000023,3.6899,2024-07-19 13:18:00,True,26.0,False,,,2.9704172399347457,3.264631014561971,3.2220252909901257,0.051978682901821394,0.0006158964971146874,0.051362786404706706
PSNL,2024-07-19,2024-07-19 12:50:00,False,clean_breakout,previous_high_break_with_pullback_low_support_or_previous_resistance,3.32,3.4,3.3,3.37,94075.0,37627.95,2.5001362019456286,0.5000000000000022,0.29999999999999777,0.2,0.7000000000000022,2024-07-19 12:44:00,3.31,3.3,64596.0,33584.2,0.2712328767123278,2024-07-19 12:46:00,3.24,3.2699,0.9966666666666596,0.021148036253776387,0.018126888217522674,6.0,34.12462908011868,1.1499999999999995,4.52,2024-07-19 13:56:00,9.492581602373889,0.3199000000000001,3.6899,2024-07-19 13:18:00,False,,False,,,2.9835729600949636,3.285704811649577,3.2361181204196376,0.057474730950947794,0.004127180158162602,0.05334755079278519
PSNL,2024-07-19,2024-07-19 13:13:00,False,clean_breakout,previous_high_break_with_pullback_low_support_or_previous_resistance,3.4588,3.5588,3.4588,3.5588,82805.0,48824.9,1.6959584146613715,1.0,0.0,0.0,1.0,2024-07-19 13:09:00,3.52,3.4908,63790.0,52740.85,0.3649999999999983,2024-07-19 13:12:00,3.45,3.455,0.24999999999999445,0.01988636363636359,0.011022727272727321,4.0,27.009104192424395,0.9611999999999994,4.52,2024-07-19 13:56:00,13.802405305159033,0.49119999999999964,4.05,2024-07-19 13:42:00,True,26.0,False,,,3.10960856288776,3.4667947631033176,3.4123827424607027,0.06198664373053653,0.010055021205638719,0.05193162252489781
PSNL,2024-07-19,2024-07-19 13:51:00,False,clean_breakout,previous_high_break_with_pullback_low_support_or_previous_resistance,4.1188,4.22,4.0999,4.215,303817.0,178554.7,1.7015345997613056,0.8009991673605306,0.04163197335553621,0.15736885928393324,0.9583680266444637,2024-07-19 13:49:00,4.19,4.14,213693.0,169152.25,0.17166666666666483,2024-07-19 13:50:00,4.03,4.12,0.7499999999999981,0.03818615751789979,0.00596658711217171,2.0,7.236061684460254,0.3049999999999997,4.52,2024-07-19 13:56:00,7.236061684460254,0.3049999999999997,4.52,2024-07-19 13:56:00,False,,True,2024-07-19 13:58:00,3.7609,3.552317753961268,4.091966168603543,3.9677271441215276,0.1397286974918579,0.0184404818026572,0.1212882156892007
RZLV,2024-12-17,2024-12-17 11:15:00,False,clean_breakout,previous_high_break_with_pullback_low_support_or_previous_resistance,2.82,2.94,2.82,2.9299,283173.0,131623.7,2.1513830715896907,0.9158333333333334,0.08416666666666657,0.0,0.9158333333333334,2024-12-17 11:12:00,2.89,2.879,226516.0,94065.95,0.18363939899833168,2024-12-17 11:13:00,2.77,2.869,0.9900000000000011,0.041522491349481,0.013806228373702361,3.0,36.52343083381685,1.0701,4.0,2024-12-17 13:17:00,4.7441892214751435,0.13900000000000023,3.0689,2024-12-17 11:22:00,False,,True,2024-12-17 11:28:00,2.73,2.530948089988276,2.812545939068267,2.7425956031272287,0.0653519967095022,0.029175490694298978,0.036176506015203225
POLA,2025-09-04,2025-09-04 12:04:00,False,clean_breakout,previous_high_break_with_pullback_low_support_or_previous_resistance,3.38,3.58,3.3101,3.5699,544849.0,285469.0,1.9086100417208174,0.7035939236754354,0.037421267135976245,0.2589848091885884,0.9625787328640237,2025-09-04 11:57:00,3.5,3.3216,439974.0,177691.05,0.09666666666666766,2025-09-04 11:59:00,3.16,3.24,0.7272727272727287,0.0971428571428571,0.01997142857142859,7.0,2.8040001120479525,0.10009999999999986,3.67,2025-09-04 12:06:00,2.8040001120479525,0.10009999999999986,3.67,2025-09-04 12:06:00,False,,True,2025-09-04 12:11:00,3.0,3.1673032996011634,3.3718695912995598,3.249149253337005,0.15578367963700757,-0.01215651531972739,0.16794019495673496
TRT,2026-05-14,2026-05-14 09:48:00,False,clean_breakout,previous_high_break_with_pullback_low_support_or_previous_resistance,12.83,13.25,12.83,13.25,21791.0,16008.85,1.3611845947710173,1.0,0.0,0.0,1.0,2026-05-14 09:46:00,13.11,13.04,23282.0,14614.75,0.47999999999998977,2026-05-14 09:47:00,12.8202,12.99,0.6630222569308879,0.022105263157894708,0.010678871090770448,2.0,9.267924528301885,1.2279999999999998,14.478,2026-05-14 15:18:00,1.8867924528301887,0.25,13.5,2026-05-14 09:49:00,False,,True,2026-05-14 09:53:00,12.51,12.353759218693297,12.830567958454496,12.610406703843196,0.21286932514937362,0.10272978052502596,0.11013954462434766
QUBT,2024-12-16,2024-12-16 09:57:00,False,clean_breakout,previous_high_break_with_pullback_low_support_or_previous_resistance,7.6311,7.8,7.6311,7.8,281269.0,241890.15,1.1627964181261619,1.0,0.0,0.0,1.0,2024-12-16 09:55:00,7.77,7.675,270356.0,253379.65,0.29999999999999466,2024-12-16 09:56:00,7.64,7.64,0.0,0.016731016731016717,0.003861003861003893,2.0,57.43589743589743,4.4799999999999995,12.28,2024-12-16 13:27:00,5.641025641025646,0.4400000000000004,8.24,2024-12-16 10:27:00,False,,True,2024-12-16 10:13:00,7.63,7.306843999702187,7.631699663657143,7.506760463914142,0.14001117693709375,0.017274934495161487,0.12273624244193226
QUBT,2024-12-16,2024-12-16 10:31:00,False,clean_breakout,previous_high_break_with_pullback_low_support_or_previous_resistance,8.19,8.44,8.17,8.3399,424805.0,205971.6,2.062444531187795,0.5551851851851882,0.37074074074073915,0.07407407407407261,0.6292592592592609,2024-12-16 10:29:00,8.3,8.2999,187849.0,189492.3,0.001015228426411593,2024-12-16 10:30:00,8.17,8.174,0.03333333333332988,0.01566265060240973,0.0048072289156625755,2.0,47.24397175026078,3.9400999999999993,12.28,2024-12-16 13:27:00,4.557608604419724,0.38010000000000055,8.72,2024-12-16 11:01:00,False,,False,,,7.609074123569057,8.17391211440618,8.04624681856017,0.13902489127639317,0.0316528922393899,0.10737199903700327
QUBT,2024-12-16,2024-12-16 12:46:00,False,clean_breakout,previous_high_break_with_pullback_low_support_or_previous_resistance,10.18,10.42,10.1788,10.41,497616.0,445112.9,1.1179545683802918,0.9535655058043168,0.04145936981757803,0.004975124378105239,0.958540630182422,2024-12-16 12:42:00,10.35,10.1988,578424.0,387928.45,0.1309090909090933,2024-12-16 12:44:00,9.9,10.038,0.3209302325581395,0.04347826086956515,0.005797101449275411,4.0,17.963496637848213,1.8699999999999992,12.28,2024-12-16 13:27:00,5.0912584053794365,0.5299999999999994,10.94,2024-12-16 13:16:00,False,,True,2024-12-16 12:54:00,9.74,8.635459399885118,10.17142245638186,9.992920785254723,0.21000072053847774,0.010483527101595613,0.19951719343688212
LIDR,2025-07-25,2025-07-25 10:16:00,False,clean_breakout,previous_high_break_with_pullback_low_support_or_previous_resistance,3.9193,4.03,3.9088,3.9955,1773662.0,1115382.7,1.5901824548650432,0.6287128712871269,0.2846534653465371,0.08663366336633595,0.7153465346534629,2025-07-25 10:14:00,3.96,3.96,1468714.0,902005.85,0.0,2025-07-25 10:15:00,3.84,3.92,0.3200000000000003,0.03030303030303033,0.00896464646464643,2.0,34.15091978475787,1.3645000000000005,5.36,2025-07-25 11:20:00,11.37279439369292,0.4544000000000006,4.4499,2025-07-25 10:27:00,True,11.0,False,,,3.663687215725501,3.8910708903095292,3.819462932868412,0.07851694054330993,0.016905348444522593,0.06161159209878734
LIDR,2025-07-25,2025-07-25 11:03:00,False,clean_breakout,previous_high_break_with_pullback_low_support_or_previous_resistance,4.7212,5.0,4.67,4.99,3439399.0,1344811.65,2.5575321272685287,0.8145454545454561,0.03030303030302965,0.15515151515151418,0.9696969696969704,2025-07-25 11:01:00,4.7,4.68,1529549.0,1142000.05,0.1333333333333361,2025-07-25 11:02:00,4.64,4.7202,0.2864285714285752,0.012765957446808616,0.061702127659574474,2.0,7.414829659318639,0.3700000000000001,5.36,2025-07-25 11:20:00,7.414829659318639,0.3700000000000001,5.36,2025-07-25 11:20:00,False,,True,2025-07-25 11:06:00,4.63,3.9239451933522487,4.629251220503213,4.451271921048988,0.17405813017207805,0.06283757092780723,0.11122055924427082
LIDR,2025-07-25,2025-07-25 11:15:00,False,clean_breakout,previous_high_break_with_pullback_low_support_or_previous_resistance,4.8394,5.17,4.8301,5.0408,4350061.0,1892190.05,2.298955646659277,0.5925272138864358,0.3801117975875256,0.02736098852603862,0.6198882024124744,2025-07-25 11:03:00,5.0,4.99,3439399.0,1344811.65,0.03030303030302965,2025-07-25 11:09:00,4.58,4.6892,0.5091666666666638,0.08399999999999999,0.00815999999999999,12.0,6.332328201872726,0.3192000000000004,5.36,2025-07-25 11:20:00,6.332328201872726,0.3192000000000004,5.36,2025-07-25 11:20:00,False,,False,,,4.03442394548183,4.814440816370672,4.692272173504472,0.1477808610915332,0.0011329147762186853,0.14664794631531453
FNUC,2025-10-13,2025-10-13 10:04:00,False,clean_breakout,previous_high_break_with_pullback_low_support_or_previous_resistance,5.07,5.19,5.05,5.1727,68722.0,17543.4,3.9172566321237614,0.7335714285714225,0.12357142857143191,0.14285714285714557,0.8764285714285681,2025-10-13 10:02:00,5.04,5.035,14475.0,13083.95,0.0833333333333321,2025-10-13 10:03:00,5.02,5.08,0.34625000000000317,0.00396825396825406,0.026329365079365043,2.0,43.638718657567615,2.2573,7.43,2025-10-13 12:03:00,8.26067624258124,0.4272999999999998,5.6,2025-10-13 10:12:00,False,,False,,,4.895184291183742,5.023650108897051,4.944468944573646,0.07949338429503339,0.0221818593747908,0.057311524920242586
FNUC,2025-10-13,2025-10-13 10:11:00,False,clean_breakout,previous_high_break_with_pullback_low_support_or_previous_resistance,5.2461,5.4,5.2,5.4,121404.0,35336.15,3.435688381445064,0.7695000000000001,0.0,0.23049999999999995,1.0,2025-10-13 10:09:00,5.2,5.174,47101.0,24370.85,0.18571428571428353,2025-10-13 10:10:00,5.17,5.255,0.22461538461538738,0.005769230769230817,0.03846153846153849,2.0,37.59259259259258,2.0299999999999994,7.43,2025-10-13 12:03:00,3.7037037037036904,0.1999999999999993,5.6,2025-10-13 10:12:00,False,,True,2025-10-13 10:18:00,5.16,5.026043921876496,5.173242667317368,5.066829276365675,0.1099270232156071,0.025190374180337705,0.0847366490352694
FNUC,2025-10-13,2025-10-13 11:58:00,False,clean_breakout,previous_high_break_with_pullback_low_support_or_previous_resistance,6.4777,7.04,6.44,7.04,421466.0,114172.6,3.691481143461741,0.937166666666668,0.0,0.062833333333332,1.0,2025-10-13 11:56:00,6.57,6.5,333521.0,77174.45,0.25925925925925986,2025-10-13 11:57:00,6.365,6.46,0.3015873015873013,0.031202435312024362,0.07153729071537286,2.0,5.539772727272723,0.3899999999999997,7.43,2025-10-13 12:03:00,5.539772727272723,0.3899999999999997,7.43,2025-10-13 12:03:00,False,,True,2025-10-13 12:15:00,6.33,5.652713602175242,6.339743224096552,6.037366356023564,0.28328063715866136,0.12156378292055858,0.16171685423810278
QNTM,2025-02-05,2025-02-05 11:01:00,False,clean_breakout,previous_high_break_with_pullback_low_support_or_previous_resistance,6.59,6.77,6.59,6.77,30198.0,8082.15,3.7363820270596317,1.0,0.0,0.0,1.0,2025-02-05 10:59:00,6.65,6.56,12930.0,6510.05,0.40000000000000235,2025-02-05 11:00:00,6.5,6.59,0.0,0.02255639097744366,0.01804511278195477,2.0,48.44903988183163,3.280000000000001,10.05,2025-02-05 13:24:00,15.214180206794687,1.0300000000000002,7.8,2025-02-05 11:20:00,True,19.0,False,,,6.2574699057268655,6.565493563110963,6.478870353113991,0.08305397989959395,0.03671922317669506,0.0463347567228989
QNTM,2025-02-05,2025-02-05 11:14:00,False,clean_breakout,previous_high_break_with_pullback_low_support_or_previous_resistance,6.88,7.2,6.87,7.14,66509.0,19090.95,3.4837972966248403,0.7878787878787871,0.1818181818181833,0.03030303030302965,0.8181818181818167,2025-02-05 11:12:00,6.98,6.92,46871.0,16016.95,0.3000000000000022,2025-02-05 11:13:00,6.86,6.9,0.0,0.01719197707736391,0.022922636103151754,2.0,40.75630252100842,2.910000000000001,10.05,2025-02-05 13:24:00,11.904761904761912,0.8500000000000005,7.99,2025-02-05 11:43:00,True,19.0,False,,,6.339405428628221,6.866406335381252,6.738639826297581,0.13620436302965722,0.026215454675374394,0.10998890835428282
QNTM,2025-02-05,2025-02-05 13:00:00,False,clean_breakout,previous_high_break_with_pullback_low_support_or_previous_resistance,9.08,9.72,9.06,9.7,268039.0,103309.95,2.5945129196171326,0.939393939393938,0.03030303030303234,0.03030303030302965,0.9696969696969676,2025-02-05 12:58:00,9.4,9.4,229580.0,78383.45,0.0,2025-02-05 12:59:00,9.03,9.08,0.1351351351351367,0.03936170212765968,0.03191489361702116,2.0,3.608247422680427,0.3500000000000014,10.05,2025-02-05 13:24:00,3.608247422680427,0.3500000000000014,10.05,2025-02-05 13:24:00,False,,True,2025-02-05 13:10:00,8.87,7.577692477298546,8.991324983128285,8.584968972231463,0.41313091554214587,0.10993452811009341,0.30319638743205246
PDC,2025-07-31,2025-07-31 11:21:00,False,clean_breakout,previous_high_break_with_pullback_low_support_or_previous_resistance,5.68,6.14,5.62,6.14,110138.0,26829.6,4.105092882487998,0.8846153846153852,0.0,0.11538461538461472,1.0,2025-07-31 11:19:00,5.59,5.51,43966.0,20005.8,0.26446280991735543,2025-07-31 11:20:00,5.33,5.63,0.391086956521739,0.04651162790697671,0.09838998211091231,2.0,0.0,0.0,6.14,2025-07-31 11:22:00,0.0,0.0,6.14,2025-07-31 11:22:00,False,,True,2025-07-31 11:27:00,5.21,4.981986443875445,5.5219041944738265,5.315633011335809,0.21577887304189325,0.05421030667123122,0.16156856637066203
CAST,2026-04-27,2026-04-27 10:12:00,False,clean_breakout,previous_high_break_with_pullback_low_support_or_previous_resistance,2.4506,2.5,2.43,2.5,29876.0,12498.55,2.390357281444648,0.7057142857142857,0.0,0.29428571428571426,1.0,2026-04-27 10:10:00,2.46,2.4592,9821.0,10311.2,0.011594202898549457,2026-04-27 10:11:00,2.451,2.465,0.18367346938775325,0.003658536585365812,0.016260162601626032,2.0,24.000000000000004,0.6000000000000001,3.1,2026-04-27 13:22:00,15.999999999999998,0.3999999999999999,2.9,2026-04-27 10:34:00,True,10.0,True,2026-04-27 10:15:00,2.42,2.221087420842299,2.431626378352849,2.374078869742838,0.07010622485415663,0.00045021581219847895,0.06965600904195815
CAST,2026-04-27,2026-04-27 10:18:00,False,clean_breakout,previous_high_break_with_pullback_low_support_or_previous_resistance,2.56,2.68,2.55,2.65,46939.0,13414.15,3.499215380773288,0.6923076923076894,0.2307692307692321,0.0769230769230785,0.7692307692307679,2026-04-27 10:14:00,2.563,2.54,15296.0,13105.85,0.9956521739130536,2026-04-27 10:15:00,2.42,2.53,0.909090909090911,0.0557939914163091,0.03394459617635573,4.0,16.981132075471706,0.4500000000000002,3.1,2026-04-27 13:22:00,9.433962264150944,0.25,2.9,2026-04-27 10:34:00,False,,False,,,2.2759949599625036,2.533877225326929,2.4599117802067325,0.08563889525748447,0.009905119760264189,0.07573377549722028
CAST,2026-04-27,2026-04-27 13:20:00,False,clean_breakout,previous_high_break_with_pullback_low_support_or_previous_resistance,2.9,2.99,2.8999,2.9601,37671.0,14730.05,2.557425127545392,0.6670366259711455,0.33185349611542747,0.0011098779134269352,0.6681465038845725,2026-04-27 13:17:00,2.9,2.89,9803.0,13961.95,0.3333333333333284,2026-04-27 13:18:00,2.88,2.89,0.8799999999999716,0.006896551724137937,0.020724137931034576,3.0,4.726191682713419,0.1398999999999999,3.1,2026-04-27 13:22:00,4.726191682713419,0.1398999999999999,3.1,2026-04-27 13:22:00,False,,True,2026-04-27 13:28:00,2.85,2.6486034274062065,2.8998022156609102,2.878549868052001,0.023752016286688438,0.002938173293910752,0.020813842992777686
PSTV,2025-03-20,2025-03-20 10:04:00,False,clean_breakout,previous_high_break_with_pullback_low_support_or_previous_resistance,16.845,17.9725,16.7525,17.95,34654.6,15142.475999999999,2.288568923602719,0.905737704918034,0.018442622950820386,0.07581967213114563,0.9815573770491796,2025-03-20 09:59:00,16.93,16.415,28992.16,10274.376,0.3495145631067952,2025-03-20 10:03:00,16.0725,16.9125,0.11889596602972162,0.05064973419964549,0.06024808033077375,5.0,189.69359331476323,34.05,52.0,2025-03-20 15:00:00,21.169916434540394,3.8000000000000007,21.75,2025-03-20 10:34:00,True,17.0,False,,,15.34285729911393,16.619112153821376,16.057236457446287,0.5806762145457629,0.16218536331010824,0.41849085123565466
PSTV,2025-03-20,2025-03-20 10:07:00,False,clean_breakout,previous_high_break_with_pullback_low_support_or_previous_resistance,17.4375,18.5675,17.4375,18.3,70036.84,19368.338,3.616048005771068,0.7632743362831872,0.23672566371681286,0.0,0.7632743362831872,2025-03-20 10:04:00,17.9725,17.95,34654.6,15142.475999999999,0.018442622950820386,2025-03-20 10:06:00,17.19,17.5,0.561085972850678,0.04353873974127132,0.018222284045068888,3.0,184.15300546448088,33.7,52.0,2025-03-20 15:00:00,19.726775956284147,3.6099999999999994,21.91,2025-03-20 10:35:00,True,14.0,True,2025-03-20 10:12:00,17.08,15.64556881942726,17.237145422756548,16.524784025658576,0.7365263562217201,0.19185526314823986,0.5446710930734803
PSTV,2025-03-20,2025-03-20 10:40:00,False,clean_breakout,previous_high_break_with_pullback_low_support_or_previous_resistance,20.5275,23.25,20.5275,22.4475,84002.64,44959.202,1.8684192837764337,0.7052341597796149,0.2947658402203851,0.0,0.7052341597796149,2025-03-20 10:35:00,21.91,21.79,39557.6,44208.182,0.2926829268292706,2025-03-20 10:39:00,20.4325,20.545,0.24590163934426407,0.06743496120492921,0.024532177088087696,5.0,131.651631584809,29.5525,52.0,2025-03-20 15:00:00,3.5750083528232475,0.8024999999999984,23.25,2025-03-20 10:43:00,False,,True,2025-03-20 10:45:00,20.2775,17.913847436829073,21.14220454407039,20.423590937649927,0.8943110242973731,-0.010865233568138288,0.9051762578655114
PSTV,2025-03-20,2025-03-20 11:45:00,False,clean_breakout,previous_high_break_with_pullback_low_support_or_previous_resistance,27.5,28.75,27.0,28.23,57957.08,58229.367999999995,0.9953238716243668,0.41714285714285737,0.2971428571428569,0.2857142857142857,0.7028571428571431,2025-03-20 11:43:00,28.0,26.9975,53911.6,59306.945999999996,0.5,2025-03-20 11:44:00,26.75,27.4725,0.3133333333333326,0.044642857142857144,0.00821428571428573,2.0,84.20120439249025,23.77,52.0,2025-03-20 15:00:00,10.69783917817924,3.0199999999999996,31.25,2025-03-20 11:54:00,True,9.0,False,,,20.618493541829526,26.84566867154922,25.680571875091342,1.3639184341730584,0.10211265554613047,1.2618057786269279
PSTV,2025-03-20,2025-03-20 11:49:00,False,clean_breakout,previous_high_break_with_pullback_low_support_or_previous_resistance,27.9875,29.25,27.75,29.02,89508.04,49082.92199999999,1.823608627049547,0.6883333333333326,0.15333333333333363,0.1583333333333338,0.8466666666666663,2025-03-20 11:45:00,28.75,28.23,57957.08,58229.367999999995,0.2971428571428569,2025-03-20 11:47:00,26.75,27.375,0.5,0.06956521739130435,0.009391304347826071,4.0,79.1867677463818,22.98,52.0,2025-03-20 15:00:00,7.684355616815991,2.2300000000000004,31.25,2025-03-20 11:54:00,False,,True,2025-03-20 12:04:00,26.5,20.872123282256506,27.61048188786657,26.471909453025123,1.3714961527372758,0.07457300896701691,1.2969231437702589
PSTV,2025-03-20,2025-03-20 14:25:00,False,clean_breakout,previous_high_break_with_pullback_low_support_or_previous_resistance,43.625,45.5,43.25,44.875,75024.52,40012.770000000004,1.8750144016522725,0.5555555555555556,0.2777777777777778,0.16666666666666666,0.7222222222222222,2025-03-20 14:21:00,43.75,43.375,48751.84,43116.02,0.25041736227045036,2025-03-20 14:22:00,42.25,43.25,0.8,0.03428571428571429,0.025714285714285714,4.0,15.87743732590529,7.125,52.0,2025-03-20 15:00:00,15.32033426183844,6.875,51.75,2025-03-20 14:52:00,True,25.0,False,,,27.568424909078157,42.864672165303766,41.35401548671063,1.6303580936523545,0.3265241193337438,1.3038339743186107
SXTP,2026-01-26,2026-01-26 11:02:00,False,clean_breakout,previous_high_break_with_pullback_low_support_or_previous_resistance,3.9999,4.08,3.9999,4.08,2957.0,3529.55,0.8377838534657392,1.0,0.0,0.0,1.0,2026-01-26 10:55:00,4.0393,3.9994,4583.0,3146.75,0.5370121130551792,2026-01-26 10:56:00,3.942,3.942,0.0,0.0240883321367563,0.010076003267892996,7.0,27.08333333333332,1.1049999999999995,5.185,2026-01-26 14:24:00,15.19607843137255,0.6200000000000001,4.7,2026-01-26 11:26:00,True,16.0,False,,,3.5065939332935208,3.993819125387205,3.960229126219218,0.037184500580051516,0.007585166471672067,0.02959933410837945
SXTP,2026-01-26,2026-01-26 11:09:00,False,clean_breakout,previous_high_break_with_pullback_low_support_or_previous_resistance,4.137,4.25,4.137,4.2289,7603.0,3964.65,1.9176976530084622,0.8132743362831895,0.18672566371681057,0.0,0.8132743362831895,2026-01-26 11:07:00,4.2,4.2,5116.0,3480.9,0.0,2026-01-26 11:08:00,4.15,4.19,0.6099999999999989,0.011904761904761862,0.0068809523809524155,2.0,22.60871621461844,0.9560999999999993,5.185,2026-01-26 14:24:00,11.140012769278059,0.47109999999999985,4.7,2026-01-26 11:26:00,True,14.0,False,,,3.5325902470900163,4.137943498884405,4.0631491715650325,0.07677222239873416,0.022575519671512403,0.054196702727221754
RILY,2025-02-26,2025-02-26 10:24:00,False,clean_breakout,previous_high_break_with_pullback_low_support_or_previous_resistance,4.75,4.8,4.73,4.8,2775.0,9050.4,0.306616282153275,0.714285714285718,0.0,0.2857142857142821,1.0,2025-02-26 10:22:00,4.78,4.78,11027.0,8441.75,0.0,2025-02-26 10:23:00,4.72,4.74,0.33333333333333826,0.01255230125523023,0.004184100418409952,2.0,32.291666666666664,1.5499999999999998,6.35,2025-02-26 14:56:00,1.8749999999999971,0.08999999999999986,4.89,2025-02-26 10:52:00,False,,False,,,4.515788842630135,4.72523245574415,4.67592135295316,0.05971495709239871,0.006394218808998806,0.05332073828339991
RILY,2025-02-26,2025-02-26 11:34:00,False,clean_breakout,previous_high_break_with_pullback_low_support_or_previous_resistance,4.98,5.05,4.97,5.02,62296.0,16233.6,3.837472895722452,0.4999999999999889,0.3750000000000028,0.12500000000000833,0.6249999999999972,2025-02-26 11:31:00,5.0,4.96,18711.0,12956.5,0.0,2025-02-26 11:32:00,4.92,4.93,0.16666666666666174,0.016000000000000014,0.003999999999999915,3.0,26.494023904382473,1.33,6.35,2025-02-26 14:56:00,11.155378486055788,0.5600000000000005,5.58,2025-02-26 12:04:00,True,20.0,False,,,4.723971127174447,4.963580747222123,4.928686673627903,0.037085301400776594,0.0061680597505514335,0.03091724165022516
RILY,2025-02-26,2025-02-26 11:44:00,False,clean_breakout,previous_high_break_with_pullback_low_support_or_previous_resistance,5.03,5.1,5.02,5.1,32057.0,21099.4,1.519332303288245,0.8749999999999917,0.0,0.12500000000000833,1.0,2025-02-26 11:36:00,5.05,4.99,56284.0,20433.45,0.33333333333333665,2025-02-26 11:38:00,4.95,4.97,0.3999999999999929,0.019801980198019733,0.009900990099009866,8.0,24.50980392156863,1.25,6.35,2025-02-26 14:56:00,13.52941176470589,0.6900000000000004,5.79,2025-02-26 12:14:00,True,26.0,False,,,4.758942702772832,5.0271574247013575,4.989416982926912,0.04252111612534826,0.0045483272501741084,0.03797278887517415
RILY,2025-02-26,2025-02-26 11:45:00,False,clean_breakout,previous_high_break_with_pullback_low_support_or_previous_resistance,5.1,5.23,5.09,5.22,112296.0,25770.75,4.357498326591194,0.8571428571428544,0.07142857142857596,0.07142857142856962,0.928571428571424,2025-02-26 11:43:00,5.05,5.03,11572.0,19847.95,0.666666666666647,2025-02-26 11:44:00,5.02,5.1,0.12500000000000833,0.00594059405940599,0.03366336633663365,2.0,21.64750957854406,1.13,6.35,2025-02-26 14:56:00,12.452107279693495,0.6500000000000004,5.87,2025-02-26 12:15:00,True,29.0,False,,,4.783425176383599,5.065725939761085,5.011377270267206,0.055678259689866394,0.014825730170328039,0.040852529519538355
QMCO,2025-02-12,2025-02-12 13:03:00,False,clean_breakout,previous_high_break_with_pullback_low_support_or_previous_resistance,21.4,22.06,21.39,21.91,31757.0,13567.5,2.3406670351943983,0.7611940298507507,0.22388059701492388,0.01492537313432543,0.7761194029850761,2025-02-12 13:01:00,21.45,21.3,5403.0,12984.15,0.20833333333333764,2025-02-12 13:02:00,21.1,21.36,0.38461538461537936,0.01631701631701622,0.021445221445221485,2.0,34.09402099497946,7.469999999999999,29.38,2025-02-12 16:29:00,5.248744865358277,1.1499999999999986,23.06,2025-02-12 13:29:00,False,,False,,,19.365148986000637,21.28470405284494,20.916085570891713,0.4351171712481907,0.022887111404065408,0.4122300598441253
QMCO,2025-02-12,2025-02-12 13:37:00,False,clean_breakout,previous_high_break_with_pullback_low_support_or_previous_resistance,23.6,23.6,23.01,23.16,20057.0,11809.75,1.6983424712631512,0.7457627118644091,0.0,0.2542372881355909,0.2542372881355909,2025-02-12 13:35:00,23.15,23.08,27544.0,10872.05,0.1707317073170738,2025-02-12 13:36:00,23.07,23.6,0.012499999999997503,0.0034557235421165573,0.0004319654427646464,2.0,26.856649395509496,6.219999999999999,29.38,2025-02-12 16:29:00,9.930915371329881,2.3000000000000007,25.46,2025-02-12 13:57:00,False,,True,2025-02-12 13:38:00,22.37,20.587881909874024,23.05856824596196,22.8357608196221,0.3023344684355571,-0.007899735518936135,0.31023420395449325
PSTV,2025-03-20,2025-03-20 10:04:00,False,clean_breakout,previous_high_break_with_pullback_low_support_or_previous_resistance,16.845,17.9725,16.7525,17.95,34654.6,15142.475999999999,2.288568923602719,0.905737704918034,0.018442622950820386,0.07581967213114563,0.9815573770491796,2025-03-20 09:59:00,16.93,16.415,28992.16,10274.376,0.3495145631067952,2025-03-20 10:03:00,16.0725,16.9125,0.11889596602972162,0.05064973419964549,0.06024808033077375,5.0,189.69359331476323,34.05,52.0,2025-03-20 15:00:00,21.169916434540394,3.8000000000000007,21.75,2025-03-20 10:34:00,True,17.0,False,,,15.34285729911393,16.619112153821376,16.057236457446287,0.5806762145457629,0.16218536331010824,0.41849085123565466
PSTV,2025-03-20,2025-03-20 10:07:00,False,clean_breakout,previous_high_break_with_pullback_low_support_or_previous_resistance,17.4375,18.5675,17.4375,18.3,70036.84,19368.338,3.616048005771068,0.7632743362831872,0.23672566371681286,0.0,0.7632743362831872,2025-03-20 10:04:00,17.9725,17.95,34654.6,15142.475999999999,0.018442622950820386,2025-03-20 10:06:00,17.19,17.5,0.561085972850678,0.04353873974127132,0.018222284045068888,3.0,184.15300546448088,33.7,52.0,2025-03-20 15:00:00,19.726775956284147,3.6099999999999994,21.91,2025-03-20 10:35:00,True,14.0,True,2025-03-20 10:12:00,17.08,15.64556881942726,17.237145422756548,16.524784025658576,0.7365263562217201,0.19185526314823986,0.5446710930734803
PSTV,2025-03-20,2025-03-20 10:40:00,False,clean_breakout,previous_high_break_with_pullback_low_support_or_previous_resistance,20.5275,23.25,20.5275,22.4475,84002.64,44959.202,1.8684192837764337,0.7052341597796149,0.2947658402203851,0.0,0.7052341597796149,2025-03-20 10:35:00,21.91,21.79,39557.6,44208.182,0.2926829268292706,2025-03-20 10:39:00,20.4325,20.545,0.24590163934426407,0.06743496120492921,0.024532177088087696,5.0,131.651631584809,29.5525,52.0,2025-03-20 15:00:00,3.5750083528232475,0.8024999999999984,23.25,2025-03-20 10:43:00,False,,True,2025-03-20 10:45:00,20.2775,17.913847436829073,21.14220454407039,20.423590937649927,0.8943110242973731,-0.010865233568138288,0.9051762578655114
PSTV,2025-03-20,2025-03-20 11:45:00,False,clean_breakout,previous_high_break_with_pullback_low_support_or_previous_resistance,27.5,28.75,27.0,28.23,57957.08,58229.367999999995,0.9953238716243668,0.41714285714285737,0.2971428571428569,0.2857142857142857,0.7028571428571431,2025-03-20 11:43:00,28.0,26.9975,53911.6,59306.945999999996,0.5,2025-03-20 11:44:00,26.75,27.4725,0.3133333333333326,0.044642857142857144,0.00821428571428573,2.0,84.20120439249025,23.77,52.0,2025-03-20 15:00:00,10.69783917817924,3.0199999999999996,31.25,2025-03-20 11:54:00,True,9.0,False,,,20.618493541829526,26.84566867154922,25.680571875091342,1.3639184341730584,0.10211265554613047,1.2618057786269279
PSTV,2025-03-20,2025-03-20 11:49:00,False,clean_breakout,previous_high_break_with_pullback_low_support_or_previous_resistance,27.9875,29.25,27.75,29.02,89508.04,49082.92199999999,1.823608627049547,0.6883333333333326,0.15333333333333363,0.1583333333333338,0.8466666666666663,2025-03-20 11:45:00,28.75,28.23,57957.08,58229.367999999995,0.2971428571428569,2025-03-20 11:47:00,26.75,27.375,0.5,0.06956521739130435,0.009391304347826071,4.0,79.1867677463818,22.98,52.0,2025-03-20 15:00:00,7.684355616815991,2.2300000000000004,31.25,2025-03-20 11:54:00,False,,True,2025-03-20 12:04:00,26.5,20.872123282256506,27.61048188786657,26.471909453025123,1.3714961527372758,0.07457300896701691,1.2969231437702589
PSTV,2025-03-20,2025-03-20 14:25:00,False,clean_breakout,previous_high_break_with_pullback_low_support_or_previous_resistance,43.625,45.5,43.25,44.875,75024.52,40012.770000000004,1.8750144016522725,0.5555555555555556,0.2777777777777778,0.16666666666666666,0.7222222222222222,2025-03-20 14:21:00,43.75,43.375,48751.84,43116.02,0.25041736227045036,2025-03-20 14:22:00,42.25,43.25,0.8,0.03428571428571429,0.025714285714285714,4.0,15.87743732590529,7.125,52.0,2025-03-20 15:00:00,15.32033426183844,6.875,51.75,2025-03-20 14:52:00,True,25.0,False,,,27.568424909078157,42.864672165303766,41.35401548671063,1.6303580936523545,0.3265241193337438,1.3038339743186107
MNTS,2024-10-09,2024-10-09 10:50:00,False,clean_breakout,previous_high_break_with_pullback_low_support_or_previous_resistance,219.4125,232.3073,218.013,231.1578,18948.87492542454,8392.905855547277,2.2577251850025597,0.8216771720196177,0.08041666958158075,0.09790615839880161,0.9195833304184192,2024-10-09 10:46:00,224.9103,217.9131,17499.5770896897,6505.393903636373,0.5204468708626524,2024-10-09 10:47:00,213.165,216.6636,0.37837837837837873,0.05222215256482257,0.02777774072596943,4.0,18.918937626158403,43.73259999999999,274.8904,2024-10-09 16:03:00,0.0,0.0,229.9083,2024-10-09 10:51:00,False,,True,2024-10-09 10:54:00,207.7421,190.6190127834399,215.3414353286056,204.20662113589484,10.86262101162336,3.0686278097304545,7.793993201892906
TRAW,2026-05-11,2026-05-11 09:48:00,False,clean_breakout,previous_high_break_with_pullback_low_support_or_previous_resistance,2.855,3.08,2.85,3.07,983782.0,317529.95,3.0982337256690275,0.9347826086956517,0.04347826086956622,0.021739130434782147,0.9565217391304338,2026-05-11 09:45:00,2.96,2.845,616859.0,245216.3,0.6153846153846164,2026-05-11 09:47:00,2.83,2.8588,0.5760000000000007,0.04391891891891889,0.03716216216216212,3.0,5.211726384364826,0.16000000000000014,3.23,2026-05-11 09:52:00,5.211726384364826,0.16000000000000014,3.23,2026-05-11 09:52:00,False,,True,2026-05-11 09:55:00,2.82,2.71550360862131,2.85181578341056,2.6907948292850175,0.1768923837202534,0.019855551612599553,0.15703683210765385
DDC,2024-06-12,2024-06-12 10:37:00,False,clean_breakout,previous_high_break_with_pullback_low_support_or_previous_resistance,37.125,40.9975,36.5,39.025,55296.2,27344.106000000007,2.0222347002311936,0.42245692051139466,0.4385769872151201,0.1389660922734852,0.5614230127848799,2024-06-12 10:33:00,39.0,37.625,47936.44,25851.1,0.25,2024-06-12 10:34:00,35.75,36.75,0.5,0.08333333333333333,0.0006410256410256046,4.0,62.07559256886612,24.225,63.25,2024-06-12 11:19:00,39.65406790518899,15.475000000000001,54.5,2024-06-12 11:02:00,True,14.0,True,2024-06-12 10:38:00,35.5025,32.60548980910459,36.81799297790248,35.15375530763908,2.03404290853495,0.2324788961877693,1.8015640123471806
DDC,2024-06-12,2024-06-12 10:54:00,False,clean_breakout,previous_high_break_with_pullback_low_support_or_previous_resistance,42.5,46.25,42.0,45.5,36650.6,26906.798,1.362131607038489,0.7058823529411765,0.17647058823529413,0.11764705882352941,0.8235294117647058,2024-06-12 10:52:00,45.0,45.0,43699.8,27234.99,0.0,2024-06-12 10:53:00,42.0,42.5225,0.17416666666666694,0.06666666666666667,0.011111111111111112,2.0,39.010989010989015,17.75,63.25,2024-06-12 11:19:00,39.010989010989015,17.75,63.25,2024-06-12 11:19:00,True,8.0,False,,,34.634454319006956,41.93402735752715,39.6467101447208,2.4444321339435717,0.7026099751454442,1.7418221587981275
PSNL,2024-07-19,2024-07-19 12:10:00,False,clean_breakout,previous_high_break_with_pullback_low_support_or_previous_resistance,2.97,3.03,2.96,3.01,54195.0,11089.4,4.8870993922123835,0.5714285714285668,0.28571428571428664,0.14285714285714649,0.7142857142857134,2024-07-19 11:50:00,3.0,2.9534,67633.0,14072.8,0.21244635193133,2024-07-19 11:53:00,2.91,2.92,0.4999999999999889,0.029999999999999954,0.0033333333333332624,20.0,50.16611295681063,1.5099999999999998,4.52,2024-07-19 13:56:00,8.305647840531561,0.25,3.26,2024-07-19 12:40:00,False,,False,,,2.801309786234469,2.966964681073656,2.9549310719570445,0.01545418210511329,-0.0001450852256200605,0.01559926733073335
PSNL,2024-07-19,2024-07-19 12:43:00,False,clean_breakout,previous_high_break_with_pullback_low_support_or_previous_resistance,3.2202,3.3099,3.2202,3.3099,49532.0,31174.05,1.5888856276293906,1.0,0.0,0.0,1.0,2024-07-19 12:41:00,3.2799,3.27,44457.0,27747.8,0.19839679358717452,2024-07-19 12:42:00,3.22,3.23,0.19999999999999646,0.018262751913168035,0.0091466203237903,2.0,36.56001691894014,1.2100999999999997,4.52,2024-07-19 13:56:00,7.5198646484788165,0.24890000000000034,3.5588,2024-07-19 13:13:00,False,,False,,,2.945398090380134,3.2249010260084914,3.176070260529701,0.053290346239627695,0.011567760043664888,0.04172258619596281
PSNL,2024-07-19,2024-07-19 12:49:00,False,clean_breakout,previous_high_break_with_pullback_low_support_or_previous_resistance,3.2513,3.316,3.25,3.315,40466.0,35122.85,1.1521274611826775,0.9651515151515155,0.01515151515151352,0.01969696969697094,0.9848484848484865,2024-07-19 12:44:00,3.31,3.3,64596.0,33584.2,0.2712328767123278,2024-07-19 12:46:00,3.24,3.2699,0.9966666666666596,0.021148036253776387,0.001510574018126856,5.0,36.34992458521869,1.2049999999999996,4.52,2024-07-19 13:56:00,11.309200603318258,0.37490000000000023,3.6899,2024-07-19 13:18:00,True,26.0,False,,,2.9704172399347457,3.264631014561971,3.2220252909901257,0.051978682901821394,0.0006158964971146874,0.051362786404706706
PSNL,2024-07-19,2024-07-19 12:50:00,False,clean_breakout,previous_high_break_with_pullback_low_support_or_previous_resistance,3.32,3.4,3.3,3.37,94075.0,37627.95,2.5001362019456286,0.5000000000000022,0.29999999999999777,0.2,0.7000000000000022,2024-07-19 12:44:00,3.31,3.3,64596.0,33584.2,0.2712328767123278,2024-07-19 12:46:00,3.24,3.2699,0.9966666666666596,0.021148036253776387,0.018126888217522674,6.0,34.12462908011868,1.1499999999999995,4.52,2024-07-19 13:56:00,9.492581602373889,0.3199000000000001,3.6899,2024-07-19 13:18:00,False,,False,,,2.9835729600949636,3.285704811649577,3.2361181204196376,0.057474730950947794,0.004127180158162602,0.05334755079278519
PSNL,2024-07-19,2024-07-19 13:13:00,False,clean_breakout,previous_high_break_with_pullback_low_support_or_previous_resistance,3.4588,3.5588,3.4588,3.5588,82805.0,48824.9,1.6959584146613715,1.0,0.0,0.0,1.0,2024-07-19 13:09:00,3.52,3.4908,63790.0,52740.85,0.3649999999999983,2024-07-19 13:12:00,3.45,3.455,0.24999999999999445,0.01988636363636359,0.011022727272727321,4.0,27.009104192424395,0.9611999999999994,4.52,2024-07-19 13:56:00,13.802405305159033,0.49119999999999964,4.05,2024-07-19 13:42:00,True,26.0,False,,,3.10960856288776,3.4667947631033176,3.4123827424607027,0.06198664373053653,0.010055021205638719,0.05193162252489781
PSNL,2024-07-19,2024-07-19 13:51:00,False,clean_breakout,previous_high_break_with_pullback_low_support_or_previous_resistance,4.1188,4.22,4.0999,4.215,303817.0,178554.7,1.7015345997613056,0.8009991673605306,0.04163197335553621,0.15736885928393324,0.9583680266444637,2024-07-19 13:49:00,4.19,4.14,213693.0,169152.25,0.17166666666666483,2024-07-19 13:50:00,4.03,4.12,0.7499999999999981,0.03818615751789979,0.00596658711217171,2.0,7.236061684460254,0.3049999999999997,4.52,2024-07-19 13:56:00,7.236061684460254,0.3049999999999997,4.52,2024-07-19 13:56:00,False,,True,2024-07-19 13:58:00,3.7609,3.552317753961268,4.091966168603543,3.9677271441215276,0.1397286974918579,0.0184404818026572,0.1212882156892007
AKAN,2026-05-21,2026-05-21 10:24:00,False,clean_breakout,previous_high_break_with_pullback_low_support_or_previous_resistance,15.36,15.85,15.36,15.85,1135.0,1004.1,1.1303655014440792,1.0,0.0,0.0,1.0,2026-05-21 10:22:00,15.68,15.67,1085.0,557.35,0.25,2026-05-21 10:23:00,15.66,15.68,0.6666666666666666,0.0012755102040816054,0.010841836734693874,2.0,85.6782334384858,13.58,29.43,2026-05-21 13:34:00,18.485804416403795,2.9300000000000015,18.78,2026-05-21 10:48:00,True,20.0,True,2026-05-21 10:25:00,15.65,15.239458328362963,15.396143277563532,15.072104011976199,0.29009781729915574,0.12210073209580166,0.16799708520335407
AKAN,2026-05-21,2026-05-21 10:57:00,False,clean_breakout,previous_high_break_with_pullback_low_support_or_previous_resistance,18.97,19.9,18.7,19.9,5450.0,3125.35,1.7438046938742862,0.7750000000000002,0.0,0.22499999999999978,1.0,2026-05-21 10:55:00,19.18,18.84,3336.0,2900.5,0.6415094339622625,2026-05-21 10:56:00,18.51,18.96,0.9375000000000047,0.03493222106360783,0.03753910323253383,2.0,47.889447236180914,9.530000000000001,29.43,2026-05-21 13:34:00,1.5577889447236295,0.3100000000000023,20.21,2026-05-21 11:22:00,False,,True,2026-05-21 10:59:00,18.42,16.906023740864498,18.62643761478373,17.89645299937644,0.8101249682106619,0.10826644737086766,0.7018585208397943
AKAN,2026-05-21,2026-05-21 11:53:00,False,clean_breakout,previous_high_break_with_pullback_low_support_or_previous_resistance,21.18,22.34,21.18,22.26,4988.0,4540.9,1.0984606575788942,0.9310344827586222,0.06896551724137784,0.0,0.9310344827586222,2026-05-21 11:50:00,21.72,20.8,11898.0,4287.7,0.0,2026-05-21 11:51:00,20.8,21.1,0.5806451612903241,0.042357274401473216,0.0248618784530388,3.0,32.210242587601066,7.169999999999998,29.43,2026-05-21 13:34:00,18.14914645103324,4.039999999999999,26.3,2026-05-21 12:23:00,True,27.0,True,2026-05-21 12:06:00,20.61,18.85562255324236,21.149538346545867,20.55181506378651,0.6321729147106474,0.10956955755016251,0.5226033571604849
RVSN,2025-10-07,2025-10-07 12:49:00,False,clean_breakout,previous_high_break_with_pullback_low_support_or_previous_resistance,20.1632,20.7002,20.0822,20.7002,7855.554777,2990.6584264500007,2.6266974213851544,0.868932038834952,0.0,0.13106796116504807,1.0,2025-10-07 12:43:00,20.4002,20.3732,5134.315323,2262.9040374000006,0.10588235294117943,2025-10-07 12:47:00,20.0282,20.1302,0.6764705882353177,0.018235115342006617,0.01470573817903732,6.0,42.85514149621744,8.871100000000002,29.5713,2025-10-07 13:14:00,42.85514149621744,8.871100000000002,29.5713,2025-10-07 13:14:00,True,8.0,False,,,18.664882101462503,20.23701548549621,19.981027179807732,0.28213487979801855,0.02879798623016222,0.2533368935678563
RVSN,2025-10-07,2025-10-07 13:06:00,False,clean_breakout,previous_high_break_with_pullback_low_support_or_previous_resistance,25.5003,27.0003,25.0473,26.5773,61300.586988,34294.79038199999,1.787460611515337,0.5514592933947783,0.21658986175115125,0.23195084485407041,0.7834101382488488,2025-10-07 13:04:00,26.4003,25.9893,58571.580945,30198.486345449994,0.24289344601382978,2025-10-07 13:05:00,25.5003,25.5033,0.006134969325153597,0.03409052169861714,0.0067044692673946735,2.0,11.265252678037271,2.9939999999999998,29.5713,2025-10-07 13:14:00,11.265252678037271,2.9939999999999998,29.5713,2025-10-07 13:14:00,True,8.0,False,,,22.116429149771232,24.961194375187034,23.54019250705265,1.5004681856882485,0.2989225776973745,1.201545607990874
ANVS,2024-07-08,2024-07-08 12:09:00,False,clean_breakout,previous_high_break_with_pullback_low_support_or_previous_resistance,16.48,17.2,16.28,17.08,254447.0,145620.15,1.7473337309431423,0.6521739130434773,0.130434782608697,0.21739130434782575,0.869565217391303,2024-07-08 12:07:00,16.45,16.21,192503.0,142619.7,0.28235294117646886,2024-07-08 12:08:00,15.95,16.46,0.38235294117647306,0.030395136778115502,0.038297872340425476,2.0,1.4051522248243677,0.240000000000002,17.32,2024-07-08 12:10:00,1.4051522248243677,0.240000000000002,17.32,2024-07-08 12:10:00,False,,True,2024-07-08 12:14:00,15.76,13.997753476064394,16.12065985278166,15.634346927588618,0.5260613944116006,0.1281490747810783,0.3979123196305223
QMCO,2024-12-26,2024-12-26 09:49:00,False,clean_breakout,previous_high_break_with_pullback_low_support_or_previous_resistance,48.0,49.37,47.94,49.17,28675.0,9140.25,3.137222723667296,0.8181818181818196,0.1398601398601369,0.041958041958043556,0.8601398601398631,2024-12-26 09:46:00,48.5,48.23,18025.0,7112.0,0.40909090909091594,2024-12-26 09:48:00,47.81,48.2,0.8974358974358816,0.014226804123711294,0.013814432989690756,3.0,61.663616026032116,30.319999999999993,79.49,2024-12-26 19:30:00,8.704494610534882,4.280000000000001,53.45,2024-12-26 09:58:00,False,,False,,,46.74396086649204,47.87145324427343,46.85826868524047,1.0678872879578165,0.19855053826895197,0.8693367496888645
QMCO,2024-12-26,2024-12-26 09:56:00,False,clean_breakout,previous_high_break_with_pullback_low_support_or_previous_resistance,49.04,50.88,48.97,50.88,35929.0,13000.6,2.7636416780763966,0.963350785340314,0.0,0.036649214659685944,1.0,2024-12-26 09:50:00,49.49,49.01,23302.0,9625.3,0.38095238095237977,2024-12-26 09:55:00,48.17,49.3,0.3008849557522103,0.026672054960598105,0.028086482117599527,6.0,56.23034591194966,28.609999999999992,79.49,2024-12-26 19:30:00,5.051100628930818,2.5700000000000003,53.45,2024-12-26 09:58:00,False,,False,,,47.69759468133307,49.136015999413466,48.106811630159136,1.1702252096232613,0.08725151900197448,1.0829736906212868
QMCO,2024-12-26,2024-12-26 12:37:00,False,clean_breakout,previous_high_break_with_pullback_low_support_or_previous_resistance,59.78,62.7,59.78,62.56,65992.0,10628.9,6.2087327945507065,0.9520547945205478,0.04794520547945222,0.0,0.9520547945205478,2024-12-26 12:34:00,59.9,59.51,9718.0,8142.5,0.12820512820512073,2024-12-26 12:35:00,58.86,59.3,0.555555555555552,0.017362270450751238,0.044407345575959996,3.0,27.062020460358045,16.929999999999993,79.49,2024-12-26 19:30:00,7.832480818414308,4.8999999999999915,67.46,2024-12-26 12:43:00,False,,False,,,53.5325963301368,59.88677979734848,59.02438034873874,0.826339608289345,0.2900698873304135,0.5362697209589316
QMCO,2024-12-26,2024-12-26 15:51:00,False,clean_breakout,previous_high_break_with_pullback_low_support_or_previous_resistance,69.65,70.58,69.49,70.58,30108.0,12731.5,2.3648431056827555,0.8532110091743025,0.0,0.14678899082569752,1.0,2024-12-26 15:49:00,69.7,69.69,8779.0,11719.95,0.028571428571442493,2024-12-26 15:50:00,69.35,69.67,0.5333333333333381,0.0050215208034434505,0.012625538020086018,2.0,12.62397279682629,8.909999999999997,79.49,2024-12-26 19:30:00,1.9127231510342995,1.3500000000000085,71.93,2024-12-26 15:53:00,False,,True,2024-12-26 15:56:00,69.3,59.03516649213518,69.34378438698077,68.49604380445604,1.029956488754948,0.05637234122653789,0.97358414752841
CRNC,2024-11-21,2024-11-21 12:34:00,False,clean_breakout,previous_high_break_with_pullback_low_support_or_previous_resistance,5.25,5.4,5.24,5.39,316815.0,127389.7,2.4869750066135645,0.8749999999999972,0.06250000000000416,0.06249999999999861,0.9374999999999959,2024-11-21 12:29:00,5.37,5.31,234105.0,109856.65,0.3000000000000022,2024-11-21 12:31:00,5.15,5.21,0.5714285714285768,0.04096834264432025,0.0037243947858472204,5.0,18.923933209647505,1.0200000000000005,6.41,2024-11-21 14:48:00,3.710575139146571,0.20000000000000018,5.59,2024-11-21 12:39:00,False,,False,,,4.906654999208667,5.237981115030288,5.179142296331563,0.06573009895868775,0.013779198780764383,0.05195090017792337
CRNC,2024-11-21,2024-11-21 12:39:00,False,clean_breakout,previous_high_break_with_pullback_low_support_or_previous_resistance,5.39,5.59,5.37,5.54,756592.0,165278.9,4.577668413814468,0.6818181818181842,0.2272727272727267,0.09090909090908908,0.7727272727272733,2024-11-21 12:35:00,5.4,5.36,202890.0,131787.15,0.0,2024-11-21 12:38:00,5.31,5.4,0.6666666666666666,0.016666666666666805,0.025925925925925866,4.0,15.703971119133575,0.8700000000000001,6.41,2024-11-21 14:48:00,3.7906137184115516,0.20999999999999996,5.75,2024-11-21 13:08:00,False,,True,2024-11-21 12:42:00,5.22,4.9248662109386885,5.366768851773125,5.273835299568813,0.09785015949062803,0.02560731328489578,0.07224284620573225
CRNC,2024-11-21,2024-11-21 12:40:00,False,clean_breakout,previous_high_break_with_pullback_low_support_or_previous_resistance,5.54,5.54,5.39,5.42,379853.0,180505.95,2.1043793847238828,0.7999999999999988,0.0,0.20000000000000118,0.20000000000000118,2024-11-21 12:38:00,5.4,5.4,208992.0,132517.3,0.0,2024-11-21 12:39:00,5.37,5.54,0.09090909090908908,0.005555555555555601,0.0037037037037036245,2.0,18.265682656826574,0.9900000000000002,6.41,2024-11-21 14:48:00,6.0885608856088576,0.33000000000000007,5.75,2024-11-21 13:08:00,False,,True,2024-11-21 12:42:00,5.22,4.929701559157787,5.377415081418501,5.2877557472289265,0.09733064215681253,0.021156192096053572,0.07617445006075896
PSTV,2025-03-20,2025-03-20 10:04:00,False,clean_breakout,previous_high_break_with_pullback_low_support_or_previous_resistance,16.845,17.9725,16.7525,17.95,34654.6,15142.475999999999,2.288568923602719,0.905737704918034,0.018442622950820386,0.07581967213114563,0.9815573770491796,2025-03-20 09:59:00,16.93,16.415,28992.16,10274.376,0.3495145631067952,2025-03-20 10:03:00,16.0725,16.9125,0.11889596602972162,0.05064973419964549,0.06024808033077375,5.0,189.69359331476323,34.05,52.0,2025-03-20 15:00:00,21.169916434540394,3.8000000000000007,21.75,2025-03-20 10:34:00,True,17.0,False,,,15.34285729911393,16.619112153821376,16.057236457446287,0.5806762145457629,0.16218536331010824,0.41849085123565466
PSTV,2025-03-20,2025-03-20 10:07:00,False,clean_breakout,previous_high_break_with_pullback_low_support_or_previous_resistance,17.4375,18.5675,17.4375,18.3,70036.84,19368.338,3.616048005771068,0.7632743362831872,0.23672566371681286,0.0,0.7632743362831872,2025-03-20 10:04:00,17.9725,17.95,34654.6,15142.475999999999,0.018442622950820386,2025-03-20 10:06:00,17.19,17.5,0.561085972850678,0.04353873974127132,0.018222284045068888,3.0,184.15300546448088,33.7,52.0,2025-03-20 15:00:00,19.726775956284147,3.6099999999999994,21.91,2025-03-20 10:35:00,True,14.0,True,2025-03-20 10:12:00,17.08,15.64556881942726,17.237145422756548,16.524784025658576,0.7365263562217201,0.19185526314823986,0.5446710930734803
PSTV,2025-03-20,2025-03-20 10:40:00,False,clean_breakout,previous_high_break_with_pullback_low_support_or_previous_resistance,20.5275,23.25,20.5275,22.4475,84002.64,44959.202,1.8684192837764337,0.7052341597796149,0.2947658402203851,0.0,0.7052341597796149,2025-03-20 10:35:00,21.91,21.79,39557.6,44208.182,0.2926829268292706,2025-03-20 10:39:00,20.4325,20.545,0.24590163934426407,0.06743496120492921,0.024532177088087696,5.0,131.651631584809,29.5525,52.0,2025-03-20 15:00:00,3.5750083528232475,0.8024999999999984,23.25,2025-03-20 10:43:00,False,,True,2025-03-20 10:45:00,20.2775,17.913847436829073,21.14220454407039,20.423590937649927,0.8943110242973731,-0.010865233568138288,0.9051762578655114
PSTV,2025-03-20,2025-03-20 11:45:00,False,clean_breakout,previous_high_break_with_pullback_low_support_or_previous_resistance,27.5,28.75,27.0,28.23,57957.08,58229.367999999995,0.9953238716243668,0.41714285714285737,0.2971428571428569,0.2857142857142857,0.7028571428571431,2025-03-20 11:43:00,28.0,26.9975,53911.6,59306.945999999996,0.5,2025-03-20 11:44:00,26.75,27.4725,0.3133333333333326,0.044642857142857144,0.00821428571428573,2.0,84.20120439249025,23.77,52.0,2025-03-20 15:00:00,10.69783917817924,3.0199999999999996,31.25,2025-03-20 11:54:00,True,9.0,False,,,20.618493541829526,26.84566867154922,25.680571875091342,1.3639184341730584,0.10211265554613047,1.2618057786269279
PSTV,2025-03-20,2025-03-20 11:49:00,False,clean_breakout,previous_high_break_with_pullback_low_support_or_previous_resistance,27.9875,29.25,27.75,29.02,89508.04,49082.92199999999,1.823608627049547,0.6883333333333326,0.15333333333333363,0.1583333333333338,0.8466666666666663,2025-03-20 11:45:00,28.75,28.23,57957.08,58229.367999999995,0.2971428571428569,2025-03-20 11:47:00,26.75,27.375,0.5,0.06956521739130435,0.009391304347826071,4.0,79.1867677463818,22.98,52.0,2025-03-20 15:00:00,7.684355616815991,2.2300000000000004,31.25,2025-03-20 11:54:00,False,,True,2025-03-20 12:04:00,26.5,20.872123282256506,27.61048188786657,26.471909453025123,1.3714961527372758,0.07457300896701691,1.2969231437702589
PSTV,2025-03-20,2025-03-20 14:25:00,False,clean_breakout,previous_high_break_with_pullback_low_support_or_previous_resistance,43.625,45.5,43.25,44.875,75024.52,40012.770000000004,1.8750144016522725,0.5555555555555556,0.2777777777777778,0.16666666666666666,0.7222222222222222,2025-03-20 14:21:00,43.75,43.375,48751.84,43116.02,0.25041736227045036,2025-03-20 14:22:00,42.25,43.25,0.8,0.03428571428571429,0.025714285714285714,4.0,15.87743732590529,7.125,52.0,2025-03-20 15:00:00,15.32033426183844,6.875,51.75,2025-03-20 14:52:00,True,25.0,False,,,27.568424909078157,42.864672165303766,41.35401548671063,1.6303580936523545,0.3265241193337438,1.3038339743186107
SBET,2025-05-29,2025-05-29 13:47:00,False,clean_breakout,previous_high_break_with_pullback_low_support_or_previous_resistance,54.33,55.8,54.0,55.28,52189.0,47705.45,1.0939840206936524,0.5277777777777802,0.28888888888888714,0.18333333333333268,0.7111111111111129,2025-05-29 13:44:00,54.74,54.2,56252.0,45463.7,0.033613445378150406,2025-05-29 13:45:00,53.5,54.05,0.624999999999995,0.022652539276580234,0.009864815491413942,3.0,93.25253256150505,51.55,106.83,2025-05-29 16:17:00,9.442836468885671,5.219999999999999,60.5,2025-05-29 13:54:00,False,,False,,,43.971015784127864,53.983643266443906,52.72772038223666,1.5027871642882928,0.03391409250164967,1.4688730717866432
QMCO,2024-12-26,2024-12-26 09:49:00,False,clean_breakout,previous_high_break_with_pullback_low_support_or_previous_resistance,48.0,49.37,47.94,49.17,28675.0,9140.25,3.137222723667296,0.8181818181818196,0.1398601398601369,0.041958041958043556,0.8601398601398631,2024-12-26 09:46:00,48.5,48.23,18025.0,7112.0,0.40909090909091594,2024-12-26 09:48:00,47.81,48.2,0.8974358974358816,0.014226804123711294,0.013814432989690756,3.0,61.663616026032116,30.319999999999993,79.49,2024-12-26 19:30:00,8.704494610534882,4.280000000000001,53.45,2024-12-26 09:58:00,False,,False,,,46.74396086649204,47.87145324427343,46.85826868524047,1.0678872879578165,0.19855053826895197,0.8693367496888645
QMCO,2024-12-26,2024-12-26 09:56:00,False,clean_breakout,previous_high_break_with_pullback_low_support_or_previous_resistance,49.04,50.88,48.97,50.88,35929.0,13000.6,2.7636416780763966,0.963350785340314,0.0,0.036649214659685944,1.0,2024-12-26 09:50:00,49.49,49.01,23302.0,9625.3,0.38095238095237977,2024-12-26 09:55:00,48.17,49.3,0.3008849557522103,0.026672054960598105,0.028086482117599527,6.0,56.23034591194966,28.609999999999992,79.49,2024-12-26 19:30:00,5.051100628930818,2.5700000000000003,53.45,2024-12-26 09:58:00,False,,False,,,47.69759468133307,49.136015999413466,48.106811630159136,1.1702252096232613,0.08725151900197448,1.0829736906212868
QMCO,2024-12-26,2024-12-26 12:37:00,False,clean_breakout,previous_high_break_with_pullback_low_support_or_previous_resistance,59.78,62.7,59.78,62.56,65992.0,10628.9,6.2087327945507065,0.9520547945205478,0.04794520547945222,0.0,0.9520547945205478,2024-12-26 12:34:00,59.9,59.51,9718.0,8142.5,0.12820512820512073,2024-12-26 12:35:00,58.86,59.3,0.555555555555552,0.017362270450751238,0.044407345575959996,3.0,27.062020460358045,16.929999999999993,79.49,2024-12-26 19:30:00,7.832480818414308,4.8999999999999915,67.46,2024-12-26 12:43:00,False,,False,,,53.5325963301368,59.88677979734848,59.02438034873874,0.826339608289345,0.2900698873304135,0.5362697209589316
QMCO,2024-12-26,2024-12-26 15:51:00,False,clean_breakout,previous_high_break_with_pullback_low_support_or_previous_resistance,69.65,70.58,69.49,70.58,30108.0,12731.5,2.3648431056827555,0.8532110091743025,0.0,0.14678899082569752,1.0,2024-12-26 15:49:00,69.7,69.69,8779.0,11719.95,0.028571428571442493,2024-12-26 15:50:00,69.35,69.67,0.5333333333333381,0.0050215208034434505,0.012625538020086018,2.0,12.62397279682629,8.909999999999997,79.49,2024-12-26 19:30:00,1.9127231510342995,1.3500000000000085,71.93,2024-12-26 15:53:00,False,,True,2024-12-26 15:56:00,69.3,59.03516649213518,69.34378438698077,68.49604380445604,1.029956488754948,0.05637234122653789,0.97358414752841
NVNI,2025-07-31,2025-07-31 10:09:00,False,clean_breakout,previous_high_break_with_pullback_low_support_or_previous_resistance,5.879,6.0,5.86,5.955,21894.5,11668.99,1.876297777271212,0.5428571428571477,0.3214285714285717,0.1357142857142806,0.6785714285714284,2025-07-31 10:05:00,5.925,5.86,12044.5,11414.869999999999,0.6478873239436681,2025-07-31 10:06:00,5.822,5.905,0.4418604651162805,0.0173839662447257,0.005063291139240548,4.0,26.112510495382026,1.5549999999999997,7.51,2025-07-31 12:19:00,8.933669185558355,0.532,6.487,2025-07-31 10:28:00,False,,False,,,5.545666010420889,5.864356365765652,5.765491197040189,0.12863434338980984,-0.003897574802945225,0.13253191819275506
ASTI,2024-06-03,2024-06-03 12:24:00,False,clean_breakout,previous_high_break_with_pullback_low_support_or_previous_resistance,20.0,20.27,18.59,19.01,47308.91,18275.833499999997,2.5886047823755898,0.5892857142857134,0.16071428571428548,0.25000000000000105,0.25000000000000105,2024-06-03 12:22:00,19.0,18.96,32393.66,13847.713,0.03389830508474505,2024-06-03 12:23:00,18.95,19.99,0.0,0.0026315789473684583,0.0005263157894737665,2.0,0.0,0.0,19.01,2024-06-03 12:25:00,0.0,0.0,19.01,2024-06-03 12:25:00,False,,True,2024-06-03 12:25:00,18.22,16.162036364257375,18.302278677418702,17.161197149861742,1.2136656581419913,0.21328411733305686,1.0003815408089345
RPGL,2025-12-29,2025-12-29 11:01:00,False,clean_breakout,previous_high_break_with_pullback_low_support_or_previous_resistance,11.272,12.6,11.246,12.172,235206.6,123529.48749999997,1.9040522612060546,0.6646971935007392,0.3161004431314618,0.01920236336779898,0.6838995568685382,2025-12-29 10:57:00,12.0,11.47,251491.7,105665.55249999999,0.3092182030338385,2025-12-29 10:59:00,11.014,11.4,0.6587030716723563,0.08216666666666672,0.014333333333333384,4.0,42.91817285573447,5.224,17.396,2025-12-29 12:54:00,7.328294446270123,0.8919999999999995,13.064,2025-12-29 11:10:00,False,,False,,,9.96969148077873,11.214997484710736,10.775829547712554,0.476928958169065,0.10968828185162965,0.36724067631743534
PBM,2024-12-19,2024-12-19 12:07:00,False,clean_breakout,previous_high_break_with_pullback_low_support_or_previous_resistance,337.7274,378.5686,329.2594,364.128,32549.92772432,16991.415317376002,1.9156690079273933,0.5354092136964301,0.29285812789499777,0.17173265840857213,0.7071418721050022,2024-12-19 11:52:00,361.1392,354.026,21943.11126832,14862.617116599999,0.1680003023117403,2024-12-19 11:57:00,275.9602,291.9001,0.4262296160997849,0.23586196126036726,0.008276033175019409,15.0,7.660740179277618,27.894900000000007,392.0229,2024-12-19 12:08:00,7.660740179277618,27.894900000000007,392.0229,2024-12-19 12:08:00,False,,True,2024-12-19 12:22:00,260.5184,228.24468770921823,321.59063712385597,302.7194009149995,23.6925120295777,0.9912295129337636,22.701282516643936
QUBT,2024-12-16,2024-12-16 09:57:00,False,clean_breakout,previous_high_break_with_pullback_low_support_or_previous_resistance,7.6311,7.8,7.6311,7.8,281269.0,241890.15,1.1627964181261619,1.0,0.0,0.0,1.0,2024-12-16 09:55:00,7.77,7.675,270356.0,253379.65,0.29999999999999466,2024-12-16 09:56:00,7.64,7.64,0.0,0.016731016731016717,0.003861003861003893,2.0,57.43589743589743,4.4799999999999995,12.28,2024-12-16 13:27:00,5.641025641025646,0.4400000000000004,8.24,2024-12-16 10:27:00,False,,True,2024-12-16 10:13:00,7.63,7.306843999702187,7.631699663657143,7.506760463914142,0.14001117693709375,0.017274934495161487,0.12273624244193226
QUBT,2024-12-16,2024-12-16 10:31:00,False,clean_breakout,previous_high_break_with_pullback_low_support_or_previous_resistance,8.19,8.44,8.17,8.3399,424805.0,205971.6,2.062444531187795,0.5551851851851882,0.37074074074073915,0.07407407407407261,0.6292592592592609,2024-12-16 10:29:00,8.3,8.2999,187849.0,189492.3,0.001015228426411593,2024-12-16 10:30:00,8.17,8.174,0.03333333333332988,0.01566265060240973,0.0048072289156625755,2.0,47.24397175026078,3.9400999999999993,12.28,2024-12-16 13:27:00,4.557608604419724,0.38010000000000055,8.72,2024-12-16 11:01:00,False,,False,,,7.609074123569057,8.17391211440618,8.04624681856017,0.13902489127639317,0.0316528922393899,0.10737199903700327
QUBT,2024-12-16,2024-12-16 12:46:00,False,clean_breakout,previous_high_break_with_pullback_low_support_or_previous_resistance,10.18,10.42,10.1788,10.41,497616.0,445112.9,1.1179545683802918,0.9535655058043168,0.04145936981757803,0.004975124378105239,0.958540630182422,2024-12-16 12:42:00,10.35,10.1988,578424.0,387928.45,0.1309090909090933,2024-12-16 12:44:00,9.9,10.038,0.3209302325581395,0.04347826086956515,0.005797101449275411,4.0,17.963496637848213,1.8699999999999992,12.28,2024-12-16 13:27:00,5.0912584053794365,0.5299999999999994,10.94,2024-12-16 13:16:00,False,,True,2024-12-16 12:54:00,9.74,8.635459399885118,10.17142245638186,9.992920785254723,0.21000072053847774,0.010483527101595613,0.19951719343688212
NVNI,2025-07-31,2025-07-31 10:09:00,False,clean_breakout,previous_high_break_with_pullback_low_support_or_previous_resistance,5.879,6.0,5.86,5.955,21894.5,11668.99,1.876297777271212,0.5428571428571477,0.3214285714285717,0.1357142857142806,0.6785714285714284,2025-07-31 10:05:00,5.925,5.86,12044.5,11414.869999999999,0.6478873239436681,2025-07-31 10:06:00,5.822,5.905,0.4418604651162805,0.0173839662447257,0.005063291139240548,4.0,26.112510495382026,1.5549999999999997,7.51,2025-07-31 12:19:00,8.933669185558355,0.532,6.487,2025-07-31 10:28:00,False,,False,,,5.545666010420889,5.864356365765652,5.765491197040189,0.12863434338980984,-0.003897574802945225,0.13253191819275506
PNBK,2025-04-17,2025-04-17 15:03:00,False,clean_breakout,previous_high_break_with_pullback_low_support_or_previous_resistance,2.5006,2.58,2.5006,2.58,314.0,5684.85,0.05523452685646939,1.0,0.0,0.0,1.0,2025-04-17 14:57:00,2.55,2.5185,1257.0,5707.35,0.4000000000000018,2025-04-17 14:59:00,2.5099,2.54,0.0,0.015725490196078357,0.01176470588235304,6.0,41.86046511627907,1.08,3.66,2025-04-17 15:50:00,4.651162790697678,0.1200000000000001,2.7,2025-04-17 15:08:00,False,,True,2025-04-17 15:15:00,2.44,2.2801381859433465,2.5353519463529,2.4968127282517245,0.042181136611603165,0.005294548448173619,0.036886588163429546
PNBK,2025-04-17,2025-04-17 15:08:00,False,clean_breakout,previous_high_break_with_pullback_low_support_or_previous_resistance,2.5549,2.7,2.54,2.66,29887.0,7224.35,4.136981181698007,0.6568750000000007,0.25,0.09312499999999937,0.75,2025-04-17 15:05:00,2.6,2.6,1251.0,6144.7,0.0,2025-04-17 15:07:00,2.57,2.57,0.0,0.011538461538461635,0.023076923076923096,3.0,37.59398496240601,1.0,3.66,2025-04-17 15:50:00,1.5037593984962419,0.040000000000000036,2.7,2025-04-17 15:31:00,False,,True,2025-04-17 15:15:00,2.44,2.31615707968881,2.5847361257809185,2.539789505600221,0.05011007669063794,0.006098323250864207,0.04401175343977373
PNBK,2025-04-17,2025-04-17 15:50:00,False,clean_breakout,previous_high_break_with_pullback_low_support_or_previous_resistance,2.94,3.66,2.91,3.3562,69551.0,7892.65,8.812122671092727,0.5549333333333332,0.4050666666666671,0.03999999999999974,0.594933333333333,2025-04-17 15:48:00,2.84,2.8274,17259.0,5687.95,0.15749999999999917,2025-04-17 15:49:00,2.82,2.94,0.0,0.007042253521126767,0.1817605633802817,2.0,6.519277754603431,0.21880000000000033,3.575,2025-04-17 15:53:00,6.519277754603431,0.21880000000000033,3.575,2025-04-17 15:53:00,False,,True,2025-04-17 16:01:00,2.8,2.527235900608596,2.8973544166801295,2.777607874445317,0.10589388729751148,0.05933605818022608,0.0465578291172854
DFDV,2025-05-22,2025-05-22 09:47:00,False,clean_breakout,previous_high_break_with_pullback_low_support_or_previous_resistance,38.25,41.56,38.25,41.56,34777.0,14224.8,2.444814689837467,1.0,0.0,0.0,1.0,2025-05-22 09:34:00,38.912,37.9,32112.0,7579.1,0.5569620253164559,2025-05-22 09:38:00,34.99,35.6374,0.5297029702970274,0.10079152960526308,0.06805098684210535,13.0,29.643888354186714,12.32,53.88,2025-05-22 12:58:00,18.455245428296426,7.669999999999995,49.23,2025-05-22 10:10:00,True,8.0,False,,,34.63456786477747,37.89928429173824,36.611119710934794,1.346464242019188,0.32662120997008204,1.0198430320491059
AIFF,2026-03-26,2026-03-26 11:35:00,False,clean_breakout,previous_high_break_with_pullback_low_support_or_previous_resistance,2.35,2.4,2.34,2.3999,256531.0,99737.95,2.5720500571748266,0.8316666666666669,0.001666666666662781,0.16666666666667038,0.9983333333333372,2026-03-26 11:32:00,2.37,2.345,283033.0,75653.35,0.3124999999999986,2026-03-26 11:34:00,2.34,2.355,0.5,0.01265822784810137,0.012616033755274278,3.0,31.251302137589065,0.75,3.1499,2026-03-26 15:47:00,9.587899495812314,0.23009999999999975,2.63,2026-03-26 11:46:00,False,,False,,,2.219062006716679,2.334012739483695,2.296846558213832,0.035285694056343964,0.011797168487761234,0.02348852556858273
AIFF,2026-03-26,2026-03-26 11:42:00,False,clean_breakout,previous_high_break_with_pullback_low_support_or_previous_resistance,2.4499,2.59,2.4401,2.55,792377.0,243990.2,3.2475771567874445,0.6677785190126755,0.2668445630420288,0.06537691794529572,0.7331554369579713,2026-03-26 11:39:00,2.49,2.465,282973.0,166253.6,0.5,2026-03-26 11:41:00,2.41,2.445,0.27363636363636407,0.032128514056224924,0.024096385542168516,3.0,23.525490196078447,0.5999000000000003,3.1499,2026-03-26 15:47:00,5.098039215686288,0.13000000000000034,2.68,2026-03-26 12:10:00,False,,False,,,2.2325634495371913,2.4427399926233715,2.3806776761252864,0.0632283720646094,0.01598930356885791,0.0472390684957515
AIFF,2026-03-26,2026-03-26 13:57:00,False,clean_breakout,previous_high_break_with_pullback_low_support_or_previous_resistance,2.7701,2.88,2.77,2.84,513300.0,303821.05,1.6894813575293748,0.6354545454545468,0.36363636363636437,0.0009090909090887914,0.6363636363636356,2026-03-26 13:53:00,2.81,2.79,537738.0,236874.75,0.25,2026-03-26 13:54:00,2.74,2.76,0.3333333333333284,0.024911032028469695,0.010676156583629824,4.0,10.911971830985927,0.3099000000000003,3.1499,2026-03-26 15:47:00,0.7042253521126767,0.020000000000000018,2.86,2026-03-26 14:12:00,False,,True,2026-03-26 14:00:00,2.65,2.332146275041753,2.7642397071495934,2.7052528822364965,0.06290193797908072,0.010243960946970568,0.052657977032110156
HWH,2025-07-29,2025-07-29 10:44:00,False,clean_breakout,previous_high_break_with_pullback_low_support_or_previous_resistance,1.66,1.7198,1.66,1.705,21405.0,15049.1,1.4223441933404655,0.752508361204015,0.24749163879598504,0.0,0.752508361204015,2025-07-29 10:42:00,1.68,1.6698,6084.0,14498.6,0.33999999999999925,2025-07-29 10:43:00,1.6501,1.66,0.4974874371859299,0.01779761904761907,0.014880952380952462,2.0,85.33137829912022,1.4548999999999999,3.1599,2025-07-29 11:38:00,51.90615835777125,0.8849999999999998,2.59,2025-07-29 11:14:00,True,20.0,True,2025-07-29 10:51:00,1.631,1.5711902984762651,1.6577595092906283,1.6204145538215962,0.0444772804072433,-8.439499036934361e-05,0.044561675397612646
HWH,2025-07-29,2025-07-29 10:45:00,False,clean_breakout,previous_high_break_with_pullback_low_support_or_previous_resistance,1.7001,1.83,1.68,1.7798,85614.0,19314.5,4.43262833622408,0.5313333333333335,0.3346666666666665,0.13399999999999992,0.6653333333333334,2025-07-29 10:42:00,1.68,1.6698,6084.0,14498.6,0.33999999999999925,2025-07-29 10:43:00,1.6501,1.66,0.4974874371859299,0.01779761904761907,0.059404761904761974,3.0,77.54242049668501,1.3800999999999999,3.1599,2025-07-29 11:38:00,50.016855826497356,0.8901999999999999,2.67,2025-07-29 11:15:00,True,19.0,True,2025-07-29 10:51:00,1.631,1.588706674314703,1.6821676074325027,1.6355941201243012,0.05173960628025642,0.0056757833410395545,0.04606382293921687
HWH,2025-07-29,2025-07-29 11:38:00,False,clean_breakout,previous_high_break_with_pullback_low_support_or_previous_resistance,2.91,3.1599,2.88,3.025,1671692.0,976471.7,1.7119717857670633,0.4108610217934968,0.4819578420864595,0.10718113612004375,0.5180421579135406,2025-07-29 11:36:00,2.95,2.895,1138393.0,937758.65,0.36666666666666686,2025-07-29 11:37:00,2.87,2.9105,0.3749999999999972,0.027118644067796634,0.02542372881355923,2.0,2.1487603305785106,0.06499999999999995,3.09,2025-07-29 11:39:00,2.1487603305785106,0.06499999999999995,3.09,2025-07-29 11:39:00,False,,True,2025-07-29 11:40:00,2.8,2.5363349074766726,2.851920002362201,2.7088258914807755,0.17616349046730173,0.007468519651010946,0.16869497081629078
CWD,2025-08-05,2025-08-05 10:22:00,False,clean_breakout,previous_high_break_with_pullback_low_support_or_previous_resistance,5.77,6.48,5.65,6.32,879910.0,612016.25,1.437723263066953,0.6626506024096394,0.19277108433734955,0.1445783132530111,0.8072289156626504,2025-08-05 10:20:00,6.15,5.87,773987.0,543779.15,0.44827586206896813,2025-08-05 10:21:00,5.61,5.77,0.36363636363636237,0.08780487804878048,0.027642276422764213,2.0,31.962025316455687,2.0199999999999996,8.34,2025-08-05 10:42:00,31.962025316455687,2.0199999999999996,8.34,2025-08-05 10:42:00,True,4.0,False,,,5.229362902954794,5.729934695777752,5.185036835486451,0.6424402105725973,0.02300067866040756,0.6194395319121897
CWD,2025-08-05,2025-08-05 10:36:00,False,clean_breakout,previous_high_break_with_pullback_low_support_or_previous_resistance,6.89,7.96,6.5,7.6,1815670.0,924603.9,1.9637273863975697,0.4863013698630137,0.24657534246575366,0.26712328767123267,0.7534246575342464,2025-08-05 10:27:00,7.44,7.26,1016765.0,783015.0,0.3913043478260883,2025-08-05 10:30:00,6.15,6.48,0.767441860465117,0.17338709677419353,0.02150537634408592,9.0,9.736842105263161,0.7400000000000002,8.34,2025-08-05 10:42:00,9.736842105263161,0.7400000000000002,8.34,2025-08-05 10:42:00,False,,False,,,6.060612062932939,6.943976489436993,6.494607390899148,0.5944093482067476,-0.05694382696405742,0.651353175170805
RDHL,2024-08-01,2024-08-01 12:05:00,False,clean_breakout,previous_high_break_with_pullback_low_support_or_previous_resistance,15.7975,16.2925,15.7575,16.145,90288.8,28304.665999999997,3.1898910236213354,0.649532710280374,0.2757009345794408,0.0747663551401853,0.7242990654205592,2024-08-01 12:01:00,15.96,15.91,48387.6,24355.518000000004,0.0680272108843546,2024-08-01 12:03:00,15.4575,15.7175,0.5252525252525237,0.031484962406015116,0.011591478696741774,4.0,26.974295447506975,4.355,20.5,2024-08-01 16:06:00,18.798389594301643,3.035,19.18,2024-08-01 12:28:00,True,10.0,False,,,14.764601728207719,15.677042999265478,15.305499085546176,0.3836298975909127,0.09659853081745823,0.2870313667734545
QTTB,2025-07-10,2025-07-10 10:42:00,False,clean_breakout,previous_high_break_with_pullback_low_support_or_previous_resistance,2.12,2.29,2.08,2.285,444831.0,151642.8,2.9334132579984016,0.785714285714286,0.023809523809523305,0.1904761904761907,0.9761904761904767,2025-07-10 10:38:00,2.1899,2.17,412099.0,72648.6,0.12445278298936963,2025-07-10 10:39:00,1.95,2.06,0.4782608695652174,0.1095483812046213,0.04342664048586691,4.0,64.11378555798686,1.4649999999999999,3.75,2025-07-10 15:55:00,26.914660831509835,0.6149999999999998,2.9,2025-07-10 10:59:00,True,2.0,False,,,2.0303173110249975,2.0818448927104662,1.9668491719874583,0.11608174394841742,0.03560832898140892,0.0804734149670085
QTTB,2025-07-10,2025-07-10 15:45:00,False,clean_breakout,previous_high_break_with_pullback_low_support_or_previous_resistance,2.764,2.94,2.73,2.9371,461860.0,208853.55,2.211406030685138,0.8242857142857156,0.013809523809523348,0.16190476190476102,0.9861904761904766,2025-07-10 15:43:00,2.9,2.845,313781.0,174816.6,0.499999999999998,2025-07-10 15:44:00,2.72,2.7489,0.2064285714285698,0.06206896551724128,0.012793103448275908,2.0,27.67696026692996,0.8129,3.75,2025-07-10 15:55:00,27.67696026692996,0.8129,3.75,2025-07-10 15:55:00,True,8.0,False,,,2.4040279092235957,2.770934744753392,2.6585325866199585,0.11902660350945604,0.018835077998475253,0.10019152551098079
QTTB,2025-07-10,2025-07-10 15:53:00,False,clean_breakout,previous_high_break_with_pullback_low_support_or_previous_resistance,2.91,3.24,2.91,3.23,800330.0,365648.5,2.1887960705431584,0.9696969696969691,0.030303030303030998,0.0,0.9696969696969691,2025-07-10 15:49:00,3.15,2.99,541380.0,312987.4,0.7500000000000006,2025-07-10 15:52:00,2.76,2.9198,0.7052941176470593,0.12380952380952386,0.02539682539682542,4.0,16.09907120743034,0.52,3.75,2025-07-10 15:55:00,16.09907120743034,0.52,3.75,2025-07-10 15:55:00,True,1.0,False,,,2.449834304315544,2.9699600564023263,2.8448085769787146,0.1429070569638382,0.010344692282049844,0.13256236468178836
BTAI,2025-08-11,2025-08-11 09:54:00,False,clean_breakout,previous_high_break_with_pullback_low_support_or_previous_resistance,4.7399,4.84,4.7101,4.8399,174003.0,118079.55,1.4736082581615528,0.7698229407236369,0.0007698229407218387,0.22940723633564125,0.9992301770592782,2025-08-11 09:44:00,4.8,4.7296,145131.0,112995.3,0.5118181818181866,2025-08-11 09:47:00,4.52,4.625,0.7276867030965367,0.05833333333333339,0.008312500000000056,10.0,53.928800181821934,2.6101,7.45,2025-08-11 16:45:00,7.233620529349786,0.3501000000000003,5.19,2025-08-11 10:07:00,False,,False,,,4.514139802023368,4.718373734749927,4.637916260513429,0.09439146180957625,0.001927965698450551,0.0924634961111257
BTAI,2025-08-11,2025-08-11 13:21:00,False,clean_breakout,previous_high_break_with_pullback_low_support_or_previous_resistance,5.375,5.52,5.36,5.5001,217721.0,67230.8,3.2384115613677062,0.7818750000000022,0.12437499999999937,0.09374999999999843,0.8756250000000007,2025-08-11 13:17:00,5.5,5.48,288367.0,46967.65,0.08333333333333148,2025-08-11 13:20:00,5.35,5.3706,0.5149999999999983,0.027272727272727337,1.8181818181775807e-05,4.0,35.45208268940566,1.9499000000000004,7.45,2025-08-11 16:45:00,15.997890947437321,0.8799000000000001,6.38,2025-08-11 13:47:00,True,23.0,False,,,4.886211038637619,5.358844564901199,5.291362830262661,0.06653107970748184,0.028641622111729242,0.0378894575957526
EDSA,2026-03-06,2026-03-06 11:12:00,False,clean_breakout,previous_high_break_with_pullback_low_support_or_previous_resistance,4.58,4.7309,4.58,4.72,53381.0,19014.4,2.8073986031639175,0.9277667329357167,0.0722332670642833,0.0,0.9277667329357167,2026-03-06 10:58:00,4.6477,4.62,55423.0,11002.25,0.18754231550440223,2026-03-06 11:05:00,4.42,4.485,0.5416666666666694,0.04899197452503398,0.015556081502678606,14.0,69.49152542372882,3.2800000000000002,8.0,2026-03-06 16:03:00,6.991525423728816,0.33000000000000007,5.05,2026-03-06 11:36:00,False,,False,,,4.2386619672178325,4.588844167083265,4.522975245370885,0.07587855071341743,0.006747387970269303,0.06913116274314812
EDSA,2026-03-06,2026-03-06 11:15:00,False,clean_breakout,previous_high_break_with_pullback_low_support_or_previous_resistance,4.67,4.82,4.66,4.79,29829.0,19933.35,1.4964368758889,0.75,0.1875000000000014,0.06249999999999861,0.8124999999999987,2026-03-06 11:13:00,4.74,4.68,37937.0,20841.25,0.2503128911138972,2026-03-06 11:14:00,4.66,4.71,0.0,0.016877637130801704,0.010548523206751016,2.0,67.01461377870564,3.21,8.0,2026-03-06 16:03:00,5.427974947807929,0.2599999999999998,5.05,2026-03-06 11:36:00,False,,False,,,4.262433169863234,4.660128213546632,4.576763546917061,0.09171503660256253,0.016444554665814487,0.07527048193674804
QURE,2024-07-10,2024-07-10 10:51:00,False,clean_breakout,previous_high_break_with_pullback_low_support_or_previous_resistance,8.41,8.59,8.36,8.58,386225.0,174617.75,2.2118312714486357,0.739130434782607,0.04347826086956421,0.21739130434782877,0.9565217391304358,2024-07-10 10:46:00,8.52,8.45,337147.0,190907.65,0.46666666666666745,2024-07-10 10:49:00,8.36,8.43,0.5833333333333308,0.018779342723004713,0.00704225352112682,5.0,32.28438228438228,2.7699999999999996,11.35,2024-07-10 15:16:00,7.925407925407922,0.6799999999999997,9.26,2024-07-10 11:15:00,False,,False,,,7.713195873172828,8.426551283436066,8.308511144649566,0.15132906882206498,0.0020800278106780645,0.14924904101138692
PHIO,2025-01-13,2025-01-13 10:13:00,False,clean_breakout,previous_high_break_with_pullback_low_support_or_previous_resistance,6.8292,8.0299,6.82,7.9215,2900977.0,1838894.05,1.5775661463475832,0.9028018844532609,0.08959418133730034,0.007603934209438698,0.9104058186626997,2025-01-13 10:11:00,7.3852,7.2301,2422306.0,1832876.8,0.3484610199955066,2025-01-13 10:12:00,6.75,6.83,0.14814814814814828,0.08600985755294376,0.07261820939175645,2.0,23.587704348923804,1.8684999999999992,9.79,2025-01-13 10:58:00,19.926781543899512,1.5785,9.5,2025-01-13 10:16:00,True,2.0,False,,,4.87095820504214,6.812663222260198,6.20671278968231,0.6267155600654135,0.16670727889163928,0.46000828117377424
RZLV,2024-09-25,2024-09-25 13:27:00,False,clean_breakout,previous_high_break_with_pullback_low_support_or_previous_resistance,7.1,7.3,7.1,7.3,8704.0,1628.5,5.344795824378262,1.0,0.0,0.0,1.0,2024-09-25 13:25:00,7.2,7.19,6915.0,1579.45,0.03448275862068892,2024-09-25 13:26:00,7.1,7.17,0.5714285714285696,0.013888888888888963,0.01388888888888884,2.0,11.232876712328759,0.8199999999999994,8.12,2024-09-25 14:05:00,8.219178082191789,0.6000000000000005,7.9,2024-09-25 13:57:00,False,,True,2024-09-25 13:28:00,7.05,6.740179907785934,7.070894332239859,6.979334683047556,0.0841417127984041,0.036721507503610695,0.047420205294793405
RILY,2025-02-26,2025-02-26 10:24:00,False,clean_breakout,previous_high_break_with_pullback_low_support_or_previous_resistance,4.75,4.8,4.73,4.8,2775.0,9050.4,0.306616282153275,0.714285714285718,0.0,0.2857142857142821,1.0,2025-02-26 10:22:00,4.78,4.78,11027.0,8441.75,0.0,2025-02-26 10:23:00,4.72,4.74,0.33333333333333826,0.01255230125523023,0.004184100418409952,2.0,32.291666666666664,1.5499999999999998,6.35,2025-02-26 14:56:00,1.8749999999999971,0.08999999999999986,4.89,2025-02-26 10:52:00,False,,False,,,4.515788842630135,4.72523245574415,4.67592135295316,0.05971495709239871,0.006394218808998806,0.05332073828339991
RILY,2025-02-26,2025-02-26 11:34:00,False,clean_breakout,previous_high_break_with_pullback_low_support_or_previous_resistance,4.98,5.05,4.97,5.02,62296.0,16233.6,3.837472895722452,0.4999999999999889,0.3750000000000028,0.12500000000000833,0.6249999999999972,2025-02-26 11:31:00,5.0,4.96,18711.0,12956.5,0.0,2025-02-26 11:32:00,4.92,4.93,0.16666666666666174,0.016000000000000014,0.003999999999999915,3.0,26.494023904382473,1.33,6.35,2025-02-26 14:56:00,11.155378486055788,0.5600000000000005,5.58,2025-02-26 12:04:00,True,20.0,False,,,4.723971127174447,4.963580747222123,4.928686673627903,0.037085301400776594,0.0061680597505514335,0.03091724165022516
RILY,2025-02-26,2025-02-26 11:44:00,False,clean_breakout,previous_high_break_with_pullback_low_support_or_previous_resistance,5.03,5.1,5.02,5.1,32057.0,21099.4,1.519332303288245,0.8749999999999917,0.0,0.12500000000000833,1.0,2025-02-26 11:36:00,5.05,4.99,56284.0,20433.45,0.33333333333333665,2025-02-26 11:38:00,4.95,4.97,0.3999999999999929,0.019801980198019733,0.009900990099009866,8.0,24.50980392156863,1.25,6.35,2025-02-26 14:56:00,13.52941176470589,0.6900000000000004,5.79,2025-02-26 12:14:00,True,26.0,False,,,4.758942702772832,5.0271574247013575,4.989416982926912,0.04252111612534826,0.0045483272501741084,0.03797278887517415
RILY,2025-02-26,2025-02-26 11:45:00,False,clean_breakout,previous_high_break_with_pullback_low_support_or_previous_resistance,5.1,5.23,5.09,5.22,112296.0,25770.75,4.357498326591194,0.8571428571428544,0.07142857142857596,0.07142857142856962,0.928571428571424,2025-02-26 11:43:00,5.05,5.03,11572.0,19847.95,0.666666666666647,2025-02-26 11:44:00,5.02,5.1,0.12500000000000833,0.00594059405940599,0.03366336633663365,2.0,21.64750957854406,1.13,6.35,2025-02-26 14:56:00,12.452107279693495,0.6500000000000004,5.87,2025-02-26 12:15:00,True,29.0,False,,,4.783425176383599,5.065725939761085,5.011377270267206,0.055678259689866394,0.014825730170328039,0.040852529519538355
MOBX,2026-03-03,2026-03-03 13:56:00,False,clean_breakout,previous_high_break_with_pullback_low_support_or_previous_resistance,8.3,8.54,8.297,8.521,337629.4,261883.82,1.2892335234761736,0.9094650205761374,0.07818930041151631,0.012345679012346221,0.9218106995884837,2026-03-03 13:52:00,8.472,8.4,405610.7,266792.495,0.034364261168384105,2026-03-03 13:55:00,8.2,8.349,0.17333333333334344,0.03210576015108596,0.005783758262511953,4.0,63.12639361577278,5.379,13.9,2026-03-03 16:12:00,0.22297852364743984,0.01899999999999835,8.54,2026-03-03 13:57:00,False,,True,2026-03-03 13:58:00,8.067,5.796665616299169,8.259208401661638,8.011983236591638,0.2770635020849852,0.047546807909407796,0.2295166941755774
MOBX,2026-03-03,2026-03-03 14:45:00,False,clean_breakout,previous_high_break_with_pullback_low_support_or_previous_resistance,8.809,9.632,8.761,9.502,605538.0,211423.61499999993,2.8640982228971925,0.7956371986222744,0.14925373134328238,0.05510907003444319,0.8507462686567177,2026-03-03 14:42:00,8.944,8.743,290390.9,191481.41999999998,0.7414448669201484,2026-03-03 14:43:00,8.718,8.879,0.06172839506172677,0.02526833631484804,0.06238819320214667,3.0,46.28499263312986,4.398,13.9,2026-03-03 16:12:00,12.60787202694168,1.1979999999999986,10.7,2026-03-03 14:57:00,True,12.0,False,,,6.025089688733695,8.699997343088697,8.362456859435548,0.29931123654675496,0.15593680876062782,0.14337442778612713
MOBX,2026-03-03,2026-03-03 14:57:00,False,clean_breakout,previous_high_break_with_pullback_low_support_or_previous_resistance,9.895,10.7,9.856,10.6,666360.3,350903.875,1.8989824492533747,0.8353080568720386,0.11848341232227454,0.04620853080568688,0.8815165876777254,2026-03-03 14:52:00,10.0,9.919,348816.0,299306.035,0.16199999999999903,2026-03-03 14:53:00,9.628,9.823,0.5571428571428585,0.03719999999999999,0.05999999999999996,5.0,31.132075471698123,3.3000000000000007,13.9,2026-03-03 16:12:00,13.207547169811324,1.4000000000000004,12.0,2026-03-03 15:26:00,True,28.0,True,2026-03-03 14:59:00,9.387,6.184487785229099,9.904271732721359,9.440832347819116,0.5200955701608052,0.033567196984966574,0.48652837317583864
HWH,2025-09-02,2025-09-02 10:03:00,False,clean_breakout,previous_high_break_with_pullback_low_support_or_previous_resistance,3.1558,3.6999,3.14,3.5,3070759.0,1314908.65,2.335340177433619,0.6147526343989997,0.35702804072155747,0.02821932487944283,0.6429719592784425,2025-09-02 09:59:00,3.28,3.201,1471411.0,1121442.55,0.08333333333333179,2025-09-02 10:00:00,3.07,3.1365,0.4749999999999996,0.06402439024390243,0.06707317073170738,4.0,122.0,4.27,7.77,2025-09-02 12:24:00,34.28571428571429,1.2000000000000002,4.7,2025-09-02 10:12:00,True,1.0,False,,,2.821617585684284,3.178494772812205,3.003206735893466,0.1875741137153466,0.028616320476493762,0.15895779323885284
HWH,2025-09-02,2025-09-02 11:27:00,False,clean_breakout,previous_high_break_with_pullback_low_support_or_previous_resistance,6.44,6.85,6.295,6.85,1510099.0,1258392.05,1.2000226797364144,0.7387387387387377,0.0,0.2612612612612622,1.0,2025-09-02 11:23:00,6.8,6.7663,1687963.0,1356887.05,0.10212121212121095,2025-09-02 11:25:00,6.27,6.47,0.7692307692307679,0.07794117647058828,0.007352941176470562,4.0,13.43065693430657,0.9199999999999999,7.77,2025-09-02 12:24:00,8.613138686131398,0.5900000000000007,7.44,2025-09-02 11:31:00,False,,True,2025-09-02 11:38:00,6.17,3.960746187374431,6.356073856478499,5.915471557188225,0.47444051438157775,0.10531857315175602,0.3691219412298217
RXT,2026-02-26,2026-02-26 14:42:00,False,clean_breakout,previous_high_break_with_pullback_low_support_or_previous_resistance,2.2537,2.36,2.24,2.355,1565718.0,592359.55,2.643188583690429,0.8441666666666704,0.041666666666665894,0.11416666666666367,0.9583333333333341,2026-02-26 14:38:00,2.29,2.2533,622027.0,585474.35,0.7196078431372561,2026-02-26 14:40:00,2.2301,2.2555,0.6649214659685866,0.026157205240174602,0.02838427947598251,4.0,12.526539278131633,0.29499999999999993,2.65,2026-02-26 16:21:00,1.9108280254777041,0.04499999999999993,2.4,2026-02-26 14:43:00,False,,True,2026-02-26 14:59:00,2.15,1.81656568506541,2.262620400865745,2.211785494108931,0.06200592422833706,0.002016862114069394,0.05998906211426767
SEGG,2026-05-18,2026-05-18 10:08:00,False,clean_breakout,previous_high_break_with_pullback_low_support_or_previous_resistance,2.2,2.26,2.18,2.26,67727.0,25138.95,2.6941061579739807,0.7499999999999986,0.0,0.2500000000000014,1.0,2026-05-18 10:06:00,2.18,2.175,33322.0,19110.75,0.3333333333333531,2026-05-18 10:07:00,2.18,2.198,0.0,0.0,0.03669724770642185,2.0,11.504424778761074,0.26000000000000023,2.52,2026-05-18 10:51:00,9.292035398230107,0.2100000000000004,2.47,2026-05-18 10:17:00,False,,False,,,2.07786542865218,2.178315334762509,2.1424384692666547,0.042324582727812476,0.004666690471004778,0.0376578922568077
AKAN,2026-05-01,2026-05-01 10:32:00,False,clean_breakout,previous_high_break_with_pullback_low_support_or_previous_resistance,75.65,78.67,74.78,77.5,31297.0,26532.3,1.17958111433988,0.4755784061696643,0.3007712082262215,0.22365038560411424,0.6992287917737785,2026-05-01 10:28:00,77.43,74.62,34961.0,28698.3,0.2817869415807575,2026-05-01 10:30:00,73.09,74.15,0.3655172413793122,0.056050626372207195,0.0009040423608419627,4.0,1.8064516129032333,1.4000000000000057,78.9,2026-05-01 10:33:00,1.8064516129032333,1.4000000000000057,78.9,2026-05-01 10:33:00,False,,True,2026-05-01 10:45:00,72.92,65.52628336417614,74.89734240249288,72.2768279418808,3.161445686479027,0.050420535339541495,3.1110251511394855
LVWR,2025-05-30,2025-05-30 09:51:00,False,clean_breakout,previous_high_break_with_pullback_low_support_or_previous_resistance,3.891,4.1,3.8601,4.0892,633120.0,287151.85,2.204826470733168,0.8261775739891634,0.04501875781575539,0.1288036681950812,0.9549812421842446,2025-05-30 09:49:00,4.0,3.915,516313.0,249025.8,0.22222222222222276,2025-05-30 09:50:00,3.85,3.8911,0.540789473684206,0.03749999999999998,0.022299999999999986,2.0,25.94150445074832,1.0608000000000004,5.15,2025-05-30 10:32:00,21.05057223906877,0.8608000000000002,4.95,2025-05-30 10:00:00,True,4.0,False,,,3.671802314978142,3.8823571085196167,3.738628259451744,0.15033915125224162,0.03151706074497104,0.11882209050727058
LVWR,2025-05-30,2025-05-30 10:00:00,False,clean_breakout,previous_high_break_with_pullback_low_support_or_previous_resistance,4.59,4.95,4.5801,4.86,1410951.0,682533.5,2.0672260042913644,0.7299270072992706,0.24330900243308942,0.026763990267639932,0.7566909975669106,2025-05-30 09:57:00,4.77,4.4958,1411256.0,545252.25,0.022888888888888872,2025-05-30 09:58:00,4.4812,4.65,0.04426559356136793,0.06054507337526191,0.018867924528302046,3.0,5.967078189300413,0.29000000000000004,5.15,2025-05-30 10:32:00,4.732510288065834,0.22999999999999954,5.09,2025-05-30 10:30:00,False,,True,2025-05-30 10:04:00,4.34,4.121032985704097,4.515750672105353,4.227835048107713,0.30519338040462607,0.06428979120650191,0.24090358919812416
LVWR,2025-05-30,2025-05-30 13:34:00,False,clean_breakout,previous_high_break_with_pullback_low_support_or_previous_resistance,4.6993,4.7898,4.6804,4.765,193537.0,48839.45,3.9627186628842055,0.6005484460694669,0.22669104204753152,0.17276051188300157,0.7733089579524685,2025-05-30 13:32:00,4.7,4.661,87895.0,40059.05,0.28571428571429114,2025-05-30 13:33:00,4.6601,4.6988,0.24812030075187852,0.008489361702127716,0.013829787234042447,2.0,4.721930745015751,0.22500000000000053,4.99,2025-05-30 15:04:00,1.783840503672612,0.08499999999999996,4.85,2025-05-30 13:40:00,False,,True,2025-05-30 13:43:00,4.6,4.444438573883478,4.660115232123745,4.5929181235964185,0.07241102679799472,0.011873555930502905,0.06053747086749181
AKTX,2026-05-22,2026-05-22 13:27:00,False,clean_breakout,previous_high_break_with_pullback_low_support_or_previous_resistance,12.89,13.65,12.78,13.48,186784.0,83084.8,2.2481127715298106,0.678160919540229,0.19540229885057442,0.12643678160919664,0.8045977011494256,2026-05-22 13:25:00,13.28,12.67,141406.0,71903.7,0.6144578313253009,2026-05-22 13:26:00,12.32,12.89,0.6323529411764705,0.07228915662650595,0.015060240963855503,2.0,44.658753709198805,6.02,19.5,2026-05-22 16:00:00,14.614243323442128,1.9699999999999989,15.45,2026-05-22 13:47:00,True,15.0,False,,,10.598423872438184,12.696957717870939,12.224020779037522,0.48814470395583065,0.11544995132979474,0.3726947526260359
SDEV,2025-09-04,2025-09-04 10:57:00,False,clean_breakout,previous_high_break_with_pullback_low_support_or_previous_resistance,17.475,18.0,17.45,17.9005,24314.8,9324.990000000002,2.6074880509255234,0.7736363636363618,0.1809090909090889,0.04545454545454927,0.8190909090909111,2025-09-04 10:55:00,17.5,17.425,23286.0,7990.2400000000025,0.007518796992481471,2025-09-04 10:56:00,17.3,17.4935,0.6250000000000022,0.011428571428571389,0.022885714285714343,2.0,35.75039803357448,6.3995,24.3,2025-09-04 17:37:00,4.187033881735133,0.7494999999999976,18.65,2025-09-04 11:17:00,False,,True,2025-09-04 10:58:00,17.05,15.753006934366272,17.40208978653579,17.054489096096546,0.3794806656180967,0.05862620802491281,0.3208544575931839
SDEV,2025-09-04,2025-09-04 14:00:00,False,clean_breakout,previous_high_break_with_pullback_low_support_or_previous_resistance,19.2,19.95,19.2,19.8995,41582.2,12082.91,3.4414060851235337,0.9326666666666673,0.06733333333333273,0.0,0.9326666666666673,2025-09-04 13:52:00,19.25,19.0,16787.2,7492.0,0.16666666666666863,2025-09-04 13:53:00,18.25,18.85,0.8005336891260847,0.05194805194805195,0.03374025974025973,8.0,22.113620945249885,4.400500000000001,24.3,2025-09-04 17:37:00,0.0,0.0,19.8995,2025-09-04 14:04:00,False,,False,,,16.98199687770225,19.109500248289695,18.88030415619808,0.25636729445487205,0.027943857447210174,0.22842343700766188
SDEV,2025-09-04,2025-09-04 14:01:00,False,clean_breakout,previous_high_break_with_pullback_low_support_or_previous_resistance,19.7,19.85,19.157,19.3075,29260.2,13408.16,2.182268111359053,0.5663780663780628,0.21645021645021909,0.21717171717171813,0.21717171717171813,2025-09-04 13:59:00,19.25,19.25,16019.0,10042.45,0.0,2025-09-04 14:00:00,19.2,19.8995,0.0,0.0025974025974026343,0.002987012987013039,2.0,25.857827269195905,4.9925,24.3,2025-09-04 17:37:00,3.0661659976692928,0.5919999999999987,19.8995,2025-09-04 14:04:00,False,,True,2025-09-04 14:08:00,19.1,17.01733148865882,19.149100198631757,18.920989474655403,0.259078741612754,0.03433142911679027,0.22474731249596375
SDEV,2025-09-04,2025-09-04 14:53:00,False,clean_breakout,previous_high_break_with_pullback_low_support_or_previous_resistance,20.5955,21.4,20.5,21.203,34991.0,14865.540000000003,2.353833093180604,0.674999999999999,0.21888888888888833,0.10611111111111267,0.7811111111111116,2025-09-04 14:43:00,21.0,20.6,37186.2,11009.380000000001,0.5361930294906156,2025-09-04 14:47:00,20.3,20.592,0.17500000000000132,0.0333333333333333,0.009666666666666638,10.0,14.606423619299164,3.0970000000000013,24.3,2025-09-04 17:37:00,4.7021647880016975,0.9969999999999999,22.2,2025-09-04 15:07:00,False,,False,,,17.644210178524144,20.626284030490265,20.361045412429853,0.3166430402572651,0.004350397696954111,0.312292642560311
RGTI,2024-12-10,2024-12-10 12:03:00,False,clean_breakout,previous_high_break_with_pullback_low_support_or_previous_resistance,6.05,6.19,6.04,6.1895,829432.0,559917.25,1.4813474669694495,0.9299999999999975,0.0033333333333373993,0.06666666666666508,0.9966666666666626,2024-12-10 11:59:00,6.15,6.105,847775.0,472827.75,0.40909090909090723,2024-12-10 12:01:00,6.0,6.0,0.0,0.02439024390243908,0.006422764227642182,4.0,30.70522659342435,1.9005,8.09,2024-12-10 19:21:00,9.944260441069552,0.6154999999999999,6.805,2024-12-10 12:30:00,False,,False,,,5.340733878300545,6.012421986378615,5.87898775085425,0.1369204822297192,0.03502107187358053,0.10189941035613867
RGTI,2024-12-10,2024-12-10 12:30:00,False,clean_breakout,previous_high_break_with_pullback_low_support_or_previous_resistance,6.585,6.805,6.58,6.76,1361344.0,850043.7,1.6014988405890191,0.7777777777777782,0.2,0.022222222222221782,0.8,2024-12-10 12:28:00,6.63,6.615,970670.0,865251.6,0.12571428571428406,2024-12-10 12:29:00,6.55,6.59,0.5,0.012066365007541489,0.019607843137254888,2.0,19.674556213017752,1.33,8.09,2024-12-10 19:21:00,0.14792899408283708,0.009999999999999787,6.77,2024-12-10 12:31:00,False,,True,2024-12-10 12:32:00,6.44,5.519255854478543,6.573503088974477,6.461818856244936,0.13767723931289577,0.008598542690591654,0.12907869662230412
RGTI,2024-12-10,2024-12-10 13:48:00,False,clean_breakout,previous_high_break_with_pullback_low_support_or_previous_resistance,6.765,6.89,6.75,6.8804,1033532.0,516507.35,2.0010015346345025,0.8242857142857174,0.06857142857142752,0.1071428571428551,0.9314285714285725,2024-12-10 13:45:00,6.81,6.7982,481095.0,487947.6,0.1966666666666685,2024-12-10 13:46:00,6.7,6.7199,0.19899999999999876,0.016152716593245145,0.01033773861967698,3.0,17.580373234114298,1.2096,8.09,2024-12-10 19:21:00,0.13952677169931735,0.009599999999999831,6.89,2024-12-10 13:49:00,False,,True,2024-12-10 13:52:00,6.66,5.7321706691387,6.759502290485842,6.686510499104461,0.08229101361072555,0.01089312837693314,0.07139788523379241
CNTN,2025-08-20,2025-08-20 14:59:00,False,clean_breakout,previous_high_break_with_pullback_low_support_or_previous_resistance,2.965,3.19,2.93,3.14,1997022.0,568179.15,3.5147752253844584,0.6730769230769247,0.1923076923076918,0.13461538461538355,0.8076923076923083,2025-08-20 14:55:00,3.0699,2.8589,1026567.0,439810.6,0.6808647950951909,2025-08-20 14:58:00,2.83,2.968,0.6428571428571412,0.07814586794358122,0.022834620020196112,4.0,91.0828025477707,2.86,6.0,2025-08-20 17:39:00,28.977707006369425,0.9098999999999999,4.0499,2025-08-20 15:25:00,True,8.0,False,,,2.2579093421103558,2.8910501416435315,2.7784702321556187,0.10646380451493487,0.045954136170221344,0.060509668344713524
CNTN,2025-08-20,2025-08-20 15:23:00,False,clean_breakout,previous_high_break_with_pullback_low_support_or_previous_resistance,3.635,3.84,3.58,3.81,1306539.0,1033789.7,1.2638344142914173,0.6730769230769247,0.11538461538461472,0.21153846153846062,0.8846153846153852,2025-08-20 15:20:00,3.7399,3.5749,775403.0,987824.75,0.5157861831822445,2025-08-20 15:21:00,3.51,3.63,0.5000000000000016,0.061472231877857754,0.018743816679590377,3.0,57.48031496062992,2.19,6.0,2025-08-20 17:39:00,6.296587926509186,0.2399,4.0499,2025-08-20 15:25:00,False,,True,2025-08-20 15:27:00,3.4708,2.3538903007312184,3.569129799720962,3.4161899793178683,0.17963985290846507,0.017087136040612017,0.16255271686785305
RZLV,2024-12-17,2024-12-17 11:15:00,False,clean_breakout,previous_high_break_with_pullback_low_support_or_previous_resistance,2.82,2.94,2.82,2.9299,283173.0,131623.7,2.1513830715896907,0.9158333333333334,0.08416666666666657,0.0,0.9158333333333334,2024-12-17 11:12:00,2.89,2.879,226516.0,94065.95,0.18363939899833168,2024-12-17 11:13:00,2.77,2.869,0.9900000000000011,0.041522491349481,0.013806228373702361,3.0,36.52343083381685,1.0701,4.0,2024-12-17 13:17:00,4.7441892214751435,0.13900000000000023,3.0689,2024-12-17 11:22:00,False,,True,2024-12-17 11:28:00,2.73,2.530948089988276,2.812545939068267,2.7425956031272287,0.0653519967095022,0.029175490694298978,0.036176506015203225
CATX,2026-01-29,2026-01-29 10:01:00,False,clean_breakout,previous_high_break_with_pullback_low_support_or_previous_resistance,2.7,2.74,2.695,2.7311,27174.0,7139.65,3.8060689249473016,0.6911111111111032,0.19777777777777902,0.1111111111111177,0.802222222222221,2026-01-29 09:59:00,2.7,2.7,14342.0,5696.2,0.0,2026-01-29 10:00:00,2.69,2.7,0.4999999999999778,0.003703703703703789,0.011518518518518484,2.0,125.5501446303687,3.4289,6.16,2026-01-29 13:08:00,14.422760060049061,0.3938999999999999,3.125,2026-01-29 10:30:00,True,25.0,False,,,2.6583933179420196,2.6914280138998032,2.668482672120653,0.025512413623366204,0.0041649636149138705,0.021347450008452333
CATX,2026-01-29,2026-01-29 11:56:00,False,clean_breakout,previous_high_break_with_pullback_low_support_or_previous_resistance,3.405,3.52,3.4013,3.5014,186286.0,103946.0,1.7921420737690723,0.8121314237573717,0.15669755686605027,0.031171019376578044,0.8433024431339498,2026-01-29 11:51:00,3.48,3.41,281416.0,92061.8,0.46555555555555683,2026-01-29 11:55:00,3.34,3.405,0.8371428571428567,0.0402298850574713,0.006149425287356283,5.0,75.92962814874052,2.6586000000000003,6.16,2026-01-29 13:08:00,23.950419832067173,0.8386,4.34,2026-01-29 12:25:00,True,24.0,False,,,3.140541984692551,3.4153307760908795,3.3507609590710907,0.07860111041909779,-0.00029118846313243296,0.07889229888223022
CATX,2026-01-29,2026-01-29 12:01:00,False,clean_breakout,previous_high_break_with_pullback_low_support_or_previous_resistance,3.525,3.58,3.51,3.5714,81719.0,112406.3,0.7269966185169336,0.6628571428571433,0.12285714285714151,0.2142857142857152,0.8771428571428584,2026-01-29 11:57:00,3.55,3.5283,169781.0,110331.6,0.3945454545454495,2026-01-29 11:58:00,3.51,3.5214,0.5700000000000033,0.011267605633802828,0.006028169014084594,4.0,72.48137985103881,2.5886,6.16,2026-01-29 13:08:00,21.520972167777334,0.7685999999999997,4.34,2026-01-29 12:25:00,True,21.0,False,,,3.1747742605927707,3.49928208470946,3.4243293534109385,0.0889639094540482,0.005660647605971167,0.08330326184807703
CATX,2026-01-29,2026-01-29 12:45:00,False,clean_breakout,previous_high_break_with_pullback_low_support_or_previous_resistance,4.51,4.69,4.5001,4.6601,541394.0,312258.75,1.7337992930542379,0.7904160084254851,0.15745129015271397,0.05213270142180088,0.842548709847286,2026-01-29 12:41:00,4.62,4.5214,539087.0,369161.25,0.6333333333333302,2026-01-29 12:44:00,4.43,4.505,0.6250000000000009,0.04112554112554121,0.008679653679653636,4.0,32.18600459217614,1.4999000000000002,6.16,2026-01-29 13:08:00,32.18600459217614,1.4999000000000002,6.16,2026-01-29 13:08:00,True,5.0,False,,,3.8386047688168827,4.50481704650049,4.363643456439447,0.17597951041108661,-0.0014721735857767537,0.17745168399686337
CATX,2026-01-29,2026-01-29 13:08:00,False,clean_breakout,previous_high_break_with_pullback_low_support_or_previous_resistance,5.72,6.16,5.7101,6.13,1359585.0,757529.1,1.7947627358473754,0.9113136252500551,0.0666814847743948,0.022004889975550147,0.9333185152256052,2026-01-29 13:05:00,5.82,5.71,864217.0,687273.8,0.37931034482758724,2026-01-29 13:06:00,5.575,5.71,0.8181818181818167,0.042096219931271495,0.05326460481099649,3.0,0.0,0.0,6.1299,2026-01-29 13:09:00,0.0,0.0,6.1299,2026-01-29 13:09:00,False,,True,2026-01-29 13:13:00,5.42,4.542105389340952,5.6367394064381,5.3483077421171785,0.3237706426509934,0.0543900324085439,0.2693806102424495
CATX,2026-01-29,2026-01-29 13:09:00,False,clean_breakout,previous_high_break_with_pullback_low_support_or_previous_resistance,6.125,6.1299,5.73,5.8295,1176488.0,792833.2,1.4839035499522473,0.7389347336834206,0.01225306326581678,0.24881220305076268,0.24881220305076268,2026-01-29 13:05:00,5.82,5.71,864217.0,687273.8,0.37931034482758724,2026-01-29 13:06:00,5.575,5.71,0.8181818181818167,0.042096219931271495,0.0016323024054982927,4.0,2.0670726477399404,0.12049999999999983,5.95,2026-01-29 13:10:00,2.0670726477399404,0.12049999999999983,5.95,2026-01-29 13:10:00,False,,True,2026-01-29 13:13:00,5.42,4.586939688639261,5.675291525150479,5.394135576201257,0.3224074979682712,0.0466813710323114,0.27572612693595977
NVNI,2025-09-22,2025-09-22 12:12:00,False,clean_breakout,previous_high_break_with_pullback_low_support_or_previous_resistance,14.293,14.8,14.2,14.75,45129.0,11557.484999999997,3.904742251450035,0.761666666666666,0.08333333333333431,0.15499999999999958,0.9166666666666656,2025-09-22 12:07:00,14.3,14.15,33055.8,8995.079999999998,0.16666666666666863,2025-09-22 12:09:00,14.0,14.199,0.9900000000000055,0.02097902097902103,0.031468531468531416,5.0,1.0169491525423753,0.15000000000000036,14.9,2025-09-22 12:13:00,1.0169491525423753,0.15000000000000036,14.9,2025-09-22 12:13:00,False,,True,2025-09-22 12:22:00,13.9,12.309620793706431,14.168383487898346,13.855467233600137,0.31231346058027754,0.10397125452444098,0.20834220605583656
NVNI,2025-09-22,2025-09-22 14:34:00,False,clean_breakout,previous_high_break_with_pullback_low_support_or_previous_resistance,13.501,13.6,13.501,13.6,2050.0,1825.6199999999997,1.1229061907735456,1.0,0.0,0.0,1.0,2025-09-22 14:32:00,13.559,13.55,1658.5,1809.205,0.1525423728813335,2025-09-22 14:33:00,13.5,13.55,0.5000000000000089,0.004351353344641882,0.0030238218157681517,2.0,9.55882352941177,1.3000000000000007,14.9,2025-09-22 15:56:00,2.205882352941182,0.3000000000000007,13.9,2025-09-22 14:49:00,False,,True,2025-09-22 15:03:00,13.4,12.79502176219265,13.484673458720636,13.39071149031398,0.10818538696159585,0.012985884820367721,0.09519950214122813
RGTI,2024-12-10,2024-12-10 12:03:00,False,clean_breakout,previous_high_break_with_pullback_low_support_or_previous_resistance,6.05,6.19,6.04,6.1895,829432.0,559917.25,1.4813474669694495,0.9299999999999975,0.0033333333333373993,0.06666666666666508,0.9966666666666626,2024-12-10 11:59:00,6.15,6.105,847775.0,472827.75,0.40909090909090723,2024-12-10 12:01:00,6.0,6.0,0.0,0.02439024390243908,0.006422764227642182,4.0,30.70522659342435,1.9005,8.09,2024-12-10 19:21:00,9.944260441069552,0.6154999999999999,6.805,2024-12-10 12:30:00,False,,False,,,5.340733878300545,6.012421986378615,5.87898775085425,0.1369204822297192,0.03502107187358053,0.10189941035613867
RGTI,2024-12-10,2024-12-10 12:30:00,False,clean_breakout,previous_high_break_with_pullback_low_support_or_previous_resistance,6.585,6.805,6.58,6.76,1361344.0,850043.7,1.6014988405890191,0.7777777777777782,0.2,0.022222222222221782,0.8,2024-12-10 12:28:00,6.63,6.615,970670.0,865251.6,0.12571428571428406,2024-12-10 12:29:00,6.55,6.59,0.5,0.012066365007541489,0.019607843137254888,2.0,19.674556213017752,1.33,8.09,2024-12-10 19:21:00,0.14792899408283708,0.009999999999999787,6.77,2024-12-10 12:31:00,False,,True,2024-12-10 12:32:00,6.44,5.519255854478543,6.573503088974477,6.461818856244936,0.13767723931289577,0.008598542690591654,0.12907869662230412
RGTI,2024-12-10,2024-12-10 13:48:00,False,clean_breakout,previous_high_break_with_pullback_low_support_or_previous_resistance,6.765,6.89,6.75,6.8804,1033532.0,516507.35,2.0010015346345025,0.8242857142857174,0.06857142857142752,0.1071428571428551,0.9314285714285725,2024-12-10 13:45:00,6.81,6.7982,481095.0,487947.6,0.1966666666666685,2024-12-10 13:46:00,6.7,6.7199,0.19899999999999876,0.016152716593245145,0.01033773861967698,3.0,17.580373234114298,1.2096,8.09,2024-12-10 19:21:00,0.13952677169931735,0.009599999999999831,6.89,2024-12-10 13:49:00,False,,True,2024-12-10 13:52:00,6.66,5.7321706691387,6.759502290485842,6.686510499104461,0.08229101361072555,0.01089312837693314,0.07139788523379241
RGC,2025-07-03,2025-07-03 10:42:00,False,clean_breakout,previous_high_break_with_pullback_low_support_or_previous_resistance,20.66,21.88,20.53,21.7,186531.0,117063.8,1.5934131644453708,0.7703703703703709,0.13333333333333333,0.09629629629629571,0.8666666666666667,2025-07-03 10:31:00,21.5,21.25,110320.0,113828.4,0.3521126760563376,2025-07-03 10:35:00,19.13,19.32,0.13868613138686214,0.11023255813953493,0.009302325581395316,11.0,29.03225806451613,6.300000000000001,28.0,2025-07-03 10:54:00,29.03225806451613,6.300000000000001,28.0,2025-07-03 10:54:00,True,4.0,False,,,17.815208327012158,20.510612212482453,19.82896325957806,0.9188435668763404,-0.09067828355060814,1.0095218504269485
ENVB,2026-04-27,2026-04-27 09:49:00,False,clean_breakout,previous_high_break_with_pullback_low_support_or_previous_resistance,5.88,6.07,5.8601,6.07,95995.0,56909.3,1.6868069015081892,0.9051929490233455,0.0,0.09480705097665454,1.0,2026-04-27 09:44:00,5.93,5.8168,99350.0,41561.1,0.7511612475116142,2026-04-27 09:48:00,5.75,5.8798,0.21719999999999828,0.030354131534569936,0.023608768971332305,5.0,7.084019769357491,0.4299999999999997,6.5,2026-04-27 10:49:00,0.6589785831960466,0.040000000000000036,6.11,2026-04-27 09:50:00,False,,True,2026-04-27 09:56:00,5.7001,5.629397089718429,5.8232392871935055,5.5833711281752585,0.27143608610523273,0.008091924947047413,0.2633441611581853
FRMM,2026-04-17,2026-04-17 13:29:00,False,clean_breakout,previous_high_break_with_pullback_low_support_or_previous_resistance,3.025,3.1,3.025,3.0907,12229.0,20159.25,0.6066197899227401,0.8759999999999991,0.12400000000000086,0.0,0.8759999999999991,2026-04-17 13:27:00,3.07,3.0601,10916.0,13402.7,0.8299999999999929,2026-04-17 13:28:00,3.01,3.02,0.20000000000000356,0.019543973941368097,0.00674267100977204,2.0,79.57097097744847,2.4593,5.55,2026-04-17 15:19:00,8.551460834115248,0.2643,3.355,2026-04-17 13:57:00,False,,False,,,2.9309775646012524,3.0378862829606628,2.9990882024579264,0.042323781970842855,0.006207620431971095,0.03611616153887176
FRMM,2026-04-17,2026-04-17 15:13:00,False,clean_breakout,previous_high_break_with_pullback_low_support_or_previous_resistance,4.53,4.89,4.5001,4.8884,911726.0,376014.05,2.424712587202526,0.9192100538599632,0.004103616311874388,0.07668632982816231,0.9958963836881256,2026-04-17 15:10:00,4.645,4.3601,555026.0,287603.1,0.2631578947368403,2026-04-17 15:11:00,4.25,4.33,0.3333333333333333,0.08503767491926795,0.05240043057050599,3.0,13.534080680795352,0.6616,5.55,2026-04-17 15:19:00,13.534080680795352,0.6616,5.55,2026-04-17 15:19:00,True,6.0,False,,,3.74987437839708,4.461905880107434,4.201577059585359,0.2790573747118099,0.04566539875822545,0.23339197595358446
CODX,2026-05-22,2026-05-22 15:05:00,False,clean_breakout,previous_high_break_with_pullback_low_support_or_previous_resistance,4.66,4.8499,4.6,4.815,109888.0,28366.05,3.8739267539893643,0.6202480992396963,0.1396558623449358,0.24009603841536792,0.8603441376550642,2026-05-22 15:02:00,4.77,4.7,120863.0,23678.25,0.3684210526315767,2026-05-22 15:04:00,4.65,4.7,0.2857142857142821,0.025157232704402354,0.009433962264151115,3.0,11.734164070612657,0.5649999999999995,5.38,2026-05-22 15:38:00,10.072689511941837,0.48499999999999943,5.3,2026-05-22 15:32:00,True,27.0,True,2026-05-22 15:12:00,4.59,3.8549827887215113,4.595648308875271,4.485031165317247,0.1061929389352354,0.048455441951993014,0.05773749698324239
TMDE,2026-03-03,2026-03-03 10:20:00,False,clean_breakout,previous_high_break_with_pullback_low_support_or_previous_resistance,4.0817,4.2,4.05,4.19,324190.0,180360.5,1.7974556513205497,0.7220000000000032,0.06666666666666508,0.21133333333333176,0.9333333333333349,2026-03-03 10:14:00,4.1,4.048,374865.0,179055.55,0.0,2026-03-03 10:16:00,3.98,4.0216,0.42857142857142677,0.02926829268292675,0.021951219512195305,6.0,13.842482100238643,0.5799999999999992,4.77,2026-03-03 10:24:00,13.842482100238643,0.5799999999999992,4.77,2026-03-03 10:24:00,True,3.0,False,,,3.7172308427076732,4.04514085608959,3.9570877839620118,0.10105052039102613,0.014729990267208892,0.08632053012381724
TMDE,2026-03-03,2026-03-03 10:21:00,False,clean_breakout,previous_high_break_with_pullback_low_support_or_previous_resistance,4.1821,4.4,4.1101,4.38,617106.0,194292.8,3.1761650457453907,0.6826491893756452,0.06898930665746962,0.2483615039668851,0.9310106933425304,2026-03-03 10:14:00,4.1,4.048,374865.0,179055.55,0.0,2026-03-03 10:16:00,3.98,4.0216,0.42857142857142677,0.02926829268292675,0.06829268292682933,7.0,8.904109589041088,0.3899999999999997,4.77,2026-03-03 10:24:00,8.904109589041088,0.3899999999999997,4.77,2026-03-03 10:24:00,False,,False,,,3.7304759170200703,4.112112684871673,3.997365137870392,0.12243583004558456,0.02836533379795203,0.09407049624763253
QUBT,2024-12-16,2024-12-16 09:57:00,False,clean_breakout,previous_high_break_with_pullback_low_support_or_previous_resistance,7.6311,7.8,7.6311,7.8,281269.0,241890.15,1.1627964181261619,1.0,0.0,0.0,1.0,2024-12-16 09:55:00,7.77,7.675,270356.0,253379.65,0.29999999999999466,2024-12-16 09:56:00,7.64,7.64,0.0,0.016731016731016717,0.003861003861003893,2.0,57.43589743589743,4.4799999999999995,12.28,2024-12-16 13:27:00,5.641025641025646,0.4400000000000004,8.24,2024-12-16 10:27:00,False,,True,2024-12-16 10:13:00,7.63,7.306843999702187,7.631699663657143,7.506760463914142,0.14001117693709375,0.017274934495161487,0.12273624244193226
QUBT,2024-12-16,2024-12-16 10:31:00,False,clean_breakout,previous_high_break_with_pullback_low_support_or_previous_resistance,8.19,8.44,8.17,8.3399,424805.0,205971.6,2.062444531187795,0.5551851851851882,0.37074074074073915,0.07407407407407261,0.6292592592592609,2024-12-16 10:29:00,8.3,8.2999,187849.0,189492.3,0.001015228426411593,2024-12-16 10:30:00,8.17,8.174,0.03333333333332988,0.01566265060240973,0.0048072289156625755,2.0,47.24397175026078,3.9400999999999993,12.28,2024-12-16 13:27:00,4.557608604419724,0.38010000000000055,8.72,2024-12-16 11:01:00,False,,False,,,7.609074123569057,8.17391211440618,8.04624681856017,0.13902489127639317,0.0316528922393899,0.10737199903700327
QUBT,2024-12-16,2024-12-16 12:46:00,False,clean_breakout,previous_high_break_with_pullback_low_support_or_previous_resistance,10.18,10.42,10.1788,10.41,497616.0,445112.9,1.1179545683802918,0.9535655058043168,0.04145936981757803,0.004975124378105239,0.958540630182422,2024-12-16 12:42:00,10.35,10.1988,578424.0,387928.45,0.1309090909090933,2024-12-16 12:44:00,9.9,10.038,0.3209302325581395,0.04347826086956515,0.005797101449275411,4.0,17.963496637848213,1.8699999999999992,12.28,2024-12-16 13:27:00,5.0912584053794365,0.5299999999999994,10.94,2024-12-16 13:16:00,False,,True,2024-12-16 12:54:00,9.74,8.635459399885118,10.17142245638186,9.992920785254723,0.21000072053847774,0.010483527101595613,0.19951719343688212
PLYX,2026-03-10,2026-03-10 12:32:00,False,clean_breakout,previous_high_break_with_pullback_low_support_or_previous_resistance,4.41,4.5,4.4,4.49,11144.0,4070.95,2.7374445768186786,0.8000000000000036,0.09999999999999823,0.09999999999999823,0.9000000000000018,2026-03-10 12:30:00,4.45,4.4,5307.0,3448.7,0.4000000000000107,2026-03-10 12:31:00,4.42,4.45,0.6666666666666765,0.006741573033707921,0.008988764044943828,2.0,64.58797327394208,2.8999999999999995,7.39,2026-03-10 14:08:00,7.572383073496655,0.33999999999999986,4.83,2026-03-10 13:00:00,False,,True,2026-03-10 12:39:00,4.41,4.02275558722932,4.411411587494721,4.377953461278222,0.036808224954497426,0.009662933629950268,0.02714529132454716
PLYX,2026-03-10,2026-03-10 12:58:00,False,clean_breakout,previous_high_break_with_pullback_low_support_or_previous_resistance,4.59,4.69,4.59,4.68,11149.0,5089.6,2.190545425966677,0.8999999999999938,0.10000000000000622,0.0,0.8999999999999938,2026-03-10 12:56:00,4.65,4.61,4853.0,5485.8,0.5714285714285696,2026-03-10 12:57:00,4.64,4.64,0.0,0.002150537634408747,0.0064516129032256685,2.0,57.90598290598291,2.71,7.39,2026-03-10 14:08:00,4.700854700854714,0.22000000000000064,4.9,2026-03-10 13:28:00,False,,True,2026-03-10 13:02:00,4.49,4.138067022887966,4.591664902815623,4.53134646255025,0.06151378567170607,0.02001457591552859,0.04149920975617748
PLYX,2026-03-10,2026-03-10 13:00:00,False,clean_breakout,previous_high_break_with_pullback_low_support_or_previous_resistance,4.65,4.83,4.65,4.8,13935.0,5871.85,2.37318732597052,0.8333333333333317,0.16666666666666832,0.0,0.8333333333333317,2026-03-10 12:58:00,4.69,4.68,11149.0,5089.6,0.10000000000000622,2026-03-10 12:59:00,4.64,4.64,0.0,0.010660980810234692,0.023454157782515868,2.0,53.95833333333333,2.59,7.39,2026-03-10 14:08:00,2.7083333333333313,0.1299999999999999,4.93,2026-03-10 13:29:00,False,,True,2026-03-10 13:02:00,4.49,4.166512744173251,4.641065537801999,4.566294950069479,0.07528038282632199,0.023329216079925802,0.05195116674639619
PLYX,2026-03-10,2026-03-10 13:35:00,False,clean_breakout,previous_high_break_with_pullback_low_support_or_previous_resistance,4.98,5.36,4.93,5.35,90285.0,16905.6,5.340538046564452,0.8604651162790667,0.02325581395348991,0.11627906976744334,0.9767441860465101,2026-03-10 13:33:00,4.93,4.92,12605.0,10260.6,0.09999999999999823,2026-03-10 13:34:00,4.91,4.98,0.24999999999999445,0.004056795131845756,0.08519269776876266,2.0,38.13084112149533,2.04,7.39,2026-03-10 14:08:00,28.785046728971963,1.54,6.89,2026-03-10 13:58:00,True,11.0,False,,,4.4814393673233,4.962613133375025,4.848739759511964,0.11003063484671305,0.03996435427551337,0.07006628057119968
PLYX,2026-03-10,2026-03-10 13:58:00,False,clean_breakout,previous_high_break_with_pullback_low_support_or_previous_resistance,6.47,6.89,6.37,6.82,515033.0,251213.25,2.0501824644997826,0.6730769230769247,0.13461538461538355,0.1923076923076918,0.8653846153846164,2026-03-10 13:55:00,6.48,6.32,267760.0,212027.1,0.6153846153846143,2026-03-10 13:56:00,6.21,6.42,0.5769230769230788,0.041666666666666734,0.05246913580246911,3.0,8.357771260997058,0.5699999999999994,7.39,2026-03-10 14:08:00,8.357771260997058,0.5699999999999994,7.39,2026-03-10 14:08:00,False,,False,,,5.748149984870175,6.340173734799153,6.004090158615942,0.3754835850182321,0.045451082335770665,0.3300325026824614
MLGO,2025-02-21,2025-02-21 11:35:00,False,clean_breakout,previous_high_break_with_pullback_low_support_or_previous_resistance,190.2019,206.4021,189.0019,205.7991,62023.679757,55098.18401265,1.1256937205545643,0.8963805013735491,0.03465477408305541,0.06896472454339546,0.9653452259169446,2025-02-21 11:29:00,203.402,192.2629,56930.264025,62035.85296860001,0.07139479538918254,2025-02-21 11:30:00,182.4018,186.9049,0.4548539913738243,0.10324480585244973,0.011785036528647817,6.0,70.70215564596734,145.50439999999998,351.3035,2025-02-21 14:35:00,27.552841581911657,56.70349999999996,262.5026,2025-02-21 12:04:00,True,5.0,False,,,125.59160195882771,193.36321605741287,185.14189882596085,10.34449209950472,-0.760550672778809,11.105042772283529
MLGO,2025-02-21,2025-02-21 11:36:00,False,clean_breakout,previous_high_break_with_pullback_low_support_or_previous_resistance,205.2021,223.2022,202.502,220.5022,103498.331673,56553.264461700004,1.8301035786023097,0.7391281243659477,0.1304335223814271,0.13043835325262523,0.8695664776185729,2025-02-21 11:29:00,203.402,192.2629,56930.264025,62035.85296860001,0.07139479538918254,2025-02-21 11:30:00,182.4018,186.9049,0.4548539913738243,0.10324480585244973,0.08407095308797358,7.0,59.31972560817987,130.8013,351.3035,2025-02-21 14:35:00,19.047610409329245,42.000399999999985,262.5026,2025-02-21 12:04:00,True,28.0,False,,,126.6621287849451,198.7910128459303,188.50954655682173,11.91421554193036,0.6216151456980032,11.292600396232357
TURB,2026-03-03,2026-03-03 10:32:00,False,clean_breakout,previous_high_break_with_pullback_low_support_or_previous_resistance,1.79,1.89,1.7801,1.8878,273064.0,92590.45,2.9491594435495236,0.8898999090081892,0.020018198362147244,0.09008189262966361,0.9799818016378528,2026-03-03 10:27:00,1.88,1.795,301479.0,41014.5,0.4473684210526315,2026-03-03 10:31:00,1.7301,1.79,0.5450409463148317,0.07973404255319146,0.004148936170212782,5.0,79.57410742663419,1.5022000000000002,3.39,2026-03-03 16:01:00,1.1759720309354804,0.022199999999999998,1.91,2026-03-03 10:33:00,False,,True,2026-03-03 10:38:00,1.72,1.6037210461358429,1.7778152251742205,1.7042015878092416,0.07322571860267635,0.025752746772425616,0.04747297183025073
TURB,2026-03-03,2026-03-03 15:45:00,False,clean_breakout,previous_high_break_with_pullback_low_support_or_previous_resistance,2.805,3.0,2.77,2.99,285121.0,164109.65,1.7373810741781486,0.8043478260869568,0.04347826086956429,0.15217391304347888,0.9565217391304357,2026-03-03 15:41:00,2.94,2.865,460699.0,137083.45,0.6249999999999972,2026-03-03 15:43:00,2.72,2.79,0.6363636363636356,0.07482993197278903,0.017006802721088527,4.0,13.377926421404679,0.3999999999999999,3.39,2026-03-03 16:01:00,13.377926421404679,0.3999999999999999,3.39,2026-03-03 16:01:00,True,16.0,False,,,2.0692112661952597,2.7999675155748873,2.6833352696836776,0.1227910146535307,0.027456106074413317,0.09533490857911739
PLYX,2026-03-10,2026-03-10 12:32:00,False,clean_breakout,previous_high_break_with_pullback_low_support_or_previous_resistance,4.41,4.5,4.4,4.49,11144.0,4070.95,2.7374445768186786,0.8000000000000036,0.09999999999999823,0.09999999999999823,0.9000000000000018,2026-03-10 12:30:00,4.45,4.4,5307.0,3448.7,0.4000000000000107,2026-03-10 12:31:00,4.42,4.45,0.6666666666666765,0.006741573033707921,0.008988764044943828,2.0,64.58797327394208,2.8999999999999995,7.39,2026-03-10 14:08:00,7.572383073496655,0.33999999999999986,4.83,2026-03-10 13:00:00,False,,True,2026-03-10 12:39:00,4.41,4.02275558722932,4.411411587494721,4.377953461278222,0.036808224954497426,0.009662933629950268,0.02714529132454716
PLYX,2026-03-10,2026-03-10 12:58:00,False,clean_breakout,previous_high_break_with_pullback_low_support_or_previous_resistance,4.59,4.69,4.59,4.68,11149.0,5089.6,2.190545425966677,0.8999999999999938,0.10000000000000622,0.0,0.8999999999999938,2026-03-10 12:56:00,4.65,4.61,4853.0,5485.8,0.5714285714285696,2026-03-10 12:57:00,4.64,4.64,0.0,0.002150537634408747,0.0064516129032256685,2.0,57.90598290598291,2.71,7.39,2026-03-10 14:08:00,4.700854700854714,0.22000000000000064,4.9,2026-03-10 13:28:00,False,,True,2026-03-10 13:02:00,4.49,4.138067022887966,4.591664902815623,4.53134646255025,0.06151378567170607,0.02001457591552859,0.04149920975617748
PLYX,2026-03-10,2026-03-10 13:00:00,False,clean_breakout,previous_high_break_with_pullback_low_support_or_previous_resistance,4.65,4.83,4.65,4.8,13935.0,5871.85,2.37318732597052,0.8333333333333317,0.16666666666666832,0.0,0.8333333333333317,2026-03-10 12:58:00,4.69,4.68,11149.0,5089.6,0.10000000000000622,2026-03-10 12:59:00,4.64,4.64,0.0,0.010660980810234692,0.023454157782515868,2.0,53.95833333333333,2.59,7.39,2026-03-10 14:08:00,2.7083333333333313,0.1299999999999999,4.93,2026-03-10 13:29:00,False,,True,2026-03-10 13:02:00,4.49,4.166512744173251,4.641065537801999,4.566294950069479,0.07528038282632199,0.023329216079925802,0.05195116674639619
PLYX,2026-03-10,2026-03-10 13:35:00,False,clean_breakout,previous_high_break_with_pullback_low_support_or_previous_resistance,4.98,5.36,4.93,5.35,90285.0,16905.6,5.340538046564452,0.8604651162790667,0.02325581395348991,0.11627906976744334,0.9767441860465101,2026-03-10 13:33:00,4.93,4.92,12605.0,10260.6,0.09999999999999823,2026-03-10 13:34:00,4.91,4.98,0.24999999999999445,0.004056795131845756,0.08519269776876266,2.0,38.13084112149533,2.04,7.39,2026-03-10 14:08:00,28.785046728971963,1.54,6.89,2026-03-10 13:58:00,True,11.0,False,,,4.4814393673233,4.962613133375025,4.848739759511964,0.11003063484671305,0.03996435427551337,0.07006628057119968
PLYX,2026-03-10,2026-03-10 13:58:00,False,clean_breakout,previous_high_break_with_pullback_low_support_or_previous_resistance,6.47,6.89,6.37,6.82,515033.0,251213.25,2.0501824644997826,0.6730769230769247,0.13461538461538355,0.1923076923076918,0.8653846153846164,2026-03-10 13:55:00,6.48,6.32,267760.0,212027.1,0.6153846153846143,2026-03-10 13:56:00,6.21,6.42,0.5769230769230788,0.041666666666666734,0.05246913580246911,3.0,8.357771260997058,0.5699999999999994,7.39,2026-03-10 14:08:00,8.357771260997058,0.5699999999999994,7.39,2026-03-10 14:08:00,False,,False,,,5.748149984870175,6.340173734799153,6.004090158615942,0.3754835850182321,0.045451082335770665,0.3300325026824614
CODX,2026-05-22,2026-05-22 15:05:00,False,clean_breakout,previous_high_break_with_pullback_low_support_or_previous_resistance,4.66,4.8499,4.6,4.815,109888.0,28366.05,3.8739267539893643,0.6202480992396963,0.1396558623449358,0.24009603841536792,0.8603441376550642,2026-05-22 15:02:00,4.77,4.7,120863.0,23678.25,0.3684210526315767,2026-05-22 15:04:00,4.65,4.7,0.2857142857142821,0.025157232704402354,0.009433962264151115,3.0,11.734164070612657,0.5649999999999995,5.38,2026-05-22 15:38:00,10.072689511941837,0.48499999999999943,5.3,2026-05-22 15:32:00,True,27.0,True,2026-05-22 15:12:00,4.59,3.8549827887215113,4.595648308875271,4.485031165317247,0.1061929389352354,0.048455441951993014,0.05773749698324239
PSTV,2025-03-20,2025-03-20 10:04:00,False,clean_breakout,previous_high_break_with_pullback_low_support_or_previous_resistance,16.845,17.9725,16.7525,17.95,34654.6,15142.475999999999,2.288568923602719,0.905737704918034,0.018442622950820386,0.07581967213114563,0.9815573770491796,2025-03-20 09:59:00,16.93,16.415,28992.16,10274.376,0.3495145631067952,2025-03-20 10:03:00,16.0725,16.9125,0.11889596602972162,0.05064973419964549,0.06024808033077375,5.0,189.69359331476323,34.05,52.0,2025-03-20 15:00:00,21.169916434540394,3.8000000000000007,21.75,2025-03-20 10:34:00,True,17.0,False,,,15.34285729911393,16.619112153821376,16.057236457446287,0.5806762145457629,0.16218536331010824,0.41849085123565466
PSTV,2025-03-20,2025-03-20 10:07:00,False,clean_breakout,previous_high_break_with_pullback_low_support_or_previous_resistance,17.4375,18.5675,17.4375,18.3,70036.84,19368.338,3.616048005771068,0.7632743362831872,0.23672566371681286,0.0,0.7632743362831872,2025-03-20 10:04:00,17.9725,17.95,34654.6,15142.475999999999,0.018442622950820386,2025-03-20 10:06:00,17.19,17.5,0.561085972850678,0.04353873974127132,0.018222284045068888,3.0,184.15300546448088,33.7,52.0,2025-03-20 15:00:00,19.726775956284147,3.6099999999999994,21.91,2025-03-20 10:35:00,True,14.0,True,2025-03-20 10:12:00,17.08,15.64556881942726,17.237145422756548,16.524784025658576,0.7365263562217201,0.19185526314823986,0.5446710930734803
PSTV,2025-03-20,2025-03-20 10:40:00,False,clean_breakout,previous_high_break_with_pullback_low_support_or_previous_resistance,20.5275,23.25,20.5275,22.4475,84002.64,44959.202,1.8684192837764337,0.7052341597796149,0.2947658402203851,0.0,0.7052341597796149,2025-03-20 10:35:00,21.91,21.79,39557.6,44208.182,0.2926829268292706,2025-03-20 10:39:00,20.4325,20.545,0.24590163934426407,0.06743496120492921,0.024532177088087696,5.0,131.651631584809,29.5525,52.0,2025-03-20 15:00:00,3.5750083528232475,0.8024999999999984,23.25,2025-03-20 10:43:00,False,,True,2025-03-20 10:45:00,20.2775,17.913847436829073,21.14220454407039,20.423590937649927,0.8943110242973731,-0.010865233568138288,0.9051762578655114
PSTV,2025-03-20,2025-03-20 11:45:00,False,clean_breakout,previous_high_break_with_pullback_low_support_or_previous_resistance,27.5,28.75,27.0,28.23,57957.08,58229.367999999995,0.9953238716243668,0.41714285714285737,0.2971428571428569,0.2857142857142857,0.7028571428571431,2025-03-20 11:43:00,28.0,26.9975,53911.6,59306.945999999996,0.5,2025-03-20 11:44:00,26.75,27.4725,0.3133333333333326,0.044642857142857144,0.00821428571428573,2.0,84.20120439249025,23.77,52.0,2025-03-20 15:00:00,10.69783917817924,3.0199999999999996,31.25,2025-03-20 11:54:00,True,9.0,False,,,20.618493541829526,26.84566867154922,25.680571875091342,1.3639184341730584,0.10211265554613047,1.2618057786269279
PSTV,2025-03-20,2025-03-20 11:49:00,False,clean_breakout,previous_high_break_with_pullback_low_support_or_previous_resistance,27.9875,29.25,27.75,29.02,89508.04,49082.92199999999,1.823608627049547,0.6883333333333326,0.15333333333333363,0.1583333333333338,0.8466666666666663,2025-03-20 11:45:00,28.75,28.23,57957.08,58229.367999999995,0.2971428571428569,2025-03-20 11:47:00,26.75,27.375,0.5,0.06956521739130435,0.009391304347826071,4.0,79.1867677463818,22.98,52.0,2025-03-20 15:00:00,7.684355616815991,2.2300000000000004,31.25,2025-03-20 11:54:00,False,,True,2025-03-20 12:04:00,26.5,20.872123282256506,27.61048188786657,26.471909453025123,1.3714961527372758,0.07457300896701691,1.2969231437702589
PSTV,2025-03-20,2025-03-20 14:25:00,False,clean_breakout,previous_high_break_with_pullback_low_support_or_previous_resistance,43.625,45.5,43.25,44.875,75024.52,40012.770000000004,1.8750144016522725,0.5555555555555556,0.2777777777777778,0.16666666666666666,0.7222222222222222,2025-03-20 14:21:00,43.75,43.375,48751.84,43116.02,0.25041736227045036,2025-03-20 14:22:00,42.25,43.25,0.8,0.03428571428571429,0.025714285714285714,4.0,15.87743732590529,7.125,52.0,2025-03-20 15:00:00,15.32033426183844,6.875,51.75,2025-03-20 14:52:00,True,25.0,False,,,27.568424909078157,42.864672165303766,41.35401548671063,1.6303580936523545,0.3265241193337438,1.3038339743186107
PSNL,2024-07-19,2024-07-19 12:10:00,False,clean_breakout,previous_high_break_with_pullback_low_support_or_previous_resistance,2.97,3.03,2.96,3.01,54195.0,11089.4,4.8870993922123835,0.5714285714285668,0.28571428571428664,0.14285714285714649,0.7142857142857134,2024-07-19 11:50:00,3.0,2.9534,67633.0,14072.8,0.21244635193133,2024-07-19 11:53:00,2.91,2.92,0.4999999999999889,0.029999999999999954,0.0033333333333332624,20.0,50.16611295681063,1.5099999999999998,4.52,2024-07-19 13:56:00,8.305647840531561,0.25,3.26,2024-07-19 12:40:00,False,,False,,,2.801309786234469,2.966964681073656,2.9549310719570445,0.01545418210511329,-0.0001450852256200605,0.01559926733073335
PSNL,2024-07-19,2024-07-19 12:43:00,False,clean_breakout,previous_high_break_with_pullback_low_support_or_previous_resistance,3.2202,3.3099,3.2202,3.3099,49532.0,31174.05,1.5888856276293906,1.0,0.0,0.0,1.0,2024-07-19 12:41:00,3.2799,3.27,44457.0,27747.8,0.19839679358717452,2024-07-19 12:42:00,3.22,3.23,0.19999999999999646,0.018262751913168035,0.0091466203237903,2.0,36.56001691894014,1.2100999999999997,4.52,2024-07-19 13:56:00,7.5198646484788165,0.24890000000000034,3.5588,2024-07-19 13:13:00,False,,False,,,2.945398090380134,3.2249010260084914,3.176070260529701,0.053290346239627695,0.011567760043664888,0.04172258619596281
PSNL,2024-07-19,2024-07-19 12:49:00,False,clean_breakout,previous_high_break_with_pullback_low_support_or_previous_resistance,3.2513,3.316,3.25,3.315,40466.0,35122.85,1.1521274611826775,0.9651515151515155,0.01515151515151352,0.01969696969697094,0.9848484848484865,2024-07-19 12:44:00,3.31,3.3,64596.0,33584.2,0.2712328767123278,2024-07-19 12:46:00,3.24,3.2699,0.9966666666666596,0.021148036253776387,0.001510574018126856,5.0,36.34992458521869,1.2049999999999996,4.52,2024-07-19 13:56:00,11.309200603318258,0.37490000000000023,3.6899,2024-07-19 13:18:00,True,26.0,False,,,2.9704172399347457,3.264631014561971,3.2220252909901257,0.051978682901821394,0.0006158964971146874,0.051362786404706706
PSNL,2024-07-19,2024-07-19 12:50:00,False,clean_breakout,previous_high_break_with_pullback_low_support_or_previous_resistance,3.32,3.4,3.3,3.37,94075.0,37627.95,2.5001362019456286,0.5000000000000022,0.29999999999999777,0.2,0.7000000000000022,2024-07-19 12:44:00,3.31,3.3,64596.0,33584.2,0.2712328767123278,2024-07-19 12:46:00,3.24,3.2699,0.9966666666666596,0.021148036253776387,0.018126888217522674,6.0,34.12462908011868,1.1499999999999995,4.52,2024-07-19 13:56:00,9.492581602373889,0.3199000000000001,3.6899,2024-07-19 13:18:00,False,,False,,,2.9835729600949636,3.285704811649577,3.2361181204196376,0.057474730950947794,0.004127180158162602,0.05334755079278519
PSNL,2024-07-19,2024-07-19 13:13:00,False,clean_breakout,previous_high_break_with_pullback_low_support_or_previous_resistance,3.4588,3.5588,3.4588,3.5588,82805.0,48824.9,1.6959584146613715,1.0,0.0,0.0,1.0,2024-07-19 13:09:00,3.52,3.4908,63790.0,52740.85,0.3649999999999983,2024-07-19 13:12:00,3.45,3.455,0.24999999999999445,0.01988636363636359,0.011022727272727321,4.0,27.009104192424395,0.9611999999999994,4.52,2024-07-19 13:56:00,13.802405305159033,0.49119999999999964,4.05,2024-07-19 13:42:00,True,26.0,False,,,3.10960856288776,3.4667947631033176,3.4123827424607027,0.06198664373053653,0.010055021205638719,0.05193162252489781
PSNL,2024-07-19,2024-07-19 13:51:00,False,clean_breakout,previous_high_break_with_pullback_low_support_or_previous_resistance,4.1188,4.22,4.0999,4.215,303817.0,178554.7,1.7015345997613056,0.8009991673605306,0.04163197335553621,0.15736885928393324,0.9583680266444637,2024-07-19 13:49:00,4.19,4.14,213693.0,169152.25,0.17166666666666483,2024-07-19 13:50:00,4.03,4.12,0.7499999999999981,0.03818615751789979,0.00596658711217171,2.0,7.236061684460254,0.3049999999999997,4.52,2024-07-19 13:56:00,7.236061684460254,0.3049999999999997,4.52,2024-07-19 13:56:00,False,,True,2024-07-19 13:58:00,3.7609,3.552317753961268,4.091966168603543,3.9677271441215276,0.1397286974918579,0.0184404818026572,0.1212882156892007
PHAT,2025-06-06,2025-06-06 11:32:00,False,clean_breakout,previous_high_break_with_pullback_low_support_or_previous_resistance,4.87,5.12,4.8,5.08,307671.0,19120.9,16.090822084734505,0.6562499999999993,0.125,0.2187500000000007,0.875,2025-06-06 11:29:00,4.79,4.79,100.0,1275.25,0.0,2025-06-06 11:31:00,4.78,4.87,0.09999999999999823,0.002087682672233776,0.0605427974947808,3.0,142.5196850393701,7.24,12.32,2025-06-06 12:21:00,66.33858267716533,3.369999999999999,8.45,2025-06-06 11:55:00,True,8.0,False,,,4.922726880096503,4.855306239232622,4.813065573950704,0.034443314167313055,0.024032120814438684,0.010411193352874371
QBTS,2024-12-16,2024-12-16 11:31:00,False,clean_breakout,previous_high_break_with_pullback_low_support_or_previous_resistance,6.4303,6.66,6.43,6.6003,993273.0,474103.45,2.095055414593587,0.739130434782607,0.2595652173913052,0.0013043478260877758,0.7404347826086948,2024-12-16 11:28:00,6.46,6.45,270363.0,459934.5,0.12499999999999722,2024-12-16 11:29:00,6.4,6.44,0.6677796327212043,0.009287925696594366,0.02171826625386995,3.0,16.66136387739952,1.0997000000000003,7.7,2024-12-16 15:06:00,0.9029892580640356,0.05960000000000054,6.6599,2024-12-16 11:32:00,False,,True,2024-12-16 11:33:00,6.34,5.716209411506065,6.426724984693607,6.321696488678447,0.10714066167973524,0.026858210512724967,0.08028245116701027
QBTS,2024-12-16,2024-12-16 13:36:00,False,clean_breakout,previous_high_break_with_pullback_low_support_or_previous_resistance,6.9601,7.19,6.96,7.1273,824175.0,463406.2,1.7785152637146417,0.7269565217391302,0.27260869565217527,0.0004347826086946381,0.7273913043478247,2024-12-16 13:34:00,7.1,7.035,386032.0,403906.95,0.3076923076923035,2024-12-16 13:35:00,6.91,6.9753,0.5117554858934139,0.02676056338028162,0.003845070422535257,2.0,8.035300885328247,0.5727000000000002,7.7,2024-12-16 15:06:00,1.3006327781908968,0.09269999999999978,7.22,2024-12-16 13:37:00,False,,True,2024-12-16 13:49:00,6.82,6.036382137363066,6.998981245673862,6.881304715991099,0.1290716455945926,0.015461114498856829,0.11361053109573578
QBTS,2024-12-16,2024-12-16 14:51:00,False,clean_breakout,previous_high_break_with_pullback_low_support_or_previous_resistance,7.32,7.44,7.32,7.42,358628.0,345299.25,1.0386005761669046,0.8333333333333296,0.16666666666667038,0.0,0.8333333333333296,2024-12-16 14:49:00,7.4,7.39,215440.0,344356.3,0.12500000000000833,2024-12-16 14:50:00,7.32,7.3201,0.0012499999999970857,0.01081081081081082,0.002702702702702645,2.0,3.7735849056603805,0.28000000000000025,7.7,2024-12-16 15:06:00,3.7735849056603805,0.28000000000000025,7.7,2024-12-16 15:06:00,False,,True,2024-12-16 15:16:00,7.2,6.197209158101605,7.306357162984241,7.191883225027022,0.11690578547025599,0.02604642840339501,0.09085935706686098
QBTS,2024-12-16,2024-12-16 14:54:00,False,clean_breakout,previous_high_break_with_pullback_low_support_or_previous_resistance,7.38,7.47,7.37,7.46,426560.0,369804.4,1.1534746476786106,0.8000000000000036,0.09999999999999823,0.09999999999999823,0.9000000000000018,2024-12-16 14:52:00,7.45,7.45,361427.0,348412.4,0.0,2024-12-16 14:53:00,7.38,7.3873,0.0912499999999982,0.009395973154362454,0.0013422818791946022,2.0,3.2171581769437028,0.2400000000000002,7.7,2024-12-16 15:06:00,3.2171581769437028,0.2400000000000002,7.7,2024-12-16 15:06:00,False,,True,2024-12-16 15:16:00,7.2,6.207808666671551,7.368422867447932,7.254379920144729,0.12375859444086323,0.014935016494781489,0.10882357794608175
QBTS,2024-12-16,2024-12-16 14:55:00,False,clean_breakout,previous_high_break_with_pullback_low_support_or_previous_resistance,7.46,7.6,7.43,7.5985,930296.0,410025.8,2.268871861234098,0.8147058823529393,0.008823529411765044,0.17647058823529566,0.991176470588235,2024-12-16 14:53:00,7.46,7.3873,300022.0,353446.1,0.17500000000000276,2024-12-16 14:54:00,7.37,7.46,0.09999999999999823,0.012064343163538854,0.018565683646112552,2.0,1.3357899585444575,0.10150000000000059,7.7,2024-12-16 15:06:00,1.3357899585444575,0.10150000000000059,7.7,2024-12-16 15:06:00,False,,True,2024-12-16 15:16:00,7.2,6.217595524068348,7.414438293958346,7.2871532610833265,0.1357106033890627,0.020104861229086474,0.11560574215997624
ROLR,2026-01-14,2026-01-14 13:29:00,False,clean_breakout,previous_high_break_with_pullback_low_support_or_previous_resistance,25.24,27.15,24.95,26.98,192891.0,122365.2,1.5763550421198185,0.7909090909090921,0.07727272727272645,0.13181818181818147,0.9227272727272735,2026-01-14 13:22:00,26.41,26.41,12285.0,108602.45,0.0,2026-01-14 13:27:00,24.11,25.54,0.7044334975369453,0.08708822415751612,0.021582733812949652,7.0,24.833209785025943,6.699999999999999,33.68,2026-01-14 13:39:00,24.833209785025943,6.699999999999999,33.68,2026-01-14 13:39:00,True,6.0,False,,,16.11287161054043,25.14163695762173,24.108053649903308,0.9674332490224096,0.4677413910050824,0.4996918580173272
RDHL,2024-08-01,2024-08-01 12:05:00,False,clean_breakout,previous_high_break_with_pullback_low_support_or_previous_resistance,15.7975,16.2925,15.7575,16.145,90288.8,28304.665999999997,3.1898910236213354,0.649532710280374,0.2757009345794408,0.0747663551401853,0.7242990654205592,2024-08-01 12:01:00,15.96,15.91,48387.6,24355.518000000004,0.0680272108843546,2024-08-01 12:03:00,15.4575,15.7175,0.5252525252525237,0.031484962406015116,0.011591478696741774,4.0,26.974295447506975,4.355,20.5,2024-08-01 16:06:00,18.798389594301643,3.035,19.18,2024-08-01 12:28:00,True,10.0,False,,,14.764601728207719,15.677042999265478,15.305499085546176,0.3836298975909127,0.09659853081745823,0.2870313667734545
SBET,2024-12-06,2024-12-06 14:33:00,False,clean_breakout,previous_high_break_with_pullback_low_support_or_previous_resistance,11.2032,13.0801,11.1156,13.0801,49251.719659,18035.19035895,2.7308677468191367,0.9554085008908119,0.0,0.044591499109188165,1.0,2024-12-06 14:26:00,12.24,11.9916,44962.736815,14549.858466999998,0.5149253731343285,2024-12-06 14:30:00,10.5816,11.0736,0.42948717948718007,0.1354901960784314,0.06863562091503264,7.0,2.752272536142686,0.35999999999999943,13.4401,2024-12-06 14:39:00,2.752272536142686,0.35999999999999943,13.4401,2024-12-06 14:39:00,False,,False,,,10.073345564740812,11.62855427582487,11.259823280445572,0.4179694984696489,0.0019059786959319536,0.41606351977371697
FNUC,2024-12-18,2024-12-18 11:38:00,False,clean_breakout,previous_high_break_with_pullback_low_support_or_previous_resistance,10.0542,11.05,9.8462,10.66,790645.978584,342232.10392140003,2.310262449152306,0.5032397408207342,0.3239740820734343,0.17278617710583152,0.6760259179265657,2024-12-18 11:33:00,10.4624,9.8384,621483.378516,301706.70213914994,0.6277472527472534,2024-12-18 11:36:00,9.2599,9.4575,0.22451994091580438,0.11493538767395631,0.018886679920477094,5.0,21.95121951219512,2.34,13.0,2024-12-18 12:25:00,18.29268292682926,1.9499999999999993,12.61,2024-12-18 12:03:00,True,23.0,True,2024-12-18 11:47:00,8.8959,7.78680751597812,9.827487173017225,9.34954665167982,0.46895712215091656,0.12919881098100516,0.3397583111699114
CYCN,2025-02-03,2025-02-03 12:10:00,False,clean_breakout,previous_high_break_with_pullback_low_support_or_previous_resistance,4.72,4.9,4.72,4.875,234420.0,35148.55,6.669407415099626,0.8611111111111096,0.1388888888888904,0.0,0.8611111111111096,2025-02-03 12:08:00,4.8,4.79,111099.0,27394.75,0.07698229407236164,2025-02-03 12:09:00,4.7,4.7,0.0,0.02083333333333326,0.015625000000000038,2.0,28.205128205128204,1.375,6.25,2025-02-03 14:37:00,6.6666666666666705,0.3250000000000002,5.2,2025-02-03 12:19:00,False,,False,,,4.444992919412159,4.706144137467829,4.640337003673694,0.06442757629759477,0.024564376036881996,0.03986320026071277
CYCN,2025-02-03,2025-02-03 14:04:00,False,clean_breakout,previous_high_break_with_pullback_low_support_or_previous_resistance,5.38,5.6244,5.33,5.58,314794.0,62668.9,5.023129494853109,0.6793478260869582,0.15081521739130305,0.16983695652173877,0.8491847826086969,2025-02-03 14:02:00,5.44,5.41,126779.0,44552.15,0.3333333333333333,2025-02-03 14:03:00,5.32,5.38,0.5454545454545447,0.022058823529411783,0.025735294117647,2.0,12.00716845878136,0.6699999999999999,6.25,2025-02-03 14:37:00,11.648745519713268,0.6500000000000004,6.23,2025-02-03 14:24:00,True,16.0,False,,,4.702855452065165,5.348959159405851,5.251262415295168,0.09208066397001424,0.040455276045194444,0.0516253879248198
BTAI,2025-08-05,2025-08-05 10:06:00,False,clean_breakout,previous_high_break_with_pullback_low_support_or_previous_resistance,2.815,2.98,2.8,2.96,526098.0,290808.15,1.809089600824461,0.8055555555555549,0.1111111111111111,0.08333333333333395,0.8888888888888888,2025-08-05 09:58:00,2.94,2.86,538428.0,151444.2,0.37499999999999906,2025-08-05 10:01:00,2.71,2.76,0.7142857142857134,0.07823129251700679,0.00680272108843538,8.0,17.56756756756757,0.52,3.48,2025-08-05 13:42:00,3.7162162162162122,0.10999999999999988,3.07,2025-08-05 10:33:00,False,,True,2025-08-05 10:13:00,2.69,2.609147761252417,2.8201703943351752,2.6920856289530812,0.14125759299999796,0.010520944133774135,0.13073664886622383
BTAI,2025-08-05,2025-08-05 13:32:00,False,clean_breakout,previous_high_break_with_pullback_low_support_or_previous_resistance,3.2801,3.37,3.28,3.36,175780.0,155795.85,1.1282713884869204,0.8877777777777732,0.1111111111111133,0.0011111111111134521,0.8888888888888867,2025-08-05 13:28:00,3.35,3.345,259000.0,122707.7,0.06297229219143431,2025-08-05 13:29:00,3.25,3.2999,0.554444444444446,0.029850746268656744,0.002985074626865608,4.0,3.5714285714285747,0.1200000000000001,3.48,2025-08-05 13:42:00,3.5714285714285747,0.1200000000000001,3.48,2025-08-05 13:42:00,False,,False,,,2.859630897911621,3.29028228479971,3.227145431552102,0.0699311416176398,0.009591369598658361,0.06033977201898144
AGPU,2026-04-01,2026-04-01 11:25:00,False,clean_breakout,previous_high_break_with_pullback_low_support_or_previous_resistance,3.38,3.7,3.36,3.63,946325.0,420021.7,2.253038354923091,0.7352941176470582,0.20588235294117713,0.058823529411764705,0.7941176470588229,2026-04-01 11:22:00,3.45,3.375,445433.0,407114.45,0.5016666666666665,2026-04-01 11:23:00,3.33,3.355,0.3124999999999986,0.0347826086956522,0.052173913043478175,3.0,32.231404958677686,1.17,4.8,2026-04-01 16:52:00,14.87603305785124,0.54,4.17,2026-04-01 11:36:00,True,10.0,False,,,2.983299969792951,3.381005510263421,3.2687659095260453,0.12011253704205638,0.028971421235267816,0.09114111580678856
AGPU,2026-04-01,2026-04-01 11:35:00,False,clean_breakout,previous_high_break_with_pullback_low_support_or_previous_resistance,3.74,4.0399,3.73,3.96,1027053.0,624207.8,1.6453703398131199,0.709906421426265,0.2578251048725403,0.03226847370119465,0.7421748951274597,2026-04-01 11:32:00,3.95,3.7303,894144.0,577481.6,0.24227272727272764,2026-04-01 11:34:00,3.68,3.73,0.1999999999999993,0.06835443037974684,0.002531645569620199,3.0,21.21212121212121,0.8399999999999999,4.8,2026-04-01 16:52:00,5.303030303030303,0.20999999999999996,4.17,2026-04-01 11:36:00,False,,True,2026-04-01 11:49:00,3.65,3.148283374826703,3.7840061532088303,3.622491428466232,0.1909339952363065,0.002582299555957901,0.1883516956803486
HBIO,2025-10-30,2025-10-30 12:35:00,False,clean_breakout,previous_high_break_with_pullback_low_support_or_previous_resistance,6.902,7.3,6.87,7.178,125998.2,31586.71,3.988962446547931,0.641860465116279,0.28372093023255807,0.0744186046511629,0.7162790697674419,2025-10-30 12:33:00,7.0,6.989,71583.7,22587.29,0.05820105820105882,2025-10-30 12:34:00,6.9,6.9,0.0,0.014285714285714235,0.02542857142857142,2.0,30.95569796600725,2.2220000000000004,9.4,2025-10-30 14:09:00,8.038450821955976,0.577,7.755,2025-10-30 12:38:00,False,,True,2025-10-30 12:52:00,6.82,6.227518780427495,6.853314834010642,6.738353313338431,0.11790753040134128,0.03452359094276304,0.08338393945857824
HOUR,2024-12-24,2024-12-24 10:14:00,False,clean_breakout,previous_high_break_with_pullback_low_support_or_previous_resistance,3.35,3.85,3.27,3.8192,1280131.0,722206.4,1.7725279089191122,0.8089655172413789,0.05310344827586234,0.13793103448275873,0.9468965517241377,2024-12-24 10:09:00,3.58,3.5199,1203107.0,524307.35,0.18810641627543112,2024-12-24 10:12:00,3.05,3.3298,0.24415765608650242,0.14804469273743023,0.06681564245810052,5.0,80.66610808546294,3.0808000000000004,6.9,2024-12-24 11:24:00,53.17343946376204,2.0307999999999997,5.85,2024-12-24 10:33:00,True,8.0,False,,,2.7681360496740357,3.2910136726739374,2.971375646976348,0.3364301100687186,0.06980284450246493,0.26662726556625366
EGG,2025-07-09,2025-07-09 09:52:00,False,clean_breakout,previous_high_break_with_pullback_low_support_or_previous_resistance,6.76,7.16,6.75,7.09,13535.0,2483.5,5.449969800684518,0.8048780487804877,0.1707317073170738,0.024390243902438494,0.8292682926829262,2025-07-09 09:50:00,6.84,6.77,3196.0,1782.7,0.33333333333333476,2025-07-09 09:51:00,6.76,6.79,0.0,0.01169590643274855,0.03654970760233918,2.0,95.76868829337096,6.790000000000001,13.88,2025-07-09 12:32:00,13.681241184767288,0.9700000000000006,8.06,2025-07-09 10:06:00,True,14.0,False,,,6.5312057530230865,6.697073133844884,6.457333238177443,0.23758245224290153,0.06396731930407268,0.17361513293882885
RZLV,2024-12-17,2024-12-17 11:15:00,False,clean_breakout,previous_high_break_with_pullback_low_support_or_previous_resistance,2.82,2.94,2.82,2.9299,283173.0,131623.7,2.1513830715896907,0.9158333333333334,0.08416666666666657,0.0,0.9158333333333334,2024-12-17 11:12:00,2.89,2.879,226516.0,94065.95,0.18363939899833168,2024-12-17 11:13:00,2.77,2.869,0.9900000000000011,0.041522491349481,0.013806228373702361,3.0,36.52343083381685,1.0701,4.0,2024-12-17 13:17:00,4.7441892214751435,0.13900000000000023,3.0689,2024-12-17 11:22:00,False,,True,2024-12-17 11:28:00,2.73,2.530948089988276,2.812545939068267,2.7425956031272287,0.0653519967095022,0.029175490694298978,0.036176506015203225
BRLS,2026-04-29,2026-04-29 10:39:00,False,clean_breakout,previous_high_break_with_pullback_low_support_or_previous_resistance,1.44,1.6,1.44,1.58,46506.0,5935.7,7.8349647050895435,0.875,0.125,0.0,0.875,2026-04-29 10:37:00,1.4,1.4,1684.0,3533.4,0.0,2026-04-29 10:38:00,1.39,1.44,0.0,0.00714285714285715,0.1285714285714287,2.0,42.405063291139236,0.6699999999999999,2.25,2026-04-29 16:04:00,4.430379746835433,0.06999999999999984,1.65,2026-04-29 10:57:00,False,,True,2026-04-29 10:42:00,1.3601,1.3534580872361157,1.41530237275526,1.362867642442684,0.05295989327584216,0.015172027025279138,0.037787866250563025
RZLV,2024-12-17,2024-12-17 11:15:00,False,clean_breakout,previous_high_break_with_pullback_low_support_or_previous_resistance,2.82,2.94,2.82,2.9299,283173.0,131623.7,2.1513830715896907,0.9158333333333334,0.08416666666666657,0.0,0.9158333333333334,2024-12-17 11:12:00,2.89,2.879,226516.0,94065.95,0.18363939899833168,2024-12-17 11:13:00,2.77,2.869,0.9900000000000011,0.041522491349481,0.013806228373702361,3.0,36.52343083381685,1.0701,4.0,2024-12-17 13:17:00,4.7441892214751435,0.13900000000000023,3.0689,2024-12-17 11:22:00,False,,True,2024-12-17 11:28:00,2.73,2.530948089988276,2.812545939068267,2.7425956031272287,0.0653519967095022,0.029175490694298978,0.036176506015203225
ELPW,2026-04-22,2026-04-22 15:21:00,False,clean_breakout,previous_high_break_with_pullback_low_support_or_previous_resistance,2.72,2.83,2.71,2.8101,224030.0,47688.45,4.6977832158520565,0.7508333333333296,0.16583333333333528,0.08333333333333519,0.8341666666666647,2026-04-22 15:16:00,2.8,2.78,139397.0,37853.05,0.4000000000000018,2026-04-22 15:18:00,2.7199,2.7599,0.7506234413965128,0.0286071428571428,0.0036071428571428565,5.0,1.0640190740543054,0.029900000000000038,2.84,2026-04-22 15:22:00,1.0640190740543054,0.029900000000000038,2.84,2026-04-22 15:22:00,False,,True,2026-04-22 15:36:00,2.665,2.613151712005455,2.7348344131997666,2.686570405903222,0.04473550482216693,0.019496652406830565,0.02523885241533636
PLYX,2026-03-13,2026-03-13 10:39:00,False,clean_breakout,previous_high_break_with_pullback_low_support_or_previous_resistance,5.45,5.6,5.45,5.55,14550.0,8418.75,1.7282850779510022,0.6666666666666666,0.3333333333333333,0.0,0.6666666666666666,2026-03-13 10:35:00,5.54,5.51,32296.0,7527.2,0.14285714285713924,2026-03-13 10:38:00,5.4,5.45,0.714285714285718,0.025270758122743625,0.0018050541516245102,4.0,27.74774774774775,1.54,7.09,2026-03-13 14:59:00,8.10810810810811,0.4500000000000002,6.0,2026-03-13 10:50:00,False,,False,,,5.090961050651947,5.456541601273391,5.330095313437741,0.16415745476656873,-0.01309473007845896,0.1772521848450277
PLYX,2026-03-13,2026-03-13 14:32:00,False,clean_breakout,previous_high_break_with_pullback_low_support_or_previous_resistance,6.78,7.06,6.75,7.03,125954.0,41839.95,3.010376446434568,0.8064516129032269,0.09677419354838515,0.09677419354838802,0.9032258064516149,2026-03-13 14:30:00,6.84,6.8,50856.0,34454.0,0.5,2026-03-13 14:31:00,6.72,6.78,0.7500000000000056,0.017543859649122823,0.027777777777777835,2.0,0.8534850640113741,0.05999999999999961,7.09,2026-03-13 14:59:00,0.8534850640113741,0.05999999999999961,7.09,2026-03-13 14:59:00,False,,False,,,6.040555854099726,6.741142935154528,6.516317385009948,0.22932097517006067,0.04978792781596397,0.1795330473540967
RGTI,2024-12-10,2024-12-10 12:03:00,False,clean_breakout,previous_high_break_with_pullback_low_support_or_previous_resistance,6.05,6.19,6.04,6.1895,829432.0,559917.25,1.4813474669694495,0.9299999999999975,0.0033333333333373993,0.06666666666666508,0.9966666666666626,2024-12-10 11:59:00,6.15,6.105,847775.0,472827.75,0.40909090909090723,2024-12-10 12:01:00,6.0,6.0,0.0,0.02439024390243908,0.006422764227642182,4.0,30.70522659342435,1.9005,8.09,2024-12-10 19:21:00,9.944260441069552,0.6154999999999999,6.805,2024-12-10 12:30:00,False,,False,,,5.340733878300545,6.012421986378615,5.87898775085425,0.1369204822297192,0.03502107187358053,0.10189941035613867
RGTI,2024-12-10,2024-12-10 12:30:00,False,clean_breakout,previous_high_break_with_pullback_low_support_or_previous_resistance,6.585,6.805,6.58,6.76,1361344.0,850043.7,1.6014988405890191,0.7777777777777782,0.2,0.022222222222221782,0.8,2024-12-10 12:28:00,6.63,6.615,970670.0,865251.6,0.12571428571428406,2024-12-10 12:29:00,6.55,6.59,0.5,0.012066365007541489,0.019607843137254888,2.0,19.674556213017752,1.33,8.09,2024-12-10 19:21:00,0.14792899408283708,0.009999999999999787,6.77,2024-12-10 12:31:00,False,,True,2024-12-10 12:32:00,6.44,5.519255854478543,6.573503088974477,6.461818856244936,0.13767723931289577,0.008598542690591654,0.12907869662230412
RGTI,2024-12-10,2024-12-10 13:48:00,False,clean_breakout,previous_high_break_with_pullback_low_support_or_previous_resistance,6.765,6.89,6.75,6.8804,1033532.0,516507.35,2.0010015346345025,0.8242857142857174,0.06857142857142752,0.1071428571428551,0.9314285714285725,2024-12-10 13:45:00,6.81,6.7982,481095.0,487947.6,0.1966666666666685,2024-12-10 13:46:00,6.7,6.7199,0.19899999999999876,0.016152716593245145,0.01033773861967698,3.0,17.580373234114298,1.2096,8.09,2024-12-10 19:21:00,0.13952677169931735,0.009599999999999831,6.89,2024-12-10 13:49:00,False,,True,2024-12-10 13:52:00,6.66,5.7321706691387,6.759502290485842,6.686510499104461,0.08229101361072555,0.01089312837693314,0.07139788523379241
QURE,2024-07-10,2024-07-10 10:51:00,False,clean_breakout,previous_high_break_with_pullback_low_support_or_previous_resistance,8.41,8.59,8.36,8.58,386225.0,174617.75,2.2118312714486357,0.739130434782607,0.04347826086956421,0.21739130434782877,0.9565217391304358,2024-07-10 10:46:00,8.52,8.45,337147.0,190907.65,0.46666666666666745,2024-07-10 10:49:00,8.36,8.43,0.5833333333333308,0.018779342723004713,0.00704225352112682,5.0,32.28438228438228,2.7699999999999996,11.35,2024-07-10 15:16:00,7.925407925407922,0.6799999999999997,9.26,2024-07-10 11:15:00,False,,False,,,7.713195873172828,8.426551283436066,8.308511144649566,0.15132906882206498,0.0020800278106780645,0.14924904101138692
AQMS,2025-10-13,2025-10-13 10:58:00,False,clean_breakout,previous_high_break_with_pullback_low_support_or_previous_resistance,8.78,9.59,8.6201,9.38,186472.0,30738.8,6.0663396098741655,0.6186204763377688,0.21651716671821764,0.16486235694401355,0.7834828332817824,2025-10-13 10:36:00,8.82,8.415,91444.0,14157.3,0.5625000000000011,2025-10-13 10:42:00,8.0,8.09,0.47368421052631626,0.09297052154195014,0.06349206349206354,22.0,187.52665245202553,17.589999999999996,26.97,2025-10-13 18:16:00,16.950959488272918,1.5899999999999999,10.97,2025-10-13 11:16:00,True,17.0,False,,,8.055333264554335,8.573649297213809,8.329778906548135,0.2508091523841518,0.07442939211108088,0.17637976027307092
AQMS,2025-10-13,2025-10-13 11:15:00,False,clean_breakout,previous_high_break_with_pullback_low_support_or_previous_resistance,9.7,10.48,9.6,10.3663,187387.0,78979.95,2.3725894989804375,0.7571590909090918,0.129204545454545,0.11363636363636313,0.870795454545455,2025-10-13 10:59:00,9.81,9.5,209797.0,40371.25,0.5344827586206905,2025-10-13 11:02:00,8.61,9.042,0.6660499537465315,0.12232415902140684,0.05670744138634049,16.0,160.1699738575962,16.603699999999996,26.97,2025-10-13 18:16:00,20.19717739212641,2.0937,12.46,2025-10-13 11:42:00,True,22.0,False,,,8.726418912539438,9.593889548750697,9.260620473686206,0.37539867286234774,0.04718066289793388,0.32821800996441386
PDYN,2024-11-22,2024-11-22 10:09:00,False,clean_breakout,previous_high_break_with_pullback_low_support_or_previous_resistance,2.75,2.9,2.69,2.855,398481.0,70168.6,5.678907659551423,0.5,0.214285714285714,0.28571428571428603,0.785714285714286,2024-11-22 10:07:00,2.65,2.6199,76114.0,46842.0,0.24999999999999445,2024-11-22 10:08:00,2.61,2.745,0.05555555555555679,0.015094339622641523,0.07735849056603776,2.0,76.88266199649738,2.195,5.05,2024-11-22 15:25:00,22.59194395796848,0.645,3.5,2024-11-22 10:37:00,True,8.0,False,,,2.5305039062753774,2.657421415211804,2.5753277146917695,0.08885468036546218,0.018502974021290516,0.07035170634417166
PDYN,2024-11-22,2024-11-22 10:17:00,False,clean_breakout,previous_high_break_with_pullback_low_support_or_previous_resistance,2.891,3.16,2.89,3.09,985326.0,206620.95,4.768761347772333,0.7370370370370364,0.2592592592592603,0.0037037037037032958,0.7407407407407397,2024-11-22 10:11:00,2.92,2.84,428989.0,103717.25,0.6446414182111213,2024-11-22 10:14:00,2.65,2.7495,0.6666666666666666,0.09246575342465754,0.05821917808219176,6.0,63.43042071197411,1.96,5.05,2024-11-22 15:25:00,13.268608414239488,0.41000000000000014,3.5,2024-11-22 10:37:00,True,7.0,False,,,2.73885741974421,2.842752870060342,2.7297184833936585,0.12214215870280265,0.021757587516588392,0.10038457118621426
SBET,2025-06-11,2025-06-11 09:58:00,False,clean_breakout,previous_high_break_with_pullback_low_support_or_previous_resistance,38.25,40.0,38.0,39.25,71415.0,23810.75,2.9992755373098285,0.5,0.375,0.125,0.625,2025-06-11 09:47:00,38.81,38.65,29120.0,17369.95,0.20779220779221175,2025-06-11 09:53:00,37.0,37.34,0.4415584415584442,0.046637464570986914,0.011337284205101718,11.0,26.165605095541412,10.270000000000003,49.52,2025-06-11 12:02:00,5.7324840764331215,2.25,41.5,2025-06-11 10:19:00,False,,True,2025-06-11 10:05:00,36.56,36.709146161498936,38.04706274375175,37.35318108941684,0.8005365496719676,0.006759586183417321,0.7937769634885503
SBET,2025-06-11,2025-06-11 10:44:00,False,clean_breakout,previous_high_break_with_pullback_low_support_or_previous_resistance,42.77,44.0,42.27,43.48,60570.0,22664.5,2.672461338216153,0.4104046242774538,0.3005780346820833,0.28901734104046295,0.6994219653179167,2025-06-11 10:42:00,43.36,43.36,38556.0,19974.7,0.0,2025-06-11 10:43:00,42.55,42.76,0.2727272727272727,0.018680811808118133,0.0027675276752766936,2.0,13.891444342226325,6.040000000000006,49.52,2025-06-11 12:02:00,9.59061637534499,4.170000000000002,47.65,2025-06-11 11:07:00,False,,True,2025-06-11 10:45:00,42.43,38.745207699877525,42.31724028846546,41.4582446289532,0.9524903951674162,0.1789708062561588,0.7735195889112574
HERE,2025-04-01,2025-04-01 09:49:00,False,clean_breakout,previous_high_break_with_pullback_low_support_or_previous_resistance,5.0,5.2,4.99,5.17,162217.0,80003.0,2.027636463632614,0.8095238095238093,0.14285714285714407,0.04761904761904661,0.857142857142856,2025-04-01 09:44:00,5.08,5.05,86470.0,56247.15,0.25000000000000183,2025-04-01 09:47:00,4.83,4.8889,0.4908333333333288,0.049212598425196846,0.017716535433070838,5.0,27.6595744680851,1.4299999999999997,6.6,2025-04-01 17:25:00,9.284332688588016,0.4800000000000004,5.65,2025-04-01 09:54:00,False,,False,,,4.773574885960615,4.971871859804716,4.826782634663744,0.16448582654059685,0.011175899572608172,0.15330992696798867
HERE,2025-04-01,2025-04-01 09:51:00,False,clean_breakout,previous_high_break_with_pullback_low_support_or_previous_resistance,5.08,5.2999,5.076,5.26,128504.0,84259.2,1.5251034901826745,0.8039303260384072,0.17820455560518175,0.017865118356411077,0.8217954443948182,2025-04-01 09:49:00,5.2,5.17,162217.0,80003.0,0.14285714285714407,2025-04-01 09:50:00,5.04,5.085,0.28124999999999933,0.030769230769230795,0.011538461538461463,2.0,25.47528517110266,1.3399999999999999,6.6,2025-04-01 17:25:00,7.414448669201532,0.39000000000000057,5.65,2025-04-01 09:54:00,False,,False,,,4.816677865453909,5.047597990275018,4.890291453772362,0.17697140405946943,0.015127045279496626,0.1618443587799728
HERE,2025-04-01,2025-04-01 15:00:00,False,clean_breakout,previous_high_break_with_pullback_low_support_or_previous_resistance,6.15,6.33,6.125,6.255,55963.0,9117.25,6.1381447256574075,0.5121951219512171,0.3658536585365861,0.12195121951219681,0.6341463414634139,2025-04-01 14:58:00,6.15,6.15,3684.0,6190.45,0.0,2025-04-01 14:59:00,6.12,6.15,0.0,0.004878048780487845,0.017073170731707242,2.0,5.515587529976015,0.34499999999999975,6.6,2025-04-01 17:25:00,1.8385291766586764,0.11500000000000021,6.37,2025-04-01 15:01:00,False,,False,,,5.432926550841083,6.118590312562401,6.083432219717768,0.03382989141732651,0.013687407038302266,0.02014248437902424
HERE,2025-04-01,2025-04-01 15:56:00,False,clean_breakout,previous_high_break_with_pullback_low_support_or_previous_resistance,6.38,6.5,6.3445,6.478,34704.0,6772.0,5.1246308328411105,0.6302250803858513,0.14147909967845818,0.22829581993569048,0.8585209003215418,2025-04-01 15:54:00,6.44,6.44,6323.0,5242.0,0.0,2025-04-01 15:55:00,6.38,6.4,0.4000000000000107,0.00931677018633548,0.005900621118012324,2.0,1.8832973139857965,0.12199999999999989,6.6,2025-04-01 17:25:00,1.6718122877431283,0.10829999999999984,6.5863,2025-04-01 15:59:00,False,,False,,,5.466407434048086,6.391258663784959,6.330878498886596,0.061695378718182425,0.014021526387558304,0.04767385233062412
LTBR,2024-10-18,2024-10-18 14:23:00,False,clean_breakout,previous_high_break_with_pullback_low_support_or_previous_resistance,6.629,7.11,6.6,7.0001,161206.0,62528.35,2.5781265617915716,0.7276470588235289,0.21549019607843217,0.05686274509803897,0.7845098039215679,2024-10-18 14:21:00,6.6,6.5691,86639.0,58316.4,0.11035714285714285,2024-10-18 14:22:00,6.476,6.6358,0.6396551724137914,0.01878787878787874,0.060621212121212145,2.0,13.569806145626497,0.9499000000000004,7.95,2024-10-18 19:55:00,2.7128183883087473,0.18990000000000062,7.19,2024-10-18 14:24:00,False,,True,2024-10-18 14:47:00,6.38,5.720319764335456,6.520746313053598,6.33896739194317,0.18152990835842076,0.06692780004895134,0.11460210830946942
PHIO,2026-02-13,2026-02-13 09:51:00,False,clean_breakout,previous_high_break_with_pullback_low_support_or_previous_resistance,1.3601,1.4,1.35,1.382,108039.0,31866.75,3.3903363223422534,0.4379999999999977,0.3600000000000016,0.20200000000000068,0.6399999999999983,2026-02-13 09:49:00,1.37,1.355,6199.0,32748.3,0.6666666666666617,2026-02-13 09:50:00,1.35,1.365,0.0,0.014598540145985413,0.008759124087591086,2.0,36.03473227206947,0.498,1.88,2026-02-13 14:08:00,3.4732272069464574,0.04800000000000004,1.43,2026-02-13 10:07:00,False,,False,,,1.3170599200549282,1.3585153573272628,1.3339879404297457,0.030130700209086037,-0.0006988673735811059,0.030829567582667142
PHIO,2026-02-13,2026-02-13 10:58:00,False,clean_breakout,previous_high_break_with_pullback_low_support_or_previous_resistance,1.4541,1.55,1.4541,1.519,335326.0,34979.65,9.586316615517879,0.6767466110531792,0.3232533889468207,0.0,0.6767466110531792,2026-02-13 10:56:00,1.45,1.4466,88498.0,16927.9,0.11333333333332815,2026-02-13 10:57:00,1.44,1.4594,0.0,0.006896551724137937,0.04758620689655169,2.0,23.765635286372614,0.361,1.88,2026-02-13 14:08:00,9.940750493745888,0.15100000000000002,1.67,2026-02-13 11:28:00,False,,False,,,1.3881974444244822,1.4482779709943276,1.4305132326634415,0.015982803926904543,0.008448374063945252,0.007534429862959291
PHIO,2026-02-13,2026-02-13 11:32:00,False,clean_breakout,previous_high_break_with_pullback_low_support_or_previous_resistance,1.65,1.7,1.65,1.7,180341.0,153292.15,1.1764529364354275,1.0,0.0,0.0,1.0,2026-02-13 11:30:00,1.68,1.6697,251919.0,147850.9,0.11444444444444436,2026-02-13 11:31:00,1.64,1.66,0.6666666666666666,0.023809523809523832,0.011904761904761916,2.0,10.588235294117645,0.17999999999999994,1.88,2026-02-13 14:08:00,2.941176470588238,0.050000000000000044,1.75,2026-02-13 11:37:00,False,,True,2026-02-13 11:34:00,1.63,1.5435123060113916,1.6482199199182734,1.6258542668720048,0.028598129927050575,0.0006193060977506756,0.0279788238292999
RDHL,2024-08-01,2024-08-01 12:05:00,False,clean_breakout,previous_high_break_with_pullback_low_support_or_previous_resistance,15.7975,16.2925,15.7575,16.145,90288.8,28304.665999999997,3.1898910236213354,0.649532710280374,0.2757009345794408,0.0747663551401853,0.7242990654205592,2024-08-01 12:01:00,15.96,15.91,48387.6,24355.518000000004,0.0680272108843546,2024-08-01 12:03:00,15.4575,15.7175,0.5252525252525237,0.031484962406015116,0.011591478696741774,4.0,26.974295447506975,4.355,20.5,2024-08-01 16:06:00,18.798389594301643,3.035,19.18,2024-08-01 12:28:00,True,10.0,False,,,14.764601728207719,15.677042999265478,15.305499085546176,0.3836298975909127,0.09659853081745823,0.2870313667734545
QMCO,2024-12-18,2024-12-18 09:49:00,False,clean_breakout,previous_high_break_with_pullback_low_support_or_previous_resistance,24.98,26.0,24.78,25.95,35056.0,26977.25,1.2994652901982227,0.7950819672131145,0.04098360655737767,0.16393442622950777,0.9590163934426224,2024-12-18 09:47:00,25.5,25.4,39647.0,23366.75,0.1298701298701318,2024-12-18 09:48:00,24.55,24.78,0.24210526315789538,0.037254901960784285,0.017647058823529384,2.0,151.4450867052023,39.3,65.25,2024-12-18 16:32:00,9.441233140655104,2.4499999999999993,28.4,2024-12-18 10:14:00,False,,False,,,23.49220913597272,24.670816227859895,23.951661358475445,0.6831692346922615,0.24591857132290101,0.4372506633693605
QMCO,2024-12-18,2024-12-18 11:21:00,False,clean_breakout,previous_high_break_with_pullback_low_support_or_previous_resistance,29.0,30.0,28.98,29.99,73092.0,16184.45,4.516186833658233,0.9705882352941165,0.009803921568628988,0.019607843137254492,0.990196078431371,2024-12-18 11:18:00,29.0,28.6,17204.0,13063.9,0.6250000000000009,2024-12-18 11:19:00,28.18,28.5,0.5423728813559329,0.028275862068965527,0.034137931034482705,3.0,117.57252417472492,35.260000000000005,65.25,2024-12-18 16:32:00,23.941313771257096,7.180000000000003,37.17,2024-12-18 11:45:00,True,12.0,False,,,25.739331003036597,28.843544281522814,28.313415363077976,0.599822819378879,0.0604865153899099,0.5393363039889691
QMCO,2024-12-18,2024-12-18 11:33:00,False,clean_breakout,previous_high_break_with_pullback_low_support_or_previous_resistance,31.45,33.34,31.45,33.2,69616.0,27201.65,2.5592565156893055,0.9259259259259258,0.07407407407407421,0.0,0.9259259259259258,2024-12-18 11:28:00,31.75,31.51,45865.0,24290.45,0.44444444444444225,2024-12-18 11:30:00,31.07,31.21,0.2641509433962269,0.02141732283464566,0.04566929133858277,5.0,96.53614457831323,32.05,65.25,2024-12-18 16:32:00,28.012048192771072,9.299999999999997,42.5,2024-12-18 12:00:00,True,11.0,False,,,26.53043997494374,31.46430053227182,30.49442843198001,1.0954258039808273,0.1041427129242789,0.9912830910565484
QMCO,2024-12-18,2024-12-18 11:39:00,False,clean_breakout,previous_high_break_with_pullback_low_support_or_previous_resistance,32.91,33.9,32.6,33.9,41481.0,33156.5,1.2510669099573235,0.7615384615384647,0.0,0.23846153846153526,1.0,2024-12-18 11:35:00,33.5,32.5,55926.0,30303.35,0.4098360655737709,2024-12-18 11:36:00,32.2,32.68,0.3896103896103879,0.038805970149253646,0.011940298507462643,4.0,92.4778761061947,31.35,65.25,2024-12-18 16:32:00,25.368731563421836,8.600000000000001,42.5,2024-12-18 12:00:00,True,14.0,False,,,26.95268822499795,32.722272958731864,31.66968090598324,1.2264823739433481,0.09803632316198652,1.1284460507813616
QMCO,2024-12-18,2024-12-18 11:44:00,False,clean_breakout,previous_high_break_with_pullback_low_support_or_previous_resistance,34.5,36.7,34.23,36.21,80585.0,39974.25,2.015922750270487,0.692307692307691,0.19838056680161975,0.10931174089068926,0.8016194331983802,2024-12-18 11:41:00,35.53,35.31,77945.0,36088.6,0.18032786885245825,2024-12-18 11:43:00,33.3,34.45,0.22500000000000206,0.06276386152547155,0.019138755980861236,3.0,80.19884009942004,29.04,65.25,2024-12-18 16:32:00,17.37089201877934,6.289999999999999,42.5,2024-12-18 12:00:00,True,15.0,False,,,27.771907453912164,34.22945840311726,32.93579587811961,1.4723313545110557,0.17165933469663375,1.300672019814422
QMCO,2024-12-18,2024-12-18 11:53:00,False,clean_breakout,previous_high_break_with_pullback_low_support_or_previous_resistance,35.63,38.09,35.44,37.98,108312.0,50756.3,2.133961695395448,0.8867924528301846,0.04150943396226653,0.07169811320754883,0.9584905660377335,2024-12-18 11:45:00,37.17,36.34,64926.0,41205.3,0.6102941176470579,2024-12-18 11:49:00,33.33,33.6,0.3417721518987385,0.1033091202582729,0.02179176755447929,8.0,71.80094786729859,27.270000000000003,65.25,2024-12-18 16:32:00,17.03528172722487,6.470000000000006,44.45,2024-12-18 12:22:00,True,7.0,False,,,28.806964742074985,35.406253508416924,34.397367687425806,1.2575648764148397,-0.05262227831586541,1.3101871547307051
TRT,2026-04-23,2026-04-23 09:57:00,False,clean_breakout,previous_high_break_with_pullback_low_support_or_previous_resistance,12.58,13.39,12.4,13.235,292048.0,97570.05,2.993213593720614,0.6616161616161609,0.15656565656565768,0.1818181818181815,0.8434343434343423,2026-04-23 09:51:00,12.8899,12.3994,209734.0,90510.55,0.47367497367497585,2026-04-23 09:54:00,11.97,12.2001,0.34848484848484906,0.07136595318815507,0.026772899712177643,6.0,23.536078579524006,3.115000000000002,16.35,2026-04-23 11:50:00,3.891197582168497,0.5150000000000006,13.75,2026-04-23 09:59:00,False,,False,,,11.704720315904718,12.526306040586634,12.20493613284786,0.36202524094359134,0.03613678946671284,0.3258884514768785
TRT,2026-04-23,2026-04-23 10:49:00,False,clean_breakout,previous_high_break_with_pullback_low_support_or_previous_resistance,14.305,14.7299,14.21,14.56,167992.0,121493.55,1.382723609607259,0.4904789382573589,0.326793614156569,0.18272744758607212,0.673206385843431,2026-04-23 10:46:00,14.5,14.275,94872.0,115162.4,0.28571428571428664,2026-04-23 10:47:00,14.2,14.38,0.22000000000000597,0.02068965517241384,0.0041379310344827926,3.0,12.293956043956051,1.790000000000001,16.35,2026-04-23 11:50:00,3.0219780219780183,0.4399999999999995,15.0,2026-04-23 10:53:00,False,,True,2026-04-23 10:50:00,13.87,12.590177792666557,14.129358651815098,13.794897292775536,0.3455941474498516,0.11532529331856628,0.23026885413128534
QMCO,2025-02-12,2025-02-12 13:03:00,False,clean_breakout,previous_high_break_with_pullback_low_support_or_previous_resistance,21.4,22.06,21.39,21.91,31757.0,13567.5,2.3406670351943983,0.7611940298507507,0.22388059701492388,0.01492537313432543,0.7761194029850761,2025-02-12 13:01:00,21.45,21.3,5403.0,12984.15,0.20833333333333764,2025-02-12 13:02:00,21.1,21.36,0.38461538461537936,0.01631701631701622,0.021445221445221485,2.0,34.09402099497946,7.469999999999999,29.38,2025-02-12 16:29:00,5.248744865358277,1.1499999999999986,23.06,2025-02-12 13:29:00,False,,False,,,19.365148986000637,21.28470405284494,20.916085570891713,0.4351171712481907,0.022887111404065408,0.4122300598441253
QMCO,2025-02-12,2025-02-12 13:37:00,False,clean_breakout,previous_high_break_with_pullback_low_support_or_previous_resistance,23.6,23.6,23.01,23.16,20057.0,11809.75,1.6983424712631512,0.7457627118644091,0.0,0.2542372881355909,0.2542372881355909,2025-02-12 13:35:00,23.15,23.08,27544.0,10872.05,0.1707317073170738,2025-02-12 13:36:00,23.07,23.6,0.012499999999997503,0.0034557235421165573,0.0004319654427646464,2.0,26.856649395509496,6.219999999999999,29.38,2025-02-12 16:29:00,9.930915371329881,2.3000000000000007,25.46,2025-02-12 13:57:00,False,,True,2025-02-12 13:38:00,22.37,20.587881909874024,23.05856824596196,22.8357608196221,0.3023344684355571,-0.007899735518936135,0.31023420395449325
SDEV,2025-09-04,2025-09-04 10:57:00,False,clean_breakout,previous_high_break_with_pullback_low_support_or_previous_resistance,17.475,18.0,17.45,17.9005,24314.8,9324.990000000002,2.6074880509255234,0.7736363636363618,0.1809090909090889,0.04545454545454927,0.8190909090909111,2025-09-04 10:55:00,17.5,17.425,23286.0,7990.2400000000025,0.007518796992481471,2025-09-04 10:56:00,17.3,17.4935,0.6250000000000022,0.011428571428571389,0.022885714285714343,2.0,35.75039803357448,6.3995,24.3,2025-09-04 17:37:00,4.187033881735133,0.7494999999999976,18.65,2025-09-04 11:17:00,False,,True,2025-09-04 10:58:00,17.05,15.753006934366272,17.40208978653579,17.054489096096546,0.3794806656180967,0.05862620802491281,0.3208544575931839
SDEV,2025-09-04,2025-09-04 14:00:00,False,clean_breakout,previous_high_break_with_pullback_low_support_or_previous_resistance,19.2,19.95,19.2,19.8995,41582.2,12082.91,3.4414060851235337,0.9326666666666673,0.06733333333333273,0.0,0.9326666666666673,2025-09-04 13:52:00,19.25,19.0,16787.2,7492.0,0.16666666666666863,2025-09-04 13:53:00,18.25,18.85,0.8005336891260847,0.05194805194805195,0.03374025974025973,8.0,22.113620945249885,4.400500000000001,24.3,2025-09-04 17:37:00,0.0,0.0,19.8995,2025-09-04 14:04:00,False,,False,,,16.98199687770225,19.109500248289695,18.88030415619808,0.25636729445487205,0.027943857447210174,0.22842343700766188
SDEV,2025-09-04,2025-09-04 14:01:00,False,clean_breakout,previous_high_break_with_pullback_low_support_or_previous_resistance,19.7,19.85,19.157,19.3075,29260.2,13408.16,2.182268111359053,0.5663780663780628,0.21645021645021909,0.21717171717171813,0.21717171717171813,2025-09-04 13:59:00,19.25,19.25,16019.0,10042.45,0.0,2025-09-04 14:00:00,19.2,19.8995,0.0,0.0025974025974026343,0.002987012987013039,2.0,25.857827269195905,4.9925,24.3,2025-09-04 17:37:00,3.0661659976692928,0.5919999999999987,19.8995,2025-09-04 14:04:00,False,,True,2025-09-04 14:08:00,19.1,17.01733148865882,19.149100198631757,18.920989474655403,0.259078741612754,0.03433142911679027,0.22474731249596375
SDEV,2025-09-04,2025-09-04 14:53:00,False,clean_breakout,previous_high_break_with_pullback_low_support_or_previous_resistance,20.5955,21.4,20.5,21.203,34991.0,14865.540000000003,2.353833093180604,0.674999999999999,0.21888888888888833,0.10611111111111267,0.7811111111111116,2025-09-04 14:43:00,21.0,20.6,37186.2,11009.380000000001,0.5361930294906156,2025-09-04 14:47:00,20.3,20.592,0.17500000000000132,0.0333333333333333,0.009666666666666638,10.0,14.606423619299164,3.0970000000000013,24.3,2025-09-04 17:37:00,4.7021647880016975,0.9969999999999999,22.2,2025-09-04 15:07:00,False,,False,,,17.644210178524144,20.626284030490265,20.361045412429853,0.3166430402572651,0.004350397696954111,0.312292642560311
SDEV,2025-09-04,2025-09-04 10:57:00,False,clean_breakout,previous_high_break_with_pullback_low_support_or_previous_resistance,17.475,18.0,17.45,17.9005,24314.8,9324.990000000002,2.6074880509255234,0.7736363636363618,0.1809090909090889,0.04545454545454927,0.8190909090909111,2025-09-04 10:55:00,17.5,17.425,23286.0,7990.2400000000025,0.007518796992481471,2025-09-04 10:56:00,17.3,17.4935,0.6250000000000022,0.011428571428571389,0.022885714285714343,2.0,35.75039803357448,6.3995,24.3,2025-09-04 17:37:00,4.187033881735133,0.7494999999999976,18.65,2025-09-04 11:17:00,False,,True,2025-09-04 10:58:00,17.05,15.753006934366272,17.40208978653579,17.054489096096546,0.3794806656180967,0.05862620802491281,0.3208544575931839
SDEV,2025-09-04,2025-09-04 14:00:00,False,clean_breakout,previous_high_break_with_pullback_low_support_or_previous_resistance,19.2,19.95,19.2,19.8995,41582.2,12082.91,3.4414060851235337,0.9326666666666673,0.06733333333333273,0.0,0.9326666666666673,2025-09-04 13:52:00,19.25,19.0,16787.2,7492.0,0.16666666666666863,2025-09-04 13:53:00,18.25,18.85,0.8005336891260847,0.05194805194805195,0.03374025974025973,8.0,22.113620945249885,4.400500000000001,24.3,2025-09-04 17:37:00,0.0,0.0,19.8995,2025-09-04 14:04:00,False,,False,,,16.98199687770225,19.109500248289695,18.88030415619808,0.25636729445487205,0.027943857447210174,0.22842343700766188
SDEV,2025-09-04,2025-09-04 14:01:00,False,clean_breakout,previous_high_break_with_pullback_low_support_or_previous_resistance,19.7,19.85,19.157,19.3075,29260.2,13408.16,2.182268111359053,0.5663780663780628,0.21645021645021909,0.21717171717171813,0.21717171717171813,2025-09-04 13:59:00,19.25,19.25,16019.0,10042.45,0.0,2025-09-04 14:00:00,19.2,19.8995,0.0,0.0025974025974026343,0.002987012987013039,2.0,25.857827269195905,4.9925,24.3,2025-09-04 17:37:00,3.0661659976692928,0.5919999999999987,19.8995,2025-09-04 14:04:00,False,,True,2025-09-04 14:08:00,19.1,17.01733148865882,19.149100198631757,18.920989474655403,0.259078741612754,0.03433142911679027,0.22474731249596375
SDEV,2025-09-04,2025-09-04 14:53:00,False,clean_breakout,previous_high_break_with_pullback_low_support_or_previous_resistance,20.5955,21.4,20.5,21.203,34991.0,14865.540000000003,2.353833093180604,0.674999999999999,0.21888888888888833,0.10611111111111267,0.7811111111111116,2025-09-04 14:43:00,21.0,20.6,37186.2,11009.380000000001,0.5361930294906156,2025-09-04 14:47:00,20.3,20.592,0.17500000000000132,0.0333333333333333,0.009666666666666638,10.0,14.606423619299164,3.0970000000000013,24.3,2025-09-04 17:37:00,4.7021647880016975,0.9969999999999999,22.2,2025-09-04 15:07:00,False,,False,,,17.644210178524144,20.626284030490265,20.361045412429853,0.3166430402572651,0.004350397696954111,0.312292642560311
SBET,2025-05-29,2025-05-29 13:47:00,False,clean_breakout,previous_high_break_with_pullback_low_support_or_previous_resistance,54.33,55.8,54.0,55.28,52189.0,47705.45,1.0939840206936524,0.5277777777777802,0.28888888888888714,0.18333333333333268,0.7111111111111129,2025-05-29 13:44:00,54.74,54.2,56252.0,45463.7,0.033613445378150406,2025-05-29 13:45:00,53.5,54.05,0.624999999999995,0.022652539276580234,0.009864815491413942,3.0,93.25253256150505,51.55,106.83,2025-05-29 16:17:00,9.442836468885671,5.219999999999999,60.5,2025-05-29 13:54:00,False,,False,,,43.971015784127864,53.983643266443906,52.72772038223666,1.5027871642882928,0.03391409250164967,1.4688730717866432
QMCO,2024-12-26,2024-12-26 09:49:00,False,clean_breakout,previous_high_break_with_pullback_low_support_or_previous_resistance,48.0,49.37,47.94,49.17,28675.0,9140.25,3.137222723667296,0.8181818181818196,0.1398601398601369,0.041958041958043556,0.8601398601398631,2024-12-26 09:46:00,48.5,48.23,18025.0,7112.0,0.40909090909091594,2024-12-26 09:48:00,47.81,48.2,0.8974358974358816,0.014226804123711294,0.013814432989690756,3.0,61.663616026032116,30.319999999999993,79.49,2024-12-26 19:30:00,8.704494610534882,4.280000000000001,53.45,2024-12-26 09:58:00,False,,False,,,46.74396086649204,47.87145324427343,46.85826868524047,1.0678872879578165,0.19855053826895197,0.8693367496888645
QMCO,2024-12-26,2024-12-26 09:56:00,False,clean_breakout,previous_high_break_with_pullback_low_support_or_previous_resistance,49.04,50.88,48.97,50.88,35929.0,13000.6,2.7636416780763966,0.963350785340314,0.0,0.036649214659685944,1.0,2024-12-26 09:50:00,49.49,49.01,23302.0,9625.3,0.38095238095237977,2024-12-26 09:55:00,48.17,49.3,0.3008849557522103,0.026672054960598105,0.028086482117599527,6.0,56.23034591194966,28.609999999999992,79.49,2024-12-26 19:30:00,5.051100628930818,2.5700000000000003,53.45,2024-12-26 09:58:00,False,,False,,,47.69759468133307,49.136015999413466,48.106811630159136,1.1702252096232613,0.08725151900197448,1.0829736906212868
QMCO,2024-12-26,2024-12-26 12:37:00,False,clean_breakout,previous_high_break_with_pullback_low_support_or_previous_resistance,59.78,62.7,59.78,62.56,65992.0,10628.9,6.2087327945507065,0.9520547945205478,0.04794520547945222,0.0,0.9520547945205478,2024-12-26 12:34:00,59.9,59.51,9718.0,8142.5,0.12820512820512073,2024-12-26 12:35:00,58.86,59.3,0.555555555555552,0.017362270450751238,0.044407345575959996,3.0,27.062020460358045,16.929999999999993,79.49,2024-12-26 19:30:00,7.832480818414308,4.8999999999999915,67.46,2024-12-26 12:43:00,False,,False,,,53.5325963301368,59.88677979734848,59.02438034873874,0.826339608289345,0.2900698873304135,0.5362697209589316
QMCO,2024-12-26,2024-12-26 15:51:00,False,clean_breakout,previous_high_break_with_pullback_low_support_or_previous_resistance,69.65,70.58,69.49,70.58,30108.0,12731.5,2.3648431056827555,0.8532110091743025,0.0,0.14678899082569752,1.0,2024-12-26 15:49:00,69.7,69.69,8779.0,11719.95,0.028571428571442493,2024-12-26 15:50:00,69.35,69.67,0.5333333333333381,0.0050215208034434505,0.012625538020086018,2.0,12.62397279682629,8.909999999999997,79.49,2024-12-26 19:30:00,1.9127231510342995,1.3500000000000085,71.93,2024-12-26 15:53:00,False,,True,2024-12-26 15:56:00,69.3,59.03516649213518,69.34378438698077,68.49604380445604,1.029956488754948,0.05637234122653789,0.97358414752841
RMSG,2026-04-16,2026-04-16 11:15:00,False,clean_breakout,previous_high_break_with_pullback_low_support_or_previous_resistance,2.4191,2.75,2.4191,2.64,697012.0,156487.1,4.454117943268167,0.6675732849803572,0.3324267150196428,0.0,0.6675732849803572,2026-04-16 11:08:00,2.46,2.4314,346067.0,103457.2,0.1682352941176469,2026-04-16 11:09:00,2.26,2.33,0.3888888888888901,0.08130081300813015,0.07317073170731714,7.0,26.89393939393939,0.71,3.35,2026-04-16 11:29:00,26.89393939393939,0.71,3.35,2026-04-16 11:29:00,True,3.0,False,,,2.2116669475646336,2.4110413299273175,2.290734295945422,0.13244828018073918,0.019766763399058945,0.11268151678168023
SDEV,2025-09-04,2025-09-04 10:57:00,False,clean_breakout,previous_high_break_with_pullback_low_support_or_previous_resistance,17.475,18.0,17.45,17.9005,24314.8,9324.990000000002,2.6074880509255234,0.7736363636363618,0.1809090909090889,0.04545454545454927,0.8190909090909111,2025-09-04 10:55:00,17.5,17.425,23286.0,7990.2400000000025,0.007518796992481471,2025-09-04 10:56:00,17.3,17.4935,0.6250000000000022,0.011428571428571389,0.022885714285714343,2.0,35.75039803357448,6.3995,24.3,2025-09-04 17:37:00,4.187033881735133,0.7494999999999976,18.65,2025-09-04 11:17:00,False,,True,2025-09-04 10:58:00,17.05,15.753006934366272,17.40208978653579,17.054489096096546,0.3794806656180967,0.05862620802491281,0.3208544575931839
SDEV,2025-09-04,2025-09-04 14:00:00,False,clean_breakout,previous_high_break_with_pullback_low_support_or_previous_resistance,19.2,19.95,19.2,19.8995,41582.2,12082.91,3.4414060851235337,0.9326666666666673,0.06733333333333273,0.0,0.9326666666666673,2025-09-04 13:52:00,19.25,19.0,16787.2,7492.0,0.16666666666666863,2025-09-04 13:53:00,18.25,18.85,0.8005336891260847,0.05194805194805195,0.03374025974025973,8.0,22.113620945249885,4.400500000000001,24.3,2025-09-04 17:37:00,0.0,0.0,19.8995,2025-09-04 14:04:00,False,,False,,,16.98199687770225,19.109500248289695,18.88030415619808,0.25636729445487205,0.027943857447210174,0.22842343700766188
SDEV,2025-09-04,2025-09-04 14:01:00,False,clean_breakout,previous_high_break_with_pullback_low_support_or_previous_resistance,19.7,19.85,19.157,19.3075,29260.2,13408.16,2.182268111359053,0.5663780663780628,0.21645021645021909,0.21717171717171813,0.21717171717171813,2025-09-04 13:59:00,19.25,19.25,16019.0,10042.45,0.0,2025-09-04 14:00:00,19.2,19.8995,0.0,0.0025974025974026343,0.002987012987013039,2.0,25.857827269195905,4.9925,24.3,2025-09-04 17:37:00,3.0661659976692928,0.5919999999999987,19.8995,2025-09-04 14:04:00,False,,True,2025-09-04 14:08:00,19.1,17.01733148865882,19.149100198631757,18.920989474655403,0.259078741612754,0.03433142911679027,0.22474731249596375
SDEV,2025-09-04,2025-09-04 14:53:00,False,clean_breakout,previous_high_break_with_pullback_low_support_or_previous_resistance,20.5955,21.4,20.5,21.203,34991.0,14865.540000000003,2.353833093180604,0.674999999999999,0.21888888888888833,0.10611111111111267,0.7811111111111116,2025-09-04 14:43:00,21.0,20.6,37186.2,11009.380000000001,0.5361930294906156,2025-09-04 14:47:00,20.3,20.592,0.17500000000000132,0.0333333333333333,0.009666666666666638,10.0,14.606423619299164,3.0970000000000013,24.3,2025-09-04 17:37:00,4.7021647880016975,0.9969999999999999,22.2,2025-09-04 15:07:00,False,,False,,,17.644210178524144,20.626284030490265,20.361045412429853,0.3166430402572651,0.004350397696954111,0.312292642560311
QMCO,2024-12-18,2024-12-18 09:49:00,False,clean_breakout,previous_high_break_with_pullback_low_support_or_previous_resistance,24.98,26.0,24.78,25.95,35056.0,26977.25,1.2994652901982227,0.7950819672131145,0.04098360655737767,0.16393442622950777,0.9590163934426224,2024-12-18 09:47:00,25.5,25.4,39647.0,23366.75,0.1298701298701318,2024-12-18 09:48:00,24.55,24.78,0.24210526315789538,0.037254901960784285,0.017647058823529384,2.0,151.4450867052023,39.3,65.25,2024-12-18 16:32:00,9.441233140655104,2.4499999999999993,28.4,2024-12-18 10:14:00,False,,False,,,23.49220913597272,24.670816227859895,23.951661358475445,0.6831692346922615,0.24591857132290101,0.4372506633693605
QMCO,2024-12-18,2024-12-18 11:21:00,False,clean_breakout,previous_high_break_with_pullback_low_support_or_previous_resistance,29.0,30.0,28.98,29.99,73092.0,16184.45,4.516186833658233,0.9705882352941165,0.009803921568628988,0.019607843137254492,0.990196078431371,2024-12-18 11:18:00,29.0,28.6,17204.0,13063.9,0.6250000000000009,2024-12-18 11:19:00,28.18,28.5,0.5423728813559329,0.028275862068965527,0.034137931034482705,3.0,117.57252417472492,35.260000000000005,65.25,2024-12-18 16:32:00,23.941313771257096,7.180000000000003,37.17,2024-12-18 11:45:00,True,12.0,False,,,25.739331003036597,28.843544281522814,28.313415363077976,0.599822819378879,0.0604865153899099,0.5393363039889691
QMCO,2024-12-18,2024-12-18 11:33:00,False,clean_breakout,previous_high_break_with_pullback_low_support_or_previous_resistance,31.45,33.34,31.45,33.2,69616.0,27201.65,2.5592565156893055,0.9259259259259258,0.07407407407407421,0.0,0.9259259259259258,2024-12-18 11:28:00,31.75,31.51,45865.0,24290.45,0.44444444444444225,2024-12-18 11:30:00,31.07,31.21,0.2641509433962269,0.02141732283464566,0.04566929133858277,5.0,96.53614457831323,32.05,65.25,2024-12-18 16:32:00,28.012048192771072,9.299999999999997,42.5,2024-12-18 12:00:00,True,11.0,False,,,26.53043997494374,31.46430053227182,30.49442843198001,1.0954258039808273,0.1041427129242789,0.9912830910565484
QMCO,2024-12-18,2024-12-18 11:39:00,False,clean_breakout,previous_high_break_with_pullback_low_support_or_previous_resistance,32.91,33.9,32.6,33.9,41481.0,33156.5,1.2510669099573235,0.7615384615384647,0.0,0.23846153846153526,1.0,2024-12-18 11:35:00,33.5,32.5,55926.0,30303.35,0.4098360655737709,2024-12-18 11:36:00,32.2,32.68,0.3896103896103879,0.038805970149253646,0.011940298507462643,4.0,92.4778761061947,31.35,65.25,2024-12-18 16:32:00,25.368731563421836,8.600000000000001,42.5,2024-12-18 12:00:00,True,14.0,False,,,26.95268822499795,32.722272958731864,31.66968090598324,1.2264823739433481,0.09803632316198652,1.1284460507813616
QMCO,2024-12-18,2024-12-18 11:44:00,False,clean_breakout,previous_high_break_with_pullback_low_support_or_previous_resistance,34.5,36.7,34.23,36.21,80585.0,39974.25,2.015922750270487,0.692307692307691,0.19838056680161975,0.10931174089068926,0.8016194331983802,2024-12-18 11:41:00,35.53,35.31,77945.0,36088.6,0.18032786885245825,2024-12-18 11:43:00,33.3,34.45,0.22500000000000206,0.06276386152547155,0.019138755980861236,3.0,80.19884009942004,29.04,65.25,2024-12-18 16:32:00,17.37089201877934,6.289999999999999,42.5,2024-12-18 12:00:00,True,15.0,False,,,27.771907453912164,34.22945840311726,32.93579587811961,1.4723313545110557,0.17165933469663375,1.300672019814422
QMCO,2024-12-18,2024-12-18 11:53:00,False,clean_breakout,previous_high_break_with_pullback_low_support_or_previous_resistance,35.63,38.09,35.44,37.98,108312.0,50756.3,2.133961695395448,0.8867924528301846,0.04150943396226653,0.07169811320754883,0.9584905660377335,2024-12-18 11:45:00,37.17,36.34,64926.0,41205.3,0.6102941176470579,2024-12-18 11:49:00,33.33,33.6,0.3417721518987385,0.1033091202582729,0.02179176755447929,8.0,71.80094786729859,27.270000000000003,65.25,2024-12-18 16:32:00,17.03528172722487,6.470000000000006,44.45,2024-12-18 12:22:00,True,7.0,False,,,28.806964742074985,35.406253508416924,34.397367687425806,1.2575648764148397,-0.05262227831586541,1.3101871547307051
HYPD,2025-06-17,2025-06-17 10:01:00,False,clean_breakout,previous_high_break_with_pullback_low_support_or_previous_resistance,3.55,3.69,3.5298,3.62,61076.0,19695.7,3.1009814324954177,0.43695380774032605,0.4369538077403233,0.1260923845193507,0.5630461922596768,2025-06-17 09:57:00,3.575,3.5688,25433.0,16219.35,0.09538461538461797,2025-06-17 09:59:00,3.51,3.53,0.5,0.018181818181818292,0.012587412587412567,4.0,126.79558011049726,4.590000000000001,8.21,2025-06-17 15:06:00,35.35911602209945,1.2800000000000002,4.9,2025-06-17 10:26:00,True,6.0,False,,,3.37637400580586,3.5258073936113123,3.434139404985724,0.09804588361726863,0.01409734286866357,0.08394854074860505
HYPD,2025-06-17,2025-06-17 14:57:00,False,clean_breakout,previous_high_break_with_pullback_low_support_or_previous_resistance,5.58,6.4194,5.51,6.3,573913.0,82273.0,6.975714997629842,0.791730811524081,0.13129535957774416,0.07697382889817488,0.8687046404222558,2025-06-17 14:55:00,5.55,5.4245,521531.0,31254.5,0.17676056338028132,2025-06-17 14:56:00,5.27,5.5503,0.4577006507592203,0.0504504504504505,0.13513513513513514,2.0,30.317460317460338,1.910000000000001,8.21,2025-06-17 15:06:00,30.317460317460338,1.910000000000001,8.21,2025-06-17 15:06:00,True,3.0,False,,,4.664601228078562,5.3335207146650285,5.1053465212008105,0.1838895079872902,0.13293386676992303,0.05095564121736717
QTTB,2025-07-10,2025-07-10 10:42:00,False,clean_breakout,previous_high_break_with_pullback_low_support_or_previous_resistance,2.12,2.29,2.08,2.285,444831.0,151642.8,2.9334132579984016,0.785714285714286,0.023809523809523305,0.1904761904761907,0.9761904761904767,2025-07-10 10:38:00,2.1899,2.17,412099.0,72648.6,0.12445278298936963,2025-07-10 10:39:00,1.95,2.06,0.4782608695652174,0.1095483812046213,0.04342664048586691,4.0,64.11378555798686,1.4649999999999999,3.75,2025-07-10 15:55:00,26.914660831509835,0.6149999999999998,2.9,2025-07-10 10:59:00,True,2.0,False,,,2.0303173110249975,2.0818448927104662,1.9668491719874583,0.11608174394841742,0.03560832898140892,0.0804734149670085
QTTB,2025-07-10,2025-07-10 15:45:00,False,clean_breakout,previous_high_break_with_pullback_low_support_or_previous_resistance,2.764,2.94,2.73,2.9371,461860.0,208853.55,2.211406030685138,0.8242857142857156,0.013809523809523348,0.16190476190476102,0.9861904761904766,2025-07-10 15:43:00,2.9,2.845,313781.0,174816.6,0.499999999999998,2025-07-10 15:44:00,2.72,2.7489,0.2064285714285698,0.06206896551724128,0.012793103448275908,2.0,27.67696026692996,0.8129,3.75,2025-07-10 15:55:00,27.67696026692996,0.8129,3.75,2025-07-10 15:55:00,True,8.0,False,,,2.4040279092235957,2.770934744753392,2.6585325866199585,0.11902660350945604,0.018835077998475253,0.10019152551098079
QTTB,2025-07-10,2025-07-10 15:53:00,False,clean_breakout,previous_high_break_with_pullback_low_support_or_previous_resistance,2.91,3.24,2.91,3.23,800330.0,365648.5,2.1887960705431584,0.9696969696969691,0.030303030303030998,0.0,0.9696969696969691,2025-07-10 15:49:00,3.15,2.99,541380.0,312987.4,0.7500000000000006,2025-07-10 15:52:00,2.76,2.9198,0.7052941176470593,0.12380952380952386,0.02539682539682542,4.0,16.09907120743034,0.52,3.75,2025-07-10 15:55:00,16.09907120743034,0.52,3.75,2025-07-10 15:55:00,True,1.0,False,,,2.449834304315544,2.9699600564023263,2.8448085769787146,0.1429070569638382,0.010344692282049844,0.13256236468178836
INTS,2025-10-30,2025-10-30 11:58:00,False,clean_breakout,previous_high_break_with_pullback_low_support_or_previous_resistance,21.0,22.75,20.875,22.2475,273229.08,122725.42199999999,2.2263445954987224,0.6653333333333327,0.2680000000000007,0.06666666666666667,0.7319999999999993,2025-10-30 11:55:00,21.4875,20.4025,301148.16,110486.57800000001,0.4637037037037051,2025-10-30 11:56:00,20.305,20.5425,0.30857142857143216,0.05503199534613152,0.035369400814426896,3.0,95.52758736936735,21.2525,43.5,2025-10-30 13:53:00,23.60939431396787,5.252500000000001,27.5,2025-10-30 12:26:00,True,18.0,False,,,18.56569099865451,20.89122107967039,20.330273751930935,0.605082838001394,0.07354160234412621,0.5315412356572677
INTS,2025-10-30,2025-10-30 13:20:00,False,clean_breakout,previous_high_break_with_pullback_low_support_or_previous_resistance,29.25,32.25,28.75,31.275,257447.96,129384.71600000001,1.9897864907011116,0.5785714285714282,0.27857142857142897,0.14285714285714285,0.721428571428571,2025-10-30 13:16:00,30.75,28.9975,228261.04,126424.312,0.1875,2025-10-30 13:17:00,28.5,29.2475,0.21714285714285658,0.07317073170731707,0.01707317073170727,4.0,39.08872901678658,12.225000000000001,43.5,2025-10-30 13:53:00,26.298960831334938,8.225000000000001,39.5,2025-10-30 13:47:00,True,16.0,False,,,20.373964828671248,29.42148597252364,28.22188423271515,1.3044784435578762,0.17993854298415934,1.1245399005737169
RZLV,2024-12-17,2024-12-17 11:15:00,False,clean_breakout,previous_high_break_with_pullback_low_support_or_previous_resistance,2.82,2.94,2.82,2.9299,283173.0,131623.7,2.1513830715896907,0.9158333333333334,0.08416666666666657,0.0,0.9158333333333334,2024-12-17 11:12:00,2.89,2.879,226516.0,94065.95,0.18363939899833168,2024-12-17 11:13:00,2.77,2.869,0.9900000000000011,0.041522491349481,0.013806228373702361,3.0,36.52343083381685,1.0701,4.0,2024-12-17 13:17:00,4.7441892214751435,0.13900000000000023,3.0689,2024-12-17 11:22:00,False,,True,2024-12-17 11:28:00,2.73,2.530948089988276,2.812545939068267,2.7425956031272287,0.0653519967095022,0.029175490694298978,0.036176506015203225
SCWO,2025-10-23,2025-10-23 10:34:00,False,clean_breakout,previous_high_break_with_pullback_low_support_or_previous_resistance,4.066,4.155,4.066,4.154,5688.5,1260.375,4.513339283943271,0.9887640449438165,0.011235955056183475,0.0,0.9887640449438165,2025-10-23 10:32:00,4.1,4.092,2002.2,900.0899999999999,0.8749999999999584,2025-10-23 10:33:00,4.081,4.094,0.7647058823529597,0.00463414634146323,0.01317073170731714,2.0,39.62445835339432,1.646,5.8,2025-10-23 14:46:00,2.3110255175734253,0.09600000000000009,4.25,2025-10-23 10:37:00,False,,True,2025-10-23 10:42:00,4.066,3.894042811783309,4.0578282069524665,4.008532651012586,0.04632724959961543,0.02226004627440885,0.02406720332520658
SCWO,2025-10-23,2025-10-23 12:06:00,False,clean_breakout,previous_high_break_with_pullback_low_support_or_previous_resistance,4.117,4.178,4.117,4.149,1133.2,860.9649999999999,1.3161975225473743,0.5245901639344271,0.4754098360655728,0.0,0.5245901639344271,2025-10-23 12:03:00,4.133,4.133,1320.0,845.265,0.0,2025-10-23 12:04:00,4.101,4.101,0.0,0.0077425598838616085,0.0038712799419308042,3.0,39.79272113762352,1.6509999999999998,5.8,2025-10-23 14:46:00,3.15738732224633,0.13100000000000023,4.28,2025-10-23 12:20:00,False,,False,,,3.9699333845488227,4.115220929614461,4.096979990412706,0.018474074939046403,0.003963907762430489,0.014510167176615914
SCWO,2025-10-23,2025-10-23 14:02:00,False,clean_breakout,previous_high_break_with_pullback_low_support_or_previous_resistance,4.425,4.674,4.406,4.651,12923.9,2322.41,5.564865807501691,0.84328358208955,0.08582089552238999,0.07089552238806,0.91417910447761,2025-10-23 14:00:00,4.444,4.443,2566.0,1492.895,0.020408163265312782,2025-10-23 14:01:00,4.4,4.432,0.031249999999982653,0.00990099009900981,0.04657965796579654,2.0,24.704364652762848,1.149,5.8,2025-10-23 14:46:00,11.803913136959803,0.5490000000000004,5.2,2025-10-23 14:23:00,True,21.0,True,2025-10-23 14:07:00,4.126,4.090085172393232,4.431841457021698,4.35751956824688,0.07029286049074113,0.026166258861821563,0.044126601628919564
RZLV,2024-12-17,2024-12-17 11:15:00,False,clean_breakout,previous_high_break_with_pullback_low_support_or_previous_resistance,2.82,2.94,2.82,2.9299,283173.0,131623.7,2.1513830715896907,0.9158333333333334,0.08416666666666657,0.0,0.9158333333333334,2024-12-17 11:12:00,2.89,2.879,226516.0,94065.95,0.18363939899833168,2024-12-17 11:13:00,2.77,2.869,0.9900000000000011,0.041522491349481,0.013806228373702361,3.0,36.52343083381685,1.0701,4.0,2024-12-17 13:17:00,4.7441892214751435,0.13900000000000023,3.0689,2024-12-17 11:22:00,False,,True,2024-12-17 11:28:00,2.73,2.530948089988276,2.812545939068267,2.7425956031272287,0.0653519967095022,0.029175490694298978,0.036176506015203225
DFLI,2025-10-02,2025-10-02 12:45:00,False,clean_breakout,previous_high_break_with_pullback_low_support_or_previous_resistance,8.917,9.1,8.911,9.067,186348.7,78414.975,2.376442764918308,0.7936507936507953,0.17460317460317176,0.03174603174603294,0.8253968253968282,2025-10-02 12:42:00,9.0,8.951,180352.6,64675.125000000015,0.1599999999999801,2025-10-02 12:43:00,8.758,8.862,0.5148514851485153,0.026888888888888986,0.007444444444444464,3.0,80.87570309915074,7.332999999999998,16.4,2025-10-02 16:51:00,6.981360979375749,0.6329999999999991,9.7,2025-10-02 12:55:00,False,,False,,,8.187058151049296,8.878230066934835,8.743693906600114,0.1349842084893087,0.03228936265318477,0.10269484583612393
MOBX,2026-03-06,2026-03-06 13:42:00,False,clean_breakout,previous_high_break_with_pullback_low_support_or_previous_resistance,12.692,13.1,12.613,12.982,183014.5,73076.58499999999,2.5044205336086796,0.5954825462012302,0.2422997946611916,0.16221765913757824,0.7577002053388084,2026-03-06 13:38:00,12.9,12.6,183871.2,74947.63500000001,0.27000000000000113,2026-03-06 13:41:00,12.5,12.65,0.7500000000000044,0.031007751937984523,0.006356589147286741,4.0,2.4495455245724957,0.3180000000000014,13.3,2026-03-06 13:43:00,2.4495455245724957,0.3180000000000014,13.3,2026-03-06 13:43:00,False,,True,2026-03-06 13:54:00,12.3,10.676329750126833,12.59576969896575,12.364670060449335,0.23536732665102456,0.08159836929996689,0.15376895735105767
IMRX,2024-09-16,2024-09-16 10:50:00,False,clean_breakout,previous_high_break_with_pullback_low_support_or_previous_resistance,2.0808,2.11,2.0801,2.0994,52211.0,32614.0,1.6008769240203593,0.6220735785953226,0.3545150501672143,0.02341137123746301,0.6454849498327857,2024-09-16 10:48:00,2.09,2.08,32160.0,30277.85,0.3999999999999929,2024-09-16 10:49:00,2.08,2.085,0.1538461538461407,0.004784688995215209,0.004497607655502535,2.0,82.43307611698579,1.7306,3.83,2024-09-16 15:18:00,5.744498428122323,0.12060000000000004,2.22,2024-09-16 11:08:00,False,,False,,,1.9866556097027102,2.078790643733391,2.0564944511815777,0.026549982496425262,-0.0006064795952974746,0.027156462091722736
IMRX,2024-09-16,2024-09-16 11:06:00,False,clean_breakout,previous_high_break_with_pullback_low_support_or_previous_resistance,2.135,2.18,2.135,2.178,111877.0,29227.45,3.827805710043127,0.9555555555555509,0.04444444444444905,0.0,0.9555555555555509,2024-09-16 11:04:00,2.15,2.1303,50605.0,24786.9,0.6198347107438068,2024-09-16 11:05:00,2.13,2.13,0.0,0.009302325581395357,0.013023255813953501,2.0,75.8494031221304,1.6520000000000001,3.83,2024-09-16 15:18:00,1.9283746556473949,0.04200000000000026,2.22,2024-09-16 11:08:00,False,,False,,,2.0045564743863857,2.1319862658680995,2.112460869145737,0.024088348227917056,0.0009550767461987755,0.02313327148171828
IMRX,2024-09-16,2024-09-16 12:11:00,False,clean_breakout,previous_high_break_with_pullback_low_support_or_previous_resistance,2.345,2.42,2.345,2.42,172320.0,61161.15,2.8174748185735554,1.0,0.0,0.0,1.0,2024-09-16 12:09:00,2.37,2.345,39135.0,52446.4,0.36363636363636803,2024-09-16 12:10:00,2.34,2.35,0.0,0.01265822784810137,0.021097046413502032,2.0,58.26446280991736,1.4100000000000001,3.83,2024-09-16 15:18:00,9.917355371900834,0.2400000000000002,2.66,2024-09-16 12:39:00,False,,False,,,2.0963852925360165,2.35151662268727,2.3127463324839765,0.043498883649695674,0.003975338108794878,0.0395235455409008
IMRX,2024-09-16,2024-09-16 15:15:00,False,clean_breakout,previous_high_break_with_pullback_low_support_or_previous_resistance,3.495,3.73,3.49,3.71,861022.0,505328.85,1.7038845100571638,0.8958333333333336,0.08333333333333348,0.02083333333333291,0.9166666666666665,2024-09-16 15:05:00,3.59,3.546,648602.0,566959.95,0.23157894736842133,2024-09-16 15:10:00,3.4,3.449,0.0,0.05292479108635096,0.03342618384401117,10.0,3.234501347708898,0.1200000000000001,3.83,2024-09-16 15:18:00,3.234501347708898,0.1200000000000001,3.83,2024-09-16 15:18:00,False,,True,2024-09-16 15:21:00,3.34,2.884184006307707,3.5169316010599623,3.434133260544073,0.10633517036803353,-0.004392226426343987,0.11072739679437751
FEED,2026-01-29,2026-01-29 09:47:00,False,clean_breakout,previous_high_break_with_pullback_low_support_or_previous_resistance,3.3,3.57,3.25,3.525,1581632.0,823216.5,1.9212831618413868,0.7031250000000007,0.14062499999999986,0.15624999999999953,0.8593750000000001,2026-01-29 09:45:00,3.44,3.33,929933.0,715162.15,0.3684210526315782,2026-01-29 09:46:00,3.25,3.3086,0.5327272727272753,0.05523255813953487,0.024709302325581384,2.0,32.76595744680851,1.1549999999999998,4.68,2026-01-29 10:10:00,32.76595744680851,1.1549999999999998,4.68,2026-01-29 10:10:00,True,3.0,False,,,3.012229750745986,3.2404240062589422,2.9641732848970705,0.2964493458065056,0.051724501124340294,0.24472484468216532
QMCO,2025-02-12,2025-02-12 13:03:00,False,clean_breakout,previous_high_break_with_pullback_low_support_or_previous_resistance,21.4,22.06,21.39,21.91,31757.0,13567.5,2.3406670351943983,0.7611940298507507,0.22388059701492388,0.01492537313432543,0.7761194029850761,2025-02-12 13:01:00,21.45,21.3,5403.0,12984.15,0.20833333333333764,2025-02-12 13:02:00,21.1,21.36,0.38461538461537936,0.01631701631701622,0.021445221445221485,2.0,34.09402099497946,7.469999999999999,29.38,2025-02-12 16:29:00,5.248744865358277,1.1499999999999986,23.06,2025-02-12 13:29:00,False,,False,,,19.365148986000637,21.28470405284494,20.916085570891713,0.4351171712481907,0.022887111404065408,0.4122300598441253
QMCO,2025-02-12,2025-02-12 13:37:00,False,clean_breakout,previous_high_break_with_pullback_low_support_or_previous_resistance,23.6,23.6,23.01,23.16,20057.0,11809.75,1.6983424712631512,0.7457627118644091,0.0,0.2542372881355909,0.2542372881355909,2025-02-12 13:35:00,23.15,23.08,27544.0,10872.05,0.1707317073170738,2025-02-12 13:36:00,23.07,23.6,0.012499999999997503,0.0034557235421165573,0.0004319654427646464,2.0,26.856649395509496,6.219999999999999,29.38,2025-02-12 16:29:00,9.930915371329881,2.3000000000000007,25.46,2025-02-12 13:57:00,False,,True,2025-02-12 13:38:00,22.37,20.587881909874024,23.05856824596196,22.8357608196221,0.3023344684355571,-0.007899735518936135,0.31023420395449325
PHIO,2026-02-13,2026-02-13 09:51:00,False,clean_breakout,previous_high_break_with_pullback_low_support_or_previous_resistance,1.3601,1.4,1.35,1.382,108039.0,31866.75,3.3903363223422534,0.4379999999999977,0.3600000000000016,0.20200000000000068,0.6399999999999983,2026-02-13 09:49:00,1.37,1.355,6199.0,32748.3,0.6666666666666617,2026-02-13 09:50:00,1.35,1.365,0.0,0.014598540145985413,0.008759124087591086,2.0,36.03473227206947,0.498,1.88,2026-02-13 14:08:00,3.4732272069464574,0.04800000000000004,1.43,2026-02-13 10:07:00,False,,False,,,1.3170599200549282,1.3585153573272628,1.3339879404297457,0.030130700209086037,-0.0006988673735811059,0.030829567582667142
PHIO,2026-02-13,2026-02-13 10:58:00,False,clean_breakout,previous_high_break_with_pullback_low_support_or_previous_resistance,1.4541,1.55,1.4541,1.519,335326.0,34979.65,9.586316615517879,0.6767466110531792,0.3232533889468207,0.0,0.6767466110531792,2026-02-13 10:56:00,1.45,1.4466,88498.0,16927.9,0.11333333333332815,2026-02-13 10:57:00,1.44,1.4594,0.0,0.006896551724137937,0.04758620689655169,2.0,23.765635286372614,0.361,1.88,2026-02-13 14:08:00,9.940750493745888,0.15100000000000002,1.67,2026-02-13 11:28:00,False,,False,,,1.3881974444244822,1.4482779709943276,1.4305132326634415,0.015982803926904543,0.008448374063945252,0.007534429862959291
PHIO,2026-02-13,2026-02-13 11:32:00,False,clean_breakout,previous_high_break_with_pullback_low_support_or_previous_resistance,1.65,1.7,1.65,1.7,180341.0,153292.15,1.1764529364354275,1.0,0.0,0.0,1.0,2026-02-13 11:30:00,1.68,1.6697,251919.0,147850.9,0.11444444444444436,2026-02-13 11:31:00,1.64,1.66,0.6666666666666666,0.023809523809523832,0.011904761904761916,2.0,10.588235294117645,0.17999999999999994,1.88,2026-02-13 14:08:00,2.941176470588238,0.050000000000000044,1.75,2026-02-13 11:37:00,False,,True,2026-02-13 11:34:00,1.63,1.5435123060113916,1.6482199199182734,1.6258542668720048,0.028598129927050575,0.0006193060977506756,0.0279788238292999
PCLA,2025-12-26,2025-12-26 10:39:00,False,clean_breakout,previous_high_break_with_pullback_low_support_or_previous_resistance,12.0001,13.0621,12.0001,12.8401,109709.036232,52058.719407599994,2.107409430743387,0.7909604519774015,0.20903954802259855,0.0,0.7909604519774015,2025-12-26 10:34:00,12.7351,12.3331,99673.503255,34533.15633164999,0.36118598382749273,2025-12-26 10:38:00,11.7001,11.9971,0.7021276595744652,0.08127144663174993,0.008244929368438444,5.0,14.485868490120804,1.8600000000000012,14.7001,2025-12-26 12:59:00,12.149438088488411,1.5600000000000005,14.4001,2025-12-26 11:00:00,True,21.0,False,,,10.714763133998796,11.902594881562147,11.137686034806762,0.8229408388916539,0.12358600498823424,0.6993548339034197
PCLA,2025-12-26,2025-12-26 12:55:00,False,clean_breakout,previous_high_break_with_pullback_low_support_or_previous_resistance,13.4521,14.2501,13.2151,13.9801,60692.426403,47544.8878797,1.2765289626208907,0.5101449275362323,0.26086956521739085,0.22898550724637687,0.7391304347826091,2025-12-26 12:52:00,13.8991,13.4011,80835.8583,42076.00590239999,0.13265306122449158,2025-12-26 12:54:00,13.1251,13.4761,0.035897435897437206,0.055687058874315666,0.005827715463591132,3.0,5.150177752662718,0.7200000000000006,14.7001,2025-12-26 12:59:00,5.150177752662718,0.7200000000000006,14.7001,2025-12-26 12:59:00,False,,False,,,12.252037204518338,13.331584989732297,12.957416421538964,0.4009760820564363,0.07797148255564901,0.3230045995007873
PCLA,2025-12-26,2025-12-26 12:59:00,False,clean_breakout,previous_high_break_with_pullback_low_support_or_previous_resistance,13.8871,14.7001,13.8031,14.4331,106158.471738,56020.434790050014,1.894995498265129,0.6086956521739122,0.2976588628762555,0.09364548494983234,0.7023411371237446,2025-12-26 12:57:00,14.4001,14.2471,107295.493701,49956.915425850006,0.21888412017167455,2025-12-26 12:58:00,13.7761,13.8721,0.16580310880829013,0.043333032409497194,0.002291650752425294,2.0,1.060063326658864,0.15300000000000047,14.5861,2025-12-26 13:06:00,1.060063326658864,0.15300000000000047,14.5861,2025-12-26 13:06:00,False,,True,2025-12-26 13:01:00,13.7551,12.343997059022032,13.799538651794352,13.33400844026604,0.4997590987040468,0.09751307161169331,0.40224602709235346
SDEV,2025-09-04,2025-09-04 10:57:00,False,clean_breakout,previous_high_break_with_pullback_low_support_or_previous_resistance,17.475,18.0,17.45,17.9005,24314.8,9324.990000000002,2.6074880509255234,0.7736363636363618,0.1809090909090889,0.04545454545454927,0.8190909090909111,2025-09-04 10:55:00,17.5,17.425,23286.0,7990.2400000000025,0.007518796992481471,2025-09-04 10:56:00,17.3,17.4935,0.6250000000000022,0.011428571428571389,0.022885714285714343,2.0,35.75039803357448,6.3995,24.3,2025-09-04 17:37:00,4.187033881735133,0.7494999999999976,18.65,2025-09-04 11:17:00,False,,True,2025-09-04 10:58:00,17.05,15.753006934366272,17.40208978653579,17.054489096096546,0.3794806656180967,0.05862620802491281,0.3208544575931839
SDEV,2025-09-04,2025-09-04 14:00:00,False,clean_breakout,previous_high_break_with_pullback_low_support_or_previous_resistance,19.2,19.95,19.2,19.8995,41582.2,12082.91,3.4414060851235337,0.9326666666666673,0.06733333333333273,0.0,0.9326666666666673,2025-09-04 13:52:00,19.25,19.0,16787.2,7492.0,0.16666666666666863,2025-09-04 13:53:00,18.25,18.85,0.8005336891260847,0.05194805194805195,0.03374025974025973,8.0,22.113620945249885,4.400500000000001,24.3,2025-09-04 17:37:00,0.0,0.0,19.8995,2025-09-04 14:04:00,False,,False,,,16.98199687770225,19.109500248289695,18.88030415619808,0.25636729445487205,0.027943857447210174,0.22842343700766188
SDEV,2025-09-04,2025-09-04 14:01:00,False,clean_breakout,previous_high_break_with_pullback_low_support_or_previous_resistance,19.7,19.85,19.157,19.3075,29260.2,13408.16,2.182268111359053,0.5663780663780628,0.21645021645021909,0.21717171717171813,0.21717171717171813,2025-09-04 13:59:00,19.25,19.25,16019.0,10042.45,0.0,2025-09-04 14:00:00,19.2,19.8995,0.0,0.0025974025974026343,0.002987012987013039,2.0,25.857827269195905,4.9925,24.3,2025-09-04 17:37:00,3.0661659976692928,0.5919999999999987,19.8995,2025-09-04 14:04:00,False,,True,2025-09-04 14:08:00,19.1,17.01733148865882,19.149100198631757,18.920989474655403,0.259078741612754,0.03433142911679027,0.22474731249596375
SDEV,2025-09-04,2025-09-04 14:53:00,False,clean_breakout,previous_high_break_with_pullback_low_support_or_previous_resistance,20.5955,21.4,20.5,21.203,34991.0,14865.540000000003,2.353833093180604,0.674999999999999,0.21888888888888833,0.10611111111111267,0.7811111111111116,2025-09-04 14:43:00,21.0,20.6,37186.2,11009.380000000001,0.5361930294906156,2025-09-04 14:47:00,20.3,20.592,0.17500000000000132,0.0333333333333333,0.009666666666666638,10.0,14.606423619299164,3.0970000000000013,24.3,2025-09-04 17:37:00,4.7021647880016975,0.9969999999999999,22.2,2025-09-04 15:07:00,False,,False,,,17.644210178524144,20.626284030490265,20.361045412429853,0.3166430402572651,0.004350397696954111,0.312292642560311
HWH,2025-09-02,2025-09-02 10:03:00,False,clean_breakout,previous_high_break_with_pullback_low_support_or_previous_resistance,3.1558,3.6999,3.14,3.5,3070759.0,1314908.65,2.335340177433619,0.6147526343989997,0.35702804072155747,0.02821932487944283,0.6429719592784425,2025-09-02 09:59:00,3.28,3.201,1471411.0,1121442.55,0.08333333333333179,2025-09-02 10:00:00,3.07,3.1365,0.4749999999999996,0.06402439024390243,0.06707317073170738,4.0,122.0,4.27,7.77,2025-09-02 12:24:00,34.28571428571429,1.2000000000000002,4.7,2025-09-02 10:12:00,True,1.0,False,,,2.821617585684284,3.178494772812205,3.003206735893466,0.1875741137153466,0.028616320476493762,0.15895779323885284
HWH,2025-09-02,2025-09-02 11:27:00,False,clean_breakout,previous_high_break_with_pullback_low_support_or_previous_resistance,6.44,6.85,6.295,6.85,1510099.0,1258392.05,1.2000226797364144,0.7387387387387377,0.0,0.2612612612612622,1.0,2025-09-02 11:23:00,6.8,6.7663,1687963.0,1356887.05,0.10212121212121095,2025-09-02 11:25:00,6.27,6.47,0.7692307692307679,0.07794117647058828,0.007352941176470562,4.0,13.43065693430657,0.9199999999999999,7.77,2025-09-02 12:24:00,8.613138686131398,0.5900000000000007,7.44,2025-09-02 11:31:00,False,,True,2025-09-02 11:38:00,6.17,3.960746187374431,6.356073856478499,5.915471557188225,0.47444051438157775,0.10531857315175602,0.3691219412298217
QMCO,2025-02-12,2025-02-12 13:03:00,False,clean_breakout,previous_high_break_with_pullback_low_support_or_previous_resistance,21.4,22.06,21.39,21.91,31757.0,13567.5,2.3406670351943983,0.7611940298507507,0.22388059701492388,0.01492537313432543,0.7761194029850761,2025-02-12 13:01:00,21.45,21.3,5403.0,12984.15,0.20833333333333764,2025-02-12 13:02:00,21.1,21.36,0.38461538461537936,0.01631701631701622,0.021445221445221485,2.0,34.09402099497946,7.469999999999999,29.38,2025-02-12 16:29:00,5.248744865358277,1.1499999999999986,23.06,2025-02-12 13:29:00,False,,False,,,19.365148986000637,21.28470405284494,20.916085570891713,0.4351171712481907,0.022887111404065408,0.4122300598441253
QMCO,2025-02-12,2025-02-12 13:37:00,False,clean_breakout,previous_high_break_with_pullback_low_support_or_previous_resistance,23.6,23.6,23.01,23.16,20057.0,11809.75,1.6983424712631512,0.7457627118644091,0.0,0.2542372881355909,0.2542372881355909,2025-02-12 13:35:00,23.15,23.08,27544.0,10872.05,0.1707317073170738,2025-02-12 13:36:00,23.07,23.6,0.012499999999997503,0.0034557235421165573,0.0004319654427646464,2.0,26.856649395509496,6.219999999999999,29.38,2025-02-12 16:29:00,9.930915371329881,2.3000000000000007,25.46,2025-02-12 13:57:00,False,,True,2025-02-12 13:38:00,22.37,20.587881909874024,23.05856824596196,22.8357608196221,0.3023344684355571,-0.007899735518936135,0.31023420395449325
PSTV,2025-03-20,2025-03-20 10:04:00,False,clean_breakout,previous_high_break_with_pullback_low_support_or_previous_resistance,16.845,17.9725,16.7525,17.95,34654.6,15142.475999999999,2.288568923602719,0.905737704918034,0.018442622950820386,0.07581967213114563,0.9815573770491796,2025-03-20 09:59:00,16.93,16.415,28992.16,10274.376,0.3495145631067952,2025-03-20 10:03:00,16.0725,16.9125,0.11889596602972162,0.05064973419964549,0.06024808033077375,5.0,189.69359331476323,34.05,52.0,2025-03-20 15:00:00,21.169916434540394,3.8000000000000007,21.75,2025-03-20 10:34:00,True,17.0,False,,,15.34285729911393,16.619112153821376,16.057236457446287,0.5806762145457629,0.16218536331010824,0.41849085123565466
PSTV,2025-03-20,2025-03-20 10:07:00,False,clean_breakout,previous_high_break_with_pullback_low_support_or_previous_resistance,17.4375,18.5675,17.4375,18.3,70036.84,19368.338,3.616048005771068,0.7632743362831872,0.23672566371681286,0.0,0.7632743362831872,2025-03-20 10:04:00,17.9725,17.95,34654.6,15142.475999999999,0.018442622950820386,2025-03-20 10:06:00,17.19,17.5,0.561085972850678,0.04353873974127132,0.018222284045068888,3.0,184.15300546448088,33.7,52.0,2025-03-20 15:00:00,19.726775956284147,3.6099999999999994,21.91,2025-03-20 10:35:00,True,14.0,True,2025-03-20 10:12:00,17.08,15.64556881942726,17.237145422756548,16.524784025658576,0.7365263562217201,0.19185526314823986,0.5446710930734803
PSTV,2025-03-20,2025-03-20 10:40:00,False,clean_breakout,previous_high_break_with_pullback_low_support_or_previous_resistance,20.5275,23.25,20.5275,22.4475,84002.64,44959.202,1.8684192837764337,0.7052341597796149,0.2947658402203851,0.0,0.7052341597796149,2025-03-20 10:35:00,21.91,21.79,39557.6,44208.182,0.2926829268292706,2025-03-20 10:39:00,20.4325,20.545,0.24590163934426407,0.06743496120492921,0.024532177088087696,5.0,131.651631584809,29.5525,52.0,2025-03-20 15:00:00,3.5750083528232475,0.8024999999999984,23.25,2025-03-20 10:43:00,False,,True,2025-03-20 10:45:00,20.2775,17.913847436829073,21.14220454407039,20.423590937649927,0.8943110242973731,-0.010865233568138288,0.9051762578655114
PSTV,2025-03-20,2025-03-20 11:45:00,False,clean_breakout,previous_high_break_with_pullback_low_support_or_previous_resistance,27.5,28.75,27.0,28.23,57957.08,58229.367999999995,0.9953238716243668,0.41714285714285737,0.2971428571428569,0.2857142857142857,0.7028571428571431,2025-03-20 11:43:00,28.0,26.9975,53911.6,59306.945999999996,0.5,2025-03-20 11:44:00,26.75,27.4725,0.3133333333333326,0.044642857142857144,0.00821428571428573,2.0,84.20120439249025,23.77,52.0,2025-03-20 15:00:00,10.69783917817924,3.0199999999999996,31.25,2025-03-20 11:54:00,True,9.0,False,,,20.618493541829526,26.84566867154922,25.680571875091342,1.3639184341730584,0.10211265554613047,1.2618057786269279
PSTV,2025-03-20,2025-03-20 11:49:00,False,clean_breakout,previous_high_break_with_pullback_low_support_or_previous_resistance,27.9875,29.25,27.75,29.02,89508.04,49082.92199999999,1.823608627049547,0.6883333333333326,0.15333333333333363,0.1583333333333338,0.8466666666666663,2025-03-20 11:45:00,28.75,28.23,57957.08,58229.367999999995,0.2971428571428569,2025-03-20 11:47:00,26.75,27.375,0.5,0.06956521739130435,0.009391304347826071,4.0,79.1867677463818,22.98,52.0,2025-03-20 15:00:00,7.684355616815991,2.2300000000000004,31.25,2025-03-20 11:54:00,False,,True,2025-03-20 12:04:00,26.5,20.872123282256506,27.61048188786657,26.471909453025123,1.3714961527372758,0.07457300896701691,1.2969231437702589
PSTV,2025-03-20,2025-03-20 14:25:00,False,clean_breakout,previous_high_break_with_pullback_low_support_or_previous_resistance,43.625,45.5,43.25,44.875,75024.52,40012.770000000004,1.8750144016522725,0.5555555555555556,0.2777777777777778,0.16666666666666666,0.7222222222222222,2025-03-20 14:21:00,43.75,43.375,48751.84,43116.02,0.25041736227045036,2025-03-20 14:22:00,42.25,43.25,0.8,0.03428571428571429,0.025714285714285714,4.0,15.87743732590529,7.125,52.0,2025-03-20 15:00:00,15.32033426183844,6.875,51.75,2025-03-20 14:52:00,True,25.0,False,,,27.568424909078157,42.864672165303766,41.35401548671063,1.6303580936523545,0.3265241193337438,1.3038339743186107
MLGO,2025-03-25,2025-03-25 11:16:00,False,clean_breakout,previous_high_break_with_pullback_low_support_or_previous_resistance,433.8043,470.1047,426.6043,466.2047,25240.380927,9309.240240000001,2.7113255514179313,0.7448299325983214,0.08965434800599491,0.16551571939568363,0.9103456519940051,2025-03-25 11:14:00,441.0044,440.6774,14860.218063,6965.773674900001,0.016268494840847286,2025-03-25 11:15:00,427.5043,433.6543,0.2733309037252991,0.030612166227819895,0.057142967281052136,2.0,26.70462138198092,124.4982,590.7029,2025-03-25 11:33:00,26.70462138198092,124.4982,590.7029,2025-03-25 11:33:00,True,7.0,False,,,360.6749822595201,422.5976311206731,395.7995743063624,26.516772586527054,7.9739150487684505,18.542857537758604
PCLA,2025-12-26,2025-12-26 10:39:00,False,clean_breakout,previous_high_break_with_pullback_low_support_or_previous_resistance,12.0001,13.0621,12.0001,12.8401,109709.036232,52058.719407599994,2.107409430743387,0.7909604519774015,0.20903954802259855,0.0,0.7909604519774015,2025-12-26 10:34:00,12.7351,12.3331,99673.503255,34533.15633164999,0.36118598382749273,2025-12-26 10:38:00,11.7001,11.9971,0.7021276595744652,0.08127144663174993,0.008244929368438444,5.0,14.485868490120804,1.8600000000000012,14.7001,2025-12-26 12:59:00,12.149438088488411,1.5600000000000005,14.4001,2025-12-26 11:00:00,True,21.0,False,,,10.714763133998796,11.902594881562147,11.137686034806762,0.8229408388916539,0.12358600498823424,0.6993548339034197
PCLA,2025-12-26,2025-12-26 12:55:00,False,clean_breakout,previous_high_break_with_pullback_low_support_or_previous_resistance,13.4521,14.2501,13.2151,13.9801,60692.426403,47544.8878797,1.2765289626208907,0.5101449275362323,0.26086956521739085,0.22898550724637687,0.7391304347826091,2025-12-26 12:52:00,13.8991,13.4011,80835.8583,42076.00590239999,0.13265306122449158,2025-12-26 12:54:00,13.1251,13.4761,0.035897435897437206,0.055687058874315666,0.005827715463591132,3.0,5.150177752662718,0.7200000000000006,14.7001,2025-12-26 12:59:00,5.150177752662718,0.7200000000000006,14.7001,2025-12-26 12:59:00,False,,False,,,12.252037204518338,13.331584989732297,12.957416421538964,0.4009760820564363,0.07797148255564901,0.3230045995007873
PCLA,2025-12-26,2025-12-26 12:59:00,False,clean_breakout,previous_high_break_with_pullback_low_support_or_previous_resistance,13.8871,14.7001,13.8031,14.4331,106158.471738,56020.434790050014,1.894995498265129,0.6086956521739122,0.2976588628762555,0.09364548494983234,0.7023411371237446,2025-12-26 12:57:00,14.4001,14.2471,107295.493701,49956.915425850006,0.21888412017167455,2025-12-26 12:58:00,13.7761,13.8721,0.16580310880829013,0.043333032409497194,0.002291650752425294,2.0,1.060063326658864,0.15300000000000047,14.5861,2025-12-26 13:06:00,1.060063326658864,0.15300000000000047,14.5861,2025-12-26 13:06:00,False,,True,2025-12-26 13:01:00,13.7551,12.343997059022032,13.799538651794352,13.33400844026604,0.4997590987040468,0.09751307161169331,0.40224602709235346
RGTI,2024-12-10,2024-12-10 12:03:00,False,clean_breakout,previous_high_break_with_pullback_low_support_or_previous_resistance,6.05,6.19,6.04,6.1895,829432.0,559917.25,1.4813474669694495,0.9299999999999975,0.0033333333333373993,0.06666666666666508,0.9966666666666626,2024-12-10 11:59:00,6.15,6.105,847775.0,472827.75,0.40909090909090723,2024-12-10 12:01:00,6.0,6.0,0.0,0.02439024390243908,0.006422764227642182,4.0,30.70522659342435,1.9005,8.09,2024-12-10 19:21:00,9.944260441069552,0.6154999999999999,6.805,2024-12-10 12:30:00,False,,False,,,5.340733878300545,6.012421986378615,5.87898775085425,0.1369204822297192,0.03502107187358053,0.10189941035613867
RGTI,2024-12-10,2024-12-10 12:30:00,False,clean_breakout,previous_high_break_with_pullback_low_support_or_previous_resistance,6.585,6.805,6.58,6.76,1361344.0,850043.7,1.6014988405890191,0.7777777777777782,0.2,0.022222222222221782,0.8,2024-12-10 12:28:00,6.63,6.615,970670.0,865251.6,0.12571428571428406,2024-12-10 12:29:00,6.55,6.59,0.5,0.012066365007541489,0.019607843137254888,2.0,19.674556213017752,1.33,8.09,2024-12-10 19:21:00,0.14792899408283708,0.009999999999999787,6.77,2024-12-10 12:31:00,False,,True,2024-12-10 12:32:00,6.44,5.519255854478543,6.573503088974477,6.461818856244936,0.13767723931289577,0.008598542690591654,0.12907869662230412
RGTI,2024-12-10,2024-12-10 13:48:00,False,clean_breakout,previous_high_break_with_pullback_low_support_or_previous_resistance,6.765,6.89,6.75,6.8804,1033532.0,516507.35,2.0010015346345025,0.8242857142857174,0.06857142857142752,0.1071428571428551,0.9314285714285725,2024-12-10 13:45:00,6.81,6.7982,481095.0,487947.6,0.1966666666666685,2024-12-10 13:46:00,6.7,6.7199,0.19899999999999876,0.016152716593245145,0.01033773861967698,3.0,17.580373234114298,1.2096,8.09,2024-12-10 19:21:00,0.13952677169931735,0.009599999999999831,6.89,2024-12-10 13:49:00,False,,True,2024-12-10 13:52:00,6.66,5.7321706691387,6.759502290485842,6.686510499104461,0.08229101361072555,0.01089312837693314,0.07139788523379241
REBN,2025-01-31,2025-01-31 11:19:00,False,clean_breakout,previous_high_break_with_pullback_low_support_or_previous_resistance,4.0,4.5,3.9901,4.36,1139116.0,499096.8,2.2823548457934413,0.7060207883898809,0.2745636399293973,0.01941557168072175,0.7254363600706027,2025-01-31 11:10:00,4.0,3.76,897562.0,366813.6,0.22580645161290266,2025-01-31 11:15:00,3.6,3.84,0.40000000000000036,0.09999999999999998,0.09000000000000008,9.0,23.85321100917431,1.04,5.4,2025-01-31 11:23:00,23.85321100917431,1.04,5.4,2025-01-31 11:23:00,True,1.0,False,,,3.461129584466778,3.920789822381871,3.708128943284945,0.2389372682870432,0.02378781114214598,0.21514945714489722
REBN,2025-01-31,2025-01-31 11:20:00,False,clean_breakout,previous_high_break_with_pullback_low_support_or_previous_resistance,4.37,5.0,4.22,4.87,1489964.0,555832.65,2.680598198036765,0.6410256410256409,0.16666666666666646,0.1923076923076927,0.8333333333333335,2025-01-31 11:18:00,4.0,3.9993,647151.0,444824.75,0.004117647058824384,2025-01-31 11:19:00,3.9901,4.36,0.01941557168072175,0.002475000000000005,0.21750000000000003,2.0,10.882956878850107,0.5300000000000002,5.4,2025-01-31 11:23:00,10.882956878850107,0.5300000000000002,5.4,2025-01-31 11:23:00,True,3.0,False,,,3.56578028553121,4.1106318579054975,3.8187833296387597,0.30218811040768356,0.07144515124593734,0.23074295916174623
QURE,2024-07-10,2024-07-10 10:51:00,False,clean_breakout,previous_high_break_with_pullback_low_support_or_previous_resistance,8.41,8.59,8.36,8.58,386225.0,174617.75,2.2118312714486357,0.739130434782607,0.04347826086956421,0.21739130434782877,0.9565217391304358,2024-07-10 10:46:00,8.52,8.45,337147.0,190907.65,0.46666666666666745,2024-07-10 10:49:00,8.36,8.43,0.5833333333333308,0.018779342723004713,0.00704225352112682,5.0,32.28438228438228,2.7699999999999996,11.35,2024-07-10 15:16:00,7.925407925407922,0.6799999999999997,9.26,2024-07-10 11:15:00,False,,False,,,7.713195873172828,8.426551283436066,8.308511144649566,0.15132906882206498,0.0020800278106780645,0.14924904101138692
SEGG,2026-05-18,2026-05-18 10:08:00,False,clean_breakout,previous_high_break_with_pullback_low_support_or_previous_resistance,2.2,2.26,2.18,2.26,67727.0,25138.95,2.6941061579739807,0.7499999999999986,0.0,0.2500000000000014,1.0,2026-05-18 10:06:00,2.18,2.175,33322.0,19110.75,0.3333333333333531,2026-05-18 10:07:00,2.18,2.198,0.0,0.0,0.03669724770642185,2.0,11.504424778761074,0.26000000000000023,2.52,2026-05-18 10:51:00,9.292035398230107,0.2100000000000004,2.47,2026-05-18 10:17:00,False,,False,,,2.07786542865218,2.178315334762509,2.1424384692666547,0.042324582727812476,0.004666690471004778,0.0376578922568077
PHIO,2025-01-16,2025-01-16 11:22:00,False,clean_breakout,previous_high_break_with_pullback_low_support_or_previous_resistance,3.375,3.77,3.3633,3.75,546948.0,122709.05,4.457275156151889,0.9220555692156385,0.049176297024834094,0.02876813375952748,0.9508237029751659,2025-01-16 11:16:00,3.49,3.4243,185862.0,57406.15,0.2857142857142857,2025-01-16 11:19:00,3.2356,3.26,0.14841849148418468,0.07289398280802303,0.07449856733524349,6.0,20.800000000000008,0.7800000000000002,4.53,2025-01-16 11:53:00,18.933333333333334,0.71,4.46,2025-01-16 11:52:00,True,19.0,False,,,3.1608076317053126,3.3976664560558554,3.237783243527923,0.17622227858028205,0.020175513131805295,0.15604676544847676
ELAB,2026-04-01,2026-04-01 15:12:00,False,clean_breakout,previous_high_break_with_pullback_low_support_or_previous_resistance,10.6001,11.99,10.6001,11.9396,672042.0,304137.2,2.209667215980156,0.9637383984459316,0.036261601554068455,0.0,0.9637383984459316,2026-04-01 15:06:00,11.09,10.4625,382040.0,230399.75,0.626865671641791,2026-04-01 15:09:00,10.26,10.3304,0.19555555555555407,0.07484220018034266,0.076609558160505,6.0,25.632349492445307,3.0603999999999996,15.0,2026-04-01 16:00:00,7.625046065194807,0.9103999999999992,12.85,2026-04-01 15:26:00,False,,False,,,8.124625716001091,10.689448285615246,9.905330231133377,0.8923288506821301,0.043174407821299665,0.8491544428608304
SBET,2025-05-29,2025-05-29 13:47:00,False,clean_breakout,previous_high_break_with_pullback_low_support_or_previous_resistance,54.33,55.8,54.0,55.28,52189.0,47705.45,1.0939840206936524,0.5277777777777802,0.28888888888888714,0.18333333333333268,0.7111111111111129,2025-05-29 13:44:00,54.74,54.2,56252.0,45463.7,0.033613445378150406,2025-05-29 13:45:00,53.5,54.05,0.624999999999995,0.022652539276580234,0.009864815491413942,3.0,93.25253256150505,51.55,106.83,2025-05-29 16:17:00,9.442836468885671,5.219999999999999,60.5,2025-05-29 13:54:00,False,,False,,,43.971015784127864,53.983643266443906,52.72772038223666,1.5027871642882928,0.03391409250164967,1.4688730717866432
PSTV,2025-03-06,2025-03-06 14:48:00,False,clean_breakout,previous_high_break_with_pullback_low_support_or_previous_resistance,24.0,26.75,24.0,25.25,79718.68,41873.39599999999,1.9038025958056999,0.45454545454545453,0.5454545454545454,0.0,0.45454545454545453,2025-03-06 14:39:00,24.975,23.705,49634.8,38480.88799999999,0.7191176470588224,2025-03-06 14:40:00,23.05,23.805,0.5458333333333316,0.0770770770770771,0.011011011011010954,9.0,157.42574257425744,39.75,65.0,2025-03-06 16:58:00,29.7029702970297,7.5,32.75,2025-03-06 15:18:00,True,26.0,True,2025-03-06 14:59:00,22.5775,16.637045208860833,24.21748387770827,23.390330731121903,1.014277395443532,0.013057295802576085,1.001220099640956
PSTV,2025-03-06,2025-03-06 14:49:00,False,clean_breakout,previous_high_break_with_pullback_low_support_or_previous_resistance,25.275,27.25,25.0,26.42,64287.56,42475.768,1.5135114213826575,0.5088888888888903,0.36888888888888816,0.1222222222222216,0.6311111111111118,2025-03-06 14:39:00,24.975,23.705,49634.8,38480.88799999999,0.7191176470588224,2025-03-06 14:40:00,23.05,23.805,0.5458333333333316,0.0770770770770771,0.05785785785785787,10.0,146.0257380772142,38.58,65.0,2025-03-06 16:58:00,26.797880393641172,7.079999999999998,33.5,2025-03-06 15:19:00,True,28.0,True,2025-03-06 14:59:00,22.5775,16.696081036452565,24.657987102166615,23.678870661491246,1.133283205670164,0.1021066090313707,1.0311765966387934
HCWB,2026-05-21,2026-05-21 11:53:00,False,clean_breakout,previous_high_break_with_pullback_low_support_or_previous_resistance,2.42,2.47,2.4074,2.47,58078.0,25380.15,2.288323749071617,0.7987220447284361,0.0,0.20127795527156392,1.0,2026-05-21 11:50:00,2.46,2.4399,45987.0,22304.6,0.3333333333333333,2026-05-21 11:51:00,2.36,2.4,0.6666666666666666,0.040650406504065074,0.004065040650406598,3.0,18.218623481781364,0.44999999999999973,2.92,2026-05-21 13:44:00,0.40485829959513303,0.009999999999999787,2.48,2026-05-21 11:58:00,False,,True,2026-05-21 12:12:00,2.33,2.159492836493052,2.4015334830192825,2.3607164791510646,0.04083426854654837,0.014439969682752088,0.02639429886379628
JXG,2025-12-09,2025-12-09 15:38:00,False,clean_breakout,previous_high_break_with_pullback_low_support_or_previous_resistance,6.6248,7.1586,6.5,6.98,13037.0,10159.55,1.2832261271414582,0.5393258426966306,0.271181293653203,0.18949286365016643,0.728818706346797,2025-12-09 15:36:00,6.83,6.83,21449.0,8960.05,0.0,2025-12-09 15:37:00,6.522,6.645,0.22043010752688058,0.04509516837481696,0.02196193265007326,2.0,28.93982808022922,2.0199999999999996,9.0,2025-12-09 16:00:00,28.93982808022922,2.0199999999999996,9.0,2025-12-09 16:00:00,True,7.0,False,,,5.790976898739976,6.464907217205593,6.14518215517029,0.361642814717718,0.040823692424880875,0.3208191222928371
JXG,2025-12-09,2025-12-09 15:45:00,False,clean_breakout,previous_high_break_with_pullback_low_support_or_previous_resistance,7.2,7.7884,7.13,7.7252,27387.0,10515.8,2.6043667623956335,0.7976913730255158,0.09599027946537077,0.10631834750911338,0.9040097205346292,2025-12-09 15:39:00,7.28,7.09,12375.0,10734.55,0.6129032258064518,2025-12-09 15:40:00,6.55,6.86,0.5254237288135603,0.10027472527472533,0.06115384615384613,6.0,16.501838140112877,1.2748,9.0,2025-12-09 16:00:00,16.501838140112877,1.2748,9.0,2025-12-09 16:00:00,True,6.0,False,,,6.1095272114789765,7.067387262037717,6.666115616191594,0.45405752596828464,0.05747155632540585,0.3965859696428788
JXG,2025-12-09,2025-12-09 15:48:00,False,clean_breakout,previous_high_break_with_pullback_low_support_or_previous_resistance,7.5101,8.2,7.5,8.16,26874.0,11507.8,2.335285632353708,0.9284285714285719,0.05714285714285598,0.014428571428572075,0.9428571428571441,2025-12-09 15:46:00,7.7999,7.37,9572.0,10065.15,0.3975903614457835,2025-12-09 15:47:00,7.2535,7.6398,0.3718213058419242,0.07005218015615587,0.046167258554596864,2.0,10.294117647058822,0.8399999999999999,9.0,2025-12-09 16:00:00,10.294117647058822,0.8399999999999999,9.0,2025-12-09 16:00:00,True,12.0,True,2025-12-09 16:00:00,7.18,6.300281359009858,7.416230278163313,6.9471663331668445,0.5200143826370782,0.07692800983103831,0.4430863728060399
AMC,2024-05-13,2024-05-13 11:00:00,False,clean_breakout,previous_high_break_with_pullback_low_support_or_previous_resistance,3.65,3.78,3.64,3.77,3189290.0,916476.95,3.4799456767570645,0.8571428571428599,0.07142857142857006,0.07142857142857006,0.9285714285714299,2024-05-13 10:58:00,3.62,3.6,590882.0,789115.15,0.0,2024-05-13 10:59:00,3.59,3.65,0.16666666666667038,0.008287292817679627,0.04143646408839777,2.0,72.6790450928382,2.7399999999999998,6.51,2024-05-13 19:57:00,7.161803713527852,0.27,4.04,2024-05-13 11:08:00,False,,False,,,3.4543766598029526,3.627663426735399,3.57183053247573,0.05757298336717476,0.014483798950647636,0.04308918441652712
AMC,2024-05-13,2024-05-13 11:04:00,False,clean_breakout,previous_high_break_with_pullback_low_support_or_previous_resistance,3.74,3.88,3.73,3.87,2141858.0,1135683.1,1.8859644913268498,0.8666666666666665,0.06666666666666529,0.06666666666666825,0.9333333333333347,2024-05-13 11:02:00,3.79,3.71,1459087.0,1024602.5,0.18181818181818218,2024-05-13 11:03:00,3.7,3.74,0.3333333333333358,0.023746701846965663,0.021108179419525086,2.0,68.21705426356588,2.6399999999999997,6.51,2024-05-13 19:57:00,4.392764857881136,0.16999999999999993,4.04,2024-05-13 11:08:00,False,,True,2024-05-13 11:30:00,3.61,3.4682971810735665,3.7181949395908203,3.638763101911085,0.0811460778847457,0.023345257111422837,0.05780082077332287
AMC,2024-05-13,2024-05-13 14:13:00,False,clean_breakout,previous_high_break_with_pullback_low_support_or_previous_resistance,4.63,4.73,4.61,4.72,1597680.0,944520.2,1.691525496225491,0.7499999999999981,0.08333333333333888,0.16666666666666297,0.9166666666666611,2024-05-13 14:11:00,4.68,4.64,577770.0,881097.95,0.7499999999999833,2024-05-13 14:12:00,4.61,4.63,0.4999999999999889,0.01495726495726483,0.008547008547008555,2.0,37.92372881355933,1.79,6.51,2024-05-13 19:57:00,11.864406779661028,0.5600000000000005,5.28,2024-05-13 14:39:00,True,26.0,True,2024-05-13 14:19:00,4.57,3.8292234120267765,4.646566327905912,4.582193691060878,0.07755480662407344,-0.00038139943486992234,0.07793620605894336
AMC,2024-05-13,2024-05-13 14:38:00,False,clean_breakout,previous_high_break_with_pullback_low_support_or_previous_resistance,4.98,5.17,4.96,5.16,3042090.0,1119061.05,2.718430777302096,0.857142857142856,0.04761904761904661,0.09523809523809745,0.9523809523809534,2024-05-13 14:36:00,4.95,4.93,819170.0,968323.65,0.5000000000000111,2024-05-13 14:37:00,4.92,4.97,0.16666666666666174,0.006060606060606111,0.04242424242424241,2.0,26.16279069767441,1.3499999999999996,6.51,2024-05-13 19:57:00,11.43410852713178,0.5899999999999999,5.75,2024-05-13 15:07:00,True,29.0,False,,,3.9174244950476513,4.9493220040614485,4.8571677399973,0.09999981093187582,0.0194125894896143,0.08058722144226152
RPGL,2026-01-29,2026-01-29 13:49:00,False,clean_breakout,previous_high_break_with_pullback_low_support_or_previous_resistance,14.154,16.834,13.682,16.442,85167.0,22638.73,3.7620043173799944,0.7258883248730967,0.1243654822335024,0.1497461928934009,0.8756345177664976,2026-01-29 13:41:00,14.77,13.034,57735.85,8484.56,0.7917570498915398,2026-01-29 13:42:00,12.46,12.9,0.43912175648702595,0.15639810426540277,0.11320243737305354,8.0,129.8990390463447,21.357999999999997,37.8,2026-01-29 18:30:00,9.475732879211773,1.5579999999999998,18.0,2026-01-29 13:52:00,False,,False,,,11.387205153663292,13.884647735232093,12.769328985718614,1.088748363114096,0.3231153122263326,0.7656330508877633
SORA,2026-02-02,2026-02-02 10:31:00,False,clean_breakout,previous_high_break_with_pullback_low_support_or_previous_resistance,2.45,2.73,2.45,2.73,19198.0,2575.5,7.454086585129101,1.0,0.0,0.0,1.0,2026-02-02 10:29:00,2.46,2.438,2576.0,1456.35,0.12222222222222098,2026-02-02 10:30:00,2.4,2.45,0.0,0.024390243902439046,0.10975609756097562,2.0,64.46886446886447,1.7600000000000002,4.49,2026-02-02 15:27:00,18.68131868131869,0.5100000000000002,3.24,2026-02-02 10:37:00,True,1.0,False,,,2.429454697069219,2.446203701502537,2.2981176937186962,0.15795761312844547,0.028539691516474536,0.12941792161197094
RGS,2024-06-25,2024-06-25 09:50:00,False,clean_breakout,previous_high_break_with_pullback_low_support_or_previous_resistance,16.78,18.16,16.21,17.98,370651.0,262514.75,1.411924472815337,0.6153846153846152,0.0923076923076922,0.29230769230769255,0.9076923076923078,2024-06-25 09:44:00,17.5,17.43,281879.0,196820.7,0.14000000000000057,2024-06-25 09:47:00,15.64,16.46,0.45333333333333314,0.10628571428571425,0.02742857142857145,6.0,34.983314794215794,6.289999999999999,24.27,2024-06-25 14:57:00,11.06785317018909,1.9899999999999984,19.97,2024-06-25 09:57:00,True,7.0,False,,,12.591685147288917,16.65642913870581,15.866238498612471,0.7998877507989235,0.1955304710725354,0.6043572797263881
RGS,2024-06-25,2024-06-25 14:56:00,False,clean_breakout,previous_high_break_with_pullback_low_support_or_previous_resistance,22.3,23.85,21.7,23.6,241714.0,77549.05,3.116917615367306,0.6046511627906974,0.11627906976744175,0.27906976744186085,0.8837209302325583,2024-06-25 14:54:00,21.91,21.7,96376.0,63315.8,0.39622641509434037,2024-06-25 14:55:00,21.21,22.39,0.3445378151260512,0.031948881789137344,0.07713372889091745,2.0,2.8389830508474496,0.6699999999999982,24.27,2024-06-25 14:57:00,2.8389830508474496,0.6699999999999982,24.27,2024-06-25 14:57:00,False,,True,2024-06-25 15:04:00,20.84,15.304013749418585,21.842218965706543,21.042808528758368,0.7999219154691737,0.23946361282302553,0.5604583026461482
SBET,2025-05-29,2025-05-29 13:47:00,False,clean_breakout,previous_high_break_with_pullback_low_support_or_previous_resistance,54.33,55.8,54.0,55.28,52189.0,47705.45,1.0939840206936524,0.5277777777777802,0.28888888888888714,0.18333333333333268,0.7111111111111129,2025-05-29 13:44:00,54.74,54.2,56252.0,45463.7,0.033613445378150406,2025-05-29 13:45:00,53.5,54.05,0.624999999999995,0.022652539276580234,0.009864815491413942,3.0,93.25253256150505,51.55,106.83,2025-05-29 16:17:00,9.442836468885671,5.219999999999999,60.5,2025-05-29 13:54:00,False,,False,,,43.971015784127864,53.983643266443906,52.72772038223666,1.5027871642882928,0.03391409250164967,1.4688730717866432
LRMR,2026-02-25,2026-02-25 10:11:00,False,clean_breakout,previous_high_break_with_pullback_low_support_or_previous_resistance,4.86,4.97,4.85,4.955,312329.0,253735.9,1.2309215999785603,0.7916666666666639,0.12499999999999722,0.08333333333333888,0.8750000000000028,2026-02-25 10:09:00,4.95,4.9,262080.0,267496.95,0.38461538461538775,2026-02-25 10:10:00,4.84,4.855,0.18750000000000694,0.022222222222222286,0.0010101010101009886,2.0,29.566094853683143,1.4649999999999999,6.42,2026-02-25 13:35:00,10.393541876892023,0.5149999999999997,5.47,2026-02-25 10:21:00,True,10.0,False,,,4.505072604131821,4.842058641054029,4.722514887077861,0.153698946806192,0.0003172173446640558,0.15338172946152795
LRMR,2026-02-25,2026-02-25 11:21:00,False,clean_breakout,previous_high_break_with_pullback_low_support_or_previous_resistance,5.7551,5.99,5.7537,5.9886,837185.0,392066.6,2.135313235047311,0.9881506559458328,0.005924672027085443,0.005924672027081684,0.9940753279729145,2026-02-25 11:19:00,5.82,5.7616,474748.0,377609.2,0.5845845845845921,2026-02-25 11:20:00,5.74,5.75,0.33444816053511445,0.013745704467353964,0.02896907216494839,2.0,7.203687005310089,0.4314,6.42,2026-02-25 13:35:00,1.8602010486591145,0.11139999999999972,6.1,2026-02-25 11:34:00,False,,True,2026-02-25 11:43:00,5.72,5.159497500225111,5.756251751535321,5.677062954696194,0.09014770373153436,0.012891337150006163,0.0772563665815282
QBTS,2024-12-16,2024-12-16 11:31:00,False,clean_breakout,previous_high_break_with_pullback_low_support_or_previous_resistance,6.4303,6.66,6.43,6.6003,993273.0,474103.45,2.095055414593587,0.739130434782607,0.2595652173913052,0.0013043478260877758,0.7404347826086948,2024-12-16 11:28:00,6.46,6.45,270363.0,459934.5,0.12499999999999722,2024-12-16 11:29:00,6.4,6.44,0.6677796327212043,0.009287925696594366,0.02171826625386995,3.0,16.66136387739952,1.0997000000000003,7.7,2024-12-16 15:06:00,0.9029892580640356,0.05960000000000054,6.6599,2024-12-16 11:32:00,False,,True,2024-12-16 11:33:00,6.34,5.716209411506065,6.426724984693607,6.321696488678447,0.10714066167973524,0.026858210512724967,0.08028245116701027
QBTS,2024-12-16,2024-12-16 13:36:00,False,clean_breakout,previous_high_break_with_pullback_low_support_or_previous_resistance,6.9601,7.19,6.96,7.1273,824175.0,463406.2,1.7785152637146417,0.7269565217391302,0.27260869565217527,0.0004347826086946381,0.7273913043478247,2024-12-16 13:34:00,7.1,7.035,386032.0,403906.95,0.3076923076923035,2024-12-16 13:35:00,6.91,6.9753,0.5117554858934139,0.02676056338028162,0.003845070422535257,2.0,8.035300885328247,0.5727000000000002,7.7,2024-12-16 15:06:00,1.3006327781908968,0.09269999999999978,7.22,2024-12-16 13:37:00,False,,True,2024-12-16 13:49:00,6.82,6.036382137363066,6.998981245673862,6.881304715991099,0.1290716455945926,0.015461114498856829,0.11361053109573578
QBTS,2024-12-16,2024-12-16 14:51:00,False,clean_breakout,previous_high_break_with_pullback_low_support_or_previous_resistance,7.32,7.44,7.32,7.42,358628.0,345299.25,1.0386005761669046,0.8333333333333296,0.16666666666667038,0.0,0.8333333333333296,2024-12-16 14:49:00,7.4,7.39,215440.0,344356.3,0.12500000000000833,2024-12-16 14:50:00,7.32,7.3201,0.0012499999999970857,0.01081081081081082,0.002702702702702645,2.0,3.7735849056603805,0.28000000000000025,7.7,2024-12-16 15:06:00,3.7735849056603805,0.28000000000000025,7.7,2024-12-16 15:06:00,False,,True,2024-12-16 15:16:00,7.2,6.197209158101605,7.306357162984241,7.191883225027022,0.11690578547025599,0.02604642840339501,0.09085935706686098
QBTS,2024-12-16,2024-12-16 14:54:00,False,clean_breakout,previous_high_break_with_pullback_low_support_or_previous_resistance,7.38,7.47,7.37,7.46,426560.0,369804.4,1.1534746476786106,0.8000000000000036,0.09999999999999823,0.09999999999999823,0.9000000000000018,2024-12-16 14:52:00,7.45,7.45,361427.0,348412.4,0.0,2024-12-16 14:53:00,7.38,7.3873,0.0912499999999982,0.009395973154362454,0.0013422818791946022,2.0,3.2171581769437028,0.2400000000000002,7.7,2024-12-16 15:06:00,3.2171581769437028,0.2400000000000002,7.7,2024-12-16 15:06:00,False,,True,2024-12-16 15:16:00,7.2,6.207808666671551,7.368422867447932,7.254379920144729,0.12375859444086323,0.014935016494781489,0.10882357794608175
QBTS,2024-12-16,2024-12-16 14:55:00,False,clean_breakout,previous_high_break_with_pullback_low_support_or_previous_resistance,7.46,7.6,7.43,7.5985,930296.0,410025.8,2.268871861234098,0.8147058823529393,0.008823529411765044,0.17647058823529566,0.991176470588235,2024-12-16 14:53:00,7.46,7.3873,300022.0,353446.1,0.17500000000000276,2024-12-16 14:54:00,7.37,7.46,0.09999999999999823,0.012064343163538854,0.018565683646112552,2.0,1.3357899585444575,0.10150000000000059,7.7,2024-12-16 15:06:00,1.3357899585444575,0.10150000000000059,7.7,2024-12-16 15:06:00,False,,True,2024-12-16 15:16:00,7.2,6.217595524068348,7.414438293958346,7.2871532610833265,0.1357106033890627,0.020104861229086474,0.11560574215997624
MYSE,2025-01-07,2025-01-07 12:43:00,False,clean_breakout,previous_high_break_with_pullback_low_support_or_previous_resistance,3.81,4.1,3.74,4.084,1542770.0,467662.2,3.2988982218361884,0.7611111111111112,0.04444444444444456,0.1944444444444443,0.9555555555555555,2025-01-07 12:41:00,3.9799,3.8797,1123300.0,371139.6,0.5897586815773983,2025-01-07 12:42:00,3.78,3.82,0.30769230769230715,0.05022739264805658,0.026156436091358932,2.0,131.63565132223314,5.376000000000001,9.46,2025-01-07 16:02:00,7.002938295788455,0.2860000000000005,4.37,2025-01-07 13:13:00,False,,True,2025-01-07 12:52:00,3.77,3.2289013250446033,3.787699932377195,3.654779194220075,0.1277887679515275,0.047727155795069434,0.08006161215645806
CATX,2026-01-29,2026-01-29 10:01:00,False,clean_breakout,previous_high_break_with_pullback_low_support_or_previous_resistance,2.7,2.74,2.695,2.7311,27174.0,7139.65,3.8060689249473016,0.6911111111111032,0.19777777777777902,0.1111111111111177,0.802222222222221,2026-01-29 09:59:00,2.7,2.7,14342.0,5696.2,0.0,2026-01-29 10:00:00,2.69,2.7,0.4999999999999778,0.003703703703703789,0.011518518518518484,2.0,125.5501446303687,3.4289,6.16,2026-01-29 13:08:00,14.422760060049061,0.3938999999999999,3.125,2026-01-29 10:30:00,True,25.0,False,,,2.6583933179420196,2.6914280138998032,2.668482672120653,0.025512413623366204,0.0041649636149138705,0.021347450008452333
CATX,2026-01-29,2026-01-29 11:56:00,False,clean_breakout,previous_high_break_with_pullback_low_support_or_previous_resistance,3.405,3.52,3.4013,3.5014,186286.0,103946.0,1.7921420737690723,0.8121314237573717,0.15669755686605027,0.031171019376578044,0.8433024431339498,2026-01-29 11:51:00,3.48,3.41,281416.0,92061.8,0.46555555555555683,2026-01-29 11:55:00,3.34,3.405,0.8371428571428567,0.0402298850574713,0.006149425287356283,5.0,75.92962814874052,2.6586000000000003,6.16,2026-01-29 13:08:00,23.950419832067173,0.8386,4.34,2026-01-29 12:25:00,True,24.0,False,,,3.140541984692551,3.4153307760908795,3.3507609590710907,0.07860111041909779,-0.00029118846313243296,0.07889229888223022
CATX,2026-01-29,2026-01-29 12:01:00,False,clean_breakout,previous_high_break_with_pullback_low_support_or_previous_resistance,3.525,3.58,3.51,3.5714,81719.0,112406.3,0.7269966185169336,0.6628571428571433,0.12285714285714151,0.2142857142857152,0.8771428571428584,2026-01-29 11:57:00,3.55,3.5283,169781.0,110331.6,0.3945454545454495,2026-01-29 11:58:00,3.51,3.5214,0.5700000000000033,0.011267605633802828,0.006028169014084594,4.0,72.48137985103881,2.5886,6.16,2026-01-29 13:08:00,21.520972167777334,0.7685999999999997,4.34,2026-01-29 12:25:00,True,21.0,False,,,3.1747742605927707,3.49928208470946,3.4243293534109385,0.0889639094540482,0.005660647605971167,0.08330326184807703
CATX,2026-01-29,2026-01-29 12:45:00,False,clean_breakout,previous_high_break_with_pullback_low_support_or_previous_resistance,4.51,4.69,4.5001,4.6601,541394.0,312258.75,1.7337992930542379,0.7904160084254851,0.15745129015271397,0.05213270142180088,0.842548709847286,2026-01-29 12:41:00,4.62,4.5214,539087.0,369161.25,0.6333333333333302,2026-01-29 12:44:00,4.43,4.505,0.6250000000000009,0.04112554112554121,0.008679653679653636,4.0,32.18600459217614,1.4999000000000002,6.16,2026-01-29 13:08:00,32.18600459217614,1.4999000000000002,6.16,2026-01-29 13:08:00,True,5.0,False,,,3.8386047688168827,4.50481704650049,4.363643456439447,0.17597951041108661,-0.0014721735857767537,0.17745168399686337
CATX,2026-01-29,2026-01-29 13:08:00,False,clean_breakout,previous_high_break_with_pullback_low_support_or_previous_resistance,5.72,6.16,5.7101,6.13,1359585.0,757529.1,1.7947627358473754,0.9113136252500551,0.0666814847743948,0.022004889975550147,0.9333185152256052,2026-01-29 13:05:00,5.82,5.71,864217.0,687273.8,0.37931034482758724,2026-01-29 13:06:00,5.575,5.71,0.8181818181818167,0.042096219931271495,0.05326460481099649,3.0,0.0,0.0,6.1299,2026-01-29 13:09:00,0.0,0.0,6.1299,2026-01-29 13:09:00,False,,True,2026-01-29 13:13:00,5.42,4.542105389340952,5.6367394064381,5.3483077421171785,0.3237706426509934,0.0543900324085439,0.2693806102424495
CATX,2026-01-29,2026-01-29 13:09:00,False,clean_breakout,previous_high_break_with_pullback_low_support_or_previous_resistance,6.125,6.1299,5.73,5.8295,1176488.0,792833.2,1.4839035499522473,0.7389347336834206,0.01225306326581678,0.24881220305076268,0.24881220305076268,2026-01-29 13:05:00,5.82,5.71,864217.0,687273.8,0.37931034482758724,2026-01-29 13:06:00,5.575,5.71,0.8181818181818167,0.042096219931271495,0.0016323024054982927,4.0,2.0670726477399404,0.12049999999999983,5.95,2026-01-29 13:10:00,2.0670726477399404,0.12049999999999983,5.95,2026-01-29 13:10:00,False,,True,2026-01-29 13:13:00,5.42,4.586939688639261,5.675291525150479,5.394135576201257,0.3224074979682712,0.0466813710323114,0.27572612693595977
AIIO,2026-05-18,2026-05-18 13:15:00,False,clean_breakout,previous_high_break_with_pullback_low_support_or_previous_resistance,5.92,6.13,5.87,6.0901,646906.0,96271.75,6.71958284751238,0.6542307692307686,0.15346153846153962,0.1923076923076918,0.8465384615384604,2026-05-18 13:11:00,5.99,5.9393,163600.0,68253.75,0.5075075075075078,2026-05-18 13:12:00,5.87,5.92,0.7183908045976952,0.020033388981636077,0.016711185308847982,4.0,4.431782729347641,0.2699000000000007,6.36,2026-05-18 13:23:00,4.431782729347641,0.2699000000000007,6.36,2026-05-18 13:23:00,False,,True,2026-05-18 13:42:00,5.73,5.500941022141271,5.914183728559731,5.822590211691624,0.08849507243567434,0.02839472332269473,0.06010034911297961
CODX,2025-10-27,2025-10-27 11:49:00,False,clean_breakout,previous_high_break_with_pullback_low_support_or_previous_resistance,31.1493,33.0003,30.9003,32.5503,130017.533145,142104.00727904998,0.9149462821951547,0.6671428571428566,0.2142857142857155,0.11857142857142791,0.7857142857142845,2025-10-27 11:45:00,32.1003,30.7503,140034.899637,134004.65327339998,0.33333333333333265,2025-10-27 11:47:00,29.8203,30.7503,0.8611111111111094,0.07102737357594782,0.01401856057420033,4.0,42.85736229773613,13.950200000000002,46.5005,2025-10-27 14:35:00,15.20754032988943,4.950099999999999,37.5004,2025-10-27 11:55:00,True,5.0,False,,,23.476307860217833,30.724840482278214,29.46484944577732,1.353353582014865,0.25866294011911206,1.094690641895753
CODX,2025-10-27,2025-10-27 11:52:00,False,clean_breakout,previous_high_break_with_pullback_low_support_or_previous_resistance,32.4003,34.8003,32.1003,34.4703,206438.002266,140881.4878377,1.4653309347770604,0.7666666666666659,0.12222222222222147,0.11111111111111258,0.8777777777777785,2025-10-27 11:50:00,33.0003,32.5503,137734.522641,144680.29484925,0.3750000000000015,2025-10-27 11:51:00,31.8003,32.4003,0.5,0.03636330578812928,0.04454504959045823,2.0,34.900189438444116,12.0302,46.5005,2025-10-27 14:35:00,8.790465995364118,3.0300999999999974,37.5004,2025-10-27 11:55:00,False,,True,2025-10-27 12:03:00,30.9003,23.677351220636957,31.97566472692645,30.43504620975992,1.6366463254216335,0.3202355113417086,1.3164108140799249
KZIA,2024-07-10,2024-07-10 11:05:00,False,clean_breakout,previous_high_break_with_pullback_low_support_or_previous_resistance,29.565,37.5,29.55,37.5,81854.5,55293.58799999999,1.4803615203990743,0.9981132075471697,0.0,0.0018867924528302603,1.0,2024-07-10 10:59:00,32.5,30.5,93385.68,43004.484000000004,0.5882352941176473,2024-07-10 11:02:00,28.665,29.845,0.7023809523809523,0.11800000000000002,0.15384615384615385,6.0,44.0,16.5,54.0,2024-07-10 11:36:00,39.98666666666666,14.994999999999997,52.495,2024-07-10 11:35:00,True,6.0,False,,,21.92511523667576,30.848540780723468,28.046135807255922,2.949657233784837,0.5633363051147184,2.3863209286701186
PHIO,2025-01-13,2025-01-13 10:13:00,False,clean_breakout,previous_high_break_with_pullback_low_support_or_previous_resistance,6.8292,8.0299,6.82,7.9215,2900977.0,1838894.05,1.5775661463475832,0.9028018844532609,0.08959418133730034,0.007603934209438698,0.9104058186626997,2025-01-13 10:11:00,7.3852,7.2301,2422306.0,1832876.8,0.3484610199955066,2025-01-13 10:12:00,6.75,6.83,0.14814814814814828,0.08600985755294376,0.07261820939175645,2.0,23.587704348923804,1.8684999999999992,9.79,2025-01-13 10:58:00,19.926781543899512,1.5785,9.5,2025-01-13 10:16:00,True,2.0,False,,,4.87095820504214,6.812663222260198,6.20671278968231,0.6267155600654135,0.16670727889163928,0.46000828117377424
FNUC,2024-12-18,2024-12-18 11:38:00,False,clean_breakout,previous_high_break_with_pullback_low_support_or_previous_resistance,10.0542,11.05,9.8462,10.66,790645.978584,342232.10392140003,2.310262449152306,0.5032397408207342,0.3239740820734343,0.17278617710583152,0.6760259179265657,2024-12-18 11:33:00,10.4624,9.8384,621483.378516,301706.70213914994,0.6277472527472534,2024-12-18 11:36:00,9.2599,9.4575,0.22451994091580438,0.11493538767395631,0.018886679920477094,5.0,21.95121951219512,2.34,13.0,2024-12-18 12:25:00,18.29268292682926,1.9499999999999993,12.61,2024-12-18 12:03:00,True,23.0,True,2024-12-18 11:47:00,8.8959,7.78680751597812,9.827487173017225,9.34954665167982,0.46895712215091656,0.12919881098100516,0.3397583111699114
RGTI,2024-12-10,2024-12-10 12:03:00,False,clean_breakout,previous_high_break_with_pullback_low_support_or_previous_resistance,6.05,6.19,6.04,6.1895,829432.0,559917.25,1.4813474669694495,0.9299999999999975,0.0033333333333373993,0.06666666666666508,0.9966666666666626,2024-12-10 11:59:00,6.15,6.105,847775.0,472827.75,0.40909090909090723,2024-12-10 12:01:00,6.0,6.0,0.0,0.02439024390243908,0.006422764227642182,4.0,30.70522659342435,1.9005,8.09,2024-12-10 19:21:00,9.944260441069552,0.6154999999999999,6.805,2024-12-10 12:30:00,False,,False,,,5.340733878300545,6.012421986378615,5.87898775085425,0.1369204822297192,0.03502107187358053,0.10189941035613867
RGTI,2024-12-10,2024-12-10 12:30:00,False,clean_breakout,previous_high_break_with_pullback_low_support_or_previous_resistance,6.585,6.805,6.58,6.76,1361344.0,850043.7,1.6014988405890191,0.7777777777777782,0.2,0.022222222222221782,0.8,2024-12-10 12:28:00,6.63,6.615,970670.0,865251.6,0.12571428571428406,2024-12-10 12:29:00,6.55,6.59,0.5,0.012066365007541489,0.019607843137254888,2.0,19.674556213017752,1.33,8.09,2024-12-10 19:21:00,0.14792899408283708,0.009999999999999787,6.77,2024-12-10 12:31:00,False,,True,2024-12-10 12:32:00,6.44,5.519255854478543,6.573503088974477,6.461818856244936,0.13767723931289577,0.008598542690591654,0.12907869662230412
RGTI,2024-12-10,2024-12-10 13:48:00,False,clean_breakout,previous_high_break_with_pullback_low_support_or_previous_resistance,6.765,6.89,6.75,6.8804,1033532.0,516507.35,2.0010015346345025,0.8242857142857174,0.06857142857142752,0.1071428571428551,0.9314285714285725,2024-12-10 13:45:00,6.81,6.7982,481095.0,487947.6,0.1966666666666685,2024-12-10 13:46:00,6.7,6.7199,0.19899999999999876,0.016152716593245145,0.01033773861967698,3.0,17.580373234114298,1.2096,8.09,2024-12-10 19:21:00,0.13952677169931735,0.009599999999999831,6.89,2024-12-10 13:49:00,False,,True,2024-12-10 13:52:00,6.66,5.7321706691387,6.759502290485842,6.686510499104461,0.08229101361072555,0.01089312837693314,0.07139788523379241
RILY,2025-02-26,2025-02-26 10:24:00,False,clean_breakout,previous_high_break_with_pullback_low_support_or_previous_resistance,4.75,4.8,4.73,4.8,2775.0,9050.4,0.306616282153275,0.714285714285718,0.0,0.2857142857142821,1.0,2025-02-26 10:22:00,4.78,4.78,11027.0,8441.75,0.0,2025-02-26 10:23:00,4.72,4.74,0.33333333333333826,0.01255230125523023,0.004184100418409952,2.0,32.291666666666664,1.5499999999999998,6.35,2025-02-26 14:56:00,1.8749999999999971,0.08999999999999986,4.89,2025-02-26 10:52:00,False,,False,,,4.515788842630135,4.72523245574415,4.67592135295316,0.05971495709239871,0.006394218808998806,0.05332073828339991
RILY,2025-02-26,2025-02-26 11:34:00,False,clean_breakout,previous_high_break_with_pullback_low_support_or_previous_resistance,4.98,5.05,4.97,5.02,62296.0,16233.6,3.837472895722452,0.4999999999999889,0.3750000000000028,0.12500000000000833,0.6249999999999972,2025-02-26 11:31:00,5.0,4.96,18711.0,12956.5,0.0,2025-02-26 11:32:00,4.92,4.93,0.16666666666666174,0.016000000000000014,0.003999999999999915,3.0,26.494023904382473,1.33,6.35,2025-02-26 14:56:00,11.155378486055788,0.5600000000000005,5.58,2025-02-26 12:04:00,True,20.0,False,,,4.723971127174447,4.963580747222123,4.928686673627903,0.037085301400776594,0.0061680597505514335,0.03091724165022516
RILY,2025-02-26,2025-02-26 11:44:00,False,clean_breakout,previous_high_break_with_pullback_low_support_or_previous_resistance,5.03,5.1,5.02,5.1,32057.0,21099.4,1.519332303288245,0.8749999999999917,0.0,0.12500000000000833,1.0,2025-02-26 11:36:00,5.05,4.99,56284.0,20433.45,0.33333333333333665,2025-02-26 11:38:00,4.95,4.97,0.3999999999999929,0.019801980198019733,0.009900990099009866,8.0,24.50980392156863,1.25,6.35,2025-02-26 14:56:00,13.52941176470589,0.6900000000000004,5.79,2025-02-26 12:14:00,True,26.0,False,,,4.758942702772832,5.0271574247013575,4.989416982926912,0.04252111612534826,0.0045483272501741084,0.03797278887517415
RILY,2025-02-26,2025-02-26 11:45:00,False,clean_breakout,previous_high_break_with_pullback_low_support_or_previous_resistance,5.1,5.23,5.09,5.22,112296.0,25770.75,4.357498326591194,0.8571428571428544,0.07142857142857596,0.07142857142856962,0.928571428571424,2025-02-26 11:43:00,5.05,5.03,11572.0,19847.95,0.666666666666647,2025-02-26 11:44:00,5.02,5.1,0.12500000000000833,0.00594059405940599,0.03366336633663365,2.0,21.64750957854406,1.13,6.35,2025-02-26 14:56:00,12.452107279693495,0.6500000000000004,5.87,2025-02-26 12:15:00,True,29.0,False,,,4.783425176383599,5.065725939761085,5.011377270267206,0.055678259689866394,0.014825730170328039,0.040852529519538355
MTVA,2025-09-15,2025-09-15 13:41:00,False,clean_breakout,previous_high_break_with_pullback_low_support_or_previous_resistance,10.956,11.99,10.6931,11.66,65446.661826,23518.89011745,2.7827274798754815,0.5428329092451232,0.2544529262086513,0.2027141645462256,0.7455470737913487,2025-09-15 13:39:00,11.22,11.2178,66823.205904,18803.699378100002,0.0031545741324924027,2025-09-15 13:40:00,10.5721,10.923,0.5415959252971128,0.057745098039215674,0.039215686274509755,2.0,63.198113207547166,7.3689,19.0289,2025-09-15 15:51:00,35.84905660377358,4.18,15.84,2025-09-15 14:10:00,True,15.0,True,2025-09-15 13:48:00,9.9,10.262963125257746,10.610260753231982,9.86436157785502,0.777913474761311,0.1896455397799761,0.5882679349813349
MTVA,2025-09-15,2025-09-15 14:10:00,False,clean_breakout,previous_high_break_with_pullback_low_support_or_previous_resistance,14.6234,15.84,14.52,15.6222,143859.037959,84746.13798105,1.6975291309577811,0.7566666666666659,0.16500000000000029,0.07833333333333377,0.8349999999999997,2025-09-15 14:07:00,15.62,15.0579,129916.506447,75751.26970319999,0.3005882352941173,2025-09-15 14:09:00,14.08,14.6245,0.7071428571428566,0.0985915492957746,0.00014084507042254815,3.0,21.806787776369532,3.4067000000000007,19.0289,2025-09-15 15:51:00,0.69004365582313,0.107800000000001,15.73,2025-09-15 14:11:00,False,,True,2025-09-15 14:16:00,13.31,12.429984670395614,14.473871213480734,13.44490711841081,1.1677562095191245,0.13397120142355812,1.0337850080955664
RGTI,2024-12-10,2024-12-10 12:03:00,False,clean_breakout,previous_high_break_with_pullback_low_support_or_previous_resistance,6.05,6.19,6.04,6.1895,829432.0,559917.25,1.4813474669694495,0.9299999999999975,0.0033333333333373993,0.06666666666666508,0.9966666666666626,2024-12-10 11:59:00,6.15,6.105,847775.0,472827.75,0.40909090909090723,2024-12-10 12:01:00,6.0,6.0,0.0,0.02439024390243908,0.006422764227642182,4.0,30.70522659342435,1.9005,8.09,2024-12-10 19:21:00,9.944260441069552,0.6154999999999999,6.805,2024-12-10 12:30:00,False,,False,,,5.340733878300545,6.012421986378615,5.87898775085425,0.1369204822297192,0.03502107187358053,0.10189941035613867
RGTI,2024-12-10,2024-12-10 12:30:00,False,clean_breakout,previous_high_break_with_pullback_low_support_or_previous_resistance,6.585,6.805,6.58,6.76,1361344.0,850043.7,1.6014988405890191,0.7777777777777782,0.2,0.022222222222221782,0.8,2024-12-10 12:28:00,6.63,6.615,970670.0,865251.6,0.12571428571428406,2024-12-10 12:29:00,6.55,6.59,0.5,0.012066365007541489,0.019607843137254888,2.0,19.674556213017752,1.33,8.09,2024-12-10 19:21:00,0.14792899408283708,0.009999999999999787,6.77,2024-12-10 12:31:00,False,,True,2024-12-10 12:32:00,6.44,5.519255854478543,6.573503088974477,6.461818856244936,0.13767723931289577,0.008598542690591654,0.12907869662230412
RGTI,2024-12-10,2024-12-10 13:48:00,False,clean_breakout,previous_high_break_with_pullback_low_support_or_previous_resistance,6.765,6.89,6.75,6.8804,1033532.0,516507.35,2.0010015346345025,0.8242857142857174,0.06857142857142752,0.1071428571428551,0.9314285714285725,2024-12-10 13:45:00,6.81,6.7982,481095.0,487947.6,0.1966666666666685,2024-12-10 13:46:00,6.7,6.7199,0.19899999999999876,0.016152716593245145,0.01033773861967698,3.0,17.580373234114298,1.2096,8.09,2024-12-10 19:21:00,0.13952677169931735,0.009599999999999831,6.89,2024-12-10 13:49:00,False,,True,2024-12-10 13:52:00,6.66,5.7321706691387,6.759502290485842,6.686510499104461,0.08229101361072555,0.01089312837693314,0.07139788523379241
PBM,2024-12-19,2024-12-19 12:07:00,False,clean_breakout,previous_high_break_with_pullback_low_support_or_previous_resistance,337.7274,378.5686,329.2594,364.128,32549.92772432,16991.415317376002,1.9156690079273933,0.5354092136964301,0.29285812789499777,0.17173265840857213,0.7071418721050022,2024-12-19 11:52:00,361.1392,354.026,21943.11126832,14862.617116599999,0.1680003023117403,2024-12-19 11:57:00,275.9602,291.9001,0.4262296160997849,0.23586196126036726,0.008276033175019409,15.0,7.660740179277618,27.894900000000007,392.0229,2024-12-19 12:08:00,7.660740179277618,27.894900000000007,392.0229,2024-12-19 12:08:00,False,,True,2024-12-19 12:22:00,260.5184,228.24468770921823,321.59063712385597,302.7194009149995,23.6925120295777,0.9912295129337636,22.701282516643936
CDIO,2026-02-18,2026-02-18 10:44:00,False,clean_breakout,previous_high_break_with_pullback_low_support_or_previous_resistance,1.4399,1.53,1.4399,1.53,18163.0,1719.75,10.561418810873674,1.0,0.0,0.0,1.0,2026-02-18 10:42:00,1.45,1.45,514.0,849.35,0.0,2026-02-18 10:43:00,1.42,1.42,0.0,0.020689655172413814,0.055172413793103496,2.0,86.27450980392157,1.32,2.85,2026-02-18 14:28:00,7.843137254901953,0.11999999999999988,1.65,2026-02-18 10:46:00,False,,True,2026-02-18 10:48:00,1.37,1.4268097524438237,1.443161731259266,1.39768212269685,0.05187288110951016,0.004321666738866914,0.04755121437064325
FATN,2025-04-17,2025-04-17 14:17:00,False,clean_breakout,previous_high_break_with_pullback_low_support_or_previous_resistance,14.6,14.9,14.5,14.88,15982.0,15455.5,1.0340655430105787,0.7000000000000022,0.04999999999999889,0.2499999999999989,0.9500000000000011,2025-04-17 14:13:00,14.87,14.39,33803.0,13978.0,0.2769230769230771,2025-04-17 14:14:00,14.31,14.62,0.2,0.03765971755211828,0.000672494956287933,4.0,14.247311827956983,2.119999999999999,17.0,2025-04-17 14:23:00,14.247311827956983,2.119999999999999,17.0,2025-04-17 14:23:00,True,4.0,False,,,11.783083762632577,14.473488669087581,14.130371176407564,0.3795336168671053,0.053966765091817415,0.3255668517752879
FATN,2025-04-17,2025-04-17 14:20:00,False,clean_breakout,previous_high_break_with_pullback_low_support_or_previous_resistance,14.81,16.29,14.79,16.26,79508.0,19436.2,4.090717321287083,0.9666666666666673,0.01999999999999839,0.013333333333334233,0.9800000000000016,2025-04-17 14:18:00,14.9,14.72,16861.0,15913.55,0.0,2025-04-17 14:19:00,14.61,14.79,0.7826086956521712,0.01946308724832221,0.09127516778523498,2.0,4.551045510455094,0.7399999999999984,17.0,2025-04-17 14:23:00,4.551045510455094,0.7399999999999984,17.0,2025-04-17 14:23:00,False,,True,2025-04-17 14:24:00,14.33,11.951634793277726,14.912986198572844,14.435999989091835,0.4948879331096325,0.1134856952522974,0.3814022378573351
NEON,2024-08-21,2024-08-21 13:27:00,False,clean_breakout,previous_high_break_with_pullback_low_support_or_previous_resistance,4.7902,5.24,4.7902,5.24,100049.0,8447.75,11.843271877127046,1.0,0.0,0.0,1.0,2024-08-21 13:25:00,4.77,4.7593,10501.0,3485.5,0.1528571428571432,2024-08-21 13:26:00,4.76,4.799,0.7500000000000056,0.002096436058700165,0.09853249475891,2.0,2.2900763358778646,0.1200000000000001,5.36,2024-08-21 13:30:00,2.2900763358778646,0.1200000000000001,5.36,2024-08-21 13:30:00,False,,True,2024-08-21 13:51:00,4.68,4.486465814792175,4.8300291527952215,4.737967603407918,0.08205872697957073,0.03891229660699906,0.04314643037257167
RXT,2026-02-26,2026-02-26 14:42:00,False,clean_breakout,previous_high_break_with_pullback_low_support_or_previous_resistance,2.2537,2.36,2.24,2.355,1565718.0,592359.55,2.643188583690429,0.8441666666666704,0.041666666666665894,0.11416666666666367,0.9583333333333341,2026-02-26 14:38:00,2.29,2.2533,622027.0,585474.35,0.7196078431372561,2026-02-26 14:40:00,2.2301,2.2555,0.6649214659685866,0.026157205240174602,0.02838427947598251,4.0,12.526539278131633,0.29499999999999993,2.65,2026-02-26 16:21:00,1.9108280254777041,0.04499999999999993,2.4,2026-02-26 14:43:00,False,,True,2026-02-26 14:59:00,2.15,1.81656568506541,2.262620400865745,2.211785494108931,0.06200592422833706,0.002016862114069394,0.05998906211426767
CRNC,2024-11-21,2024-11-21 12:34:00,False,clean_breakout,previous_high_break_with_pullback_low_support_or_previous_resistance,5.25,5.4,5.24,5.39,316815.0,127389.7,2.4869750066135645,0.8749999999999972,0.06250000000000416,0.06249999999999861,0.9374999999999959,2024-11-21 12:29:00,5.37,5.31,234105.0,109856.65,0.3000000000000022,2024-11-21 12:31:00,5.15,5.21,0.5714285714285768,0.04096834264432025,0.0037243947858472204,5.0,18.923933209647505,1.0200000000000005,6.41,2024-11-21 14:48:00,3.710575139146571,0.20000000000000018,5.59,2024-11-21 12:39:00,False,,False,,,4.906654999208667,5.237981115030288,5.179142296331563,0.06573009895868775,0.013779198780764383,0.05195090017792337
CRNC,2024-11-21,2024-11-21 12:39:00,False,clean_breakout,previous_high_break_with_pullback_low_support_or_previous_resistance,5.39,5.59,5.37,5.54,756592.0,165278.9,4.577668413814468,0.6818181818181842,0.2272727272727267,0.09090909090908908,0.7727272727272733,2024-11-21 12:35:00,5.4,5.36,202890.0,131787.15,0.0,2024-11-21 12:38:00,5.31,5.4,0.6666666666666666,0.016666666666666805,0.025925925925925866,4.0,15.703971119133575,0.8700000000000001,6.41,2024-11-21 14:48:00,3.7906137184115516,0.20999999999999996,5.75,2024-11-21 13:08:00,False,,True,2024-11-21 12:42:00,5.22,4.9248662109386885,5.366768851773125,5.273835299568813,0.09785015949062803,0.02560731328489578,0.07224284620573225
CRNC,2024-11-21,2024-11-21 12:40:00,False,clean_breakout,previous_high_break_with_pullback_low_support_or_previous_resistance,5.54,5.54,5.39,5.42,379853.0,180505.95,2.1043793847238828,0.7999999999999988,0.0,0.20000000000000118,0.20000000000000118,2024-11-21 12:38:00,5.4,5.4,208992.0,132517.3,0.0,2024-11-21 12:39:00,5.37,5.54,0.09090909090908908,0.005555555555555601,0.0037037037037036245,2.0,18.265682656826574,0.9900000000000002,6.41,2024-11-21 14:48:00,6.0885608856088576,0.33000000000000007,5.75,2024-11-21 13:08:00,False,,True,2024-11-21 12:42:00,5.22,4.929701559157787,5.377415081418501,5.2877557472289265,0.09733064215681253,0.021156192096053572,0.07617445006075896
ENTA,2025-09-29,2025-09-29 10:03:00,False,clean_breakout,previous_high_break_with_pullback_low_support_or_previous_resistance,8.48,8.94,8.47,8.94,13856.0,10474.3,1.3228568973582961,0.9787234042553196,0.0,0.021276595744680448,1.0,2025-09-29 10:01:00,8.75,8.62,12633.0,8977.5,0.5652173913043502,2025-09-29 10:02:00,8.44,8.6,0.6249999999999972,0.03542857142857148,0.021714285714285658,2.0,77.62863534675617,6.940000000000001,15.88,2025-09-29 16:04:00,10.178970917225953,0.9100000000000001,9.85,2025-09-29 10:31:00,True,28.0,False,,,7.503431036238096,8.480904935603496,8.19080776032963,0.3074901129433094,0.06616790322631971,0.2413222097169897
ENTA,2025-09-29,2025-09-29 10:27:00,False,clean_breakout,previous_high_break_with_pullback_low_support_or_previous_resistance,9.5,9.79,9.5,9.66,27299.0,11824.65,2.30865184170356,0.5517241379310366,0.4482758620689634,0.0,0.5517241379310366,2025-09-29 10:23:00,9.6,9.46,11557.0,17504.1,0.6666666666666639,2025-09-29 10:24:00,9.42,9.45,0.07142857142856962,0.01874999999999997,0.006250000000000052,4.0,64.38923395445136,6.220000000000001,15.88,2025-09-29 16:04:00,2.5879917184265007,0.25,9.91,2025-09-29 10:40:00,False,,True,2025-09-29 10:53:00,9.33,7.888047094060849,9.46786450746933,9.272583197498697,0.2664495497888115,-0.024340263749042412,0.29078981353785394
ENTA,2025-09-29,2025-09-29 11:15:00,False,clean_breakout,previous_high_break_with_pullback_low_support_or_previous_resistance,9.93,10.32,9.93,10.12,41790.0,9055.95,4.614645619730674,0.48717948717948517,0.5128205128205148,0.0,0.48717948717948517,2025-09-29 11:13:00,9.95,9.93,7520.0,7147.45,0.10526315789473488,2025-09-29 11:14:00,9.85,9.86,0.12499999999999722,0.010050251256281372,0.017085427135678385,2.0,56.91699604743084,5.760000000000002,15.88,2025-09-29 16:04:00,4.743083003952574,0.4800000000000004,10.6,2025-09-29 11:45:00,False,,False,,,8.258078844667219,9.857038392282512,9.753504585843615,0.09807614764896577,0.04105330813388279,0.05702283951508298
ENTA,2025-09-29,2025-09-29 13:40:00,False,clean_breakout,previous_high_break_with_pullback_low_support_or_previous_resistance,12.54,12.97,12.48,12.97,114200.0,43551.15,2.6222040060939835,0.8775510204081659,0.0,0.12244897959183407,1.0,2025-09-29 13:38:00,12.66,12.45,80313.0,39043.55,0.6071428571428583,2025-09-29 13:39:00,12.3,12.51,0.6666666666666716,0.028436018957345925,0.024486571879936848,2.0,22.436391673091748,2.91,15.88,2025-09-29 16:04:00,10.71703932151117,1.3899999999999988,14.36,2025-09-29 14:03:00,True,23.0,False,,,10.303518508451193,12.383285234420086,12.112388259902653,0.27339467150970087,0.08020839964854329,0.19318627186115758
ENTA,2025-09-29,2025-09-29 13:58:00,False,clean_breakout,previous_high_break_with_pullback_low_support_or_previous_resistance,13.34,13.97,13.32,13.88,146491.0,81931.9,1.7879604891379306,0.8307692307692317,0.13846153846153816,0.030769230769230098,0.8615384615384618,2025-09-29 13:56:00,13.6,13.55,110281.0,77415.3,0.08771929824561212,2025-09-29 13:57:00,13.32,13.35,0.11111111111110891,0.0205882352941176,0.02058823529411773,2.0,14.409221902017292,2.0,15.88,2025-09-29 16:04:00,3.7463976945244926,0.5199999999999996,14.4,2025-09-29 14:17:00,False,,False,,,10.87126027043454,13.255869417960588,12.919962572944648,0.3592697508874778,0.09534170484416854,0.2639280460433093
QNTM,2025-02-05,2025-02-05 11:01:00,False,clean_breakout,previous_high_break_with_pullback_low_support_or_previous_resistance,6.59,6.77,6.59,6.77,30198.0,8082.15,3.7363820270596317,1.0,0.0,0.0,1.0,2025-02-05 10:59:00,6.65,6.56,12930.0,6510.05,0.40000000000000235,2025-02-05 11:00:00,6.5,6.59,0.0,0.02255639097744366,0.01804511278195477,2.0,48.44903988183163,3.280000000000001,10.05,2025-02-05 13:24:00,15.214180206794687,1.0300000000000002,7.8,2025-02-05 11:20:00,True,19.0,False,,,6.2574699057268655,6.565493563110963,6.478870353113991,0.08305397989959395,0.03671922317669506,0.0463347567228989
QNTM,2025-02-05,2025-02-05 11:14:00,False,clean_breakout,previous_high_break_with_pullback_low_support_or_previous_resistance,6.88,7.2,6.87,7.14,66509.0,19090.95,3.4837972966248403,0.7878787878787871,0.1818181818181833,0.03030303030302965,0.8181818181818167,2025-02-05 11:12:00,6.98,6.92,46871.0,16016.95,0.3000000000000022,2025-02-05 11:13:00,6.86,6.9,0.0,0.01719197707736391,0.022922636103151754,2.0,40.75630252100842,2.910000000000001,10.05,2025-02-05 13:24:00,11.904761904761912,0.8500000000000005,7.99,2025-02-05 11:43:00,True,19.0,False,,,6.339405428628221,6.866406335381252,6.738639826297581,0.13620436302965722,0.026215454675374394,0.10998890835428282
QNTM,2025-02-05,2025-02-05 13:00:00,False,clean_breakout,previous_high_break_with_pullback_low_support_or_previous_resistance,9.08,9.72,9.06,9.7,268039.0,103309.95,2.5945129196171326,0.939393939393938,0.03030303030303234,0.03030303030302965,0.9696969696969676,2025-02-05 12:58:00,9.4,9.4,229580.0,78383.45,0.0,2025-02-05 12:59:00,9.03,9.08,0.1351351351351367,0.03936170212765968,0.03191489361702116,2.0,3.608247422680427,0.3500000000000014,10.05,2025-02-05 13:24:00,3.608247422680427,0.3500000000000014,10.05,2025-02-05 13:24:00,False,,True,2025-02-05 13:10:00,8.87,7.577692477298546,8.991324983128285,8.584968972231463,0.41313091554214587,0.10993452811009341,0.30319638743205246
HIND,2025-08-14,2025-08-14 10:02:00,False,clean_breakout,previous_high_break_with_pullback_low_support_or_previous_resistance,13.8396,14.9596,13.6,14.52,36842.75,19578.2,1.881825193327272,0.5004413062665479,0.32333039129155655,0.17622830244189547,0.6766696087084434,2025-08-14 09:58:00,14.48,14.2252,40157.0,18116.475,0.3197791164658646,2025-08-14 10:00:00,13.6,14.14,0.5263157894736848,0.06077348066298348,0.0027624309392264602,4.0,28.09917355371902,4.080000000000002,18.6,2025-08-14 10:23:00,28.09917355371902,4.080000000000002,18.6,2025-08-14 10:23:00,True,7.0,False,,,12.631736508684298,13.801262057538178,13.256125393481758,0.5554859029889148,0.1404663491226535,0.41501955386626127
TMDE,2026-03-05,2026-03-05 13:48:00,False,clean_breakout,previous_high_break_with_pullback_low_support_or_previous_resistance,3.67,3.75,3.66,3.727,86672.0,41318.9,2.0976357066620843,0.6333333333333336,0.2555555555555574,0.11111111111110891,0.7444444444444426,2026-03-05 13:41:00,3.72,3.6896,49514.0,61471.8,0.31000000000001,2026-03-05 13:43:00,3.62,3.645,0.4166666666666648,0.026881720430107548,0.001881720430107439,7.0,8.666487791789642,0.32299999999999995,4.05,2026-03-05 17:18:00,3.3002414810839875,0.12300000000000022,3.85,2026-03-05 13:51:00,False,,True,2026-03-05 14:08:00,3.61,3.062436547575312,3.6729926840649507,3.625874340989755,0.0634057469452185,-0.006343582510358603,0.0697493294555771
RGC,2025-07-03,2025-07-03 10:42:00,False,clean_breakout,previous_high_break_with_pullback_low_support_or_previous_resistance,20.66,21.88,20.53,21.7,186531.0,117063.8,1.5934131644453708,0.7703703703703709,0.13333333333333333,0.09629629629629571,0.8666666666666667,2025-07-03 10:31:00,21.5,21.25,110320.0,113828.4,0.3521126760563376,2025-07-03 10:35:00,19.13,19.32,0.13868613138686214,0.11023255813953493,0.009302325581395316,11.0,29.03225806451613,6.300000000000001,28.0,2025-07-03 10:54:00,29.03225806451613,6.300000000000001,28.0,2025-07-03 10:54:00,True,4.0,False,,,17.815208327012158,20.510612212482453,19.82896325957806,0.9188435668763404,-0.09067828355060814,1.0095218504269485
GOVX,2024-08-16,2024-08-16 10:13:00,False,clean_breakout,previous_high_break_with_pullback_low_support_or_previous_resistance,110.75,116.75,109.75,116.15,29387.0,10201.431999999997,2.8806740073354415,0.7714285714285722,0.0857142857142849,0.14285714285714285,0.9142857142857151,2024-08-16 10:11:00,110.25,108.98,12530.4,8188.281999999997,0.2822222222222213,2024-08-16 10:12:00,108.75,110.8925,0.1421428571428578,0.013605442176870748,0.05351473922902499,2.0,82.95307791648729,96.35,212.5,2024-08-16 14:30:00,23.7602238484718,27.597499999999997,143.7475,2024-08-16 10:36:00,True,9.0,False,,,103.99833151377945,108.96911415003399,106.73067557674058,2.391130531446038,0.6397286303947252,1.7514019010513127
GOVX,2024-08-16,2024-08-16 10:28:00,False,clean_breakout,previous_high_break_with_pullback_low_support_or_previous_resistance,131.25,137.75,130.0,137.75,26894.56,23423.953999999998,1.148164823069581,0.8387096774193549,0.0,0.16129032258064516,1.0,2024-08-16 10:26:00,136.25,135.26,34047.48,20600.841999999997,0.193832599118945,2024-08-16 10:27:00,128.75,131.2475,0.27000000000000024,0.05504587155963303,0.011009174311926606,2.0,54.264972776769504,74.75,212.5,2024-08-16 14:30:00,4.3539019963702374,5.997500000000002,143.7475,2024-08-16 10:36:00,False,,True,2024-08-16 10:32:00,127.75,114.64673952080483,130.15741704969332,123.39360472092908,7.352377903249987,1.185626668074434,6.166751235175553
GOVX,2024-08-16,2024-08-16 13:35:00,False,clean_breakout,previous_high_break_with_pullback_low_support_or_previous_resistance,150.285,155.5,150.25,154.5,17921.68,8401.02,2.133274292883483,0.8028571428571435,0.19047619047619047,0.0066666666666660174,0.8095238095238095,2024-08-16 13:29:00,153.75,151.45,10219.32,7419.463999999998,0.49733333333333574,2024-08-16 13:30:00,146.15,147.25,0.19642857142857062,0.049430894308943055,0.004878048780487805,6.0,37.54045307443366,58.0,212.5,2024-08-16 14:30:00,25.080906148867317,38.75,193.25,2024-08-16 13:59:00,True,8.0,False,,,128.39769721390587,149.89184651158823,147.24878551242702,2.914461556999356,0.33192966710128324,2.582531889898073
GOVX,2024-08-16,2024-08-16 13:42:00,False,clean_breakout,previous_high_break_with_pullback_low_support_or_previous_resistance,157.535,163.75,157.535,162.75,13377.44,10978.290000000003,1.2185358557662438,0.839098954143202,0.160901045856798,0.0,0.839098954143202,2024-08-16 13:37:00,161.5,159.25,22737.84,9576.994000000002,0.3215434083601285,2024-08-16 13:41:00,155.5,157.75,0.75,0.03715170278637771,0.007739938080495356,5.0,30.568356374807987,49.75,212.5,2024-08-16 14:30:00,22.58064516129032,36.75,199.5,2024-08-16 14:09:00,True,13.0,False,,,129.39560260479112,157.45830608954705,153.24154235714562,4.5979272453428734,0.8434206930911001,3.7545065522517733
GOVX,2024-08-16,2024-08-16 13:43:00,False,clean_breakout,previous_high_break_with_pullback_low_support_or_previous_resistance,163.2375,176.75,162.7525,173.25,24798.0,12065.718,2.0552444537490433,0.7153063046972664,0.2500446508305054,0.03464904447222815,0.7499553491694946,2024-08-16 13:37:00,161.5,159.25,22737.84,9576.994000000002,0.3215434083601285,2024-08-16 13:41:00,155.5,157.75,0.75,0.03715170278637771,0.07275541795665634,6.0,22.655122655122657,39.25,212.5,2024-08-16 14:30:00,15.151515151515152,26.25,199.5,2024-08-16 14:09:00,True,16.0,False,,,129.78230647974914,160.61664487163765,155.14710975170317,5.622248793646605,1.4814544506970018,4.1407943429496035
GOVX,2024-08-16,2024-08-16 13:55:00,False,clean_breakout,previous_high_break_with_pullback_low_support_or_previous_resistance,168.375,180.75,167.5,179.2,32914.0,14270.990000000002,2.3063571623272106,0.8169811320754709,0.11698113207547256,0.0660377358490566,0.8830188679245274,2024-08-16 13:43:00,176.75,173.25,24798.0,12065.718,0.2500446508305054,2024-08-16 13:49:00,163.25,167.5,0.5059523809523806,0.07637906647807638,0.013861386138613797,12.0,18.582589285714292,33.30000000000001,212.5,2024-08-16 14:30:00,16.90848214285715,30.30000000000001,209.5,2024-08-16 14:18:00,True,14.0,False,,,132.26972795789808,170.08093958838998,165.58723644254314,5.563986301658588,-0.274026616224746,5.838012917883334
DXYZ,2024-11-08,2024-11-08 10:01:00,False,clean_breakout,previous_high_break_with_pullback_low_support_or_previous_resistance,26.26,27.34,26.15,27.34,79559.0,48473.85,1.6412766883587748,0.9075630252100816,0.0,0.09243697478991837,1.0,2024-11-08 09:59:00,27.0,26.4,54700.0,45272.55,0.6499999999999994,2024-11-08 10:00:00,26.09,26.38,0.4461538461538458,0.03370370370370371,0.012592592592592588,2.0,56.437454279444054,15.430000000000003,42.77,2024-11-08 14:15:00,13.3138258961229,3.6400000000000006,30.98,2024-11-08 10:15:00,True,13.0,False,,,25.253627327421565,26.516494164487778,26.012034508700438,0.530795482885889,0.08467391889713388,0.4461215639887551
DXYZ,2024-11-08,2024-11-08 10:02:00,False,clean_breakout,previous_high_break_with_pullback_low_support_or_previous_resistance,27.35,28.5,27.1,28.1,143674.0,54825.85,2.6205521665418776,0.5357142857142863,0.285714285714285,0.17857142857142874,0.714285714285715,2024-11-08 09:59:00,27.0,26.4,54700.0,45272.55,0.6499999999999994,2024-11-08 10:00:00,26.09,26.38,0.4461538461538458,0.03370370370370371,0.04074074074074079,3.0,52.20640569395019,14.670000000000002,42.77,2024-11-08 14:15:00,10.249110320284693,2.879999999999999,30.98,2024-11-08 10:15:00,True,13.0,False,,,25.449207224409246,26.833195331590225,26.210888365014682,0.6303354244436612,0.141390768070718,0.4889446563729432
DXYZ,2024-11-08,2024-11-08 13:41:00,False,clean_breakout,previous_high_break_with_pullback_low_support_or_previous_resistance,37.19,37.9,36.9,37.85,53435.0,41812.1,1.277979340908493,0.6600000000000037,0.04999999999999716,0.28999999999999915,0.9500000000000028,2024-11-08 13:35:00,37.5,36.28,73195.0,39376.25,0.21608040201004988,2024-11-08 13:36:00,36.25,36.76,0.027397260273977004,0.03333333333333333,0.00933333333333337,6.0,12.998678996036992,4.920000000000002,42.77,2024-11-08 14:15:00,6.737120211360627,2.549999999999997,40.4,2024-11-08 14:08:00,False,,True,2024-11-08 13:50:00,35.86,29.98763787470922,36.87483522886549,36.07416835049976,0.873599240199141,0.11355561687221072,0.7600436233269303
DXYZ,2024-11-08,2024-11-08 15:56:00,False,clean_breakout,previous_high_break_with_pullback_low_support_or_previous_resistance,35.73,37.0,35.6,36.88,75931.0,28052.2,2.7067752261854685,0.8214285714285763,0.08571428571428398,0.09285714285713971,0.914285714285716,2024-11-08 15:42:00,35.9,35.82,25895.0,30908.35,0.12307692307692072,2024-11-08 15:44:00,34.63,35.32,0.5402298850574715,0.035376044568245016,0.027298050139275876,14.0,11.144251626898045,4.109999999999999,40.99,2024-11-08 19:44:00,1.8980477223427212,0.6999999999999957,37.58,2024-11-08 16:15:00,False,,True,2024-11-08 16:05:00,34.5,32.56255254469077,35.64733738285593,35.2518727248705,0.45685412500709077,0.0508712550267344,0.4059828699803564
MYSE,2025-01-07,2025-01-07 12:43:00,False,clean_breakout,previous_high_break_with_pullback_low_support_or_previous_resistance,3.81,4.1,3.74,4.084,1542770.0,467662.2,3.2988982218361884,0.7611111111111112,0.04444444444444456,0.1944444444444443,0.9555555555555555,2025-01-07 12:41:00,3.9799,3.8797,1123300.0,371139.6,0.5897586815773983,2025-01-07 12:42:00,3.78,3.82,0.30769230769230715,0.05022739264805658,0.026156436091358932,2.0,131.63565132223314,5.376000000000001,9.46,2025-01-07 16:02:00,7.002938295788455,0.2860000000000005,4.37,2025-01-07 13:13:00,False,,True,2025-01-07 12:52:00,3.77,3.2289013250446033,3.787699932377195,3.654779194220075,0.1277887679515275,0.047727155795069434,0.08006161215645806
RZLV,2024-12-17,2024-12-17 11:15:00,False,clean_breakout,previous_high_break_with_pullback_low_support_or_previous_resistance,2.82,2.94,2.82,2.9299,283173.0,131623.7,2.1513830715896907,0.9158333333333334,0.08416666666666657,0.0,0.9158333333333334,2024-12-17 11:12:00,2.89,2.879,226516.0,94065.95,0.18363939899833168,2024-12-17 11:13:00,2.77,2.869,0.9900000000000011,0.041522491349481,0.013806228373702361,3.0,36.52343083381685,1.0701,4.0,2024-12-17 13:17:00,4.7441892214751435,0.13900000000000023,3.0689,2024-12-17 11:22:00,False,,True,2024-12-17 11:28:00,2.73,2.530948089988276,2.812545939068267,2.7425956031272287,0.0653519967095022,0.029175490694298978,0.036176506015203225
HBIO,2025-10-30,2025-10-30 12:35:00,False,clean_breakout,previous_high_break_with_pullback_low_support_or_previous_resistance,6.902,7.3,6.87,7.178,125998.2,31586.71,3.988962446547931,0.641860465116279,0.28372093023255807,0.0744186046511629,0.7162790697674419,2025-10-30 12:33:00,7.0,6.989,71583.7,22587.29,0.05820105820105882,2025-10-30 12:34:00,6.9,6.9,0.0,0.014285714285714235,0.02542857142857142,2.0,30.95569796600725,2.2220000000000004,9.4,2025-10-30 14:09:00,8.038450821955976,0.577,7.755,2025-10-30 12:38:00,False,,True,2025-10-30 12:52:00,6.82,6.227518780427495,6.853314834010642,6.738353313338431,0.11790753040134128,0.03452359094276304,0.08338393945857824
PBM,2024-12-19,2024-12-19 12:07:00,False,clean_breakout,previous_high_break_with_pullback_low_support_or_previous_resistance,337.7274,378.5686,329.2594,364.128,32549.92772432,16991.415317376002,1.9156690079273933,0.5354092136964301,0.29285812789499777,0.17173265840857213,0.7071418721050022,2024-12-19 11:52:00,361.1392,354.026,21943.11126832,14862.617116599999,0.1680003023117403,2024-12-19 11:57:00,275.9602,291.9001,0.4262296160997849,0.23586196126036726,0.008276033175019409,15.0,7.660740179277618,27.894900000000007,392.0229,2024-12-19 12:08:00,7.660740179277618,27.894900000000007,392.0229,2024-12-19 12:08:00,False,,True,2024-12-19 12:22:00,260.5184,228.24468770921823,321.59063712385597,302.7194009149995,23.6925120295777,0.9912295129337636,22.701282516643936
PHIO,2026-02-13,2026-02-13 09:51:00,False,clean_breakout,previous_high_break_with_pullback_low_support_or_previous_resistance,1.3601,1.4,1.35,1.382,108039.0,31866.75,3.3903363223422534,0.4379999999999977,0.3600000000000016,0.20200000000000068,0.6399999999999983,2026-02-13 09:49:00,1.37,1.355,6199.0,32748.3,0.6666666666666617,2026-02-13 09:50:00,1.35,1.365,0.0,0.014598540145985413,0.008759124087591086,2.0,36.03473227206947,0.498,1.88,2026-02-13 14:08:00,3.4732272069464574,0.04800000000000004,1.43,2026-02-13 10:07:00,False,,False,,,1.3170599200549282,1.3585153573272628,1.3339879404297457,0.030130700209086037,-0.0006988673735811059,0.030829567582667142
PHIO,2026-02-13,2026-02-13 10:58:00,False,clean_breakout,previous_high_break_with_pullback_low_support_or_previous_resistance,1.4541,1.55,1.4541,1.519,335326.0,34979.65,9.586316615517879,0.6767466110531792,0.3232533889468207,0.0,0.6767466110531792,2026-02-13 10:56:00,1.45,1.4466,88498.0,16927.9,0.11333333333332815,2026-02-13 10:57:00,1.44,1.4594,0.0,0.006896551724137937,0.04758620689655169,2.0,23.765635286372614,0.361,1.88,2026-02-13 14:08:00,9.940750493745888,0.15100000000000002,1.67,2026-02-13 11:28:00,False,,False,,,1.3881974444244822,1.4482779709943276,1.4305132326634415,0.015982803926904543,0.008448374063945252,0.007534429862959291
PHIO,2026-02-13,2026-02-13 11:32:00,False,clean_breakout,previous_high_break_with_pullback_low_support_or_previous_resistance,1.65,1.7,1.65,1.7,180341.0,153292.15,1.1764529364354275,1.0,0.0,0.0,1.0,2026-02-13 11:30:00,1.68,1.6697,251919.0,147850.9,0.11444444444444436,2026-02-13 11:31:00,1.64,1.66,0.6666666666666666,0.023809523809523832,0.011904761904761916,2.0,10.588235294117645,0.17999999999999994,1.88,2026-02-13 14:08:00,2.941176470588238,0.050000000000000044,1.75,2026-02-13 11:37:00,False,,True,2026-02-13 11:34:00,1.63,1.5435123060113916,1.6482199199182734,1.6258542668720048,0.028598129927050575,0.0006193060977506756,0.0279788238292999
NBP,2025-08-01,2025-08-01 09:40:00,False,clean_breakout,previous_high_break_with_pullback_low_support_or_previous_resistance,2.5461,2.69,2.5254,2.67,167893.0,52896.05,3.1740177196595964,0.752733900364519,0.12150668286755777,0.12575941676792315,0.8784933171324423,2025-08-01 09:36:00,2.65,2.6008,116596.0,35840.75,0.5466666666666665,2025-08-01 09:39:00,2.52,2.5246,0.11499999999999834,0.04905660377358487,0.007547169811320762,4.0,28.838951310861425,0.77,3.44,2025-08-01 10:19:00,3.3707865168539275,0.08999999999999986,2.76,2025-08-01 10:10:00,False,,True,2025-08-01 09:41:00,2.46,2.4721246111168647,2.529935687113573,2.460772551546461,0.06860021857734822,0.026600710270937314,0.0419995083064109
OPEN,2025-07-21,2025-07-21 10:07:00,False,clean_breakout,previous_high_break_with_pullback_low_support_or_previous_resistance,3.1803,3.31,3.18,3.3098,7486430.0,5537827.9,1.3518711912300487,0.9961538461538483,0.0015384615384613702,0.0023076923076903472,0.9984615384615386,2025-07-21 10:05:00,3.24,3.18,5593335.0,5198800.4,0.19285714285714303,2025-07-21 10:06:00,3.13,3.1801,0.8349999999999999,0.03395061728395071,0.021543209876543165,2.0,50.16013052148165,1.6601999999999997,4.97,2025-07-21 14:46:00,2.1209740769834977,0.07019999999999982,3.38,2025-07-21 10:10:00,False,,True,2025-07-21 10:18:00,3.06,2.9092061402831284,3.1866823190413034,3.0918847466449266,0.10551996166485633,0.011013452577145574,0.09450650908771076
OPEN,2025-07-21,2025-07-21 10:59:00,False,clean_breakout,previous_high_break_with_pullback_low_support_or_previous_resistance,3.615,3.74,3.61,3.73,4325649.0,4220186.65,1.0249899728961038,0.8846153846153806,0.0769230769230785,0.038461538461540955,0.9230769230769215,2025-07-21 10:57:00,3.7,3.6585,5002076.0,4025291.35,0.16666666666667038,2025-07-21 10:58:00,3.61,3.6108,0.013333333333331853,0.024324324324324405,0.008108108108108055,2.0,33.24396782841823,1.2399999999999998,4.97,2025-07-21 14:46:00,9.11528150134049,0.3400000000000003,4.07,2025-07-21 11:29:00,False,,True,2025-07-21 11:01:00,3.6,3.0732333079714644,3.6052038376958975,3.4944835721545826,0.12078161037268931,0.018303521429656605,0.1024780889430327
OPEN,2025-07-21,2025-07-21 13:08:00,False,clean_breakout,previous_high_break_with_pullback_low_support_or_previous_resistance,4.3548,4.48,4.35,4.48,7100512.0,3587621.6,1.979169709536814,0.9630769230769205,0.0,0.036923076923079466,1.0,2025-07-21 13:06:00,4.38,4.35,2848988.0,3716213.0,0.5000000000000074,2025-07-21 13:07:00,4.32,4.3546,0.5974999999999836,0.013698630136986212,0.022831050228310626,2.0,10.937499999999984,0.4899999999999993,4.97,2025-07-21 14:46:00,0.22321428571428092,0.009999999999999787,4.49,2025-07-21 13:09:00,False,,True,2025-07-21 13:12:00,4.31,3.5362846867370186,4.330309488132499,4.240540702663363,0.10047111636137096,0.011098888101776158,0.0893722282595948
PONY,2025-04-28,2025-04-28 10:16:00,False,clean_breakout,previous_high_break_with_pullback_low_support_or_previous_resistance,8.23,8.46,8.21,8.44,226937.0,135000.8,1.6810048533045732,0.8399999999999963,0.0800000000000054,0.0799999999999983,0.9199999999999946,2025-04-28 10:12:00,8.31,8.25,162540.0,123864.9,0.07142857142856962,2025-04-28 10:14:00,8.2,8.28,0.12500000000001943,0.01323706377858017,0.015643802647412636,4.0,34.47867298578199,2.91,11.35,2025-04-28 13:06:00,8.412322274881527,0.7100000000000009,9.15,2025-04-28 10:44:00,False,,False,,,7.8187192244845605,8.248740977866902,8.109861967313288,0.16415843353801485,0.006133639269656821,0.15802479426835803
PONY,2025-04-28,2025-04-28 10:42:00,False,clean_breakout,previous_high_break_with_pullback_low_support_or_previous_resistance,8.79,9.0,8.72,8.98,333863.0,159798.7,2.0892723157322304,0.6785714285714347,0.07142857142857006,0.24999999999999525,0.9285714285714299,2025-04-28 10:36:00,8.95,8.89,370953.0,171068.65,0.33333333333332676,2025-04-28 10:41:00,8.78,8.79,0.14285714285713924,0.018994413407821223,0.0033519553072626973,6.0,26.391982182628055,2.369999999999999,11.35,2025-04-28 13:06:00,4.565701559020046,0.41000000000000014,9.39,2025-04-28 11:05:00,False,,False,,,8.18313391649498,8.826624324577505,8.706277911704285,0.15360425846653136,0.0017646654603410694,0.1518395930061903
PONY,2025-04-28,2025-04-28 10:44:00,False,clean_breakout,previous_high_break_with_pullback_low_support_or_previous_resistance,8.92,9.15,8.91,9.13,393055.0,178231.3,2.205308495196972,0.8750000000000028,0.08333333333333148,0.04166666666666574,0.9166666666666685,2025-04-28 10:42:00,9.0,8.98,333863.0,159798.7,0.07142857142857006,2025-04-28 10:43:00,8.87,8.92,0.38461538461538775,0.01444444444444453,0.01444444444444453,2.0,24.31544359255201,2.219999999999999,11.35,2025-04-28 13:06:00,2.847754654983568,0.2599999999999998,9.39,2025-04-28 11:05:00,False,,False,,,8.230349129376735,8.902239567729605,8.765048358560652,0.1662716102124211,0.008968047543033847,0.15730356266938725
PONY,2025-04-28,2025-04-28 12:47:00,False,clean_breakout,previous_high_break_with_pullback_low_support_or_previous_resistance,10.53,10.95,10.51,10.92,638132.0,283341.85,2.2521628908683984,0.8863636363636387,0.0681818181818168,0.04545454545454454,0.9318181818181832,2025-04-28 12:45:00,10.79,10.57,504893.0,257814.8,0.7857142857142835,2025-04-28 12:46:00,10.47,10.52,0.2777777777777723,0.02965708989805362,0.01204819277108441,2.0,3.937728937728935,0.4299999999999997,11.35,2025-04-28 13:06:00,3.937728937728935,0.4299999999999997,11.35,2025-04-28 13:06:00,False,,False,,,9.391406239027912,10.550201215942078,10.34278179056954,0.21280448053231282,0.039983027790371745,0.17282145274194108
