time,open,high,low,close,Nested Reclaim Evidence Marker,Reclaim Entry Marker,Extended Resistance Entry Marker,Long Resistance Entry Marker,High Quality Reclaim Entry Marker,Validation Build ID,Strong Reclaim Entry,Support Zone Low,Support Zone High,Highest Resistance Rejection,Former Support / Resistance Line,Prior Advance Percent,Entry Body Expansion,Entry Volume vs Resistance,Entry Volume vs Prior 3 Bars,Resistance Stage Bull / Bear Relative Volume,Distinct Resistance Attempts,Breakout Behavior Quality Score,Resistance Stage Bars,Resistance Stage Quiet Bars (%),Breakdown Volume vs Average,Breakdown Body / Range (%),Breakdown Close From Low (%),Entry Body / Range (%),Entry Candle Range (%),Gap To Recent High (%),Entry Volume vs Participation Average,Entry Distance From Support (%),Bullish Resistance Bars (%),Entry Gap Above EMA20 (%),Expansion Start Bar Index,Full Expansion Bars,Full Expansion Gain (%),Expansion Directional Efficiency (%),Expansion Maximum Drawdown (%),Expansion Bull Volume / Average,Expansion Bull Volume Share (%),Expansion Strength Score (0-5),Support To Entry Bars,Entry Is Close To Expansion,Entry Volume vs Previous Bar,Entry Range vs Prior 3 Bars,Entry Confirmation Score (0-5),Combined Confidence Score (0-11),Entry Has Recent Expansion Evidence,Entry Has Nested Reclaim Evidence,Entry Has Either Context Evidence,Nested Evidence Age (Bars),Nested Reclaim Cleared Resistance,Nested Reclaim Higher Resistance,EMA,VWAP,EMA.1,EMA.2,Volume,Volume MA
2026-08-12T04:00:00-04:00,4.35,4.45,4.11,4.23,0,0,0,0,0,2026100401,0,,,,,,,,,,,,,,,,,,,,,,,,,,,,,,,,,,,,,,,,,,,,3.369495084705194,4.263333333333334,4.489490147160711,4.5073699486469145,30844,11845.55
2026-08-12T04:01:00-04:00,4.2911,5.3,4.22,5.1738,0,0,0,0,0,2026100401,0,,,,,,,,,,,,,,,,,,,,,,,,,,,,,,,,,,,,,,,,,,,,3.369495084705194,4.809556546369333,4.554662514097786,4.640655958917532,190635,21273.95
2026-08-12T04:02:00-04:00,5.143,5.9862,5.13,5.91,0,0,0,0,0,2026100401,0,,,,,,,,,,,,,,,,,,,,,,,,,,,,,,,,,,,,,,,,,,,,3.369495084705194,5.236011809974208,4.683742274659902,4.894524767134025,214960,31893.4
2026-08-12T04:03:00-04:00,5.953,5.953,5.6,5.623,0,0,0,0,0,2026100401,0,,,,,,,,,,,,,,,,,,,,,,,,,,,,,,,,,,,,,,,,,,,,3.369495084705194,5.372847224491705,4.773195391358959,5.04021981370722,169426,40133.55
2026-08-12T04:04:00-04:00,5.62,5.73,5.3513,5.52,0,0,0,0,0,2026100401,0,,,,,,,,,,,,,,,,,,,,,,,,,,,,,,,,,,,,,,,,,,,,3.369495084705194,5.398696984319181,4.844319639800963,5.136175850965776,115951,45027.15
2026-08-12T04:05:00-04:00,5.52,5.52,4.95,5.1785,0,0,0,0,0,2026100401,0,,,,,,,,,,,,,,,,,,,,,,,,,,,,,,,,,,,,,,,,,,,,3.369495084705194,5.370492608665776,4.8761463407723,5.14464068077262,131918,51143.6
2026-08-12T04:06:00-04:00,5.18,5.5445,5.17,5.47,0,0,0,0,0,2026100401,0,,,,,,,,,,,,,,,,,,,,,,,,,,,,,,,,,,,,,,,,,,,,3.369495084705194,5.373685254339001,4.932703832127318,5.209712544618096,128885,56331.65
2026-08-12T04:07:00-04:00,5.48,5.6546,5.31,5.38,0,0,0,0,0,2026100401,0,,,,,,,,,,,,,,,,,,,,,,,,,,,,,,,,,,,,,,,,,,,,3.369495084705194,5.383041365307097,4.975303467162812,5.243770035694477,141094,63117.35
2026-08-12T04:08:00-04:00,5.34,5.51,5.3,5.405,0,0,0,0,0,2026100401,0,,,,,,,,,,,,,,,,,,,,,,,,,,,,,,,,,,,,,,,,,,,,3.369495084705194,5.384125288464847,5.016226946480639,5.276016028555582,58349,65698.35
2026-08-12T04:09:00-04:00,5.38,5.75,5.38,5.59,0,0,0,0,0,2026100401,0,,,,,,,,,,,,,,,,,,,,,,,,,,,,,,,,,,,,,,,,,,,,3.369495084705194,5.397989895486501,5.070871999196769,5.338812822844465,93467,68123.0
2026-08-12T04:10:00-04:00,5.58,6.0607,5.5737,5.91,0,0,0,0,0,2026100401,0,,,,,,,,,,,,,,,,,,,,,,,,,,,,,,,,,,,,,,,,,,,,3.369495084705194,5.453949446304552,5.15078895165422,5.453050258275573,181078,76093.35
2026-08-12T04:11:00-04:00,5.8946,6.28,5.8946,6.24,0,0,0,0,0,2026100401,0,,,,,,,,,,,,,,,,,,,,,,,,,,,,,,,,,,,,,,,,,,,,3.369495084705194,5.539120274746368,5.254523337210961,5.610440206620458,207085,85850.2
2026-08-12T04:12:00-04:00,6.2238,6.3,6.01,6.06,0,0,0,0,0,2026100401,0,,,,,,,,,,,,,,,,,,,,,,,,,,,,,,,,,,,,,,,,,,,,3.369495084705194,5.58237654146665,5.331235400333727,5.7003521652963665,133033,92334.8
2026-08-12T04:13:00-04:00,6.06,6.06,5.76,5.8737,0,0,0,0,0,2026100401,0,,,,,,,,,,,,,,,,,,,,,,,,,,,,,,,,,,,,,,,,,,,,3.369495084705194,5.6003339325852926,5.382898695540038,5.735021732237093,108428,97525.35
2026-08-12T04:14:00-04:00,5.84,6.37,5.84,6.3,0,0,0,0,0,2026100401,0,,,,,,,,,,,,,,,,,,,,,,,,,,,,,,,,,,,,,,,,,,,,3.369495084705194,5.647182066810928,5.470241676917177,5.8480173857896744,170715,105963.3
2026-08-12T04:15:00-04:00,6.29,6.5,6.11,6.14,0,0,0,0,0,2026100401,0,,,,,,,,,,,,,,,,,,,,,,,,,,,,,,,,,,,,,,,,,,,,3.369495084705194,5.685851777382355,5.534028183877446,5.906413908631739,142291,112935.35
2026-08-12T04:16:00-04:00,6.14,6.1798,5.9793,6.12,0,0,0,0,0,2026100401,0,,,,,,,,,,,,,,,,,,,,,,,,,,,,,,,,,,,,,,,,,,,,3.369495084705194,5.698989136118422,5.589835023508165,5.9491311269053915,73953,116296.15
2026-08-12T04:17:00-04:00,6.1,6.3,6.0701,6.17,0,0,0,0,0,2026100401,0,,,,,,,,,,,,,,,,,,,,,,,,,,,,,,,,,,,,,,,,,,,,3.369495084705194,5.713438615998066,5.645088830793101,5.993304901524313,70982,119452.7
2026-08-12T04:18:00-04:00,6.15,6.16,5.94,5.95,0,0,0,0,0,2026100401,0,,,,,,,,,,,,,,,,,,,,,,,,,,,,,,,,,,,,,,,,,,,,3.369495084705194,5.725086668674131,5.674127989765187,5.98464392121945,94401,123699.3
2026-08-12T04:19:00-04:00,5.96,6.0501,5.75,5.8899,0,0,0,0,0,2026100401,0,,,,,,,,,,,,,,,,,,,,,,,,,,,,,,,,,,,,,,,,,,,,3.369495084705194,5.733017937929524,5.694677705025645,5.96569513697556,119103,128829.9
2026-08-12T04:20:00-04:00,5.89,5.94,5.74,5.76,0,0,0,0,0,2026100401,0,,,,,,,,,,,,,,,,,,,,,,,,,,,,,,,,,,,,,,,,,,,,3.369495084705194,5.735345791877189,5.700898875975584,5.924556109580448,76909,131133.15
2026-08-12T04:21:00-04:00,5.76,5.81,5.6219,5.64,0,0,0,0,0,2026100401,0,,,,,,,,,,,,,,,,,,,,,,,,,,,,,,,,,,,,,,,,,,,,3.369495084705194,5.734103102016928,5.695098983025528,5.867644887664358,75857,125394.25
2026-08-12T04:22:00-04:00,5.64,5.8,5.54,5.71,0,0,0,0,0,2026100401,0,,,,,,,,,,,,,,,,,,,,,,,,,,,,,,,,,,,,,,,,,,,,3.369495084705194,5.7323256660367425,5.696518127499288,5.836115910131487,99021,119597.3
2026-08-12T04:23:00-04:00,5.7,6.02,5.69,5.9,0,0,0,0,0,2026100401,0,,,,,,,,,,,,,,,,,,,,,,,,,,,,,,,,,,,,,,,,,,,,3.369495084705194,5.737651455129453,5.715897353451736,5.84889272810519,113816,116816.8
2026-08-12T04:24:00-04:00,5.89,5.91,5.7722,5.8297,0,0,0,0,0,2026100401,0,,,,,,,,,,,,,,,,,,,,,,,,,,,,,,,,,,,,,,,,,,,,3.369495084705194,5.73877725674136,5.726735700742047,5.8450541824841515,33620,112700.25
2026-08-12T04:25:00-04:00,5.8201,5.97,5.78,5.86,0,0,0,0,0,2026100401,0,,,,,,,,,,,,,,,,,,,,,,,,,,,,,,,,,,,,,,,,,,,,3.369495084705194,5.74069145124094,5.7394275387666145,5.848043345987321,44052,108306.95
2026-08-12T04:26:00-04:00,5.86,5.92,5.74,5.75,0,0,0,0,0,2026100401,0,,,,,,,,,,,,,,,,,,,,,,,,,,,,,,,,,,,,,,,,,,,,3.369495084705194,5.741344394643129,5.740434439836461,5.828434676789857,31809,103453.15
2026-08-12T04:27:00-04:00,5.7597,5.83,5.6829,5.81,0,0,0,0,0,2026100401,0,,,,,,,,,,,,,,,,,,,,,,,,,,,,,,,,,,,,,,,,,,,,3.369495084705194,5.7417435724893675,5.747059731280608,5.824747741431885,37417,98269.3
2026-08-12T04:28:00-04:00,5.8074,5.81,5.6,5.61,0,0,0,0,0,2026100401,0,,,,,,,,,,,,,,,,,,,,,,,,,,,,,,,,,,,,,,,,,,,,3.369495084705194,5.740859422218643,5.734006423539597,5.781798193145508,40447,97374.2
2026-08-12T04:29:00-04:00,5.61,5.69,5.57,5.66,0,0,0,0,0,2026100401,0,,,,,,,,,,,,,,,,,,,,,,,,,,,,,,,,,,,,,,,,,,,,3.369495084705194,5.7392891569048095,5.726958192726302,5.757438554516407,49494,95175.55
2026-08-12T04:30:00-04:00,5.66,5.86,5.63,5.76,0,0,0,0,0,2026100401,0,,,,,,,,,,,,,,,,,,,,,,,,,,,,,,,,,,,,,,,,,,,,3.369495084705194,5.739501948638672,5.730105031514274,5.757950843613125,64438,89343.55
2026-08-12T04:31:00-04:00,5.76,5.88,5.75,5.75,0,0,0,0,0,2026100401,0,,,,,,,,,,,,,,,,,,,,,,,,,,,,,,,,,,,,,,,,,,,,3.369495084705194,5.740626026717976,5.731999790417676,5.7563606748905,69173,82447.95
2026-08-12T04:32:00-04:00,5.75,5.76,5.66,5.7,0,0,0,0,0,2026100401,0,,,,,,,,,,,,,,,,,,,,,,,,,,,,,,,,,,,,,,,,,,,,3.369495084705194,5.7403707218708195,5.728952191330278,5.7450885399124,25093,77050.95
2026-08-12T04:33:00-04:00,5.69,5.69,5.35,5.45,0,0,0,0,0,2026100401,0,,,,,,,,,,,,,,,,,,,,,,,,,,,,,,,,,,,,,,,,,,,,3.369495084705194,5.732948098397807,5.70238531596549,5.6860708319299205,104853,76872.2
2026-08-12T04:34:00-04:00,5.46,5.54,5.38,5.48,0,0,0,0,0,2026100401,0,,,,,,,,,,,,,,,,,,,,,,,,,,,,,,,,,,,,,,,,,,,,3.369495084705194,5.728584147353089,5.681205762064015,5.644856665543936,57359,71204.4
2026-08-12T04:35:00-04:00,5.48,5.48,5.36,5.38,0,0,0,0,0,2026100401,0,,,,,,,,,,,,,,,,,,,,,,,,,,,,,,,,,,,,,,,,,,,,3.369495084705194,5.725637909645241,5.652519499010299,5.591885332435149,32328,65706.25
2026-08-12T04:36:00-04:00,5.39,5.4999,5.39,5.4,0,0,0,0,0,2026100401,0,,,,,,,,,,,,,,,,,,,,,,,,,,,,,,,,,,,,,,,,,,,,3.369495084705194,5.7228007479774075,5.62847002291408,5.553508265948119,34223,63719.75
2026-08-12T04:37:00-04:00,5.39,5.45,5.38,5.4399,0,0,0,0,0,2026100401,0,,,,,,,,,,,,,,,,,,,,,,,,,,,,,,,,,,,,,,,,,,,,3.369495084705194,5.721117558089261,5.6105109731127385,5.5307866127584955,20157,61178.5
2026-08-12T04:38:00-04:00,5.44,5.6,5.44,5.58,0,0,0,0,0,2026100401,0,,,,,,,,,,,,,,,,,,,,,,,,,,,,,,,,,,,,,,,,,,,,3.369495084705194,5.7182531145533195,5.607605166149621,5.540629290206796,57636,59340.25
2026-08-12T04:39:00-04:00,5.6,5.62,5.46,5.4801,0,0,0,0,0,2026100401,0,,,,,,,,,,,,,,,,,,,,,,,,,,,,,,,,,,,,,,,,,,,,3.369495084705194,5.716257009913694,5.595461816992514,5.5285234321654375,37072,55238.7
2026-08-12T04:40:00-04:00,5.4898,5.55,5.4214,5.55,0,0,0,0,0,2026100401,0,,,,,,,,,,,,,,,,,,,,,,,,,,,,,,,,,,,,,,,,,,,,3.369495084705194,5.715460681143229,5.591132120136084,5.53281874573235,14072,52096.85
2026-08-12T04:41:00-04:00,5.5401,5.75,5.5401,5.58,0,0,0,0,0,2026100401,0,,,,,,,,,,,,,,,,,,,,,,,,,,,,,,,,,,,,,,,,,,,,3.369495084705194,5.71390346383329,5.590071918218362,5.54225499658588,63561,51482.05
2026-08-12T04:42:00-04:00,5.6,5.71,5.53,5.62,0,0,0,0,0,2026100401,0,,,,,,,,,,,,,,,,,,,,,,,,,,,,,,,,,,,,,,,,,,,,3.369495084705194,5.712891151789793,5.592922211721375,5.557803997268704,40965,48579.25
2026-08-12T04:43:00-04:00,5.63,5.73,5.59,5.73,0,0,0,0,0,2026100401,0,,,,,,,,,,,,,,,,,,,,,,,,,,,,,,,,,,,,,,,,,,,,3.369495084705194,5.712684372089285,5.605977239176482,5.592243197814963,26771,44227.0
2026-08-12T04:44:00-04:00,5.72,5.72,5.51,5.6,0,0,0,0,0,2026100401,0,,,,,,,,,,,,,,,,,,,,,,,,,,,,,,,,,,,,,,,,,,,,3.369495084705194,5.7114936047051215,5.605407978302532,5.593794558251971,44897,44790.85
2026-08-12T04:45:00-04:00,5.6013,5.66,5.55,5.61,0,0,0,0,0,2026100401,0,,,,,,,,,,,,,,,,,,,,,,,,,,,,,,,,,,,,,,,,,,,,3.369495084705194,5.710741464950326,5.605845313702291,5.597035646601577,27980,43987.25
2026-08-12T04:46:00-04:00,5.59,5.59,5.3899,5.5,0,0,0,0,0,2026100401,0,,,,,,,,,,,,,,,,,,,,,,,,,,,,,,,,,,,,,,,,,,,,3.369495084705194,5.707410512416824,5.5957648076354065,5.577628517281261,60667,45430.15
2026-08-12T04:47:00-04:00,5.5,5.53,5.42,5.44,0,0,0,0,0,2026100401,0,,,,,,,,,,,,,,,,,,,,,,,,,,,,,,,,,,,,,,,,,,,,3.369495084705194,5.7057200479533305,5.580930064051082,5.550102813825009,27620,44940.3
2026-08-12T04:48:00-04:00,5.4498,5.48,5.4401,5.46,0,0,0,0,0,2026100401,0,,,,,,,,,,,,,,,,,,,,,,,,,,,,,,,,,,,,,,,,,,,,3.369495084705194,5.704856087897866,5.569412915093836,5.532082251060007,14073,43621.6
2026-08-12T04:49:00-04:00,5.46,5.66,5.46,5.6,0,0,0,0,0,2026100401,0,,,,,,,,,,,,,,,,,,,,,,,,,,,,,,,,,,,,,,,,,,,,3.369495084705194,5.703090607592704,5.572325970799185,5.545665800848006,54451,43869.45
2026-08-12T04:50:00-04:00,5.6099,5.87,5.55,5.82,0,0,0,0,0,2026100401,0,,,,,,,,,,,,,,,,,,,,,,,,,,,,,,,,,,,,,,,,,,,,3.369495084705194,5.70416730146884,5.595913973580215,5.600532640678405,102767,45785.9
2026-08-12T04:51:00-04:00,5.8399,5.92,5.71,5.7301,0,0,0,0,0,2026100401,0,,,,,,,,,,,,,,,,,,,,,,,,,,,,,,,,,,,,,,,,,,,,3.369495084705194,5.705447721551555,5.608693595144004,5.626446112542724,65543,45604.4
2026-08-12T04:52:00-04:00,5.73,5.83,5.72,5.7959,0,0,0,0,0,2026100401,0,,,,,,,,,,,,,,,,,,,,,,,,,,,,,,,,,,,,,,,,,,,,3.369495084705194,5.706020097446015,5.62652277655886,5.660336890034179,31840,45941.75
2026-08-12T04:53:00-04:00,5.78,6.11,5.71,6.04,0,1,0,0,0,2026100401,1,5.74,5.868399999999999,5.83,5.83,40.14598540145984,3.785923886281686,5.200282663316583,2.4817936547589308,,1.0,1.0,1.0,100.0,1.4372078132811743,52.28571428571425,9.57142857142868,64.99999999999989,6.622516556291397,-0.3311258278145823,2.2237487996669287,5.226480836236935,100.0,6.60262866044552,16050.0,1.0,-3.074257425742566,100.0,4.950495049504944,0.0,0.0,2.0,33.0,0.0,5.200282663316583,1.875,5.0,7.0,0.0,0.0,0.0,,,,3.369495084705194,5.715280146991647,5.665901559743731,5.736269512027343,165577,48977.95
2026-08-12T04:54:00-04:00,6.0302,6.09,5.9,5.91,0,0,0,0,0,2026100401,0,,,,,,,,,,,,,,,,,,,,,,,,,,,,,,,,,,,,,,,,,,,,3.369495084705194,5.720118334011615,5.689149030244328,5.771015609621875,86779,50448.95
2026-08-12T04:55:00-04:00,5.91,6.0,5.46,5.64,0,0,0,0,0,2026100401,0,,,,,,,,,,,,,,,,,,,,,,,,,,,,,,,,,,,,,,,,,,,,3.369495084705194,5.7195337050552215,5.684468170221059,5.7448124876975,134949,55580.0
2026-08-12T04:56:00-04:00,5.64,5.67,5.55,5.66,0,0,0,0,0,2026100401,0,,,,,,,,,,,,,,,,,,,,,,,,,,,,,,,,,,,,,,,,,,,,3.369495084705194,5.718282478785994,5.682137868295245,5.727849990158,63423,57040.0
2026-08-12T04:57:00-04:00,5.659,5.91,5.59,5.7364,0,0,0,0,0,2026100401,0,,,,,,,,,,,,,,,,,,,,,,,,,,,,,,,,,,,,,,,,,,,,3.369495084705194,5.718614247396949,5.687305690362364,5.7295599921264,58160,58940.15
2026-08-12T04:58:00-04:00,5.76,5.77,5.64,5.65,0,0,0,0,0,2026100401,0,,,,,,,,,,,,,,,,,,,,,,,,,,,,,,,,,,,,,,,,,,,,3.369495084705194,5.718393426818251,5.68375276747071,5.7136479937011195,33168,57716.75
2026-08-12T04:59:00-04:00,5.6684,5.81,5.65,5.78,0,0,0,0,0,2026100401,0,,,,,,,,,,,,,,,,,,,,,,,,,,,,,,,,,,,,,,,,,,,,3.369495084705194,5.7186017278995225,5.692919170568738,5.7269183949608955,35616,57643.95
2026-08-12T05:00:00-04:00,5.7899,5.92,5.7226,5.86,0,0,0,0,0,2026100401,0,,,,,,,,,,,,,,,,,,,,,,,,,,,,,,,,,,,,,,,,,,,,3.369495084705194,5.719641422165278,5.708831630514572,5.7535347159687165,43874,59134.05
2026-08-12T05:01:00-04:00,5.87,5.88,5.78,5.8487,0,0,0,0,0,2026100401,0,,,,,,,,,,,,,,,,,,,,,,,,,,,,,,,,,,,,,,,,,,,,3.369495084705194,5.720266575850664,5.722152427608423,5.772567772774973,26297,57270.85
2026-08-12T05:02:00-04:00,5.83,5.84,5.7,5.7101,0,0,0,0,0,2026100401,0,,,,,,,,,,,,,,,,,,,,,,,,,,,,,,,,,,,,,,,,,,,,3.369495084705194,5.720399559863925,5.721004577360001,5.7600742182199784,22009,56323.05
2026-08-12T05:03:00-04:00,5.71,5.73,5.63,5.67,0,0,0,0,0,2026100401,0,,,,,,,,,,,,,,,,,,,,,,,,,,,,,,,,,,,,,,,,,,,,3.369495084705194,5.720066591925254,5.7161469985638105,5.742059374575983,37796,56874.3
2026-08-12T05:04:00-04:00,5.6601,6.0601,5.6601,6.05,0,1,0,0,0,2026100401,1,5.74,5.868399999999999,5.73,5.73,40.14598540145984,9.135260330578502,2.568578685575193,3.382569510580474,,1.0,1.0,1.0,100.0,0.3907636393980794,85.64285714285758,7.214285714285412,97.4749999999999,6.61157024793389,0.9917355371900972,1.3423042737941968,5.400696864111487,0.0,5.255053896363204,16050.0,1.0,-3.074257425742566,100.0,4.950495049504944,0.0,0.0,2.0,44.0,0.0,2.568578685575193,3.529411764705887,5.0,7.0,0.0,0.0,0.0,,,,3.369495084705194,5.723966771488033,5.747942522510114,5.803647499660786,97082,59483.55
2026-08-12T05:05:00-04:00,6.05,6.8,6.04,6.2901,0,0,0,0,0,2026100401,0,,,,,,,,,,,,,,,,,,,,,,,,,,,,,,,,,,,,,,,,,,,,3.369495084705194,5.759792974176004,5.7995765679853415,5.900937999728629,293930,72781.05
2026-08-12T05:06:00-04:00,6.29,6.5,6.29,6.4179,0,0,0,0,0,2026100401,0,,,,,,,,,,,,,,,,,,,,,,,,,,,,,,,,,,,,,,,,,,,,3.369495084705194,5.773804602259113,5.8584645138915,6.004330399782903,119326,75714.0
2026-08-12T05:07:00-04:00,6.4,6.51,6.27,6.2725,0,0,0,0,0,2026100401,0,,,,,,,,,,,,,,,,,,,,,,,,,,,,,,,,,,,,,,,,,,,,3.369495084705194,5.783996669364793,5.8978964649494525,6.057964319826323,98436,79254.8
2026-08-12T05:08:00-04:00,6.2812,6.29,5.98,6.16,0,0,0,0,0,2026100401,0,,,,,,,,,,,,,,,,,,,,,,,,,,,,,,,,,,,,,,,,,,,,3.369495084705194,5.790933686469086,5.922858706382838,6.078371455861058,109705,84036.4
2026-08-12T05:09:00-04:00,6.16,6.16,5.86,6.05,0,0,0,0,0,2026100401,0,,,,,,,,,,,,,,,,,,,,,,,,,,,,,,,,,,,,,,,,,,,,3.369495084705194,5.795544376684206,5.934967401013044,6.072697164688846,115024,87065.05
2026-08-12T05:10:00-04:00,6.04,6.04,5.91,5.95,0,0,0,0,0,2026100401,0,,,,,,,,,,,,,,,,,,,,,,,,,,,,,,,,,,,,,,,,,,,,3.369495084705194,5.796716058661905,5.9363990771070405,6.048157731751077,39971,83925.25
2026-08-12T05:11:00-04:00,5.9799,6.08,5.95,6.0281,0,0,0,0,0,2026100401,0,,,,,,,,,,,,,,,,,,,,,,,,,,,,,,,,,,,,,,,,,,,,3.369495084705194,5.798443608035103,5.945132498334941,6.044146185400862,45649,82930.55
2026-08-12T05:12:00-04:00,6.01,6.01,5.8,5.91,0,0,0,0,0,2026100401,0,,,,,,,,,,,,,,,,,,,,,,,,,,,,,,,,,,,,,,,,,,,,3.369495084705194,5.799811394028978,5.941786546112566,6.01731694832069,75309,85104.0
2026-08-12T05:13:00-04:00,5.9001,5.93,5.8,5.92,0,0,0,0,0,2026100401,0,,,,,,,,,,,,,,,,,,,,,,,,,,,,,,,,,,,,,,,,,,,,3.369495084705194,5.800244751091183,5.939711636958989,5.997853558656551,31078,78379.05
2026-08-12T05:14:00-04:00,5.91,5.98,5.87,5.9505,0,0,0,0,0,2026100401,0,,,,,,,,,,,,,,,,,,,,,,,,,,,,,,,,,,,,,,,,,,,,3.369495084705194,5.800701694871636,5.940739100105752,5.988382846925241,20610,75070.6
2026-08-12T05:15:00-04:00,5.95,5.99,5.9044,5.93,0,0,0,0,0,2026100401,0,,,,,,,,,,,,,,,,,,,,,,,,,,,,,,,,,,,,,,,,,,,,3.369495084705194,5.801265220825899,5.939716328667108,5.976706277540193,24158,69531.05
2026-08-12T05:16:00-04:00,5.93,5.95,5.86,5.885,0,0,0,0,0,2026100401,0,,,,,,,,,,,,,,,,,,,,,,,,,,,,,,,,,,,,,,,,,,,,3.369495084705194,5.801644110239117,5.934505249746431,5.9583650220321545,23647,67542.25
2026-08-12T05:17:00-04:00,5.9,5.92,5.88,5.9016,0,0,0,0,0,2026100401,0,,,,,,,,,,,,,,,,,,,,,,,,,,,,,,,,,,,,,,,,,,,,3.369495084705194,5.801764641539492,5.931371416437248,5.947012017625724,7393,65003.9
2026-08-12T05:18:00-04:00,5.9163,5.9163,5.8003,5.84,0,0,0,0,0,2026100401,0,,,,,,,,,,,,,,,,,,,,,,,,,,,,,,,,,,,,,,,,,,,,3.369495084705194,5.80201694077904,5.9226693767765575,5.925609614100579,30495,64870.25
2026-08-12T05:19:00-04:00,5.82,5.82,5.65,5.74,0,0,0,0,0,2026100401,0,,,,,,,,,,,,,,,,,,,,,,,,,,,,,,,,,,,,,,,,,,,,3.369495084705194,5.80135460473297,5.905272293274028,5.888487691280464,62417,66210.3
2026-08-12T05:20:00-04:00,5.75,5.75,5.65,5.69,0,0,0,0,0,2026100401,0,,,,,,,,,,,,,,,,,,,,,,,,,,,,,,,,,,,,,,,,,,,,3.369495084705194,5.800817636230209,5.884770170105074,5.848790153024371,31751,65604.15
2026-08-12T05:21:00-04:00,5.69,5.7316,5.6633,5.7,0,0,0,0,0,2026100401,0,,,,,,,,,,,,,,,,,,,,,,,,,,,,,,,,,,,,,,,,,,,,3.369495084705194,5.800550126511819,5.867173011047448,5.819032122419497,16195,65099.05
2026-08-12T05:22:00-04:00,5.7,5.7,5.58,5.6438,0,0,0,0,0,2026100401,0,,,,,,,,,,,,,,,,,,,,,,,,,,,,,,,,,,,,,,,,,,,,3.369495084705194,5.799530454715978,5.84589939094769,5.783985697935598,39987,65997.95
2026-08-12T05:23:00-04:00,5.6711,5.69,5.54,5.56,0,0,0,0,0,2026100401,0,,,,,,,,,,,,,,,,,,,,,,,,,,,,,,,,,,,,,,,,,,,,3.369495084705194,5.798566432215383,5.8186708775241005,5.739188558348478,29825,65599.4
2026-08-12T05:24:00-04:00,5.56,5.63,5.55,5.62,0,0,0,0,0,2026100401,0,,,,,,,,,,,,,,,,,,,,,,,,,,,,,,,,,,,,,,,,,,,,3.369495084705194,5.797447976195362,5.799749841569424,5.715350846678782,35552,62522.9
2026-08-12T05:25:00-04:00,5.63,5.74,5.63,5.74,0,0,0,0,0,2026100401,0,,,,,,,,,,,,,,,,,,,,,,,,,,,,,,,,,,,,,,,,,,,,3.369495084705194,5.797057355924006,5.794059380467575,5.720280677343026,26306,49141.7
2026-08-12T05:26:00-04:00,5.73,5.8887,5.7226,5.88,0,0,0,0,0,2026100401,0,,,,,,,,,,,,,,,,,,,,,,,,,,,,,,,,,,,,,,,,,,,,3.369495084705194,5.797463569119633,5.802244201375425,5.752224541874421,78090,47079.9
2026-08-12T05:27:00-04:00,5.88,5.89,5.83,5.84,0,0,0,0,0,2026100401,0,,,,,,,,,,,,,,,,,,,,,,,,,,,,,,,,,,,,,,,,,,,,3.369495084705194,5.797690376054201,5.805839991720623,5.769779633499537,26153,43465.75
2026-08-12T05:28:00-04:00,5.83,5.87,5.74,5.75,0,0,0,0,0,2026100401,0,,,,,,,,,,,,,,,,,,,,,,,,,,,,,,,,,,,,,,,,,,,,3.369495084705194,5.797656777851353,5.8005218972710395,5.76582370679963,19695,38965.25
2026-08-12T05:29:00-04:00,5.7433,5.77,5.7,5.7,0,0,0,0,0,2026100401,0,,,,,,,,,,,,,,,,,,,,,,,,,,,,,,,,,,,,,,,,,,,,3.369495084705194,5.797407240226123,5.790948383245226,5.752658965439704,21769,34302.5
2026-08-12T05:30:00-04:00,5.73,5.73,5.64,5.72,0,0,0,0,0,2026100401,0,,,,,,,,,,,,,,,,,,,,,,,,,,,,,,,,,,,,,,,,,,,,3.369495084705194,5.796906164869426,5.784191394364728,5.746127172351763,32411,33924.5
2026-08-12T05:31:00-04:00,5.7387,5.86,5.7,5.86,0,0,0,0,0,2026100401,0,,,,,,,,,,,,,,,,,,,,,,,,,,,,,,,,,,,,,,,,,,,,3.369495084705194,5.79693551576473,5.791411261568087,5.76890173788141,19654,32624.75
2026-08-12T05:32:00-04:00,5.86,6.13,5.8233,6.07,0,0,1,0,0,2026100401,1,5.74,5.868399999999999,5.89,5.77,40.14598540145984,2.760660544272139,4.1651675023218,5.317712706883008,1.1540525448478387,1.0,1.0,11.0,90.9090909090909,0.4839785287973398,59.99999999999982,40.00000000000018,68.47081838930545,5.052718286655686,12.026359143327836,2.3588507820871096,5.7491289198606355,45.45454545454545,4.332398151677963,16050.0,1.0,-3.074257425742566,100.0,4.950495049504944,0.0,0.0,2.0,72.0,0.0,6.659000712323191,2.8753124999999993,5.0,7.0,0.0,0.0,0.0,,,,3.369495084705194,5.8010743926887,5.817943522371126,5.8291213903051275,130876,35403.1
2026-08-12T05:33:00-04:00,6.07,6.25,6.04,6.16,0,0,0,0,0,2026100401,0,,,,,,,,,,,,,,,,,,,,,,,,,,,,,,,,,,,,,,,,,,,,3.369495084705194,5.8077994009329865,5.850520329764352,5.895297112244102,131016,40400.0
2026-08-12T05:34:00-04:00,6.17,6.1799,5.9236,5.96,0,0,0,0,0,2026100401,0,,,,,,,,,,,,,,,,,,,,,,,,,,,,,,,,,,,,,,,,,,,,3.369495084705194,5.810255871430629,5.86094696502489,5.908237689795282,79173,43328.15
2026-08-12T05:35:00-04:00,5.96,6.0252,5.91,5.93,0,0,0,0,0,2026100401,0,,,,,,,,,,,,,,,,,,,,,,,,,,,,,,,,,,,,,,,,,,,,3.369495084705194,5.81115917116132,5.86752344454633,5.912590151836225,43166,44278.55
2026-08-12T05:36:00-04:00,5.92,5.9556,5.78,5.81,0,0,0,0,0,2026100401,0,,,,,,,,,,,,,,,,,,,,,,,,,,,,,,,,,,,,,,,,,,,,3.369495084705194,5.811445127733155,5.862045021256203,5.89207212146898,53355,45763.95
2026-08-12T05:37:00-04:00,5.79,5.8562,5.74,5.7528,0,0,0,0,0,2026100401,0,,,,,,,,,,,,,,,,,,,,,,,,,,,,,,,,,,,,,,,,,,,,3.369495084705194,5.811287077927073,5.851640733517518,5.864217697175184,38963,47342.45
2026-08-12T05:38:00-04:00,5.76,5.76,5.65,5.67,0,0,0,0,0,2026100401,0,,,,,,,,,,,,,,,,,,,,,,,,,,,,,,,,,,,,,,,,,,,,3.369495084705194,5.8103858144480345,5.834341616039659,5.825374157740147,53993,48517.35
2026-08-12T05:39:00-04:00,5.68,5.82,5.67,5.79,0,0,0,0,0,2026100401,0,,,,,,,,,,,,,,,,,,,,,,,,,,,,,,,,,,,,,,,,,,,,3.369495084705194,5.810118137539189,5.830118604988263,5.818299326192117,37741,47283.55
2026-08-12T05:40:00-04:00,5.79,5.9,5.758,5.8997,0,0,0,0,0,2026100401,0,,,,,,,,,,,,,,,,,,,,,,,,,,,,,,,,,,,,,,,,,,,,3.369495084705194,5.810313086952024,5.83674540451319,5.834579460953694,32777,47334.85
2026-08-12T05:41:00-04:00,5.9,5.97,5.84,5.85,0,0,0,0,0,2026100401,0,,,,,,,,,,,,,,,,,,,,,,,,,,,,,,,,,,,,,,,,,,,,3.369495084705194,5.810874173387936,5.838007746940505,5.837663568762955,52834,49166.8
2026-08-12T05:42:00-04:00,5.84,5.99,5.77,5.96,0,0,0,0,0,2026100401,0,,,,,,,,,,,,,,,,,,,,,,,,,,,,,,,,,,,,,,,,,,,,3.369495084705194,5.811416509581308,5.849626056755695,5.862130855010364,40937,49214.3
2026-08-12T05:43:00-04:00,5.95,6.1,5.93,6.04,0,0,0,0,0,2026100401,0,,,,,,,,,,,,,,,,,,,,,,,,,,,,,,,,,,,,,,,,,,,,3.369495084705194,5.81307700129532,5.867756908493248,5.897704684008292,57104,50578.25
2026-08-12T05:44:00-04:00,6.01,6.06,5.94,5.96,0,0,0,0,0,2026100401,0,,,,,,,,,,,,,,,,,,,,,,,,,,,,,,,,,,,,,,,,,,,,3.369495084705194,5.81401227241714,5.876541964827224,5.910163747206633,39478,50774.55
2026-08-12T05:45:00-04:00,5.96,5.96,5.83,5.86,0,0,0,0,0,2026100401,0,,,,,,,,,,,,,,,,,,,,,,,,,,,,,,,,,,,,,,,,,,,,3.369495084705194,5.814195796062673,5.874966539605584,5.900130997765307,19450,50431.75
2026-08-12T05:46:00-04:00,5.86,5.91,5.84,5.91,0,0,0,0,0,2026100401,0,,,,,,,,,,,,,,,,,,,,,,,,,,,,,,,,,,,,,,,,,,,,3.369495084705194,5.814339255559723,5.878303059643147,5.902104798212245,14572,47255.85
2026-08-12T05:47:00-04:00,5.92,6.2134,5.9129,6.05,0,0,0,0,0,2026100401,0,,,,,,,,,,,,,,,,,,,,,,,,,,,,,,,,,,,,,,,,,,,,3.369495084705194,5.817551447663333,5.8946551492009425,5.931683838569796,98028,50849.6
2026-08-12T05:48:00-04:00,6.06,6.06,5.97,6.05,0,0,0,0,0,2026100401,0,,,,,,,,,,,,,,,,,,,,,,,,,,,,,,,,,,,,,,,,,,,,3.369495084705194,5.818688962613774,5.909449896896091,5.955347070855837,40798,51904.75
2026-08-12T05:49:00-04:00,6.06,6.3171,6.03,6.18,0,0,0,0,0,2026100401,0,,,,,,,,,,,,,,,,,,,,,,,,,,,,,,,,,,,,,,,,,,,,3.369495084705194,5.823410653477935,5.935216573382178,6.00027765668467,100523,55842.45
2026-08-12T05:50:00-04:00,6.1802,6.2627,6.11,6.149,0,0,0,0,0,2026100401,0,,,,,,,,,,,,,,,,,,,,,,,,,,,,,,,,,,,,,,,,,,,,3.369495084705194,5.825994689417372,5.955576899726732,6.0300221253477355,56453,57044.55
2026-08-12T05:51:00-04:00,6.14,6.14,5.96,6.01,0,0,0,0,0,2026100401,0,,,,,,,,,,,,,,,,,,,,,,,,,,,,,,,,,,,,,,,,,,,,3.369495084705194,5.8273349502889955,5.96076005213371,6.026017700278189,49025,58513.1
2026-08-12T05:52:00-04:00,6.01,6.13,5.96,6.03,0,0,0,0,0,2026100401,0,,,,,,,,,,,,,,,,,,,,,,,,,,,,,,,,,,,,,,,,,,,,3.369495084705194,5.8284694476078585,5.967354332882881,6.026814160222551,41330,54035.8
2026-08-12T05:53:00-04:00,6.0214,6.05,5.98,6.02,0,0,0,0,0,2026100401,0,,,,,,,,,,,,,,,,,,,,,,,,,,,,,,,,,,,,,,,,,,,,3.369495084705194,5.828774709343684,5.972368205941654,6.025451328178041,12587,48114.35
2026-08-12T05:54:00-04:00,6.0,6.0934,5.99,6.05,0,0,0,0,0,2026100401,0,,,,,,,,,,,,,,,,,,,,,,,,,,,,,,,,,,,,,,,,,,,,3.369495084705194,5.829011126643849,5.979761710137687,6.030361062542433,8515,44581.45
2026-08-12T05:55:00-04:00,6.06,6.06,5.96,5.9622,0,0,0,0,0,2026100401,0,,,,,,,,,,,,,,,,,,,,,,,,,,,,,,,,,,,,,,,,,,,,3.369495084705194,5.829441457767515,5.97808916631505,6.016728850033946,20307,43438.5
2026-08-12T05:56:00-04:00,5.98,6.01,5.88,5.89,0,0,0,0,0,2026100401,0,,,,,,,,,,,,,,,,,,,,,,,,,,,,,,,,,,,,,,,,,,,,3.369495084705194,5.8297912435412425,5.969699721904093,5.991383080027156,28123,42176.9
2026-08-12T05:57:00-04:00,5.8999,5.97,5.8903,5.9513,0,0,0,0,0,2026100401,0,,,,,,,,,,,,,,,,,,,,,,,,,,,,,,,,,,,,,,,,,,,,3.369495084705194,5.829997229469212,5.967947367437037,5.983366464021725,15020,40979.75
2026-08-12T05:58:00-04:00,5.95,5.95,5.85,5.88,0,0,0,0,0,2026100401,0,,,,,,,,,,,,,,,,,,,,,,,,,,,,,,,,,,,,,,,,,,,,3.369495084705194,5.830229165008117,5.959571427681128,5.9626931712173805,28786,39719.4
2026-08-12T05:59:00-04:00,5.87,5.9113,5.8428,5.88,0,0,0,0,0,2026100401,0,,,,,,,,,,,,,,,,,,,,,,,,,,,,,,,,,,,,,,,,,,,,3.369495084705194,5.830349237011525,5.951993196473402,5.946154536973904,19794,38822.05
2026-08-12T06:00:00-04:00,5.89,5.9168,5.85,5.88,0,0,0,0,0,2026100401,0,,,,,,,,,,,,,,,,,,,,,,,,,,,,,,,,,,,,,,,,,,,,3.369495084705194,5.830453769216821,5.945136701571173,5.932923629579124,15899,37978.15
2026-08-12T06:01:00-04:00,5.88,5.9,5.7748,5.81,0,0,0,0,0,2026100401,0,,,,,,,,,,,,,,,,,,,,,,,,,,,,,,,,,,,,,,,,,,,,3.369495084705194,5.830446114828066,5.9322665395167755,5.9083389036632985,27733,36723.1
2026-08-12T06:02:00-04:00,5.8376,5.84,5.8,5.83,0,0,0,0,0,2026100401,0,,,,,,,,,,,,,,,,,,,,,,,,,,,,,,,,,,,,,,,,,,,,3.369495084705194,5.830435895966055,5.922526869086607,5.892671122930639,11401,35246.3
2026-08-12T06:03:00-04:00,5.83,5.86,5.8213,5.84,0,0,0,0,0,2026100401,0,,,,,,,,,,,,,,,,,,,,,,,,,,,,,,,,,,,,,,,,,,,,3.369495084705194,5.830449051319956,5.914667167268835,5.882136898344511,10456,32913.9
2026-08-12T06:04:00-04:00,5.83,5.85,5.79,5.79,0,0,0,0,0,2026100401,0,,,,,,,,,,,,,,,,,,,,,,,,,,,,,,,,,,,,,,,,,,,,3.369495084705194,5.830382568617034,5.9027941037194225,5.863709518675608,25918,32235.9
2026-08-12T06:05:00-04:00,5.77,5.8214,5.67,5.73,0,0,0,0,0,2026100401,0,,,,,,,,,,,,,,,,,,,,,,,,,,,,,,,,,,,,,,,,,,,,3.369495084705194,5.829730688478179,5.886337522412811,5.8369676149404865,58218,34174.3
2026-08-12T06:06:00-04:00,5.76,5.77,5.6231,5.7,0,0,0,0,0,2026100401,0,,,,,,,,,,,,,,,,,,,,,,,,,,,,,,,,,,,,,,,,,,,,3.369495084705194,5.828856972217798,5.868591091706829,5.809574091952389,53494,36120.4
2026-08-12T06:07:00-04:00,5.68,5.68,5.62,5.67,0,0,0,0,0,2026100401,0,,,,,,,,,,,,,,,,,,,,,,,,,,,,,,,,,,,,,,,,,,,,3.369495084705194,5.82844177634828,5.849677654401416,5.781659273561911,19539,32195.95
2026-08-12T06:08:00-04:00,5.6767,5.6767,5.61,5.65,0,0,0,0,0,2026100401,0,,,,,,,,,,,,,,,,,,,,,,,,,,,,,,,,,,,,,,,,,,,,3.369495084705194,5.827961211810373,5.8306607349346145,5.755327418849529,21350,31223.55
2026-08-12T06:09:00-04:00,5.67,5.68,5.6,5.61,0,0,0,0,0,2026100401,0,,,,,,,,,,,,,,,,,,,,,,,,,,,,,,,,,,,,,,,,,,,,3.369495084705194,5.827322436719907,5.809645426845604,5.726261935079623,26301,27512.45
2026-08-12T06:10:00-04:00,5.61,5.66,5.61,5.66,0,0,0,0,0,2026100401,0,,,,,,,,,,,,,,,,,,,,,,,,,,,,,,,,,,,,,,,,,,,,3.369495084705194,5.827026193462873,5.795393481431737,5.713009548063698,13145,25347.05
2026-08-12T06:11:00-04:00,5.64,5.78,5.64,5.77,0,0,0,0,0,2026100401,0,,,,,,,,,,,,,,,,,,,,,,,,,,,,,,,,,,,,,,,,,,,,3.369495084705194,5.826630098761151,5.792975054628714,5.724407638450958,33465,24569.05
2026-08-12T06:12:00-04:00,5.7788,5.7788,5.7058,5.7201,0,0,0,0,0,2026100401,0,,,,,,,,,,,,,,,,,,,,,,,,,,,,,,,,,,,,,,,,,,,,3.369495084705194,5.826404125935642,5.786034573235503,5.723546110760767,20244,23514.75
2026-08-12T06:13:00-04:00,5.72,5.84,5.7113,5.815,0,0,0,0,0,2026100401,0,,,,,,,,,,,,,,,,,,,,,,,,,,,,,,,,,,,,,,,,,,,,3.369495084705194,5.826302841646497,5.788793185308313,5.7418368886086135,22174,23994.1
2026-08-12T06:14:00-04:00,5.8158,5.83,5.75,5.79,0,0,0,0,0,2026100401,0,,,,,,,,,,,,,,,,,,,,,,,,,,,,,,,,,,,,,,,,,,,,3.369495084705194,5.826197266545653,5.788908120040855,5.751469510886891,24033,24770.0
2026-08-12T06:15:00-04:00,5.81,5.88,5.67,5.71,0,0,0,0,0,2026100401,0,,,,,,,,,,,,,,,,,,,,,,,,,,,,,,,,,,,,,,,,,,,,3.369495084705194,5.825768925711056,5.781393060989345,5.743175608709513,48868,26198.05
2026-08-12T06:16:00-04:00,5.7,5.72,5.64,5.68,0,0,0,0,0,2026100401,0,,,,,,,,,,,,,,,,,,,,,,,,,,,,,,,,,,,,,,,,,,,,3.369495084705194,5.825317771120665,5.771736578990359,5.730540486967611,25808,26082.3
2026-08-12T06:17:00-04:00,5.66,5.67,5.5,5.59,0,0,0,0,0,2026100401,0,,,,,,,,,,,,,,,,,,,,,,,,,,,,,,,,,,,,,,,,,,,,3.369495084705194,5.823438022442532,5.75442833337223,5.7024323895740885,66201,28641.35
2026-08-12T06:18:00-04:00,5.6,5.61,5.55,5.591,0,0,0,0,0,2026100401,0,,,,,,,,,,,,,,,,,,,,,,,,,,,,,,,,,,,,,,,,,,,,3.369495084705194,5.822654166092,5.7388637301939225,5.680145911659271,27567,28580.4
2026-08-12T06:19:00-04:00,5.59,5.62,5.56,5.6,0,0,0,0,0,2026100401,0,,,,,,,,,,,,,,,,,,,,,,,,,,,,,,,,,,,,,,,,,,,,3.369495084705194,5.821879469991964,5.725638613032596,5.664116729327417,28583,29019.85
2026-08-12T06:20:00-04:00,5.6,5.6013,5.5501,5.57,0,0,0,0,0,2026100401,0,,,,,,,,,,,,,,,,,,,,,,,,,,,,,,,,,,,,,,,,,,,,3.369495084705194,5.821426856267694,5.710815887981873,5.645293383461934,15465,28998.15
2026-08-12T06:21:00-04:00,5.57,5.57,5.47,5.48,0,0,0,0,0,2026100401,0,,,,,,,,,,,,,,,,,,,,,,,,,,,,,,,,,,,,,,,,,,,,3.369495084705194,5.819441303244933,5.68883342245979,5.612234706769547,53810,30302.0
2026-08-12T06:22:00-04:00,5.48,5.5,5.43,5.47,0,0,0,0,0,2026100401,0,,,,,,,,,,,,,,,,,,,,,,,,,,,,,,,,,,,,,,,,,,,,3.369495084705194,5.8181375602423,5.667992144130285,5.583787765415638,31642,31314.05
2026-08-12T06:23:00-04:00,5.4801,5.5,5.45,5.4768,0,0,0,0,0,2026100401,0,,,,,,,,,,,,,,,,,,,,,,,,,,,,,,,,,,,,,,,,,,,,3.369495084705194,5.817438781439465,5.64978336849883,5.56239021233251,17502,31666.35
2026-08-12T06:24:00-04:00,5.46,5.52,5.46,5.52,0,0,0,0,0,2026100401,0,,,,,,,,,,,,,,,,,,,,,,,,,,,,,,,,,,,,,,,,,,,,3.369495084705194,5.817086782488908,5.637423047689418,5.553912169866008,9524,30846.65
2026-08-12T06:25:00-04:00,5.52,5.5456,5.49,5.5126,0,0,0,0,0,2026100401,0,,,,,,,,,,,,,,,,,,,,,,,,,,,,,,,,,,,,,,,,,,,,3.369495084705194,5.816620672142072,5.625535138385664,5.545649735892806,13320,28601.75
2026-08-12T06:26:00-04:00,5.5349,5.58,5.51,5.56,0,0,0,0,0,2026100401,0,,,,,,,,,,,,,,,,,,,,,,,,,,,,,,,,,,,,,,,,,,,,3.369495084705194,5.8160176797389145,5.6192936966346485,5.548519788714245,19499,26902.0
2026-08-12T06:27:00-04:00,5.5699,5.57,5.51,5.51,0,0,0,0,0,2026100401,0,,,,,,,,,,,,,,,,,,,,,,,,,,,,,,,,,,,,,,,,,,,,3.369495084705194,5.815436690813367,5.608884773145634,5.540815830971396,17549,26802.5
2026-08-12T06:28:00-04:00,5.51,5.5159,5.47,5.5,0,0,0,0,0,2026100401,0,,,,,,,,,,,,,,,,,,,,,,,,,,,,,,,,,,,,,,,,,,,,3.369495084705194,5.815020427349789,5.5985147947508125,5.532652664777117,11248,26297.4
2026-08-12T06:29:00-04:00,5.47,5.4833,5.4,5.45,0,0,0,0,0,2026100401,0,,,,,,,,,,,,,,,,,,,,,,,,,,,,,,,,,,,,,,,,,,,,3.369495084705194,5.813798947483077,5.584370528584069,5.516122131821693,28607,26412.7
2026-08-12T06:30:00-04:00,5.45,5.49,5.45,5.46,0,0,0,0,0,2026100401,0,,,,,,,,,,,,,,,,,,,,,,,,,,,,,,,,,,,,,,,,,,,,3.369495084705194,5.813511732645327,5.572525716337967,5.5048977054573545,7187,26114.8
2026-08-12T06:31:00-04:00,5.46,5.47,4.96,4.96,0,0,0,0,0,2026100401,0,,,,,,,,,,,,,,,,,,,,,,,,,,,,,,,,,,,,,,,,,,,,3.369495084705194,5.805017440486899,5.51418993382959,5.395918164365884,109307,29906.9
2026-08-12T06:32:00-04:00,4.9945,5.0,4.76,4.91,0,0,0,0,0,2026100401,0,,,,,,,,,,,,,,,,,,,,,,,,,,,,,,,,,,,,,,,,,,,,3.369495084705194,5.791153673375106,5.4566480353696285,5.298734531492707,135316,35660.5
2026-08-12T06:33:00-04:00,4.91,4.9205,4.7129,4.8338,0,0,0,0,0,2026100401,0,,,,,,,,,,,,,,,,,,,,,,,,,,,,,,,,,,,,,,,,,,,,3.369495084705194,5.778035139175366,5.3973291748582355,5.2057476251941655,122600,40681.8
2026-08-12T06:34:00-04:00,4.83,4.8723,4.76,4.8,0,0,0,0,0,2026100401,0,,,,,,,,,,,,,,,,,,,,,,,,,,,,,,,,,,,,,,,,,,,,3.369495084705194,5.772488652313258,5.340440682014594,5.124598100155333,52214,42090.85
2026-08-12T06:35:00-04:00,4.8187,4.98,4.77,4.86,0,0,0,0,0,2026100401,0,,,,,,,,,,,,,,,,,,,,,,,,,,,,,,,,,,,,,,,,,,,,3.369495084705194,5.7665527939082715,5.294684426584633,5.071678480124266,60287,42661.8
2026-08-12T06:36:00-04:00,4.88,4.8871,4.8,4.83,0,0,0,0,0,2026100401,0,,,,,,,,,,,,,,,,,,,,,,,,,,,,,,,,,,,,,,,,,,,,3.369495084705194,5.763413586670658,5.250428766909906,5.0233427840994125,31128,42927.8
2026-08-12T06:37:00-04:00,4.829,4.85,4.79,4.82,0,0,0,0,0,2026100401,0,,,,,,,,,,,,,,,,,,,,,,,,,,,,,,,,,,,,,,,,,,,,3.369495084705194,5.761578377344629,5.2094355510137245,4.98267422727953,17926,40514.05
2026-08-12T06:38:00-04:00,4.83,4.85,4.67,4.73,0,0,0,0,0,2026100401,0,,,,,,,,,,,,,,,,,,,,,,,,,,,,,,,,,,,,,,,,,,,,3.369495084705194,5.7574935614773715,5.16377502234575,4.932139381823624,37362,41003.8
2026-08-12T06:39:00-04:00,4.76,4.76,4.51,4.55,0,0,0,0,0,2026100401,0,,,,,,,,,,,,,,,,,,,,,,,,,,,,,,,,,,,,,,,,,,,,3.369495084705194,5.749953948486404,5.105320258312822,4.855711505458899,61017,42625.5
2026-08-12T06:40:00-04:00,4.52,4.55,4.47,4.5,0,0,0,0,0,2026100401,0,,,,,,,,,,,,,,,,,,,,,,,,,,,,,,,,,,,,,,,,,,,,3.369495084705194,5.740915357768192,5.047670709902077,4.784569204367119,68204,45262.45
2026-08-12T06:41:00-04:00,4.4834,4.54,4.48,4.5399,0,0,0,0,0,2026100401,0,,,,,,,,,,,,,,,,,,,,,,,,,,,,,,,,,,,,,,,,,,,,3.369495084705194,5.7378536604231805,4.9993115946733075,4.735635363493695,23585,43751.2
2026-08-12T06:42:00-04:00,4.53,4.5301,4.43,4.5013,0,0,0,0,0,2026100401,0,,,,,,,,,,,,,,,,,,,,,,,,,,,,,,,,,,,,,,,,,,,,3.369495084705194,5.7332808716723385,4.951881918990136,4.688768290794956,34513,43894.75
2026-08-12T06:43:00-04:00,4.5,4.54,4.5,4.5201,0,0,0,0,0,2026100401,0,,,,,,,,,,,,,,,,,,,,,,,,,,,,,,,,,,,,,,,,,,,,3.369495084705194,5.730799768206115,4.910759831467265,4.655034632635965,19344,43986.85
2026-08-12T06:44:00-04:00,4.53,4.64,4.53,4.6034,0,0,0,0,0,2026100401,0,,,,,,,,,,,,,,,,,,,,,,,,,,,,,,,,,,,,,,,,,,,,3.369495084705194,5.724163976364832,4.881487466565621,4.644707706108772,55399,46280.6
2026-08-12T06:45:00-04:00,4.62,4.66,4.5897,4.6501,0,0,0,0,0,2026100401,0,,,,,,,,,,,,,,,,,,,,,,,,,,,,,,,,,,,,,,,,,,,,3.369495084705194,5.7216071910677675,4.8594505649879425,4.645786164887017,22352,46732.2
2026-08-12T06:46:00-04:00,4.65,4.7,4.62,4.6339,0,0,0,0,0,2026100401,0,,,,,,,,,,,,,,,,,,,,,,,,,,,,,,,,,,,,,,,,,,,,3.369495084705194,5.71928239189557,4.837969558798615,4.6434089319096135,20760,46795.25
2026-08-12T06:47:00-04:00,4.6348,4.6564,4.59,4.65,0,0,0,0,0,2026100401,0,,,,,,,,,,,,,,,,,,,,,,,,,,,,,,,,,,,,,,,,,,,,3.369495084705194,5.717387155747675,4.820067696055889,4.644727145527691,16691,46752.35
2026-08-12T06:48:00-04:00,4.62,4.65,4.58,4.58,0,0,0,0,0,2026100401,0,,,,,,,,,,,,,,,,,,,,,,,,,,,,,,,,,,,,,,,,,,,,3.369495084705194,5.7167248881134825,4.797204105955329,4.631781716422153,5695,46474.7
2026-08-12T06:49:00-04:00,4.59,4.6,4.5,4.52,0,0,0,0,0,2026100401,0,,,,,,,,,,,,,,,,,,,,,,,,,,,,,,,,,,,,,,,,,,,,3.369495084705194,5.713366470075951,4.770803714911964,4.609425373137722,27420,46415.35
2026-08-12T06:50:00-04:00,4.5203,4.55,4.5113,4.53,0,0,0,0,0,2026100401,0,,,,,,,,,,,,,,,,,,,,,,,,,,,,,,,,,,,,,,,,,,,,3.369495084705194,5.712278906916191,4.747870027777491,4.593540298510178,8841,46498.05
2026-08-12T06:51:00-04:00,4.5211,4.5211,4.42,4.45,0,0,0,0,0,2026100401,0,,,,,,,,,,,,,,,,,,,,,,,,,,,,,,,,,,,,,,,,,,,,3.369495084705194,5.7091367831639355,4.719501453703445,4.564832238808143,24261,42245.75
2026-08-12T06:52:00-04:00,4.4931,4.52,4.45,4.45,0,0,0,0,0,2026100401,0,,,,,,,,,,,,,,,,,,,,,,,,,,,,,,,,,,,,,,,,,,,,3.369495084705194,5.708000799154134,4.693834648588831,4.541865791046514,8870,35923.45
2026-08-12T06:53:00-04:00,4.45,4.45,4.35,4.4,0,0,0,0,0,2026100401,0,,,,,,,,,,,,,,,,,,,,,,,,,,,,,,,,,,,,,,,,,,,,3.369495084705194,5.704137074137608,4.665850396342276,4.513492632837211,28588,31222.85
2026-08-12T06:54:00-04:00,4.3987,4.43,4.3813,4.4016,0,0,0,0,0,2026100401,0,,,,,,,,,,,,,,,,,,,,,,,,,,,,,,,,,,,,,,,,,,,,3.369495084705194,5.7013880994778265,4.640683691928726,4.4911141062697695,20511,29637.7
2026-08-12T06:55:00-04:00,4.4187,4.42,4.3829,4.4,0,0,0,0,0,2026100401,0,,,,,,,,,,,,,,,,,,,,,,,,,,,,,,,,,,,,,,,,,,,,3.369495084705194,5.698879130278661,4.617761435554562,4.472891285015816,18748,27560.75
2026-08-12T06:56:00-04:00,4.39,4.41,4.27,4.29,0,0,0,0,0,2026100401,0,,,,,,,,,,,,,,,,,,,,,,,,,,,,,,,,,,,,,,,,,,,,3.369495084705194,5.693001988368838,4.586546060739842,4.436313028012653,41696,28089.15
2026-08-12T06:57:00-04:00,4.2801,4.32,4.27,4.3,0,0,0,0,0,2026100401,0,,,,,,,,,,,,,,,,,,,,,,,,,,,,,,,,,,,,,,,,,,,,3.369495084705194,5.690152318910224,4.5592559597169995,4.409050422410123,19957,28190.7
2026-08-12T06:58:00-04:00,4.2999,4.35,4.29,4.35,0,0,0,0,0,2026100401,0,,,,,,,,,,,,,,,,,,,,,,,,,,,,,,,,,,,,,,,,,,,,3.369495084705194,5.687275767494497,4.539326820696333,4.397240337928098,20725,27358.85
2026-08-12T06:59:00-04:00,4.35,4.43,4.34,4.42,0,0,0,0,0,2026100401,0,,,,,,,,,,,,,,,,,,,,,,,,,,,,,,,,,,,,,,,,,,,,3.369495084705194,5.682396242514654,4.5279623615823965,4.4017922703424786,37191,26167.55
2026-08-12T07:00:00-04:00,4.43,4.47,4.4,4.44,0,0,0,0,0,2026100401,0,,,,,,,,,,,,,,,,,,,,,,,,,,,,,,,,,,,,,,,,,,,,3.369495084705194,5.6760526719108375,4.519584993812645,4.409433816273983,50348,25274.75
2026-08-12T07:01:00-04:00,4.43,4.5,4.4299,4.4819,0,0,0,0,0,2026100401,0,,,,,,,,,,,,,,,,,,,,,,,,,,,,,,,,,,,,,,,,,,,,3.369495084705194,5.671890450955067,4.515995946782869,4.423927053019186,34257,25808.35
2026-08-12T07:02:00-04:00,4.497,4.5,4.3758,4.41,0,0,0,0,0,2026100401,0,,,,,,,,,,,,,,,,,,,,,,,,,,,,,,,,,,,,,,,,,,,,3.369495084705194,5.666872427225325,4.50590109470831,4.421141642415349,40206,26093.0
2026-08-12T07:03:00-04:00,4.38,4.4504,4.38,4.3815,0,0,0,0,0,2026100401,0,,,,,,,,,,,,,,,,,,,,,,,,,,,,,,,,,,,,,,,,,,,,3.369495084705194,5.6650000499343705,4.494053371402757,4.413213313932279,14791,25865.35
2026-08-12T07:04:00-04:00,4.38,4.422,4.37,4.42,0,0,0,0,0,2026100401,0,,,,,,,,,,,,,,,,,,,,,,,,,,,,,,,,,,,,,,,,,,,,3.369495084705194,5.661284063193291,4.487000669364399,4.414570651145823,29486,24569.7
2026-08-12T07:05:00-04:00,4.43,4.51,4.42,4.4901,0,0,0,0,0,2026100401,0,,,,,,,,,,,,,,,,,,,,,,,,,,,,,,,,,,,,,,,,,,,,3.369495084705194,5.6576122316408775,4.487295843710647,4.429676520916658,31024,25003.3
2026-08-12T07:06:00-04:00,4.49,4.53,4.48,4.5,0,0,0,0,0,2026100401,0,,,,,,,,,,,,,,,,,,,,,,,,,,,,,,,,,,,,,,,,,,,,3.369495084705194,5.6547480743674905,4.488505763357252,4.443741216733327,24967,25213.65
2026-08-12T07:07:00-04:00,4.4985,4.5,4.48,4.4802,0,0,0,0,0,2026100401,0,,,,,,,,,,,,,,,,,,,,,,,,,,,,,,,,,,,,,,,,,,,,3.369495084705194,5.6532327239423665,4.487714738275609,4.451032973386662,13071,25032.65
2026-08-12T07:08:00-04:00,4.5,4.51,4.473,4.49,0,0,0,0,0,2026100401,0,,,,,,,,,,,,,,,,,,,,,,,,,,,,,,,,,,,,,,,,,,,,3.369495084705194,5.65104584542719,4.487932382249361,4.458826378709329,18993,25697.55
2026-08-12T07:09:00-04:00,4.49,4.64,4.49,4.63,0,0,0,0,0,2026100401,0,,,,,,,,,,,,,,,,,,,,,,,,,,,,,,,,,,,,,,,,,,,,3.369495084705194,5.6451808999164355,4.501462631558946,4.493061102967463,55928,27122.95
2026-08-12T07:10:00-04:00,4.63,4.65,4.58,4.58,0,0,0,0,0,2026100401,0,,,,,,,,,,,,,,,,,,,,,,,,,,,,,,,,,,,,,,,,,,,,3.369495084705194,5.639611994732755,4.508942380934284,4.510448882373971,54545,29408.15
2026-08-12T07:11:00-04:00,4.571,4.5858,4.51,4.5101,0,0,0,0,0,2026100401,0,,,,,,,,,,,,,,,,,,,,,,,,,,,,,,,,,,,,,,,,,,,,3.369495084705194,5.635973694788417,4.509052630369115,4.510379105899177,33731,29881.65
2026-08-12T07:12:00-04:00,4.5198,4.5198,4.47,4.47,0,0,0,0,0,2026100401,0,,,,,,,,,,,,,,,,,,,,,,,,,,,,,,,,,,,,,,,,,,,,3.369495084705194,5.632546770001133,4.505333332238723,4.502303284719342,30617,30969.0
2026-08-12T07:13:00-04:00,4.4701,4.56,4.4701,4.53,0,0,0,0,0,2026100401,0,,,,,,,,,,,,,,,,,,,,,,,,,,,,,,,,,,,,,,,,,,,,3.369495084705194,5.631551805959077,4.507682538692178,4.5078426277754735,9192,29999.2
2026-08-12T07:14:00-04:00,4.52,4.52,4.48,4.51,0,0,0,0,0,2026100401,0,,,,,,,,,,,,,,,,,,,,,,,,,,,,,,,,,,,,,,,,,,,,3.369495084705194,5.628967158924348,4.507903249292923,4.508274102220379,23600,30153.65
2026-08-12T07:15:00-04:00,4.54,4.55,4.51,4.5303,0,0,0,0,0,2026100401,0,,,,,,,,,,,,,,,,,,,,,,,,,,,,,,,,,,,,,,,,,,,,3.369495084705194,5.627365929412645,4.510036273169788,4.512679281776303,15033,29967.9
2026-08-12T07:16:00-04:00,4.53,4.53,4.52,4.5201,0,0,0,0,0,2026100401,0,,,,,,,,,,,,,,,,,,,,,,,,,,,,,,,,,,,,,,,,,,,,3.369495084705194,5.626811138338269,4.510994723344093,4.514163425421042,5187,28142.45
2026-08-12T07:17:00-04:00,4.52,4.52,4.49,4.4902,0,0,0,0,0,2026100401,0,,,,,,,,,,,,,,,,,,,,,,,,,,,,,,,,,,,,,,,,,,,,3.369495084705194,5.624736528488701,4.509014273501799,4.509370740336834,19040,28096.6
2026-08-12T07:18:00-04:00,4.49,4.5,4.4,4.4,0,0,0,0,0,2026100401,0,,,,,,,,,,,,,,,,,,,,,,,,,,,,,,,,,,,,,,,,,,,,3.369495084705194,5.622918590066066,4.498631961739723,4.487496592269467,15803,27850.5
2026-08-12T07:19:00-04:00,4.4,4.46,4.4,4.44,0,0,0,0,0,2026100401,0,,,,,,,,,,,,,,,,,,,,,,,,,,,,,,,,,,,,,,,,,,,,3.369495084705194,5.621047449204965,4.493047965383559,4.477997273815574,16316,26806.75
2026-08-12T07:20:00-04:00,4.45,4.5,4.45,4.49,0,0,0,0,0,2026100401,0,,,,,,,,,,,,,,,,,,,,,,,,,,,,,,,,,,,,,,,,,,,,3.369495084705194,5.619705354160072,4.492757682966077,4.48039781905246,12215,24900.1
2026-08-12T07:21:00-04:00,4.49,4.52,4.48,4.48,0,0,0,0,0,2026100401,0,,,,,,,,,,,,,,,,,,,,,,,,,,,,,,,,,,,,,,,,,,,,3.369495084705194,5.61819404804056,4.491542665540736,4.480318255241968,13953,23884.9
2026-08-12T07:22:00-04:00,4.5,4.5,4.48,4.49,0,0,0,0,0,2026100401,0,,,,,,,,,,,,,,,,,,,,,,,,,,,,,,,,,,,,,,,,,,,,3.369495084705194,5.617847856545877,4.4913957450130475,4.4822546041935745,3192,22034.2
2026-08-12T07:23:00-04:00,4.48,4.49,4.41,4.41,0,0,0,0,0,2026100401,0,,,,,,,,,,,,,,,,,,,,,,,,,,,,,,,,,,,,,,,,,,,,3.369495084705194,5.616439590161599,4.483643769297519,4.46780368335486,12417,21915.5
2026-08-12T07:24:00-04:00,4.41,4.4173,4.37,4.37,0,0,0,0,0,2026100401,0,,,,,,,,,,,,,,,,,,,,,,,,,,,,,,,,,,,,,,,,,,,,3.369495084705194,5.614716774872632,4.472820553173945,4.448242946683888,14600,21171.2
2026-08-12T07:25:00-04:00,4.38,4.4248,4.32,4.42,0,0,0,0,0,2026100401,0,,,,,,,,,,,,,,,,,,,,,,,,,,,,,,,,,,,,,,,,,,,,3.369495084705194,5.609569179625737,4.467790024300236,4.442594357347111,43958,21817.9
2026-08-12T07:26:00-04:00,4.4138,4.47,4.35,4.4,0,0,0,0,0,2026100401,0,,,,,,,,,,,,,,,,,,,,,,,,,,,,,,,,,,,,,,,,,,,,3.369495084705194,5.6074893261619,4.461333831509738,4.434075485877688,18140,21476.55
2026-08-12T07:27:00-04:00,4.3938,4.4,4.37,4.39,0,0,0,0,0,2026100401,0,,,,,,,,,,,,,,,,,,,,,,,,,,,,,,,,,,,,,,,,,,,,3.369495084705194,5.606371513406469,4.454540133270715,4.42526038870215,9615,21303.75
2026-08-12T07:28:00-04:00,4.3899,4.4361,4.35,4.3701,0,0,0,0,0,2026100401,0,,,,,,,,,,,,,,,,,,,,,,,,,,,,,,,,,,,,,,,,,,,,3.369495084705194,5.605014044749516,4.446498215816361,4.41422831096172,11688,20938.5
2026-08-12T07:29:00-04:00,4.3711,4.42,4.32,4.3216,0,0,0,0,0,2026100401,0,,,,,,,,,,,,,,,,,,,,,,,,,,,,,,,,,,,,,,,,,,,,3.369495084705194,5.601376679333055,4.434603147643375,4.395702648769376,30652,19674.7
2026-08-12T07:30:00-04:00,4.32,4.3751,4.32,4.35,0,0,0,0,0,2026100401,0,,,,,,,,,,,,,,,,,,,,,,,,,,,,,,,,,,,,,,,,,,,,3.369495084705194,5.600498450150372,4.426545705010673,4.386562119015501,7395,17317.2
2026-08-12T07:31:00-04:00,4.354,4.39,4.35,4.3601,0,0,0,0,0,2026100401,0,,,,,,,,,,,,,,,,,,,,,,,,,,,,,,,,,,,,,,,,,,,,3.369495084705194,5.599797331751036,4.420217542628704,4.381269695212401,5999,15930.6
2026-08-12T07:32:00-04:00,4.36,4.4,4.3513,4.3998,0,0,0,0,0,2026100401,0,,,,,,,,,,,,,,,,,,,,,,,,,,,,,,,,,,,,,,,,,,,,3.369495084705194,5.599156835072075,4.418273014759303,4.384975756169921,5563,14677.9
2026-08-12T07:33:00-04:00,4.4,4.48,4.39,4.47,0,0,0,0,0,2026100401,0,,,,,,,,,,,,,,,,,,,,,,,,,,,,,,,,,,,,,,,,,,,,3.369495084705194,5.596909677311556,4.423199394306036,4.401980604935937,20635,15250.05
2026-08-12T07:34:00-04:00,4.48,4.58,4.48,4.56,0,0,0,0,0,2026100401,0,,,,,,,,,,,,,,,,,,,,,,,,,,,,,,,,,,,,,,,,,,,,3.369495084705194,5.592011647614742,4.436228023419747,4.433584483948749,49273,16533.7
2026-08-12T07:35:00-04:00,4.58,4.78,4.57,4.7003,0,0,0,0,0,2026100401,0,,,,,,,,,,,,,,,,,,,,,,,,,,,,,,,,,,,,,,,,,,,,3.369495084705194,5.578327885863433,4.4613777354750095,4.486927587158999,162577,23910.9
2026-08-12T07:36:00-04:00,4.72,4.72,4.56,4.56,0,0,0,0,0,2026100401,0,,,,,,,,,,,,,,,,,,,,,,,,,,,,,,,,,,,,,,,,,,,,3.369495084705194,5.574593384339916,4.470770332096437,4.5015420697272,41938,25748.45
2026-08-12T07:37:00-04:00,4.56,4.6,4.5,4.51,0,0,0,0,0,2026100401,0,,,,,,,,,,,,,,,,,,,,,,,,,,,,,,,,,,,,,,,,,,,,3.369495084705194,5.569956402667564,4.474506490944396,4.503233655781759,48631,27228.0
2026-08-12T07:38:00-04:00,4.51,4.59,4.48,4.56,0,0,0,0,0,2026100401,0,,,,,,,,,,,,,,,,,,,,,,,,,,,,,,,,,,,,,,,,,,,,3.369495084705194,5.566239776582434,4.482648729902072,4.514586924625408,39551,28415.4
2026-08-12T07:39:00-04:00,4.569,4.569,4.46,4.46,0,0,0,0,0,2026100401,0,,,,,,,,,,,,,,,,,,,,,,,,,,,,,,,,,,,,,,,,,,,,3.369495084705194,5.56265370411541,4.480491708006637,4.503669539700327,36741,29436.65
2026-08-12T07:40:00-04:00,4.4711,4.5287,4.47,4.52,0,0,0,0,0,2026100401,0,,,,,,,,,,,,,,,,,,,,,,,,,,,,,,,,,,,,,,,,,,,,3.369495084705194,5.561936880530937,4.484254402482195,4.506935631760261,7443,29198.05
2026-08-12T07:41:00-04:00,4.5285,4.72,4.49,4.61,0,0,0,0,0,2026100401,0,,,,,,,,,,,,,,,,,,,,,,,,,,,,,,,,,,,,,,,,,,,,3.369495084705194,5.557882233188198,4.496230173674367,4.527548505408209,46757,30838.25
2026-08-12T07:42:00-04:00,4.61,4.71,4.6,4.6998,0,0,0,0,0,2026100401,0,,,,,,,,,,,,,,,,,,,,,,,,,,,,,,,,,,,,,,,,,,,,3.369495084705194,5.554104324594509,4.51561777618157,4.561998804326567,47069,33032.1
2026-08-12T07:43:00-04:00,4.7,4.765,4.6,4.765,0,0,0,0,0,2026100401,0,,,,,,,,,,,,,,,,,,,,,,,,,,,,,,,,,,,,,,,,,,,,3.369495084705194,5.550878905407484,4.539368464164278,4.602599043461254,42435,34533.0
2026-08-12T07:44:00-04:00,4.77,4.79,4.65,4.7,0,0,0,0,0,2026100401,0,,,,,,,,,,,,,,,,,,,,,,,,,,,,,,,,,,,,,,,,,,,,3.369495084705194,5.547017222191353,4.554666705672442,4.622079234769003,51441,36375.05
2026-08-12T07:45:00-04:00,4.68,4.6954,4.58,4.58,0,0,0,0,0,2026100401,0,,,,,,,,,,,,,,,,,,,,,,,,,,,,,,,,,,,,,,,,,,,,3.369495084705194,5.544932333146756,4.557079400370305,4.613663387815202,25107,35432.5
2026-08-12T07:46:00-04:00,4.58,4.64,4.52,4.53,0,0,0,0,0,2026100401,0,,,,,,,,,,,,,,,,,,,,,,,,,,,,,,,,,,,,,,,,,,,,3.369495084705194,5.542360950712658,4.554500409858847,4.5969307102521615,29369,35993.95
2026-08-12T07:47:00-04:00,4.5301,4.58,4.51,4.56,0,0,0,0,0,2026100401,0,,,,,,,,,,,,,,,,,,,,,,,,,,,,,,,,,,,,,,,,,,,,3.369495084705194,5.5408987290988705,4.5550241803484806,4.589544568201729,16544,36340.4
2026-08-12T07:48:00-04:00,4.59,4.65,4.57,4.59,0,0,0,0,0,2026100401,0,,,,,,,,,,,,,,,,,,,,,,,,,,,,,,,,,,,,,,,,,,,,3.369495084705194,5.539748045550584,4.558355210791483,4.589635654561383,13797,36445.85
2026-08-12T07:49:00-04:00,4.57,4.65,4.57,4.6435,0,0,0,0,0,2026100401,0,,,,,,,,,,,,,,,,,,,,,,,,,,,,,,,,,,,,,,,,,,,,3.369495084705194,5.538848621224142,4.566464238335151,4.600408523649107,11018,35464.15
2026-08-12T07:50:00-04:00,4.65,4.72,4.6344,4.72,0,0,0,0,0,2026100401,0,,,,,,,,,,,,,,,,,,,,,,,,,,,,,,,,,,,,,,,,,,,,3.369495084705194,5.537059546600954,4.581086691827041,4.624326818919285,23808,36284.8
2026-08-12T07:51:00-04:00,4.7107,4.74,4.65,4.68,0,0,0,0,0,2026100401,0,,,,,,,,,,,,,,,,,,,,,,,,,,,,,,,,,,,,,,,,,,,,3.369495084705194,5.533348627553713,4.590507006891133,4.635461455135428,49619,38465.8
2026-08-12T07:52:00-04:00,4.66,4.6699,4.61,4.6201,0,0,0,0,0,2026100401,0,,,,,,,,,,,,,,,,,,,,,,,,,,,,,,,,,,,,,,,,,,,,3.369495084705194,5.531766745357827,4.593325387187215,4.632389164108343,19942,39184.75
2026-08-12T07:53:00-04:00,4.6297,4.72,4.62,4.72,0,0,0,0,0,2026100401,0,,,,,,,,,,,,,,,,,,,,,,,,,,,,,,,,,,,,,,,,,,,,3.369495084705194,5.530528996157543,4.605389636026528,4.649911331286674,16642,38985.1
2026-08-12T07:54:00-04:00,4.73,4.83,4.7128,4.83,0,0,0,0,0,2026100401,0,,,,,,,,,,,,,,,,,,,,,,,,,,,,,,,,,,,,,,,,,,,,3.369495084705194,5.525045389999493,4.626781099262097,4.685929065029339,84876,40765.25
2026-08-12T07:55:00-04:00,4.82,4.84,4.74,4.8047,0,0,0,0,0,2026100401,0,,,,,,,,,,,,,,,,,,,,,,,,,,,,,,,,,,,,,,,,,,,,3.369495084705194,5.521244435402975,4.64372575647523,4.7096832520234715,59905,35631.65
2026-08-12T07:56:00-04:00,4.77,4.88,4.75,4.8602,0,0,0,0,0,2026100401,0,,,,,,,,,,,,,,,,,,,,,,,,,,,,,,,,,,,,,,,,,,,,3.369495084705194,5.518329172551312,4.664342351096637,4.7397866016187775,48742,35971.85
2026-08-12T07:57:00-04:00,4.86,4.8869,4.82,4.83,0,0,0,0,0,2026100401,0,,,,,,,,,,,,,,,,,,,,,,,,,,,,,,,,,,,,,,,,,,,,3.369495084705194,5.515140150722167,4.680119270039814,4.757829281295022,55045,36292.55
2026-08-12T07:58:00-04:00,4.84,4.85,4.73,4.7821,0,0,0,0,0,2026100401,0,,,,,,,,,,,,,,,,,,,,,,,,,,,,,,,,,,,,,,,,,,,,3.369495084705194,5.511642420106817,4.689831720512212,4.762683425036018,56074,37118.7
2026-08-12T07:59:00-04:00,4.78,4.89,4.78,4.8711,0,0,0,0,0,2026100401,0,,,,,,,,,,,,,,,,,,,,,,,,,,,,,,,,,,,,,,,,,,,,3.369495084705194,5.510003480329876,4.707095366177716,4.784366740028815,28843,36723.8
2026-08-12T08:00:00-04:00,4.875,4.88,4.8,4.8098,0,0,0,0,0,2026100401,0,,,,,,,,,,,,,,,,,,,,,,,,,,,,,,,,,,,,,,,,,,,,3.369495084705194,5.507569910677486,4.716876759875077,4.789453392023051,42004,38451.85
2026-08-12T08:01:00-04:00,4.81,4.84,4.75,4.76,0,0,0,0,0,2026100401,0,,,,,,,,,,,,,,,,,,,,,,,,,,,,,,,,,,,,,,,,,,,,3.369495084705194,5.5057062802620385,4.72098373512507,4.783562713618441,30283,37628.15
2026-08-12T08:02:00-04:00,4.7712,4.776,4.6,4.65,0,0,0,0,0,2026100401,0,,,,,,,,,,,,,,,,,,,,,,,,,,,,,,,,,,,,,,,,,,,,3.369495084705194,5.501045272859483,4.714223379398873,4.756850170894753,66431,38596.25
2026-08-12T08:03:00-04:00,4.66,4.69,4.65,4.6611,0,0,0,0,0,2026100401,0,,,,,,,,,,,,,,,,,,,,,,,,,,,,,,,,,,,,,,,,,,,,3.369495084705194,5.499674199147428,4.709164009932313,4.7377001367158025,19488,37448.9
2026-08-12T08:04:00-04:00,4.6603,4.69,4.63,4.6306,0,0,0,0,0,2026100401,0,,,,,,,,,,,,,,,,,,,,,,,,,,,,,,,,,,,,,,,,,,,,3.369495084705194,5.497895839320668,4.701681723272093,4.716280109372642,24869,36120.3
2026-08-12T08:05:00-04:00,4.63,4.72,4.63,4.7196,0,0,0,0,0,2026100401,0,,,,,,,,,,,,,,,,,,,,,,,,,,,,,,,,,,,,,,,,,,,,3.369495084705194,5.496556364215586,4.703388225817608,4.7169440874981134,19725,35851.2
2026-08-12T08:06:00-04:00,4.701,4.704,4.65,4.65,0,0,0,0,0,2026100401,0,,,,,,,,,,,,,,,,,,,,,,,,,,,,,,,,,,,,,,,,,,,,3.369495084705194,5.495476865544327,4.698303632882597,4.703555269998491,15523,35158.9
2026-08-12T08:07:00-04:00,4.65,4.67,4.61,4.63,0,0,0,0,0,2026100401,0,,,,,,,,,,,,,,,,,,,,,,,,,,,,,,,,,,,,,,,,,,,,3.369495084705194,5.494305417304236,4.691798524989016,4.688844215998793,16274,35145.4
2026-08-12T08:08:00-04:00,4.634,4.72,4.63,4.7031,0,0,0,0,0,2026100401,0,,,,,,,,,,,,,,,,,,,,,,,,,,,,,,,,,,,,,,,,,,,,3.369495084705194,5.492820816985184,4.692874855942443,4.6916953727990345,21909,35551.0
2026-08-12T08:09:00-04:00,4.71,4.7632,4.7,4.74,0,0,0,0,0,2026100401,0,,,,,,,,,,,,,,,,,,,,,,,,,,,,,,,,,,,,,,,,,,,,3.369495084705194,5.491898017128098,4.6973629649003055,4.701356298239228,14561,35728.15
2026-08-12T08:10:00-04:00,4.7441,4.78,4.73,4.7307,0,0,0,0,0,2026100401,0,,,,,,,,,,,,,,,,,,,,,,,,,,,,,,,,,,,,,,,,,,,,3.369495084705194,5.491317026340915,4.700537920624086,4.707225038591382,9340,35004.75
2026-08-12T08:11:00-04:00,4.73,4.734,4.63,4.6515,0,0,0,0,0,2026100401,0,,,,,,,,,,,,,,,,,,,,,,,,,,,,,,,,,,,,,,,,,,,,3.369495084705194,5.490352770045622,4.695867642469411,4.696080030873105,14109,33229.25
2026-08-12T08:12:00-04:00,4.6503,4.66,4.61,4.65,0,0,0,0,0,2026100401,0,,,,,,,,,,,,,,,,,,,,,,,,,,,,,,,,,,,,,,,,,,,,3.369495084705194,5.488700482394295,4.691499295567562,4.686864024698484,23344,33399.35
2026-08-12T08:13:00-04:00,4.63,4.65,4.62,4.65,0,0,0,0,0,2026100401,0,,,,,,,,,,,,,,,,,,,,,,,,,,,,,,,,,,,,,,,,,,,,3.369495084705194,5.488351016908258,4.687546981703985,4.679491219758788,4949,32814.7
2026-08-12T08:14:00-04:00,4.645,4.7,4.63,4.7,0,0,0,0,0,2026100401,0,,,,,,,,,,,,,,,,,,,,,,,,,,,,,,,,,,,,,,,,,,,,3.369495084705194,5.487827631954975,4.688732983446463,4.68359297580703,7755,28958.65
2026-08-12T08:15:00-04:00,4.7,4.73,4.6644,4.67,0,0,0,0,0,2026100401,0,,,,,,,,,,,,,,,,,,,,,,,,,,,,,,,,,,,,,,,,,,,,3.369495084705194,5.487359329826651,4.686948889784895,4.680874380645624,7047,26315.75
2026-08-12T08:16:00-04:00,4.69,4.7,4.6627,4.6627,0,0,0,0,0,2026100401,0,,,,,,,,,,,,,,,,,,,,,,,,,,,,,,,,,,,,,,,,,,,,3.369495084705194,5.487021385591516,4.684639471710143,4.677239504516499,5009,24129.1
2026-08-12T08:17:00-04:00,4.67,4.68,4.66,4.66,0,0,0,0,0,2026100401,0,,,,,,,,,,,,,,,,,,,,,,,,,,,,,,,,,,,,,,,,,,,,3.369495084705194,5.48678125317976,4.6822928553567955,4.673791603613199,3525,21553.1
2026-08-12T08:18:00-04:00,4.67,4.67,4.66,4.67,0,0,0,0,0,2026100401,0,,,,,,,,,,,,,,,,,,,,,,,,,,,,,,,,,,,,,,,,,,,,3.369495084705194,5.486136623118776,4.681122107227577,4.673033282890559,9473,19223.05
2026-08-12T08:19:00-04:00,4.66,4.68,4.63,4.66,0,0,0,0,0,2026100401,0,,,,,,,,,,,,,,,,,,,,,,,,,,,,,,,,,,,,,,,,,,,,3.369495084705194,5.485720644262648,4.679110477967808,4.670426626312447,6047,18083.25
2026-08-12T08:20:00-04:00,4.64,4.65,4.61,4.614,0,0,0,0,0,2026100401,0,,,,,,,,,,,,,,,,,,,,,,,,,,,,,,,,,,,,,,,,,,,,3.369495084705194,5.485005493048382,4.672909480066112,4.659141301049957,10023,16484.2
2026-08-12T08:21:00-04:00,4.62,4.75,4.6,4.72,0,0,0,0,0,2026100401,0,,,,,,,,,,,,,,,,,,,,,,,,,,,,,,,,,,,,,,,,,,,,3.369495084705194,5.483706398587228,4.677394291488387,4.671313040839966,19752,15957.65
2026-08-12T08:22:00-04:00,4.72,4.76,4.48,4.656,0,0,0,0,0,2026100401,0,,,,,,,,,,,,,,,,,,,,,,,,,,,,,,,,,,,,,,,,,,,,3.369495084705194,5.481676612728867,4.675356739918064,4.6682504326719725,28876,14079.9
2026-08-12T08:23:00-04:00,4.73,4.7389,4.6616,4.72,0,0,0,0,0,2026100401,0,,,,,,,,,,,,,,,,,,,,,,,,,,,,,,,,,,,,,,,,,,,,3.369495084705194,5.481165865216424,4.679608478973487,4.678600346137578,7992,13505.1
2026-08-12T08:24:00-04:00,4.69,4.71,4.68,4.71,0,0,0,0,0,2026100401,0,,,,,,,,,,,,,,,,,,,,,,,,,,,,,,,,,,,,,,,,,,,,3.369495084705194,5.480839090140696,4.68250290954744,4.684880276910062,5074,12515.35
2026-08-12T08:25:00-04:00,4.72,4.72,4.7,4.7,0,0,0,0,0,2026100401,0,,,,,,,,,,,,,,,,,,,,,,,,,,,,,,,,,,,,,,,,,,,,3.369495084705194,5.480461428656305,4.684169299114351,4.68790422152805,5920,11825.1
2026-08-12T08:26:00-04:00,4.68,4.68,4.65,4.6598,0,0,0,0,0,2026100401,0,,,,,,,,,,,,,,,,,,,,,,,,,,,,,,,,,,,,,,,,,,,,3.369495084705194,5.480024159056015,4.6818484134844125,4.68228337722244,6497,11373.8
2026-08-12T08:27:00-04:00,4.6503,4.6503,4.61,4.61,0,0,0,0,0,2026100401,0,,,,,,,,,,,,,,,,,,,,,,,,,,,,,,,,,,,,,,,,,,,,3.369495084705194,5.479204471777912,4.675005707438278,4.667826701777952,11630,11141.6
2026-08-12T08:28:00-04:00,4.6102,4.67,4.61,4.6605,0,0,0,0,0,2026100401,0,,,,,,,,,,,,,,,,,,,,,,,,,,,,,,,,,,,,,,,,,,,,3.369495084705194,5.478469359068552,4.673624211491775,4.666361361422362,10743,10583.3
2026-08-12T08:29:00-04:00,4.6603,4.67,4.63,4.6354,0,0,0,0,0,2026100401,0,,,,,,,,,,,,,,,,,,,,,,,,,,,,,,,,,,,,,,,,,,,,3.369495084705194,5.4778698795951755,4.669983810397321,4.660169089137889,8757,10293.1
2026-08-12T08:30:00-04:00,4.65,4.72,4.6,4.6,0,0,0,0,0,2026100401,0,,,,,,,,,,,,,,,,,,,,,,,,,,,,,,,,,,,,,,,,,,,,3.369495084705194,5.476206273485698,4.663318685597576,4.648135271310311,24218,11037.0
2026-08-12T08:31:00-04:00,4.6,4.61,4.42,4.45,0,0,0,0,0,2026100401,0,,,,,,,,,,,,,,,,,,,,,,,,,,,,,,,,,,,,,,,,,,,,3.369495084705194,5.472979717108681,4.643002620302569,4.608508217048249,40173,12340.2
2026-08-12T08:32:00-04:00,4.47,4.51,4.43,4.5,0,0,0,0,0,2026100401,0,,,,,,,,,,,,,,,,,,,,,,,,,,,,,,,,,,,,,,,,,,,,3.369495084705194,5.470663323956548,4.629383323130896,4.586806573638599,28614,12603.7
2026-08-12T08:33:00-04:00,4.4773,4.55,4.4773,4.54,0,0,0,0,0,2026100401,0,,,,,,,,,,,,,,,,,,,,,,,,,,,,,,,,,,,,,,,,,,,,3.369495084705194,5.469786184365034,4.620870625689858,4.577445258910879,11357,12924.1
2026-08-12T08:34:00-04:00,4.5727,4.5727,4.49,4.4977,0,0,0,0,0,2026100401,0,,,,,,,,,,,,,,,,,,,,,,,,,,,,,,,,,,,,,,,,,,,,3.369495084705194,5.469147786106058,4.609140089909872,4.5614962071287035,8259,12949.3
2026-08-12T08:35:00-04:00,4.49,4.5259,4.48,4.51,0,0,0,0,0,2026100401,0,,,,,,,,,,,,,,,,,,,,,,,,,,,,,,,,,,,,,,,,,,,,3.369495084705194,5.468538594030508,4.599698176585122,4.551196965702963,7770,12985.45
2026-08-12T08:36:00-04:00,4.5,4.5197,4.48,4.49,0,0,0,0,0,2026100401,0,,,,,,,,,,,,,,,,,,,,,,,,,,,,,,,,,,,,,,,,,,,,3.369495084705194,5.467940290336429,4.589250731196063,4.538957572562371,7572,13113.6
2026-08-12T08:37:00-04:00,4.4827,4.49,4.47,4.47,0,0,0,0,0,2026100401,0,,,,,,,,,,,,,,,,,,,,,,,,,,,,,,,,,,,,,,,,,,,,3.369495084705194,5.466943015271135,4.5778935187012,4.525166058049897,12388,13556.75
2026-08-12T08:38:00-04:00,4.47,4.53,4.47,4.53,0,0,0,0,0,2026100401,0,,,,,,,,,,,,,,,,,,,,,,,,,,,,,,,,,,,,,,,,,,,,3.369495084705194,5.465956427978365,4.573332231205847,4.526132846439918,12708,13718.5
2026-08-12T08:39:00-04:00,4.51,4.51,4.46,4.46,0,0,0,0,0,2026100401,0,,,,,,,,,,,,,,,,,,,,,,,,,,,,,,,,,,,,,,,,,,,,3.369495084705194,5.465573177494396,4.562538685376719,4.512906277151934,4777,13655.0
2026-08-12T08:40:00-04:00,4.46,4.4823,4.44,4.47,0,0,0,0,0,2026100401,0,,,,,,,,,,,,,,,,,,,,,,,,,,,,,,,,,,,,,,,,,,,,3.369495084705194,5.464850630328325,4.553725477245603,4.504325021721548,8903,13599.0
2026-08-12T08:41:00-04:00,4.47,4.48,4.45,4.4701,0,0,0,0,0,2026100401,0,,,,,,,,,,,,,,,,,,,,,,,,,,,,,,,,,,,,,,,,,,,,3.369495084705194,5.464611257892155,4.545761146079355,4.497480017377239,2960,12759.4
2026-08-12T08:42:00-04:00,4.47,4.47,4.41,4.4131,0,0,0,0,0,2026100401,0,,,,,,,,,,,,,,,,,,,,,,,,,,,,,,,,,,,,,,,,,,,,3.369495084705194,5.463447002858421,4.533126751214655,4.480604013901791,13919,12011.55
2026-08-12T08:43:00-04:00,4.42,4.46,4.41,4.42,0,0,0,0,0,2026100401,0,,,,,,,,,,,,,,,,,,,,,,,,,,,,,,,,,,,,,,,,,,,,3.369495084705194,5.462484515154966,4.522352774908497,4.468483211121433,11519,12187.9
2026-08-12T08:44:00-04:00,4.41,4.62,4.41,4.59,0,0,0,0,0,2026100401,0,,,,,,,,,,,,,,,,,,,,,,,,,,,,,,,,,,,,,,,,,,,,3.369495084705194,5.460662059036814,4.528795367774355,4.492786568897147,24483,13158.35
2026-08-12T08:45:00-04:00,4.55,4.61,4.54,4.6,0,0,0,0,0,2026100401,0,,,,,,,,,,,,,,,,,,,,,,,,,,,,,,,,,,,,,,,,,,,,3.369495084705194,5.460109648470885,4.535576761319654,4.514229255117717,7808,13252.75
2026-08-12T08:46:00-04:00,4.57,4.62,4.57,4.62,0,0,0,0,0,2026100401,0,,,,,,,,,,,,,,,,,,,,,,,,,,,,,,,,,,,,,,,,,,,,3.369495084705194,5.459051708163463,4.543617069765402,4.535383404094174,15331,13694.45
2026-08-12T08:47:00-04:00,4.6169,4.62,4.56,4.5796,0,0,0,0,0,2026100401,0,,,,,,,,,,,,,,,,,,,,,,,,,,,,,,,,,,,,,,,,,,,,3.369495084705194,5.4585005422187365,4.54704401550203,4.544226723275339,7848,13505.35
2026-08-12T08:48:00-04:00,4.58,4.62,4.5711,4.61,0,0,0,0,0,2026100401,0,,,,,,,,,,,,,,,,,,,,,,,,,,,,,,,,,,,,,,,,,,,,3.369495084705194,5.45743587214497,4.553039823549456,4.5573813786202715,15433,13739.85
2026-08-12T08:49:00-04:00,4.6,4.6,4.5,4.52,0,0,0,0,0,2026100401,0,,,,,,,,,,,,,,,,,,,,,,,,,,,,,,,,,,,,,,,,,,,,3.369495084705194,5.456545126158501,4.549893173687603,4.549905102896217,12089,13906.45
2026-08-12T08:50:00-04:00,4.54,4.5422,4.5,4.5405,0,0,0,0,0,2026100401,0,,,,,,,,,,,,,,,,,,,,,,,,,,,,,,,,,,,,,,,,,,,,3.369495084705194,5.455967933801915,4.548998585717355,4.5480240823169735,7741,13082.6
2026-08-12T08:51:00-04:00,4.52,4.52,4.45,4.48,0,0,0,0,0,2026100401,0,,,,,,,,,,,,,,,,,,,,,,,,,,,,,,,,,,,,,,,,,,,,3.369495084705194,5.455562388688581,4.542427291839512,4.534419265853579,5197,11333.8
2026-08-12T08:52:00-04:00,4.499,4.52,4.48,4.49,0,0,0,0,0,2026100401,0,,,,,,,,,,,,,,,,,,,,,,,,,,,,,,,,,,,,,,,,,,,,3.369495084705194,5.455222622684668,4.537434216426225,4.5255354126828635,4418,10124.0
2026-08-12T08:53:00-04:00,4.48,4.49,4.48,4.48,0,0,0,0,0,2026100401,0,,,,,,,,,,,,,,,,,,,,,,,,,,,,,,,,,,,,,,,,,,,,3.369495084705194,5.455061143252788,4.531964291052298,4.516428330146291,2072,9659.75
2026-08-12T08:54:00-04:00,4.5,4.55,4.49,4.53,0,0,0,0,0,2026100401,0,,,,,,,,,,,,,,,,,,,,,,,,,,,,,,,,,,,,,,,,,,,,3.369495084705194,5.4549032254500665,4.531777215713984,4.519142664117033,2114,9352.5
2026-08-12T08:55:00-04:00,4.5399,4.55,4.5,4.51,0,0,0,0,0,2026100401,0,,,,,,,,,,,,,,,,,,,,,,,,,,,,,,,,,,,,,,,,,,,,3.369495084705194,5.454060361473137,4.5297031951697955,4.5173141312936265,11255,9526.75
2026-08-12T08:56:00-04:00,4.52,4.95,4.52,4.9288,0,0,0,0,0,2026100401,0,,,,,,,,,,,,,,,,,,,,,,,,,,,,,,,,,,,,,,,,,,,,3.369495084705194,5.45004117068104,4.567712414677434,4.599611305034901,77141,13005.2
2026-08-12T08:57:00-04:00,4.87,4.91,4.74,4.76,0,0,0,0,0,2026100401,0,,,,,,,,,,,,,,,,,,,,,,,,,,,,,,,,,,,,,,,,,,,,3.369495084705194,5.446673373114472,4.586025518041488,4.631689044027921,65756,15673.6
2026-08-12T08:58:00-04:00,4.7689,4.77,4.72,4.72,0,0,0,0,0,2026100401,0,,,,,,,,,,,,,,,,,,,,,,,,,,,,,,,,,,,,,,,,,,,,3.369495084705194,5.445188649428118,4.598784992513727,4.649351235222336,26460,16361.2
2026-08-12T08:59:00-04:00,4.73,4.81,4.72,4.7746,0,0,0,0,0,2026100401,0,,,,,,,,,,,,,,,,,,,,,,,,,,,,,,,,,,,,,,,,,,,,3.369495084705194,5.442444170264761,4.615529278940992,4.674400988177869,51505,18697.6
2026-08-12T09:00:00-04:00,4.77,4.93,4.75,4.86,0,0,0,0,0,2026100401,0,,,,,,,,,,,,,,,,,,,,,,,,,,,,,,,,,,,,,,,,,,,,3.369495084705194,5.439073738320743,4.638812204756135,4.711520790542295,72283,21866.6
2026-08-12T09:01:00-04:00,4.86,4.86,4.72,4.7201,0,0,0,0,0,2026100401,0,,,,,,,,,,,,,,,,,,,,,,,,,,,,,,,,,,,,,,,,,,,,3.369495084705194,5.436525478874064,4.646553899541265,4.713236632433836,48609,24149.05
2026-08-12T09:02:00-04:00,4.7211,4.78,4.72,4.75,0,0,0,0,0,2026100401,0,,,,,,,,,,,,,,,,,,,,,,,,,,,,,,,,,,,,,,,,,,,,3.369495084705194,5.4354873960678844,4.656405909108764,4.720589305947069,19423,24424.25
2026-08-12T09:03:00-04:00,4.75,4.75,4.65,4.71,0,0,0,0,0,2026100401,0,,,,,,,,,,,,,,,,,,,,,,,,,,,,,,,,,,,,,,,,,,,,3.369495084705194,5.433674109968129,4.661510108241262,4.718471444757655,31892,25442.9
2026-08-12T09:04:00-04:00,4.65,4.66,4.58,4.59,0,0,0,0,0,2026100401,0,,,,,,,,,,,,,,,,,,,,,,,,,,,,,,,,,,,,,,,,,,,,3.369495084705194,5.432473143250671,4.654699621742094,4.692777155806124,18803,25158.9
2026-08-12T09:05:00-04:00,4.58,4.67,4.58,4.6696,0,0,0,0,0,2026100401,0,,,,,,,,,,,,,,,,,,,,,,,,,,,,,,,,,,,,,,,,,,,,3.369495084705194,5.431460685510481,4.656118705385704,4.6881417246448995,16494,25593.2
2026-08-12T09:06:00-04:00,4.6628,4.73,4.64,4.71,0,0,0,0,0,2026100401,0,,,,,,,,,,,,,,,,,,,,,,,,,,,,,,,,,,,,,,,,,,,,3.369495084705194,5.430411955851955,4.661250257253732,4.69251337971592,18372,25745.25
2026-08-12T09:07:00-04:00,4.7,4.74,4.67,4.6999,0,0,0,0,0,2026100401,0,,,,,,,,,,,,,,,,,,,,,,,,,,,,,,,,,,,,,,,,,,,,3.369495084705194,5.429450270727534,4.664931185134329,4.693990703772736,17125,26209.1
2026-08-12T09:08:00-04:00,4.68,4.75,4.68,4.74,0,0,0,0,0,2026100401,0,,,,,,,,,,,,,,,,,,,,,,,,,,,,,,,,,,,,,,,,,,,,3.369495084705194,5.428390660891756,4.672080596073917,4.703192563018189,19459,26410.4
2026-08-12T09:09:00-04:00,4.75,4.77,4.7,4.75,0,0,0,0,0,2026100401,0,,,,,,,,,,,,,,,,,,,,,,,,,,,,,,,,,,,,,,,,,,,,3.369495084705194,5.427201775960011,4.679501491685925,4.712554050414552,22434,26927.65
2026-08-12T09:10:00-04:00,4.76,4.8438,4.71,4.8438,0,0,0,0,0,2026100401,0,,,,,,,,,,,,,,,,,,,,,,,,,,,,,,,,,,,,,,,,,,,,3.369495084705194,5.426455961417158,4.695148968668218,4.738803240331642,15445,27312.85
2026-08-12T09:11:00-04:00,4.8499,4.85,4.79,4.83,0,0,0,0,0,2026100401,0,,,,,,,,,,,,,,,,,,,,,,,,,,,,,,,,,,,,,,,,,,,,3.369495084705194,5.425330725033752,4.707991924033149,4.7570425922653135,24309,28268.45
2026-08-12T09:12:00-04:00,4.804,4.829,4.78,4.7803,0,0,0,0,0,2026100401,0,,,,,,,,,,,,,,,,,,,,,,,,,,,,,,,,,,,,,,,,,,,,3.369495084705194,5.42458236703772,4.7148784074585635,4.761694073812251,15523,28823.7
2026-08-12T09:13:00-04:00,4.77,4.8,4.77,4.79,0,0,0,0,0,2026100401,0,,,,,,,,,,,,,,,,,,,,,,,,,,,,,,,,,,,,,,,,,,,,3.369495084705194,5.424107501417557,4.722032844843462,4.7673552590498005,9718,29206.0
2026-08-12T09:14:00-04:00,4.79,4.84,4.74,4.7499,0,0,0,0,0,2026100401,0,,,,,,,,,,,,,,,,,,,,,,,,,,,,,,,,,,,,,,,,,,,,3.369495084705194,5.422421596724994,4.724686859620276,4.76386420723984,34081,30804.35
2026-08-12T09:15:00-04:00,4.74,4.77,4.7,4.7099,0,0,0,0,0,2026100401,0,,,,,,,,,,,,,,,,,,,,,,,,,,,,,,,,,,,,,,,,,,,,3.369495084705194,5.421726920442848,4.723278587275487,4.753071365791873,13081,30895.65
2026-08-12T09:16:00-04:00,4.71,4.77,4.71,4.76,0,0,0,0,0,2026100401,0,,,,,,,,,,,,,,,,,,,,,,,,,,,,,,,,,,,,,,,,,,,,3.369495084705194,5.42120641757059,4.726775864677822,4.754457092633498,10110,27544.1
2026-08-12T09:17:00-04:00,4.75,4.76,4.73,4.7469,0,0,0,0,0,2026100401,0,,,,,,,,,,,,,,,,,,,,,,,,,,,,,,,,,,,,,,,,,,,,3.369495084705194,5.420931705241818,4.728692448994219,4.752945674106798,5334,24523.0
2026-08-12T09:18:00-04:00,4.7319,4.7446,4.71,4.7116,0,0,0,0,0,2026100401,0,,,,,,,,,,,,,,,,,,,,,,,,,,,,,,,,,,,,,,,,,,,,3.369495084705194,5.420534478914024,4.727064596709056,4.744676539285439,7460,23573.0
2026-08-12T09:19:00-04:00,4.72,4.7551,4.72,4.7248,0,0,0,0,0,2026100401,0,,,,,,,,,,,,,,,,,,,,,,,,,,,,,,,,,,,,,,,,,,,,3.369495084705194,5.420263301813719,4.726848920832003,4.740701231428351,5181,21256.8
2026-08-12T09:20:00-04:00,4.73,4.76,4.72,4.76,0,0,0,0,0,2026100401,0,,,,,,,,,,,,,,,,,,,,,,,,,,,,,,,,,,,,,,,,,,,,3.369495084705194,5.419355762372715,4.73000616646705,4.74456098514268,17714,18528.35
2026-08-12T09:21:00-04:00,4.79,4.85,4.79,4.8228,0,0,0,0,0,2026100401,0,,,,,,,,,,,,,,,,,,,,,,,,,,,,,,,,,,,,,,,,,,,,3.369495084705194,5.41828525078517,4.7388436744225695,4.760208788114144,23562,17276.0
2026-08-12T09:22:00-04:00,4.81,4.84,4.77,4.82,0,0,0,0,0,2026100401,0,,,,,,,,,,,,,,,,,,,,,,,,,,,,,,,,,,,,,,,,,,,,3.369495084705194,5.417298361553985,4.746572848287086,4.772167030491316,21404,17375.05
2026-08-12T09:23:00-04:00,4.819,4.82,4.78,4.78,0,0,0,0,0,2026100401,0,,,,,,,,,,,,,,,,,,,,,,,,,,,,,,,,,,,,,,,,,,,,3.369495084705194,5.416864153551945,4.749756386545459,4.773733624393053,9187,16239.8
2026-08-12T09:24:00-04:00,4.7999,4.82,4.78,4.79,0,0,0,0,0,2026100401,0,,,,,,,,,,,,,,,,,,,,,,,,,,,,,,,,,,,,,,,,,,,,3.369495084705194,5.416555005050422,4.7535891116363675,4.776986899514442,6584,15628.85
2026-08-12T09:25:00-04:00,4.78,4.81,4.77,4.7727,0,0,0,0,0,2026100401,0,,,,,,,,,,,,,,,,,,,,,,,,,,,,,,,,,,,,,,,,,,,,3.369495084705194,5.415943739124839,4.755409196242428,4.776129519611554,12781,15443.2
2026-08-12T09:26:00-04:00,4.7727,4.7887,4.6,4.6165,0,0,0,0,0,2026100401,0,,,,,,,,,,,,,,,,,,,,,,,,,,,,,,,,,,,,,,,,,,,,3.369495084705194,5.413274951345128,4.742179748981244,4.744203615689243,47370,16893.1
2026-08-12T09:27:00-04:00,4.65,4.7,4.61,4.68,0,0,0,0,0,2026100401,0,,,,,,,,,,,,,,,,,,,,,,,,,,,,,,,,,,,,,,,,,,,,3.369495084705194,5.412597945795435,4.736257868125888,4.731362892551394,11989,16636.3
2026-08-12T09:28:00-04:00,4.69,4.7,4.62,4.66,0,0,0,0,0,2026100401,0,,,,,,,,,,,,,,,,,,,,,,,,,,,,,,,,,,,,,,,,,,,,3.369495084705194,5.410863858525768,4.72899521401866,4.717090314041116,30671,17196.9
2026-08-12T09:29:00-04:00,4.63,4.6797,4.54,4.54,0,0,0,0,0,2026100401,0,,,,,,,,,,,,,,,,,,,,,,,,,,,,,,,,,,,,,,,,,,,,3.369495084705194,5.408680988396823,4.710995669826406,4.681672251232892,35344,17842.4
2026-08-12T09:30:00-04:00,4.565,4.75,4.52,4.66,0,0,0,0,0,2026100401,0,,,,,,,,,,,,,,,,,,,,,,,,,,,,,,,,,,,,,,,,,,,,3.369495084705194,5.40019036744684,4.706138939366749,4.677337800986313,149726,24556.45
2026-08-12T09:31:00-04:00,4.66,5.025,4.6001,4.9702,0,0,0,0,0,2026100401,0,,,,,,,,,,,,,,,,,,,,,,,,,,,,,,,,,,,,,,,,,,,,3.369495084705194,5.379396911680002,4.731287611808011,4.7359102407890505,545669,50624.45
2026-08-12T09:32:00-04:00,4.97,5.25,4.91,5.11,0,0,0,0,0,2026100401,0,,,,,,,,,,,,,,,,,,,,,,,,,,,,,,,,,,,,,,,,,,,,3.369495084705194,5.361181221371159,4.767355458302487,4.810728192631241,943226,97009.6
2026-08-12T09:33:00-04:00,5.1192,5.2,5.02,5.15,0,0,0,0,0,2026100401,0,,,,,,,,,,,,,,,,,,,,,,,,,,,,,,,,,,,,,,,,,,,,3.369495084705194,5.354536460674935,4.803797795607012,4.878582554104993,430675,118057.45
2026-08-12T09:34:00-04:00,5.1499,5.3,4.94,5.01,0,0,0,0,0,2026100401,0,,,,,,,,,,,,,,,,,,,,,,,,,,,,,,,,,,,,,,,,,,,,3.369495084705194,5.343523815283116,4.823436100787296,4.904866043283994,652484,148977.6
2026-08-12T09:35:00-04:00,5.01,5.3,5.0,5.175,0,0,0,0,0,2026100401,0,,,,,,,,,,,,,,,,,,,,,,,,,,,,,,,,,,,,,,,,,,,,3.369495084705194,5.339311528010141,4.856918376902792,4.958892834627195,373994,167023.25
2026-08-12T09:36:00-04:00,5.19,5.34,5.08,5.27,0,0,0,0,0,2026100401,0,,,,,,,,,,,,,,,,,,,,,,,,,,,,,,,,,,,,,,,,,,,,3.369495084705194,5.336934590842336,4.896259483864431,5.021114267701757,365481,184791.8
2026-08-12T09:37:00-04:00,5.28,5.49,5.05,5.1699,0,0,0,0,0,2026100401,0,,,,,,,,,,,,,,,,,,,,,,,,,,,,,,,,,,,,,,,,,,,,3.369495084705194,5.331297139035981,4.922320485401152,5.0508714141614055,1000949,234572.55
2026-08-12T09:38:00-04:00,5.14,5.29,5.1,5.22,0,0,0,0,0,2026100401,0,,,,,,,,,,,,,,,,,,,,,,,,,,,,,,,,,,,,,,,,,,,,3.369495084705194,5.329038379910329,4.950670915362947,5.084697131329125,320002,250199.65
2026-08-12T09:39:00-04:00,5.23,5.33,5.11,5.12,0,0,0,0,0,2026100401,0,,,,,,,,,,,,,,,,,,,,,,,,,,,,,,,,,,,,,,,,,,,,3.369495084705194,5.326787887076465,4.96679749485219,5.0917577050633,291168,264499.0
2026-08-12T09:40:00-04:00,5.12,5.1894,4.95,5.12,0,0,0,0,0,2026100401,0,,,,,,,,,,,,,,,,,,,,,,,,,,,,,,,,,,,,,,,,,,,,3.369495084705194,5.321954155841551,4.981388209628172,5.09740616405064,378098,282518.2
2026-08-12T09:41:00-04:00,5.12,5.22,5.0437,5.19,0,0,0,0,0,2026100401,0,,,,,,,,,,,,,,,,,,,,,,,,,,,,,,,,,,,,,,,,,,,,3.369495084705194,5.319562688471109,5.001255999187394,5.115924931240512,267066,294693.4
2026-08-12T09:42:00-04:00,5.17,5.23,5.12,5.1202,0,0,0,0,0,2026100401,0,,,,,,,,,,,,,,,,,,,,,,,,,,,,,,,,,,,,,,,,,,,,3.369495084705194,5.31809161998237,5.012583999264785,5.11677994499241,173813,302313.85
2026-08-12T09:43:00-04:00,5.12,5.1699,5.0201,5.0899,0,0,0,0,0,2026100401,0,,,,,,,,,,,,,,,,,,,,,,,,,,,,,,,,,,,,,,,,,,,,3.369495084705194,5.315544658334098,5.019947427906234,5.111403955993928,220482,312878.6
2026-08-12T09:44:00-04:00,5.0701,5.27,5.05,5.235,0,0,0,0,0,2026100401,0,,,,,,,,,,,,,,,,,,,,,,,,,,,,,,,,,,,,,,,,,,,,3.369495084705194,5.313649413741028,5.040428625248498,5.136123164795142,286674,326883.1
2026-08-12T09:45:00-04:00,5.2301,5.24,5.0,5.1,0,0,0,0,0,2026100401,0,,,,,,,,,,,,,,,,,,,,,,,,,,,,,,,,,,,,,,,,,,,,3.369495084705194,5.311192088380177,5.046102089510546,5.128898531836114,245239,338506.0
2026-08-12T09:46:00-04:00,5.1,5.13,4.7501,4.89,0,0,0,0,0,2026100401,0,,,,,,,,,,,,,,,,,,,,,,,,,,,,,,,,,,,,,,,,,,,,3.369495084705194,5.305497394401263,5.031235223842875,5.0811188254688915,297921,351033.55
2026-08-12T09:47:00-04:00,4.8999,4.98,4.87,4.93,0,0,0,0,0,2026100401,0,,,,,,,,,,,,,,,,,,,,,,,,,,,,,,,,,,,,,,,,,,,,3.369495084705194,5.302416344004609,5.021593773953077,5.0508950603751135,166367,358752.45
2026-08-12T09:48:00-04:00,4.93,5.07,4.88,5.07,0,0,0,0,0,2026100401,0,,,,,,,,,,,,,,,,,,,,,,,,,,,,,,,,,,,,,,,,,,,,3.369495084705194,5.300430818426266,5.026203890719451,5.054716048300091,138258,364131.8
2026-08-12T09:49:00-04:00,5.04,5.1,4.91,4.934,0,0,0,0,0,2026100401,0,,,,,,,,,,,,,,,,,,,,,,,,,,,,,,,,,,,,,,,,,,,,3.369495084705194,5.2983393619228165,5.017422567793789,5.030572838640073,135869,369158.05
2026-08-12T09:50:00-04:00,4.93,4.9899,4.86,4.9194,0,0,0,0,0,2026100401,0,,,,,,,,,,,,,,,,,,,,,,,,,,,,,,,,,,,,,,,,,,,,3.369495084705194,5.296296195667906,5.008087085146761,5.008338270912058,113491,367346.3
2026-08-12T09:51:00-04:00,4.9077,4.92,4.81,4.8699,0,0,0,0,0,2026100401,0,,,,,,,,,,,,,,,,,,,,,,,,,,,,,,,,,,,,,,,,,,,,3.369495084705194,5.2936785380223075,4.994926410370879,4.980650616729647,127763,346451.0
2026-08-12T09:52:00-04:00,4.8501,4.87,4.76,4.78,0,0,0,0,0,2026100401,0,,,,,,,,,,,,,,,,,,,,,,,,,,,,,,,,,,,,,,,,,,,,3.369495084705194,5.2903275254281485,4.974457228430795,4.940520493383717,144302,306504.8
2026-08-12T09:53:00-04:00,4.79,4.8,4.6588,4.75,0,0,0,0,0,2026100401,0,,,,,,,,,,,,,,,,,,,,,,,,,,,,,,,,,,,,,,,,,,,,3.369495084705194,5.285475398690646,4.953080349532624,4.902416394706973,186549,294298.5
2026-08-12T09:54:00-04:00,4.75,4.7799,4.7,4.74,0,0,0,0,0,2026100401,0,,,,,,,,,,,,,,,,,,,,,,,,,,,,,,,,,,,,,,,,,,,,3.369495084705194,5.283013118915954,4.93278698291047,4.869933115765579,96587,266503.65
2026-08-12T09:55:00-04:00,4.73,4.84,4.72,4.805,0,0,0,0,0,2026100401,0,,,,,,,,,,,,,,,,,,,,,,,,,,,,,,,,,,,,,,,,,,,,3.369495084705194,5.279697963612531,4.9206167940618535,4.8569464926124635,144372,255022.55
2026-08-12T09:56:00-04:00,4.8099,4.88,4.78,4.825,0,0,0,0,0,2026100401,0,,,,,,,,,,,,,,,,,,,,,,,,,,,,,,,,,,,,,,,,,,,,3.369495084705194,5.2767535818482205,4.911510432722629,4.850557194089971,141453,243821.15
2026-08-12T09:57:00-04:00,4.8007,4.83,4.8001,4.81,0,0,0,0,0,2026100401,0,,,,,,,,,,,,,,,,,,,,,,,,,,,,,,,,,,,,,,,,,,,,3.369495084705194,5.2758778859017825,4.901842772463331,4.842445755271977,41056,195826.5
2026-08-12T09:58:00-04:00,4.81,4.82,4.72,4.78,0,0,0,0,0,2026100401,0,,,,,,,,,,,,,,,,,,,,,,,,,,,,,,,,,,,,,,,,,,,,3.369495084705194,5.273660546540197,4.890238698895395,4.829956604217582,96282,184640.5
2026-08-12T09:59:00-04:00,4.79,4.82,4.7799,4.811968,0,0,0,0,0,2026100401,0,,,,,,,,,,,,,,,,,,,,,,,,,,,,,,,,,,,,,,,,,,,,3.369495084705194,5.2729670772021855,4.882784346619643,4.826358883374065,32265,171695.35
2026-08-12T10:00:00-04:00,4.805,4.83,4.71,4.77,0,0,0,0,0,2026100401,0,,,,,,,,,,,,,,,,,,,,,,,,,,,,,,,,,,,,,,,,,,,,3.369495084705194,5.271600992756848,4.872042980274915,4.815087106699252,59518,155766.35
2026-08-12T10:01:00-04:00,4.76,4.82,4.76,4.8199,0,0,0,0,0,2026100401,0,,,,,,,,,,,,,,,,,,,,,,,,,,,,,,,,,,,,,,,,,,,,3.369495084705194,5.270932244615082,4.8670769821534945,4.816049685359402,31116,143968.85
2026-08-12T10:02:00-04:00,4.82,5.02,4.81,4.94,0,0,0,0,0,2026100401,0,,,,,,,,,,,,,,,,,,,,,,,,,,,,,,,,,,,,,,,,,,,,3.369495084705194,5.268171439735609,4.874022031472209,4.840839748287522,175690,144062.7
2026-08-12T10:03:00-04:00,4.92,5.04,4.91,4.98,0,0,0,0,0,2026100401,0,,,,,,,,,,,,,,,,,,,,,,,,,,,,,,,,,,,,,,,,,,,,3.369495084705194,5.265262756055141,4.884115171331999,4.868671798630017,222944,144185.8
2026-08-12T10:04:00-04:00,4.9601,4.975,4.9,4.95,0,0,0,0,0,2026100401,0,,,,,,,,,,,,,,,,,,,,,,,,,,,,,,,,,,,,,,,,,,,,3.369495084705194,5.264094546992499,4.890389916919427,4.884937438904013,80953,133899.75
2026-08-12T10:05:00-04:00,4.955,4.98,4.88,4.93,0,0,0,0,0,2026100401,0,,,,,,,,,,,,,,,,,,,,,,,,,,,,,,,,,,,,,,,,,,,,3.369495084705194,5.263314375362238,4.894162305784244,4.8939499511232105,52487,124262.15
2026-08-12T10:06:00-04:00,4.93,4.99,4.9222,4.96,0,0,0,0,0,2026100401,0,,,,,,,,,,,,,,,,,,,,,,,,,,,,,,,,,,,,,,,,,,,,3.369495084705194,5.262652713916537,4.900432562376221,4.907159960898569,48720,111802.1
2026-08-12T10:07:00-04:00,4.9501,5.02,4.91,4.92,0,0,0,0,0,2026100401,0,,,,,,,,,,,,,,,,,,,,,,,,,,,,,,,,,,,,,,,,,,,,3.369495084705194,5.261714401954858,4.9022961278642,4.909727968718855,67805,106874.0
2026-08-12T10:08:00-04:00,4.9299,4.9299,4.8601,4.8701,0,0,0,0,0,2026100401,0,,,,,,,,,,,,,,,,,,,,,,,,,,,,,,,,,,,,,,,,,,,,3.369495084705194,5.260706000930518,4.899229829972371,4.901802374975084,60916,103006.9
2026-08-12T10:09:00-04:00,4.87,4.9,4.86,4.88,0,0,0,0,0,2026100401,0,,,,,,,,,,,,,,,,,,,,,,,,,,,,,,,,,,,,,,,,,,,,3.369495084705194,5.260316385000168,4.89739841759405,4.897441899980067,23208,97373.85
2026-08-12T10:10:00-04:00,4.88,4.93,4.84,4.88,0,0,0,0,0,2026100401,0,,,,,,,,,,,,,,,,,,,,,,,,,,,,,,,,,,,,,,,,,,,,3.369495084705194,5.2595124458084195,4.895741425442235,4.893953519984054,48464,94122.5
2026-08-12T10:11:00-04:00,4.875,4.9,4.8411,4.865,0,0,0,0,0,2026100401,0,,,,,,,,,,,,,,,,,,,,,,,,,,,,,,,,,,,,,,,,,,,,3.369495084705194,5.259154596462351,4.892813670638213,4.8881628159872434,20828,88775.75
2026-08-12T10:12:00-04:00,4.84,4.92,4.84,4.89,0,0,0,0,0,2026100401,0,,,,,,,,,,,,,,,,,,,,,,,,,,,,,,,,,,,,,,,,,,,,3.369495084705194,5.258676806841616,4.892545702006002,4.888530252789795,28955,83008.4
2026-08-12T10:13:00-04:00,4.89,4.89,4.8501,4.8738,0,0,0,0,0,2026100401,0,,,,,,,,,,,,,,,,,,,,,,,,,,,,,,,,,,,,,,,,,,,,3.369495084705194,5.258277536610721,4.890760397053049,4.885584202231835,23499,74855.9
2026-08-12T10:14:00-04:00,4.871,4.9899,4.87,4.95,0,0,0,0,0,2026100401,0,,,,,,,,,,,,,,,,,,,,,,,,,,,,,,,,,,,,,,,,,,,,3.369495084705194,5.257351380996183,4.896402264000378,4.898467361785468,65838,73318.45
2026-08-12T10:15:00-04:00,4.95,5.0,4.92,4.93,0,0,0,0,0,2026100401,0,,,,,,,,,,,,,,,,,,,,,,,,,,,,,,,,,,,,,,,,,,,,3.369495084705194,5.256397448943706,4.899602048381294,4.904773889428375,71187,69659.2
2026-08-12T10:16:00-04:00,4.93,4.95,4.87,4.89,0,0,0,0,0,2026100401,0,,,,,,,,,,,,,,,,,,,,,,,,,,,,,,,,,,,,,,,,,,,,3.369495084705194,5.255775973276966,4.898687567583075,4.9018191115427,40444,64608.75
2026-08-12T10:17:00-04:00,4.8811,4.9,4.81,4.86,0,0,0,0,0,2026100401,0,,,,,,,,,,,,,,,,,,,,,,,,,,,,,,,,,,,,,,,,,,,,3.369495084705194,5.254683407723084,4.8950030373370685,4.8934552892341605,63071,65709.5
2026-08-12T10:18:00-04:00,4.8781,4.8799,4.81,4.86,0,0,0,0,0,2026100401,0,,,,,,,,,,,,,,,,,,,,,,,,,,,,,,,,,,,,,,,,,,,,3.369495084705194,5.254072711688102,4.8916694147335384,4.886764231387328,34818,62636.3
2026-08-12T10:19:00-04:00,4.8798,5.06,4.86,4.98,0,0,0,0,0,2026100401,0,,,,,,,,,,,,,,,,,,,,,,,,,,,,,,,,,,,,,,,,,,,,3.369495084705194,5.251697595183068,4.900081851425583,4.905411385109863,192275,70636.8
2026-08-12T10:20:00-04:00,5.0,5.12,4.92,4.965,0,0,0,0,0,2026100401,0,,,,,,,,,,,,,,,,,,,,,,,,,,,,,,,,,,,,,,,,,,,,3.369495084705194,5.249580424111991,4.906264532242194,4.91732910808789,198696,77595.7
2026-08-12T10:21:00-04:00,4.97,4.97,4.87,4.93,0,0,0,0,0,2026100401,0,,,,,,,,,,,,,,,,,,,,,,,,,,,,,,,,,,,,,,,,,,,,3.369495084705194,5.248663634126427,4.908525052981032,4.919863286470312,66126,79346.2
2026-08-12T10:22:00-04:00,4.95,4.95,4.84,4.86,0,0,0,0,0,2026100401,0,,,,,,,,,,,,,,,,,,,,,,,,,,,,,,,,,,,,,,,,,,,,3.369495084705194,5.247575264212677,4.903903619363791,4.90789062917625,70313,74077.35
2026-08-12T10:23:00-04:00,4.87,4.909,4.84,4.87,0,0,0,0,0,2026100401,0,,,,,,,,,,,,,,,,,,,,,,,,,,,,,,,,,,,,,,,,,,,,3.369495084705194,5.24719022617475,4.900674703233906,4.9003125033409995,24286,64144.45
2026-08-12T10:24:00-04:00,4.86,4.88,4.82,4.835,0,0,0,0,0,2026100401,0,,,,,,,,,,,,,,,,,,,,,,,,,,,,,,,,,,,,,,,,,,,,3.369495084705194,5.246823014808358,4.894419969592581,4.8872500026728,21591,61176.35
2026-08-12T10:25:00-04:00,4.85,4.86,4.73,4.79,0,0,0,0,0,2026100401,0,,,,,,,,,,,,,,,,,,,,,,,,,,,,,,,,,,,,,,,,,,,,3.369495084705194,5.245234325248733,4.884475210583764,4.86780000213824,83135,62708.75
2026-08-12T10:26:00-04:00,4.7735,4.79,4.75,4.7799,0,0,0,0,0,2026100401,0,,,,,,,,,,,,,,,,,,,,,,,,,,,,,,,,,,,,,,,,,,,,3.369495084705194,5.244581940345793,4.874515666718644,4.850220001710592,32850,61915.25
2026-08-12T10:27:00-04:00,4.7799,4.83,4.72,4.83,0,0,0,0,0,2026100401,0,,,,,,,,,,,,,,,,,,,,,,,,,,,,,,,,,,,,,,,,,,,,3.369495084705194,5.24333428813773,4.870276079412106,4.846176001368473,65886,61819.3
2026-08-12T10:28:00-04:00,4.82,4.8375,4.7901,4.805,0,0,0,0,0,2026100401,0,,,,,,,,,,,,,,,,,,,,,,,,,,,,,,,,,,,,,,,,,,,,3.369495084705194,5.242911372754413,4.864059309944286,4.837940801094779,23326,59939.8
2026-08-12T10:29:00-04:00,4.805,4.82,4.78,4.81,0,0,0,0,0,2026100401,0,,,,,,,,,,,,,,,,,,,,,,,,,,,,,,,,,,,,,,,,,,,,3.369495084705194,5.242709210369729,4.858910804235307,4.832352640875823,10975,59328.15
2026-08-12T10:30:00-04:00,4.82,4.9,4.82,4.865,0,0,0,0,0,2026100401,0,,,,,,,,,,,,,,,,,,,,,,,,,,,,,,,,,,,,,,,,,,,,3.369495084705194,5.242000016887002,4.859490727641468,4.8388821127006585,44498,59129.85
2026-08-12T10:31:00-04:00,4.86,4.865,4.81,4.835,0,0,0,0,0,2026100401,0,,,,,,,,,,,,,,,,,,,,,,,,,,,,,,,,,,,,,,,,,,,,3.369495084705194,5.241516483031236,4.8571582773899,4.838105690160527,28555,59516.2
2026-08-12T10:32:00-04:00,4.83,4.84,4.79,4.805,0,0,0,0,0,2026100401,0,,,,,,,,,,,,,,,,,,,,,,,,,,,,,,,,,,,,,,,,,,,,3.369495084705194,5.241157917014584,4.852190822400385,4.831484552128421,19984,59067.65
2026-08-12T10:33:00-04:00,4.81,4.84,4.81,4.81,0,0,0,0,0,2026100401,0,,,,,,,,,,,,,,,,,,,,,,,,,,,,,,,,,,,,,,,,,,,,3.369495084705194,5.24102920161353,4.848172648838444,4.827187641702737,7324,58258.9
2026-08-12T10:34:00-04:00,4.81,4.88,4.81,4.85,0,0,0,0,0,2026100401,0,,,,,,,,,,,,,,,,,,,,,,,,,,,,,,,,,,,,,,,,,,,,3.369495084705194,5.240713821715312,4.8483466822824015,4.831750113362189,19180,55926.0
2026-08-12T10:35:00-04:00,4.8565,4.91,4.81,4.91,0,0,0,0,0,2026100401,0,,,,,,,,,,,,,,,,,,,,,,,,,,,,,,,,,,,,,,,,,,,,3.369495084705194,5.240512718081613,4.854218426826935,4.847400090689751,13256,53029.45
2026-08-12T10:36:00-04:00,4.9199,4.92,4.8369,4.86,0,0,0,0,0,2026100401,0,,,,,,,,,,,,,,,,,,,,,,,,,,,,,,,,,,,,,,,,,,,,3.369495084705194,5.240253136666648,4.854769052843418,4.849920072551801,16929,51853.7
2026-08-12T10:37:00-04:00,4.865,4.87,4.82,4.82,0,0,0,0,0,2026100401,0,,,,,,,,,,,,,,,,,,,,,,,,,,,,,,,,,,,,,,,,,,,,3.369495084705194,5.240046957728122,4.851457714477378,4.843936058041441,12274,49313.85
2026-08-12T10:38:00-04:00,4.82,4.83,4.76,4.78,0,0,0,0,0,2026100401,0,,,,,,,,,,,,,,,,,,,,,,,,,,,,,,,,,,,,,,,,,,,,3.369495084705194,5.239392578723848,4.844652217860484,4.831148846433153,34985,49322.2
2026-08-12T10:39:00-04:00,4.7907,4.8,4.76,4.78,0,0,0,0,0,2026100401,0,,,,,,,,,,,,,,,,,,,,,,,,,,,,,,,,,,,,,,,,,,,,3.369495084705194,5.238936347376876,4.838494863778533,4.820919077146522,23919,40904.4
2026-08-12T10:40:00-04:00,4.79,4.8,4.73,4.75,0,0,0,0,0,2026100401,0,,,,,,,,,,,,,,,,,,,,,,,,,,,,,,,,,,,,,,,,,,,,3.369495084705194,5.238279953790126,4.830066781513911,4.806735261717217,33054,32622.3
2026-08-12T10:41:00-04:00,4.76,4.82,4.75,4.815,0,0,0,0,0,2026100401,0,,,,,,,,,,,,,,,,,,,,,,,,,,,,,,,,,,,,,,,,,,,,3.369495084705194,5.237766301466991,4.828631849941157,4.808388209373774,27979,30714.95
2026-08-12T10:42:00-04:00,4.815,4.85,4.8101,4.83,0,0,0,0,0,2026100401,0,,,,,,,,,,,,,,,,,,,,,,,,,,,,,,,,,,,,,,,,,,,,3.369495084705194,5.237471156786978,4.828762149946761,4.812710567499019,17491,28073.85
2026-08-12T10:43:00-04:00,4.825,4.8279,4.76,4.79,0,0,0,0,0,2026100401,0,,,,,,,,,,,,,,,,,,,,,,,,,,,,,,,,,,,,,,,,,,,,3.369495084705194,5.237032151444681,4.825070516618498,4.808168453999215,23870,28053.05
2026-08-12T10:44:00-04:00,4.79,4.8099,4.77,4.775,0,0,0,0,0,2026100401,0,,,,,,,,,,,,,,,,,,,,,,,,,,,,,,,,,,,,,,,,,,,,3.369495084705194,5.23684741695805,4.820301895988165,4.801534763199372,9888,27467.9
2026-08-12T10:45:00-04:00,4.76,4.81,4.76,4.8,0,0,0,0,0,2026100401,0,,,,,,,,,,,,,,,,,,,,,,,,,,,,,,,,,,,,,,,,,,,,3.369495084705194,5.236429879762912,4.818368382084531,4.801227810559498,22631,24442.7
2026-08-12T10:46:00-04:00,4.8,4.86,4.8,4.825,0,0,0,0,0,2026100401,0,,,,,,,,,,,,,,,,,,,,,,,,,,,,,,,,,,,,,,,,,,,,3.369495084705194,5.2359855290453945,4.8189999647431465,4.805982248447598,26400,24120.2
2026-08-12T10:47:00-04:00,4.83,4.83,4.76,4.8,0,0,0,0,0,2026100401,0,,,,,,,,,,,,,,,,,,,,,,,,,,,,,,,,,,,,,,,,,,,,3.369495084705194,5.235494739748196,4.817190444291418,4.804785798758078,27117,22181.75
2026-08-12T10:48:00-04:00,4.83,4.97,4.7901,4.94,0,0,0,0,0,2026100401,0,,,,,,,,,,,,,,,,,,,,,,,,,,,,,,,,,,,,,,,,,,,,3.369495084705194,5.234369728085556,4.82888659245414,4.831828639006463,81677,25099.3
2026-08-12T10:49:00-04:00,4.95,5.0,4.88,4.9099,0,0,0,0,0,2026100401,0,,,,,,,,,,,,,,,,,,,,,,,,,,,,,,,,,,,,,,,,,,,,3.369495084705194,5.232589627520957,4.836602155077555,4.84744291120517,143261,31713.6
2026-08-12T10:50:00-04:00,4.88,4.95,4.87,4.92,0,0,0,0,0,2026100401,0,,,,,,,,,,,,,,,,,,,,,,,,,,,,,,,,,,,,,,,,,,,,3.369495084705194,5.232025407807533,4.844544806974931,4.861954328964136,43372,31657.3
2026-08-12T10:51:00-04:00,4.9162,4.99,4.9,4.9164,0,0,0,0,0,2026100401,0,,,,,,,,,,,,,,,,,,,,,,,,,,,,,,,,,,,,,,,,,,,,3.369495084705194,5.2309805268578655,4.851388158691605,4.872843463171309,86774,34568.25
2026-08-12T10:52:00-04:00,4.905,4.91,4.77,4.8099,0,0,0,0,0,2026100401,0,,,,,,,,,,,,,,,,,,,,,,,,,,,,,,,,,,,,,,,,,,,,3.369495084705194,5.229725085802026,4.847436905482881,4.860254770537047,77345,37436.3
2026-08-12T10:53:00-04:00,4.7916,4.82,4.77,4.81,0,0,0,0,0,2026100401,0,,,,,,,,,,,,,,,,,,,,,,,,,,,,,,,,,,,,,,,,,,,,3.369495084705194,5.229174164846071,4.843871485913082,4.850203816429637,31714,38655.8
2026-08-12T10:54:00-04:00,4.8,4.81,4.77,4.77,0,0,0,0,0,2026100401,0,,,,,,,,,,,,,,,,,,,,,,,,,,,,,,,,,,,,,,,,,,,,3.369495084705194,5.228901085306144,4.836836106302313,4.83416305314371,15161,38454.85
2026-08-12T10:55:00-04:00,4.7927,4.84,4.76,4.8364,0,0,0,0,0,2026100401,0,,,,,,,,,,,,,,,,,,,,,,,,,,,,,,,,,,,,,,,,,,,,3.369495084705194,5.228575115418941,4.836794572368759,4.834610442514968,19375,38760.8
2026-08-12T10:56:00-04:00,4.84,4.88,4.8023,4.8023,0,0,0,0,0,2026100401,0,,,,,,,,,,,,,,,,,,,,,,,,,,,,,,,,,,,,,,,,,,,,3.369495084705194,5.228260710810304,4.833509375000306,4.828148354011975,19468,38887.75
2026-08-12T10:57:00-04:00,4.8,4.82,4.78,4.79,0,0,0,0,0,2026100401,0,,,,,,,,,,,,,,,,,,,,,,,,,,,,,,,,,,,,,,,,,,,,3.369495084705194,5.228093387357658,4.8293656250002766,4.82051868320958,9615,38754.8
2026-08-12T10:58:00-04:00,4.81,4.81,4.77,4.7899,0,0,0,0,0,2026100401,0,,,,,,,,,,,,,,,,,,,,,,,,,,,,,,,,,,,,,,,,,,,,3.369495084705194,5.22792783362895,4.825606994047869,4.814394946567664,9375,37474.3
2026-08-12T10:59:00-04:00,4.78,4.7899,4.45,4.48,0,0,0,0,0,2026100401,0,,,,,,,,,,,,,,,,,,,,,,,,,,,,,,,,,,,,,,,,,,,,3.369495084705194,5.222809649935342,4.792692042233787,4.747515957254132,195507,46053.7
2026-08-12T11:00:00-04:00,4.49,4.59,4.47,4.54,0,0,0,0,0,2026100401,0,,,,,,,,,,,,,,,,,,,,,,,,,,,,,,,,,,,,,,,,,,,,3.369495084705194,5.219667846403127,4.768626133449617,4.7060127658033055,114468,50124.4
2026-08-12T11:01:00-04:00,4.5495,4.57,4.47,4.48,0,0,0,0,0,2026100401,0,,,,,,,,,,,,,,,,,,,,,,,,,,,,,,,,,,,,,,,,,,,,3.369495084705194,5.217672184609306,4.741137930263939,4.6608102126426445,70508,52250.85
2026-08-12T11:02:00-04:00,4.4701,4.53,4.47,4.526,0,0,0,0,0,2026100401,0,,,,,,,,,,,,,,,,,,,,,,,,,,,,,,,,,,,,,,,,,,,,3.369495084705194,5.216634800512046,4.720648603572135,4.633848170114115,36912,53221.9
2026-08-12T11:03:00-04:00,4.52,4.53,4.5,4.5,0,0,0,0,0,2026100401,0,,,,,,,,,,,,,,,,,,,,,,,,,,,,,,,,,,,,,,,,,,,,3.369495084705194,5.215977003827237,4.699634450850979,4.607078536091292,23506,53203.7
2026-08-12T11:04:00-04:00,4.5099,4.52,4.47,4.505,0,0,0,0,0,2026100401,0,,,,,,,,,,,,,,,,,,,,,,,,,,,,,,,,,,,,,,,,,,,,3.369495084705194,5.215018224465029,4.681097836484219,4.586662828873034,33781,54398.35
2026-08-12T11:05:00-04:00,4.5,4.51,4.44,4.475,0,0,0,0,0,2026100401,0,,,,,,,,,,,,,,,,,,,,,,,,,,,,,,,,,,,,,,,,,,,,3.369495084705194,5.214102742027802,4.66146947110477,4.564330263098427,31319,54832.75
2026-08-12T11:06:00-04:00,4.47,4.47,4.35,4.37,0,0,0,0,0,2026100401,0,,,,,,,,,,,,,,,,,,,,,,,,,,,,,,,,,,,,,,,,,,,,3.369495084705194,5.210912087040094,4.633710473856697,4.5254642104787415,99203,58472.9
2026-08-12T11:07:00-04:00,4.37,4.3851,4.2768,4.3209,0,0,0,0,0,2026100401,0,,,,,,,,,,,,,,,,,,,,,,,,,,,,,,,,,,,,,,,,,,,,3.369495084705194,5.2069144774465235,4.603919000156059,4.484551368382993,115546,62894.35
2026-08-12T11:08:00-04:00,4.315,4.35,4.29,4.335,0,0,0,0,0,2026100401,0,,,,,,,,,,,,,,,,,,,,,,,,,,,,,,,,,,,,,,,,,,,,3.369495084705194,5.205672066968957,4.578307666807863,4.454641094706394,36018,60611.4
2026-08-12T11:09:00-04:00,4.335,4.35,4.32,4.3499,0,0,0,0,0,2026100401,0,,,,,,,,,,,,,,,,,,,,,,,,,,,,,,,,,,,,,,,,,,,,3.369495084705194,5.204653972913598,4.556554555683304,4.433692875765115,30103,54953.5
2026-08-12T11:10:00-04:00,4.348,4.38,4.3201,4.37,0,0,0,0,0,2026100401,0,,,,,,,,,,,,,,,,,,,,,,,,,,,,,,,,,,,,,,,,,,,,3.369495084705194,5.203859110904165,4.538787455142037,4.420954300612093,24017,53985.75
2026-08-12T11:11:00-04:00,4.365,4.45,4.35,4.43,0,0,0,0,0,2026100401,0,,,,,,,,,,,,,,,,,,,,,,,,,,,,,,,,,,,,,,,,,,,,3.369495084705194,5.202596398290683,4.52842674512851,4.422763440489674,40818,51687.95
2026-08-12T11:12:00-04:00,4.42,4.44,4.41,4.4101,0,0,0,0,0,2026100401,0,,,,,,,,,,,,,,,,,,,,,,,,,,,,,,,,,,,,,,,,,,,,3.369495084705194,5.202123249581908,4.517157531306747,4.420230752391739,15525,48596.95
2026-08-12T11:13:00-04:00,4.4141,4.42,4.3701,4.3999,0,0,0,0,0,2026100401,0,,,,,,,,,,,,,,,,,,,,,,,,,,,,,,,,,,,,,,,,,,,,3.369495084705194,5.201759198666696,4.5059901473727715,4.416164601913391,11611,47591.8
2026-08-12T11:14:00-04:00,4.4,4.4888,4.4,4.46,0,0,0,0,0,2026100401,0,,,,,,,,,,,,,,,,,,,,,,,,,,,,,,,,,,,,,,,,,,,,3.369495084705194,5.201051745725859,4.50161013333727,4.424931681530713,24185,48043.0
2026-08-12T11:15:00-04:00,4.47,4.47,4.42,4.4399,0,0,0,0,0,2026100401,0,,,,,,,,,,,,,,,,,,,,,,,,,,,,,,,,,,,,,,,,,,,,3.369495084705194,5.200689270981002,4.495732977781339,4.42792534522457,12306,47689.55
2026-08-12T11:16:00-04:00,4.45,4.47,4.4329,4.45,0,0,0,0,0,2026100401,0,,,,,,,,,,,,,,,,,,,,,,,,,,,,,,,,,,,,,,,,,,,,3.369495084705194,5.200562520291922,4.491377456087878,4.432340276179656,4350,46933.65
2026-08-12T11:17:00-04:00,4.4305,4.45,4.42,4.4398,0,0,0,0,0,2026100401,0,,,,,,,,,,,,,,,,,,,,,,,,,,,,,,,,,,,,,,,,,,,,3.369495084705194,5.200225699727658,4.486465317412842,4.433832220943724,11349,47020.35
2026-08-12T11:18:00-04:00,4.435,4.45,4.42,4.45,0,0,0,0,0,2026100401,0,,,,,,,,,,,,,,,,,,,,,,,,,,,,,,,,,,,,,,,,,,,,3.369495084705194,5.199647641962246,4.48299243004019,4.43706577675498,19588,47531.0
2026-08-12T11:19:00-04:00,4.45,4.46,4.41,4.4299,0,0,0,0,0,2026100401,0,,,,,,,,,,,,,,,,,,,,,,,,,,,,,,,,,,,,,,,,,,,,3.369495084705194,5.199194781256868,4.477936008131601,4.435632621403984,15232,38517.25
2026-08-12T11:20:00-04:00,4.41,4.46,4.41,4.41,0,0,0,0,0,2026100401,0,,,,,,,,,,,,,,,,,,,,,,,,,,,,,,,,,,,,,,,,,,,,3.369495084705194,5.199002088076377,4.471465912119068,4.430506097123187,6431,33115.4
2026-08-12T11:21:00-04:00,4.42,4.44,4.4,4.44,0,0,0,0,0,2026100401,0,,,,,,,,,,,,,,,,,,,,,,,,,,,,,,,,,,,,,,,,,,,,3.369495084705194,5.198909356359705,4.468469158583918,4.432404877698549,3096,29744.8
2026-08-12T11:22:00-04:00,4.415,4.42,4.39,4.4,0,0,0,0,0,2026100401,0,,,,,,,,,,,,,,,,,,,,,,,,,,,,,,,,,,,,,,,,,,,,3.369495084705194,5.198761133375824,4.461948286337831,4.425923902158839,4805,28139.45
2026-08-12T11:23:00-04:00,4.4,4.41,4.4,4.4,0,0,0,0,0,2026100401,0,,,,,,,,,,,,,,,,,,,,,,,,,,,,,,,,,,,,,,,,,,,,3.369495084705194,5.1985924639120435,4.4560484495437525,4.420739121727071,5470,27237.65
2026-08-12T11:24:00-04:00,4.4,4.4799,4.39,4.41,0,0,0,0,0,2026100401,0,,,,,,,,,,,,,,,,,,,,,,,,,,,,,,,,,,,,,,,,,,,,3.369495084705194,5.19825570861982,4.451662882920538,4.418591297381657,11258,26111.5
2026-08-12T11:25:00-04:00,4.39,4.44,4.39,4.4317,0,0,0,0,0,2026100401,0,,,,,,,,,,,,,,,,,,,,,,,,,,,,,,,,,,,,,,,,,,,,3.369495084705194,5.19787911866372,4.449761655975725,4.421213037905326,12503,25170.7
2026-08-12T11:26:00-04:00,4.4399,4.4399,4.4,4.4,0,0,0,0,0,2026100401,0,,,,,,,,,,,,,,,,,,,,,,,,,,,,,,,,,,,,,,,,,,,,3.369495084705194,5.197621037154475,4.445022450644704,4.416970430324261,8496,20635.35
2026-08-12T11:27:00-04:00,4.42,4.42,4.35,4.37,0,0,0,0,0,2026100401,0,,,,,,,,,,,,,,,,,,,,,,,,,,,,,,,,,,,,,,,,,,,,3.369495084705194,5.196906771493871,4.437877455345208,4.407576344259408,22583,15987.2
2026-08-12T11:28:00-04:00,4.37,4.38,4.35,4.36,0,0,0,0,0,2026100401,0,,,,,,,,,,,,,,,,,,,,,,,,,,,,,,,,,,,,,,,,,,,,3.369495084705194,5.196384366292294,4.430460554836141,4.398061075407527,16211,14996.85
2026-08-12T11:29:00-04:00,4.3665,4.3665,4.33,4.35,0,0,0,0,0,2026100401,0,,,,,,,,,,,,,,,,,,,,,,,,,,,,,,,,,,,,,,,,,,,,3.369495084705194,5.195931425845124,4.422797644851746,4.388448860326021,13831,14183.25
2026-08-12T11:30:00-04:00,4.35,4.37,4.35,4.3699,0,0,0,0,0,2026100401,0,,,,,,,,,,,,,,,,,,,,,,,,,,,,,,,,,,,,,,,,,,,,3.369495084705194,5.195794396814981,4.417759773913485,4.384739088260817,4260,13195.4
2026-08-12T11:31:00-04:00,4.37,4.398053,4.3528,4.375,0,0,0,0,0,2026100401,0,,,,,,,,,,,,,,,,,,,,,,,,,,,,,,,,,,,,,,,,,,,,3.369495084705194,5.1955523576629625,4.413687414493153,4.382791270608654,7638,11536.4
2026-08-12T11:32:00-04:00,4.37,4.38,4.31,4.3448,0,0,0,0,0,2026100401,0,,,,,,,,,,,,,,,,,,,,,,,,,,,,,,,,,,,,,,,,,,,,3.369495084705194,5.194966064482297,4.407126708350948,4.375193016486923,17859,11653.1
2026-08-12T11:33:00-04:00,4.35,4.3984,4.34,4.39,0,0,0,0,0,2026100401,0,,,,,,,,,,,,,,,,,,,,,,,,,,,,,,,,,,,,,,,,,,,,3.369495084705194,5.194476143904341,4.405495593269905,4.378154413189539,15512,11848.15
2026-08-12T11:34:00-04:00,4.39,4.42,4.37,4.391,0,0,0,0,0,2026100401,0,,,,,,,,,,,,,,,,,,,,,,,,,,,,,,,,,,,,,,,,,,,,3.369495084705194,5.194291845850284,4.404115060577533,4.380723530551631,5968,10937.3
2026-08-12T11:35:00-04:00,4.395,4.42,4.38,4.41,0,0,0,0,0,2026100401,0,,,,,,,,,,,,,,,,,,,,,,,,,,,,,,,,,,,,,,,,,,,,3.369495084705194,5.193833800745011,4.404675530998721,4.386578824441305,15026,11073.3
2026-08-12T11:36:00-04:00,4.41,4.45,4.4099,4.43,0,0,0,0,0,2026100401,0,,,,,,,,,,,,,,,,,,,,,,,,,,,,,,,,,,,,,,,,,,,,3.369495084705194,5.193390935775294,4.407087385189318,4.395263059553043,15052,11608.4
2026-08-12T11:37:00-04:00,4.4299,4.45,4.41,4.435,0,0,0,0,0,2026100401,0,,,,,,,,,,,,,,,,,,,,,,,,,,,,,,,,,,,,,,,,,,,,3.369495084705194,5.193183618538707,4.409745729457002,4.403210447642435,7068,11394.35
2026-08-12T11:38:00-04:00,4.4217,4.45,4.4201,4.4499,0,0,0,0,0,2026100401,0,,,,,,,,,,,,,,,,,,,,,,,,,,,,,,,,,,,,,,,,,,,,3.369495084705194,5.193086964162684,4.413569945699193,4.4125483581139475,3333,10581.6
2026-08-12T11:39:00-04:00,4.44,4.4799,4.44,4.455,0,0,0,0,0,2026100401,0,,,,,,,,,,,,,,,,,,,,,,,,,,,,,,,,,,,,,,,,,,,,3.369495084705194,5.192652814041768,4.4175156651564125,4.421038686491158,15355,10587.75
2026-08-12T11:40:00-04:00,4.455,4.48,4.455,4.47,0,0,0,0,0,2026100401,0,,,,,,,,,,,,,,,,,,,,,,,,,,,,,,,,,,,,,,,,,,,,3.369495084705194,5.192431109171155,4.422514173236754,4.430830949192926,7957,10664.05
2026-08-12T11:41:00-04:00,4.4699,4.47,4.4646,4.47,0,0,0,0,0,2026100401,0,,,,,,,,,,,,,,,,,,,,,,,,,,,,,,,,,,,,,,,,,,,,3.369495084705194,5.19217475350268,4.427036632928492,4.438664759354341,9205,10969.5
2026-08-12T11:42:00-04:00,4.4644,4.47,4.3901,4.3901,0,0,0,0,0,2026100401,0,,,,,,,,,,,,,,,,,,,,,,,,,,,,,,,,,,,,,,,,,,,,3.369495084705194,5.1917126578826975,4.423518858363874,4.4289518074834735,15506,11504.55
2026-08-12T11:43:00-04:00,4.3949,4.45,4.3901,4.41,0,0,0,0,0,2026100401,0,,,,,,,,,,,,,,,,,,,,,,,,,,,,,,,,,,,,,,,,,,,,3.369495084705194,5.191563227542402,4.422231348043505,4.425161445986779,5018,11481.95
2026-08-12T11:44:00-04:00,4.4032,4.4275,4.4,4.41,0,0,0,0,0,2026100401,0,,,,,,,,,,,,,,,,,,,,,,,,,,,,,,,,,,,,,,,,,,,,3.369495084705194,5.191495222290454,4.421066457753647,4.422129156789423,2272,11032.65
2026-08-12T11:45:00-04:00,4.41,4.4431,4.41,4.43,0,0,0,0,0,2026100401,0,,,,,,,,,,,,,,,,,,,,,,,,,,,,,,,,,,,,,,,,,,,,3.369495084705194,5.191161946627197,4.421917271300919,4.423703325431538,11362,10975.6
2026-08-12T11:46:00-04:00,4.43,4.44,4.41,4.425,0,0,0,0,0,2026100401,0,,,,,,,,,,,,,,,,,,,,,,,,,,,,,,,,,,,,,,,,,,,,3.369495084705194,5.191077304934991,4.4222108645103555,4.4239626603452304,2877,10694.65
2026-08-12T11:47:00-04:00,4.43,4.45,4.4101,4.44,0,0,0,0,0,2026100401,0,,,,,,,,,,,,,,,,,,,,,,,,,,,,,,,,,,,,,,,,,,,,3.369495084705194,5.191040268049628,4.423905067890321,4.427170128276185,1273,9629.15
2026-08-12T11:48:00-04:00,4.46,4.46,4.4301,4.4301,0,0,0,0,0,2026100401,0,,,,,,,,,,,,,,,,,,,,,,,,,,,,,,,,,,,,,,,,,,,,3.369495084705194,5.190449576648272,4.424495061424577,4.427756102620948,20501,9843.65
2026-08-12T11:49:00-04:00,4.4501,4.5376,4.45,4.5365,0,0,0,0,0,2026100401,0,,,,,,,,,,,,,,,,,,,,,,,,,,,,,,,,,,,,,,,,,,,,3.369495084705194,5.189814850409821,4.43516219843176,4.449504882096758,24265,10365.35
2026-08-12T11:50:00-04:00,4.5063,4.66,4.5063,4.5891,0,0,0,0,0,2026100401,0,,,,,,,,,,,,,,,,,,,,,,,,,,,,,,,,,,,,,,,,,,,,3.369495084705194,5.188076521794394,4.449822941438259,4.477423905677407,75214,13913.05
2026-08-12T11:51:00-04:00,4.58,4.5892,4.53,4.56,0,0,0,0,0,2026100401,0,,,,,,,,,,,,,,,,,,,,,,,,,,,,,,,,,,,,,,,,,,,,3.369495084705194,5.187552350619981,4.460315994634615,4.493939124541925,21844,14623.35
2026-08-12T11:52:00-04:00,4.555,4.8,4.555,4.73,0,0,0,0,0,2026100401,0,,,,,,,,,,,,,,,,,,,,,,,,,,,,,,,,,,,,,,,,,,,,3.369495084705194,5.185068340072645,4.486000185621795,4.54115129963354,132725,20366.65
2026-08-12T11:53:00-04:00,4.75,4.76,4.63,4.73,0,0,0,0,0,2026100401,0,,,,,,,,,,,,,,,,,,,,,,,,,,,,,,,,,,,,,,,,,,,,3.369495084705194,5.184246663599439,4.509238263181624,4.578921039706833,45280,21855.05
2026-08-12T11:54:00-04:00,4.72,4.7583,4.7,4.73,0,0,0,0,0,2026100401,0,,,,,,,,,,,,,,,,,,,,,,,,,,,,,,,,,,,,,,,,,,,,3.369495084705194,5.183382457218386,4.53026319049766,4.609136831765467,50189,24066.1
2026-08-12T11:55:00-04:00,4.73,4.73,4.63,4.7099,0,0,0,0,0,2026100401,0,,,,,,,,,,,,,,,,,,,,,,,,,,,,,,,,,,,,,,,,,,,,3.369495084705194,5.182573983881871,4.547371458069311,4.6292894654123735,43350,25482.3
2026-08-12T11:56:00-04:00,4.705,4.71,4.66,4.69,0,0,0,0,0,2026100401,0,,,,,,,,,,,,,,,,,,,,,,,,,,,,,,,,,,,,,,,,,,,,3.369495084705194,5.182249043423786,4.560955128729377,4.641431572329899,17347,25597.05
2026-08-12T11:57:00-04:00,4.6801,4.6801,4.65,4.66,0,0,0,0,0,2026100401,0,,,,,,,,,,,,,,,,,,,,,,,,,,,,,,,,,,,,,,,,,,,,3.369495084705194,5.181946151299475,4.570387973612294,4.645145257863919,15463,26016.8
2026-08-12T11:58:00-04:00,4.68,4.73,4.6799,4.7001,0,0,0,0,0,2026100401,0,,,,,,,,,,,,,,,,,,,,,,,,,,,,,,,,,,,,,,,,,,,,3.369495084705194,5.1815342670047455,4.582741499934933,4.656136206291135,22816,26990.95
2026-08-12T11:59:00-04:00,4.71,4.72,4.67,4.6708,0,0,0,0,0,2026100401,0,,,,,,,,,,,,,,,,,,,,,,,,,,,,,,,,,,,,,,,,,,,,3.369495084705194,5.181361018341047,4.591128023750653,4.659068965032908,9290,26687.7
2026-08-12T12:00:00-04:00,4.67,4.6871,4.6,4.6006,0,0,0,0,0,2026100401,0,,,,,,,,,,,,,,,,,,,,,,,,,,,,,,,,,,,,,,,,,,,,3.369495084705194,5.180754715583151,4.592030116726781,4.647375172026327,29156,27747.65
2026-08-12T12:01:00-04:00,4.6001,4.68,4.6001,4.65,0,0,0,0,0,2026100401,0,,,,,,,,,,,,,,,,,,,,,,,,,,,,,,,,,,,,,,,,,,,,3.369495084705194,5.180544221312577,4.597551057990898,4.647900137621061,10404,27807.6
2026-08-12T12:02:00-04:00,4.63,4.71,4.63,4.67,0,0,0,0,0,2026100401,0,,,,,,,,,,,,,,,,,,,,,,,,,,,,,,,,,,,,,,,,,,,,3.369495084705194,5.180395221978051,4.60445095722986,4.6523201100968485,7754,27420.0
2026-08-12T12:03:00-04:00,4.6899,4.75,4.66,4.66,0,0,0,0,0,2026100401,0,,,,,,,,,,,,,,,,,,,,,,,,,,,,,,,,,,,,,,,,,,,,3.369495084705194,5.179270060076985,4.609741342255587,4.653856088077479,61100,30224.1
2026-08-12T12:04:00-04:00,4.695,4.7236,4.62,4.63,0,0,0,0,0,2026100401,0,,,,,,,,,,,,,,,,,,,,,,,,,,,,,,,,,,,,,,,,,,,,3.369495084705194,5.178936071794633,4.611670738231245,4.649084870461983,17069,30963.95
2026-08-12T12:05:00-04:00,4.6101,4.63,4.58,4.58,0,0,0,0,0,2026100401,0,,,,,,,,,,,,,,,,,,,,,,,,,,,,,,,,,,,,,,,,,,,,3.369495084705194,5.17833207908331,4.608654477447317,4.635267896369586,27670,31779.35
2026-08-12T12:06:00-04:00,4.58,4.58,4.56,4.5799,0,0,0,0,0,2026100401,0,,,,,,,,,,,,,,,,,,,,,,,,,,,,,,,,,,,,,,,,,,,,3.369495084705194,5.178077334003723,4.605915955785668,4.624194317095669,11236,32197.3
2026-08-12T12:07:00-04:00,4.5799,4.58,4.55,4.5621,0,0,0,0,0,2026100401,0,,,,,,,,,,,,,,,,,,,,,,,,,,,,,,,,,,,,,,,,,,,,3.369495084705194,5.177828812410818,4.601743007615604,4.611775453676535,10805,32673.9
2026-08-12T12:08:00-04:00,4.55,4.61,4.55,4.59,0,0,0,0,0,2026100401,0,,,,,,,,,,,,,,,,,,,,,,,,,,,,,,,,,,,,,,,,,,,,3.369495084705194,5.177717090731571,4.600624625937927,4.6074203629412285,5018,31899.75
2026-08-12T12:09:00-04:00,4.58,4.595,4.58,4.58,0,0,0,0,0,2026100401,0,,,,,,,,,,,,,,,,,,,,,,,,,,,,,,,,,,,,,,,,,,,,3.369495084705194,5.177653545864335,4.598660375848601,4.601936290352983,2863,30829.65
2026-08-12T12:10:00-04:00,4.595,4.64,4.59,4.63,0,0,0,0,0,2026100401,0,,,,,,,,,,,,,,,,,,,,,,,,,,,,,,,,,,,,,,,,,,,,3.369495084705194,5.177176378712157,4.601645101958258,4.607549032282386,22870,28212.45
2026-08-12T12:11:00-04:00,4.63,4.6999,4.625,4.6646,0,0,0,0,0,2026100401,0,,,,,,,,,,,,,,,,,,,,,,,,,,,,,,,,,,,,,,,,,,,,3.369495084705194,5.176468868593071,4.607640806533662,4.618959225825909,36840,28962.25
2026-08-12T12:12:00-04:00,4.65,4.66,4.64,4.65,0,0,0,0,0,2026100401,0,,,,,,,,,,,,,,,,,,,,,,,,,,,,,,,,,,,,,,,,,,,,3.369495084705194,5.176417415712014,4.611675015435218,4.625167380660727,2616,22456.8
2026-08-12T12:13:00-04:00,4.6401,4.66,4.64,4.65,0,0,0,0,0,2026100401,0,,,,,,,,,,,,,,,,,,,,,,,,,,,,,,,,,,,,,,,,,,,,3.369495084705194,5.17627711218554,4.615325013965197,4.630133904528582,7136,20549.6
2026-08-12T12:14:00-04:00,4.65,4.72,4.65,4.69,0,0,0,0,0,2026100401,0,,,,,,,,,,,,,,,,,,,,,,,,,,,,,,,,,,,,,,,,,,,,3.369495084705194,5.176034769494613,4.622436917397083,4.642107123622865,13259,18703.1
2026-08-12T12:15:00-04:00,4.6899,4.6899,4.6641,4.67,0,0,0,0,0,2026100401,0,,,,,,,,,,,,,,,,,,,,,,,,,,,,,,,,,,,,,,,,,,,,3.369495084705194,5.175971646609484,4.626966734787837,4.647685698898292,3373,16704.25
2026-08-12T12:16:00-04:00,4.68,4.6835,4.66,4.66,0,0,0,0,0,2026100401,0,,,,,,,,,,,,,,,,,,,,,,,,,,,,,,,,,,,,,,,,,,,,3.369495084705194,5.175864866589969,4.6301127600461385,4.650148559118634,5631,16118.45
2026-08-12T12:17:00-04:00,4.66,4.69,4.66,4.69,0,0,0,0,0,2026100401,0,,,,,,,,,,,,,,,,,,,,,,,,,,,,,,,,,,,,,,,,,,,,3.369495084705194,5.175773783884835,4.635816306708411,4.658118847294907,4923,15591.45
2026-08-12T12:18:00-04:00,4.69,4.72,4.685,4.695,0,0,0,0,0,2026100401,0,,,,,,,,,,,,,,,,,,,,,,,,,,,,,,,,,,,,,,,,,,,,3.369495084705194,5.175425198159863,4.641452848926657,4.665495077835926,19651,15433.2
2026-08-12T12:19:00-04:00,4.695,4.695,4.66,4.68,0,0,0,0,0,2026100401,0,,,,,,,,,,,,,,,,,,,,,,,,,,,,,,,,,,,,,,,,,,,,3.369495084705194,5.175317800300096,4.645124006171737,4.668396062268741,5796,15258.5
2026-08-12T12:20:00-04:00,4.6601,4.69,4.66,4.69,0,0,0,0,0,2026100401,0,,,,,,,,,,,,,,,,,,,,,,,,,,,,,,,,,,,,,,,,,,,,3.369495084705194,5.175222233093162,4.649397910345857,4.672716849814993,5177,14059.55
2026-08-12T12:21:00-04:00,4.7,4.715,4.68,4.69,0,0,0,0,0,2026100401,0,,,,,,,,,,,,,,,,,,,,,,,,,,,,,,,,,,,,,,,,,,,,3.369495084705194,5.1750468672002485,4.653264776027204,4.676173479851994,9802,14029.45
2026-08-12T12:22:00-04:00,4.6801,4.74,4.68,4.7232,0,0,0,0,0,2026100401,0,,,,,,,,,,,,,,,,,,,,,,,,,,,,,,,,,,,,,,,,,,,,3.369495084705194,5.1746086868936825,4.659925273548423,4.685578783881596,25557,14919.6
2026-08-12T12:23:00-04:00,4.74,4.78,4.72,4.74,0,0,0,0,0,2026100401,0,,,,,,,,,,,,,,,,,,,,,,,,,,,,,,,,,,,,,,,,,,,,3.369495084705194,5.174267750257398,4.667551437972383,4.696463027105277,21422,12935.7
2026-08-12T12:24:00-04:00,4.7305,4.7496,4.73,4.74,0,0,0,0,0,2026100401,0,,,,,,,,,,,,,,,,,,,,,,,,,,,,,,,,,,,,,,,,,,,,3.369495084705194,5.174171097428578,4.674451301022632,4.705170421684222,5984,12381.45
2026-08-12T12:25:00-04:00,4.75,4.75,4.68,4.6889,0,0,0,0,0,2026100401,0,,,,,,,,,,,,,,,,,,,,,,,,,,,,,,,,,,,,,,,,,,,,3.369495084705194,5.17395379613157,4.675827367591905,4.701916337347377,12497,11622.8
2026-08-12T12:26:00-04:00,4.6801,4.715,4.6801,4.7,0,0,0,0,0,2026100401,0,,,,,,,,,,,,,,,,,,,,,,,,,,,,,,,,,,,,,,,,,,,,3.369495084705194,5.173875225882818,4.678129523059343,4.701533069877902,4446,11283.3
2026-08-12T12:27:00-04:00,4.7,4.7199,4.68,4.6846,0,0,0,0,0,2026100401,0,,,,,,,,,,,,,,,,,,,,,,,,,,,,,,,,,,,,,,,,,,,,3.369495084705194,5.173679945092343,4.678745758958453,4.698146455902322,10975,11291.8
2026-08-12T12:28:00-04:00,4.6801,4.69,4.68,4.69,0,0,0,0,0,2026100401,0,,,,,,,,,,,,,,,,,,,,,,,,,,,,,,,,,,,,,,,,,,,,3.369495084705194,5.173613711002152,4.6798175914386,4.6965171647218575,3662,11224.0
2026-08-12T12:29:00-04:00,4.68,4.69,4.67,4.67,0,0,0,0,0,2026100401,0,,,,,,,,,,,,,,,,,,,,,,,,,,,,,,,,,,,,,,,,,,,,3.369495084705194,5.173347831631854,4.678882582730162,4.691213731777486,14414,11801.55
2026-08-12T12:30:00-04:00,4.69,4.69,4.65,4.683,0,0,0,0,0,2026100401,0,,,,,,,,,,,,,,,,,,,,,,,,,,,,,,,,,,,,,,,,,,,,3.369495084705194,5.173195992098176,4.679274717708242,4.689570985421989,8200,11068.05
2026-08-12T12:31:00-04:00,4.67,4.67,4.65,4.6502,0,0,0,0,0,2026100401,0,,,,,,,,,,,,,,,,,,,,,,,,,,,,,,,,,,,,,,,,,,,,3.369495084705194,5.173137777006538,4.676505696974123,4.681696788337591,3038,9377.95
2026-08-12T12:32:00-04:00,4.65,4.66,4.62,4.62,0,0,0,0,0,2026100401,0,,,,,,,,,,,,,,,,,,,,,,,,,,,,,,,,,,,,,,,,,,,,3.369495084705194,5.1730174534299795,4.671124202024207,4.669357430670073,6009,9547.6
2026-08-12T12:33:00-04:00,4.6301,4.6999,4.6301,4.694,0,0,0,0,0,2026100401,0,,,,,,,,,,,,,,,,,,,,,,,,,,,,,,,,,,,,,,,,,,,,3.369495084705194,5.172907096881159,4.673302849450473,4.6742859445360585,5971,9489.35
2026-08-12T12:34:00-04:00,4.6999,4.7,4.65,4.6745,0,0,0,0,0,2026100401,0,,,,,,,,,,,,,,,,,,,,,,,,,,,,,,,,,,,,,,,,,,,,3.369495084705194,5.172858797770589,4.673416863788523,4.674328755628847,2615,8957.15
2026-08-12T12:35:00-04:00,4.68,4.68,4.6601,4.6787,0,0,0,0,0,2026100401,0,,,,,,,,,,,,,,,,,,,,,,,,,,,,,,,,,,,,,,,,,,,,3.369495084705194,5.172808303480701,4.673920019618188,4.675203004503078,2724,8924.7
2026-08-12T12:36:00-04:00,4.67,4.79,4.66,4.7745,0,0,0,0,0,2026100401,0,,,,,,,,,,,,,,,,,,,,,,,,,,,,,,,,,,,,,,,,,,,,3.369495084705194,5.172276089242438,4.683499065368837,4.695062403602462,33320,10309.15
2026-08-12T12:37:00-04:00,4.755,4.7875,4.75,4.765,0,0,0,0,0,2026100401,0,,,,,,,,,,,,,,,,,,,,,,,,,,,,,,,,,,,,,,,,,,,,3.369495084705194,5.172032464712415,4.691261059143233,4.709049922881969,16262,10876.1
2026-08-12T12:38:00-04:00,4.7773,4.79,4.76,4.79,0,0,0,0,0,2026100401,0,,,,,,,,,,,,,,,,,,,,,,,,,,,,,,,,,,,,,,,,,,,,3.369495084705194,5.17174784883258,4.700664767796258,4.725239938305576,19630,10875.05
2026-08-12T12:39:00-04:00,4.77,4.84,4.7608,4.809,0,0,0,0,0,2026100401,0,,,,,,,,,,,,,,,,,,,,,,,,,,,,,,,,,,,,,,,,,,,,3.369495084705194,5.17135693597763,4.710982408958519,4.7419919506444606,28715,12021.0
2026-08-12T12:40:00-04:00,4.81,4.9999,4.79,4.9,0,0,0,0,0,2026100401,0,,,,,,,,,,,,,,,,,,,,,,,,,,,,,,,,,,,,,,,,,,,,3.369495084705194,5.170565881794263,4.728984084295803,4.773593560515568,78164,15670.35
2026-08-12T12:41:00-04:00,4.88,4.9,4.8,4.83,0,0,0,0,0,2026100401,0,,,,,,,,,,,,,,,,,,,,,,,,,,,,,,,,,,,,,,,,,,,,3.369495084705194,5.169657477613672,4.738604647696203,4.784874848412454,75566,18958.55
2026-08-12T12:42:00-04:00,4.815,4.93,4.7801,4.87,0,0,0,0,0,2026100401,0,,,,,,,,,,,,,,,,,,,,,,,,,,,,,,,,,,,,,,,,,,,,3.369495084705194,5.169443137790505,4.751118490772755,4.801899878729963,18857,18623.55
2026-08-12T12:43:00-04:00,4.885,4.9795,4.85,4.94,0,0,0,0,0,2026100401,0,,,,,,,,,,,,,,,,,,,,,,,,,,,,,,,,,,,,,,,,,,,,3.369495084705194,5.168698309032202,4.769107205937255,4.829519902983971,82633,21684.1
2026-08-12T12:44:00-04:00,4.94,4.98,4.82,4.9199,0,0,0,0,0,2026100401,0,,,,,,,,,,,,,,,,,,,,,,,,,,,,,,,,,,,,,,,,,,,,3.369495084705194,5.1680848339742855,4.783468424419421,4.8475959223871765,64110,24590.4
2026-08-12T12:45:00-04:00,4.92,4.95,4.9,4.9147,0,0,0,0,0,2026100401,0,,,,,,,,,,,,,,,,,,,,,,,,,,,,,,,,,,,,,,,,,,,,3.369495084705194,5.167916667202256,4.79596666971281,4.8610167379097415,18695,24900.3
2026-08-12T12:46:00-04:00,4.9146,4.9299,4.8634,4.895,0,0,0,0,0,2026100401,0,,,,,,,,,,,,,,,,,,,,,,,,,,,,,,,,,,,,,,,,,,,,3.369495084705194,5.167624665969667,4.805398415454447,4.867813390327793,29472,26151.6
2026-08-12T12:47:00-04:00,4.895,5.1,4.895,4.9869,0,0,0,0,0,2026100401,0,,,,,,,,,,,,,,,,,,,,,,,,,,,,,,,,,,,,,,,,,,,,3.369495084705194,5.1667862236346,4.822684280649262,4.891630712262234,133101,32257.9
2026-08-12T12:48:00-04:00,4.99,4.99,4.87,4.9099,0,0,0,0,0,2026100401,0,,,,,,,,,,,,,,,,,,,,,,,,,,,,,,,,,,,,,,,,,,,,3.369495084705194,5.166212071135184,4.830990539635047,4.895284569809787,65160,35332.8
2026-08-12T12:49:00-04:00,4.905,4.909,4.78,4.8001,0,0,0,0,0,2026100401,0,,,,,,,,,,,,,,,,,,,,,,,,,,,,,,,,,,,,,,,,,,,,3.369495084705194,5.16549424484267,4.828048583479328,4.87624765584783,59071,37565.65
2026-08-12T12:50:00-04:00,4.84,4.84,4.7905,4.8001,0,0,0,0,0,2026100401,0,,,,,,,,,,,,,,,,,,,,,,,,,,,,,,,,,,,,,,,,,,,,3.369495084705194,5.165179722356866,4.825386813624154,4.861018124678264,24536,38382.45
2026-08-12T12:51:00-04:00,4.81,4.81,4.66,4.7265,0,0,0,0,0,2026100401,0,,,,,,,,,,,,,,,,,,,,,,,,,,,,,,,,,,,,,,,,,,,,3.369495084705194,5.16410491888053,4.8159690218504245,4.834114499742611,68968,41678.95
2026-08-12T12:52:00-04:00,4.72,4.73,4.55,4.65,0,0,0,0,0,2026100401,0,,,,,,,,,,,,,,,,,,,,,,,,,,,,,,,,,,,,,,,,,,,,3.369495084705194,5.162657719343017,4.800162448340861,4.7972915997940895,77430,45250.0
2026-08-12T12:53:00-04:00,4.6513,4.7099,4.61,4.6301,0,0,0,0,0,2026100401,0,,,,,,,,,,,,,,,,,,,,,,,,,,,,,,,,,,,,,,,,,,,,3.369495084705194,5.1620410211152805,4.7839660246893505,4.7638532798352715,33558,46629.35
2026-08-12T12:54:00-04:00,4.66,4.84,4.64,4.748,0,0,0,0,0,2026100401,0,,,,,,,,,,,,,,,,,,,,,,,,,,,,,,,,,,,,,,,,,,,,3.369495084705194,5.16061988058004,4.780540689004651,4.760682623868218,94855,51241.35
2026-08-12T12:55:00-04:00,4.7565,4.79,4.74,4.78,0,0,0,0,0,2026100401,0,,,,,,,,,,,,,,,,,,,,,,,,,,,,,,,,,,,,,,,,,,,,3.369495084705194,5.160462294751041,4.780489194813732,4.7645460990945745,11297,51670.0
2026-08-12T12:56:00-04:00,4.77,4.85,4.7665,4.7687,0,0,0,0,0,2026100401,0,,,,,,,,,,,,,,,,,,,,,,,,,,,,,,,,,,,,,,,,,,,,3.369495084705194,5.159876753394886,4.779366414355281,4.765376879275659,44946,52251.3
2026-08-12T12:57:00-04:00,4.8,4.83,4.75,4.7704,0,0,0,0,0,2026100401,0,,,,,,,,,,,,,,,,,,,,,,,,,,,,,,,,,,,,,,,,,,,,3.369495084705194,5.159530384041632,4.778512470130969,4.7663815034205275,25833,52729.85
2026-08-12T12:58:00-04:00,4.7818,4.8,4.77,4.7707,0,0,0,0,0,2026100401,0,,,,,,,,,,,,,,,,,,,,,,,,,,,,,,,,,,,,,,,,,,,,3.369495084705194,5.159419424838577,4.777768425356591,4.767245202736422,8215,52159.1
2026-08-12T12:59:00-04:00,4.77,4.77,4.72,4.7492,0,0,0,0,0,2026100401,0,,,,,,,,,,,,,,,,,,,,,,,,,,,,,,,,,,,,,,,,,,,,3.369495084705194,5.159168177889863,4.775047622941678,4.763636162189138,17093,51578.0
2026-08-12T13:00:00-04:00,4.7799,4.7799,4.73,4.77,0,0,0,0,0,2026100401,0,,,,,,,,,,,,,,,,,,,,,,,,,,,,,,,,,,,,,,,,,,,,3.369495084705194,5.159085041287378,4.774566896947232,4.76490892975131,5853,47962.45
2026-08-12T13:01:00-04:00,4.78,4.85,4.74,4.78,0,0,0,0,0,2026100401,0,,,,,,,,,,,,,,,,,,,,,,,,,,,,,,,,,,,,,,,,,,,,3.369495084705194,5.1587085225059095,4.77508433533321,4.767927143801048,28700,45619.15
2026-08-12T13:02:00-04:00,4.78,4.86,4.7755,4.83,0,0,0,0,0,2026100401,0,,,,,,,,,,,,,,,,,,,,,,,,,,,,,,,,,,,,,,,,,,,,3.369495084705194,5.158448356088042,4.780314398634808,4.780341715040838,21744,45763.5
2026-08-12T13:03:00-04:00,4.8299,4.83,4.75,4.8291,0,0,0,0,0,2026100401,0,,,,,,,,,,,,,,,,,,,,,,,,,,,,,,,,,,,,,,,,,,,,3.369495084705194,5.158332548304098,4.784960646383874,4.79009337203267,9177,42090.7
2026-08-12T13:04:00-04:00,4.8299,4.8299,4.8,4.82,0,0,0,0,0,2026100401,0,,,,,,,,,,,,,,,,,,,,,,,,,,,,,,,,,,,,,,,,,,,,3.369495084705194,5.158223052473993,4.788297727680648,4.796074697626136,9028,39336.6
2026-08-12T13:05:00-04:00,4.817496,4.817496,4.76,4.79,0,0,0,0,0,2026100401,0,,,,,,,,,,,,,,,,,,,,,,,,,,,,,,,,,,,,,,,,,,,,3.369495084705194,5.1580413726141305,4.78845984885392,4.794859758100909,13876,39095.65
2026-08-12T13:06:00-04:00,4.79,4.8098,4.785,4.79,0,0,0,0,0,2026100401,0,,,,,,,,,,,,,,,,,,,,,,,,,,,,,,,,,,,,,,,,,,,,3.369495084705194,5.157818869041013,4.788606529915452,4.793887806480727,17283,38486.2
2026-08-12T13:07:00-04:00,4.78,4.78,4.75,4.7601,0,0,0,0,0,2026100401,0,,,,,,,,,,,,,,,,,,,,,,,,,,,,,,,,,,,,,,,,,,,,3.369495084705194,5.157648152667893,4.785891622304456,4.787130245184582,12212,32441.75
2026-08-12T13:08:00-04:00,4.76,4.7799,4.76,4.76,0,0,0,0,0,2026100401,0,,,,,,,,,,,,,,,,,,,,,,,,,,,,,,,,,,,,,,,,,,,,3.369495084705194,5.157619677426784,4.783425753513556,4.781704196147666,2055,29286.5
2026-08-12T13:09:00-04:00,4.75,4.76,4.7,4.73,0,0,0,0,0,2026100401,0,,,,,,,,,,,,,,,,,,,,,,,,,,,,,,,,,,,,,,,,,,,,3.369495084705194,5.157407766411341,4.778337586512265,4.771363356918132,13991,27032.5
2026-08-12T13:10:00-04:00,4.76,4.82,4.7201,4.82,0,0,0,0,0,2026100401,0,,,,,,,,,,,,,,,,,,,,,,,,,,,,,,,,,,,,,,,,,,,,3.369495084705194,5.15711680153385,4.782305435415859,4.781090685534506,22177,26914.55
2026-08-12T13:11:00-04:00,4.82,4.83,4.78,4.785,0,0,0,0,0,2026100401,0,,,,,,,,,,,,,,,,,,,,,,,,,,,,,,,,,,,,,,,,,,,,3.369495084705194,5.157039829511525,4.782562060614349,4.7818725484276055,6063,23769.3
2026-08-12T13:12:00-04:00,4.78,4.79,4.76,4.78,0,0,0,0,0,2026100401,0,,,,,,,,,,,,,,,,,,,,,,,,,,,,,,,,,,,,,,,,,,,,3.369495084705194,5.15688706043581,4.782318054841554,4.781498038742084,11355,20465.55
2026-08-12T13:13:00-04:00,4.7899,4.83,4.78,4.8,0,0,0,0,0,2026100401,0,,,,,,,,,,,,,,,,,,,,,,,,,,,,,,,,,,,,,,,,,,,,3.369495084705194,5.156780722408118,4.7840020496185485,4.785198430993668,8506,19212.95
2026-08-12T13:14:00-04:00,4.79,4.83,4.79,4.83,0,0,0,0,0,2026100401,0,,,,,,,,,,,,,,,,,,,,,,,,,,,,,,,,,,,,,,,,,,,,3.369495084705194,5.156712570943646,4.788382806797735,4.7941587447949345,5668,14753.6
2026-08-12T13:15:00-04:00,4.8,4.93,4.8,4.9,0,0,0,0,0,2026100401,0,,,,,,,,,,,,,,,,,,,,,,,,,,,,,,,,,,,,,,,,,,,,3.369495084705194,5.156157758445117,4.799013015674141,4.815326995835948,56151,16996.3
2026-08-12T13:16:00-04:00,4.91,4.92,4.84,4.84,0,0,0,0,0,2026100401,0,,,,,,,,,,,,,,,,,,,,,,,,,,,,,,,,,,,,,,,,,,,,3.369495084705194,5.155918163456259,4.802916537990889,4.820261596668758,23477,15922.85
2026-08-12T13:17:00-04:00,4.8399,4.85,4.79,4.81,0,0,0,0,0,2026100401,0,,,,,,,,,,,,,,,,,,,,,,,,,,,,,,,,,,,,,,,,,,,,3.369495084705194,5.155776989670991,4.803591153420328,4.818209277335007,11809,15221.65
2026-08-12T13:18:00-04:00,4.845,4.9,4.8108,4.885,0,0,0,0,0,2026100401,0,,,,,,,,,,,,,,,,,,,,,,,,,,,,,,,,,,,,,,,,,,,,3.369495084705194,5.155457715419136,4.811344376904106,4.831567421868005,31222,16372.0
2026-08-12T13:19:00-04:00,4.885,4.9,4.78,4.8197,0,0,0,0,0,2026100401,0,,,,,,,,,,,,,,,,,,,,,,,,,,,,,,,,,,,,,,,,,,,,3.369495084705194,5.155127891211547,4.8121401505322865,4.829193937494404,29109,16972.8
2026-08-12T13:20:00-04:00,4.79,4.8412,4.7801,4.81,0,0,0,0,0,2026100401,0,,,,,,,,,,,,,,,,,,,,,,,,,,,,,,,,,,,,,,,,,,,,3.369495084705194,5.154911355910766,4.811936326672068,4.825355149995523,17876,17573.95
2026-08-12T13:21:00-04:00,4.81,4.8287,4.8,4.8287,0,0,0,0,0,2026100401,0,,,,,,,,,,,,,,,,,,,,,,,,,,,,,,,,,,,,,,,,,,,,3.369495084705194,5.154830216207535,4.813532866989014,4.8260241199964184,6878,16482.85
2026-08-12T13:22:00-04:00,4.82,4.83,4.79,4.81,0,0,0,0,0,2026100401,0,,,,,,,,,,,,,,,,,,,,,,,,,,,,,,,,,,,,,,,,,,,,3.369495084705194,5.154776446000351,4.813196403466251,4.822819295997134,4439,15617.6
2026-08-12T13:23:00-04:00,4.82,4.85,4.8101,4.85,0,0,0,0,0,2026100401,0,,,,,,,,,,,,,,,,,,,,,,,,,,,,,,,,,,,,,,,,,,,,3.369495084705194,5.154710838548067,4.816701507898037,4.828255436797708,5873,15452.4
2026-08-12T13:24:00-04:00,4.86,4.86,4.83,4.84,0,0,0,0,0,2026100401,0,,,,,,,,,,,,,,,,,,,,,,,,,,,,,,,,,,,,,,,,,,,,3.369495084705194,5.154681795883535,4.818920411907747,4.8306043494381665,2656,15133.8
2026-08-12T13:25:00-04:00,4.825,4.84,4.81,4.81,0,0,0,0,0,2026100401,0,,,,,,,,,,,,,,,,,,,,,,,,,,,,,,,,,,,,,,,,,,,,3.369495084705194,5.154643661348338,4.818070848868914,4.826483479550533,3245,14602.25
2026-08-12T13:26:00-04:00,4.81,4.82,4.73,4.74,0,0,0,0,0,2026100401,0,,,,,,,,,,,,,,,,,,,,,,,,,,,,,,,,,,,,,,,,,,,,3.369495084705194,5.154418149861407,4.8106355299290176,4.809186783640427,16422,14559.2
2026-08-12T13:27:00-04:00,4.74,4.7601,4.7301,4.7601,0,0,0,0,0,2026100401,0,,,,,,,,,,,,,,,,,,,,,,,,,,,,,,,,,,,,,,,,,,,,3.369495084705194,5.154345715014636,4.805822622316731,4.7993694269123415,5106,14203.9
2026-08-12T13:28:00-04:00,4.76,4.8,4.73,4.775,0,0,0,0,0,2026100401,0,,,,,,,,,,,,,,,,,,,,,,,,,,,,,,,,,,,,,,,,,,,,3.369495084705194,5.154238571635929,4.802887134477042,4.794495541529873,7913,14496.8
2026-08-12T13:29:00-04:00,4.775,4.775,4.74,4.7435,0,0,0,0,0,2026100401,0,,,,,,,,,,,,,,,,,,,,,,,,,,,,,,,,,,,,,,,,,,,,3.369495084705194,5.1541964765293,4.7972312169078,4.784296433223898,2990,13946.75
2026-08-12T13:30:00-04:00,4.76,4.76,4.7301,4.745,0,0,0,0,0,2026100401,0,,,,,,,,,,,,,,,,,,,,,,,,,,,,,,,,,,,,,,,,,,,,3.369495084705194,5.154164921714814,4.792256815297534,4.776437146579118,2199,12947.85
2026-08-12T13:31:00-04:00,4.7401,4.78,4.74,4.76,0,0,0,0,0,2026100401,0,,,,,,,,,,,,,,,,,,,,,,,,,,,,,,,,,,,,,,,,,,,,3.369495084705194,5.154133088483124,4.7891847376501495,4.773149717263294,2303,12759.85
2026-08-12T13:32:00-04:00,4.76,4.76,4.76,4.76,0,0,0,0,0,2026100401,0,,,,,,,,,,,,,,,,,,,,,,,,,,,,,,,,,,,,,,,,,,,,3.369495084705194,5.154130490078964,4.786405238826326,4.770519773810635,188,12201.5
2026-08-12T13:33:00-04:00,4.75,4.78,4.74,4.7596,0,0,0,0,0,2026100401,0,,,,,,,,,,,,,,,,,,,,,,,,,,,,,,,,,,,,,,,,,,,,3.369495084705194,5.154079133613105,4.783852358938105,4.768335819048509,3715,11961.95
2026-08-12T13:34:00-04:00,4.7301,4.8082,4.7301,4.748043,0,0,0,0,0,2026100401,0,,,,,,,,,,,,,,,,,,,,,,,,,,,,,,,,,,,,,,,,,,,,3.369495084705194,5.1540254589640115,4.780441943801142,4.764277255238807,3906,11873.85
2026-08-12T13:35:00-04:00,4.7701,4.88,4.7601,4.85,0,0,0,0,0,2026100401,0,,,,,,,,,,,,,,,,,,,,,,,,,,,,,,,,,,,,,,,,,,,,3.369495084705194,5.153672761607847,4.787066520581986,4.781421804191045,31085,10620.55
2026-08-12T13:36:00-04:00,4.8414,4.8414,4.8103,4.82,0,0,0,0,0,2026100401,0,,,,,,,,,,,,,,,,,,,,,,,,,,,,,,,,,,,,,,,,,,,,3.369495084705194,5.153558111722203,4.790203042431321,4.789137443352836,9931,9943.25
2026-08-12T13:37:00-04:00,4.82,4.875146,4.8,4.86,0,0,0,0,0,2026100401,0,,,,,,,,,,,,,,,,,,,,,,,,,,,,,,,,,,,,,,,,,,,,3.369495084705194,5.153198256788319,4.7968503717235755,4.803309954682269,33358,11020.7
2026-08-12T13:38:00-04:00,4.8599,4.86,4.81,4.815,0,0,0,0,0,2026100401,0,,,,,,,,,,,,,,,,,,,,,,,,,,,,,,,,,,,,,,,,,,,,3.369495084705194,5.153069774111156,4.798578907749902,4.805647963745815,11315,10025.35
2026-08-12T13:39:00-04:00,4.8,4.86,4.8,4.8425,0,0,0,0,0,2026100401,0,,,,,,,,,,,,,,,,,,,,,,,,,,,,,,,,,,,,,,,,,,,,3.369495084705194,5.152972582305456,4.802761868916578,4.8130183709966525,8722,9006.0
2026-08-12T13:40:00-04:00,4.84,4.8599,4.8,4.8001,0,0,0,0,0,2026100401,0,,,,,,,,,,,,,,,,,,,,,,,,,,,,,,,,,,,,,,,,,,,,3.369495084705194,5.15282354757949,4.80250835759119,4.810434696797322,12815,8752.95
2026-08-12T13:41:00-04:00,4.82,4.82,4.77,4.81,0,0,0,0,0,2026100401,0,,,,,,,,,,,,,,,,,,,,,,,,,,,,,,,,,,,,,,,,,,,,3.369495084705194,5.152724793718267,4.80322184734441,4.8103477574378575,8016,8809.85
2026-08-12T13:42:00-04:00,4.77,4.8,4.7001,4.75,0,0,0,0,0,2026100401,0,,,,,,,,,,,,,,,,,,,,,,,,,,,,,,,,,,,,,,,,,,,,3.369495084705194,5.152544895383249,4.798153099978276,4.798278205950286,12800,9227.9
2026-08-12T13:43:00-04:00,4.7506,4.79,4.74,4.79,0,0,0,0,0,2026100401,0,,,,,,,,,,,,,,,,,,,,,,,,,,,,,,,,,,,,,,,,,,,,3.369495084705194,5.152381935819301,4.797376614266059,4.796622564760229,12318,9550.15
2026-08-12T13:44:00-04:00,4.78,4.781,4.7573,4.76,0,0,0,0,0,2026100401,0,,,,,,,,,,,,,,,,,,,,,,,,,,,,,,,,,,,,,,,,,,,,3.369495084705194,5.1523298309789105,4.793816936716911,4.789298051808183,3867,9610.7
2026-08-12T13:45:00-04:00,4.78,4.8323,4.78,4.8323,0,0,0,0,0,2026100401,0,,,,,,,,,,,,,,,,,,,,,,,,,,,,,,,,,,,,,,,,,,,,3.369495084705194,5.152117915234911,4.797481990362919,4.797898441446547,18014,10349.15
2026-08-12T13:46:00-04:00,4.8001,4.83,4.75,4.7914,0,0,0,0,0,2026100401,0,,,,,,,,,,,,,,,,,,,,,,,,,,,,,,,,,,,,,,,,,,,,3.369495084705194,5.151924637626016,4.796902753185498,4.796598753157237,15339,10295.0
2026-08-12T13:47:00-04:00,4.75,4.8299,4.75,4.78,0,0,0,0,0,2026100401,0,,,,,,,,,,,,,,,,,,,,,,,,,,,,,,,,,,,,,,,,,,,,3.369495084705194,5.151877807427298,4.795292967167832,4.79327900252579,3680,10223.7
2026-08-12T13:48:00-04:00,4.765,4.87,4.74,4.8113,0,0,0,0,0,2026100401,0,,,,,,,,,,,,,,,,,,,,,,,,,,,,,,,,,,,,,,,,,,,,3.369495084705194,5.1515787416358805,4.796817446485181,4.7968832020206325,24921,11074.1
2026-08-12T13:49:00-04:00,4.815,4.8399,4.81,4.8399,0,0,0,0,0,2026100401,0,,,,,,,,,,,,,,,,,,,,,,,,,,,,,,,,,,,,,,,,,,,,3.369495084705194,5.151542181639865,4.800920546819926,4.805486561616506,3266,11087.9
2026-08-12T13:50:00-04:00,4.82,4.9,4.795,4.89,0,0,0,0,0,2026100401,0,,,,,,,,,,,,,,,,,,,,,,,,,,,,,,,,,,,,,,,,,,,,3.369495084705194,5.150959577110273,4.809404304265647,4.822389249293205,57866,13871.25
2026-08-12T13:51:00-04:00,4.845,4.8999,4.8,4.8364,0,0,0,0,0,2026100401,0,,,,,,,,,,,,,,,,,,,,,,,,,,,,,,,,,,,,,,,,,,,,3.369495084705194,5.150827083109624,4.811975322907014,4.825191399434564,12491,14380.65
2026-08-12T13:52:00-04:00,4.84,4.8479,4.82,4.8479,0,0,0,0,0,2026100401,0,,,,,,,,,,,,,,,,,,,,,,,,,,,,,,,,,,,,,,,,,,,,3.369495084705194,5.150791413420776,4.815396720725394,4.829733119547651,3291,14535.8
2026-08-12T13:53:00-04:00,4.84,4.8444,4.81,4.83,0,0,0,0,0,2026100401,0,,,,,,,,,,,,,,,,,,,,,,,,,,,,,,,,,,,,,,,,,,,,3.369495084705194,5.150775128490677,4.816787509227737,4.829786495638121,1454,14422.75
2026-08-12T13:54:00-04:00,4.825,4.8468,4.8097,4.8097,0,0,0,0,0,2026100401,0,,,,,,,,,,,,,,,,,,,,,,,,,,,,,,,,,,,,,,,,,,,,3.369495084705194,5.150746297671678,4.816112508348905,4.825769196510497,2527,14353.8
2026-08-12T13:55:00-04:00,4.82,4.9,4.81,4.87,0,0,0,0,0,2026100401,0,,,,,,,,,,,,,,,,,,,,,,,,,,,,,,,,,,,,,,,,,,,,3.369495084705194,5.150498077607444,4.821244650410914,4.834615357208397,24618,14030.45
2026-08-12T13:56:00-04:00,4.88,5.03,4.88,4.97,0,0,0,0,0,2026100401,0,,,,,,,,,,,,,,,,,,,,,,,,,,,,,,,,,,,,,,,,,,,,3.369495084705194,5.149909986155516,4.835411826562255,4.8616922857667175,89295,17998.65
2026-08-12T13:57:00-04:00,4.97,5.09,4.97,5.0128,0,0,0,0,0,2026100401,0,,,,,,,,,,,,,,,,,,,,,,,,,,,,,,,,,,,,,,,,,,,,3.369495084705194,5.149479810875474,4.8523059383182305,4.891913828613374,99373,21299.4
2026-08-12T13:58:00-04:00,5.025,5.025,4.92,4.97,0,0,0,0,0,2026100401,0,,,,,,,,,,,,,,,,,,,,,,,,,,,,,,,,,,,,,,,,,,,,3.369495084705194,5.149040921073716,4.863514896573637,4.907531062890699,71817,24324.5
2026-08-12T13:59:00-04:00,4.97,5.06,4.94,5.02,0,0,0,0,0,2026100401,0,,,,,,,,,,,,,,,,,,,,,,,,,,,,,,,,,,,,,,,,,,,,3.369495084705194,5.148797556943066,4.8784182397571,4.930024850312559,49820,26379.4
2026-08-12T14:00:00-04:00,5.03,5.035,4.9,4.9488,0,0,0,0,0,2026100401,0,,,,,,,,,,,,,,,,,,,,,,,,,,,,,,,,,,,,,,,,,,,,3.369495084705194,5.148366974254708,4.885121264542138,4.933779880250047,67075,29092.4
2026-08-12T14:01:00-04:00,4.93,4.93,4.82,4.87,0,0,0,0,0,2026100401,0,,,,,,,,,,,,,,,,,,,,,,,,,,,,,,,,,,,,,,,,,,,,3.369495084705194,5.148131092409614,4.883681144109554,4.921023904200038,25076,29945.4
2026-08-12T14:02:00-04:00,4.88,4.93,4.88,4.91,0,0,0,0,0,2026100401,0,,,,,,,,,,,,,,,,,,,,,,,,,,,,,,,,,,,,,,,,,,,,3.369495084705194,5.1480604034388895,4.886187701813406,4.918819123360031,8562,29733.5
2026-08-12T14:03:00-04:00,4.9,4.91,4.86,4.88,0,0,0,0,0,2026100401,0,,,,,,,,,,,,,,,,,,,,,,,,,,,,,,,,,,,,,,,,,,,,3.369495084705194,5.147922909849568,4.885598396878796,4.911055298688025,15198,29877.5
2026-08-12T14:04:00-04:00,4.9,4.9399,4.9,4.925,0,0,0,0,0,2026100401,0,,,,,,,,,,,,,,,,,,,,,,,,,,,,,,,,,,,,,,,,,,,,3.369495084705194,5.147891888292705,4.889350930509387,4.9138442389504196,4012,29884.75
2026-08-12T14:05:00-04:00,4.93,4.97,4.9209,4.96,0,0,0,0,0,2026100401,0,,,,,,,,,,,,,,,,,,,,,,,,,,,,,,,,,,,,,,,,,,,,3.369495084705194,5.147778951215543,4.8960794133180165,4.923075391160336,16737,29820.9
2026-08-12T14:06:00-04:00,4.9501,4.99,4.95,4.9501,0,0,0,0,0,2026100401,0,,,,,,,,,,,,,,,,,,,,,,,,,,,,,,,,,,,,,,,,,,,,3.369495084705194,5.147552375391798,4.901224231097253,4.928480312928269,36022,30855.05
2026-08-12T14:07:00-04:00,4.96,4.98,4.95,4.965,0,0,0,0,0,2026100401,0,,,,,,,,,,,,,,,,,,,,,,,,,,,,,,,,,,,,,,,,,,,,3.369495084705194,5.147505788222888,4.907298113849896,4.935784250342615,7484,31045.25
2026-08-12T14:08:00-04:00,4.953,4.97,4.95,4.9538,0,0,0,0,0,2026100401,0,,,,,,,,,,,,,,,,,,,,,,,,,,,,,,,,,,,,,,,,,,,,3.369495084705194,5.147309238869746,4.91172686491181,4.939387400274092,30437,31321.05
2026-08-12T14:09:00-04:00,4.95,4.95,4.88,4.93,0,0,0,0,0,2026100401,0,,,,,,,,,,,,,,,,,,,,,,,,,,,,,,,,,,,,,,,,,,,,3.369495084705194,5.147187730350898,4.913467163491638,4.937509920219274,15701,31942.8
2026-08-12T14:10:00-04:00,4.92,4.925,4.89,4.925,0,0,0,0,0,2026100401,0,,,,,,,,,,,,,,,,,,,,,,,,,,,,,,,,,,,,,,,,,,,,3.369495084705194,5.147144163878291,4.9145655288733865,4.935007936175419,5473,29323.15
2026-08-12T14:11:00-04:00,4.9,4.9364,4.76,4.76,0,0,0,0,0,2026100401,0,,,,,,,,,,,,,,,,,,,,,,,,,,,,,,,,,,,,,,,,,,,,3.369495084705194,5.146861538138123,4.8998450023140165,4.900006348940335,25309,29964.05
2026-08-12T14:12:00-04:00,4.85,4.9299,4.8143,4.9,0,0,0,0,0,2026100401,0,,,,,,,,,,,,,,,,,,,,,,,,,,,,,,,,,,,,,,,,,,,,3.369495084705194,5.14677339641665,4.899859763998396,4.900005079152268,9766,30287.8
2026-08-12T14:13:00-04:00,4.885,4.9,4.8501,4.88,0,0,0,0,0,2026100401,0,,,,,,,,,,,,,,,,,,,,,,,,,,,,,,,,,,,,,,,,,,,,3.369495084705194,5.146735240737694,4.897968357903311,4.896004063321814,4156,30422.9
2026-08-12T14:14:00-04:00,4.88,4.9,4.86,4.875,0,0,0,0,0,2026100401,0,,,,,,,,,,,,,,,,,,,,,,,,,,,,,,,,,,,,,,,,,,,,3.369495084705194,5.14661803883035,4.895780895245853,4.891803250657452,12851,30939.1
2026-08-12T14:15:00-04:00,4.88,4.93,4.875,4.92,0,0,0,0,0,2026100401,0,,,,,,,,,,,,,,,,,,,,,,,,,,,,,,,,,,,,,,,,,,,,3.369495084705194,5.146582054410824,4.89808747665101,4.897442600525961,4445,29930.45
2026-08-12T14:16:00-04:00,4.915,4.98,4.9,4.9195,0,0,0,0,0,2026100401,0,,,,,,,,,,,,,,,,,,,,,,,,,,,,,,,,,,,,,,,,,,,,3.369495084705194,5.146403556973083,4.900126764589008,4.901854080420769,24639,26697.65
2026-08-12T14:17:00-04:00,4.91,5.0,4.91,4.99,0,0,0,0,0,2026100401,0,,,,,,,,,,,,,,,,,,,,,,,,,,,,,,,,,,,,,,,,,,,,3.369495084705194,5.146284843662951,4.908686120342436,4.919483264336615,19470,22702.5
2026-08-12T14:18:00-04:00,4.98,4.98,4.94,4.945,0,0,0,0,0,2026100401,0,,,,,,,,,,,,,,,,,,,,,,,,,,,,,,,,,,,,,,,,,,,,3.369495084705194,5.146257249988934,4.912144585071728,4.924586611469293,4253,19324.3
2026-08-12T14:19:00-04:00,4.945,4.9631,4.92,4.92,0,0,0,0,0,2026100401,0,,,,,,,,,,,,,,,,,,,,,,,,,,,,,,,,,,,,,,,,,,,,3.369495084705194,5.1462411883503645,4.912892719826801,4.923669289175434,2235,16945.05
2026-08-12T14:20:00-04:00,4.9399,4.94,4.93,4.935,0,0,0,0,0,2026100401,0,,,,,,,,,,,,,,,,,,,,,,,,,,,,,,,,,,,,,,,,,,,,3.369495084705194,5.146201533728401,4.914998175081392,4.925935431340347,5536,13868.1
2026-08-12T14:21:00-04:00,4.9,4.9299,4.9,4.91,0,0,0,0,0,2026100401,0,,,,,,,,,,,,,,,,,,,,,,,,,,,,,,,,,,,,,,,,,,,,3.369495084705194,5.146163647526436,4.914522158406974,4.922748345072278,4798,12854.2
2026-08-12T14:22:00-04:00,4.9299,4.9299,4.898,4.91,0,0,0,0,0,2026100401,0,,,,,,,,,,,,,,,,,,,,,,,,,,,,,,,,,,,,,,,,,,,,3.369495084705194,5.1461242721888425,4.914091476653929,4.920198676057822,4974,12674.8
2026-08-12T14:23:00-04:00,4.9017,4.95,4.9017,4.9237,0,0,0,0,0,2026100401,0,,,,,,,,,,,,,,,,,,,,,,,,,,,,,,,,,,,,,,,,,,,,3.369495084705194,5.14602483420118,4.915006574115459,4.920898940846258,13280,12578.9
2026-08-12T14:24:00-04:00,4.93,4.95,4.8906,4.92,0,0,0,0,0,2026100401,0,,,,,,,,,,,,,,,,,,,,,,,,,,,,,,,,,,,,,,,,,,,,3.369495084705194,5.145879127296723,4.915482138485415,4.920719152677006,19055,13331.05
2026-08-12T14:25:00-04:00,4.92,4.98,4.87,4.9676,0,0,0,0,0,2026100401,0,,,,,,,,,,,,,,,,,,,,,,,,,,,,,,,,,,,,,,,,,,,,3.369495084705194,5.145674788539303,4.920445744343947,4.930095322141605,29227,13955.55
2026-08-12T14:26:00-04:00,4.9685,5.0,4.9625,5.0,0,0,0,0,0,2026100401,0,,,,,,,,,,,,,,,,,,,,,,,,,,,,,,,,,,,,,,,,,,,,3.369495084705194,5.145589657265806,4.928022340120714,4.9440762577132835,15919,12950.4
2026-08-12T14:27:00-04:00,5.02,5.02,4.97,4.98,0,0,0,0,0,2026100401,0,,,,,,,,,,,,,,,,,,,,,,,,,,,,,,,,,,,,,,,,,,,,3.369495084705194,5.145487200046009,4.932972593442551,4.951261006170627,19490,13550.7
2026-08-12T14:28:00-04:00,4.98,4.98,4.95,4.9799,0,0,0,0,0,2026100401,0,,,,,,,,,,,,,,,,,,,,,,,,,,,,,,,,,,,,,,,,,,,,3.369495084705194,5.145349576419557,4.937441870257546,4.956988804936501,23225,13190.1
2026-08-12T14:29:00-04:00,4.97,5.02,4.97,5.0192,0,0,0,0,0,2026100401,0,,,,,,,,,,,,,,,,,,,,,,,,,,,,,,,,,,,,,,,,,,,,3.369495084705194,5.145256976294658,4.945228358804446,4.969431043949201,19290,13369.55
2026-08-12T14:30:00-04:00,5.02,5.05,5.0,5.03,0,0,0,0,0,2026100401,0,,,,,,,,,,,,,,,,,,,,,,,,,,,,,,,,,,,,,,,,,,,,3.369495084705194,5.14512426953922,4.953301848442118,4.981544835159361,33205,14756.15
2026-08-12T14:31:00-04:00,5.025,5.03,4.98,4.99,0,0,0,0,0,2026100401,0,,,,,,,,,,,,,,,,,,,,,,,,,,,,,,,,,,,,,,,,,,,,3.369495084705194,5.1449792310761655,4.95679691049525,4.983235868127489,29685,14974.95
2026-08-12T14:32:00-04:00,4.98,4.999,4.98,4.9872,0,0,0,0,0,2026100401,0,,,,,,,,,,,,,,,,,,,,,,,,,,,,,,,,,,,,,,,,,,,,3.369495084705194,5.14495826613105,4.959692442829035,4.9840286945019905,3986,14685.95
2026-08-12T14:33:00-04:00,4.99,5.02,4.99,5.01,0,0,0,0,0,2026100401,0,,,,,,,,,,,,,,,,,,,,,,,,,,,,,,,,,,,,,,,,,,,,3.369495084705194,5.144923141833939,4.964483638750079,4.989222955601592,7547,14855.5
2026-08-12T14:34:00-04:00,5.0199,5.05,4.9801,5.0099,0,0,0,0,0,2026100401,0,,,,,,,,,,,,,,,,,,,,,,,,,,,,,,,,,,,,,,,,,,,,3.369495084705194,5.1448185257277235,4.968809006488167,4.993358364481274,23642,15395.05
2026-08-12T14:35:00-04:00,5.03,5.04,4.9994,5.025,0,0,0,0,0,2026100401,0,,,,,,,,,,,,,,,,,,,,,,,,,,,,,,,,,,,,,,,,,,,,3.369495084705194,5.144784774468191,4.97416052967977,4.999686691585019,8139,15579.75
2026-08-12T14:36:00-04:00,5.0181,5.02,5.0001,5.01,0,0,0,0,0,2026100401,0,,,,,,,,,,,,,,,,,,,,,,,,,,,,,,,,,,,,,,,,,,,,3.369495084705194,5.144764863143171,4.97757381256741,5.001749353268015,4396,14567.6
2026-08-12T14:37:00-04:00,5.01,5.02,5.0,5.02,0,0,0,0,0,2026100401,0,,,,,,,,,,,,,,,,,,,,,,,,,,,,,,,,,,,,,,,,,,,,3.369495084705194,5.1447471102981,4.981614401846705,5.005399482614412,4019,13795.05
2026-08-12T14:38:00-04:00,5.02,5.19,5.01,5.1399,0,0,0,0,0,2026100401,0,,,,,,,,,,,,,,,,,,,,,,,,,,,,,,,,,,,,,,,,,,,,3.369495084705194,5.14465963007498,4.996689220718447,5.03229958609153,83002,17732.5
2026-08-12T14:39:00-04:00,5.1245,6.11,5.1127,5.975,0,0,0,0,0,2026100401,0,,,,,,,,,,,,,,,,,,,,,,,,,,,,,,,,,,,,,,,,,,,,3.369495084705194,5.1546446804876656,5.089861675888119,5.220839668873224,515514,43396.45
2026-08-12T14:40:00-04:00,5.99,6.46,5.91,6.22,0,0,0,1,0,2026100401,1,6.03,6.1045,6.13,6.03,47.69099756690998,2.4024985010736657,6.810845683423988,1.760875301849685,1.3302040101088242,3.0,2.0,528.0,66.09848484848484,0.8378465676916793,72.22222222222227,27.77777777777772,41.81818181818175,8.842443729903534,-1.7684887459807008,10.225089217478626,3.1509121061359835,38.88888888888889,19.673060189881532,16137.0,10.0,6.735751295336789,45.91476336237339,4.836321498696372,2.094392863901749,59.73643557616198,4.0,530.0,0.0,0.6860395643959233,1.378100726634928,3.0,7.0,0.0,0.0,0.0,,,,3.369495084705194,5.166646210513683,5.197493897232108,5.420671735098579,353663,60802.8
2026-08-12T14:41:00-04:00,6.225,6.36,6.14,6.23,0,0,0,0,0,2026100401,0,,,,,,,,,,,,,,,,,,,,,,,,,,,,,,,,,,,,,,,,,,,,3.369495084705194,5.176154404715329,5.295827811781431,5.582537388078864,273584,74242.1
2026-08-12T14:42:00-04:00,6.255,6.38,5.92,6.365,0,0,0,0,0,2026100401,0,,,,,,,,,,,,,,,,,,,,,,,,,,,,,,,,,,,,,,,,,,,,3.369495084705194,5.185216005456654,5.397653734468913,5.739029910463091,270856,87536.2
2026-08-12T14:43:00-04:00,6.365,6.46,6.21,6.46,0,0,0,0,0,2026100401,0,,,,,,,,,,,,,,,,,,,,,,,,,,,,,,,,,,,,,,,,,,,,3.369495084705194,5.193939659371455,5.498829569281398,5.883223928370473,230503,98397.35
2026-08-12T14:44:00-04:00,6.44,6.7,6.43,6.5401,0,0,0,0,0,2026100401,0,,,,,,,,,,,,,,,,,,,,,,,,,,,,,,,,,,,,,,,,,,,,3.369495084705194,5.210849249981705,5.597998181730788,6.014599142696379,395540,117221.6
2026-08-12T14:45:00-04:00,6.58,7.0,6.53,6.77,0,0,0,0,0,2026100401,0,,,,,,,,,,,,,,,,,,,,,,,,,,,,,,,,,,,,,,,,,,,,3.369495084705194,5.235338384818164,5.709617402518332,6.165679314157103,509779,141249.2
2026-08-12T14:46:00-04:00,6.7899,6.79,6.4301,6.4837,0,0,0,0,0,2026100401,0,,,,,,,,,,,,,,,,,,,,,,,,,,,,,,,,,,,,,,,,,,,,3.369495084705194,5.246996148584842,5.7833395546594435,6.229283451325682,285825,154744.5
2026-08-12T14:47:00-04:00,6.5282,6.6,6.37,6.4,0,0,0,0,0,2026100401,0,,,,,,,,,,,,,,,,,,,,,,,,,,,,,,,,,,,,,,,,,,,,3.369495084705194,5.255225979948565,5.842069120882353,6.263426761060546,223806,164960.3
2026-08-12T14:48:00-04:00,6.4,6.5499,5.9701,6.35,0,0,0,0,0,2026100401,0,,,,,,,,,,,,,,,,,,,,,,,,,,,,,,,,,,,,,,,,,,,,3.369495084705194,5.262690195215161,5.890443490322129,6.280741408848437,239018,175749.95
2026-08-12T14:49:00-04:00,6.37,6.4,6.2401,6.29,0,0,0,0,0,2026100401,0,,,,,,,,,,,,,,,,,,,,,,,,,,,,,,,,,,,,,,,,,,,,3.369495084705194,5.267050935217966,5.928496491243831,6.28259312707875,138540,181712.45
2026-08-12T14:50:00-04:00,6.34,6.62,6.3101,6.57,0,0,0,0,0,2026100401,0,,,,,,,,,,,,,,,,,,,,,,,,,,,,,,,,,,,,,,,,,,,,3.369495084705194,5.277953271245935,5.989592063506324,6.340074501663,296841,194894.25
2026-08-12T14:51:00-04:00,6.57,6.66,6.25,6.37,0,0,0,0,0,2026100401,0,,,,,,,,,,,,,,,,,,,,,,,,,,,,,,,,,,,,,,,,,,,,3.369495084705194,5.28557252751867,6.025821390791436,6.3460596013304,224157,204617.85
2026-08-12T14:52:00-04:00,6.3401,6.43,6.16,6.3392,0,0,0,0,0,2026100401,0,,,,,,,,,,,,,,,,,,,,,,,,,,,,,,,,,,,,,,,,,,,,3.369495084705194,5.289790173865133,6.055666972620823,6.34468768106432,139748,211405.95
2026-08-12T14:53:00-04:00,6.29,6.31,6.25,6.2805,0,0,0,0,0,2026100401,0,,,,,,,,,,,,,,,,,,,,,,,,,,,,,,,,,,,,,,,,,,,,3.369495084705194,5.2919052807537925,6.077079641895031,6.331850144851456,72628,214660.0
2026-08-12T14:54:00-04:00,6.28,6.6,6.2,6.4804,0,0,0,0,0,2026100401,0,,,,,,,,,,,,,,,,,,,,,,,,,,,,,,,,,,,,,,,,,,,,3.369495084705194,5.297622606902862,6.115491104571695,6.361560115881165,172188,222087.3
2026-08-12T14:55:00-04:00,6.54,6.6,6.44,6.525,0,0,0,0,0,2026100401,0,,,,,,,,,,,,,,,,,,,,,,,,,,,,,,,,,,,,,,,,,,,,3.369495084705194,5.304326520001441,6.154491951755343,6.394248092704932,188227,231091.7
2026-08-12T14:56:00-04:00,6.525,6.82,6.5,6.6899,0,0,0,0,0,2026100401,0,,,,,,,,,,,,,,,,,,,,,,,,,,,,,,,,,,,,,,,,,,,,3.369495084705194,5.317654314427199,6.205483194445311,6.453378474163945,338713,247807.55
2026-08-12T14:57:00-04:00,6.69,6.7079,6.22,6.3599,0,0,0,0,0,2026100401,0,,,,,,,,,,,,,,,,,,,,,,,,,,,,,,,,,,,,,,,,,,,,3.369495084705194,5.3249448622820275,6.220189556879091,6.4346827793311565,229126,259062.9
2026-08-12T14:58:00-04:00,6.32,6.45,6.2506,6.4,0,0,0,0,0,2026100401,0,,,,,,,,,,,,,,,,,,,,,,,,,,,,,,,,,,,,,,,,,,,,3.369495084705194,5.328619963075762,6.237314360985844,6.427746223464926,123662,261095.9
2026-08-12T14:59:00-04:00,6.4,6.72,6.37,6.7,0,0,0,0,0,2026100401,0,,,,,,,,,,,,,,,,,,,,,,,,,,,,,,,,,,,,,,,,,,,,3.369495084705194,5.336125207426092,6.2813796599395735,6.482196978771941,208742,245757.3
2026-08-12T15:00:00-04:00,6.705,6.72,6.5,6.5499,0,0,0,0,0,2026100401,0,,,,,,,,,,,,,,,,,,,,,,,,,,,,,,,,,,,,,,,,,,,,3.369495084705194,5.341368138684562,6.306953025659614,6.4957375830175526,148092,235478.75
2026-08-12T15:01:00-04:00,6.5499,6.68,6.35,6.45,0,0,0,0,0,2026100401,0,,,,,,,,,,,,,,,,,,,,,,,,,,,,,,,,,,,,,,,,,,,,3.369495084705194,5.347002424330853,6.320576547025365,6.486590066414042,174072,230503.15
2026-08-12T15:02:00-04:00,6.39,6.57,6.32,6.375,0,0,0,0,0,2026100401,0,,,,,,,,,,,,,,,,,,,,,,,,,,,,,,,,,,,,,,,,,,,,3.369495084705194,5.351013764611604,6.32575973302295,6.464272053131234,133343,223627.5
2026-08-12T15:03:00-04:00,6.33,6.51,6.28,6.4501,0,0,0,0,0,2026100401,0,,,,,,,,,,,,,,,,,,,,,,,,,,,,,,,,,,,,,,,,,,,,3.369495084705194,5.354165324652132,6.33760166321124,6.461437642504987,106292,217416.95
2026-08-12T15:04:00-04:00,6.465,6.51,6.35,6.41,0,0,0,0,0,2026100401,0,,,,,,,,,,,,,,,,,,,,,,,,,,,,,,,,,,,,,,,,,,,,3.369495084705194,5.356686950122593,6.344496742905408,6.4511501140039895,84704,201875.15
2026-08-12T15:05:00-04:00,6.44,7.45,6.41,6.95,0,0,0,0,0,2026100401,0,,,,,,,,,,,,,,,,,,,,,,,,,,,,,,,,,,,,,,,,,,,,3.369495084705194,5.390380567441298,6.4021637197715595,6.550920091203191,782577,215515.05
2026-08-12T15:06:00-04:00,6.95,7.43,6.94,7.37,0,0,0,0,0,2026100401,0,,,,,,,,,,,,,,,,,,,,,,,,,,,,,,,,,,,,,,,,,,,,3.369495084705194,5.4113451348221195,6.49433860360284,6.714736072962553,419184,222183.0
2026-08-12T15:07:00-04:00,7.32,7.49,7.1,7.47,0,0,0,0,0,2026100401,0,,,,,,,,,,,,,,,,,,,,,,,,,,,,,,,,,,,,,,,,,,,,3.369495084705194,5.427897632560958,6.5872587365930455,6.865788858370042,319079,226946.65
2026-08-12T15:08:00-04:00,7.487,7.8,7.3501,7.565,0,0,0,0,0,2026100401,0,,,,,,,,,,,,,,,,,,,,,,,,,,,,,,,,,,,,,,,,,,,,3.369495084705194,5.4544889930452705,6.680376952155613,7.005631086696034,470173,238504.4
2026-08-12T15:09:00-04:00,7.57,7.7,7.36,7.645,0,0,0,0,0,2026100401,0,,,,,,,,,,,,,,,,,,,,,,,,,,,,,,,,,,,,,,,,,,,,3.369495084705194,5.470077064565964,6.772245813855078,7.133504869356827,281602,245657.5
2026-08-12T15:10:00-04:00,7.63,7.74,7.36,7.625,0,0,0,0,0,2026100401,0,,,,,,,,,,,,,,,,,,,,,,,,,,,,,,,,,,,,,,,,,,,,3.369495084705194,5.485222464734256,6.853460498249833,7.231803895485461,276756,244653.25
2026-08-12T15:11:00-04:00,7.6289,7.84,7.52,7.76,0,0,0,0,0,2026100401,0,,,,,,,,,,,,,,,,,,,,,,,,,,,,,,,,,,,,,,,,,,,,3.369495084705194,5.499698414676293,6.93979759365461,7.337443116388369,252292,246060.0
2026-08-12T15:12:00-04:00,7.76,8.36,7.727,8.1005,0,0,0,0,0,2026100401,0,,,,,,,,,,,,,,,,,,,,,,,,,,,,,,,,,,,,,,,,,,,,3.369495084705194,5.534486054565185,7.050340679973219,7.490054493110695,532767,265710.95
2026-08-12T15:13:00-04:00,8.12,8.18,7.83,8.09,0,0,0,0,0,2026100401,0,,,,,,,,,,,,,,,,,,,,,,,,,,,,,,,,,,,,,,,,,,,,3.369495084705194,5.552873639587472,7.149355853309103,7.610043594488556,290951,276627.1
2026-08-12T15:14:00-04:00,8.1,8.31,7.26,7.6003,0,0,0,0,0,2026100401,0,,,,,,,,,,,,,,,,,,,,,,,,,,,,,,,,,,,,,,,,,,,,3.369495084705194,5.577197635871903,7.192302914898712,7.608094875590845,448118,290423.6
2026-08-12T15:15:00-04:00,7.6,7.7,7.3,7.405,0,0,0,0,0,2026100401,0,,,,,,,,,,,,,,,,,,,,,,,,,,,,,,,,,,,,,,,,,,,,3.369495084705194,5.589927014374737,7.212559780146454,7.567475900472676,270986,294561.55
2026-08-12T15:16:00-04:00,7.37,7.6,7.2506,7.56,0,0,0,0,0,2026100401,0,,,,,,,,,,,,,,,,,,,,,,,,,,,,,,,,,,,,,,,,,,,,3.369495084705194,5.599026381551964,7.24564932489441,7.565980720378141,195776,287414.7
2026-08-12T15:17:00-04:00,7.5357,7.78,7.5001,7.716686,0,0,0,0,0,2026100401,0,,,,,,,,,,,,,,,,,,,,,,,,,,,,,,,,,,,,,,,,,,,,3.369495084705194,5.610431136688183,7.290509960618752,7.596121776302513,224496,287183.2
2026-08-12T15:18:00-04:00,7.7,8.8599,7.64,8.455,0,0,0,0,0,2026100401,0,,,,,,,,,,,,,,,,,,,,,,,,,,,,,,,,,,,,,,,,,,,,3.369495084705194,5.642111817947897,7.4014137738931565,7.767897421042011,481560,305078.1
2026-08-12T15:19:00-04:00,8.45,8.5,8.04,8.21,0,0,0,0,0,2026100401,0,,,,,,,,,,,,,,,,,,,,,,,,,,,,,,,,,,,,,,,,,,,,3.369495084705194,5.667020161852826,7.478421985903332,7.856317936833609,396924,314487.2
2026-08-12T15:20:00-04:00,8.249,8.2694,7.8,8.0582,0,0,0,0,0,2026100401,0,,,,,,,,,,,,,,,,,,,,,,,,,,,,,,,,,,,,,,,,,,,,3.369495084705194,5.681490813916763,7.533638939626824,7.896694349466887,254704,319817.8
2026-08-12T15:21:00-04:00,8.045,8.2,7.94,8.15,0,0,0,0,0,2026100401,0,,,,,,,,,,,,,,,,,,,,,,,,,,,,,,,,,,,,,,,,,,,,3.369495084705194,5.694308591660574,7.592339992995698,7.94735547957351,223090,322268.7
2026-08-12T15:22:00-04:00,8.15,8.3099,7.98,8.2076,0,0,0,0,0,2026100401,0,,,,,,,,,,,,,,,,,,,,,,,,,,,,,,,,,,,,,,,,,,,,3.369495084705194,5.7048801749606675,7.650936184138965,7.999404383658808,180573,324630.2
2026-08-12T15:23:00-04:00,8.19,8.34,7.7801,7.8317,0,0,0,0,0,2026100401,0,,,,,,,,,,,,,,,,,,,,,,,,,,,,,,,,,,,,,,,,,,,,3.369495084705194,5.719925912289206,7.66815178564954,7.965863506927047,280552,333343.2
2026-08-12T15:24:00-04:00,7.9,8.24,7.8221,8.02,0,0,0,0,0,2026100401,0,,,,,,,,,,,,,,,,,,,,,,,,,,,,,,,,,,,,,,,,,,,,3.369495084705194,5.72893900815566,7.701661139397203,7.976690805541637,166647,337440.35
2026-08-12T15:25:00-04:00,7.99,8.17,7.8,7.8,0,0,0,0,0,2026100401,0,,,,,,,,,,,,,,,,,,,,,,,,,,,,,,,,,,,,,,,,,,,,3.369495084705194,5.737309006620549,7.711026745168898,7.94135264443331,163352,306479.1
2026-08-12T15:26:00-04:00,7.8,8.6,7.8,8.385,0,0,0,0,0,2026100401,0,,,,,,,,,,,,,,,,,,,,,,,,,,,,,,,,,,,,,,,,,,,,3.369495084705194,5.763629364976617,7.775214674200432,8.030082115546648,451239,308081.85
2026-08-12T15:27:00-04:00,8.354,8.76,8.17,8.63,0,0,0,0,0,2026100401,0,,,,,,,,,,,,,,,,,,,,,,,,,,,,,,,,,,,,,,,,,,,,3.369495084705194,5.790111042460467,7.856622800467057,8.150065692437318,419823,313119.05
2026-08-12T15:28:00-04:00,8.6399,8.69,8.45,8.52,0,0,0,0,0,2026100401,0,,,,,,,,,,,,,,,,,,,,,,,,,,,,,,,,,,,,,,,,,,,,3.369495084705194,5.805167827930891,7.919801581374956,8.224052553949853,239413,301581.05
2026-08-12T15:29:00-04:00,8.5584,9.19,8.5,8.9999,0,0,0,0,0,2026100401,0,,,,,,,,,,,,,,,,,,,,,,,,,,,,,,,,,,,,,,,,,,,,3.369495084705194,5.84163396179184,8.022668097434483,8.379222043159883,524457,313723.8
2026-08-12T15:30:00-04:00,9.0,9.16,8.76,9.12,0,0,0,0,0,2026100401,0,,,,,,,,,,,,,,,,,,,,,,,,,,,,,,,,,,,,,,,,,,,,3.369495084705194,5.864726271891717,8.127175897678818,8.527377634527907,326087,316190.35
2026-08-12T15:31:00-04:00,9.1101,9.89,8.85,9.62,0,0,0,0,0,2026100401,0,,,,,,,,,,,,,,,,,,,,,,,,,,,,,,,,,,,,,,,,,,,,3.369495084705194,5.902486790633347,8.269349621709406,8.745902107622326,476282,327389.85
2026-08-12T15:32:00-04:00,9.6,9.84,8.92,9.1099,0,0,0,0,0,2026100401,0,,,,,,,,,,,,,,,,,,,,,,,,,,,,,,,,,,,,,,,,,,,,3.369495084705194,5.939112763704054,8.349402038689462,8.81870168609786,494750,325489.0
2026-08-12T15:33:00-04:00,9.1099,9.13,8.13,8.2968,0,0,0,0,0,2026100401,0,,,,,,,,,,,,,,,,,,,,,,,,,,,,,,,,,,,,,,,,,,,,3.369495084705194,5.964538552792679,8.344392320719036,8.714321348878288,455470,333714.95
2026-08-12T15:34:00-04:00,8.2201,8.53,8.03,8.05,0,0,0,0,0,2026100401,0,,,,,,,,,,,,,,,,,,,,,,,,,,,,,,,,,,,,,,,,,,,,3.369495084705194,5.977182114221322,8.316354956841034,8.58145707910263,262476,324432.85
2026-08-12T15:35:00-04:00,8.15,8.44,8.05,8.3396,0,0,0,0,0,2026100401,0,,,,,,,,,,,,,,,,,,,,,,,,,,,,,,,,,,,,,,,,,,,,3.369495084705194,5.986976888607885,8.31856877047522,8.533085663282105,198828,320824.95
2026-08-12T15:36:00-04:00,8.31,8.5499,8.21,8.2789,0,0,0,0,0,2026100401,0,,,,,,,,,,,,,,,,,,,,,,,,,,,,,,,,,,,,,,,,,,,,3.369495084705194,5.996402636777202,8.314790792334723,8.482248530625684,187224,320397.35
2026-08-12T15:37:00-04:00,8.315,8.4,7.92,8.04,0,0,0,0,0,2026100401,0,,,,,,,,,,,,,,,,,,,,,,,,,,,,,,,,,,,,,,,,,,,,3.369495084705194,6.005075815168536,8.288620240683796,8.393798824500546,192181,318781.6
2026-08-12T15:38:00-04:00,8.07,8.1599,7.95,8.095,0,0,0,0,0,2026100401,0,,,,,,,,,,,,,,,,,,,,,,,,,,,,,,,,,,,,,,,,,,,,3.369495084705194,6.008537741729335,8.27018021776153,8.334039059600437,79087,298657.95
2026-08-12T15:39:00-04:00,8.13,8.15,7.63,7.68,0,0,0,0,0,2026100401,0,,,,,,,,,,,,,,,,,,,,,,,,,,,,,,,,,,,,,,,,,,,,3.369495084705194,6.016887106779336,8.213972577974717,8.20323124768035,218255,289724.5
2026-08-12T15:40:00-04:00,7.6309,8.1,7.6309,7.965,0,0,0,0,0,2026100401,0,,,,,,,,,,,,,,,,,,,,,,,,,,,,,,,,,,,,,,,,,,,,3.369495084705194,6.025383790087718,8.190260903881887,8.15558499814428,214780,287728.3
2026-08-12T15:41:00-04:00,7.965,8.0,7.83,7.8401,0,0,0,0,0,2026100401,0,,,,,,,,,,,,,,,,,,,,,,,,,,,,,,,,,,,,,,,,,,,,3.369495084705194,6.029044346657352,8.156912246369327,8.092487998515423,93564,281252.0
2026-08-12T15:42:00-04:00,7.8891,7.9,7.75,7.79,0,0,0,0,0,2026100401,0,,,,,,,,,,,,,,,,,,,,,,,,,,,,,,,,,,,,,,,,,,,,3.369495084705194,6.032688575261249,8.121968222905581,8.031990398812338,97541,277100.4
2026-08-12T15:43:00-04:00,7.7814,8.3,7.6601,8.2101,0,0,0,0,0,2026100401,0,,,,,,,,,,,,,,,,,,,,,,,,,,,,,,,,,,,,,,,,,,,,3.369495084705194,6.039718973418746,8.130361725486003,8.067612319049871,166463,271395.95
2026-08-12T15:44:00-04:00,8.255,8.4,7.84,7.9709,0,0,0,0,0,2026100401,0,,,,,,,,,,,,,,,,,,,,,,,,,,,,,,,,,,,,,,,,,,,,3.369495084705194,6.048453057265641,8.115174894487335,8.048269855239898,207027,273414.95
2026-08-12T15:45:00-04:00,7.975,8.21,7.9719,8.05,0,0,0,0,0,2026100401,0,,,,,,,,,,,,,,,,,,,,,,,,,,,,,,,,,,,,,,,,,,,,3.369495084705194,6.054485203708892,8.108967761679018,8.048615884191918,143531,272423.9
2026-08-12T15:46:00-04:00,8.05,8.17,8.02,8.1,0,0,0,0,0,2026100401,0,,,,,,,,,,,,,,,,,,,,,,,,,,,,,,,,,,,,,,,,,,,,3.369495084705194,6.058224739860172,8.10811368913816,8.058892707353534,88561,254290.0
2026-08-12T15:47:00-04:00,8.12,8.2099,7.86,8.03,0,0,0,0,0,2026100401,0,,,,,,,,,,,,,,,,,,,,,,,,,,,,,,,,,,,,,,,,,,,,3.369495084705194,6.065689783725226,8.10067429017262,8.053114165882826,183490,242473.35
2026-08-12T15:48:00-04:00,8.025,8.0999,7.91,7.955,0,0,0,0,0,2026100401,0,,,,,,,,,,,,,,,,,,,,,,,,,,,,,,,,,,,,,,,,,,,,3.369495084705194,6.067506395585094,8.086800548251418,8.03349133270626,45914,232798.4
2026-08-12T15:49:00-04:00,7.96,8.11,7.85,8.0001,0,0,0,0,0,2026100401,0,,,,,,,,,,,,,,,,,,,,,,,,,,,,,,,,,,,,,,,,,,,,3.369495084705194,6.071150323099047,8.078543353179855,8.026813066165008,92438,211197.45
2026-08-12T15:50:00-04:00,8.0113,8.16,7.9605,8.15,0,0,0,0,0,2026100401,0,,,,,,,,,,,,,,,,,,,,,,,,,,,,,,,,,,,,,,,,,,,,3.369495084705194,6.07617579653506,8.085348748115107,8.051450452932007,121484,200967.3
2026-08-12T15:51:00-04:00,8.15,8.15,7.9,7.965,0,0,0,0,0,2026100401,0,,,,,,,,,,,,,,,,,,,,,,,,,,,,,,,,,,,,,,,,,,,,3.369495084705194,6.080173932496298,8.073886962580335,8.034160362345606,101379,182222.15
2026-08-12T15:52:00-04:00,7.9796,7.99,7.83,7.86,0,0,0,0,0,2026100401,0,,,,,,,,,,,,,,,,,,,,,,,,,,,,,,,,,,,,,,,,,,,,3.369495084705194,6.082577272566011,8.053516775667923,7.999328289876485,64914,160730.35
2026-08-12T15:53:00-04:00,7.86,7.92,7.83,7.92,0,0,0,0,0,2026100401,0,,,,,,,,,,,,,,,,,,,,,,,,,,,,,,,,,,,,,,,,,,,,3.369495084705194,6.08383143763135,8.040800892270978,7.983462631901188,34006,139657.15
2026-08-12T15:54:00-04:00,7.94,7.95,7.5201,7.5301,0,0,0,0,0,2026100401,0,,,,,,,,,,,,,,,,,,,,,,,,,,,,,,,,,,,,,,,,,,,,3.369495084705194,6.087828951915657,7.992162712054695,7.89279010552095,124078,132737.25
2026-08-12T15:55:00-04:00,7.62,8.39,7.41,8.24,0,0,0,0,0,2026100401,0,,,,,,,,,,,,,,,,,,,,,,,,,,,,,,,,,,,,,,,,,,,,3.369495084705194,6.099336496225977,8.015766263287581,7.96223208441676,295393,137565.5
2026-08-12T15:56:00-04:00,8.28,8.2886,8.01,8.14,0,0,0,0,0,2026100401,0,,,,,,,,,,,,,,,,,,,,,,,,,,,,,,,,,,,,,,,,,,,,3.369495084705194,6.105404247421668,8.027598047736383,7.997785667533408,146957,135552.15
2026-08-12T15:57:00-04:00,8.1,8.11,7.75,7.79,0,0,0,0,0,2026100401,0,,,,,,,,,,,,,,,,,,,,,,,,,,,,,,,,,,,,,,,,,,,,3.369495084705194,6.109985916835758,8.00496966223768,7.956228534026727,128080,132347.1
2026-08-12T15:58:00-04:00,7.85,8.1,7.825,8.02,0,0,0,0,0,2026100401,0,,,,,,,,,,,,,,,,,,,,,,,,,,,,,,,,,,,,,,,,,,,,3.369495084705194,6.114064695555691,8.00640112297695,7.968982827221382,108547,133820.1
2026-08-12T15:59:00-04:00,8.0201,8.03,7.81,7.8725,0,0,0,0,0,2026100401,0,,,,,,,,,,,,,,,,,,,,,,,,,,,,,,,,,,,,,,,,,,,,3.369495084705194,6.11784127268653,7.993648635074383,7.949686261777106,105307,128172.7
2026-08-12T16:00:00-04:00,7.87,8.39,7.23,7.67,0,0,0,0,0,2026100401,0,,,,,,,,,,,,,,,,,,,,,,,,,,,,,,,,,,,,,,,,,,,,3.369495084705194,6.124547453623826,7.962824955543489,7.8937490094216844,204263,127646.85
2026-08-12T16:01:00-04:00,7.71,8.4,7.64,8.0509,0,0,0,0,0,2026100401,0,,,,,,,,,,,,,,,,,,,,,,,,,,,,,,,,,,,,,,,,,,,,3.369495084705194,6.131131465212555,7.971213055015538,7.925179207537347,173755,131656.4
2026-08-12T16:02:00-04:00,8.09,8.16,7.63,7.7881,0,0,0,0,0,2026100401,0,,,,,,,,,,,,,,,,,,,,,,,,,,,,,,,,,,,,,,,,,,,,3.369495084705194,6.1338920237884285,7.95377371644263,7.897763366029878,80464,130802.55
2026-08-12T16:03:00-04:00,7.8,8.0,7.36,7.4,0,0,0,0,0,2026100401,0,,,,,,,,,,,,,,,,,,,,,,,,,,,,,,,,,,,,,,,,,,,,3.369495084705194,6.1362130778699635,7.901033362495712,7.798210692823902,80610,126509.9
2026-08-12T16:04:00-04:00,7.41,7.42,6.89,6.8903,0,0,0,0,0,2026100401,0,,,,,,,,,,,,,,,,,,,,,,,,,,,,,,,,,,,,,,,,,,,,3.369495084705194,6.139517157988022,7.8047730422580255,7.616628554259122,179786,125147.85
2026-08-12T16:05:00-04:00,6.8999,7.25,6.77,7.01,0,0,0,0,0,2026100401,0,,,,,,,,,,,,,,,,,,,,,,,,,,,,,,,,,,,,,,,,,,,,3.369495084705194,6.141440563265785,7.729080371566785,7.4953028434072975,112129,123577.75
2026-08-12T16:06:00-04:00,7.02,7.026,6.71,6.72,0,0,0,0,0,2026100401,0,,,,,,,,,,,,,,,,,,,,,,,,,,,,,,,,,,,,,,,,,,,,3.369495084705194,6.142042685052936,7.632977479036615,7.340242274725838,45159,121407.65
2026-08-12T16:07:00-04:00,6.72,6.94,6.59,6.9301,0,0,0,0,0,2026100401,0,,,,,,,,,,,,,,,,,,,,,,,,,,,,,,,,,,,,,,,,,,,,3.369495084705194,6.143435701924915,7.566036766747413,7.2582138197806705,104573,117461.8
2026-08-12T16:08:00-04:00,6.9006,6.94,6.7,6.75,0,0,0,0,0,2026100401,0,,,,,,,,,,,,,,,,,,,,,,,,,,,,,,,,,,,,,,,,,,,,3.369495084705194,6.143783986373684,7.488318979438136,7.156571055824537,27151,116523.65
2026-08-12T16:09:00-04:00,6.82,6.83,6.57,6.6,0,0,0,0,0,2026100401,0,,,,,,,,,,,,,,,,,,,,,,,,,,,,,,,,,,,,,,,,,,,,3.369495084705194,6.144195634630114,7.403717171872599,7.0452568446596295,40122,113907.85
2026-08-12T16:10:00-04:00,6.6293,6.88,6.6254,6.85,0,0,0,0,0,2026100401,0,,,,,,,,,,,,,,,,,,,,,,,,,,,,,,,,,,,,,,,,,,,,3.369495084705194,6.144577175622151,7.350982203122828,7.006205475727704,30356,109351.45
2026-08-12T16:11:00-04:00,6.86,6.87,6.62,6.64,0,0,0,0,0,2026100401,0,,,,,,,,,,,,,,,,,,,,,,,,,,,,,,,,,,,,,,,,,,,,3.369495084705194,6.144952488813382,7.283269612349225,6.932964380582163,33871,105976.05
2026-08-12T16:12:00-04:00,6.65,6.89,6.5,6.8323,0,0,0,0,0,2026100401,0,,,,,,,,,,,,,,,,,,,,,,,,,,,,,,,,,,,,,,,,,,,,3.369495084705194,6.145883473640278,7.2403201254588225,6.91283150446573,79858,106723.25
2026-08-12T16:13:00-04:00,6.8,7.21,6.74,7.01,0,0,0,0,0,2026100401,0,,,,,,,,,,,,,,,,,,,,,,,,,,,,,,,,,,,,,,,,,,,,3.369495084705194,6.146898978619667,7.218384875415125,6.932265203572584,61803,108113.1
2026-08-12T16:14:00-04:00,7.03,7.1,6.82,6.89,0,0,0,0,0,2026100401,0,,,,,,,,,,,,,,,,,,,,,,,,,,,,,,,,,,,,,,,,,,,,3.369495084705194,6.147555518199018,7.187110125375589,6.923812162858067,42573,104037.85
2026-08-12T16:15:00-04:00,6.88,7.04,6.832,6.9302,0,0,0,0,0,2026100401,0,,,,,,,,,,,,,,,,,,,,,,,,,,,,,,,,,,,,,,,,,,,,3.369495084705194,6.147921020155127,7.162642494387438,6.925089730286454,23810,90458.7
2026-08-12T16:16:00-04:00,6.9304,6.98,6.85,6.98,0,0,0,0,0,2026100401,0,,,,,,,,,,,,,,,,,,,,,,,,,,,,,,,,,,,,,,,,,,,,3.369495084705194,6.148383319576395,7.145247971112443,6.9360717842291635,30048,84613.25
2026-08-12T16:17:00-04:00,6.9794,7.36,6.94,7.16,0,0,0,0,0,2026100401,0,,,,,,,,,,,,,,,,,,,,,,,,,,,,,,,,,,,,,,,,,,,,3.369495084705194,6.149871738183154,7.146652926244592,6.980857427383331,76042,82011.35
2026-08-12T16:18:00-04:00,7.1435,7.16,7.0297,7.0606,0,0,0,0,0,2026100401,0,,,,,,,,,,,,,,,,,,,,,,,,,,,,,,,,,,,,,,,,,,,,3.369495084705194,6.150226648174305,7.138457409459392,6.996805941906665,19526,77560.3
2026-08-12T16:19:00-04:00,7.07,7.07,6.88,6.94,0,0,0,0,0,2026100401,0,,,,,,,,,,,,,,,,,,,,,,,,,,,,,,,,,,,,,,,,,,,,3.369495084705194,6.150693206070986,7.119556703796593,6.985444753525332,29488,73769.35
2026-08-12T16:20:00-04:00,6.9007,7.0,6.9,6.91,0,0,0,0,0,2026100401,0,,,,,,,,,,,,,,,,,,,,,,,,,,,,,,,,,,,,,,,,,,,,3.369495084705194,6.150949954014529,7.099598922482632,6.970355802820266,16793,64395.85
2026-08-12T16:21:00-04:00,6.91,6.99,6.88,6.88,0,0,0,0,0,2026100401,0,,,,,,,,,,,,,,,,,,,,,,,,,,,,,,,,,,,,,,,,,,,,3.369495084705194,6.151206254900492,7.078684739389048,6.952284642256212,17213,56568.75
2026-08-12T16:22:00-04:00,6.88,6.88,6.7,6.75,0,0,0,0,0,2026100401,0,,,,,,,,,,,,,,,,,,,,,,,,,,,,,,,,,,,,,,,,,,,,3.369495084705194,6.151550023242502,7.047381430875805,6.9118277138049695,28280,53959.55
2026-08-12T16:23:00-04:00,6.75,6.96,6.73,6.95,0,0,0,0,0,2026100401,0,,,,,,,,,,,,,,,,,,,,,,,,,,,,,,,,,,,,,,,,,,,,3.369495084705194,6.1519941136028695,7.038107008887633,6.919462171043976,31387,51498.4
2026-08-12T16:24:00-04:00,6.92,6.95,6.8917,6.92,0,0,0,0,0,2026100401,0,,,,,,,,,,,,,,,,,,,,,,,,,,,,,,,,,,,,,,,,,,,,3.369495084705194,6.152173926159956,7.026858722326906,6.9195697368351805,12048,43111.5
2026-08-12T16:25:00-04:00,6.89,6.9,6.73,6.7539,0,0,0,0,0,2026100401,0,,,,,,,,,,,,,,,,,,,,,,,,,,,,,,,,,,,,,,,,,,,,3.369495084705194,6.152335708071613,7.000862653533867,6.886435789468145,12971,38153.6
2026-08-12T16:26:00-04:00,6.74,6.79,6.55,6.6,0,0,0,0,0,2026100401,0,,,,,,,,,,,,,,,,,,,,,,,,,,,,,,,,,,,,,,,,,,,,3.369495084705194,6.152627021364458,6.962685257959213,6.829148631574515,30373,37414.3
2026-08-12T16:27:00-04:00,6.64,6.64,6.41,6.6,0,0,0,0,0,2026100401,0,,,,,,,,,,,,,,,,,,,,,,,,,,,,,,,,,,,,,,,,,,,,3.369495084705194,6.153018317969424,6.92814380482024,6.783318905259613,50802,34725.75
2026-08-12T16:28:00-04:00,6.52,6.71,6.52,6.6699,0,0,0,0,0,2026100401,0,,,,,,,,,,,,,,,,,,,,,,,,,,,,,,,,,,,,,,,,,,,,3.369495084705194,6.153194164499467,6.903549156742122,6.76063512420769,18896,34313.0
2026-08-12T16:29:00-04:00,6.68,6.73,6.6,6.72,0,0,0,0,0,2026100401,0,,,,,,,,,,,,,,,,,,,,,,,,,,,,,,,,,,,,,,,,,,,,3.369495084705194,6.153384683915469,6.886068284671444,6.752508099366152,18554,33234.6
2026-08-12T16:30:00-04:00,6.65,6.9269,6.65,6.83,0,0,0,0,0,2026100401,0,,,,,,,,,,,,,,,,,,,,,,,,,,,,,,,,,,,,,,,,,,,,3.369495084705194,6.153776624164045,6.880728448036068,6.768006479492922,31202,33276.9
2026-08-12T16:31:00-04:00,6.85,6.85,6.75,6.77,0,0,0,0,0,2026100401,0,,,,,,,,,,,,,,,,,,,,,,,,,,,,,,,,,,,,,,,,,,,,3.369495084705194,6.1539565056378915,6.870182881556443,6.7684051835943375,14610,32313.85
2026-08-12T16:32:00-04:00,6.77,6.78,6.7,6.78,0,0,0,0,0,2026100401,0,,,,,,,,,,,,,,,,,,,,,,,,,,,,,,,,,,,,,,,,,,,,3.369495084705194,6.154076973497018,6.8615940356939245,6.77072414687547,10388,28840.35
2026-08-12T16:33:00-04:00,6.7,6.7884,6.69,6.71,0,0,0,0,0,2026100401,0,,,,,,,,,,,,,,,,,,,,,,,,,,,,,,,,,,,,,,,,,,,,3.369495084705194,6.1541581641163345,6.8471565084849795,6.758579317500376,7294,26114.9
2026-08-12T16:34:00-04:00,6.71,6.75,6.66,6.67,0,0,0,0,0,2026100401,0,,,,,,,,,,,,,,,,,,,,,,,,,,,,,,,,,,,,,,,,,,,,3.369495084705194,6.154213377881202,6.830284460057839,6.740863454000301,5294,24250.95
2026-08-12T16:35:00-04:00,6.6936,6.8,6.66,6.78,0,0,0,0,0,2026100401,0,,,,,,,,,,,,,,,,,,,,,,,,,,,,,,,,,,,,,,,,,,,,3.369495084705194,6.154372641630743,6.825495463861854,6.7486907632002415,13901,23755.5
2026-08-12T16:36:00-04:00,6.78,6.86,6.76,6.8,0,0,0,0,0,2026100401,0,,,,,,,,,,,,,,,,,,,,,,,,,,,,,,,,,,,,,,,,,,,,3.369495084705194,6.154598610029961,6.8230673244464395,6.758952610560193,17920,23149.1
2026-08-12T16:37:00-04:00,6.8,6.83,6.77,6.78,0,0,0,0,0,2026100401,0,,,,,,,,,,,,,,,,,,,,,,,,,,,,,,,,,,,,,,,,,,,,3.369495084705194,6.154758016366845,6.818965674499159,6.763162088448155,12913,19992.65
2026-08-12T16:38:00-04:00,6.78,6.8404,6.76,6.8399,0,0,0,0,0,2026100401,0,,,,,,,,,,,,,,,,,,,,,,,,,,,,,,,,,,,,,,,,,,,,3.369495084705194,6.154944522074669,6.820959419784954,6.778509670758524,14655,19749.1
2026-08-12T16:39:00-04:00,6.7971,6.84,6.7001,6.7077,0,0,0,0,0,2026100401,0,,,,,,,,,,,,,,,,,,,,,,,,,,,,,,,,,,,,,,,,,,,,3.369495084705194,6.155094877384947,6.810172808376863,6.764347736606819,13097,18929.55
2026-08-12T16:40:00-04:00,6.75,6.75,6.68,6.68,0,0,0,0,0,2026100401,0,,,,,,,,,,,,,,,,,,,,,,,,,,,,,,,,,,,,,,,,,,,,3.369495084705194,6.1551342056937,6.797775398055257,6.747478189285455,3714,18275.6
2026-08-12T16:41:00-04:00,6.68,6.68,6.57,6.6,0,0,0,0,0,2026100401,0,,,,,,,,,,,,,,,,,,,,,,,,,,,,,,,,,,,,,,,,,,,,3.369495084705194,6.155267750558542,6.778939645859518,6.7179825514283635,14985,18164.2
2026-08-12T16:42:00-04:00,6.58,6.6748,6.4,6.43,0,0,0,0,0,2026100401,0,,,,,,,,,,,,,,,,,,,,,,,,,,,,,,,,,,,,,,,,,,,,3.369495084705194,6.155429551563063,6.745707298634802,6.660386041142691,24206,17960.5
2026-08-12T16:43:00-04:00,6.426,6.4371,6.31,6.38,0,0,0,0,0,2026100401,0,,,,,,,,,,,,,,,,,,,,,,,,,,,,,,,,,,,,,,,,,,,,3.369495084705194,6.155565848794416,6.710878032098154,6.604308832914152,32080,17995.15
2026-08-12T16:44:00-04:00,6.35,6.45,6.33,6.4008,0,0,0,0,0,2026100401,0,,,,,,,,,,,,,,,,,,,,,,,,,,,,,,,,,,,,,,,,,,,,3.369495084705194,6.155688469732947,6.681346790945948,6.563607066331322,26721,18728.8
2026-08-12T16:45:00-04:00,6.4,6.41,6.32,6.36,0,0,0,0,0,2026100401,0,,,,,,,,,,,,,,,,,,,,,,,,,,,,,,,,,,,,,,,,,,,,3.369495084705194,6.155732214137641,6.650742334665382,6.522885653065058,10930,18626.75
2026-08-12T16:46:00-04:00,6.35,6.35,6.21,6.2369,0,0,0,0,0,2026100401,0,,,,,,,,,,,,,,,,,,,,,,,,,,,,,,,,,,,,,,,,,,,,3.369495084705194,6.155862957498251,6.611328778982965,6.465688522452046,61795,20197.85
2026-08-12T16:47:00-04:00,6.24,6.24,6.09,6.17,0,0,0,0,0,2026100401,0,,,,,,,,,,,,,,,,,,,,,,,,,,,,,,,,,,,,,,,,,,,,3.369495084705194,6.155872135666995,6.569297466698873,6.406550817961637,44166,19866.05
2026-08-12T16:48:00-04:00,6.18,6.25,6.17,6.17,0,0,0,0,0,2026100401,0,,,,,,,,,,,,,,,,,,,,,,,,,,,,,,,,,,,,,,,,,,,,3.369495084705194,6.1558827638508005,6.531269136537076,6.35924065436931,13548,19598.65
2026-08-12T16:49:00-04:00,6.17,6.33,6.15,6.3,0,0,0,0,0,2026100401,0,,,,,,,,,,,,,,,,,,,,,,,,,,,,,,,,,,,,,,,,,,,,3.369495084705194,6.155922219999921,6.509243504485926,6.347392523495448,19714,19656.65
2026-08-12T16:50:00-04:00,6.2563,6.29,6.15,6.1501,0,0,0,0,0,2026100401,0,,,,,,,,,,,,,,,,,,,,,,,,,,,,,,,,,,,,,,,,,,,,3.369495084705194,6.1559320261353205,6.475039361201552,6.307934018796359,12513,18722.2
2026-08-12T16:51:00-04:00,6.15,6.1899,5.79,5.79,0,0,0,0,0,2026100401,0,,,,,,,,,,,,,,,,,,,,,,,,,,,,,,,,,,,,,,,,,,,,3.369495084705194,6.15555908762614,6.409797517277594,6.204347215037087,83551,22169.25
2026-08-12T16:52:00-04:00,5.83,5.9,5.71,5.71,0,0,0,0,0,2026100401,0,,,,,,,,,,,,,,,,,,,,,,,,,,,,,,,,,,,,,,,,,,,,3.369495084705194,6.155289690160683,6.343150134679728,6.10547777202967,36759,23487.8
2026-08-12T16:53:00-04:00,5.71,6.44,5.65,6.22,0,0,0,0,0,2026100401,0,,,,,,,,,,,,,,,,,,,,,,,,,,,,,,,,,,,,,,,,,,,,3.369495084705194,6.155181797582916,6.331421550424516,6.128382217623736,108529,28549.55
2026-08-12T16:54:00-04:00,6.2993,6.4,6.22,6.3,0,0,0,0,0,2026100401,0,,,,,,,,,,,,,,,,,,,,,,,,,,,,,,,,,,,,,,,,,,,,3.369495084705194,6.15531133173598,6.328429021812657,6.162705774098989,44728,30521.25
2026-08-12T16:55:00-04:00,6.3,6.3,6.15,6.2,0,0,0,0,0,2026100401,0,,,,,,,,,,,,,,,,,,,,,,,,,,,,,,,,,,,,,,,,,,,,3.369495084705194,6.155334955689382,6.316197686401928,6.170164619279191,20148,30833.6
2026-08-12T16:56:00-04:00,6.2,6.31,6.1403,6.2769,0,0,0,0,0,2026100401,0,,,,,,,,,,,,,,,,,,,,,,,,,,,,,,,,,,,,,,,,,,,,3.369495084705194,6.155367677817629,6.312455049601745,6.191511695423353,19674,30921.3
2026-08-12T16:57:00-04:00,6.2797,6.29,6.15,6.15,0,0,0,0,0,2026100401,0,,,,,,,,,,,,,,,,,,,,,,,,,,,,,,,,,,,,,,,,,,,,3.369495084705194,6.155373182313437,6.296983140115865,6.183209356338683,6978,30624.55
2026-08-12T16:58:00-04:00,6.18,6.26,6.15,6.15,0,0,0,0,0,2026100401,0,,,,,,,,,,,,,,,,,,,,,,,,,,,,,,,,,,,,,,,,,,,,3.369495084705194,6.155380198623736,6.282984745819116,6.176567485070946,11741,30478.85
2026-08-12T16:59:00-04:00,6.14,6.1721,6.01,6.02,0,0,0,0,0,2026100401,0,,,,,,,,,,,,,,,,,,,,,,,,,,,,,,,,,,,,,,,,,,,,3.369495084705194,6.155359648035041,6.257938579550628,6.145253988056757,12230,30435.5
2026-08-12T17:00:00-04:00,6.09,6.1595,5.96,6.07,0,0,0,0,0,2026100401,0,,,,,,,,,,,,,,,,,,,,,,,,,,,,,,,,,,,,,,,,,,,,3.369495084705194,6.155321655321967,6.240039667212473,6.130203190445405,21594,31329.5
2026-08-12T17:01:00-04:00,6.09,6.1,5.9378,6.0,0,0,0,0,0,2026100401,0,,,,,,,,,,,,,,,,,,,,,,,,,,,,,,,,,,,,,,,,,,,,3.369495084705194,6.155288025556603,6.217178746525571,6.104162552356324,12350,31197.75
2026-08-12T17:02:00-04:00,6.0,6.02,5.83,5.87,0,0,0,0,0,2026100401,0,,,,,,,,,,,,,,,,,,,,,,,,,,,,,,,,,,,,,,,,,,,,3.369495084705194,6.155165066617114,6.184114103999326,6.057330041885059,25934,31284.15
2026-08-12T17:03:00-04:00,5.87,5.87,5.79,5.83,0,0,0,0,0,2026100401,0,,,,,,,,,,,,,,,,,,,,,,,,,,,,,,,,,,,,,,,,,,,,3.369495084705194,6.155083960231235,6.150388951237485,6.011864033508047,13083,30334.3
2026-08-12T17:04:00-04:00,5.83,5.98,5.81,5.93,0,0,0,0,0,2026100401,0,,,,,,,,,,,,,,,,,,,,,,,,,,,,,,,,,,,,,,,,,,,,3.369495084705194,6.155034993335166,6.129399527310105,5.995491226806438,10341,29515.3
2026-08-12T17:05:00-04:00,5.93,5.97,5.9,5.97,0,0,0,0,0,2026100401,0,,,,,,,,,,,,,,,,,,,,,,,,,,,,,,,,,,,,,,,,,,,,3.369495084705194,6.155020354223159,6.114218619947238,5.99039298144515,3686,29153.1
2026-08-12T17:06:00-04:00,5.9,6.05,5.9,6.02,0,0,0,0,0,2026100401,0,,,,,,,,,,,,,,,,,,,,,,,,,,,,,,,,,,,,,,,,,,,,3.369495084705194,6.155001405829687,6.105245418047501,5.99631438515612,6025,26364.6
2026-08-12T17:07:00-04:00,6.0162,6.05,5.9356,5.9356,0,0,0,0,0,2026100401,0,,,,,,,,,,,,,,,,,,,,,,,,,,,,,,,,,,,,,,,,,,,,3.369495084705194,6.154979979410946,6.089088711566786,5.984171508124896,6203,24466.45
2026-08-12T17:08:00-04:00,5.93,5.93,5.89,5.89,0,0,0,0,0,2026100401,0,,,,,,,,,,,,,,,,,,,,,,,,,,,,,,,,,,,,,,,,,,,,3.369495084705194,6.154942150020039,6.070127881893759,5.965337206499917,7890,24183.55
2026-08-12T17:09:00-04:00,5.9488,5.9488,5.87,5.87,0,0,0,0,0,2026100401,0,,,,,,,,,,,,,,,,,,,,,,,,,,,,,,,,,,,,,,,,,,,,3.369495084705194,6.1549027328009,6.051068083618163,5.946269765199934,7999,23597.8
2026-08-12T17:10:00-04:00,5.92,5.99,5.91,5.91,0,0,0,0,0,2026100401,0,,,,,,,,,,,,,,,,,,,,,,,,,,,,,,,,,,,,,,,,,,,,3.369495084705194,6.154881307678288,6.037633028035481,5.939015812159947,5154,23229.85
2026-08-12T17:11:00-04:00,5.9222,5.97,5.9,5.9,0,0,0,0,0,2026100401,0,,,,,,,,,,,,,,,,,,,,,,,,,,,,,,,,,,,,,,,,,,,,3.369495084705194,6.154861686776399,6.02452512060353,5.931212649727957,4449,19274.75
2026-08-12T17:12:00-04:00,5.95,6.27,5.92,6.27,0,0,0,0,0,2026100401,0,,,,,,,,,,,,,,,,,,,,,,,,,,,,,,,,,,,,,,,,,,,,3.369495084705194,6.154861200098956,6.047903680546051,5.998970119782365,16724,18273.0
2026-08-12T17:13:00-04:00,6.24,6.74,6.24,6.5125,0,0,0,0,0,2026100401,0,,,,,,,,,,,,,,,,,,,,,,,,,,,,,,,,,,,,,,,,,,,,3.369495084705194,6.155263954849548,6.092150949065475,6.101676095825892,61807,15936.9
2026-08-12T17:14:00-04:00,6.46,6.49,6.3449,6.3493,0,0,0,0,0,2026100401,0,,,,,,,,,,,,,,,,,,,,,,,,,,,,,,,,,,,,,,,,,,,,3.369495084705194,6.155382229369894,6.116641334868763,6.151200876660714,25983,14999.65
2026-08-12T17:15:00-04:00,6.35,6.44,6.26,6.32,0,0,0,0,0,2026100401,0,,,,,,,,,,,,,,,,,,,,,,,,,,,,,,,,,,,,,,,,,,,,3.369495084705194,6.155430224657238,6.136008826786024,6.1849607013285715,13680,14676.25
2026-08-12T17:16:00-04:00,6.3391,6.3391,6.28,6.3001,0,0,0,0,0,2026100401,0,,,,,,,,,,,,,,,,,,,,,,,,,,,,,,,,,,,,,,,,,,,,3.369495084705194,6.155453829882928,6.151636557568307,6.207988561062857,8229,14104.0
2026-08-12T17:17:00-04:00,6.32,6.4,6.3003,6.36,0,0,0,0,0,2026100401,0,,,,,,,,,,,,,,,,,,,,,,,,,,,,,,,,,,,,,,,,,,,,3.369495084705194,6.155481772068704,6.171480694942754,6.238390848850286,7429,14126.55
2026-08-12T17:18:00-04:00,6.3115,6.3438,6.27,6.33,0,0,0,0,0,2026100401,0,,,,,,,,,,,,,,,,,,,,,,,,,,,,,,,,,,,,,,,,,,,,3.369495084705194,6.155487388495468,6.186577771614872,6.256712679080229,1858,13632.4
2026-08-12T17:19:00-04:00,6.35,6.44,6.35,6.44,0,0,0,0,0,2026100401,0,,,,,,,,,,,,,,,,,,,,,,,,,,,,,,,,,,,,,,,,,,,,3.369495084705194,6.155528136869177,6.210713221937265,6.293370143264183,8429,13442.35
2026-08-12T17:20:00-04:00,6.42,6.75,6.42,6.5607,0,0,0,0,0,2026100401,0,,,,,,,,,,,,,,,,,,,,,,,,,,,,,,,,,,,,,,,,,,,,3.369495084705194,6.155839610306549,6.244045296038478,6.346836114611347,38945,14309.9
2026-08-12T17:21:00-04:00,6.56,6.59,6.31,6.31,0,0,0,0,0,2026100401,0,,,,,,,,,,,,,,,,,,,,,,,,,,,,,,,,,,,,,,,,,,,,3.369495084705194,6.155936228594828,6.250326696415766,6.339468891689077,20576,14721.2
2026-08-12T17:22:00-04:00,6.35,6.3546,6.21,6.3054,0,0,0,0,0,2026100401,0,,,,,,,,,,,,,,,,,,,,,,,,,,,,,,,,,,,,,,,,,,,,3.369495084705194,6.155951554463813,6.255571772947598,6.332655113351262,6026,13725.8
2026-08-12T17:23:00-04:00,6.25,6.45,6.25,6.41,0,0,0,0,0,2026100401,0,,,,,,,,,,,,,,,,,,,,,,,,,,,,,,,,,,,,,,,,,,,,3.369495084705194,6.156006399923741,6.270279223143065,6.34812409068101,13510,13747.15
2026-08-12T17:24:00-04:00,6.4123,6.4123,6.29,6.3,0,0,0,0,0,2026100401,0,,,,,,,,,,,,,,,,,,,,,,,,,,,,,,,,,,,,,,,,,,,,3.369495084705194,6.156028359046243,6.273109773319916,6.338499272544808,6502,13555.2
2026-08-12T17:25:00-04:00,6.28,6.35,6.25,6.25,0,0,0,0,0,2026100401,0,,,,,,,,,,,,,,,,,,,,,,,,,,,,,,,,,,,,,,,,,,,,3.369495084705194,6.156033653067098,6.270908842527543,6.320799418035846,2193,13480.55
2026-08-12T17:26:00-04:00,6.26,6.45,6.26,6.45,0,0,0,0,0,2026100401,0,,,,,,,,,,,,,,,,,,,,,,,,,,,,,,,,,,,,,,,,,,,,3.369495084705194,6.1560809814612245,6.287965143239206,6.346639534428677,10824,13720.5
2026-08-12T17:27:00-04:00,6.46,6.5423,6.4216,6.46,0,0,0,0,0,2026100401,0,,,,,,,,,,,,,,,,,,,,,,,,,,,,,,,,,,,,,,,,,,,,3.369495084705194,6.1561405549743915,6.304349415311663,6.369311627542942,9866,13903.65
2026-08-12T17:28:00-04:00,6.4413,6.7,6.4413,6.7,0,0,0,0,0,2026100401,0,,,,,,,,,,,,,,,,,,,,,,,,,,,,,,,,,,,,,,,,,,,,3.369495084705194,6.156296243113321,6.342030423377219,6.435449302034353,17954,14406.85
2026-08-12T17:29:00-04:00,6.68,6.7,6.5901,6.5901,0,0,0,0,0,2026100401,0,,,,,,,,,,,,,,,,,,,,,,,,,,,,,,,,,,,,,,,,,,,,3.369495084705194,6.156393611194912,6.365656097341294,6.466379441627483,10925,14553.15
2026-08-12T17:30:00-04:00,6.59,6.75,6.55,6.61,0,0,0,0,0,2026100401,0,,,,,,,,,,,,,,,,,,,,,,,,,,,,,,,,,,,,,,,,,,,,3.369495084705194,6.1565511226111225,6.3889269452135515,6.495103553301987,17317,15161.3
2026-08-12T17:31:00-04:00,6.7,6.7179,6.63,6.67,0,0,0,0,0,2026100401,0,,,,,,,,,,,,,,,,,,,,,,,,,,,,,,,,,,,,,,,,,,,,3.369495084705194,6.156693763275774,6.415695807574165,6.53008284264159,14598,15668.75
2026-08-12T17:32:00-04:00,6.67,6.7454,6.67,6.7,0,0,0,0,0,2026100401,0,,,,,,,,,,,,,,,,,,,,,,,,,,,,,,,,,,,,,,,,,,,,3.369495084705194,6.156784036298062,6.442772397329007,6.564066274113272,8695,15267.3
2026-08-12T17:33:00-04:00,6.7007,7.26,6.7007,7.05,0,0,0,0,0,2026100401,0,,,,,,,,,,,,,,,,,,,,,,,,,,,,,,,,,,,,,,,,,,,,3.369495084705194,6.1580388562499735,6.500603597583387,6.661253019290617,78396,16096.75
2026-08-12T17:34:00-04:00,7.05,7.26,6.9546,6.96,0,0,0,0,0,2026100401,0,,,,,,,,,,,,,,,,,,,,,,,,,,,,,,,,,,,,,,,,,,,,3.369495084705194,6.158445708744323,6.5443556359087784,6.721002415432494,23922,15993.7
2026-08-12T17:35:00-04:00,6.96,6.99,6.67,6.81,0,0,0,0,0,2026100401,0,,,,,,,,,,,,,,,,,,,,,,,,,,,,,,,,,,,,,,,,,,,,3.369495084705194,6.158846165543252,6.569655099155561,6.738801932345996,31897,16904.55
2026-08-12T17:36:00-04:00,6.8155,6.92,6.8155,6.92,0,0,0,0,0,2026100401,0,,,,,,,,,,,,,,,,,,,,,,,,,,,,,,,,,,,,,,,,,,,,3.369495084705194,6.159010992376961,6.603021280188365,6.775041545876796,12021,17094.15
2026-08-12T17:37:00-04:00,6.9061,6.91,6.67,6.71,0,0,0,0,0,2026100401,0,,,,,,,,,,,,,,,,,,,,,,,,,,,,,,,,,,,,,,,,,,,,3.369495084705194,6.15912813472296,6.613209729694235,6.762033236701437,10270,17236.2
2026-08-12T17:38:00-04:00,6.7473,7.0001,6.7473,6.85,0,0,0,0,0,2026100401,0,,,,,,,,,,,,,,,,,,,,,,,,,,,,,,,,,,,,,,,,,,,,3.369495084705194,6.159314111670935,6.63576118400907,6.77962658936115,13947,17840.65
2026-08-12T17:39:00-04:00,6.81,6.81,6.74,6.76,0,0,0,0,0,2026100401,0,,,,,,,,,,,,,,,,,,,,,,,,,,,,,,,,,,,,,,,,,,,,3.369495084705194,6.159354129610322,6.647593452198683,6.77570127148892,3473,17592.85
2026-08-12T17:40:00-04:00,6.82,6.85,6.76,6.84,0,0,0,0,0,2026100401,0,,,,,,,,,,,,,,,,,,,,,,,,,,,,,,,,,,,,,,,,,,,,3.369495084705194,6.159484440063711,6.665917885322617,6.788561017191136,10509,16171.05
2026-08-12T17:41:00-04:00,6.849,6.849,6.77,6.7963,0,0,0,0,0,2026100401,0,,,,,,,,,,,,,,,,,,,,,,,,,,,,,,,,,,,,,,,,,,,,3.369495084705194,6.159538620923744,6.678335229577606,6.790108813752909,4449,15364.7
2026-08-12T17:42:00-04:00,6.85,6.9,6.77,6.89,0,0,0,0,0,2026100401,0,,,,,,,,,,,,,,,,,,,,,,,,,,,,,,,,,,,,,,,,,,,,3.369495084705194,6.159631944935175,6.698493779141644,6.810087051002327,7132,15420.0
2026-08-12T17:43:00-04:00,6.8007,6.8007,6.55,6.61,0,0,0,0,0,2026100401,0,,,,,,,,,,,,,,,,,,,,,,,,,,,,,,,,,,,,,,,,,,,,3.369495084705194,6.1598210765937855,6.6900658001757725,6.770069640801862,20310,15760.0
2026-08-12T17:44:00-04:00,6.6,6.75,6.6,6.64,0,0,0,0,0,2026100401,0,,,,,,,,,,,,,,,,,,,,,,,,,,,,,,,,,,,,,,,,,,,,3.369495084705194,6.159891930450101,6.685297628730461,6.744055712641489,7465,15808.15
2026-08-12T17:45:00-04:00,6.64,6.64,6.5714,6.5714,0,0,0,0,0,2026100401,0,,,,,,,,,,,,,,,,,,,,,,,,,,,,,,,,,,,,,,,,,,,,3.369495084705194,6.159920284319432,6.674450235518036,6.709524570113191,3463,15871.65
2026-08-12T17:46:00-04:00,6.57,6.668,6.52,6.668,0,0,0,0,0,2026100401,0,,,,,,,,,,,,,,,,,,,,,,,,,,,,,,,,,,,,,,,,,,,,3.369495084705194,6.159961527036529,6.673835927373461,6.7012196560905535,4770,15568.95
2026-08-12T17:47:00-04:00,6.68,6.73,6.55,6.6741,0,0,0,0,0,2026100401,0,,,,,,,,,,,,,,,,,,,,,,,,,,,,,,,,,,,,,,,,,,,,3.369495084705194,6.160024786325551,6.673861077147417,6.6957957248724425,6831,15417.2
2026-08-12T17:48:00-04:00,6.68,6.6825,6.61,6.63,0,0,0,0,0,2026100401,0,,,,,,,,,,,,,,,,,,,,,,,,,,,,,,,,,,,,,,,,,,,,3.369495084705194,6.160056053542133,6.6696838317048055,6.682636579897954,3451,14692.05
2026-08-12T17:49:00-04:00,6.64,6.6448,6.64,6.6448,0,0,0,0,0,2026100401,0,,,,,,,,,,,,,,,,,,,,,,,,,,,,,,,,,,,,,,,,,,,,3.369495084705194,6.1600578744039325,6.667313942971014,6.675069263918363,200,14155.8
2026-08-12T17:50:00-04:00,6.6386,6.77,6.6385,6.726,0,0,0,0,0,2026100401,0,,,,,,,,,,,,,,,,,,,,,,,,,,,,,,,,,,,,,,,,,,,,3.369495084705194,6.160170275093479,6.672903091259489,6.6852554111346905,10819,13830.9
2026-08-12T17:51:00-04:00,6.73,6.89,6.73,6.75,0,0,0,0,0,2026100401,0,,,,,,,,,,,,,,,,,,,,,,,,,,,,,,,,,,,,,,,,,,,,3.369495084705194,6.160250277501591,6.68024565399668,6.698204328907752,6743,13438.15
2026-08-12T17:52:00-04:00,6.75,6.75,6.55,6.56,0,0,0,0,0,2026100401,0,,,,,,,,,,,,,,,,,,,,,,,,,,,,,,,,,,,,,,,,,,,,3.369495084705194,6.160325716310251,6.668793686949377,6.670563463126202,8712,13439.0
2026-08-12T17:53:00-04:00,6.55,6.6,6.5,6.5052,0,0,0,0,0,2026100401,0,,,,,,,,,,,,,,,,,,,,,,,,,,,,,,,,,,,,,,,,,,,,3.369495084705194,6.160360791689054,6.6532133358113414,6.637490770500961,4970,9767.7
2026-08-12T17:54:00-04:00,6.5139,6.5937,6.49,6.5084,0,0,0,0,0,2026100401,0,,,,,,,,,,,,,,,,,,,,,,,,,,,,,,,,,,,,,,,,,,,,3.369495084705194,6.160382341711573,6.639421589543595,6.611672616400769,3090,8726.1
2026-08-12T17:55:00-04:00,6.55,6.55,6.4117,6.4117,0,0,0,0,0,2026100401,0,,,,,,,,,,,,,,,,,,,,,,,,,,,,,,,,,,,,,,,,,,,,3.369495084705194,6.160407946732564,6.617733819110872,6.571678093120616,4572,7359.85
2026-08-12T17:56:00-04:00,6.45,6.5233,6.41,6.49,0,0,0,0,0,2026100401,0,,,,,,,,,,,,,,,,,,,,,,,,,,,,,,,,,,,,,,,,,,,,3.369495084705194,6.160419932175709,6.605568693481265,6.555342474496492,2027,6860.15
2026-08-12T17:57:00-04:00,6.4618,6.58,6.4,6.4,0,0,0,0,0,2026100401,0,,,,,,,,,,,,,,,,,,,,,,,,,,,,,,,,,,,,,,,,,,,,3.369495084705194,6.160452741705112,6.585990722673525,6.524273979597194,5817,6637.5
2026-08-12T17:58:00-04:00,6.4927,6.4927,6.44,6.44,0,0,0,0,0,2026100401,0,,,,,,,,,,,,,,,,,,,,,,,,,,,,,,,,,,,,,,,,,,,,3.369495084705194,6.160459683514167,6.572086844323666,6.507419183677755,1241,6002.2
2026-08-12T17:59:00-04:00,6.4,6.4,6.37,6.39,0,0,0,0,0,2026100401,0,,,,,,,,,,,,,,,,,,,,,,,,,,,,,,,,,,,,,,,,,,,,3.369495084705194,6.160483955881502,6.554745240102364,6.4839353469422045,5700,6113.55
2026-08-12T18:00:00-04:00,6.35,6.39,6.3,6.31,0,0,0,0,0,2026100401,0,,,,,,,,,,,,,,,,,,,,,,,,,,,,,,,,,,,,,,,,,,,,3.369495084705194,6.160522821026652,6.531436169616425,6.449148277553763,11947,6185.45
2026-08-12T18:01:00-04:00,6.3613,6.45,6.3301,6.44,0,0,0,0,0,2026100401,0,,,,,,,,,,,,,,,,,,,,,,,,,,,,,,,,,,,,,,,,,,,,3.369495084705194,6.160541032803304,6.5227279629862895,6.447318622043011,3931,6159.55
2026-08-12T18:02:00-04:00,6.4499,6.45,6.41,6.4133,0,0,0,0,0,2026100401,0,,,,,,,,,,,,,,,,,,,,,,,,,,,,,,,,,,,,,,,,,,,,3.369495084705194,6.160565851764778,6.512306252225691,6.440514897634409,4998,6052.85
2026-08-12T18:03:00-04:00,6.45,6.58,6.4,6.512,0,0,0,0,0,2026100401,0,,,,,,,,,,,,,,,,,,,,,,,,,,,,,,,,,,,,,,,,,,,,3.369495084705194,6.160607215293684,6.512277085347053,6.454811918107527,6528,5363.75
2026-08-12T18:04:00-04:00,6.54,6.56,6.51,6.56,0,0,0,0,0,2026100401,0,,,,,,,,,,,,,,,,,,,,,,,,,,,,,,,,,,,,,,,,,,,,3.369495084705194,6.160613278475619,6.51682212483781,6.475849534486022,842,5032.6
2026-08-12T18:05:00-04:00,6.58,6.61,6.56,6.5838,0,0,0,0,0,2026100401,0,,,,,,,,,,,,,,,,,,,,,,,,,,,,,,,,,,,,,,,,,,,,3.369495084705194,6.160647649616632,6.523200970091351,6.497439627588817,4309,5074.9
2026-08-12T18:06:00-04:00,6.59,6.59,6.3901,6.3901,0,0,0,0,0,2026100401,0,,,,,,,,,,,,,,,,,,,,,,,,,,,,,,,,,,,,,,,,,,,,3.369495084705194,6.160668536961545,6.510524687225509,6.475971702071054,3750,5023.9
2026-08-12T18:07:00-04:00,6.42,6.553,6.36,6.49,0,0,0,0,0,2026100401,0,,,,,,,,,,,,,,,,,,,,,,,,,,,,,,,,,,,,,,,,,,,,3.369495084705194,6.160682385370463,6.508569955108793,6.478777361656843,2398,4802.25
2026-08-12T18:08:00-04:00,6.5351,6.5351,6.44,6.4699,0,0,0,0,0,2026100401,0,,,,,,,,,,,,,,,,,,,,,,,,,,,,,,,,,,,,,,,,,,,,3.369495084705194,6.160686611969574,6.504887102241289,6.477001889325474,700,4664.7
2026-08-12T18:09:00-04:00,6.5076,6.6431,6.46,6.6431,0,0,0,0,0,2026100401,0,,,,,,,,,,,,,,,,,,,,,,,,,,,,,,,,,,,,,,,,,,,,3.369495084705194,6.160710810282616,6.518050235361167,6.510221511460379,3053,4807.35
2026-08-12T18:10:00-04:00,6.57,6.65,6.57,6.6494,0,0,0,0,0,2026100401,0,,,,,,,,,,,,,,,,,,,,,,,,,,,,,,,,,,,,,,,,,,,,3.369495084705194,6.16073527668103,6.530559736755341,6.538057209168303,2813,4407.05
2026-08-12T18:11:00-04:00,6.6303,6.65,6.6,6.6008,0,0,0,0,0,2026100401,0,,,,,,,,,,,,,,,,,,,,,,,,,,,,,,,,,,,,,,,,,,,,3.369495084705194,6.160768172110045,6.537249285635785,6.550605767334643,3834,4261.6
2026-08-12T18:12:00-04:00,6.63,6.63,6.6,6.6203,0,0,0,0,0,2026100401,0,,,,,,,,,,,,,,,,,,,,,,,,,,,,,,,,,,,,,,,,,,,,3.369495084705194,6.160784088927539,6.545158877479996,6.564544613867715,1856,3918.8
2026-08-12T18:13:00-04:00,6.63,6.63,6.6,6.6,0,0,0,0,0,2026100401,0,,,,,,,,,,,,,,,,,,,,,,,,,,,,,,,,,,,,,,,,,,,,3.369495084705194,6.160797901494273,6.5503818415295205,6.571635691094172,1635,3752.05
2026-08-12T18:14:00-04:00,6.64,6.64,6.6,6.637,0,0,0,0,0,2026100401,0,,,,,,,,,,,,,,,,,,,,,,,,,,,,,,,,,,,,,,,,,,,,3.369495084705194,6.160814782502099,6.55863118995528,6.5847085528753375,1931,3694.1
2026-08-12T18:15:00-04:00,6.64,6.64,6.6003,6.622,0,0,0,0,0,2026100401,0,,,,,,,,,,,,,,,,,,,,,,,,,,,,,,,,,,,,,,,,,,,,3.369495084705194,6.160837694262401,6.5646663147214435,6.59216684230027,2649,3597.95
2026-08-12T18:16:00-04:00,6.62,6.63,6.6,6.6062,0,0,0,0,0,2026100401,0,,,,,,,,,,,,,,,,,,,,,,,,,,,,,,,,,,,,,,,,,,,,3.369495084705194,6.160875882826542,6.5686219037955915,6.594973473840216,4501,3721.65
2026-08-12T18:17:00-04:00,6.6,6.63,6.6,6.628,0,0,0,0,0,2026100401,0,,,,,,,,,,,,,,,,,,,,,,,,,,,,,,,,,,,,,,,,,,,,3.369495084705194,6.1608908042174235,6.574276960576964,6.601578779072173,1731,3517.35
2026-08-12T18:18:00-04:00,6.63,6.66,6.625,6.66,0,0,0,0,0,2026100401,0,,,,,,,,,,,,,,,,,,,,,,,,,,,,,,,,,,,,,,,,,,,,3.369495084705194,6.161024577774357,6.582441059569634,6.613263023257739,14600,4185.3
2026-08-12T18:19:00-04:00,6.6871,6.7386,6.65,6.7011,0,0,0,0,0,2026100401,0,,,,,,,,,,,,,,,,,,,,,,,,,,,,,,,,,,,,,,,,,,,,3.369495084705194,6.1610836125271105,6.593741911039192,6.630830418606191,5865,4193.55
2026-08-12T18:20:00-04:00,6.71,6.71,6.66,6.6618,0,0,0,0,0,2026100401,0,,,,,,,,,,,,,,,,,,,,,,,,,,,,,,,,,,,,,,,,,,,,3.369495084705194,6.161109349973914,6.6002236337973645,6.637024334884953,2653,3728.85
2026-08-12T18:21:00-04:00,6.6676,6.8,6.6676,6.76,0,0,0,0,0,2026100401,0,,,,,,,,,,,,,,,,,,,,,,,,,,,,,,,,,,,,,,,,,,,,3.369495084705194,6.161175759212335,6.615440430578568,6.661619467907962,6078,3836.2
2026-08-12T18:22:00-04:00,6.78,6.9,6.78,6.8706,0,0,0,0,0,2026100401,0,,,,,,,,,,,,,,,,,,,,,,,,,,,,,,,,,,,,,,,,,,,,3.369495084705194,6.161361619304432,6.639741341952037,6.703415574326369,14358,4304.2
2026-08-12T18:23:00-04:00,6.8731,6.89,6.6801,6.76,0,0,0,0,0,2026100401,0,,,,,,,,,,,,,,,,,,,,,,,,,,,,,,,,,,,,,,,,,,,,3.369495084705194,6.1614583297110554,6.651194547480415,6.7147324594610955,8367,4396.15
2026-08-12T18:24:00-04:00,6.7108,6.799,6.709,6.7985,0,0,0,0,0,2026100401,0,,,,,,,,,,,,,,,,,,,,,,,,,,,,,,,,,,,,,,,,,,,,3.369495084705194,6.161501703508631,6.665223638196566,6.731485967568877,3802,4544.15
2026-08-12T18:25:00-04:00,6.76,6.79,6.68,6.68,0,0,0,0,0,2026100401,0,,,,,,,,,,,,,,,,,,,,,,,,,,,,,,,,,,,,,,,,,,,,3.369495084705194,6.1615719551567745,6.666630910749274,6.7211887740551015,6738,4665.6
2026-08-12T18:26:00-04:00,6.68,6.7,6.62,6.62,0,0,0,0,0,2026100401,0,,,,,,,,,,,,,,,,,,,,,,,,,,,,,,,,,,,,,,,,,,,,3.369495084705194,6.16162197434757,6.662189871630296,6.700951019244081,5491,4752.65
2026-08-12T18:27:00-04:00,6.62,6.6454,6.61,6.61,0,0,0,0,0,2026100401,0,,,,,,,,,,,,,,,,,,,,,,,,,,,,,,,,,,,,,,,,,,,,3.369495084705194,6.161642539981544,6.657219407665505,6.682760815395265,2380,4751.75
2026-08-12T18:28:00-04:00,6.6106,6.69,6.6106,6.62,0,0,0,0,0,2026100401,0,,,,,,,,,,,,,,,,,,,,,,,,,,,,,,,,,,,,,,,,,,,,3.369495084705194,6.16165736665927,6.653674702173553,6.670208652316212,1650,4799.25
2026-08-12T18:29:00-04:00,6.66,6.69,6.638,6.638,0,0,0,0,0,2026100401,0,,,,,,,,,,,,,,,,,,,,,,,,,,,,,,,,,,,,,,,,,,,,3.369495084705194,6.161663521693362,6.6521818733951195,6.66376692185297,664,4679.8
2026-08-12T18:30:00-04:00,6.65,6.8,6.65,6.8,0,0,0,0,0,2026100401,0,,,,,,,,,,,,,,,,,,,,,,,,,,,,,,,,,,,,,,,,,,,,3.369495084705194,6.161722595364988,6.666259790214632,6.691013537482376,5348,4806.55
2026-08-12T18:31:00-04:00,6.8,6.83,6.75,6.83,0,0,0,0,0,2026100401,0,,,,,,,,,,,,,,,,,,,,,,,,,,,,,,,,,,,,,,,,,,,,3.369495084705194,6.161750155781564,6.681854095908476,6.718810829985901,2288,4729.25
2026-08-12T18:32:00-04:00,6.85,6.85,6.73,6.7902,0,0,0,0,0,2026100401,0,,,,,,,,,,,,,,,,,,,,,,,,,,,,,,,,,,,,,,,,,,,,3.369495084705194,6.161857953181427,6.692172753441002,6.73308866398872,9140,5093.45
2026-08-12T18:33:00-04:00,6.7546,6.84,6.7546,6.84,0,0,0,0,0,2026100401,0,,,,,,,,,,,,,,,,,,,,,,,,,,,,,,,,,,,,,,,,,,,,3.369495084705194,6.161881866598284,6.706251538827574,6.754470931190976,1961,5109.75
2026-08-12T18:34:00-04:00,6.8301,6.8301,6.75,6.75,0,0,0,0,0,2026100401,0,,,,,,,,,,,,,,,,,,,,,,,,,,,,,,,,,,,,,,,,,,,,3.369495084705194,6.16199570138362,6.710418058939234,6.753576744952781,9866,5506.5
2026-08-12T18:35:00-04:00,6.79,6.8254,6.75,6.8,0,0,0,0,0,2026100401,0,,,,,,,,,,,,,,,,,,,,,,,,,,,,,,,,,,,,,,,,,,,,3.369495084705194,6.162071737767599,6.718949672373593,6.762861395962225,6434,5695.75
2026-08-12T18:36:00-04:00,6.75,6.8,6.75,6.75,0,0,0,0,0,2026100401,0,,,,,,,,,,,,,,,,,,,,,,,,,,,,,,,,,,,,,,,,,,,,3.369495084705194,6.162124373351836,6.72190684643325,6.76028911676978,4640,5702.7
2026-08-12T18:37:00-04:00,6.7928,6.85,6.75,6.85,0,0,0,0,0,2026100401,0,,,,,,,,,,,,,,,,,,,,,,,,,,,,,,,,,,,,,,,,,,,,3.369495084705194,6.162295562924425,6.734106194391988,6.778231293415824,13943,6313.3
2026-08-12T18:38:00-04:00,6.86,7.02,6.8599,6.9701,0,0,0,0,0,2026100401,0,,,,,,,,,,,,,,,,,,,,,,,,,,,,,,,,,,,,,,,,,,,,3.369495084705194,6.162547554910338,6.756581794926085,6.816605034732659,17060,6436.3
2026-08-12T18:39:00-04:00,7.0,7.0,6.8782,6.9127,0,0,0,0,0,2026100401,0,,,,,,,,,,,,,,,,,,,,,,,,,,,,,,,,,,,,,,,,,,,,3.369495084705194,6.1627053256788935,6.771450195409315,6.835824027786128,10961,6691.1
2026-08-12T18:40:00-04:00,6.97,6.9946,6.8,6.9591,0,0,0,0,0,2026100401,0,,,,,,,,,,,,,,,,,,,,,,,,,,,,,,,,,,,,,,,,,,,,3.369495084705194,6.1629323297880045,6.789321605370333,6.860479222228903,16038,7360.35
2026-08-12T18:41:00-04:00,6.94,6.94,6.848,6.8577,0,0,0,0,0,2026100401,0,,,,,,,,,,,,,,,,,,,,,,,,,,,,,,,,,,,,,,,,,,,,3.369495084705194,6.162953997193386,6.795833833430301,6.859923377783122,1608,7136.85
2026-08-12T18:42:00-04:00,6.85,6.875,6.8,6.8461,0,0,0,0,0,2026100401,0,,,,,,,,,,,,,,,,,,,,,,,,,,,,,,,,,,,,,,,,,,,,3.369495084705194,6.1630293138229275,6.800621087389319,6.8571587022264975,5933,6715.6
2026-08-12T18:43:00-04:00,6.8,6.82,6.8,6.81,0,0,0,0,0,2026100401,0,,,,,,,,,,,,,,,,,,,,,,,,,,,,,,,,,,,,,,,,,,,,3.369495084705194,6.163036115345015,6.801514317161765,6.8477269617811976,561,6325.3
2026-08-12T18:44:00-04:00,6.85,6.85,6.83,6.83,0,0,0,0,0,2026100401,0,,,,,,,,,,,,,,,,,,,,,,,,,,,,,,,,,,,,,,,,,,,,3.369495084705194,6.163043058208675,6.804227239336836,6.844181569424958,550,6162.7
2026-08-12T18:45:00-04:00,6.83,6.94,6.83,6.8883,0,0,0,0,0,2026100401,0,,,,,,,,,,,,,,,,,,,,,,,,,,,,,,,,,,,,,,,,,,,,3.369495084705194,6.16309242960212,6.812234168923804,6.8530052555399665,3644,6008.0
2026-08-12T18:46:00-04:00,6.9,7.03,6.9,7.03,0,0,0,0,0,2026100401,0,,,,,,,,,,,,,,,,,,,,,,,,,,,,,,,,,,,,,,,,,,,,3.369495084705194,6.163303179231671,6.832973771883442,6.888404204431973,13660,6416.45
2026-08-12T18:47:00-04:00,7.03,7.07,6.9845,7.0501,0,0,0,0,0,2026100401,0,,,,,,,,,,,,,,,,,,,,,,,,,,,,,,,,,,,,,,,,,,,,3.369495084705194,6.163507923514432,6.8536524602754945,6.920743363545578,12543,6924.6
2026-08-12T18:48:00-04:00,7.0597,7.0597,6.88,6.88,0,0,0,0,0,2026100401,0,,,,,,,,,,,,,,,,,,,,,,,,,,,,,,,,,,,,,,,,,,,,3.369495084705194,6.163642869043408,6.856161749773066,6.912594690836463,9282,7306.2
2026-08-12T18:49:00-04:00,6.94,7.05,6.9131,6.93,0,0,0,0,0,2026100401,0,,,,,,,,,,,,,,,,,,,,,,,,,,,,,,,,,,,,,,,,,,,,3.369495084705194,6.163730199783037,6.863193964080393,6.916075752669171,5825,7564.25
2026-08-12T18:50:00-04:00,6.93,6.9841,6.91,6.95,0,0,0,0,0,2026100401,0,,,,,,,,,,,,,,,,,,,,,,,,,,,,,,,,,,,,,,,,,,,,3.369495084705194,6.16377083093005,6.871461205596546,6.922860602135336,2767,7435.2
2026-08-12T18:51:00-04:00,6.9498,7.0,6.94,6.99,0,0,0,0,0,2026100401,0,,,,,,,,,,,,,,,,,,,,,,,,,,,,,,,,,,,,,,,,,,,,3.369495084705194,6.163798712129001,6.882750614587351,6.936288481708269,1832,7412.4
2026-08-12T18:52:00-04:00,6.96,6.96,6.89,6.9012,0,0,0,0,0,2026100401,0,,,,,,,,,,,,,,,,,,,,,,,,,,,,,,,,,,,,,,,,,,,,3.369495084705194,6.163875281706512,6.8845076989123655,6.929270785366615,5430,7226.9
2026-08-12T18:53:00-04:00,6.91,6.95,6.8394,6.85,0,0,0,0,0,2026100401,0,,,,,,,,,,,,,,,,,,,,,,,,,,,,,,,,,,,,,,,,,,,,3.369495084705194,6.163926380434941,6.881221251396902,6.913416628293292,3813,7319.5
2026-08-12T18:54:00-04:00,6.83,6.85,6.8,6.85,0,0,0,0,0,2026100401,0,,,,,,,,,,,,,,,,,,,,,,,,,,,,,,,,,,,,,,,,,,,,3.369495084705194,6.163974606604795,6.878247798882912,6.900733302634634,3849,7018.65
2026-08-12T18:55:00-04:00,6.81,6.9,6.8,6.8,0,0,0,0,0,2026100401,0,,,,,,,,,,,,,,,,,,,,,,,,,,,,,,,,,,,,,,,,,,,,3.369495084705194,6.164012653890232,6.87079562756073,6.880586642107707,3037,6848.8
2026-08-12T18:56:00-04:00,6.8,6.81,6.79,6.8006,0,0,0,0,0,2026100401,0,,,,,,,,,,,,,,,,,,,,,,,,,,,,,,,,,,,,,,,,,,,,3.369495084705194,6.164019452755712,6.864110329697803,6.8645893136861655,571,6645.35
2026-08-12T18:57:00-04:00,6.8,6.82,6.78,6.82,0,0,0,0,0,2026100401,0,,,,,,,,,,,,,,,,,,,,,,,,,,,,,,,,,,,,,,,,,,,,3.369495084705194,6.164037686456405,6.85990934591706,6.8556714509489325,1516,6024.0
2026-08-12T18:58:00-04:00,6.77,6.82,6.62,6.62,0,0,0,0,0,2026100401,0,,,,,,,,,,,,,,,,,,,,,,,,,,,,,,,,,,,,,,,,,,,,3.369495084705194,6.164079654634638,6.837060836782102,6.808537160759146,4291,5385.55
2026-08-12T18:59:00-04:00,6.65,6.73,6.64,6.6439,0,0,0,0,0,2026100401,0,,,,,,,,,,,,,,,,,,,,,,,,,,,,,,,,,,,,,,,,,,,,3.369495084705194,6.164113434961224,6.818664566612378,6.775609728607317,3559,5015.45
2026-08-12T19:00:00-04:00,6.65,6.82,6.63,6.82,0,0,0,0,0,2026100401,0,,,,,,,,,,,,,,,,,,,,,,,,,,,,,,,,,,,,,,,,,,,,3.369495084705194,6.16426877514573,6.818791750744533,6.784487782885853,14013,4914.2
2026-08-12T19:01:00-04:00,6.69,6.8028,6.69,6.8028,0,0,0,0,0,2026100401,0,,,,,,,,,,,,,,,,,,,,,,,,,,,,,,,,,,,,,,,,,,,,3.369495084705194,6.164276801946898,6.817268726864102,6.788150226308683,714,4869.5
2026-08-12T19:02:00-04:00,6.7155,6.75,6.7155,6.75,0,0,0,0,0,2026100401,0,,,,,,,,,,,,,,,,,,,,,,,,,,,,,,,,,,,,,,,,,,,,3.369495084705194,6.164278950413599,6.810862181448473,6.780520181046946,200,4582.85
2026-08-12T19:03:00-04:00,6.77,6.97,6.7,6.96,0,0,0,0,0,2026100401,0,,,,,,,,,,,,,,,,,,,,,,,,,,,,,,,,,,,,,,,,,,,,3.369495084705194,6.16437818319721,6.825065783215285,6.816416144837557,7447,4927.15
2026-08-12T19:04:00-04:00,6.9507,6.99,6.9,6.99,0,0,0,0,0,2026100401,0,,,,,,,,,,,,,,,,,,,,,,,,,,,,,,,,,,,,,,,,,,,,3.369495084705194,6.164428615421232,6.840773803861448,6.851132915870046,3389,5069.1
2026-08-12T19:05:00-04:00,6.9538,6.9538,6.7479,6.88,0,0,0,0,0,2026100401,0,,,,,,,,,,,,,,,,,,,,,,,,,,,,,,,,,,,,,,,,,,,,3.369495084705194,6.164474795813629,6.84450963206512,6.856906332696037,3547,5064.25
2026-08-12T19:06:00-04:00,6.89,6.9,6.86,6.9,0,0,0,0,0,2026100401,0,,,,,,,,,,,,,,,,,,,,,,,,,,,,,,,,,,,,,,,,,,,,3.369495084705194,6.164492597385738,6.849794429011299,6.86552506615683,1318,4447.15
2026-08-12T19:07:00-04:00,6.9,6.9,6.823,6.9,0,0,0,0,0,2026100401,0,,,,,,,,,,,,,,,,,,,,,,,,,,,,,,,,,,,,,,,,,,,,3.369495084705194,6.164531081007758,6.854575911962604,6.872420052925464,2899,3964.95
2026-08-12T19:08:00-04:00,6.86,6.8716,6.852,6.852,0,0,0,0,0,2026100401,0,,,,,,,,,,,,,,,,,,,,,,,,,,,,,,,,,,,,,,,,,,,,3.369495084705194,6.164545980115152,6.854330587013784,6.868336042340371,1148,3558.25
2026-08-12T19:09:00-04:00,6.86,6.86,6.8,6.8,0,0,0,0,0,2026100401,0,,,,,,,,,,,,,,,,,,,,,,,,,,,,,,,,,,,,,,,,,,,,3.369495084705194,6.164554413124166,6.849156245393424,6.854668833872297,688,3301.4
2026-08-12T19:10:00-04:00,6.9,6.9,6.7978,6.9,0,0,0,0,0,2026100401,0,,,,,,,,,,,,,,,,,,,,,,,,,,,,,,,,,,,,,,,,,,,,3.369495084705194,6.164562676167627,6.853998507736907,6.863735067097838,630,3194.55
2026-08-12T19:11:00-04:00,6.9,6.9303,6.79,6.93,0,0,0,0,0,2026100401,0,,,,,,,,,,,,,,,,,,,,,,,,,,,,,,,,,,,,,,,,,,,,3.369495084705194,6.164635462866184,6.861236745095297,6.87698805367827,5415,3373.7
2026-08-12T19:12:00-04:00,6.93,6.9498,6.83,6.92,0,0,0,0,0,2026100401,0,,,,,,,,,,,,,,,,,,,,,,,,,,,,,,,,,,,,,,,,,,,,3.369495084705194,6.164659756266804,6.866833245562412,6.885590442942616,1767,3190.55
2026-08-12T19:13:00-04:00,6.8662,6.8662,6.8662,6.8662,0,0,0,0,0,2026100401,0,,,,,,,,,,,,,,,,,,,,,,,,,,,,,,,,,,,,,,,,,,,,3.369495084705194,6.16466106798406,6.8667729364612295,6.881712354354092,100,3004.9
2026-08-12T19:14:00-04:00,6.8698,6.8698,6.84,6.84,0,0,0,0,0,2026100401,0,,,,,,,,,,,,,,,,,,,,,,,,,,,,,,,,,,,,,,,,,,,,3.369495084705194,6.164667743491592,6.864223132988731,6.8733698834832735,521,2838.5
2026-08-12T19:15:00-04:00,6.88,6.95,6.8419,6.88,0,0,0,0,0,2026100401,0,,,,,,,,,,,,,,,,,,,,,,,,,,,,,,,,,,,,,,,,,,,,3.369495084705194,6.1647358772589556,6.865725691751709,6.874695906786619,5020,2937.65
2026-08-12T19:16:00-04:00,6.95,6.95,6.95,6.95,0,0,0,0,0,2026100401,0,,,,,,,,,,,,,,,,,,,,,,,,,,,,,,,,,,,,,,,,,,,,3.369495084705194,6.1647477100420485,6.873751816346784,6.8897567254292955,806,2949.4
2026-08-12T19:17:00-04:00,6.8993,6.9,6.85,6.9,0,0,0,0,0,2026100401,0,,,,,,,,,,,,,,,,,,,,,,,,,,,,,,,,,,,,,,,,,,,,3.369495084705194,6.164764623411593,6.8762516433613765,6.8918053803434365,1259,2936.55
2026-08-12T19:18:00-04:00,6.9,6.9,6.8948,6.9,0,0,0,0,0,2026100401,0,,,,,,,,,,,,,,,,,,,,,,,,,,,,,,,,,,,,,,,,,,,,3.369495084705194,6.164772165392624,6.878513391612674,6.893444304274749,550,2749.5
2026-08-12T19:19:00-04:00,6.88,7.09,6.88,7.09,0,0,1,0,0,2026100401,1,6.9,6.965,7.05,6.9,23.09026548672566,5.219064577457197,3.3298669891172916,11.282982791587,1.2856655340033831,3.0,1.0,30.0,86.66666666666667,1.2704278557937094,100.0,0.0,100.0,2.961918194640338,-0.5641748942172065,1.997650619336012,2.753623188405796,39.285714285714285,2.773657000892893,16923.0,1.0,1.884057971014497,100.0,1.849217638691325,0.0,0.0,2.0,32.0,0.0,17.881818181818183,11.413043478260654,5.0,7.0,0.0,0.0,0.0,,,,3.369495084705194,6.164929381763196,6.898654973363848,6.932755443419799,9835,3063.3
2026-08-12T19:20:00-04:00,7.09,7.29,7.06,7.25,0,0,0,0,0,2026100401,0,,,,,,,,,,,,,,,,,,,,,,,,,,,,,,,,,,,,,,,,,,,,3.369495084705194,6.16545131083097,6.932116404472053,6.9962043547358395,26991,3712.2
2026-08-12T19:21:00-04:00,7.2884,7.2884,7.0501,7.129,0,0,0,0,0,2026100401,0,,,,,,,,,,,,,,,,,,,,,,,,,,,,,,,,,,,,,,,,,,,,3.369495084705194,6.165631934156967,6.950867223093762,7.022763483788672,9764,4164.7
2026-08-12T19:22:00-04:00,7.104,7.1163,7.0093,7.01,0,0,0,0,0,2026100401,0,,,,,,,,,,,,,,,,,,,,,,,,,,,,,,,,,,,,,,,,,,,,3.369495084705194,6.165800841759399,6.9564989161324515,7.020210787030937,10283,4668.85
2026-08-12T19:23:00-04:00,7.01,7.01,6.86,6.94,0,0,0,0,0,2026100401,0,,,,,,,,,,,,,,,,,,,,,,,,,,,,,,,,,,,,,,,,,,,,3.369495084705194,6.165924784888587,6.954927590786504,7.00416862962475,8611,4727.05
2026-08-12T19:24:00-04:00,6.9518,7.0,6.89,7.0,0,0,0,0,0,2026100401,0,,,,,,,,,,,,,,,,,,,,,,,,,,,,,,,,,,,,,,,,,,,,3.369495084705194,6.165977623109111,6.959220201187789,7.0033349036998,3549,4735.05
2026-08-12T19:25:00-04:00,6.92,6.94,6.9,6.9,0,0,0,0,0,2026100401,0,,,,,,,,,,,,,,,,,,,,,,,,,,,,,,,,,,,,,,,,,,,,3.369495084705194,6.166002655166504,6.953580182027047,6.98266792295984,1794,4647.4
2026-08-12T19:26:00-04:00,6.9003,6.912,6.89,6.9,0,0,0,0,0,2026100401,0,,,,,,,,,,,,,,,,,,,,,,,,,,,,,,,,,,,,,,,,,,,,3.369495084705194,6.16607709944843,6.948477307548281,6.966134338367873,5428,4852.9
2026-08-12T19:27:00-04:00,6.9,7.09,6.8901,7.08,0,0,0,0,0,2026100401,0,,,,,,,,,,,,,,,,,,,,,,,,,,,,,,,,,,,,,,,,,,,,3.369495084705194,6.1662394043166815,6.9610032782579685,6.988907470694298,10183,5217.1
2026-08-12T19:28:00-04:00,7.06,7.06,7.0,7.03,0,0,0,0,0,2026100401,0,,,,,,,,,,,,,,,,,,,,,,,,,,,,,,,,,,,,,,,,,,,,3.369495084705194,6.166248496917174,6.967574394614353,6.997125976555439,564,5187.9
2026-08-12T19:29:00-04:00,7.01,7.05,7.0,7.0,0,0,0,0,0,2026100401,0,,,,,,,,,,,,,,,,,,,,,,,,,,,,,,,,,,,,,,,,,,,,3.369495084705194,6.166284621426552,6.970662547508224,6.997700781244351,2276,5267.3
2026-08-12T19:30:00-04:00,6.9611,7.0,6.9611,7.0,0,0,0,0,0,2026100401,0,,,,,,,,,,,,,,,,,,,,,,,,,,,,,,,,,,,,,,,,,,,,3.369495084705194,6.166287685052602,6.973456590602678,6.998160624995481,200,5245.8
2026-08-12T19:31:00-04:00,6.99,7.39,6.99,7.342,0,1,0,0,0,2026100401,1,7.1,7.509663636363637,7.09,7.01,55.3191489361702,6.77751344336384,8.28928078515565,33.339473684210525,1.1807183405150428,1.0,1.0,8.0,62.5,2.20246955888495,87.85046728971975,0.6542056074767697,87.99999999999997,5.448106782892938,-0.7082538817760775,5.808021042557885,3.408450704225352,37.5,4.757671035768496,16676.0,29.0,45.7703190555176,44.46698390429787,16.32242225859247,5.611635967086641,69.97518953335502,5.0,208.0,0.0,168.92,8.059100067159191,5.0,10.0,0.0,0.0,0.0,,,,3.369495084705194,6.166964687704741,7.008555962926232,7.066928499996385,33784,6664.25
2026-08-12T19:32:00-04:00,7.38,7.39,7.2,7.3383,0,0,0,0,0,2026100401,0,,,,,,,,,,,,,,,,,,,,,,,,,,,,,,,,,,,,,,,,,,,,3.369495084705194,6.16721294924807,7.039960156933258,7.121202799997108,11653,7158.55
2026-08-12T19:33:00-04:00,7.3201,7.3496,7.29,7.32,0,0,0,0,0,2026100401,0,,,,,,,,,,,,,,,,,,,,,,,,,,,,,,,,,,,,,,,,,,,,3.369495084705194,6.167295310082367,7.06663061817771,7.160962239997686,3832,7345.15
2026-08-12T19:34:00-04:00,7.3,7.45,7.3,7.4081,0,0,0,0,0,2026100401,0,,,,,,,,,,,,,,,,,,,,,,,,,,,,,,,,,,,,,,,,,,,,3.369495084705194,6.167580080546883,7.099151511684594,7.210389791998149,12534,7945.8
2026-08-12T19:35:00-04:00,7.41,7.59,7.4,7.4,0,0,0,0,0,2026100401,0,,,,,,,,,,,,,,,,,,,,,,,,,,,,,,,,,,,,,,,,,,,,3.369495084705194,6.168332668764523,7.127803748667014,7.248311833598519,31174,9253.5
2026-08-12T19:36:00-04:00,7.45,7.53,7.4033,7.4899,0,0,0,0,0,2026100401,0,,,,,,,,,,,,,,,,,,,,,,,,,,,,,,,,,,,,,,,,,,,,3.369495084705194,6.168578855057406,7.162289105936822,7.296629466878815,10119,9719.15
2026-08-12T19:37:00-04:00,7.42,7.496,7.3423,7.41,0,0,0,0,0,2026100401,0,,,,,,,,,,,,,,,,,,,,,,,,,,,,,,,,,,,,,,,,,,,,3.369495084705194,6.168871011115649,7.185880619657125,7.319303573503052,12575,10284.95
2026-08-12T19:38:00-04:00,7.45,7.45,7.26,7.3,0,0,0,0,0,2026100401,0,,,,,,,,,,,,,,,,,,,,,,,,,,,,,,,,,,,,,,,,,,,,3.369495084705194,6.1690481461100966,7.196749132070732,7.315442858802442,8146,10664.75
2026-08-12T19:39:00-04:00,7.3,7.35,7.3,7.3232,0,0,0,0,0,2026100401,0,,,,,,,,,,,,,,,,,,,,,,,,,,,,,,,,,,,,,,,,,,,,3.369495084705194,6.169089299619201,7.20879207187352,7.316994287041953,1913,10268.65
2026-08-12T19:40:00-04:00,7.4384,7.4384,7.3257,7.4,0,0,0,0,0,2026100401,0,,,,,,,,,,,,,,,,,,,,,,,,,,,,,,,,,,,,,,,,,,,,3.369495084705194,6.169102236561753,7.227002350742708,7.333595429633562,570,8947.6
2026-08-12T19:41:00-04:00,7.3873,7.3873,7.24,7.24,0,0,0,0,0,2026100401,0,,,,,,,,,,,,,,,,,,,,,,,,,,,,,,,,,,,,,,,,,,,,3.369495084705194,6.169199595606333,7.2282402221005455,7.31487634370685,4669,8692.85
2026-08-12T19:42:00-04:00,7.22,7.22,6.94,7.02,0,0,0,0,0,2026100401,0,,,,,,,,,,,,,,,,,,,,,,,,,,,,,,,,,,,,,,,,,,,,3.369495084705194,6.169466633666753,7.208407819995732,7.25590107496548,16106,8984.0
2026-08-12T19:43:00-04:00,7.04,7.3,7.04,7.1592,0,0,0,0,0,2026100401,0,,,,,,,,,,,,,,,,,,,,,,,,,,,,,,,,,,,,,,,,,,,,3.369495084705194,6.169558530276455,7.20372136094852,7.236560859972384,4953,8801.1
2026-08-12T19:44:00-04:00,7.14,7.1597,7.11,7.128,0,0,0,0,0,2026100401,0,,,,,,,,,,,,,,,,,,,,,,,,,,,,,,,,,,,,,,,,,,,,3.369495084705194,6.169575556209189,7.196509802762947,7.2148486879779075,950,8671.15
2026-08-12T19:45:00-04:00,7.15,7.1566,7.08,7.08,0,0,0,0,0,2026100401,0,,,,,,,,,,,,,,,,,,,,,,,,,,,,,,,,,,,,,,,,,,,,3.369495084705194,6.169628401301864,7.1854136310712375,7.187878950382326,3034,8733.15
2026-08-12T19:46:00-04:00,7.02,7.0795,7.02,7.0795,0,0,0,0,0,2026100401,0,,,,,,,,,,,,,,,,,,,,,,,,,,,,,,,,,,,,,,,,,,,,3.369495084705194,6.169635357747648,7.1753266185882625,7.166203160305861,420,8482.75
2026-08-12T19:47:00-04:00,7.0683,7.07,7.03,7.047,0,0,0,0,0,2026100401,0,,,,,,,,,,,,,,,,,,,,,,,,,,,,,,,,,,,,,,,,,,,,3.369495084705194,6.1696839735072935,7.163105035865571,7.142362528244689,2971,8122.15
2026-08-12T19:48:00-04:00,7.1,7.2,7.1,7.13,0,0,0,0,0,2026100401,0,,,,,,,,,,,,,,,,,,,,,,,,,,,,,,,,,,,,,,,,,,,,3.369495084705194,6.169734592305559,7.159952175306945,7.139890022595751,2794,8233.65
2026-08-12T19:49:00-04:00,7.14,7.14,7.1,7.13,0,0,0,0,0,2026100401,0,,,,,,,,,,,,,,,,,,,,,,,,,,,,,,,,,,,,,,,,,,,,3.369495084705194,6.16976477368484,7.157099587182474,7.137912018076601,1701,8204.9
2026-08-12T19:50:00-04:00,7.1,7.3,7.1,7.25,0,0,0,0,0,2026100401,0,,,,,,,,,,,,,,,,,,,,,,,,,,,,,,,,,,,,,,,,,,,,3.369495084705194,6.169804665930852,7.165947245546048,7.160329614461281,2048,8297.3
2026-08-12T19:51:00-04:00,7.17,7.26,7.17,7.2238,0,0,0,0,0,2026100401,0,,,,,,,,,,,,,,,,,,,,,,,,,,,,,,,,,,,,,,,,,,,,3.369495084705194,6.1698864876737,7.171457031684519,7.173023691569025,4196,6817.9
2026-08-12T19:52:00-04:00,7.2,7.3,7.12,7.25,0,0,0,0,0,2026100401,0,,,,,,,,,,,,,,,,,,,,,,,,,,,,,,,,,,,,,,,,,,,,3.369495084705194,6.1700173331475865,7.178937314381232,7.18841895325522,6677,6569.1
2026-08-12T19:53:00-04:00,7.25,7.25,7.15,7.1501,0,0,0,0,0,2026100401,0,,,,,,,,,,,,,,,,,,,,,,,,,,,,,,,,,,,,,,,,,,,,3.369495084705194,6.170068245908779,7.176190903487781,7.180755162604176,2701,6512.55
2026-08-12T19:54:00-04:00,7.2399,7.2399,7.0,7.02,0,0,0,0,0,2026100401,0,,,,,,,,,,,,,,,,,,,,,,,,,,,,,,,,,,,,,,,,,,,,3.369495084705194,6.170249614413838,7.161315579346088,7.14860413008334,10640,6417.85
2026-08-12T19:55:00-04:00,7.08,7.1,7.03,7.1,0,0,0,0,0,2026100401,0,,,,,,,,,,,,,,,,,,,,,,,,,,,,,,,,,,,,,,,,,,,,3.369495084705194,6.170316717891284,7.155476000360746,7.138883304066672,3981,5058.2
2026-08-12T19:56:00-04:00,7.07,7.1,7.07,7.08,0,0,0,0,0,2026100401,0,,,,,,,,,,,,,,,,,,,,,,,,,,,,,,,,,,,,,,,,,,,,3.369495084705194,6.170334867720167,7.148287809850199,7.127106643253338,1069,4605.7
2026-08-12T19:57:00-04:00,7.11,7.12,7.0777,7.12,0,0,0,0,0,2026100401,0,,,,,,,,,,,,,,,,,,,,,,,,,,,,,,,,,,,,,,,,,,,,3.369495084705194,6.170375332865274,7.145593732721609,7.125685314602671,2326,4093.25
2026-08-12T19:58:00-04:00,7.11,7.19,7.11,7.17,0,0,0,0,0,2026100401,0,,,,,,,,,,,,,,,,,,,,,,,,,,,,,,,,,,,,,,,,,,,,3.369495084705194,6.170451456899091,7.147918139129074,7.134548251682137,4151,3893.5
2026-08-12T19:59:00-04:00,7.19,7.35,7.04,7.1,0,0,0,0,0,2026100401,0,,,,,,,,,,,,,,,,,,,,,,,,,,,,,,,,,,,,,,,,,,,,3.798114600447557,6.170791950407762,7.143354506831067,7.127638601345709,18450,4720.35
